1/9/2026, 4:07:40 pm | [2026-09-01T10:37:39.618Z] [LOG] {
  "screen": "WelcomeScreen",
  "event": "SCREEN_OPENED",
  "timestamp": "2026-09-01T10:37:39.618Z"
}
1/9/2026, 4:07:40 pm | [2026-09-01T10:37:39.413Z] [LOG] Running "CashClosingApp"
1/9/2026, 4:07:40 pm | [2026-09-01T10:37:40.399Z] [LOG] {
  "screen": "WelcomeScreen",
  "event": "LOGIN_BUTTON_CLICKED",
  "timestamp": "2026-09-01T10:37:40.399Z"
}
1/9/2026, 4:07:40 pm | [2026-09-01T10:37:40.429Z] [LOG] {
  "screen": "LoginScreen",
  "event": "SCREEN_OPENED",
  "timestamp": "2026-09-01T10:37:40.429Z"
}
1/9/2026, 4:07:43 pm | [2026-09-01T10:37:43.576Z] [LOG] {
  "screen": "LoginScreen",
  "event": "LOGIN_BUTTON_CLICKED",
  "timestamp": "2026-09-01T10:37:43.576Z"
}
1/9/2026, 4:07:43 pm | [2026-09-01T10:37:43.578Z] [LOG] {
  "screen": "LoginScreen",
  "event": "LOADING_STARTED",
  "timestamp": "2026-09-01T10:37:43.577Z"
}
1/9/2026, 4:07:43 pm | [2026-09-01T10:37:43.595Z] [LOG] {
  "screen": "LoginScreen",
  "event": "LOGIN_API_STARTED",
  "deviceId": "50372d90b5c12d07",
  "timestamp": "2026-09-01T10:37:43.595Z"
}
1/9/2026, 4:07:43 pm | [2026-09-01T10:37:43.595Z] [LOG] {
  "empNo": "",
  "deviceId": "50372d90b5c12d07"
}
1/9/2026, 4:07:43 pm | [2026-09-01T10:37:43.594Z] [LOG] {
  "screen": "LoginScreen",
  "event": "DEVICE_ID_FETCHED",
  "deviceId": "50372d90b5c12d07",
  "timestamp": "2026-09-01T10:37:43.594Z"
}
1/9/2026, 4:07:43 pm | [2026-09-01T10:37:43.835Z] [LOG] {
  "screen": "LoginScreen",
  "event": "LOGIN_SUCCESS",
  "user": {
    "empNo": "494",
    "employeeName": "N Naga Siva Krishna",
    "branchCode": "34",
    "branchName": "Vuyyuru",
    "designation": "Branch Manager"
  },
  "timestamp": "2026-09-01T10:37:43.835Z"
}
1/9/2026, 4:07:44 pm | [2026-09-01T10:37:43.849Z] [LOG] {
  "screen": "LoginScreen",
  "event": "USER_DATA_SAVED",
  "timestamp": "2026-09-01T10:37:43.849Z"
}
1/9/2026, 4:07:44 pm | [2026-09-01T10:37:43.850Z] [LOG] {
  "event": "NAVIGATING_TO_USER"
}
1/9/2026, 4:07:44 pm | [2026-09-01T10:37:43.851Z] [LOG] {
  "screen": "LoginScreen",
  "event": "LOADING_COMPLETED",
  "timestamp": "2026-09-01T10:37:43.851Z"
}
1/9/2026, 4:07:44 pm | [2026-09-01T10:37:43.865Z] [LOG] {
  "screen": "UserDashboard",
  "event": "SCREEN_OPENED",
  "empNo": "UNKNOWN",
  "timestamp": "2026-09-01T10:37:43.865Z"
}
1/9/2026, 4:07:44 pm | [2026-09-01T10:37:43.866Z] [LOG] {
  "screen": "UserDashboard",
  "event": "LOAD_EMPLOYEE_STARTED",
  "empNo": "UNKNOWN",
  "timestamp": "2026-09-01T10:37:43.866Z"
}
1/9/2026, 4:07:44 pm | [2026-09-01T10:37:43.869Z] [LOG] {
  "screen": "UserDashboard",
  "event": "LOGGED_USER_FETCHED",
  "hasUser": true,
  "empNo": "UNKNOWN",
  "timestamp": "2026-09-01T10:37:43.869Z"
}
1/9/2026, 4:07:44 pm | [2026-09-01T10:37:43.870Z] [LOG] {
  "screen": "UserDashboard",
  "event": "EMPLOYEE_API_STARTED",
  "empNo": "494",
  "timestamp": "2026-09-01T10:37:43.870Z"
}
1/9/2026, 4:07:44 pm | [2026-09-01T10:37:44.019Z] [LOG] {
  "screen": "UserDashboard",
  "event": "EMPLOYEE_DATA_LOADED",
  "empNo": "494",
  "branch": "Vuyyuru",
  "designation": "Branch Manager",
  "timestamp": "2026-09-01T10:37:44.019Z"
}
1/9/2026, 4:07:44 pm | [2026-09-01T10:37:44.210Z] [LOG] {
  "screen": "UserDashboard",
  "event": "LAST_SUBMISSION_LOADED",
  "previousDayAmount": 500000,
  "previousDaySubmittedAt": "2026-08-31 17:59:32",
  "formattedPreviousDayTime": "31/8/2026, 5:59 pm",
  "empNo": "",
  "timestamp": "2026-09-01T10:37:44.210Z"
}
1/9/2026, 4:07:44 pm | [2026-09-01T10:37:44.319Z] [LOG] {
  "screen": "UserDashboard",
  "event": "LOADING_COMPLETED",
  "empNo": "UNKNOWN",
  "timestamp": "2026-09-01T10:37:44.319Z"
}
1/9/2026, 4:07:49 pm | [2026-09-01T10:37:49.389Z] [LOG] {
  "screen": "UserDashboard",
  "event": "SAVE_BUTTON_CLICKED",
  "empNo": "494",
  "amount": "640000",
  "isEditing": false,
  "timestamp": "2026-09-01T10:37:49.389Z"
}
1/9/2026, 4:07:50 pm | [2026-09-01T10:37:50.080Z] [LOG] {
  "screen": "UserDashboard",
  "event": "SAVE_CASH_API_STARTED",
  "empNo": "494",
  "amount": "640000",
  "timestamp": "2026-09-01T10:37:50.080Z"
}
1/9/2026, 4:07:50 pm | [2026-09-01T10:37:50.238Z] [LOG] {
  "screen": "UserDashboard",
  "event": "SAVE_CASH_SUCCESS",
  "empNo": "494",
  "savedAmount": "640000",
  "savedAt": "2026-09-01T10:37:50.228Z",
  "formattedSaveTime": "4:07 pm",
  "isEditing": false,
  "timestamp": "2026-09-01T10:37:50.237Z"
}
1/9/2026, 5:28:02 pm | [2026-09-01T11:58:00.654Z] [LOG] Running "CashClosingApp"
1/9/2026, 5:28:02 pm | [2026-09-01T11:58:00.763Z] [LOG] {
  "screen": "WelcomeScreen",
  "event": "SCREEN_OPENED",
  "timestamp": "2026-09-01T11:58:00.763Z"
}
1/9/2026, 5:28:02 pm | [2026-09-01T11:58:01.735Z] [LOG] {
  "screen": "LoginScreen",
  "event": "SCREEN_OPENED",
  "timestamp": "2026-09-01T11:58:01.735Z"
}
1/9/2026, 5:28:02 pm | [2026-09-01T11:58:01.700Z] [LOG] {
  "screen": "WelcomeScreen",
  "event": "LOGIN_BUTTON_CLICKED",
  "timestamp": "2026-09-01T11:58:01.700Z"
}
1/9/2026, 5:28:06 pm | [2026-09-01T11:58:05.735Z] [LOG] {
  "screen": "LoginScreen",
  "event": "LOADING_STARTED",
  "timestamp": "2026-09-01T11:58:05.734Z"
}
1/9/2026, 5:28:06 pm | [2026-09-01T11:58:05.734Z] [LOG] {
  "screen": "LoginScreen",
  "event": "LOGIN_BUTTON_CLICKED",
  "timestamp": "2026-09-01T11:58:05.734Z"
}
1/9/2026, 5:28:06 pm | [2026-09-01T11:58:05.848Z] [LOG] {
  "screen": "LoginScreen",
  "event": "LOGIN_SUCCESS",
  "user": {
    "empNo": "928",
    "employeeName": "P Satyanarayana",
    "branchCode": "16",
    "branchName": "Palakol",
    "designation": "Branch Manager"
  },
  "timestamp": "2026-09-01T11:58:05.848Z"
}
1/9/2026, 5:28:06 pm | [2026-09-01T11:58:05.858Z] [LOG] {
  "screen": "LoginScreen",
  "event": "USER_DATA_SAVED",
  "timestamp": "2026-09-01T11:58:05.858Z"
}
1/9/2026, 5:28:06 pm | [2026-09-01T11:58:05.739Z] [LOG] {
  "screen": "LoginScreen",
  "event": "LOGIN_API_STARTED",
  "deviceId": "5204688323f27841",
  "timestamp": "2026-09-01T11:58:05.739Z"
}
1/9/2026, 5:28:06 pm | [2026-09-01T11:58:05.859Z] [LOG] {
  "event": "NAVIGATING_TO_USER"
}
1/9/2026, 5:28:06 pm | [2026-09-01T11:58:05.739Z] [LOG] {
  "screen": "LoginScreen",
  "event": "DEVICE_ID_FETCHED",
  "deviceId": "5204688323f27841",
  "timestamp": "2026-09-01T11:58:05.739Z"
}
1/9/2026, 5:28:06 pm | [2026-09-01T11:58:05.739Z] [LOG] {
  "empNo": "",
  "deviceId": "5204688323f27841"
}
1/9/2026, 5:28:06 pm | [2026-09-01T11:58:05.860Z] [LOG] {
  "screen": "LoginScreen",
  "event": "LOADING_COMPLETED",
  "timestamp": "2026-09-01T11:58:05.860Z"
}
1/9/2026, 5:28:06 pm | [2026-09-01T11:58:05.866Z] [LOG] {
  "screen": "UserDashboard",
  "event": "SCREEN_OPENED",
  "empNo": "UNKNOWN",
  "timestamp": "2026-09-01T11:58:05.866Z"
}
1/9/2026, 5:28:06 pm | [2026-09-01T11:58:05.868Z] [LOG] {
  "screen": "UserDashboard",
  "event": "LOGGED_USER_FETCHED",
  "hasUser": true,
  "empNo": "UNKNOWN",
  "timestamp": "2026-09-01T11:58:05.868Z"
}
1/9/2026, 5:28:06 pm | [2026-09-01T11:58:05.869Z] [LOG] {
  "screen": "UserDashboard",
  "event": "EMPLOYEE_API_STARTED",
  "empNo": "928",
  "timestamp": "2026-09-01T11:58:05.869Z"
}
1/9/2026, 5:28:06 pm | [2026-09-01T11:58:05.867Z] [LOG] {
  "screen": "UserDashboard",
  "event": "LOAD_EMPLOYEE_STARTED",
  "empNo": "UNKNOWN",
  "timestamp": "2026-09-01T11:58:05.867Z"
}
1/9/2026, 5:28:07 pm | [2026-09-01T11:58:05.992Z] [LOG] {
  "screen": "UserDashboard",
  "event": "EMPLOYEE_DATA_LOADED",
  "empNo": "928",
  "branch": "Palakol",
  "designation": "Branch Manager",
  "timestamp": "2026-09-01T11:58:05.992Z"
}
1/9/2026, 5:28:07 pm | [2026-09-01T11:58:06.096Z] [LOG] {
  "screen": "UserDashboard",
  "event": "LAST_SUBMISSION_LOADED",
  "previousDayAmount": 930420,
  "previousDaySubmittedAt": "2026-08-31 17:37:01",
  "formattedPreviousDayTime": "31/8/2026, 5:37 pm",
  "empNo": "",
  "timestamp": "2026-09-01T11:58:06.096Z"
}
1/9/2026, 5:28:07 pm | [2026-09-01T11:58:06.184Z] [LOG] {
  "screen": "UserDashboard",
  "event": "LOADING_COMPLETED",
  "empNo": "UNKNOWN",
  "timestamp": "2026-09-01T11:58:06.184Z"
}
1/9/2026, 5:28:34 pm | [2026-09-01T11:58:33.230Z] [LOG] {
  "screen": "UserDashboard",
  "event": "SAVE_BUTTON_CLICKED",
  "empNo": "928",
  "amount": "789301",
  "isEditing": false,
  "timestamp": "2026-09-01T11:58:33.230Z"
}
1/9/2026, 5:28:35 pm | [2026-09-01T11:58:34.182Z] [LOG] {
  "screen": "UserDashboard",
  "event": "SAVE_CASH_API_STARTED",
  "empNo": "928",
  "amount": "789301",
  "timestamp": "2026-09-01T11:58:34.182Z"
}
1/9/2026, 5:28:35 pm | [2026-09-01T11:58:34.304Z] [LOG] {
  "screen": "UserDashboard",
  "event": "SAVE_CASH_SUCCESS",
  "empNo": "928",
  "savedAmount": "789301",
  "savedAt": "2026-09-01T11:58:34.300Z",
  "formattedSaveTime": "5:28 pm",
  "isEditing": false,
  "timestamp": "2026-09-01T11:58:34.304Z"
}
1/9/2026, 5:30:29 pm | [2026-09-01T12:00:29.067Z] [LOG] {
  "screen": "WelcomeScreen",
  "event": "SCREEN_OPENED",
  "timestamp": "2026-09-01T12:00:29.067Z"
}
1/9/2026, 5:30:29 pm | [2026-09-01T12:00:28.940Z] [LOG] Running "CashClosingApp"
1/9/2026, 5:30:34 pm | [2026-09-01T12:00:34.168Z] [LOG] {
  "screen": "WelcomeScreen",
  "event": "LOGIN_BUTTON_CLICKED",
  "timestamp": "2026-09-01T12:00:34.168Z"
}
1/9/2026, 5:30:34 pm | [2026-09-01T12:00:34.223Z] [LOG] {
  "screen": "LoginScreen",
  "event": "SCREEN_OPENED",
  "timestamp": "2026-09-01T12:00:34.223Z"
}
1/9/2026, 5:30:41 pm | [2026-09-01T12:00:40.894Z] [LOG] {
  "screen": "LoginScreen",
  "event": "LOGIN_API_STARTED",
  "deviceId": "17bb83ca3721b672",
  "timestamp": "2026-09-01T12:00:40.894Z"
}
1/9/2026, 5:30:41 pm | [2026-09-01T12:00:40.893Z] [LOG] {
  "empNo": "",
  "deviceId": "17bb83ca3721b672"
}
1/9/2026, 5:30:41 pm | [2026-09-01T12:00:40.876Z] [LOG] {
  "screen": "LoginScreen",
  "event": "LOADING_STARTED",
  "timestamp": "2026-09-01T12:00:40.876Z"
}
1/9/2026, 5:30:41 pm | [2026-09-01T12:00:40.892Z] [LOG] {
  "screen": "LoginScreen",
  "event": "DEVICE_ID_FETCHED",
  "deviceId": "17bb83ca3721b672",
  "timestamp": "2026-09-01T12:00:40.892Z"
}
1/9/2026, 5:30:41 pm | [2026-09-01T12:00:40.875Z] [LOG] {
  "screen": "LoginScreen",
  "event": "LOGIN_BUTTON_CLICKED",
  "timestamp": "2026-09-01T12:00:40.875Z"
}
1/9/2026, 5:30:41 pm | [2026-09-01T12:00:41.309Z] [LOG] {
  "screen": "LoginScreen",
  "event": "LOGIN_SUCCESS",
  "user": {
    "empNo": "784",
    "employeeName": "KVVN Dinesh",
    "branchCode": "19",
    "branchName": "Devarapalli",
    "designation": "Branch Manager"
  },
  "timestamp": "2026-09-01T12:00:41.309Z"
}
1/9/2026, 5:30:41 pm | [2026-09-01T12:00:41.333Z] [LOG] {
  "event": "NAVIGATING_TO_USER"
}
1/9/2026, 5:30:41 pm | [2026-09-01T12:00:41.334Z] [LOG] {
  "screen": "LoginScreen",
  "event": "LOADING_COMPLETED",
  "timestamp": "2026-09-01T12:00:41.334Z"
}
1/9/2026, 5:30:41 pm | [2026-09-01T12:00:41.331Z] [LOG] {
  "screen": "LoginScreen",
  "event": "USER_DATA_SAVED",
  "timestamp": "2026-09-01T12:00:41.331Z"
}
1/9/2026, 5:30:41 pm | [2026-09-01T12:00:41.354Z] [LOG] {
  "screen": "UserDashboard",
  "event": "SCREEN_OPENED",
  "empNo": "UNKNOWN",
  "timestamp": "2026-09-01T12:00:41.354Z"
}
1/9/2026, 5:30:41 pm | [2026-09-01T12:00:41.389Z] [LOG] {
  "screen": "UserDashboard",
  "event": "LOGGED_USER_FETCHED",
  "hasUser": true,
  "empNo": "UNKNOWN",
  "timestamp": "2026-09-01T12:00:41.389Z"
}
1/9/2026, 5:30:41 pm | [2026-09-01T12:00:41.393Z] [LOG] {
  "screen": "UserDashboard",
  "event": "EMPLOYEE_API_STARTED",
  "empNo": "784",
  "timestamp": "2026-09-01T12:00:41.393Z"
}
1/9/2026, 5:30:41 pm | [2026-09-01T12:00:41.356Z] [LOG] {
  "screen": "UserDashboard",
  "event": "LOAD_EMPLOYEE_STARTED",
  "empNo": "UNKNOWN",
  "timestamp": "2026-09-01T12:00:41.356Z"
}
1/9/2026, 5:30:41 pm | [2026-09-01T12:00:41.644Z] [LOG] {
  "screen": "UserDashboard",
  "event": "EMPLOYEE_DATA_LOADED",
  "empNo": "784",
  "branch": "Devarapalli",
  "designation": "Branch Manager",
  "timestamp": "2026-09-01T12:00:41.644Z"
}
1/9/2026, 5:30:41 pm | [2026-09-01T12:00:41.799Z] [LOG] {
  "screen": "UserDashboard",
  "event": "LAST_SUBMISSION_LOADED",
  "previousDayAmount": 1100000,
  "previousDaySubmittedAt": "2026-08-31 17:03:24",
  "formattedPreviousDayTime": "31/8/2026, 5:03 pm",
  "empNo": "",
  "timestamp": "2026-09-01T12:00:41.799Z"
}
1/9/2026, 5:30:42 pm | [2026-09-01T12:00:42.029Z] [LOG] {
  "screen": "UserDashboard",
  "event": "LOADING_COMPLETED",
  "empNo": "UNKNOWN",
  "timestamp": "2026-09-01T12:00:42.029Z"
}
1/9/2026, 5:31:09 pm | [2026-09-01T12:01:06.288Z] [LOG] {
  "screen": "LoginScreen",
  "event": "SCREEN_OPENED",
  "timestamp": "2026-09-01T12:01:06.288Z"
}
1/9/2026, 5:31:09 pm | [2026-09-01T12:01:05.453Z] [LOG] Running "CashClosingApp"
1/9/2026, 5:31:09 pm | [2026-09-01T12:01:06.262Z] [LOG] {
  "screen": "WelcomeScreen",
  "event": "LOGIN_BUTTON_CLICKED",
  "timestamp": "2026-09-01T12:01:06.262Z"
}
1/9/2026, 5:31:09 pm | [2026-09-01T12:01:05.556Z] [LOG] {
  "screen": "WelcomeScreen",
  "event": "SCREEN_OPENED",
  "timestamp": "2026-09-01T12:01:05.556Z"
}
1/9/2026, 5:31:11 pm | [2026-09-01T12:01:10.924Z] [LOG] {
  "screen": "LoginScreen",
  "event": "LOGIN_BUTTON_CLICKED",
  "timestamp": "2026-09-01T12:01:10.924Z"
}
1/9/2026, 5:31:11 pm | [2026-09-01T12:01:10.925Z] [LOG] {
  "screen": "LoginScreen",
  "event": "LOADING_STARTED",
  "timestamp": "2026-09-01T12:01:10.925Z"
}
1/9/2026, 5:31:11 pm | [2026-09-01T12:01:10.939Z] [LOG] {
  "empNo": "",
  "deviceId": "50372d90b5c12d07"
}
1/9/2026, 5:31:11 pm | [2026-09-01T12:01:10.938Z] [LOG] {
  "screen": "LoginScreen",
  "event": "DEVICE_ID_FETCHED",
  "deviceId": "50372d90b5c12d07",
  "timestamp": "2026-09-01T12:01:10.938Z"
}
1/9/2026, 5:31:11 pm | [2026-09-01T12:01:11.118Z] [LOG] {
  "screen": "LoginScreen",
  "event": "LOGIN_SUCCESS",
  "user": {
    "empNo": "494",
    "employeeName": "N Naga Siva Krishna",
    "branchCode": "34",
    "branchName": "Vuyyuru",
    "designation": "Branch Manager"
  },
  "timestamp": "2026-09-01T12:01:11.118Z"
}
1/9/2026, 5:31:11 pm | [2026-09-01T12:01:11.137Z] [LOG] {
  "screen": "LoginScreen",
  "event": "USER_DATA_SAVED",
  "timestamp": "2026-09-01T12:01:11.137Z"
}
1/9/2026, 5:31:11 pm | [2026-09-01T12:01:11.140Z] [LOG] {
  "screen": "LoginScreen",
  "event": "LOADING_COMPLETED",
  "timestamp": "2026-09-01T12:01:11.140Z"
}
1/9/2026, 5:31:11 pm | [2026-09-01T12:01:11.139Z] [LOG] {
  "event": "NAVIGATING_TO_USER"
}
1/9/2026, 5:31:11 pm | [2026-09-01T12:01:10.941Z] [LOG] {
  "screen": "LoginScreen",
  "event": "LOGIN_API_STARTED",
  "deviceId": "50372d90b5c12d07",
  "timestamp": "2026-09-01T12:01:10.941Z"
}
1/9/2026, 5:31:11 pm | [2026-09-01T12:01:11.150Z] [LOG] {
  "screen": "UserDashboard",
  "event": "SCREEN_OPENED",
  "empNo": "UNKNOWN",
  "timestamp": "2026-09-01T12:01:11.150Z"
}
1/9/2026, 5:31:11 pm | [2026-09-01T12:01:11.151Z] [LOG] {
  "screen": "UserDashboard",
  "event": "LOAD_EMPLOYEE_STARTED",
  "empNo": "UNKNOWN",
  "timestamp": "2026-09-01T12:01:11.151Z"
}
1/9/2026, 5:31:11 pm | [2026-09-01T12:01:11.153Z] [LOG] {
  "screen": "UserDashboard",
  "event": "LOGGED_USER_FETCHED",
  "hasUser": true,
  "empNo": "UNKNOWN",
  "timestamp": "2026-09-01T12:01:11.153Z"
}
1/9/2026, 5:31:11 pm | [2026-09-01T12:01:11.154Z] [LOG] {
  "screen": "UserDashboard",
  "event": "EMPLOYEE_API_STARTED",
  "empNo": "494",
  "timestamp": "2026-09-01T12:01:11.154Z"
}
1/9/2026, 5:31:11 pm | [2026-09-01T12:01:11.341Z] [LOG] {
  "screen": "UserDashboard",
  "event": "EMPLOYEE_DATA_LOADED",
  "empNo": "494",
  "branch": "Vuyyuru",
  "designation": "Branch Manager",
  "timestamp": "2026-09-01T12:01:11.341Z"
}
1/9/2026, 5:31:11 pm | [2026-09-01T12:01:11.525Z] [LOG] {
  "screen": "UserDashboard",
  "event": "LAST_SUBMISSION_LOADED",
  "previousDayAmount": 500000,
  "previousDaySubmittedAt": "2026-08-31 17:59:32",
  "formattedPreviousDayTime": "31/8/2026, 5:59 pm",
  "empNo": "",
  "timestamp": "2026-09-01T12:01:11.525Z"
}
1/9/2026, 5:31:11 pm | [2026-09-01T12:01:11.635Z] [LOG] {
  "screen": "UserDashboard",
  "event": "LOADING_COMPLETED",
  "empNo": "UNKNOWN",
  "timestamp": "2026-09-01T12:01:11.635Z"
}
1/9/2026, 5:31:11 pm | [2026-09-01T12:01:11.634Z] [LOG] {
  "screen": "UserDashboard",
  "event": "TODAY_CASH_LOADED",
  "todayAmount": 640000,
  "todayModifiedAt": "2026-09-01 16:07:50",
  "formattedTodayTime": "4:07 pm",
  "empNo": "",
  "timestamp": "2026-09-01T12:01:11.634Z"
}
1/9/2026, 5:31:13 pm | [2026-09-01T12:01:13.820Z] [LOG] {
  "screen": "UserDashboard",
  "event": "SAVE_BUTTON_CLICKED",
  "empNo": "494",
  "amount": "640000",
  "isEditing": true,
  "timestamp": "2026-09-01T12:01:13.820Z"
}
1/9/2026, 5:31:15 pm | [2026-09-01T12:01:14.996Z] [LOG] {
  "screen": "UserDashboard",
  "event": "SAVE_CASH_API_STARTED",
  "empNo": "494",
  "amount": "640000",
  "timestamp": "2026-09-01T12:01:14.995Z"
}
1/9/2026, 5:31:15 pm | [2026-09-01T12:01:15.130Z] [LOG] {
  "screen": "UserDashboard",
  "event": "SAVE_CASH_SUCCESS",
  "empNo": "494",
  "savedAmount": "640000",
  "savedAt": "2026-09-01T12:01:15.126Z",
  "formattedSaveTime": "5:31 pm",
  "isEditing": true,
  "timestamp": "2026-09-01T12:01:15.130Z"
}
1/9/2026, 5:33:06 pm | [2026-09-01T12:03:06.179Z] [LOG] {
  "screen": "UserDashboard",
  "event": "SAVE_BUTTON_CLICKED",
  "empNo": "784",
  "amount": "600000",
  "isEditing": false,
  "timestamp": "2026-09-01T12:03:06.178Z"
}
1/9/2026, 5:33:07 pm | [2026-09-01T12:03:07.341Z] [LOG] {
  "screen": "UserDashboard",
  "event": "SAVE_CASH_API_STARTED",
  "empNo": "784",
  "amount": "600000",
  "timestamp": "2026-09-01T12:03:07.341Z"
}
1/9/2026, 5:33:07 pm | [2026-09-01T12:03:07.796Z] [LOG] {
  "screen": "UserDashboard",
  "event": "SAVE_CASH_SUCCESS",
  "empNo": "784",
  "savedAmount": "600000",
  "savedAt": "2026-09-01T12:03:07.788Z",
  "formattedSaveTime": "5:33 pm",
  "isEditing": false,
  "timestamp": "2026-09-01T12:03:07.795Z"
}
1/9/2026, 5:34:18 pm | [2026-09-01T12:04:18.280Z] [LOG] Running "CashClosingApp"
1/9/2026, 5:34:18 pm | [2026-09-01T12:04:18.396Z] [LOG] {
  "screen": "WelcomeScreen",
  "event": "SCREEN_OPENED",
  "timestamp": "2026-09-01T12:04:18.395Z"
}
1/9/2026, 5:34:19 pm | [2026-09-01T12:04:19.722Z] [LOG] {
  "screen": "WelcomeScreen",
  "event": "LOGIN_BUTTON_CLICKED",
  "timestamp": "2026-09-01T12:04:19.722Z"
}
1/9/2026, 5:34:19 pm | [2026-09-01T12:04:19.763Z] [LOG] {
  "screen": "LoginScreen",
  "event": "SCREEN_OPENED",
  "timestamp": "2026-09-01T12:04:19.763Z"
}
1/9/2026, 5:35:53 pm | [2026-09-01T12:05:52.472Z] [LOG] Running "CashClosingApp"
1/9/2026, 5:35:53 pm | [2026-09-01T12:05:52.805Z] [LOG] {
  "screen": "WelcomeScreen",
  "event": "SCREEN_OPENED",
  "timestamp": "2026-09-01T12:05:52.805Z"
}
1/9/2026, 5:35:54 pm | [2026-09-01T12:05:53.655Z] [LOG] {
  "screen": "WelcomeScreen",
  "event": "LOGIN_BUTTON_CLICKED",
  "timestamp": "2026-09-01T12:05:53.655Z"
}
1/9/2026, 5:35:54 pm | [2026-09-01T12:05:53.691Z] [LOG] {
  "screen": "LoginScreen",
  "event": "SCREEN_OPENED",
  "timestamp": "2026-09-01T12:05:53.691Z"
}
1/9/2026, 5:35:57 pm | [2026-09-01T12:05:56.889Z] [LOG] {
  "screen": "RegisterScreen",
  "event": "SCREEN_OPENED",
  "timestamp": "2026-09-01T12:05:56.889Z"
}
1/9/2026, 5:36:00 pm | [2026-09-01T12:06:00.536Z] [LOG] {
  "screen": "LoginScreen",
  "event": "LOGIN_BUTTON_CLICKED",
  "timestamp": "2026-09-01T12:06:00.536Z"
}
1/9/2026, 5:36:01 pm | [2026-09-01T12:06:00.649Z] [LOG] {
  "screen": "LoginScreen",
  "event": "LOGIN_SUCCESS",
  "user": {
    "empNo": "741",
    "employeeName": "Y Mutyala Naidu",
    "branchCode": "46",
    "branchName": "Undavalli",
    "designation": "Branch Manager"
  },
  "timestamp": "2026-09-01T12:06:00.649Z"
}
1/9/2026, 5:36:01 pm | [2026-09-01T12:06:00.657Z] [LOG] {
  "screen": "LoginScreen",
  "event": "USER_DATA_SAVED",
  "timestamp": "2026-09-01T12:06:00.657Z"
}
1/9/2026, 5:36:01 pm | [2026-09-01T12:06:00.560Z] [LOG] {
  "empNo": "",
  "deviceId": "521554679bb8a1a3"
}
1/9/2026, 5:36:01 pm | [2026-09-01T12:06:00.558Z] [LOG] {
  "screen": "LoginScreen",
  "event": "DEVICE_ID_FETCHED",
  "deviceId": "521554679bb8a1a3",
  "timestamp": "2026-09-01T12:06:00.558Z"
}
1/9/2026, 5:36:01 pm | [2026-09-01T12:06:00.561Z] [LOG] {
  "screen": "LoginScreen",
  "event": "LOGIN_API_STARTED",
  "deviceId": "521554679bb8a1a3",
  "timestamp": "2026-09-01T12:06:00.561Z"
}
1/9/2026, 5:36:01 pm | [2026-09-01T12:06:00.538Z] [LOG] {
  "screen": "LoginScreen",
  "event": "LOADING_STARTED",
  "timestamp": "2026-09-01T12:06:00.538Z"
}
1/9/2026, 5:36:01 pm | [2026-09-01T12:06:00.658Z] [LOG] {
  "event": "NAVIGATING_TO_USER"
}
1/9/2026, 5:36:01 pm | [2026-09-01T12:06:00.659Z] [LOG] {
  "screen": "LoginScreen",
  "event": "LOADING_COMPLETED",
  "timestamp": "2026-09-01T12:06:00.659Z"
}
1/9/2026, 5:36:01 pm | [2026-09-01T12:06:00.666Z] [LOG] {
  "screen": "UserDashboard",
  "event": "SCREEN_OPENED",
  "empNo": "UNKNOWN",
  "timestamp": "2026-09-01T12:06:00.666Z"
}
1/9/2026, 5:36:01 pm | [2026-09-01T12:06:00.667Z] [LOG] {
  "screen": "UserDashboard",
  "event": "LOAD_EMPLOYEE_STARTED",
  "empNo": "UNKNOWN",
  "timestamp": "2026-09-01T12:06:00.667Z"
}
1/9/2026, 5:36:01 pm | [2026-09-01T12:06:00.668Z] [LOG] {
  "screen": "UserDashboard",
  "event": "LOGGED_USER_FETCHED",
  "hasUser": true,
  "empNo": "UNKNOWN",
  "timestamp": "2026-09-01T12:06:00.668Z"
}
1/9/2026, 5:36:01 pm | [2026-09-01T12:06:00.669Z] [LOG] {
  "screen": "UserDashboard",
  "event": "EMPLOYEE_API_STARTED",
  "empNo": "741",
  "timestamp": "2026-09-01T12:06:00.669Z"
}
1/9/2026, 5:36:01 pm | [2026-09-01T12:06:00.875Z] [LOG] {
  "screen": "UserDashboard",
  "event": "EMPLOYEE_DATA_LOADED",
  "empNo": "741",
  "branch": "Undavalli",
  "designation": "Branch Manager",
  "timestamp": "2026-09-01T12:06:00.875Z"
}
1/9/2026, 5:36:01 pm | [2026-09-01T12:06:00.986Z] [LOG] {
  "screen": "UserDashboard",
  "event": "LAST_SUBMISSION_LOADED",
  "previousDayAmount": 1212000,
  "previousDaySubmittedAt": "2026-08-31 18:03:06",
  "formattedPreviousDayTime": "31/8/2026, 6:03 pm",
  "empNo": "",
  "timestamp": "2026-09-01T12:06:00.986Z"
}
1/9/2026, 5:36:01 pm | [2026-09-01T12:06:01.032Z] [LOG] {
  "screen": "UserDashboard",
  "event": "LOADING_COMPLETED",
  "empNo": "UNKNOWN",
  "timestamp": "2026-09-01T12:06:01.032Z"
}
1/9/2026, 5:36:16 pm | [2026-09-01T12:06:15.590Z] [LOG] {
  "screen": "LoginScreen",
  "event": "SCREEN_OPENED",
  "timestamp": "2026-09-01T12:06:15.590Z"
}
1/9/2026, 5:36:16 pm | [2026-09-01T12:06:15.563Z] [LOG] {
  "screen": "WelcomeScreen",
  "event": "LOGIN_BUTTON_CLICKED",
  "timestamp": "2026-09-01T12:06:15.563Z"
}
1/9/2026, 5:36:19 pm | [2026-09-01T12:06:19.281Z] [LOG] {
  "screen": "LoginScreen",
  "event": "LOADING_STARTED",
  "timestamp": "2026-09-01T12:06:19.281Z"
}
1/9/2026, 5:36:19 pm | [2026-09-01T12:06:19.280Z] [LOG] {
  "screen": "LoginScreen",
  "event": "LOGIN_BUTTON_CLICKED",
  "timestamp": "2026-09-01T12:06:19.279Z"
}
1/9/2026, 5:36:19 pm | [2026-09-01T12:06:19.475Z] [LOG] {
  "screen": "LoginScreen",
  "event": "LOGIN_SUCCESS",
  "user": {
    "empNo": "41",
    "employeeName": "C.V. Phani Kumar",
    "branchCode": "40",
    "branchName": "Mandadam",
    "designation": "Branch Manager"
  },
  "timestamp": "2026-09-01T12:06:19.475Z"
}
1/9/2026, 5:36:19 pm | [2026-09-01T12:06:19.493Z] [LOG] {
  "screen": "LoginScreen",
  "event": "USER_DATA_SAVED",
  "timestamp": "2026-09-01T12:06:19.493Z"
}
1/9/2026, 5:36:19 pm | [2026-09-01T12:06:19.296Z] [LOG] {
  "screen": "LoginScreen",
  "event": "DEVICE_ID_FETCHED",
  "deviceId": "3033f9c5b22e1dfc",
  "timestamp": "2026-09-01T12:06:19.296Z"
}
1/9/2026, 5:36:19 pm | [2026-09-01T12:06:19.298Z] [LOG] {
  "empNo": "",
  "deviceId": "3033f9c5b22e1dfc"
}
1/9/2026, 5:36:19 pm | [2026-09-01T12:06:19.298Z] [LOG] {
  "screen": "LoginScreen",
  "event": "LOGIN_API_STARTED",
  "deviceId": "3033f9c5b22e1dfc",
  "timestamp": "2026-09-01T12:06:19.298Z"
}
1/9/2026, 5:36:19 pm | [2026-09-01T12:06:19.495Z] [LOG] {
  "event": "NAVIGATING_TO_USER"
}
1/9/2026, 5:36:19 pm | [2026-09-01T12:06:19.496Z] [LOG] {
  "screen": "LoginScreen",
  "event": "LOADING_COMPLETED",
  "timestamp": "2026-09-01T12:06:19.496Z"
}
1/9/2026, 5:36:19 pm | [2026-09-01T12:06:19.509Z] [LOG] {
  "screen": "UserDashboard",
  "event": "SCREEN_OPENED",
  "empNo": "UNKNOWN",
  "timestamp": "2026-09-01T12:06:19.508Z"
}
1/9/2026, 5:36:19 pm | [2026-09-01T12:06:19.522Z] [LOG] {
  "screen": "UserDashboard",
  "event": "LOGGED_USER_FETCHED",
  "hasUser": true,
  "empNo": "UNKNOWN",
  "timestamp": "2026-09-01T12:06:19.522Z"
}
1/9/2026, 5:36:19 pm | [2026-09-01T12:06:19.519Z] [LOG] {
  "screen": "UserDashboard",
  "event": "LOAD_EMPLOYEE_STARTED",
  "empNo": "UNKNOWN",
  "timestamp": "2026-09-01T12:06:19.519Z"
}
1/9/2026, 5:36:19 pm | [2026-09-01T12:06:19.522Z] [LOG] {
  "screen": "UserDashboard",
  "event": "EMPLOYEE_API_STARTED",
  "empNo": "41",
  "timestamp": "2026-09-01T12:06:19.522Z"
}
1/9/2026, 5:36:19 pm | [2026-09-01T12:06:19.704Z] [LOG] {
  "screen": "UserDashboard",
  "event": "EMPLOYEE_DATA_LOADED",
  "empNo": "41",
  "branch": "Mandadam",
  "designation": "Branch Manager",
  "timestamp": "2026-09-01T12:06:19.704Z"
}
1/9/2026, 5:36:20 pm | [2026-09-01T12:06:19.887Z] [LOG] {
  "screen": "UserDashboard",
  "event": "LAST_SUBMISSION_LOADED",
  "previousDayAmount": 662500,
  "previousDaySubmittedAt": "2026-08-31 18:00:37",
  "formattedPreviousDayTime": "31/8/2026, 6:00 pm",
  "empNo": "",
  "timestamp": "2026-09-01T12:06:19.887Z"
}
1/9/2026, 5:36:20 pm | [2026-09-01T12:06:19.966Z] [LOG] {
  "screen": "UserDashboard",
  "event": "LOADING_COMPLETED",
  "empNo": "UNKNOWN",
  "timestamp": "2026-09-01T12:06:19.966Z"
}
1/9/2026, 5:36:27 pm | [2026-09-01T12:06:27.896Z] [LOG] Running "CashClosingApp"
1/9/2026, 5:36:27 pm | [2026-09-01T12:06:28.018Z] [LOG] {
  "screen": "WelcomeScreen",
  "event": "SCREEN_OPENED",
  "timestamp": "2026-09-01T12:06:28.018Z"
}
1/9/2026, 5:36:29 pm | [2026-09-01T12:06:29.381Z] [LOG] {
  "screen": "UserDashboard",
  "event": "SAVE_BUTTON_CLICKED",
  "empNo": "41",
  "amount": "860000",
  "isEditing": false,
  "timestamp": "2026-09-01T12:06:29.381Z"
}
1/9/2026, 5:36:30 pm | [2026-09-01T12:06:30.522Z] [LOG] {
  "screen": "UserDashboard",
  "event": "SAVE_CASH_API_STARTED",
  "empNo": "41",
  "amount": "860000",
  "timestamp": "2026-09-01T12:06:30.522Z"
}
1/9/2026, 5:36:31 pm | [2026-09-01T12:06:30.885Z] [LOG] {
  "screen": "UserDashboard",
  "event": "SAVE_CASH_SUCCESS",
  "empNo": "41",
  "savedAmount": "860000",
  "savedAt": "2026-09-01T12:06:30.869Z",
  "formattedSaveTime": "5:36 pm",
  "isEditing": false,
  "timestamp": "2026-09-01T12:06:30.885Z"
}
1/9/2026, 5:36:32 pm | [2026-09-01T12:06:32.716Z] [LOG] {
  "screen": "LoginScreen",
  "event": "SCREEN_OPENED",
  "timestamp": "2026-09-01T12:06:32.716Z"
}
1/9/2026, 5:36:32 pm | [2026-09-01T12:06:32.686Z] [LOG] {
  "screen": "WelcomeScreen",
  "event": "LOGIN_BUTTON_CLICKED",
  "timestamp": "2026-09-01T12:06:32.686Z"
}
1/9/2026, 5:36:35 pm | [2026-09-01T12:06:36.130Z] [LOG] {
  "screen": "LoginScreen",
  "event": "LOADING_STARTED",
  "timestamp": "2026-09-01T12:06:36.130Z"
}
1/9/2026, 5:36:35 pm | [2026-09-01T12:06:36.129Z] [LOG] {
  "screen": "LoginScreen",
  "event": "LOGIN_BUTTON_CLICKED",
  "timestamp": "2026-09-01T12:06:36.128Z"
}
1/9/2026, 5:36:35 pm | [2026-09-01T12:06:36.381Z] [LOG] {
  "screen": "LoginScreen",
  "event": "LOGIN_SUCCESS",
  "user": {
    "empNo": "743",
    "employeeName": "Kethavath Chandra Kumar Naik",
    "branchCode": "26",
    "branchName": "Chintalapudi",
    "designation": "Branch Manager"
  },
  "timestamp": "2026-09-01T12:06:36.381Z"
}
1/9/2026, 5:36:35 pm | [2026-09-01T12:06:36.395Z] [LOG] {
  "screen": "LoginScreen",
  "event": "USER_DATA_SAVED",
  "timestamp": "2026-09-01T12:06:36.395Z"
}
1/9/2026, 5:36:35 pm | [2026-09-01T12:06:36.153Z] [LOG] {
  "empNo": "",
  "deviceId": "00d675f8d00433da"
}
1/9/2026, 5:36:35 pm | [2026-09-01T12:06:36.399Z] [LOG] {
  "event": "NAVIGATING_TO_USER"
}
1/9/2026, 5:36:35 pm | [2026-09-01T12:06:36.411Z] [LOG] {
  "screen": "UserDashboard",
  "event": "SCREEN_OPENED",
  "empNo": "UNKNOWN",
  "timestamp": "2026-09-01T12:06:36.411Z"
}
1/9/2026, 5:36:35 pm | [2026-09-01T12:06:36.152Z] [LOG] {
  "screen": "LoginScreen",
  "event": "DEVICE_ID_FETCHED",
  "deviceId": "00d675f8d00433da",
  "timestamp": "2026-09-01T12:06:36.151Z"
}
1/9/2026, 5:36:35 pm | [2026-09-01T12:06:36.399Z] [LOG] {
  "screen": "LoginScreen",
  "event": "LOADING_COMPLETED",
  "timestamp": "2026-09-01T12:06:36.399Z"
}
1/9/2026, 5:36:35 pm | [2026-09-01T12:06:36.411Z] [LOG] {
  "screen": "UserDashboard",
  "event": "LOAD_EMPLOYEE_STARTED",
  "empNo": "UNKNOWN",
  "timestamp": "2026-09-01T12:06:36.411Z"
}
1/9/2026, 5:36:36 pm | [2026-09-01T12:06:36.418Z] [LOG] {
  "screen": "UserDashboard",
  "event": "LOGGED_USER_FETCHED",
  "hasUser": true,
  "empNo": "UNKNOWN",
  "timestamp": "2026-09-01T12:06:36.417Z"
}
1/9/2026, 5:36:36 pm | [2026-09-01T12:06:36.420Z] [LOG] {
  "screen": "UserDashboard",
  "event": "EMPLOYEE_API_STARTED",
  "empNo": "743",
  "timestamp": "2026-09-01T12:06:36.420Z"
}
1/9/2026, 5:36:36 pm | [2026-09-01T12:06:36.632Z] [LOG] {
  "screen": "UserDashboard",
  "event": "EMPLOYEE_DATA_LOADED",
  "empNo": "743",
  "branch": "Chintalapudi",
  "designation": "Branch Manager",
  "timestamp": "2026-09-01T12:06:36.632Z"
}
1/9/2026, 5:36:36 pm | [2026-09-01T12:06:36.843Z] [LOG] {
  "screen": "UserDashboard",
  "event": "LAST_SUBMISSION_LOADED",
  "previousDayAmount": 2751643,
  "previousDaySubmittedAt": "2026-08-31 17:52:15",
  "formattedPreviousDayTime": "31/8/2026, 5:52 pm",
  "empNo": "",
  "timestamp": "2026-09-01T12:06:36.843Z"
}
1/9/2026, 5:36:36 pm | [2026-09-01T12:06:36.937Z] [LOG] {
  "screen": "UserDashboard",
  "event": "LOADING_COMPLETED",
  "empNo": "UNKNOWN",
  "timestamp": "2026-09-01T12:06:36.937Z"
}
1/9/2026, 5:36:38 pm | [2026-09-01T12:06:37.949Z] [LOG] {
  "screen": "UserDashboard",
  "event": "SAVE_BUTTON_CLICKED",
  "empNo": "41",
  "amount": "860000",
  "isEditing": true,
  "timestamp": "2026-09-01T12:06:37.948Z"
}
1/9/2026, 5:36:38 pm | [2026-09-01T12:06:36.155Z] [LOG] {
  "screen": "LoginScreen",
  "event": "LOGIN_API_STARTED",
  "deviceId": "00d675f8d00433da",
  "timestamp": "2026-09-01T12:06:36.155Z"
}
1/9/2026, 5:36:39 pm | [2026-09-01T12:06:39.169Z] [LOG] {
  "screen": "UserDashboard",
  "event": "SAVE_CASH_API_STARTED",
  "empNo": "41",
  "amount": "860000",
  "timestamp": "2026-09-01T12:06:39.168Z"
}
1/9/2026, 5:36:39 pm | [2026-09-01T12:06:39.463Z] [LOG] {
  "screen": "UserDashboard",
  "event": "SAVE_CASH_SUCCESS",
  "empNo": "41",
  "savedAmount": "860000",
  "savedAt": "2026-09-01T12:06:39.442Z",
  "formattedSaveTime": "5:36 pm",
  "isEditing": true,
  "timestamp": "2026-09-01T12:06:39.463Z"
}
1/9/2026, 5:36:42 pm | [2026-09-01T12:06:42.299Z] [LOG] {
  "screen": "UserDashboard",
  "event": "SAVE_BUTTON_CLICKED",
  "empNo": "741",
  "amount": "361000",
  "isEditing": false,
  "timestamp": "2026-09-01T12:06:42.299Z"
}
1/9/2026, 5:36:45 pm | [2026-09-01T12:06:45.387Z] [LOG] {
  "screen": "UserDashboard",
  "event": "SAVE_CASH_API_STARTED",
  "empNo": "741",
  "amount": "361000",
  "timestamp": "2026-09-01T12:06:45.387Z"
}
1/9/2026, 5:36:46 pm | [2026-09-01T12:06:45.631Z] [LOG] {
  "screen": "UserDashboard",
  "event": "SAVE_CASH_SUCCESS",
  "empNo": "741",
  "savedAmount": "361000",
  "savedAt": "2026-09-01T12:06:45.617Z",
  "formattedSaveTime": "5:36 pm",
  "isEditing": false,
  "timestamp": "2026-09-01T12:06:45.631Z"
}
1/9/2026, 5:37:23 pm | [2026-09-01T12:07:23.907Z] [LOG] {
  "screen": "UserDashboard",
  "event": "SAVE_BUTTON_CLICKED",
  "empNo": "743",
  "amount": "1321854",
  "isEditing": false,
  "timestamp": "2026-09-01T12:07:23.907Z"
}
1/9/2026, 5:37:24 pm | [2026-09-01T12:07:25.016Z] [LOG] {
  "screen": "UserDashboard",
  "event": "SAVE_CASH_API_STARTED",
  "empNo": "743",
  "amount": "1321854",
  "timestamp": "2026-09-01T12:07:25.016Z"
}
1/9/2026, 5:37:24 pm | [2026-09-01T12:07:25.391Z] [LOG] {
  "screen": "UserDashboard",
  "event": "SAVE_CASH_SUCCESS",
  "empNo": "743",
  "savedAmount": "1321854",
  "savedAt": "2026-09-01T12:07:25.382Z",
  "formattedSaveTime": "5:37 pm",
  "isEditing": false,
  "timestamp": "2026-09-01T12:07:25.391Z"
}
1/9/2026, 5:37:34 pm | [2026-09-01T12:07:34.239Z] [LOG] {
  "screen": "UserDashboard",
  "event": "LOGOUT_CLICKED",
  "empNo": "743",
  "timestamp": "2026-09-01T12:07:34.239Z"
}
1/9/2026, 5:37:34 pm | [2026-09-01T12:07:34.315Z] [LOG] {
  "screen": "LoginScreen",
  "event": "SCREEN_OPENED",
  "timestamp": "2026-09-01T12:07:34.315Z"
}
1/9/2026, 5:37:58 pm | [2026-09-01T12:07:58.862Z] [LOG] Running "CashClosingApp"
1/9/2026, 5:37:58 pm | [2026-09-01T12:07:59.039Z] [LOG] {
  "screen": "WelcomeScreen",
  "event": "SCREEN_OPENED",
  "timestamp": "2026-09-01T12:07:59.039Z"
}
1/9/2026, 5:37:59 pm | [2026-09-01T12:08:00.415Z] [LOG] {
  "screen": "WelcomeScreen",
  "event": "LOGIN_BUTTON_CLICKED",
  "timestamp": "2026-09-01T12:08:00.415Z"
}
1/9/2026, 5:37:59 pm | [2026-09-01T12:08:00.463Z] [LOG] {
  "screen": "LoginScreen",
  "event": "SCREEN_OPENED",
  "timestamp": "2026-09-01T12:08:00.463Z"
}
1/9/2026, 5:38:04 pm | [2026-09-01T12:08:04.987Z] [LOG] {
  "screen": "LoginScreen",
  "event": "LOADING_STARTED",
  "timestamp": "2026-09-01T12:08:04.987Z"
}
1/9/2026, 5:38:04 pm | [2026-09-01T12:08:04.986Z] [LOG] {
  "screen": "LoginScreen",
  "event": "LOGIN_BUTTON_CLICKED",
  "timestamp": "2026-09-01T12:08:04.986Z"
}
1/9/2026, 5:38:04 pm | [2026-09-01T12:08:05.146Z] [LOG] {
  "screen": "LoginScreen",
  "event": "LOGIN_SUCCESS",
  "user": {
    "empNo": "974",
    "employeeName": "T Sreenivas",
    "branchCode": "30",
    "branchName": "Gopalapatnam",
    "designation": "Branch Manager"
  },
  "timestamp": "2026-09-01T12:08:05.146Z"
}
1/9/2026, 5:38:04 pm | [2026-09-01T12:08:05.169Z] [LOG] {
  "screen": "LoginScreen",
  "event": "USER_DATA_SAVED",
  "timestamp": "2026-09-01T12:08:05.169Z"
}
1/9/2026, 5:38:04 pm | [2026-09-01T12:08:04.997Z] [LOG] {
  "empNo": "",
  "deviceId": "81b65917c9367902"
}
1/9/2026, 5:38:04 pm | [2026-09-01T12:08:04.996Z] [LOG] {
  "screen": "LoginScreen",
  "event": "DEVICE_ID_FETCHED",
  "deviceId": "81b65917c9367902",
  "timestamp": "2026-09-01T12:08:04.996Z"
}
1/9/2026, 5:38:04 pm | [2026-09-01T12:08:04.998Z] [LOG] {
  "screen": "LoginScreen",
  "event": "LOGIN_API_STARTED",
  "deviceId": "81b65917c9367902",
  "timestamp": "2026-09-01T12:08:04.998Z"
}
1/9/2026, 5:38:04 pm | [2026-09-01T12:08:05.171Z] [LOG] {
  "event": "NAVIGATING_TO_USER"
}
1/9/2026, 5:38:04 pm | [2026-09-01T12:08:05.205Z] [LOG] {
  "screen": "UserDashboard",
  "event": "SCREEN_OPENED",
  "empNo": "UNKNOWN",
  "timestamp": "2026-09-01T12:08:05.205Z"
}
1/9/2026, 5:38:04 pm | [2026-09-01T12:08:05.174Z] [LOG] {
  "screen": "LoginScreen",
  "event": "LOADING_COMPLETED",
  "timestamp": "2026-09-01T12:08:05.173Z"
}
1/9/2026, 5:38:04 pm | [2026-09-01T12:08:05.206Z] [LOG] {
  "screen": "UserDashboard",
  "event": "LOAD_EMPLOYEE_STARTED",
  "empNo": "UNKNOWN",
  "timestamp": "2026-09-01T12:08:05.206Z"
}
1/9/2026, 5:38:04 pm | [2026-09-01T12:08:05.212Z] [LOG] {
  "screen": "UserDashboard",
  "event": "LOGGED_USER_FETCHED",
  "hasUser": true,
  "empNo": "UNKNOWN",
  "timestamp": "2026-09-01T12:08:05.212Z"
}
1/9/2026, 5:38:04 pm | [2026-09-01T12:08:05.213Z] [LOG] {
  "screen": "UserDashboard",
  "event": "EMPLOYEE_API_STARTED",
  "empNo": "974",
  "timestamp": "2026-09-01T12:08:05.213Z"
}
1/9/2026, 5:38:04 pm | [2026-09-01T12:08:05.399Z] [LOG] {
  "screen": "UserDashboard",
  "event": "EMPLOYEE_DATA_LOADED",
  "empNo": "974",
  "branch": "Gopalapatnam",
  "designation": "Branch Manager",
  "timestamp": "2026-09-01T12:08:05.399Z"
}
1/9/2026, 5:38:04 pm | [2026-09-01T12:08:05.570Z] [LOG] {
  "screen": "UserDashboard",
  "event": "LAST_SUBMISSION_LOADED",
  "previousDayAmount": 465688,
  "previousDaySubmittedAt": "2026-08-31 17:57:49",
  "formattedPreviousDayTime": "31/8/2026, 5:57 pm",
  "empNo": "",
  "timestamp": "2026-09-01T12:08:05.570Z"
}
1/9/2026, 5:38:05 pm | [2026-09-01T12:08:05.652Z] [LOG] {
  "screen": "UserDashboard",
  "event": "LOADING_COMPLETED",
  "empNo": "UNKNOWN",
  "timestamp": "2026-09-01T12:08:05.652Z"
}
1/9/2026, 5:38:18 pm | [2026-09-01T12:08:19.072Z] [LOG] {
  "screen": "UserDashboard",
  "event": "SAVE_BUTTON_CLICKED",
  "empNo": "974",
  "amount": "366612",
  "isEditing": false,
  "timestamp": "2026-09-01T12:08:19.072Z"
}
1/9/2026, 5:38:19 pm | [2026-09-01T12:08:19.787Z] [LOG] {
  "screen": "UserDashboard",
  "event": "SAVE_CASH_API_STARTED",
  "empNo": "974",
  "amount": "366612",
  "timestamp": "2026-09-01T12:08:19.787Z"
}
1/9/2026, 5:38:19 pm | [2026-09-01T12:08:20.120Z] [LOG] {
  "screen": "UserDashboard",
  "event": "SAVE_CASH_SUCCESS",
  "empNo": "974",
  "savedAmount": "366612",
  "savedAt": "2026-09-01T12:08:20.112Z",
  "formattedSaveTime": "5:38 pm",
  "isEditing": false,
  "timestamp": "2026-09-01T12:08:20.120Z"
}
1/9/2026, 5:38:32 pm | [2026-09-01T12:08:25.689Z] [LOG] {
  "screen": "WelcomeScreen",
  "event": "SCREEN_OPENED",
  "timestamp": "2026-09-01T12:08:25.689Z"
}
1/9/2026, 5:38:32 pm | [2026-09-01T12:08:25.561Z] [LOG] Running "CashClosingApp"
1/9/2026, 5:38:32 pm | [2026-09-01T12:08:30.414Z] [LOG] {
  "screen": "LoginScreen",
  "event": "LOGIN_BUTTON_CLICKED",
  "timestamp": "2026-09-01T12:08:30.414Z"
}
1/9/2026, 5:38:32 pm | [2026-09-01T12:08:26.744Z] [LOG] {
  "screen": "LoginScreen",
  "event": "SCREEN_OPENED",
  "timestamp": "2026-09-01T12:08:26.744Z"
}
1/9/2026, 5:38:32 pm | [2026-09-01T12:08:30.414Z] [LOG] {
  "screen": "LoginScreen",
  "event": "LOADING_STARTED",
  "timestamp": "2026-09-01T12:08:30.414Z"
}
1/9/2026, 5:38:32 pm | [2026-09-01T12:08:26.710Z] [LOG] {
  "screen": "WelcomeScreen",
  "event": "LOGIN_BUTTON_CLICKED",
  "timestamp": "2026-09-01T12:08:26.709Z"
}
1/9/2026, 5:38:32 pm | [2026-09-01T12:08:30.420Z] [LOG] {
  "screen": "LoginScreen",
  "event": "DEVICE_ID_FETCHED",
  "deviceId": "4c2742e394e3e754",
  "timestamp": "2026-09-01T12:08:30.420Z"
}
1/9/2026, 5:38:32 pm | [2026-09-01T12:08:30.421Z] [LOG] {
  "screen": "LoginScreen",
  "event": "LOGIN_API_STARTED",
  "deviceId": "4c2742e394e3e754",
  "timestamp": "2026-09-01T12:08:30.421Z"
}
1/9/2026, 5:38:32 pm | [2026-09-01T12:08:30.421Z] [LOG] {
  "empNo": "",
  "deviceId": "4c2742e394e3e754"
}
1/9/2026, 5:38:32 pm | [2026-09-01T12:08:31.320Z] [LOG] {
  "screen": "LoginScreen",
  "event": "LOGIN_SUCCESS",
  "user": {
    "empNo": "255",
    "employeeName": "Rajendra Kumar T",
    "branchCode": "17",
    "branchName": "Gannavaram",
    "designation": "Branch Manager"
  },
  "timestamp": "2026-09-01T12:08:31.320Z"
}
1/9/2026, 5:38:32 pm | [2026-09-01T12:08:31.336Z] [LOG] {
  "event": "NAVIGATING_TO_USER"
}
1/9/2026, 5:38:32 pm | [2026-09-01T12:08:31.334Z] [LOG] {
  "screen": "LoginScreen",
  "event": "USER_DATA_SAVED",
  "timestamp": "2026-09-01T12:08:31.334Z"
}
1/9/2026, 5:38:32 pm | [2026-09-01T12:08:31.336Z] [LOG] {
  "screen": "LoginScreen",
  "event": "LOADING_COMPLETED",
  "timestamp": "2026-09-01T12:08:31.336Z"
}
1/9/2026, 5:38:32 pm | [2026-09-01T12:08:31.346Z] [LOG] {
  "screen": "UserDashboard",
  "event": "SCREEN_OPENED",
  "empNo": "UNKNOWN",
  "timestamp": "2026-09-01T12:08:31.346Z"
}
1/9/2026, 5:38:32 pm | [2026-09-01T12:08:31.353Z] [LOG] {
  "screen": "UserDashboard",
  "event": "LOGGED_USER_FETCHED",
  "hasUser": true,
  "empNo": "UNKNOWN",
  "timestamp": "2026-09-01T12:08:31.353Z"
}
1/9/2026, 5:38:32 pm | [2026-09-01T12:08:31.347Z] [LOG] {
  "screen": "UserDashboard",
  "event": "LOAD_EMPLOYEE_STARTED",
  "empNo": "UNKNOWN",
  "timestamp": "2026-09-01T12:08:31.347Z"
}
1/9/2026, 5:38:32 pm | [2026-09-01T12:08:31.354Z] [LOG] {
  "screen": "UserDashboard",
  "event": "EMPLOYEE_API_STARTED",
  "empNo": "255",
  "timestamp": "2026-09-01T12:08:31.354Z"
}
1/9/2026, 5:38:32 pm | [2026-09-01T12:08:31.502Z] [LOG] {
  "screen": "UserDashboard",
  "event": "EMPLOYEE_DATA_LOADED",
  "empNo": "255",
  "branch": "Gannavaram",
  "designation": "Branch Manager",
  "timestamp": "2026-09-01T12:08:31.502Z"
}
1/9/2026, 5:38:33 pm | [2026-09-01T12:08:31.724Z] [LOG] {
  "screen": "UserDashboard",
  "event": "LAST_SUBMISSION_LOADED",
  "previousDayAmount": 240814,
  "previousDaySubmittedAt": "2026-08-31 19:54:34",
  "formattedPreviousDayTime": "31/8/2026, 7:54 pm",
  "empNo": "",
  "timestamp": "2026-09-01T12:08:31.724Z"
}
1/9/2026, 5:38:33 pm | [2026-09-01T12:08:31.816Z] [LOG] {
  "screen": "UserDashboard",
  "event": "LOADING_COMPLETED",
  "empNo": "UNKNOWN",
  "timestamp": "2026-09-01T12:08:31.816Z"
}
1/9/2026, 5:38:48 pm | [2026-09-01T12:08:46.587Z] [LOG] {
  "screen": "UserDashboard",
  "event": "SAVE_BUTTON_CLICKED",
  "empNo": "255",
  "amount": "1323987",
  "isEditing": false,
  "timestamp": "2026-09-01T12:08:46.587Z"
}
1/9/2026, 5:38:48 pm | [2026-09-01T12:08:47.603Z] [LOG] {
  "screen": "UserDashboard",
  "event": "SAVE_CASH_API_STARTED",
  "empNo": "255",
  "amount": "1323987",
  "timestamp": "2026-09-01T12:08:47.603Z"
}
1/9/2026, 5:38:49 pm | [2026-09-01T12:08:47.974Z] [LOG] {
  "screen": "UserDashboard",
  "event": "SAVE_CASH_SUCCESS",
  "empNo": "255",
  "savedAmount": "1323987",
  "savedAt": "2026-09-01T12:08:47.961Z",
  "formattedSaveTime": "5:38 pm",
  "isEditing": false,
  "timestamp": "2026-09-01T12:08:47.974Z"
}
1/9/2026, 5:38:54 pm | [2026-09-01T12:08:54.545Z] [LOG] Running "CashClosingApp"
1/9/2026, 5:38:54 pm | [2026-09-01T12:08:55.449Z] [LOG] {
  "screen": "WelcomeScreen",
  "event": "LOGIN_BUTTON_CLICKED",
  "timestamp": "2026-09-01T12:08:55.449Z"
}
1/9/2026, 5:38:55 pm | [2026-09-01T12:08:55.475Z] [LOG] {
  "screen": "LoginScreen",
  "event": "SCREEN_OPENED",
  "timestamp": "2026-09-01T12:08:55.475Z"
}
1/9/2026, 5:38:57 pm | [2026-09-01T12:08:54.635Z] [LOG] {
  "screen": "WelcomeScreen",
  "event": "SCREEN_OPENED",
  "timestamp": "2026-09-01T12:08:54.635Z"
}
1/9/2026, 5:39:00 pm | [2026-09-01T12:09:01.259Z] [LOG] {
  "screen": "LoginScreen",
  "event": "LOGIN_BUTTON_CLICKED",
  "timestamp": "2026-09-01T12:09:01.259Z"
}
1/9/2026, 5:39:00 pm | [2026-09-01T12:09:01.260Z] [LOG] {
  "screen": "LoginScreen",
  "event": "LOADING_STARTED",
  "timestamp": "2026-09-01T12:09:01.260Z"
}
1/9/2026, 5:39:00 pm | [2026-09-01T12:09:01.289Z] [LOG] {
  "screen": "LoginScreen",
  "event": "DEVICE_ID_FETCHED",
  "deviceId": "cc05aabaa078fe2f",
  "timestamp": "2026-09-01T12:09:01.289Z"
}
1/9/2026, 5:39:00 pm | [2026-09-01T12:09:01.402Z] [LOG] {
  "screen": "LoginScreen",
  "event": "LOGIN_SUCCESS",
  "user": {
    "empNo": "121",
    "employeeName": "B. Chandra Sekhar K",
    "branchCode": "6",
    "branchName": "Narasaraopet",
    "designation": "Branch Manager"
  },
  "timestamp": "2026-09-01T12:09:01.402Z"
}
1/9/2026, 5:39:00 pm | [2026-09-01T12:09:01.414Z] [LOG] {
  "screen": "LoginScreen",
  "event": "USER_DATA_SAVED",
  "timestamp": "2026-09-01T12:09:01.414Z"
}
1/9/2026, 5:39:00 pm | [2026-09-01T12:09:01.416Z] [LOG] {
  "event": "NAVIGATING_TO_USER"
}
1/9/2026, 5:39:00 pm | [2026-09-01T12:09:01.292Z] [LOG] {
  "screen": "LoginScreen",
  "event": "LOGIN_API_STARTED",
  "deviceId": "cc05aabaa078fe2f",
  "timestamp": "2026-09-01T12:09:01.292Z"
}
1/9/2026, 5:39:00 pm | [2026-09-01T12:09:01.291Z] [LOG] {
  "empNo": "",
  "deviceId": "cc05aabaa078fe2f"
}
1/9/2026, 5:39:00 pm | [2026-09-01T12:09:01.417Z] [LOG] {
  "screen": "LoginScreen",
  "event": "LOADING_COMPLETED",
  "timestamp": "2026-09-01T12:09:01.417Z"
}
1/9/2026, 5:39:00 pm | [2026-09-01T12:09:01.438Z] [LOG] {
  "screen": "UserDashboard",
  "event": "SCREEN_OPENED",
  "empNo": "UNKNOWN",
  "timestamp": "2026-09-01T12:09:01.438Z"
}
1/9/2026, 5:39:00 pm | [2026-09-01T12:09:01.439Z] [LOG] {
  "screen": "UserDashboard",
  "event": "LOAD_EMPLOYEE_STARTED",
  "empNo": "UNKNOWN",
  "timestamp": "2026-09-01T12:09:01.439Z"
}
1/9/2026, 5:39:00 pm | [2026-09-01T12:09:01.445Z] [LOG] {
  "screen": "UserDashboard",
  "event": "EMPLOYEE_API_STARTED",
  "empNo": "121",
  "timestamp": "2026-09-01T12:09:01.445Z"
}
1/9/2026, 5:39:00 pm | [2026-09-01T12:09:01.444Z] [LOG] {
  "screen": "UserDashboard",
  "event": "LOGGED_USER_FETCHED",
  "hasUser": true,
  "empNo": "UNKNOWN",
  "timestamp": "2026-09-01T12:09:01.444Z"
}
1/9/2026, 5:39:01 pm | [2026-09-01T12:09:01.593Z] [LOG] {
  "screen": "UserDashboard",
  "event": "EMPLOYEE_DATA_LOADED",
  "empNo": "121",
  "branch": "Narasaraopet",
  "designation": "Branch Manager",
  "timestamp": "2026-09-01T12:09:01.593Z"
}
1/9/2026, 5:39:01 pm | [2026-09-01T12:09:01.842Z] [LOG] {
  "screen": "UserDashboard",
  "event": "LAST_SUBMISSION_LOADED",
  "previousDayAmount": 1532412,
  "previousDaySubmittedAt": "2026-08-31 17:49:10",
  "formattedPreviousDayTime": "31/8/2026, 5:49 pm",
  "empNo": "",
  "timestamp": "2026-09-01T12:09:01.842Z"
}
1/9/2026, 5:39:01 pm | [2026-09-01T12:09:01.930Z] [LOG] {
  "screen": "UserDashboard",
  "event": "LOADING_COMPLETED",
  "empNo": "UNKNOWN",
  "timestamp": "2026-09-01T12:09:01.930Z"
}
1/9/2026, 5:39:14 pm | [2026-09-01T12:09:14.713Z] [LOG] {
  "screen": "UserDashboard",
  "event": "SAVE_CASH_API_STARTED",
  "empNo": "121",
  "amount": "874362",
  "timestamp": "2026-09-01T12:09:14.713Z"
}
1/9/2026, 5:39:14 pm | [2026-09-01T12:09:15.067Z] [LOG] {
  "screen": "UserDashboard",
  "event": "SAVE_CASH_SUCCESS",
  "empNo": "121",
  "savedAmount": "874362",
  "savedAt": "2026-09-01T12:09:15.042Z",
  "formattedSaveTime": "5:39 pm",
  "isEditing": false,
  "timestamp": "2026-09-01T12:09:15.067Z"
}
1/9/2026, 5:40:50 pm | [2026-09-01T12:10:50.273Z] [LOG] Running "CashClosingApp"
1/9/2026, 5:40:50 pm | [2026-09-01T12:10:50.518Z] [LOG] {
  "screen": "WelcomeScreen",
  "event": "SCREEN_OPENED",
  "timestamp": "2026-09-01T12:10:50.518Z"
}
1/9/2026, 5:40:50 pm | [2026-09-01T12:10:51.436Z] [LOG] {
  "screen": "WelcomeScreen",
  "event": "LOGIN_BUTTON_CLICKED",
  "timestamp": "2026-09-01T12:10:51.436Z"
}
1/9/2026, 5:40:50 pm | [2026-09-01T12:10:51.464Z] [LOG] {
  "screen": "LoginScreen",
  "event": "SCREEN_OPENED",
  "timestamp": "2026-09-01T12:10:51.464Z"
}
1/9/2026, 5:40:51 pm | [2026-09-01T12:10:51.867Z] [LOG] {
  "screen": "WelcomeScreen",
  "event": "SCREEN_OPENED",
  "timestamp": "2026-09-01T12:10:51.867Z"
}
1/9/2026, 5:40:51 pm | [2026-09-01T12:10:51.761Z] [LOG] Running "CashClosingApp"
1/9/2026, 5:40:51 pm | [2026-09-01T12:10:52.473Z] [LOG] {
  "screen": "WelcomeScreen",
  "event": "LOGIN_BUTTON_CLICKED",
  "timestamp": "2026-09-01T12:10:52.473Z"
}
1/9/2026, 5:40:51 pm | [2026-09-01T12:10:52.499Z] [LOG] {
  "screen": "LoginScreen",
  "event": "SCREEN_OPENED",
  "timestamp": "2026-09-01T12:10:52.499Z"
}
1/9/2026, 5:40:53 pm | [2026-09-01T12:10:54.499Z] [LOG] {
  "screen": "LoginScreen",
  "event": "LOGIN_BUTTON_CLICKED",
  "timestamp": "2026-09-01T12:10:54.499Z"
}
1/9/2026, 5:40:53 pm | [2026-09-01T12:10:54.500Z] [LOG] {
  "screen": "LoginScreen",
  "event": "LOADING_STARTED",
  "timestamp": "2026-09-01T12:10:54.500Z"
}
1/9/2026, 5:40:53 pm | [2026-09-01T12:10:54.647Z] [LOG] {
  "screen": "LoginScreen",
  "event": "LOGIN_SUCCESS",
  "user": {
    "empNo": "519",
    "employeeName": "Ch Harish Babu",
    "branchCode": "25",
    "branchName": "Mopidevi",
    "designation": "Branch Manager"
  },
  "timestamp": "2026-09-01T12:10:54.647Z"
}
1/9/2026, 5:40:53 pm | [2026-09-01T12:10:54.509Z] [LOG] {
  "screen": "LoginScreen",
  "event": "DEVICE_ID_FETCHED",
  "deviceId": "e6ca8319c9275ebb",
  "timestamp": "2026-09-01T12:10:54.509Z"
}
1/9/2026, 5:40:53 pm | [2026-09-01T12:10:54.509Z] [LOG] {
  "screen": "LoginScreen",
  "event": "LOGIN_API_STARTED",
  "deviceId": "e6ca8319c9275ebb",
  "timestamp": "2026-09-01T12:10:54.509Z"
}
1/9/2026, 5:40:53 pm | [2026-09-01T12:10:54.668Z] [LOG] {
  "screen": "LoginScreen",
  "event": "USER_DATA_SAVED",
  "timestamp": "2026-09-01T12:10:54.668Z"
}
1/9/2026, 5:40:53 pm | [2026-09-01T12:10:54.670Z] [LOG] {
  "event": "NAVIGATING_TO_USER"
}
1/9/2026, 5:40:53 pm | [2026-09-01T12:10:54.672Z] [LOG] {
  "screen": "LoginScreen",
  "event": "LOADING_COMPLETED",
  "timestamp": "2026-09-01T12:10:54.672Z"
}
1/9/2026, 5:40:53 pm | [2026-09-01T12:10:54.680Z] [LOG] {
  "screen": "UserDashboard",
  "event": "SCREEN_OPENED",
  "empNo": "UNKNOWN",
  "timestamp": "2026-09-01T12:10:54.680Z"
}
1/9/2026, 5:40:54 pm | [2026-09-01T12:10:54.682Z] [LOG] {
  "screen": "UserDashboard",
  "event": "LOAD_EMPLOYEE_STARTED",
  "empNo": "UNKNOWN",
  "timestamp": "2026-09-01T12:10:54.682Z"
}
1/9/2026, 5:40:54 pm | [2026-09-01T12:10:54.684Z] [LOG] {
  "screen": "UserDashboard",
  "event": "EMPLOYEE_API_STARTED",
  "empNo": "519",
  "timestamp": "2026-09-01T12:10:54.684Z"
}
1/9/2026, 5:40:54 pm | [2026-09-01T12:10:54.683Z] [LOG] {
  "screen": "UserDashboard",
  "event": "LOGGED_USER_FETCHED",
  "hasUser": true,
  "empNo": "UNKNOWN",
  "timestamp": "2026-09-01T12:10:54.683Z"
}
1/9/2026, 5:40:54 pm | [2026-09-01T12:10:54.788Z] [LOG] {
  "screen": "UserDashboard",
  "event": "EMPLOYEE_DATA_LOADED",
  "empNo": "519",
  "branch": "Mopidevi",
  "designation": "Branch Manager",
  "timestamp": "2026-09-01T12:10:54.788Z"
}
1/9/2026, 5:40:54 pm | [2026-09-01T12:10:54.900Z] [LOG] {
  "screen": "UserDashboard",
  "event": "LAST_SUBMISSION_LOADED",
  "previousDayAmount": 1226000,
  "previousDaySubmittedAt": "2026-08-31 18:06:11",
  "formattedPreviousDayTime": "31/8/2026, 6:06 pm",
  "empNo": "",
  "timestamp": "2026-09-01T12:10:54.900Z"
}
1/9/2026, 5:40:54 pm | [2026-09-01T12:10:54.950Z] [LOG] {
  "screen": "UserDashboard",
  "event": "LOADING_COMPLETED",
  "empNo": "UNKNOWN",
  "timestamp": "2026-09-01T12:10:54.950Z"
}
1/9/2026, 5:40:54 pm | [2026-09-01T12:10:55.690Z] [LOG] {
  "screen": "LoginScreen",
  "event": "LOGIN_BUTTON_CLICKED",
  "timestamp": "2026-09-01T12:10:55.690Z"
}
1/9/2026, 5:40:54 pm | [2026-09-01T12:10:55.691Z] [LOG] {
  "screen": "LoginScreen",
  "event": "LOADING_STARTED",
  "timestamp": "2026-09-01T12:10:55.691Z"
}
1/9/2026, 5:40:54 pm | [2026-09-01T12:10:55.862Z] [LOG] {
  "screen": "LoginScreen",
  "event": "LOGIN_SUCCESS",
  "user": {
    "empNo": "517",
    "employeeName": "Ch Durga Lakshmi Vani",
    "branchCode": "21",
    "branchName": "Kothapet",
    "designation": "Branch Manager"
  },
  "timestamp": "2026-09-01T12:10:55.862Z"
}
1/9/2026, 5:40:55 pm | [2026-09-01T12:10:55.879Z] [LOG] {
  "screen": "LoginScreen",
  "event": "USER_DATA_SAVED",
  "timestamp": "2026-09-01T12:10:55.879Z"
}
1/9/2026, 5:40:55 pm | [2026-09-01T12:10:55.880Z] [LOG] {
  "event": "NAVIGATING_TO_USER"
}
1/9/2026, 5:40:55 pm | [2026-09-01T12:10:55.698Z] [LOG] {
  "screen": "LoginScreen",
  "event": "LOGIN_API_STARTED",
  "deviceId": "cadc6a198c0ad99c",
  "timestamp": "2026-09-01T12:10:55.698Z"
}
1/9/2026, 5:40:55 pm | [2026-09-01T12:10:55.881Z] [LOG] {
  "screen": "LoginScreen",
  "event": "LOADING_COMPLETED",
  "timestamp": "2026-09-01T12:10:55.881Z"
}
1/9/2026, 5:40:55 pm | [2026-09-01T12:10:55.697Z] [LOG] {
  "screen": "LoginScreen",
  "event": "DEVICE_ID_FETCHED",
  "deviceId": "cadc6a198c0ad99c",
  "timestamp": "2026-09-01T12:10:55.697Z"
}
1/9/2026, 5:40:55 pm | [2026-09-01T12:10:55.698Z] [LOG] {
  "empNo": "",
  "deviceId": "cadc6a198c0ad99c"
}
1/9/2026, 5:40:55 pm | [2026-09-01T12:10:55.891Z] [LOG] {
  "screen": "UserDashboard",
  "event": "SCREEN_OPENED",
  "empNo": "UNKNOWN",
  "timestamp": "2026-09-01T12:10:55.891Z"
}
1/9/2026, 5:40:55 pm | [2026-09-01T12:10:55.896Z] [LOG] {
  "screen": "UserDashboard",
  "event": "LOAD_EMPLOYEE_STARTED",
  "empNo": "UNKNOWN",
  "timestamp": "2026-09-01T12:10:55.896Z"
}
1/9/2026, 5:40:55 pm | [2026-09-01T12:10:55.901Z] [LOG] {
  "screen": "UserDashboard",
  "event": "LOGGED_USER_FETCHED",
  "hasUser": true,
  "empNo": "UNKNOWN",
  "timestamp": "2026-09-01T12:10:55.901Z"
}
1/9/2026, 5:40:55 pm | [2026-09-01T12:10:55.902Z] [LOG] {
  "screen": "UserDashboard",
  "event": "EMPLOYEE_API_STARTED",
  "empNo": "517",
  "timestamp": "2026-09-01T12:10:55.902Z"
}
1/9/2026, 5:40:55 pm | [2026-09-01T12:10:56.119Z] [LOG] {
  "screen": "UserDashboard",
  "event": "EMPLOYEE_DATA_LOADED",
  "empNo": "517",
  "branch": "Kothapet",
  "designation": "Branch Manager",
  "timestamp": "2026-09-01T12:10:56.119Z"
}
1/9/2026, 5:40:55 pm | [2026-09-01T12:10:56.297Z] [LOG] {
  "screen": "UserDashboard",
  "event": "LAST_SUBMISSION_LOADED",
  "previousDayAmount": 700000,
  "previousDaySubmittedAt": "2026-08-31 17:40:45",
  "formattedPreviousDayTime": "31/8/2026, 5:40 pm",
  "empNo": "",
  "timestamp": "2026-09-01T12:10:56.297Z"
}
1/9/2026, 5:40:55 pm | [2026-09-01T12:10:56.403Z] [LOG] {
  "screen": "UserDashboard",
  "event": "LOADING_COMPLETED",
  "empNo": "UNKNOWN",
  "timestamp": "2026-09-01T12:10:56.403Z"
}
1/9/2026, 5:40:56 pm | [2026-09-01T12:10:54.509Z] [LOG] {
  "empNo": "",
  "deviceId": "e6ca8319c9275ebb"
}
1/9/2026, 5:41:00 pm | [2026-09-01T12:10:55.730Z] [LOG] {
  "screen": "LoginScreen",
  "event": "SCREEN_OPENED",
  "timestamp": "2026-09-01T12:10:55.730Z"
}
1/9/2026, 5:41:00 pm | [2026-09-01T12:10:54.567Z] [LOG] Running "CashClosingApp"
1/9/2026, 5:41:00 pm | [2026-09-01T12:10:59.766Z] [LOG] {
  "screen": "LoginScreen",
  "event": "LOADING_STARTED",
  "timestamp": "2026-09-01T12:10:59.766Z"
}
1/9/2026, 5:41:00 pm | [2026-09-01T12:10:55.679Z] [LOG] {
  "screen": "WelcomeScreen",
  "event": "LOGIN_BUTTON_CLICKED",
  "timestamp": "2026-09-01T12:10:55.679Z"
}
1/9/2026, 5:41:00 pm | [2026-09-01T12:10:54.688Z] [LOG] {
  "screen": "WelcomeScreen",
  "event": "SCREEN_OPENED",
  "timestamp": "2026-09-01T12:10:54.688Z"
}
1/9/2026, 5:41:00 pm | [2026-09-01T12:10:59.765Z] [LOG] {
  "screen": "LoginScreen",
  "event": "LOGIN_BUTTON_CLICKED",
  "timestamp": "2026-09-01T12:10:59.765Z"
}
1/9/2026, 5:41:00 pm | [2026-09-01T12:10:59.778Z] [LOG] {
  "screen": "LoginScreen",
  "event": "DEVICE_ID_FETCHED",
  "deviceId": "8ee9b1f9a9989659",
  "timestamp": "2026-09-01T12:10:59.778Z"
}
1/9/2026, 5:41:00 pm | [2026-09-01T12:10:59.779Z] [LOG] {
  "empNo": "",
  "deviceId": "8ee9b1f9a9989659"
}
1/9/2026, 5:41:00 pm | [2026-09-01T12:10:59.781Z] [LOG] {
  "screen": "LoginScreen",
  "event": "LOGIN_API_STARTED",
  "deviceId": "8ee9b1f9a9989659",
  "timestamp": "2026-09-01T12:10:59.781Z"
}
1/9/2026, 5:41:00 pm | [2026-09-01T12:11:00.221Z] [LOG] {
  "screen": "LoginScreen",
  "event": "LOGIN_SUCCESS",
  "user": {
    "empNo": "521",
    "employeeName": "Shaik Nazima Firdhoz",
    "branchCode": "39",
    "branchName": "Kommadi",
    "designation": "Branch Manager"
  },
  "timestamp": "2026-09-01T12:11:00.221Z"
}
1/9/2026, 5:41:00 pm | [2026-09-01T12:11:00.230Z] [LOG] {
  "event": "NAVIGATING_TO_USER"
}
1/9/2026, 5:41:00 pm | [2026-09-01T12:11:00.228Z] [LOG] {
  "screen": "LoginScreen",
  "event": "USER_DATA_SAVED",
  "timestamp": "2026-09-01T12:11:00.228Z"
}
1/9/2026, 5:41:00 pm | [2026-09-01T12:11:00.242Z] [LOG] {
  "screen": "UserDashboard",
  "event": "SCREEN_OPENED",
  "empNo": "UNKNOWN",
  "timestamp": "2026-09-01T12:11:00.242Z"
}
1/9/2026, 5:41:00 pm | [2026-09-01T12:11:00.230Z] [LOG] {
  "screen": "LoginScreen",
  "event": "LOADING_COMPLETED",
  "timestamp": "2026-09-01T12:11:00.230Z"
}
1/9/2026, 5:41:00 pm | [2026-09-01T12:11:00.242Z] [LOG] {
  "screen": "UserDashboard",
  "event": "LOAD_EMPLOYEE_STARTED",
  "empNo": "UNKNOWN",
  "timestamp": "2026-09-01T12:11:00.242Z"
}
1/9/2026, 5:41:00 pm | [2026-09-01T12:11:00.248Z] [LOG] {
  "screen": "UserDashboard",
  "event": "EMPLOYEE_API_STARTED",
  "empNo": "521",
  "timestamp": "2026-09-01T12:11:00.248Z"
}
1/9/2026, 5:41:00 pm | [2026-09-01T12:11:00.248Z] [LOG] {
  "screen": "UserDashboard",
  "event": "LOGGED_USER_FETCHED",
  "hasUser": true,
  "empNo": "UNKNOWN",
  "timestamp": "2026-09-01T12:11:00.248Z"
}
1/9/2026, 5:41:00 pm | [2026-09-01T12:11:00.405Z] [LOG] {
  "screen": "UserDashboard",
  "event": "EMPLOYEE_DATA_LOADED",
  "empNo": "521",
  "branch": "Kommadi",
  "designation": "Branch Manager",
  "timestamp": "2026-09-01T12:11:00.405Z"
}
1/9/2026, 5:41:00 pm | [2026-09-01T12:11:00.576Z] [LOG] {
  "screen": "UserDashboard",
  "event": "LAST_SUBMISSION_LOADED",
  "previousDayAmount": 2600000,
  "previousDaySubmittedAt": "2026-08-31 17:50:29",
  "formattedPreviousDayTime": "31/8/2026, 5:50 pm",
  "empNo": "",
  "timestamp": "2026-09-01T12:11:00.576Z"
}
1/9/2026, 5:41:00 pm | [2026-09-01T12:11:00.654Z] [LOG] {
  "screen": "UserDashboard",
  "event": "LOADING_COMPLETED",
  "empNo": "UNKNOWN",
  "timestamp": "2026-09-01T12:11:00.654Z"
}
1/9/2026, 5:41:01 pm | [2026-09-01T12:11:02.325Z] [LOG] {
  "screen": "UserDashboard",
  "event": "SAVE_BUTTON_CLICKED",
  "empNo": "517",
  "amount": "1300000",
  "isEditing": false,
  "timestamp": "2026-09-01T12:11:02.325Z"
}
1/9/2026, 5:41:01 pm | [2026-09-01T12:11:02.585Z] [LOG] {
  "screen": "UserDashboard",
  "event": "SAVE_BUTTON_CLICKED",
  "empNo": "519",
  "amount": "890000",
  "isEditing": false,
  "timestamp": "2026-09-01T12:11:02.585Z"
}
1/9/2026, 5:41:02 pm | [2026-09-01T12:11:03.146Z] [LOG] {
  "screen": "UserDashboard",
  "event": "SAVE_CASH_API_STARTED",
  "empNo": "517",
  "amount": "1300000",
  "timestamp": "2026-09-01T12:11:03.146Z"
}
1/9/2026, 5:41:02 pm | [2026-09-01T12:11:03.579Z] [LOG] {
  "screen": "UserDashboard",
  "event": "SAVE_CASH_SUCCESS",
  "empNo": "517",
  "savedAmount": "1300000",
  "savedAt": "2026-09-01T12:11:03.554Z",
  "formattedSaveTime": "5:41 pm",
  "isEditing": false,
  "timestamp": "2026-09-01T12:11:03.579Z"
}
1/9/2026, 5:41:03 pm | [2026-09-01T12:11:03.846Z] [LOG] {
  "screen": "UserDashboard",
  "event": "SAVE_CASH_API_STARTED",
  "empNo": "519",
  "amount": "890000",
  "timestamp": "2026-09-01T12:11:03.846Z"
}
1/9/2026, 5:41:03 pm | [2026-09-01T12:11:04.147Z] [LOG] {
  "screen": "UserDashboard",
  "event": "SAVE_CASH_SUCCESS",
  "empNo": "519",
  "savedAmount": "890000",
  "savedAt": "2026-09-01T12:11:04.132Z",
  "formattedSaveTime": "5:41 pm",
  "isEditing": false,
  "timestamp": "2026-09-01T12:11:04.146Z"
}
1/9/2026, 5:41:07 pm | [2026-09-01T12:11:07.029Z] [LOG] {
  "screen": "UserDashboard",
  "event": "SAVE_BUTTON_CLICKED",
  "empNo": "521",
  "amount": "2900000",
  "isEditing": false,
  "timestamp": "2026-09-01T12:11:07.029Z"
}
1/9/2026, 5:41:08 pm | [2026-09-01T12:11:07.970Z] [LOG] {
  "screen": "UserDashboard",
  "event": "SAVE_CASH_API_STARTED",
  "empNo": "521",
  "amount": "2900000",
  "timestamp": "2026-09-01T12:11:07.970Z"
}
1/9/2026, 5:41:08 pm | [2026-09-01T12:11:08.327Z] [LOG] {
  "screen": "UserDashboard",
  "event": "SAVE_CASH_SUCCESS",
  "empNo": "521",
  "savedAmount": "2900000",
  "savedAt": "2026-09-01T12:11:08.319Z",
  "formattedSaveTime": "5:41 pm",
  "isEditing": false,
  "timestamp": "2026-09-01T12:11:08.327Z"
}
1/9/2026, 5:42:25 pm | [2026-09-01T12:12:25.198Z] [LOG] {
  "screen": "WelcomeScreen",
  "event": "SCREEN_OPENED",
  "timestamp": "2026-09-01T12:12:25.198Z"
}
1/9/2026, 5:42:25 pm | [2026-09-01T12:12:24.892Z] [LOG] Running "CashClosingApp"
1/9/2026, 5:42:29 pm | [2026-09-01T12:12:29.061Z] [LOG] {
  "screen": "WelcomeScreen",
  "event": "LOGIN_BUTTON_CLICKED",
  "timestamp": "2026-09-01T12:12:29.061Z"
}
1/9/2026, 5:42:29 pm | [2026-09-01T12:12:29.116Z] [LOG] {
  "screen": "LoginScreen",
  "event": "SCREEN_OPENED",
  "timestamp": "2026-09-01T12:12:29.116Z"
}
1/9/2026, 5:42:33 pm | [2026-09-01T12:12:33.312Z] [LOG] {
  "screen": "LoginScreen",
  "event": "LOGIN_BUTTON_CLICKED",
  "timestamp": "2026-09-01T12:12:33.312Z"
}
1/9/2026, 5:42:33 pm | [2026-09-01T12:12:33.315Z] [LOG] {
  "screen": "LoginScreen",
  "event": "LOADING_STARTED",
  "timestamp": "2026-09-01T12:12:33.315Z"
}
1/9/2026, 5:42:33 pm | [2026-09-01T12:12:33.551Z] [LOG] {
  "screen": "LoginScreen",
  "event": "LOGIN_SUCCESS",
  "user": {
    "empNo": "461",
    "employeeName": "B Rama Rao",
    "branchCode": "29",
    "branchName": "Visakhapatnam",
    "designation": "Branch Manager"
  },
  "timestamp": "2026-09-01T12:12:33.551Z"
}
1/9/2026, 5:42:33 pm | [2026-09-01T12:12:33.576Z] [LOG] {
  "screen": "LoginScreen",
  "event": "USER_DATA_SAVED",
  "timestamp": "2026-09-01T12:12:33.575Z"
}
1/9/2026, 5:42:33 pm | [2026-09-01T12:12:33.578Z] [LOG] {
  "event": "NAVIGATING_TO_USER"
}
1/9/2026, 5:42:33 pm | [2026-09-01T12:12:33.342Z] [LOG] {
  "screen": "LoginScreen",
  "event": "LOGIN_API_STARTED",
  "deviceId": "a1db35a5c9eadee2",
  "timestamp": "2026-09-01T12:12:33.342Z"
}
1/9/2026, 5:42:33 pm | [2026-09-01T12:12:33.341Z] [LOG] {
  "empNo": "",
  "deviceId": "a1db35a5c9eadee2"
}
1/9/2026, 5:42:33 pm | [2026-09-01T12:12:33.340Z] [LOG] {
  "screen": "LoginScreen",
  "event": "DEVICE_ID_FETCHED",
  "deviceId": "a1db35a5c9eadee2",
  "timestamp": "2026-09-01T12:12:33.340Z"
}
1/9/2026, 5:42:33 pm | [2026-09-01T12:12:33.580Z] [LOG] {
  "screen": "LoginScreen",
  "event": "LOADING_COMPLETED",
  "timestamp": "2026-09-01T12:12:33.580Z"
}
1/9/2026, 5:42:33 pm | [2026-09-01T12:12:33.598Z] [LOG] {
  "screen": "UserDashboard",
  "event": "SCREEN_OPENED",
  "empNo": "UNKNOWN",
  "timestamp": "2026-09-01T12:12:33.598Z"
}
1/9/2026, 5:42:33 pm | [2026-09-01T12:12:33.598Z] [LOG] {
  "screen": "UserDashboard",
  "event": "LOAD_EMPLOYEE_STARTED",
  "empNo": "UNKNOWN",
  "timestamp": "2026-09-01T12:12:33.598Z"
}
1/9/2026, 5:42:33 pm | [2026-09-01T12:12:33.611Z] [LOG] {
  "screen": "UserDashboard",
  "event": "EMPLOYEE_API_STARTED",
  "empNo": "461",
  "timestamp": "2026-09-01T12:12:33.611Z"
}
1/9/2026, 5:42:33 pm | [2026-09-01T12:12:33.606Z] [LOG] {
  "screen": "UserDashboard",
  "event": "LOGGED_USER_FETCHED",
  "hasUser": true,
  "empNo": "UNKNOWN",
  "timestamp": "2026-09-01T12:12:33.606Z"
}
1/9/2026, 5:42:33 pm | [2026-09-01T12:12:33.945Z] [LOG] {
  "screen": "UserDashboard",
  "event": "EMPLOYEE_DATA_LOADED",
  "empNo": "461",
  "branch": "Visakhapatnam",
  "designation": "Branch Manager",
  "timestamp": "2026-09-01T12:12:33.945Z"
}
1/9/2026, 5:42:34 pm | [2026-09-01T12:12:34.136Z] [LOG] {
  "screen": "UserDashboard",
  "event": "LAST_SUBMISSION_LOADED",
  "previousDayAmount": 752368,
  "previousDaySubmittedAt": "2026-08-31 17:44:32",
  "formattedPreviousDayTime": "31/8/2026, 5:44 pm",
  "empNo": "",
  "timestamp": "2026-09-01T12:12:34.136Z"
}
1/9/2026, 5:42:34 pm | [2026-09-01T12:12:34.216Z] [LOG] {
  "screen": "UserDashboard",
  "event": "LOADING_COMPLETED",
  "empNo": "UNKNOWN",
  "timestamp": "2026-09-01T12:12:34.216Z"
}
1/9/2026, 5:42:49 pm | [2026-09-01T12:12:49.760Z] [LOG] {
  "screen": "WelcomeScreen",
  "event": "SCREEN_OPENED",
  "timestamp": "2026-09-01T12:12:49.760Z"
}
1/9/2026, 5:42:49 pm | [2026-09-01T12:12:49.590Z] [LOG] Running "CashClosingApp"
1/9/2026, 5:42:50 pm | [2026-09-01T12:12:50.676Z] [LOG] {
  "screen": "WelcomeScreen",
  "event": "LOGIN_BUTTON_CLICKED",
  "timestamp": "2026-09-01T12:12:50.676Z"
}
1/9/2026, 5:42:50 pm | [2026-09-01T12:12:50.722Z] [LOG] {
  "screen": "LoginScreen",
  "event": "SCREEN_OPENED",
  "timestamp": "2026-09-01T12:12:50.722Z"
}
1/9/2026, 5:42:54 pm | [2026-09-01T12:12:55.216Z] [LOG] {
  "screen": "LoginScreen",
  "event": "LOADING_STARTED",
  "timestamp": "2026-09-01T12:12:55.215Z"
}
1/9/2026, 5:42:54 pm | [2026-09-01T12:12:55.212Z] [LOG] {
  "screen": "LoginScreen",
  "event": "LOGIN_BUTTON_CLICKED",
  "timestamp": "2026-09-01T12:12:55.212Z"
}
1/9/2026, 5:42:55 pm | [2026-09-01T12:12:55.433Z] [LOG] {
  "screen": "LoginScreen",
  "event": "LOGIN_SUCCESS",
  "user": {
    "empNo": "544",
    "employeeName": "P Subba Rao",
    "branchCode": "53",
    "branchName": "Lingapuram",
    "designation": "Branch Manager"
  },
  "timestamp": "2026-09-01T12:12:55.433Z"
}
1/9/2026, 5:42:55 pm | [2026-09-01T12:12:55.471Z] [LOG] {
  "screen": "LoginScreen",
  "event": "USER_DATA_SAVED",
  "timestamp": "2026-09-01T12:12:55.471Z"
}
1/9/2026, 5:42:55 pm | [2026-09-01T12:12:55.472Z] [LOG] {
  "event": "NAVIGATING_TO_USER"
}
1/9/2026, 5:42:55 pm | [2026-09-01T12:12:55.255Z] [LOG] {
  "screen": "LoginScreen",
  "event": "LOGIN_API_STARTED",
  "deviceId": "d99a65c1c671a184",
  "timestamp": "2026-09-01T12:12:55.254Z"
}
1/9/2026, 5:42:55 pm | [2026-09-01T12:12:55.253Z] [LOG] {
  "empNo": "",
  "deviceId": "d99a65c1c671a184"
}
1/9/2026, 5:42:55 pm | [2026-09-01T12:12:55.473Z] [LOG] {
  "screen": "LoginScreen",
  "event": "LOADING_COMPLETED",
  "timestamp": "2026-09-01T12:12:55.473Z"
}
1/9/2026, 5:42:55 pm | [2026-09-01T12:12:55.251Z] [LOG] {
  "screen": "LoginScreen",
  "event": "DEVICE_ID_FETCHED",
  "deviceId": "d99a65c1c671a184",
  "timestamp": "2026-09-01T12:12:55.251Z"
}
1/9/2026, 5:42:55 pm | [2026-09-01T12:12:55.485Z] [LOG] {
  "screen": "UserDashboard",
  "event": "LOAD_EMPLOYEE_STARTED",
  "empNo": "UNKNOWN",
  "timestamp": "2026-09-01T12:12:55.485Z"
}
1/9/2026, 5:42:55 pm | [2026-09-01T12:12:55.485Z] [LOG] {
  "screen": "UserDashboard",
  "event": "SCREEN_OPENED",
  "empNo": "UNKNOWN",
  "timestamp": "2026-09-01T12:12:55.485Z"
}
1/9/2026, 5:42:55 pm | [2026-09-01T12:12:55.502Z] [LOG] {
  "screen": "UserDashboard",
  "event": "LOGGED_USER_FETCHED",
  "hasUser": true,
  "empNo": "UNKNOWN",
  "timestamp": "2026-09-01T12:12:55.502Z"
}
1/9/2026, 5:42:55 pm | [2026-09-01T12:12:55.502Z] [LOG] {
  "screen": "UserDashboard",
  "event": "EMPLOYEE_API_STARTED",
  "empNo": "544",
  "timestamp": "2026-09-01T12:12:55.502Z"
}
1/9/2026, 5:42:55 pm | [2026-09-01T12:12:55.725Z] [LOG] {
  "screen": "UserDashboard",
  "event": "EMPLOYEE_DATA_LOADED",
  "empNo": "544",
  "branch": "Lingapuram",
  "designation": "Branch Manager",
  "timestamp": "2026-09-01T12:12:55.725Z"
}
1/9/2026, 5:42:55 pm | [2026-09-01T12:12:55.871Z] [LOG] {
  "screen": "UserDashboard",
  "event": "LAST_SUBMISSION_LOADED",
  "previousDayAmount": 358500,
  "previousDaySubmittedAt": "2026-08-31 17:55:49",
  "formattedPreviousDayTime": "31/8/2026, 5:55 pm",
  "empNo": "",
  "timestamp": "2026-09-01T12:12:55.871Z"
}
1/9/2026, 5:42:55 pm | [2026-09-01T12:12:55.958Z] [LOG] {
  "screen": "UserDashboard",
  "event": "LOADING_COMPLETED",
  "empNo": "UNKNOWN",
  "timestamp": "2026-09-01T12:12:55.958Z"
}
1/9/2026, 5:43:04 pm | [2026-09-01T12:13:03.840Z] [LOG] {
  "screen": "UserDashboard",
  "event": "SAVE_BUTTON_CLICKED",
  "empNo": "461",
  "amount": "926138",
  "isEditing": false,
  "timestamp": "2026-09-01T12:13:03.839Z"
}
1/9/2026, 5:43:04 pm | [2026-09-01T12:13:05.004Z] [LOG] {
  "screen": "UserDashboard",
  "event": "SAVE_CASH_API_STARTED",
  "empNo": "461",
  "amount": "926138",
  "timestamp": "2026-09-01T12:13:05.004Z"
}
1/9/2026, 5:43:05 pm | [2026-09-01T12:13:05.522Z] [LOG] {
  "screen": "UserDashboard",
  "event": "SAVE_CASH_SUCCESS",
  "empNo": "461",
  "savedAmount": "926138",
  "savedAt": "2026-09-01T12:13:05.503Z",
  "formattedSaveTime": "5:43 pm",
  "isEditing": false,
  "timestamp": "2026-09-01T12:13:05.522Z"
}
1/9/2026, 5:43:11 pm | [2026-09-01T12:13:11.815Z] [LOG] {
  "screen": "UserDashboard",
  "event": "SAVE_BUTTON_CLICKED",
  "empNo": "544",
  "amount": "594468",
  "isEditing": false,
  "timestamp": "2026-09-01T12:13:11.815Z"
}
1/9/2026, 5:43:12 pm | [2026-09-01T12:13:13.281Z] [LOG] {
  "screen": "UserDashboard",
  "event": "SAVE_CASH_API_STARTED",
  "empNo": "544",
  "amount": "594468",
  "timestamp": "2026-09-01T12:13:13.281Z"
}
1/9/2026, 5:43:13 pm | [2026-09-01T12:13:13.676Z] [LOG] {
  "screen": "UserDashboard",
  "event": "SAVE_CASH_SUCCESS",
  "empNo": "544",
  "savedAmount": "594468",
  "savedAt": "2026-09-01T12:13:13.638Z",
  "formattedSaveTime": "5:43 pm",
  "isEditing": false,
  "timestamp": "2026-09-01T12:13:13.676Z"
}
1/9/2026, 5:43:28 pm | [2026-09-01T12:13:27.253Z] [LOG] Running "CashClosingApp"
1/9/2026, 5:43:28 pm | [2026-09-01T12:13:27.427Z] [LOG] {
  "screen": "WelcomeScreen",
  "event": "SCREEN_OPENED",
  "timestamp": "2026-09-01T12:13:27.427Z"
}
1/9/2026, 5:43:28 pm | [2026-09-01T12:13:28.422Z] [LOG] {
  "screen": "WelcomeScreen",
  "event": "LOGIN_BUTTON_CLICKED",
  "timestamp": "2026-09-01T12:13:28.421Z"
}
1/9/2026, 5:43:28 pm | [2026-09-01T12:13:28.461Z] [LOG] {
  "screen": "LoginScreen",
  "event": "SCREEN_OPENED",
  "timestamp": "2026-09-01T12:13:28.461Z"
}
1/9/2026, 5:43:33 pm | [2026-09-01T12:13:33.326Z] [LOG] {
  "screen": "LoginScreen",
  "event": "LOADING_STARTED",
  "timestamp": "2026-09-01T12:13:33.326Z"
}
1/9/2026, 5:43:33 pm | [2026-09-01T12:13:33.325Z] [LOG] {
  "screen": "LoginScreen",
  "event": "LOGIN_BUTTON_CLICKED",
  "timestamp": "2026-09-01T12:13:33.324Z"
}
1/9/2026, 5:43:33 pm | [2026-09-01T12:13:33.461Z] [LOG] {
  "screen": "LoginScreen",
  "event": "LOGIN_SUCCESS",
  "user": {
    "empNo": "441",
    "employeeName": "V.S.N.L.V.Vara Prasad",
    "branchCode": "56",
    "branchName": "Singarayapalem",
    "designation": "Branch Manager"
  },
  "timestamp": "2026-09-01T12:13:33.461Z"
}
1/9/2026, 5:43:33 pm | [2026-09-01T12:13:33.480Z] [LOG] {
  "screen": "LoginScreen",
  "event": "USER_DATA_SAVED",
  "timestamp": "2026-09-01T12:13:33.480Z"
}
1/9/2026, 5:43:33 pm | [2026-09-01T12:13:33.337Z] [LOG] {
  "screen": "LoginScreen",
  "event": "DEVICE_ID_FETCHED",
  "deviceId": "55c99c146c54efde",
  "timestamp": "2026-09-01T12:13:33.337Z"
}
1/9/2026, 5:43:33 pm | [2026-09-01T12:13:33.481Z] [LOG] {
  "event": "NAVIGATING_TO_USER"
}
1/9/2026, 5:43:33 pm | [2026-09-01T12:13:33.338Z] [LOG] {
  "screen": "LoginScreen",
  "event": "LOGIN_API_STARTED",
  "deviceId": "55c99c146c54efde",
  "timestamp": "2026-09-01T12:13:33.338Z"
}
1/9/2026, 5:43:33 pm | [2026-09-01T12:13:33.338Z] [LOG] {
  "empNo": "",
  "deviceId": "55c99c146c54efde"
}
1/9/2026, 5:43:33 pm | [2026-09-01T12:13:33.482Z] [LOG] {
  "screen": "LoginScreen",
  "event": "LOADING_COMPLETED",
  "timestamp": "2026-09-01T12:13:33.482Z"
}
1/9/2026, 5:43:33 pm | [2026-09-01T12:13:33.496Z] [LOG] {
  "screen": "UserDashboard",
  "event": "LOGGED_USER_FETCHED",
  "hasUser": true,
  "empNo": "UNKNOWN",
  "timestamp": "2026-09-01T12:13:33.496Z"
}
1/9/2026, 5:43:33 pm | [2026-09-01T12:13:33.497Z] [LOG] {
  "screen": "UserDashboard",
  "event": "EMPLOYEE_API_STARTED",
  "empNo": "441",
  "timestamp": "2026-09-01T12:13:33.497Z"
}
1/9/2026, 5:43:33 pm | [2026-09-01T12:13:33.491Z] [LOG] {
  "screen": "UserDashboard",
  "event": "SCREEN_OPENED",
  "empNo": "UNKNOWN",
  "timestamp": "2026-09-01T12:13:33.491Z"
}
1/9/2026, 5:43:33 pm | [2026-09-01T12:13:33.493Z] [LOG] {
  "screen": "UserDashboard",
  "event": "LOAD_EMPLOYEE_STARTED",
  "empNo": "UNKNOWN",
  "timestamp": "2026-09-01T12:13:33.493Z"
}
1/9/2026, 5:43:34 pm | [2026-09-01T12:13:33.760Z] [LOG] {
  "screen": "UserDashboard",
  "event": "EMPLOYEE_DATA_LOADED",
  "empNo": "441",
  "branch": "Singarayapalem",
  "designation": "Branch Manager",
  "timestamp": "2026-09-01T12:13:33.760Z"
}
1/9/2026, 5:43:34 pm | [2026-09-01T12:13:33.880Z] [LOG] {
  "screen": "UserDashboard",
  "event": "LAST_SUBMISSION_LOADED",
  "previousDayAmount": 860000,
  "previousDaySubmittedAt": "2026-08-31 17:42:47",
  "formattedPreviousDayTime": "31/8/2026, 5:42 pm",
  "empNo": "",
  "timestamp": "2026-09-01T12:13:33.880Z"
}
1/9/2026, 5:43:34 pm | [2026-09-01T12:13:33.931Z] [LOG] {
  "screen": "UserDashboard",
  "event": "LOADING_COMPLETED",
  "empNo": "UNKNOWN",
  "timestamp": "2026-09-01T12:13:33.931Z"
}
1/9/2026, 5:43:43 pm | [2026-09-01T12:13:43.580Z] [LOG] {
  "screen": "UserDashboard",
  "event": "SAVE_BUTTON_CLICKED",
  "empNo": "441",
  "amount": "538500",
  "isEditing": false,
  "timestamp": "2026-09-01T12:13:43.580Z"
}
1/9/2026, 5:43:45 pm | [2026-09-01T12:13:44.636Z] [LOG] {
  "screen": "LoginScreen",
  "event": "DEVICE_ID_FETCHED",
  "deviceId": "b56ab923474b0709",
  "timestamp": "2026-09-01T12:13:44.636Z"
}
1/9/2026, 5:43:45 pm | [2026-09-01T12:13:44.622Z] [LOG] {
  "screen": "LoginScreen",
  "event": "LOADING_STARTED",
  "timestamp": "2026-09-01T12:13:44.622Z"
}
1/9/2026, 5:43:45 pm | [2026-09-01T12:13:44.638Z] [LOG] {
  "empNo": "",
  "deviceId": "b56ab923474b0709"
}
1/9/2026, 5:43:45 pm | [2026-09-01T12:13:44.614Z] [LOG] {
  "screen": "LoginScreen",
  "event": "LOGIN_BUTTON_CLICKED",
  "timestamp": "2026-09-01T12:13:44.614Z"
}
1/9/2026, 5:43:45 pm | [2026-09-01T12:13:44.640Z] [LOG] {
  "screen": "LoginScreen",
  "event": "LOGIN_API_STARTED",
  "deviceId": "b56ab923474b0709",
  "timestamp": "2026-09-01T12:13:44.640Z"
}
1/9/2026, 5:43:45 pm | [2026-09-01T12:13:45.093Z] [LOG] {
  "screen": "UserDashboard",
  "event": "SAVE_CASH_API_STARTED",
  "empNo": "441",
  "amount": "538500",
  "timestamp": "2026-09-01T12:13:45.093Z"
}
1/9/2026, 5:43:45 pm | [2026-09-01T12:13:45.735Z] [LOG] {
  "screen": "LoginScreen",
  "event": "LOGIN_SUCCESS",
  "user": {
    "empNo": "599",
    "employeeName": "K Avinash",
    "branchCode": "15",
    "branchName": "Bhimavaram",
    "designation": "Branch Manager"
  },
  "timestamp": "2026-09-01T12:13:45.735Z"
}
1/9/2026, 5:43:45 pm | [2026-09-01T12:13:45.751Z] [LOG] {
  "screen": "LoginScreen",
  "event": "USER_DATA_SAVED",
  "timestamp": "2026-09-01T12:13:45.751Z"
}
1/9/2026, 5:43:45 pm | [2026-09-01T12:13:45.754Z] [LOG] {
  "event": "NAVIGATING_TO_USER"
}
1/9/2026, 5:43:45 pm | [2026-09-01T12:13:45.757Z] [LOG] {
  "screen": "LoginScreen",
  "event": "LOADING_COMPLETED",
  "timestamp": "2026-09-01T12:13:45.757Z"
}
1/9/2026, 5:43:45 pm | [2026-09-01T12:13:45.785Z] [LOG] {
  "screen": "UserDashboard",
  "event": "SCREEN_OPENED",
  "empNo": "UNKNOWN",
  "timestamp": "2026-09-01T12:13:45.785Z"
}
1/9/2026, 5:43:45 pm | [2026-09-01T12:13:45.787Z] [LOG] {
  "screen": "UserDashboard",
  "event": "LOAD_EMPLOYEE_STARTED",
  "empNo": "UNKNOWN",
  "timestamp": "2026-09-01T12:13:45.787Z"
}
1/9/2026, 5:43:45 pm | [2026-09-01T12:13:45.791Z] [LOG] {
  "screen": "UserDashboard",
  "event": "LOGGED_USER_FETCHED",
  "hasUser": true,
  "empNo": "UNKNOWN",
  "timestamp": "2026-09-01T12:13:45.791Z"
}
1/9/2026, 5:43:45 pm | [2026-09-01T12:13:45.320Z] [LOG] {
  "screen": "UserDashboard",
  "event": "SAVE_CASH_SUCCESS",
  "empNo": "441",
  "savedAmount": "538500",
  "savedAt": "2026-09-01T12:13:45.313Z",
  "formattedSaveTime": "5:43 pm",
  "isEditing": false,
  "timestamp": "2026-09-01T12:13:45.320Z"
}
1/9/2026, 5:43:45 pm | [2026-09-01T12:13:45.792Z] [LOG] {
  "screen": "UserDashboard",
  "event": "EMPLOYEE_API_STARTED",
  "empNo": "599",
  "timestamp": "2026-09-01T12:13:45.792Z"
}
1/9/2026, 5:43:45 pm | [2026-09-01T12:13:46.100Z] [LOG] {
  "screen": "UserDashboard",
  "event": "EMPLOYEE_DATA_LOADED",
  "empNo": "599",
  "branch": "Bhimavaram",
  "designation": "Branch Manager",
  "timestamp": "2026-09-01T12:13:46.100Z"
}
1/9/2026, 5:43:45 pm | [2026-09-01T12:13:46.252Z] [LOG] {
  "screen": "UserDashboard",
  "event": "LAST_SUBMISSION_LOADED",
  "previousDayAmount": 1400000,
  "previousDaySubmittedAt": "2026-08-31 17:53:38",
  "formattedPreviousDayTime": "31/8/2026, 5:53 pm",
  "empNo": "",
  "timestamp": "2026-09-01T12:13:46.252Z"
}
1/9/2026, 5:43:45 pm | [2026-09-01T12:13:46.345Z] [LOG] {
  "screen": "UserDashboard",
  "event": "LOADING_COMPLETED",
  "empNo": "UNKNOWN",
  "timestamp": "2026-09-01T12:13:46.345Z"
}
1/9/2026, 5:44:01 pm | [2026-09-01T12:14:01.422Z] [LOG] {
  "screen": "UserDashboard",
  "event": "SAVE_BUTTON_CLICKED",
  "empNo": "599",
  "amount": "1180000",
  "isEditing": false,
  "timestamp": "2026-09-01T12:14:01.422Z"
}
1/9/2026, 5:44:02 pm | [2026-09-01T12:14:02.498Z] [LOG] {
  "screen": "UserDashboard",
  "event": "SAVE_CASH_SUCCESS",
  "empNo": "599",
  "savedAmount": "1180000",
  "savedAt": "2026-09-01T12:14:02.487Z",
  "formattedSaveTime": "5:44 pm",
  "isEditing": false,
  "timestamp": "2026-09-01T12:14:02.498Z"
}
1/9/2026, 5:44:02 pm | [2026-09-01T12:14:02.325Z] [LOG] {
  "screen": "UserDashboard",
  "event": "SAVE_CASH_API_STARTED",
  "empNo": "599",
  "amount": "1180000",
  "timestamp": "2026-09-01T12:14:02.325Z"
}
1/9/2026, 5:44:32 pm | [2026-09-01T12:14:31.993Z] [LOG] Running "CashClosingApp"
1/9/2026, 5:44:32 pm | [2026-09-01T12:14:32.180Z] [LOG] {
  "screen": "WelcomeScreen",
  "event": "SCREEN_OPENED",
  "timestamp": "2026-09-01T12:14:32.180Z"
}
1/9/2026, 5:44:33 pm | [2026-09-01T12:14:33.330Z] [LOG] {
  "screen": "WelcomeScreen",
  "event": "LOGIN_BUTTON_CLICKED",
  "timestamp": "2026-09-01T12:14:33.330Z"
}
1/9/2026, 5:44:33 pm | [2026-09-01T12:14:33.365Z] [LOG] {
  "screen": "LoginScreen",
  "event": "SCREEN_OPENED",
  "timestamp": "2026-09-01T12:14:33.365Z"
}
1/9/2026, 5:44:37 pm | [2026-09-01T12:14:36.833Z] [LOG] {
  "screen": "LoginScreen",
  "event": "LOGIN_BUTTON_CLICKED",
  "timestamp": "2026-09-01T12:14:36.833Z"
}
1/9/2026, 5:44:37 pm | [2026-09-01T12:14:36.834Z] [LOG] {
  "screen": "LoginScreen",
  "event": "LOADING_STARTED",
  "timestamp": "2026-09-01T12:14:36.834Z"
}
1/9/2026, 5:44:37 pm | [2026-09-01T12:14:36.973Z] [LOG] {
  "screen": "LoginScreen",
  "event": "LOGIN_SUCCESS",
  "user": {
    "empNo": "219",
    "employeeName": "K. Srinivas",
    "branchCode": "54",
    "branchName": "Nidadavolu",
    "designation": "Branch Manager"
  },
  "timestamp": "2026-09-01T12:14:36.973Z"
}
1/9/2026, 5:44:37 pm | [2026-09-01T12:14:36.985Z] [LOG] {
  "screen": "LoginScreen",
  "event": "USER_DATA_SAVED",
  "timestamp": "2026-09-01T12:14:36.984Z"
}
1/9/2026, 5:44:37 pm | [2026-09-01T12:14:36.986Z] [LOG] {
  "event": "NAVIGATING_TO_USER"
}
1/9/2026, 5:44:37 pm | [2026-09-01T12:14:36.843Z] [LOG] {
  "screen": "LoginScreen",
  "event": "LOGIN_API_STARTED",
  "deviceId": "bc0b57a8682b129c",
  "timestamp": "2026-09-01T12:14:36.843Z"
}
1/9/2026, 5:44:37 pm | [2026-09-01T12:14:36.842Z] [LOG] {
  "screen": "LoginScreen",
  "event": "DEVICE_ID_FETCHED",
  "deviceId": "bc0b57a8682b129c",
  "timestamp": "2026-09-01T12:14:36.842Z"
}
1/9/2026, 5:44:37 pm | [2026-09-01T12:14:36.843Z] [LOG] {
  "empNo": "",
  "deviceId": "bc0b57a8682b129c"
}
1/9/2026, 5:44:37 pm | [2026-09-01T12:14:36.987Z] [LOG] {
  "screen": "LoginScreen",
  "event": "LOADING_COMPLETED",
  "timestamp": "2026-09-01T12:14:36.987Z"
}
1/9/2026, 5:44:37 pm | [2026-09-01T12:14:36.995Z] [LOG] {
  "screen": "UserDashboard",
  "event": "SCREEN_OPENED",
  "empNo": "UNKNOWN",
  "timestamp": "2026-09-01T12:14:36.995Z"
}
1/9/2026, 5:44:37 pm | [2026-09-01T12:14:36.995Z] [LOG] {
  "screen": "UserDashboard",
  "event": "LOAD_EMPLOYEE_STARTED",
  "empNo": "UNKNOWN",
  "timestamp": "2026-09-01T12:14:36.995Z"
}
1/9/2026, 5:44:37 pm | [2026-09-01T12:14:36.998Z] [LOG] {
  "screen": "UserDashboard",
  "event": "LOGGED_USER_FETCHED",
  "hasUser": true,
  "empNo": "UNKNOWN",
  "timestamp": "2026-09-01T12:14:36.997Z"
}
1/9/2026, 5:44:37 pm | [2026-09-01T12:14:36.998Z] [LOG] {
  "screen": "UserDashboard",
  "event": "EMPLOYEE_API_STARTED",
  "empNo": "219",
  "timestamp": "2026-09-01T12:14:36.998Z"
}
1/9/2026, 5:44:37 pm | [2026-09-01T12:14:37.158Z] [LOG] {
  "screen": "UserDashboard",
  "event": "EMPLOYEE_DATA_LOADED",
  "empNo": "219",
  "branch": "Nidadavolu",
  "designation": "Branch Manager",
  "timestamp": "2026-09-01T12:14:37.158Z"
}
1/9/2026, 5:44:37 pm | [2026-09-01T12:14:37.264Z] [LOG] {
  "screen": "UserDashboard",
  "event": "LAST_SUBMISSION_LOADED",
  "previousDayAmount": 281355,
  "previousDaySubmittedAt": "2026-08-31 17:26:59",
  "formattedPreviousDayTime": "31/8/2026, 5:26 pm",
  "empNo": "",
  "timestamp": "2026-09-01T12:14:37.264Z"
}
1/9/2026, 5:44:37 pm | [2026-09-01T12:14:37.326Z] [LOG] {
  "screen": "UserDashboard",
  "event": "LOADING_COMPLETED",
  "empNo": "UNKNOWN",
  "timestamp": "2026-09-01T12:14:37.326Z"
}
1/9/2026, 5:44:41 pm | [2026-09-01T12:14:41.681Z] [LOG] {
  "screen": "UserDashboard",
  "event": "SAVE_BUTTON_CLICKED",
  "empNo": "219",
  "amount": "274631",
  "isEditing": false,
  "timestamp": "2026-09-01T12:14:41.680Z"
}
1/9/2026, 5:44:43 pm | [2026-09-01T12:14:42.952Z] [LOG] {
  "screen": "UserDashboard",
  "event": "SAVE_CASH_API_STARTED",
  "empNo": "219",
  "amount": "274631",
  "timestamp": "2026-09-01T12:14:42.951Z"
}
1/9/2026, 5:44:43 pm | [2026-09-01T12:14:43.068Z] [LOG] {
  "screen": "UserDashboard",
  "event": "SAVE_CASH_SUCCESS",
  "empNo": "219",
  "savedAmount": "274631",
  "savedAt": "2026-09-01T12:14:43.055Z",
  "formattedSaveTime": "5:44 pm",
  "isEditing": false,
  "timestamp": "2026-09-01T12:14:43.068Z"
}
1/9/2026, 5:44:56 pm | [2026-09-01T12:14:55.226Z] [LOG] {
  "screen": "WelcomeScreen",
  "event": "SCREEN_OPENED",
  "timestamp": "2026-09-01T12:14:55.226Z"
}
1/9/2026, 5:44:56 pm | [2026-09-01T12:14:55.080Z] [LOG] Running "CashClosingApp"
1/9/2026, 5:44:58 pm | [2026-09-01T12:14:57.601Z] [LOG] {
  "screen": "WelcomeScreen",
  "event": "LOGIN_BUTTON_CLICKED",
  "timestamp": "2026-09-01T12:14:57.601Z"
}
1/9/2026, 5:44:58 pm | [2026-09-01T12:14:57.654Z] [LOG] {
  "screen": "LoginScreen",
  "event": "SCREEN_OPENED",
  "timestamp": "2026-09-01T12:14:57.654Z"
}
1/9/2026, 5:45:03 pm | [2026-09-01T12:15:02.205Z] [LOG] {
  "screen": "LoginScreen",
  "event": "LOGIN_BUTTON_CLICKED",
  "timestamp": "2026-09-01T12:15:02.205Z"
}
1/9/2026, 5:45:03 pm | [2026-09-01T12:15:02.347Z] [LOG] {
  "screen": "LoginScreen",
  "event": "LOGIN_SUCCESS",
  "user": {
    "empNo": "1037",
    "employeeName": "N Nageswara Rao",
    "branchCode": "33",
    "branchName": "Sarpavaram",
    "designation": "Branch Manager"
  },
  "timestamp": "2026-09-01T12:15:02.347Z"
}
1/9/2026, 5:45:03 pm | [2026-09-01T12:15:02.375Z] [LOG] {
  "screen": "LoginScreen",
  "event": "USER_DATA_SAVED",
  "timestamp": "2026-09-01T12:15:02.375Z"
}
1/9/2026, 5:45:03 pm | [2026-09-01T12:15:02.206Z] [LOG] {
  "screen": "LoginScreen",
  "event": "LOADING_STARTED",
  "timestamp": "2026-09-01T12:15:02.206Z"
}
1/9/2026, 5:45:03 pm | [2026-09-01T12:15:02.233Z] [LOG] {
  "screen": "LoginScreen",
  "event": "LOGIN_API_STARTED",
  "deviceId": "9038a12f6eb33b33",
  "timestamp": "2026-09-01T12:15:02.233Z"
}
1/9/2026, 5:45:03 pm | [2026-09-01T12:15:02.232Z] [LOG] {
  "empNo": "",
  "deviceId": "9038a12f6eb33b33"
}
1/9/2026, 5:45:03 pm | [2026-09-01T12:15:02.231Z] [LOG] {
  "screen": "LoginScreen",
  "event": "DEVICE_ID_FETCHED",
  "deviceId": "9038a12f6eb33b33",
  "timestamp": "2026-09-01T12:15:02.231Z"
}
1/9/2026, 5:45:03 pm | [2026-09-01T12:15:02.377Z] [LOG] {
  "event": "NAVIGATING_TO_USER"
}
1/9/2026, 5:45:03 pm | [2026-09-01T12:15:02.378Z] [LOG] {
  "screen": "LoginScreen",
  "event": "LOADING_COMPLETED",
  "timestamp": "2026-09-01T12:15:02.378Z"
}
1/9/2026, 5:45:03 pm | [2026-09-01T12:15:02.391Z] [LOG] {
  "screen": "UserDashboard",
  "event": "SCREEN_OPENED",
  "empNo": "UNKNOWN",
  "timestamp": "2026-09-01T12:15:02.391Z"
}
1/9/2026, 5:45:03 pm | [2026-09-01T12:15:02.392Z] [LOG] {
  "screen": "UserDashboard",
  "event": "LOAD_EMPLOYEE_STARTED",
  "empNo": "UNKNOWN",
  "timestamp": "2026-09-01T12:15:02.392Z"
}
1/9/2026, 5:45:03 pm | [2026-09-01T12:15:02.404Z] [LOG] {
  "screen": "UserDashboard",
  "event": "EMPLOYEE_API_STARTED",
  "empNo": "1037",
  "timestamp": "2026-09-01T12:15:02.404Z"
}
1/9/2026, 5:45:03 pm | [2026-09-01T12:15:02.404Z] [LOG] {
  "screen": "UserDashboard",
  "event": "LOGGED_USER_FETCHED",
  "hasUser": true,
  "empNo": "UNKNOWN",
  "timestamp": "2026-09-01T12:15:02.404Z"
}
1/9/2026, 5:45:03 pm | [2026-09-01T12:15:02.574Z] [LOG] {
  "screen": "UserDashboard",
  "event": "EMPLOYEE_DATA_LOADED",
  "empNo": "1037",
  "branch": "Sarpavaram",
  "designation": "Branch Manager",
  "timestamp": "2026-09-01T12:15:02.574Z"
}
1/9/2026, 5:45:03 pm | [2026-09-01T12:15:02.717Z] [LOG] {
  "screen": "UserDashboard",
  "event": "LAST_SUBMISSION_LOADED",
  "previousDayAmount": 661225,
  "previousDaySubmittedAt": "2026-08-31 17:50:06",
  "formattedPreviousDayTime": "31/8/2026, 5:50 pm",
  "empNo": "",
  "timestamp": "2026-09-01T12:15:02.717Z"
}
1/9/2026, 5:45:03 pm | [2026-09-01T12:15:02.792Z] [LOG] {
  "screen": "UserDashboard",
  "event": "LOADING_COMPLETED",
  "empNo": "UNKNOWN",
  "timestamp": "2026-09-01T12:15:02.792Z"
}
1/9/2026, 5:45:07 pm | [2026-09-01T12:15:07.234Z] [LOG] {
  "screen": "WelcomeScreen",
  "event": "SCREEN_OPENED",
  "timestamp": "2026-09-01T12:15:07.234Z"
}
1/9/2026, 5:45:07 pm | [2026-09-01T12:15:07.126Z] [LOG] Running "CashClosingApp"
1/9/2026, 5:45:10 pm | [2026-09-01T12:15:10.719Z] [LOG] {
  "screen": "WelcomeScreen",
  "event": "LOGIN_BUTTON_CLICKED",
  "timestamp": "2026-09-01T12:15:10.715Z"
}
1/9/2026, 5:45:10 pm | [2026-09-01T12:15:10.750Z] [LOG] {
  "screen": "LoginScreen",
  "event": "SCREEN_OPENED",
  "timestamp": "2026-09-01T12:15:10.750Z"
}
1/9/2026, 5:45:13 pm | [2026-09-01T12:15:13.926Z] [LOG] {
  "screen": "LoginScreen",
  "event": "LOGIN_BUTTON_CLICKED",
  "timestamp": "2026-09-01T12:15:13.926Z"
}
1/9/2026, 5:45:13 pm | [2026-09-01T12:15:13.927Z] [LOG] {
  "screen": "LoginScreen",
  "event": "LOADING_STARTED",
  "timestamp": "2026-09-01T12:15:13.927Z"
}
1/9/2026, 5:45:13 pm | [2026-09-01T12:15:14.110Z] [LOG] {
  "screen": "LoginScreen",
  "event": "LOGIN_SUCCESS",
  "user": {
    "empNo": "294",
    "employeeName": "D. Vara Prasad",
    "branchCode": "1",
    "branchName": "Vijayawada",
    "designation": "Branch Manager"
  },
  "timestamp": "2026-09-01T12:15:14.110Z"
}
1/9/2026, 5:45:13 pm | [2026-09-01T12:15:13.932Z] [LOG] {
  "empNo": "",
  "deviceId": "737ffa3c70822aa7"
}
1/9/2026, 5:45:13 pm | [2026-09-01T12:15:13.932Z] [LOG] {
  "screen": "LoginScreen",
  "event": "LOGIN_API_STARTED",
  "deviceId": "737ffa3c70822aa7",
  "timestamp": "2026-09-01T12:15:13.932Z"
}
1/9/2026, 5:45:13 pm | [2026-09-01T12:15:13.932Z] [LOG] {
  "screen": "LoginScreen",
  "event": "DEVICE_ID_FETCHED",
  "deviceId": "737ffa3c70822aa7",
  "timestamp": "2026-09-01T12:15:13.932Z"
}
1/9/2026, 5:45:13 pm | [2026-09-01T12:15:14.118Z] [LOG] {
  "screen": "LoginScreen",
  "event": "USER_DATA_SAVED",
  "timestamp": "2026-09-01T12:15:14.118Z"
}
1/9/2026, 5:45:13 pm | [2026-09-01T12:15:14.119Z] [LOG] {
  "event": "NAVIGATING_TO_USER"
}
1/9/2026, 5:45:13 pm | [2026-09-01T12:15:14.128Z] [LOG] {
  "screen": "UserDashboard",
  "event": "SCREEN_OPENED",
  "empNo": "UNKNOWN",
  "timestamp": "2026-09-01T12:15:14.128Z"
}
1/9/2026, 5:45:13 pm | [2026-09-01T12:15:14.131Z] [LOG] {
  "screen": "UserDashboard",
  "event": "LOGGED_USER_FETCHED",
  "hasUser": true,
  "empNo": "UNKNOWN",
  "timestamp": "2026-09-01T12:15:14.131Z"
}
1/9/2026, 5:45:13 pm | [2026-09-01T12:15:14.120Z] [LOG] {
  "screen": "LoginScreen",
  "event": "LOADING_COMPLETED",
  "timestamp": "2026-09-01T12:15:14.120Z"
}
1/9/2026, 5:45:13 pm | [2026-09-01T12:15:14.132Z] [LOG] {
  "screen": "UserDashboard",
  "event": "EMPLOYEE_API_STARTED",
  "empNo": "294",
  "timestamp": "2026-09-01T12:15:14.132Z"
}
1/9/2026, 5:45:13 pm | [2026-09-01T12:15:14.128Z] [LOG] {
  "screen": "UserDashboard",
  "event": "LOAD_EMPLOYEE_STARTED",
  "empNo": "UNKNOWN",
  "timestamp": "2026-09-01T12:15:14.128Z"
}
1/9/2026, 5:45:13 pm | [2026-09-01T12:15:14.306Z] [LOG] {
  "screen": "UserDashboard",
  "event": "EMPLOYEE_DATA_LOADED",
  "empNo": "294",
  "branch": "Vijayawada",
  "designation": "Branch Manager",
  "timestamp": "2026-09-01T12:15:14.306Z"
}
1/9/2026, 5:45:13 pm | [2026-09-01T12:15:14.400Z] [LOG] {
  "screen": "UserDashboard",
  "event": "LAST_SUBMISSION_LOADED",
  "previousDayAmount": 2900000,
  "previousDaySubmittedAt": "2026-08-31 17:46:04",
  "formattedPreviousDayTime": "31/8/2026, 5:46 pm",
  "empNo": "",
  "timestamp": "2026-09-01T12:15:14.400Z"
}
1/9/2026, 5:45:14 pm | [2026-09-01T12:15:14.444Z] [LOG] {
  "screen": "UserDashboard",
  "event": "LOADING_COMPLETED",
  "empNo": "UNKNOWN",
  "timestamp": "2026-09-01T12:15:14.444Z"
}
1/9/2026, 5:45:16 pm | [2026-09-01T12:15:16.701Z] [LOG] {
  "screen": "WelcomeScreen",
  "event": "SCREEN_OPENED",
  "timestamp": "2026-09-01T12:15:16.701Z"
}
1/9/2026, 5:45:16 pm | [2026-09-01T12:15:16.578Z] [LOG] Running "CashClosingApp"
1/9/2026, 5:45:16 pm | [2026-09-01T12:15:17.449Z] [LOG] {
  "screen": "WelcomeScreen",
  "event": "LOGIN_BUTTON_CLICKED",
  "timestamp": "2026-09-01T12:15:17.449Z"
}
1/9/2026, 5:45:16 pm | [2026-09-01T12:15:17.476Z] [LOG] {
  "screen": "LoginScreen",
  "event": "SCREEN_OPENED",
  "timestamp": "2026-09-01T12:15:17.476Z"
}
1/9/2026, 5:45:19 pm | [2026-09-01T12:15:20.207Z] [LOG] {
  "screen": "UserDashboard",
  "event": "SAVE_BUTTON_CLICKED",
  "empNo": "294",
  "amount": "2000000",
  "isEditing": false,
  "timestamp": "2026-09-01T12:15:20.207Z"
}
1/9/2026, 5:45:19 pm | [2026-09-01T12:15:20.507Z] [LOG] {
  "screen": "LoginScreen",
  "event": "LOADING_STARTED",
  "timestamp": "2026-09-01T12:15:20.507Z"
}
1/9/2026, 5:45:19 pm | [2026-09-01T12:15:20.506Z] [LOG] {
  "screen": "LoginScreen",
  "event": "LOGIN_BUTTON_CLICKED",
  "timestamp": "2026-09-01T12:15:20.506Z"
}
1/9/2026, 5:45:19 pm | [2026-09-01T12:15:20.636Z] [LOG] {
  "screen": "LoginScreen",
  "event": "LOGIN_SUCCESS",
  "user": {
    "empNo": "522",
    "employeeName": "Sasanka Madala",
    "branchCode": "43",
    "branchName": "Praja Sakthi Nagar",
    "designation": "Branch Manager"
  },
  "timestamp": "2026-09-01T12:15:20.636Z"
}
1/9/2026, 5:45:19 pm | [2026-09-01T12:15:20.522Z] [LOG] {
  "screen": "LoginScreen",
  "event": "LOGIN_API_STARTED",
  "deviceId": "f4ef783cd33635e6",
  "timestamp": "2026-09-01T12:15:20.522Z"
}
1/9/2026, 5:45:19 pm | [2026-09-01T12:15:20.520Z] [LOG] {
  "empNo": "",
  "deviceId": "f4ef783cd33635e6"
}
1/9/2026, 5:45:19 pm | [2026-09-01T12:15:20.664Z] [LOG] {
  "screen": "LoginScreen",
  "event": "USER_DATA_SAVED",
  "timestamp": "2026-09-01T12:15:20.664Z"
}
1/9/2026, 5:45:19 pm | [2026-09-01T12:15:20.519Z] [LOG] {
  "screen": "LoginScreen",
  "event": "DEVICE_ID_FETCHED",
  "deviceId": "f4ef783cd33635e6",
  "timestamp": "2026-09-01T12:15:20.519Z"
}
1/9/2026, 5:45:19 pm | [2026-09-01T12:15:20.667Z] [LOG] {
  "event": "NAVIGATING_TO_USER"
}
1/9/2026, 5:45:19 pm | [2026-09-01T12:15:20.691Z] [LOG] {
  "screen": "UserDashboard",
  "event": "SCREEN_OPENED",
  "empNo": "UNKNOWN",
  "timestamp": "2026-09-01T12:15:20.691Z"
}
1/9/2026, 5:45:19 pm | [2026-09-01T12:15:20.691Z] [LOG] {
  "screen": "UserDashboard",
  "event": "LOAD_EMPLOYEE_STARTED",
  "empNo": "UNKNOWN",
  "timestamp": "2026-09-01T12:15:20.691Z"
}
1/9/2026, 5:45:19 pm | [2026-09-01T12:15:20.668Z] [LOG] {
  "screen": "LoginScreen",
  "event": "LOADING_COMPLETED",
  "timestamp": "2026-09-01T12:15:20.667Z"
}
1/9/2026, 5:45:19 pm | [2026-09-01T12:15:20.700Z] [LOG] {
  "screen": "UserDashboard",
  "event": "LOGGED_USER_FETCHED",
  "hasUser": true,
  "empNo": "UNKNOWN",
  "timestamp": "2026-09-01T12:15:20.700Z"
}
1/9/2026, 5:45:19 pm | [2026-09-01T12:15:20.701Z] [LOG] {
  "screen": "UserDashboard",
  "event": "EMPLOYEE_API_STARTED",
  "empNo": "522",
  "timestamp": "2026-09-01T12:15:20.701Z"
}
1/9/2026, 5:45:20 pm | [2026-09-01T12:15:20.796Z] [LOG] {
  "screen": "UserDashboard",
  "event": "EMPLOYEE_DATA_LOADED",
  "empNo": "522",
  "branch": "Praja Sakthi Nagar",
  "designation": "Branch Manager",
  "timestamp": "2026-09-01T12:15:20.796Z"
}
1/9/2026, 5:45:20 pm | [2026-09-01T12:15:20.915Z] [LOG] {
  "screen": "UserDashboard",
  "event": "LAST_SUBMISSION_LOADED",
  "previousDayAmount": 2700000,
  "previousDaySubmittedAt": "2026-08-31 17:45:33",
  "formattedPreviousDayTime": "31/8/2026, 5:45 pm",
  "empNo": "",
  "timestamp": "2026-09-01T12:15:20.915Z"
}
1/9/2026, 5:45:20 pm | [2026-09-01T12:15:20.973Z] [LOG] {
  "screen": "UserDashboard",
  "event": "LOADING_COMPLETED",
  "empNo": "UNKNOWN",
  "timestamp": "2026-09-01T12:15:20.973Z"
}
1/9/2026, 5:45:20 pm | [2026-09-01T12:15:21.015Z] [LOG] {
  "screen": "UserDashboard",
  "event": "SAVE_CASH_API_STARTED",
  "empNo": "294",
  "amount": "2000000",
  "timestamp": "2026-09-01T12:15:21.015Z"
}
1/9/2026, 5:45:20 pm | [2026-09-01T12:15:21.260Z] [LOG] {
  "screen": "UserDashboard",
  "event": "SAVE_CASH_SUCCESS",
  "empNo": "294",
  "savedAmount": "2000000",
  "savedAt": "2026-09-01T12:15:21.256Z",
  "formattedSaveTime": "5:45 pm",
  "isEditing": false,
  "timestamp": "2026-09-01T12:15:21.260Z"
}
1/9/2026, 5:45:22 pm | [2026-09-01T12:15:22.938Z] [LOG] {
  "screen": "UserDashboard",
  "event": "SAVE_BUTTON_CLICKED",
  "empNo": "294",
  "amount": "2000000",
  "isEditing": true,
  "timestamp": "2026-09-01T12:15:22.938Z"
}
1/9/2026, 5:45:23 pm | [2026-09-01T12:15:23.623Z] [LOG] {
  "screen": "UserDashboard",
  "event": "SAVE_CASH_API_STARTED",
  "empNo": "294",
  "amount": "2000000",
  "timestamp": "2026-09-01T12:15:23.623Z"
}
1/9/2026, 5:45:23 pm | [2026-09-01T12:15:23.724Z] [LOG] {
  "screen": "UserDashboard",
  "event": "SAVE_CASH_SUCCESS",
  "empNo": "294",
  "savedAmount": "2000000",
  "savedAt": "2026-09-01T12:15:23.719Z",
  "formattedSaveTime": "5:45 pm",
  "isEditing": true,
  "timestamp": "2026-09-01T12:15:23.724Z"
}
1/9/2026, 5:45:23 pm | [2026-09-01T12:15:21.969Z] [LOG] {
  "screen": "UserDashboard",
  "event": "SAVE_BUTTON_CLICKED",
  "empNo": "1037",
  "amount": "1042725",
  "isEditing": false,
  "timestamp": "2026-09-01T12:15:21.969Z"
}
1/9/2026, 5:45:24 pm | [2026-09-01T12:15:23.277Z] [LOG] {
  "screen": "UserDashboard",
  "event": "SAVE_CASH_SUCCESS",
  "empNo": "1037",
  "savedAmount": "1042725",
  "savedAt": "2026-09-01T12:15:23.268Z",
  "formattedSaveTime": "5:45 pm",
  "isEditing": false,
  "timestamp": "2026-09-01T12:15:23.277Z"
}
1/9/2026, 5:45:24 pm | [2026-09-01T12:15:23.156Z] [LOG] {
  "screen": "UserDashboard",
  "event": "SAVE_CASH_API_STARTED",
  "empNo": "1037",
  "amount": "1042725",
  "timestamp": "2026-09-01T12:15:23.156Z"
}
1/9/2026, 5:45:25 pm | [2026-09-01T12:15:25.812Z] [LOG] {
  "screen": "UserDashboard",
  "event": "LOGOUT_CLICKED",
  "empNo": "294",
  "timestamp": "2026-09-01T12:15:25.812Z"
}
1/9/2026, 5:45:25 pm | [2026-09-01T12:15:25.824Z] [LOG] {
  "screen": "LoginScreen",
  "event": "SCREEN_OPENED",
  "timestamp": "2026-09-01T12:15:25.824Z"
}
1/9/2026, 5:45:26 pm | [2026-09-01T12:15:27.276Z] [LOG] {
  "screen": "UserDashboard",
  "event": "SAVE_BUTTON_CLICKED",
  "empNo": "522",
  "amount": "1700000",
  "isEditing": false,
  "timestamp": "2026-09-01T12:15:27.275Z"
}
1/9/2026, 5:45:27 pm | [2026-09-01T12:15:28.191Z] [LOG] {
  "screen": "UserDashboard",
  "event": "SAVE_CASH_API_STARTED",
  "empNo": "522",
  "amount": "1700000",
  "timestamp": "2026-09-01T12:15:28.191Z"
}
1/9/2026, 5:45:27 pm | [2026-09-01T12:15:28.402Z] [LOG] {
  "screen": "UserDashboard",
  "event": "SAVE_CASH_SUCCESS",
  "empNo": "522",
  "savedAmount": "1700000",
  "savedAt": "2026-09-01T12:15:28.397Z",
  "formattedSaveTime": "5:45 pm",
  "isEditing": false,
  "timestamp": "2026-09-01T12:15:28.402Z"
}
1/9/2026, 5:45:28 pm | [2026-09-01T12:15:27.407Z] [LOG] {
  "screen": "UserDashboard",
  "event": "SAVE_BUTTON_CLICKED",
  "empNo": "1037",
  "amount": "1042725",
  "isEditing": true,
  "timestamp": "2026-09-01T12:15:27.407Z"
}
1/9/2026, 5:45:29 pm | [2026-09-01T12:15:28.583Z] [LOG] {
  "screen": "UserDashboard",
  "event": "SAVE_CASH_API_STARTED",
  "empNo": "1037",
  "amount": "1042725",
  "timestamp": "2026-09-01T12:15:28.583Z"
}
1/9/2026, 5:45:29 pm | [2026-09-01T12:15:28.702Z] [LOG] {
  "screen": "UserDashboard",
  "event": "SAVE_CASH_SUCCESS",
  "empNo": "1037",
  "savedAmount": "1042725",
  "savedAt": "2026-09-01T12:15:28.692Z",
  "formattedSaveTime": "5:45 pm",
  "isEditing": true,
  "timestamp": "2026-09-01T12:15:28.702Z"
}
1/9/2026, 5:45:43 pm | [2026-09-01T12:15:42.466Z] [LOG] Running "CashClosingApp"
1/9/2026, 5:45:43 pm | [2026-09-01T12:15:42.716Z] [LOG] {
  "screen": "WelcomeScreen",
  "event": "SCREEN_OPENED",
  "timestamp": "2026-09-01T12:15:42.716Z"
}
1/9/2026, 5:45:43 pm | [2026-09-01T12:15:43.466Z] [LOG] {
  "screen": "WelcomeScreen",
  "event": "LOGIN_BUTTON_CLICKED",
  "timestamp": "2026-09-01T12:15:43.466Z"
}
1/9/2026, 5:45:43 pm | [2026-09-01T12:15:43.495Z] [LOG] {
  "screen": "LoginScreen",
  "event": "SCREEN_OPENED",
  "timestamp": "2026-09-01T12:15:43.495Z"
}
1/9/2026, 5:45:47 pm | [2026-09-01T12:15:47.422Z] [LOG] {
  "screen": "LoginScreen",
  "event": "LOGIN_BUTTON_CLICKED",
  "timestamp": "2026-09-01T12:15:47.422Z"
}
1/9/2026, 5:45:47 pm | [2026-09-01T12:15:47.424Z] [LOG] {
  "screen": "LoginScreen",
  "event": "LOADING_STARTED",
  "timestamp": "2026-09-01T12:15:47.424Z"
}
1/9/2026, 5:45:47 pm | [2026-09-01T12:15:47.778Z] [LOG] {
  "screen": "LoginScreen",
  "event": "LOGIN_SUCCESS",
  "user": {
    "empNo": "799",
    "employeeName": "N Santosh",
    "branchCode": "9",
    "branchName": "Thulluru",
    "designation": "Branch Manager"
  },
  "timestamp": "2026-09-01T12:15:47.778Z"
}
1/9/2026, 5:45:47 pm | [2026-09-01T12:15:47.793Z] [LOG] {
  "screen": "LoginScreen",
  "event": "USER_DATA_SAVED",
  "timestamp": "2026-09-01T12:15:47.793Z"
}
1/9/2026, 5:45:47 pm | [2026-09-01T12:15:47.795Z] [LOG] {
  "event": "NAVIGATING_TO_USER"
}
1/9/2026, 5:45:47 pm | [2026-09-01T12:15:47.439Z] [LOG] {
  "screen": "LoginScreen",
  "event": "DEVICE_ID_FETCHED",
  "deviceId": "3e282216a76d4767",
  "timestamp": "2026-09-01T12:15:47.439Z"
}
1/9/2026, 5:45:47 pm | [2026-09-01T12:15:47.806Z] [LOG] {
  "screen": "UserDashboard",
  "event": "SCREEN_OPENED",
  "empNo": "UNKNOWN",
  "timestamp": "2026-09-01T12:15:47.806Z"
}
1/9/2026, 5:45:47 pm | [2026-09-01T12:15:47.441Z] [LOG] {
  "screen": "LoginScreen",
  "event": "LOGIN_API_STARTED",
  "deviceId": "3e282216a76d4767",
  "timestamp": "2026-09-01T12:15:47.441Z"
}
1/9/2026, 5:45:47 pm | [2026-09-01T12:15:47.795Z] [LOG] {
  "screen": "LoginScreen",
  "event": "LOADING_COMPLETED",
  "timestamp": "2026-09-01T12:15:47.795Z"
}
1/9/2026, 5:45:47 pm | [2026-09-01T12:15:47.807Z] [LOG] {
  "screen": "UserDashboard",
  "event": "LOAD_EMPLOYEE_STARTED",
  "empNo": "UNKNOWN",
  "timestamp": "2026-09-01T12:15:47.807Z"
}
1/9/2026, 5:45:47 pm | [2026-09-01T12:15:47.810Z] [LOG] {
  "screen": "UserDashboard",
  "event": "EMPLOYEE_API_STARTED",
  "empNo": "799",
  "timestamp": "2026-09-01T12:15:47.810Z"
}
1/9/2026, 5:45:47 pm | [2026-09-01T12:15:47.809Z] [LOG] {
  "screen": "UserDashboard",
  "event": "LOGGED_USER_FETCHED",
  "hasUser": true,
  "empNo": "UNKNOWN",
  "timestamp": "2026-09-01T12:15:47.809Z"
}
1/9/2026, 5:45:48 pm | [2026-09-01T12:15:48.166Z] [LOG] {
  "screen": "UserDashboard",
  "event": "EMPLOYEE_DATA_LOADED",
  "empNo": "799",
  "branch": "Thulluru",
  "designation": "Branch Manager",
  "timestamp": "2026-09-01T12:15:48.166Z"
}
1/9/2026, 5:45:48 pm | [2026-09-01T12:15:48.420Z] [LOG] {
  "screen": "UserDashboard",
  "event": "LAST_SUBMISSION_LOADED",
  "previousDayAmount": 235714,
  "previousDaySubmittedAt": "2026-08-31 17:49:42",
  "formattedPreviousDayTime": "31/8/2026, 5:49 pm",
  "empNo": "",
  "timestamp": "2026-09-01T12:15:48.420Z"
}
1/9/2026, 5:45:48 pm | [2026-09-01T12:15:48.562Z] [LOG] {
  "screen": "UserDashboard",
  "event": "LOADING_COMPLETED",
  "empNo": "UNKNOWN",
  "timestamp": "2026-09-01T12:15:48.562Z"
}
1/9/2026, 5:45:50 pm | [2026-09-01T12:15:47.440Z] [LOG] {
  "empNo": "",
  "deviceId": "3e282216a76d4767"
}
1/9/2026, 5:45:54 pm | [2026-09-01T12:15:54.170Z] [LOG] {
  "screen": "WelcomeScreen",
  "event": "SCREEN_OPENED",
  "timestamp": "2026-09-01T12:15:54.170Z"
}
1/9/2026, 5:45:54 pm | [2026-09-01T12:15:54.069Z] [LOG] Running "CashClosingApp"
1/9/2026, 5:45:55 pm | [2026-09-01T12:15:54.946Z] [LOG] {
  "screen": "WelcomeScreen",
  "event": "LOGIN_BUTTON_CLICKED",
  "timestamp": "2026-09-01T12:15:54.946Z"
}
1/9/2026, 5:45:55 pm | [2026-09-01T12:15:54.975Z] [LOG] {
  "screen": "LoginScreen",
  "event": "SCREEN_OPENED",
  "timestamp": "2026-09-01T12:15:54.975Z"
}
1/9/2026, 5:45:58 pm | [2026-09-01T12:15:57.837Z] [LOG] {
  "screen": "LoginScreen",
  "event": "LOGIN_BUTTON_CLICKED",
  "timestamp": "2026-09-01T12:15:57.837Z"
}
1/9/2026, 5:45:58 pm | [2026-09-01T12:15:57.838Z] [LOG] {
  "screen": "LoginScreen",
  "event": "LOADING_STARTED",
  "timestamp": "2026-09-01T12:15:57.838Z"
}
1/9/2026, 5:45:58 pm | [2026-09-01T12:15:57.996Z] [LOG] {
  "screen": "LoginScreen",
  "event": "LOGIN_SUCCESS",
  "user": {
    "empNo": "394",
    "employeeName": "Ch.Bala Krishna",
    "branchCode": "32",
    "branchName": "Ravulapalem",
    "designation": "Branch Manager"
  },
  "timestamp": "2026-09-01T12:15:57.996Z"
}
1/9/2026, 5:45:58 pm | [2026-09-01T12:15:58.006Z] [LOG] {
  "screen": "LoginScreen",
  "event": "USER_DATA_SAVED",
  "timestamp": "2026-09-01T12:15:58.006Z"
}
1/9/2026, 5:45:58 pm | [2026-09-01T12:15:57.844Z] [LOG] {
  "screen": "LoginScreen",
  "event": "DEVICE_ID_FETCHED",
  "deviceId": "0d61012a4ddd5867",
  "timestamp": "2026-09-01T12:15:57.844Z"
}
1/9/2026, 5:45:58 pm | [2026-09-01T12:15:58.007Z] [LOG] {
  "event": "NAVIGATING_TO_USER"
}
1/9/2026, 5:45:58 pm | [2026-09-01T12:15:58.008Z] [LOG] {
  "screen": "LoginScreen",
  "event": "LOADING_COMPLETED",
  "timestamp": "2026-09-01T12:15:58.007Z"
}
1/9/2026, 5:45:58 pm | [2026-09-01T12:15:57.845Z] [LOG] {
  "screen": "LoginScreen",
  "event": "LOGIN_API_STARTED",
  "deviceId": "0d61012a4ddd5867",
  "timestamp": "2026-09-01T12:15:57.845Z"
}
1/9/2026, 5:45:58 pm | [2026-09-01T12:15:57.845Z] [LOG] {
  "empNo": "",
  "deviceId": "0d61012a4ddd5867"
}
1/9/2026, 5:45:58 pm | [2026-09-01T12:15:58.014Z] [LOG] {
  "screen": "UserDashboard",
  "event": "SCREEN_OPENED",
  "empNo": "UNKNOWN",
  "timestamp": "2026-09-01T12:15:58.014Z"
}
1/9/2026, 5:45:58 pm | [2026-09-01T12:15:58.016Z] [LOG] {
  "screen": "UserDashboard",
  "event": "LOAD_EMPLOYEE_STARTED",
  "empNo": "UNKNOWN",
  "timestamp": "2026-09-01T12:15:58.016Z"
}
1/9/2026, 5:45:58 pm | [2026-09-01T12:15:58.018Z] [LOG] {
  "screen": "UserDashboard",
  "event": "LOGGED_USER_FETCHED",
  "hasUser": true,
  "empNo": "UNKNOWN",
  "timestamp": "2026-09-01T12:15:58.018Z"
}
1/9/2026, 5:45:58 pm | [2026-09-01T12:15:58.018Z] [LOG] {
  "screen": "UserDashboard",
  "event": "EMPLOYEE_API_STARTED",
  "empNo": "394",
  "timestamp": "2026-09-01T12:15:58.018Z"
}
1/9/2026, 5:45:58 pm | [2026-09-01T12:15:58.251Z] [LOG] {
  "screen": "UserDashboard",
  "event": "EMPLOYEE_DATA_LOADED",
  "empNo": "394",
  "branch": "Ravulapalem",
  "designation": "Branch Manager",
  "timestamp": "2026-09-01T12:15:58.248Z"
}
1/9/2026, 5:45:58 pm | [2026-09-01T12:15:58.383Z] [LOG] {
  "screen": "UserDashboard",
  "event": "LAST_SUBMISSION_LOADED",
  "previousDayAmount": 3700000,
  "previousDaySubmittedAt": "2026-08-31 17:51:44",
  "formattedPreviousDayTime": "31/8/2026, 5:51 pm",
  "empNo": "",
  "timestamp": "2026-09-01T12:15:58.383Z"
}
1/9/2026, 5:45:58 pm | [2026-09-01T12:15:58.510Z] [LOG] {
  "screen": "UserDashboard",
  "event": "LOADING_COMPLETED",
  "empNo": "UNKNOWN",
  "timestamp": "2026-09-01T12:15:58.510Z"
}
1/9/2026, 5:45:59 pm | [2026-09-01T12:15:59.410Z] [LOG] {
  "screen": "UserDashboard",
  "event": "SAVE_BUTTON_CLICKED",
  "empNo": "799",
  "amount": "626605",
  "isEditing": false,
  "timestamp": "2026-09-01T12:15:59.410Z"
}
1/9/2026, 5:46:00 pm | [2026-09-01T12:16:00.572Z] [LOG] {
  "screen": "UserDashboard",
  "event": "SAVE_CASH_SUCCESS",
  "empNo": "799",
  "savedAmount": "626605",
  "savedAt": "2026-09-01T12:16:00.568Z",
  "formattedSaveTime": "5:46 pm",
  "isEditing": false,
  "timestamp": "2026-09-01T12:16:00.571Z"
}
1/9/2026, 5:46:00 pm | [2026-09-01T12:16:00.460Z] [LOG] {
  "screen": "UserDashboard",
  "event": "SAVE_CASH_API_STARTED",
  "empNo": "799",
  "amount": "626605",
  "timestamp": "2026-09-01T12:16:00.460Z"
}
1/9/2026, 5:46:06 pm | [2026-09-01T12:16:05.733Z] [LOG] {
  "screen": "UserDashboard",
  "event": "SAVE_BUTTON_CLICKED",
  "empNo": "394",
  "amount": "2700000",
  "isEditing": false,
  "timestamp": "2026-09-01T12:16:05.733Z"
}
1/9/2026, 5:46:06 pm | [2026-09-01T12:16:06.387Z] [LOG] {
  "screen": "UserDashboard",
  "event": "SAVE_CASH_API_STARTED",
  "empNo": "394",
  "amount": "2700000",
  "timestamp": "2026-09-01T12:16:06.387Z"
}
1/9/2026, 5:46:06 pm | [2026-09-01T12:16:06.671Z] [LOG] {
  "screen": "UserDashboard",
  "event": "SAVE_CASH_SUCCESS",
  "empNo": "394",
  "savedAmount": "2700000",
  "savedAt": "2026-09-01T12:16:06.663Z",
  "formattedSaveTime": "5:46 pm",
  "isEditing": false,
  "timestamp": "2026-09-01T12:16:06.670Z"
}
1/9/2026, 5:46:23 pm | [2026-09-01T12:16:12.250Z] [LOG] {
  "screen": "WelcomeScreen",
  "event": "LOGIN_BUTTON_CLICKED",
  "timestamp": "2026-09-01T12:16:12.250Z"
}
1/9/2026, 5:46:23 pm | [2026-09-01T12:16:15.796Z] [LOG] {
  "screen": "LoginScreen",
  "event": "LOGIN_BUTTON_CLICKED",
  "timestamp": "2026-09-01T12:16:15.796Z"
}
1/9/2026, 5:46:23 pm | [2026-09-01T12:16:11.026Z] [LOG] {
  "screen": "WelcomeScreen",
  "event": "SCREEN_OPENED",
  "timestamp": "2026-09-01T12:16:11.026Z"
}
1/9/2026, 5:46:23 pm | [2026-09-01T12:16:10.936Z] [LOG] Running "CashClosingApp"
1/9/2026, 5:46:23 pm | [2026-09-01T12:16:12.280Z] [LOG] {
  "screen": "LoginScreen",
  "event": "SCREEN_OPENED",
  "timestamp": "2026-09-01T12:16:12.279Z"
}
1/9/2026, 5:46:23 pm | [2026-09-01T12:16:15.811Z] [LOG] {
  "screen": "LoginScreen",
  "event": "DEVICE_ID_FETCHED",
  "deviceId": "7d02586137723bb4",
  "timestamp": "2026-09-01T12:16:15.811Z"
}
1/9/2026, 5:46:23 pm | [2026-09-01T12:16:15.797Z] [LOG] {
  "screen": "LoginScreen",
  "event": "LOADING_STARTED",
  "timestamp": "2026-09-01T12:16:15.797Z"
}
1/9/2026, 5:46:23 pm | [2026-09-01T12:16:15.812Z] [LOG] {
  "empNo": "",
  "deviceId": "7d02586137723bb4"
}
1/9/2026, 5:46:23 pm | [2026-09-01T12:16:15.812Z] [LOG] {
  "screen": "LoginScreen",
  "event": "LOGIN_API_STARTED",
  "deviceId": "7d02586137723bb4",
  "timestamp": "2026-09-01T12:16:15.812Z"
}
1/9/2026, 5:46:23 pm | [2026-09-01T12:16:23.954Z] [LOG] {
  "screen": "LoginScreen",
  "event": "LOGIN_SUCCESS",
  "user": {
    "empNo": "546",
    "employeeName": "V Narayana Rao",
    "branchCode": "42",
    "branchName": "Rama Chandra Puram",
    "designation": "Branch Manager"
  },
  "timestamp": "2026-09-01T12:16:23.953Z"
}
1/9/2026, 5:46:23 pm | [2026-09-01T12:16:23.980Z] [LOG] {
  "screen": "LoginScreen",
  "event": "LOADING_COMPLETED",
  "timestamp": "2026-09-01T12:16:23.980Z"
}
1/9/2026, 5:46:23 pm | [2026-09-01T12:16:23.977Z] [LOG] {
  "screen": "LoginScreen",
  "event": "USER_DATA_SAVED",
  "timestamp": "2026-09-01T12:16:23.977Z"
}
1/9/2026, 5:46:23 pm | [2026-09-01T12:16:23.979Z] [LOG] {
  "event": "NAVIGATING_TO_USER"
}
1/9/2026, 5:46:23 pm | [2026-09-01T12:16:23.990Z] [LOG] {
  "screen": "UserDashboard",
  "event": "SCREEN_OPENED",
  "empNo": "UNKNOWN",
  "timestamp": "2026-09-01T12:16:23.990Z"
}
1/9/2026, 5:46:23 pm | [2026-09-01T12:16:23.991Z] [LOG] {
  "screen": "UserDashboard",
  "event": "LOAD_EMPLOYEE_STARTED",
  "empNo": "UNKNOWN",
  "timestamp": "2026-09-01T12:16:23.991Z"
}
1/9/2026, 5:46:23 pm | [2026-09-01T12:16:23.995Z] [LOG] {
  "screen": "UserDashboard",
  "event": "EMPLOYEE_API_STARTED",
  "empNo": "546",
  "timestamp": "2026-09-01T12:16:23.995Z"
}
1/9/2026, 5:46:23 pm | [2026-09-01T12:16:23.994Z] [LOG] {
  "screen": "UserDashboard",
  "event": "LOGGED_USER_FETCHED",
  "hasUser": true,
  "empNo": "UNKNOWN",
  "timestamp": "2026-09-01T12:16:23.994Z"
}
1/9/2026, 5:46:23 pm | [2026-09-01T12:16:24.131Z] [LOG] {
  "screen": "UserDashboard",
  "event": "EMPLOYEE_DATA_LOADED",
  "empNo": "546",
  "branch": "Rama Chandra Puram",
  "designation": "Branch Manager",
  "timestamp": "2026-09-01T12:16:24.131Z"
}
1/9/2026, 5:46:24 pm | [2026-09-01T12:16:24.250Z] [LOG] {
  "screen": "UserDashboard",
  "event": "LAST_SUBMISSION_LOADED",
  "previousDayAmount": 1699780,
  "previousDaySubmittedAt": "2026-08-31 17:40:30",
  "formattedPreviousDayTime": "31/8/2026, 5:40 pm",
  "empNo": "",
  "timestamp": "2026-09-01T12:16:24.249Z"
}
1/9/2026, 5:46:24 pm | [2026-09-01T12:16:24.333Z] [LOG] {
  "screen": "UserDashboard",
  "event": "LOADING_COMPLETED",
  "empNo": "UNKNOWN",
  "timestamp": "2026-09-01T12:16:24.332Z"
}
1/9/2026, 5:46:32 pm | [2026-09-01T12:16:32.438Z] [LOG] {
  "screen": "UserDashboard",
  "event": "SAVE_BUTTON_CLICKED",
  "empNo": "546",
  "amount": "829130",
  "isEditing": false,
  "timestamp": "2026-09-01T12:16:32.438Z"
}
1/9/2026, 5:46:33 pm | [2026-09-01T12:16:33.767Z] [LOG] {
  "screen": "UserDashboard",
  "event": "SAVE_CASH_API_STARTED",
  "empNo": "546",
  "amount": "829130",
  "timestamp": "2026-09-01T12:16:33.767Z"
}
1/9/2026, 5:46:33 pm | [2026-09-01T12:16:34.121Z] [LOG] {
  "screen": "UserDashboard",
  "event": "SAVE_CASH_SUCCESS",
  "empNo": "546",
  "savedAmount": "829130",
  "savedAt": "2026-09-01T12:16:34.116Z",
  "formattedSaveTime": "5:46 pm",
  "isEditing": false,
  "timestamp": "2026-09-01T12:16:34.121Z"
}
1/9/2026, 5:46:45 pm | [2026-09-01T12:16:46.076Z] [LOG] {
  "screen": "WelcomeScreen",
  "event": "SCREEN_OPENED",
  "timestamp": "2026-09-01T12:16:46.076Z"
}
1/9/2026, 5:46:45 pm | [2026-09-01T12:16:45.836Z] [LOG] Running "CashClosingApp"
1/9/2026, 5:46:46 pm | [2026-09-01T12:16:47.456Z] [LOG] {
  "screen": "WelcomeScreen",
  "event": "LOGIN_BUTTON_CLICKED",
  "timestamp": "2026-09-01T12:16:47.456Z"
}
1/9/2026, 5:46:47 pm | [2026-09-01T12:16:47.504Z] [LOG] {
  "screen": "LoginScreen",
  "event": "SCREEN_OPENED",
  "timestamp": "2026-09-01T12:16:47.504Z"
}
1/9/2026, 5:46:49 pm | [2026-09-01T12:16:50.193Z] [LOG] {
  "screen": "LoginScreen",
  "event": "LOGIN_BUTTON_CLICKED",
  "timestamp": "2026-09-01T12:16:50.193Z"
}
1/9/2026, 5:46:49 pm | [2026-09-01T12:16:50.194Z] [LOG] {
  "screen": "LoginScreen",
  "event": "LOADING_STARTED",
  "timestamp": "2026-09-01T12:16:50.194Z"
}
1/9/2026, 5:46:49 pm | [2026-09-01T12:16:50.292Z] [LOG] {
  "screen": "LoginScreen",
  "event": "LOGIN_SUCCESS",
  "user": {
    "empNo": "194",
    "employeeName": "M. Pavan Kumar",
    "branchCode": "7",
    "branchName": "Repalle",
    "designation": "Branch Manager"
  },
  "timestamp": "2026-09-01T12:16:50.292Z"
}
1/9/2026, 5:46:49 pm | [2026-09-01T12:16:50.305Z] [LOG] {
  "screen": "LoginScreen",
  "event": "USER_DATA_SAVED",
  "timestamp": "2026-09-01T12:16:50.305Z"
}
1/9/2026, 5:46:49 pm | [2026-09-01T12:16:50.306Z] [LOG] {
  "event": "NAVIGATING_TO_USER"
}
1/9/2026, 5:46:49 pm | [2026-09-01T12:16:50.307Z] [LOG] {
  "screen": "LoginScreen",
  "event": "LOADING_COMPLETED",
  "timestamp": "2026-09-01T12:16:50.307Z"
}
1/9/2026, 5:46:49 pm | [2026-09-01T12:16:50.202Z] [LOG] {
  "screen": "LoginScreen",
  "event": "DEVICE_ID_FETCHED",
  "deviceId": "f90cb5af3276f2dc",
  "timestamp": "2026-09-01T12:16:50.202Z"
}
1/9/2026, 5:46:49 pm | [2026-09-01T12:16:50.204Z] [LOG] {
  "screen": "LoginScreen",
  "event": "LOGIN_API_STARTED",
  "deviceId": "f90cb5af3276f2dc",
  "timestamp": "2026-09-01T12:16:50.203Z"
}
1/9/2026, 5:46:49 pm | [2026-09-01T12:16:50.203Z] [LOG] {
  "empNo": "",
  "deviceId": "f90cb5af3276f2dc"
}
1/9/2026, 5:46:49 pm | [2026-09-01T12:16:50.321Z] [LOG] {
  "screen": "UserDashboard",
  "event": "SCREEN_OPENED",
  "empNo": "UNKNOWN",
  "timestamp": "2026-09-01T12:16:50.321Z"
}
1/9/2026, 5:46:49 pm | [2026-09-01T12:16:50.326Z] [LOG] {
  "screen": "UserDashboard",
  "event": "LOGGED_USER_FETCHED",
  "hasUser": true,
  "empNo": "UNKNOWN",
  "timestamp": "2026-09-01T12:16:50.326Z"
}
1/9/2026, 5:46:49 pm | [2026-09-01T12:16:50.322Z] [LOG] {
  "screen": "UserDashboard",
  "event": "LOAD_EMPLOYEE_STARTED",
  "empNo": "UNKNOWN",
  "timestamp": "2026-09-01T12:16:50.322Z"
}
1/9/2026, 5:46:49 pm | [2026-09-01T12:16:50.327Z] [LOG] {
  "screen": "UserDashboard",
  "event": "EMPLOYEE_API_STARTED",
  "empNo": "194",
  "timestamp": "2026-09-01T12:16:50.327Z"
}
1/9/2026, 5:46:49 pm | [2026-09-01T12:16:50.468Z] [LOG] {
  "screen": "UserDashboard",
  "event": "EMPLOYEE_DATA_LOADED",
  "empNo": "194",
  "branch": "Repalle",
  "designation": "Branch Manager",
  "timestamp": "2026-09-01T12:16:50.467Z"
}
1/9/2026, 5:46:50 pm | [2026-09-01T12:16:50.571Z] [LOG] {
  "screen": "UserDashboard",
  "event": "LAST_SUBMISSION_LOADED",
  "previousDayAmount": 600000,
  "previousDaySubmittedAt": "2026-08-31 17:58:38",
  "formattedPreviousDayTime": "31/8/2026, 5:58 pm",
  "empNo": "",
  "timestamp": "2026-09-01T12:16:50.571Z"
}
1/9/2026, 5:46:50 pm | [2026-09-01T12:16:50.626Z] [LOG] {
  "screen": "UserDashboard",
  "event": "LOADING_COMPLETED",
  "empNo": "UNKNOWN",
  "timestamp": "2026-09-01T12:16:50.626Z"
}
1/9/2026, 5:46:54 pm | [2026-09-01T12:16:54.346Z] [LOG] {
  "screen": "WelcomeScreen",
  "event": "SCREEN_OPENED",
  "timestamp": "2026-09-01T12:16:54.346Z"
}
1/9/2026, 5:46:54 pm | [2026-09-01T12:16:54.248Z] [LOG] Running "CashClosingApp"
1/9/2026, 5:46:55 pm | [2026-09-01T12:16:55.121Z] [LOG] {
  "screen": "WelcomeScreen",
  "event": "LOGIN_BUTTON_CLICKED",
  "timestamp": "2026-09-01T12:16:55.121Z"
}
1/9/2026, 5:46:55 pm | [2026-09-01T12:16:55.153Z] [LOG] {
  "screen": "LoginScreen",
  "event": "SCREEN_OPENED",
  "timestamp": "2026-09-01T12:16:55.153Z"
}
1/9/2026, 5:46:57 pm | [2026-09-01T12:16:57.788Z] [LOG] {
  "screen": "LoginScreen",
  "event": "LOGIN_BUTTON_CLICKED",
  "timestamp": "2026-09-01T12:16:57.788Z"
}
1/9/2026, 5:46:57 pm | [2026-09-01T12:16:57.788Z] [LOG] {
  "screen": "LoginScreen",
  "event": "LOADING_STARTED",
  "timestamp": "2026-09-01T12:16:57.788Z"
}
1/9/2026, 5:46:57 pm | [2026-09-01T12:16:57.975Z] [LOG] {
  "screen": "LoginScreen",
  "event": "LOGIN_SUCCESS",
  "user": {
    "empNo": "218",
    "employeeName": "K. Ravi Prasad",
    "branchCode": "36",
    "branchName": "Enikepadu",
    "designation": "Branch Manager"
  },
  "timestamp": "2026-09-01T12:16:57.975Z"
}
1/9/2026, 5:46:57 pm | [2026-09-01T12:16:57.984Z] [LOG] {
  "screen": "LoginScreen",
  "event": "USER_DATA_SAVED",
  "timestamp": "2026-09-01T12:16:57.984Z"
}
1/9/2026, 5:46:57 pm | [2026-09-01T12:16:57.985Z] [LOG] {
  "event": "NAVIGATING_TO_USER"
}
1/9/2026, 5:46:57 pm | [2026-09-01T12:16:57.795Z] [LOG] {
  "screen": "LoginScreen",
  "event": "DEVICE_ID_FETCHED",
  "deviceId": "5013baa6ee4ee376",
  "timestamp": "2026-09-01T12:16:57.795Z"
}
1/9/2026, 5:46:57 pm | [2026-09-01T12:16:57.795Z] [LOG] {
  "empNo": "",
  "deviceId": "5013baa6ee4ee376"
}
1/9/2026, 5:46:57 pm | [2026-09-01T12:16:57.986Z] [LOG] {
  "screen": "LoginScreen",
  "event": "LOADING_COMPLETED",
  "timestamp": "2026-09-01T12:16:57.986Z"
}
1/9/2026, 5:46:57 pm | [2026-09-01T12:16:57.796Z] [LOG] {
  "screen": "LoginScreen",
  "event": "LOGIN_API_STARTED",
  "deviceId": "5013baa6ee4ee376",
  "timestamp": "2026-09-01T12:16:57.796Z"
}
1/9/2026, 5:46:58 pm | [2026-09-01T12:16:57.994Z] [LOG] {
  "screen": "UserDashboard",
  "event": "SCREEN_OPENED",
  "empNo": "UNKNOWN",
  "timestamp": "2026-09-01T12:16:57.994Z"
}
1/9/2026, 5:46:58 pm | [2026-09-01T12:16:57.996Z] [LOG] {
  "screen": "UserDashboard",
  "event": "LOAD_EMPLOYEE_STARTED",
  "empNo": "UNKNOWN",
  "timestamp": "2026-09-01T12:16:57.996Z"
}
1/9/2026, 5:46:58 pm | [2026-09-01T12:16:57.998Z] [LOG] {
  "screen": "UserDashboard",
  "event": "LOGGED_USER_FETCHED",
  "hasUser": true,
  "empNo": "UNKNOWN",
  "timestamp": "2026-09-01T12:16:57.998Z"
}
1/9/2026, 5:46:58 pm | [2026-09-01T12:16:57.998Z] [LOG] {
  "screen": "UserDashboard",
  "event": "EMPLOYEE_API_STARTED",
  "empNo": "218",
  "timestamp": "2026-09-01T12:16:57.998Z"
}
1/9/2026, 5:46:58 pm | [2026-09-01T12:16:58.278Z] [LOG] {
  "screen": "UserDashboard",
  "event": "EMPLOYEE_DATA_LOADED",
  "empNo": "218",
  "branch": "Enikepadu",
  "designation": "Branch Manager",
  "timestamp": "2026-09-01T12:16:58.278Z"
}
1/9/2026, 5:46:58 pm | [2026-09-01T12:16:58.411Z] [LOG] {
  "screen": "UserDashboard",
  "event": "LAST_SUBMISSION_LOADED",
  "previousDayAmount": 1255506,
  "previousDaySubmittedAt": "2026-08-31 17:46:10",
  "formattedPreviousDayTime": "31/8/2026, 5:46 pm",
  "empNo": "",
  "timestamp": "2026-09-01T12:16:58.411Z"
}
1/9/2026, 5:46:58 pm | [2026-09-01T12:16:58.535Z] [LOG] {
  "screen": "UserDashboard",
  "event": "LOADING_COMPLETED",
  "empNo": "UNKNOWN",
  "timestamp": "2026-09-01T12:16:58.535Z"
}
1/9/2026, 5:47:03 pm | [2026-09-01T12:17:04.295Z] [LOG] {
  "screen": "UserDashboard",
  "event": "SAVE_BUTTON_CLICKED",
  "empNo": "194",
  "amount": "663000",
  "isEditing": false,
  "timestamp": "2026-09-01T12:17:04.294Z"
}
1/9/2026, 5:47:04 pm | [2026-09-01T12:17:03.513Z] [LOG] {
  "screen": "WelcomeScreen",
  "event": "SCREEN_OPENED",
  "timestamp": "2026-09-01T12:17:03.513Z"
}
1/9/2026, 5:47:04 pm | [2026-09-01T12:17:03.434Z] [LOG] Running "CashClosingApp"
1/9/2026, 5:47:04 pm | [2026-09-01T12:17:05.100Z] [LOG] {
  "screen": "UserDashboard",
  "event": "SAVE_CASH_API_STARTED",
  "empNo": "194",
  "amount": "663000",
  "timestamp": "2026-09-01T12:17:05.099Z"
}
1/9/2026, 5:47:04 pm | [2026-09-01T12:17:05.328Z] [LOG] {
  "screen": "UserDashboard",
  "event": "SAVE_CASH_SUCCESS",
  "empNo": "194",
  "savedAmount": "663000",
  "savedAt": "2026-09-01T12:17:05.316Z",
  "formattedSaveTime": "5:47 pm",
  "isEditing": false,
  "timestamp": "2026-09-01T12:17:05.328Z"
}
1/9/2026, 5:47:05 pm | [2026-09-01T12:17:05.407Z] [LOG] {
  "screen": "WelcomeScreen",
  "event": "LOGIN_BUTTON_CLICKED",
  "timestamp": "2026-09-01T12:17:05.407Z"
}
1/9/2026, 5:47:05 pm | [2026-09-01T12:17:05.434Z] [LOG] {
  "screen": "LoginScreen",
  "event": "SCREEN_OPENED",
  "timestamp": "2026-09-01T12:17:05.434Z"
}
1/9/2026, 5:47:11 pm | [2026-09-01T12:17:11.003Z] [LOG] {
  "screen": "LoginScreen",
  "event": "LOADING_STARTED",
  "timestamp": "2026-09-01T12:17:11.003Z"
}
1/9/2026, 5:47:11 pm | [2026-09-01T12:17:11.002Z] [LOG] {
  "screen": "LoginScreen",
  "event": "LOGIN_BUTTON_CLICKED",
  "timestamp": "2026-09-01T12:17:11.002Z"
}
1/9/2026, 5:47:11 pm | [2026-09-01T12:17:11.123Z] [LOG] {
  "screen": "LoginScreen",
  "event": "LOGIN_SUCCESS",
  "user": {
    "empNo": "279",
    "employeeName": "U. Rubendra Babu",
    "branchCode": "28",
    "branchName": "Vinukonda",
    "designation": "Branch Manager"
  },
  "timestamp": "2026-09-01T12:17:11.123Z"
}
1/9/2026, 5:47:11 pm | [2026-09-01T12:17:11.129Z] [LOG] {
  "screen": "LoginScreen",
  "event": "USER_DATA_SAVED",
  "timestamp": "2026-09-01T12:17:11.128Z"
}
1/9/2026, 5:47:11 pm | [2026-09-01T12:17:11.130Z] [LOG] {
  "screen": "LoginScreen",
  "event": "LOADING_COMPLETED",
  "timestamp": "2026-09-01T12:17:11.130Z"
}
1/9/2026, 5:47:11 pm | [2026-09-01T12:17:11.129Z] [LOG] {
  "event": "NAVIGATING_TO_USER"
}
1/9/2026, 5:47:11 pm | [2026-09-01T12:17:11.138Z] [LOG] {
  "screen": "UserDashboard",
  "event": "SCREEN_OPENED",
  "empNo": "UNKNOWN",
  "timestamp": "2026-09-01T12:17:11.138Z"
}
1/9/2026, 5:47:11 pm | [2026-09-01T12:17:11.008Z] [LOG] {
  "screen": "LoginScreen",
  "event": "LOGIN_API_STARTED",
  "deviceId": "c40c71be0ffdfb7b",
  "timestamp": "2026-09-01T12:17:11.008Z"
}
1/9/2026, 5:47:11 pm | [2026-09-01T12:17:11.008Z] [LOG] {
  "empNo": "",
  "deviceId": "c40c71be0ffdfb7b"
}
1/9/2026, 5:47:11 pm | [2026-09-01T12:17:11.007Z] [LOG] {
  "screen": "LoginScreen",
  "event": "DEVICE_ID_FETCHED",
  "deviceId": "c40c71be0ffdfb7b",
  "timestamp": "2026-09-01T12:17:11.007Z"
}
1/9/2026, 5:47:11 pm | [2026-09-01T12:17:11.138Z] [LOG] {
  "screen": "UserDashboard",
  "event": "LOAD_EMPLOYEE_STARTED",
  "empNo": "UNKNOWN",
  "timestamp": "2026-09-01T12:17:11.138Z"
}
1/9/2026, 5:47:11 pm | [2026-09-01T12:17:11.140Z] [LOG] {
  "screen": "UserDashboard",
  "event": "LOGGED_USER_FETCHED",
  "hasUser": true,
  "empNo": "UNKNOWN",
  "timestamp": "2026-09-01T12:17:11.140Z"
}
1/9/2026, 5:47:11 pm | [2026-09-01T12:17:11.140Z] [LOG] {
  "screen": "UserDashboard",
  "event": "EMPLOYEE_API_STARTED",
  "empNo": "279",
  "timestamp": "2026-09-01T12:17:11.140Z"
}
1/9/2026, 5:47:11 pm | [2026-09-01T12:17:11.276Z] [LOG] {
  "screen": "UserDashboard",
  "event": "EMPLOYEE_DATA_LOADED",
  "empNo": "279",
  "branch": "Vinukonda",
  "designation": "Branch Manager",
  "timestamp": "2026-09-01T12:17:11.276Z"
}
1/9/2026, 5:47:11 pm | [2026-09-01T12:17:11.386Z] [LOG] {
  "screen": "UserDashboard",
  "event": "LAST_SUBMISSION_LOADED",
  "previousDayAmount": 2755144,
  "previousDaySubmittedAt": "2026-08-31 18:04:40",
  "formattedPreviousDayTime": "31/8/2026, 6:04 pm",
  "empNo": "",
  "timestamp": "2026-09-01T12:17:11.386Z"
}
1/9/2026, 5:47:12 pm | [2026-09-01T12:17:11.526Z] [LOG] {
  "screen": "UserDashboard",
  "event": "LOADING_COMPLETED",
  "empNo": "UNKNOWN",
  "timestamp": "2026-09-01T12:17:11.526Z"
}
1/9/2026, 5:47:19 pm | [2026-09-01T12:17:19.178Z] [LOG] {
  "screen": "UserDashboard",
  "event": "SAVE_BUTTON_CLICKED",
  "empNo": "279",
  "amount": "876144",
  "isEditing": false,
  "timestamp": "2026-09-01T12:17:19.178Z"
}
1/9/2026, 5:47:20 pm | [2026-09-01T12:17:20.308Z] [LOG] {
  "screen": "UserDashboard",
  "event": "SAVE_CASH_API_STARTED",
  "empNo": "279",
  "amount": "876144",
  "timestamp": "2026-09-01T12:17:20.308Z"
}
1/9/2026, 5:47:21 pm | [2026-09-01T12:17:20.551Z] [LOG] {
  "screen": "UserDashboard",
  "event": "SAVE_CASH_SUCCESS",
  "empNo": "279",
  "savedAmount": "876144",
  "savedAt": "2026-09-01T12:17:20.549Z",
  "formattedSaveTime": "5:47 pm",
  "isEditing": false,
  "timestamp": "2026-09-01T12:17:20.551Z"
}
1/9/2026, 5:47:22 pm | [2026-09-01T12:17:22.483Z] [LOG] {
  "screen": "UserDashboard",
  "event": "SAVE_BUTTON_CLICKED",
  "empNo": "279",
  "amount": "876144",
  "isEditing": true,
  "timestamp": "2026-09-01T12:17:22.483Z"
}
1/9/2026, 5:47:23 pm | [2026-09-01T12:17:23.251Z] [LOG] {
  "screen": "UserDashboard",
  "event": "SAVE_CASH_API_STARTED",
  "empNo": "279",
  "amount": "876144",
  "timestamp": "2026-09-01T12:17:23.251Z"
}
1/9/2026, 5:47:23 pm | [2026-09-01T12:17:23.442Z] [LOG] {
  "screen": "UserDashboard",
  "event": "SAVE_CASH_SUCCESS",
  "empNo": "279",
  "savedAmount": "876144",
  "savedAt": "2026-09-01T12:17:23.439Z",
  "formattedSaveTime": "5:47 pm",
  "isEditing": true,
  "timestamp": "2026-09-01T12:17:23.442Z"
}
1/9/2026, 5:47:24 pm | [2026-09-01T12:17:23.275Z] [LOG] {
  "screen": "UserDashboard",
  "event": "SAVE_CASH_API_STARTED",
  "empNo": "218",
  "amount": "1101922",
  "timestamp": "2026-09-01T12:17:23.275Z"
}
1/9/2026, 5:47:24 pm | [2026-09-01T12:17:22.364Z] [LOG] {
  "screen": "UserDashboard",
  "event": "SAVE_BUTTON_CLICKED",
  "empNo": "218",
  "amount": "1101922",
  "isEditing": false,
  "timestamp": "2026-09-01T12:17:22.363Z"
}
1/9/2026, 5:47:25 pm | [2026-09-01T12:17:25.950Z] [LOG] {
  "screen": "UserDashboard",
  "event": "SAVE_CASH_SUCCESS",
  "empNo": "218",
  "savedAmount": "1101922",
  "savedAt": "2026-09-01T12:17:25.931Z",
  "formattedSaveTime": "5:47 pm",
  "isEditing": false,
  "timestamp": "2026-09-01T12:17:25.950Z"
}
1/9/2026, 5:50:01 pm | [2026-09-01T12:20:00.477Z] [LOG] Running "CashClosingApp"
1/9/2026, 5:50:01 pm | [2026-09-01T12:20:00.688Z] [LOG] {
  "screen": "WelcomeScreen",
  "event": "SCREEN_OPENED",
  "timestamp": "2026-09-01T12:20:00.688Z"
}
1/9/2026, 5:50:01 pm | [2026-09-01T12:20:01.852Z] [LOG] {
  "screen": "WelcomeScreen",
  "event": "SCREEN_OPENED",
  "timestamp": "2026-09-01T12:20:01.852Z"
}
1/9/2026, 5:50:01 pm | [2026-09-01T12:20:01.680Z] [LOG] Running "CashClosingApp"
1/9/2026, 5:50:02 pm | [2026-09-01T12:20:02.417Z] [LOG] {
  "screen": "WelcomeScreen",
  "event": "LOGIN_BUTTON_CLICKED",
  "timestamp": "2026-09-01T12:20:02.413Z"
}
1/9/2026, 5:50:02 pm | [2026-09-01T12:20:02.463Z] [LOG] {
  "screen": "LoginScreen",
  "event": "SCREEN_OPENED",
  "timestamp": "2026-09-01T12:20:02.463Z"
}
1/9/2026, 5:50:02 pm | [2026-09-01T12:20:01.924Z] [LOG] {
  "screen": "WelcomeScreen",
  "event": "LOGIN_BUTTON_CLICKED",
  "timestamp": "2026-09-01T12:20:01.923Z"
}
1/9/2026, 5:50:02 pm | [2026-09-01T12:20:01.959Z] [LOG] {
  "screen": "LoginScreen",
  "event": "SCREEN_OPENED",
  "timestamp": "2026-09-01T12:20:01.959Z"
}
1/9/2026, 5:50:04 pm | [2026-09-01T12:20:04.875Z] [LOG] {
  "screen": "LoginScreen",
  "event": "LOADING_STARTED",
  "timestamp": "2026-09-01T12:20:04.875Z"
}
1/9/2026, 5:50:04 pm | [2026-09-01T12:20:04.874Z] [LOG] {
  "screen": "LoginScreen",
  "event": "LOGIN_BUTTON_CLICKED",
  "timestamp": "2026-09-01T12:20:04.874Z"
}
1/9/2026, 5:50:04 pm | [2026-09-01T12:20:04.997Z] [LOG] {
  "screen": "LoginScreen",
  "event": "LOGIN_SUCCESS",
  "user": {
    "empNo": "307",
    "employeeName": "P.L. Manikanta",
    "branchCode": "35",
    "branchName": "Kolluru",
    "designation": "Branch Manager"
  },
  "timestamp": "2026-09-01T12:20:04.997Z"
}
1/9/2026, 5:50:04 pm | [2026-09-01T12:20:05.014Z] [LOG] {
  "screen": "LoginScreen",
  "event": "USER_DATA_SAVED",
  "timestamp": "2026-09-01T12:20:05.014Z"
}
1/9/2026, 5:50:04 pm | [2026-09-01T12:20:04.882Z] [LOG] {
  "empNo": "",
  "deviceId": "f2b383b692d384f6"
}
1/9/2026, 5:50:04 pm | [2026-09-01T12:20:05.015Z] [LOG] {
  "event": "NAVIGATING_TO_USER"
}
1/9/2026, 5:50:04 pm | [2026-09-01T12:20:04.881Z] [LOG] {
  "screen": "LoginScreen",
  "event": "DEVICE_ID_FETCHED",
  "deviceId": "f2b383b692d384f6",
  "timestamp": "2026-09-01T12:20:04.881Z"
}
1/9/2026, 5:50:04 pm | [2026-09-01T12:20:04.882Z] [LOG] {
  "screen": "LoginScreen",
  "event": "LOGIN_API_STARTED",
  "deviceId": "f2b383b692d384f6",
  "timestamp": "2026-09-01T12:20:04.882Z"
}
1/9/2026, 5:50:04 pm | [2026-09-01T12:20:05.015Z] [LOG] {
  "screen": "LoginScreen",
  "event": "LOADING_COMPLETED",
  "timestamp": "2026-09-01T12:20:05.015Z"
}
1/9/2026, 5:50:04 pm | [2026-09-01T12:20:05.025Z] [LOG] {
  "screen": "UserDashboard",
  "event": "SCREEN_OPENED",
  "empNo": "UNKNOWN",
  "timestamp": "2026-09-01T12:20:05.025Z"
}
1/9/2026, 5:50:04 pm | [2026-09-01T12:20:05.026Z] [LOG] {
  "screen": "UserDashboard",
  "event": "LOAD_EMPLOYEE_STARTED",
  "empNo": "UNKNOWN",
  "timestamp": "2026-09-01T12:20:05.026Z"
}
1/9/2026, 5:50:04 pm | [2026-09-01T12:20:05.031Z] [LOG] {
  "screen": "UserDashboard",
  "event": "LOGGED_USER_FETCHED",
  "hasUser": true,
  "empNo": "UNKNOWN",
  "timestamp": "2026-09-01T12:20:05.031Z"
}
1/9/2026, 5:50:04 pm | [2026-09-01T12:20:05.033Z] [LOG] {
  "screen": "UserDashboard",
  "event": "EMPLOYEE_API_STARTED",
  "empNo": "307",
  "timestamp": "2026-09-01T12:20:05.033Z"
}
1/9/2026, 5:50:04 pm | [2026-09-01T12:20:05.179Z] [LOG] {
  "screen": "UserDashboard",
  "event": "EMPLOYEE_DATA_LOADED",
  "empNo": "307",
  "branch": "Kolluru",
  "designation": "Branch Manager",
  "timestamp": "2026-09-01T12:20:05.179Z"
}
1/9/2026, 5:50:05 pm | [2026-09-01T12:20:05.284Z] [LOG] {
  "screen": "UserDashboard",
  "event": "LAST_SUBMISSION_LOADED",
  "previousDayAmount": 2682829,
  "previousDaySubmittedAt": "2026-08-31 17:50:49",
  "formattedPreviousDayTime": "31/8/2026, 5:50 pm",
  "empNo": "",
  "timestamp": "2026-09-01T12:20:05.284Z"
}
1/9/2026, 5:50:05 pm | [2026-09-01T12:20:05.354Z] [LOG] {
  "screen": "UserDashboard",
  "event": "LOADING_COMPLETED",
  "empNo": "UNKNOWN",
  "timestamp": "2026-09-01T12:20:05.354Z"
}
1/9/2026, 5:50:06 pm | [2026-09-01T12:20:05.875Z] [LOG] {
  "screen": "LoginScreen",
  "event": "LOGIN_BUTTON_CLICKED",
  "timestamp": "2026-09-01T12:20:05.875Z"
}
1/9/2026, 5:50:06 pm | [2026-09-01T12:20:05.876Z] [LOG] {
  "screen": "LoginScreen",
  "event": "LOADING_STARTED",
  "timestamp": "2026-09-01T12:20:05.876Z"
}
1/9/2026, 5:50:06 pm | [2026-09-01T12:20:05.972Z] [LOG] {
  "screen": "LoginScreen",
  "event": "LOGIN_SUCCESS",
  "user": {
    "empNo": "471",
    "employeeName": "G Chandra Sekhar",
    "branchCode": "4",
    "branchName": "Nuzvid",
    "designation": "Branch Manager"
  },
  "timestamp": "2026-09-01T12:20:05.972Z"
}
1/9/2026, 5:50:06 pm | [2026-09-01T12:20:05.982Z] [LOG] {
  "screen": "LoginScreen",
  "event": "USER_DATA_SAVED",
  "timestamp": "2026-09-01T12:20:05.982Z"
}
1/9/2026, 5:50:06 pm | [2026-09-01T12:20:05.983Z] [LOG] {
  "event": "NAVIGATING_TO_USER"
}
1/9/2026, 5:50:06 pm | [2026-09-01T12:20:05.983Z] [LOG] {
  "screen": "LoginScreen",
  "event": "LOADING_COMPLETED",
  "timestamp": "2026-09-01T12:20:05.983Z"
}
1/9/2026, 5:50:06 pm | [2026-09-01T12:20:05.989Z] [LOG] {
  "screen": "UserDashboard",
  "event": "SCREEN_OPENED",
  "empNo": "UNKNOWN",
  "timestamp": "2026-09-01T12:20:05.989Z"
}
1/9/2026, 5:50:06 pm | [2026-09-01T12:20:05.889Z] [LOG] {
  "empNo": "",
  "deviceId": "1354e95e001c24ee"
}
1/9/2026, 5:50:06 pm | [2026-09-01T12:20:05.889Z] [LOG] {
  "screen": "LoginScreen",
  "event": "LOGIN_API_STARTED",
  "deviceId": "1354e95e001c24ee",
  "timestamp": "2026-09-01T12:20:05.889Z"
}
1/9/2026, 5:50:06 pm | [2026-09-01T12:20:05.992Z] [LOG] {
  "screen": "UserDashboard",
  "event": "LOAD_EMPLOYEE_STARTED",
  "empNo": "UNKNOWN",
  "timestamp": "2026-09-01T12:20:05.992Z"
}
1/9/2026, 5:50:06 pm | [2026-09-01T12:20:05.888Z] [LOG] {
  "screen": "LoginScreen",
  "event": "DEVICE_ID_FETCHED",
  "deviceId": "1354e95e001c24ee",
  "timestamp": "2026-09-01T12:20:05.888Z"
}
1/9/2026, 5:50:06 pm | [2026-09-01T12:20:05.996Z] [LOG] {
  "screen": "UserDashboard",
  "event": "LOGGED_USER_FETCHED",
  "hasUser": true,
  "empNo": "UNKNOWN",
  "timestamp": "2026-09-01T12:20:05.996Z"
}
1/9/2026, 5:50:06 pm | [2026-09-01T12:20:05.997Z] [LOG] {
  "screen": "UserDashboard",
  "event": "EMPLOYEE_API_STARTED",
  "empNo": "471",
  "timestamp": "2026-09-01T12:20:05.997Z"
}
1/9/2026, 5:50:06 pm | [2026-09-01T12:20:06.134Z] [LOG] {
  "screen": "UserDashboard",
  "event": "EMPLOYEE_DATA_LOADED",
  "empNo": "471",
  "branch": "Nuzvid",
  "designation": "Branch Manager",
  "timestamp": "2026-09-01T12:20:06.134Z"
}
1/9/2026, 5:50:06 pm | [2026-09-01T12:20:06.235Z] [LOG] {
  "screen": "UserDashboard",
  "event": "LAST_SUBMISSION_LOADED",
  "previousDayAmount": 1400000,
  "previousDaySubmittedAt": "2026-08-31 17:47:13",
  "formattedPreviousDayTime": "31/8/2026, 5:47 pm",
  "empNo": "",
  "timestamp": "2026-09-01T12:20:06.235Z"
}
1/9/2026, 5:50:06 pm | [2026-09-01T12:20:06.282Z] [LOG] {
  "screen": "UserDashboard",
  "event": "LOADING_COMPLETED",
  "empNo": "UNKNOWN",
  "timestamp": "2026-09-01T12:20:06.282Z"
}
1/9/2026, 5:50:09 pm | [2026-09-01T12:20:10.160Z] [LOG] {
  "screen": "UserDashboard",
  "event": "SAVE_BUTTON_CLICKED",
  "empNo": "307",
  "amount": "1570044",
  "isEditing": false,
  "timestamp": "2026-09-01T12:20:10.160Z"
}
1/9/2026, 5:50:10 pm | [2026-09-01T12:20:11.081Z] [LOG] {
  "screen": "UserDashboard",
  "event": "SAVE_CASH_API_STARTED",
  "empNo": "307",
  "amount": "1570044",
  "timestamp": "2026-09-01T12:20:11.081Z"
}
1/9/2026, 5:50:11 pm | [2026-09-01T12:20:11.197Z] [LOG] {
  "screen": "UserDashboard",
  "event": "SAVE_CASH_SUCCESS",
  "empNo": "307",
  "savedAmount": "1570044",
  "savedAt": "2026-09-01T12:20:11.191Z",
  "formattedSaveTime": "5:50 pm",
  "isEditing": false,
  "timestamp": "2026-09-01T12:20:11.197Z"
}
1/9/2026, 5:50:11 pm | [2026-09-01T12:20:10.514Z] [LOG] Running "CashClosingApp"
1/9/2026, 5:50:11 pm | [2026-09-01T12:20:10.631Z] [LOG] {
  "screen": "WelcomeScreen",
  "event": "SCREEN_OPENED",
  "timestamp": "2026-09-01T12:20:10.631Z"
}
1/9/2026, 5:50:11 pm | [2026-09-01T12:20:10.893Z] [LOG] {
  "screen": "WelcomeScreen",
  "event": "SCREEN_OPENED",
  "timestamp": "2026-09-01T12:20:10.893Z"
}
1/9/2026, 5:50:11 pm | [2026-09-01T12:20:10.560Z] [LOG] Running "CashClosingApp"
1/9/2026, 5:50:11 pm | [2026-09-01T12:20:11.411Z] [LOG] {
  "screen": "WelcomeScreen",
  "event": "LOGIN_BUTTON_CLICKED",
  "timestamp": "2026-09-01T12:20:11.411Z"
}
1/9/2026, 5:50:11 pm | [2026-09-01T12:20:11.468Z] [LOG] {
  "screen": "LoginScreen",
  "event": "SCREEN_OPENED",
  "timestamp": "2026-09-01T12:20:11.468Z"
}
1/9/2026, 5:50:12 pm | [2026-09-01T12:20:12.214Z] [LOG] {
  "screen": "WelcomeScreen",
  "event": "LOGIN_BUTTON_CLICKED",
  "timestamp": "2026-09-01T12:20:12.214Z"
}
1/9/2026, 5:50:12 pm | [2026-09-01T12:20:12.307Z] [LOG] {
  "screen": "LoginScreen",
  "event": "SCREEN_OPENED",
  "timestamp": "2026-09-01T12:20:12.307Z"
}
1/9/2026, 5:50:14 pm | [2026-09-01T12:20:14.481Z] [LOG] {
  "screen": "LoginScreen",
  "event": "LOGIN_BUTTON_CLICKED",
  "timestamp": "2026-09-01T12:20:14.481Z"
}
1/9/2026, 5:50:14 pm | [2026-09-01T12:20:14.482Z] [LOG] {
  "screen": "LoginScreen",
  "event": "LOADING_STARTED",
  "timestamp": "2026-09-01T12:20:14.482Z"
}
1/9/2026, 5:50:15 pm | [2026-09-01T12:20:14.592Z] [LOG] {
  "screen": "LoginScreen",
  "event": "LOGIN_SUCCESS",
  "user": {
    "empNo": "774",
    "employeeName": "S Bhavani",
    "branchCode": "47",
    "branchName": "Seetharam Puram",
    "designation": "Branch Manager"
  },
  "timestamp": "2026-09-01T12:20:14.592Z"
}
1/9/2026, 5:50:15 pm | [2026-09-01T12:20:14.614Z] [LOG] {
  "event": "NAVIGATING_TO_USER"
}
1/9/2026, 5:50:15 pm | [2026-09-01T12:20:14.612Z] [LOG] {
  "screen": "LoginScreen",
  "event": "USER_DATA_SAVED",
  "timestamp": "2026-09-01T12:20:14.612Z"
}
1/9/2026, 5:50:15 pm | [2026-09-01T12:20:14.615Z] [LOG] {
  "screen": "LoginScreen",
  "event": "LOADING_COMPLETED",
  "timestamp": "2026-09-01T12:20:14.615Z"
}
1/9/2026, 5:50:15 pm | [2026-09-01T12:20:14.630Z] [LOG] {
  "screen": "UserDashboard",
  "event": "SCREEN_OPENED",
  "empNo": "UNKNOWN",
  "timestamp": "2026-09-01T12:20:14.630Z"
}
1/9/2026, 5:50:15 pm | [2026-09-01T12:20:14.502Z] [LOG] {
  "empNo": "",
  "deviceId": "8b44da9a73e42658"
}
1/9/2026, 5:50:15 pm | [2026-09-01T12:20:14.501Z] [LOG] {
  "screen": "LoginScreen",
  "event": "DEVICE_ID_FETCHED",
  "deviceId": "8b44da9a73e42658",
  "timestamp": "2026-09-01T12:20:14.501Z"
}
1/9/2026, 5:50:15 pm | [2026-09-01T12:20:14.503Z] [LOG] {
  "screen": "LoginScreen",
  "event": "LOGIN_API_STARTED",
  "deviceId": "8b44da9a73e42658",
  "timestamp": "2026-09-01T12:20:14.503Z"
}
1/9/2026, 5:50:15 pm | [2026-09-01T12:20:14.634Z] [LOG] {
  "screen": "UserDashboard",
  "event": "LOAD_EMPLOYEE_STARTED",
  "empNo": "UNKNOWN",
  "timestamp": "2026-09-01T12:20:14.634Z"
}
1/9/2026, 5:50:15 pm | [2026-09-01T12:20:14.638Z] [LOG] {
  "screen": "UserDashboard",
  "event": "LOGGED_USER_FETCHED",
  "hasUser": true,
  "empNo": "UNKNOWN",
  "timestamp": "2026-09-01T12:20:14.638Z"
}
1/9/2026, 5:50:15 pm | [2026-09-01T12:20:14.639Z] [LOG] {
  "screen": "UserDashboard",
  "event": "EMPLOYEE_API_STARTED",
  "empNo": "774",
  "timestamp": "2026-09-01T12:20:14.639Z"
}
1/9/2026, 5:50:15 pm | [2026-09-01T12:20:14.753Z] [LOG] {
  "screen": "UserDashboard",
  "event": "EMPLOYEE_DATA_LOADED",
  "empNo": "774",
  "branch": "Seetharam Puram",
  "designation": "Branch Manager",
  "timestamp": "2026-09-01T12:20:14.753Z"
}
1/9/2026, 5:50:15 pm | [2026-09-01T12:20:14.845Z] [LOG] {
  "screen": "UserDashboard",
  "event": "LAST_SUBMISSION_LOADED",
  "previousDayAmount": 690000,
  "previousDaySubmittedAt": "2026-08-31 18:11:03",
  "formattedPreviousDayTime": "31/8/2026, 6:11 pm",
  "empNo": "",
  "timestamp": "2026-09-01T12:20:14.845Z"
}
1/9/2026, 5:50:15 pm | [2026-09-01T12:20:14.903Z] [LOG] {
  "screen": "UserDashboard",
  "event": "LOADING_COMPLETED",
  "empNo": "UNKNOWN",
  "timestamp": "2026-09-01T12:20:14.903Z"
}
1/9/2026, 5:50:16 pm | [2026-09-01T12:20:16.048Z] [LOG] {
  "screen": "LoginScreen",
  "event": "LOADING_STARTED",
  "timestamp": "2026-09-01T12:20:16.048Z"
}
1/9/2026, 5:50:16 pm | [2026-09-01T12:20:16.046Z] [LOG] {
  "screen": "LoginScreen",
  "event": "LOGIN_BUTTON_CLICKED",
  "timestamp": "2026-09-01T12:20:16.046Z"
}
1/9/2026, 5:50:16 pm | [2026-09-01T12:20:16.074Z] [LOG] {
  "screen": "LoginScreen",
  "event": "LOGIN_API_STARTED",
  "deviceId": "15c44e0621dd621c",
  "timestamp": "2026-09-01T12:20:16.074Z"
}
1/9/2026, 5:50:16 pm | [2026-09-01T12:20:16.170Z] [LOG] {
  "screen": "LoginScreen",
  "event": "LOGIN_SUCCESS",
  "user": {
    "empNo": "487",
    "employeeName": "Ch Sivaji",
    "branchCode": "37",
    "branchName": "Amalapuram",
    "designation": "Branch Manager"
  },
  "timestamp": "2026-09-01T12:20:16.170Z"
}
1/9/2026, 5:50:16 pm | [2026-09-01T12:20:16.204Z] [LOG] {
  "screen": "LoginScreen",
  "event": "USER_DATA_SAVED",
  "timestamp": "2026-09-01T12:20:16.204Z"
}
1/9/2026, 5:50:16 pm | [2026-09-01T12:20:16.212Z] [LOG] {
  "screen": "LoginScreen",
  "event": "LOADING_COMPLETED",
  "timestamp": "2026-09-01T12:20:16.212Z"
}
1/9/2026, 5:50:16 pm | [2026-09-01T12:20:16.237Z] [LOG] {
  "screen": "UserDashboard",
  "event": "SCREEN_OPENED",
  "empNo": "UNKNOWN",
  "timestamp": "2026-09-01T12:20:16.237Z"
}
1/9/2026, 5:50:16 pm | [2026-09-01T12:20:16.073Z] [LOG] {
  "screen": "LoginScreen",
  "event": "DEVICE_ID_FETCHED",
  "deviceId": "15c44e0621dd621c",
  "timestamp": "2026-09-01T12:20:16.073Z"
}
1/9/2026, 5:50:16 pm | [2026-09-01T12:20:16.238Z] [LOG] {
  "screen": "UserDashboard",
  "event": "LOAD_EMPLOYEE_STARTED",
  "empNo": "UNKNOWN",
  "timestamp": "2026-09-01T12:20:16.238Z"
}
1/9/2026, 5:50:16 pm | [2026-09-01T12:20:16.073Z] [LOG] {
  "empNo": "",
  "deviceId": "15c44e0621dd621c"
}
1/9/2026, 5:50:16 pm | [2026-09-01T12:20:16.251Z] [LOG] {
  "screen": "UserDashboard",
  "event": "LOGGED_USER_FETCHED",
  "hasUser": true,
  "empNo": "UNKNOWN",
  "timestamp": "2026-09-01T12:20:16.251Z"
}
1/9/2026, 5:50:16 pm | [2026-09-01T12:20:16.252Z] [LOG] {
  "screen": "UserDashboard",
  "event": "EMPLOYEE_API_STARTED",
  "empNo": "487",
  "timestamp": "2026-09-01T12:20:16.252Z"
}
1/9/2026, 5:50:16 pm | [2026-09-01T12:20:16.362Z] [LOG] {
  "screen": "UserDashboard",
  "event": "EMPLOYEE_DATA_LOADED",
  "empNo": "487",
  "branch": "Amalapuram",
  "designation": "Branch Manager",
  "timestamp": "2026-09-01T12:20:16.362Z"
}
1/9/2026, 5:50:16 pm | [2026-09-01T12:20:16.209Z] [LOG] {
  "event": "NAVIGATING_TO_USER"
}
1/9/2026, 5:50:16 pm | [2026-09-01T12:20:16.606Z] [LOG] {
  "screen": "UserDashboard",
  "event": "LAST_SUBMISSION_LOADED",
  "previousDayAmount": 1200000,
  "previousDaySubmittedAt": "2026-08-31 17:52:35",
  "formattedPreviousDayTime": "31/8/2026, 5:52 pm",
  "empNo": "",
  "timestamp": "2026-09-01T12:20:16.606Z"
}
1/9/2026, 5:50:16 pm | [2026-09-01T12:20:16.666Z] [LOG] {
  "screen": "UserDashboard",
  "event": "LOADING_COMPLETED",
  "empNo": "UNKNOWN",
  "timestamp": "2026-09-01T12:20:16.666Z"
}
1/9/2026, 5:50:19 pm | [2026-09-01T12:20:19.397Z] [LOG] {
  "screen": "UserDashboard",
  "event": "SAVE_BUTTON_CLICKED",
  "empNo": "774",
  "amount": "970000",
  "isEditing": false,
  "timestamp": "2026-09-01T12:20:19.397Z"
}
1/9/2026, 5:50:20 pm | [2026-09-01T12:20:20.311Z] [LOG] {
  "screen": "UserDashboard",
  "event": "SAVE_CASH_API_STARTED",
  "empNo": "774",
  "amount": "970000",
  "timestamp": "2026-09-01T12:20:20.311Z"
}
1/9/2026, 5:50:20 pm | [2026-09-01T12:20:20.415Z] [LOG] {
  "screen": "UserDashboard",
  "event": "SAVE_CASH_SUCCESS",
  "empNo": "774",
  "savedAmount": "970000",
  "savedAt": "2026-09-01T12:20:20.408Z",
  "formattedSaveTime": "5:50 pm",
  "isEditing": false,
  "timestamp": "2026-09-01T12:20:20.415Z"
}
1/9/2026, 5:50:22 pm | [2026-09-01T12:20:21.228Z] [LOG] {
  "screen": "UserDashboard",
  "event": "SAVE_BUTTON_CLICKED",
  "empNo": "471",
  "amount": "1400000",
  "isEditing": false,
  "timestamp": "2026-09-01T12:20:21.228Z"
}
1/9/2026, 5:50:22 pm | [2026-09-01T12:20:22.343Z] [LOG] {
  "screen": "UserDashboard",
  "event": "SAVE_CASH_API_STARTED",
  "empNo": "471",
  "amount": "1400000",
  "timestamp": "2026-09-01T12:20:22.343Z"
}
1/9/2026, 5:50:23 pm | [2026-09-01T12:20:22.604Z] [LOG] {
  "screen": "UserDashboard",
  "event": "SAVE_CASH_SUCCESS",
  "empNo": "471",
  "savedAmount": "1400000",
  "savedAt": "2026-09-01T12:20:22.598Z",
  "formattedSaveTime": "5:50 pm",
  "isEditing": false,
  "timestamp": "2026-09-01T12:20:22.604Z"
}
1/9/2026, 5:50:24 pm | [2026-09-01T12:20:24.430Z] [LOG] {
  "screen": "UserDashboard",
  "event": "SAVE_BUTTON_CLICKED",
  "empNo": "487",
  "amount": "1000000",
  "isEditing": false,
  "timestamp": "2026-09-01T12:20:24.430Z"
}
1/9/2026, 5:50:26 pm | [2026-09-01T12:20:26.137Z] [LOG] {
  "screen": "UserDashboard",
  "event": "SAVE_CASH_API_STARTED",
  "empNo": "487",
  "amount": "1000000",
  "timestamp": "2026-09-01T12:20:26.137Z"
}
1/9/2026, 5:50:26 pm | [2026-09-01T12:20:26.358Z] [LOG] {
  "screen": "UserDashboard",
  "event": "SAVE_CASH_SUCCESS",
  "empNo": "487",
  "savedAmount": "1000000",
  "savedAt": "2026-09-01T12:20:26.332Z",
  "formattedSaveTime": "5:50 pm",
  "isEditing": false,
  "timestamp": "2026-09-01T12:20:26.358Z"
}
1/9/2026, 5:50:53 pm | [2026-09-01T12:20:52.434Z] [LOG] {
  "screen": "LoginScreen",
  "event": "LOGIN_BUTTON_CLICKED",
  "timestamp": "2026-09-01T12:20:52.434Z"
}
1/9/2026, 5:50:53 pm | [2026-09-01T12:20:48.732Z] [LOG] {
  "screen": "WelcomeScreen",
  "event": "SCREEN_OPENED",
  "timestamp": "2026-09-01T12:20:48.732Z"
}
1/9/2026, 5:50:53 pm | [2026-09-01T12:20:49.539Z] [LOG] {
  "screen": "WelcomeScreen",
  "event": "LOGIN_BUTTON_CLICKED",
  "timestamp": "2026-09-01T12:20:49.539Z"
}
1/9/2026, 5:50:53 pm | [2026-09-01T12:20:48.564Z] [LOG] Running "CashClosingApp"
1/9/2026, 5:50:53 pm | [2026-09-01T12:20:49.587Z] [LOG] {
  "screen": "LoginScreen",
  "event": "SCREEN_OPENED",
  "timestamp": "2026-09-01T12:20:49.587Z"
}
1/9/2026, 5:50:53 pm | [2026-09-01T12:20:52.448Z] [LOG] {
  "screen": "LoginScreen",
  "event": "DEVICE_ID_FETCHED",
  "deviceId": "f6a3b291f7315431",
  "timestamp": "2026-09-01T12:20:52.448Z"
}
1/9/2026, 5:50:53 pm | [2026-09-01T12:20:52.449Z] [LOG] {
  "empNo": "",
  "deviceId": "f6a3b291f7315431"
}
1/9/2026, 5:50:53 pm | [2026-09-01T12:20:52.436Z] [LOG] {
  "screen": "LoginScreen",
  "event": "LOADING_STARTED",
  "timestamp": "2026-09-01T12:20:52.436Z"
}
1/9/2026, 5:50:53 pm | [2026-09-01T12:20:52.450Z] [LOG] {
  "screen": "LoginScreen",
  "event": "LOGIN_API_STARTED",
  "deviceId": "f6a3b291f7315431",
  "timestamp": "2026-09-01T12:20:52.450Z"
}
1/9/2026, 5:50:53 pm | [2026-09-01T12:20:54.142Z] [LOG] {
  "screen": "LoginScreen",
  "event": "LOGIN_SUCCESS",
  "user": {
    "empNo": "601",
    "employeeName": "G Divya Raju",
    "branchCode": "49",
    "branchName": "Tuni",
    "designation": "Branch Manager"
  },
  "timestamp": "2026-09-01T12:20:54.142Z"
}
1/9/2026, 5:50:53 pm | [2026-09-01T12:20:54.155Z] [LOG] {
  "screen": "LoginScreen",
  "event": "LOADING_COMPLETED",
  "timestamp": "2026-09-01T12:20:54.155Z"
}
1/9/2026, 5:50:53 pm | [2026-09-01T12:20:54.153Z] [LOG] {
  "screen": "LoginScreen",
  "event": "USER_DATA_SAVED",
  "timestamp": "2026-09-01T12:20:54.153Z"
}
1/9/2026, 5:50:53 pm | [2026-09-01T12:20:54.179Z] [LOG] {
  "screen": "UserDashboard",
  "event": "SCREEN_OPENED",
  "empNo": "UNKNOWN",
  "timestamp": "2026-09-01T12:20:54.178Z"
}
1/9/2026, 5:50:53 pm | [2026-09-01T12:20:54.155Z] [LOG] {
  "event": "NAVIGATING_TO_USER"
}
1/9/2026, 5:50:53 pm | [2026-09-01T12:20:54.182Z] [LOG] {
  "screen": "UserDashboard",
  "event": "LOAD_EMPLOYEE_STARTED",
  "empNo": "UNKNOWN",
  "timestamp": "2026-09-01T12:20:54.182Z"
}
1/9/2026, 5:50:53 pm | [2026-09-01T12:20:54.189Z] [LOG] {
  "screen": "UserDashboard",
  "event": "LOGGED_USER_FETCHED",
  "hasUser": true,
  "empNo": "UNKNOWN",
  "timestamp": "2026-09-01T12:20:54.189Z"
}
1/9/2026, 5:50:53 pm | [2026-09-01T12:20:54.190Z] [LOG] {
  "screen": "UserDashboard",
  "event": "EMPLOYEE_API_STARTED",
  "empNo": "601",
  "timestamp": "2026-09-01T12:20:54.190Z"
}
1/9/2026, 5:50:53 pm | [2026-09-01T12:20:54.310Z] [LOG] {
  "screen": "UserDashboard",
  "event": "EMPLOYEE_DATA_LOADED",
  "empNo": "601",
  "branch": "Tuni",
  "designation": "Branch Manager",
  "timestamp": "2026-09-01T12:20:54.310Z"
}
1/9/2026, 5:50:54 pm | [2026-09-01T12:20:54.452Z] [LOG] {
  "screen": "UserDashboard",
  "event": "LAST_SUBMISSION_LOADED",
  "previousDayAmount": 1256000,
  "previousDaySubmittedAt": "2026-08-31 17:34:06",
  "formattedPreviousDayTime": "31/8/2026, 5:34 pm",
  "empNo": "",
  "timestamp": "2026-09-01T12:20:54.452Z"
}
1/9/2026, 5:50:54 pm | [2026-09-01T12:20:54.532Z] [LOG] {
  "screen": "UserDashboard",
  "event": "LOADING_COMPLETED",
  "empNo": "UNKNOWN",
  "timestamp": "2026-09-01T12:20:54.532Z"
}
1/9/2026, 5:51:01 pm | [2026-09-01T12:21:01.886Z] [LOG] {
  "screen": "UserDashboard",
  "event": "SAVE_BUTTON_CLICKED",
  "empNo": "601",
  "amount": "950000",
  "isEditing": false,
  "timestamp": "2026-09-01T12:21:01.886Z"
}
1/9/2026, 5:51:02 pm | [2026-09-01T12:21:02.901Z] [LOG] {
  "screen": "UserDashboard",
  "event": "SAVE_CASH_API_STARTED",
  "empNo": "601",
  "amount": "950000",
  "timestamp": "2026-09-01T12:21:02.901Z"
}
1/9/2026, 5:51:02 pm | [2026-09-01T12:21:03.315Z] [LOG] {
  "screen": "UserDashboard",
  "event": "SAVE_CASH_SUCCESS",
  "empNo": "601",
  "savedAmount": "950000",
  "savedAt": "2026-09-01T12:21:03.306Z",
  "formattedSaveTime": "5:51 pm",
  "isEditing": false,
  "timestamp": "2026-09-01T12:21:03.315Z"
}
1/9/2026, 5:51:08 pm | [2026-09-01T12:21:08.792Z] [LOG] {
  "screen": "UserDashboard",
  "event": "SAVE_BUTTON_CLICKED",
  "empNo": "601",
  "amount": "950000",
  "isEditing": true,
  "timestamp": "2026-09-01T12:21:08.792Z"
}
1/9/2026, 5:51:09 pm | [2026-09-01T12:21:09.629Z] [LOG] {
  "screen": "UserDashboard",
  "event": "SAVE_CASH_API_STARTED",
  "empNo": "601",
  "amount": "950000",
  "timestamp": "2026-09-01T12:21:09.629Z"
}
1/9/2026, 5:51:09 pm | [2026-09-01T12:21:10.092Z] [LOG] {
  "screen": "UserDashboard",
  "event": "SAVE_CASH_SUCCESS",
  "empNo": "601",
  "savedAmount": "950000",
  "savedAt": "2026-09-01T12:21:10.081Z",
  "formattedSaveTime": "5:51 pm",
  "isEditing": true,
  "timestamp": "2026-09-01T12:21:10.092Z"
}
1/9/2026, 5:51:38 pm | [2026-09-01T12:21:33.105Z] [LOG] {
  "screen": "LoginScreen",
  "event": "SCREEN_OPENED",
  "timestamp": "2026-09-01T12:21:33.105Z"
}
1/9/2026, 5:51:38 pm | [2026-09-01T12:21:32.242Z] [LOG] {
  "screen": "WelcomeScreen",
  "event": "SCREEN_OPENED",
  "timestamp": "2026-09-01T12:21:32.242Z"
}
1/9/2026, 5:51:38 pm | [2026-09-01T12:21:33.030Z] [LOG] {
  "screen": "WelcomeScreen",
  "event": "LOGIN_BUTTON_CLICKED",
  "timestamp": "2026-09-01T12:21:33.030Z"
}
1/9/2026, 5:51:38 pm | [2026-09-01T12:21:31.957Z] [LOG] Running "CashClosingApp"
1/9/2026, 5:51:39 pm | [2026-09-01T12:21:38.970Z] [LOG] {
  "screen": "LoginScreen",
  "event": "DEVICE_ID_FETCHED",
  "deviceId": "be4ece9305fe11fc",
  "timestamp": "2026-09-01T12:21:38.970Z"
}
1/9/2026, 5:51:39 pm | [2026-09-01T12:21:38.945Z] [LOG] {
  "screen": "LoginScreen",
  "event": "LOGIN_BUTTON_CLICKED",
  "timestamp": "2026-09-01T12:21:38.945Z"
}
1/9/2026, 5:51:39 pm | [2026-09-01T12:21:38.947Z] [LOG] {
  "screen": "LoginScreen",
  "event": "LOADING_STARTED",
  "timestamp": "2026-09-01T12:21:38.947Z"
}
1/9/2026, 5:51:40 pm | [2026-09-01T12:21:38.972Z] [LOG] {
  "empNo": "",
  "deviceId": "be4ece9305fe11fc"
}
1/9/2026, 5:51:40 pm | [2026-09-01T12:21:39.155Z] [LOG] {
  "screen": "LoginScreen",
  "event": "LOGIN_SUCCESS",
  "user": {
    "empNo": "142",
    "employeeName": "T. Mohana Manidhar",
    "branchCode": "18",
    "branchName": "Gollapudi",
    "designation": "Branch Manager"
  },
  "timestamp": "2026-09-01T12:21:39.155Z"
}
1/9/2026, 5:51:40 pm | [2026-09-01T12:21:38.973Z] [LOG] {
  "screen": "LoginScreen",
  "event": "LOGIN_API_STARTED",
  "deviceId": "be4ece9305fe11fc",
  "timestamp": "2026-09-01T12:21:38.973Z"
}
1/9/2026, 5:51:40 pm | [2026-09-01T12:21:39.191Z] [LOG] {
  "event": "NAVIGATING_TO_USER"
}
1/9/2026, 5:51:40 pm | [2026-09-01T12:21:39.187Z] [LOG] {
  "screen": "LoginScreen",
  "event": "USER_DATA_SAVED",
  "timestamp": "2026-09-01T12:21:39.187Z"
}
1/9/2026, 5:51:40 pm | [2026-09-01T12:21:39.197Z] [LOG] {
  "screen": "LoginScreen",
  "event": "LOADING_COMPLETED",
  "timestamp": "2026-09-01T12:21:39.197Z"
}
1/9/2026, 5:51:40 pm | [2026-09-01T12:21:39.238Z] [LOG] {
  "screen": "UserDashboard",
  "event": "SCREEN_OPENED",
  "empNo": "UNKNOWN",
  "timestamp": "2026-09-01T12:21:39.238Z"
}
1/9/2026, 5:51:40 pm | [2026-09-01T12:21:39.239Z] [LOG] {
  "screen": "UserDashboard",
  "event": "LOAD_EMPLOYEE_STARTED",
  "empNo": "UNKNOWN",
  "timestamp": "2026-09-01T12:21:39.239Z"
}
1/9/2026, 5:51:40 pm | [2026-09-01T12:21:39.248Z] [LOG] {
  "screen": "UserDashboard",
  "event": "EMPLOYEE_API_STARTED",
  "empNo": "142",
  "timestamp": "2026-09-01T12:21:39.248Z"
}
1/9/2026, 5:51:40 pm | [2026-09-01T12:21:39.247Z] [LOG] {
  "screen": "UserDashboard",
  "event": "LOGGED_USER_FETCHED",
  "hasUser": true,
  "empNo": "UNKNOWN",
  "timestamp": "2026-09-01T12:21:39.246Z"
}
1/9/2026, 5:51:40 pm | [2026-09-01T12:21:39.362Z] [LOG] {
  "screen": "UserDashboard",
  "event": "EMPLOYEE_DATA_LOADED",
  "empNo": "142",
  "branch": "Gollapudi",
  "designation": "Branch Manager",
  "timestamp": "2026-09-01T12:21:39.362Z"
}
1/9/2026, 5:51:40 pm | [2026-09-01T12:21:39.588Z] [LOG] {
  "screen": "UserDashboard",
  "event": "LAST_SUBMISSION_LOADED",
  "previousDayAmount": 3459000,
  "previousDaySubmittedAt": "2026-08-31 17:44:55",
  "formattedPreviousDayTime": "31/8/2026, 5:44 pm",
  "empNo": "",
  "timestamp": "2026-09-01T12:21:39.588Z"
}
1/9/2026, 5:51:40 pm | [2026-09-01T12:21:39.692Z] [LOG] {
  "screen": "UserDashboard",
  "event": "LOADING_COMPLETED",
  "empNo": "UNKNOWN",
  "timestamp": "2026-09-01T12:21:39.692Z"
}
1/9/2026, 5:51:47 pm | [2026-09-01T12:21:47.195Z] [LOG] Running "CashClosingApp"
1/9/2026, 5:51:47 pm | [2026-09-01T12:21:47.355Z] [LOG] {
  "screen": "WelcomeScreen",
  "event": "SCREEN_OPENED",
  "timestamp": "2026-09-01T12:21:47.355Z"
}
1/9/2026, 5:51:48 pm | [2026-09-01T12:21:48.233Z] [LOG] {
  "screen": "WelcomeScreen",
  "event": "LOGIN_BUTTON_CLICKED",
  "timestamp": "2026-09-01T12:21:48.233Z"
}
1/9/2026, 5:51:48 pm | [2026-09-01T12:21:48.278Z] [LOG] {
  "screen": "LoginScreen",
  "event": "SCREEN_OPENED",
  "timestamp": "2026-09-01T12:21:48.278Z"
}
1/9/2026, 5:51:49 pm | [2026-09-01T12:21:49.553Z] [LOG] {
  "screen": "WelcomeScreen",
  "event": "SCREEN_OPENED",
  "timestamp": "2026-09-01T12:21:49.553Z"
}
1/9/2026, 5:51:49 pm | [2026-09-01T12:21:49.427Z] [LOG] Running "CashClosingApp"
1/9/2026, 5:51:50 pm | [2026-09-01T12:21:50.359Z] [LOG] {
  "screen": "WelcomeScreen",
  "event": "LOGIN_BUTTON_CLICKED",
  "timestamp": "2026-09-01T12:21:50.359Z"
}
1/9/2026, 5:51:50 pm | [2026-09-01T12:21:50.400Z] [LOG] {
  "screen": "LoginScreen",
  "event": "SCREEN_OPENED",
  "timestamp": "2026-09-01T12:21:50.400Z"
}
1/9/2026, 5:51:50 pm | [2026-09-01T12:21:49.522Z] [LOG] {
  "screen": "UserDashboard",
  "event": "SAVE_BUTTON_CLICKED",
  "empNo": "142",
  "amount": "831358",
  "isEditing": false,
  "timestamp": "2026-09-01T12:21:49.521Z"
}
1/9/2026, 5:51:51 pm | [2026-09-01T12:21:51.752Z] [LOG] {
  "screen": "LoginScreen",
  "event": "LOADING_STARTED",
  "timestamp": "2026-09-01T12:21:51.752Z"
}
1/9/2026, 5:51:51 pm | [2026-09-01T12:21:51.752Z] [LOG] {
  "screen": "LoginScreen",
  "event": "LOGIN_BUTTON_CLICKED",
  "timestamp": "2026-09-01T12:21:51.752Z"
}
1/9/2026, 5:51:51 pm | [2026-09-01T12:21:51.849Z] [LOG] {
  "screen": "LoginScreen",
  "event": "LOGIN_SUCCESS",
  "user": {
    "empNo": "458",
    "employeeName": "V Murali Mohan",
    "branchCode": "23",
    "branchName": "Nizampatnam",
    "designation": "Branch Manager"
  },
  "timestamp": "2026-09-01T12:21:51.849Z"
}
1/9/2026, 5:51:51 pm | [2026-09-01T12:21:51.861Z] [LOG] {
  "screen": "LoginScreen",
  "event": "USER_DATA_SAVED",
  "timestamp": "2026-09-01T12:21:51.861Z"
}
1/9/2026, 5:51:51 pm | [2026-09-01T12:21:51.862Z] [LOG] {
  "screen": "LoginScreen",
  "event": "LOADING_COMPLETED",
  "timestamp": "2026-09-01T12:21:51.862Z"
}
1/9/2026, 5:51:51 pm | [2026-09-01T12:21:51.862Z] [LOG] {
  "event": "NAVIGATING_TO_USER"
}
1/9/2026, 5:51:51 pm | [2026-09-01T12:21:51.758Z] [LOG] {
  "empNo": "",
  "deviceId": "8440bf7c24e32ebc"
}
1/9/2026, 5:51:51 pm | [2026-09-01T12:21:51.758Z] [LOG] {
  "screen": "LoginScreen",
  "event": "DEVICE_ID_FETCHED",
  "deviceId": "8440bf7c24e32ebc",
  "timestamp": "2026-09-01T12:21:51.758Z"
}
1/9/2026, 5:51:51 pm | [2026-09-01T12:21:51.882Z] [LOG] {
  "screen": "UserDashboard",
  "event": "SCREEN_OPENED",
  "empNo": "UNKNOWN",
  "timestamp": "2026-09-01T12:21:51.878Z"
}
1/9/2026, 5:51:51 pm | [2026-09-01T12:21:51.882Z] [LOG] {
  "screen": "UserDashboard",
  "event": "LOAD_EMPLOYEE_STARTED",
  "empNo": "UNKNOWN",
  "timestamp": "2026-09-01T12:21:51.882Z"
}
1/9/2026, 5:51:51 pm | [2026-09-01T12:21:51.892Z] [LOG] {
  "screen": "UserDashboard",
  "event": "LOGGED_USER_FETCHED",
  "hasUser": true,
  "empNo": "UNKNOWN",
  "timestamp": "2026-09-01T12:21:51.892Z"
}
1/9/2026, 5:51:51 pm | [2026-09-01T12:21:51.893Z] [LOG] {
  "screen": "UserDashboard",
  "event": "EMPLOYEE_API_STARTED",
  "empNo": "458",
  "timestamp": "2026-09-01T12:21:51.893Z"
}
1/9/2026, 5:51:51 pm | [2026-09-01T12:21:50.960Z] [LOG] {
  "screen": "UserDashboard",
  "event": "SAVE_CASH_SUCCESS",
  "empNo": "142",
  "savedAmount": "831358",
  "savedAt": "2026-09-01T12:21:50.958Z",
  "formattedSaveTime": "5:51 pm",
  "isEditing": false,
  "timestamp": "2026-09-01T12:21:50.960Z"
}
1/9/2026, 5:51:52 pm | [2026-09-01T12:21:52.028Z] [LOG] {
  "screen": "UserDashboard",
  "event": "EMPLOYEE_DATA_LOADED",
  "empNo": "458",
  "branch": "Nizampatnam",
  "designation": "Branch Manager",
  "timestamp": "2026-09-01T12:21:52.028Z"
}
1/9/2026, 5:51:52 pm | [2026-09-01T12:21:50.821Z] [LOG] {
  "screen": "UserDashboard",
  "event": "SAVE_CASH_API_STARTED",
  "empNo": "142",
  "amount": "831358",
  "timestamp": "2026-09-01T12:21:50.821Z"
}
1/9/2026, 5:51:52 pm | [2026-09-01T12:21:52.144Z] [LOG] {
  "screen": "UserDashboard",
  "event": "LAST_SUBMISSION_LOADED",
  "previousDayAmount": 1600000,
  "previousDaySubmittedAt": "2026-08-31 18:00:51",
  "formattedPreviousDayTime": "31/8/2026, 6:00 pm",
  "empNo": "",
  "timestamp": "2026-09-01T12:21:52.144Z"
}
1/9/2026, 5:51:52 pm | [2026-09-01T12:21:52.193Z] [LOG] {
  "screen": "UserDashboard",
  "event": "LOADING_COMPLETED",
  "empNo": "UNKNOWN",
  "timestamp": "2026-09-01T12:21:52.193Z"
}
1/9/2026, 5:51:54 pm | [2026-09-01T12:21:51.759Z] [LOG] {
  "screen": "LoginScreen",
  "event": "LOGIN_API_STARTED",
  "deviceId": "8440bf7c24e32ebc",
  "timestamp": "2026-09-01T12:21:51.759Z"
}
1/9/2026, 5:51:55 pm | [2026-09-01T12:21:55.468Z] [LOG] {
  "screen": "LoginScreen",
  "event": "LOADING_STARTED",
  "timestamp": "2026-09-01T12:21:55.468Z"
}
1/9/2026, 5:51:55 pm | [2026-09-01T12:21:55.467Z] [LOG] {
  "screen": "LoginScreen",
  "event": "LOGIN_BUTTON_CLICKED",
  "timestamp": "2026-09-01T12:21:55.467Z"
}
1/9/2026, 5:51:55 pm | [2026-09-01T12:21:55.619Z] [LOG] {
  "screen": "LoginScreen",
  "event": "LOGIN_SUCCESS",
  "user": {
    "empNo": "732",
    "employeeName": "T V Harihara Reddy",
    "branchCode": "51",
    "branchName": "Machilipatnam",
    "designation": "Branch Manager"
  },
  "timestamp": "2026-09-01T12:21:55.619Z"
}
1/9/2026, 5:51:55 pm | [2026-09-01T12:21:55.630Z] [LOG] {
  "screen": "LoginScreen",
  "event": "USER_DATA_SAVED",
  "timestamp": "2026-09-01T12:21:55.630Z"
}
1/9/2026, 5:51:55 pm | [2026-09-01T12:21:55.479Z] [LOG] {
  "screen": "LoginScreen",
  "event": "LOGIN_API_STARTED",
  "deviceId": "59eb5065f5269964",
  "timestamp": "2026-09-01T12:21:55.479Z"
}
1/9/2026, 5:51:55 pm | [2026-09-01T12:21:55.633Z] [LOG] {
  "event": "NAVIGATING_TO_USER"
}
1/9/2026, 5:51:55 pm | [2026-09-01T12:21:55.478Z] [LOG] {
  "screen": "LoginScreen",
  "event": "DEVICE_ID_FETCHED",
  "deviceId": "59eb5065f5269964",
  "timestamp": "2026-09-01T12:21:55.478Z"
}
1/9/2026, 5:51:55 pm | [2026-09-01T12:21:55.478Z] [LOG] {
  "empNo": "",
  "deviceId": "59eb5065f5269964"
}
1/9/2026, 5:51:55 pm | [2026-09-01T12:21:55.634Z] [LOG] {
  "screen": "LoginScreen",
  "event": "LOADING_COMPLETED",
  "timestamp": "2026-09-01T12:21:55.634Z"
}
1/9/2026, 5:51:55 pm | [2026-09-01T12:21:55.646Z] [LOG] {
  "screen": "UserDashboard",
  "event": "LOGGED_USER_FETCHED",
  "hasUser": true,
  "empNo": "UNKNOWN",
  "timestamp": "2026-09-01T12:21:55.646Z"
}
1/9/2026, 5:51:55 pm | [2026-09-01T12:21:55.641Z] [LOG] {
  "screen": "UserDashboard",
  "event": "LOAD_EMPLOYEE_STARTED",
  "empNo": "UNKNOWN",
  "timestamp": "2026-09-01T12:21:55.641Z"
}
1/9/2026, 5:51:55 pm | [2026-09-01T12:21:55.640Z] [LOG] {
  "screen": "UserDashboard",
  "event": "SCREEN_OPENED",
  "empNo": "UNKNOWN",
  "timestamp": "2026-09-01T12:21:55.640Z"
}
1/9/2026, 5:51:55 pm | [2026-09-01T12:21:55.648Z] [LOG] {
  "screen": "UserDashboard",
  "event": "EMPLOYEE_API_STARTED",
  "empNo": "732",
  "timestamp": "2026-09-01T12:21:55.648Z"
}
1/9/2026, 5:51:55 pm | [2026-09-01T12:21:55.818Z] [LOG] {
  "screen": "UserDashboard",
  "event": "EMPLOYEE_DATA_LOADED",
  "empNo": "732",
  "branch": "Machilipatnam",
  "designation": "Branch Manager",
  "timestamp": "2026-09-01T12:21:55.818Z"
}
1/9/2026, 5:51:55 pm | [2026-09-01T12:21:55.939Z] [LOG] {
  "screen": "UserDashboard",
  "event": "LAST_SUBMISSION_LOADED",
  "previousDayAmount": 441000,
  "previousDaySubmittedAt": "2026-08-31 17:38:14",
  "formattedPreviousDayTime": "31/8/2026, 5:38 pm",
  "empNo": "",
  "timestamp": "2026-09-01T12:21:55.939Z"
}
1/9/2026, 5:51:55 pm | [2026-09-01T12:21:56.003Z] [LOG] {
  "screen": "UserDashboard",
  "event": "LOADING_COMPLETED",
  "empNo": "UNKNOWN",
  "timestamp": "2026-09-01T12:21:56.003Z"
}
1/9/2026, 5:51:56 pm | [2026-09-01T12:21:55.204Z] [LOG] {
  "screen": "UserDashboard",
  "event": "SAVE_BUTTON_CLICKED",
  "empNo": "142",
  "amount": "831358",
  "isEditing": true,
  "timestamp": "2026-09-01T12:21:55.204Z"
}
1/9/2026, 5:51:57 pm | [2026-09-01T12:21:56.238Z] [LOG] {
  "screen": "UserDashboard",
  "event": "SAVE_CASH_API_STARTED",
  "empNo": "142",
  "amount": "831358",
  "timestamp": "2026-09-01T12:21:56.238Z"
}
1/9/2026, 5:51:57 pm | [2026-09-01T12:21:56.366Z] [LOG] {
  "screen": "UserDashboard",
  "event": "SAVE_CASH_SUCCESS",
  "empNo": "142",
  "savedAmount": "831358",
  "savedAt": "2026-09-01T12:21:56.364Z",
  "formattedSaveTime": "5:51 pm",
  "isEditing": true,
  "timestamp": "2026-09-01T12:21:56.365Z"
}
1/9/2026, 5:52:03 pm | [2026-09-01T12:22:03.121Z] [LOG] {
  "screen": "UserDashboard",
  "event": "SAVE_BUTTON_CLICKED",
  "empNo": "732",
  "amount": "220000",
  "isEditing": false,
  "timestamp": "2026-09-01T12:22:03.121Z"
}
1/9/2026, 5:52:03 pm | [2026-09-01T12:22:03.105Z] [LOG] {
  "screen": "UserDashboard",
  "event": "SAVE_CASH_API_STARTED",
  "empNo": "458",
  "amount": "1538000",
  "timestamp": "2026-09-01T12:22:03.105Z"
}
1/9/2026, 5:52:03 pm | [2026-09-01T12:22:03.342Z] [LOG] {
  "screen": "UserDashboard",
  "event": "SAVE_CASH_SUCCESS",
  "empNo": "458",
  "savedAmount": "1538000",
  "savedAt": "2026-09-01T12:22:03.335Z",
  "formattedSaveTime": "5:52 pm",
  "isEditing": false,
  "timestamp": "2026-09-01T12:22:03.342Z"
}
1/9/2026, 5:52:03 pm | [2026-09-01T12:22:03.791Z] [LOG] {
  "screen": "UserDashboard",
  "event": "SAVE_CASH_API_STARTED",
  "empNo": "732",
  "amount": "220000",
  "timestamp": "2026-09-01T12:22:03.791Z"
}
1/9/2026, 5:52:03 pm | [2026-09-01T12:22:04.062Z] [LOG] {
  "screen": "UserDashboard",
  "event": "SAVE_CASH_SUCCESS",
  "empNo": "732",
  "savedAmount": "220000",
  "savedAt": "2026-09-01T12:22:04.055Z",
  "formattedSaveTime": "5:52 pm",
  "isEditing": false,
  "timestamp": "2026-09-01T12:22:04.062Z"
}
1/9/2026, 5:52:05 pm | [2026-09-01T12:22:05.529Z] [LOG] {
  "screen": "UserDashboard",
  "event": "SAVE_BUTTON_CLICKED",
  "empNo": "732",
  "amount": "220000",
  "isEditing": true,
  "timestamp": "2026-09-01T12:22:05.529Z"
}
1/9/2026, 5:52:05 pm | [2026-09-01T12:22:06.156Z] [LOG] {
  "screen": "UserDashboard",
  "event": "SAVE_CASH_API_STARTED",
  "empNo": "732",
  "amount": "220000",
  "timestamp": "2026-09-01T12:22:06.156Z"
}
1/9/2026, 5:52:05 pm | [2026-09-01T12:22:06.271Z] [LOG] {
  "screen": "UserDashboard",
  "event": "SAVE_CASH_SUCCESS",
  "empNo": "732",
  "savedAmount": "220000",
  "savedAt": "2026-09-01T12:22:06.264Z",
  "formattedSaveTime": "5:52 pm",
  "isEditing": true,
  "timestamp": "2026-09-01T12:22:06.271Z"
}
1/9/2026, 5:52:43 pm | [2026-09-01T12:22:44.222Z] [LOG] {
  "screen": "WelcomeScreen",
  "event": "SCREEN_OPENED",
  "timestamp": "2026-09-01T12:22:44.222Z"
}
1/9/2026, 5:52:43 pm | [2026-09-01T12:22:44.131Z] [LOG] Running "CashClosingApp"
1/9/2026, 5:52:44 pm | [2026-09-01T12:22:45.025Z] [LOG] {
  "screen": "WelcomeScreen",
  "event": "LOGIN_BUTTON_CLICKED",
  "timestamp": "2026-09-01T12:22:45.025Z"
}
1/9/2026, 5:52:44 pm | [2026-09-01T12:22:45.050Z] [LOG] {
  "screen": "LoginScreen",
  "event": "SCREEN_OPENED",
  "timestamp": "2026-09-01T12:22:45.050Z"
}
1/9/2026, 5:52:47 pm | [2026-09-01T12:22:48.095Z] [LOG] {
  "screen": "LoginScreen",
  "event": "LOGIN_BUTTON_CLICKED",
  "timestamp": "2026-09-01T12:22:48.095Z"
}
1/9/2026, 5:52:47 pm | [2026-09-01T12:22:48.096Z] [LOG] {
  "screen": "LoginScreen",
  "event": "LOADING_STARTED",
  "timestamp": "2026-09-01T12:22:48.096Z"
}
1/9/2026, 5:52:47 pm | [2026-09-01T12:22:48.187Z] [LOG] {
  "screen": "LoginScreen",
  "event": "LOGIN_SUCCESS",
  "user": {
    "empNo": "270",
    "employeeName": "Ch. Naga Raju",
    "branchCode": "13",
    "branchName": "Tenali",
    "designation": "Branch Manager"
  },
  "timestamp": "2026-09-01T12:22:48.187Z"
}
1/9/2026, 5:52:47 pm | [2026-09-01T12:22:48.207Z] [LOG] {
  "screen": "LoginScreen",
  "event": "USER_DATA_SAVED",
  "timestamp": "2026-09-01T12:22:48.207Z"
}
1/9/2026, 5:52:47 pm | [2026-09-01T12:22:48.209Z] [LOG] {
  "event": "NAVIGATING_TO_USER"
}
1/9/2026, 5:52:47 pm | [2026-09-01T12:22:48.210Z] [LOG] {
  "screen": "LoginScreen",
  "event": "LOADING_COMPLETED",
  "timestamp": "2026-09-01T12:22:48.210Z"
}
1/9/2026, 5:52:47 pm | [2026-09-01T12:22:48.105Z] [LOG] {
  "empNo": "",
  "deviceId": "3169622446f20520"
}
1/9/2026, 5:52:47 pm | [2026-09-01T12:22:48.222Z] [LOG] {
  "screen": "UserDashboard",
  "event": "SCREEN_OPENED",
  "empNo": "UNKNOWN",
  "timestamp": "2026-09-01T12:22:48.222Z"
}
1/9/2026, 5:52:47 pm | [2026-09-01T12:22:48.105Z] [LOG] {
  "screen": "LoginScreen",
  "event": "LOGIN_API_STARTED",
  "deviceId": "3169622446f20520",
  "timestamp": "2026-09-01T12:22:48.105Z"
}
1/9/2026, 5:52:47 pm | [2026-09-01T12:22:48.104Z] [LOG] {
  "screen": "LoginScreen",
  "event": "DEVICE_ID_FETCHED",
  "deviceId": "3169622446f20520",
  "timestamp": "2026-09-01T12:22:48.104Z"
}
1/9/2026, 5:52:47 pm | [2026-09-01T12:22:48.223Z] [LOG] {
  "screen": "UserDashboard",
  "event": "LOAD_EMPLOYEE_STARTED",
  "empNo": "UNKNOWN",
  "timestamp": "2026-09-01T12:22:48.223Z"
}
1/9/2026, 5:52:47 pm | [2026-09-01T12:22:48.229Z] [LOG] {
  "screen": "UserDashboard",
  "event": "LOGGED_USER_FETCHED",
  "hasUser": true,
  "empNo": "UNKNOWN",
  "timestamp": "2026-09-01T12:22:48.229Z"
}
1/9/2026, 5:52:47 pm | [2026-09-01T12:22:48.230Z] [LOG] {
  "screen": "UserDashboard",
  "event": "EMPLOYEE_API_STARTED",
  "empNo": "270",
  "timestamp": "2026-09-01T12:22:48.230Z"
}
1/9/2026, 5:52:47 pm | [2026-09-01T12:22:48.337Z] [LOG] {
  "screen": "UserDashboard",
  "event": "EMPLOYEE_DATA_LOADED",
  "empNo": "270",
  "branch": "Tenali",
  "designation": "Branch Manager",
  "timestamp": "2026-09-01T12:22:48.337Z"
}
1/9/2026, 5:52:47 pm | [2026-09-01T12:22:48.460Z] [LOG] {
  "screen": "UserDashboard",
  "event": "LAST_SUBMISSION_LOADED",
  "previousDayAmount": 2100000,
  "previousDaySubmittedAt": "2026-08-31 17:36:39",
  "formattedPreviousDayTime": "31/8/2026, 5:36 pm",
  "empNo": "",
  "timestamp": "2026-09-01T12:22:48.459Z"
}
1/9/2026, 5:52:47 pm | [2026-09-01T12:22:48.508Z] [LOG] {
  "screen": "UserDashboard",
  "event": "LOADING_COMPLETED",
  "empNo": "UNKNOWN",
  "timestamp": "2026-09-01T12:22:48.508Z"
}
1/9/2026, 5:52:53 pm | [2026-09-01T12:22:53.859Z] [LOG] {
  "screen": "UserDashboard",
  "event": "SAVE_BUTTON_CLICKED",
  "empNo": "270",
  "amount": "1150000",
  "isEditing": false,
  "timestamp": "2026-09-01T12:22:53.859Z"
}
1/9/2026, 5:52:54 pm | [2026-09-01T12:22:55.325Z] [LOG] {
  "screen": "UserDashboard",
  "event": "SAVE_CASH_API_STARTED",
  "empNo": "270",
  "amount": "1150000",
  "timestamp": "2026-09-01T12:22:55.325Z"
}
1/9/2026, 5:52:54 pm | [2026-09-01T12:22:55.549Z] [LOG] {
  "screen": "UserDashboard",
  "event": "SAVE_CASH_SUCCESS",
  "empNo": "270",
  "savedAmount": "1150000",
  "savedAt": "2026-09-01T12:22:55.545Z",
  "formattedSaveTime": "5:52 pm",
  "isEditing": false,
  "timestamp": "2026-09-01T12:22:55.549Z"
}
1/9/2026, 5:52:57 pm | [2026-09-01T12:22:57.878Z] [LOG] {
  "screen": "UserDashboard",
  "event": "SAVE_BUTTON_CLICKED",
  "empNo": "270",
  "amount": "1150000",
  "isEditing": true,
  "timestamp": "2026-09-01T12:22:57.878Z"
}
1/9/2026, 5:52:57 pm | [2026-09-01T12:22:58.523Z] [LOG] {
  "screen": "UserDashboard",
  "event": "SAVE_CASH_API_STARTED",
  "empNo": "270",
  "amount": "1150000",
  "timestamp": "2026-09-01T12:22:58.523Z"
}
1/9/2026, 5:52:57 pm | [2026-09-01T12:22:58.590Z] [LOG] {
  "screen": "UserDashboard",
  "event": "SAVE_CASH_SUCCESS",
  "empNo": "270",
  "savedAmount": "1150000",
  "savedAt": "2026-09-01T12:22:58.586Z",
  "formattedSaveTime": "5:52 pm",
  "isEditing": true,
  "timestamp": "2026-09-01T12:22:58.590Z"
}
1/9/2026, 5:53:01 pm | [2026-09-01T12:23:02.266Z] [LOG] {
  "screen": "WelcomeScreen",
  "event": "SCREEN_OPENED",
  "timestamp": "2026-09-01T12:23:02.266Z"
}
1/9/2026, 5:53:01 pm | [2026-09-01T12:23:02.080Z] [LOG] Running "CashClosingApp"
1/9/2026, 5:53:01 pm | [2026-09-01T12:23:03.097Z] [LOG] {
  "screen": "WelcomeScreen",
  "event": "LOGIN_BUTTON_CLICKED",
  "timestamp": "2026-09-01T12:23:03.097Z"
}
1/9/2026, 5:53:01 pm | [2026-09-01T12:23:03.121Z] [LOG] {
  "screen": "LoginScreen",
  "event": "SCREEN_OPENED",
  "timestamp": "2026-09-01T12:23:03.121Z"
}
1/9/2026, 5:53:04 pm | [2026-09-01T12:23:05.786Z] [LOG] {
  "screen": "LoginScreen",
  "event": "LOGIN_BUTTON_CLICKED",
  "timestamp": "2026-09-01T12:23:05.786Z"
}
1/9/2026, 5:53:04 pm | [2026-09-01T12:23:05.786Z] [LOG] {
  "screen": "LoginScreen",
  "event": "LOADING_STARTED",
  "timestamp": "2026-09-01T12:23:05.786Z"
}
1/9/2026, 5:53:04 pm | [2026-09-01T12:23:05.890Z] [LOG] {
  "screen": "LoginScreen",
  "event": "LOGIN_SUCCESS",
  "user": {
    "empNo": "413",
    "employeeName": "A.N.V.Krishna Prasad",
    "branchCode": "52",
    "branchName": "One Town",
    "designation": "Branch Manager"
  },
  "timestamp": "2026-09-01T12:23:05.890Z"
}
1/9/2026, 5:53:04 pm | [2026-09-01T12:23:05.900Z] [LOG] {
  "screen": "LoginScreen",
  "event": "USER_DATA_SAVED",
  "timestamp": "2026-09-01T12:23:05.900Z"
}
1/9/2026, 5:53:04 pm | [2026-09-01T12:23:05.793Z] [LOG] {
  "empNo": "",
  "deviceId": "e7e9d11886e60564"
}
1/9/2026, 5:53:04 pm | [2026-09-01T12:23:05.792Z] [LOG] {
  "screen": "LoginScreen",
  "event": "DEVICE_ID_FETCHED",
  "deviceId": "e7e9d11886e60564",
  "timestamp": "2026-09-01T12:23:05.792Z"
}
1/9/2026, 5:53:04 pm | [2026-09-01T12:23:05.903Z] [LOG] {
  "event": "NAVIGATING_TO_USER"
}
1/9/2026, 5:53:04 pm | [2026-09-01T12:23:05.905Z] [LOG] {
  "screen": "LoginScreen",
  "event": "LOADING_COMPLETED",
  "timestamp": "2026-09-01T12:23:05.905Z"
}
1/9/2026, 5:53:04 pm | [2026-09-01T12:23:05.793Z] [LOG] {
  "screen": "LoginScreen",
  "event": "LOGIN_API_STARTED",
  "deviceId": "e7e9d11886e60564",
  "timestamp": "2026-09-01T12:23:05.793Z"
}
1/9/2026, 5:53:04 pm | [2026-09-01T12:23:05.948Z] [LOG] {
  "screen": "UserDashboard",
  "event": "SCREEN_OPENED",
  "empNo": "UNKNOWN",
  "timestamp": "2026-09-01T12:23:05.948Z"
}
1/9/2026, 5:53:04 pm | [2026-09-01T12:23:05.949Z] [LOG] {
  "screen": "UserDashboard",
  "event": "LOAD_EMPLOYEE_STARTED",
  "empNo": "UNKNOWN",
  "timestamp": "2026-09-01T12:23:05.949Z"
}
1/9/2026, 5:53:04 pm | [2026-09-01T12:23:05.952Z] [LOG] {
  "screen": "UserDashboard",
  "event": "LOGGED_USER_FETCHED",
  "hasUser": true,
  "empNo": "UNKNOWN",
  "timestamp": "2026-09-01T12:23:05.952Z"
}
1/9/2026, 5:53:04 pm | [2026-09-01T12:23:05.953Z] [LOG] {
  "screen": "UserDashboard",
  "event": "EMPLOYEE_API_STARTED",
  "empNo": "413",
  "timestamp": "2026-09-01T12:23:05.953Z"
}
1/9/2026, 5:53:04 pm | [2026-09-01T12:23:06.030Z] [LOG] {
  "screen": "UserDashboard",
  "event": "EMPLOYEE_DATA_LOADED",
  "empNo": "413",
  "branch": "One Town",
  "designation": "Branch Manager",
  "timestamp": "2026-09-01T12:23:06.030Z"
}
1/9/2026, 5:53:04 pm | [2026-09-01T12:23:06.158Z] [LOG] {
  "screen": "UserDashboard",
  "event": "LAST_SUBMISSION_LOADED",
  "previousDayAmount": 1480000,
  "previousDaySubmittedAt": "2026-08-31 17:23:51",
  "formattedPreviousDayTime": "31/8/2026, 5:23 pm",
  "empNo": "",
  "timestamp": "2026-09-01T12:23:06.158Z"
}
1/9/2026, 5:53:04 pm | [2026-09-01T12:23:06.204Z] [LOG] {
  "screen": "UserDashboard",
  "event": "LOADING_COMPLETED",
  "empNo": "UNKNOWN",
  "timestamp": "2026-09-01T12:23:06.204Z"
}
1/9/2026, 5:53:11 pm | [2026-09-01T12:23:12.332Z] [LOG] {
  "screen": "UserDashboard",
  "event": "SAVE_BUTTON_CLICKED",
  "empNo": "413",
  "amount": "1100000",
  "isEditing": false,
  "timestamp": "2026-09-01T12:23:12.332Z"
}
1/9/2026, 5:53:12 pm | [2026-09-01T12:23:13.376Z] [LOG] {
  "screen": "UserDashboard",
  "event": "SAVE_CASH_API_STARTED",
  "empNo": "413",
  "amount": "1100000",
  "timestamp": "2026-09-01T12:23:13.376Z"
}
1/9/2026, 5:53:12 pm | [2026-09-01T12:23:13.607Z] [LOG] {
  "screen": "UserDashboard",
  "event": "SAVE_CASH_SUCCESS",
  "empNo": "413",
  "savedAmount": "1100000",
  "savedAt": "2026-09-01T12:23:13.601Z",
  "formattedSaveTime": "5:53 pm",
  "isEditing": false,
  "timestamp": "2026-09-01T12:23:13.607Z"
}
1/9/2026, 5:53:22 pm | [2026-09-01T12:23:21.426Z] [LOG] Running "CashClosingApp"
1/9/2026, 5:53:22 pm | [2026-09-01T12:23:21.620Z] [LOG] {
  "screen": "WelcomeScreen",
  "event": "SCREEN_OPENED",
  "timestamp": "2026-09-01T12:23:21.620Z"
}
1/9/2026, 5:53:23 pm | [2026-09-01T12:23:22.873Z] [LOG] {
  "screen": "WelcomeScreen",
  "event": "LOGIN_BUTTON_CLICKED",
  "timestamp": "2026-09-01T12:23:22.873Z"
}
1/9/2026, 5:53:23 pm | [2026-09-01T12:23:22.893Z] [LOG] {
  "screen": "LoginScreen",
  "event": "SCREEN_OPENED",
  "timestamp": "2026-09-01T12:23:22.893Z"
}
1/9/2026, 5:53:27 pm | [2026-09-01T12:23:27.022Z] [LOG] {
  "screen": "LoginScreen",
  "event": "LOGIN_BUTTON_CLICKED",
  "timestamp": "2026-09-01T12:23:27.022Z"
}
1/9/2026, 5:53:27 pm | [2026-09-01T12:23:27.024Z] [LOG] {
  "screen": "LoginScreen",
  "event": "LOADING_STARTED",
  "timestamp": "2026-09-01T12:23:27.024Z"
}
1/9/2026, 5:53:27 pm | [2026-09-01T12:23:27.189Z] [LOG] {
  "screen": "LoginScreen",
  "event": "LOGIN_SUCCESS",
  "user": {
    "empNo": "419",
    "employeeName": "K.Anjaneyulu",
    "branchCode": "55",
    "branchName": "Tadepalli",
    "designation": "Branch Manager"
  },
  "timestamp": "2026-09-01T12:23:27.189Z"
}
1/9/2026, 5:53:27 pm | [2026-09-01T12:23:27.205Z] [LOG] {
  "screen": "LoginScreen",
  "event": "USER_DATA_SAVED",
  "timestamp": "2026-09-01T12:23:27.205Z"
}
1/9/2026, 5:53:27 pm | [2026-09-01T12:23:27.035Z] [LOG] {
  "empNo": "",
  "deviceId": "3fc36ee18c84527a"
}
1/9/2026, 5:53:27 pm | [2026-09-01T12:23:27.036Z] [LOG] {
  "screen": "LoginScreen",
  "event": "LOGIN_API_STARTED",
  "deviceId": "3fc36ee18c84527a",
  "timestamp": "2026-09-01T12:23:27.036Z"
}
1/9/2026, 5:53:27 pm | [2026-09-01T12:23:27.035Z] [LOG] {
  "screen": "LoginScreen",
  "event": "DEVICE_ID_FETCHED",
  "deviceId": "3fc36ee18c84527a",
  "timestamp": "2026-09-01T12:23:27.034Z"
}
1/9/2026, 5:53:27 pm | [2026-09-01T12:23:27.210Z] [LOG] {
  "event": "NAVIGATING_TO_USER"
}
1/9/2026, 5:53:27 pm | [2026-09-01T12:23:27.237Z] [LOG] {
  "screen": "UserDashboard",
  "event": "EMPLOYEE_API_STARTED",
  "empNo": "419",
  "timestamp": "2026-09-01T12:23:27.237Z"
}
1/9/2026, 5:53:27 pm | [2026-09-01T12:23:27.236Z] [LOG] {
  "screen": "UserDashboard",
  "event": "LOGGED_USER_FETCHED",
  "hasUser": true,
  "empNo": "UNKNOWN",
  "timestamp": "2026-09-01T12:23:27.236Z"
}
1/9/2026, 5:53:27 pm | [2026-09-01T12:23:27.226Z] [LOG] {
  "screen": "UserDashboard",
  "event": "SCREEN_OPENED",
  "empNo": "UNKNOWN",
  "timestamp": "2026-09-01T12:23:27.226Z"
}
1/9/2026, 5:53:27 pm | [2026-09-01T12:23:27.212Z] [LOG] {
  "screen": "LoginScreen",
  "event": "LOADING_COMPLETED",
  "timestamp": "2026-09-01T12:23:27.212Z"
}
1/9/2026, 5:53:27 pm | [2026-09-01T12:23:27.226Z] [LOG] {
  "screen": "UserDashboard",
  "event": "LOAD_EMPLOYEE_STARTED",
  "empNo": "UNKNOWN",
  "timestamp": "2026-09-01T12:23:27.226Z"
}
1/9/2026, 5:53:27 pm | [2026-09-01T12:23:27.472Z] [LOG] {
  "screen": "UserDashboard",
  "event": "EMPLOYEE_DATA_LOADED",
  "empNo": "419",
  "branch": "Tadepalli",
  "designation": "Branch Manager",
  "timestamp": "2026-09-01T12:23:27.472Z"
}
1/9/2026, 5:53:28 pm | [2026-09-01T12:23:27.624Z] [LOG] {
  "screen": "UserDashboard",
  "event": "LAST_SUBMISSION_LOADED",
  "previousDayAmount": 200000,
  "previousDaySubmittedAt": "2026-08-31 17:41:02",
  "formattedPreviousDayTime": "31/8/2026, 5:41 pm",
  "empNo": "",
  "timestamp": "2026-09-01T12:23:27.624Z"
}
1/9/2026, 5:53:28 pm | [2026-09-01T12:23:27.693Z] [LOG] {
  "screen": "UserDashboard",
  "event": "LOADING_COMPLETED",
  "empNo": "UNKNOWN",
  "timestamp": "2026-09-01T12:23:27.693Z"
}
1/9/2026, 5:53:31 pm | [2026-09-01T12:23:31.119Z] [LOG] {
  "screen": "WelcomeScreen",
  "event": "SCREEN_OPENED",
  "timestamp": "2026-09-01T12:23:31.119Z"
}
1/9/2026, 5:53:31 pm | [2026-09-01T12:23:31.000Z] [LOG] Running "CashClosingApp"
1/9/2026, 5:53:32 pm | [2026-09-01T12:23:32.112Z] [LOG] {
  "screen": "WelcomeScreen",
  "event": "LOGIN_BUTTON_CLICKED",
  "timestamp": "2026-09-01T12:23:32.112Z"
}
1/9/2026, 5:53:32 pm | [2026-09-01T12:23:32.141Z] [LOG] {
  "screen": "LoginScreen",
  "event": "SCREEN_OPENED",
  "timestamp": "2026-09-01T12:23:32.141Z"
}
1/9/2026, 5:53:36 pm | [2026-09-01T12:23:36.403Z] [LOG] {
  "screen": "LoginScreen",
  "event": "LOADING_STARTED",
  "timestamp": "2026-09-01T12:23:36.403Z"
}
1/9/2026, 5:53:36 pm | [2026-09-01T12:23:36.403Z] [LOG] {
  "screen": "LoginScreen",
  "event": "LOGIN_BUTTON_CLICKED",
  "timestamp": "2026-09-01T12:23:36.402Z"
}
1/9/2026, 5:53:36 pm | [2026-09-01T12:23:36.515Z] [LOG] {
  "screen": "LoginScreen",
  "event": "LOGIN_SUCCESS",
  "user": {
    "empNo": "318",
    "employeeName": "K. Madhu Babu",
    "branchCode": "44",
    "branchName": "Mangalagiri",
    "designation": "Branch Manager"
  },
  "timestamp": "2026-09-01T12:23:36.515Z"
}
1/9/2026, 5:53:36 pm | [2026-09-01T12:23:36.527Z] [LOG] {
  "screen": "LoginScreen",
  "event": "USER_DATA_SAVED",
  "timestamp": "2026-09-01T12:23:36.527Z"
}
1/9/2026, 5:53:36 pm | [2026-09-01T12:23:36.528Z] [LOG] {
  "event": "NAVIGATING_TO_USER"
}
1/9/2026, 5:53:36 pm | [2026-09-01T12:23:36.528Z] [LOG] {
  "screen": "LoginScreen",
  "event": "LOADING_COMPLETED",
  "timestamp": "2026-09-01T12:23:36.528Z"
}
1/9/2026, 5:53:36 pm | [2026-09-01T12:23:36.410Z] [LOG] {
  "screen": "LoginScreen",
  "event": "DEVICE_ID_FETCHED",
  "deviceId": "1a140709e3404975",
  "timestamp": "2026-09-01T12:23:36.410Z"
}
1/9/2026, 5:53:36 pm | [2026-09-01T12:23:36.411Z] [LOG] {
  "empNo": "",
  "deviceId": "1a140709e3404975"
}
1/9/2026, 5:53:36 pm | [2026-09-01T12:23:36.411Z] [LOG] {
  "screen": "LoginScreen",
  "event": "LOGIN_API_STARTED",
  "deviceId": "1a140709e3404975",
  "timestamp": "2026-09-01T12:23:36.411Z"
}
1/9/2026, 5:53:36 pm | [2026-09-01T12:23:36.533Z] [LOG] {
  "screen": "UserDashboard",
  "event": "SCREEN_OPENED",
  "empNo": "UNKNOWN",
  "timestamp": "2026-09-01T12:23:36.533Z"
}
1/9/2026, 5:53:36 pm | [2026-09-01T12:23:36.540Z] [LOG] {
  "screen": "UserDashboard",
  "event": "EMPLOYEE_API_STARTED",
  "empNo": "318",
  "timestamp": "2026-09-01T12:23:36.540Z"
}
1/9/2026, 5:53:36 pm | [2026-09-01T12:23:36.536Z] [LOG] {
  "screen": "UserDashboard",
  "event": "LOAD_EMPLOYEE_STARTED",
  "empNo": "UNKNOWN",
  "timestamp": "2026-09-01T12:23:36.535Z"
}
1/9/2026, 5:53:36 pm | [2026-09-01T12:23:36.539Z] [LOG] {
  "screen": "UserDashboard",
  "event": "LOGGED_USER_FETCHED",
  "hasUser": true,
  "empNo": "UNKNOWN",
  "timestamp": "2026-09-01T12:23:36.539Z"
}
1/9/2026, 5:53:36 pm | [2026-09-01T12:23:36.748Z] [LOG] {
  "screen": "UserDashboard",
  "event": "EMPLOYEE_DATA_LOADED",
  "empNo": "318",
  "branch": "Mangalagiri",
  "designation": "Branch Manager",
  "timestamp": "2026-09-01T12:23:36.748Z"
}
1/9/2026, 5:53:37 pm | [2026-09-01T12:23:36.891Z] [LOG] {
  "screen": "UserDashboard",
  "event": "LAST_SUBMISSION_LOADED",
  "previousDayAmount": 800000,
  "previousDaySubmittedAt": "2026-08-31 17:55:36",
  "formattedPreviousDayTime": "31/8/2026, 5:55 pm",
  "empNo": "",
  "timestamp": "2026-09-01T12:23:36.891Z"
}
1/9/2026, 5:53:37 pm | [2026-09-01T12:23:36.943Z] [LOG] {
  "screen": "UserDashboard",
  "event": "LOADING_COMPLETED",
  "empNo": "UNKNOWN",
  "timestamp": "2026-09-01T12:23:36.942Z"
}
1/9/2026, 5:53:47 pm | [2026-09-01T12:23:47.082Z] [LOG] {
  "screen": "UserDashboard",
  "event": "SAVE_BUTTON_CLICKED",
  "empNo": "318",
  "amount": "1200000",
  "isEditing": false,
  "timestamp": "2026-09-01T12:23:47.082Z"
}
1/9/2026, 5:53:48 pm | [2026-09-01T12:23:48.059Z] [LOG] {
  "screen": "UserDashboard",
  "event": "SAVE_CASH_API_STARTED",
  "empNo": "318",
  "amount": "1200000",
  "timestamp": "2026-09-01T12:23:48.058Z"
}
1/9/2026, 5:53:48 pm | [2026-09-01T12:23:48.531Z] [LOG] {
  "screen": "UserDashboard",
  "event": "SAVE_CASH_SUCCESS",
  "empNo": "318",
  "savedAmount": "1200000",
  "savedAt": "2026-09-01T12:23:48.524Z",
  "formattedSaveTime": "5:53 pm",
  "isEditing": false,
  "timestamp": "2026-09-01T12:23:48.531Z"
}
1/9/2026, 5:53:51 pm | [2026-09-01T12:23:50.931Z] [LOG] {
  "screen": "UserDashboard",
  "event": "SAVE_BUTTON_CLICKED",
  "empNo": "318",
  "amount": "1200000",
  "isEditing": true,
  "timestamp": "2026-09-01T12:23:50.931Z"
}
1/9/2026, 5:53:51 pm | [2026-09-01T12:23:51.793Z] [LOG] {
  "screen": "UserDashboard",
  "event": "SAVE_CASH_API_STARTED",
  "empNo": "318",
  "amount": "1200000",
  "timestamp": "2026-09-01T12:23:51.793Z"
}
1/9/2026, 5:53:52 pm | [2026-09-01T12:23:51.872Z] [LOG] {
  "screen": "UserDashboard",
  "event": "SAVE_CASH_SUCCESS",
  "empNo": "318",
  "savedAmount": "1200000",
  "savedAt": "2026-09-01T12:23:51.865Z",
  "formattedSaveTime": "5:53 pm",
  "isEditing": true,
  "timestamp": "2026-09-01T12:23:51.872Z"
}
1/9/2026, 5:54:31 pm | [2026-09-01T12:24:30.873Z] [LOG] {
  "screen": "UserDashboard",
  "event": "SAVE_BUTTON_CLICKED",
  "empNo": "419",
  "amount": "450000",
  "isEditing": false,
  "timestamp": "2026-09-01T12:24:30.873Z"
}
1/9/2026, 5:54:32 pm | [2026-09-01T12:24:31.821Z] [LOG] {
  "screen": "UserDashboard",
  "event": "SAVE_CASH_API_STARTED",
  "empNo": "419",
  "amount": "450000",
  "timestamp": "2026-09-01T12:24:31.821Z"
}
1/9/2026, 5:54:32 pm | [2026-09-01T12:24:32.012Z] [LOG] {
  "screen": "UserDashboard",
  "event": "SAVE_CASH_SUCCESS",
  "empNo": "419",
  "savedAmount": "450000",
  "savedAt": "2026-09-01T12:24:32.004Z",
  "formattedSaveTime": "5:54 pm",
  "isEditing": false,
  "timestamp": "2026-09-01T12:24:32.011Z"
}
1/9/2026, 5:54:33 pm | [2026-09-01T12:24:33.162Z] [LOG] {
  "screen": "UserDashboard",
  "event": "SAVE_BUTTON_CLICKED",
  "empNo": "419",
  "amount": "450000",
  "isEditing": true,
  "timestamp": "2026-09-01T12:24:33.161Z"
}
1/9/2026, 5:54:34 pm | [2026-09-01T12:24:33.875Z] [LOG] {
  "screen": "UserDashboard",
  "event": "SAVE_CASH_API_STARTED",
  "empNo": "419",
  "amount": "450000",
  "timestamp": "2026-09-01T12:24:33.875Z"
}
1/9/2026, 5:54:34 pm | [2026-09-01T12:24:33.954Z] [LOG] {
  "screen": "UserDashboard",
  "event": "SAVE_CASH_SUCCESS",
  "empNo": "419",
  "savedAmount": "450000",
  "savedAt": "2026-09-01T12:24:33.950Z",
  "formattedSaveTime": "5:54 pm",
  "isEditing": true,
  "timestamp": "2026-09-01T12:24:33.954Z"
}
1/9/2026, 5:54:35 pm | [2026-09-01T12:24:35.264Z] [LOG] {
  "screen": "UserDashboard",
  "event": "SAVE_BUTTON_CLICKED",
  "empNo": "419",
  "amount": "450000",
  "isEditing": true,
  "timestamp": "2026-09-01T12:24:35.264Z"
}
1/9/2026, 5:54:36 pm | [2026-09-01T12:24:35.913Z] [LOG] {
  "screen": "UserDashboard",
  "event": "SAVE_CASH_API_STARTED",
  "empNo": "419",
  "amount": "450000",
  "timestamp": "2026-09-01T12:24:35.913Z"
}
1/9/2026, 5:54:36 pm | [2026-09-01T12:24:36.003Z] [LOG] {
  "screen": "UserDashboard",
  "event": "SAVE_CASH_SUCCESS",
  "empNo": "419",
  "savedAmount": "450000",
  "savedAt": "2026-09-01T12:24:35.991Z",
  "formattedSaveTime": "5:54 pm",
  "isEditing": true,
  "timestamp": "2026-09-01T12:24:36.003Z"
}
1/9/2026, 5:54:37 pm | [2026-09-01T12:24:37.286Z] [LOG] {
  "screen": "UserDashboard",
  "event": "SAVE_BUTTON_CLICKED",
  "empNo": "419",
  "amount": "450000",
  "isEditing": true,
  "timestamp": "2026-09-01T12:24:37.286Z"
}
1/9/2026, 5:54:38 pm | [2026-09-01T12:24:37.911Z] [LOG] {
  "screen": "UserDashboard",
  "event": "SAVE_CASH_API_STARTED",
  "empNo": "419",
  "amount": "450000",
  "timestamp": "2026-09-01T12:24:37.911Z"
}
1/9/2026, 5:54:38 pm | [2026-09-01T12:24:37.994Z] [LOG] {
  "screen": "UserDashboard",
  "event": "SAVE_CASH_SUCCESS",
  "empNo": "419",
  "savedAmount": "450000",
  "savedAt": "2026-09-01T12:24:37.983Z",
  "formattedSaveTime": "5:54 pm",
  "isEditing": true,
  "timestamp": "2026-09-01T12:24:37.994Z"
}
1/9/2026, 5:55:50 pm | [2026-09-01T12:25:49.185Z] [LOG] {
  "screen": "WelcomeScreen",
  "event": "SCREEN_OPENED",
  "timestamp": "2026-09-01T12:25:49.185Z"
}
1/9/2026, 5:55:50 pm | [2026-09-01T12:25:49.050Z] [LOG] Running "CashClosingApp"
1/9/2026, 5:55:52 pm | [2026-09-01T12:25:52.023Z] [LOG] {
  "screen": "WelcomeScreen",
  "event": "LOGIN_BUTTON_CLICKED",
  "timestamp": "2026-09-01T12:25:52.023Z"
}
1/9/2026, 5:55:52 pm | [2026-09-01T12:25:52.092Z] [LOG] {
  "screen": "LoginScreen",
  "event": "SCREEN_OPENED",
  "timestamp": "2026-09-01T12:25:52.091Z"
}
1/9/2026, 5:55:58 pm | [2026-09-01T12:25:58.184Z] [LOG] {
  "screen": "LoginScreen",
  "event": "DEVICE_ID_FETCHED",
  "deviceId": "b44f0d6e24fd5d5a",
  "timestamp": "2026-09-01T12:25:58.184Z"
}
1/9/2026, 5:55:58 pm | [2026-09-01T12:25:58.186Z] [LOG] {
  "empNo": "",
  "deviceId": "b44f0d6e24fd5d5a"
}
1/9/2026, 5:55:58 pm | [2026-09-01T12:25:58.167Z] [LOG] {
  "screen": "LoginScreen",
  "event": "LOADING_STARTED",
  "timestamp": "2026-09-01T12:25:58.167Z"
}
1/9/2026, 5:55:59 pm | [2026-09-01T12:25:58.187Z] [LOG] {
  "screen": "LoginScreen",
  "event": "LOGIN_API_STARTED",
  "deviceId": "b44f0d6e24fd5d5a",
  "timestamp": "2026-09-01T12:25:58.187Z"
}
1/9/2026, 5:55:59 pm | [2026-09-01T12:25:58.166Z] [LOG] {
  "screen": "LoginScreen",
  "event": "LOGIN_BUTTON_CLICKED",
  "timestamp": "2026-09-01T12:25:58.166Z"
}
1/9/2026, 5:55:59 pm | [2026-09-01T12:25:58.687Z] [LOG] {
  "screen": "LoginScreen",
  "event": "LOGIN_SUCCESS",
  "user": {
    "empNo": "539",
    "employeeName": "K Appa Rao",
    "branchCode": "31",
    "branchName": "Rajahmundry",
    "designation": "Branch Manager"
  },
  "timestamp": "2026-09-01T12:25:58.687Z"
}
1/9/2026, 5:55:59 pm | [2026-09-01T12:25:58.706Z] [LOG] {
  "event": "NAVIGATING_TO_USER"
}
1/9/2026, 5:55:59 pm | [2026-09-01T12:25:58.704Z] [LOG] {
  "screen": "LoginScreen",
  "event": "USER_DATA_SAVED",
  "timestamp": "2026-09-01T12:25:58.704Z"
}
1/9/2026, 5:55:59 pm | [2026-09-01T12:25:58.707Z] [LOG] {
  "screen": "LoginScreen",
  "event": "LOADING_COMPLETED",
  "timestamp": "2026-09-01T12:25:58.707Z"
}
1/9/2026, 5:55:59 pm | [2026-09-01T12:25:58.729Z] [LOG] {
  "screen": "UserDashboard",
  "event": "SCREEN_OPENED",
  "empNo": "UNKNOWN",
  "timestamp": "2026-09-01T12:25:58.729Z"
}
1/9/2026, 5:55:59 pm | [2026-09-01T12:25:58.739Z] [LOG] {
  "screen": "UserDashboard",
  "event": "EMPLOYEE_API_STARTED",
  "empNo": "539",
  "timestamp": "2026-09-01T12:25:58.739Z"
}
1/9/2026, 5:55:59 pm | [2026-09-01T12:25:58.737Z] [LOG] {
  "screen": "UserDashboard",
  "event": "LOGGED_USER_FETCHED",
  "hasUser": true,
  "empNo": "UNKNOWN",
  "timestamp": "2026-09-01T12:25:58.737Z"
}
1/9/2026, 5:55:59 pm | [2026-09-01T12:25:58.730Z] [LOG] {
  "screen": "UserDashboard",
  "event": "LOAD_EMPLOYEE_STARTED",
  "empNo": "UNKNOWN",
  "timestamp": "2026-09-01T12:25:58.730Z"
}
1/9/2026, 5:55:59 pm | [2026-09-01T12:25:59.030Z] [LOG] {
  "screen": "UserDashboard",
  "event": "EMPLOYEE_DATA_LOADED",
  "empNo": "539",
  "branch": "Rajahmundry",
  "designation": "Branch Manager",
  "timestamp": "2026-09-01T12:25:59.030Z"
}
1/9/2026, 5:55:59 pm | [2026-09-01T12:25:59.184Z] [LOG] {
  "screen": "UserDashboard",
  "event": "LAST_SUBMISSION_LOADED",
  "previousDayAmount": 1304566,
  "previousDaySubmittedAt": "2026-08-31 17:34:24",
  "formattedPreviousDayTime": "31/8/2026, 5:34 pm",
  "empNo": "",
  "timestamp": "2026-09-01T12:25:59.184Z"
}
1/9/2026, 5:55:59 pm | [2026-09-01T12:25:59.312Z] [LOG] {
  "screen": "UserDashboard",
  "event": "LOADING_COMPLETED",
  "empNo": "UNKNOWN",
  "timestamp": "2026-09-01T12:25:59.312Z"
}
1/9/2026, 5:56:32 pm | [2026-09-01T12:26:31.989Z] [LOG] {
  "screen": "WelcomeScreen",
  "event": "SCREEN_OPENED",
  "timestamp": "2026-09-01T12:26:31.989Z"
}
1/9/2026, 5:56:32 pm | [2026-09-01T12:26:31.885Z] [LOG] Running "CashClosingApp"
1/9/2026, 5:56:33 pm | [2026-09-01T12:26:32.609Z] [LOG] {
  "screen": "WelcomeScreen",
  "event": "LOGIN_BUTTON_CLICKED",
  "timestamp": "2026-09-01T12:26:32.609Z"
}
1/9/2026, 5:56:33 pm | [2026-09-01T12:26:32.636Z] [LOG] {
  "screen": "LoginScreen",
  "event": "SCREEN_OPENED",
  "timestamp": "2026-09-01T12:26:32.635Z"
}
1/9/2026, 5:56:36 pm | [2026-09-01T12:26:36.129Z] [LOG] {
  "screen": "WelcomeScreen",
  "event": "SCREEN_OPENED",
  "timestamp": "2026-09-01T12:26:36.129Z"
}
1/9/2026, 5:56:36 pm | [2026-09-01T12:26:36.066Z] [LOG] Running "CashClosingApp"
1/9/2026, 5:56:36 pm | [2026-09-01T12:26:36.874Z] [LOG] {
  "screen": "WelcomeScreen",
  "event": "LOGIN_BUTTON_CLICKED",
  "timestamp": "2026-09-01T12:26:36.873Z"
}
1/9/2026, 5:56:36 pm | [2026-09-01T12:26:36.899Z] [LOG] {
  "screen": "LoginScreen",
  "event": "SCREEN_OPENED",
  "timestamp": "2026-09-01T12:26:36.899Z"
}
1/9/2026, 5:56:38 pm | [2026-09-01T12:26:37.509Z] [LOG] {
  "screen": "LoginScreen",
  "event": "LOGIN_BUTTON_CLICKED",
  "timestamp": "2026-09-01T12:26:37.509Z"
}
1/9/2026, 5:56:38 pm | [2026-09-01T12:26:37.510Z] [LOG] {
  "screen": "LoginScreen",
  "event": "LOADING_STARTED",
  "timestamp": "2026-09-01T12:26:37.510Z"
}
1/9/2026, 5:56:38 pm | [2026-09-01T12:26:37.926Z] [LOG] {
  "screen": "LoginScreen",
  "event": "LOGIN_SUCCESS",
  "user": {
    "empNo": "994",
    "employeeName": "Thota Pavan Kumar",
    "branchCode": "20",
    "branchName": "Chilakaluripet",
    "designation": "Branch Manager"
  },
  "timestamp": "2026-09-01T12:26:37.926Z"
}
1/9/2026, 5:56:38 pm | [2026-09-01T12:26:37.937Z] [LOG] {
  "screen": "LoginScreen",
  "event": "USER_DATA_SAVED",
  "timestamp": "2026-09-01T12:26:37.937Z"
}
1/9/2026, 5:56:38 pm | [2026-09-01T12:26:37.938Z] [LOG] {
  "event": "NAVIGATING_TO_USER"
}
1/9/2026, 5:56:38 pm | [2026-09-01T12:26:37.939Z] [LOG] {
  "screen": "LoginScreen",
  "event": "LOADING_COMPLETED",
  "timestamp": "2026-09-01T12:26:37.939Z"
}
1/9/2026, 5:56:38 pm | [2026-09-01T12:26:37.517Z] [LOG] {
  "screen": "LoginScreen",
  "event": "DEVICE_ID_FETCHED",
  "deviceId": "20b605890aa7c513",
  "timestamp": "2026-09-01T12:26:37.517Z"
}
1/9/2026, 5:56:38 pm | [2026-09-01T12:26:37.518Z] [LOG] {
  "screen": "LoginScreen",
  "event": "LOGIN_API_STARTED",
  "deviceId": "20b605890aa7c513",
  "timestamp": "2026-09-01T12:26:37.518Z"
}
1/9/2026, 5:56:38 pm | [2026-09-01T12:26:37.518Z] [LOG] {
  "empNo": "",
  "deviceId": "20b605890aa7c513"
}
1/9/2026, 5:56:38 pm | [2026-09-01T12:26:37.950Z] [LOG] {
  "screen": "UserDashboard",
  "event": "SCREEN_OPENED",
  "empNo": "UNKNOWN",
  "timestamp": "2026-09-01T12:26:37.950Z"
}
1/9/2026, 5:56:38 pm | [2026-09-01T12:26:37.951Z] [LOG] {
  "screen": "UserDashboard",
  "event": "LOAD_EMPLOYEE_STARTED",
  "empNo": "UNKNOWN",
  "timestamp": "2026-09-01T12:26:37.951Z"
}
1/9/2026, 5:56:38 pm | [2026-09-01T12:26:37.953Z] [LOG] {
  "screen": "UserDashboard",
  "event": "LOGGED_USER_FETCHED",
  "hasUser": true,
  "empNo": "UNKNOWN",
  "timestamp": "2026-09-01T12:26:37.953Z"
}
1/9/2026, 5:56:38 pm | [2026-09-01T12:26:37.953Z] [LOG] {
  "screen": "UserDashboard",
  "event": "EMPLOYEE_API_STARTED",
  "empNo": "994",
  "timestamp": "2026-09-01T12:26:37.953Z"
}
1/9/2026, 5:56:38 pm | [2026-09-01T12:26:38.111Z] [LOG] {
  "screen": "UserDashboard",
  "event": "EMPLOYEE_DATA_LOADED",
  "empNo": "994",
  "branch": "Chilakaluripet",
  "designation": "Branch Manager",
  "timestamp": "2026-09-01T12:26:38.111Z"
}
1/9/2026, 5:56:38 pm | [2026-09-01T12:26:38.224Z] [LOG] {
  "screen": "UserDashboard",
  "event": "LAST_SUBMISSION_LOADED",
  "previousDayAmount": 1075000,
  "previousDaySubmittedAt": "2026-08-31 17:52:16",
  "formattedPreviousDayTime": "31/8/2026, 5:52 pm",
  "empNo": "",
  "timestamp": "2026-09-01T12:26:38.224Z"
}
1/9/2026, 5:56:38 pm | [2026-09-01T12:26:38.355Z] [LOG] {
  "screen": "UserDashboard",
  "event": "LOADING_COMPLETED",
  "empNo": "UNKNOWN",
  "timestamp": "2026-09-01T12:26:38.354Z"
}
1/9/2026, 5:56:39 pm | [2026-09-01T12:26:39.945Z] [LOG] {
  "screen": "LoginScreen",
  "event": "LOGIN_BUTTON_CLICKED",
  "timestamp": "2026-09-01T12:26:39.945Z"
}
1/9/2026, 5:56:39 pm | [2026-09-01T12:26:39.946Z] [LOG] {
  "screen": "LoginScreen",
  "event": "LOADING_STARTED",
  "timestamp": "2026-09-01T12:26:39.946Z"
}
1/9/2026, 5:56:39 pm | [2026-09-01T12:26:40.061Z] [LOG] {
  "screen": "LoginScreen",
  "event": "LOGIN_SUCCESS",
  "user": {
    "empNo": "339",
    "employeeName": "D. Surendra Kumar",
    "branchCode": "8",
    "branchName": "Tanuku",
    "designation": "Branch Manager"
  },
  "timestamp": "2026-09-01T12:26:40.061Z"
}
1/9/2026, 5:56:39 pm | [2026-09-01T12:26:40.066Z] [LOG] {
  "screen": "LoginScreen",
  "event": "USER_DATA_SAVED",
  "timestamp": "2026-09-01T12:26:40.066Z"
}
1/9/2026, 5:56:39 pm | [2026-09-01T12:26:40.067Z] [LOG] {
  "event": "NAVIGATING_TO_USER"
}
1/9/2026, 5:56:39 pm | [2026-09-01T12:26:40.067Z] [LOG] {
  "screen": "LoginScreen",
  "event": "LOADING_COMPLETED",
  "timestamp": "2026-09-01T12:26:40.067Z"
}
1/9/2026, 5:56:39 pm | [2026-09-01T12:26:39.952Z] [LOG] {
  "empNo": "",
  "deviceId": "84fb22925116cbf6"
}
1/9/2026, 5:56:39 pm | [2026-09-01T12:26:39.953Z] [LOG] {
  "screen": "LoginScreen",
  "event": "LOGIN_API_STARTED",
  "deviceId": "84fb22925116cbf6",
  "timestamp": "2026-09-01T12:26:39.953Z"
}
1/9/2026, 5:56:39 pm | [2026-09-01T12:26:40.074Z] [LOG] {
  "screen": "UserDashboard",
  "event": "SCREEN_OPENED",
  "empNo": "UNKNOWN",
  "timestamp": "2026-09-01T12:26:40.074Z"
}
1/9/2026, 5:56:39 pm | [2026-09-01T12:26:39.952Z] [LOG] {
  "screen": "LoginScreen",
  "event": "DEVICE_ID_FETCHED",
  "deviceId": "84fb22925116cbf6",
  "timestamp": "2026-09-01T12:26:39.952Z"
}
1/9/2026, 5:56:39 pm | [2026-09-01T12:26:40.075Z] [LOG] {
  "screen": "UserDashboard",
  "event": "LOGGED_USER_FETCHED",
  "hasUser": true,
  "empNo": "UNKNOWN",
  "timestamp": "2026-09-01T12:26:40.075Z"
}
1/9/2026, 5:56:39 pm | [2026-09-01T12:26:40.075Z] [LOG] {
  "screen": "UserDashboard",
  "event": "LOAD_EMPLOYEE_STARTED",
  "empNo": "UNKNOWN",
  "timestamp": "2026-09-01T12:26:40.075Z"
}
1/9/2026, 5:56:39 pm | [2026-09-01T12:26:40.076Z] [LOG] {
  "screen": "UserDashboard",
  "event": "EMPLOYEE_API_STARTED",
  "empNo": "339",
  "timestamp": "2026-09-01T12:26:40.076Z"
}
1/9/2026, 5:56:40 pm | [2026-09-01T12:26:40.274Z] [LOG] {
  "screen": "UserDashboard",
  "event": "EMPLOYEE_DATA_LOADED",
  "empNo": "339",
  "branch": "Tanuku",
  "designation": "Branch Manager",
  "timestamp": "2026-09-01T12:26:40.274Z"
}
1/9/2026, 5:56:40 pm | [2026-09-01T12:26:40.398Z] [LOG] {
  "screen": "UserDashboard",
  "event": "LAST_SUBMISSION_LOADED",
  "previousDayAmount": 2400000,
  "previousDaySubmittedAt": "2026-08-31 18:08:03",
  "formattedPreviousDayTime": "31/8/2026, 6:08 pm",
  "empNo": "",
  "timestamp": "2026-09-01T12:26:40.397Z"
}
1/9/2026, 5:56:40 pm | [2026-09-01T12:26:40.480Z] [LOG] {
  "screen": "UserDashboard",
  "event": "LOADING_COMPLETED",
  "empNo": "UNKNOWN",
  "timestamp": "2026-09-01T12:26:40.480Z"
}
1/9/2026, 5:56:42 pm | [2026-09-01T12:26:42.012Z] [LOG] {
  "screen": "UserDashboard",
  "event": "SAVE_BUTTON_CLICKED",
  "empNo": "539",
  "amount": "1515113",
  "isEditing": false,
  "timestamp": "2026-09-01T12:26:42.012Z"
}
1/9/2026, 5:56:43 pm | [2026-09-01T12:26:43.084Z] [LOG] {
  "screen": "UserDashboard",
  "event": "SAVE_CASH_API_STARTED",
  "empNo": "539",
  "amount": "1515113",
  "timestamp": "2026-09-01T12:26:43.084Z"
}
1/9/2026, 5:56:43 pm | [2026-09-01T12:26:44.048Z] [LOG] Running "CashClosingApp"
1/9/2026, 5:56:43 pm | [2026-09-01T12:26:44.157Z] [LOG] {
  "screen": "WelcomeScreen",
  "event": "SCREEN_OPENED",
  "timestamp": "2026-09-01T12:26:44.157Z"
}
1/9/2026, 5:56:44 pm | [2026-09-01T12:26:43.516Z] [LOG] {
  "screen": "UserDashboard",
  "event": "SAVE_CASH_SUCCESS",
  "empNo": "539",
  "savedAmount": "1515113",
  "savedAt": "2026-09-01T12:26:43.507Z",
  "formattedSaveTime": "5:56 pm",
  "isEditing": false,
  "timestamp": "2026-09-01T12:26:43.516Z"
}
1/9/2026, 5:56:44 pm | [2026-09-01T12:26:43.877Z] [LOG] {
  "screen": "UserDashboard",
  "event": "SAVE_BUTTON_CLICKED",
  "empNo": "994",
  "amount": "820000",
  "isEditing": false,
  "timestamp": "2026-09-01T12:26:43.877Z"
}
1/9/2026, 5:56:45 pm | [2026-09-01T12:26:45.446Z] [LOG] {
  "screen": "WelcomeScreen",
  "event": "LOGIN_BUTTON_CLICKED",
  "timestamp": "2026-09-01T12:26:45.446Z"
}
1/9/2026, 5:56:45 pm | [2026-09-01T12:26:45.476Z] [LOG] {
  "screen": "LoginScreen",
  "event": "SCREEN_OPENED",
  "timestamp": "2026-09-01T12:26:45.476Z"
}
1/9/2026, 5:56:45 pm | [2026-09-01T12:26:45.529Z] [LOG] {
  "screen": "UserDashboard",
  "event": "SAVE_BUTTON_CLICKED",
  "empNo": "339",
  "amount": "840000",
  "isEditing": false,
  "timestamp": "2026-09-01T12:26:45.529Z"
}
1/9/2026, 5:56:45 pm | [2026-09-01T12:26:44.829Z] [LOG] {
  "screen": "UserDashboard",
  "event": "SAVE_CASH_SUCCESS",
  "empNo": "994",
  "savedAmount": "820000",
  "savedAt": "2026-09-01T12:26:44.822Z",
  "formattedSaveTime": "5:56 pm",
  "isEditing": false,
  "timestamp": "2026-09-01T12:26:44.829Z"
}
1/9/2026, 5:56:45 pm | [2026-09-01T12:26:44.668Z] [LOG] {
  "screen": "UserDashboard",
  "event": "SAVE_CASH_API_STARTED",
  "empNo": "994",
  "amount": "820000",
  "timestamp": "2026-09-01T12:26:44.668Z"
}
1/9/2026, 5:56:46 pm | [2026-09-01T12:26:46.388Z] [LOG] {
  "screen": "UserDashboard",
  "event": "SAVE_CASH_API_STARTED",
  "empNo": "339",
  "amount": "840000",
  "timestamp": "2026-09-01T12:26:46.388Z"
}
1/9/2026, 5:56:46 pm | [2026-09-01T12:26:46.587Z] [LOG] {
  "screen": "UserDashboard",
  "event": "SAVE_CASH_SUCCESS",
  "empNo": "339",
  "savedAmount": "840000",
  "savedAt": "2026-09-01T12:26:46.575Z",
  "formattedSaveTime": "5:56 pm",
  "isEditing": false,
  "timestamp": "2026-09-01T12:26:46.587Z"
}
1/9/2026, 5:56:48 pm | [2026-09-01T12:26:48.486Z] [LOG] Running "CashClosingApp"
1/9/2026, 5:56:49 pm | [2026-09-01T12:26:49.742Z] [LOG] {
  "screen": "WelcomeScreen",
  "event": "LOGIN_BUTTON_CLICKED",
  "timestamp": "2026-09-01T12:26:49.742Z"
}
1/9/2026, 5:56:49 pm | [2026-09-01T12:26:49.792Z] [LOG] {
  "screen": "LoginScreen",
  "event": "SCREEN_OPENED",
  "timestamp": "2026-09-01T12:26:49.792Z"
}
1/9/2026, 5:56:51 pm | [2026-09-01T12:26:48.782Z] [LOG] {
  "screen": "WelcomeScreen",
  "event": "SCREEN_OPENED",
  "timestamp": "2026-09-01T12:26:48.782Z"
}
1/9/2026, 5:56:53 pm | [2026-09-01T12:26:54.381Z] [LOG] {
  "screen": "LoginScreen",
  "event": "LOGIN_BUTTON_CLICKED",
  "timestamp": "2026-09-01T12:26:54.381Z"
}
1/9/2026, 5:56:53 pm | [2026-09-01T12:26:54.383Z] [LOG] {
  "screen": "LoginScreen",
  "event": "LOADING_STARTED",
  "timestamp": "2026-09-01T12:26:54.383Z"
}
1/9/2026, 5:56:53 pm | [2026-09-01T12:26:54.397Z] [LOG] {
  "screen": "LoginScreen",
  "event": "LOGIN_API_STARTED",
  "deviceId": "e4d11680cf9c8959",
  "timestamp": "2026-09-01T12:26:54.397Z"
}
1/9/2026, 5:56:53 pm | [2026-09-01T12:26:54.396Z] [LOG] {
  "screen": "LoginScreen",
  "event": "DEVICE_ID_FETCHED",
  "deviceId": "e4d11680cf9c8959",
  "timestamp": "2026-09-01T12:26:54.396Z"
}
1/9/2026, 5:56:53 pm | [2026-09-01T12:26:54.396Z] [LOG] {
  "empNo": "",
  "deviceId": "e4d11680cf9c8959"
}
1/9/2026, 5:56:54 pm | [2026-09-01T12:26:54.651Z] [LOG] {
  "screen": "LoginScreen",
  "event": "LOGIN_SUCCESS",
  "user": {
    "empNo": "410",
    "employeeName": "J N V Veera Babu",
    "branchCode": "10",
    "branchName": "Takkellapadu",
    "designation": "Branch Manager"
  },
  "timestamp": "2026-09-01T12:26:54.651Z"
}
1/9/2026, 5:56:54 pm | [2026-09-01T12:26:54.678Z] [LOG] {
  "screen": "LoginScreen",
  "event": "USER_DATA_SAVED",
  "timestamp": "2026-09-01T12:26:54.677Z"
}
1/9/2026, 5:56:54 pm | [2026-09-01T12:26:54.682Z] [LOG] {
  "event": "NAVIGATING_TO_USER"
}
1/9/2026, 5:56:54 pm | [2026-09-01T12:26:54.685Z] [LOG] {
  "screen": "LoginScreen",
  "event": "LOADING_COMPLETED",
  "timestamp": "2026-09-01T12:26:54.685Z"
}
1/9/2026, 5:56:54 pm | [2026-09-01T12:26:54.727Z] [LOG] {
  "screen": "UserDashboard",
  "event": "SCREEN_OPENED",
  "empNo": "UNKNOWN",
  "timestamp": "2026-09-01T12:26:54.727Z"
}
1/9/2026, 5:56:54 pm | [2026-09-01T12:26:54.731Z] [LOG] {
  "screen": "UserDashboard",
  "event": "LOAD_EMPLOYEE_STARTED",
  "empNo": "UNKNOWN",
  "timestamp": "2026-09-01T12:26:54.731Z"
}
1/9/2026, 5:56:54 pm | [2026-09-01T12:26:54.746Z] [LOG] {
  "screen": "UserDashboard",
  "event": "LOGGED_USER_FETCHED",
  "hasUser": true,
  "empNo": "UNKNOWN",
  "timestamp": "2026-09-01T12:26:54.745Z"
}
1/9/2026, 5:56:54 pm | [2026-09-01T12:26:54.746Z] [LOG] {
  "screen": "UserDashboard",
  "event": "EMPLOYEE_API_STARTED",
  "empNo": "410",
  "timestamp": "2026-09-01T12:26:54.746Z"
}
1/9/2026, 5:56:54 pm | [2026-09-01T12:26:55.056Z] [LOG] {
  "screen": "UserDashboard",
  "event": "EMPLOYEE_DATA_LOADED",
  "empNo": "410",
  "branch": "Takkellapadu",
  "designation": "Branch Manager",
  "timestamp": "2026-09-01T12:26:55.056Z"
}
1/9/2026, 5:56:54 pm | [2026-09-01T12:26:55.338Z] [LOG] {
  "screen": "UserDashboard",
  "event": "LAST_SUBMISSION_LOADED",
  "previousDayAmount": 1800000,
  "previousDaySubmittedAt": "2026-08-31 17:52:05",
  "formattedPreviousDayTime": "31/8/2026, 5:52 pm",
  "empNo": "",
  "timestamp": "2026-09-01T12:26:55.338Z"
}
1/9/2026, 5:56:54 pm | [2026-09-01T12:26:55.399Z] [LOG] {
  "screen": "UserDashboard",
  "event": "LOADING_COMPLETED",
  "empNo": "UNKNOWN",
  "timestamp": "2026-09-01T12:26:55.399Z"
}
1/9/2026, 5:57:04 pm | [2026-09-01T12:27:04.833Z] [LOG] {
  "screen": "UserDashboard",
  "event": "SAVE_CASH_API_STARTED",
  "empNo": "410",
  "amount": "2200000",
  "timestamp": "2026-09-01T12:27:04.833Z"
}
1/9/2026, 5:57:04 pm | [2026-09-01T12:27:05.065Z] [LOG] {
  "screen": "UserDashboard",
  "event": "SAVE_CASH_SUCCESS",
  "empNo": "410",
  "savedAmount": "2200000",
  "savedAt": "2026-09-01T12:27:05.058Z",
  "formattedSaveTime": "5:57 pm",
  "isEditing": false,
  "timestamp": "2026-09-01T12:27:05.065Z"
}
1/9/2026, 5:57:06 pm | [2026-09-01T12:27:06.881Z] [LOG] {
  "empNo": "",
  "deviceId": "edbb16289756a13f"
}
1/9/2026, 5:57:06 pm | [2026-09-01T12:27:06.881Z] [LOG] {
  "screen": "LoginScreen",
  "event": "DEVICE_ID_FETCHED",
  "deviceId": "edbb16289756a13f",
  "timestamp": "2026-09-01T12:27:06.881Z"
}
1/9/2026, 5:57:06 pm | [2026-09-01T12:27:06.869Z] [LOG] {
  "screen": "LoginScreen",
  "event": "LOGIN_BUTTON_CLICKED",
  "timestamp": "2026-09-01T12:27:06.869Z"
}
1/9/2026, 5:57:06 pm | [2026-09-01T12:27:06.882Z] [LOG] {
  "screen": "LoginScreen",
  "event": "LOGIN_API_STARTED",
  "deviceId": "edbb16289756a13f",
  "timestamp": "2026-09-01T12:27:06.882Z"
}
1/9/2026, 5:57:06 pm | [2026-09-01T12:27:06.870Z] [LOG] {
  "screen": "LoginScreen",
  "event": "LOADING_STARTED",
  "timestamp": "2026-09-01T12:27:06.870Z"
}
1/9/2026, 5:57:06 pm | [2026-09-01T12:27:07.273Z] [LOG] {
  "screen": "LoginScreen",
  "event": "LOGIN_SUCCESS",
  "user": {
    "empNo": "305",
    "employeeName": "Rashidunnisha Sk.",
    "branchCode": "12",
    "branchName": "Gudivada",
    "designation": "Branch Manager"
  },
  "timestamp": "2026-09-01T12:27:07.273Z"
}
1/9/2026, 5:57:06 pm | [2026-09-01T12:27:07.288Z] [LOG] {
  "screen": "LoginScreen",
  "event": "USER_DATA_SAVED",
  "timestamp": "2026-09-01T12:27:07.288Z"
}
1/9/2026, 5:57:06 pm | [2026-09-01T12:27:07.291Z] [LOG] {
  "screen": "LoginScreen",
  "event": "LOADING_COMPLETED",
  "timestamp": "2026-09-01T12:27:07.291Z"
}
1/9/2026, 5:57:06 pm | [2026-09-01T12:27:07.289Z] [LOG] {
  "event": "NAVIGATING_TO_USER"
}
1/9/2026, 5:57:06 pm | [2026-09-01T12:27:07.304Z] [LOG] {
  "screen": "UserDashboard",
  "event": "SCREEN_OPENED",
  "empNo": "UNKNOWN",
  "timestamp": "2026-09-01T12:27:07.304Z"
}
1/9/2026, 5:57:06 pm | [2026-09-01T12:27:07.304Z] [LOG] {
  "screen": "UserDashboard",
  "event": "LOAD_EMPLOYEE_STARTED",
  "empNo": "UNKNOWN",
  "timestamp": "2026-09-01T12:27:07.304Z"
}
1/9/2026, 5:57:06 pm | [2026-09-01T12:27:07.306Z] [LOG] {
  "screen": "UserDashboard",
  "event": "LOGGED_USER_FETCHED",
  "hasUser": true,
  "empNo": "UNKNOWN",
  "timestamp": "2026-09-01T12:27:07.306Z"
}
1/9/2026, 5:57:06 pm | [2026-09-01T12:27:07.307Z] [LOG] {
  "screen": "UserDashboard",
  "event": "EMPLOYEE_API_STARTED",
  "empNo": "305",
  "timestamp": "2026-09-01T12:27:07.307Z"
}
1/9/2026, 5:57:06 pm | [2026-09-01T12:27:07.381Z] [LOG] {
  "screen": "UserDashboard",
  "event": "EMPLOYEE_DATA_LOADED",
  "empNo": "305",
  "branch": "Gudivada",
  "designation": "Branch Manager",
  "timestamp": "2026-09-01T12:27:07.381Z"
}
1/9/2026, 5:57:07 pm | [2026-09-01T12:27:07.588Z] [LOG] {
  "screen": "UserDashboard",
  "event": "LAST_SUBMISSION_LOADED",
  "previousDayAmount": 1304921,
  "previousDaySubmittedAt": "2026-08-31 17:51:32",
  "formattedPreviousDayTime": "31/8/2026, 5:51 pm",
  "empNo": "",
  "timestamp": "2026-09-01T12:27:07.588Z"
}
1/9/2026, 5:57:07 pm | [2026-09-01T12:27:07.645Z] [LOG] {
  "screen": "UserDashboard",
  "event": "LOADING_COMPLETED",
  "empNo": "UNKNOWN",
  "timestamp": "2026-09-01T12:27:07.645Z"
}
1/9/2026, 5:57:07 pm | [2026-09-01T12:27:07.494Z] [LOG] {
  "screen": "WelcomeScreen",
  "event": "SCREEN_OPENED",
  "timestamp": "2026-09-01T12:27:07.494Z"
}
1/9/2026, 5:57:07 pm | [2026-09-01T12:27:07.342Z] [LOG] Running "CashClosingApp"
1/9/2026, 5:57:07 pm | [2026-09-01T12:27:08.208Z] [LOG] {
  "screen": "WelcomeScreen",
  "event": "LOGIN_BUTTON_CLICKED",
  "timestamp": "2026-09-01T12:27:08.208Z"
}
1/9/2026, 5:57:07 pm | [2026-09-01T12:27:08.252Z] [LOG] {
  "screen": "LoginScreen",
  "event": "SCREEN_OPENED",
  "timestamp": "2026-09-01T12:27:08.252Z"
}
1/9/2026, 5:57:12 pm | [2026-09-01T12:27:13.429Z] [LOG] {
  "screen": "LoginScreen",
  "event": "LOADING_STARTED",
  "timestamp": "2026-09-01T12:27:13.429Z"
}
1/9/2026, 5:57:12 pm | [2026-09-01T12:27:13.428Z] [LOG] {
  "screen": "LoginScreen",
  "event": "LOGIN_BUTTON_CLICKED",
  "timestamp": "2026-09-01T12:27:13.428Z"
}
1/9/2026, 5:57:13 pm | [2026-09-01T12:27:13.528Z] [LOG] {
  "screen": "LoginScreen",
  "event": "LOGIN_SUCCESS",
  "user": {
    "empNo": "403",
    "employeeName": "G.A.G.Prasad",
    "branchCode": "11",
    "branchName": "Kanuru",
    "designation": "Branch Manager"
  },
  "timestamp": "2026-09-01T12:27:13.528Z"
}
1/9/2026, 5:57:13 pm | [2026-09-01T12:27:13.440Z] [LOG] {
  "screen": "LoginScreen",
  "event": "LOGIN_API_STARTED",
  "deviceId": "0cc594f412a16de2",
  "timestamp": "2026-09-01T12:27:13.440Z"
}
1/9/2026, 5:57:13 pm | [2026-09-01T12:27:13.568Z] [LOG] {
  "screen": "LoginScreen",
  "event": "USER_DATA_SAVED",
  "timestamp": "2026-09-01T12:27:13.568Z"
}
1/9/2026, 5:57:13 pm | [2026-09-01T12:27:13.570Z] [LOG] {
  "event": "NAVIGATING_TO_USER"
}
1/9/2026, 5:57:13 pm | [2026-09-01T12:27:13.439Z] [LOG] {
  "screen": "LoginScreen",
  "event": "DEVICE_ID_FETCHED",
  "deviceId": "0cc594f412a16de2",
  "timestamp": "2026-09-01T12:27:13.439Z"
}
1/9/2026, 5:57:13 pm | [2026-09-01T12:27:13.440Z] [LOG] {
  "empNo": "",
  "deviceId": "0cc594f412a16de2"
}
1/9/2026, 5:57:13 pm | [2026-09-01T12:27:13.591Z] [LOG] {
  "screen": "UserDashboard",
  "event": "SCREEN_OPENED",
  "empNo": "UNKNOWN",
  "timestamp": "2026-09-01T12:27:13.591Z"
}
1/9/2026, 5:57:13 pm | [2026-09-01T12:27:13.571Z] [LOG] {
  "screen": "LoginScreen",
  "event": "LOADING_COMPLETED",
  "timestamp": "2026-09-01T12:27:13.571Z"
}
1/9/2026, 5:57:13 pm | [2026-09-01T12:27:13.592Z] [LOG] {
  "screen": "UserDashboard",
  "event": "LOAD_EMPLOYEE_STARTED",
  "empNo": "UNKNOWN",
  "timestamp": "2026-09-01T12:27:13.592Z"
}
1/9/2026, 5:57:13 pm | [2026-09-01T12:27:13.597Z] [LOG] {
  "screen": "UserDashboard",
  "event": "LOGGED_USER_FETCHED",
  "hasUser": true,
  "empNo": "UNKNOWN",
  "timestamp": "2026-09-01T12:27:13.597Z"
}
1/9/2026, 5:57:13 pm | [2026-09-01T12:27:13.598Z] [LOG] {
  "screen": "UserDashboard",
  "event": "EMPLOYEE_API_STARTED",
  "empNo": "403",
  "timestamp": "2026-09-01T12:27:13.598Z"
}
1/9/2026, 5:57:13 pm | [2026-09-01T12:27:13.704Z] [LOG] {
  "screen": "UserDashboard",
  "event": "EMPLOYEE_DATA_LOADED",
  "empNo": "403",
  "branch": "Kanuru",
  "designation": "Branch Manager",
  "timestamp": "2026-09-01T12:27:13.704Z"
}
1/9/2026, 5:57:13 pm | [2026-09-01T12:27:13.841Z] [LOG] {
  "screen": "UserDashboard",
  "event": "LAST_SUBMISSION_LOADED",
  "previousDayAmount": 2173944,
  "previousDaySubmittedAt": "2026-08-31 18:05:13",
  "formattedPreviousDayTime": "31/8/2026, 6:05 pm",
  "empNo": "",
  "timestamp": "2026-09-01T12:27:13.841Z"
}
1/9/2026, 5:57:13 pm | [2026-09-01T12:27:13.895Z] [LOG] {
  "screen": "UserDashboard",
  "event": "LOADING_COMPLETED",
  "empNo": "UNKNOWN",
  "timestamp": "2026-09-01T12:27:13.895Z"
}
1/9/2026, 5:57:18 pm | [2026-09-01T12:27:19.155Z] [LOG] {
  "screen": "UserDashboard",
  "event": "SAVE_BUTTON_CLICKED",
  "empNo": "403",
  "amount": "3361827",
  "isEditing": false,
  "timestamp": "2026-09-01T12:27:19.155Z"
}
1/9/2026, 5:57:19 pm | [2026-09-01T12:27:20.089Z] [LOG] {
  "screen": "UserDashboard",
  "event": "SAVE_CASH_API_STARTED",
  "empNo": "403",
  "amount": "3361827",
  "timestamp": "2026-09-01T12:27:20.089Z"
}
1/9/2026, 5:57:19 pm | [2026-09-01T12:27:20.326Z] [LOG] {
  "screen": "UserDashboard",
  "event": "SAVE_CASH_SUCCESS",
  "empNo": "403",
  "savedAmount": "3361827",
  "savedAt": "2026-09-01T12:27:20.322Z",
  "formattedSaveTime": "5:57 pm",
  "isEditing": false,
  "timestamp": "2026-09-01T12:27:20.326Z"
}
1/9/2026, 5:57:29 pm | [2026-09-01T12:27:29.025Z] [LOG] {
  "screen": "UserDashboard",
  "event": "SAVE_BUTTON_CLICKED",
  "empNo": "305",
  "amount": "1900000",
  "isEditing": false,
  "timestamp": "2026-09-01T12:27:29.025Z"
}
1/9/2026, 5:57:29 pm | [2026-09-01T12:27:30.170Z] [LOG] {
  "screen": "UserDashboard",
  "event": "SAVE_CASH_API_STARTED",
  "empNo": "305",
  "amount": "1900000",
  "timestamp": "2026-09-01T12:27:30.170Z"
}
1/9/2026, 5:57:30 pm | [2026-09-01T12:27:30.458Z] [LOG] {
  "screen": "UserDashboard",
  "event": "SAVE_CASH_SUCCESS",
  "empNo": "305",
  "savedAmount": "1900000",
  "savedAt": "2026-09-01T12:27:30.453Z",
  "formattedSaveTime": "5:57 pm",
  "isEditing": false,
  "timestamp": "2026-09-01T12:27:30.458Z"
}
1/9/2026, 5:57:30 pm | [2026-09-01T12:27:24.502Z] [LOG] {
  "screen": "LoginScreen",
  "event": "LOGIN_BUTTON_CLICKED",
  "timestamp": "2026-09-01T12:27:24.502Z"
}
1/9/2026, 5:57:30 pm | [2026-09-01T12:27:20.349Z] [LOG] Running "CashClosingApp"
1/9/2026, 5:57:30 pm | [2026-09-01T12:27:20.662Z] [LOG] {
  "screen": "WelcomeScreen",
  "event": "SCREEN_OPENED",
  "timestamp": "2026-09-01T12:27:20.661Z"
}
1/9/2026, 5:57:30 pm | [2026-09-01T12:27:21.525Z] [LOG] {
  "screen": "LoginScreen",
  "event": "SCREEN_OPENED",
  "timestamp": "2026-09-01T12:27:21.525Z"
}
1/9/2026, 5:57:30 pm | [2026-09-01T12:27:21.343Z] [LOG] {
  "screen": "WelcomeScreen",
  "event": "LOGIN_BUTTON_CLICKED",
  "timestamp": "2026-09-01T12:27:21.342Z"
}
1/9/2026, 5:57:30 pm | [2026-09-01T12:27:24.509Z] [LOG] {
  "screen": "LoginScreen",
  "event": "DEVICE_ID_FETCHED",
  "deviceId": "dec044151185181b",
  "timestamp": "2026-09-01T12:27:24.509Z"
}
1/9/2026, 5:57:30 pm | [2026-09-01T12:27:24.509Z] [LOG] {
  "empNo": "",
  "deviceId": "dec044151185181b"
}
1/9/2026, 5:57:30 pm | [2026-09-01T12:27:24.510Z] [LOG] {
  "screen": "LoginScreen",
  "event": "LOGIN_API_STARTED",
  "deviceId": "dec044151185181b",
  "timestamp": "2026-09-01T12:27:24.510Z"
}
1/9/2026, 5:57:30 pm | [2026-09-01T12:27:24.502Z] [LOG] {
  "screen": "LoginScreen",
  "event": "LOADING_STARTED",
  "timestamp": "2026-09-01T12:27:24.502Z"
}
1/9/2026, 5:57:30 pm | [2026-09-01T12:27:28.667Z] [LOG] {
  "screen": "LoginScreen",
  "event": "LOGIN_SUCCESS",
  "user": {
    "empNo": "882",
    "employeeName": "K Brahma Rao",
    "branchCode": "22",
    "branchName": "Jaggaiahpet",
    "designation": "Branch Manager"
  },
  "timestamp": "2026-09-01T12:27:28.667Z"
}
1/9/2026, 5:57:30 pm | [2026-09-01T12:27:28.706Z] [LOG] {
  "screen": "LoginScreen",
  "event": "USER_DATA_SAVED",
  "timestamp": "2026-09-01T12:27:28.706Z"
}
1/9/2026, 5:57:30 pm | [2026-09-01T12:27:28.709Z] [LOG] {
  "event": "NAVIGATING_TO_USER"
}
1/9/2026, 5:57:30 pm | [2026-09-01T12:27:28.711Z] [LOG] {
  "screen": "LoginScreen",
  "event": "LOADING_COMPLETED",
  "timestamp": "2026-09-01T12:27:28.711Z"
}
1/9/2026, 5:57:30 pm | [2026-09-01T12:27:28.733Z] [LOG] {
  "screen": "UserDashboard",
  "event": "SCREEN_OPENED",
  "empNo": "UNKNOWN",
  "timestamp": "2026-09-01T12:27:28.733Z"
}
1/9/2026, 5:57:30 pm | [2026-09-01T12:27:28.734Z] [LOG] {
  "screen": "UserDashboard",
  "event": "LOAD_EMPLOYEE_STARTED",
  "empNo": "UNKNOWN",
  "timestamp": "2026-09-01T12:27:28.734Z"
}
1/9/2026, 5:57:30 pm | [2026-09-01T12:27:28.740Z] [LOG] {
  "screen": "UserDashboard",
  "event": "LOGGED_USER_FETCHED",
  "hasUser": true,
  "empNo": "UNKNOWN",
  "timestamp": "2026-09-01T12:27:28.740Z"
}
1/9/2026, 5:57:30 pm | [2026-09-01T12:27:28.742Z] [LOG] {
  "screen": "UserDashboard",
  "event": "EMPLOYEE_API_STARTED",
  "empNo": "882",
  "timestamp": "2026-09-01T12:27:28.742Z"
}
1/9/2026, 5:57:30 pm | [2026-09-01T12:27:28.845Z] [LOG] {
  "screen": "UserDashboard",
  "event": "EMPLOYEE_DATA_LOADED",
  "empNo": "882",
  "branch": "Jaggaiahpet",
  "designation": "Branch Manager",
  "timestamp": "2026-09-01T12:27:28.845Z"
}
1/9/2026, 5:57:30 pm | [2026-09-01T12:27:29.128Z] [LOG] {
  "screen": "UserDashboard",
  "event": "LAST_SUBMISSION_LOADED",
  "previousDayAmount": 100000,
  "previousDaySubmittedAt": "2026-08-31 17:58:49",
  "formattedPreviousDayTime": "31/8/2026, 5:58 pm",
  "empNo": "",
  "timestamp": "2026-09-01T12:27:29.127Z"
}
1/9/2026, 5:57:30 pm | [2026-09-01T12:27:29.226Z] [LOG] {
  "screen": "UserDashboard",
  "event": "LOADING_COMPLETED",
  "empNo": "UNKNOWN",
  "timestamp": "2026-09-01T12:27:29.226Z"
}
1/9/2026, 5:57:40 pm | [2026-09-01T12:27:38.905Z] [LOG] {
  "screen": "UserDashboard",
  "event": "SAVE_BUTTON_CLICKED",
  "empNo": "882",
  "amount": "1100000",
  "isEditing": false,
  "timestamp": "2026-09-01T12:27:38.904Z"
}
1/9/2026, 5:57:42 pm | [2026-09-01T12:27:41.136Z] [LOG] {
  "screen": "UserDashboard",
  "event": "SAVE_CASH_API_STARTED",
  "empNo": "882",
  "amount": "1100000",
  "timestamp": "2026-09-01T12:27:41.136Z"
}
1/9/2026, 5:57:42 pm | [2026-09-01T12:27:41.405Z] [LOG] {
  "screen": "UserDashboard",
  "event": "SAVE_CASH_SUCCESS",
  "empNo": "882",
  "savedAmount": "1100000",
  "savedAt": "2026-09-01T12:27:41.394Z",
  "formattedSaveTime": "5:57 pm",
  "isEditing": false,
  "timestamp": "2026-09-01T12:27:41.405Z"
}
1/9/2026, 5:57:45 pm | [2026-09-01T12:27:44.329Z] [LOG] {
  "screen": "UserDashboard",
  "event": "SAVE_BUTTON_CLICKED",
  "empNo": "882",
  "amount": "1100000",
  "isEditing": true,
  "timestamp": "2026-09-01T12:27:44.329Z"
}
1/9/2026, 5:57:47 pm | [2026-09-01T12:27:46.249Z] [LOG] {
  "screen": "UserDashboard",
  "event": "SAVE_CASH_API_STARTED",
  "empNo": "882",
  "amount": "1100000",
  "timestamp": "2026-09-01T12:27:46.248Z"
}
1/9/2026, 5:57:47 pm | [2026-09-01T12:27:46.324Z] [LOG] {
  "screen": "UserDashboard",
  "event": "SAVE_CASH_SUCCESS",
  "empNo": "882",
  "savedAmount": "1100000",
  "savedAt": "2026-09-01T12:27:46.318Z",
  "formattedSaveTime": "5:57 pm",
  "isEditing": true,
  "timestamp": "2026-09-01T12:27:46.324Z"
}
1/9/2026, 5:57:51 pm | [2026-09-01T12:27:49.747Z] [LOG] {
  "screen": "UserDashboard",
  "event": "SAVE_BUTTON_CLICKED",
  "empNo": "882",
  "amount": "1100000",
  "isEditing": true,
  "timestamp": "2026-09-01T12:27:49.747Z"
}
1/9/2026, 5:57:52 pm | [2026-09-01T12:27:50.625Z] [LOG] {
  "screen": "UserDashboard",
  "event": "SAVE_CASH_API_STARTED",
  "empNo": "882",
  "amount": "1100000",
  "timestamp": "2026-09-01T12:27:50.625Z"
}
1/9/2026, 5:57:52 pm | [2026-09-01T12:27:50.697Z] [LOG] {
  "screen": "UserDashboard",
  "event": "SAVE_CASH_SUCCESS",
  "empNo": "882",
  "savedAmount": "1100000",
  "savedAt": "2026-09-01T12:27:50.694Z",
  "formattedSaveTime": "5:57 pm",
  "isEditing": true,
  "timestamp": "2026-09-01T12:27:50.697Z"
}
1/9/2026, 5:57:55 pm | [2026-09-01T12:27:55.792Z] [LOG] {
  "screen": "WelcomeScreen",
  "event": "SCREEN_OPENED",
  "timestamp": "2026-09-01T12:27:55.792Z"
}
1/9/2026, 5:57:55 pm | [2026-09-01T12:27:55.640Z] [LOG] Running "CashClosingApp"
1/9/2026, 5:57:57 pm | [2026-09-01T12:27:57.373Z] [LOG] {
  "screen": "WelcomeScreen",
  "event": "LOGIN_BUTTON_CLICKED",
  "timestamp": "2026-09-01T12:27:57.373Z"
}
1/9/2026, 5:57:57 pm | [2026-09-01T12:27:57.412Z] [LOG] {
  "screen": "LoginScreen",
  "event": "SCREEN_OPENED",
  "timestamp": "2026-09-01T12:27:57.411Z"
}
1/9/2026, 5:58:05 pm | [2026-09-01T12:28:04.871Z] [LOG] {
  "screen": "LoginScreen",
  "event": "LOGIN_API_STARTED",
  "deviceId": "e77db144a8c80d37",
  "timestamp": "2026-09-01T12:28:04.871Z"
}
1/9/2026, 5:58:05 pm | [2026-09-01T12:28:04.870Z] [LOG] {
  "screen": "LoginScreen",
  "event": "DEVICE_ID_FETCHED",
  "deviceId": "e77db144a8c80d37",
  "timestamp": "2026-09-01T12:28:04.870Z"
}
1/9/2026, 5:58:05 pm | [2026-09-01T12:28:04.850Z] [LOG] {
  "screen": "LoginScreen",
  "event": "LOGIN_BUTTON_CLICKED",
  "timestamp": "2026-09-01T12:28:04.850Z"
}
1/9/2026, 5:58:05 pm | [2026-09-01T12:28:04.851Z] [LOG] {
  "screen": "LoginScreen",
  "event": "LOADING_STARTED",
  "timestamp": "2026-09-01T12:28:04.851Z"
}
1/9/2026, 5:58:05 pm | [2026-09-01T12:28:04.871Z] [LOG] {
  "empNo": "",
  "deviceId": "e77db144a8c80d37"
}
1/9/2026, 5:58:05 pm | [2026-09-01T12:28:05.113Z] [LOG] {
  "screen": "LoginScreen",
  "event": "LOGIN_SUCCESS",
  "user": {
    "empNo": "552",
    "employeeName": "K Rama Prasad",
    "branchCode": "14",
    "branchName": "Tadepalligudem",
    "designation": "Branch Manager"
  },
  "timestamp": "2026-09-01T12:28:05.113Z"
}
1/9/2026, 5:58:05 pm | [2026-09-01T12:28:05.128Z] [LOG] {
  "screen": "LoginScreen",
  "event": "USER_DATA_SAVED",
  "timestamp": "2026-09-01T12:28:05.128Z"
}
1/9/2026, 5:58:05 pm | [2026-09-01T12:28:05.131Z] [LOG] {
  "screen": "LoginScreen",
  "event": "LOADING_COMPLETED",
  "timestamp": "2026-09-01T12:28:05.131Z"
}
1/9/2026, 5:58:05 pm | [2026-09-01T12:28:05.130Z] [LOG] {
  "event": "NAVIGATING_TO_USER"
}
1/9/2026, 5:58:05 pm | [2026-09-01T12:28:05.138Z] [LOG] {
  "screen": "UserDashboard",
  "event": "SCREEN_OPENED",
  "empNo": "UNKNOWN",
  "timestamp": "2026-09-01T12:28:05.138Z"
}
1/9/2026, 5:58:05 pm | [2026-09-01T12:28:05.138Z] [LOG] {
  "screen": "UserDashboard",
  "event": "LOAD_EMPLOYEE_STARTED",
  "empNo": "UNKNOWN",
  "timestamp": "2026-09-01T12:28:05.138Z"
}
1/9/2026, 5:58:05 pm | [2026-09-01T12:28:05.142Z] [LOG] {
  "screen": "UserDashboard",
  "event": "EMPLOYEE_API_STARTED",
  "empNo": "552",
  "timestamp": "2026-09-01T12:28:05.142Z"
}
1/9/2026, 5:58:05 pm | [2026-09-01T12:28:05.141Z] [LOG] {
  "screen": "UserDashboard",
  "event": "LOGGED_USER_FETCHED",
  "hasUser": true,
  "empNo": "UNKNOWN",
  "timestamp": "2026-09-01T12:28:05.141Z"
}
1/9/2026, 5:58:05 pm | [2026-09-01T12:28:05.245Z] [LOG] {
  "screen": "UserDashboard",
  "event": "EMPLOYEE_DATA_LOADED",
  "empNo": "552",
  "branch": "Tadepalligudem",
  "designation": "Branch Manager",
  "timestamp": "2026-09-01T12:28:05.245Z"
}
1/9/2026, 5:58:05 pm | [2026-09-01T12:28:05.373Z] [LOG] {
  "screen": "UserDashboard",
  "event": "LAST_SUBMISSION_LOADED",
  "previousDayAmount": 2300000,
  "previousDaySubmittedAt": "2026-08-31 17:43:48",
  "formattedPreviousDayTime": "31/8/2026, 5:43 pm",
  "empNo": "",
  "timestamp": "2026-09-01T12:28:05.373Z"
}
1/9/2026, 5:58:05 pm | [2026-09-01T12:28:05.458Z] [LOG] {
  "screen": "UserDashboard",
  "event": "LOADING_COMPLETED",
  "empNo": "UNKNOWN",
  "timestamp": "2026-09-01T12:28:05.458Z"
}
1/9/2026, 5:58:19 pm | [2026-09-01T12:28:19.450Z] [LOG] {
  "screen": "UserDashboard",
  "event": "SAVE_BUTTON_CLICKED",
  "empNo": "552",
  "amount": "2300000",
  "isEditing": false,
  "timestamp": "2026-09-01T12:28:19.450Z"
}
1/9/2026, 5:58:29 pm | [2026-09-01T12:28:29.341Z] [LOG] {
  "screen": "UserDashboard",
  "event": "SAVE_CASH_API_STARTED",
  "empNo": "552",
  "amount": "2300000",
  "timestamp": "2026-09-01T12:28:29.341Z"
}
1/9/2026, 5:58:29 pm | [2026-09-01T12:28:29.648Z] [LOG] {
  "screen": "UserDashboard",
  "event": "SAVE_CASH_SUCCESS",
  "empNo": "552",
  "savedAmount": "2300000",
  "savedAt": "2026-09-01T12:28:29.641Z",
  "formattedSaveTime": "5:58 pm",
  "isEditing": false,
  "timestamp": "2026-09-01T12:28:29.647Z"
}
1/9/2026, 5:58:29 pm | [2026-09-01T12:28:29.915Z] [LOG] {
  "screen": "WelcomeScreen",
  "event": "SCREEN_OPENED",
  "timestamp": "2026-09-01T12:28:29.915Z"
}
1/9/2026, 5:58:29 pm | [2026-09-01T12:28:29.823Z] [LOG] Running "CashClosingApp"
1/9/2026, 5:58:30 pm | [2026-09-01T12:28:31.004Z] [LOG] {
  "screen": "WelcomeScreen",
  "event": "LOGIN_BUTTON_CLICKED",
  "timestamp": "2026-09-01T12:28:31.004Z"
}
1/9/2026, 5:58:30 pm | [2026-09-01T12:28:31.034Z] [LOG] {
  "screen": "LoginScreen",
  "event": "SCREEN_OPENED",
  "timestamp": "2026-09-01T12:28:31.034Z"
}
1/9/2026, 5:58:34 pm | [2026-09-01T12:28:35.080Z] [LOG] {
  "screen": "LoginScreen",
  "event": "LOGIN_BUTTON_CLICKED",
  "timestamp": "2026-09-01T12:28:35.080Z"
}
1/9/2026, 5:58:34 pm | [2026-09-01T12:28:35.081Z] [LOG] {
  "screen": "LoginScreen",
  "event": "LOADING_STARTED",
  "timestamp": "2026-09-01T12:28:35.081Z"
}
1/9/2026, 5:58:34 pm | [2026-09-01T12:28:35.185Z] [LOG] {
  "screen": "LoginScreen",
  "event": "LOGIN_SUCCESS",
  "user": {
    "empNo": "117",
    "employeeName": "B.V.L. Madhuri",
    "branchCode": "3",
    "branchName": "Eluru",
    "designation": "Branch Manager"
  },
  "timestamp": "2026-09-01T12:28:35.185Z"
}
1/9/2026, 5:58:34 pm | [2026-09-01T12:28:35.199Z] [LOG] {
  "screen": "LoginScreen",
  "event": "USER_DATA_SAVED",
  "timestamp": "2026-09-01T12:28:35.199Z"
}
1/9/2026, 5:58:34 pm | [2026-09-01T12:28:35.201Z] [LOG] {
  "event": "NAVIGATING_TO_USER"
}
1/9/2026, 5:58:34 pm | [2026-09-01T12:28:35.095Z] [LOG] {
  "empNo": "",
  "deviceId": "c07c541ce92469ae"
}
1/9/2026, 5:58:34 pm | [2026-09-01T12:28:35.202Z] [LOG] {
  "screen": "LoginScreen",
  "event": "LOADING_COMPLETED",
  "timestamp": "2026-09-01T12:28:35.202Z"
}
1/9/2026, 5:58:34 pm | [2026-09-01T12:28:35.094Z] [LOG] {
  "screen": "LoginScreen",
  "event": "DEVICE_ID_FETCHED",
  "deviceId": "c07c541ce92469ae",
  "timestamp": "2026-09-01T12:28:35.094Z"
}
1/9/2026, 5:58:34 pm | [2026-09-01T12:28:35.095Z] [LOG] {
  "screen": "LoginScreen",
  "event": "LOGIN_API_STARTED",
  "deviceId": "c07c541ce92469ae",
  "timestamp": "2026-09-01T12:28:35.095Z"
}
1/9/2026, 5:58:34 pm | [2026-09-01T12:28:35.217Z] [LOG] {
  "screen": "UserDashboard",
  "event": "SCREEN_OPENED",
  "empNo": "UNKNOWN",
  "timestamp": "2026-09-01T12:28:35.217Z"
}
1/9/2026, 5:58:34 pm | [2026-09-01T12:28:35.220Z] [LOG] {
  "screen": "UserDashboard",
  "event": "LOAD_EMPLOYEE_STARTED",
  "empNo": "UNKNOWN",
  "timestamp": "2026-09-01T12:28:35.220Z"
}
1/9/2026, 5:58:34 pm | [2026-09-01T12:28:35.224Z] [LOG] {
  "screen": "UserDashboard",
  "event": "EMPLOYEE_API_STARTED",
  "empNo": "117",
  "timestamp": "2026-09-01T12:28:35.224Z"
}
1/9/2026, 5:58:34 pm | [2026-09-01T12:28:35.223Z] [LOG] {
  "screen": "UserDashboard",
  "event": "LOGGED_USER_FETCHED",
  "hasUser": true,
  "empNo": "UNKNOWN",
  "timestamp": "2026-09-01T12:28:35.223Z"
}
1/9/2026, 5:58:35 pm | [2026-09-01T12:28:35.368Z] [LOG] {
  "screen": "UserDashboard",
  "event": "EMPLOYEE_DATA_LOADED",
  "empNo": "117",
  "branch": "Eluru",
  "designation": "Branch Manager",
  "timestamp": "2026-09-01T12:28:35.367Z"
}
1/9/2026, 5:58:35 pm | [2026-09-01T12:28:35.488Z] [LOG] {
  "screen": "UserDashboard",
  "event": "LAST_SUBMISSION_LOADED",
  "previousDayAmount": 5400000,
  "previousDaySubmittedAt": "2026-08-31 18:42:13",
  "formattedPreviousDayTime": "31/8/2026, 6:42 pm",
  "empNo": "",
  "timestamp": "2026-09-01T12:28:35.488Z"
}
1/9/2026, 5:58:35 pm | [2026-09-01T12:28:35.577Z] [LOG] {
  "screen": "UserDashboard",
  "event": "LOADING_COMPLETED",
  "empNo": "UNKNOWN",
  "timestamp": "2026-09-01T12:28:35.577Z"
}
1/9/2026, 5:58:40 pm | [2026-09-01T12:28:40.602Z] [LOG] {
  "screen": "UserDashboard",
  "event": "SAVE_BUTTON_CLICKED",
  "empNo": "552",
  "amount": "2300000",
  "isEditing": true,
  "timestamp": "2026-09-01T12:28:40.602Z"
}
1/9/2026, 5:58:41 pm | [2026-09-01T12:28:41.869Z] [LOG] {
  "screen": "UserDashboard",
  "event": "SAVE_CASH_API_STARTED",
  "empNo": "552",
  "amount": "2300000",
  "timestamp": "2026-09-01T12:28:41.869Z"
}
1/9/2026, 5:58:42 pm | [2026-09-01T12:28:42.135Z] [LOG] {
  "screen": "UserDashboard",
  "event": "SAVE_CASH_SUCCESS",
  "empNo": "552",
  "savedAmount": "2300000",
  "savedAt": "2026-09-01T12:28:42.129Z",
  "formattedSaveTime": "5:58 pm",
  "isEditing": true,
  "timestamp": "2026-09-01T12:28:42.135Z"
}
1/9/2026, 5:58:48 pm | [2026-09-01T12:28:48.206Z] [LOG] {
  "screen": "UserDashboard",
  "event": "SAVE_BUTTON_CLICKED",
  "empNo": "117",
  "amount": "3700000",
  "isEditing": false,
  "timestamp": "2026-09-01T12:28:48.206Z"
}
1/9/2026, 5:58:49 pm | [2026-09-01T12:28:49.449Z] [LOG] {
  "screen": "UserDashboard",
  "event": "SAVE_CASH_API_STARTED",
  "empNo": "117",
  "amount": "3700000",
  "timestamp": "2026-09-01T12:28:49.449Z"
}
1/9/2026, 5:58:49 pm | [2026-09-01T12:28:49.727Z] [LOG] {
  "screen": "UserDashboard",
  "event": "SAVE_CASH_SUCCESS",
  "empNo": "117",
  "savedAmount": "3700000",
  "savedAt": "2026-09-01T12:28:49.721Z",
  "formattedSaveTime": "5:58 pm",
  "isEditing": false,
  "timestamp": "2026-09-01T12:28:49.727Z"
}
1/9/2026, 5:58:54 pm | [2026-09-01T12:28:54.142Z] [LOG] {
  "screen": "WelcomeScreen",
  "event": "SCREEN_OPENED",
  "timestamp": "2026-09-01T12:28:54.142Z"
}
1/9/2026, 5:58:54 pm | [2026-09-01T12:28:54.097Z] [LOG] Running "CashClosingApp"
1/9/2026, 5:58:54 pm | [2026-09-01T12:28:54.952Z] [LOG] {
  "screen": "WelcomeScreen",
  "event": "LOGIN_BUTTON_CLICKED",
  "timestamp": "2026-09-01T12:28:54.950Z"
}
1/9/2026, 5:58:54 pm | [2026-09-01T12:28:54.965Z] [LOG] {
  "screen": "LoginScreen",
  "event": "SCREEN_OPENED",
  "timestamp": "2026-09-01T12:28:54.965Z"
}
1/9/2026, 5:58:58 pm | [2026-09-01T12:28:58.535Z] [LOG] {
  "screen": "LoginScreen",
  "event": "LOGIN_BUTTON_CLICKED",
  "timestamp": "2026-09-01T12:28:58.535Z"
}
1/9/2026, 5:58:58 pm | [2026-09-01T12:28:58.536Z] [LOG] {
  "screen": "LoginScreen",
  "event": "LOADING_STARTED",
  "timestamp": "2026-09-01T12:28:58.536Z"
}
1/9/2026, 5:58:59 pm | [2026-09-01T12:28:58.823Z] [LOG] {
  "screen": "LoginScreen",
  "event": "LOGIN_SUCCESS",
  "user": {
    "empNo": "917",
    "employeeName": "Vundavalli Rambabu",
    "branchCode": "45",
    "branchName": "Kankipadu",
    "designation": "Branch Manager"
  },
  "timestamp": "2026-09-01T12:28:58.823Z"
}
1/9/2026, 5:58:59 pm | [2026-09-01T12:28:58.835Z] [LOG] {
  "screen": "LoginScreen",
  "event": "USER_DATA_SAVED",
  "timestamp": "2026-09-01T12:28:58.835Z"
}
1/9/2026, 5:58:59 pm | [2026-09-01T12:28:58.543Z] [LOG] {
  "screen": "LoginScreen",
  "event": "DEVICE_ID_FETCHED",
  "deviceId": "a8480bb3ac923379",
  "timestamp": "2026-09-01T12:28:58.543Z"
}
1/9/2026, 5:58:59 pm | [2026-09-01T12:28:58.543Z] [LOG] {
  "empNo": "",
  "deviceId": "a8480bb3ac923379"
}
1/9/2026, 5:58:59 pm | [2026-09-01T12:28:58.837Z] [LOG] {
  "event": "NAVIGATING_TO_USER"
}
1/9/2026, 5:58:59 pm | [2026-09-01T12:28:58.838Z] [LOG] {
  "screen": "LoginScreen",
  "event": "LOADING_COMPLETED",
  "timestamp": "2026-09-01T12:28:58.838Z"
}
1/9/2026, 5:58:59 pm | [2026-09-01T12:28:58.851Z] [LOG] {
  "screen": "UserDashboard",
  "event": "LOAD_EMPLOYEE_STARTED",
  "empNo": "UNKNOWN",
  "timestamp": "2026-09-01T12:28:58.851Z"
}
1/9/2026, 5:58:59 pm | [2026-09-01T12:28:58.848Z] [LOG] {
  "screen": "UserDashboard",
  "event": "SCREEN_OPENED",
  "empNo": "UNKNOWN",
  "timestamp": "2026-09-01T12:28:58.848Z"
}
1/9/2026, 5:58:59 pm | [2026-09-01T12:28:58.853Z] [LOG] {
  "screen": "UserDashboard",
  "event": "EMPLOYEE_API_STARTED",
  "empNo": "917",
  "timestamp": "2026-09-01T12:28:58.853Z"
}
1/9/2026, 5:58:59 pm | [2026-09-01T12:28:58.852Z] [LOG] {
  "screen": "UserDashboard",
  "event": "LOGGED_USER_FETCHED",
  "hasUser": true,
  "empNo": "UNKNOWN",
  "timestamp": "2026-09-01T12:28:58.852Z"
}
1/9/2026, 5:58:59 pm | [2026-09-01T12:28:58.543Z] [LOG] {
  "screen": "LoginScreen",
  "event": "LOGIN_API_STARTED",
  "deviceId": "a8480bb3ac923379",
  "timestamp": "2026-09-01T12:28:58.543Z"
}
1/9/2026, 5:58:59 pm | [2026-09-01T12:28:59.851Z] [LOG] {
  "screen": "UserDashboard",
  "event": "EMPLOYEE_DATA_LOADED",
  "empNo": "917",
  "branch": "Kankipadu",
  "designation": "Branch Manager",
  "timestamp": "2026-09-01T12:28:59.851Z"
}
1/9/2026, 5:58:59 pm | [2026-09-01T12:29:00.021Z] [LOG] {
  "screen": "UserDashboard",
  "event": "LAST_SUBMISSION_LOADED",
  "previousDayAmount": 320000,
  "previousDaySubmittedAt": "2026-08-31 17:39:54",
  "formattedPreviousDayTime": "31/8/2026, 5:39 pm",
  "empNo": "",
  "timestamp": "2026-09-01T12:29:00.021Z"
}
1/9/2026, 5:59:00 pm | [2026-09-01T12:29:00.103Z] [LOG] {
  "screen": "UserDashboard",
  "event": "LOADING_COMPLETED",
  "empNo": "UNKNOWN",
  "timestamp": "2026-09-01T12:29:00.103Z"
}
1/9/2026, 5:59:02 pm | [2026-09-01T12:29:01.070Z] [LOG] {
  "screen": "WelcomeScreen",
  "event": "SCREEN_OPENED",
  "timestamp": "2026-09-01T12:29:01.070Z"
}
1/9/2026, 5:59:02 pm | [2026-09-01T12:29:00.988Z] [LOG] Running "CashClosingApp"
1/9/2026, 5:59:03 pm | [2026-09-01T12:29:02.774Z] [LOG] {
  "screen": "WelcomeScreen",
  "event": "LOGIN_BUTTON_CLICKED",
  "timestamp": "2026-09-01T12:29:02.774Z"
}
1/9/2026, 5:59:03 pm | [2026-09-01T12:29:02.801Z] [LOG] {
  "screen": "LoginScreen",
  "event": "SCREEN_OPENED",
  "timestamp": "2026-09-01T12:29:02.801Z"
}
1/9/2026, 5:59:07 pm | [2026-09-01T12:29:06.553Z] [LOG] {
  "screen": "LoginScreen",
  "event": "LOADING_STARTED",
  "timestamp": "2026-09-01T12:29:06.553Z"
}
1/9/2026, 5:59:07 pm | [2026-09-01T12:29:06.553Z] [LOG] {
  "screen": "LoginScreen",
  "event": "LOGIN_BUTTON_CLICKED",
  "timestamp": "2026-09-01T12:29:06.553Z"
}
1/9/2026, 5:59:07 pm | [2026-09-01T12:29:06.559Z] [LOG] {
  "empNo": "",
  "deviceId": "9ab88ee8173e3ca2"
}
1/9/2026, 5:59:07 pm | [2026-09-01T12:29:06.559Z] [LOG] {
  "screen": "LoginScreen",
  "event": "LOGIN_API_STARTED",
  "deviceId": "9ab88ee8173e3ca2",
  "timestamp": "2026-09-01T12:29:06.559Z"
}
1/9/2026, 5:59:07 pm | [2026-09-01T12:29:06.737Z] [LOG] {
  "screen": "LoginScreen",
  "event": "LOGIN_SUCCESS",
  "user": {
    "empNo": "187",
    "employeeName": "P. Lakshmi Prasanthi",
    "branchCode": "27",
    "branchName": "Gorantla",
    "designation": "Branch Manager"
  },
  "timestamp": "2026-09-01T12:29:06.737Z"
}
1/9/2026, 5:59:07 pm | [2026-09-01T12:29:06.744Z] [LOG] {
  "screen": "LoginScreen",
  "event": "USER_DATA_SAVED",
  "timestamp": "2026-09-01T12:29:06.744Z"
}
1/9/2026, 5:59:07 pm | [2026-09-01T12:29:06.558Z] [LOG] {
  "screen": "LoginScreen",
  "event": "DEVICE_ID_FETCHED",
  "deviceId": "9ab88ee8173e3ca2",
  "timestamp": "2026-09-01T12:29:06.558Z"
}
1/9/2026, 5:59:07 pm | [2026-09-01T12:29:06.744Z] [LOG] {
  "event": "NAVIGATING_TO_USER"
}
1/9/2026, 5:59:07 pm | [2026-09-01T12:29:06.745Z] [LOG] {
  "screen": "LoginScreen",
  "event": "LOADING_COMPLETED",
  "timestamp": "2026-09-01T12:29:06.745Z"
}
1/9/2026, 5:59:07 pm | [2026-09-01T12:29:06.750Z] [LOG] {
  "screen": "UserDashboard",
  "event": "SCREEN_OPENED",
  "empNo": "UNKNOWN",
  "timestamp": "2026-09-01T12:29:06.750Z"
}
1/9/2026, 5:59:07 pm | [2026-09-01T12:29:06.752Z] [LOG] {
  "screen": "UserDashboard",
  "event": "LOAD_EMPLOYEE_STARTED",
  "empNo": "UNKNOWN",
  "timestamp": "2026-09-01T12:29:06.752Z"
}
1/9/2026, 5:59:07 pm | [2026-09-01T12:29:06.755Z] [LOG] {
  "screen": "UserDashboard",
  "event": "LOGGED_USER_FETCHED",
  "hasUser": true,
  "empNo": "UNKNOWN",
  "timestamp": "2026-09-01T12:29:06.755Z"
}
1/9/2026, 5:59:07 pm | [2026-09-01T12:29:06.756Z] [LOG] {
  "screen": "UserDashboard",
  "event": "EMPLOYEE_API_STARTED",
  "empNo": "187",
  "timestamp": "2026-09-01T12:29:06.756Z"
}
1/9/2026, 5:59:07 pm | [2026-09-01T12:29:06.929Z] [LOG] {
  "screen": "UserDashboard",
  "event": "EMPLOYEE_DATA_LOADED",
  "empNo": "187",
  "branch": "Gorantla",
  "designation": "Branch Manager",
  "timestamp": "2026-09-01T12:29:06.929Z"
}
1/9/2026, 5:59:07 pm | [2026-09-01T12:29:07.076Z] [LOG] {
  "screen": "UserDashboard",
  "event": "LAST_SUBMISSION_LOADED",
  "previousDayAmount": 1600000,
  "previousDaySubmittedAt": "2026-08-31 17:57:11",
  "formattedPreviousDayTime": "31/8/2026, 5:57 pm",
  "empNo": "",
  "timestamp": "2026-09-01T12:29:07.076Z"
}
1/9/2026, 5:59:07 pm | [2026-09-01T12:29:07.122Z] [LOG] {
  "screen": "UserDashboard",
  "event": "LOADING_COMPLETED",
  "empNo": "UNKNOWN",
  "timestamp": "2026-09-01T12:29:07.122Z"
}
1/9/2026, 5:59:08 pm | [2026-09-01T12:29:07.983Z] [LOG] {
  "screen": "UserDashboard",
  "event": "SAVE_BUTTON_CLICKED",
  "empNo": "917",
  "amount": "800000",
  "isEditing": false,
  "timestamp": "2026-09-01T12:29:07.983Z"
}
1/9/2026, 5:59:08 pm | [2026-09-01T12:29:08.940Z] [LOG] {
  "screen": "UserDashboard",
  "event": "SAVE_CASH_SUCCESS",
  "empNo": "917",
  "savedAmount": "800000",
  "savedAt": "2026-09-01T12:29:08.936Z",
  "formattedSaveTime": "5:59 pm",
  "isEditing": false,
  "timestamp": "2026-09-01T12:29:08.940Z"
}
1/9/2026, 5:59:08 pm | [2026-09-01T12:29:08.801Z] [LOG] {
  "screen": "UserDashboard",
  "event": "SAVE_CASH_API_STARTED",
  "empNo": "917",
  "amount": "800000",
  "timestamp": "2026-09-01T12:29:08.801Z"
}
1/9/2026, 5:59:10 pm | [2026-09-01T12:29:10.545Z] [LOG] {
  "screen": "UserDashboard",
  "event": "SAVE_BUTTON_CLICKED",
  "empNo": "917",
  "amount": "800000",
  "isEditing": true,
  "timestamp": "2026-09-01T12:29:10.545Z"
}
1/9/2026, 5:59:11 pm | [2026-09-01T12:29:11.405Z] [LOG] {
  "screen": "UserDashboard",
  "event": "SAVE_CASH_API_STARTED",
  "empNo": "917",
  "amount": "800000",
  "timestamp": "2026-09-01T12:29:11.405Z"
}
1/9/2026, 5:59:11 pm | [2026-09-01T12:29:11.611Z] [LOG] {
  "screen": "UserDashboard",
  "event": "SAVE_CASH_SUCCESS",
  "empNo": "917",
  "savedAmount": "800000",
  "savedAt": "2026-09-01T12:29:11.606Z",
  "formattedSaveTime": "5:59 pm",
  "isEditing": true,
  "timestamp": "2026-09-01T12:29:11.611Z"
}
1/9/2026, 5:59:32 pm | [2026-09-01T12:29:31.739Z] [LOG] {
  "screen": "UserDashboard",
  "event": "SAVE_BUTTON_CLICKED",
  "empNo": "187",
  "amount": "1415000",
  "isEditing": false,
  "timestamp": "2026-09-01T12:29:31.739Z"
}
1/9/2026, 5:59:33 pm | [2026-09-01T12:29:32.830Z] [LOG] {
  "screen": "UserDashboard",
  "event": "SAVE_CASH_API_STARTED",
  "empNo": "187",
  "amount": "1415000",
  "timestamp": "2026-09-01T12:29:32.830Z"
}
1/9/2026, 5:59:33 pm | [2026-09-01T12:29:33.180Z] [LOG] {
  "screen": "UserDashboard",
  "event": "SAVE_CASH_SUCCESS",
  "empNo": "187",
  "savedAmount": "1415000",
  "savedAt": "2026-09-01T12:29:33.165Z",
  "formattedSaveTime": "5:59 pm",
  "isEditing": false,
  "timestamp": "2026-09-01T12:29:33.180Z"
}
1/9/2026, 5:59:37 pm | [2026-09-01T12:29:36.316Z] [LOG] {
  "screen": "UserDashboard",
  "event": "LOGOUT_CLICKED",
  "empNo": "187",
  "timestamp": "2026-09-01T12:29:36.316Z"
}
1/9/2026, 5:59:37 pm | [2026-09-01T12:29:36.333Z] [LOG] {
  "screen": "LoginScreen",
  "event": "SCREEN_OPENED",
  "timestamp": "2026-09-01T12:29:36.333Z"
}
1/9/2026, 6:00:35 pm | [2026-09-01T12:30:34.818Z] [LOG] {
  "screen": "WelcomeScreen",
  "event": "SCREEN_OPENED",
  "timestamp": "2026-09-01T12:30:34.818Z"
}
1/9/2026, 6:00:35 pm | [2026-09-01T12:30:34.694Z] [LOG] Running "CashClosingApp"
1/9/2026, 6:00:36 pm | [2026-09-01T12:30:35.655Z] [LOG] {
  "screen": "WelcomeScreen",
  "event": "LOGIN_BUTTON_CLICKED",
  "timestamp": "2026-09-01T12:30:35.655Z"
}
1/9/2026, 6:00:36 pm | [2026-09-01T12:30:35.712Z] [LOG] {
  "screen": "LoginScreen",
  "event": "SCREEN_OPENED",
  "timestamp": "2026-09-01T12:30:35.712Z"
}
1/9/2026, 6:00:39 pm | [2026-09-01T12:30:38.990Z] [LOG] {
  "screen": "LoginScreen",
  "event": "LOGIN_BUTTON_CLICKED",
  "timestamp": "2026-09-01T12:30:38.989Z"
}
1/9/2026, 6:00:39 pm | [2026-09-01T12:30:38.991Z] [LOG] {
  "screen": "LoginScreen",
  "event": "LOADING_STARTED",
  "timestamp": "2026-09-01T12:30:38.990Z"
}
1/9/2026, 6:00:39 pm | [2026-09-01T12:30:39.121Z] [LOG] {
  "screen": "LoginScreen",
  "event": "LOGIN_SUCCESS",
  "user": {
    "empNo": "459",
    "employeeName": "U Tulasi Rao",
    "branchCode": "41",
    "branchName": "Anakapalli",
    "designation": "Branch Manager"
  },
  "timestamp": "2026-09-01T12:30:39.121Z"
}
1/9/2026, 6:00:39 pm | [2026-09-01T12:30:39.142Z] [LOG] {
  "screen": "LoginScreen",
  "event": "USER_DATA_SAVED",
  "timestamp": "2026-09-01T12:30:39.142Z"
}
1/9/2026, 6:00:39 pm | [2026-09-01T12:30:39.144Z] [LOG] {
  "event": "NAVIGATING_TO_USER"
}
1/9/2026, 6:00:39 pm | [2026-09-01T12:30:39.145Z] [LOG] {
  "screen": "LoginScreen",
  "event": "LOADING_COMPLETED",
  "timestamp": "2026-09-01T12:30:39.145Z"
}
1/9/2026, 6:00:39 pm | [2026-09-01T12:30:39.005Z] [LOG] {
  "screen": "LoginScreen",
  "event": "DEVICE_ID_FETCHED",
  "deviceId": "53f7f8e21c740acd",
  "timestamp": "2026-09-01T12:30:39.004Z"
}
1/9/2026, 6:00:39 pm | [2026-09-01T12:30:39.006Z] [LOG] {
  "screen": "LoginScreen",
  "event": "LOGIN_API_STARTED",
  "deviceId": "53f7f8e21c740acd",
  "timestamp": "2026-09-01T12:30:39.006Z"
}
1/9/2026, 6:00:39 pm | [2026-09-01T12:30:39.005Z] [LOG] {
  "empNo": "",
  "deviceId": "53f7f8e21c740acd"
}
1/9/2026, 6:00:39 pm | [2026-09-01T12:30:39.153Z] [LOG] {
  "screen": "UserDashboard",
  "event": "SCREEN_OPENED",
  "empNo": "UNKNOWN",
  "timestamp": "2026-09-01T12:30:39.153Z"
}
1/9/2026, 6:00:39 pm | [2026-09-01T12:30:39.156Z] [LOG] {
  "screen": "UserDashboard",
  "event": "LOAD_EMPLOYEE_STARTED",
  "empNo": "UNKNOWN",
  "timestamp": "2026-09-01T12:30:39.156Z"
}
1/9/2026, 6:00:39 pm | [2026-09-01T12:30:39.159Z] [LOG] {
  "screen": "UserDashboard",
  "event": "EMPLOYEE_API_STARTED",
  "empNo": "459",
  "timestamp": "2026-09-01T12:30:39.159Z"
}
1/9/2026, 6:00:39 pm | [2026-09-01T12:30:39.158Z] [LOG] {
  "screen": "UserDashboard",
  "event": "LOGGED_USER_FETCHED",
  "hasUser": true,
  "empNo": "UNKNOWN",
  "timestamp": "2026-09-01T12:30:39.158Z"
}
1/9/2026, 6:00:39 pm | [2026-09-01T12:30:39.359Z] [LOG] {
  "screen": "UserDashboard",
  "event": "EMPLOYEE_DATA_LOADED",
  "empNo": "459",
  "branch": "Anakapalli",
  "designation": "Branch Manager",
  "timestamp": "2026-09-01T12:30:39.359Z"
}
1/9/2026, 6:00:39 pm | [2026-09-01T12:30:39.483Z] [LOG] {
  "screen": "UserDashboard",
  "event": "LAST_SUBMISSION_LOADED",
  "previousDayAmount": 1400000,
  "previousDaySubmittedAt": "2026-08-31 18:10:40",
  "formattedPreviousDayTime": "31/8/2026, 6:10 pm",
  "empNo": "",
  "timestamp": "2026-09-01T12:30:39.483Z"
}
1/9/2026, 6:00:39 pm | [2026-09-01T12:30:39.551Z] [LOG] {
  "screen": "UserDashboard",
  "event": "LOADING_COMPLETED",
  "empNo": "UNKNOWN",
  "timestamp": "2026-09-01T12:30:39.551Z"
}
1/9/2026, 6:00:47 pm | [2026-09-01T12:30:46.523Z] [LOG] {
  "screen": "UserDashboard",
  "event": "SAVE_BUTTON_CLICKED",
  "empNo": "459",
  "amount": "500000",
  "isEditing": false,
  "timestamp": "2026-09-01T12:30:46.523Z"
}
1/9/2026, 6:00:47 pm | [2026-09-01T12:30:47.559Z] [LOG] {
  "screen": "UserDashboard",
  "event": "SAVE_CASH_API_STARTED",
  "empNo": "459",
  "amount": "500000",
  "timestamp": "2026-09-01T12:30:47.559Z"
}
1/9/2026, 6:00:48 pm | [2026-09-01T12:30:47.831Z] [LOG] {
  "screen": "UserDashboard",
  "event": "SAVE_CASH_SUCCESS",
  "empNo": "459",
  "savedAmount": "500000",
  "savedAt": "2026-09-01T12:30:47.824Z",
  "formattedSaveTime": "6:00 pm",
  "isEditing": false,
  "timestamp": "2026-09-01T12:30:47.831Z"
}
1/9/2026, 6:00:50 pm | [2026-09-01T12:30:49.641Z] [LOG] {
  "screen": "UserDashboard",
  "event": "SAVE_BUTTON_CLICKED",
  "empNo": "459",
  "amount": "500000",
  "isEditing": true,
  "timestamp": "2026-09-01T12:30:49.640Z"
}
1/9/2026, 6:00:50 pm | [2026-09-01T12:30:50.392Z] [LOG] {
  "screen": "UserDashboard",
  "event": "SAVE_CASH_API_STARTED",
  "empNo": "459",
  "amount": "500000",
  "timestamp": "2026-09-01T12:30:50.392Z"
}
1/9/2026, 6:00:50 pm | [2026-09-01T12:30:50.483Z] [LOG] {
  "screen": "UserDashboard",
  "event": "SAVE_CASH_SUCCESS",
  "empNo": "459",
  "savedAmount": "500000",
  "savedAt": "2026-09-01T12:30:50.474Z",
  "formattedSaveTime": "6:00 pm",
  "isEditing": true,
  "timestamp": "2026-09-01T12:30:50.482Z"
}
1/9/2026, 6:01:09 pm | [2026-09-01T12:31:06.200Z] [LOG] {
  "screen": "WelcomeScreen",
  "event": "LOGIN_BUTTON_CLICKED",
  "timestamp": "2026-09-01T12:31:06.197Z"
}
1/9/2026, 6:01:09 pm | [2026-09-01T12:31:06.248Z] [LOG] {
  "screen": "LoginScreen",
  "event": "SCREEN_OPENED",
  "timestamp": "2026-09-01T12:31:06.248Z"
}
1/9/2026, 6:01:11 pm | [2026-09-01T12:31:11.982Z] [LOG] {
  "screen": "LoginScreen",
  "event": "LOADING_STARTED",
  "timestamp": "2026-09-01T12:31:11.982Z"
}
1/9/2026, 6:01:11 pm | [2026-09-01T12:31:11.980Z] [LOG] {
  "screen": "LoginScreen",
  "event": "LOGIN_BUTTON_CLICKED",
  "timestamp": "2026-09-01T12:31:11.980Z"
}
1/9/2026, 6:01:11 pm | [2026-09-01T12:31:12.232Z] [LOG] {
  "screen": "LoginScreen",
  "event": "USER_DATA_SAVED",
  "timestamp": "2026-09-01T12:31:12.232Z"
}
1/9/2026, 6:01:11 pm | [2026-09-01T12:31:12.221Z] [LOG] {
  "screen": "LoginScreen",
  "event": "LOGIN_SUCCESS",
  "user": {
    "empNo": "384",
    "employeeName": "A.Appala Naidu",
    "branchCode": "38",
    "branchName": "Gajuwaka",
    "designation": "Branch Manager"
  },
  "timestamp": "2026-09-01T12:31:12.221Z"
}
1/9/2026, 6:01:11 pm | [2026-09-01T12:31:11.997Z] [LOG] {
  "screen": "LoginScreen",
  "event": "LOGIN_API_STARTED",
  "deviceId": "f1625a11faead83a",
  "timestamp": "2026-09-01T12:31:11.997Z"
}
1/9/2026, 6:01:11 pm | [2026-09-01T12:31:11.996Z] [LOG] {
  "empNo": "",
  "deviceId": "f1625a11faead83a"
}
1/9/2026, 6:01:11 pm | [2026-09-01T12:31:11.996Z] [LOG] {
  "screen": "LoginScreen",
  "event": "DEVICE_ID_FETCHED",
  "deviceId": "f1625a11faead83a",
  "timestamp": "2026-09-01T12:31:11.996Z"
}
1/9/2026, 6:01:11 pm | [2026-09-01T12:31:12.236Z] [LOG] {
  "event": "NAVIGATING_TO_USER"
}
1/9/2026, 6:01:11 pm | [2026-09-01T12:31:12.237Z] [LOG] {
  "screen": "LoginScreen",
  "event": "LOADING_COMPLETED",
  "timestamp": "2026-09-01T12:31:12.237Z"
}
1/9/2026, 6:01:11 pm | [2026-09-01T12:31:12.251Z] [LOG] {
  "screen": "UserDashboard",
  "event": "SCREEN_OPENED",
  "empNo": "UNKNOWN",
  "timestamp": "2026-09-01T12:31:12.251Z"
}
1/9/2026, 6:01:11 pm | [2026-09-01T12:31:12.255Z] [LOG] {
  "screen": "UserDashboard",
  "event": "LOGGED_USER_FETCHED",
  "hasUser": true,
  "empNo": "UNKNOWN",
  "timestamp": "2026-09-01T12:31:12.255Z"
}
1/9/2026, 6:01:11 pm | [2026-09-01T12:31:12.252Z] [LOG] {
  "screen": "UserDashboard",
  "event": "LOAD_EMPLOYEE_STARTED",
  "empNo": "UNKNOWN",
  "timestamp": "2026-09-01T12:31:12.252Z"
}
1/9/2026, 6:01:11 pm | [2026-09-01T12:31:12.255Z] [LOG] {
  "screen": "UserDashboard",
  "event": "EMPLOYEE_API_STARTED",
  "empNo": "384",
  "timestamp": "2026-09-01T12:31:12.255Z"
}
1/9/2026, 6:01:12 pm | [2026-09-01T12:31:12.491Z] [LOG] {
  "screen": "UserDashboard",
  "event": "EMPLOYEE_DATA_LOADED",
  "empNo": "384",
  "branch": "Gajuwaka",
  "designation": "Branch Manager",
  "timestamp": "2026-09-01T12:31:12.491Z"
}
1/9/2026, 6:01:12 pm | [2026-09-01T12:31:12.688Z] [LOG] {
  "screen": "UserDashboard",
  "event": "LAST_SUBMISSION_LOADED",
  "previousDayAmount": 850000,
  "previousDaySubmittedAt": "2026-08-31 17:54:57",
  "formattedPreviousDayTime": "31/8/2026, 5:54 pm",
  "empNo": "",
  "timestamp": "2026-09-01T12:31:12.688Z"
}
1/9/2026, 6:01:12 pm | [2026-09-01T12:31:12.818Z] [LOG] {
  "screen": "UserDashboard",
  "event": "LOADING_COMPLETED",
  "empNo": "UNKNOWN",
  "timestamp": "2026-09-01T12:31:12.818Z"
}
1/9/2026, 6:01:24 pm | [2026-09-01T12:31:24.966Z] [LOG] {
  "screen": "UserDashboard",
  "event": "SAVE_BUTTON_CLICKED",
  "empNo": "384",
  "amount": "750000",
  "isEditing": false,
  "timestamp": "2026-09-01T12:31:24.966Z"
}
1/9/2026, 6:01:25 pm | [2026-09-01T12:31:26.122Z] [LOG] {
  "screen": "UserDashboard",
  "event": "SAVE_CASH_API_STARTED",
  "empNo": "384",
  "amount": "750000",
  "timestamp": "2026-09-01T12:31:26.122Z"
}
1/9/2026, 6:01:26 pm | [2026-09-01T12:31:26.453Z] [LOG] {
  "screen": "UserDashboard",
  "event": "SAVE_CASH_SUCCESS",
  "empNo": "384",
  "savedAmount": "750000",
  "savedAt": "2026-09-01T12:31:26.441Z",
  "formattedSaveTime": "6:01 pm",
  "isEditing": false,
  "timestamp": "2026-09-01T12:31:26.452Z"
}
1/9/2026, 6:07:04 pm | [2026-09-01T12:37:04.480Z] [LOG] Running "CashClosingApp"
1/9/2026, 6:07:04 pm | [2026-09-01T12:37:04.585Z] [LOG] {
  "screen": "WelcomeScreen",
  "event": "SCREEN_OPENED",
  "timestamp": "2026-09-01T12:37:04.585Z"
}
1/9/2026, 6:07:06 pm | [2026-09-01T12:37:07.018Z] [LOG] {
  "screen": "WelcomeScreen",
  "event": "LOGIN_BUTTON_CLICKED",
  "timestamp": "2026-09-01T12:37:07.018Z"
}
1/9/2026, 6:07:06 pm | [2026-09-01T12:37:07.057Z] [LOG] {
  "screen": "LoginScreen",
  "event": "SCREEN_OPENED",
  "timestamp": "2026-09-01T12:37:07.057Z"
}
1/9/2026, 6:07:09 pm | [2026-09-01T12:37:10.075Z] [LOG] {
  "screen": "LoginScreen",
  "event": "LOGIN_BUTTON_CLICKED",
  "timestamp": "2026-09-01T12:37:10.075Z"
}
1/9/2026, 6:07:09 pm | [2026-09-01T12:37:10.076Z] [LOG] {
  "screen": "LoginScreen",
  "event": "LOADING_STARTED",
  "timestamp": "2026-09-01T12:37:10.076Z"
}
1/9/2026, 6:07:10 pm | [2026-09-01T12:37:10.166Z] [LOG] {
  "screen": "LoginScreen",
  "event": "LOGIN_SUCCESS",
  "user": {
    "empNo": "485",
    "employeeName": "J Narasimha Rao",
    "branchCode": "24",
    "branchName": "Gampalagudem",
    "designation": "Branch Manager"
  },
  "timestamp": "2026-09-01T12:37:10.166Z"
}
1/9/2026, 6:07:10 pm | [2026-09-01T12:37:10.172Z] [LOG] {
  "screen": "LoginScreen",
  "event": "USER_DATA_SAVED",
  "timestamp": "2026-09-01T12:37:10.171Z"
}
1/9/2026, 6:07:10 pm | [2026-09-01T12:37:10.172Z] [LOG] {
  "event": "NAVIGATING_TO_USER"
}
1/9/2026, 6:07:10 pm | [2026-09-01T12:37:10.173Z] [LOG] {
  "screen": "LoginScreen",
  "event": "LOADING_COMPLETED",
  "timestamp": "2026-09-01T12:37:10.173Z"
}
1/9/2026, 6:07:10 pm | [2026-09-01T12:37:10.082Z] [LOG] {
  "screen": "LoginScreen",
  "event": "DEVICE_ID_FETCHED",
  "deviceId": "98383a37d59d3519",
  "timestamp": "2026-09-01T12:37:10.082Z"
}
1/9/2026, 6:07:10 pm | [2026-09-01T12:37:10.082Z] [LOG] {
  "screen": "LoginScreen",
  "event": "LOGIN_API_STARTED",
  "deviceId": "98383a37d59d3519",
  "timestamp": "2026-09-01T12:37:10.082Z"
}
1/9/2026, 6:07:10 pm | [2026-09-01T12:37:10.082Z] [LOG] {
  "empNo": "",
  "deviceId": "98383a37d59d3519"
}
1/9/2026, 6:07:10 pm | [2026-09-01T12:37:10.184Z] [LOG] {
  "screen": "UserDashboard",
  "event": "SCREEN_OPENED",
  "empNo": "UNKNOWN",
  "timestamp": "2026-09-01T12:37:10.184Z"
}
1/9/2026, 6:07:10 pm | [2026-09-01T12:37:10.184Z] [LOG] {
  "screen": "UserDashboard",
  "event": "LOAD_EMPLOYEE_STARTED",
  "empNo": "UNKNOWN",
  "timestamp": "2026-09-01T12:37:10.184Z"
}
1/9/2026, 6:07:10 pm | [2026-09-01T12:37:10.186Z] [LOG] {
  "screen": "UserDashboard",
  "event": "LOGGED_USER_FETCHED",
  "hasUser": true,
  "empNo": "UNKNOWN",
  "timestamp": "2026-09-01T12:37:10.186Z"
}
1/9/2026, 6:07:10 pm | [2026-09-01T12:37:10.187Z] [LOG] {
  "screen": "UserDashboard",
  "event": "EMPLOYEE_API_STARTED",
  "empNo": "485",
  "timestamp": "2026-09-01T12:37:10.187Z"
}
1/9/2026, 6:07:10 pm | [2026-09-01T12:37:10.299Z] [LOG] {
  "screen": "UserDashboard",
  "event": "EMPLOYEE_DATA_LOADED",
  "empNo": "485",
  "branch": "Gampalagudem",
  "designation": "Branch Manager",
  "timestamp": "2026-09-01T12:37:10.299Z"
}
1/9/2026, 6:07:10 pm | [2026-09-01T12:37:10.413Z] [LOG] {
  "screen": "UserDashboard",
  "event": "LAST_SUBMISSION_LOADED",
  "previousDayAmount": 400000,
  "previousDaySubmittedAt": "2026-08-31 17:52:06",
  "formattedPreviousDayTime": "31/8/2026, 5:52 pm",
  "empNo": "",
  "timestamp": "2026-09-01T12:37:10.413Z"
}
1/9/2026, 6:07:10 pm | [2026-09-01T12:37:10.464Z] [LOG] {
  "screen": "UserDashboard",
  "event": "LOADING_COMPLETED",
  "empNo": "UNKNOWN",
  "timestamp": "2026-09-01T12:37:10.464Z"
}
1/9/2026, 6:07:21 pm | [2026-09-01T12:37:21.112Z] [LOG] {
  "screen": "UserDashboard",
  "event": "SAVE_BUTTON_CLICKED",
  "empNo": "485",
  "amount": "800000",
  "isEditing": false,
  "timestamp": "2026-09-01T12:37:21.112Z"
}
1/9/2026, 6:07:21 pm | [2026-09-01T12:37:22.003Z] [LOG] {
  "screen": "UserDashboard",
  "event": "SAVE_CASH_SUCCESS",
  "empNo": "485",
  "savedAmount": "800000",
  "savedAt": "2026-09-01T12:37:22.000Z",
  "formattedSaveTime": "6:07 pm",
  "isEditing": false,
  "timestamp": "2026-09-01T12:37:22.003Z"
}
1/9/2026, 6:07:21 pm | [2026-09-01T12:37:21.920Z] [LOG] {
  "screen": "UserDashboard",
  "event": "SAVE_CASH_API_STARTED",
  "empNo": "485",
  "amount": "800000",
  "timestamp": "2026-09-01T12:37:21.920Z"
}
1/9/2026, 6:10:42 pm | [2026-09-01T12:40:41.899Z] [LOG] Running "CashClosingApp"
1/9/2026, 6:10:42 pm | [2026-09-01T12:40:41.974Z] [LOG] {
  "screen": "WelcomeScreen",
  "event": "SCREEN_OPENED",
  "timestamp": "2026-09-01T12:40:41.974Z"
}
1/9/2026, 6:10:42 pm | [2026-09-01T12:40:42.751Z] [LOG] {
  "screen": "WelcomeScreen",
  "event": "LOGIN_BUTTON_CLICKED",
  "timestamp": "2026-09-01T12:40:42.751Z"
}
1/9/2026, 6:10:42 pm | [2026-09-01T12:40:42.775Z] [LOG] {
  "screen": "LoginScreen",
  "event": "SCREEN_OPENED",
  "timestamp": "2026-09-01T12:40:42.775Z"
}
1/9/2026, 6:10:45 pm | [2026-09-01T12:40:45.799Z] [LOG] {
  "screen": "LoginScreen",
  "event": "LOGIN_BUTTON_CLICKED",
  "timestamp": "2026-09-01T12:40:45.799Z"
}
1/9/2026, 6:10:45 pm | [2026-09-01T12:40:45.799Z] [LOG] {
  "screen": "LoginScreen",
  "event": "LOADING_STARTED",
  "timestamp": "2026-09-01T12:40:45.799Z"
}
1/9/2026, 6:10:45 pm | [2026-09-01T12:40:46.003Z] [LOG] {
  "screen": "LoginScreen",
  "event": "LOGIN_SUCCESS",
  "user": {
    "empNo": "282",
    "employeeName": "S. Yesu Babu",
    "branchCode": "5",
    "branchName": "Jangareddygudem",
    "designation": "Branch Manager"
  },
  "timestamp": "2026-09-01T12:40:46.003Z"
}
1/9/2026, 6:10:45 pm | [2026-09-01T12:40:46.009Z] [LOG] {
  "screen": "LoginScreen",
  "event": "USER_DATA_SAVED",
  "timestamp": "2026-09-01T12:40:46.008Z"
}
1/9/2026, 6:10:45 pm | [2026-09-01T12:40:46.010Z] [LOG] {
  "event": "NAVIGATING_TO_USER"
}
1/9/2026, 6:10:45 pm | [2026-09-01T12:40:46.010Z] [LOG] {
  "screen": "LoginScreen",
  "event": "LOADING_COMPLETED",
  "timestamp": "2026-09-01T12:40:46.010Z"
}
1/9/2026, 6:10:45 pm | [2026-09-01T12:40:45.804Z] [LOG] {
  "screen": "LoginScreen",
  "event": "DEVICE_ID_FETCHED",
  "deviceId": "4405d0fdd72975ca",
  "timestamp": "2026-09-01T12:40:45.804Z"
}
1/9/2026, 6:10:45 pm | [2026-09-01T12:40:45.804Z] [LOG] {
  "empNo": "",
  "deviceId": "4405d0fdd72975ca"
}
1/9/2026, 6:10:45 pm | [2026-09-01T12:40:46.017Z] [LOG] {
  "screen": "UserDashboard",
  "event": "LOAD_EMPLOYEE_STARTED",
  "empNo": "UNKNOWN",
  "timestamp": "2026-09-01T12:40:46.017Z"
}
1/9/2026, 6:10:45 pm | [2026-09-01T12:40:45.804Z] [LOG] {
  "screen": "LoginScreen",
  "event": "LOGIN_API_STARTED",
  "deviceId": "4405d0fdd72975ca",
  "timestamp": "2026-09-01T12:40:45.804Z"
}
1/9/2026, 6:10:45 pm | [2026-09-01T12:40:46.017Z] [LOG] {
  "screen": "UserDashboard",
  "event": "SCREEN_OPENED",
  "empNo": "UNKNOWN",
  "timestamp": "2026-09-01T12:40:46.017Z"
}
1/9/2026, 6:10:46 pm | [2026-09-01T12:40:46.020Z] [LOG] {
  "screen": "UserDashboard",
  "event": "LOGGED_USER_FETCHED",
  "hasUser": true,
  "empNo": "UNKNOWN",
  "timestamp": "2026-09-01T12:40:46.020Z"
}
1/9/2026, 6:10:46 pm | [2026-09-01T12:40:46.020Z] [LOG] {
  "screen": "UserDashboard",
  "event": "EMPLOYEE_API_STARTED",
  "empNo": "282",
  "timestamp": "2026-09-01T12:40:46.020Z"
}
1/9/2026, 6:10:46 pm | [2026-09-01T12:40:46.213Z] [LOG] {
  "screen": "UserDashboard",
  "event": "EMPLOYEE_DATA_LOADED",
  "empNo": "282",
  "branch": "Jangareddygudem",
  "designation": "Branch Manager",
  "timestamp": "2026-09-01T12:40:46.213Z"
}
1/9/2026, 6:10:46 pm | [2026-09-01T12:40:46.306Z] [LOG] {
  "screen": "UserDashboard",
  "event": "LAST_SUBMISSION_LOADED",
  "previousDayAmount": 2400000,
  "previousDaySubmittedAt": "2026-08-31 17:58:12",
  "formattedPreviousDayTime": "31/8/2026, 5:58 pm",
  "empNo": "",
  "timestamp": "2026-09-01T12:40:46.306Z"
}
1/9/2026, 6:10:46 pm | [2026-09-01T12:40:46.481Z] [LOG] {
  "screen": "UserDashboard",
  "event": "LOADING_COMPLETED",
  "empNo": "UNKNOWN",
  "timestamp": "2026-09-01T12:40:46.481Z"
}
1/9/2026, 6:10:53 pm | [2026-09-01T12:40:53.330Z] [LOG] {
  "screen": "UserDashboard",
  "event": "SAVE_BUTTON_CLICKED",
  "empNo": "282",
  "amount": "2800000",
  "isEditing": false,
  "timestamp": "2026-09-01T12:40:53.330Z"
}
1/9/2026, 6:10:54 pm | [2026-09-01T12:40:54.167Z] [LOG] {
  "screen": "UserDashboard",
  "event": "SAVE_CASH_API_STARTED",
  "empNo": "282",
  "amount": "2800000",
  "timestamp": "2026-09-01T12:40:54.167Z"
}
1/9/2026, 6:10:54 pm | [2026-09-01T12:40:54.500Z] [LOG] {
  "screen": "UserDashboard",
  "event": "SAVE_CASH_SUCCESS",
  "empNo": "282",
  "savedAmount": "2800000",
  "savedAt": "2026-09-01T12:40:54.496Z",
  "formattedSaveTime": "6:10 pm",
  "isEditing": false,
  "timestamp": "2026-09-01T12:40:54.499Z"
}
1/9/2026, 6:10:55 pm | [2026-09-01T12:40:55.875Z] [LOG] {
  "screen": "UserDashboard",
  "event": "SAVE_BUTTON_CLICKED",
  "empNo": "282",
  "amount": "2800000",
  "isEditing": true,
  "timestamp": "2026-09-01T12:40:55.875Z"
}
1/9/2026, 6:10:56 pm | [2026-09-01T12:40:56.602Z] [LOG] {
  "screen": "UserDashboard",
  "event": "SAVE_CASH_API_STARTED",
  "empNo": "282",
  "amount": "2800000",
  "timestamp": "2026-09-01T12:40:56.602Z"
}
1/9/2026, 6:10:56 pm | [2026-09-01T12:40:56.890Z] [LOG] {
  "screen": "UserDashboard",
  "event": "SAVE_CASH_SUCCESS",
  "empNo": "282",
  "savedAmount": "2800000",
  "savedAt": "2026-09-01T12:40:56.885Z",
  "formattedSaveTime": "6:10 pm",
  "isEditing": true,
  "timestamp": "2026-09-01T12:40:56.890Z"
}
1/9/2026, 6:10:59 pm | [2026-09-01T12:40:59.336Z] [LOG] {
  "screen": "UserDashboard",
  "event": "SAVE_BUTTON_CLICKED",
  "empNo": "282",
  "amount": "2800000",
  "isEditing": true,
  "timestamp": "2026-09-01T12:40:59.335Z"
}
1/9/2026, 6:10:59 pm | [2026-09-01T12:41:00.104Z] [LOG] {
  "screen": "UserDashboard",
  "event": "SAVE_CASH_API_STARTED",
  "empNo": "282",
  "amount": "2800000",
  "timestamp": "2026-09-01T12:41:00.104Z"
}
1/9/2026, 6:11:00 pm | [2026-09-01T12:41:00.194Z] [LOG] {
  "screen": "UserDashboard",
  "event": "SAVE_CASH_SUCCESS",
  "empNo": "282",
  "savedAmount": "2800000",
  "savedAt": "2026-09-01T12:41:00.189Z",
  "formattedSaveTime": "6:11 pm",
  "isEditing": true,
  "timestamp": "2026-09-01T12:41:00.193Z"
}
1/9/2026, 6:12:53 pm | [2026-09-01T12:42:50.363Z] [LOG] {
  "screen": "WelcomeScreen",
  "event": "LOGIN_BUTTON_CLICKED",
  "timestamp": "2026-09-01T12:42:50.360Z"
}
1/9/2026, 6:12:53 pm | [2026-09-01T12:42:50.386Z] [LOG] {
  "screen": "LoginScreen",
  "event": "SCREEN_OPENED",
  "timestamp": "2026-09-01T12:42:50.386Z"
}
1/9/2026, 6:12:54 pm | [2026-09-01T12:42:54.126Z] [LOG] {
  "screen": "LoginScreen",
  "event": "LOADING_STARTED",
  "timestamp": "2026-09-01T12:42:54.125Z"
}
1/9/2026, 6:12:54 pm | [2026-09-01T12:42:54.125Z] [LOG] {
  "screen": "LoginScreen",
  "event": "LOGIN_BUTTON_CLICKED",
  "timestamp": "2026-09-01T12:42:54.125Z"
}
1/9/2026, 6:12:54 pm | [2026-09-01T12:42:54.310Z] [LOG] {
  "screen": "LoginScreen",
  "event": "LOGIN_SUCCESS",
  "user": {
    "empNo": "917",
    "employeeName": "Vundavalli Rambabu",
    "branchCode": "45",
    "branchName": "Kankipadu",
    "designation": "Branch Manager"
  },
  "timestamp": "2026-09-01T12:42:54.310Z"
}
1/9/2026, 6:12:54 pm | [2026-09-01T12:42:54.320Z] [LOG] {
  "screen": "LoginScreen",
  "event": "USER_DATA_SAVED",
  "timestamp": "2026-09-01T12:42:54.320Z"
}
1/9/2026, 6:12:54 pm | [2026-09-01T12:42:54.136Z] [LOG] {
  "screen": "LoginScreen",
  "event": "LOGIN_API_STARTED",
  "deviceId": "a8480bb3ac923379",
  "timestamp": "2026-09-01T12:42:54.136Z"
}
1/9/2026, 6:12:54 pm | [2026-09-01T12:42:54.134Z] [LOG] {
  "screen": "LoginScreen",
  "event": "DEVICE_ID_FETCHED",
  "deviceId": "a8480bb3ac923379",
  "timestamp": "2026-09-01T12:42:54.134Z"
}
1/9/2026, 6:12:54 pm | [2026-09-01T12:42:54.321Z] [LOG] {
  "event": "NAVIGATING_TO_USER"
}
1/9/2026, 6:12:54 pm | [2026-09-01T12:42:54.322Z] [LOG] {
  "screen": "LoginScreen",
  "event": "LOADING_COMPLETED",
  "timestamp": "2026-09-01T12:42:54.322Z"
}
1/9/2026, 6:12:54 pm | [2026-09-01T12:42:54.333Z] [LOG] {
  "screen": "UserDashboard",
  "event": "SCREEN_OPENED",
  "empNo": "UNKNOWN",
  "timestamp": "2026-09-01T12:42:54.333Z"
}
1/9/2026, 6:12:54 pm | [2026-09-01T12:42:54.135Z] [LOG] {
  "empNo": "",
  "deviceId": "a8480bb3ac923379"
}
1/9/2026, 6:12:54 pm | [2026-09-01T12:42:54.337Z] [LOG] {
  "screen": "UserDashboard",
  "event": "LOGGED_USER_FETCHED",
  "hasUser": true,
  "empNo": "UNKNOWN",
  "timestamp": "2026-09-01T12:42:54.337Z"
}
1/9/2026, 6:12:54 pm | [2026-09-01T12:42:54.334Z] [LOG] {
  "screen": "UserDashboard",
  "event": "LOAD_EMPLOYEE_STARTED",
  "empNo": "UNKNOWN",
  "timestamp": "2026-09-01T12:42:54.334Z"
}
1/9/2026, 6:12:54 pm | [2026-09-01T12:42:54.338Z] [LOG] {
  "screen": "UserDashboard",
  "event": "EMPLOYEE_API_STARTED",
  "empNo": "917",
  "timestamp": "2026-09-01T12:42:54.338Z"
}
1/9/2026, 6:12:54 pm | [2026-09-01T12:42:54.617Z] [LOG] {
  "screen": "UserDashboard",
  "event": "EMPLOYEE_DATA_LOADED",
  "empNo": "917",
  "branch": "Kankipadu",
  "designation": "Branch Manager",
  "timestamp": "2026-09-01T12:42:54.617Z"
}
1/9/2026, 6:12:54 pm | [2026-09-01T12:42:55.020Z] [LOG] {
  "screen": "UserDashboard",
  "event": "LAST_SUBMISSION_LOADED",
  "previousDayAmount": 320000,
  "previousDaySubmittedAt": "2026-08-31 17:39:54",
  "formattedPreviousDayTime": "31/8/2026, 5:39 pm",
  "empNo": "",
  "timestamp": "2026-09-01T12:42:55.020Z"
}
1/9/2026, 6:12:55 pm | [2026-09-01T12:42:55.130Z] [LOG] {
  "screen": "UserDashboard",
  "event": "TODAY_CASH_LOADED",
  "todayAmount": 800000,
  "todayModifiedAt": "2026-09-01 17:59:11",
  "formattedTodayTime": "5:59 pm",
  "empNo": "",
  "timestamp": "2026-09-01T12:42:55.129Z"
}
1/9/2026, 6:12:55 pm | [2026-09-01T12:42:55.130Z] [LOG] {
  "screen": "UserDashboard",
  "event": "LOADING_COMPLETED",
  "empNo": "UNKNOWN",
  "timestamp": "2026-09-01T12:42:55.130Z"
}
1/9/2026, 6:18:04 pm | [2026-09-01T12:48:04.288Z] [LOG] {
  "screen": "LoginScreen",
  "event": "SCREEN_OPENED",
  "timestamp": "2026-09-01T12:48:04.288Z"
}
1/9/2026, 6:18:04 pm | [2026-09-01T12:48:04.255Z] [LOG] {
  "screen": "WelcomeScreen",
  "event": "LOGIN_BUTTON_CLICKED",
  "timestamp": "2026-09-01T12:48:04.254Z"
}
1/9/2026, 6:18:08 pm | [2026-09-01T12:48:08.187Z] [LOG] {
  "screen": "LoginScreen",
  "event": "LOGIN_BUTTON_CLICKED",
  "timestamp": "2026-09-01T12:48:08.187Z"
}
1/9/2026, 6:18:08 pm | [2026-09-01T12:48:08.189Z] [LOG] {
  "screen": "LoginScreen",
  "event": "LOADING_STARTED",
  "timestamp": "2026-09-01T12:48:08.189Z"
}
1/9/2026, 6:18:08 pm | [2026-09-01T12:48:08.349Z] [LOG] {
  "screen": "LoginScreen",
  "event": "LOGIN_SUCCESS",
  "user": {
    "empNo": "860",
    "employeeName": "B Prasada Rao",
    "branchCode": "50",
    "branchName": "Duvvada",
    "designation": "Branch Manager"
  },
  "timestamp": "2026-09-01T12:48:08.349Z"
}
1/9/2026, 6:18:08 pm | [2026-09-01T12:48:08.359Z] [LOG] {
  "screen": "LoginScreen",
  "event": "USER_DATA_SAVED",
  "timestamp": "2026-09-01T12:48:08.359Z"
}
1/9/2026, 6:18:08 pm | [2026-09-01T12:48:08.200Z] [LOG] {
  "screen": "LoginScreen",
  "event": "DEVICE_ID_FETCHED",
  "deviceId": "ba25439295ea5d5f",
  "timestamp": "2026-09-01T12:48:08.200Z"
}
1/9/2026, 6:18:08 pm | [2026-09-01T12:48:08.201Z] [LOG] {
  "screen": "LoginScreen",
  "event": "LOGIN_API_STARTED",
  "deviceId": "ba25439295ea5d5f",
  "timestamp": "2026-09-01T12:48:08.201Z"
}
1/9/2026, 6:18:08 pm | [2026-09-01T12:48:08.201Z] [LOG] {
  "empNo": "",
  "deviceId": "ba25439295ea5d5f"
}
1/9/2026, 6:18:08 pm | [2026-09-01T12:48:08.360Z] [LOG] {
  "event": "NAVIGATING_TO_USER"
}
1/9/2026, 6:18:08 pm | [2026-09-01T12:48:08.361Z] [LOG] {
  "screen": "LoginScreen",
  "event": "LOADING_COMPLETED",
  "timestamp": "2026-09-01T12:48:08.361Z"
}
1/9/2026, 6:18:08 pm | [2026-09-01T12:48:08.372Z] [LOG] {
  "screen": "UserDashboard",
  "event": "SCREEN_OPENED",
  "empNo": "UNKNOWN",
  "timestamp": "2026-09-01T12:48:08.372Z"
}
1/9/2026, 6:18:08 pm | [2026-09-01T12:48:08.374Z] [LOG] {
  "screen": "UserDashboard",
  "event": "LOGGED_USER_FETCHED",
  "hasUser": true,
  "empNo": "UNKNOWN",
  "timestamp": "2026-09-01T12:48:08.374Z"
}
1/9/2026, 6:18:08 pm | [2026-09-01T12:48:08.372Z] [LOG] {
  "screen": "UserDashboard",
  "event": "LOAD_EMPLOYEE_STARTED",
  "empNo": "UNKNOWN",
  "timestamp": "2026-09-01T12:48:08.372Z"
}
1/9/2026, 6:18:08 pm | [2026-09-01T12:48:08.375Z] [LOG] {
  "screen": "UserDashboard",
  "event": "EMPLOYEE_API_STARTED",
  "empNo": "860",
  "timestamp": "2026-09-01T12:48:08.375Z"
}
1/9/2026, 6:18:08 pm | [2026-09-01T12:48:08.548Z] [LOG] {
  "screen": "UserDashboard",
  "event": "EMPLOYEE_DATA_LOADED",
  "empNo": "860",
  "branch": "Duvvada",
  "designation": "Branch Manager",
  "timestamp": "2026-09-01T12:48:08.548Z"
}
1/9/2026, 6:18:09 pm | [2026-09-01T12:48:08.637Z] [LOG] {
  "screen": "UserDashboard",
  "event": "LAST_SUBMISSION_LOADED",
  "previousDayAmount": 1035962,
  "previousDaySubmittedAt": "2026-08-31 17:41:26",
  "formattedPreviousDayTime": "31/8/2026, 5:41 pm",
  "empNo": "",
  "timestamp": "2026-09-01T12:48:08.637Z"
}
1/9/2026, 6:18:09 pm | [2026-09-01T12:48:08.709Z] [LOG] {
  "screen": "UserDashboard",
  "event": "LOADING_COMPLETED",
  "empNo": "UNKNOWN",
  "timestamp": "2026-09-01T12:48:08.709Z"
}
1/9/2026, 6:18:32 pm | [2026-09-01T12:48:31.573Z] [LOG] {
  "screen": "UserDashboard",
  "event": "SAVE_BUTTON_CLICKED",
  "empNo": "860",
  "amount": "974259",
  "isEditing": false,
  "timestamp": "2026-09-01T12:48:31.573Z"
}
1/9/2026, 6:18:33 pm | [2026-09-01T12:48:32.665Z] [LOG] {
  "screen": "UserDashboard",
  "event": "SAVE_CASH_API_STARTED",
  "empNo": "860",
  "amount": "974259",
  "timestamp": "2026-09-01T12:48:32.665Z"
}
1/9/2026, 6:18:33 pm | [2026-09-01T12:48:32.966Z] [LOG] {
  "screen": "UserDashboard",
  "event": "SAVE_CASH_SUCCESS",
  "empNo": "860",
  "savedAmount": "974259",
  "savedAt": "2026-09-01T12:48:32.960Z",
  "formattedSaveTime": "6:18 pm",
  "isEditing": false,
  "timestamp": "2026-09-01T12:48:32.966Z"
}
1/9/2026, 6:18:35 pm | [2026-09-01T12:48:35.175Z] [LOG] {
  "screen": "UserDashboard",
  "event": "SAVE_BUTTON_CLICKED",
  "empNo": "860",
  "amount": "974259",
  "isEditing": true,
  "timestamp": "2026-09-01T12:48:35.175Z"
}
1/9/2026, 6:18:36 pm | [2026-09-01T12:48:36.197Z] [LOG] {
  "screen": "UserDashboard",
  "event": "SAVE_CASH_API_STARTED",
  "empNo": "860",
  "amount": "974259",
  "timestamp": "2026-09-01T12:48:36.197Z"
}
1/9/2026, 6:18:36 pm | [2026-09-01T12:48:36.295Z] [LOG] {
  "screen": "UserDashboard",
  "event": "SAVE_CASH_SUCCESS",
  "empNo": "860",
  "savedAmount": "974259",
  "savedAt": "2026-09-01T12:48:36.288Z",
  "formattedSaveTime": "6:18 pm",
  "isEditing": true,
  "timestamp": "2026-09-01T12:48:36.295Z"
}
1/9/2026, 6:18:38 pm | [2026-09-01T12:48:38.395Z] [LOG] {
  "screen": "UserDashboard",
  "event": "LOGOUT_CLICKED",
  "empNo": "860",
  "timestamp": "2026-09-01T12:48:38.395Z"
}
1/9/2026, 6:18:38 pm | [2026-09-01T12:48:38.438Z] [LOG] {
  "screen": "LoginScreen",
  "event": "SCREEN_OPENED",
  "timestamp": "2026-09-01T12:48:38.438Z"
}
1/9/2026, 6:30:00 pm | [2026-09-01T12:59:59.471Z] [LOG] {
  "screen": "UserDashboard",
  "event": "SAVE_BUTTON_CLICKED",
  "empNo": "419",
  "amount": "130000",
  "isEditing": true,
  "timestamp": "2026-09-01T12:59:59.470Z"
}
1/9/2026, 6:30:00 pm | [2026-09-01T13:00:00.422Z] [LOG] {
  "screen": "UserDashboard",
  "event": "SAVE_CASH_API_STARTED",
  "empNo": "419",
  "amount": "130000",
  "timestamp": "2026-09-01T13:00:00.421Z"
}
1/9/2026, 6:30:00 pm | [2026-09-01T13:00:00.650Z] [LOG] {
  "screen": "UserDashboard",
  "event": "SAVE_CASH_SUCCESS",
  "empNo": "419",
  "savedAmount": "130000",
  "savedAt": "2026-09-01T13:00:00.639Z",
  "formattedSaveTime": "6:30 pm",
  "isEditing": true,
  "timestamp": "2026-09-01T13:00:00.650Z"
}
1/9/2026, 6:30:02 pm | [2026-09-01T13:00:01.759Z] [LOG] {
  "screen": "UserDashboard",
  "event": "SAVE_BUTTON_CLICKED",
  "empNo": "419",
  "amount": "130000",
  "isEditing": true,
  "timestamp": "2026-09-01T13:00:01.758Z"
}
1/9/2026, 6:30:02 pm | [2026-09-01T13:00:02.395Z] [LOG] {
  "screen": "UserDashboard",
  "event": "SAVE_CASH_API_STARTED",
  "empNo": "419",
  "amount": "130000",
  "timestamp": "2026-09-01T13:00:02.395Z"
}
1/9/2026, 6:30:02 pm | [2026-09-01T13:00:02.467Z] [LOG] {
  "screen": "UserDashboard",
  "event": "SAVE_CASH_SUCCESS",
  "empNo": "419",
  "savedAmount": "130000",
  "savedAt": "2026-09-01T13:00:02.463Z",
  "formattedSaveTime": "6:30 pm",
  "isEditing": true,
  "timestamp": "2026-09-01T13:00:02.467Z"
}
1/9/2026, 6:30:04 pm | [2026-09-01T13:00:04.007Z] [LOG] {
  "screen": "UserDashboard",
  "event": "SAVE_BUTTON_CLICKED",
  "empNo": "419",
  "amount": "130000",
  "isEditing": true,
  "timestamp": "2026-09-01T13:00:04.007Z"
}
1/9/2026, 6:30:04 pm | [2026-09-01T13:00:04.648Z] [LOG] {
  "screen": "UserDashboard",
  "event": "SAVE_CASH_API_STARTED",
  "empNo": "419",
  "amount": "130000",
  "timestamp": "2026-09-01T13:00:04.648Z"
}
1/9/2026, 6:30:05 pm | [2026-09-01T13:00:04.736Z] [LOG] {
  "screen": "UserDashboard",
  "event": "SAVE_CASH_SUCCESS",
  "empNo": "419",
  "savedAmount": "130000",
  "savedAt": "2026-09-01T13:00:04.726Z",
  "formattedSaveTime": "6:30 pm",
  "isEditing": true,
  "timestamp": "2026-09-01T13:00:04.736Z"
}
1/9/2026, 6:30:06 pm | [2026-09-01T13:00:06.073Z] [LOG] {
  "screen": "UserDashboard",
  "event": "SAVE_BUTTON_CLICKED",
  "empNo": "419",
  "amount": "130000",
  "isEditing": true,
  "timestamp": "2026-09-01T13:00:06.072Z"
}
1/9/2026, 6:30:06 pm | [2026-09-01T13:00:06.646Z] [LOG] {
  "screen": "UserDashboard",
  "event": "SAVE_CASH_API_STARTED",
  "empNo": "419",
  "amount": "130000",
  "timestamp": "2026-09-01T13:00:06.646Z"
}
1/9/2026, 6:30:07 pm | [2026-09-01T13:00:06.734Z] [LOG] {
  "screen": "UserDashboard",
  "event": "SAVE_CASH_SUCCESS",
  "empNo": "419",
  "savedAmount": "130000",
  "savedAt": "2026-09-01T13:00:06.729Z",
  "formattedSaveTime": "6:30 pm",
  "isEditing": true,
  "timestamp": "2026-09-01T13:00:06.734Z"
}
1/9/2026, 6:30:08 pm | [2026-09-01T13:00:08.364Z] [LOG] {
  "screen": "UserDashboard",
  "event": "SAVE_BUTTON_CLICKED",
  "empNo": "419",
  "amount": "130000",
  "isEditing": true,
  "timestamp": "2026-09-01T13:00:08.364Z"
}
1/9/2026, 6:30:09 pm | [2026-09-01T13:00:08.953Z] [LOG] {
  "screen": "UserDashboard",
  "event": "SAVE_CASH_API_STARTED",
  "empNo": "419",
  "amount": "130000",
  "timestamp": "2026-09-01T13:00:08.953Z"
}
1/9/2026, 6:30:09 pm | [2026-09-01T13:00:09.207Z] [LOG] {
  "screen": "UserDashboard",
  "event": "SAVE_CASH_SUCCESS",
  "empNo": "419",
  "savedAmount": "130000",
  "savedAt": "2026-09-01T13:00:09.201Z",
  "formattedSaveTime": "6:30 pm",
  "isEditing": true,
  "timestamp": "2026-09-01T13:00:09.207Z"
}
1/9/2026, 6:38:20 pm | [2026-09-01T13:08:21.967Z] [LOG] {
  "screen": "WelcomeScreen",
  "event": "SCREEN_OPENED",
  "timestamp": "2026-09-01T13:08:21.967Z"
}
1/9/2026, 6:38:20 pm | [2026-09-01T13:08:21.734Z] [LOG] Running "CashClosingApp"
1/9/2026, 6:38:21 pm | [2026-09-01T13:08:23.186Z] [LOG] {
  "screen": "WelcomeScreen",
  "event": "LOGIN_BUTTON_CLICKED",
  "timestamp": "2026-09-01T13:08:23.186Z"
}
1/9/2026, 6:38:21 pm | [2026-09-01T13:08:23.209Z] [LOG] {
  "screen": "LoginScreen",
  "event": "SCREEN_OPENED",
  "timestamp": "2026-09-01T13:08:23.209Z"
}
1/9/2026, 6:38:25 pm | [2026-09-01T13:08:26.334Z] [LOG] {
  "screen": "RegisterScreen",
  "event": "SCREEN_OPENED",
  "timestamp": "2026-09-01T13:08:26.334Z"
}
1/9/2026, 6:38:42 pm | [2026-09-01T13:08:43.178Z] [LOG] {
  "screen": "RegisterScreen",
  "event": "LOADING_STARTED",
  "timestamp": "2026-09-01T13:08:43.178Z"
}
1/9/2026, 6:38:42 pm | [2026-09-01T13:08:43.176Z] [LOG] {
  "screen": "RegisterScreen",
  "event": "REGISTER_BUTTON_CLICKED",
  "empNo": "623",
  "timestamp": "2026-09-01T13:08:43.176Z"
}
1/9/2026, 6:38:42 pm | [2026-09-01T13:08:43.207Z] [LOG] {
  "screen": "RegisterScreen",
  "event": "REGISTER_API_STARTED",
  "empNo": "623",
  "deviceId": "1229a487866198ab",
  "timestamp": "2026-09-01T13:08:43.207Z"
}
1/9/2026, 6:38:42 pm | [2026-09-01T13:08:43.482Z] [ERROR] {
  "screen": "RegisterScreen",
  "event": "REGISTER_FAILED",
  "empNo": "623",
  "error": {
    "success": false,
    "message": "Employee already registered"
  },
  "timestamp": "2026-09-01T13:08:43.482Z"
}
1/9/2026, 6:38:42 pm | [2026-09-01T13:08:43.494Z] [LOG] {
  "screen": "RegisterScreen",
  "event": "LOADING_COMPLETED",
  "timestamp": "2026-09-01T13:08:43.493Z"
}
1/9/2026, 6:38:47 pm | [2026-09-01T13:08:49.276Z] [LOG] {
  "screen": "LoginScreen",
  "event": "SCREEN_OPENED",
  "timestamp": "2026-09-01T13:08:49.276Z"
}
1/9/2026, 6:38:54 pm | [2026-09-01T13:08:55.449Z] [LOG] {
  "screen": "LoginScreen",
  "event": "LOGIN_API_STARTED",
  "deviceId": "1229a487866198ab",
  "timestamp": "2026-09-01T13:08:55.449Z"
}
1/9/2026, 6:38:54 pm | [2026-09-01T13:08:55.446Z] [LOG] {
  "screen": "LoginScreen",
  "event": "DEVICE_ID_FETCHED",
  "deviceId": "1229a487866198ab",
  "timestamp": "2026-09-01T13:08:55.446Z"
}
1/9/2026, 6:38:54 pm | [2026-09-01T13:08:55.431Z] [LOG] {
  "screen": "LoginScreen",
  "event": "LOADING_STARTED",
  "timestamp": "2026-09-01T13:08:55.431Z"
}
1/9/2026, 6:38:54 pm | [2026-09-01T13:08:55.429Z] [LOG] {
  "screen": "LoginScreen",
  "event": "LOGIN_BUTTON_CLICKED",
  "timestamp": "2026-09-01T13:08:55.429Z"
}
1/9/2026, 6:38:54 pm | [2026-09-01T13:08:55.448Z] [LOG] {
  "empNo": "",
  "deviceId": "1229a487866198ab"
}
1/9/2026, 6:38:54 pm | [2026-09-01T13:08:55.788Z] [ERROR] {
  "screen": "LoginScreen",
  "event": "LOGIN_FAILED",
  "error": {
    "success": false,
    "message": "Invalid MPIN"
  },
  "timestamp": "2026-09-01T13:08:55.787Z"
}
1/9/2026, 6:38:54 pm | [2026-09-01T13:08:55.798Z] [LOG] {
  "screen": "LoginScreen",
  "event": "LOADING_COMPLETED",
  "timestamp": "2026-09-01T13:08:55.798Z"
}
1/9/2026, 6:39:27 pm | [2026-09-01T13:09:28.367Z] [LOG] {
  "screen": "RegisterScreen",
  "event": "SCREEN_OPENED",
  "timestamp": "2026-09-01T13:09:28.366Z"
}
1/9/2026, 6:39:43 pm | [2026-09-01T13:09:44.430Z] [LOG] {
  "screen": "RegisterScreen",
  "event": "REGISTER_BUTTON_CLICKED",
  "empNo": "623",
  "timestamp": "2026-09-01T13:09:44.430Z"
}
1/9/2026, 6:39:43 pm | [2026-09-01T13:09:44.432Z] [WARN] {
  "screen": "RegisterScreen",
  "event": "REGISTER_VALIDATION_FAILED",
  "reason": "EMPTY_FIELDS",
  "empNo": "623",
  "timestamp": "2026-09-01T13:09:44.432Z"
}
1/9/2026, 6:39:43 pm | [2026-09-01T13:09:44.433Z] [LOG] {
  "screen": "RegisterScreen",
  "event": "LOADING_COMPLETED",
  "timestamp": "2026-09-01T13:09:44.433Z"
}
1/9/2026, 6:40:07 pm | [2026-09-01T13:10:09.011Z] [LOG] {
  "screen": "RegisterScreen",
  "event": "REGISTER_API_STARTED",
  "empNo": "623",
  "deviceId": "1229a487866198ab",
  "timestamp": "2026-09-01T13:10:09.011Z"
}
1/9/2026, 6:40:07 pm | [2026-09-01T13:10:08.991Z] [LOG] {
  "screen": "RegisterScreen",
  "event": "REGISTER_BUTTON_CLICKED",
  "empNo": "623",
  "timestamp": "2026-09-01T13:10:08.991Z"
}
1/9/2026, 6:40:07 pm | [2026-09-01T13:10:08.993Z] [LOG] {
  "screen": "RegisterScreen",
  "event": "LOADING_STARTED",
  "timestamp": "2026-09-01T13:10:08.993Z"
}
1/9/2026, 6:40:07 pm | [2026-09-01T13:10:09.289Z] [ERROR] {
  "screen": "RegisterScreen",
  "event": "REGISTER_FAILED",
  "empNo": "623",
  "error": {
    "success": false,
    "message": "Employee already registered"
  },
  "timestamp": "2026-09-01T13:10:09.289Z"
}
1/9/2026, 6:40:07 pm | [2026-09-01T13:10:09.298Z] [LOG] {
  "screen": "RegisterScreen",
  "event": "LOADING_COMPLETED",
  "timestamp": "2026-09-01T13:10:09.297Z"
}
1/9/2026, 6:41:28 pm | [2026-09-01T13:11:29.467Z] [LOG] {
  "screen": "LoginScreen",
  "event": "SCREEN_OPENED",
  "timestamp": "2026-09-01T13:11:29.467Z"
}
1/9/2026, 6:41:31 pm | [2026-09-01T13:11:33.263Z] [LOG] {
  "screen": "LoginScreen",
  "event": "LOGIN_BUTTON_CLICKED",
  "timestamp": "2026-09-01T13:11:33.263Z"
}
1/9/2026, 6:41:32 pm | [2026-09-01T13:11:33.397Z] [LOG] {
  "screen": "LoginScreen",
  "event": "LOGIN_SUCCESS",
  "user": {
    "empNo": "623",
    "employeeName": "Sk. Mastanvali",
    "branchCode": "57",
    "branchName": "Dachepalli",
    "designation": "Branch Manager"
  },
  "timestamp": "2026-09-01T13:11:33.397Z"
}
1/9/2026, 6:41:32 pm | [2026-09-01T13:11:33.283Z] [LOG] {
  "screen": "LoginScreen",
  "event": "DEVICE_ID_FETCHED",
  "deviceId": "1229a487866198ab",
  "timestamp": "2026-09-01T13:11:33.283Z"
}
1/9/2026, 6:41:32 pm | [2026-09-01T13:11:33.287Z] [LOG] {
  "screen": "LoginScreen",
  "event": "LOGIN_API_STARTED",
  "deviceId": "1229a487866198ab",
  "timestamp": "2026-09-01T13:11:33.287Z"
}
1/9/2026, 6:41:32 pm | [2026-09-01T13:11:33.264Z] [LOG] {
  "screen": "LoginScreen",
  "event": "LOADING_STARTED",
  "timestamp": "2026-09-01T13:11:33.264Z"
}
1/9/2026, 6:41:32 pm | [2026-09-01T13:11:33.284Z] [LOG] {
  "empNo": "",
  "deviceId": "1229a487866198ab"
}
1/9/2026, 6:41:32 pm | [2026-09-01T13:11:33.420Z] [LOG] {
  "screen": "LoginScreen",
  "event": "USER_DATA_SAVED",
  "timestamp": "2026-09-01T13:11:33.420Z"
}
1/9/2026, 6:41:32 pm | [2026-09-01T13:11:33.486Z] [LOG] {
  "screen": "UserDashboard",
  "event": "SCREEN_OPENED",
  "empNo": "UNKNOWN",
  "timestamp": "2026-09-01T13:11:33.486Z"
}
1/9/2026, 6:41:32 pm | [2026-09-01T13:11:33.424Z] [LOG] {
  "screen": "LoginScreen",
  "event": "LOADING_COMPLETED",
  "timestamp": "2026-09-01T13:11:33.424Z"
}
1/9/2026, 6:41:32 pm | [2026-09-01T13:11:33.422Z] [LOG] {
  "event": "NAVIGATING_TO_USER"
}
1/9/2026, 6:41:32 pm | [2026-09-01T13:11:33.488Z] [LOG] {
  "screen": "UserDashboard",
  "event": "LOAD_EMPLOYEE_STARTED",
  "empNo": "UNKNOWN",
  "timestamp": "2026-09-01T13:11:33.488Z"
}
1/9/2026, 6:41:32 pm | [2026-09-01T13:11:33.496Z] [LOG] {
  "screen": "UserDashboard",
  "event": "LOGGED_USER_FETCHED",
  "hasUser": true,
  "empNo": "UNKNOWN",
  "timestamp": "2026-09-01T13:11:33.496Z"
}
1/9/2026, 6:41:32 pm | [2026-09-01T13:11:33.497Z] [LOG] {
  "screen": "UserDashboard",
  "event": "EMPLOYEE_API_STARTED",
  "empNo": "623",
  "timestamp": "2026-09-01T13:11:33.497Z"
}
1/9/2026, 6:41:32 pm | [2026-09-01T13:11:33.717Z] [LOG] {
  "screen": "UserDashboard",
  "event": "EMPLOYEE_DATA_LOADED",
  "empNo": "623",
  "branch": "Dachepalli",
  "designation": "Branch Manager",
  "timestamp": "2026-09-01T13:11:33.717Z"
}
1/9/2026, 6:41:32 pm | [2026-09-01T13:11:34.013Z] [LOG] {
  "screen": "UserDashboard",
  "event": "LAST_SUBMISSION_LOADED",
  "previousDayAmount": 784308,
  "previousDaySubmittedAt": "2026-08-11 17:53:41",
  "formattedPreviousDayTime": "11/8/2026, 5:53 pm",
  "empNo": "",
  "timestamp": "2026-09-01T13:11:34.013Z"
}
1/9/2026, 6:41:32 pm | [2026-09-01T13:11:34.111Z] [LOG] {
  "screen": "UserDashboard",
  "event": "LOADING_COMPLETED",
  "empNo": "UNKNOWN",
  "timestamp": "2026-09-01T13:11:34.111Z"
}
1/9/2026, 6:41:41 pm | [2026-09-01T13:11:42.506Z] [LOG] {
  "screen": "UserDashboard",
  "event": "LOGOUT_CLICKED",
  "empNo": "623",
  "timestamp": "2026-09-01T13:11:42.506Z"
}
1/9/2026, 6:41:41 pm | [2026-09-01T13:11:42.529Z] [LOG] {
  "screen": "LoginScreen",
  "event": "SCREEN_OPENED",
  "timestamp": "2026-09-01T13:11:42.529Z"
}
1/9/2026, 6:41:48 pm | [2026-09-01T13:11:49.832Z] [LOG] {
  "screen": "RegisterScreen",
  "event": "SCREEN_OPENED",
  "timestamp": "2026-09-01T13:11:49.832Z"
}
1/9/2026, 6:42:03 pm | [2026-09-01T13:12:04.243Z] [LOG] {
  "screen": "RegisterScreen",
  "event": "LOADING_STARTED",
  "timestamp": "2026-09-01T13:12:04.243Z"
}
1/9/2026, 6:42:03 pm | [2026-09-01T13:12:04.243Z] [LOG] {
  "screen": "RegisterScreen",
  "event": "REGISTER_BUTTON_CLICKED",
  "empNo": "623",
  "timestamp": "2026-09-01T13:12:04.243Z"
}
1/9/2026, 6:42:03 pm | [2026-09-01T13:12:04.249Z] [LOG] {
  "screen": "RegisterScreen",
  "event": "REGISTER_API_STARTED",
  "empNo": "623",
  "deviceId": "1229a487866198ab",
  "timestamp": "2026-09-01T13:12:04.249Z"
}
1/9/2026, 6:42:03 pm | [2026-09-01T13:12:04.542Z] [LOG] {
  "screen": "RegisterScreen",
  "event": "REGISTER_SUCCESS",
  "empNo": "623",
  "response": {
    "success": true,
    "message": "Registration successful"
  },
  "timestamp": "2026-09-01T13:12:04.542Z"
}
1/9/2026, 6:42:03 pm | [2026-09-01T13:12:04.544Z] [LOG] {
  "screen": "RegisterScreen",
  "event": "LOADING_COMPLETED",
  "timestamp": "2026-09-01T13:12:04.544Z"
}
1/9/2026, 6:42:04 pm | [2026-09-01T13:12:05.672Z] [LOG] {
  "screen": "LoginScreen",
  "event": "SCREEN_OPENED",
  "timestamp": "2026-09-01T13:12:05.672Z"
}
1/9/2026, 6:42:11 pm | [2026-09-01T13:12:12.880Z] [LOG] {
  "screen": "LoginScreen",
  "event": "LOGIN_BUTTON_CLICKED",
  "timestamp": "2026-09-01T13:12:12.880Z"
}
1/9/2026, 6:42:11 pm | [2026-09-01T13:12:12.900Z] [LOG] {
  "empNo": "",
  "deviceId": "1229a487866198ab"
}
1/9/2026, 6:42:11 pm | [2026-09-01T13:12:12.881Z] [LOG] {
  "screen": "LoginScreen",
  "event": "LOADING_STARTED",
  "timestamp": "2026-09-01T13:12:12.881Z"
}
1/9/2026, 6:42:11 pm | [2026-09-01T13:12:12.905Z] [LOG] {
  "screen": "LoginScreen",
  "event": "LOGIN_API_STARTED",
  "deviceId": "1229a487866198ab",
  "timestamp": "2026-09-01T13:12:12.905Z"
}
1/9/2026, 6:42:11 pm | [2026-09-01T13:12:12.898Z] [LOG] {
  "screen": "LoginScreen",
  "event": "DEVICE_ID_FETCHED",
  "deviceId": "1229a487866198ab",
  "timestamp": "2026-09-01T13:12:12.898Z"
}
1/9/2026, 6:42:11 pm | [2026-09-01T13:12:13.247Z] [LOG] {
  "screen": "LoginScreen",
  "event": "LOGIN_SUCCESS",
  "user": {
    "empNo": "623",
    "employeeName": "Sk. Mastanvali",
    "branchCode": "57",
    "branchName": "Dachepalli",
    "designation": "Branch Manager"
  },
  "timestamp": "2026-09-01T13:12:13.246Z"
}
1/9/2026, 6:42:11 pm | [2026-09-01T13:12:13.262Z] [LOG] {
  "screen": "LoginScreen",
  "event": "USER_DATA_SAVED",
  "timestamp": "2026-09-01T13:12:13.262Z"
}
1/9/2026, 6:42:11 pm | [2026-09-01T13:12:13.266Z] [LOG] {
  "event": "NAVIGATING_TO_USER"
}
1/9/2026, 6:42:11 pm | [2026-09-01T13:12:13.270Z] [LOG] {
  "screen": "LoginScreen",
  "event": "LOADING_COMPLETED",
  "timestamp": "2026-09-01T13:12:13.270Z"
}
1/9/2026, 6:42:12 pm | [2026-09-01T13:12:13.340Z] [LOG] {
  "screen": "UserDashboard",
  "event": "SCREEN_OPENED",
  "empNo": "UNKNOWN",
  "timestamp": "2026-09-01T13:12:13.340Z"
}
1/9/2026, 6:42:12 pm | [2026-09-01T13:12:13.342Z] [LOG] {
  "screen": "UserDashboard",
  "event": "LOAD_EMPLOYEE_STARTED",
  "empNo": "UNKNOWN",
  "timestamp": "2026-09-01T13:12:13.342Z"
}
1/9/2026, 6:42:12 pm | [2026-09-01T13:12:13.349Z] [LOG] {
  "screen": "UserDashboard",
  "event": "LOGGED_USER_FETCHED",
  "hasUser": true,
  "empNo": "UNKNOWN",
  "timestamp": "2026-09-01T13:12:13.349Z"
}
1/9/2026, 6:42:12 pm | [2026-09-01T13:12:13.349Z] [LOG] {
  "screen": "UserDashboard",
  "event": "EMPLOYEE_API_STARTED",
  "empNo": "623",
  "timestamp": "2026-09-01T13:12:13.349Z"
}
1/9/2026, 6:42:12 pm | [2026-09-01T13:12:13.452Z] [LOG] {
  "screen": "UserDashboard",
  "event": "EMPLOYEE_DATA_LOADED",
  "empNo": "623",
  "branch": "Dachepalli",
  "designation": "Branch Manager",
  "timestamp": "2026-09-01T13:12:13.452Z"
}
1/9/2026, 6:42:12 pm | [2026-09-01T13:12:13.571Z] [LOG] {
  "screen": "UserDashboard",
  "event": "LAST_SUBMISSION_LOADED",
  "previousDayAmount": 784308,
  "previousDaySubmittedAt": "2026-08-11 17:53:41",
  "formattedPreviousDayTime": "11/8/2026, 5:53 pm",
  "empNo": "",
  "timestamp": "2026-09-01T13:12:13.570Z"
}
1/9/2026, 6:42:12 pm | [2026-09-01T13:12:13.675Z] [LOG] {
  "screen": "UserDashboard",
  "event": "LOADING_COMPLETED",
  "empNo": "UNKNOWN",
  "timestamp": "2026-09-01T13:12:13.675Z"
}
1/9/2026, 6:46:53 pm | [2026-09-01T13:16:54.468Z] [LOG] {
  "screen": "UserDashboard",
  "event": "SAVE_BUTTON_CLICKED",
  "empNo": "623",
  "amount": "370500",
  "isEditing": false,
  "timestamp": "2026-09-01T13:16:54.468Z"
}
1/9/2026, 6:46:54 pm | [2026-09-01T13:16:55.783Z] [LOG] {
  "screen": "UserDashboard",
  "event": "SAVE_CASH_API_STARTED",
  "empNo": "623",
  "amount": "370500",
  "timestamp": "2026-09-01T13:16:55.783Z"
}
1/9/2026, 6:46:54 pm | [2026-09-01T13:16:56.165Z] [LOG] {
  "screen": "UserDashboard",
  "event": "SAVE_CASH_SUCCESS",
  "empNo": "623",
  "savedAmount": "370500",
  "savedAt": "2026-09-01T13:16:56.125Z",
  "formattedSaveTime": "6:46 pm",
  "isEditing": false,
  "timestamp": "2026-09-01T13:16:56.164Z"
}
1/9/2026, 7:10:22 pm | [2026-09-01T13:40:21.882Z] [LOG] {
  "screen": "LoginScreen",
  "event": "LOGIN_BUTTON_CLICKED",
  "timestamp": "2026-09-01T13:40:21.882Z"
}
1/9/2026, 7:10:22 pm | [2026-09-01T13:40:18.827Z] [LOG] {
  "screen": "LoginScreen",
  "event": "SCREEN_OPENED",
  "timestamp": "2026-09-01T13:40:18.827Z"
}
1/9/2026, 7:10:22 pm | [2026-09-01T13:40:17.947Z] [LOG] Running "CashClosingApp"
1/9/2026, 7:10:22 pm | [2026-09-01T13:40:18.781Z] [LOG] {
  "screen": "WelcomeScreen",
  "event": "LOGIN_BUTTON_CLICKED",
  "timestamp": "2026-09-01T13:40:18.781Z"
}
1/9/2026, 7:10:22 pm | [2026-09-01T13:40:21.883Z] [LOG] {
  "screen": "LoginScreen",
  "event": "LOADING_STARTED",
  "timestamp": "2026-09-01T13:40:21.883Z"
}
1/9/2026, 7:10:22 pm | [2026-09-01T13:40:21.902Z] [LOG] {
  "empNo": "",
  "deviceId": "81b65917c9367902"
}
1/9/2026, 7:10:22 pm | [2026-09-01T13:40:21.902Z] [LOG] {
  "screen": "LoginScreen",
  "event": "DEVICE_ID_FETCHED",
  "deviceId": "81b65917c9367902",
  "timestamp": "2026-09-01T13:40:21.902Z"
}
1/9/2026, 7:10:22 pm | [2026-09-01T13:40:18.108Z] [LOG] {
  "screen": "WelcomeScreen",
  "event": "SCREEN_OPENED",
  "timestamp": "2026-09-01T13:40:18.108Z"
}
1/9/2026, 7:10:22 pm | [2026-09-01T13:40:21.903Z] [LOG] {
  "screen": "LoginScreen",
  "event": "LOGIN_API_STARTED",
  "deviceId": "81b65917c9367902",
  "timestamp": "2026-09-01T13:40:21.903Z"
}
1/9/2026, 7:10:22 pm | [2026-09-01T13:40:23.416Z] [LOG] {
  "screen": "LoginScreen",
  "event": "LOGIN_SUCCESS",
  "user": {
    "empNo": "974",
    "employeeName": "T Sreenivas",
    "branchCode": "30",
    "branchName": "Gopalapatnam",
    "designation": "Branch Manager"
  },
  "timestamp": "2026-09-01T13:40:23.416Z"
}
1/9/2026, 7:10:22 pm | [2026-09-01T13:40:23.432Z] [LOG] {
  "event": "NAVIGATING_TO_USER"
}
1/9/2026, 7:10:22 pm | [2026-09-01T13:40:23.433Z] [LOG] {
  "screen": "LoginScreen",
  "event": "LOADING_COMPLETED",
  "timestamp": "2026-09-01T13:40:23.433Z"
}
1/9/2026, 7:10:22 pm | [2026-09-01T13:40:23.430Z] [LOG] {
  "screen": "LoginScreen",
  "event": "USER_DATA_SAVED",
  "timestamp": "2026-09-01T13:40:23.430Z"
}
1/9/2026, 7:10:22 pm | [2026-09-01T13:40:23.455Z] [LOG] {
  "screen": "UserDashboard",
  "event": "SCREEN_OPENED",
  "empNo": "UNKNOWN",
  "timestamp": "2026-09-01T13:40:23.455Z"
}
1/9/2026, 7:10:22 pm | [2026-09-01T13:40:23.456Z] [LOG] {
  "screen": "UserDashboard",
  "event": "LOAD_EMPLOYEE_STARTED",
  "empNo": "UNKNOWN",
  "timestamp": "2026-09-01T13:40:23.456Z"
}
1/9/2026, 7:10:22 pm | [2026-09-01T13:40:23.463Z] [LOG] {
  "screen": "UserDashboard",
  "event": "LOGGED_USER_FETCHED",
  "hasUser": true,
  "empNo": "UNKNOWN",
  "timestamp": "2026-09-01T13:40:23.463Z"
}
1/9/2026, 7:10:22 pm | [2026-09-01T13:40:23.464Z] [LOG] {
  "screen": "UserDashboard",
  "event": "EMPLOYEE_API_STARTED",
  "empNo": "974",
  "timestamp": "2026-09-01T13:40:23.464Z"
}
1/9/2026, 7:10:22 pm | [2026-09-01T13:40:23.719Z] [LOG] {
  "screen": "UserDashboard",
  "event": "EMPLOYEE_DATA_LOADED",
  "empNo": "974",
  "branch": "Gopalapatnam",
  "designation": "Branch Manager",
  "timestamp": "2026-09-01T13:40:23.719Z"
}
1/9/2026, 7:10:23 pm | [2026-09-01T13:40:23.902Z] [LOG] {
  "screen": "UserDashboard",
  "event": "LAST_SUBMISSION_LOADED",
  "previousDayAmount": 465688,
  "previousDaySubmittedAt": "2026-08-31 17:57:49",
  "formattedPreviousDayTime": "31/8/2026, 5:57 pm",
  "empNo": "",
  "timestamp": "2026-09-01T13:40:23.902Z"
}
1/9/2026, 7:10:23 pm | [2026-09-01T13:40:23.983Z] [LOG] {
  "screen": "UserDashboard",
  "event": "TODAY_CASH_LOADED",
  "todayAmount": 366612,
  "todayModifiedAt": "2026-09-01 17:38:19",
  "formattedTodayTime": "5:38 pm",
  "empNo": "",
  "timestamp": "2026-09-01T13:40:23.983Z"
}
1/9/2026, 7:10:23 pm | [2026-09-01T13:40:23.984Z] [LOG] {
  "screen": "UserDashboard",
  "event": "LOADING_COMPLETED",
  "empNo": "UNKNOWN",
  "timestamp": "2026-09-01T13:40:23.984Z"
}
