7/7/2026, 5:03:29 pm | [2026-07-07T11:33:29.784Z] [LOG] Running "CashClosingApp"
7/7/2026, 5:03:29 pm | [2026-07-07T11:33:29.974Z] [LOG] {
  "screen": "WelcomeScreen",
  "event": "SCREEN_OPENED",
  "timestamp": "2026-07-07T11:33:29.974Z"
}
7/7/2026, 5:03:30 pm | [2026-07-07T11:33:31.120Z] [LOG] {
  "screen": "WelcomeScreen",
  "event": "LOGIN_BUTTON_CLICKED",
  "timestamp": "2026-07-07T11:33:31.120Z"
}
7/7/2026, 5:03:30 pm | [2026-07-07T11:33:31.159Z] [LOG] {
  "screen": "LoginScreen",
  "event": "SCREEN_OPENED",
  "timestamp": "2026-07-07T11:33:31.159Z"
}
7/7/2026, 5:03:33 pm | [2026-07-07T11:33:34.437Z] [LOG] {
  "screen": "LoginScreen",
  "event": "LOGIN_BUTTON_CLICKED",
  "timestamp": "2026-07-07T11:33:34.437Z"
}
7/7/2026, 5:03:33 pm | [2026-07-07T11:33:34.439Z] [LOG] {
  "screen": "LoginScreen",
  "event": "LOADING_STARTED",
  "timestamp": "2026-07-07T11:33:34.438Z"
}
7/7/2026, 5:03:34 pm | [2026-07-07T11:33:34.588Z] [LOG] {
  "screen": "LoginScreen",
  "event": "LOGIN_SUCCESS",
  "user": {
    "empNo": "774",
    "employeeName": "S Bhavani",
    "branchCode": "47",
    "branchName": "Seetharampuram",
    "designation": "Branch Manager"
  },
  "timestamp": "2026-07-07T11:33:34.588Z"
}
7/7/2026, 5:03:34 pm | [2026-07-07T11:33:34.450Z] [LOG] {
  "screen": "LoginScreen",
  "event": "DEVICE_ID_FETCHED",
  "deviceId": "8b44da9a73e42658",
  "timestamp": "2026-07-07T11:33:34.450Z"
}
7/7/2026, 5:03:34 pm | [2026-07-07T11:33:34.450Z] [LOG] {
  "empNo": "",
  "deviceId": "8b44da9a73e42658"
}
7/7/2026, 5:03:34 pm | [2026-07-07T11:33:34.601Z] [LOG] {
  "screen": "LoginScreen",
  "event": "USER_DATA_SAVED",
  "timestamp": "2026-07-07T11:33:34.601Z"
}
7/7/2026, 5:03:34 pm | [2026-07-07T11:33:34.451Z] [LOG] {
  "screen": "LoginScreen",
  "event": "LOGIN_API_STARTED",
  "deviceId": "8b44da9a73e42658",
  "timestamp": "2026-07-07T11:33:34.451Z"
}
7/7/2026, 5:03:34 pm | [2026-07-07T11:33:34.603Z] [LOG] {
  "event": "NAVIGATING_TO_USER"
}
7/7/2026, 5:03:34 pm | [2026-07-07T11:33:34.616Z] [LOG] {
  "screen": "UserDashboard",
  "event": "LOAD_EMPLOYEE_STARTED",
  "empNo": "UNKNOWN",
  "timestamp": "2026-07-07T11:33:34.615Z"
}
7/7/2026, 5:03:34 pm | [2026-07-07T11:33:34.604Z] [LOG] {
  "screen": "LoginScreen",
  "event": "LOADING_COMPLETED",
  "timestamp": "2026-07-07T11:33:34.604Z"
}
7/7/2026, 5:03:34 pm | [2026-07-07T11:33:34.617Z] [LOG] {
  "screen": "UserDashboard",
  "event": "LOGGED_USER_FETCHED",
  "hasUser": true,
  "empNo": "UNKNOWN",
  "timestamp": "2026-07-07T11:33:34.617Z"
}
7/7/2026, 5:03:34 pm | [2026-07-07T11:33:34.613Z] [LOG] {
  "screen": "UserDashboard",
  "event": "SCREEN_OPENED",
  "empNo": "UNKNOWN",
  "timestamp": "2026-07-07T11:33:34.613Z"
}
7/7/2026, 5:03:34 pm | [2026-07-07T11:33:34.618Z] [LOG] {
  "screen": "UserDashboard",
  "event": "EMPLOYEE_API_STARTED",
  "empNo": "774",
  "timestamp": "2026-07-07T11:33:34.618Z"
}
7/7/2026, 5:03:34 pm | [2026-07-07T11:33:34.740Z] [LOG] {
  "screen": "UserDashboard",
  "event": "EMPLOYEE_DATA_LOADED",
  "empNo": "774",
  "branch": "Seetharampuram",
  "designation": "Branch Manager",
  "timestamp": "2026-07-07T11:33:34.740Z"
}
7/7/2026, 5:03:34 pm | [2026-07-07T11:33:34.859Z] [LOG] {
  "screen": "UserDashboard",
  "event": "LAST_SUBMISSION_LOADED",
  "previousDayAmount": 1100000,
  "previousDaySubmittedAt": "2026-07-06 17:21:30",
  "formattedPreviousDayTime": "6/7/2026, 5:21 pm",
  "empNo": "",
  "timestamp": "2026-07-07T11:33:34.859Z"
}
7/7/2026, 5:03:34 pm | [2026-07-07T11:33:34.914Z] [LOG] {
  "screen": "UserDashboard",
  "event": "LOADING_COMPLETED",
  "empNo": "UNKNOWN",
  "timestamp": "2026-07-07T11:33:34.914Z"
}
7/7/2026, 5:03:44 pm | [2026-07-07T11:33:44.507Z] [LOG] {
  "screen": "UserDashboard",
  "event": "SAVE_BUTTON_CLICKED",
  "empNo": "774",
  "amount": "1100000",
  "isEditing": false,
  "timestamp": "2026-07-07T11:33:44.506Z"
}
7/7/2026, 5:03:45 pm | [2026-07-07T11:33:45.891Z] [LOG] {
  "screen": "UserDashboard",
  "event": "SAVE_CASH_API_STARTED",
  "empNo": "774",
  "amount": "1100000",
  "timestamp": "2026-07-07T11:33:45.891Z"
}
7/7/2026, 5:03:45 pm | [2026-07-07T11:33:46.138Z] [LOG] {
  "screen": "UserDashboard",
  "event": "SAVE_CASH_SUCCESS",
  "empNo": "774",
  "savedAmount": "1100000",
  "savedAt": "2026-07-07T11:33:46.132Z",
  "formattedSaveTime": "5:03 pm",
  "isEditing": false,
  "timestamp": "2026-07-07T11:33:46.138Z"
}
7/7/2026, 5:33:09 pm | [2026-07-07T12:03:09.874Z] [LOG] {
  "screen": "WelcomeScreen",
  "event": "SCREEN_OPENED",
  "timestamp": "2026-07-07T12:03:09.873Z"
}
7/7/2026, 5:33:09 pm | [2026-07-07T12:03:09.763Z] [LOG] Running "CashClosingApp"
7/7/2026, 5:33:09 pm | [2026-07-07T12:03:10.739Z] [LOG] {
  "screen": "WelcomeScreen",
  "event": "LOGIN_BUTTON_CLICKED",
  "timestamp": "2026-07-07T12:03:10.739Z"
}
7/7/2026, 5:33:10 pm | [2026-07-07T12:03:10.785Z] [LOG] {
  "screen": "LoginScreen",
  "event": "SCREEN_OPENED",
  "timestamp": "2026-07-07T12:03:10.784Z"
}
7/7/2026, 5:33:13 pm | [2026-07-07T12:03:14.757Z] [LOG] {
  "screen": "LoginScreen",
  "event": "LOADING_STARTED",
  "timestamp": "2026-07-07T12:03:14.757Z"
}
7/7/2026, 5:33:13 pm | [2026-07-07T12:03:14.757Z] [LOG] {
  "screen": "LoginScreen",
  "event": "LOGIN_BUTTON_CLICKED",
  "timestamp": "2026-07-07T12:03:14.757Z"
}
7/7/2026, 5:33:14 pm | [2026-07-07T12:03:14.885Z] [LOG] {
  "screen": "LoginScreen",
  "event": "LOGIN_SUCCESS",
  "user": {
    "empNo": "521",
    "employeeName": "Shaik Nazima Firdhoz",
    "branchCode": "39",
    "branchName": "Kommadi",
    "designation": "Branch Manager"
  },
  "timestamp": "2026-07-07T12:03:14.885Z"
}
7/7/2026, 5:33:14 pm | [2026-07-07T12:03:14.898Z] [LOG] {
  "screen": "LoginScreen",
  "event": "USER_DATA_SAVED",
  "timestamp": "2026-07-07T12:03:14.898Z"
}
7/7/2026, 5:33:14 pm | [2026-07-07T12:03:14.900Z] [LOG] {
  "event": "NAVIGATING_TO_USER"
}
7/7/2026, 5:33:14 pm | [2026-07-07T12:03:14.912Z] [LOG] {
  "screen": "LoginScreen",
  "event": "LOADING_COMPLETED",
  "timestamp": "2026-07-07T12:03:14.912Z"
}
7/7/2026, 5:33:14 pm | [2026-07-07T12:03:14.766Z] [LOG] {
  "screen": "LoginScreen",
  "event": "LOGIN_API_STARTED",
  "deviceId": "8ee9b1f9a9989659",
  "timestamp": "2026-07-07T12:03:14.766Z"
}
7/7/2026, 5:33:14 pm | [2026-07-07T12:03:14.765Z] [LOG] {
  "empNo": "",
  "deviceId": "8ee9b1f9a9989659"
}
7/7/2026, 5:33:14 pm | [2026-07-07T12:03:14.764Z] [LOG] {
  "screen": "LoginScreen",
  "event": "DEVICE_ID_FETCHED",
  "deviceId": "8ee9b1f9a9989659",
  "timestamp": "2026-07-07T12:03:14.764Z"
}
7/7/2026, 5:33:14 pm | [2026-07-07T12:03:14.939Z] [LOG] {
  "screen": "UserDashboard",
  "event": "SCREEN_OPENED",
  "empNo": "UNKNOWN",
  "timestamp": "2026-07-07T12:03:14.939Z"
}
7/7/2026, 5:33:14 pm | [2026-07-07T12:03:14.939Z] [LOG] {
  "screen": "UserDashboard",
  "event": "LOAD_EMPLOYEE_STARTED",
  "empNo": "UNKNOWN",
  "timestamp": "2026-07-07T12:03:14.939Z"
}
7/7/2026, 5:33:14 pm | [2026-07-07T12:03:14.942Z] [LOG] {
  "screen": "UserDashboard",
  "event": "LOGGED_USER_FETCHED",
  "hasUser": true,
  "empNo": "UNKNOWN",
  "timestamp": "2026-07-07T12:03:14.942Z"
}
7/7/2026, 5:33:14 pm | [2026-07-07T12:03:14.942Z] [LOG] {
  "screen": "UserDashboard",
  "event": "EMPLOYEE_API_STARTED",
  "empNo": "521",
  "timestamp": "2026-07-07T12:03:14.942Z"
}
7/7/2026, 5:33:14 pm | [2026-07-07T12:03:15.085Z] [LOG] {
  "screen": "UserDashboard",
  "event": "EMPLOYEE_DATA_LOADED",
  "empNo": "521",
  "branch": "Kommadi",
  "designation": "Branch Manager",
  "timestamp": "2026-07-07T12:03:15.085Z"
}
7/7/2026, 5:33:14 pm | [2026-07-07T12:03:15.218Z] [LOG] {
  "screen": "UserDashboard",
  "event": "LAST_SUBMISSION_LOADED",
  "previousDayAmount": 2650000,
  "previousDaySubmittedAt": "2026-07-06 17:51:31",
  "formattedPreviousDayTime": "6/7/2026, 5:51 pm",
  "empNo": "",
  "timestamp": "2026-07-07T12:03:15.218Z"
}
7/7/2026, 5:33:14 pm | [2026-07-07T12:03:15.276Z] [LOG] {
  "screen": "UserDashboard",
  "event": "LOADING_COMPLETED",
  "empNo": "UNKNOWN",
  "timestamp": "2026-07-07T12:03:15.276Z"
}
7/7/2026, 5:33:28 pm | [2026-07-07T12:03:29.102Z] [LOG] {
  "screen": "UserDashboard",
  "event": "SAVE_BUTTON_CLICKED",
  "empNo": "521",
  "amount": "2930000",
  "isEditing": false,
  "timestamp": "2026-07-07T12:03:29.102Z"
}
7/7/2026, 5:33:29 pm | [2026-07-07T12:03:30.350Z] [LOG] {
  "screen": "UserDashboard",
  "event": "SAVE_CASH_API_STARTED",
  "empNo": "521",
  "amount": "2930000",
  "timestamp": "2026-07-07T12:03:30.350Z"
}
7/7/2026, 5:33:29 pm | [2026-07-07T12:03:30.641Z] [LOG] {
  "screen": "UserDashboard",
  "event": "SAVE_CASH_SUCCESS",
  "empNo": "521",
  "savedAmount": "2930000",
  "savedAt": "2026-07-07T12:03:30.629Z",
  "formattedSaveTime": "5:33 pm",
  "isEditing": false,
  "timestamp": "2026-07-07T12:03:30.641Z"
}
7/7/2026, 5:33:39 pm | [2026-07-07T12:03:40.415Z] [LOG] {
  "screen": "WelcomeScreen",
  "event": "SCREEN_OPENED",
  "timestamp": "2026-07-07T12:03:40.415Z"
}
7/7/2026, 5:33:39 pm | [2026-07-07T12:03:40.185Z] [LOG] Running "CashClosingApp"
7/7/2026, 5:33:40 pm | [2026-07-07T12:03:41.390Z] [LOG] {
  "screen": "LoginScreen",
  "event": "SCREEN_OPENED",
  "timestamp": "2026-07-07T12:03:41.390Z"
}
7/7/2026, 5:33:40 pm | [2026-07-07T12:03:41.362Z] [LOG] {
  "screen": "WelcomeScreen",
  "event": "LOGIN_BUTTON_CLICKED",
  "timestamp": "2026-07-07T12:03:41.358Z"
}
7/7/2026, 5:33:44 pm | [2026-07-07T12:03:45.123Z] [LOG] {
  "screen": "LoginScreen",
  "event": "LOGIN_BUTTON_CLICKED",
  "timestamp": "2026-07-07T12:03:45.123Z"
}
7/7/2026, 5:33:44 pm | [2026-07-07T12:03:45.124Z] [LOG] {
  "screen": "LoginScreen",
  "event": "LOADING_STARTED",
  "timestamp": "2026-07-07T12:03:45.124Z"
}
7/7/2026, 5:33:44 pm | [2026-07-07T12:03:45.325Z] [LOG] {
  "screen": "LoginScreen",
  "event": "USER_DATA_SAVED",
  "timestamp": "2026-07-07T12:03:45.325Z"
}
7/7/2026, 5:33:44 pm | [2026-07-07T12:03:45.308Z] [LOG] {
  "screen": "LoginScreen",
  "event": "LOGIN_SUCCESS",
  "user": {
    "empNo": "882",
    "employeeName": "K Brahma Rao",
    "branchCode": "22",
    "branchName": "Jaggaiahpet",
    "designation": "Branch Manager"
  },
  "timestamp": "2026-07-07T12:03:45.308Z"
}
7/7/2026, 5:33:44 pm | [2026-07-07T12:03:45.135Z] [LOG] {
  "empNo": "",
  "deviceId": "dec044151185181b"
}
7/7/2026, 5:33:44 pm | [2026-07-07T12:03:45.135Z] [LOG] {
  "screen": "LoginScreen",
  "event": "LOGIN_API_STARTED",
  "deviceId": "dec044151185181b",
  "timestamp": "2026-07-07T12:03:45.135Z"
}
7/7/2026, 5:33:44 pm | [2026-07-07T12:03:45.327Z] [LOG] {
  "event": "NAVIGATING_TO_USER"
}
7/7/2026, 5:33:44 pm | [2026-07-07T12:03:45.332Z] [LOG] {
  "screen": "LoginScreen",
  "event": "LOADING_COMPLETED",
  "timestamp": "2026-07-07T12:03:45.332Z"
}
7/7/2026, 5:33:44 pm | [2026-07-07T12:03:45.134Z] [LOG] {
  "screen": "LoginScreen",
  "event": "DEVICE_ID_FETCHED",
  "deviceId": "dec044151185181b",
  "timestamp": "2026-07-07T12:03:45.134Z"
}
7/7/2026, 5:33:44 pm | [2026-07-07T12:03:45.341Z] [LOG] {
  "screen": "UserDashboard",
  "event": "SCREEN_OPENED",
  "empNo": "UNKNOWN",
  "timestamp": "2026-07-07T12:03:45.341Z"
}
7/7/2026, 5:33:44 pm | [2026-07-07T12:03:45.342Z] [LOG] {
  "screen": "UserDashboard",
  "event": "LOAD_EMPLOYEE_STARTED",
  "empNo": "UNKNOWN",
  "timestamp": "2026-07-07T12:03:45.342Z"
}
7/7/2026, 5:33:44 pm | [2026-07-07T12:03:45.346Z] [LOG] {
  "screen": "UserDashboard",
  "event": "LOGGED_USER_FETCHED",
  "hasUser": true,
  "empNo": "UNKNOWN",
  "timestamp": "2026-07-07T12:03:45.346Z"
}
7/7/2026, 5:33:44 pm | [2026-07-07T12:03:45.346Z] [LOG] {
  "screen": "UserDashboard",
  "event": "EMPLOYEE_API_STARTED",
  "empNo": "882",
  "timestamp": "2026-07-07T12:03:45.346Z"
}
7/7/2026, 5:33:44 pm | [2026-07-07T12:03:45.566Z] [LOG] {
  "screen": "UserDashboard",
  "event": "EMPLOYEE_DATA_LOADED",
  "empNo": "882",
  "branch": "Jaggaiahpet",
  "designation": "Branch Manager",
  "timestamp": "2026-07-07T12:03:45.566Z"
}
7/7/2026, 5:33:44 pm | [2026-07-07T12:03:45.709Z] [LOG] {
  "screen": "UserDashboard",
  "event": "LAST_SUBMISSION_LOADED",
  "previousDayAmount": 1620000,
  "previousDaySubmittedAt": "2026-07-06 19:35:48",
  "formattedPreviousDayTime": "6/7/2026, 7:35 pm",
  "empNo": "",
  "timestamp": "2026-07-07T12:03:45.709Z"
}
7/7/2026, 5:33:44 pm | [2026-07-07T12:03:45.815Z] [LOG] {
  "screen": "UserDashboard",
  "event": "LOADING_COMPLETED",
  "empNo": "UNKNOWN",
  "timestamp": "2026-07-07T12:03:45.815Z"
}
7/7/2026, 5:33:57 pm | [2026-07-07T12:03:58.247Z] [LOG] {
  "screen": "UserDashboard",
  "event": "SAVE_BUTTON_CLICKED",
  "empNo": "882",
  "amount": "1300000",
  "isEditing": false,
  "timestamp": "2026-07-07T12:03:58.246Z"
}
7/7/2026, 5:34:00 pm | [2026-07-07T12:04:01.803Z] [LOG] {
  "screen": "UserDashboard",
  "event": "SAVE_CASH_API_STARTED",
  "empNo": "882",
  "amount": "1300000",
  "timestamp": "2026-07-07T12:04:01.803Z"
}
7/7/2026, 5:34:01 pm | [2026-07-07T12:04:02.164Z] [LOG] {
  "screen": "UserDashboard",
  "event": "SAVE_CASH_SUCCESS",
  "empNo": "882",
  "savedAmount": "1300000",
  "savedAt": "2026-07-07T12:04:02.150Z",
  "formattedSaveTime": "5:34 pm",
  "isEditing": false,
  "timestamp": "2026-07-07T12:04:02.163Z"
}
7/7/2026, 5:34:06 pm | [2026-07-07T12:04:07.443Z] [LOG] {
  "screen": "UserDashboard",
  "event": "SAVE_BUTTON_CLICKED",
  "empNo": "882",
  "amount": "1300000",
  "isEditing": true,
  "timestamp": "2026-07-07T12:04:07.443Z"
}
7/7/2026, 5:34:09 pm | [2026-07-07T12:04:10.428Z] [LOG] {
  "screen": "UserDashboard",
  "event": "SAVE_CASH_SUCCESS",
  "empNo": "882",
  "savedAmount": "1300000",
  "savedAt": "2026-07-07T12:04:10.423Z",
  "formattedSaveTime": "5:34 pm",
  "isEditing": true,
  "timestamp": "2026-07-07T12:04:10.428Z"
}
7/7/2026, 5:34:09 pm | [2026-07-07T12:04:10.293Z] [LOG] {
  "screen": "UserDashboard",
  "event": "SAVE_CASH_API_STARTED",
  "empNo": "882",
  "amount": "1300000",
  "timestamp": "2026-07-07T12:04:10.293Z"
}
7/7/2026, 5:34:17 pm | [2026-07-07T12:04:17.855Z] [LOG] {
  "screen": "UserDashboard",
  "event": "SAVE_BUTTON_CLICKED",
  "empNo": "882",
  "amount": "1300000",
  "isEditing": true,
  "timestamp": "2026-07-07T12:04:17.855Z"
}
7/7/2026, 5:34:19 pm | [2026-07-07T12:04:20.332Z] [LOG] {
  "screen": "UserDashboard",
  "event": "SAVE_CASH_API_STARTED",
  "empNo": "882",
  "amount": "1300000",
  "timestamp": "2026-07-07T12:04:20.331Z"
}
7/7/2026, 5:34:19 pm | [2026-07-07T12:04:20.636Z] [LOG] {
  "screen": "UserDashboard",
  "event": "SAVE_CASH_SUCCESS",
  "empNo": "882",
  "savedAmount": "1300000",
  "savedAt": "2026-07-07T12:04:20.624Z",
  "formattedSaveTime": "5:34 pm",
  "isEditing": true,
  "timestamp": "2026-07-07T12:04:20.635Z"
}
7/7/2026, 5:34:26 pm | [2026-07-07T12:04:27.172Z] [LOG] {
  "screen": "UserDashboard",
  "event": "SAVE_BUTTON_CLICKED",
  "empNo": "882",
  "amount": "1300000",
  "isEditing": true,
  "timestamp": "2026-07-07T12:04:27.172Z"
}
7/7/2026, 5:34:27 pm | [2026-07-07T12:04:28.530Z] [LOG] {
  "screen": "UserDashboard",
  "event": "SAVE_CASH_API_STARTED",
  "empNo": "882",
  "amount": "1300000",
  "timestamp": "2026-07-07T12:04:28.530Z"
}
7/7/2026, 5:34:27 pm | [2026-07-07T12:04:28.924Z] [LOG] {
  "screen": "UserDashboard",
  "event": "SAVE_CASH_SUCCESS",
  "empNo": "882",
  "savedAmount": "1300000",
  "savedAt": "2026-07-07T12:04:28.911Z",
  "formattedSaveTime": "5:34 pm",
  "isEditing": true,
  "timestamp": "2026-07-07T12:04:28.924Z"
}
7/7/2026, 5:34:49 pm | [2026-07-07T12:04:50.149Z] [LOG] {
  "screen": "UserDashboard",
  "event": "SAVE_BUTTON_CLICKED",
  "empNo": "882",
  "amount": "1300000",
  "isEditing": true,
  "timestamp": "2026-07-07T12:04:50.149Z"
}
7/7/2026, 5:34:50 pm | [2026-07-07T12:04:51.354Z] [LOG] {
  "screen": "UserDashboard",
  "event": "SAVE_CASH_API_STARTED",
  "empNo": "882",
  "amount": "1300000",
  "timestamp": "2026-07-07T12:04:51.354Z"
}
7/7/2026, 5:34:50 pm | [2026-07-07T12:04:51.718Z] [LOG] {
  "screen": "UserDashboard",
  "event": "SAVE_CASH_SUCCESS",
  "empNo": "882",
  "savedAmount": "1300000",
  "savedAt": "2026-07-07T12:04:51.709Z",
  "formattedSaveTime": "5:34 pm",
  "isEditing": true,
  "timestamp": "2026-07-07T12:04:51.717Z"
}
7/7/2026, 5:36:09 pm | [2026-07-07T12:06:10.266Z] [LOG] Running "CashClosingApp"
7/7/2026, 5:36:09 pm | [2026-07-07T12:06:10.510Z] [LOG] {
  "screen": "WelcomeScreen",
  "event": "SCREEN_OPENED",
  "timestamp": "2026-07-07T12:06:10.510Z"
}
7/7/2026, 5:36:10 pm | [2026-07-07T12:06:11.678Z] [LOG] {
  "screen": "WelcomeScreen",
  "event": "LOGIN_BUTTON_CLICKED",
  "timestamp": "2026-07-07T12:06:11.678Z"
}
7/7/2026, 5:36:10 pm | [2026-07-07T12:06:11.717Z] [LOG] {
  "screen": "LoginScreen",
  "event": "SCREEN_OPENED",
  "timestamp": "2026-07-07T12:06:11.717Z"
}
7/7/2026, 5:36:14 pm | [2026-07-07T12:06:15.416Z] [LOG] {
  "screen": "LoginScreen",
  "event": "LOGIN_BUTTON_CLICKED",
  "timestamp": "2026-07-07T12:06:15.416Z"
}
7/7/2026, 5:36:14 pm | [2026-07-07T12:06:15.418Z] [LOG] {
  "screen": "LoginScreen",
  "event": "LOADING_STARTED",
  "timestamp": "2026-07-07T12:06:15.418Z"
}
7/7/2026, 5:36:14 pm | [2026-07-07T12:06:15.796Z] [LOG] {
  "screen": "LoginScreen",
  "event": "LOGIN_SUCCESS",
  "user": {
    "empNo": "219",
    "employeeName": "K. Sreenivas",
    "branchCode": "54",
    "branchName": "Nidadavolu",
    "designation": "Branch Manager"
  },
  "timestamp": "2026-07-07T12:06:15.796Z"
}
7/7/2026, 5:36:14 pm | [2026-07-07T12:06:15.816Z] [LOG] {
  "screen": "LoginScreen",
  "event": "USER_DATA_SAVED",
  "timestamp": "2026-07-07T12:06:15.816Z"
}
7/7/2026, 5:36:15 pm | [2026-07-07T12:06:15.818Z] [LOG] {
  "event": "NAVIGATING_TO_USER"
}
7/7/2026, 5:36:15 pm | [2026-07-07T12:06:15.822Z] [LOG] {
  "screen": "LoginScreen",
  "event": "LOADING_COMPLETED",
  "timestamp": "2026-07-07T12:06:15.822Z"
}
7/7/2026, 5:36:15 pm | [2026-07-07T12:06:15.428Z] [LOG] {
  "screen": "LoginScreen",
  "event": "DEVICE_ID_FETCHED",
  "deviceId": "bc0b57a8682b129c",
  "timestamp": "2026-07-07T12:06:15.428Z"
}
7/7/2026, 5:36:15 pm | [2026-07-07T12:06:15.429Z] [LOG] {
  "screen": "LoginScreen",
  "event": "LOGIN_API_STARTED",
  "deviceId": "bc0b57a8682b129c",
  "timestamp": "2026-07-07T12:06:15.429Z"
}
7/7/2026, 5:36:15 pm | [2026-07-07T12:06:15.428Z] [LOG] {
  "empNo": "",
  "deviceId": "bc0b57a8682b129c"
}
7/7/2026, 5:36:15 pm | [2026-07-07T12:06:15.830Z] [LOG] {
  "screen": "UserDashboard",
  "event": "SCREEN_OPENED",
  "empNo": "UNKNOWN",
  "timestamp": "2026-07-07T12:06:15.830Z"
}
7/7/2026, 5:36:16 pm | [2026-07-07T12:06:15.830Z] [LOG] {
  "screen": "UserDashboard",
  "event": "LOAD_EMPLOYEE_STARTED",
  "empNo": "UNKNOWN",
  "timestamp": "2026-07-07T12:06:15.830Z"
}
7/7/2026, 5:36:16 pm | [2026-07-07T12:06:15.835Z] [LOG] {
  "screen": "UserDashboard",
  "event": "LOGGED_USER_FETCHED",
  "hasUser": true,
  "empNo": "UNKNOWN",
  "timestamp": "2026-07-07T12:06:15.835Z"
}
7/7/2026, 5:36:16 pm | [2026-07-07T12:06:15.835Z] [LOG] {
  "screen": "UserDashboard",
  "event": "EMPLOYEE_API_STARTED",
  "empNo": "219",
  "timestamp": "2026-07-07T12:06:15.835Z"
}
7/7/2026, 5:36:16 pm | [2026-07-07T12:06:17.499Z] [LOG] {
  "screen": "UserDashboard",
  "event": "EMPLOYEE_DATA_LOADED",
  "empNo": "219",
  "branch": "Nidadavolu",
  "designation": "Branch Manager",
  "timestamp": "2026-07-07T12:06:17.499Z"
}
7/7/2026, 5:36:16 pm | [2026-07-07T12:06:17.733Z] [LOG] {
  "screen": "UserDashboard",
  "event": "LAST_SUBMISSION_LOADED",
  "previousDayAmount": 1243410,
  "previousDaySubmittedAt": "2026-07-06 17:45:15",
  "formattedPreviousDayTime": "6/7/2026, 5:45 pm",
  "empNo": "",
  "timestamp": "2026-07-07T12:06:17.733Z"
}
7/7/2026, 5:36:16 pm | [2026-07-07T12:06:17.889Z] [LOG] {
  "screen": "UserDashboard",
  "event": "LOADING_COMPLETED",
  "empNo": "UNKNOWN",
  "timestamp": "2026-07-07T12:06:17.889Z"
}
7/7/2026, 5:36:18 pm | [2026-07-07T12:06:19.638Z] [WARN] {
  "screen": "UserDashboard",
  "event": "INVALID_AMOUNT",
  "empNo": "219",
  "amount": "",
  "timestamp": "2026-07-07T12:06:19.638Z"
}
7/7/2026, 5:36:18 pm | [2026-07-07T12:06:19.637Z] [LOG] {
  "screen": "UserDashboard",
  "event": "SAVE_BUTTON_CLICKED",
  "empNo": "219",
  "amount": "",
  "isEditing": false,
  "timestamp": "2026-07-07T12:06:19.637Z"
}
7/7/2026, 5:36:24 pm | [2026-07-07T12:06:25.527Z] [LOG] {
  "screen": "UserDashboard",
  "event": "SAVE_BUTTON_CLICKED",
  "empNo": "219",
  "amount": "1245910",
  "isEditing": false,
  "timestamp": "2026-07-07T12:06:25.527Z"
}
7/7/2026, 5:36:25 pm | [2026-07-07T12:06:26.779Z] [LOG] {
  "screen": "UserDashboard",
  "event": "SAVE_CASH_API_STARTED",
  "empNo": "219",
  "amount": "1245910",
  "timestamp": "2026-07-07T12:06:26.779Z"
}
7/7/2026, 5:36:26 pm | [2026-07-07T12:06:27.808Z] [LOG] {
  "screen": "UserDashboard",
  "event": "SAVE_CASH_SUCCESS",
  "empNo": "219",
  "savedAmount": "1245910",
  "savedAt": "2026-07-07T12:06:27.799Z",
  "formattedSaveTime": "5:36 pm",
  "isEditing": false,
  "timestamp": "2026-07-07T12:06:27.808Z"
}
7/7/2026, 5:36:59 pm | [2026-07-07T12:06:57.231Z] [LOG] {
  "screen": "LoginScreen",
  "event": "SCREEN_OPENED",
  "timestamp": "2026-07-07T12:06:57.231Z"
}
7/7/2026, 5:36:59 pm | [2026-07-07T12:06:57.194Z] [LOG] {
  "screen": "WelcomeScreen",
  "event": "LOGIN_BUTTON_CLICKED",
  "timestamp": "2026-07-07T12:06:57.194Z"
}
7/7/2026, 5:36:59 pm | [2026-07-07T12:06:55.397Z] [LOG] {
  "screen": "WelcomeScreen",
  "event": "SCREEN_OPENED",
  "timestamp": "2026-07-07T12:06:55.397Z"
}
7/7/2026, 5:37:00 pm | [2026-07-07T12:06:55.111Z] [LOG] Running "CashClosingApp"
7/7/2026, 5:37:00 pm | [2026-07-07T12:07:00.866Z] [LOG] {
  "screen": "LoginScreen",
  "event": "LOGIN_BUTTON_CLICKED",
  "timestamp": "2026-07-07T12:07:00.866Z"
}
7/7/2026, 5:37:00 pm | [2026-07-07T12:07:00.874Z] [LOG] {
  "empNo": "",
  "deviceId": "521554679bb8a1a3"
}
7/7/2026, 5:37:00 pm | [2026-07-07T12:07:00.867Z] [LOG] {
  "screen": "LoginScreen",
  "event": "LOADING_STARTED",
  "timestamp": "2026-07-07T12:07:00.867Z"
}
7/7/2026, 5:37:00 pm | [2026-07-07T12:07:00.874Z] [LOG] {
  "screen": "LoginScreen",
  "event": "DEVICE_ID_FETCHED",
  "deviceId": "521554679bb8a1a3",
  "timestamp": "2026-07-07T12:07:00.874Z"
}
7/7/2026, 5:37:00 pm | [2026-07-07T12:07:01.013Z] [LOG] {
  "screen": "LoginScreen",
  "event": "LOGIN_SUCCESS",
  "user": {
    "empNo": "741",
    "employeeName": "Y Mutyala Naidu",
    "branchCode": "46",
    "branchName": "Undavalli",
    "designation": "Branch Manager"
  },
  "timestamp": "2026-07-07T12:07:01.013Z"
}
7/7/2026, 5:37:00 pm | [2026-07-07T12:07:01.026Z] [LOG] {
  "screen": "LoginScreen",
  "event": "USER_DATA_SAVED",
  "timestamp": "2026-07-07T12:07:01.026Z"
}
7/7/2026, 5:37:00 pm | [2026-07-07T12:07:01.028Z] [LOG] {
  "screen": "LoginScreen",
  "event": "LOADING_COMPLETED",
  "timestamp": "2026-07-07T12:07:01.028Z"
}
7/7/2026, 5:37:00 pm | [2026-07-07T12:07:01.027Z] [LOG] {
  "event": "NAVIGATING_TO_USER"
}
7/7/2026, 5:37:00 pm | [2026-07-07T12:07:00.875Z] [LOG] {
  "screen": "LoginScreen",
  "event": "LOGIN_API_STARTED",
  "deviceId": "521554679bb8a1a3",
  "timestamp": "2026-07-07T12:07:00.875Z"
}
7/7/2026, 5:37:00 pm | [2026-07-07T12:07:01.035Z] [LOG] {
  "screen": "UserDashboard",
  "event": "SCREEN_OPENED",
  "empNo": "UNKNOWN",
  "timestamp": "2026-07-07T12:07:01.035Z"
}
7/7/2026, 5:37:00 pm | [2026-07-07T12:07:01.036Z] [LOG] {
  "screen": "UserDashboard",
  "event": "LOAD_EMPLOYEE_STARTED",
  "empNo": "UNKNOWN",
  "timestamp": "2026-07-07T12:07:01.036Z"
}
7/7/2026, 5:37:00 pm | [2026-07-07T12:07:01.046Z] [LOG] {
  "screen": "UserDashboard",
  "event": "LOGGED_USER_FETCHED",
  "hasUser": true,
  "empNo": "UNKNOWN",
  "timestamp": "2026-07-07T12:07:01.046Z"
}
7/7/2026, 5:37:00 pm | [2026-07-07T12:07:01.047Z] [LOG] {
  "screen": "UserDashboard",
  "event": "EMPLOYEE_API_STARTED",
  "empNo": "741",
  "timestamp": "2026-07-07T12:07:01.047Z"
}
7/7/2026, 5:37:00 pm | [2026-07-07T12:07:01.197Z] [LOG] {
  "screen": "UserDashboard",
  "event": "EMPLOYEE_DATA_LOADED",
  "empNo": "741",
  "branch": "Undavalli",
  "designation": "Branch Manager",
  "timestamp": "2026-07-07T12:07:01.197Z"
}
7/7/2026, 5:37:00 pm | [2026-07-07T12:07:01.361Z] [LOG] {
  "screen": "UserDashboard",
  "event": "LAST_SUBMISSION_LOADED",
  "previousDayAmount": 523000,
  "previousDaySubmittedAt": "2026-07-06 17:46:08",
  "formattedPreviousDayTime": "6/7/2026, 5:46 pm",
  "empNo": "",
  "timestamp": "2026-07-07T12:07:01.361Z"
}
7/7/2026, 5:37:00 pm | [2026-07-07T12:07:01.426Z] [LOG] {
  "screen": "UserDashboard",
  "event": "LOADING_COMPLETED",
  "empNo": "UNKNOWN",
  "timestamp": "2026-07-07T12:07:01.426Z"
}
7/7/2026, 5:37:01 pm | [2026-07-07T12:07:01.668Z] [LOG] Running "CashClosingApp"
7/7/2026, 5:37:01 pm | [2026-07-07T12:07:01.786Z] [LOG] {
  "screen": "WelcomeScreen",
  "event": "SCREEN_OPENED",
  "timestamp": "2026-07-07T12:07:01.786Z"
}
7/7/2026, 5:37:01 pm | [2026-07-07T12:07:02.849Z] [LOG] {
  "screen": "LoginScreen",
  "event": "SCREEN_OPENED",
  "timestamp": "2026-07-07T12:07:02.849Z"
}
7/7/2026, 5:37:01 pm | [2026-07-07T12:07:02.805Z] [LOG] {
  "screen": "WelcomeScreen",
  "event": "LOGIN_BUTTON_CLICKED",
  "timestamp": "2026-07-07T12:07:02.805Z"
}
7/7/2026, 5:37:02 pm | [2026-07-07T12:07:03.772Z] [LOG] {
  "screen": "UserDashboard",
  "event": "SAVE_BUTTON_CLICKED",
  "empNo": "219",
  "amount": "1245910",
  "isEditing": true,
  "timestamp": "2026-07-07T12:07:03.771Z"
}
7/7/2026, 5:37:03 pm | [2026-07-07T12:07:04.965Z] [LOG] {
  "screen": "UserDashboard",
  "event": "SAVE_CASH_API_STARTED",
  "empNo": "219",
  "amount": "1245910",
  "timestamp": "2026-07-07T12:07:04.965Z"
}
7/7/2026, 5:37:04 pm | [2026-07-07T12:07:05.451Z] [LOG] {
  "screen": "UserDashboard",
  "event": "SAVE_CASH_SUCCESS",
  "empNo": "219",
  "savedAmount": "1245910",
  "savedAt": "2026-07-07T12:07:05.444Z",
  "formattedSaveTime": "5:37 pm",
  "isEditing": true,
  "timestamp": "2026-07-07T12:07:05.451Z"
}
7/7/2026, 5:37:04 pm | [2026-07-07T12:07:06.450Z] [LOG] {
  "screen": "LoginScreen",
  "event": "DEVICE_ID_FETCHED",
  "deviceId": "0cc594f412a16de2",
  "timestamp": "2026-07-07T12:07:06.450Z"
}
7/7/2026, 5:37:04 pm | [2026-07-07T12:07:06.439Z] [LOG] {
  "screen": "LoginScreen",
  "event": "LOADING_STARTED",
  "timestamp": "2026-07-07T12:07:06.439Z"
}
7/7/2026, 5:37:04 pm | [2026-07-07T12:07:06.439Z] [LOG] {
  "screen": "LoginScreen",
  "event": "LOGIN_BUTTON_CLICKED",
  "timestamp": "2026-07-07T12:07:06.439Z"
}
7/7/2026, 5:37:04 pm | [2026-07-07T12:07:06.451Z] [LOG] {
  "empNo": "",
  "deviceId": "0cc594f412a16de2"
}
7/7/2026, 5:37:04 pm | [2026-07-07T12:07:06.563Z] [LOG] {
  "screen": "LoginScreen",
  "event": "LOGIN_SUCCESS",
  "user": {
    "empNo": "403",
    "employeeName": "G.A.G.Prasad",
    "branchCode": "11",
    "branchName": "Kanuru",
    "designation": "Branch Manager"
  },
  "timestamp": "2026-07-07T12:07:06.563Z"
}
7/7/2026, 5:37:04 pm | [2026-07-07T12:07:06.576Z] [LOG] {
  "screen": "LoginScreen",
  "event": "USER_DATA_SAVED",
  "timestamp": "2026-07-07T12:07:06.575Z"
}
7/7/2026, 5:37:04 pm | [2026-07-07T12:07:06.578Z] [LOG] {
  "event": "NAVIGATING_TO_USER"
}
7/7/2026, 5:37:04 pm | [2026-07-07T12:07:06.579Z] [LOG] {
  "screen": "LoginScreen",
  "event": "LOADING_COMPLETED",
  "timestamp": "2026-07-07T12:07:06.579Z"
}
7/7/2026, 5:37:04 pm | [2026-07-07T12:07:06.452Z] [LOG] {
  "screen": "LoginScreen",
  "event": "LOGIN_API_STARTED",
  "deviceId": "0cc594f412a16de2",
  "timestamp": "2026-07-07T12:07:06.452Z"
}
7/7/2026, 5:37:04 pm | [2026-07-07T12:07:06.592Z] [LOG] {
  "screen": "UserDashboard",
  "event": "SCREEN_OPENED",
  "empNo": "UNKNOWN",
  "timestamp": "2026-07-07T12:07:06.592Z"
}
7/7/2026, 5:37:04 pm | [2026-07-07T12:07:06.596Z] [LOG] {
  "screen": "UserDashboard",
  "event": "LOGGED_USER_FETCHED",
  "hasUser": true,
  "empNo": "UNKNOWN",
  "timestamp": "2026-07-07T12:07:06.596Z"
}
7/7/2026, 5:37:04 pm | [2026-07-07T12:07:06.592Z] [LOG] {
  "screen": "UserDashboard",
  "event": "LOAD_EMPLOYEE_STARTED",
  "empNo": "UNKNOWN",
  "timestamp": "2026-07-07T12:07:06.592Z"
}
7/7/2026, 5:37:04 pm | [2026-07-07T12:07:06.597Z] [LOG] {
  "screen": "UserDashboard",
  "event": "EMPLOYEE_API_STARTED",
  "empNo": "403",
  "timestamp": "2026-07-07T12:07:06.597Z"
}
7/7/2026, 5:37:05 pm | [2026-07-07T12:07:06.680Z] [LOG] {
  "screen": "UserDashboard",
  "event": "EMPLOYEE_DATA_LOADED",
  "empNo": "403",
  "branch": "Kanuru",
  "designation": "Branch Manager",
  "timestamp": "2026-07-07T12:07:06.680Z"
}
7/7/2026, 5:37:05 pm | [2026-07-07T12:07:06.785Z] [LOG] {
  "screen": "UserDashboard",
  "event": "LAST_SUBMISSION_LOADED",
  "previousDayAmount": 3635944,
  "previousDaySubmittedAt": "2026-07-06 17:50:28",
  "formattedPreviousDayTime": "6/7/2026, 5:50 pm",
  "empNo": "",
  "timestamp": "2026-07-07T12:07:06.784Z"
}
7/7/2026, 5:37:05 pm | [2026-07-07T12:07:06.844Z] [LOG] {
  "screen": "UserDashboard",
  "event": "LOADING_COMPLETED",
  "empNo": "UNKNOWN",
  "timestamp": "2026-07-07T12:07:06.844Z"
}
7/7/2026, 5:37:10 pm | [2026-07-07T12:07:12.588Z] [LOG] {
  "screen": "UserDashboard",
  "event": "SAVE_BUTTON_CLICKED",
  "empNo": "403",
  "amount": "2761474",
  "isEditing": false,
  "timestamp": "2026-07-07T12:07:12.588Z"
}
7/7/2026, 5:37:11 pm | [2026-07-07T12:07:13.600Z] [LOG] {
  "screen": "UserDashboard",
  "event": "SAVE_CASH_API_STARTED",
  "empNo": "403",
  "amount": "2761474",
  "timestamp": "2026-07-07T12:07:13.600Z"
}
7/7/2026, 5:37:12 pm | [2026-07-07T12:07:14.093Z] [LOG] {
  "screen": "UserDashboard",
  "event": "SAVE_CASH_SUCCESS",
  "empNo": "403",
  "savedAmount": "2761474",
  "savedAt": "2026-07-07T12:07:14.089Z",
  "formattedSaveTime": "5:37 pm",
  "isEditing": false,
  "timestamp": "2026-07-07T12:07:14.093Z"
}
7/7/2026, 5:38:04 pm | [2026-07-07T12:08:07.214Z] [LOG] {
  "screen": "WelcomeScreen",
  "event": "SCREEN_OPENED",
  "timestamp": "2026-07-07T12:08:07.214Z"
}
7/7/2026, 5:38:04 pm | [2026-07-07T12:08:07.125Z] [LOG] Running "CashClosingApp"
7/7/2026, 5:38:04 pm | [2026-07-07T12:08:07.894Z] [LOG] {
  "screen": "WelcomeScreen",
  "event": "LOGIN_BUTTON_CLICKED",
  "timestamp": "2026-07-07T12:08:07.894Z"
}
7/7/2026, 5:38:04 pm | [2026-07-07T12:08:07.922Z] [LOG] {
  "screen": "LoginScreen",
  "event": "SCREEN_OPENED",
  "timestamp": "2026-07-07T12:08:07.922Z"
}
7/7/2026, 5:38:08 pm | [2026-07-07T12:08:11.133Z] [LOG] {
  "screen": "LoginScreen",
  "event": "LOGIN_BUTTON_CLICKED",
  "timestamp": "2026-07-07T12:08:11.133Z"
}
7/7/2026, 5:38:08 pm | [2026-07-07T12:08:11.134Z] [LOG] {
  "screen": "LoginScreen",
  "event": "LOADING_STARTED",
  "timestamp": "2026-07-07T12:08:11.134Z"
}
7/7/2026, 5:38:08 pm | [2026-07-07T12:08:11.146Z] [LOG] {
  "screen": "LoginScreen",
  "event": "DEVICE_ID_FETCHED",
  "deviceId": "febe72fd01686baa",
  "timestamp": "2026-07-07T12:08:11.146Z"
}
7/7/2026, 5:38:08 pm | [2026-07-07T12:08:11.147Z] [LOG] {
  "screen": "LoginScreen",
  "event": "LOGIN_API_STARTED",
  "deviceId": "febe72fd01686baa",
  "timestamp": "2026-07-07T12:08:11.147Z"
}
7/7/2026, 5:38:08 pm | [2026-07-07T12:08:11.146Z] [LOG] {
  "empNo": "",
  "deviceId": "febe72fd01686baa"
}
7/7/2026, 5:38:08 pm | [2026-07-07T12:08:11.387Z] [LOG] {
  "screen": "LoginScreen",
  "event": "LOGIN_SUCCESS",
  "user": {
    "empNo": "547",
    "employeeName": "K Anand Gajapathi Raju",
    "branchCode": "17",
    "branchName": "Gannavaram",
    "designation": "Branch Manager"
  },
  "timestamp": "2026-07-07T12:08:11.387Z"
}
7/7/2026, 5:38:08 pm | [2026-07-07T12:08:11.415Z] [LOG] {
  "screen": "LoginScreen",
  "event": "LOADING_COMPLETED",
  "timestamp": "2026-07-07T12:08:11.415Z"
}
7/7/2026, 5:38:08 pm | [2026-07-07T12:08:11.415Z] [LOG] {
  "event": "NAVIGATING_TO_USER"
}
7/7/2026, 5:38:08 pm | [2026-07-07T12:08:11.412Z] [LOG] {
  "screen": "LoginScreen",
  "event": "USER_DATA_SAVED",
  "timestamp": "2026-07-07T12:08:11.412Z"
}
7/7/2026, 5:38:08 pm | [2026-07-07T12:08:11.424Z] [LOG] {
  "screen": "UserDashboard",
  "event": "SCREEN_OPENED",
  "empNo": "UNKNOWN",
  "timestamp": "2026-07-07T12:08:11.424Z"
}
7/7/2026, 5:38:08 pm | [2026-07-07T12:08:11.430Z] [LOG] {
  "screen": "UserDashboard",
  "event": "LOAD_EMPLOYEE_STARTED",
  "empNo": "UNKNOWN",
  "timestamp": "2026-07-07T12:08:11.430Z"
}
7/7/2026, 5:38:08 pm | [2026-07-07T12:08:11.438Z] [LOG] {
  "screen": "UserDashboard",
  "event": "LOGGED_USER_FETCHED",
  "hasUser": true,
  "empNo": "UNKNOWN",
  "timestamp": "2026-07-07T12:08:11.438Z"
}
7/7/2026, 5:38:08 pm | [2026-07-07T12:08:11.439Z] [LOG] {
  "screen": "UserDashboard",
  "event": "EMPLOYEE_API_STARTED",
  "empNo": "547",
  "timestamp": "2026-07-07T12:08:11.439Z"
}
7/7/2026, 5:38:08 pm | [2026-07-07T12:08:11.512Z] [LOG] {
  "screen": "UserDashboard",
  "event": "EMPLOYEE_DATA_LOADED",
  "empNo": "547",
  "branch": "Gannavaram",
  "designation": "Branch Manager",
  "timestamp": "2026-07-07T12:08:11.512Z"
}
7/7/2026, 5:38:08 pm | [2026-07-07T12:08:11.705Z] [LOG] {
  "screen": "UserDashboard",
  "event": "LAST_SUBMISSION_LOADED",
  "previousDayAmount": 754457,
  "previousDaySubmittedAt": "2026-07-06 18:04:38",
  "formattedPreviousDayTime": "6/7/2026, 6:04 pm",
  "empNo": "",
  "timestamp": "2026-07-07T12:08:11.705Z"
}
7/7/2026, 5:38:08 pm | [2026-07-07T12:08:11.754Z] [LOG] {
  "screen": "UserDashboard",
  "event": "LOADING_COMPLETED",
  "empNo": "UNKNOWN",
  "timestamp": "2026-07-07T12:08:11.754Z"
}
7/7/2026, 5:38:15 pm | [2026-07-07T12:08:14.969Z] [LOG] {
  "screen": "WelcomeScreen",
  "event": "SCREEN_OPENED",
  "timestamp": "2026-07-07T12:08:14.969Z"
}
7/7/2026, 5:38:15 pm | [2026-07-07T12:08:15.773Z] [LOG] {
  "screen": "WelcomeScreen",
  "event": "LOGIN_BUTTON_CLICKED",
  "timestamp": "2026-07-07T12:08:15.773Z"
}
7/7/2026, 5:38:15 pm | [2026-07-07T12:08:15.899Z] [LOG] {
  "screen": "LoginScreen",
  "event": "SCREEN_OPENED",
  "timestamp": "2026-07-07T12:08:15.899Z"
}
7/7/2026, 5:38:21 pm | [2026-07-07T12:08:21.984Z] [LOG] {
  "empNo": "",
  "deviceId": "be4ece9305fe11fc"
}
7/7/2026, 5:38:21 pm | [2026-07-07T12:08:21.955Z] [LOG] {
  "screen": "LoginScreen",
  "event": "LOGIN_BUTTON_CLICKED",
  "timestamp": "2026-07-07T12:08:21.955Z"
}
7/7/2026, 5:38:21 pm | [2026-07-07T12:08:21.983Z] [LOG] {
  "screen": "LoginScreen",
  "event": "DEVICE_ID_FETCHED",
  "deviceId": "be4ece9305fe11fc",
  "timestamp": "2026-07-07T12:08:21.983Z"
}
7/7/2026, 5:38:21 pm | [2026-07-07T12:08:21.957Z] [LOG] {
  "screen": "LoginScreen",
  "event": "LOADING_STARTED",
  "timestamp": "2026-07-07T12:08:21.957Z"
}
7/7/2026, 5:38:21 pm | [2026-07-07T12:08:21.986Z] [LOG] {
  "screen": "LoginScreen",
  "event": "LOGIN_API_STARTED",
  "deviceId": "be4ece9305fe11fc",
  "timestamp": "2026-07-07T12:08:21.985Z"
}
7/7/2026, 5:38:22 pm | [2026-07-07T12:08:22.362Z] [LOG] {
  "screen": "LoginScreen",
  "event": "LOGIN_SUCCESS",
  "user": {
    "empNo": "142",
    "employeeName": "T. Mohana Manidhar",
    "branchCode": "18",
    "branchName": "Gollapudi",
    "designation": "Branch Manager"
  },
  "timestamp": "2026-07-07T12:08:22.361Z"
}
7/7/2026, 5:38:22 pm | [2026-07-07T12:08:22.387Z] [LOG] {
  "screen": "LoginScreen",
  "event": "USER_DATA_SAVED",
  "timestamp": "2026-07-07T12:08:22.386Z"
}
7/7/2026, 5:38:22 pm | [2026-07-07T12:08:22.389Z] [LOG] {
  "event": "NAVIGATING_TO_USER"
}
7/7/2026, 5:38:22 pm | [2026-07-07T12:08:22.391Z] [LOG] {
  "screen": "LoginScreen",
  "event": "LOADING_COMPLETED",
  "timestamp": "2026-07-07T12:08:22.391Z"
}
7/7/2026, 5:38:22 pm | [2026-07-07T12:08:22.424Z] [LOG] {
  "screen": "UserDashboard",
  "event": "SCREEN_OPENED",
  "empNo": "UNKNOWN",
  "timestamp": "2026-07-07T12:08:22.424Z"
}
7/7/2026, 5:38:22 pm | [2026-07-07T12:08:22.426Z] [LOG] {
  "screen": "UserDashboard",
  "event": "LOAD_EMPLOYEE_STARTED",
  "empNo": "UNKNOWN",
  "timestamp": "2026-07-07T12:08:22.426Z"
}
7/7/2026, 5:38:22 pm | [2026-07-07T12:08:22.445Z] [LOG] {
  "screen": "UserDashboard",
  "event": "LOGGED_USER_FETCHED",
  "hasUser": true,
  "empNo": "UNKNOWN",
  "timestamp": "2026-07-07T12:08:22.444Z"
}
7/7/2026, 5:38:22 pm | [2026-07-07T12:08:22.446Z] [LOG] {
  "screen": "UserDashboard",
  "event": "EMPLOYEE_API_STARTED",
  "empNo": "142",
  "timestamp": "2026-07-07T12:08:22.446Z"
}
7/7/2026, 5:38:22 pm | [2026-07-07T12:08:14.686Z] [LOG] Running "CashClosingApp"
7/7/2026, 5:38:22 pm | [2026-07-07T12:08:22.609Z] [LOG] {
  "screen": "UserDashboard",
  "event": "EMPLOYEE_DATA_LOADED",
  "empNo": "142",
  "branch": "Gollapudi",
  "designation": "Branch Manager",
  "timestamp": "2026-07-07T12:08:22.608Z"
}
7/7/2026, 5:38:22 pm | [2026-07-07T12:08:22.898Z] [LOG] {
  "screen": "UserDashboard",
  "event": "LAST_SUBMISSION_LOADED",
  "previousDayAmount": 743594,
  "previousDaySubmittedAt": "2026-07-06 17:55:42",
  "formattedPreviousDayTime": "6/7/2026, 5:55 pm",
  "empNo": "",
  "timestamp": "2026-07-07T12:08:22.898Z"
}
7/7/2026, 5:38:22 pm | [2026-07-07T12:08:23.018Z] [LOG] {
  "screen": "UserDashboard",
  "event": "LOADING_COMPLETED",
  "empNo": "UNKNOWN",
  "timestamp": "2026-07-07T12:08:23.018Z"
}
7/7/2026, 5:38:23 pm | [2026-07-07T12:08:26.002Z] [LOG] {
  "screen": "UserDashboard",
  "event": "SAVE_BUTTON_CLICKED",
  "empNo": "547",
  "amount": "632864",
  "isEditing": false,
  "timestamp": "2026-07-07T12:08:26.002Z"
}
7/7/2026, 5:38:24 pm | [2026-07-07T12:08:27.165Z] [LOG] {
  "screen": "UserDashboard",
  "event": "SAVE_CASH_API_STARTED",
  "empNo": "547",
  "amount": "632864",
  "timestamp": "2026-07-07T12:08:27.165Z"
}
7/7/2026, 5:38:24 pm | [2026-07-07T12:08:27.386Z] [LOG] {
  "screen": "UserDashboard",
  "event": "SAVE_CASH_SUCCESS",
  "empNo": "547",
  "savedAmount": "632864",
  "savedAt": "2026-07-07T12:08:27.379Z",
  "formattedSaveTime": "5:38 pm",
  "isEditing": false,
  "timestamp": "2026-07-07T12:08:27.386Z"
}
7/7/2026, 5:38:34 pm | [2026-07-07T12:08:34.320Z] [LOG] {
  "screen": "UserDashboard",
  "event": "SAVE_BUTTON_CLICKED",
  "empNo": "142",
  "amount": "903756",
  "isEditing": false,
  "timestamp": "2026-07-07T12:08:34.320Z"
}
7/7/2026, 5:38:35 pm | [2026-07-07T12:08:35.673Z] [LOG] {
  "screen": "UserDashboard",
  "event": "SAVE_CASH_SUCCESS",
  "empNo": "142",
  "savedAmount": "903756",
  "savedAt": "2026-07-07T12:08:35.669Z",
  "formattedSaveTime": "5:38 pm",
  "isEditing": false,
  "timestamp": "2026-07-07T12:08:35.673Z"
}
7/7/2026, 5:38:35 pm | [2026-07-07T12:08:35.519Z] [LOG] {
  "screen": "UserDashboard",
  "event": "SAVE_CASH_API_STARTED",
  "empNo": "142",
  "amount": "903756",
  "timestamp": "2026-07-07T12:08:35.519Z"
}
7/7/2026, 5:38:59 pm | [2026-07-07T12:09:00.232Z] [LOG] {
  "screen": "UserDashboard",
  "event": "SAVE_BUTTON_CLICKED",
  "empNo": "741",
  "amount": "642000",
  "isEditing": false,
  "timestamp": "2026-07-07T12:09:00.231Z"
}
7/7/2026, 5:39:00 pm | [2026-07-07T12:09:01.118Z] [LOG] {
  "screen": "UserDashboard",
  "event": "SAVE_CASH_API_STARTED",
  "empNo": "741",
  "amount": "642000",
  "timestamp": "2026-07-07T12:09:01.118Z"
}
7/7/2026, 5:39:00 pm | [2026-07-07T12:09:01.419Z] [LOG] {
  "screen": "UserDashboard",
  "event": "SAVE_CASH_SUCCESS",
  "empNo": "741",
  "savedAmount": "642000",
  "savedAt": "2026-07-07T12:09:01.408Z",
  "formattedSaveTime": "5:39 pm",
  "isEditing": false,
  "timestamp": "2026-07-07T12:09:01.419Z"
}
7/7/2026, 5:39:09 pm | [2026-07-07T12:09:12.834Z] [LOG] {
  "screen": "UserDashboard",
  "event": "LOGOUT_CLICKED",
  "empNo": "547",
  "timestamp": "2026-07-07T12:09:12.834Z"
}
7/7/2026, 5:39:09 pm | [2026-07-07T12:09:12.872Z] [LOG] {
  "screen": "LoginScreen",
  "event": "SCREEN_OPENED",
  "timestamp": "2026-07-07T12:09:12.872Z"
}
7/7/2026, 5:40:03 pm | [2026-07-07T12:10:02.719Z] [LOG] Running "CashClosingApp"
7/7/2026, 5:40:03 pm | [2026-07-07T12:10:02.840Z] [LOG] {
  "screen": "WelcomeScreen",
  "event": "SCREEN_OPENED",
  "timestamp": "2026-07-07T12:10:02.840Z"
}
7/7/2026, 5:40:03 pm | [2026-07-07T12:10:04.307Z] [LOG] {
  "screen": "LoginScreen",
  "event": "SCREEN_OPENED",
  "timestamp": "2026-07-07T12:10:04.307Z"
}
7/7/2026, 5:40:03 pm | [2026-07-07T12:10:04.272Z] [LOG] {
  "screen": "WelcomeScreen",
  "event": "LOGIN_BUTTON_CLICKED",
  "timestamp": "2026-07-07T12:10:04.272Z"
}
7/7/2026, 5:40:08 pm | [2026-07-07T12:10:08.541Z] [LOG] {
  "screen": "LoginScreen",
  "event": "LOADING_STARTED",
  "timestamp": "2026-07-07T12:10:08.541Z"
}
7/7/2026, 5:40:08 pm | [2026-07-07T12:10:08.540Z] [LOG] {
  "screen": "LoginScreen",
  "event": "LOGIN_BUTTON_CLICKED",
  "timestamp": "2026-07-07T12:10:08.540Z"
}
7/7/2026, 5:40:08 pm | [2026-07-07T12:10:08.717Z] [LOG] {
  "screen": "LoginScreen",
  "event": "LOGIN_SUCCESS",
  "user": {
    "empNo": "994",
    "employeeName": "Thota Pavan Kumar",
    "branchCode": "20",
    "branchName": "Chilakaluripet",
    "designation": "Branch Manager"
  },
  "timestamp": "2026-07-07T12:10:08.717Z"
}
7/7/2026, 5:40:08 pm | [2026-07-07T12:10:08.735Z] [LOG] {
  "screen": "LoginScreen",
  "event": "USER_DATA_SAVED",
  "timestamp": "2026-07-07T12:10:08.735Z"
}
7/7/2026, 5:40:08 pm | [2026-07-07T12:10:08.554Z] [LOG] {
  "screen": "LoginScreen",
  "event": "LOGIN_API_STARTED",
  "deviceId": "1bd56ff387cd0f2b",
  "timestamp": "2026-07-07T12:10:08.554Z"
}
7/7/2026, 5:40:08 pm | [2026-07-07T12:10:08.553Z] [LOG] {
  "screen": "LoginScreen",
  "event": "DEVICE_ID_FETCHED",
  "deviceId": "1bd56ff387cd0f2b",
  "timestamp": "2026-07-07T12:10:08.553Z"
}
7/7/2026, 5:40:08 pm | [2026-07-07T12:10:08.554Z] [LOG] {
  "empNo": "",
  "deviceId": "1bd56ff387cd0f2b"
}
7/7/2026, 5:40:08 pm | [2026-07-07T12:10:08.738Z] [LOG] {
  "screen": "LoginScreen",
  "event": "LOADING_COMPLETED",
  "timestamp": "2026-07-07T12:10:08.738Z"
}
7/7/2026, 5:40:08 pm | [2026-07-07T12:10:08.736Z] [LOG] {
  "event": "NAVIGATING_TO_USER"
}
7/7/2026, 5:40:08 pm | [2026-07-07T12:10:08.756Z] [LOG] {
  "screen": "UserDashboard",
  "event": "EMPLOYEE_API_STARTED",
  "empNo": "994",
  "timestamp": "2026-07-07T12:10:08.756Z"
}
7/7/2026, 5:40:08 pm | [2026-07-07T12:10:08.749Z] [LOG] {
  "screen": "UserDashboard",
  "event": "SCREEN_OPENED",
  "empNo": "UNKNOWN",
  "timestamp": "2026-07-07T12:10:08.749Z"
}
7/7/2026, 5:40:08 pm | [2026-07-07T12:10:08.752Z] [LOG] {
  "screen": "UserDashboard",
  "event": "LOAD_EMPLOYEE_STARTED",
  "empNo": "UNKNOWN",
  "timestamp": "2026-07-07T12:10:08.752Z"
}
7/7/2026, 5:40:08 pm | [2026-07-07T12:10:08.755Z] [LOG] {
  "screen": "UserDashboard",
  "event": "LOGGED_USER_FETCHED",
  "hasUser": true,
  "empNo": "UNKNOWN",
  "timestamp": "2026-07-07T12:10:08.755Z"
}
7/7/2026, 5:40:08 pm | [2026-07-07T12:10:08.969Z] [LOG] {
  "screen": "UserDashboard",
  "event": "EMPLOYEE_DATA_LOADED",
  "empNo": "994",
  "branch": "Chilakaluripet",
  "designation": "Branch Manager",
  "timestamp": "2026-07-07T12:10:08.968Z"
}
7/7/2026, 5:40:08 pm | [2026-07-07T12:10:09.086Z] [LOG] {
  "screen": "UserDashboard",
  "event": "LAST_SUBMISSION_LOADED",
  "previousDayAmount": 1412572,
  "previousDaySubmittedAt": "2026-07-06 17:52:25",
  "formattedPreviousDayTime": "6/7/2026, 5:52 pm",
  "empNo": "",
  "timestamp": "2026-07-07T12:10:09.086Z"
}
7/7/2026, 5:40:08 pm | [2026-07-07T12:10:09.218Z] [LOG] {
  "screen": "UserDashboard",
  "event": "LOADING_COMPLETED",
  "empNo": "UNKNOWN",
  "timestamp": "2026-07-07T12:10:09.218Z"
}
7/7/2026, 5:40:13 pm | [2026-07-07T12:10:11.779Z] [LOG] {
  "screen": "WelcomeScreen",
  "event": "LOGIN_BUTTON_CLICKED",
  "timestamp": "2026-07-07T12:10:11.779Z"
}
7/7/2026, 5:40:13 pm | [2026-07-07T12:10:11.798Z] [LOG] {
  "screen": "LoginScreen",
  "event": "SCREEN_OPENED",
  "timestamp": "2026-07-07T12:10:11.798Z"
}
7/7/2026, 5:40:13 pm | [2026-07-07T12:10:10.873Z] [LOG] Running "CashClosingApp"
7/7/2026, 5:40:13 pm | [2026-07-07T12:10:11.005Z] [LOG] {
  "screen": "WelcomeScreen",
  "event": "SCREEN_OPENED",
  "timestamp": "2026-07-07T12:10:11.005Z"
}
7/7/2026, 5:40:15 pm | [2026-07-07T12:10:16.172Z] [LOG] {
  "empNo": "",
  "deviceId": "a8480bb3ac923379"
}
7/7/2026, 5:40:15 pm | [2026-07-07T12:10:16.161Z] [LOG] {
  "screen": "LoginScreen",
  "event": "LOGIN_BUTTON_CLICKED",
  "timestamp": "2026-07-07T12:10:16.161Z"
}
7/7/2026, 5:40:15 pm | [2026-07-07T12:10:16.171Z] [LOG] {
  "screen": "LoginScreen",
  "event": "DEVICE_ID_FETCHED",
  "deviceId": "a8480bb3ac923379",
  "timestamp": "2026-07-07T12:10:16.171Z"
}
7/7/2026, 5:40:15 pm | [2026-07-07T12:10:16.163Z] [LOG] {
  "screen": "LoginScreen",
  "event": "LOADING_STARTED",
  "timestamp": "2026-07-07T12:10:16.163Z"
}
7/7/2026, 5:40:15 pm | [2026-07-07T12:10:16.408Z] [LOG] {
  "screen": "LoginScreen",
  "event": "LOGIN_SUCCESS",
  "user": {
    "empNo": "917",
    "employeeName": "Vundavalli Rambabu",
    "branchCode": "45",
    "branchName": "Kankipadu",
    "designation": "Branch Manager"
  },
  "timestamp": "2026-07-07T12:10:16.408Z"
}
7/7/2026, 5:40:15 pm | [2026-07-07T12:10:16.431Z] [LOG] {
  "event": "NAVIGATING_TO_USER"
}
7/7/2026, 5:40:15 pm | [2026-07-07T12:10:16.429Z] [LOG] {
  "screen": "LoginScreen",
  "event": "USER_DATA_SAVED",
  "timestamp": "2026-07-07T12:10:16.429Z"
}
7/7/2026, 5:40:15 pm | [2026-07-07T12:10:16.431Z] [LOG] {
  "screen": "LoginScreen",
  "event": "LOADING_COMPLETED",
  "timestamp": "2026-07-07T12:10:16.431Z"
}
7/7/2026, 5:40:15 pm | [2026-07-07T12:10:16.172Z] [LOG] {
  "screen": "LoginScreen",
  "event": "LOGIN_API_STARTED",
  "deviceId": "a8480bb3ac923379",
  "timestamp": "2026-07-07T12:10:16.172Z"
}
7/7/2026, 5:40:15 pm | [2026-07-07T12:10:16.444Z] [LOG] {
  "screen": "UserDashboard",
  "event": "LOAD_EMPLOYEE_STARTED",
  "empNo": "UNKNOWN",
  "timestamp": "2026-07-07T12:10:16.444Z"
}
7/7/2026, 5:40:15 pm | [2026-07-07T12:10:16.443Z] [LOG] {
  "screen": "UserDashboard",
  "event": "SCREEN_OPENED",
  "empNo": "UNKNOWN",
  "timestamp": "2026-07-07T12:10:16.443Z"
}
7/7/2026, 5:40:15 pm | [2026-07-07T12:10:16.447Z] [LOG] {
  "screen": "UserDashboard",
  "event": "LOGGED_USER_FETCHED",
  "hasUser": true,
  "empNo": "UNKNOWN",
  "timestamp": "2026-07-07T12:10:16.447Z"
}
7/7/2026, 5:40:15 pm | [2026-07-07T12:10:16.447Z] [LOG] {
  "screen": "UserDashboard",
  "event": "EMPLOYEE_API_STARTED",
  "empNo": "917",
  "timestamp": "2026-07-07T12:10:16.447Z"
}
7/7/2026, 5:40:15 pm | [2026-07-07T12:10:16.603Z] [LOG] {
  "screen": "UserDashboard",
  "event": "EMPLOYEE_DATA_LOADED",
  "empNo": "917",
  "branch": "Kankipadu",
  "designation": "Branch Manager",
  "timestamp": "2026-07-07T12:10:16.603Z"
}
7/7/2026, 5:40:15 pm | [2026-07-07T12:10:16.807Z] [LOG] {
  "screen": "UserDashboard",
  "event": "LAST_SUBMISSION_LOADED",
  "previousDayAmount": 400000,
  "previousDaySubmittedAt": "2026-07-06 18:11:05",
  "formattedPreviousDayTime": "6/7/2026, 6:11 pm",
  "empNo": "",
  "timestamp": "2026-07-07T12:10:16.807Z"
}
7/7/2026, 5:40:15 pm | [2026-07-07T12:10:16.928Z] [LOG] {
  "screen": "UserDashboard",
  "event": "LOADING_COMPLETED",
  "empNo": "UNKNOWN",
  "timestamp": "2026-07-07T12:10:16.928Z"
}
7/7/2026, 5:40:23 pm | [2026-07-07T12:10:24.272Z] [LOG] {
  "screen": "UserDashboard",
  "event": "SAVE_BUTTON_CLICKED",
  "empNo": "917",
  "amount": "400000",
  "isEditing": false,
  "timestamp": "2026-07-07T12:10:24.272Z"
}
7/7/2026, 5:40:24 pm | [2026-07-07T12:10:25.364Z] [LOG] {
  "screen": "UserDashboard",
  "event": "SAVE_CASH_API_STARTED",
  "empNo": "917",
  "amount": "400000",
  "timestamp": "2026-07-07T12:10:25.364Z"
}
7/7/2026, 5:40:24 pm | [2026-07-07T12:10:25.670Z] [LOG] {
  "screen": "UserDashboard",
  "event": "SAVE_CASH_SUCCESS",
  "empNo": "917",
  "savedAmount": "400000",
  "savedAt": "2026-07-07T12:10:25.662Z",
  "formattedSaveTime": "5:40 pm",
  "isEditing": false,
  "timestamp": "2026-07-07T12:10:25.670Z"
}
7/7/2026, 5:40:26 pm | [2026-07-07T12:10:27.798Z] [LOG] {
  "screen": "WelcomeScreen",
  "event": "SCREEN_OPENED",
  "timestamp": "2026-07-07T12:10:27.798Z"
}
7/7/2026, 5:40:26 pm | [2026-07-07T12:10:27.647Z] [LOG] Running "CashClosingApp"
7/7/2026, 5:40:26 pm | [2026-07-07T12:10:28.597Z] [LOG] {
  "screen": "WelcomeScreen",
  "event": "LOGIN_BUTTON_CLICKED",
  "timestamp": "2026-07-07T12:10:28.593Z"
}
7/7/2026, 5:40:26 pm | [2026-07-07T12:10:28.617Z] [LOG] {
  "screen": "LoginScreen",
  "event": "SCREEN_OPENED",
  "timestamp": "2026-07-07T12:10:28.617Z"
}
7/7/2026, 5:40:27 pm | [2026-07-07T12:10:28.268Z] [LOG] {
  "screen": "UserDashboard",
  "event": "SAVE_BUTTON_CLICKED",
  "empNo": "917",
  "amount": "400000",
  "isEditing": true,
  "timestamp": "2026-07-07T12:10:28.267Z"
}
7/7/2026, 5:40:28 pm | [2026-07-07T12:10:29.134Z] [LOG] {
  "screen": "UserDashboard",
  "event": "SAVE_CASH_API_STARTED",
  "empNo": "917",
  "amount": "400000",
  "timestamp": "2026-07-07T12:10:29.133Z"
}
7/7/2026, 5:40:28 pm | [2026-07-07T12:10:29.252Z] [LOG] {
  "screen": "UserDashboard",
  "event": "SAVE_CASH_SUCCESS",
  "empNo": "917",
  "savedAmount": "400000",
  "savedAt": "2026-07-07T12:10:29.243Z",
  "formattedSaveTime": "5:40 pm",
  "isEditing": true,
  "timestamp": "2026-07-07T12:10:29.252Z"
}
7/7/2026, 5:40:30 pm | [2026-07-07T12:10:32.742Z] [LOG] {
  "screen": "LoginScreen",
  "event": "LOGIN_BUTTON_CLICKED",
  "timestamp": "2026-07-07T12:10:32.742Z"
}
7/7/2026, 5:40:30 pm | [2026-07-07T12:10:32.743Z] [LOG] {
  "screen": "LoginScreen",
  "event": "LOADING_STARTED",
  "timestamp": "2026-07-07T12:10:32.743Z"
}
7/7/2026, 5:40:30 pm | [2026-07-07T12:10:31.965Z] [LOG] {
  "screen": "WelcomeScreen",
  "event": "LOGIN_BUTTON_CLICKED",
  "timestamp": "2026-07-07T12:10:31.965Z"
}
7/7/2026, 5:40:30 pm | [2026-07-07T12:10:31.985Z] [LOG] {
  "screen": "LoginScreen",
  "event": "SCREEN_OPENED",
  "timestamp": "2026-07-07T12:10:31.985Z"
}
7/7/2026, 5:40:31 pm | [2026-07-07T12:10:32.892Z] [LOG] {
  "screen": "LoginScreen",
  "event": "LOGIN_SUCCESS",
  "user": {
    "empNo": "517",
    "employeeName": "Ch Durga Lakshmi Vani",
    "branchCode": "21",
    "branchName": "Kothapet",
    "designation": "Branch Manager"
  },
  "timestamp": "2026-07-07T12:10:32.892Z"
}
7/7/2026, 5:40:31 pm | [2026-07-07T12:10:32.752Z] [LOG] {
  "screen": "LoginScreen",
  "event": "LOGIN_API_STARTED",
  "deviceId": "cadc6a198c0ad99c",
  "timestamp": "2026-07-07T12:10:32.752Z"
}
7/7/2026, 5:40:31 pm | [2026-07-07T12:10:32.902Z] [LOG] {
  "screen": "LoginScreen",
  "event": "USER_DATA_SAVED",
  "timestamp": "2026-07-07T12:10:32.901Z"
}
7/7/2026, 5:40:31 pm | [2026-07-07T12:10:32.903Z] [LOG] {
  "event": "NAVIGATING_TO_USER"
}
7/7/2026, 5:40:31 pm | [2026-07-07T12:10:32.751Z] [LOG] {
  "screen": "LoginScreen",
  "event": "DEVICE_ID_FETCHED",
  "deviceId": "cadc6a198c0ad99c",
  "timestamp": "2026-07-07T12:10:32.751Z"
}
7/7/2026, 5:40:31 pm | [2026-07-07T12:10:32.751Z] [LOG] {
  "empNo": "",
  "deviceId": "cadc6a198c0ad99c"
}
7/7/2026, 5:40:31 pm | [2026-07-07T12:10:32.904Z] [LOG] {
  "screen": "LoginScreen",
  "event": "LOADING_COMPLETED",
  "timestamp": "2026-07-07T12:10:32.904Z"
}
7/7/2026, 5:40:31 pm | [2026-07-07T12:10:32.913Z] [LOG] {
  "screen": "UserDashboard",
  "event": "SCREEN_OPENED",
  "empNo": "UNKNOWN",
  "timestamp": "2026-07-07T12:10:32.913Z"
}
7/7/2026, 5:40:31 pm | [2026-07-07T12:10:32.924Z] [LOG] {
  "screen": "UserDashboard",
  "event": "LOGGED_USER_FETCHED",
  "hasUser": true,
  "empNo": "UNKNOWN",
  "timestamp": "2026-07-07T12:10:32.924Z"
}
7/7/2026, 5:40:31 pm | [2026-07-07T12:10:32.916Z] [LOG] {
  "screen": "UserDashboard",
  "event": "LOAD_EMPLOYEE_STARTED",
  "empNo": "UNKNOWN",
  "timestamp": "2026-07-07T12:10:32.916Z"
}
7/7/2026, 5:40:31 pm | [2026-07-07T12:10:32.927Z] [LOG] {
  "screen": "UserDashboard",
  "event": "EMPLOYEE_API_STARTED",
  "empNo": "517",
  "timestamp": "2026-07-07T12:10:32.927Z"
}
7/7/2026, 5:40:31 pm | [2026-07-07T12:10:33.084Z] [LOG] {
  "screen": "UserDashboard",
  "event": "EMPLOYEE_DATA_LOADED",
  "empNo": "517",
  "branch": "Kothapet",
  "designation": "Branch Manager",
  "timestamp": "2026-07-07T12:10:33.084Z"
}
7/7/2026, 5:40:31 pm | [2026-07-07T12:10:33.203Z] [LOG] {
  "screen": "UserDashboard",
  "event": "LAST_SUBMISSION_LOADED",
  "previousDayAmount": 1600000,
  "previousDaySubmittedAt": "2026-07-06 17:39:20",
  "formattedPreviousDayTime": "6/7/2026, 5:39 pm",
  "empNo": "",
  "timestamp": "2026-07-07T12:10:33.203Z"
}
7/7/2026, 5:40:31 pm | [2026-07-07T12:10:33.270Z] [LOG] {
  "screen": "UserDashboard",
  "event": "LOADING_COMPLETED",
  "empNo": "UNKNOWN",
  "timestamp": "2026-07-07T12:10:33.270Z"
}
7/7/2026, 5:40:34 pm | [2026-07-07T12:10:35.977Z] [LOG] {
  "screen": "LoginScreen",
  "event": "LOGIN_BUTTON_CLICKED",
  "timestamp": "2026-07-07T12:10:35.977Z"
}
7/7/2026, 5:40:34 pm | [2026-07-07T12:10:35.978Z] [LOG] {
  "screen": "LoginScreen",
  "event": "LOADING_STARTED",
  "timestamp": "2026-07-07T12:10:35.978Z"
}
7/7/2026, 5:40:35 pm | [2026-07-07T12:10:36.158Z] [LOG] {
  "screen": "LoginScreen",
  "event": "LOGIN_SUCCESS",
  "user": {
    "empNo": "917",
    "employeeName": "Vundavalli Rambabu",
    "branchCode": "45",
    "branchName": "Kankipadu",
    "designation": "Branch Manager"
  },
  "timestamp": "2026-07-07T12:10:36.158Z"
}
7/7/2026, 5:40:35 pm | [2026-07-07T12:10:36.162Z] [LOG] {
  "screen": "LoginScreen",
  "event": "USER_DATA_SAVED",
  "timestamp": "2026-07-07T12:10:36.162Z"
}
7/7/2026, 5:40:35 pm | [2026-07-07T12:10:36.163Z] [LOG] {
  "event": "NAVIGATING_TO_USER"
}
7/7/2026, 5:40:35 pm | [2026-07-07T12:10:36.164Z] [LOG] {
  "screen": "LoginScreen",
  "event": "LOADING_COMPLETED",
  "timestamp": "2026-07-07T12:10:36.164Z"
}
7/7/2026, 5:40:35 pm | [2026-07-07T12:10:35.984Z] [LOG] {
  "screen": "LoginScreen",
  "event": "DEVICE_ID_FETCHED",
  "deviceId": "a8480bb3ac923379",
  "timestamp": "2026-07-07T12:10:35.984Z"
}
7/7/2026, 5:40:35 pm | [2026-07-07T12:10:35.985Z] [LOG] {
  "screen": "LoginScreen",
  "event": "LOGIN_API_STARTED",
  "deviceId": "a8480bb3ac923379",
  "timestamp": "2026-07-07T12:10:35.985Z"
}
7/7/2026, 5:40:35 pm | [2026-07-07T12:10:35.984Z] [LOG] {
  "empNo": "",
  "deviceId": "a8480bb3ac923379"
}
7/7/2026, 5:40:35 pm | [2026-07-07T12:10:36.173Z] [LOG] {
  "screen": "UserDashboard",
  "event": "SCREEN_OPENED",
  "empNo": "UNKNOWN",
  "timestamp": "2026-07-07T12:10:36.173Z"
}
7/7/2026, 5:40:35 pm | [2026-07-07T12:10:36.173Z] [LOG] {
  "screen": "UserDashboard",
  "event": "LOAD_EMPLOYEE_STARTED",
  "empNo": "UNKNOWN",
  "timestamp": "2026-07-07T12:10:36.173Z"
}
7/7/2026, 5:40:35 pm | [2026-07-07T12:10:36.175Z] [LOG] {
  "screen": "UserDashboard",
  "event": "LOGGED_USER_FETCHED",
  "hasUser": true,
  "empNo": "UNKNOWN",
  "timestamp": "2026-07-07T12:10:36.175Z"
}
7/7/2026, 5:40:35 pm | [2026-07-07T12:10:36.175Z] [LOG] {
  "screen": "UserDashboard",
  "event": "EMPLOYEE_API_STARTED",
  "empNo": "917",
  "timestamp": "2026-07-07T12:10:36.175Z"
}
7/7/2026, 5:40:35 pm | [2026-07-07T12:10:36.346Z] [LOG] {
  "screen": "UserDashboard",
  "event": "EMPLOYEE_DATA_LOADED",
  "empNo": "917",
  "branch": "Kankipadu",
  "designation": "Branch Manager",
  "timestamp": "2026-07-07T12:10:36.346Z"
}
7/7/2026, 5:40:35 pm | [2026-07-07T12:10:36.431Z] [LOG] {
  "screen": "UserDashboard",
  "event": "LAST_SUBMISSION_LOADED",
  "previousDayAmount": 400000,
  "previousDaySubmittedAt": "2026-07-06 18:11:05",
  "formattedPreviousDayTime": "6/7/2026, 6:11 pm",
  "empNo": "",
  "timestamp": "2026-07-07T12:10:36.431Z"
}
7/7/2026, 5:40:35 pm | [2026-07-07T12:10:36.497Z] [LOG] {
  "screen": "UserDashboard",
  "event": "TODAY_CASH_LOADED",
  "todayAmount": 400000,
  "todayModifiedAt": "2026-07-07 17:40:29",
  "formattedTodayTime": "5:40 pm",
  "empNo": "",
  "timestamp": "2026-07-07T12:10:36.497Z"
}
7/7/2026, 5:40:35 pm | [2026-07-07T12:10:36.497Z] [LOG] {
  "screen": "UserDashboard",
  "event": "LOADING_COMPLETED",
  "empNo": "UNKNOWN",
  "timestamp": "2026-07-07T12:10:36.497Z"
}
7/7/2026, 5:40:36 pm | [2026-07-07T12:10:37.854Z] [LOG] {
  "screen": "WelcomeScreen",
  "event": "SCREEN_OPENED",
  "timestamp": "2026-07-07T12:10:37.854Z"
}
7/7/2026, 5:40:36 pm | [2026-07-07T12:10:37.728Z] [LOG] Running "CashClosingApp"
7/7/2026, 5:40:39 pm | [2026-07-07T12:10:40.874Z] [LOG] {
  "screen": "UserDashboard",
  "event": "SAVE_BUTTON_CLICKED",
  "empNo": "517",
  "amount": "300000",
  "isEditing": false,
  "timestamp": "2026-07-07T12:10:40.874Z"
}
7/7/2026, 5:40:39 pm | [2026-07-07T12:10:41.830Z] [LOG] {
  "screen": "UserDashboard",
  "event": "SAVE_CASH_API_STARTED",
  "empNo": "517",
  "amount": "300000",
  "timestamp": "2026-07-07T12:10:41.829Z"
}
7/7/2026, 5:40:40 pm | [2026-07-07T12:10:42.193Z] [LOG] {
  "screen": "UserDashboard",
  "event": "SAVE_CASH_SUCCESS",
  "empNo": "517",
  "savedAmount": "300000",
  "savedAt": "2026-07-07T12:10:42.190Z",
  "formattedSaveTime": "5:40 pm",
  "isEditing": false,
  "timestamp": "2026-07-07T12:10:42.193Z"
}
7/7/2026, 5:40:44 pm | [2026-07-07T12:10:44.479Z] [LOG] {
  "screen": "UserDashboard",
  "event": "SAVE_BUTTON_CLICKED",
  "empNo": "994",
  "amount": "1192342",
  "isEditing": false,
  "timestamp": "2026-07-07T12:10:44.479Z"
}
7/7/2026, 5:40:45 pm | [2026-07-07T12:10:45.657Z] [LOG] {
  "screen": "UserDashboard",
  "event": "SAVE_CASH_API_STARTED",
  "empNo": "994",
  "amount": "1192342",
  "timestamp": "2026-07-07T12:10:45.657Z"
}
7/7/2026, 5:40:45 pm | [2026-07-07T12:10:45.940Z] [LOG] {
  "screen": "UserDashboard",
  "event": "SAVE_CASH_SUCCESS",
  "empNo": "994",
  "savedAmount": "1192342",
  "savedAt": "2026-07-07T12:10:45.935Z",
  "formattedSaveTime": "5:40 pm",
  "isEditing": false,
  "timestamp": "2026-07-07T12:10:45.940Z"
}
7/7/2026, 5:40:53 pm | [2026-07-07T12:10:55.163Z] [LOG] {
  "screen": "WelcomeScreen",
  "event": "SCREEN_OPENED",
  "timestamp": "2026-07-07T12:10:55.163Z"
}
7/7/2026, 5:40:53 pm | [2026-07-07T12:10:55.032Z] [LOG] Running "CashClosingApp"
7/7/2026, 5:40:54 pm | [2026-07-07T12:10:56.120Z] [LOG] {
  "screen": "WelcomeScreen",
  "event": "LOGIN_BUTTON_CLICKED",
  "timestamp": "2026-07-07T12:10:56.117Z"
}
7/7/2026, 5:40:54 pm | [2026-07-07T12:10:56.144Z] [LOG] {
  "screen": "LoginScreen",
  "event": "SCREEN_OPENED",
  "timestamp": "2026-07-07T12:10:56.144Z"
}
7/7/2026, 5:40:57 pm | [2026-07-07T12:10:59.455Z] [LOG] {
  "screen": "LoginScreen",
  "event": "LOADING_STARTED",
  "timestamp": "2026-07-07T12:10:59.455Z"
}
7/7/2026, 5:40:57 pm | [2026-07-07T12:10:59.454Z] [LOG] {
  "screen": "LoginScreen",
  "event": "LOGIN_BUTTON_CLICKED",
  "timestamp": "2026-07-07T12:10:59.454Z"
}
7/7/2026, 5:40:58 pm | [2026-07-07T12:10:59.553Z] [LOG] {
  "screen": "LoginScreen",
  "event": "LOGIN_SUCCESS",
  "user": {
    "empNo": "413",
    "employeeName": "A.N.V.Krishna Prasad",
    "branchCode": "52",
    "branchName": "One Town",
    "designation": "Branch Manager"
  },
  "timestamp": "2026-07-07T12:10:59.553Z"
}
7/7/2026, 5:40:58 pm | [2026-07-07T12:10:59.569Z] [LOG] {
  "screen": "LoginScreen",
  "event": "USER_DATA_SAVED",
  "timestamp": "2026-07-07T12:10:59.569Z"
}
7/7/2026, 5:40:58 pm | [2026-07-07T12:10:59.461Z] [LOG] {
  "screen": "LoginScreen",
  "event": "DEVICE_ID_FETCHED",
  "deviceId": "e7e9d11886e60564",
  "timestamp": "2026-07-07T12:10:59.461Z"
}
7/7/2026, 5:40:58 pm | [2026-07-07T12:10:59.462Z] [LOG] {
  "screen": "LoginScreen",
  "event": "LOGIN_API_STARTED",
  "deviceId": "e7e9d11886e60564",
  "timestamp": "2026-07-07T12:10:59.462Z"
}
7/7/2026, 5:40:58 pm | [2026-07-07T12:10:59.572Z] [LOG] {
  "event": "NAVIGATING_TO_USER"
}
7/7/2026, 5:40:58 pm | [2026-07-07T12:10:59.461Z] [LOG] {
  "empNo": "",
  "deviceId": "e7e9d11886e60564"
}
7/7/2026, 5:40:58 pm | [2026-07-07T12:10:59.578Z] [LOG] {
  "screen": "LoginScreen",
  "event": "LOADING_COMPLETED",
  "timestamp": "2026-07-07T12:10:59.578Z"
}
7/7/2026, 5:40:58 pm | [2026-07-07T12:10:59.595Z] [LOG] {
  "screen": "UserDashboard",
  "event": "SCREEN_OPENED",
  "empNo": "UNKNOWN",
  "timestamp": "2026-07-07T12:10:59.595Z"
}
7/7/2026, 5:40:58 pm | [2026-07-07T12:10:59.597Z] [LOG] {
  "screen": "UserDashboard",
  "event": "LOAD_EMPLOYEE_STARTED",
  "empNo": "UNKNOWN",
  "timestamp": "2026-07-07T12:10:59.597Z"
}
7/7/2026, 5:40:58 pm | [2026-07-07T12:10:59.614Z] [LOG] {
  "screen": "UserDashboard",
  "event": "LOGGED_USER_FETCHED",
  "hasUser": true,
  "empNo": "UNKNOWN",
  "timestamp": "2026-07-07T12:10:59.614Z"
}
7/7/2026, 5:40:58 pm | [2026-07-07T12:10:59.615Z] [LOG] {
  "screen": "UserDashboard",
  "event": "EMPLOYEE_API_STARTED",
  "empNo": "413",
  "timestamp": "2026-07-07T12:10:59.615Z"
}
7/7/2026, 5:40:58 pm | [2026-07-07T12:10:59.731Z] [LOG] {
  "screen": "UserDashboard",
  "event": "EMPLOYEE_DATA_LOADED",
  "empNo": "413",
  "branch": "One Town",
  "designation": "Branch Manager",
  "timestamp": "2026-07-07T12:10:59.731Z"
}
7/7/2026, 5:40:58 pm | [2026-07-07T12:10:59.867Z] [LOG] {
  "screen": "UserDashboard",
  "event": "LAST_SUBMISSION_LOADED",
  "previousDayAmount": 490000,
  "previousDaySubmittedAt": "2026-07-06 17:44:08",
  "formattedPreviousDayTime": "6/7/2026, 5:44 pm",
  "empNo": "",
  "timestamp": "2026-07-07T12:10:59.867Z"
}
7/7/2026, 5:40:58 pm | [2026-07-07T12:10:59.926Z] [LOG] {
  "screen": "UserDashboard",
  "event": "LOADING_COMPLETED",
  "empNo": "UNKNOWN",
  "timestamp": "2026-07-07T12:10:59.926Z"
}
7/7/2026, 5:41:05 pm | [2026-07-07T12:11:06.762Z] [LOG] {
  "screen": "WelcomeScreen",
  "event": "LOGIN_BUTTON_CLICKED",
  "timestamp": "2026-07-07T12:11:06.762Z"
}
7/7/2026, 5:41:05 pm | [2026-07-07T12:11:06.866Z] [LOG] {
  "screen": "LoginScreen",
  "event": "SCREEN_OPENED",
  "timestamp": "2026-07-07T12:11:06.866Z"
}
7/7/2026, 5:41:06 pm | [2026-07-07T12:11:07.307Z] [LOG] Running "CashClosingApp"
7/7/2026, 5:41:06 pm | [2026-07-07T12:11:07.427Z] [LOG] {
  "screen": "WelcomeScreen",
  "event": "SCREEN_OPENED",
  "timestamp": "2026-07-07T12:11:07.427Z"
}
7/7/2026, 5:41:06 pm | [2026-07-07T12:11:08.057Z] [LOG] {
  "screen": "UserDashboard",
  "event": "SAVE_BUTTON_CLICKED",
  "empNo": "413",
  "amount": "800000",
  "isEditing": false,
  "timestamp": "2026-07-07T12:11:08.056Z"
}
7/7/2026, 5:41:08 pm | [2026-07-07T12:11:09.525Z] [LOG] {
  "screen": "UserDashboard",
  "event": "SAVE_CASH_API_STARTED",
  "empNo": "413",
  "amount": "800000",
  "timestamp": "2026-07-07T12:11:09.525Z"
}
7/7/2026, 5:41:08 pm | [2026-07-07T12:11:09.747Z] [LOG] {
  "screen": "UserDashboard",
  "event": "SAVE_CASH_SUCCESS",
  "empNo": "413",
  "savedAmount": "800000",
  "savedAt": "2026-07-07T12:11:09.737Z",
  "formattedSaveTime": "5:41 pm",
  "isEditing": false,
  "timestamp": "2026-07-07T12:11:09.747Z"
}
7/7/2026, 5:41:09 pm | [2026-07-07T12:11:10.875Z] [LOG] {
  "screen": "LoginScreen",
  "event": "LOGIN_BUTTON_CLICKED",
  "timestamp": "2026-07-07T12:11:10.875Z"
}
7/7/2026, 5:41:09 pm | [2026-07-07T12:11:10.877Z] [LOG] {
  "screen": "LoginScreen",
  "event": "LOADING_STARTED",
  "timestamp": "2026-07-07T12:11:10.877Z"
}
7/7/2026, 5:41:09 pm | [2026-07-07T12:11:11.027Z] [LOG] {
  "screen": "LoginScreen",
  "event": "LOGIN_SUCCESS",
  "user": {
    "empNo": "784",
    "employeeName": "KVVN Dinesh",
    "branchCode": "19",
    "branchName": "Devarapalli",
    "designation": "Branch Manager"
  },
  "timestamp": "2026-07-07T12:11:11.027Z"
}
7/7/2026, 5:41:09 pm | [2026-07-07T12:11:11.046Z] [LOG] {
  "screen": "LoginScreen",
  "event": "USER_DATA_SAVED",
  "timestamp": "2026-07-07T12:11:11.046Z"
}
7/7/2026, 5:41:09 pm | [2026-07-07T12:11:11.049Z] [LOG] {
  "event": "NAVIGATING_TO_USER"
}
7/7/2026, 5:41:09 pm | [2026-07-07T12:11:10.898Z] [LOG] {
  "screen": "LoginScreen",
  "event": "LOGIN_API_STARTED",
  "deviceId": "17bb83ca3721b672",
  "timestamp": "2026-07-07T12:11:10.898Z"
}
7/7/2026, 5:41:09 pm | [2026-07-07T12:11:11.050Z] [LOG] {
  "screen": "LoginScreen",
  "event": "LOADING_COMPLETED",
  "timestamp": "2026-07-07T12:11:11.050Z"
}
7/7/2026, 5:41:09 pm | [2026-07-07T12:11:10.894Z] [LOG] {
  "screen": "LoginScreen",
  "event": "DEVICE_ID_FETCHED",
  "deviceId": "17bb83ca3721b672",
  "timestamp": "2026-07-07T12:11:10.894Z"
}
7/7/2026, 5:41:09 pm | [2026-07-07T12:11:10.896Z] [LOG] {
  "empNo": "",
  "deviceId": "17bb83ca3721b672"
}
7/7/2026, 5:41:09 pm | [2026-07-07T12:11:11.070Z] [LOG] {
  "screen": "UserDashboard",
  "event": "SCREEN_OPENED",
  "empNo": "UNKNOWN",
  "timestamp": "2026-07-07T12:11:11.070Z"
}
7/7/2026, 5:41:09 pm | [2026-07-07T12:11:11.071Z] [LOG] {
  "screen": "UserDashboard",
  "event": "LOAD_EMPLOYEE_STARTED",
  "empNo": "UNKNOWN",
  "timestamp": "2026-07-07T12:11:11.071Z"
}
7/7/2026, 5:41:09 pm | [2026-07-07T12:11:11.075Z] [LOG] {
  "screen": "UserDashboard",
  "event": "LOGGED_USER_FETCHED",
  "hasUser": true,
  "empNo": "UNKNOWN",
  "timestamp": "2026-07-07T12:11:11.074Z"
}
7/7/2026, 5:41:09 pm | [2026-07-07T12:11:11.076Z] [LOG] {
  "screen": "UserDashboard",
  "event": "EMPLOYEE_API_STARTED",
  "empNo": "784",
  "timestamp": "2026-07-07T12:11:11.076Z"
}
7/7/2026, 5:41:09 pm | [2026-07-07T12:11:11.287Z] [LOG] {
  "screen": "UserDashboard",
  "event": "EMPLOYEE_DATA_LOADED",
  "empNo": "784",
  "branch": "Devarapalli",
  "designation": "Branch Manager",
  "timestamp": "2026-07-07T12:11:11.287Z"
}
7/7/2026, 5:41:10 pm | [2026-07-07T12:11:11.527Z] [LOG] {
  "screen": "UserDashboard",
  "event": "LAST_SUBMISSION_LOADED",
  "previousDayAmount": 1575000,
  "previousDaySubmittedAt": "2026-07-06 17:43:19",
  "formattedPreviousDayTime": "6/7/2026, 5:43 pm",
  "empNo": "",
  "timestamp": "2026-07-07T12:11:11.527Z"
}
7/7/2026, 5:41:10 pm | [2026-07-07T12:11:11.629Z] [LOG] {
  "screen": "UserDashboard",
  "event": "LOADING_COMPLETED",
  "empNo": "UNKNOWN",
  "timestamp": "2026-07-07T12:11:11.629Z"
}
7/7/2026, 5:41:34 pm | [2026-07-07T12:11:35.413Z] [LOG] {
  "screen": "UserDashboard",
  "event": "SAVE_BUTTON_CLICKED",
  "empNo": "784",
  "amount": "1785000",
  "isEditing": false,
  "timestamp": "2026-07-07T12:11:35.413Z"
}
7/7/2026, 5:41:35 pm | [2026-07-07T12:11:36.542Z] [LOG] {
  "screen": "UserDashboard",
  "event": "SAVE_CASH_API_STARTED",
  "empNo": "784",
  "amount": "1785000",
  "timestamp": "2026-07-07T12:11:36.541Z"
}
7/7/2026, 5:41:35 pm | [2026-07-07T12:11:36.886Z] [LOG] {
  "screen": "UserDashboard",
  "event": "SAVE_CASH_SUCCESS",
  "empNo": "784",
  "savedAmount": "1785000",
  "savedAt": "2026-07-07T12:11:36.878Z",
  "formattedSaveTime": "5:41 pm",
  "isEditing": false,
  "timestamp": "2026-07-07T12:11:36.886Z"
}
7/7/2026, 5:43:22 pm | [2026-07-07T12:13:21.923Z] [LOG] {
  "screen": "WelcomeScreen",
  "event": "SCREEN_OPENED",
  "timestamp": "2026-07-07T12:13:21.923Z"
}
7/7/2026, 5:43:22 pm | [2026-07-07T12:13:21.775Z] [LOG] Running "CashClosingApp"
7/7/2026, 5:43:22 pm | [2026-07-07T12:13:24.011Z] [LOG] {
  "screen": "WelcomeScreen",
  "event": "LOGIN_BUTTON_CLICKED",
  "timestamp": "2026-07-07T12:13:24.006Z"
}
7/7/2026, 5:43:22 pm | [2026-07-07T12:13:24.077Z] [LOG] {
  "screen": "LoginScreen",
  "event": "SCREEN_OPENED",
  "timestamp": "2026-07-07T12:13:24.077Z"
}
7/7/2026, 5:43:25 pm | [2026-07-07T12:13:27.052Z] [LOG] {
  "screen": "LoginScreen",
  "event": "LOADING_STARTED",
  "timestamp": "2026-07-07T12:13:27.052Z"
}
7/7/2026, 5:43:25 pm | [2026-07-07T12:13:27.050Z] [LOG] {
  "screen": "LoginScreen",
  "event": "LOGIN_BUTTON_CLICKED",
  "timestamp": "2026-07-07T12:13:27.050Z"
}
7/7/2026, 5:43:25 pm | [2026-07-07T12:13:27.213Z] [LOG] {
  "screen": "LoginScreen",
  "event": "LOGIN_SUCCESS",
  "user": {
    "empNo": "601",
    "employeeName": "G Divya Raju",
    "branchCode": "49",
    "branchName": "Tuni",
    "designation": "Branch Manager"
  },
  "timestamp": "2026-07-07T12:13:27.213Z"
}
7/7/2026, 5:43:25 pm | [2026-07-07T12:13:27.225Z] [LOG] {
  "screen": "LoginScreen",
  "event": "USER_DATA_SAVED",
  "timestamp": "2026-07-07T12:13:27.225Z"
}
7/7/2026, 5:43:25 pm | [2026-07-07T12:13:27.060Z] [LOG] {
  "screen": "LoginScreen",
  "event": "DEVICE_ID_FETCHED",
  "deviceId": "f6a3b291f7315431",
  "timestamp": "2026-07-07T12:13:27.060Z"
}
7/7/2026, 5:43:25 pm | [2026-07-07T12:13:27.061Z] [LOG] {
  "empNo": "",
  "deviceId": "f6a3b291f7315431"
}
7/7/2026, 5:43:25 pm | [2026-07-07T12:13:27.061Z] [LOG] {
  "screen": "LoginScreen",
  "event": "LOGIN_API_STARTED",
  "deviceId": "f6a3b291f7315431",
  "timestamp": "2026-07-07T12:13:27.061Z"
}
7/7/2026, 5:43:25 pm | [2026-07-07T12:13:27.226Z] [LOG] {
  "event": "NAVIGATING_TO_USER"
}
7/7/2026, 5:43:25 pm | [2026-07-07T12:13:27.227Z] [LOG] {
  "screen": "LoginScreen",
  "event": "LOADING_COMPLETED",
  "timestamp": "2026-07-07T12:13:27.227Z"
}
7/7/2026, 5:43:25 pm | [2026-07-07T12:13:27.246Z] [LOG] {
  "screen": "UserDashboard",
  "event": "LOGGED_USER_FETCHED",
  "hasUser": true,
  "empNo": "UNKNOWN",
  "timestamp": "2026-07-07T12:13:27.246Z"
}
7/7/2026, 5:43:25 pm | [2026-07-07T12:13:27.242Z] [LOG] {
  "screen": "UserDashboard",
  "event": "SCREEN_OPENED",
  "empNo": "UNKNOWN",
  "timestamp": "2026-07-07T12:13:27.242Z"
}
7/7/2026, 5:43:25 pm | [2026-07-07T12:13:27.242Z] [LOG] {
  "screen": "UserDashboard",
  "event": "LOAD_EMPLOYEE_STARTED",
  "empNo": "UNKNOWN",
  "timestamp": "2026-07-07T12:13:27.242Z"
}
7/7/2026, 5:43:25 pm | [2026-07-07T12:13:27.246Z] [LOG] {
  "screen": "UserDashboard",
  "event": "EMPLOYEE_API_STARTED",
  "empNo": "601",
  "timestamp": "2026-07-07T12:13:27.246Z"
}
7/7/2026, 5:43:25 pm | [2026-07-07T12:13:27.476Z] [LOG] {
  "screen": "UserDashboard",
  "event": "EMPLOYEE_DATA_LOADED",
  "empNo": "601",
  "branch": "Tuni",
  "designation": "Branch Manager",
  "timestamp": "2026-07-07T12:13:27.476Z"
}
7/7/2026, 5:43:26 pm | [2026-07-07T12:13:27.634Z] [LOG] {
  "screen": "UserDashboard",
  "event": "LAST_SUBMISSION_LOADED",
  "previousDayAmount": 620000,
  "previousDaySubmittedAt": "2026-07-06 17:37:48",
  "formattedPreviousDayTime": "6/7/2026, 5:37 pm",
  "empNo": "",
  "timestamp": "2026-07-07T12:13:27.634Z"
}
7/7/2026, 5:43:26 pm | [2026-07-07T12:13:27.716Z] [LOG] {
  "screen": "UserDashboard",
  "event": "LOADING_COMPLETED",
  "empNo": "UNKNOWN",
  "timestamp": "2026-07-07T12:13:27.716Z"
}
7/7/2026, 5:43:39 pm | [2026-07-07T12:13:40.795Z] [LOG] {
  "screen": "UserDashboard",
  "event": "SAVE_BUTTON_CLICKED",
  "empNo": "601",
  "amount": "820000",
  "isEditing": false,
  "timestamp": "2026-07-07T12:13:40.795Z"
}
7/7/2026, 5:43:50 pm | [2026-07-07T12:13:52.114Z] [LOG] {
  "screen": "UserDashboard",
  "event": "SAVE_CASH_API_STARTED",
  "empNo": "601",
  "amount": "820000",
  "timestamp": "2026-07-07T12:13:52.114Z"
}
7/7/2026, 5:43:50 pm | [2026-07-07T12:13:52.479Z] [LOG] {
  "screen": "UserDashboard",
  "event": "SAVE_CASH_SUCCESS",
  "empNo": "601",
  "savedAmount": "820000",
  "savedAt": "2026-07-07T12:13:52.460Z",
  "formattedSaveTime": "5:43 pm",
  "isEditing": false,
  "timestamp": "2026-07-07T12:13:52.479Z"
}
7/7/2026, 5:43:51 pm | [2026-07-07T12:13:51.511Z] [LOG] {
  "screen": "UserDashboard",
  "event": "SAVE_BUTTON_CLICKED",
  "empNo": "142",
  "amount": "903756",
  "isEditing": true,
  "timestamp": "2026-07-07T12:13:51.511Z"
}
7/7/2026, 5:43:51 pm | [2026-07-07T12:13:51.960Z] [LOG] Running "CashClosingApp"
7/7/2026, 5:43:51 pm | [2026-07-07T12:13:52.155Z] [LOG] {
  "screen": "WelcomeScreen",
  "event": "SCREEN_OPENED",
  "timestamp": "2026-07-07T12:13:52.155Z"
}
7/7/2026, 5:43:52 pm | [2026-07-07T12:13:53.212Z] [LOG] {
  "screen": "WelcomeScreen",
  "event": "LOGIN_BUTTON_CLICKED",
  "timestamp": "2026-07-07T12:13:53.212Z"
}
7/7/2026, 5:43:52 pm | [2026-07-07T12:13:53.247Z] [LOG] {
  "screen": "LoginScreen",
  "event": "SCREEN_OPENED",
  "timestamp": "2026-07-07T12:13:53.247Z"
}
7/7/2026, 5:43:52 pm | [2026-07-07T12:13:52.775Z] [LOG] {
  "screen": "UserDashboard",
  "event": "SAVE_CASH_API_STARTED",
  "empNo": "142",
  "amount": "903756",
  "timestamp": "2026-07-07T12:13:52.775Z"
}
7/7/2026, 5:43:52 pm | [2026-07-07T12:13:53.189Z] [LOG] {
  "screen": "UserDashboard",
  "event": "SAVE_CASH_SUCCESS",
  "empNo": "142",
  "savedAmount": "903756",
  "savedAt": "2026-07-07T12:13:53.187Z",
  "formattedSaveTime": "5:43 pm",
  "isEditing": true,
  "timestamp": "2026-07-07T12:13:53.189Z"
}
7/7/2026, 5:43:53 pm | [2026-07-07T12:13:55.351Z] [LOG] {
  "screen": "UserDashboard",
  "event": "SAVE_BUTTON_CLICKED",
  "empNo": "601",
  "amount": "820000",
  "isEditing": true,
  "timestamp": "2026-07-07T12:13:55.351Z"
}
7/7/2026, 5:43:55 pm | [2026-07-07T12:13:56.638Z] [LOG] {
  "screen": "UserDashboard",
  "event": "SAVE_CASH_API_STARTED",
  "empNo": "601",
  "amount": "820000",
  "timestamp": "2026-07-07T12:13:56.638Z"
}
7/7/2026, 5:43:55 pm | [2026-07-07T12:13:56.800Z] [LOG] {
  "screen": "UserDashboard",
  "event": "SAVE_CASH_SUCCESS",
  "empNo": "601",
  "savedAmount": "820000",
  "savedAt": "2026-07-07T12:13:56.776Z",
  "formattedSaveTime": "5:43 pm",
  "isEditing": true,
  "timestamp": "2026-07-07T12:13:56.800Z"
}
7/7/2026, 5:43:57 pm | [2026-07-07T12:13:58.473Z] [LOG] {
  "screen": "LoginScreen",
  "event": "LOADING_STARTED",
  "timestamp": "2026-07-07T12:13:58.473Z"
}
7/7/2026, 5:43:57 pm | [2026-07-07T12:13:58.471Z] [LOG] {
  "screen": "LoginScreen",
  "event": "LOGIN_BUTTON_CLICKED",
  "timestamp": "2026-07-07T12:13:58.471Z"
}
7/7/2026, 5:43:57 pm | [2026-07-07T12:13:58.644Z] [LOG] {
  "screen": "LoginScreen",
  "event": "LOGIN_SUCCESS",
  "user": {
    "empNo": "539",
    "employeeName": "K Appa Rao",
    "branchCode": "31",
    "branchName": "Rajahmundry",
    "designation": "Branch Manager"
  },
  "timestamp": "2026-07-07T12:13:58.644Z"
}
7/7/2026, 5:43:57 pm | [2026-07-07T12:13:58.665Z] [LOG] {
  "screen": "LoginScreen",
  "event": "USER_DATA_SAVED",
  "timestamp": "2026-07-07T12:13:58.665Z"
}
7/7/2026, 5:43:57 pm | [2026-07-07T12:13:58.668Z] [LOG] {
  "event": "NAVIGATING_TO_USER"
}
7/7/2026, 5:43:57 pm | [2026-07-07T12:13:58.490Z] [LOG] {
  "screen": "LoginScreen",
  "event": "DEVICE_ID_FETCHED",
  "deviceId": "b44f0d6e24fd5d5a",
  "timestamp": "2026-07-07T12:13:58.490Z"
}
7/7/2026, 5:43:57 pm | [2026-07-07T12:13:58.493Z] [LOG] {
  "empNo": "",
  "deviceId": "b44f0d6e24fd5d5a"
}
7/7/2026, 5:43:57 pm | [2026-07-07T12:13:58.496Z] [LOG] {
  "screen": "LoginScreen",
  "event": "LOGIN_API_STARTED",
  "deviceId": "b44f0d6e24fd5d5a",
  "timestamp": "2026-07-07T12:13:58.496Z"
}
7/7/2026, 5:43:57 pm | [2026-07-07T12:13:58.669Z] [LOG] {
  "screen": "LoginScreen",
  "event": "LOADING_COMPLETED",
  "timestamp": "2026-07-07T12:13:58.669Z"
}
7/7/2026, 5:43:57 pm | [2026-07-07T12:13:58.699Z] [LOG] {
  "screen": "UserDashboard",
  "event": "SCREEN_OPENED",
  "empNo": "UNKNOWN",
  "timestamp": "2026-07-07T12:13:58.699Z"
}
7/7/2026, 5:43:57 pm | [2026-07-07T12:13:58.700Z] [LOG] {
  "screen": "UserDashboard",
  "event": "LOAD_EMPLOYEE_STARTED",
  "empNo": "UNKNOWN",
  "timestamp": "2026-07-07T12:13:58.700Z"
}
7/7/2026, 5:43:57 pm | [2026-07-07T12:13:58.713Z] [LOG] {
  "screen": "UserDashboard",
  "event": "LOGGED_USER_FETCHED",
  "hasUser": true,
  "empNo": "UNKNOWN",
  "timestamp": "2026-07-07T12:13:58.713Z"
}
7/7/2026, 5:43:57 pm | [2026-07-07T12:13:58.714Z] [LOG] {
  "screen": "UserDashboard",
  "event": "EMPLOYEE_API_STARTED",
  "empNo": "539",
  "timestamp": "2026-07-07T12:13:58.714Z"
}
7/7/2026, 5:43:58 pm | [2026-07-07T12:13:59.038Z] [LOG] {
  "screen": "UserDashboard",
  "event": "EMPLOYEE_DATA_LOADED",
  "empNo": "539",
  "branch": "Rajahmundry",
  "designation": "Branch Manager",
  "timestamp": "2026-07-07T12:13:59.038Z"
}
7/7/2026, 5:43:58 pm | [2026-07-07T12:13:59.403Z] [LOG] {
  "screen": "UserDashboard",
  "event": "LAST_SUBMISSION_LOADED",
  "previousDayAmount": 4892955,
  "previousDaySubmittedAt": "2026-07-06 18:15:55",
  "formattedPreviousDayTime": "6/7/2026, 6:15 pm",
  "empNo": "",
  "timestamp": "2026-07-07T12:13:59.403Z"
}
7/7/2026, 5:43:58 pm | [2026-07-07T12:13:59.555Z] [LOG] {
  "screen": "UserDashboard",
  "event": "LOADING_COMPLETED",
  "empNo": "UNKNOWN",
  "timestamp": "2026-07-07T12:13:59.555Z"
}
7/7/2026, 5:44:04 pm | [2026-07-07T12:14:05.841Z] [LOG] {
  "screen": "WelcomeScreen",
  "event": "SCREEN_OPENED",
  "timestamp": "2026-07-07T12:14:05.841Z"
}
7/7/2026, 5:44:04 pm | [2026-07-07T12:14:05.720Z] [LOG] Running "CashClosingApp"
7/7/2026, 5:44:04 pm | [2026-07-07T12:14:06.856Z] [LOG] {
  "screen": "WelcomeScreen",
  "event": "LOGIN_BUTTON_CLICKED",
  "timestamp": "2026-07-07T12:14:06.856Z"
}
7/7/2026, 5:44:04 pm | [2026-07-07T12:14:06.884Z] [LOG] {
  "screen": "LoginScreen",
  "event": "SCREEN_OPENED",
  "timestamp": "2026-07-07T12:14:06.884Z"
}
7/7/2026, 5:44:07 pm | [2026-07-07T12:14:08.061Z] [LOG] {
  "screen": "UserDashboard",
  "event": "SAVE_BUTTON_CLICKED",
  "empNo": "539",
  "amount": "5296590",
  "isEditing": false,
  "timestamp": "2026-07-07T12:14:08.061Z"
}
7/7/2026, 5:44:08 pm | [2026-07-07T12:14:09.242Z] [LOG] {
  "screen": "UserDashboard",
  "event": "SAVE_CASH_API_STARTED",
  "empNo": "539",
  "amount": "5296590",
  "timestamp": "2026-07-07T12:14:09.242Z"
}
7/7/2026, 5:44:08 pm | [2026-07-07T12:14:09.560Z] [LOG] {
  "screen": "UserDashboard",
  "event": "SAVE_CASH_SUCCESS",
  "empNo": "539",
  "savedAmount": "5296590",
  "savedAt": "2026-07-07T12:14:09.551Z",
  "formattedSaveTime": "5:44 pm",
  "isEditing": false,
  "timestamp": "2026-07-07T12:14:09.560Z"
}
7/7/2026, 5:44:10 pm | [2026-07-07T12:14:12.456Z] [LOG] {
  "screen": "LoginScreen",
  "event": "LOGIN_BUTTON_CLICKED",
  "timestamp": "2026-07-07T12:14:12.455Z"
}
7/7/2026, 5:44:10 pm | [2026-07-07T12:14:12.457Z] [LOG] {
  "screen": "LoginScreen",
  "event": "LOADING_STARTED",
  "timestamp": "2026-07-07T12:14:12.457Z"
}
7/7/2026, 5:44:10 pm | [2026-07-07T12:14:12.626Z] [LOG] {
  "screen": "LoginScreen",
  "event": "LOGIN_SUCCESS",
  "user": {
    "empNo": "623",
    "employeeName": "Sk Mastanvali",
    "branchCode": "9",
    "branchName": "Thulluru",
    "designation": "Branch Manager"
  },
  "timestamp": "2026-07-07T12:14:12.626Z"
}
7/7/2026, 5:44:10 pm | [2026-07-07T12:14:12.649Z] [LOG] {
  "screen": "LoginScreen",
  "event": "USER_DATA_SAVED",
  "timestamp": "2026-07-07T12:14:12.649Z"
}
7/7/2026, 5:44:10 pm | [2026-07-07T12:14:12.654Z] [LOG] {
  "event": "NAVIGATING_TO_USER"
}
7/7/2026, 5:44:10 pm | [2026-07-07T12:14:12.476Z] [LOG] {
  "screen": "LoginScreen",
  "event": "DEVICE_ID_FETCHED",
  "deviceId": "1229a487866198ab",
  "timestamp": "2026-07-07T12:14:12.476Z"
}
7/7/2026, 5:44:10 pm | [2026-07-07T12:14:12.657Z] [LOG] {
  "screen": "LoginScreen",
  "event": "LOADING_COMPLETED",
  "timestamp": "2026-07-07T12:14:12.657Z"
}
7/7/2026, 5:44:10 pm | [2026-07-07T12:14:12.477Z] [LOG] {
  "empNo": "",
  "deviceId": "1229a487866198ab"
}
7/7/2026, 5:44:10 pm | [2026-07-07T12:14:12.478Z] [LOG] {
  "screen": "LoginScreen",
  "event": "LOGIN_API_STARTED",
  "deviceId": "1229a487866198ab",
  "timestamp": "2026-07-07T12:14:12.478Z"
}
7/7/2026, 5:44:10 pm | [2026-07-07T12:14:12.695Z] [LOG] {
  "screen": "UserDashboard",
  "event": "SCREEN_OPENED",
  "empNo": "UNKNOWN",
  "timestamp": "2026-07-07T12:14:12.695Z"
}
7/7/2026, 5:44:10 pm | [2026-07-07T12:14:12.696Z] [LOG] {
  "screen": "UserDashboard",
  "event": "LOAD_EMPLOYEE_STARTED",
  "empNo": "UNKNOWN",
  "timestamp": "2026-07-07T12:14:12.696Z"
}
7/7/2026, 5:44:10 pm | [2026-07-07T12:14:12.706Z] [LOG] {
  "screen": "UserDashboard",
  "event": "EMPLOYEE_API_STARTED",
  "empNo": "623",
  "timestamp": "2026-07-07T12:14:12.706Z"
}
7/7/2026, 5:44:10 pm | [2026-07-07T12:14:12.705Z] [LOG] {
  "screen": "UserDashboard",
  "event": "LOGGED_USER_FETCHED",
  "hasUser": true,
  "empNo": "UNKNOWN",
  "timestamp": "2026-07-07T12:14:12.705Z"
}
7/7/2026, 5:44:10 pm | [2026-07-07T12:14:13.037Z] [LOG] {
  "screen": "UserDashboard",
  "event": "EMPLOYEE_DATA_LOADED",
  "empNo": "623",
  "branch": "Thulluru",
  "designation": "Branch Manager",
  "timestamp": "2026-07-07T12:14:13.037Z"
}
7/7/2026, 5:44:11 pm | [2026-07-07T12:14:13.290Z] [LOG] {
  "screen": "UserDashboard",
  "event": "LAST_SUBMISSION_LOADED",
  "previousDayAmount": 593985,
  "previousDaySubmittedAt": "2026-07-06 17:51:31",
  "formattedPreviousDayTime": "6/7/2026, 5:51 pm",
  "empNo": "",
  "timestamp": "2026-07-07T12:14:13.290Z"
}
7/7/2026, 5:44:11 pm | [2026-07-07T12:14:13.410Z] [LOG] {
  "screen": "UserDashboard",
  "event": "LOADING_COMPLETED",
  "empNo": "UNKNOWN",
  "timestamp": "2026-07-07T12:14:13.410Z"
}
7/7/2026, 5:44:11 pm | [2026-07-07T12:14:12.811Z] [LOG] {
  "screen": "UserDashboard",
  "event": "SAVE_BUTTON_CLICKED",
  "empNo": "539",
  "amount": "5296590",
  "isEditing": true,
  "timestamp": "2026-07-07T12:14:12.811Z"
}
7/7/2026, 5:44:12 pm | [2026-07-07T12:14:13.687Z] [LOG] {
  "screen": "UserDashboard",
  "event": "SAVE_CASH_API_STARTED",
  "empNo": "539",
  "amount": "5296590",
  "timestamp": "2026-07-07T12:14:13.687Z"
}
7/7/2026, 5:44:12 pm | [2026-07-07T12:14:13.840Z] [LOG] {
  "screen": "UserDashboard",
  "event": "SAVE_CASH_SUCCESS",
  "empNo": "539",
  "savedAmount": "5296590",
  "savedAt": "2026-07-07T12:14:13.832Z",
  "formattedSaveTime": "5:44 pm",
  "isEditing": true,
  "timestamp": "2026-07-07T12:14:13.840Z"
}
7/7/2026, 5:44:19 pm | [2026-07-07T12:14:21.670Z] [LOG] {
  "screen": "UserDashboard",
  "event": "SAVE_BUTTON_CLICKED",
  "empNo": "623",
  "amount": "481629",
  "isEditing": false,
  "timestamp": "2026-07-07T12:14:21.670Z"
}
7/7/2026, 5:44:20 pm | [2026-07-07T12:14:22.538Z] [LOG] {
  "screen": "UserDashboard",
  "event": "SAVE_CASH_API_STARTED",
  "empNo": "623",
  "amount": "481629",
  "timestamp": "2026-07-07T12:14:22.538Z"
}
7/7/2026, 5:44:20 pm | [2026-07-07T12:14:22.957Z] [LOG] {
  "screen": "UserDashboard",
  "event": "SAVE_CASH_SUCCESS",
  "empNo": "623",
  "savedAmount": "481629",
  "savedAt": "2026-07-07T12:14:22.920Z",
  "formattedSaveTime": "5:44 pm",
  "isEditing": false,
  "timestamp": "2026-07-07T12:14:22.957Z"
}
7/7/2026, 5:44:34 pm | [2026-07-07T12:14:34.634Z] [LOG] Running "CashClosingApp"
7/7/2026, 5:44:34 pm | [2026-07-07T12:14:34.698Z] [LOG] {
  "screen": "WelcomeScreen",
  "event": "SCREEN_OPENED",
  "timestamp": "2026-07-07T12:14:34.697Z"
}
7/7/2026, 5:44:35 pm | [2026-07-07T12:14:35.585Z] [LOG] {
  "screen": "WelcomeScreen",
  "event": "LOGIN_BUTTON_CLICKED",
  "timestamp": "2026-07-07T12:14:35.585Z"
}
7/7/2026, 5:44:35 pm | [2026-07-07T12:14:35.611Z] [LOG] {
  "screen": "LoginScreen",
  "event": "SCREEN_OPENED",
  "timestamp": "2026-07-07T12:14:35.611Z"
}
7/7/2026, 5:44:39 pm | [2026-07-07T12:14:39.575Z] [LOG] {
  "screen": "LoginScreen",
  "event": "LOGIN_BUTTON_CLICKED",
  "timestamp": "2026-07-07T12:14:39.575Z"
}
7/7/2026, 5:44:39 pm | [2026-07-07T12:14:39.575Z] [LOG] {
  "screen": "LoginScreen",
  "event": "LOADING_STARTED",
  "timestamp": "2026-07-07T12:14:39.575Z"
}
7/7/2026, 5:44:39 pm | [2026-07-07T12:14:39.678Z] [LOG] {
  "screen": "LoginScreen",
  "event": "LOGIN_SUCCESS",
  "user": {
    "empNo": "928",
    "employeeName": "P Satyanarayana",
    "branchCode": "16",
    "branchName": "Palakol",
    "designation": "Branch Manager"
  },
  "timestamp": "2026-07-07T12:14:39.678Z"
}
7/7/2026, 5:44:39 pm | [2026-07-07T12:14:39.685Z] [LOG] {
  "screen": "LoginScreen",
  "event": "USER_DATA_SAVED",
  "timestamp": "2026-07-07T12:14:39.685Z"
}
7/7/2026, 5:44:39 pm | [2026-07-07T12:14:39.580Z] [LOG] {
  "screen": "LoginScreen",
  "event": "LOGIN_API_STARTED",
  "deviceId": "5204688323f27841",
  "timestamp": "2026-07-07T12:14:39.580Z"
}
7/7/2026, 5:44:39 pm | [2026-07-07T12:14:39.686Z] [LOG] {
  "event": "NAVIGATING_TO_USER"
}
7/7/2026, 5:44:39 pm | [2026-07-07T12:14:39.579Z] [LOG] {
  "screen": "LoginScreen",
  "event": "DEVICE_ID_FETCHED",
  "deviceId": "5204688323f27841",
  "timestamp": "2026-07-07T12:14:39.579Z"
}
7/7/2026, 5:44:39 pm | [2026-07-07T12:14:39.579Z] [LOG] {
  "empNo": "",
  "deviceId": "5204688323f27841"
}
7/7/2026, 5:44:39 pm | [2026-07-07T12:14:39.686Z] [LOG] {
  "screen": "LoginScreen",
  "event": "LOADING_COMPLETED",
  "timestamp": "2026-07-07T12:14:39.686Z"
}
7/7/2026, 5:44:39 pm | [2026-07-07T12:14:39.693Z] [LOG] {
  "screen": "UserDashboard",
  "event": "SCREEN_OPENED",
  "empNo": "UNKNOWN",
  "timestamp": "2026-07-07T12:14:39.692Z"
}
7/7/2026, 5:44:39 pm | [2026-07-07T12:14:39.693Z] [LOG] {
  "screen": "UserDashboard",
  "event": "LOAD_EMPLOYEE_STARTED",
  "empNo": "UNKNOWN",
  "timestamp": "2026-07-07T12:14:39.693Z"
}
7/7/2026, 5:44:39 pm | [2026-07-07T12:14:39.694Z] [LOG] {
  "screen": "UserDashboard",
  "event": "LOGGED_USER_FETCHED",
  "hasUser": true,
  "empNo": "UNKNOWN",
  "timestamp": "2026-07-07T12:14:39.694Z"
}
7/7/2026, 5:44:39 pm | [2026-07-07T12:14:39.694Z] [LOG] {
  "screen": "UserDashboard",
  "event": "EMPLOYEE_API_STARTED",
  "empNo": "928",
  "timestamp": "2026-07-07T12:14:39.694Z"
}
7/7/2026, 5:44:39 pm | [2026-07-07T12:14:39.832Z] [LOG] {
  "screen": "UserDashboard",
  "event": "EMPLOYEE_DATA_LOADED",
  "empNo": "928",
  "branch": "Palakol",
  "designation": "Branch Manager",
  "timestamp": "2026-07-07T12:14:39.832Z"
}
7/7/2026, 5:44:39 pm | [2026-07-07T12:14:39.930Z] [LOG] {
  "screen": "UserDashboard",
  "event": "LAST_SUBMISSION_LOADED",
  "previousDayAmount": 1063748,
  "previousDaySubmittedAt": "2026-07-06 17:49:55",
  "formattedPreviousDayTime": "6/7/2026, 5:49 pm",
  "empNo": "",
  "timestamp": "2026-07-07T12:14:39.930Z"
}
7/7/2026, 5:44:39 pm | [2026-07-07T12:14:39.988Z] [LOG] {
  "screen": "UserDashboard",
  "event": "LOADING_COMPLETED",
  "empNo": "UNKNOWN",
  "timestamp": "2026-07-07T12:14:39.988Z"
}
7/7/2026, 5:44:50 pm | [2026-07-07T12:14:49.587Z] [LOG] Running "CashClosingApp"
7/7/2026, 5:44:50 pm | [2026-07-07T12:14:50.904Z] [LOG] {
  "screen": "LoginScreen",
  "event": "SCREEN_OPENED",
  "timestamp": "2026-07-07T12:14:50.904Z"
}
7/7/2026, 5:44:50 pm | [2026-07-07T12:14:50.823Z] [LOG] {
  "screen": "WelcomeScreen",
  "event": "LOGIN_BUTTON_CLICKED",
  "timestamp": "2026-07-07T12:14:50.823Z"
}
7/7/2026, 5:44:53 pm | [2026-07-07T12:14:49.807Z] [LOG] {
  "screen": "WelcomeScreen",
  "event": "SCREEN_OPENED",
  "timestamp": "2026-07-07T12:14:49.807Z"
}
7/7/2026, 5:44:53 pm | [2026-07-07T12:14:54.389Z] [LOG] {
  "screen": "LoginScreen",
  "event": "LOGIN_BUTTON_CLICKED",
  "timestamp": "2026-07-07T12:14:54.389Z"
}
7/7/2026, 5:44:53 pm | [2026-07-07T12:14:54.390Z] [LOG] {
  "screen": "LoginScreen",
  "event": "LOADING_STARTED",
  "timestamp": "2026-07-07T12:14:54.390Z"
}
7/7/2026, 5:44:53 pm | [2026-07-07T12:14:54.399Z] [LOG] {
  "screen": "LoginScreen",
  "event": "DEVICE_ID_FETCHED",
  "deviceId": "8440bf7c24e32ebc",
  "timestamp": "2026-07-07T12:14:54.399Z"
}
7/7/2026, 5:44:54 pm | [2026-07-07T12:14:54.772Z] [LOG] {
  "screen": "LoginScreen",
  "event": "LOGIN_SUCCESS",
  "user": {
    "empNo": "458",
    "employeeName": "V Murali Mohan",
    "branchCode": "23",
    "branchName": "Nizampatnam",
    "designation": "Branch Manager"
  },
  "timestamp": "2026-07-07T12:14:54.772Z"
}
7/7/2026, 5:44:54 pm | [2026-07-07T12:14:54.795Z] [LOG] {
  "screen": "LoginScreen",
  "event": "USER_DATA_SAVED",
  "timestamp": "2026-07-07T12:14:54.795Z"
}
7/7/2026, 5:44:54 pm | [2026-07-07T12:14:54.796Z] [LOG] {
  "event": "NAVIGATING_TO_USER"
}
7/7/2026, 5:44:54 pm | [2026-07-07T12:14:54.400Z] [LOG] {
  "empNo": "",
  "deviceId": "8440bf7c24e32ebc"
}
7/7/2026, 5:44:54 pm | [2026-07-07T12:14:54.400Z] [LOG] {
  "screen": "LoginScreen",
  "event": "LOGIN_API_STARTED",
  "deviceId": "8440bf7c24e32ebc",
  "timestamp": "2026-07-07T12:14:54.400Z"
}
7/7/2026, 5:44:54 pm | [2026-07-07T12:14:54.797Z] [LOG] {
  "screen": "LoginScreen",
  "event": "LOADING_COMPLETED",
  "timestamp": "2026-07-07T12:14:54.797Z"
}
7/7/2026, 5:44:54 pm | [2026-07-07T12:14:54.815Z] [LOG] {
  "screen": "UserDashboard",
  "event": "LOAD_EMPLOYEE_STARTED",
  "empNo": "UNKNOWN",
  "timestamp": "2026-07-07T12:14:54.815Z"
}
7/7/2026, 5:44:54 pm | [2026-07-07T12:14:54.814Z] [LOG] {
  "screen": "UserDashboard",
  "event": "SCREEN_OPENED",
  "empNo": "UNKNOWN",
  "timestamp": "2026-07-07T12:14:54.814Z"
}
7/7/2026, 5:44:54 pm | [2026-07-07T12:14:54.830Z] [LOG] {
  "screen": "UserDashboard",
  "event": "LOGGED_USER_FETCHED",
  "hasUser": true,
  "empNo": "UNKNOWN",
  "timestamp": "2026-07-07T12:14:54.830Z"
}
7/7/2026, 5:44:54 pm | [2026-07-07T12:14:54.836Z] [LOG] {
  "screen": "UserDashboard",
  "event": "EMPLOYEE_API_STARTED",
  "empNo": "458",
  "timestamp": "2026-07-07T12:14:54.835Z"
}
7/7/2026, 5:44:54 pm | [2026-07-07T12:14:55.453Z] [LOG] {
  "screen": "UserDashboard",
  "event": "EMPLOYEE_DATA_LOADED",
  "empNo": "458",
  "branch": "Nizampatnam",
  "designation": "Branch Manager",
  "timestamp": "2026-07-07T12:14:55.452Z"
}
7/7/2026, 5:44:55 pm | [2026-07-07T12:14:55.759Z] [LOG] {
  "screen": "UserDashboard",
  "event": "LAST_SUBMISSION_LOADED",
  "previousDayAmount": 868000,
  "previousDaySubmittedAt": "2026-07-06 17:52:26",
  "formattedPreviousDayTime": "6/7/2026, 5:52 pm",
  "empNo": "",
  "timestamp": "2026-07-07T12:14:55.759Z"
}
7/7/2026, 5:44:55 pm | [2026-07-07T12:14:56.029Z] [LOG] {
  "screen": "UserDashboard",
  "event": "LOADING_COMPLETED",
  "empNo": "UNKNOWN",
  "timestamp": "2026-07-07T12:14:56.029Z"
}
7/7/2026, 5:45:09 pm | [2026-07-07T12:15:09.335Z] [LOG] {
  "screen": "UserDashboard",
  "event": "SAVE_CASH_API_STARTED",
  "empNo": "458",
  "amount": "561000",
  "timestamp": "2026-07-07T12:15:09.335Z"
}
7/7/2026, 5:45:09 pm | [2026-07-07T12:15:10.338Z] [LOG] {
  "screen": "UserDashboard",
  "event": "SAVE_CASH_SUCCESS",
  "empNo": "458",
  "savedAmount": "561000",
  "savedAt": "2026-07-07T12:15:10.324Z",
  "formattedSaveTime": "5:45 pm",
  "isEditing": false,
  "timestamp": "2026-07-07T12:15:10.338Z"
}
7/7/2026, 5:45:12 pm | [2026-07-07T12:15:12.583Z] [LOG] {
  "screen": "UserDashboard",
  "event": "SAVE_BUTTON_CLICKED",
  "empNo": "458",
  "amount": "561000",
  "isEditing": true,
  "timestamp": "2026-07-07T12:15:12.583Z"
}
7/7/2026, 5:45:12 pm | [2026-07-07T12:15:13.493Z] [LOG] {
  "screen": "UserDashboard",
  "event": "SAVE_CASH_API_STARTED",
  "empNo": "458",
  "amount": "561000",
  "timestamp": "2026-07-07T12:15:13.493Z"
}
7/7/2026, 5:45:13 pm | [2026-07-07T12:15:13.759Z] [LOG] {
  "screen": "UserDashboard",
  "event": "SAVE_CASH_SUCCESS",
  "empNo": "458",
  "savedAmount": "561000",
  "savedAt": "2026-07-07T12:15:13.740Z",
  "formattedSaveTime": "5:45 pm",
  "isEditing": true,
  "timestamp": "2026-07-07T12:15:13.759Z"
}
7/7/2026, 5:45:17 pm | [2026-07-07T12:15:19.288Z] [LOG] {
  "screen": "WelcomeScreen",
  "event": "SCREEN_OPENED",
  "timestamp": "2026-07-07T12:15:19.288Z"
}
7/7/2026, 5:45:17 pm | [2026-07-07T12:15:19.121Z] [LOG] Running "CashClosingApp"
7/7/2026, 5:45:18 pm | [2026-07-07T12:15:20.702Z] [LOG] {
  "screen": "WelcomeScreen",
  "event": "LOGIN_BUTTON_CLICKED",
  "timestamp": "2026-07-07T12:15:20.702Z"
}
7/7/2026, 5:45:18 pm | [2026-07-07T12:15:20.745Z] [LOG] {
  "screen": "LoginScreen",
  "event": "SCREEN_OPENED",
  "timestamp": "2026-07-07T12:15:20.745Z"
}
7/7/2026, 5:45:22 pm | [2026-07-07T12:15:24.094Z] [LOG] {
  "screen": "LoginScreen",
  "event": "LOADING_STARTED",
  "timestamp": "2026-07-07T12:15:24.094Z"
}
7/7/2026, 5:45:22 pm | [2026-07-07T12:15:24.092Z] [LOG] {
  "screen": "LoginScreen",
  "event": "LOGIN_BUTTON_CLICKED",
  "timestamp": "2026-07-07T12:15:24.091Z"
}
7/7/2026, 5:45:22 pm | [2026-07-07T12:15:24.213Z] [LOG] {
  "screen": "LoginScreen",
  "event": "LOGIN_SUCCESS",
  "user": {
    "empNo": "522",
    "employeeName": "Sasanka Madala",
    "branchCode": "43",
    "branchName": "Prajasakthi Nagar",
    "designation": "Branch Manager"
  },
  "timestamp": "2026-07-07T12:15:24.213Z"
}
7/7/2026, 5:45:22 pm | [2026-07-07T12:15:24.241Z] [LOG] {
  "screen": "LoginScreen",
  "event": "USER_DATA_SAVED",
  "timestamp": "2026-07-07T12:15:24.241Z"
}
7/7/2026, 5:45:22 pm | [2026-07-07T12:15:24.119Z] [LOG] {
  "screen": "LoginScreen",
  "event": "LOGIN_API_STARTED",
  "deviceId": "f4ef783cd33635e6",
  "timestamp": "2026-07-07T12:15:24.119Z"
}
7/7/2026, 5:45:22 pm | [2026-07-07T12:15:24.246Z] [LOG] {
  "event": "NAVIGATING_TO_USER"
}
7/7/2026, 5:45:22 pm | [2026-07-07T12:15:24.116Z] [LOG] {
  "screen": "LoginScreen",
  "event": "DEVICE_ID_FETCHED",
  "deviceId": "f4ef783cd33635e6",
  "timestamp": "2026-07-07T12:15:24.116Z"
}
7/7/2026, 5:45:22 pm | [2026-07-07T12:15:24.118Z] [LOG] {
  "empNo": "",
  "deviceId": "f4ef783cd33635e6"
}
7/7/2026, 5:45:22 pm | [2026-07-07T12:15:24.248Z] [LOG] {
  "screen": "LoginScreen",
  "event": "LOADING_COMPLETED",
  "timestamp": "2026-07-07T12:15:24.248Z"
}
7/7/2026, 5:45:22 pm | [2026-07-07T12:15:24.287Z] [LOG] {
  "screen": "UserDashboard",
  "event": "SCREEN_OPENED",
  "empNo": "UNKNOWN",
  "timestamp": "2026-07-07T12:15:24.287Z"
}
7/7/2026, 5:45:22 pm | [2026-07-07T12:15:24.288Z] [LOG] {
  "screen": "UserDashboard",
  "event": "LOAD_EMPLOYEE_STARTED",
  "empNo": "UNKNOWN",
  "timestamp": "2026-07-07T12:15:24.288Z"
}
7/7/2026, 5:45:22 pm | [2026-07-07T12:15:24.324Z] [LOG] {
  "screen": "UserDashboard",
  "event": "LOGGED_USER_FETCHED",
  "hasUser": true,
  "empNo": "UNKNOWN",
  "timestamp": "2026-07-07T12:15:24.324Z"
}
7/7/2026, 5:45:22 pm | [2026-07-07T12:15:24.325Z] [LOG] {
  "screen": "UserDashboard",
  "event": "EMPLOYEE_API_STARTED",
  "empNo": "522",
  "timestamp": "2026-07-07T12:15:24.325Z"
}
7/7/2026, 5:45:22 pm | [2026-07-07T12:15:24.453Z] [LOG] {
  "screen": "UserDashboard",
  "event": "EMPLOYEE_DATA_LOADED",
  "empNo": "522",
  "branch": "Prajasakthi Nagar",
  "designation": "Branch Manager",
  "timestamp": "2026-07-07T12:15:24.453Z"
}
7/7/2026, 5:45:23 pm | [2026-07-07T12:15:24.762Z] [LOG] {
  "screen": "UserDashboard",
  "event": "LAST_SUBMISSION_LOADED",
  "previousDayAmount": 1200000,
  "previousDaySubmittedAt": "2026-07-06 17:43:51",
  "formattedPreviousDayTime": "6/7/2026, 5:43 pm",
  "empNo": "",
  "timestamp": "2026-07-07T12:15:24.761Z"
}
7/7/2026, 5:45:23 pm | [2026-07-07T12:15:24.848Z] [LOG] {
  "screen": "UserDashboard",
  "event": "LOADING_COMPLETED",
  "empNo": "UNKNOWN",
  "timestamp": "2026-07-07T12:15:24.848Z"
}
7/7/2026, 5:45:27 pm | [2026-07-07T12:15:27.444Z] [LOG] {
  "screen": "UserDashboard",
  "event": "SAVE_BUTTON_CLICKED",
  "empNo": "928",
  "amount": "1162125",
  "isEditing": false,
  "timestamp": "2026-07-07T12:15:27.444Z"
}
7/7/2026, 5:45:28 pm | [2026-07-07T12:15:28.500Z] [LOG] {
  "screen": "UserDashboard",
  "event": "SAVE_CASH_API_STARTED",
  "empNo": "928",
  "amount": "1162125",
  "timestamp": "2026-07-07T12:15:28.500Z"
}
7/7/2026, 5:45:28 pm | [2026-07-07T12:15:28.762Z] [LOG] {
  "screen": "UserDashboard",
  "event": "SAVE_CASH_SUCCESS",
  "empNo": "928",
  "savedAmount": "1162125",
  "savedAt": "2026-07-07T12:15:28.752Z",
  "formattedSaveTime": "5:45 pm",
  "isEditing": false,
  "timestamp": "2026-07-07T12:15:28.762Z"
}
7/7/2026, 5:45:39 pm | [2026-07-07T12:15:39.222Z] [LOG] {
  "screen": "WelcomeScreen",
  "event": "SCREEN_OPENED",
  "timestamp": "2026-07-07T12:15:39.222Z"
}
7/7/2026, 5:45:39 pm | [2026-07-07T12:15:38.967Z] [LOG] Running "CashClosingApp"
7/7/2026, 5:45:40 pm | [2026-07-07T12:15:40.182Z] [LOG] {
  "screen": "WelcomeScreen",
  "event": "LOGIN_BUTTON_CLICKED",
  "timestamp": "2026-07-07T12:15:40.182Z"
}
7/7/2026, 5:45:40 pm | [2026-07-07T12:15:40.252Z] [LOG] {
  "screen": "LoginScreen",
  "event": "SCREEN_OPENED",
  "timestamp": "2026-07-07T12:15:40.244Z"
}
7/7/2026, 5:45:42 pm | [2026-07-07T12:15:44.283Z] [LOG] {
  "screen": "UserDashboard",
  "event": "SAVE_BUTTON_CLICKED",
  "empNo": "522",
  "amount": "2400000",
  "isEditing": false,
  "timestamp": "2026-07-07T12:15:44.283Z"
}
7/7/2026, 5:45:43 pm | [2026-07-07T12:15:45.620Z] [LOG] {
  "screen": "UserDashboard",
  "event": "SAVE_CASH_API_STARTED",
  "empNo": "522",
  "amount": "2400000",
  "timestamp": "2026-07-07T12:15:45.620Z"
}
7/7/2026, 5:45:43 pm | [2026-07-07T12:15:45.727Z] [LOG] {
  "screen": "UserDashboard",
  "event": "SAVE_CASH_SUCCESS",
  "empNo": "522",
  "savedAmount": "2400000",
  "savedAt": "2026-07-07T12:15:45.722Z",
  "formattedSaveTime": "5:45 pm",
  "isEditing": false,
  "timestamp": "2026-07-07T12:15:45.727Z"
}
7/7/2026, 5:45:51 pm | [2026-07-07T12:15:53.431Z] [LOG] {
  "screen": "WelcomeScreen",
  "event": "LOGIN_BUTTON_CLICKED",
  "timestamp": "2026-07-07T12:15:53.431Z"
}
7/7/2026, 5:45:51 pm | [2026-07-07T12:15:53.448Z] [LOG] {
  "screen": "LoginScreen",
  "event": "SCREEN_OPENED",
  "timestamp": "2026-07-07T12:15:53.448Z"
}
7/7/2026, 5:45:52 pm | [2026-07-07T12:15:52.098Z] [LOG] {
  "screen": "LoginScreen",
  "event": "LOGIN_BUTTON_CLICKED",
  "timestamp": "2026-07-07T12:15:52.098Z"
}
7/7/2026, 5:45:52 pm | [2026-07-07T12:15:52.112Z] [LOG] {
  "screen": "LoginScreen",
  "event": "DEVICE_ID_FETCHED",
  "deviceId": "e6ca8319c9275ebb",
  "timestamp": "2026-07-07T12:15:52.112Z"
}
7/7/2026, 5:45:52 pm | [2026-07-07T12:15:52.101Z] [LOG] {
  "screen": "LoginScreen",
  "event": "LOADING_STARTED",
  "timestamp": "2026-07-07T12:15:52.101Z"
}
7/7/2026, 5:45:52 pm | [2026-07-07T12:15:52.115Z] [LOG] {
  "screen": "LoginScreen",
  "event": "LOGIN_API_STARTED",
  "deviceId": "e6ca8319c9275ebb",
  "timestamp": "2026-07-07T12:15:52.115Z"
}
7/7/2026, 5:45:52 pm | [2026-07-07T12:15:52.392Z] [LOG] {
  "screen": "LoginScreen",
  "event": "LOGIN_SUCCESS",
  "user": {
    "empNo": "519",
    "employeeName": "Ch Harish Babu",
    "branchCode": "25",
    "branchName": "Mopidevi",
    "designation": "Branch Manager"
  },
  "timestamp": "2026-07-07T12:15:52.391Z"
}
7/7/2026, 5:45:52 pm | [2026-07-07T12:15:52.458Z] [LOG] {
  "screen": "LoginScreen",
  "event": "USER_DATA_SAVED",
  "timestamp": "2026-07-07T12:15:52.458Z"
}
7/7/2026, 5:45:52 pm | [2026-07-07T12:15:52.462Z] [LOG] {
  "event": "NAVIGATING_TO_USER"
}
7/7/2026, 5:45:52 pm | [2026-07-07T12:15:52.466Z] [LOG] {
  "screen": "LoginScreen",
  "event": "LOADING_COMPLETED",
  "timestamp": "2026-07-07T12:15:52.466Z"
}
7/7/2026, 5:45:52 pm | [2026-07-07T12:15:52.513Z] [LOG] {
  "screen": "UserDashboard",
  "event": "SCREEN_OPENED",
  "empNo": "UNKNOWN",
  "timestamp": "2026-07-07T12:15:52.513Z"
}
7/7/2026, 5:45:52 pm | [2026-07-07T12:15:52.514Z] [LOG] {
  "screen": "UserDashboard",
  "event": "LOAD_EMPLOYEE_STARTED",
  "empNo": "UNKNOWN",
  "timestamp": "2026-07-07T12:15:52.514Z"
}
7/7/2026, 5:45:52 pm | [2026-07-07T12:15:52.523Z] [LOG] {
  "screen": "UserDashboard",
  "event": "LOGGED_USER_FETCHED",
  "hasUser": true,
  "empNo": "UNKNOWN",
  "timestamp": "2026-07-07T12:15:52.523Z"
}
7/7/2026, 5:45:52 pm | [2026-07-07T12:15:52.525Z] [LOG] {
  "screen": "UserDashboard",
  "event": "EMPLOYEE_API_STARTED",
  "empNo": "519",
  "timestamp": "2026-07-07T12:15:52.525Z"
}
7/7/2026, 5:45:52 pm | [2026-07-07T12:15:52.723Z] [LOG] {
  "screen": "UserDashboard",
  "event": "EMPLOYEE_DATA_LOADED",
  "empNo": "519",
  "branch": "Mopidevi",
  "designation": "Branch Manager",
  "timestamp": "2026-07-07T12:15:52.723Z"
}
7/7/2026, 5:45:53 pm | [2026-07-07T12:15:52.924Z] [LOG] {
  "screen": "UserDashboard",
  "event": "LAST_SUBMISSION_LOADED",
  "previousDayAmount": 1740000,
  "previousDaySubmittedAt": "2026-07-06 18:21:36",
  "formattedPreviousDayTime": "6/7/2026, 6:21 pm",
  "empNo": "",
  "timestamp": "2026-07-07T12:15:52.924Z"
}
7/7/2026, 5:45:53 pm | [2026-07-07T12:15:52.987Z] [LOG] {
  "screen": "UserDashboard",
  "event": "LOADING_COMPLETED",
  "empNo": "UNKNOWN",
  "timestamp": "2026-07-07T12:15:52.987Z"
}
7/7/2026, 5:45:55 pm | [2026-07-07T12:15:52.115Z] [LOG] {
  "empNo": "",
  "deviceId": "e6ca8319c9275ebb"
}
7/7/2026, 5:45:56 pm | [2026-07-07T12:15:58.450Z] [LOG] {
  "screen": "LoginScreen",
  "event": "LOGIN_BUTTON_CLICKED",
  "timestamp": "2026-07-07T12:15:58.450Z"
}
7/7/2026, 5:45:56 pm | [2026-07-07T12:15:58.451Z] [LOG] {
  "screen": "LoginScreen",
  "event": "LOADING_STARTED",
  "timestamp": "2026-07-07T12:15:58.451Z"
}
7/7/2026, 5:45:56 pm | [2026-07-07T12:15:58.565Z] [LOG] {
  "screen": "LoginScreen",
  "event": "LOGIN_SUCCESS",
  "user": {
    "empNo": "522",
    "employeeName": "Sasanka Madala",
    "branchCode": "43",
    "branchName": "Prajasakthi Nagar",
    "designation": "Branch Manager"
  },
  "timestamp": "2026-07-07T12:15:58.565Z"
}
7/7/2026, 5:45:56 pm | [2026-07-07T12:15:58.461Z] [LOG] {
  "empNo": "",
  "deviceId": "f4ef783cd33635e6"
}
7/7/2026, 5:45:56 pm | [2026-07-07T12:15:58.572Z] [LOG] {
  "screen": "LoginScreen",
  "event": "USER_DATA_SAVED",
  "timestamp": "2026-07-07T12:15:58.572Z"
}
7/7/2026, 5:45:56 pm | [2026-07-07T12:15:58.460Z] [LOG] {
  "screen": "LoginScreen",
  "event": "DEVICE_ID_FETCHED",
  "deviceId": "f4ef783cd33635e6",
  "timestamp": "2026-07-07T12:15:58.460Z"
}
7/7/2026, 5:45:56 pm | [2026-07-07T12:15:58.462Z] [LOG] {
  "screen": "LoginScreen",
  "event": "LOGIN_API_STARTED",
  "deviceId": "f4ef783cd33635e6",
  "timestamp": "2026-07-07T12:15:58.461Z"
}
7/7/2026, 5:45:56 pm | [2026-07-07T12:15:58.575Z] [LOG] {
  "event": "NAVIGATING_TO_USER"
}
7/7/2026, 5:45:56 pm | [2026-07-07T12:15:58.576Z] [LOG] {
  "screen": "LoginScreen",
  "event": "LOADING_COMPLETED",
  "timestamp": "2026-07-07T12:15:58.576Z"
}
7/7/2026, 5:45:56 pm | [2026-07-07T12:15:58.595Z] [LOG] {
  "screen": "UserDashboard",
  "event": "LOAD_EMPLOYEE_STARTED",
  "empNo": "UNKNOWN",
  "timestamp": "2026-07-07T12:15:58.595Z"
}
7/7/2026, 5:45:56 pm | [2026-07-07T12:15:58.594Z] [LOG] {
  "screen": "UserDashboard",
  "event": "SCREEN_OPENED",
  "empNo": "UNKNOWN",
  "timestamp": "2026-07-07T12:15:58.594Z"
}
7/7/2026, 5:45:56 pm | [2026-07-07T12:15:58.600Z] [LOG] {
  "screen": "UserDashboard",
  "event": "LOGGED_USER_FETCHED",
  "hasUser": true,
  "empNo": "UNKNOWN",
  "timestamp": "2026-07-07T12:15:58.600Z"
}
7/7/2026, 5:45:56 pm | [2026-07-07T12:15:58.602Z] [LOG] {
  "screen": "UserDashboard",
  "event": "EMPLOYEE_API_STARTED",
  "empNo": "522",
  "timestamp": "2026-07-07T12:15:58.602Z"
}
7/7/2026, 5:45:56 pm | [2026-07-07T12:15:58.698Z] [LOG] {
  "screen": "UserDashboard",
  "event": "EMPLOYEE_DATA_LOADED",
  "empNo": "522",
  "branch": "Prajasakthi Nagar",
  "designation": "Branch Manager",
  "timestamp": "2026-07-07T12:15:58.698Z"
}
7/7/2026, 5:45:57 pm | [2026-07-07T12:15:58.766Z] [LOG] {
  "screen": "UserDashboard",
  "event": "LAST_SUBMISSION_LOADED",
  "previousDayAmount": 1200000,
  "previousDaySubmittedAt": "2026-07-06 17:43:51",
  "formattedPreviousDayTime": "6/7/2026, 5:43 pm",
  "empNo": "",
  "timestamp": "2026-07-07T12:15:58.766Z"
}
7/7/2026, 5:45:57 pm | [2026-07-07T12:15:58.834Z] [LOG] {
  "screen": "UserDashboard",
  "event": "LOADING_COMPLETED",
  "empNo": "UNKNOWN",
  "timestamp": "2026-07-07T12:15:58.834Z"
}
7/7/2026, 5:45:57 pm | [2026-07-07T12:15:58.833Z] [LOG] {
  "screen": "UserDashboard",
  "event": "TODAY_CASH_LOADED",
  "todayAmount": 2400000,
  "todayModifiedAt": "2026-07-07 17:45:45",
  "formattedTodayTime": "5:45 pm",
  "empNo": "",
  "timestamp": "2026-07-07T12:15:58.833Z"
}
7/7/2026, 5:46:01 pm | [2026-07-07T12:16:00.831Z] [LOG] {
  "screen": "UserDashboard",
  "event": "SAVE_BUTTON_CLICKED",
  "empNo": "519",
  "amount": "850000",
  "isEditing": false,
  "timestamp": "2026-07-07T12:16:00.831Z"
}
7/7/2026, 5:46:02 pm | [2026-07-07T12:16:01.834Z] [LOG] {
  "screen": "UserDashboard",
  "event": "SAVE_CASH_API_STARTED",
  "empNo": "519",
  "amount": "850000",
  "timestamp": "2026-07-07T12:16:01.832Z"
}
7/7/2026, 5:46:02 pm | [2026-07-07T12:16:02.177Z] [LOG] {
  "screen": "UserDashboard",
  "event": "SAVE_CASH_SUCCESS",
  "empNo": "519",
  "savedAmount": "850000",
  "savedAt": "2026-07-07T12:16:02.155Z",
  "formattedSaveTime": "5:46 pm",
  "isEditing": false,
  "timestamp": "2026-07-07T12:16:02.176Z"
}
7/7/2026, 5:46:05 pm | [2026-07-07T12:16:07.106Z] [LOG] {
  "screen": "UserDashboard",
  "event": "SAVE_BUTTON_CLICKED",
  "empNo": "522",
  "amount": "2400000",
  "isEditing": true,
  "timestamp": "2026-07-07T12:16:07.106Z"
}
7/7/2026, 5:46:06 pm | [2026-07-07T12:16:08.224Z] [LOG] {
  "screen": "UserDashboard",
  "event": "SAVE_CASH_SUCCESS",
  "empNo": "522",
  "savedAmount": "2400000",
  "savedAt": "2026-07-07T12:16:08.221Z",
  "formattedSaveTime": "5:46 pm",
  "isEditing": true,
  "timestamp": "2026-07-07T12:16:08.223Z"
}
7/7/2026, 5:46:06 pm | [2026-07-07T12:16:08.134Z] [LOG] {
  "screen": "UserDashboard",
  "event": "SAVE_CASH_API_STARTED",
  "empNo": "522",
  "amount": "2400000",
  "timestamp": "2026-07-07T12:16:08.134Z"
}
7/7/2026, 5:46:24 pm | [2026-07-07T12:16:24.582Z] [LOG] Running "CashClosingApp"
7/7/2026, 5:46:24 pm | [2026-07-07T12:16:24.804Z] [LOG] {
  "screen": "WelcomeScreen",
  "event": "SCREEN_OPENED",
  "timestamp": "2026-07-07T12:16:24.804Z"
}
7/7/2026, 5:46:24 pm | [2026-07-07T12:16:25.738Z] [LOG] {
  "screen": "WelcomeScreen",
  "event": "LOGIN_BUTTON_CLICKED",
  "timestamp": "2026-07-07T12:16:25.734Z"
}
7/7/2026, 5:46:24 pm | [2026-07-07T12:16:25.780Z] [LOG] {
  "screen": "LoginScreen",
  "event": "SCREEN_OPENED",
  "timestamp": "2026-07-07T12:16:25.780Z"
}
7/7/2026, 5:46:32 pm | [2026-07-07T12:16:33.396Z] [LOG] {
  "screen": "LoginScreen",
  "event": "DEVICE_ID_FETCHED",
  "deviceId": "a1db35a5c9eadee2",
  "timestamp": "2026-07-07T12:16:33.396Z"
}
7/7/2026, 5:46:32 pm | [2026-07-07T12:16:33.372Z] [LOG] {
  "screen": "LoginScreen",
  "event": "LOGIN_BUTTON_CLICKED",
  "timestamp": "2026-07-07T12:16:33.371Z"
}
7/7/2026, 5:46:32 pm | [2026-07-07T12:16:33.398Z] [LOG] {
  "screen": "LoginScreen",
  "event": "LOGIN_API_STARTED",
  "deviceId": "a1db35a5c9eadee2",
  "timestamp": "2026-07-07T12:16:33.398Z"
}
7/7/2026, 5:46:32 pm | [2026-07-07T12:16:33.397Z] [LOG] {
  "empNo": "",
  "deviceId": "a1db35a5c9eadee2"
}
7/7/2026, 5:46:32 pm | [2026-07-07T12:16:33.374Z] [LOG] {
  "screen": "LoginScreen",
  "event": "LOADING_STARTED",
  "timestamp": "2026-07-07T12:16:33.374Z"
}
7/7/2026, 5:46:32 pm | [2026-07-07T12:16:33.798Z] [LOG] {
  "screen": "LoginScreen",
  "event": "LOGIN_SUCCESS",
  "user": {
    "empNo": "461",
    "employeeName": "B Rama Rao",
    "branchCode": "29",
    "branchName": "Visakhapatnam",
    "designation": "Branch Manager"
  },
  "timestamp": "2026-07-07T12:16:33.798Z"
}
7/7/2026, 5:46:32 pm | [2026-07-07T12:16:33.818Z] [LOG] {
  "screen": "LoginScreen",
  "event": "USER_DATA_SAVED",
  "timestamp": "2026-07-07T12:16:33.818Z"
}
7/7/2026, 5:46:32 pm | [2026-07-07T12:16:33.820Z] [LOG] {
  "event": "NAVIGATING_TO_USER"
}
7/7/2026, 5:46:32 pm | [2026-07-07T12:16:33.822Z] [LOG] {
  "screen": "LoginScreen",
  "event": "LOADING_COMPLETED",
  "timestamp": "2026-07-07T12:16:33.822Z"
}
7/7/2026, 5:46:32 pm | [2026-07-07T12:16:33.844Z] [LOG] {
  "screen": "UserDashboard",
  "event": "SCREEN_OPENED",
  "empNo": "UNKNOWN",
  "timestamp": "2026-07-07T12:16:33.844Z"
}
7/7/2026, 5:46:33 pm | [2026-07-07T12:16:33.846Z] [LOG] {
  "screen": "UserDashboard",
  "event": "LOAD_EMPLOYEE_STARTED",
  "empNo": "UNKNOWN",
  "timestamp": "2026-07-07T12:16:33.846Z"
}
7/7/2026, 5:46:33 pm | [2026-07-07T12:16:33.851Z] [LOG] {
  "screen": "UserDashboard",
  "event": "LOGGED_USER_FETCHED",
  "hasUser": true,
  "empNo": "UNKNOWN",
  "timestamp": "2026-07-07T12:16:33.851Z"
}
7/7/2026, 5:46:33 pm | [2026-07-07T12:16:33.857Z] [LOG] {
  "screen": "UserDashboard",
  "event": "EMPLOYEE_API_STARTED",
  "empNo": "461",
  "timestamp": "2026-07-07T12:16:33.857Z"
}
7/7/2026, 5:46:33 pm | [2026-07-07T12:16:33.953Z] [LOG] {
  "screen": "UserDashboard",
  "event": "EMPLOYEE_DATA_LOADED",
  "empNo": "461",
  "branch": "Visakhapatnam",
  "designation": "Branch Manager",
  "timestamp": "2026-07-07T12:16:33.953Z"
}
7/7/2026, 5:46:33 pm | [2026-07-07T12:16:34.106Z] [LOG] {
  "screen": "UserDashboard",
  "event": "LAST_SUBMISSION_LOADED",
  "previousDayAmount": 794390,
  "previousDaySubmittedAt": "2026-07-06 17:48:30",
  "formattedPreviousDayTime": "6/7/2026, 5:48 pm",
  "empNo": "",
  "timestamp": "2026-07-07T12:16:34.106Z"
}
7/7/2026, 5:46:33 pm | [2026-07-07T12:16:34.195Z] [LOG] {
  "screen": "UserDashboard",
  "event": "LOADING_COMPLETED",
  "empNo": "UNKNOWN",
  "timestamp": "2026-07-07T12:16:34.195Z"
}
7/7/2026, 5:46:56 pm | [2026-07-07T12:16:57.272Z] [LOG] {
  "screen": "UserDashboard",
  "event": "SAVE_BUTTON_CLICKED",
  "empNo": "461",
  "amount": "1007090",
  "isEditing": false,
  "timestamp": "2026-07-07T12:16:57.272Z"
}
7/7/2026, 5:46:57 pm | [2026-07-07T12:16:58.480Z] [LOG] {
  "screen": "UserDashboard",
  "event": "SAVE_CASH_API_STARTED",
  "empNo": "461",
  "amount": "1007090",
  "timestamp": "2026-07-07T12:16:58.480Z"
}
7/7/2026, 5:46:58 pm | [2026-07-07T12:16:59.174Z] [LOG] {
  "screen": "UserDashboard",
  "event": "SAVE_CASH_SUCCESS",
  "empNo": "461",
  "savedAmount": "1007090",
  "savedAt": "2026-07-07T12:16:59.156Z",
  "formattedSaveTime": "5:46 pm",
  "isEditing": false,
  "timestamp": "2026-07-07T12:16:59.173Z"
}
7/7/2026, 5:47:19 pm | [2026-07-07T12:17:16.600Z] [LOG] Running "CashClosingApp"
7/7/2026, 5:47:19 pm | [2026-07-07T12:17:16.790Z] [LOG] {
  "screen": "WelcomeScreen",
  "event": "SCREEN_OPENED",
  "timestamp": "2026-07-07T12:17:16.790Z"
}
7/7/2026, 5:47:19 pm | [2026-07-07T12:17:17.567Z] [LOG] {
  "screen": "WelcomeScreen",
  "event": "LOGIN_BUTTON_CLICKED",
  "timestamp": "2026-07-07T12:17:17.567Z"
}
7/7/2026, 5:47:19 pm | [2026-07-07T12:17:17.596Z] [LOG] {
  "screen": "LoginScreen",
  "event": "SCREEN_OPENED",
  "timestamp": "2026-07-07T12:17:17.596Z"
}
7/7/2026, 5:47:19 pm | [2026-07-07T12:17:20.822Z] [LOG] {
  "screen": "LoginScreen",
  "event": "LOADING_STARTED",
  "timestamp": "2026-07-07T12:17:20.822Z"
}
7/7/2026, 5:47:19 pm | [2026-07-07T12:17:20.820Z] [LOG] {
  "screen": "LoginScreen",
  "event": "LOGIN_BUTTON_CLICKED",
  "timestamp": "2026-07-07T12:17:20.820Z"
}
7/7/2026, 5:47:19 pm | [2026-07-07T12:17:20.837Z] [LOG] {
  "screen": "LoginScreen",
  "event": "DEVICE_ID_FETCHED",
  "deviceId": "50372d90b5c12d07",
  "timestamp": "2026-07-07T12:17:20.837Z"
}
7/7/2026, 5:47:19 pm | [2026-07-07T12:17:20.838Z] [LOG] {
  "empNo": "",
  "deviceId": "50372d90b5c12d07"
}
7/7/2026, 5:47:19 pm | [2026-07-07T12:17:20.938Z] [LOG] {
  "screen": "LoginScreen",
  "event": "LOGIN_SUCCESS",
  "user": {
    "empNo": "494",
    "employeeName": "N Naga Siva Krishna",
    "branchCode": "34",
    "branchName": "Vuyyuru",
    "designation": "Branch Manager"
  },
  "timestamp": "2026-07-07T12:17:20.938Z"
}
7/7/2026, 5:47:19 pm | [2026-07-07T12:17:20.955Z] [LOG] {
  "event": "NAVIGATING_TO_USER"
}
7/7/2026, 5:47:19 pm | [2026-07-07T12:17:20.956Z] [LOG] {
  "screen": "LoginScreen",
  "event": "LOADING_COMPLETED",
  "timestamp": "2026-07-07T12:17:20.956Z"
}
7/7/2026, 5:47:19 pm | [2026-07-07T12:17:20.954Z] [LOG] {
  "screen": "LoginScreen",
  "event": "USER_DATA_SAVED",
  "timestamp": "2026-07-07T12:17:20.954Z"
}
7/7/2026, 5:47:19 pm | [2026-07-07T12:17:20.969Z] [LOG] {
  "screen": "UserDashboard",
  "event": "SCREEN_OPENED",
  "empNo": "UNKNOWN",
  "timestamp": "2026-07-07T12:17:20.969Z"
}
7/7/2026, 5:47:20 pm | [2026-07-07T12:17:20.970Z] [LOG] {
  "screen": "UserDashboard",
  "event": "LOAD_EMPLOYEE_STARTED",
  "empNo": "UNKNOWN",
  "timestamp": "2026-07-07T12:17:20.970Z"
}
7/7/2026, 5:47:20 pm | [2026-07-07T12:17:20.976Z] [LOG] {
  "screen": "UserDashboard",
  "event": "LOGGED_USER_FETCHED",
  "hasUser": true,
  "empNo": "UNKNOWN",
  "timestamp": "2026-07-07T12:17:20.975Z"
}
7/7/2026, 5:47:20 pm | [2026-07-07T12:17:20.838Z] [LOG] {
  "screen": "LoginScreen",
  "event": "LOGIN_API_STARTED",
  "deviceId": "50372d90b5c12d07",
  "timestamp": "2026-07-07T12:17:20.838Z"
}
7/7/2026, 5:47:20 pm | [2026-07-07T12:17:20.976Z] [LOG] {
  "screen": "UserDashboard",
  "event": "EMPLOYEE_API_STARTED",
  "empNo": "494",
  "timestamp": "2026-07-07T12:17:20.976Z"
}
7/7/2026, 5:47:20 pm | [2026-07-07T12:17:21.144Z] [LOG] {
  "screen": "UserDashboard",
  "event": "EMPLOYEE_DATA_LOADED",
  "empNo": "494",
  "branch": "Vuyyuru",
  "designation": "Branch Manager",
  "timestamp": "2026-07-07T12:17:21.144Z"
}
7/7/2026, 5:47:20 pm | [2026-07-07T12:17:21.349Z] [LOG] {
  "screen": "UserDashboard",
  "event": "LAST_SUBMISSION_LOADED",
  "previousDayAmount": 240000,
  "previousDaySubmittedAt": "2026-07-06 16:32:45",
  "formattedPreviousDayTime": "6/7/2026, 4:32 pm",
  "empNo": "",
  "timestamp": "2026-07-07T12:17:21.349Z"
}
7/7/2026, 5:47:20 pm | [2026-07-07T12:17:21.438Z] [LOG] {
  "screen": "UserDashboard",
  "event": "LOADING_COMPLETED",
  "empNo": "UNKNOWN",
  "timestamp": "2026-07-07T12:17:21.437Z"
}
7/7/2026, 5:47:29 pm | [2026-07-07T12:17:30.473Z] [WARN] {
  "screen": "UserDashboard",
  "event": "INVALID_AMOUNT",
  "empNo": "494",
  "amount": "",
  "timestamp": "2026-07-07T12:17:30.473Z"
}
7/7/2026, 5:47:29 pm | [2026-07-07T12:17:30.471Z] [LOG] {
  "screen": "UserDashboard",
  "event": "SAVE_BUTTON_CLICKED",
  "empNo": "494",
  "amount": "",
  "isEditing": false,
  "timestamp": "2026-07-07T12:17:30.471Z"
}
7/7/2026, 5:47:36 pm | [2026-07-07T12:17:36.893Z] [LOG] {
  "screen": "UserDashboard",
  "event": "SAVE_BUTTON_CLICKED",
  "empNo": "494",
  "amount": "400000",
  "isEditing": false,
  "timestamp": "2026-07-07T12:17:36.893Z"
}
7/7/2026, 5:47:36 pm | [2026-07-07T12:17:37.679Z] [LOG] {
  "screen": "UserDashboard",
  "event": "SAVE_CASH_API_STARTED",
  "empNo": "494",
  "amount": "400000",
  "timestamp": "2026-07-07T12:17:37.679Z"
}
7/7/2026, 5:47:37 pm | [2026-07-07T12:17:38.038Z] [LOG] {
  "screen": "UserDashboard",
  "event": "SAVE_CASH_SUCCESS",
  "empNo": "494",
  "savedAmount": "400000",
  "savedAt": "2026-07-07T12:17:38.023Z",
  "formattedSaveTime": "5:47 pm",
  "isEditing": false,
  "timestamp": "2026-07-07T12:17:38.038Z"
}
7/7/2026, 5:47:38 pm | [2026-07-07T12:17:39.489Z] [LOG] {
  "screen": "UserDashboard",
  "event": "SAVE_BUTTON_CLICKED",
  "empNo": "494",
  "amount": "400000",
  "isEditing": true,
  "timestamp": "2026-07-07T12:17:39.489Z"
}
7/7/2026, 5:47:38 pm | [2026-07-07T12:17:40.074Z] [LOG] Running "CashClosingApp"
7/7/2026, 5:47:38 pm | [2026-07-07T12:17:40.199Z] [LOG] {
  "screen": "WelcomeScreen",
  "event": "SCREEN_OPENED",
  "timestamp": "2026-07-07T12:17:40.198Z"
}
7/7/2026, 5:47:39 pm | [2026-07-07T12:17:40.221Z] [LOG] {
  "screen": "UserDashboard",
  "event": "SAVE_CASH_API_STARTED",
  "empNo": "494",
  "amount": "400000",
  "timestamp": "2026-07-07T12:17:40.221Z"
}
7/7/2026, 5:47:39 pm | [2026-07-07T12:17:40.335Z] [LOG] {
  "screen": "UserDashboard",
  "event": "SAVE_CASH_SUCCESS",
  "empNo": "494",
  "savedAmount": "400000",
  "savedAt": "2026-07-07T12:17:40.327Z",
  "formattedSaveTime": "5:47 pm",
  "isEditing": true,
  "timestamp": "2026-07-07T12:17:40.335Z"
}
7/7/2026, 5:47:39 pm | [2026-07-07T12:17:41.353Z] [LOG] {
  "screen": "WelcomeScreen",
  "event": "LOGIN_BUTTON_CLICKED",
  "timestamp": "2026-07-07T12:17:41.353Z"
}
7/7/2026, 5:47:39 pm | [2026-07-07T12:17:41.386Z] [LOG] {
  "screen": "LoginScreen",
  "event": "SCREEN_OPENED",
  "timestamp": "2026-07-07T12:17:41.386Z"
}
7/7/2026, 5:47:40 pm | [2026-07-07T12:17:41.684Z] [LOG] {
  "screen": "UserDashboard",
  "event": "SAVE_BUTTON_CLICKED",
  "empNo": "494",
  "amount": "400000",
  "isEditing": true,
  "timestamp": "2026-07-07T12:17:41.683Z"
}
7/7/2026, 5:47:41 pm | [2026-07-07T12:17:42.309Z] [LOG] {
  "screen": "UserDashboard",
  "event": "SAVE_CASH_API_STARTED",
  "empNo": "494",
  "amount": "400000",
  "timestamp": "2026-07-07T12:17:42.309Z"
}
7/7/2026, 5:47:41 pm | [2026-07-07T12:17:42.428Z] [LOG] {
  "screen": "UserDashboard",
  "event": "SAVE_CASH_SUCCESS",
  "empNo": "494",
  "savedAmount": "400000",
  "savedAt": "2026-07-07T12:17:42.420Z",
  "formattedSaveTime": "5:47 pm",
  "isEditing": true,
  "timestamp": "2026-07-07T12:17:42.428Z"
}
7/7/2026, 5:47:43 pm | [2026-07-07T12:17:45.037Z] [LOG] {
  "screen": "LoginScreen",
  "event": "LOGIN_BUTTON_CLICKED",
  "timestamp": "2026-07-07T12:17:45.037Z"
}
7/7/2026, 5:47:43 pm | [2026-07-07T12:17:45.038Z] [LOG] {
  "screen": "LoginScreen",
  "event": "LOADING_STARTED",
  "timestamp": "2026-07-07T12:17:45.038Z"
}
7/7/2026, 5:47:43 pm | [2026-07-07T12:17:45.160Z] [LOG] {
  "screen": "LoginScreen",
  "event": "LOGIN_SUCCESS",
  "user": {
    "empNo": "121",
    "employeeName": "B. Chandra Sekhar K",
    "branchCode": "6",
    "branchName": "Narasaraopet",
    "designation": "Branch Manager"
  },
  "timestamp": "2026-07-07T12:17:45.160Z"
}
7/7/2026, 5:47:43 pm | [2026-07-07T12:17:45.172Z] [LOG] {
  "screen": "LoginScreen",
  "event": "USER_DATA_SAVED",
  "timestamp": "2026-07-07T12:17:45.172Z"
}
7/7/2026, 5:47:43 pm | [2026-07-07T12:17:45.044Z] [LOG] {
  "screen": "LoginScreen",
  "event": "DEVICE_ID_FETCHED",
  "deviceId": "cc05aabaa078fe2f",
  "timestamp": "2026-07-07T12:17:45.044Z"
}
7/7/2026, 5:47:43 pm | [2026-07-07T12:17:45.047Z] [LOG] {
  "screen": "LoginScreen",
  "event": "LOGIN_API_STARTED",
  "deviceId": "cc05aabaa078fe2f",
  "timestamp": "2026-07-07T12:17:45.047Z"
}
7/7/2026, 5:47:43 pm | [2026-07-07T12:17:45.046Z] [LOG] {
  "empNo": "",
  "deviceId": "cc05aabaa078fe2f"
}
7/7/2026, 5:47:43 pm | [2026-07-07T12:17:45.174Z] [LOG] {
  "event": "NAVIGATING_TO_USER"
}
7/7/2026, 5:47:43 pm | [2026-07-07T12:17:45.174Z] [LOG] {
  "screen": "LoginScreen",
  "event": "LOADING_COMPLETED",
  "timestamp": "2026-07-07T12:17:45.174Z"
}
7/7/2026, 5:47:43 pm | [2026-07-07T12:17:45.194Z] [LOG] {
  "screen": "UserDashboard",
  "event": "EMPLOYEE_API_STARTED",
  "empNo": "121",
  "timestamp": "2026-07-07T12:17:45.194Z"
}
7/7/2026, 5:47:43 pm | [2026-07-07T12:17:45.179Z] [LOG] {
  "screen": "UserDashboard",
  "event": "SCREEN_OPENED",
  "empNo": "UNKNOWN",
  "timestamp": "2026-07-07T12:17:45.179Z"
}
7/7/2026, 5:47:43 pm | [2026-07-07T12:17:45.193Z] [LOG] {
  "screen": "UserDashboard",
  "event": "LOGGED_USER_FETCHED",
  "hasUser": true,
  "empNo": "UNKNOWN",
  "timestamp": "2026-07-07T12:17:45.193Z"
}
7/7/2026, 5:47:43 pm | [2026-07-07T12:17:45.183Z] [LOG] {
  "screen": "UserDashboard",
  "event": "LOAD_EMPLOYEE_STARTED",
  "empNo": "UNKNOWN",
  "timestamp": "2026-07-07T12:17:45.183Z"
}
7/7/2026, 5:47:43 pm | [2026-07-07T12:17:45.390Z] [LOG] {
  "screen": "UserDashboard",
  "event": "EMPLOYEE_DATA_LOADED",
  "empNo": "121",
  "branch": "Narasaraopet",
  "designation": "Branch Manager",
  "timestamp": "2026-07-07T12:17:45.390Z"
}
7/7/2026, 5:47:43 pm | [2026-07-07T12:17:45.610Z] [LOG] {
  "screen": "UserDashboard",
  "event": "LAST_SUBMISSION_LOADED",
  "previousDayAmount": 1958915,
  "previousDaySubmittedAt": "2026-07-06 17:54:45",
  "formattedPreviousDayTime": "6/7/2026, 5:54 pm",
  "empNo": "",
  "timestamp": "2026-07-07T12:17:45.610Z"
}
7/7/2026, 5:47:43 pm | [2026-07-07T12:17:45.729Z] [LOG] {
  "screen": "UserDashboard",
  "event": "LOADING_COMPLETED",
  "empNo": "UNKNOWN",
  "timestamp": "2026-07-07T12:17:45.729Z"
}
7/7/2026, 5:47:56 pm | [2026-07-07T12:17:57.708Z] [LOG] {
  "screen": "UserDashboard",
  "event": "SAVE_BUTTON_CLICKED",
  "empNo": "121",
  "amount": "1061350",
  "isEditing": false,
  "timestamp": "2026-07-07T12:17:57.708Z"
}
7/7/2026, 5:47:57 pm | [2026-07-07T12:17:58.848Z] [LOG] {
  "screen": "UserDashboard",
  "event": "SAVE_CASH_API_STARTED",
  "empNo": "121",
  "amount": "1061350",
  "timestamp": "2026-07-07T12:17:58.848Z"
}
7/7/2026, 5:47:57 pm | [2026-07-07T12:17:59.289Z] [LOG] {
  "screen": "UserDashboard",
  "event": "SAVE_CASH_SUCCESS",
  "empNo": "121",
  "savedAmount": "1061350",
  "savedAt": "2026-07-07T12:17:59.263Z",
  "formattedSaveTime": "5:47 pm",
  "isEditing": false,
  "timestamp": "2026-07-07T12:17:59.289Z"
}
7/7/2026, 5:48:41 pm | [2026-07-07T12:18:40.267Z] [LOG] {
  "screen": "LoginScreen",
  "event": "SCREEN_OPENED",
  "timestamp": "2026-07-07T12:18:40.267Z"
}
7/7/2026, 5:48:41 pm | [2026-07-07T12:18:39.374Z] [LOG] {
  "screen": "WelcomeScreen",
  "event": "SCREEN_OPENED",
  "timestamp": "2026-07-07T12:18:39.374Z"
}
7/7/2026, 5:48:41 pm | [2026-07-07T12:18:40.196Z] [LOG] {
  "screen": "WelcomeScreen",
  "event": "LOGIN_BUTTON_CLICKED",
  "timestamp": "2026-07-07T12:18:40.196Z"
}
7/7/2026, 5:48:41 pm | [2026-07-07T12:18:38.995Z] [LOG] Running "CashClosingApp"
7/7/2026, 5:48:42 pm | [2026-07-07T12:18:44.425Z] [LOG] {
  "screen": "LoginScreen",
  "event": "LOGIN_BUTTON_CLICKED",
  "timestamp": "2026-07-07T12:18:44.424Z"
}
7/7/2026, 5:48:42 pm | [2026-07-07T12:18:44.430Z] [LOG] {
  "screen": "LoginScreen",
  "event": "LOADING_STARTED",
  "timestamp": "2026-07-07T12:18:44.430Z"
}
7/7/2026, 5:48:42 pm | [2026-07-07T12:18:44.449Z] [LOG] {
  "empNo": "",
  "deviceId": "81b65917c9367902"
}
7/7/2026, 5:48:42 pm | [2026-07-07T12:18:44.448Z] [LOG] {
  "screen": "LoginScreen",
  "event": "DEVICE_ID_FETCHED",
  "deviceId": "81b65917c9367902",
  "timestamp": "2026-07-07T12:18:44.448Z"
}
7/7/2026, 5:48:43 pm | [2026-07-07T12:18:44.645Z] [LOG] {
  "screen": "LoginScreen",
  "event": "LOGIN_SUCCESS",
  "user": {
    "empNo": "974",
    "employeeName": "T Sreenivas",
    "branchCode": "30",
    "branchName": "Gopalapatnam",
    "designation": "Branch Manager"
  },
  "timestamp": "2026-07-07T12:18:44.645Z"
}
7/7/2026, 5:48:43 pm | [2026-07-07T12:18:44.662Z] [LOG] {
  "screen": "LoginScreen",
  "event": "USER_DATA_SAVED",
  "timestamp": "2026-07-07T12:18:44.662Z"
}
7/7/2026, 5:48:43 pm | [2026-07-07T12:18:44.664Z] [LOG] {
  "event": "NAVIGATING_TO_USER"
}
7/7/2026, 5:48:43 pm | [2026-07-07T12:18:44.666Z] [LOG] {
  "screen": "LoginScreen",
  "event": "LOADING_COMPLETED",
  "timestamp": "2026-07-07T12:18:44.666Z"
}
7/7/2026, 5:48:43 pm | [2026-07-07T12:18:44.449Z] [LOG] {
  "screen": "LoginScreen",
  "event": "LOGIN_API_STARTED",
  "deviceId": "81b65917c9367902",
  "timestamp": "2026-07-07T12:18:44.449Z"
}
7/7/2026, 5:48:43 pm | [2026-07-07T12:18:44.688Z] [LOG] {
  "screen": "UserDashboard",
  "event": "SCREEN_OPENED",
  "empNo": "UNKNOWN",
  "timestamp": "2026-07-07T12:18:44.687Z"
}
7/7/2026, 5:48:43 pm | [2026-07-07T12:18:44.698Z] [LOG] {
  "screen": "UserDashboard",
  "event": "LOGGED_USER_FETCHED",
  "hasUser": true,
  "empNo": "UNKNOWN",
  "timestamp": "2026-07-07T12:18:44.698Z"
}
7/7/2026, 5:48:43 pm | [2026-07-07T12:18:44.699Z] [LOG] {
  "screen": "UserDashboard",
  "event": "EMPLOYEE_API_STARTED",
  "empNo": "974",
  "timestamp": "2026-07-07T12:18:44.699Z"
}
7/7/2026, 5:48:43 pm | [2026-07-07T12:18:44.690Z] [LOG] {
  "screen": "UserDashboard",
  "event": "LOAD_EMPLOYEE_STARTED",
  "empNo": "UNKNOWN",
  "timestamp": "2026-07-07T12:18:44.690Z"
}
7/7/2026, 5:48:43 pm | [2026-07-07T12:18:44.900Z] [LOG] {
  "screen": "UserDashboard",
  "event": "EMPLOYEE_DATA_LOADED",
  "empNo": "974",
  "branch": "Gopalapatnam",
  "designation": "Branch Manager",
  "timestamp": "2026-07-07T12:18:44.900Z"
}
7/7/2026, 5:48:43 pm | [2026-07-07T12:18:45.073Z] [LOG] {
  "screen": "UserDashboard",
  "event": "LAST_SUBMISSION_LOADED",
  "previousDayAmount": 411744,
  "previousDaySubmittedAt": "2026-07-06 17:46:28",
  "formattedPreviousDayTime": "6/7/2026, 5:46 pm",
  "empNo": "",
  "timestamp": "2026-07-07T12:18:45.073Z"
}
7/7/2026, 5:48:43 pm | [2026-07-07T12:18:45.199Z] [LOG] {
  "screen": "UserDashboard",
  "event": "LOADING_COMPLETED",
  "empNo": "UNKNOWN",
  "timestamp": "2026-07-07T12:18:45.199Z"
}
7/7/2026, 5:48:51 pm | [2026-07-07T12:18:52.419Z] [LOG] Running "CashClosingApp"
7/7/2026, 5:48:51 pm | [2026-07-07T12:18:52.523Z] [LOG] {
  "screen": "WelcomeScreen",
  "event": "SCREEN_OPENED",
  "timestamp": "2026-07-07T12:18:52.523Z"
}
7/7/2026, 5:48:51 pm | [2026-07-07T12:18:51.933Z] [LOG] {
  "screen": "UserDashboard",
  "event": "SAVE_BUTTON_CLICKED",
  "empNo": "974",
  "amount": "410200",
  "isEditing": false,
  "timestamp": "2026-07-07T12:18:51.928Z"
}
7/7/2026, 5:48:51 pm | [2026-07-07T12:18:53.164Z] [LOG] {
  "screen": "UserDashboard",
  "event": "SAVE_CASH_API_STARTED",
  "empNo": "974",
  "amount": "410200",
  "timestamp": "2026-07-07T12:18:53.164Z"
}
7/7/2026, 5:48:51 pm | [2026-07-07T12:18:53.581Z] [LOG] {
  "screen": "UserDashboard",
  "event": "SAVE_CASH_SUCCESS",
  "empNo": "974",
  "savedAmount": "410200",
  "savedAt": "2026-07-07T12:18:53.564Z",
  "formattedSaveTime": "5:48 pm",
  "isEditing": false,
  "timestamp": "2026-07-07T12:18:53.581Z"
}
7/7/2026, 5:48:54 pm | [2026-07-07T12:18:55.044Z] [LOG] Running "CashClosingApp"
7/7/2026, 5:48:54 pm | [2026-07-07T12:18:55.136Z] [LOG] {
  "screen": "WelcomeScreen",
  "event": "SCREEN_OPENED",
  "timestamp": "2026-07-07T12:18:55.136Z"
}
7/7/2026, 5:48:55 pm | [2026-07-07T12:18:56.054Z] [LOG] {
  "screen": "WelcomeScreen",
  "event": "LOGIN_BUTTON_CLICKED",
  "timestamp": "2026-07-07T12:18:56.054Z"
}
7/7/2026, 5:48:55 pm | [2026-07-07T12:18:56.079Z] [LOG] {
  "screen": "LoginScreen",
  "event": "SCREEN_OPENED",
  "timestamp": "2026-07-07T12:18:56.079Z"
}
7/7/2026, 5:48:59 pm | [2026-07-07T12:18:59.793Z] [LOG] {
  "screen": "LoginScreen",
  "event": "LOGIN_BUTTON_CLICKED",
  "timestamp": "2026-07-07T12:18:59.793Z"
}
7/7/2026, 5:48:59 pm | [2026-07-07T12:18:59.794Z] [LOG] {
  "screen": "LoginScreen",
  "event": "LOADING_STARTED",
  "timestamp": "2026-07-07T12:18:59.794Z"
}
7/7/2026, 5:48:59 pm | [2026-07-07T12:18:59.942Z] [LOG] {
  "screen": "LoginScreen",
  "event": "LOGIN_SUCCESS",
  "user": {
    "empNo": "187",
    "employeeName": "P. Lakshmi Prasanthi",
    "branchCode": "27",
    "branchName": "Gorantla",
    "designation": "Branch Manager"
  },
  "timestamp": "2026-07-07T12:18:59.941Z"
}
7/7/2026, 5:48:59 pm | [2026-07-07T12:18:59.950Z] [LOG] {
  "screen": "LoginScreen",
  "event": "USER_DATA_SAVED",
  "timestamp": "2026-07-07T12:18:59.950Z"
}
7/7/2026, 5:48:59 pm | [2026-07-07T12:18:59.951Z] [LOG] {
  "event": "NAVIGATING_TO_USER"
}
7/7/2026, 5:48:59 pm | [2026-07-07T12:18:59.952Z] [LOG] {
  "screen": "LoginScreen",
  "event": "LOADING_COMPLETED",
  "timestamp": "2026-07-07T12:18:59.952Z"
}
7/7/2026, 5:48:59 pm | [2026-07-07T12:18:59.799Z] [LOG] {
  "empNo": "",
  "deviceId": "9ab88ee8173e3ca2"
}
7/7/2026, 5:48:59 pm | [2026-07-07T12:18:59.800Z] [LOG] {
  "screen": "LoginScreen",
  "event": "LOGIN_API_STARTED",
  "deviceId": "9ab88ee8173e3ca2",
  "timestamp": "2026-07-07T12:18:59.800Z"
}
7/7/2026, 5:48:59 pm | [2026-07-07T12:18:59.799Z] [LOG] {
  "screen": "LoginScreen",
  "event": "DEVICE_ID_FETCHED",
  "deviceId": "9ab88ee8173e3ca2",
  "timestamp": "2026-07-07T12:18:59.799Z"
}
7/7/2026, 5:48:59 pm | [2026-07-07T12:18:59.959Z] [LOG] {
  "screen": "UserDashboard",
  "event": "SCREEN_OPENED",
  "empNo": "UNKNOWN",
  "timestamp": "2026-07-07T12:18:59.959Z"
}
7/7/2026, 5:48:59 pm | [2026-07-07T12:18:59.959Z] [LOG] {
  "screen": "UserDashboard",
  "event": "LOAD_EMPLOYEE_STARTED",
  "empNo": "UNKNOWN",
  "timestamp": "2026-07-07T12:18:59.959Z"
}
7/7/2026, 5:48:59 pm | [2026-07-07T12:18:59.962Z] [LOG] {
  "screen": "UserDashboard",
  "event": "EMPLOYEE_API_STARTED",
  "empNo": "187",
  "timestamp": "2026-07-07T12:18:59.962Z"
}
7/7/2026, 5:48:59 pm | [2026-07-07T12:18:59.962Z] [LOG] {
  "screen": "UserDashboard",
  "event": "LOGGED_USER_FETCHED",
  "hasUser": true,
  "empNo": "UNKNOWN",
  "timestamp": "2026-07-07T12:18:59.962Z"
}
7/7/2026, 5:48:59 pm | [2026-07-07T12:19:00.145Z] [LOG] {
  "screen": "UserDashboard",
  "event": "EMPLOYEE_DATA_LOADED",
  "empNo": "187",
  "branch": "Gorantla",
  "designation": "Branch Manager",
  "timestamp": "2026-07-07T12:19:00.145Z"
}
7/7/2026, 5:48:59 pm | [2026-07-07T12:19:00.229Z] [LOG] {
  "screen": "UserDashboard",
  "event": "LAST_SUBMISSION_LOADED",
  "previousDayAmount": 1250000,
  "previousDaySubmittedAt": "2026-07-06 17:53:50",
  "formattedPreviousDayTime": "6/7/2026, 5:53 pm",
  "empNo": "",
  "timestamp": "2026-07-07T12:19:00.229Z"
}
7/7/2026, 5:48:59 pm | [2026-07-07T12:19:00.391Z] [LOG] {
  "screen": "UserDashboard",
  "event": "LOADING_COMPLETED",
  "empNo": "UNKNOWN",
  "timestamp": "2026-07-07T12:19:00.391Z"
}
7/7/2026, 5:49:00 pm | [2026-07-07T12:19:01.914Z] [LOG] {
  "screen": "WelcomeScreen",
  "event": "SCREEN_OPENED",
  "timestamp": "2026-07-07T12:19:01.914Z"
}
7/7/2026, 5:49:00 pm | [2026-07-07T12:19:01.751Z] [LOG] Running "CashClosingApp"
7/7/2026, 5:49:01 pm | [2026-07-07T12:19:02.982Z] [LOG] {
  "screen": "WelcomeScreen",
  "event": "LOGIN_BUTTON_CLICKED",
  "timestamp": "2026-07-07T12:19:02.982Z"
}
7/7/2026, 5:49:01 pm | [2026-07-07T12:19:03.037Z] [LOG] {
  "screen": "LoginScreen",
  "event": "SCREEN_OPENED",
  "timestamp": "2026-07-07T12:19:03.037Z"
}
7/7/2026, 5:49:04 pm | [2026-07-07T12:19:04.861Z] [LOG] {
  "screen": "WelcomeScreen",
  "event": "LOGIN_BUTTON_CLICKED",
  "timestamp": "2026-07-07T12:19:04.861Z"
}
7/7/2026, 5:49:04 pm | [2026-07-07T12:19:04.904Z] [LOG] {
  "screen": "LoginScreen",
  "event": "SCREEN_OPENED",
  "timestamp": "2026-07-07T12:19:04.904Z"
}
7/7/2026, 5:49:05 pm | [2026-07-07T12:19:06.055Z] [LOG] {
  "screen": "UserDashboard",
  "event": "SAVE_BUTTON_CLICKED",
  "empNo": "187",
  "amount": "640000",
  "isEditing": false,
  "timestamp": "2026-07-07T12:19:06.055Z"
}
7/7/2026, 5:49:05 pm | [2026-07-07T12:19:06.996Z] [LOG] {
  "screen": "LoginScreen",
  "event": "LOADING_STARTED",
  "timestamp": "2026-07-07T12:19:06.996Z"
}
7/7/2026, 5:49:05 pm | [2026-07-07T12:19:06.991Z] [LOG] {
  "screen": "LoginScreen",
  "event": "LOGIN_BUTTON_CLICKED",
  "timestamp": "2026-07-07T12:19:06.990Z"
}
7/7/2026, 5:49:05 pm | [2026-07-07T12:19:07.173Z] [LOG] {
  "screen": "LoginScreen",
  "event": "LOGIN_SUCCESS",
  "user": {
    "empNo": "544",
    "employeeName": "P Subba Rao",
    "branchCode": "53",
    "branchName": "Lingapuram",
    "designation": "Branch Manager"
  },
  "timestamp": "2026-07-07T12:19:07.173Z"
}
7/7/2026, 5:49:05 pm | [2026-07-07T12:19:07.206Z] [LOG] {
  "screen": "LoginScreen",
  "event": "USER_DATA_SAVED",
  "timestamp": "2026-07-07T12:19:07.206Z"
}
7/7/2026, 5:49:05 pm | [2026-07-07T12:19:07.022Z] [LOG] {
  "screen": "LoginScreen",
  "event": "LOGIN_API_STARTED",
  "deviceId": "d99a65c1c671a184",
  "timestamp": "2026-07-07T12:19:07.022Z"
}
7/7/2026, 5:49:05 pm | [2026-07-07T12:19:07.021Z] [LOG] {
  "screen": "LoginScreen",
  "event": "DEVICE_ID_FETCHED",
  "deviceId": "d99a65c1c671a184",
  "timestamp": "2026-07-07T12:19:07.021Z"
}
7/7/2026, 5:49:05 pm | [2026-07-07T12:19:07.218Z] [LOG] {
  "event": "NAVIGATING_TO_USER"
}
7/7/2026, 5:49:05 pm | [2026-07-07T12:19:07.022Z] [LOG] {
  "empNo": "",
  "deviceId": "d99a65c1c671a184"
}
7/7/2026, 5:49:05 pm | [2026-07-07T12:19:07.219Z] [LOG] {
  "screen": "LoginScreen",
  "event": "LOADING_COMPLETED",
  "timestamp": "2026-07-07T12:19:07.219Z"
}
7/7/2026, 5:49:05 pm | [2026-07-07T12:19:07.235Z] [LOG] {
  "screen": "UserDashboard",
  "event": "SCREEN_OPENED",
  "empNo": "UNKNOWN",
  "timestamp": "2026-07-07T12:19:07.235Z"
}
7/7/2026, 5:49:05 pm | [2026-07-07T12:19:07.236Z] [LOG] {
  "screen": "UserDashboard",
  "event": "LOAD_EMPLOYEE_STARTED",
  "empNo": "UNKNOWN",
  "timestamp": "2026-07-07T12:19:07.236Z"
}
7/7/2026, 5:49:05 pm | [2026-07-07T12:19:07.242Z] [LOG] {
  "screen": "UserDashboard",
  "event": "LOGGED_USER_FETCHED",
  "hasUser": true,
  "empNo": "UNKNOWN",
  "timestamp": "2026-07-07T12:19:07.242Z"
}
7/7/2026, 5:49:05 pm | [2026-07-07T12:19:07.244Z] [LOG] {
  "screen": "UserDashboard",
  "event": "EMPLOYEE_API_STARTED",
  "empNo": "544",
  "timestamp": "2026-07-07T12:19:07.244Z"
}
7/7/2026, 5:49:05 pm | [2026-07-07T12:19:07.512Z] [LOG] {
  "screen": "UserDashboard",
  "event": "EMPLOYEE_DATA_LOADED",
  "empNo": "544",
  "branch": "Lingapuram",
  "designation": "Branch Manager",
  "timestamp": "2026-07-07T12:19:07.512Z"
}
7/7/2026, 5:49:06 pm | [2026-07-07T12:19:07.781Z] [LOG] {
  "screen": "UserDashboard",
  "event": "LAST_SUBMISSION_LOADED",
  "previousDayAmount": 298460,
  "previousDaySubmittedAt": "2026-07-06 17:48:51",
  "formattedPreviousDayTime": "6/7/2026, 5:48 pm",
  "empNo": "",
  "timestamp": "2026-07-07T12:19:07.781Z"
}
7/7/2026, 5:49:06 pm | [2026-07-07T12:19:07.843Z] [LOG] {
  "screen": "UserDashboard",
  "event": "LOADING_COMPLETED",
  "empNo": "UNKNOWN",
  "timestamp": "2026-07-07T12:19:07.843Z"
}
7/7/2026, 5:49:06 pm | [2026-07-07T12:19:07.361Z] [LOG] {
  "screen": "UserDashboard",
  "event": "SAVE_CASH_API_STARTED",
  "empNo": "187",
  "amount": "640000",
  "timestamp": "2026-07-07T12:19:07.361Z"
}
7/7/2026, 5:49:06 pm | [2026-07-07T12:19:07.861Z] [LOG] {
  "screen": "LoginScreen",
  "event": "LOGIN_BUTTON_CLICKED",
  "timestamp": "2026-07-07T12:19:07.861Z"
}
7/7/2026, 5:49:06 pm | [2026-07-07T12:19:07.862Z] [LOG] {
  "screen": "LoginScreen",
  "event": "LOADING_STARTED",
  "timestamp": "2026-07-07T12:19:07.862Z"
}
7/7/2026, 5:49:06 pm | [2026-07-07T12:19:07.973Z] [LOG] {
  "screen": "LoginScreen",
  "event": "LOGIN_SUCCESS",
  "user": {
    "empNo": "218",
    "employeeName": "K. Ravi Prasad",
    "branchCode": "36",
    "branchName": "Enikepadu",
    "designation": "Branch Manager"
  },
  "timestamp": "2026-07-07T12:19:07.973Z"
}
7/7/2026, 5:49:06 pm | [2026-07-07T12:19:07.877Z] [LOG] {
  "screen": "LoginScreen",
  "event": "LOGIN_API_STARTED",
  "deviceId": "5013baa6ee4ee376",
  "timestamp": "2026-07-07T12:19:07.877Z"
}
7/7/2026, 5:49:06 pm | [2026-07-07T12:19:07.989Z] [LOG] {
  "screen": "LoginScreen",
  "event": "USER_DATA_SAVED",
  "timestamp": "2026-07-07T12:19:07.989Z"
}
7/7/2026, 5:49:06 pm | [2026-07-07T12:19:07.875Z] [LOG] {
  "screen": "LoginScreen",
  "event": "DEVICE_ID_FETCHED",
  "deviceId": "5013baa6ee4ee376",
  "timestamp": "2026-07-07T12:19:07.875Z"
}
7/7/2026, 5:49:06 pm | [2026-07-07T12:19:07.992Z] [LOG] {
  "screen": "LoginScreen",
  "event": "LOADING_COMPLETED",
  "timestamp": "2026-07-07T12:19:07.992Z"
}
7/7/2026, 5:49:06 pm | [2026-07-07T12:19:07.991Z] [LOG] {
  "event": "NAVIGATING_TO_USER"
}
7/7/2026, 5:49:06 pm | [2026-07-07T12:19:07.876Z] [LOG] {
  "empNo": "",
  "deviceId": "5013baa6ee4ee376"
}
7/7/2026, 5:49:06 pm | [2026-07-07T12:19:08.003Z] [LOG] {
  "screen": "UserDashboard",
  "event": "SCREEN_OPENED",
  "empNo": "UNKNOWN",
  "timestamp": "2026-07-07T12:19:08.002Z"
}
7/7/2026, 5:49:06 pm | [2026-07-07T12:19:08.006Z] [LOG] {
  "screen": "UserDashboard",
  "event": "LOAD_EMPLOYEE_STARTED",
  "empNo": "UNKNOWN",
  "timestamp": "2026-07-07T12:19:08.006Z"
}
7/7/2026, 5:49:06 pm | [2026-07-07T12:19:08.008Z] [LOG] {
  "screen": "UserDashboard",
  "event": "LOGGED_USER_FETCHED",
  "hasUser": true,
  "empNo": "UNKNOWN",
  "timestamp": "2026-07-07T12:19:08.008Z"
}
7/7/2026, 5:49:06 pm | [2026-07-07T12:19:08.009Z] [LOG] {
  "screen": "UserDashboard",
  "event": "EMPLOYEE_API_STARTED",
  "empNo": "218",
  "timestamp": "2026-07-07T12:19:08.009Z"
}
7/7/2026, 5:49:07 pm | [2026-07-07T12:19:08.121Z] [LOG] {
  "screen": "UserDashboard",
  "event": "EMPLOYEE_DATA_LOADED",
  "empNo": "218",
  "branch": "Enikepadu",
  "designation": "Branch Manager",
  "timestamp": "2026-07-07T12:19:08.121Z"
}
7/7/2026, 5:49:07 pm | [2026-07-07T12:19:07.741Z] [LOG] {
  "screen": "UserDashboard",
  "event": "SAVE_CASH_SUCCESS",
  "empNo": "187",
  "savedAmount": "640000",
  "savedAt": "2026-07-07T12:19:07.731Z",
  "formattedSaveTime": "5:49 pm",
  "isEditing": false,
  "timestamp": "2026-07-07T12:19:07.741Z"
}
7/7/2026, 5:49:07 pm | [2026-07-07T12:19:08.233Z] [LOG] {
  "screen": "UserDashboard",
  "event": "LAST_SUBMISSION_LOADED",
  "previousDayAmount": 1076649,
  "previousDaySubmittedAt": "2026-07-06 17:49:51",
  "formattedPreviousDayTime": "6/7/2026, 5:49 pm",
  "empNo": "",
  "timestamp": "2026-07-07T12:19:08.233Z"
}
7/7/2026, 5:49:07 pm | [2026-07-07T12:19:08.308Z] [LOG] {
  "screen": "UserDashboard",
  "event": "LOADING_COMPLETED",
  "empNo": "UNKNOWN",
  "timestamp": "2026-07-07T12:19:08.308Z"
}
7/7/2026, 5:49:19 pm | [2026-07-07T12:19:20.861Z] [LOG] {
  "screen": "UserDashboard",
  "event": "SAVE_BUTTON_CLICKED",
  "empNo": "218",
  "amount": "1160813",
  "isEditing": false,
  "timestamp": "2026-07-07T12:19:20.861Z"
}
7/7/2026, 5:49:20 pm | [2026-07-07T12:19:22.013Z] [LOG] {
  "screen": "UserDashboard",
  "event": "SAVE_BUTTON_CLICKED",
  "empNo": "544",
  "amount": "301960",
  "isEditing": false,
  "timestamp": "2026-07-07T12:19:22.012Z"
}
7/7/2026, 5:49:20 pm | [2026-07-07T12:19:21.846Z] [LOG] {
  "screen": "UserDashboard",
  "event": "SAVE_CASH_API_STARTED",
  "empNo": "218",
  "amount": "1160813",
  "timestamp": "2026-07-07T12:19:21.846Z"
}
7/7/2026, 5:49:21 pm | [2026-07-07T12:19:22.290Z] [LOG] {
  "screen": "UserDashboard",
  "event": "SAVE_CASH_SUCCESS",
  "empNo": "218",
  "savedAmount": "1160813",
  "savedAt": "2026-07-07T12:19:22.282Z",
  "formattedSaveTime": "5:49 pm",
  "isEditing": false,
  "timestamp": "2026-07-07T12:19:22.290Z"
}
7/7/2026, 5:49:21 pm | [2026-07-07T12:19:23.211Z] [LOG] {
  "screen": "UserDashboard",
  "event": "SAVE_CASH_API_STARTED",
  "empNo": "544",
  "amount": "301960",
  "timestamp": "2026-07-07T12:19:23.211Z"
}
7/7/2026, 5:49:21 pm | [2026-07-07T12:19:23.465Z] [LOG] {
  "screen": "UserDashboard",
  "event": "SAVE_CASH_SUCCESS",
  "empNo": "544",
  "savedAmount": "301960",
  "savedAt": "2026-07-07T12:19:23.440Z",
  "formattedSaveTime": "5:49 pm",
  "isEditing": false,
  "timestamp": "2026-07-07T12:19:23.465Z"
}
7/7/2026, 5:49:25 pm | [2026-07-07T12:19:26.777Z] [LOG] {
  "screen": "UserDashboard",
  "event": "LOGOUT_CLICKED",
  "empNo": "218",
  "timestamp": "2026-07-07T12:19:26.777Z"
}
7/7/2026, 5:49:25 pm | [2026-07-07T12:19:26.812Z] [LOG] {
  "screen": "LoginScreen",
  "event": "SCREEN_OPENED",
  "timestamp": "2026-07-07T12:19:26.812Z"
}
7/7/2026, 5:49:36 pm | [2026-07-07T12:19:37.140Z] [LOG] Running "CashClosingApp"
7/7/2026, 5:49:36 pm | [2026-07-07T12:19:37.238Z] [LOG] {
  "screen": "WelcomeScreen",
  "event": "SCREEN_OPENED",
  "timestamp": "2026-07-07T12:19:37.238Z"
}
7/7/2026, 5:49:37 pm | [2026-07-07T12:19:38.002Z] [LOG] {
  "screen": "WelcomeScreen",
  "event": "LOGIN_BUTTON_CLICKED",
  "timestamp": "2026-07-07T12:19:38.002Z"
}
7/7/2026, 5:49:37 pm | [2026-07-07T12:19:38.034Z] [LOG] {
  "screen": "LoginScreen",
  "event": "SCREEN_OPENED",
  "timestamp": "2026-07-07T12:19:38.034Z"
}
7/7/2026, 5:49:40 pm | [2026-07-07T12:19:41.577Z] [LOG] {
  "screen": "LoginScreen",
  "event": "LOGIN_BUTTON_CLICKED",
  "timestamp": "2026-07-07T12:19:41.576Z"
}
7/7/2026, 5:49:40 pm | [2026-07-07T12:19:41.577Z] [LOG] {
  "screen": "LoginScreen",
  "event": "LOADING_STARTED",
  "timestamp": "2026-07-07T12:19:41.577Z"
}
7/7/2026, 5:49:40 pm | [2026-07-07T12:19:41.686Z] [LOG] {
  "screen": "LoginScreen",
  "event": "LOGIN_SUCCESS",
  "user": {
    "empNo": "307",
    "employeeName": "P.L. Manikanta",
    "branchCode": "35",
    "branchName": "Kolluru",
    "designation": "Branch Manager"
  },
  "timestamp": "2026-07-07T12:19:41.685Z"
}
7/7/2026, 5:49:40 pm | [2026-07-07T12:19:41.697Z] [LOG] {
  "screen": "LoginScreen",
  "event": "USER_DATA_SAVED",
  "timestamp": "2026-07-07T12:19:41.697Z"
}
7/7/2026, 5:49:40 pm | [2026-07-07T12:19:41.698Z] [LOG] {
  "event": "NAVIGATING_TO_USER"
}
7/7/2026, 5:49:40 pm | [2026-07-07T12:19:41.584Z] [LOG] {
  "empNo": "",
  "deviceId": "f2b383b692d384f6"
}
7/7/2026, 5:49:40 pm | [2026-07-07T12:19:41.584Z] [LOG] {
  "screen": "LoginScreen",
  "event": "DEVICE_ID_FETCHED",
  "deviceId": "f2b383b692d384f6",
  "timestamp": "2026-07-07T12:19:41.584Z"
}
7/7/2026, 5:49:40 pm | [2026-07-07T12:19:41.699Z] [LOG] {
  "screen": "LoginScreen",
  "event": "LOADING_COMPLETED",
  "timestamp": "2026-07-07T12:19:41.699Z"
}
7/7/2026, 5:49:40 pm | [2026-07-07T12:19:41.710Z] [LOG] {
  "screen": "UserDashboard",
  "event": "LOAD_EMPLOYEE_STARTED",
  "empNo": "UNKNOWN",
  "timestamp": "2026-07-07T12:19:41.710Z"
}
7/7/2026, 5:49:40 pm | [2026-07-07T12:19:41.709Z] [LOG] {
  "screen": "UserDashboard",
  "event": "SCREEN_OPENED",
  "empNo": "UNKNOWN",
  "timestamp": "2026-07-07T12:19:41.709Z"
}
7/7/2026, 5:49:40 pm | [2026-07-07T12:19:41.713Z] [LOG] {
  "screen": "UserDashboard",
  "event": "LOGGED_USER_FETCHED",
  "hasUser": true,
  "empNo": "UNKNOWN",
  "timestamp": "2026-07-07T12:19:41.712Z"
}
7/7/2026, 5:49:41 pm | [2026-07-07T12:19:41.585Z] [LOG] {
  "screen": "LoginScreen",
  "event": "LOGIN_API_STARTED",
  "deviceId": "f2b383b692d384f6",
  "timestamp": "2026-07-07T12:19:41.585Z"
}
7/7/2026, 5:49:41 pm | [2026-07-07T12:19:41.714Z] [LOG] {
  "screen": "UserDashboard",
  "event": "EMPLOYEE_API_STARTED",
  "empNo": "307",
  "timestamp": "2026-07-07T12:19:41.714Z"
}
7/7/2026, 5:49:41 pm | [2026-07-07T12:19:41.861Z] [LOG] {
  "screen": "UserDashboard",
  "event": "EMPLOYEE_DATA_LOADED",
  "empNo": "307",
  "branch": "Kolluru",
  "designation": "Branch Manager",
  "timestamp": "2026-07-07T12:19:41.861Z"
}
7/7/2026, 5:49:41 pm | [2026-07-07T12:19:41.963Z] [LOG] {
  "screen": "UserDashboard",
  "event": "LAST_SUBMISSION_LOADED",
  "previousDayAmount": 3516402,
  "previousDaySubmittedAt": "2026-07-06 17:40:08",
  "formattedPreviousDayTime": "6/7/2026, 5:40 pm",
  "empNo": "",
  "timestamp": "2026-07-07T12:19:41.963Z"
}
7/7/2026, 5:49:41 pm | [2026-07-07T12:19:42.019Z] [LOG] {
  "screen": "UserDashboard",
  "event": "LOADING_COMPLETED",
  "empNo": "UNKNOWN",
  "timestamp": "2026-07-07T12:19:42.019Z"
}
7/7/2026, 5:49:47 pm | [2026-07-07T12:19:47.811Z] [LOG] {
  "screen": "UserDashboard",
  "event": "SAVE_BUTTON_CLICKED",
  "empNo": "307",
  "amount": "3397174",
  "isEditing": false,
  "timestamp": "2026-07-07T12:19:47.811Z"
}
7/7/2026, 5:49:48 pm | [2026-07-07T12:19:49.742Z] [LOG] {
  "screen": "UserDashboard",
  "event": "SAVE_CASH_API_STARTED",
  "empNo": "307",
  "amount": "3397174",
  "timestamp": "2026-07-07T12:19:49.742Z"
}
7/7/2026, 5:49:49 pm | [2026-07-07T12:19:49.893Z] [LOG] {
  "screen": "UserDashboard",
  "event": "SAVE_CASH_SUCCESS",
  "empNo": "307",
  "savedAmount": "3397174",
  "savedAt": "2026-07-07T12:19:49.888Z",
  "formattedSaveTime": "5:49 pm",
  "isEditing": false,
  "timestamp": "2026-07-07T12:19:49.893Z"
}
7/7/2026, 5:50:38 pm | [2026-07-07T12:20:39.967Z] [LOG] Running "CashClosingApp"
7/7/2026, 5:50:38 pm | [2026-07-07T12:20:40.205Z] [LOG] {
  "screen": "WelcomeScreen",
  "event": "SCREEN_OPENED",
  "timestamp": "2026-07-07T12:20:40.205Z"
}
7/7/2026, 5:50:39 pm | [2026-07-07T12:20:41.599Z] [LOG] {
  "screen": "WelcomeScreen",
  "event": "LOGIN_BUTTON_CLICKED",
  "timestamp": "2026-07-07T12:20:41.599Z"
}
7/7/2026, 5:50:39 pm | [2026-07-07T12:20:41.625Z] [LOG] {
  "screen": "LoginScreen",
  "event": "SCREEN_OPENED",
  "timestamp": "2026-07-07T12:20:41.625Z"
}
7/7/2026, 5:50:44 pm | [2026-07-07T12:20:46.024Z] [LOG] {
  "screen": "LoginScreen",
  "event": "LOGIN_BUTTON_CLICKED",
  "timestamp": "2026-07-07T12:20:46.024Z"
}
7/7/2026, 5:50:44 pm | [2026-07-07T12:20:46.025Z] [LOG] {
  "screen": "LoginScreen",
  "event": "LOADING_STARTED",
  "timestamp": "2026-07-07T12:20:46.025Z"
}
7/7/2026, 5:50:44 pm | [2026-07-07T12:20:46.171Z] [LOG] {
  "screen": "LoginScreen",
  "event": "LOGIN_SUCCESS",
  "user": {
    "empNo": "318",
    "employeeName": "K. Madhu Babu",
    "branchCode": "44",
    "branchName": "Mangalagiri",
    "designation": "Branch Manager"
  },
  "timestamp": "2026-07-07T12:20:46.171Z"
}
7/7/2026, 5:50:44 pm | [2026-07-07T12:20:46.189Z] [LOG] {
  "screen": "LoginScreen",
  "event": "USER_DATA_SAVED",
  "timestamp": "2026-07-07T12:20:46.189Z"
}
7/7/2026, 5:50:44 pm | [2026-07-07T12:20:46.041Z] [LOG] {
  "screen": "LoginScreen",
  "event": "LOGIN_API_STARTED",
  "deviceId": "1a140709e3404975",
  "timestamp": "2026-07-07T12:20:46.041Z"
}
7/7/2026, 5:50:44 pm | [2026-07-07T12:20:46.041Z] [LOG] {
  "empNo": "",
  "deviceId": "1a140709e3404975"
}
7/7/2026, 5:50:44 pm | [2026-07-07T12:20:46.040Z] [LOG] {
  "screen": "LoginScreen",
  "event": "DEVICE_ID_FETCHED",
  "deviceId": "1a140709e3404975",
  "timestamp": "2026-07-07T12:20:46.040Z"
}
7/7/2026, 5:50:44 pm | [2026-07-07T12:20:46.197Z] [LOG] {
  "screen": "LoginScreen",
  "event": "LOADING_COMPLETED",
  "timestamp": "2026-07-07T12:20:46.197Z"
}
7/7/2026, 5:50:44 pm | [2026-07-07T12:20:46.194Z] [LOG] {
  "event": "NAVIGATING_TO_USER"
}
7/7/2026, 5:50:44 pm | [2026-07-07T12:20:46.216Z] [LOG] {
  "screen": "UserDashboard",
  "event": "LOGGED_USER_FETCHED",
  "hasUser": true,
  "empNo": "UNKNOWN",
  "timestamp": "2026-07-07T12:20:46.216Z"
}
7/7/2026, 5:50:44 pm | [2026-07-07T12:20:46.209Z] [LOG] {
  "screen": "UserDashboard",
  "event": "LOAD_EMPLOYEE_STARTED",
  "empNo": "UNKNOWN",
  "timestamp": "2026-07-07T12:20:46.209Z"
}
7/7/2026, 5:50:44 pm | [2026-07-07T12:20:46.206Z] [LOG] {
  "screen": "UserDashboard",
  "event": "SCREEN_OPENED",
  "empNo": "UNKNOWN",
  "timestamp": "2026-07-07T12:20:46.206Z"
}
7/7/2026, 5:50:44 pm | [2026-07-07T12:20:46.218Z] [LOG] {
  "screen": "UserDashboard",
  "event": "EMPLOYEE_API_STARTED",
  "empNo": "318",
  "timestamp": "2026-07-07T12:20:46.218Z"
}
7/7/2026, 5:50:44 pm | [2026-07-07T12:20:46.399Z] [LOG] {
  "screen": "UserDashboard",
  "event": "EMPLOYEE_DATA_LOADED",
  "empNo": "318",
  "branch": "Mangalagiri",
  "designation": "Branch Manager",
  "timestamp": "2026-07-07T12:20:46.399Z"
}
7/7/2026, 5:50:44 pm | [2026-07-07T12:20:46.572Z] [LOG] {
  "screen": "UserDashboard",
  "event": "LAST_SUBMISSION_LOADED",
  "previousDayAmount": 801720,
  "previousDaySubmittedAt": "2026-07-06 18:29:33",
  "formattedPreviousDayTime": "6/7/2026, 6:29 pm",
  "empNo": "",
  "timestamp": "2026-07-07T12:20:46.572Z"
}
7/7/2026, 5:50:45 pm | [2026-07-07T12:20:46.670Z] [LOG] {
  "screen": "UserDashboard",
  "event": "LOADING_COMPLETED",
  "empNo": "UNKNOWN",
  "timestamp": "2026-07-07T12:20:46.670Z"
}
7/7/2026, 5:51:12 pm | [2026-07-07T12:21:12.851Z] [LOG] {
  "screen": "WelcomeScreen",
  "event": "SCREEN_OPENED",
  "timestamp": "2026-07-07T12:21:12.851Z"
}
7/7/2026, 5:51:12 pm | [2026-07-07T12:21:12.693Z] [LOG] Running "CashClosingApp"
7/7/2026, 5:51:13 pm | [2026-07-07T12:21:14.350Z] [LOG] {
  "screen": "WelcomeScreen",
  "event": "LOGIN_BUTTON_CLICKED",
  "timestamp": "2026-07-07T12:21:14.350Z"
}
7/7/2026, 5:51:13 pm | [2026-07-07T12:21:14.393Z] [LOG] {
  "screen": "LoginScreen",
  "event": "SCREEN_OPENED",
  "timestamp": "2026-07-07T12:21:14.393Z"
}
7/7/2026, 5:51:16 pm | [2026-07-07T12:21:17.532Z] [LOG] {
  "screen": "LoginScreen",
  "event": "LOGIN_BUTTON_CLICKED",
  "timestamp": "2026-07-07T12:21:17.532Z"
}
7/7/2026, 5:51:16 pm | [2026-07-07T12:21:17.534Z] [LOG] {
  "screen": "LoginScreen",
  "event": "LOADING_STARTED",
  "timestamp": "2026-07-07T12:21:17.533Z"
}
7/7/2026, 5:51:17 pm | [2026-07-07T12:21:17.689Z] [LOG] {
  "screen": "LoginScreen",
  "event": "LOGIN_SUCCESS",
  "user": {
    "empNo": "487",
    "employeeName": "Ch Sivaji",
    "branchCode": "37",
    "branchName": "Amalapuram",
    "designation": "Branch Manager"
  },
  "timestamp": "2026-07-07T12:21:17.689Z"
}
7/7/2026, 5:51:17 pm | [2026-07-07T12:21:17.702Z] [LOG] {
  "screen": "LoginScreen",
  "event": "USER_DATA_SAVED",
  "timestamp": "2026-07-07T12:21:17.702Z"
}
7/7/2026, 5:51:17 pm | [2026-07-07T12:21:17.544Z] [LOG] {
  "screen": "LoginScreen",
  "event": "DEVICE_ID_FETCHED",
  "deviceId": "15c44e0621dd621c",
  "timestamp": "2026-07-07T12:21:17.544Z"
}
7/7/2026, 5:51:17 pm | [2026-07-07T12:21:17.546Z] [LOG] {
  "screen": "LoginScreen",
  "event": "LOGIN_API_STARTED",
  "deviceId": "15c44e0621dd621c",
  "timestamp": "2026-07-07T12:21:17.546Z"
}
7/7/2026, 5:51:17 pm | [2026-07-07T12:21:17.703Z] [LOG] {
  "event": "NAVIGATING_TO_USER"
}
7/7/2026, 5:51:17 pm | [2026-07-07T12:21:17.545Z] [LOG] {
  "empNo": "",
  "deviceId": "15c44e0621dd621c"
}
7/7/2026, 5:51:17 pm | [2026-07-07T12:21:17.712Z] [LOG] {
  "screen": "UserDashboard",
  "event": "SCREEN_OPENED",
  "empNo": "UNKNOWN",
  "timestamp": "2026-07-07T12:21:17.712Z"
}
7/7/2026, 5:51:17 pm | [2026-07-07T12:21:17.704Z] [LOG] {
  "screen": "LoginScreen",
  "event": "LOADING_COMPLETED",
  "timestamp": "2026-07-07T12:21:17.704Z"
}
7/7/2026, 5:51:17 pm | [2026-07-07T12:21:17.713Z] [LOG] {
  "screen": "UserDashboard",
  "event": "LOAD_EMPLOYEE_STARTED",
  "empNo": "UNKNOWN",
  "timestamp": "2026-07-07T12:21:17.713Z"
}
7/7/2026, 5:51:17 pm | [2026-07-07T12:21:17.717Z] [LOG] {
  "screen": "UserDashboard",
  "event": "LOGGED_USER_FETCHED",
  "hasUser": true,
  "empNo": "UNKNOWN",
  "timestamp": "2026-07-07T12:21:17.717Z"
}
7/7/2026, 5:51:17 pm | [2026-07-07T12:21:17.718Z] [LOG] {
  "screen": "UserDashboard",
  "event": "EMPLOYEE_API_STARTED",
  "empNo": "487",
  "timestamp": "2026-07-07T12:21:17.718Z"
}
7/7/2026, 5:51:17 pm | [2026-07-07T12:21:17.894Z] [LOG] {
  "screen": "UserDashboard",
  "event": "EMPLOYEE_DATA_LOADED",
  "empNo": "487",
  "branch": "Amalapuram",
  "designation": "Branch Manager",
  "timestamp": "2026-07-07T12:21:17.893Z"
}
7/7/2026, 5:51:17 pm | [2026-07-07T12:21:18.041Z] [LOG] {
  "screen": "UserDashboard",
  "event": "LAST_SUBMISSION_LOADED",
  "previousDayAmount": 400000,
  "previousDaySubmittedAt": "2026-07-06 18:05:24",
  "formattedPreviousDayTime": "6/7/2026, 6:05 pm",
  "empNo": "",
  "timestamp": "2026-07-07T12:21:18.041Z"
}
7/7/2026, 5:51:17 pm | [2026-07-07T12:21:18.108Z] [LOG] {
  "screen": "UserDashboard",
  "event": "LOADING_COMPLETED",
  "empNo": "UNKNOWN",
  "timestamp": "2026-07-07T12:21:18.108Z"
}
7/7/2026, 5:51:18 pm | [2026-07-07T12:21:20.036Z] [LOG] {
  "screen": "WelcomeScreen",
  "event": "SCREEN_OPENED",
  "timestamp": "2026-07-07T12:21:20.036Z"
}
7/7/2026, 5:51:18 pm | [2026-07-07T12:21:19.898Z] [LOG] Running "CashClosingApp"
7/7/2026, 5:51:18 pm | [2026-07-07T12:21:20.948Z] [LOG] {
  "screen": "LoginScreen",
  "event": "SCREEN_OPENED",
  "timestamp": "2026-07-07T12:21:20.948Z"
}
7/7/2026, 5:51:18 pm | [2026-07-07T12:21:20.916Z] [LOG] {
  "screen": "WelcomeScreen",
  "event": "LOGIN_BUTTON_CLICKED",
  "timestamp": "2026-07-07T12:21:20.915Z"
}
7/7/2026, 5:51:22 pm | [2026-07-07T12:21:24.622Z] [LOG] {
  "screen": "LoginScreen",
  "event": "LOGIN_BUTTON_CLICKED",
  "timestamp": "2026-07-07T12:21:24.622Z"
}
7/7/2026, 5:51:22 pm | [2026-07-07T12:21:24.623Z] [LOG] {
  "screen": "LoginScreen",
  "event": "LOADING_STARTED",
  "timestamp": "2026-07-07T12:21:24.622Z"
}
7/7/2026, 5:51:22 pm | [2026-07-07T12:21:24.820Z] [LOG] {
  "screen": "LoginScreen",
  "event": "USER_DATA_SAVED",
  "timestamp": "2026-07-07T12:21:24.820Z"
}
7/7/2026, 5:51:22 pm | [2026-07-07T12:21:24.809Z] [LOG] {
  "screen": "LoginScreen",
  "event": "LOGIN_SUCCESS",
  "user": {
    "empNo": "743",
    "employeeName": "Kethavath Chandra Kumar Naik",
    "branchCode": "26",
    "branchName": "Chintalapudi",
    "designation": "Branch Manager"
  },
  "timestamp": "2026-07-07T12:21:24.809Z"
}
7/7/2026, 5:51:22 pm | [2026-07-07T12:21:24.822Z] [LOG] {
  "event": "NAVIGATING_TO_USER"
}
7/7/2026, 5:51:22 pm | [2026-07-07T12:21:24.825Z] [LOG] {
  "screen": "LoginScreen",
  "event": "LOADING_COMPLETED",
  "timestamp": "2026-07-07T12:21:24.825Z"
}
7/7/2026, 5:51:22 pm | [2026-07-07T12:21:24.629Z] [LOG] {
  "empNo": "",
  "deviceId": "00d675f8d00433da"
}
7/7/2026, 5:51:22 pm | [2026-07-07T12:21:24.629Z] [LOG] {
  "screen": "LoginScreen",
  "event": "LOGIN_API_STARTED",
  "deviceId": "00d675f8d00433da",
  "timestamp": "2026-07-07T12:21:24.629Z"
}
7/7/2026, 5:51:22 pm | [2026-07-07T12:21:24.628Z] [LOG] {
  "screen": "LoginScreen",
  "event": "DEVICE_ID_FETCHED",
  "deviceId": "00d675f8d00433da",
  "timestamp": "2026-07-07T12:21:24.628Z"
}
7/7/2026, 5:51:22 pm | [2026-07-07T12:21:24.839Z] [LOG] {
  "screen": "UserDashboard",
  "event": "LOGGED_USER_FETCHED",
  "hasUser": true,
  "empNo": "UNKNOWN",
  "timestamp": "2026-07-07T12:21:24.839Z"
}
7/7/2026, 5:51:22 pm | [2026-07-07T12:21:24.834Z] [LOG] {
  "screen": "UserDashboard",
  "event": "SCREEN_OPENED",
  "empNo": "UNKNOWN",
  "timestamp": "2026-07-07T12:21:24.834Z"
}
7/7/2026, 5:51:22 pm | [2026-07-07T12:21:24.837Z] [LOG] {
  "screen": "UserDashboard",
  "event": "LOAD_EMPLOYEE_STARTED",
  "empNo": "UNKNOWN",
  "timestamp": "2026-07-07T12:21:24.837Z"
}
7/7/2026, 5:51:22 pm | [2026-07-07T12:21:24.840Z] [LOG] {
  "screen": "UserDashboard",
  "event": "EMPLOYEE_API_STARTED",
  "empNo": "743",
  "timestamp": "2026-07-07T12:21:24.840Z"
}
7/7/2026, 5:51:22 pm | [2026-07-07T12:21:23.398Z] [LOG] {
  "screen": "UserDashboard",
  "event": "SAVE_BUTTON_CLICKED",
  "empNo": "487",
  "amount": "500000",
  "isEditing": false,
  "timestamp": "2026-07-07T12:21:23.398Z"
}
7/7/2026, 5:51:22 pm | [2026-07-07T12:21:25.062Z] [LOG] {
  "screen": "UserDashboard",
  "event": "EMPLOYEE_DATA_LOADED",
  "empNo": "743",
  "branch": "Chintalapudi",
  "designation": "Branch Manager",
  "timestamp": "2026-07-07T12:21:25.062Z"
}
7/7/2026, 5:51:23 pm | [2026-07-07T12:21:25.180Z] [LOG] {
  "screen": "UserDashboard",
  "event": "LAST_SUBMISSION_LOADED",
  "previousDayAmount": 2639785,
  "previousDaySubmittedAt": "2026-07-06 17:29:39",
  "formattedPreviousDayTime": "6/7/2026, 5:29 pm",
  "empNo": "",
  "timestamp": "2026-07-07T12:21:25.180Z"
}
7/7/2026, 5:51:23 pm | [2026-07-07T12:21:25.260Z] [LOG] {
  "screen": "UserDashboard",
  "event": "LOADING_COMPLETED",
  "empNo": "UNKNOWN",
  "timestamp": "2026-07-07T12:21:25.260Z"
}
7/7/2026, 5:51:23 pm | [2026-07-07T12:21:24.193Z] [LOG] {
  "screen": "UserDashboard",
  "event": "SAVE_CASH_API_STARTED",
  "empNo": "487",
  "amount": "500000",
  "timestamp": "2026-07-07T12:21:24.193Z"
}
7/7/2026, 5:51:23 pm | [2026-07-07T12:21:24.475Z] [LOG] {
  "screen": "UserDashboard",
  "event": "SAVE_CASH_SUCCESS",
  "empNo": "487",
  "savedAmount": "500000",
  "savedAt": "2026-07-07T12:21:24.470Z",
  "formattedSaveTime": "5:51 pm",
  "isEditing": false,
  "timestamp": "2026-07-07T12:21:24.475Z"
}
7/7/2026, 5:51:29 pm | [2026-07-07T12:21:29.988Z] [LOG] {
  "screen": "WelcomeScreen",
  "event": "SCREEN_OPENED",
  "timestamp": "2026-07-07T12:21:29.988Z"
}
7/7/2026, 5:51:29 pm | [2026-07-07T12:21:29.843Z] [LOG] Running "CashClosingApp"
7/7/2026, 5:51:30 pm | [2026-07-07T12:21:31.372Z] [LOG] {
  "screen": "WelcomeScreen",
  "event": "LOGIN_BUTTON_CLICKED",
  "timestamp": "2026-07-07T12:21:31.372Z"
}
7/7/2026, 5:51:30 pm | [2026-07-07T12:21:31.416Z] [LOG] {
  "screen": "LoginScreen",
  "event": "SCREEN_OPENED",
  "timestamp": "2026-07-07T12:21:31.416Z"
}
7/7/2026, 5:51:35 pm | [2026-07-07T12:21:36.170Z] [LOG] {
  "screen": "LoginScreen",
  "event": "LOADING_STARTED",
  "timestamp": "2026-07-07T12:21:36.170Z"
}
7/7/2026, 5:51:35 pm | [2026-07-07T12:21:36.169Z] [LOG] {
  "screen": "LoginScreen",
  "event": "LOGIN_BUTTON_CLICKED",
  "timestamp": "2026-07-07T12:21:36.169Z"
}
7/7/2026, 5:51:35 pm | [2026-07-07T12:21:36.294Z] [LOG] {
  "screen": "LoginScreen",
  "event": "LOGIN_SUCCESS",
  "user": {
    "empNo": "459",
    "employeeName": "U Tulasi Rao",
    "branchCode": "41",
    "branchName": "Anakapalli",
    "designation": "Branch Manager"
  },
  "timestamp": "2026-07-07T12:21:36.294Z"
}
7/7/2026, 5:51:35 pm | [2026-07-07T12:21:36.309Z] [LOG] {
  "screen": "LoginScreen",
  "event": "USER_DATA_SAVED",
  "timestamp": "2026-07-07T12:21:36.309Z"
}
7/7/2026, 5:51:35 pm | [2026-07-07T12:21:36.310Z] [LOG] {
  "event": "NAVIGATING_TO_USER"
}
7/7/2026, 5:51:35 pm | [2026-07-07T12:21:36.311Z] [LOG] {
  "screen": "LoginScreen",
  "event": "LOADING_COMPLETED",
  "timestamp": "2026-07-07T12:21:36.311Z"
}
7/7/2026, 5:51:35 pm | [2026-07-07T12:21:36.182Z] [LOG] {
  "screen": "LoginScreen",
  "event": "LOGIN_API_STARTED",
  "deviceId": "53f7f8e21c740acd",
  "timestamp": "2026-07-07T12:21:36.182Z"
}
7/7/2026, 5:51:35 pm | [2026-07-07T12:21:36.182Z] [LOG] {
  "empNo": "",
  "deviceId": "53f7f8e21c740acd"
}
7/7/2026, 5:51:35 pm | [2026-07-07T12:21:36.181Z] [LOG] {
  "screen": "LoginScreen",
  "event": "DEVICE_ID_FETCHED",
  "deviceId": "53f7f8e21c740acd",
  "timestamp": "2026-07-07T12:21:36.181Z"
}
7/7/2026, 5:51:35 pm | [2026-07-07T12:21:36.319Z] [LOG] {
  "screen": "UserDashboard",
  "event": "SCREEN_OPENED",
  "empNo": "UNKNOWN",
  "timestamp": "2026-07-07T12:21:36.319Z"
}
7/7/2026, 5:51:35 pm | [2026-07-07T12:21:36.321Z] [LOG] {
  "screen": "UserDashboard",
  "event": "LOAD_EMPLOYEE_STARTED",
  "empNo": "UNKNOWN",
  "timestamp": "2026-07-07T12:21:36.321Z"
}
7/7/2026, 5:51:35 pm | [2026-07-07T12:21:36.323Z] [LOG] {
  "screen": "UserDashboard",
  "event": "LOGGED_USER_FETCHED",
  "hasUser": true,
  "empNo": "UNKNOWN",
  "timestamp": "2026-07-07T12:21:36.323Z"
}
7/7/2026, 5:51:35 pm | [2026-07-07T12:21:36.324Z] [LOG] {
  "screen": "UserDashboard",
  "event": "EMPLOYEE_API_STARTED",
  "empNo": "459",
  "timestamp": "2026-07-07T12:21:36.324Z"
}
7/7/2026, 5:51:35 pm | [2026-07-07T12:21:36.504Z] [LOG] {
  "screen": "UserDashboard",
  "event": "EMPLOYEE_DATA_LOADED",
  "empNo": "459",
  "branch": "Anakapalli",
  "designation": "Branch Manager",
  "timestamp": "2026-07-07T12:21:36.504Z"
}
7/7/2026, 5:51:35 pm | [2026-07-07T12:21:36.625Z] [LOG] {
  "screen": "UserDashboard",
  "event": "LAST_SUBMISSION_LOADED",
  "previousDayAmount": 300000,
  "previousDaySubmittedAt": "2026-07-06 17:58:45",
  "formattedPreviousDayTime": "6/7/2026, 5:58 pm",
  "empNo": "",
  "timestamp": "2026-07-07T12:21:36.625Z"
}
7/7/2026, 5:51:35 pm | [2026-07-07T12:21:36.695Z] [LOG] {
  "screen": "UserDashboard",
  "event": "LOADING_COMPLETED",
  "empNo": "UNKNOWN",
  "timestamp": "2026-07-07T12:21:36.695Z"
}
7/7/2026, 5:51:35 pm | [2026-07-07T12:21:37.831Z] [LOG] {
  "screen": "UserDashboard",
  "event": "SAVE_BUTTON_CLICKED",
  "empNo": "743",
  "amount": "2818040",
  "isEditing": false,
  "timestamp": "2026-07-07T12:21:37.831Z"
}
7/7/2026, 5:51:36 pm | [2026-07-07T12:21:38.972Z] [LOG] {
  "screen": "UserDashboard",
  "event": "SAVE_CASH_API_STARTED",
  "empNo": "743",
  "amount": "2818040",
  "timestamp": "2026-07-07T12:21:38.972Z"
}
7/7/2026, 5:51:37 pm | [2026-07-07T12:21:39.279Z] [LOG] {
  "screen": "UserDashboard",
  "event": "SAVE_CASH_SUCCESS",
  "empNo": "743",
  "savedAmount": "2818040",
  "savedAt": "2026-07-07T12:21:39.268Z",
  "formattedSaveTime": "5:51 pm",
  "isEditing": false,
  "timestamp": "2026-07-07T12:21:39.278Z"
}
7/7/2026, 5:51:43 pm | [2026-07-07T12:21:44.043Z] [LOG] {
  "screen": "UserDashboard",
  "event": "SAVE_BUTTON_CLICKED",
  "empNo": "459",
  "amount": "300000",
  "isEditing": false,
  "timestamp": "2026-07-07T12:21:44.043Z"
}
7/7/2026, 5:51:43 pm | [2026-07-07T12:21:45.713Z] [LOG] {
  "screen": "LoginScreen",
  "event": "SCREEN_OPENED",
  "timestamp": "2026-07-07T12:21:45.713Z"
}
7/7/2026, 5:51:43 pm | [2026-07-07T12:21:45.683Z] [LOG] {
  "screen": "UserDashboard",
  "event": "LOGOUT_CLICKED",
  "empNo": "743",
  "timestamp": "2026-07-07T12:21:45.683Z"
}
7/7/2026, 5:51:44 pm | [2026-07-07T12:21:45.170Z] [LOG] {
  "screen": "UserDashboard",
  "event": "SAVE_CASH_SUCCESS",
  "empNo": "459",
  "savedAmount": "300000",
  "savedAt": "2026-07-07T12:21:45.161Z",
  "formattedSaveTime": "5:51 pm",
  "isEditing": false,
  "timestamp": "2026-07-07T12:21:45.170Z"
}
7/7/2026, 5:51:44 pm | [2026-07-07T12:21:45.059Z] [LOG] {
  "screen": "UserDashboard",
  "event": "SAVE_CASH_API_STARTED",
  "empNo": "459",
  "amount": "300000",
  "timestamp": "2026-07-07T12:21:45.059Z"
}
7/7/2026, 5:51:46 pm | [2026-07-07T12:21:47.369Z] [LOG] {
  "screen": "UserDashboard",
  "event": "SAVE_BUTTON_CLICKED",
  "empNo": "459",
  "amount": "300000",
  "isEditing": true,
  "timestamp": "2026-07-07T12:21:47.369Z"
}
7/7/2026, 5:51:46 pm | [2026-07-07T12:21:49.024Z] [LOG] {
  "screen": "WelcomeScreen",
  "event": "LOGIN_BUTTON_CLICKED",
  "timestamp": "2026-07-07T12:21:49.024Z"
}
7/7/2026, 5:51:46 pm | [2026-07-07T12:21:49.044Z] [LOG] {
  "screen": "LoginScreen",
  "event": "SCREEN_OPENED",
  "timestamp": "2026-07-07T12:21:49.044Z"
}
7/7/2026, 5:51:47 pm | [2026-07-07T12:21:48.123Z] [LOG] {
  "screen": "UserDashboard",
  "event": "SAVE_CASH_API_STARTED",
  "empNo": "459",
  "amount": "300000",
  "timestamp": "2026-07-07T12:21:48.123Z"
}
7/7/2026, 5:51:47 pm | [2026-07-07T12:21:48.209Z] [LOG] {
  "screen": "UserDashboard",
  "event": "SAVE_CASH_SUCCESS",
  "empNo": "459",
  "savedAmount": "300000",
  "savedAt": "2026-07-07T12:21:48.198Z",
  "formattedSaveTime": "5:51 pm",
  "isEditing": true,
  "timestamp": "2026-07-07T12:21:48.209Z"
}
7/7/2026, 5:51:49 pm | [2026-07-07T12:21:51.883Z] [LOG] {
  "screen": "LoginScreen",
  "event": "LOGIN_BUTTON_CLICKED",
  "timestamp": "2026-07-07T12:21:51.883Z"
}
7/7/2026, 5:51:49 pm | [2026-07-07T12:21:51.886Z] [LOG] {
  "screen": "LoginScreen",
  "event": "LOADING_STARTED",
  "timestamp": "2026-07-07T12:21:51.886Z"
}
7/7/2026, 5:51:49 pm | [2026-07-07T12:21:52.062Z] [LOG] {
  "screen": "LoginScreen",
  "event": "LOGIN_SUCCESS",
  "user": {
    "empNo": "743",
    "employeeName": "Kethavath Chandra Kumar Naik",
    "branchCode": "26",
    "branchName": "Chintalapudi",
    "designation": "Branch Manager"
  },
  "timestamp": "2026-07-07T12:21:52.062Z"
}
7/7/2026, 5:51:49 pm | [2026-07-07T12:21:52.079Z] [LOG] {
  "screen": "LoginScreen",
  "event": "USER_DATA_SAVED",
  "timestamp": "2026-07-07T12:21:52.078Z"
}
7/7/2026, 5:51:49 pm | [2026-07-07T12:21:52.080Z] [LOG] {
  "event": "NAVIGATING_TO_USER"
}
7/7/2026, 5:51:49 pm | [2026-07-07T12:21:51.917Z] [LOG] {
  "screen": "LoginScreen",
  "event": "DEVICE_ID_FETCHED",
  "deviceId": "00d675f8d00433da",
  "timestamp": "2026-07-07T12:21:51.917Z"
}
7/7/2026, 5:51:49 pm | [2026-07-07T12:21:51.920Z] [LOG] {
  "empNo": "",
  "deviceId": "00d675f8d00433da"
}
7/7/2026, 5:51:49 pm | [2026-07-07T12:21:51.923Z] [LOG] {
  "screen": "LoginScreen",
  "event": "LOGIN_API_STARTED",
  "deviceId": "00d675f8d00433da",
  "timestamp": "2026-07-07T12:21:51.923Z"
}
7/7/2026, 5:51:49 pm | [2026-07-07T12:21:52.081Z] [LOG] {
  "screen": "LoginScreen",
  "event": "LOADING_COMPLETED",
  "timestamp": "2026-07-07T12:21:52.081Z"
}
7/7/2026, 5:51:49 pm | [2026-07-07T12:21:52.113Z] [LOG] {
  "screen": "UserDashboard",
  "event": "LOAD_EMPLOYEE_STARTED",
  "empNo": "UNKNOWN",
  "timestamp": "2026-07-07T12:21:52.113Z"
}
7/7/2026, 5:51:50 pm | [2026-07-07T12:21:52.118Z] [LOG] {
  "screen": "UserDashboard",
  "event": "LOGGED_USER_FETCHED",
  "hasUser": true,
  "empNo": "UNKNOWN",
  "timestamp": "2026-07-07T12:21:52.118Z"
}
7/7/2026, 5:51:50 pm | [2026-07-07T12:21:52.121Z] [LOG] {
  "screen": "UserDashboard",
  "event": "EMPLOYEE_API_STARTED",
  "empNo": "743",
  "timestamp": "2026-07-07T12:21:52.121Z"
}
7/7/2026, 5:51:50 pm | [2026-07-07T12:21:52.107Z] [LOG] {
  "screen": "UserDashboard",
  "event": "SCREEN_OPENED",
  "empNo": "UNKNOWN",
  "timestamp": "2026-07-07T12:21:52.107Z"
}
7/7/2026, 5:51:50 pm | [2026-07-07T12:21:52.273Z] [LOG] {
  "screen": "UserDashboard",
  "event": "EMPLOYEE_DATA_LOADED",
  "empNo": "743",
  "branch": "Chintalapudi",
  "designation": "Branch Manager",
  "timestamp": "2026-07-07T12:21:52.273Z"
}
7/7/2026, 5:51:50 pm | [2026-07-07T12:21:52.435Z] [LOG] {
  "screen": "UserDashboard",
  "event": "LAST_SUBMISSION_LOADED",
  "previousDayAmount": 2639785,
  "previousDaySubmittedAt": "2026-07-06 17:29:39",
  "formattedPreviousDayTime": "6/7/2026, 5:29 pm",
  "empNo": "",
  "timestamp": "2026-07-07T12:21:52.434Z"
}
7/7/2026, 5:51:50 pm | [2026-07-07T12:21:52.566Z] [LOG] {
  "screen": "UserDashboard",
  "event": "TODAY_CASH_LOADED",
  "todayAmount": 2818040,
  "todayModifiedAt": "2026-07-07 17:51:38",
  "formattedTodayTime": "5:51 pm",
  "empNo": "",
  "timestamp": "2026-07-07T12:21:52.566Z"
}
7/7/2026, 5:51:50 pm | [2026-07-07T12:21:52.568Z] [LOG] {
  "screen": "UserDashboard",
  "event": "LOADING_COMPLETED",
  "empNo": "UNKNOWN",
  "timestamp": "2026-07-07T12:21:52.568Z"
}
7/7/2026, 5:53:04 pm | [2026-07-07T12:23:04.459Z] [LOG] {
  "screen": "WelcomeScreen",
  "event": "SCREEN_OPENED",
  "timestamp": "2026-07-07T12:23:04.459Z"
}
7/7/2026, 5:53:04 pm | [2026-07-07T12:23:04.337Z] [LOG] Running "CashClosingApp"
7/7/2026, 5:53:07 pm | [2026-07-07T12:23:07.677Z] [LOG] {
  "screen": "WelcomeScreen",
  "event": "LOGIN_BUTTON_CLICKED",
  "timestamp": "2026-07-07T12:23:07.677Z"
}
7/7/2026, 5:53:07 pm | [2026-07-07T12:23:07.733Z] [LOG] {
  "screen": "LoginScreen",
  "event": "SCREEN_OPENED",
  "timestamp": "2026-07-07T12:23:07.733Z"
}
7/7/2026, 5:53:13 pm | [2026-07-07T12:23:13.468Z] [LOG] {
  "screen": "LoginScreen",
  "event": "LOGIN_BUTTON_CLICKED",
  "timestamp": "2026-07-07T12:23:13.468Z"
}
7/7/2026, 5:53:13 pm | [2026-07-07T12:23:13.471Z] [LOG] {
  "screen": "LoginScreen",
  "event": "LOADING_STARTED",
  "timestamp": "2026-07-07T12:23:13.471Z"
}
7/7/2026, 5:53:13 pm | [2026-07-07T12:23:13.622Z] [LOG] {
  "screen": "LoginScreen",
  "event": "LOGIN_SUCCESS",
  "user": {
    "empNo": "1037",
    "employeeName": "N Nageswara Rao",
    "branchCode": "33",
    "branchName": "Sarpavaram",
    "designation": "Branch Manager"
  },
  "timestamp": "2026-07-07T12:23:13.622Z"
}
7/7/2026, 5:53:13 pm | [2026-07-07T12:23:13.639Z] [LOG] {
  "screen": "LoginScreen",
  "event": "USER_DATA_SAVED",
  "timestamp": "2026-07-07T12:23:13.639Z"
}
7/7/2026, 5:53:13 pm | [2026-07-07T12:23:13.642Z] [LOG] {
  "event": "NAVIGATING_TO_USER"
}
7/7/2026, 5:53:13 pm | [2026-07-07T12:23:13.506Z] [LOG] {
  "empNo": "",
  "deviceId": "9038a12f6eb33b33"
}
7/7/2026, 5:53:13 pm | [2026-07-07T12:23:13.654Z] [LOG] {
  "screen": "LoginScreen",
  "event": "LOADING_COMPLETED",
  "timestamp": "2026-07-07T12:23:13.653Z"
}
7/7/2026, 5:53:13 pm | [2026-07-07T12:23:13.672Z] [LOG] {
  "screen": "UserDashboard",
  "event": "SCREEN_OPENED",
  "empNo": "UNKNOWN",
  "timestamp": "2026-07-07T12:23:13.672Z"
}
7/7/2026, 5:53:13 pm | [2026-07-07T12:23:13.677Z] [LOG] {
  "screen": "UserDashboard",
  "event": "LOGGED_USER_FETCHED",
  "hasUser": true,
  "empNo": "UNKNOWN",
  "timestamp": "2026-07-07T12:23:13.677Z"
}
7/7/2026, 5:53:13 pm | [2026-07-07T12:23:13.673Z] [LOG] {
  "screen": "UserDashboard",
  "event": "LOAD_EMPLOYEE_STARTED",
  "empNo": "UNKNOWN",
  "timestamp": "2026-07-07T12:23:13.673Z"
}
7/7/2026, 5:53:13 pm | [2026-07-07T12:23:13.678Z] [LOG] {
  "screen": "UserDashboard",
  "event": "EMPLOYEE_API_STARTED",
  "empNo": "1037",
  "timestamp": "2026-07-07T12:23:13.678Z"
}
7/7/2026, 5:53:13 pm | [2026-07-07T12:23:13.993Z] [LOG] {
  "screen": "UserDashboard",
  "event": "EMPLOYEE_DATA_LOADED",
  "empNo": "1037",
  "branch": "Sarpavaram",
  "designation": "Branch Manager",
  "timestamp": "2026-07-07T12:23:13.993Z"
}
7/7/2026, 5:53:14 pm | [2026-07-07T12:23:14.172Z] [LOG] {
  "screen": "UserDashboard",
  "event": "LAST_SUBMISSION_LOADED",
  "previousDayAmount": 2150130,
  "previousDaySubmittedAt": "2026-07-06 17:56:57",
  "formattedPreviousDayTime": "6/7/2026, 5:56 pm",
  "empNo": "",
  "timestamp": "2026-07-07T12:23:14.172Z"
}
7/7/2026, 5:53:14 pm | [2026-07-07T12:23:14.233Z] [LOG] {
  "screen": "UserDashboard",
  "event": "LOADING_COMPLETED",
  "empNo": "UNKNOWN",
  "timestamp": "2026-07-07T12:23:14.233Z"
}
7/7/2026, 5:53:20 pm | [2026-07-07T12:23:13.507Z] [LOG] {
  "screen": "LoginScreen",
  "event": "LOGIN_API_STARTED",
  "deviceId": "9038a12f6eb33b33",
  "timestamp": "2026-07-07T12:23:13.507Z"
}
7/7/2026, 5:53:22 pm | [2026-07-07T12:23:13.504Z] [LOG] {
  "screen": "LoginScreen",
  "event": "DEVICE_ID_FETCHED",
  "deviceId": "9038a12f6eb33b33",
  "timestamp": "2026-07-07T12:23:13.504Z"
}
7/7/2026, 5:53:26 pm | [2026-07-07T12:23:26.779Z] [LOG] {
  "screen": "WelcomeScreen",
  "event": "SCREEN_OPENED",
  "timestamp": "2026-07-07T12:23:26.779Z"
}
7/7/2026, 5:53:26 pm | [2026-07-07T12:23:26.380Z] [LOG] Running "CashClosingApp"
7/7/2026, 5:53:29 pm | [2026-07-07T12:23:31.022Z] [LOG] {
  "screen": "WelcomeScreen",
  "event": "LOGIN_BUTTON_CLICKED",
  "timestamp": "2026-07-07T12:23:31.022Z"
}
7/7/2026, 5:53:29 pm | [2026-07-07T12:23:29.982Z] [LOG] {
  "screen": "UserDashboard",
  "event": "SAVE_CASH_API_STARTED",
  "empNo": "1037",
  "amount": "2061080",
  "timestamp": "2026-07-07T12:23:29.981Z"
}
7/7/2026, 5:53:30 pm | [2026-07-07T12:23:31.131Z] [LOG] {
  "screen": "LoginScreen",
  "event": "SCREEN_OPENED",
  "timestamp": "2026-07-07T12:23:31.131Z"
}
7/7/2026, 5:53:30 pm | [2026-07-07T12:23:30.502Z] [LOG] {
  "screen": "UserDashboard",
  "event": "SAVE_CASH_SUCCESS",
  "empNo": "1037",
  "savedAmount": "2061080",
  "savedAt": "2026-07-07T12:23:30.488Z",
  "formattedSaveTime": "5:53 pm",
  "isEditing": false,
  "timestamp": "2026-07-07T12:23:30.501Z"
}
7/7/2026, 5:53:30 pm | [2026-07-07T12:23:30.524Z] [LOG] Running "CashClosingApp"
7/7/2026, 5:53:30 pm | [2026-07-07T12:23:30.758Z] [LOG] {
  "screen": "WelcomeScreen",
  "event": "SCREEN_OPENED",
  "timestamp": "2026-07-07T12:23:30.758Z"
}
7/7/2026, 5:53:31 pm | [2026-07-07T12:23:31.828Z] [LOG] {
  "screen": "WelcomeScreen",
  "event": "LOGIN_BUTTON_CLICKED",
  "timestamp": "2026-07-07T12:23:31.828Z"
}
7/7/2026, 5:53:31 pm | [2026-07-07T12:23:31.869Z] [LOG] {
  "screen": "LoginScreen",
  "event": "SCREEN_OPENED",
  "timestamp": "2026-07-07T12:23:31.869Z"
}
7/7/2026, 5:53:35 pm | [2026-07-07T12:23:36.773Z] [LOG] {
  "screen": "LoginScreen",
  "event": "LOGIN_BUTTON_CLICKED",
  "timestamp": "2026-07-07T12:23:36.772Z"
}
7/7/2026, 5:53:35 pm | [2026-07-07T12:23:36.775Z] [LOG] {
  "screen": "LoginScreen",
  "event": "LOADING_STARTED",
  "timestamp": "2026-07-07T12:23:36.775Z"
}
7/7/2026, 5:53:35 pm | [2026-07-07T12:23:36.963Z] [LOG] {
  "screen": "LoginScreen",
  "event": "LOGIN_SUCCESS",
  "user": {
    "empNo": "384",
    "employeeName": "A.Appala Naidu",
    "branchCode": "38",
    "branchName": "Gajuwaka",
    "designation": "Branch Manager"
  },
  "timestamp": "2026-07-07T12:23:36.963Z"
}
7/7/2026, 5:53:35 pm | [2026-07-07T12:23:36.995Z] [LOG] {
  "screen": "LoginScreen",
  "event": "USER_DATA_SAVED",
  "timestamp": "2026-07-07T12:23:36.994Z"
}
7/7/2026, 5:53:35 pm | [2026-07-07T12:23:36.998Z] [LOG] {
  "event": "NAVIGATING_TO_USER"
}
7/7/2026, 5:53:35 pm | [2026-07-07T12:23:36.796Z] [LOG] {
  "screen": "LoginScreen",
  "event": "LOGIN_API_STARTED",
  "deviceId": "f640c6cc02eda4c0",
  "timestamp": "2026-07-07T12:23:36.796Z"
}
7/7/2026, 5:53:35 pm | [2026-07-07T12:23:36.794Z] [LOG] {
  "screen": "LoginScreen",
  "event": "DEVICE_ID_FETCHED",
  "deviceId": "f640c6cc02eda4c0",
  "timestamp": "2026-07-07T12:23:36.794Z"
}
7/7/2026, 5:53:35 pm | [2026-07-07T12:23:36.795Z] [LOG] {
  "empNo": "",
  "deviceId": "f640c6cc02eda4c0"
}
7/7/2026, 5:53:35 pm | [2026-07-07T12:23:36.999Z] [LOG] {
  "screen": "LoginScreen",
  "event": "LOADING_COMPLETED",
  "timestamp": "2026-07-07T12:23:36.999Z"
}
7/7/2026, 5:53:36 pm | [2026-07-07T12:23:37.027Z] [LOG] {
  "screen": "UserDashboard",
  "event": "SCREEN_OPENED",
  "empNo": "UNKNOWN",
  "timestamp": "2026-07-07T12:23:37.026Z"
}
7/7/2026, 5:53:36 pm | [2026-07-07T12:23:37.028Z] [LOG] {
  "screen": "UserDashboard",
  "event": "LOAD_EMPLOYEE_STARTED",
  "empNo": "UNKNOWN",
  "timestamp": "2026-07-07T12:23:37.028Z"
}
7/7/2026, 5:53:36 pm | [2026-07-07T12:23:37.042Z] [LOG] {
  "screen": "UserDashboard",
  "event": "LOGGED_USER_FETCHED",
  "hasUser": true,
  "empNo": "UNKNOWN",
  "timestamp": "2026-07-07T12:23:37.042Z"
}
7/7/2026, 5:53:36 pm | [2026-07-07T12:23:37.044Z] [LOG] {
  "screen": "UserDashboard",
  "event": "EMPLOYEE_API_STARTED",
  "empNo": "384",
  "timestamp": "2026-07-07T12:23:37.044Z"
}
7/7/2026, 5:53:36 pm | [2026-07-07T12:23:37.232Z] [LOG] {
  "screen": "UserDashboard",
  "event": "EMPLOYEE_DATA_LOADED",
  "empNo": "384",
  "branch": "Gajuwaka",
  "designation": "Branch Manager",
  "timestamp": "2026-07-07T12:23:37.232Z"
}
7/7/2026, 5:53:36 pm | [2026-07-07T12:23:37.474Z] [LOG] {
  "screen": "UserDashboard",
  "event": "LAST_SUBMISSION_LOADED",
  "previousDayAmount": 750000,
  "previousDaySubmittedAt": "2026-07-06 18:08:01",
  "formattedPreviousDayTime": "6/7/2026, 6:08 pm",
  "empNo": "",
  "timestamp": "2026-07-07T12:23:37.474Z"
}
7/7/2026, 5:53:36 pm | [2026-07-07T12:23:37.568Z] [LOG] {
  "screen": "UserDashboard",
  "event": "LOADING_COMPLETED",
  "empNo": "UNKNOWN",
  "timestamp": "2026-07-07T12:23:37.568Z"
}
7/7/2026, 5:53:36 pm | [2026-07-07T12:23:37.314Z] [LOG] {
  "screen": "LoginScreen",
  "event": "LOGIN_BUTTON_CLICKED",
  "timestamp": "2026-07-07T12:23:37.314Z"
}
7/7/2026, 5:53:36 pm | [2026-07-07T12:23:37.316Z] [LOG] {
  "screen": "LoginScreen",
  "event": "LOADING_STARTED",
  "timestamp": "2026-07-07T12:23:37.315Z"
}
7/7/2026, 5:53:36 pm | [2026-07-07T12:23:37.431Z] [LOG] {
  "screen": "LoginScreen",
  "event": "LOGIN_SUCCESS",
  "user": {
    "empNo": "441",
    "employeeName": "V.S.N.L.V.Vara Prasad",
    "branchCode": "56",
    "branchName": "Singarayapalem",
    "designation": "Branch Manager"
  },
  "timestamp": "2026-07-07T12:23:37.431Z"
}
7/7/2026, 5:53:36 pm | [2026-07-07T12:23:37.448Z] [LOG] {
  "screen": "LoginScreen",
  "event": "USER_DATA_SAVED",
  "timestamp": "2026-07-07T12:23:37.448Z"
}
7/7/2026, 5:53:36 pm | [2026-07-07T12:23:37.449Z] [LOG] {
  "event": "NAVIGATING_TO_USER"
}
7/7/2026, 5:53:36 pm | [2026-07-07T12:23:37.328Z] [LOG] {
  "screen": "LoginScreen",
  "event": "LOGIN_API_STARTED",
  "deviceId": "55c99c146c54efde",
  "timestamp": "2026-07-07T12:23:37.328Z"
}
7/7/2026, 5:53:36 pm | [2026-07-07T12:23:37.328Z] [LOG] {
  "empNo": "",
  "deviceId": "55c99c146c54efde"
}
7/7/2026, 5:53:36 pm | [2026-07-07T12:23:37.327Z] [LOG] {
  "screen": "LoginScreen",
  "event": "DEVICE_ID_FETCHED",
  "deviceId": "55c99c146c54efde",
  "timestamp": "2026-07-07T12:23:37.327Z"
}
7/7/2026, 5:53:36 pm | [2026-07-07T12:23:37.450Z] [LOG] {
  "screen": "LoginScreen",
  "event": "LOADING_COMPLETED",
  "timestamp": "2026-07-07T12:23:37.450Z"
}
7/7/2026, 5:53:36 pm | [2026-07-07T12:23:37.458Z] [LOG] {
  "screen": "UserDashboard",
  "event": "SCREEN_OPENED",
  "empNo": "UNKNOWN",
  "timestamp": "2026-07-07T12:23:37.458Z"
}
7/7/2026, 5:53:36 pm | [2026-07-07T12:23:37.460Z] [LOG] {
  "screen": "UserDashboard",
  "event": "LOAD_EMPLOYEE_STARTED",
  "empNo": "UNKNOWN",
  "timestamp": "2026-07-07T12:23:37.460Z"
}
7/7/2026, 5:53:36 pm | [2026-07-07T12:23:37.462Z] [LOG] {
  "screen": "UserDashboard",
  "event": "LOGGED_USER_FETCHED",
  "hasUser": true,
  "empNo": "UNKNOWN",
  "timestamp": "2026-07-07T12:23:37.462Z"
}
7/7/2026, 5:53:36 pm | [2026-07-07T12:23:37.462Z] [LOG] {
  "screen": "UserDashboard",
  "event": "EMPLOYEE_API_STARTED",
  "empNo": "441",
  "timestamp": "2026-07-07T12:23:37.462Z"
}
7/7/2026, 5:53:36 pm | [2026-07-07T12:23:37.575Z] [LOG] {
  "screen": "UserDashboard",
  "event": "EMPLOYEE_DATA_LOADED",
  "empNo": "441",
  "branch": "Singarayapalem",
  "designation": "Branch Manager",
  "timestamp": "2026-07-07T12:23:37.575Z"
}
7/7/2026, 5:53:36 pm | [2026-07-07T12:23:37.688Z] [LOG] {
  "screen": "UserDashboard",
  "event": "LAST_SUBMISSION_LOADED",
  "previousDayAmount": 308000,
  "previousDaySubmittedAt": "2026-07-06 17:58:45",
  "formattedPreviousDayTime": "6/7/2026, 5:58 pm",
  "empNo": "",
  "timestamp": "2026-07-07T12:23:37.688Z"
}
7/7/2026, 5:53:36 pm | [2026-07-07T12:23:37.749Z] [LOG] {
  "screen": "UserDashboard",
  "event": "LOADING_COMPLETED",
  "empNo": "UNKNOWN",
  "timestamp": "2026-07-07T12:23:37.749Z"
}
7/7/2026, 5:53:41 pm | [2026-07-07T12:23:42.439Z] [LOG] Running "CashClosingApp"
7/7/2026, 5:53:41 pm | [2026-07-07T12:23:42.591Z] [LOG] {
  "screen": "WelcomeScreen",
  "event": "SCREEN_OPENED",
  "timestamp": "2026-07-07T12:23:42.591Z"
}
7/7/2026, 5:53:42 pm | [2026-07-07T12:23:43.714Z] [LOG] {
  "screen": "WelcomeScreen",
  "event": "LOGIN_BUTTON_CLICKED",
  "timestamp": "2026-07-07T12:23:43.714Z"
}
7/7/2026, 5:53:42 pm | [2026-07-07T12:23:43.759Z] [LOG] {
  "screen": "LoginScreen",
  "event": "SCREEN_OPENED",
  "timestamp": "2026-07-07T12:23:43.759Z"
}
7/7/2026, 5:53:44 pm | [2026-07-07T12:23:46.044Z] [LOG] {
  "screen": "UserDashboard",
  "event": "SAVE_BUTTON_CLICKED",
  "empNo": "318",
  "amount": "1400000",
  "isEditing": false,
  "timestamp": "2026-07-07T12:23:46.044Z"
}
7/7/2026, 5:53:45 pm | [2026-07-07T12:23:46.880Z] [LOG] {
  "screen": "UserDashboard",
  "event": "SAVE_CASH_API_STARTED",
  "empNo": "318",
  "amount": "1400000",
  "timestamp": "2026-07-07T12:23:46.880Z"
}
7/7/2026, 5:53:45 pm | [2026-07-07T12:23:47.124Z] [LOG] {
  "screen": "UserDashboard",
  "event": "SAVE_CASH_SUCCESS",
  "empNo": "318",
  "savedAmount": "1400000",
  "savedAt": "2026-07-07T12:23:47.115Z",
  "formattedSaveTime": "5:53 pm",
  "isEditing": false,
  "timestamp": "2026-07-07T12:23:47.124Z"
}
7/7/2026, 5:53:46 pm | [2026-07-07T12:23:46.852Z] [LOG] {
  "screen": "WelcomeScreen",
  "event": "SCREEN_OPENED",
  "timestamp": "2026-07-07T12:23:46.852Z"
}
7/7/2026, 5:53:46 pm | [2026-07-07T12:23:46.734Z] [LOG] Running "CashClosingApp"
7/7/2026, 5:53:46 pm | [2026-07-07T12:23:47.600Z] [LOG] {
  "screen": "WelcomeScreen",
  "event": "LOGIN_BUTTON_CLICKED",
  "timestamp": "2026-07-07T12:23:47.600Z"
}
7/7/2026, 5:53:46 pm | [2026-07-07T12:23:47.535Z] [LOG] {
  "screen": "LoginScreen",
  "event": "LOADING_STARTED",
  "timestamp": "2026-07-07T12:23:47.535Z"
}
7/7/2026, 5:53:46 pm | [2026-07-07T12:23:47.533Z] [LOG] {
  "screen": "LoginScreen",
  "event": "LOGIN_BUTTON_CLICKED",
  "timestamp": "2026-07-07T12:23:47.533Z"
}
7/7/2026, 5:53:46 pm | [2026-07-07T12:23:47.633Z] [LOG] {
  "screen": "LoginScreen",
  "event": "SCREEN_OPENED",
  "timestamp": "2026-07-07T12:23:47.633Z"
}
7/7/2026, 5:53:46 pm | [2026-07-07T12:23:47.642Z] [LOG] {
  "screen": "LoginScreen",
  "event": "LOGIN_SUCCESS",
  "user": {
    "empNo": "41",
    "employeeName": "C.V. Phani Kumar",
    "branchCode": "40",
    "branchName": "Mandadam",
    "designation": "Branch Manager"
  },
  "timestamp": "2026-07-07T12:23:47.642Z"
}
7/7/2026, 5:53:46 pm | [2026-07-07T12:23:47.661Z] [LOG] {
  "screen": "LoginScreen",
  "event": "USER_DATA_SAVED",
  "timestamp": "2026-07-07T12:23:47.661Z"
}
7/7/2026, 5:53:46 pm | [2026-07-07T12:23:47.663Z] [LOG] {
  "event": "NAVIGATING_TO_USER"
}
7/7/2026, 5:53:46 pm | [2026-07-07T12:23:47.668Z] [LOG] {
  "screen": "LoginScreen",
  "event": "LOADING_COMPLETED",
  "timestamp": "2026-07-07T12:23:47.666Z"
}
7/7/2026, 5:53:46 pm | [2026-07-07T12:23:47.558Z] [LOG] {
  "screen": "LoginScreen",
  "event": "DEVICE_ID_FETCHED",
  "deviceId": "3033f9c5b22e1dfc",
  "timestamp": "2026-07-07T12:23:47.557Z"
}
7/7/2026, 5:53:46 pm | [2026-07-07T12:23:47.559Z] [LOG] {
  "screen": "LoginScreen",
  "event": "LOGIN_API_STARTED",
  "deviceId": "3033f9c5b22e1dfc",
  "timestamp": "2026-07-07T12:23:47.559Z"
}
7/7/2026, 5:53:46 pm | [2026-07-07T12:23:47.679Z] [LOG] {
  "screen": "UserDashboard",
  "event": "SCREEN_OPENED",
  "empNo": "UNKNOWN",
  "timestamp": "2026-07-07T12:23:47.679Z"
}
7/7/2026, 5:53:46 pm | [2026-07-07T12:23:47.558Z] [LOG] {
  "empNo": "",
  "deviceId": "3033f9c5b22e1dfc"
}
7/7/2026, 5:53:46 pm | [2026-07-07T12:23:47.682Z] [LOG] {
  "screen": "UserDashboard",
  "event": "LOAD_EMPLOYEE_STARTED",
  "empNo": "UNKNOWN",
  "timestamp": "2026-07-07T12:23:47.682Z"
}
7/7/2026, 5:53:46 pm | [2026-07-07T12:23:47.687Z] [LOG] {
  "screen": "UserDashboard",
  "event": "EMPLOYEE_API_STARTED",
  "empNo": "41",
  "timestamp": "2026-07-07T12:23:47.687Z"
}
7/7/2026, 5:53:46 pm | [2026-07-07T12:23:47.687Z] [LOG] {
  "screen": "UserDashboard",
  "event": "LOGGED_USER_FETCHED",
  "hasUser": true,
  "empNo": "UNKNOWN",
  "timestamp": "2026-07-07T12:23:47.687Z"
}
7/7/2026, 5:53:46 pm | [2026-07-07T12:23:47.828Z] [LOG] {
  "screen": "UserDashboard",
  "event": "EMPLOYEE_DATA_LOADED",
  "empNo": "41",
  "branch": "Mandadam",
  "designation": "Branch Manager",
  "timestamp": "2026-07-07T12:23:47.828Z"
}
7/7/2026, 5:53:47 pm | [2026-07-07T12:23:47.978Z] [LOG] {
  "screen": "UserDashboard",
  "event": "LAST_SUBMISSION_LOADED",
  "previousDayAmount": 1486000,
  "previousDaySubmittedAt": "2026-07-06 17:41:54",
  "formattedPreviousDayTime": "6/7/2026, 5:41 pm",
  "empNo": "",
  "timestamp": "2026-07-07T12:23:47.978Z"
}
7/7/2026, 5:53:47 pm | [2026-07-07T12:23:48.036Z] [LOG] {
  "screen": "UserDashboard",
  "event": "LOADING_COMPLETED",
  "empNo": "UNKNOWN",
  "timestamp": "2026-07-07T12:23:48.036Z"
}
7/7/2026, 5:53:48 pm | [2026-07-07T12:23:50.937Z] [LOG] {
  "screen": "LoginScreen",
  "event": "LOGIN_BUTTON_CLICKED",
  "timestamp": "2026-07-07T12:23:50.937Z"
}
7/7/2026, 5:53:48 pm | [2026-07-07T12:23:50.942Z] [LOG] {
  "screen": "LoginScreen",
  "event": "DEVICE_ID_FETCHED",
  "deviceId": "737ffa3c70822aa7",
  "timestamp": "2026-07-07T12:23:50.942Z"
}
7/7/2026, 5:53:48 pm | [2026-07-07T12:23:50.943Z] [LOG] {
  "empNo": "",
  "deviceId": "737ffa3c70822aa7"
}
7/7/2026, 5:53:48 pm | [2026-07-07T12:23:50.938Z] [LOG] {
  "screen": "LoginScreen",
  "event": "LOADING_STARTED",
  "timestamp": "2026-07-07T12:23:50.938Z"
}
7/7/2026, 5:53:48 pm | [2026-07-07T12:23:49.850Z] [LOG] {
  "screen": "WelcomeScreen",
  "event": "SCREEN_OPENED",
  "timestamp": "2026-07-07T12:23:49.850Z"
}
7/7/2026, 5:53:48 pm | [2026-07-07T12:23:49.709Z] [LOG] Running "CashClosingApp"
7/7/2026, 5:53:48 pm | [2026-07-07T12:23:51.266Z] [LOG] {
  "screen": "LoginScreen",
  "event": "LOGIN_SUCCESS",
  "user": {
    "empNo": "294",
    "employeeName": "D. Vara Prasad",
    "branchCode": "1",
    "branchName": "Vijayawada",
    "designation": "Branch Manager"
  },
  "timestamp": "2026-07-07T12:23:51.266Z"
}
7/7/2026, 5:53:48 pm | [2026-07-07T12:23:51.273Z] [LOG] {
  "screen": "LoginScreen",
  "event": "LOADING_COMPLETED",
  "timestamp": "2026-07-07T12:23:51.273Z"
}
7/7/2026, 5:53:48 pm | [2026-07-07T12:23:51.273Z] [LOG] {
  "event": "NAVIGATING_TO_USER"
}
7/7/2026, 5:53:48 pm | [2026-07-07T12:23:51.272Z] [LOG] {
  "screen": "LoginScreen",
  "event": "USER_DATA_SAVED",
  "timestamp": "2026-07-07T12:23:51.272Z"
}
7/7/2026, 5:53:48 pm | [2026-07-07T12:23:51.280Z] [LOG] {
  "screen": "UserDashboard",
  "event": "SCREEN_OPENED",
  "empNo": "UNKNOWN",
  "timestamp": "2026-07-07T12:23:51.280Z"
}
7/7/2026, 5:53:49 pm | [2026-07-07T12:23:51.280Z] [LOG] {
  "screen": "UserDashboard",
  "event": "LOAD_EMPLOYEE_STARTED",
  "empNo": "UNKNOWN",
  "timestamp": "2026-07-07T12:23:51.280Z"
}
7/7/2026, 5:53:49 pm | [2026-07-07T12:23:51.282Z] [LOG] {
  "screen": "UserDashboard",
  "event": "LOGGED_USER_FETCHED",
  "hasUser": true,
  "empNo": "UNKNOWN",
  "timestamp": "2026-07-07T12:23:51.282Z"
}
7/7/2026, 5:53:49 pm | [2026-07-07T12:23:51.283Z] [LOG] {
  "screen": "UserDashboard",
  "event": "EMPLOYEE_API_STARTED",
  "empNo": "294",
  "timestamp": "2026-07-07T12:23:51.283Z"
}
7/7/2026, 5:53:49 pm | [2026-07-07T12:23:50.943Z] [LOG] {
  "screen": "LoginScreen",
  "event": "LOGIN_API_STARTED",
  "deviceId": "737ffa3c70822aa7",
  "timestamp": "2026-07-07T12:23:50.943Z"
}
7/7/2026, 5:53:49 pm | [2026-07-07T12:23:51.368Z] [LOG] {
  "screen": "UserDashboard",
  "event": "EMPLOYEE_DATA_LOADED",
  "empNo": "294",
  "branch": "Vijayawada",
  "designation": "Branch Manager",
  "timestamp": "2026-07-07T12:23:51.368Z"
}
7/7/2026, 5:53:49 pm | [2026-07-07T12:23:51.455Z] [LOG] {
  "screen": "UserDashboard",
  "event": "LAST_SUBMISSION_LOADED",
  "previousDayAmount": 1500000,
  "previousDaySubmittedAt": "2026-07-06 17:46:31",
  "formattedPreviousDayTime": "6/7/2026, 5:46 pm",
  "empNo": "",
  "timestamp": "2026-07-07T12:23:51.455Z"
}
7/7/2026, 5:53:49 pm | [2026-07-07T12:23:51.510Z] [LOG] {
  "screen": "UserDashboard",
  "event": "LOADING_COMPLETED",
  "empNo": "UNKNOWN",
  "timestamp": "2026-07-07T12:23:51.510Z"
}
7/7/2026, 5:53:49 pm | [2026-07-07T12:23:50.795Z] [LOG] {
  "screen": "LoginScreen",
  "event": "SCREEN_OPENED",
  "timestamp": "2026-07-07T12:23:50.795Z"
}
7/7/2026, 5:53:49 pm | [2026-07-07T12:23:50.767Z] [LOG] {
  "screen": "WelcomeScreen",
  "event": "LOGIN_BUTTON_CLICKED",
  "timestamp": "2026-07-07T12:23:50.766Z"
}
7/7/2026, 5:53:49 pm | [2026-07-07T12:23:50.539Z] [LOG] {
  "screen": "UserDashboard",
  "event": "SAVE_BUTTON_CLICKED",
  "empNo": "384",
  "amount": "700000",
  "isEditing": false,
  "timestamp": "2026-07-07T12:23:50.538Z"
}
7/7/2026, 5:53:50 pm | [2026-07-07T12:23:50.913Z] [LOG] {
  "screen": "UserDashboard",
  "event": "SAVE_BUTTON_CLICKED",
  "empNo": "441",
  "amount": "408000",
  "isEditing": false,
  "timestamp": "2026-07-07T12:23:50.913Z"
}
7/7/2026, 5:53:51 pm | [2026-07-07T12:23:52.116Z] [LOG] {
  "screen": "UserDashboard",
  "event": "SAVE_CASH_API_STARTED",
  "empNo": "384",
  "amount": "700000",
  "timestamp": "2026-07-07T12:23:52.116Z"
}
7/7/2026, 5:53:51 pm | [2026-07-07T12:23:52.476Z] [LOG] {
  "screen": "UserDashboard",
  "event": "SAVE_CASH_SUCCESS",
  "empNo": "384",
  "savedAmount": "700000",
  "savedAt": "2026-07-07T12:23:52.473Z",
  "formattedSaveTime": "5:53 pm",
  "isEditing": false,
  "timestamp": "2026-07-07T12:23:52.476Z"
}
7/7/2026, 5:53:52 pm | [2026-07-07T12:23:53.477Z] [LOG] {
  "screen": "UserDashboard",
  "event": "SAVE_CASH_SUCCESS",
  "empNo": "441",
  "savedAmount": "408000",
  "savedAt": "2026-07-07T12:23:53.471Z",
  "formattedSaveTime": "5:53 pm",
  "isEditing": false,
  "timestamp": "2026-07-07T12:23:53.477Z"
}
7/7/2026, 5:53:52 pm | [2026-07-07T12:23:53.369Z] [LOG] {
  "screen": "UserDashboard",
  "event": "SAVE_CASH_API_STARTED",
  "empNo": "441",
  "amount": "408000",
  "timestamp": "2026-07-07T12:23:53.369Z"
}
7/7/2026, 5:53:53 pm | [2026-07-07T12:23:54.932Z] [LOG] {
  "screen": "LoginScreen",
  "event": "LOADING_STARTED",
  "timestamp": "2026-07-07T12:23:54.932Z"
}
7/7/2026, 5:53:53 pm | [2026-07-07T12:23:54.931Z] [LOG] {
  "screen": "LoginScreen",
  "event": "LOGIN_BUTTON_CLICKED",
  "timestamp": "2026-07-07T12:23:54.931Z"
}
7/7/2026, 5:53:53 pm | [2026-07-07T12:23:55.070Z] [LOG] {
  "screen": "LoginScreen",
  "event": "USER_DATA_SAVED",
  "timestamp": "2026-07-07T12:23:55.070Z"
}
7/7/2026, 5:53:53 pm | [2026-07-07T12:23:55.052Z] [LOG] {
  "screen": "LoginScreen",
  "event": "LOGIN_SUCCESS",
  "user": {
    "empNo": "305",
    "employeeName": "Rashidunnisha Sk.",
    "branchCode": "12",
    "branchName": "Gudivada",
    "designation": "Branch Manager"
  },
  "timestamp": "2026-07-07T12:23:55.052Z"
}
7/7/2026, 5:53:53 pm | [2026-07-07T12:23:54.938Z] [LOG] {
  "screen": "LoginScreen",
  "event": "DEVICE_ID_FETCHED",
  "deviceId": "edbb16289756a13f",
  "timestamp": "2026-07-07T12:23:54.938Z"
}
7/7/2026, 5:53:53 pm | [2026-07-07T12:23:54.938Z] [LOG] {
  "empNo": "",
  "deviceId": "edbb16289756a13f"
}
7/7/2026, 5:53:53 pm | [2026-07-07T12:23:54.938Z] [LOG] {
  "screen": "LoginScreen",
  "event": "LOGIN_API_STARTED",
  "deviceId": "edbb16289756a13f",
  "timestamp": "2026-07-07T12:23:54.938Z"
}
7/7/2026, 5:53:53 pm | [2026-07-07T12:23:55.082Z] [LOG] {
  "screen": "UserDashboard",
  "event": "SCREEN_OPENED",
  "empNo": "UNKNOWN",
  "timestamp": "2026-07-07T12:23:55.082Z"
}
7/7/2026, 5:53:53 pm | [2026-07-07T12:23:55.072Z] [LOG] {
  "screen": "LoginScreen",
  "event": "LOADING_COMPLETED",
  "timestamp": "2026-07-07T12:23:55.072Z"
}
7/7/2026, 5:53:53 pm | [2026-07-07T12:23:55.072Z] [LOG] {
  "event": "NAVIGATING_TO_USER"
}
7/7/2026, 5:53:53 pm | [2026-07-07T12:23:55.090Z] [LOG] {
  "screen": "UserDashboard",
  "event": "LOGGED_USER_FETCHED",
  "hasUser": true,
  "empNo": "UNKNOWN",
  "timestamp": "2026-07-07T12:23:55.090Z"
}
7/7/2026, 5:53:53 pm | [2026-07-07T12:23:55.086Z] [LOG] {
  "screen": "UserDashboard",
  "event": "LOAD_EMPLOYEE_STARTED",
  "empNo": "UNKNOWN",
  "timestamp": "2026-07-07T12:23:55.086Z"
}
7/7/2026, 5:53:53 pm | [2026-07-07T12:23:55.091Z] [LOG] {
  "screen": "UserDashboard",
  "event": "EMPLOYEE_API_STARTED",
  "empNo": "305",
  "timestamp": "2026-07-07T12:23:55.091Z"
}
7/7/2026, 5:53:53 pm | [2026-07-07T12:23:55.242Z] [LOG] {
  "screen": "UserDashboard",
  "event": "EMPLOYEE_DATA_LOADED",
  "empNo": "305",
  "branch": "Gudivada",
  "designation": "Branch Manager",
  "timestamp": "2026-07-07T12:23:55.242Z"
}
7/7/2026, 5:53:54 pm | [2026-07-07T12:23:55.379Z] [LOG] {
  "screen": "UserDashboard",
  "event": "LAST_SUBMISSION_LOADED",
  "previousDayAmount": 766345,
  "previousDaySubmittedAt": "2026-07-06 17:57:03",
  "formattedPreviousDayTime": "6/7/2026, 5:57 pm",
  "empNo": "",
  "timestamp": "2026-07-07T12:23:55.379Z"
}
7/7/2026, 5:53:54 pm | [2026-07-07T12:23:55.476Z] [LOG] {
  "screen": "UserDashboard",
  "event": "LOADING_COMPLETED",
  "empNo": "UNKNOWN",
  "timestamp": "2026-07-07T12:23:55.475Z"
}
7/7/2026, 5:53:55 pm | [2026-07-07T12:23:57.401Z] [LOG] {
  "screen": "UserDashboard",
  "event": "SAVE_BUTTON_CLICKED",
  "empNo": "294",
  "amount": "3800000",
  "isEditing": false,
  "timestamp": "2026-07-07T12:23:57.401Z"
}
7/7/2026, 5:53:55 pm | [2026-07-07T12:23:58.208Z] [LOG] {
  "screen": "UserDashboard",
  "event": "SAVE_CASH_API_STARTED",
  "empNo": "294",
  "amount": "3800000",
  "timestamp": "2026-07-07T12:23:58.208Z"
}
7/7/2026, 5:53:56 pm | [2026-07-07T12:23:58.454Z] [LOG] {
  "screen": "UserDashboard",
  "event": "SAVE_CASH_SUCCESS",
  "empNo": "294",
  "savedAmount": "3800000",
  "savedAt": "2026-07-07T12:23:58.449Z",
  "formattedSaveTime": "5:53 pm",
  "isEditing": false,
  "timestamp": "2026-07-07T12:23:58.453Z"
}
7/7/2026, 5:53:57 pm | [2026-07-07T12:23:59.976Z] [LOG] {
  "screen": "UserDashboard",
  "event": "SAVE_BUTTON_CLICKED",
  "empNo": "294",
  "amount": "3800000",
  "isEditing": true,
  "timestamp": "2026-07-07T12:23:59.976Z"
}
7/7/2026, 5:53:57 pm | [2026-07-07T12:23:59.188Z] [LOG] {
  "screen": "UserDashboard",
  "event": "SAVE_BUTTON_CLICKED",
  "empNo": "318",
  "amount": "1400000",
  "isEditing": true,
  "timestamp": "2026-07-07T12:23:59.188Z"
}
7/7/2026, 5:53:58 pm | [2026-07-07T12:23:58.913Z] [LOG] {
  "screen": "UserDashboard",
  "event": "SAVE_BUTTON_CLICKED",
  "empNo": "441",
  "amount": "408000",
  "isEditing": true,
  "timestamp": "2026-07-07T12:23:58.913Z"
}
7/7/2026, 5:53:58 pm | [2026-07-07T12:24:00.682Z] [LOG] {
  "screen": "UserDashboard",
  "event": "SAVE_CASH_API_STARTED",
  "empNo": "294",
  "amount": "3800000",
  "timestamp": "2026-07-07T12:24:00.682Z"
}
7/7/2026, 5:53:58 pm | [2026-07-07T12:24:00.776Z] [LOG] {
  "screen": "UserDashboard",
  "event": "SAVE_CASH_SUCCESS",
  "empNo": "294",
  "savedAmount": "3800000",
  "savedAt": "2026-07-07T12:24:00.772Z",
  "formattedSaveTime": "5:54 pm",
  "isEditing": true,
  "timestamp": "2026-07-07T12:24:00.776Z"
}
7/7/2026, 5:53:58 pm | [2026-07-07T12:24:00.091Z] [LOG] {
  "screen": "UserDashboard",
  "event": "SAVE_CASH_API_STARTED",
  "empNo": "318",
  "amount": "1400000",
  "timestamp": "2026-07-07T12:24:00.091Z"
}
7/7/2026, 5:53:58 pm | [2026-07-07T12:24:00.495Z] [LOG] {
  "screen": "UserDashboard",
  "event": "SAVE_CASH_SUCCESS",
  "empNo": "318",
  "savedAmount": "1400000",
  "savedAt": "2026-07-07T12:24:00.487Z",
  "formattedSaveTime": "5:54 pm",
  "isEditing": true,
  "timestamp": "2026-07-07T12:24:00.495Z"
}
7/7/2026, 5:53:59 pm | [2026-07-07T12:24:00.518Z] [LOG] {
  "screen": "UserDashboard",
  "event": "SAVE_CASH_API_STARTED",
  "empNo": "441",
  "amount": "408000",
  "timestamp": "2026-07-07T12:24:00.518Z"
}
7/7/2026, 5:53:59 pm | [2026-07-07T12:24:00.747Z] [LOG] {
  "screen": "UserDashboard",
  "event": "SAVE_CASH_SUCCESS",
  "empNo": "441",
  "savedAmount": "408000",
  "savedAt": "2026-07-07T12:24:00.741Z",
  "formattedSaveTime": "5:54 pm",
  "isEditing": true,
  "timestamp": "2026-07-07T12:24:00.747Z"
}
7/7/2026, 5:54:02 pm | [2026-07-07T12:24:03.434Z] [LOG] {
  "screen": "UserDashboard",
  "event": "SAVE_BUTTON_CLICKED",
  "empNo": "41",
  "amount": "285000",
  "isEditing": false,
  "timestamp": "2026-07-07T12:24:03.433Z"
}
7/7/2026, 5:54:03 pm | [2026-07-07T12:24:04.463Z] [LOG] {
  "screen": "UserDashboard",
  "event": "SAVE_CASH_API_STARTED",
  "empNo": "41",
  "amount": "285000",
  "timestamp": "2026-07-07T12:24:04.463Z"
}
7/7/2026, 5:54:03 pm | [2026-07-07T12:24:04.675Z] [LOG] {
  "screen": "UserDashboard",
  "event": "SAVE_CASH_SUCCESS",
  "empNo": "41",
  "savedAmount": "285000",
  "savedAt": "2026-07-07T12:24:04.664Z",
  "formattedSaveTime": "5:54 pm",
  "isEditing": false,
  "timestamp": "2026-07-07T12:24:04.675Z"
}
7/7/2026, 5:54:05 pm | [2026-07-07T12:24:06.517Z] [LOG] {
  "screen": "LoginScreen",
  "event": "SCREEN_OPENED",
  "timestamp": "2026-07-07T12:24:06.517Z"
}
7/7/2026, 5:54:05 pm | [2026-07-07T12:24:06.456Z] [LOG] {
  "screen": "UserDashboard",
  "event": "LOGOUT_CLICKED",
  "empNo": "384",
  "timestamp": "2026-07-07T12:24:06.456Z"
}
7/7/2026, 5:54:08 pm | [2026-07-07T12:24:09.184Z] [LOG] {
  "screen": "UserDashboard",
  "event": "SAVE_BUTTON_CLICKED",
  "empNo": "41",
  "amount": "285000",
  "isEditing": true,
  "timestamp": "2026-07-07T12:24:09.184Z"
}
7/7/2026, 5:54:12 pm | [2026-07-07T12:24:14.189Z] [LOG] {
  "screen": "UserDashboard",
  "event": "LOGOUT_CLICKED",
  "empNo": "294",
  "timestamp": "2026-07-07T12:24:14.189Z"
}
7/7/2026, 5:54:12 pm | [2026-07-07T12:24:14.201Z] [LOG] {
  "screen": "LoginScreen",
  "event": "SCREEN_OPENED",
  "timestamp": "2026-07-07T12:24:14.201Z"
}
7/7/2026, 5:54:24 pm | [2026-07-07T12:24:26.300Z] [LOG] Running "CashClosingApp"
7/7/2026, 5:54:24 pm | [2026-07-07T12:24:26.380Z] [LOG] {
  "screen": "WelcomeScreen",
  "event": "SCREEN_OPENED",
  "timestamp": "2026-07-07T12:24:26.380Z"
}
7/7/2026, 5:54:25 pm | [2026-07-07T12:24:27.298Z] [LOG] {
  "screen": "WelcomeScreen",
  "event": "LOGIN_BUTTON_CLICKED",
  "timestamp": "2026-07-07T12:24:27.298Z"
}
7/7/2026, 5:54:25 pm | [2026-07-07T12:24:27.322Z] [LOG] {
  "screen": "LoginScreen",
  "event": "SCREEN_OPENED",
  "timestamp": "2026-07-07T12:24:27.321Z"
}
7/7/2026, 5:54:26 pm | [2026-07-07T12:24:27.137Z] [LOG] {
  "screen": "UserDashboard",
  "event": "SAVE_BUTTON_CLICKED",
  "empNo": "305",
  "amount": "865945",
  "isEditing": false,
  "timestamp": "2026-07-07T12:24:27.137Z"
}
7/7/2026, 5:54:27 pm | [2026-07-07T12:24:28.664Z] [LOG] {
  "screen": "UserDashboard",
  "event": "SAVE_CASH_SUCCESS",
  "empNo": "305",
  "savedAmount": "865945",
  "savedAt": "2026-07-07T12:24:28.659Z",
  "formattedSaveTime": "5:54 pm",
  "isEditing": false,
  "timestamp": "2026-07-07T12:24:28.664Z"
}
7/7/2026, 5:54:27 pm | [2026-07-07T12:24:28.558Z] [LOG] {
  "screen": "UserDashboard",
  "event": "SAVE_CASH_API_STARTED",
  "empNo": "305",
  "amount": "865945",
  "timestamp": "2026-07-07T12:24:28.557Z"
}
7/7/2026, 5:54:29 pm | [2026-07-07T12:24:31.436Z] [LOG] {
  "screen": "LoginScreen",
  "event": "LOGIN_BUTTON_CLICKED",
  "timestamp": "2026-07-07T12:24:31.436Z"
}
7/7/2026, 5:54:29 pm | [2026-07-07T12:24:31.437Z] [LOG] {
  "screen": "LoginScreen",
  "event": "LOADING_STARTED",
  "timestamp": "2026-07-07T12:24:31.437Z"
}
7/7/2026, 5:54:30 pm | [2026-07-07T12:24:31.633Z] [LOG] {
  "screen": "LoginScreen",
  "event": "LOGIN_SUCCESS",
  "user": {
    "empNo": "279",
    "employeeName": "U. Rubendra Babu",
    "branchCode": "28",
    "branchName": "Vinukonda",
    "designation": "Branch Manager"
  },
  "timestamp": "2026-07-07T12:24:31.633Z"
}
7/7/2026, 5:54:30 pm | [2026-07-07T12:24:31.645Z] [LOG] {
  "screen": "LoginScreen",
  "event": "USER_DATA_SAVED",
  "timestamp": "2026-07-07T12:24:31.645Z"
}
7/7/2026, 5:54:30 pm | [2026-07-07T12:24:31.441Z] [LOG] {
  "screen": "LoginScreen",
  "event": "DEVICE_ID_FETCHED",
  "deviceId": "c40c71be0ffdfb7b",
  "timestamp": "2026-07-07T12:24:31.441Z"
}
7/7/2026, 5:54:30 pm | [2026-07-07T12:24:31.646Z] [LOG] {
  "event": "NAVIGATING_TO_USER"
}
7/7/2026, 5:54:30 pm | [2026-07-07T12:24:31.646Z] [LOG] {
  "screen": "LoginScreen",
  "event": "LOADING_COMPLETED",
  "timestamp": "2026-07-07T12:24:31.646Z"
}
7/7/2026, 5:54:30 pm | [2026-07-07T12:24:31.442Z] [LOG] {
  "empNo": "",
  "deviceId": "c40c71be0ffdfb7b"
}
7/7/2026, 5:54:30 pm | [2026-07-07T12:24:31.442Z] [LOG] {
  "screen": "LoginScreen",
  "event": "LOGIN_API_STARTED",
  "deviceId": "c40c71be0ffdfb7b",
  "timestamp": "2026-07-07T12:24:31.442Z"
}
7/7/2026, 5:54:30 pm | [2026-07-07T12:24:31.653Z] [LOG] {
  "screen": "UserDashboard",
  "event": "SCREEN_OPENED",
  "empNo": "UNKNOWN",
  "timestamp": "2026-07-07T12:24:31.653Z"
}
7/7/2026, 5:54:30 pm | [2026-07-07T12:24:31.654Z] [LOG] {
  "screen": "UserDashboard",
  "event": "LOAD_EMPLOYEE_STARTED",
  "empNo": "UNKNOWN",
  "timestamp": "2026-07-07T12:24:31.654Z"
}
7/7/2026, 5:54:30 pm | [2026-07-07T12:24:31.656Z] [LOG] {
  "screen": "UserDashboard",
  "event": "EMPLOYEE_API_STARTED",
  "empNo": "279",
  "timestamp": "2026-07-07T12:24:31.656Z"
}
7/7/2026, 5:54:30 pm | [2026-07-07T12:24:31.656Z] [LOG] {
  "screen": "UserDashboard",
  "event": "LOGGED_USER_FETCHED",
  "hasUser": true,
  "empNo": "UNKNOWN",
  "timestamp": "2026-07-07T12:24:31.656Z"
}
7/7/2026, 5:54:30 pm | [2026-07-07T12:24:31.894Z] [LOG] {
  "screen": "UserDashboard",
  "event": "EMPLOYEE_DATA_LOADED",
  "empNo": "279",
  "branch": "Vinukonda",
  "designation": "Branch Manager",
  "timestamp": "2026-07-07T12:24:31.894Z"
}
7/7/2026, 5:54:30 pm | [2026-07-07T12:24:32.138Z] [LOG] {
  "screen": "UserDashboard",
  "event": "LAST_SUBMISSION_LOADED",
  "previousDayAmount": 2811924,
  "previousDaySubmittedAt": "2026-07-06 18:04:32",
  "formattedPreviousDayTime": "6/7/2026, 6:04 pm",
  "empNo": "",
  "timestamp": "2026-07-07T12:24:32.138Z"
}
7/7/2026, 5:54:30 pm | [2026-07-07T12:24:32.301Z] [LOG] {
  "screen": "UserDashboard",
  "event": "LOADING_COMPLETED",
  "empNo": "UNKNOWN",
  "timestamp": "2026-07-07T12:24:32.300Z"
}
7/7/2026, 5:54:42 pm | [2026-07-07T12:24:43.486Z] [LOG] {
  "screen": "UserDashboard",
  "event": "SAVE_BUTTON_CLICKED",
  "empNo": "318",
  "amount": "1400000",
  "isEditing": true,
  "timestamp": "2026-07-07T12:24:43.486Z"
}
7/7/2026, 5:54:42 pm | [2026-07-07T12:24:44.240Z] [LOG] {
  "screen": "UserDashboard",
  "event": "SAVE_CASH_API_STARTED",
  "empNo": "318",
  "amount": "1400000",
  "timestamp": "2026-07-07T12:24:44.240Z"
}
7/7/2026, 5:54:42 pm | [2026-07-07T12:24:44.481Z] [LOG] {
  "screen": "UserDashboard",
  "event": "SAVE_CASH_SUCCESS",
  "empNo": "318",
  "savedAmount": "1400000",
  "savedAt": "2026-07-07T12:24:44.476Z",
  "formattedSaveTime": "5:54 pm",
  "isEditing": true,
  "timestamp": "2026-07-07T12:24:44.481Z"
}
7/7/2026, 5:54:47 pm | [2026-07-07T12:24:48.998Z] [LOG] Running "CashClosingApp"
7/7/2026, 5:54:47 pm | [2026-07-07T12:24:49.146Z] [LOG] {
  "screen": "WelcomeScreen",
  "event": "SCREEN_OPENED",
  "timestamp": "2026-07-07T12:24:49.146Z"
}
7/7/2026, 5:54:48 pm | [2026-07-07T12:24:50.068Z] [LOG] {
  "screen": "WelcomeScreen",
  "event": "LOGIN_BUTTON_CLICKED",
  "timestamp": "2026-07-07T12:24:50.067Z"
}
7/7/2026, 5:54:48 pm | [2026-07-07T12:24:50.115Z] [LOG] {
  "screen": "LoginScreen",
  "event": "SCREEN_OPENED",
  "timestamp": "2026-07-07T12:24:50.114Z"
}
7/7/2026, 5:54:52 pm | [2026-07-07T12:24:53.769Z] [LOG] {
  "screen": "LoginScreen",
  "event": "LOGIN_BUTTON_CLICKED",
  "timestamp": "2026-07-07T12:24:53.769Z"
}
7/7/2026, 5:54:52 pm | [2026-07-07T12:24:53.770Z] [LOG] {
  "screen": "LoginScreen",
  "event": "LOADING_STARTED",
  "timestamp": "2026-07-07T12:24:53.770Z"
}
7/7/2026, 5:54:52 pm | [2026-07-07T12:24:53.982Z] [LOG] {
  "screen": "LoginScreen",
  "event": "LOGIN_SUCCESS",
  "user": {
    "empNo": "860",
    "employeeName": "B Prasada Rao",
    "branchCode": "50",
    "branchName": "Duvvada",
    "designation": "Branch Manager"
  },
  "timestamp": "2026-07-07T12:24:53.982Z"
}
7/7/2026, 5:54:52 pm | [2026-07-07T12:24:53.994Z] [LOG] {
  "screen": "LoginScreen",
  "event": "USER_DATA_SAVED",
  "timestamp": "2026-07-07T12:24:53.994Z"
}
7/7/2026, 5:54:52 pm | [2026-07-07T12:24:53.995Z] [LOG] {
  "event": "NAVIGATING_TO_USER"
}
7/7/2026, 5:54:52 pm | [2026-07-07T12:24:53.996Z] [LOG] {
  "screen": "LoginScreen",
  "event": "LOADING_COMPLETED",
  "timestamp": "2026-07-07T12:24:53.996Z"
}
7/7/2026, 5:54:52 pm | [2026-07-07T12:24:53.791Z] [LOG] {
  "empNo": "",
  "deviceId": "ba25439295ea5d5f"
}
7/7/2026, 5:54:52 pm | [2026-07-07T12:24:53.792Z] [LOG] {
  "screen": "LoginScreen",
  "event": "LOGIN_API_STARTED",
  "deviceId": "ba25439295ea5d5f",
  "timestamp": "2026-07-07T12:24:53.791Z"
}
7/7/2026, 5:54:52 pm | [2026-07-07T12:24:53.790Z] [LOG] {
  "screen": "LoginScreen",
  "event": "DEVICE_ID_FETCHED",
  "deviceId": "ba25439295ea5d5f",
  "timestamp": "2026-07-07T12:24:53.790Z"
}
7/7/2026, 5:54:52 pm | [2026-07-07T12:24:54.004Z] [LOG] {
  "screen": "UserDashboard",
  "event": "LOAD_EMPLOYEE_STARTED",
  "empNo": "UNKNOWN",
  "timestamp": "2026-07-07T12:24:54.004Z"
}
7/7/2026, 5:54:52 pm | [2026-07-07T12:24:54.007Z] [LOG] {
  "screen": "UserDashboard",
  "event": "EMPLOYEE_API_STARTED",
  "empNo": "860",
  "timestamp": "2026-07-07T12:24:54.007Z"
}
7/7/2026, 5:54:52 pm | [2026-07-07T12:24:54.003Z] [LOG] {
  "screen": "UserDashboard",
  "event": "SCREEN_OPENED",
  "empNo": "UNKNOWN",
  "timestamp": "2026-07-07T12:24:54.003Z"
}
7/7/2026, 5:54:52 pm | [2026-07-07T12:24:54.006Z] [LOG] {
  "screen": "UserDashboard",
  "event": "LOGGED_USER_FETCHED",
  "hasUser": true,
  "empNo": "UNKNOWN",
  "timestamp": "2026-07-07T12:24:54.006Z"
}
7/7/2026, 5:54:52 pm | [2026-07-07T12:24:54.240Z] [LOG] {
  "screen": "UserDashboard",
  "event": "EMPLOYEE_DATA_LOADED",
  "empNo": "860",
  "branch": "Duvvada",
  "designation": "Branch Manager",
  "timestamp": "2026-07-07T12:24:54.240Z"
}
7/7/2026, 5:54:52 pm | [2026-07-07T12:24:54.396Z] [LOG] {
  "screen": "UserDashboard",
  "event": "LAST_SUBMISSION_LOADED",
  "previousDayAmount": 1528954,
  "previousDaySubmittedAt": "2026-07-06 18:17:14",
  "formattedPreviousDayTime": "6/7/2026, 6:17 pm",
  "empNo": "",
  "timestamp": "2026-07-07T12:24:54.396Z"
}
7/7/2026, 5:54:52 pm | [2026-07-07T12:24:54.490Z] [LOG] {
  "screen": "UserDashboard",
  "event": "LOADING_COMPLETED",
  "empNo": "UNKNOWN",
  "timestamp": "2026-07-07T12:24:54.490Z"
}
7/7/2026, 5:54:58 pm | [2026-07-07T12:24:59.684Z] [LOG] {
  "screen": "UserDashboard",
  "event": "SAVE_BUTTON_CLICKED",
  "empNo": "279",
  "amount": "702037",
  "isEditing": false,
  "timestamp": "2026-07-07T12:24:59.684Z"
}
7/7/2026, 5:54:59 pm | [2026-07-07T12:25:00.997Z] [LOG] {
  "screen": "UserDashboard",
  "event": "SAVE_CASH_API_STARTED",
  "empNo": "279",
  "amount": "702037",
  "timestamp": "2026-07-07T12:25:00.997Z"
}
7/7/2026, 5:54:59 pm | [2026-07-07T12:25:01.398Z] [LOG] {
  "screen": "UserDashboard",
  "event": "SAVE_CASH_SUCCESS",
  "empNo": "279",
  "savedAmount": "702037",
  "savedAt": "2026-07-07T12:25:01.385Z",
  "formattedSaveTime": "5:55 pm",
  "isEditing": false,
  "timestamp": "2026-07-07T12:25:01.398Z"
}
7/7/2026, 5:55:20 pm | [2026-07-07T12:25:21.814Z] [LOG] {
  "screen": "UserDashboard",
  "event": "SAVE_BUTTON_CLICKED",
  "empNo": "860",
  "amount": "508644",
  "isEditing": false,
  "timestamp": "2026-07-07T12:25:21.814Z"
}
7/7/2026, 5:55:22 pm | [2026-07-07T12:25:23.961Z] [LOG] {
  "screen": "UserDashboard",
  "event": "SAVE_CASH_SUCCESS",
  "empNo": "860",
  "savedAmount": "508644",
  "savedAt": "2026-07-07T12:25:23.959Z",
  "formattedSaveTime": "5:55 pm",
  "isEditing": false,
  "timestamp": "2026-07-07T12:25:23.961Z"
}
7/7/2026, 5:55:22 pm | [2026-07-07T12:25:23.609Z] [LOG] {
  "screen": "UserDashboard",
  "event": "SAVE_CASH_API_STARTED",
  "empNo": "860",
  "amount": "508644",
  "timestamp": "2026-07-07T12:25:23.609Z"
}
7/7/2026, 5:55:24 pm | [2026-07-07T12:25:26.303Z] [LOG] {
  "screen": "UserDashboard",
  "event": "SAVE_BUTTON_CLICKED",
  "empNo": "860",
  "amount": "508644",
  "isEditing": true,
  "timestamp": "2026-07-07T12:25:26.303Z"
}
7/7/2026, 5:55:26 pm | [2026-07-07T12:25:27.782Z] [LOG] {
  "screen": "UserDashboard",
  "event": "SAVE_CASH_API_STARTED",
  "empNo": "860",
  "amount": "508644",
  "timestamp": "2026-07-07T12:25:27.782Z"
}
7/7/2026, 5:55:26 pm | [2026-07-07T12:25:27.902Z] [LOG] {
  "screen": "UserDashboard",
  "event": "SAVE_CASH_SUCCESS",
  "empNo": "860",
  "savedAmount": "508644",
  "savedAt": "2026-07-07T12:25:27.900Z",
  "formattedSaveTime": "5:55 pm",
  "isEditing": true,
  "timestamp": "2026-07-07T12:25:27.902Z"
}
7/7/2026, 5:55:43 pm | [2026-07-07T12:25:44.065Z] [LOG] {
  "screen": "WelcomeScreen",
  "event": "SCREEN_OPENED",
  "timestamp": "2026-07-07T12:25:44.065Z"
}
7/7/2026, 5:55:43 pm | [2026-07-07T12:25:43.660Z] [LOG] Running "CashClosingApp"
7/7/2026, 5:55:44 pm | [2026-07-07T12:25:45.542Z] [LOG] {
  "screen": "WelcomeScreen",
  "event": "LOGIN_BUTTON_CLICKED",
  "timestamp": "2026-07-07T12:25:45.542Z"
}
7/7/2026, 5:55:44 pm | [2026-07-07T12:25:45.626Z] [LOG] {
  "screen": "LoginScreen",
  "event": "SCREEN_OPENED",
  "timestamp": "2026-07-07T12:25:45.626Z"
}
7/7/2026, 5:55:49 pm | [2026-07-07T12:25:50.561Z] [LOG] {
  "screen": "LoginScreen",
  "event": "LOGIN_BUTTON_CLICKED",
  "timestamp": "2026-07-07T12:25:50.561Z"
}
7/7/2026, 5:55:49 pm | [2026-07-07T12:25:50.688Z] [LOG] {
  "screen": "LoginScreen",
  "event": "LOGIN_SUCCESS",
  "user": {
    "empNo": "640",
    "employeeName": "Ch.Satish Babu",
    "branchCode": "48",
    "branchName": "Akividu",
    "designation": "Branch Manager"
  },
  "timestamp": "2026-07-07T12:25:50.688Z"
}
7/7/2026, 5:55:49 pm | [2026-07-07T12:25:50.592Z] [LOG] {
  "screen": "LoginScreen",
  "event": "LOGIN_API_STARTED",
  "deviceId": "50bc40e897b06c67",
  "timestamp": "2026-07-07T12:25:50.592Z"
}
7/7/2026, 5:55:49 pm | [2026-07-07T12:25:50.564Z] [LOG] {
  "screen": "LoginScreen",
  "event": "LOADING_STARTED",
  "timestamp": "2026-07-07T12:25:50.564Z"
}
7/7/2026, 5:55:49 pm | [2026-07-07T12:25:50.587Z] [LOG] {
  "screen": "LoginScreen",
  "event": "DEVICE_ID_FETCHED",
  "deviceId": "50bc40e897b06c67",
  "timestamp": "2026-07-07T12:25:50.587Z"
}
7/7/2026, 5:55:49 pm | [2026-07-07T12:25:50.590Z] [LOG] {
  "empNo": "",
  "deviceId": "50bc40e897b06c67"
}
7/7/2026, 5:55:49 pm | [2026-07-07T12:25:50.721Z] [LOG] {
  "screen": "LoginScreen",
  "event": "USER_DATA_SAVED",
  "timestamp": "2026-07-07T12:25:50.721Z"
}
7/7/2026, 5:55:49 pm | [2026-07-07T12:25:50.727Z] [LOG] {
  "screen": "LoginScreen",
  "event": "LOADING_COMPLETED",
  "timestamp": "2026-07-07T12:25:50.727Z"
}
7/7/2026, 5:55:49 pm | [2026-07-07T12:25:50.725Z] [LOG] {
  "event": "NAVIGATING_TO_USER"
}
7/7/2026, 5:55:49 pm | [2026-07-07T12:25:50.763Z] [LOG] {
  "screen": "UserDashboard",
  "event": "LOAD_EMPLOYEE_STARTED",
  "empNo": "UNKNOWN",
  "timestamp": "2026-07-07T12:25:50.763Z"
}
7/7/2026, 5:55:49 pm | [2026-07-07T12:25:50.761Z] [LOG] {
  "screen": "UserDashboard",
  "event": "SCREEN_OPENED",
  "empNo": "UNKNOWN",
  "timestamp": "2026-07-07T12:25:50.760Z"
}
7/7/2026, 5:55:49 pm | [2026-07-07T12:25:50.772Z] [LOG] {
  "screen": "UserDashboard",
  "event": "LOGGED_USER_FETCHED",
  "hasUser": true,
  "empNo": "UNKNOWN",
  "timestamp": "2026-07-07T12:25:50.772Z"
}
7/7/2026, 5:55:49 pm | [2026-07-07T12:25:50.774Z] [LOG] {
  "screen": "UserDashboard",
  "event": "EMPLOYEE_API_STARTED",
  "empNo": "640",
  "timestamp": "2026-07-07T12:25:50.774Z"
}
7/7/2026, 5:55:49 pm | [2026-07-07T12:25:50.920Z] [LOG] {
  "screen": "UserDashboard",
  "event": "EMPLOYEE_DATA_LOADED",
  "empNo": "640",
  "branch": "Akividu",
  "designation": "Branch Manager",
  "timestamp": "2026-07-07T12:25:50.920Z"
}
7/7/2026, 5:55:49 pm | [2026-07-07T12:25:51.133Z] [LOG] {
  "screen": "UserDashboard",
  "event": "LAST_SUBMISSION_LOADED",
  "previousDayAmount": 1250000,
  "previousDaySubmittedAt": "2026-07-06 17:37:16",
  "formattedPreviousDayTime": "6/7/2026, 5:37 pm",
  "empNo": "",
  "timestamp": "2026-07-07T12:25:51.133Z"
}
7/7/2026, 5:55:50 pm | [2026-07-07T12:25:51.207Z] [LOG] {
  "screen": "UserDashboard",
  "event": "LOADING_COMPLETED",
  "empNo": "UNKNOWN",
  "timestamp": "2026-07-07T12:25:51.207Z"
}
7/7/2026, 5:55:53 pm | [2026-07-07T12:25:54.498Z] [LOG] {
  "screen": "UserDashboard",
  "event": "SAVE_CASH_API_STARTED",
  "empNo": "41",
  "amount": "285000",
  "timestamp": "2026-07-07T12:25:54.498Z"
}
7/7/2026, 5:55:53 pm | [2026-07-07T12:25:54.712Z] [LOG] {
  "screen": "UserDashboard",
  "event": "SAVE_CASH_SUCCESS",
  "empNo": "41",
  "savedAmount": "285000",
  "savedAt": "2026-07-07T12:25:54.703Z",
  "formattedSaveTime": "5:55 pm",
  "isEditing": true,
  "timestamp": "2026-07-07T12:25:54.712Z"
}
7/7/2026, 5:56:20 pm | [2026-07-07T12:26:20.360Z] [LOG] {
  "screen": "WelcomeScreen",
  "event": "SCREEN_OPENED",
  "timestamp": "2026-07-07T12:26:20.360Z"
}
7/7/2026, 5:56:20 pm | [2026-07-07T12:26:20.248Z] [LOG] Running "CashClosingApp"
7/7/2026, 5:56:20 pm | [2026-07-07T12:26:21.195Z] [LOG] {
  "screen": "WelcomeScreen",
  "event": "LOGIN_BUTTON_CLICKED",
  "timestamp": "2026-07-07T12:26:21.195Z"
}
7/7/2026, 5:56:20 pm | [2026-07-07T12:26:21.222Z] [LOG] {
  "screen": "LoginScreen",
  "event": "SCREEN_OPENED",
  "timestamp": "2026-07-07T12:26:21.222Z"
}
7/7/2026, 5:56:24 pm | [2026-07-07T12:26:25.080Z] [LOG] {
  "screen": "LoginScreen",
  "event": "LOGIN_BUTTON_CLICKED",
  "timestamp": "2026-07-07T12:26:25.080Z"
}
7/7/2026, 5:56:24 pm | [2026-07-07T12:26:25.081Z] [LOG] {
  "screen": "LoginScreen",
  "event": "LOADING_STARTED",
  "timestamp": "2026-07-07T12:26:25.081Z"
}
7/7/2026, 5:56:24 pm | [2026-07-07T12:26:25.306Z] [LOG] {
  "screen": "LoginScreen",
  "event": "LOGIN_SUCCESS",
  "user": {
    "empNo": "823",
    "employeeName": "Buravilli Prasad",
    "branchCode": "14",
    "branchName": "Tadepalligudem",
    "designation": "Branch Manager"
  },
  "timestamp": "2026-07-07T12:26:25.306Z"
}
7/7/2026, 5:56:24 pm | [2026-07-07T12:26:25.331Z] [LOG] {
  "screen": "LoginScreen",
  "event": "USER_DATA_SAVED",
  "timestamp": "2026-07-07T12:26:25.331Z"
}
7/7/2026, 5:56:24 pm | [2026-07-07T12:26:25.097Z] [LOG] {
  "screen": "LoginScreen",
  "event": "LOGIN_API_STARTED",
  "deviceId": "19f9c9be512579c7",
  "timestamp": "2026-07-07T12:26:25.097Z"
}
7/7/2026, 5:56:24 pm | [2026-07-07T12:26:25.096Z] [LOG] {
  "empNo": "",
  "deviceId": "19f9c9be512579c7"
}
7/7/2026, 5:56:24 pm | [2026-07-07T12:26:25.095Z] [LOG] {
  "screen": "LoginScreen",
  "event": "DEVICE_ID_FETCHED",
  "deviceId": "19f9c9be512579c7",
  "timestamp": "2026-07-07T12:26:25.095Z"
}
7/7/2026, 5:56:24 pm | [2026-07-07T12:26:25.333Z] [LOG] {
  "event": "NAVIGATING_TO_USER"
}
7/7/2026, 5:56:24 pm | [2026-07-07T12:26:25.335Z] [LOG] {
  "screen": "LoginScreen",
  "event": "LOADING_COMPLETED",
  "timestamp": "2026-07-07T12:26:25.335Z"
}
7/7/2026, 5:56:24 pm | [2026-07-07T12:26:25.354Z] [LOG] {
  "screen": "UserDashboard",
  "event": "SCREEN_OPENED",
  "empNo": "UNKNOWN",
  "timestamp": "2026-07-07T12:26:25.354Z"
}
7/7/2026, 5:56:24 pm | [2026-07-07T12:26:25.355Z] [LOG] {
  "screen": "UserDashboard",
  "event": "LOAD_EMPLOYEE_STARTED",
  "empNo": "UNKNOWN",
  "timestamp": "2026-07-07T12:26:25.355Z"
}
7/7/2026, 5:56:24 pm | [2026-07-07T12:26:25.361Z] [LOG] {
  "screen": "UserDashboard",
  "event": "LOGGED_USER_FETCHED",
  "hasUser": true,
  "empNo": "UNKNOWN",
  "timestamp": "2026-07-07T12:26:25.361Z"
}
7/7/2026, 5:56:24 pm | [2026-07-07T12:26:25.362Z] [LOG] {
  "screen": "UserDashboard",
  "event": "EMPLOYEE_API_STARTED",
  "empNo": "823",
  "timestamp": "2026-07-07T12:26:25.362Z"
}
7/7/2026, 5:56:25 pm | [2026-07-07T12:26:25.692Z] [LOG] {
  "screen": "UserDashboard",
  "event": "EMPLOYEE_DATA_LOADED",
  "empNo": "823",
  "branch": "Tadepalligudem",
  "designation": "Branch Manager",
  "timestamp": "2026-07-07T12:26:25.692Z"
}
7/7/2026, 5:56:25 pm | [2026-07-07T12:26:25.883Z] [LOG] {
  "screen": "UserDashboard",
  "event": "LAST_SUBMISSION_LOADED",
  "previousDayAmount": 1311000,
  "previousDaySubmittedAt": "2026-07-04 17:50:51",
  "formattedPreviousDayTime": "4/7/2026, 5:50 pm",
  "empNo": "",
  "timestamp": "2026-07-07T12:26:25.883Z"
}
7/7/2026, 5:56:25 pm | [2026-07-07T12:26:26.008Z] [LOG] {
  "screen": "UserDashboard",
  "event": "LOADING_COMPLETED",
  "empNo": "UNKNOWN",
  "timestamp": "2026-07-07T12:26:26.008Z"
}
7/7/2026, 5:56:33 pm | [2026-07-07T12:26:33.846Z] [LOG] {
  "screen": "UserDashboard",
  "event": "SAVE_BUTTON_CLICKED",
  "empNo": "823",
  "amount": "1769000",
  "isEditing": false,
  "timestamp": "2026-07-07T12:26:33.846Z"
}
7/7/2026, 5:56:34 pm | [2026-07-07T12:26:35.398Z] [LOG] {
  "screen": "UserDashboard",
  "event": "SAVE_CASH_API_STARTED",
  "empNo": "823",
  "amount": "1769000",
  "timestamp": "2026-07-07T12:26:35.398Z"
}
7/7/2026, 5:56:35 pm | [2026-07-07T12:26:35.766Z] [LOG] {
  "screen": "UserDashboard",
  "event": "SAVE_CASH_SUCCESS",
  "empNo": "823",
  "savedAmount": "1769000",
  "savedAt": "2026-07-07T12:26:35.755Z",
  "formattedSaveTime": "5:56 pm",
  "isEditing": false,
  "timestamp": "2026-07-07T12:26:35.766Z"
}
7/7/2026, 5:56:42 pm | [2026-07-07T12:26:43.102Z] [LOG] {
  "screen": "UserDashboard",
  "event": "SAVE_BUTTON_CLICKED",
  "empNo": "640",
  "amount": "1463000",
  "isEditing": false,
  "timestamp": "2026-07-07T12:26:43.101Z"
}
7/7/2026, 5:56:44 pm | [2026-07-07T12:26:45.165Z] [LOG] {
  "screen": "UserDashboard",
  "event": "SAVE_CASH_API_STARTED",
  "empNo": "640",
  "amount": "1463000",
  "timestamp": "2026-07-07T12:26:45.165Z"
}
7/7/2026, 5:56:44 pm | [2026-07-07T12:26:45.486Z] [LOG] {
  "screen": "UserDashboard",
  "event": "SAVE_CASH_SUCCESS",
  "empNo": "640",
  "savedAmount": "1463000",
  "savedAt": "2026-07-07T12:26:45.463Z",
  "formattedSaveTime": "5:56 pm",
  "isEditing": false,
  "timestamp": "2026-07-07T12:26:45.486Z"
}
7/7/2026, 5:56:58 pm | [2026-07-07T12:23:28.341Z] [LOG] {
  "screen": "UserDashboard",
  "event": "SAVE_BUTTON_CLICKED",
  "empNo": "1037",
  "amount": "2061080",
  "isEditing": false,
  "timestamp": "2026-07-07T12:23:28.341Z"
}
7/7/2026, 5:57:29 pm | [2026-07-07T12:27:30.242Z] [LOG] Running "CashClosingApp"
7/7/2026, 5:57:29 pm | [2026-07-07T12:27:30.474Z] [LOG] {
  "screen": "WelcomeScreen",
  "event": "SCREEN_OPENED",
  "timestamp": "2026-07-07T12:27:30.474Z"
}
7/7/2026, 5:57:30 pm | [2026-07-07T12:27:31.537Z] [LOG] {
  "screen": "WelcomeScreen",
  "event": "LOGIN_BUTTON_CLICKED",
  "timestamp": "2026-07-07T12:27:31.537Z"
}
7/7/2026, 5:57:30 pm | [2026-07-07T12:27:31.577Z] [LOG] {
  "screen": "LoginScreen",
  "event": "SCREEN_OPENED",
  "timestamp": "2026-07-07T12:27:31.577Z"
}
7/7/2026, 5:57:36 pm | [2026-07-07T12:27:37.441Z] [LOG] {
  "screen": "LoginScreen",
  "event": "LOADING_STARTED",
  "timestamp": "2026-07-07T12:27:37.441Z"
}
7/7/2026, 5:57:36 pm | [2026-07-07T12:27:37.440Z] [LOG] {
  "screen": "LoginScreen",
  "event": "LOGIN_BUTTON_CLICKED",
  "timestamp": "2026-07-07T12:27:37.440Z"
}
7/7/2026, 5:57:36 pm | [2026-07-07T12:27:37.590Z] [LOG] {
  "screen": "LoginScreen",
  "event": "LOGIN_SUCCESS",
  "user": {
    "empNo": "471",
    "employeeName": "G Chandra Sekhar",
    "branchCode": "4",
    "branchName": "Nuzvid",
    "designation": "Branch Manager"
  },
  "timestamp": "2026-07-07T12:27:37.590Z"
}
7/7/2026, 5:57:36 pm | [2026-07-07T12:27:37.610Z] [LOG] {
  "screen": "LoginScreen",
  "event": "USER_DATA_SAVED",
  "timestamp": "2026-07-07T12:27:37.610Z"
}
7/7/2026, 5:57:36 pm | [2026-07-07T12:27:37.452Z] [LOG] {
  "screen": "LoginScreen",
  "event": "LOGIN_API_STARTED",
  "deviceId": "1354e95e001c24ee",
  "timestamp": "2026-07-07T12:27:37.452Z"
}
7/7/2026, 5:57:36 pm | [2026-07-07T12:27:37.451Z] [LOG] {
  "screen": "LoginScreen",
  "event": "DEVICE_ID_FETCHED",
  "deviceId": "1354e95e001c24ee",
  "timestamp": "2026-07-07T12:27:37.451Z"
}
7/7/2026, 5:57:36 pm | [2026-07-07T12:27:37.451Z] [LOG] {
  "empNo": "",
  "deviceId": "1354e95e001c24ee"
}
7/7/2026, 5:57:36 pm | [2026-07-07T12:27:37.612Z] [LOG] {
  "screen": "LoginScreen",
  "event": "LOADING_COMPLETED",
  "timestamp": "2026-07-07T12:27:37.612Z"
}
7/7/2026, 5:57:36 pm | [2026-07-07T12:27:37.611Z] [LOG] {
  "event": "NAVIGATING_TO_USER"
}
7/7/2026, 5:57:36 pm | [2026-07-07T12:27:37.620Z] [LOG] {
  "screen": "UserDashboard",
  "event": "SCREEN_OPENED",
  "empNo": "UNKNOWN",
  "timestamp": "2026-07-07T12:27:37.620Z"
}
7/7/2026, 5:57:36 pm | [2026-07-07T12:27:37.625Z] [LOG] {
  "screen": "UserDashboard",
  "event": "EMPLOYEE_API_STARTED",
  "empNo": "471",
  "timestamp": "2026-07-07T12:27:37.625Z"
}
7/7/2026, 5:57:36 pm | [2026-07-07T12:27:37.623Z] [LOG] {
  "screen": "UserDashboard",
  "event": "LOAD_EMPLOYEE_STARTED",
  "empNo": "UNKNOWN",
  "timestamp": "2026-07-07T12:27:37.623Z"
}
7/7/2026, 5:57:36 pm | [2026-07-07T12:27:37.624Z] [LOG] {
  "screen": "UserDashboard",
  "event": "LOGGED_USER_FETCHED",
  "hasUser": true,
  "empNo": "UNKNOWN",
  "timestamp": "2026-07-07T12:27:37.624Z"
}
7/7/2026, 5:57:36 pm | [2026-07-07T12:27:37.798Z] [LOG] {
  "screen": "UserDashboard",
  "event": "EMPLOYEE_DATA_LOADED",
  "empNo": "471",
  "branch": "Nuzvid",
  "designation": "Branch Manager",
  "timestamp": "2026-07-07T12:27:37.798Z"
}
7/7/2026, 5:57:36 pm | [2026-07-07T12:27:37.920Z] [LOG] {
  "screen": "UserDashboard",
  "event": "LAST_SUBMISSION_LOADED",
  "previousDayAmount": 2350000,
  "previousDaySubmittedAt": "2026-07-06 18:15:06",
  "formattedPreviousDayTime": "6/7/2026, 6:15 pm",
  "empNo": "",
  "timestamp": "2026-07-07T12:27:37.920Z"
}
7/7/2026, 5:57:36 pm | [2026-07-07T12:27:37.994Z] [LOG] {
  "screen": "UserDashboard",
  "event": "LOADING_COMPLETED",
  "empNo": "UNKNOWN",
  "timestamp": "2026-07-07T12:27:37.994Z"
}
7/7/2026, 5:58:38 pm | [2026-07-07T12:28:40.149Z] [LOG] {
  "screen": "UserDashboard",
  "event": "SAVE_BUTTON_CLICKED",
  "empNo": "279",
  "amount": "702037",
  "isEditing": true,
  "timestamp": "2026-07-07T12:28:40.149Z"
}
7/7/2026, 5:58:39 pm | [2026-07-07T12:28:39.517Z] [LOG] {
  "screen": "WelcomeScreen",
  "event": "LOGIN_BUTTON_CLICKED",
  "timestamp": "2026-07-07T12:28:39.517Z"
}
7/7/2026, 5:58:39 pm | [2026-07-07T12:28:38.444Z] [LOG] Running "CashClosingApp"
7/7/2026, 5:58:39 pm | [2026-07-07T12:28:38.592Z] [LOG] {
  "screen": "WelcomeScreen",
  "event": "SCREEN_OPENED",
  "timestamp": "2026-07-07T12:28:38.592Z"
}
7/7/2026, 5:58:39 pm | [2026-07-07T12:28:39.552Z] [LOG] {
  "screen": "LoginScreen",
  "event": "SCREEN_OPENED",
  "timestamp": "2026-07-07T12:28:39.552Z"
}
7/7/2026, 5:58:39 pm | [2026-07-07T12:28:41.313Z] [LOG] {
  "screen": "UserDashboard",
  "event": "SAVE_CASH_API_STARTED",
  "empNo": "279",
  "amount": "702037",
  "timestamp": "2026-07-07T12:28:41.313Z"
}
7/7/2026, 5:58:39 pm | [2026-07-07T12:28:41.590Z] [LOG] {
  "screen": "UserDashboard",
  "event": "SAVE_CASH_SUCCESS",
  "empNo": "279",
  "savedAmount": "702037",
  "savedAt": "2026-07-07T12:28:41.582Z",
  "formattedSaveTime": "5:58 pm",
  "isEditing": true,
  "timestamp": "2026-07-07T12:28:41.590Z"
}
7/7/2026, 5:58:40 pm | [2026-07-07T12:28:42.245Z] [LOG] {
  "screen": "LoginScreen",
  "event": "LOGIN_BUTTON_CLICKED",
  "timestamp": "2026-07-07T12:28:42.245Z"
}
7/7/2026, 5:58:40 pm | [2026-07-07T12:28:42.246Z] [LOG] {
  "screen": "LoginScreen",
  "event": "LOADING_STARTED",
  "timestamp": "2026-07-07T12:28:42.245Z"
}
7/7/2026, 5:58:40 pm | [2026-07-07T12:28:42.255Z] [LOG] {
  "screen": "LoginScreen",
  "event": "DEVICE_ID_FETCHED",
  "deviceId": "f90cb5af3276f2dc",
  "timestamp": "2026-07-07T12:28:42.255Z"
}
7/7/2026, 5:58:40 pm | [2026-07-07T12:28:42.256Z] [LOG] {
  "empNo": "",
  "deviceId": "f90cb5af3276f2dc"
}
7/7/2026, 5:58:40 pm | [2026-07-07T12:28:42.375Z] [LOG] {
  "screen": "LoginScreen",
  "event": "LOGIN_SUCCESS",
  "user": {
    "empNo": "194",
    "employeeName": "M. Pavan Kumar",
    "branchCode": "7",
    "branchName": "Repalle",
    "designation": "Branch Manager"
  },
  "timestamp": "2026-07-07T12:28:42.375Z"
}
7/7/2026, 5:58:40 pm | [2026-07-07T12:28:42.385Z] [LOG] {
  "screen": "LoginScreen",
  "event": "USER_DATA_SAVED",
  "timestamp": "2026-07-07T12:28:42.385Z"
}
7/7/2026, 5:58:40 pm | [2026-07-07T12:28:42.387Z] [LOG] {
  "event": "NAVIGATING_TO_USER"
}
7/7/2026, 5:58:40 pm | [2026-07-07T12:28:42.387Z] [LOG] {
  "screen": "LoginScreen",
  "event": "LOADING_COMPLETED",
  "timestamp": "2026-07-07T12:28:42.387Z"
}
7/7/2026, 5:58:40 pm | [2026-07-07T12:28:42.399Z] [LOG] {
  "screen": "UserDashboard",
  "event": "SCREEN_OPENED",
  "empNo": "UNKNOWN",
  "timestamp": "2026-07-07T12:28:42.399Z"
}
7/7/2026, 5:58:40 pm | [2026-07-07T12:28:42.403Z] [LOG] {
  "screen": "UserDashboard",
  "event": "LOGGED_USER_FETCHED",
  "hasUser": true,
  "empNo": "UNKNOWN",
  "timestamp": "2026-07-07T12:28:42.403Z"
}
7/7/2026, 5:58:40 pm | [2026-07-07T12:28:42.400Z] [LOG] {
  "screen": "UserDashboard",
  "event": "LOAD_EMPLOYEE_STARTED",
  "empNo": "UNKNOWN",
  "timestamp": "2026-07-07T12:28:42.400Z"
}
7/7/2026, 5:58:40 pm | [2026-07-07T12:28:42.404Z] [LOG] {
  "screen": "UserDashboard",
  "event": "EMPLOYEE_API_STARTED",
  "empNo": "194",
  "timestamp": "2026-07-07T12:28:42.404Z"
}
7/7/2026, 5:58:40 pm | [2026-07-07T12:28:42.256Z] [LOG] {
  "screen": "LoginScreen",
  "event": "LOGIN_API_STARTED",
  "deviceId": "f90cb5af3276f2dc",
  "timestamp": "2026-07-07T12:28:42.256Z"
}
7/7/2026, 5:58:40 pm | [2026-07-07T12:28:42.535Z] [LOG] {
  "screen": "UserDashboard",
  "event": "EMPLOYEE_DATA_LOADED",
  "empNo": "194",
  "branch": "Repalle",
  "designation": "Branch Manager",
  "timestamp": "2026-07-07T12:28:42.535Z"
}
7/7/2026, 5:58:40 pm | [2026-07-07T12:28:42.635Z] [LOG] {
  "screen": "UserDashboard",
  "event": "LAST_SUBMISSION_LOADED",
  "previousDayAmount": 1144376,
  "previousDaySubmittedAt": "2026-07-06 17:47:38",
  "formattedPreviousDayTime": "6/7/2026, 5:47 pm",
  "empNo": "",
  "timestamp": "2026-07-07T12:28:42.635Z"
}
7/7/2026, 5:58:40 pm | [2026-07-07T12:28:42.699Z] [LOG] {
  "screen": "UserDashboard",
  "event": "LOADING_COMPLETED",
  "empNo": "UNKNOWN",
  "timestamp": "2026-07-07T12:28:42.699Z"
}
7/7/2026, 5:58:57 pm | [2026-07-07T12:28:59.328Z] [LOG] {
  "screen": "UserDashboard",
  "event": "SAVE_BUTTON_CLICKED",
  "empNo": "194",
  "amount": "848601",
  "isEditing": false,
  "timestamp": "2026-07-07T12:28:59.328Z"
}
7/7/2026, 5:58:58 pm | [2026-07-07T12:29:00.294Z] [LOG] {
  "screen": "UserDashboard",
  "event": "SAVE_CASH_API_STARTED",
  "empNo": "194",
  "amount": "848601",
  "timestamp": "2026-07-07T12:29:00.293Z"
}
7/7/2026, 5:58:58 pm | [2026-07-07T12:29:00.589Z] [LOG] {
  "screen": "UserDashboard",
  "event": "SAVE_CASH_SUCCESS",
  "empNo": "194",
  "savedAmount": "848601",
  "savedAt": "2026-07-07T12:29:00.582Z",
  "formattedSaveTime": "5:59 pm",
  "isEditing": false,
  "timestamp": "2026-07-07T12:29:00.589Z"
}
7/7/2026, 5:59:06 pm | [2026-07-07T12:29:06.803Z] [LOG] {
  "screen": "WelcomeScreen",
  "event": "SCREEN_OPENED",
  "timestamp": "2026-07-07T12:29:06.802Z"
}
7/7/2026, 5:59:06 pm | [2026-07-07T12:29:06.714Z] [LOG] Running "CashClosingApp"
7/7/2026, 6:00:00 pm | [2026-07-07T12:30:00.951Z] [LOG] {
  "screen": "WelcomeScreen",
  "event": "LOGIN_BUTTON_CLICKED",
  "timestamp": "2026-07-07T12:30:00.951Z"
}
7/7/2026, 6:00:00 pm | [2026-07-07T12:30:00.993Z] [LOG] {
  "screen": "LoginScreen",
  "event": "SCREEN_OPENED",
  "timestamp": "2026-07-07T12:30:00.993Z"
}
7/7/2026, 6:00:02 pm | [2026-07-07T12:30:03.865Z] [LOG] {
  "screen": "LoginScreen",
  "event": "LOADING_STARTED",
  "timestamp": "2026-07-07T12:30:03.865Z"
}
7/7/2026, 6:00:02 pm | [2026-07-07T12:30:03.864Z] [LOG] {
  "screen": "LoginScreen",
  "event": "LOGIN_BUTTON_CLICKED",
  "timestamp": "2026-07-07T12:30:03.864Z"
}
7/7/2026, 6:00:02 pm | [2026-07-07T12:30:04.057Z] [LOG] {
  "screen": "LoginScreen",
  "event": "LOGIN_SUCCESS",
  "user": {
    "empNo": "732",
    "employeeName": "T V Harihara Reddy",
    "branchCode": "51",
    "branchName": "Machilipatnam",
    "designation": "Branch Manager"
  },
  "timestamp": "2026-07-07T12:30:04.057Z"
}
7/7/2026, 6:00:02 pm | [2026-07-07T12:30:04.073Z] [LOG] {
  "screen": "LoginScreen",
  "event": "USER_DATA_SAVED",
  "timestamp": "2026-07-07T12:30:04.073Z"
}
7/7/2026, 6:00:02 pm | [2026-07-07T12:30:03.879Z] [LOG] {
  "empNo": "",
  "deviceId": "59eb5065f5269964"
}
7/7/2026, 6:00:02 pm | [2026-07-07T12:30:03.878Z] [LOG] {
  "screen": "LoginScreen",
  "event": "DEVICE_ID_FETCHED",
  "deviceId": "59eb5065f5269964",
  "timestamp": "2026-07-07T12:30:03.877Z"
}
7/7/2026, 6:00:02 pm | [2026-07-07T12:30:03.880Z] [LOG] {
  "screen": "LoginScreen",
  "event": "LOGIN_API_STARTED",
  "deviceId": "59eb5065f5269964",
  "timestamp": "2026-07-07T12:30:03.880Z"
}
7/7/2026, 6:00:02 pm | [2026-07-07T12:30:04.075Z] [LOG] {
  "event": "NAVIGATING_TO_USER"
}
7/7/2026, 6:00:02 pm | [2026-07-07T12:30:04.077Z] [LOG] {
  "screen": "LoginScreen",
  "event": "LOADING_COMPLETED",
  "timestamp": "2026-07-07T12:30:04.077Z"
}
7/7/2026, 6:00:02 pm | [2026-07-07T12:30:04.099Z] [LOG] {
  "screen": "UserDashboard",
  "event": "SCREEN_OPENED",
  "empNo": "UNKNOWN",
  "timestamp": "2026-07-07T12:30:04.099Z"
}
7/7/2026, 6:00:02 pm | [2026-07-07T12:30:04.100Z] [LOG] {
  "screen": "UserDashboard",
  "event": "LOAD_EMPLOYEE_STARTED",
  "empNo": "UNKNOWN",
  "timestamp": "2026-07-07T12:30:04.100Z"
}
7/7/2026, 6:00:02 pm | [2026-07-07T12:30:04.104Z] [LOG] {
  "screen": "UserDashboard",
  "event": "LOGGED_USER_FETCHED",
  "hasUser": true,
  "empNo": "UNKNOWN",
  "timestamp": "2026-07-07T12:30:04.104Z"
}
7/7/2026, 6:00:02 pm | [2026-07-07T12:30:04.104Z] [LOG] {
  "screen": "UserDashboard",
  "event": "EMPLOYEE_API_STARTED",
  "empNo": "732",
  "timestamp": "2026-07-07T12:30:04.104Z"
}
7/7/2026, 6:00:03 pm | [2026-07-07T12:30:04.368Z] [LOG] {
  "screen": "UserDashboard",
  "event": "EMPLOYEE_DATA_LOADED",
  "empNo": "732",
  "branch": "Machilipatnam",
  "designation": "Branch Manager",
  "timestamp": "2026-07-07T12:30:04.368Z"
}
7/7/2026, 6:00:03 pm | [2026-07-07T12:30:04.618Z] [LOG] {
  "screen": "UserDashboard",
  "event": "LAST_SUBMISSION_LOADED",
  "previousDayAmount": 1493000,
  "previousDaySubmittedAt": "2026-07-06 18:14:03",
  "formattedPreviousDayTime": "6/7/2026, 6:14 pm",
  "empNo": "",
  "timestamp": "2026-07-07T12:30:04.618Z"
}
7/7/2026, 6:00:03 pm | [2026-07-07T12:30:04.769Z] [LOG] {
  "screen": "UserDashboard",
  "event": "LOADING_COMPLETED",
  "empNo": "UNKNOWN",
  "timestamp": "2026-07-07T12:30:04.769Z"
}
7/7/2026, 6:00:09 pm | [2026-07-07T12:30:10.674Z] [LOG] {
  "screen": "UserDashboard",
  "event": "SAVE_BUTTON_CLICKED",
  "empNo": "732",
  "amount": "925000",
  "isEditing": false,
  "timestamp": "2026-07-07T12:30:10.674Z"
}
7/7/2026, 6:00:10 pm | [2026-07-07T12:30:11.994Z] [LOG] {
  "screen": "UserDashboard",
  "event": "SAVE_CASH_SUCCESS",
  "empNo": "732",
  "savedAmount": "925000",
  "savedAt": "2026-07-07T12:30:11.987Z",
  "formattedSaveTime": "6:00 pm",
  "isEditing": false,
  "timestamp": "2026-07-07T12:30:11.994Z"
}
7/7/2026, 6:00:12 pm | [2026-07-07T12:30:13.832Z] [LOG] {
  "screen": "UserDashboard",
  "event": "SAVE_BUTTON_CLICKED",
  "empNo": "732",
  "amount": "925000",
  "isEditing": true,
  "timestamp": "2026-07-07T12:30:13.832Z"
}
7/7/2026, 6:00:13 pm | [2026-07-07T12:30:14.711Z] [LOG] {
  "screen": "UserDashboard",
  "event": "SAVE_CASH_SUCCESS",
  "empNo": "732",
  "savedAmount": "925000",
  "savedAt": "2026-07-07T12:30:14.704Z",
  "formattedSaveTime": "6:00 pm",
  "isEditing": true,
  "timestamp": "2026-07-07T12:30:14.711Z"
}
7/7/2026, 6:00:13 pm | [2026-07-07T12:30:14.548Z] [LOG] {
  "screen": "UserDashboard",
  "event": "SAVE_CASH_API_STARTED",
  "empNo": "732",
  "amount": "925000",
  "timestamp": "2026-07-07T12:30:14.548Z"
}
7/7/2026, 6:00:22 pm | [2026-07-07T12:30:23.185Z] [LOG] {
  "screen": "UserDashboard",
  "event": "SAVE_BUTTON_CLICKED",
  "empNo": "471",
  "amount": "2485000",
  "isEditing": false,
  "timestamp": "2026-07-07T12:30:23.185Z"
}
7/7/2026, 6:00:23 pm | [2026-07-07T12:30:24.560Z] [LOG] {
  "screen": "UserDashboard",
  "event": "SAVE_CASH_API_STARTED",
  "empNo": "471",
  "amount": "2485000",
  "timestamp": "2026-07-07T12:30:24.560Z"
}
7/7/2026, 6:00:23 pm | [2026-07-07T12:30:24.855Z] [LOG] {
  "screen": "UserDashboard",
  "event": "SAVE_CASH_SUCCESS",
  "empNo": "471",
  "savedAmount": "2485000",
  "savedAt": "2026-07-07T12:30:24.848Z",
  "formattedSaveTime": "6:00 pm",
  "isEditing": false,
  "timestamp": "2026-07-07T12:30:24.855Z"
}
7/7/2026, 6:00:35 pm | [2026-07-07T12:30:37.021Z] [LOG] Running "CashClosingApp"
7/7/2026, 6:00:35 pm | [2026-07-07T12:30:37.159Z] [LOG] {
  "screen": "WelcomeScreen",
  "event": "SCREEN_OPENED",
  "timestamp": "2026-07-07T12:30:37.159Z"
}
7/7/2026, 6:00:36 pm | [2026-07-07T12:30:38.120Z] [LOG] {
  "screen": "WelcomeScreen",
  "event": "LOGIN_BUTTON_CLICKED",
  "timestamp": "2026-07-07T12:30:38.120Z"
}
7/7/2026, 6:00:36 pm | [2026-07-07T12:30:38.147Z] [LOG] {
  "screen": "LoginScreen",
  "event": "SCREEN_OPENED",
  "timestamp": "2026-07-07T12:30:38.147Z"
}
7/7/2026, 6:00:42 pm | [2026-07-07T12:30:43.788Z] [LOG] {
  "screen": "LoginScreen",
  "event": "LOGIN_BUTTON_CLICKED",
  "timestamp": "2026-07-07T12:30:43.788Z"
}
7/7/2026, 6:00:42 pm | [2026-07-07T12:30:43.789Z] [LOG] {
  "screen": "LoginScreen",
  "event": "LOADING_STARTED",
  "timestamp": "2026-07-07T12:30:43.789Z"
}
7/7/2026, 6:00:42 pm | [2026-07-07T12:30:43.935Z] [LOG] {
  "screen": "LoginScreen",
  "event": "LOGIN_SUCCESS",
  "user": {
    "empNo": "546",
    "employeeName": "V Narayana Rao",
    "branchCode": "42",
    "branchName": "Ramachandrapuram",
    "designation": "Branch Manager"
  },
  "timestamp": "2026-07-07T12:30:43.935Z"
}
7/7/2026, 6:00:42 pm | [2026-07-07T12:30:43.954Z] [LOG] {
  "screen": "LoginScreen",
  "event": "USER_DATA_SAVED",
  "timestamp": "2026-07-07T12:30:43.954Z"
}
7/7/2026, 6:00:42 pm | [2026-07-07T12:30:43.800Z] [LOG] {
  "screen": "LoginScreen",
  "event": "LOGIN_API_STARTED",
  "deviceId": "7d02586137723bb4",
  "timestamp": "2026-07-07T12:30:43.800Z"
}
7/7/2026, 6:00:42 pm | [2026-07-07T12:30:43.799Z] [LOG] {
  "empNo": "",
  "deviceId": "7d02586137723bb4"
}
7/7/2026, 6:00:42 pm | [2026-07-07T12:30:43.956Z] [LOG] {
  "event": "NAVIGATING_TO_USER"
}
7/7/2026, 6:00:42 pm | [2026-07-07T12:30:43.957Z] [LOG] {
  "screen": "LoginScreen",
  "event": "LOADING_COMPLETED",
  "timestamp": "2026-07-07T12:30:43.957Z"
}
7/7/2026, 6:00:42 pm | [2026-07-07T12:30:43.799Z] [LOG] {
  "screen": "LoginScreen",
  "event": "DEVICE_ID_FETCHED",
  "deviceId": "7d02586137723bb4",
  "timestamp": "2026-07-07T12:30:43.799Z"
}
7/7/2026, 6:00:42 pm | [2026-07-07T12:30:43.965Z] [LOG] {
  "screen": "UserDashboard",
  "event": "SCREEN_OPENED",
  "empNo": "UNKNOWN",
  "timestamp": "2026-07-07T12:30:43.965Z"
}
7/7/2026, 6:00:42 pm | [2026-07-07T12:30:43.966Z] [LOG] {
  "screen": "UserDashboard",
  "event": "LOAD_EMPLOYEE_STARTED",
  "empNo": "UNKNOWN",
  "timestamp": "2026-07-07T12:30:43.966Z"
}
7/7/2026, 6:00:42 pm | [2026-07-07T12:30:43.973Z] [LOG] {
  "screen": "UserDashboard",
  "event": "LOGGED_USER_FETCHED",
  "hasUser": true,
  "empNo": "UNKNOWN",
  "timestamp": "2026-07-07T12:30:43.973Z"
}
7/7/2026, 6:00:42 pm | [2026-07-07T12:30:43.974Z] [LOG] {
  "screen": "UserDashboard",
  "event": "EMPLOYEE_API_STARTED",
  "empNo": "546",
  "timestamp": "2026-07-07T12:30:43.973Z"
}
7/7/2026, 6:00:42 pm | [2026-07-07T12:30:44.151Z] [LOG] {
  "screen": "UserDashboard",
  "event": "EMPLOYEE_DATA_LOADED",
  "empNo": "546",
  "branch": "Ramachandrapuram",
  "designation": "Branch Manager",
  "timestamp": "2026-07-07T12:30:44.151Z"
}
7/7/2026, 6:00:42 pm | [2026-07-07T12:30:44.262Z] [LOG] {
  "screen": "UserDashboard",
  "event": "LAST_SUBMISSION_LOADED",
  "previousDayAmount": 462865,
  "previousDaySubmittedAt": "2026-07-04 17:53:12",
  "formattedPreviousDayTime": "4/7/2026, 5:53 pm",
  "empNo": "",
  "timestamp": "2026-07-07T12:30:44.262Z"
}
7/7/2026, 6:00:42 pm | [2026-07-07T12:30:44.326Z] [LOG] {
  "screen": "UserDashboard",
  "event": "LOADING_COMPLETED",
  "empNo": "UNKNOWN",
  "timestamp": "2026-07-07T12:30:44.326Z"
}
7/7/2026, 6:00:50 pm | [2026-07-07T12:30:51.138Z] [LOG] Running "CashClosingApp"
7/7/2026, 6:00:50 pm | [2026-07-07T12:30:51.448Z] [LOG] {
  "screen": "WelcomeScreen",
  "event": "SCREEN_OPENED",
  "timestamp": "2026-07-07T12:30:51.448Z"
}
7/7/2026, 6:00:52 pm | [2026-07-07T12:30:52.900Z] [LOG] {
  "screen": "WelcomeScreen",
  "event": "LOGIN_BUTTON_CLICKED",
  "timestamp": "2026-07-07T12:30:52.900Z"
}
7/7/2026, 6:00:52 pm | [2026-07-07T12:30:52.954Z] [LOG] {
  "screen": "LoginScreen",
  "event": "SCREEN_OPENED",
  "timestamp": "2026-07-07T12:30:52.954Z"
}
7/7/2026, 6:00:55 pm | [2026-07-07T12:30:56.385Z] [LOG] {
  "screen": "LoginScreen",
  "event": "LOGIN_BUTTON_CLICKED",
  "timestamp": "2026-07-07T12:30:56.385Z"
}
7/7/2026, 6:00:55 pm | [2026-07-07T12:30:56.386Z] [LOG] {
  "screen": "LoginScreen",
  "event": "LOADING_STARTED",
  "timestamp": "2026-07-07T12:30:56.386Z"
}
7/7/2026, 6:00:55 pm | [2026-07-07T12:30:56.479Z] [LOG] {
  "screen": "LoginScreen",
  "event": "LOGIN_SUCCESS",
  "user": {
    "empNo": "458",
    "employeeName": "V Murali Mohan",
    "branchCode": "23",
    "branchName": "Nizampatnam",
    "designation": "Branch Manager"
  },
  "timestamp": "2026-07-07T12:30:56.479Z"
}
7/7/2026, 6:00:55 pm | [2026-07-07T12:30:56.492Z] [LOG] {
  "screen": "LoginScreen",
  "event": "USER_DATA_SAVED",
  "timestamp": "2026-07-07T12:30:56.492Z"
}
7/7/2026, 6:00:55 pm | [2026-07-07T12:30:56.494Z] [LOG] {
  "event": "NAVIGATING_TO_USER"
}
7/7/2026, 6:00:55 pm | [2026-07-07T12:30:56.396Z] [LOG] {
  "screen": "LoginScreen",
  "event": "LOGIN_API_STARTED",
  "deviceId": "8440bf7c24e32ebc",
  "timestamp": "2026-07-07T12:30:56.396Z"
}
7/7/2026, 6:00:55 pm | [2026-07-07T12:30:56.495Z] [LOG] {
  "screen": "LoginScreen",
  "event": "LOADING_COMPLETED",
  "timestamp": "2026-07-07T12:30:56.495Z"
}
7/7/2026, 6:00:55 pm | [2026-07-07T12:30:56.395Z] [LOG] {
  "screen": "LoginScreen",
  "event": "DEVICE_ID_FETCHED",
  "deviceId": "8440bf7c24e32ebc",
  "timestamp": "2026-07-07T12:30:56.395Z"
}
7/7/2026, 6:00:55 pm | [2026-07-07T12:30:56.519Z] [LOG] {
  "screen": "UserDashboard",
  "event": "SCREEN_OPENED",
  "empNo": "UNKNOWN",
  "timestamp": "2026-07-07T12:30:56.519Z"
}
7/7/2026, 6:00:55 pm | [2026-07-07T12:30:56.523Z] [LOG] {
  "screen": "UserDashboard",
  "event": "LOAD_EMPLOYEE_STARTED",
  "empNo": "UNKNOWN",
  "timestamp": "2026-07-07T12:30:56.523Z"
}
7/7/2026, 6:00:55 pm | [2026-07-07T12:30:56.529Z] [LOG] {
  "screen": "UserDashboard",
  "event": "LOGGED_USER_FETCHED",
  "hasUser": true,
  "empNo": "UNKNOWN",
  "timestamp": "2026-07-07T12:30:56.529Z"
}
7/7/2026, 6:00:55 pm | [2026-07-07T12:30:56.530Z] [LOG] {
  "screen": "UserDashboard",
  "event": "EMPLOYEE_API_STARTED",
  "empNo": "458",
  "timestamp": "2026-07-07T12:30:56.530Z"
}
7/7/2026, 6:00:56 pm | [2026-07-07T12:30:56.659Z] [LOG] {
  "screen": "UserDashboard",
  "event": "EMPLOYEE_DATA_LOADED",
  "empNo": "458",
  "branch": "Nizampatnam",
  "designation": "Branch Manager",
  "timestamp": "2026-07-07T12:30:56.659Z"
}
7/7/2026, 6:00:56 pm | [2026-07-07T12:30:56.762Z] [LOG] {
  "screen": "UserDashboard",
  "event": "LAST_SUBMISSION_LOADED",
  "previousDayAmount": 868000,
  "previousDaySubmittedAt": "2026-07-06 17:52:26",
  "formattedPreviousDayTime": "6/7/2026, 5:52 pm",
  "empNo": "",
  "timestamp": "2026-07-07T12:30:56.762Z"
}
7/7/2026, 6:00:56 pm | [2026-07-07T12:30:56.826Z] [LOG] {
  "screen": "UserDashboard",
  "event": "TODAY_CASH_LOADED",
  "todayAmount": 561000,
  "todayModifiedAt": "2026-07-07 17:45:14",
  "formattedTodayTime": "5:45 pm",
  "empNo": "",
  "timestamp": "2026-07-07T12:30:56.826Z"
}
7/7/2026, 6:00:56 pm | [2026-07-07T12:30:56.827Z] [LOG] {
  "screen": "UserDashboard",
  "event": "LOADING_COMPLETED",
  "empNo": "UNKNOWN",
  "timestamp": "2026-07-07T12:30:56.827Z"
}
7/7/2026, 6:00:58 pm | [2026-07-07T12:30:56.396Z] [LOG] {
  "empNo": "",
  "deviceId": "8440bf7c24e32ebc"
}
7/7/2026, 6:01:12 pm | [2026-07-07T12:31:12.620Z] [LOG] {
  "screen": "UserDashboard",
  "event": "SAVE_BUTTON_CLICKED",
  "empNo": "458",
  "amount": "700000",
  "isEditing": true,
  "timestamp": "2026-07-07T12:31:12.620Z"
}
7/7/2026, 6:01:13 pm | [2026-07-07T12:31:13.753Z] [LOG] {
  "screen": "UserDashboard",
  "event": "SAVE_CASH_SUCCESS",
  "empNo": "458",
  "savedAmount": "700000",
  "savedAt": "2026-07-07T12:31:13.738Z",
  "formattedSaveTime": "6:01 pm",
  "isEditing": true,
  "timestamp": "2026-07-07T12:31:13.753Z"
}
7/7/2026, 6:01:13 pm | [2026-07-07T12:31:13.646Z] [LOG] {
  "screen": "UserDashboard",
  "event": "SAVE_CASH_API_STARTED",
  "empNo": "458",
  "amount": "700000",
  "timestamp": "2026-07-07T12:31:13.646Z"
}
7/7/2026, 6:01:14 pm | [2026-07-07T12:31:15.575Z] [LOG] {
  "screen": "UserDashboard",
  "event": "SAVE_BUTTON_CLICKED",
  "empNo": "458",
  "amount": "700000",
  "isEditing": true,
  "timestamp": "2026-07-07T12:31:15.574Z"
}
7/7/2026, 6:01:16 pm | [2026-07-07T12:31:16.647Z] [LOG] {
  "screen": "UserDashboard",
  "event": "SAVE_CASH_API_STARTED",
  "empNo": "458",
  "amount": "700000",
  "timestamp": "2026-07-07T12:31:16.647Z"
}
7/7/2026, 6:01:16 pm | [2026-07-07T12:31:16.729Z] [LOG] {
  "screen": "UserDashboard",
  "event": "SAVE_CASH_SUCCESS",
  "empNo": "458",
  "savedAmount": "700000",
  "savedAt": "2026-07-07T12:31:16.724Z",
  "formattedSaveTime": "6:01 pm",
  "isEditing": true,
  "timestamp": "2026-07-07T12:31:16.729Z"
}
7/7/2026, 6:01:54 pm | [2026-07-07T12:31:55.691Z] [LOG] {
  "screen": "LoginScreen",
  "event": "SCREEN_OPENED",
  "timestamp": "2026-07-07T12:31:55.691Z"
}
7/7/2026, 6:01:54 pm | [2026-07-07T12:31:55.653Z] [LOG] {
  "screen": "WelcomeScreen",
  "event": "LOGIN_BUTTON_CLICKED",
  "timestamp": "2026-07-07T12:31:55.653Z"
}
7/7/2026, 6:02:01 pm | [2026-07-07T12:32:03.398Z] [LOG] {
  "screen": "LoginScreen",
  "event": "DEVICE_ID_FETCHED",
  "deviceId": "b56ab923474b0709",
  "timestamp": "2026-07-07T12:32:03.398Z"
}
7/7/2026, 6:02:01 pm | [2026-07-07T12:32:03.386Z] [LOG] {
  "screen": "LoginScreen",
  "event": "LOGIN_BUTTON_CLICKED",
  "timestamp": "2026-07-07T12:32:03.386Z"
}
7/7/2026, 6:02:01 pm | [2026-07-07T12:32:03.399Z] [LOG] {
  "empNo": "",
  "deviceId": "b56ab923474b0709"
}
7/7/2026, 6:02:01 pm | [2026-07-07T12:32:03.387Z] [LOG] {
  "screen": "LoginScreen",
  "event": "LOADING_STARTED",
  "timestamp": "2026-07-07T12:32:03.387Z"
}
7/7/2026, 6:02:01 pm | [2026-07-07T12:32:03.400Z] [LOG] {
  "screen": "LoginScreen",
  "event": "LOGIN_API_STARTED",
  "deviceId": "b56ab923474b0709",
  "timestamp": "2026-07-07T12:32:03.399Z"
}
7/7/2026, 6:02:02 pm | [2026-07-07T12:32:03.795Z] [LOG] {
  "screen": "LoginScreen",
  "event": "LOGIN_SUCCESS",
  "user": {
    "empNo": "599",
    "employeeName": "K Avinash",
    "branchCode": "15",
    "branchName": "Bhimavaram",
    "designation": "Branch Manager"
  },
  "timestamp": "2026-07-07T12:32:03.795Z"
}
7/7/2026, 6:02:02 pm | [2026-07-07T12:32:03.812Z] [LOG] {
  "screen": "LoginScreen",
  "event": "USER_DATA_SAVED",
  "timestamp": "2026-07-07T12:32:03.812Z"
}
7/7/2026, 6:02:02 pm | [2026-07-07T12:32:03.814Z] [LOG] {
  "event": "NAVIGATING_TO_USER"
}
7/7/2026, 6:02:02 pm | [2026-07-07T12:32:03.815Z] [LOG] {
  "screen": "LoginScreen",
  "event": "LOADING_COMPLETED",
  "timestamp": "2026-07-07T12:32:03.815Z"
}
7/7/2026, 6:02:02 pm | [2026-07-07T12:32:03.840Z] [LOG] {
  "screen": "UserDashboard",
  "event": "SCREEN_OPENED",
  "empNo": "UNKNOWN",
  "timestamp": "2026-07-07T12:32:03.840Z"
}
7/7/2026, 6:02:02 pm | [2026-07-07T12:32:03.841Z] [LOG] {
  "screen": "UserDashboard",
  "event": "LOAD_EMPLOYEE_STARTED",
  "empNo": "UNKNOWN",
  "timestamp": "2026-07-07T12:32:03.841Z"
}
7/7/2026, 6:02:02 pm | [2026-07-07T12:32:03.847Z] [LOG] {
  "screen": "UserDashboard",
  "event": "EMPLOYEE_API_STARTED",
  "empNo": "599",
  "timestamp": "2026-07-07T12:32:03.846Z"
}
7/7/2026, 6:02:02 pm | [2026-07-07T12:32:03.846Z] [LOG] {
  "screen": "UserDashboard",
  "event": "LOGGED_USER_FETCHED",
  "hasUser": true,
  "empNo": "UNKNOWN",
  "timestamp": "2026-07-07T12:32:03.846Z"
}
7/7/2026, 6:02:02 pm | [2026-07-07T12:32:04.117Z] [LOG] {
  "screen": "UserDashboard",
  "event": "EMPLOYEE_DATA_LOADED",
  "empNo": "599",
  "branch": "Bhimavaram",
  "designation": "Branch Manager",
  "timestamp": "2026-07-07T12:32:04.117Z"
}
7/7/2026, 6:02:02 pm | [2026-07-07T12:32:04.298Z] [LOG] {
  "screen": "UserDashboard",
  "event": "LAST_SUBMISSION_LOADED",
  "previousDayAmount": 340000,
  "previousDaySubmittedAt": "2026-07-06 18:00:16",
  "formattedPreviousDayTime": "6/7/2026, 6:00 pm",
  "empNo": "",
  "timestamp": "2026-07-07T12:32:04.298Z"
}
7/7/2026, 6:02:03 pm | [2026-07-07T12:32:04.410Z] [LOG] {
  "screen": "UserDashboard",
  "event": "LOADING_COMPLETED",
  "empNo": "UNKNOWN",
  "timestamp": "2026-07-07T12:32:04.410Z"
}
7/7/2026, 6:02:08 pm | [2026-07-07T12:32:10.451Z] [LOG] {
  "screen": "UserDashboard",
  "event": "SAVE_BUTTON_CLICKED",
  "empNo": "599",
  "amount": "650000",
  "isEditing": false,
  "timestamp": "2026-07-07T12:32:10.451Z"
}
7/7/2026, 6:02:09 pm | [2026-07-07T12:32:11.408Z] [LOG] {
  "screen": "UserDashboard",
  "event": "SAVE_CASH_API_STARTED",
  "empNo": "599",
  "amount": "650000",
  "timestamp": "2026-07-07T12:32:11.408Z"
}
7/7/2026, 6:02:10 pm | [2026-07-07T12:32:11.854Z] [LOG] {
  "screen": "UserDashboard",
  "event": "SAVE_CASH_SUCCESS",
  "empNo": "599",
  "savedAmount": "650000",
  "savedAt": "2026-07-07T12:32:11.846Z",
  "formattedSaveTime": "6:02 pm",
  "isEditing": false,
  "timestamp": "2026-07-07T12:32:11.854Z"
}
7/7/2026, 6:02:22 pm | [2026-07-07T12:32:22.941Z] [LOG] {
  "screen": "WelcomeScreen",
  "event": "SCREEN_OPENED",
  "timestamp": "2026-07-07T12:32:22.941Z"
}
7/7/2026, 6:02:22 pm | [2026-07-07T12:32:22.760Z] [LOG] Running "CashClosingApp"
7/7/2026, 6:02:23 pm | [2026-07-07T12:32:23.734Z] [LOG] {
  "screen": "WelcomeScreen",
  "event": "LOGIN_BUTTON_CLICKED",
  "timestamp": "2026-07-07T12:32:23.734Z"
}
7/7/2026, 6:02:24 pm | [2026-07-07T12:32:23.759Z] [LOG] {
  "screen": "LoginScreen",
  "event": "SCREEN_OPENED",
  "timestamp": "2026-07-07T12:32:23.759Z"
}
7/7/2026, 6:02:25 pm | [2026-07-07T12:32:26.806Z] [LOG] {
  "screen": "LoginScreen",
  "event": "LOGIN_BUTTON_CLICKED",
  "timestamp": "2026-07-07T12:32:26.806Z"
}
7/7/2026, 6:02:25 pm | [2026-07-07T12:32:26.806Z] [LOG] {
  "screen": "LoginScreen",
  "event": "LOADING_STARTED",
  "timestamp": "2026-07-07T12:32:26.806Z"
}
7/7/2026, 6:02:25 pm | [2026-07-07T12:32:26.812Z] [LOG] {
  "screen": "LoginScreen",
  "event": "DEVICE_ID_FETCHED",
  "deviceId": "4405d0fdd72975ca",
  "timestamp": "2026-07-07T12:32:26.812Z"
}
7/7/2026, 6:02:25 pm | [2026-07-07T12:32:26.812Z] [LOG] {
  "empNo": "",
  "deviceId": "4405d0fdd72975ca"
}
7/7/2026, 6:02:25 pm | [2026-07-07T12:32:27.174Z] [LOG] {
  "screen": "LoginScreen",
  "event": "LOGIN_SUCCESS",
  "user": {
    "empNo": "282",
    "employeeName": "S. Yesu Babu",
    "branchCode": "5",
    "branchName": "Jangareddygudem",
    "designation": "Branch Manager"
  },
  "timestamp": "2026-07-07T12:32:27.174Z"
}
7/7/2026, 6:02:26 pm | [2026-07-07T12:32:27.188Z] [LOG] {
  "screen": "LoginScreen",
  "event": "USER_DATA_SAVED",
  "timestamp": "2026-07-07T12:32:27.188Z"
}
7/7/2026, 6:02:26 pm | [2026-07-07T12:32:27.194Z] [LOG] {
  "event": "NAVIGATING_TO_USER"
}
7/7/2026, 6:02:26 pm | [2026-07-07T12:32:27.210Z] [LOG] {
  "screen": "UserDashboard",
  "event": "LOGGED_USER_FETCHED",
  "hasUser": true,
  "empNo": "UNKNOWN",
  "timestamp": "2026-07-07T12:32:27.210Z"
}
7/7/2026, 6:02:26 pm | [2026-07-07T12:32:27.207Z] [LOG] {
  "screen": "UserDashboard",
  "event": "LOAD_EMPLOYEE_STARTED",
  "empNo": "UNKNOWN",
  "timestamp": "2026-07-07T12:32:27.207Z"
}
7/7/2026, 6:02:26 pm | [2026-07-07T12:32:27.207Z] [LOG] {
  "screen": "UserDashboard",
  "event": "SCREEN_OPENED",
  "empNo": "UNKNOWN",
  "timestamp": "2026-07-07T12:32:27.207Z"
}
7/7/2026, 6:02:26 pm | [2026-07-07T12:32:26.813Z] [LOG] {
  "screen": "LoginScreen",
  "event": "LOGIN_API_STARTED",
  "deviceId": "4405d0fdd72975ca",
  "timestamp": "2026-07-07T12:32:26.813Z"
}
7/7/2026, 6:02:26 pm | [2026-07-07T12:32:27.211Z] [LOG] {
  "screen": "UserDashboard",
  "event": "EMPLOYEE_API_STARTED",
  "empNo": "282",
  "timestamp": "2026-07-07T12:32:27.211Z"
}
7/7/2026, 6:02:26 pm | [2026-07-07T12:32:28.252Z] [LOG] {
  "screen": "UserDashboard",
  "event": "EMPLOYEE_DATA_LOADED",
  "empNo": "282",
  "branch": "Jangareddygudem",
  "designation": "Branch Manager",
  "timestamp": "2026-07-07T12:32:28.252Z"
}
7/7/2026, 6:02:27 pm | [2026-07-07T12:32:27.195Z] [LOG] {
  "screen": "LoginScreen",
  "event": "LOADING_COMPLETED",
  "timestamp": "2026-07-07T12:32:27.195Z"
}
7/7/2026, 6:02:27 pm | [2026-07-07T12:32:28.507Z] [LOG] {
  "screen": "UserDashboard",
  "event": "LAST_SUBMISSION_LOADED",
  "previousDayAmount": 4700000,
  "previousDaySubmittedAt": "2026-07-04 17:47:44",
  "formattedPreviousDayTime": "4/7/2026, 5:47 pm",
  "empNo": "",
  "timestamp": "2026-07-07T12:32:28.507Z"
}
7/7/2026, 6:02:27 pm | [2026-07-07T12:32:28.600Z] [LOG] {
  "screen": "UserDashboard",
  "event": "LOADING_COMPLETED",
  "empNo": "UNKNOWN",
  "timestamp": "2026-07-07T12:32:28.600Z"
}
7/7/2026, 6:02:32 pm | [2026-07-07T12:32:34.033Z] [LOG] Running "CashClosingApp"
7/7/2026, 6:02:32 pm | [2026-07-07T12:32:34.102Z] [LOG] {
  "screen": "WelcomeScreen",
  "event": "SCREEN_OPENED",
  "timestamp": "2026-07-07T12:32:34.102Z"
}
7/7/2026, 6:02:33 pm | [2026-07-07T12:32:34.736Z] [LOG] {
  "screen": "WelcomeScreen",
  "event": "LOGIN_BUTTON_CLICKED",
  "timestamp": "2026-07-07T12:32:34.736Z"
}
7/7/2026, 6:02:33 pm | [2026-07-07T12:32:34.763Z] [LOG] {
  "screen": "LoginScreen",
  "event": "SCREEN_OPENED",
  "timestamp": "2026-07-07T12:32:34.762Z"
}
7/7/2026, 6:02:34 pm | [2026-07-07T12:32:35.413Z] [LOG] {
  "screen": "UserDashboard",
  "event": "SAVE_BUTTON_CLICKED",
  "empNo": "282",
  "amount": "4000000",
  "isEditing": false,
  "timestamp": "2026-07-07T12:32:35.413Z"
}
7/7/2026, 6:02:35 pm | [2026-07-07T12:32:36.303Z] [LOG] {
  "screen": "UserDashboard",
  "event": "SAVE_CASH_API_STARTED",
  "empNo": "282",
  "amount": "4000000",
  "timestamp": "2026-07-07T12:32:36.303Z"
}
7/7/2026, 6:02:35 pm | [2026-07-07T12:32:36.629Z] [LOG] {
  "screen": "UserDashboard",
  "event": "SAVE_CASH_SUCCESS",
  "empNo": "282",
  "savedAmount": "4000000",
  "savedAt": "2026-07-07T12:32:36.619Z",
  "formattedSaveTime": "6:02 pm",
  "isEditing": false,
  "timestamp": "2026-07-07T12:32:36.629Z"
}
7/7/2026, 6:02:36 pm | [2026-07-07T12:32:37.751Z] [LOG] {
  "screen": "LoginScreen",
  "event": "LOADING_STARTED",
  "timestamp": "2026-07-07T12:32:37.751Z"
}
7/7/2026, 6:02:36 pm | [2026-07-07T12:32:37.749Z] [LOG] {
  "screen": "LoginScreen",
  "event": "LOGIN_BUTTON_CLICKED",
  "timestamp": "2026-07-07T12:32:37.749Z"
}
7/7/2026, 6:02:36 pm | [2026-07-07T12:32:37.848Z] [LOG] {
  "screen": "LoginScreen",
  "event": "LOGIN_SUCCESS",
  "user": {
    "empNo": "339",
    "employeeName": "D. Surendra Kumar",
    "branchCode": "8",
    "branchName": "Tanuku",
    "designation": "Branch Manager"
  },
  "timestamp": "2026-07-07T12:32:37.848Z"
}
7/7/2026, 6:02:36 pm | [2026-07-07T12:32:37.858Z] [LOG] {
  "screen": "LoginScreen",
  "event": "USER_DATA_SAVED",
  "timestamp": "2026-07-07T12:32:37.858Z"
}
7/7/2026, 6:02:36 pm | [2026-07-07T12:32:37.858Z] [LOG] {
  "event": "NAVIGATING_TO_USER"
}
7/7/2026, 6:02:36 pm | [2026-07-07T12:32:37.859Z] [LOG] {
  "screen": "LoginScreen",
  "event": "LOADING_COMPLETED",
  "timestamp": "2026-07-07T12:32:37.859Z"
}
7/7/2026, 6:02:36 pm | [2026-07-07T12:32:37.775Z] [LOG] {
  "empNo": "",
  "deviceId": "84fb22925116cbf6"
}
7/7/2026, 6:02:36 pm | [2026-07-07T12:32:37.774Z] [LOG] {
  "screen": "LoginScreen",
  "event": "DEVICE_ID_FETCHED",
  "deviceId": "84fb22925116cbf6",
  "timestamp": "2026-07-07T12:32:37.773Z"
}
7/7/2026, 6:02:36 pm | [2026-07-07T12:32:37.865Z] [LOG] {
  "screen": "UserDashboard",
  "event": "SCREEN_OPENED",
  "empNo": "UNKNOWN",
  "timestamp": "2026-07-07T12:32:37.865Z"
}
7/7/2026, 6:02:36 pm | [2026-07-07T12:32:37.776Z] [LOG] {
  "screen": "LoginScreen",
  "event": "LOGIN_API_STARTED",
  "deviceId": "84fb22925116cbf6",
  "timestamp": "2026-07-07T12:32:37.775Z"
}
7/7/2026, 6:02:36 pm | [2026-07-07T12:32:37.865Z] [LOG] {
  "screen": "UserDashboard",
  "event": "LOAD_EMPLOYEE_STARTED",
  "empNo": "UNKNOWN",
  "timestamp": "2026-07-07T12:32:37.865Z"
}
7/7/2026, 6:02:36 pm | [2026-07-07T12:32:37.868Z] [LOG] {
  "screen": "UserDashboard",
  "event": "EMPLOYEE_API_STARTED",
  "empNo": "339",
  "timestamp": "2026-07-07T12:32:37.868Z"
}
7/7/2026, 6:02:36 pm | [2026-07-07T12:32:37.867Z] [LOG] {
  "screen": "UserDashboard",
  "event": "LOGGED_USER_FETCHED",
  "hasUser": true,
  "empNo": "UNKNOWN",
  "timestamp": "2026-07-07T12:32:37.867Z"
}
7/7/2026, 6:02:36 pm | [2026-07-07T12:32:37.995Z] [LOG] {
  "screen": "UserDashboard",
  "event": "EMPLOYEE_DATA_LOADED",
  "empNo": "339",
  "branch": "Tanuku",
  "designation": "Branch Manager",
  "timestamp": "2026-07-07T12:32:37.995Z"
}
7/7/2026, 6:02:36 pm | [2026-07-07T12:32:38.107Z] [LOG] {
  "screen": "UserDashboard",
  "event": "LAST_SUBMISSION_LOADED",
  "previousDayAmount": 1200000,
  "previousDaySubmittedAt": "2026-07-06 17:59:54",
  "formattedPreviousDayTime": "6/7/2026, 5:59 pm",
  "empNo": "",
  "timestamp": "2026-07-07T12:32:38.107Z"
}
7/7/2026, 6:02:36 pm | [2026-07-07T12:32:38.168Z] [LOG] {
  "screen": "UserDashboard",
  "event": "LOADING_COMPLETED",
  "empNo": "UNKNOWN",
  "timestamp": "2026-07-07T12:32:38.168Z"
}
7/7/2026, 6:02:36 pm | [2026-07-07T12:32:38.102Z] [LOG] {
  "screen": "UserDashboard",
  "event": "SAVE_BUTTON_CLICKED",
  "empNo": "282",
  "amount": "4000000",
  "isEditing": true,
  "timestamp": "2026-07-07T12:32:38.102Z"
}
7/7/2026, 6:02:38 pm | [2026-07-07T12:32:39.375Z] [LOG] {
  "screen": "WelcomeScreen",
  "event": "SCREEN_OPENED",
  "timestamp": "2026-07-07T12:32:39.375Z"
}
7/7/2026, 6:02:38 pm | [2026-07-07T12:32:39.126Z] [LOG] Running "CashClosingApp"
7/7/2026, 6:02:39 pm | [2026-07-07T12:32:40.358Z] [LOG] {
  "screen": "WelcomeScreen",
  "event": "LOGIN_BUTTON_CLICKED",
  "timestamp": "2026-07-07T12:32:40.358Z"
}
7/7/2026, 6:02:39 pm | [2026-07-07T12:32:40.444Z] [LOG] {
  "screen": "LoginScreen",
  "event": "SCREEN_OPENED",
  "timestamp": "2026-07-07T12:32:40.444Z"
}
7/7/2026, 6:02:39 pm | [2026-07-07T12:32:40.604Z] [LOG] {
  "screen": "UserDashboard",
  "event": "SAVE_CASH_API_STARTED",
  "empNo": "282",
  "amount": "4000000",
  "timestamp": "2026-07-07T12:32:40.604Z"
}
7/7/2026, 6:02:39 pm | [2026-07-07T12:32:40.729Z] [LOG] {
  "screen": "UserDashboard",
  "event": "SAVE_CASH_SUCCESS",
  "empNo": "282",
  "savedAmount": "4000000",
  "savedAt": "2026-07-07T12:32:40.724Z",
  "formattedSaveTime": "6:02 pm",
  "isEditing": true,
  "timestamp": "2026-07-07T12:32:40.728Z"
}
7/7/2026, 6:02:42 pm | [2026-07-07T12:32:43.915Z] [LOG] {
  "screen": "LoginScreen",
  "event": "LOGIN_BUTTON_CLICKED",
  "timestamp": "2026-07-07T12:32:43.914Z"
}
7/7/2026, 6:02:42 pm | [2026-07-07T12:32:43.917Z] [LOG] {
  "screen": "LoginScreen",
  "event": "LOADING_STARTED",
  "timestamp": "2026-07-07T12:32:43.917Z"
}
7/7/2026, 6:02:42 pm | [2026-07-07T12:32:44.037Z] [LOG] {
  "screen": "LoginScreen",
  "event": "LOGIN_SUCCESS",
  "user": {
    "empNo": "117",
    "employeeName": "B.V.L. Madhuri",
    "branchCode": "3",
    "branchName": "Eluru",
    "designation": "Branch Manager"
  },
  "timestamp": "2026-07-07T12:32:44.037Z"
}
7/7/2026, 6:02:42 pm | [2026-07-07T12:32:44.049Z] [LOG] {
  "screen": "LoginScreen",
  "event": "USER_DATA_SAVED",
  "timestamp": "2026-07-07T12:32:44.049Z"
}
7/7/2026, 6:02:42 pm | [2026-07-07T12:32:43.933Z] [LOG] {
  "empNo": "",
  "deviceId": "c07c541ce92469ae"
}
7/7/2026, 6:02:42 pm | [2026-07-07T12:32:44.052Z] [LOG] {
  "event": "NAVIGATING_TO_USER"
}
7/7/2026, 6:02:42 pm | [2026-07-07T12:32:43.932Z] [LOG] {
  "screen": "LoginScreen",
  "event": "DEVICE_ID_FETCHED",
  "deviceId": "c07c541ce92469ae",
  "timestamp": "2026-07-07T12:32:43.932Z"
}
7/7/2026, 6:02:42 pm | [2026-07-07T12:32:44.057Z] [LOG] {
  "screen": "LoginScreen",
  "event": "LOADING_COMPLETED",
  "timestamp": "2026-07-07T12:32:44.057Z"
}
7/7/2026, 6:02:42 pm | [2026-07-07T12:32:43.933Z] [LOG] {
  "screen": "LoginScreen",
  "event": "LOGIN_API_STARTED",
  "deviceId": "c07c541ce92469ae",
  "timestamp": "2026-07-07T12:32:43.933Z"
}
7/7/2026, 6:02:42 pm | [2026-07-07T12:32:44.081Z] [LOG] {
  "screen": "UserDashboard",
  "event": "SCREEN_OPENED",
  "empNo": "UNKNOWN",
  "timestamp": "2026-07-07T12:32:44.081Z"
}
7/7/2026, 6:02:42 pm | [2026-07-07T12:32:44.082Z] [LOG] {
  "screen": "UserDashboard",
  "event": "LOAD_EMPLOYEE_STARTED",
  "empNo": "UNKNOWN",
  "timestamp": "2026-07-07T12:32:44.082Z"
}
7/7/2026, 6:02:42 pm | [2026-07-07T12:32:44.086Z] [LOG] {
  "screen": "UserDashboard",
  "event": "LOGGED_USER_FETCHED",
  "hasUser": true,
  "empNo": "UNKNOWN",
  "timestamp": "2026-07-07T12:32:44.086Z"
}
7/7/2026, 6:02:42 pm | [2026-07-07T12:32:44.087Z] [LOG] {
  "screen": "UserDashboard",
  "event": "EMPLOYEE_API_STARTED",
  "empNo": "117",
  "timestamp": "2026-07-07T12:32:44.087Z"
}
7/7/2026, 6:02:42 pm | [2026-07-07T12:32:44.218Z] [LOG] {
  "screen": "UserDashboard",
  "event": "EMPLOYEE_DATA_LOADED",
  "empNo": "117",
  "branch": "Eluru",
  "designation": "Branch Manager",
  "timestamp": "2026-07-07T12:32:44.218Z"
}
7/7/2026, 6:02:43 pm | [2026-07-07T12:32:44.332Z] [LOG] {
  "screen": "UserDashboard",
  "event": "LAST_SUBMISSION_LOADED",
  "previousDayAmount": 1500000,
  "previousDaySubmittedAt": "2026-07-06 17:51:34",
  "formattedPreviousDayTime": "6/7/2026, 5:51 pm",
  "empNo": "",
  "timestamp": "2026-07-07T12:32:44.332Z"
}
7/7/2026, 6:02:43 pm | [2026-07-07T12:32:44.392Z] [LOG] {
  "screen": "UserDashboard",
  "event": "LOADING_COMPLETED",
  "empNo": "UNKNOWN",
  "timestamp": "2026-07-07T12:32:44.392Z"
}
7/7/2026, 6:02:43 pm | [2026-07-07T12:32:44.971Z] [LOG] {
  "screen": "UserDashboard",
  "event": "SAVE_BUTTON_CLICKED",
  "empNo": "339",
  "amount": "1670000",
  "isEditing": false,
  "timestamp": "2026-07-07T12:32:44.971Z"
}
7/7/2026, 6:02:44 pm | [2026-07-07T12:32:43.983Z] [LOG] Running "CashClosingApp"
7/7/2026, 6:02:44 pm | [2026-07-07T12:32:44.059Z] [LOG] {
  "screen": "WelcomeScreen",
  "event": "SCREEN_OPENED",
  "timestamp": "2026-07-07T12:32:44.059Z"
}
7/7/2026, 6:02:44 pm | [2026-07-07T12:32:44.799Z] [LOG] {
  "screen": "LoginScreen",
  "event": "SCREEN_OPENED",
  "timestamp": "2026-07-07T12:32:44.799Z"
}
7/7/2026, 6:02:44 pm | [2026-07-07T12:32:44.778Z] [LOG] {
  "screen": "WelcomeScreen",
  "event": "LOGIN_BUTTON_CLICKED",
  "timestamp": "2026-07-07T12:32:44.766Z"
}
7/7/2026, 6:02:44 pm | [2026-07-07T12:32:45.947Z] [LOG] {
  "screen": "UserDashboard",
  "event": "SAVE_CASH_API_STARTED",
  "empNo": "339",
  "amount": "1670000",
  "timestamp": "2026-07-07T12:32:45.946Z"
}
7/7/2026, 6:02:44 pm | [2026-07-07T12:32:46.181Z] [LOG] {
  "screen": "UserDashboard",
  "event": "SAVE_CASH_SUCCESS",
  "empNo": "339",
  "savedAmount": "1670000",
  "savedAt": "2026-07-07T12:32:46.169Z",
  "formattedSaveTime": "6:02 pm",
  "isEditing": false,
  "timestamp": "2026-07-07T12:32:46.181Z"
}
7/7/2026, 6:02:47 pm | [2026-07-07T12:32:47.631Z] [LOG] {
  "screen": "LoginScreen",
  "event": "LOADING_STARTED",
  "timestamp": "2026-07-07T12:32:47.631Z"
}
7/7/2026, 6:02:47 pm | [2026-07-07T12:32:47.629Z] [LOG] {
  "screen": "LoginScreen",
  "event": "LOGIN_BUTTON_CLICKED",
  "timestamp": "2026-07-07T12:32:47.629Z"
}
7/7/2026, 6:02:48 pm | [2026-07-07T12:32:49.141Z] [LOG] {
  "screen": "WelcomeScreen",
  "event": "LOGIN_BUTTON_CLICKED",
  "timestamp": "2026-07-07T12:32:49.141Z"
}
7/7/2026, 6:02:48 pm | [2026-07-07T12:32:49.148Z] [LOG] {
  "screen": "LoginScreen",
  "event": "SCREEN_OPENED",
  "timestamp": "2026-07-07T12:32:49.148Z"
}
7/7/2026, 6:02:48 pm | [2026-07-07T12:32:48.507Z] [LOG] {
  "screen": "LoginScreen",
  "event": "USER_DATA_SAVED",
  "timestamp": "2026-07-07T12:32:48.506Z"
}
7/7/2026, 6:02:48 pm | [2026-07-07T12:32:48.493Z] [LOG] {
  "screen": "LoginScreen",
  "event": "LOGIN_SUCCESS",
  "user": {
    "empNo": "419",
    "employeeName": "K.Anjaneyulu",
    "branchCode": "55",
    "branchName": "Tadepalli",
    "designation": "Branch Manager"
  },
  "timestamp": "2026-07-07T12:32:48.492Z"
}
7/7/2026, 6:02:48 pm | [2026-07-07T12:32:47.648Z] [LOG] {
  "screen": "LoginScreen",
  "event": "LOGIN_API_STARTED",
  "deviceId": "3fc36ee18c84527a",
  "timestamp": "2026-07-07T12:32:47.648Z"
}
7/7/2026, 6:02:48 pm | [2026-07-07T12:32:47.646Z] [LOG] {
  "screen": "LoginScreen",
  "event": "DEVICE_ID_FETCHED",
  "deviceId": "3fc36ee18c84527a",
  "timestamp": "2026-07-07T12:32:47.646Z"
}
7/7/2026, 6:02:49 pm | [2026-07-07T12:32:48.511Z] [LOG] {
  "screen": "LoginScreen",
  "event": "LOADING_COMPLETED",
  "timestamp": "2026-07-07T12:32:48.511Z"
}
7/7/2026, 6:02:49 pm | [2026-07-07T12:32:48.525Z] [LOG] {
  "screen": "UserDashboard",
  "event": "SCREEN_OPENED",
  "empNo": "UNKNOWN",
  "timestamp": "2026-07-07T12:32:48.525Z"
}
7/7/2026, 6:02:49 pm | [2026-07-07T12:32:48.509Z] [LOG] {
  "event": "NAVIGATING_TO_USER"
}
7/7/2026, 6:02:49 pm | [2026-07-07T12:32:47.647Z] [LOG] {
  "empNo": "",
  "deviceId": "3fc36ee18c84527a"
}
7/7/2026, 6:02:49 pm | [2026-07-07T12:32:48.526Z] [LOG] {
  "screen": "UserDashboard",
  "event": "LOAD_EMPLOYEE_STARTED",
  "empNo": "UNKNOWN",
  "timestamp": "2026-07-07T12:32:48.526Z"
}
7/7/2026, 6:02:49 pm | [2026-07-07T12:32:48.529Z] [LOG] {
  "screen": "UserDashboard",
  "event": "LOGGED_USER_FETCHED",
  "hasUser": true,
  "empNo": "UNKNOWN",
  "timestamp": "2026-07-07T12:32:48.529Z"
}
7/7/2026, 6:02:49 pm | [2026-07-07T12:32:48.530Z] [LOG] {
  "screen": "UserDashboard",
  "event": "EMPLOYEE_API_STARTED",
  "empNo": "419",
  "timestamp": "2026-07-07T12:32:48.529Z"
}
7/7/2026, 6:02:50 pm | [2026-07-07T12:32:51.410Z] [LOG] {
  "screen": "UserDashboard",
  "event": "SAVE_BUTTON_CLICKED",
  "empNo": "117",
  "amount": "2300000",
  "isEditing": false,
  "timestamp": "2026-07-07T12:32:51.410Z"
}
7/7/2026, 6:02:51 pm | [2026-07-07T12:32:52.523Z] [LOG] {
  "screen": "UserDashboard",
  "event": "SAVE_CASH_SUCCESS",
  "empNo": "117",
  "savedAmount": "2300000",
  "savedAt": "2026-07-07T12:32:52.513Z",
  "formattedSaveTime": "6:02 pm",
  "isEditing": false,
  "timestamp": "2026-07-07T12:32:52.523Z"
}
7/7/2026, 6:02:51 pm | [2026-07-07T12:32:52.418Z] [LOG] {
  "screen": "UserDashboard",
  "event": "SAVE_CASH_API_STARTED",
  "empNo": "117",
  "amount": "2300000",
  "timestamp": "2026-07-07T12:32:52.418Z"
}
7/7/2026, 6:02:51 pm | [2026-07-07T12:32:51.695Z] [LOG] {
  "screen": "UserDashboard",
  "event": "EMPLOYEE_DATA_LOADED",
  "empNo": "419",
  "branch": "Tadepalli",
  "designation": "Branch Manager",
  "timestamp": "2026-07-07T12:32:51.694Z"
}
7/7/2026, 6:02:51 pm | [2026-07-07T12:32:52.602Z] [LOG] {
  "screen": "LoginScreen",
  "event": "LOGIN_BUTTON_CLICKED",
  "timestamp": "2026-07-07T12:32:52.602Z"
}
7/7/2026, 6:02:51 pm | [2026-07-07T12:32:52.605Z] [LOG] {
  "screen": "LoginScreen",
  "event": "LOADING_STARTED",
  "timestamp": "2026-07-07T12:32:52.605Z"
}
7/7/2026, 6:02:51 pm | [2026-07-07T12:32:51.791Z] [LOG] {
  "screen": "UserDashboard",
  "event": "LAST_SUBMISSION_LOADED",
  "previousDayAmount": 8000,
  "previousDaySubmittedAt": "2026-07-06 17:52:52",
  "formattedPreviousDayTime": "6/7/2026, 5:52 pm",
  "empNo": "",
  "timestamp": "2026-07-07T12:32:51.791Z"
}
7/7/2026, 6:02:51 pm | [2026-07-07T12:32:51.849Z] [LOG] {
  "screen": "UserDashboard",
  "event": "LOADING_COMPLETED",
  "empNo": "UNKNOWN",
  "timestamp": "2026-07-07T12:32:51.849Z"
}
7/7/2026, 6:02:51 pm | [2026-07-07T12:32:52.752Z] [LOG] {
  "screen": "LoginScreen",
  "event": "LOGIN_SUCCESS",
  "user": {
    "empNo": "282",
    "employeeName": "S. Yesu Babu",
    "branchCode": "5",
    "branchName": "Jangareddygudem",
    "designation": "Branch Manager"
  },
  "timestamp": "2026-07-07T12:32:52.752Z"
}
7/7/2026, 6:02:51 pm | [2026-07-07T12:32:52.761Z] [LOG] {
  "screen": "LoginScreen",
  "event": "USER_DATA_SAVED",
  "timestamp": "2026-07-07T12:32:52.761Z"
}
7/7/2026, 6:02:51 pm | [2026-07-07T12:32:52.763Z] [LOG] {
  "event": "NAVIGATING_TO_USER"
}
7/7/2026, 6:02:51 pm | [2026-07-07T12:32:52.609Z] [LOG] {
  "screen": "LoginScreen",
  "event": "LOGIN_API_STARTED",
  "deviceId": "4405d0fdd72975ca",
  "timestamp": "2026-07-07T12:32:52.609Z"
}
7/7/2026, 6:02:51 pm | [2026-07-07T12:32:52.609Z] [LOG] {
  "screen": "LoginScreen",
  "event": "DEVICE_ID_FETCHED",
  "deviceId": "4405d0fdd72975ca",
  "timestamp": "2026-07-07T12:32:52.609Z"
}
7/7/2026, 6:02:51 pm | [2026-07-07T12:32:52.609Z] [LOG] {
  "empNo": "",
  "deviceId": "4405d0fdd72975ca"
}
7/7/2026, 6:02:51 pm | [2026-07-07T12:32:52.764Z] [LOG] {
  "screen": "LoginScreen",
  "event": "LOADING_COMPLETED",
  "timestamp": "2026-07-07T12:32:52.764Z"
}
7/7/2026, 6:02:51 pm | [2026-07-07T12:32:52.774Z] [LOG] {
  "screen": "UserDashboard",
  "event": "SCREEN_OPENED",
  "empNo": "UNKNOWN",
  "timestamp": "2026-07-07T12:32:52.774Z"
}
7/7/2026, 6:02:51 pm | [2026-07-07T12:32:52.774Z] [LOG] {
  "screen": "UserDashboard",
  "event": "LOAD_EMPLOYEE_STARTED",
  "empNo": "UNKNOWN",
  "timestamp": "2026-07-07T12:32:52.774Z"
}
7/7/2026, 6:02:51 pm | [2026-07-07T12:32:52.776Z] [LOG] {
  "screen": "UserDashboard",
  "event": "LOGGED_USER_FETCHED",
  "hasUser": true,
  "empNo": "UNKNOWN",
  "timestamp": "2026-07-07T12:32:52.776Z"
}
7/7/2026, 6:02:51 pm | [2026-07-07T12:32:52.777Z] [LOG] {
  "screen": "UserDashboard",
  "event": "EMPLOYEE_API_STARTED",
  "empNo": "282",
  "timestamp": "2026-07-07T12:32:52.776Z"
}
7/7/2026, 6:02:51 pm | [2026-07-07T12:32:53.029Z] [LOG] {
  "screen": "UserDashboard",
  "event": "EMPLOYEE_DATA_LOADED",
  "empNo": "282",
  "branch": "Jangareddygudem",
  "designation": "Branch Manager",
  "timestamp": "2026-07-07T12:32:53.029Z"
}
7/7/2026, 6:02:51 pm | [2026-07-07T12:32:53.145Z] [LOG] {
  "screen": "UserDashboard",
  "event": "LAST_SUBMISSION_LOADED",
  "previousDayAmount": 4700000,
  "previousDaySubmittedAt": "2026-07-04 17:47:44",
  "formattedPreviousDayTime": "4/7/2026, 5:47 pm",
  "empNo": "",
  "timestamp": "2026-07-07T12:32:53.145Z"
}
7/7/2026, 6:02:52 pm | [2026-07-07T12:32:53.269Z] [LOG] {
  "screen": "UserDashboard",
  "event": "TODAY_CASH_LOADED",
  "todayAmount": 4000000,
  "todayModifiedAt": "2026-07-07 18:02:41",
  "formattedTodayTime": "6:02 pm",
  "empNo": "",
  "timestamp": "2026-07-07T12:32:53.269Z"
}
7/7/2026, 6:02:52 pm | [2026-07-07T12:32:53.270Z] [LOG] {
  "screen": "UserDashboard",
  "event": "LOADING_COMPLETED",
  "empNo": "UNKNOWN",
  "timestamp": "2026-07-07T12:32:53.270Z"
}
7/7/2026, 6:02:56 pm | [2026-07-07T12:32:56.510Z] [LOG] {
  "screen": "UserDashboard",
  "event": "SAVE_BUTTON_CLICKED",
  "empNo": "419",
  "amount": "48000",
  "isEditing": false,
  "timestamp": "2026-07-07T12:32:56.509Z"
}
7/7/2026, 6:02:57 pm | [2026-07-07T12:32:57.641Z] [LOG] {
  "screen": "UserDashboard",
  "event": "SAVE_CASH_API_STARTED",
  "empNo": "419",
  "amount": "48000",
  "timestamp": "2026-07-07T12:32:57.641Z"
}
7/7/2026, 6:02:57 pm | [2026-07-07T12:32:57.871Z] [LOG] {
  "screen": "UserDashboard",
  "event": "SAVE_CASH_SUCCESS",
  "empNo": "419",
  "savedAmount": "48000",
  "savedAt": "2026-07-07T12:32:57.867Z",
  "formattedSaveTime": "6:02 pm",
  "isEditing": false,
  "timestamp": "2026-07-07T12:32:57.871Z"
}
7/7/2026, 6:03:09 pm | [2026-07-07T12:33:10.034Z] [LOG] {
  "screen": "UserDashboard",
  "event": "SAVE_BUTTON_CLICKED",
  "empNo": "419",
  "amount": "48000",
  "isEditing": true,
  "timestamp": "2026-07-07T12:33:10.034Z"
}
7/7/2026, 6:03:10 pm | [2026-07-07T12:33:10.923Z] [LOG] {
  "screen": "UserDashboard",
  "event": "SAVE_CASH_API_STARTED",
  "empNo": "419",
  "amount": "48000",
  "timestamp": "2026-07-07T12:33:10.923Z"
}
7/7/2026, 6:03:10 pm | [2026-07-07T12:33:11.144Z] [LOG] {
  "screen": "UserDashboard",
  "event": "SAVE_CASH_SUCCESS",
  "empNo": "419",
  "savedAmount": "48000",
  "savedAt": "2026-07-07T12:33:11.134Z",
  "formattedSaveTime": "6:03 pm",
  "isEditing": true,
  "timestamp": "2026-07-07T12:33:11.144Z"
}
7/7/2026, 6:03:12 pm | [2026-07-07T12:33:13.079Z] [LOG] {
  "screen": "UserDashboard",
  "event": "SAVE_BUTTON_CLICKED",
  "empNo": "419",
  "amount": "48000",
  "isEditing": true,
  "timestamp": "2026-07-07T12:33:13.079Z"
}
7/7/2026, 6:03:13 pm | [2026-07-07T12:33:13.812Z] [LOG] {
  "screen": "UserDashboard",
  "event": "SAVE_CASH_API_STARTED",
  "empNo": "419",
  "amount": "48000",
  "timestamp": "2026-07-07T12:33:13.811Z"
}
7/7/2026, 6:03:13 pm | [2026-07-07T12:33:13.894Z] [LOG] {
  "screen": "UserDashboard",
  "event": "SAVE_CASH_SUCCESS",
  "empNo": "419",
  "savedAmount": "48000",
  "savedAt": "2026-07-07T12:33:13.889Z",
  "formattedSaveTime": "6:03 pm",
  "isEditing": true,
  "timestamp": "2026-07-07T12:33:13.894Z"
}
7/7/2026, 6:03:15 pm | [2026-07-07T12:33:16.090Z] [LOG] {
  "screen": "UserDashboard",
  "event": "SAVE_BUTTON_CLICKED",
  "empNo": "419",
  "amount": "48000",
  "isEditing": true,
  "timestamp": "2026-07-07T12:33:16.090Z"
}
7/7/2026, 6:03:16 pm | [2026-07-07T12:33:16.778Z] [LOG] {
  "screen": "UserDashboard",
  "event": "SAVE_CASH_API_STARTED",
  "empNo": "419",
  "amount": "48000",
  "timestamp": "2026-07-07T12:33:16.777Z"
}
7/7/2026, 6:03:16 pm | [2026-07-07T12:33:16.875Z] [LOG] {
  "screen": "UserDashboard",
  "event": "SAVE_CASH_SUCCESS",
  "empNo": "419",
  "savedAmount": "48000",
  "savedAt": "2026-07-07T12:33:16.866Z",
  "formattedSaveTime": "6:03 pm",
  "isEditing": true,
  "timestamp": "2026-07-07T12:33:16.874Z"
}
7/7/2026, 6:03:52 pm | [2026-07-07T12:33:53.477Z] [LOG] Running "CashClosingApp"
7/7/2026, 6:03:52 pm | [2026-07-07T12:33:53.627Z] [LOG] {
  "screen": "WelcomeScreen",
  "event": "SCREEN_OPENED",
  "timestamp": "2026-07-07T12:33:53.627Z"
}
7/7/2026, 6:03:52 pm | [2026-07-07T12:33:54.352Z] [LOG] {
  "screen": "WelcomeScreen",
  "event": "LOGIN_BUTTON_CLICKED",
  "timestamp": "2026-07-07T12:33:54.352Z"
}
7/7/2026, 6:03:52 pm | [2026-07-07T12:33:54.384Z] [LOG] {
  "screen": "LoginScreen",
  "event": "SCREEN_OPENED",
  "timestamp": "2026-07-07T12:33:54.384Z"
}
7/7/2026, 6:03:56 pm | [2026-07-07T12:33:58.480Z] [LOG] {
  "screen": "LoginScreen",
  "event": "LOGIN_BUTTON_CLICKED",
  "timestamp": "2026-07-07T12:33:58.478Z"
}
7/7/2026, 6:03:56 pm | [2026-07-07T12:33:58.480Z] [LOG] {
  "screen": "LoginScreen",
  "event": "LOADING_STARTED",
  "timestamp": "2026-07-07T12:33:58.480Z"
}
7/7/2026, 6:03:56 pm | [2026-07-07T12:33:58.599Z] [LOG] {
  "screen": "LoginScreen",
  "event": "LOGIN_SUCCESS",
  "user": {
    "empNo": "270",
    "employeeName": "Ch. Naga Raju",
    "branchCode": "13",
    "branchName": "Tenali",
    "designation": "Branch Manager"
  },
  "timestamp": "2026-07-07T12:33:58.599Z"
}
7/7/2026, 6:03:56 pm | [2026-07-07T12:33:58.607Z] [LOG] {
  "screen": "LoginScreen",
  "event": "USER_DATA_SAVED",
  "timestamp": "2026-07-07T12:33:58.607Z"
}
7/7/2026, 6:03:56 pm | [2026-07-07T12:33:58.492Z] [LOG] {
  "empNo": "",
  "deviceId": "3169622446f20520"
}
7/7/2026, 6:03:56 pm | [2026-07-07T12:33:58.491Z] [LOG] {
  "screen": "LoginScreen",
  "event": "DEVICE_ID_FETCHED",
  "deviceId": "3169622446f20520",
  "timestamp": "2026-07-07T12:33:58.491Z"
}
7/7/2026, 6:03:56 pm | [2026-07-07T12:33:58.609Z] [LOG] {
  "event": "NAVIGATING_TO_USER"
}
7/7/2026, 6:03:57 pm | [2026-07-07T12:33:58.492Z] [LOG] {
  "screen": "LoginScreen",
  "event": "LOGIN_API_STARTED",
  "deviceId": "3169622446f20520",
  "timestamp": "2026-07-07T12:33:58.492Z"
}
7/7/2026, 6:03:57 pm | [2026-07-07T12:33:58.609Z] [LOG] {
  "screen": "LoginScreen",
  "event": "LOADING_COMPLETED",
  "timestamp": "2026-07-07T12:33:58.609Z"
}
7/7/2026, 6:03:57 pm | [2026-07-07T12:33:58.616Z] [LOG] {
  "screen": "UserDashboard",
  "event": "SCREEN_OPENED",
  "empNo": "UNKNOWN",
  "timestamp": "2026-07-07T12:33:58.616Z"
}
7/7/2026, 6:03:57 pm | [2026-07-07T12:33:58.618Z] [LOG] {
  "screen": "UserDashboard",
  "event": "LOAD_EMPLOYEE_STARTED",
  "empNo": "UNKNOWN",
  "timestamp": "2026-07-07T12:33:58.618Z"
}
7/7/2026, 6:03:57 pm | [2026-07-07T12:33:58.622Z] [LOG] {
  "screen": "UserDashboard",
  "event": "LOGGED_USER_FETCHED",
  "hasUser": true,
  "empNo": "UNKNOWN",
  "timestamp": "2026-07-07T12:33:58.622Z"
}
7/7/2026, 6:03:57 pm | [2026-07-07T12:33:58.623Z] [LOG] {
  "screen": "UserDashboard",
  "event": "EMPLOYEE_API_STARTED",
  "empNo": "270",
  "timestamp": "2026-07-07T12:33:58.622Z"
}
7/7/2026, 6:03:57 pm | [2026-07-07T12:33:58.745Z] [LOG] {
  "screen": "UserDashboard",
  "event": "EMPLOYEE_DATA_LOADED",
  "empNo": "270",
  "branch": "Tenali",
  "designation": "Branch Manager",
  "timestamp": "2026-07-07T12:33:58.745Z"
}
7/7/2026, 6:03:57 pm | [2026-07-07T12:33:58.834Z] [LOG] {
  "screen": "UserDashboard",
  "event": "LAST_SUBMISSION_LOADED",
  "previousDayAmount": 1959000,
  "previousDaySubmittedAt": "2026-07-06 17:52:21",
  "formattedPreviousDayTime": "6/7/2026, 5:52 pm",
  "empNo": "",
  "timestamp": "2026-07-07T12:33:58.834Z"
}
7/7/2026, 6:03:57 pm | [2026-07-07T12:33:58.877Z] [LOG] {
  "screen": "UserDashboard",
  "event": "LOADING_COMPLETED",
  "empNo": "UNKNOWN",
  "timestamp": "2026-07-07T12:33:58.877Z"
}
7/7/2026, 6:04:05 pm | [2026-07-07T12:34:06.913Z] [LOG] {
  "screen": "UserDashboard",
  "event": "SAVE_BUTTON_CLICKED",
  "empNo": "270",
  "amount": "1121000",
  "isEditing": false,
  "timestamp": "2026-07-07T12:34:06.913Z"
}
7/7/2026, 6:04:06 pm | [2026-07-07T12:34:07.890Z] [LOG] {
  "screen": "UserDashboard",
  "event": "SAVE_CASH_SUCCESS",
  "empNo": "270",
  "savedAmount": "1121000",
  "savedAt": "2026-07-07T12:34:07.888Z",
  "formattedSaveTime": "6:04 pm",
  "isEditing": false,
  "timestamp": "2026-07-07T12:34:07.890Z"
}
7/7/2026, 6:04:06 pm | [2026-07-07T12:34:07.811Z] [LOG] {
  "screen": "UserDashboard",
  "event": "SAVE_CASH_API_STARTED",
  "empNo": "270",
  "amount": "1121000",
  "timestamp": "2026-07-07T12:34:07.811Z"
}
7/7/2026, 6:04:09 pm | [2026-07-07T12:34:11.630Z] [LOG] {
  "screen": "UserDashboard",
  "event": "SAVE_BUTTON_CLICKED",
  "empNo": "270",
  "amount": "1121000",
  "isEditing": true,
  "timestamp": "2026-07-07T12:34:11.630Z"
}
7/7/2026, 6:04:12 pm | [2026-07-07T12:34:13.652Z] [LOG] {
  "screen": "UserDashboard",
  "event": "SAVE_CASH_API_STARTED",
  "empNo": "270",
  "amount": "1121000",
  "timestamp": "2026-07-07T12:34:13.651Z"
}
7/7/2026, 6:04:12 pm | [2026-07-07T12:34:13.725Z] [LOG] {
  "screen": "UserDashboard",
  "event": "SAVE_CASH_SUCCESS",
  "empNo": "270",
  "savedAmount": "1121000",
  "savedAt": "2026-07-07T12:34:13.722Z",
  "formattedSaveTime": "6:04 pm",
  "isEditing": true,
  "timestamp": "2026-07-07T12:34:13.725Z"
}
7/7/2026, 6:05:45 pm | [2026-07-07T12:35:46.062Z] [LOG] Running "CashClosingApp"
7/7/2026, 6:05:45 pm | [2026-07-07T12:35:46.230Z] [LOG] {
  "screen": "WelcomeScreen",
  "event": "SCREEN_OPENED",
  "timestamp": "2026-07-07T12:35:46.230Z"
}
7/7/2026, 6:05:45 pm | [2026-07-07T12:35:47.098Z] [LOG] {
  "screen": "LoginScreen",
  "event": "SCREEN_OPENED",
  "timestamp": "2026-07-07T12:35:47.098Z"
}
7/7/2026, 6:05:45 pm | [2026-07-07T12:35:47.062Z] [LOG] {
  "screen": "WelcomeScreen",
  "event": "LOGIN_BUTTON_CLICKED",
  "timestamp": "2026-07-07T12:35:47.062Z"
}
7/7/2026, 6:05:49 pm | [2026-07-07T12:35:50.771Z] [LOG] {
  "screen": "LoginScreen",
  "event": "LOGIN_BUTTON_CLICKED",
  "timestamp": "2026-07-07T12:35:50.771Z"
}
7/7/2026, 6:05:49 pm | [2026-07-07T12:35:50.771Z] [LOG] {
  "screen": "LoginScreen",
  "event": "LOADING_STARTED",
  "timestamp": "2026-07-07T12:35:50.771Z"
}
7/7/2026, 6:05:49 pm | [2026-07-07T12:35:50.779Z] [LOG] {
  "screen": "LoginScreen",
  "event": "DEVICE_ID_FETCHED",
  "deviceId": "b374229bdeaa166f",
  "timestamp": "2026-07-07T12:35:50.779Z"
}
7/7/2026, 6:05:49 pm | [2026-07-07T12:35:50.780Z] [LOG] {
  "screen": "LoginScreen",
  "event": "LOGIN_API_STARTED",
  "deviceId": "b374229bdeaa166f",
  "timestamp": "2026-07-07T12:35:50.780Z"
}
7/7/2026, 6:05:49 pm | [2026-07-07T12:35:51.202Z] [LOG] {
  "screen": "LoginScreen",
  "event": "LOGIN_SUCCESS",
  "user": {
    "empNo": "129",
    "employeeName": "Sk. Gouse Basha",
    "branchCode": "2",
    "branchName": "Guntur",
    "designation": "Branch Manager"
  },
  "timestamp": "2026-07-07T12:35:51.202Z"
}
7/7/2026, 6:05:49 pm | [2026-07-07T12:35:51.229Z] [LOG] {
  "screen": "LoginScreen",
  "event": "USER_DATA_SAVED",
  "timestamp": "2026-07-07T12:35:51.229Z"
}
7/7/2026, 6:05:49 pm | [2026-07-07T12:35:51.230Z] [LOG] {
  "screen": "LoginScreen",
  "event": "LOADING_COMPLETED",
  "timestamp": "2026-07-07T12:35:51.230Z"
}
7/7/2026, 6:05:49 pm | [2026-07-07T12:35:51.230Z] [LOG] {
  "event": "NAVIGATING_TO_USER"
}
7/7/2026, 6:05:50 pm | [2026-07-07T12:35:51.238Z] [LOG] {
  "screen": "UserDashboard",
  "event": "SCREEN_OPENED",
  "empNo": "UNKNOWN",
  "timestamp": "2026-07-07T12:35:51.238Z"
}
7/7/2026, 6:05:50 pm | [2026-07-07T12:35:51.239Z] [LOG] {
  "screen": "UserDashboard",
  "event": "LOAD_EMPLOYEE_STARTED",
  "empNo": "UNKNOWN",
  "timestamp": "2026-07-07T12:35:51.239Z"
}
7/7/2026, 6:05:50 pm | [2026-07-07T12:35:51.243Z] [LOG] {
  "screen": "UserDashboard",
  "event": "LOGGED_USER_FETCHED",
  "hasUser": true,
  "empNo": "UNKNOWN",
  "timestamp": "2026-07-07T12:35:51.243Z"
}
7/7/2026, 6:05:50 pm | [2026-07-07T12:35:51.243Z] [LOG] {
  "screen": "UserDashboard",
  "event": "EMPLOYEE_API_STARTED",
  "empNo": "129",
  "timestamp": "2026-07-07T12:35:51.243Z"
}
7/7/2026, 6:05:50 pm | [2026-07-07T12:35:51.940Z] [LOG] {
  "screen": "UserDashboard",
  "event": "EMPLOYEE_DATA_LOADED",
  "empNo": "129",
  "branch": "Guntur",
  "designation": "Branch Manager",
  "timestamp": "2026-07-07T12:35:51.940Z"
}
7/7/2026, 6:05:50 pm | [2026-07-07T12:35:52.159Z] [LOG] {
  "screen": "UserDashboard",
  "event": "LAST_SUBMISSION_LOADED",
  "previousDayAmount": 1459450,
  "previousDaySubmittedAt": "2026-07-06 18:19:10",
  "formattedPreviousDayTime": "6/7/2026, 6:19 pm",
  "empNo": "",
  "timestamp": "2026-07-07T12:35:52.159Z"
}
7/7/2026, 6:05:50 pm | [2026-07-07T12:35:50.780Z] [LOG] {
  "empNo": "",
  "deviceId": "b374229bdeaa166f"
}
7/7/2026, 6:05:50 pm | [2026-07-07T12:35:52.254Z] [LOG] {
  "screen": "UserDashboard",
  "event": "LOADING_COMPLETED",
  "empNo": "UNKNOWN",
  "timestamp": "2026-07-07T12:35:52.254Z"
}
7/7/2026, 6:06:05 pm | [2026-07-07T12:36:07.413Z] [LOG] {
  "screen": "UserDashboard",
  "event": "SAVE_BUTTON_CLICKED",
  "empNo": "129",
  "amount": "1981783",
  "isEditing": false,
  "timestamp": "2026-07-07T12:36:07.413Z"
}
7/7/2026, 6:06:06 pm | [2026-07-07T12:36:08.346Z] [LOG] {
  "screen": "UserDashboard",
  "event": "SAVE_CASH_API_STARTED",
  "empNo": "129",
  "amount": "1981783",
  "timestamp": "2026-07-07T12:36:08.346Z"
}
7/7/2026, 6:06:07 pm | [2026-07-07T12:36:08.688Z] [LOG] {
  "screen": "UserDashboard",
  "event": "SAVE_CASH_SUCCESS",
  "empNo": "129",
  "savedAmount": "1981783",
  "savedAt": "2026-07-07T12:36:08.684Z",
  "formattedSaveTime": "6:06 pm",
  "isEditing": false,
  "timestamp": "2026-07-07T12:36:08.688Z"
}
7/7/2026, 6:12:35 pm | [2026-07-07T12:42:36.561Z] [LOG] {
  "screen": "WelcomeScreen",
  "event": "SCREEN_OPENED",
  "timestamp": "2026-07-07T12:42:36.561Z"
}
7/7/2026, 6:12:35 pm | [2026-07-07T12:42:36.260Z] [LOG] Running "CashClosingApp"
7/7/2026, 6:12:35 pm | [2026-07-07T12:42:37.387Z] [LOG] {
  "screen": "WelcomeScreen",
  "event": "LOGIN_BUTTON_CLICKED",
  "timestamp": "2026-07-07T12:42:37.387Z"
}
7/7/2026, 6:12:35 pm | [2026-07-07T12:42:37.422Z] [LOG] {
  "screen": "LoginScreen",
  "event": "SCREEN_OPENED",
  "timestamp": "2026-07-07T12:42:37.422Z"
}
7/7/2026, 6:12:38 pm | [2026-07-07T12:42:40.428Z] [LOG] {
  "screen": "LoginScreen",
  "event": "LOADING_STARTED",
  "timestamp": "2026-07-07T12:42:40.428Z"
}
7/7/2026, 6:12:38 pm | [2026-07-07T12:42:40.425Z] [LOG] {
  "screen": "LoginScreen",
  "event": "LOGIN_BUTTON_CLICKED",
  "timestamp": "2026-07-07T12:42:40.425Z"
}
7/7/2026, 6:12:39 pm | [2026-07-07T12:42:40.556Z] [LOG] {
  "screen": "LoginScreen",
  "event": "LOGIN_SUCCESS",
  "user": {
    "empNo": "410",
    "employeeName": "J N V Veera Babu",
    "branchCode": "10",
    "branchName": "Takkellapadu",
    "designation": "Branch Manager"
  },
  "timestamp": "2026-07-07T12:42:40.556Z"
}
7/7/2026, 6:12:39 pm | [2026-07-07T12:42:40.571Z] [LOG] {
  "screen": "LoginScreen",
  "event": "USER_DATA_SAVED",
  "timestamp": "2026-07-07T12:42:40.571Z"
}
7/7/2026, 6:12:39 pm | [2026-07-07T12:42:40.572Z] [LOG] {
  "event": "NAVIGATING_TO_USER"
}
7/7/2026, 6:12:39 pm | [2026-07-07T12:42:40.458Z] [LOG] {
  "empNo": "",
  "deviceId": "e4d11680cf9c8959"
}
7/7/2026, 6:12:39 pm | [2026-07-07T12:42:40.458Z] [LOG] {
  "screen": "LoginScreen",
  "event": "LOGIN_API_STARTED",
  "deviceId": "e4d11680cf9c8959",
  "timestamp": "2026-07-07T12:42:40.458Z"
}
7/7/2026, 6:12:39 pm | [2026-07-07T12:42:40.457Z] [LOG] {
  "screen": "LoginScreen",
  "event": "DEVICE_ID_FETCHED",
  "deviceId": "e4d11680cf9c8959",
  "timestamp": "2026-07-07T12:42:40.457Z"
}
7/7/2026, 6:12:39 pm | [2026-07-07T12:42:40.574Z] [LOG] {
  "screen": "LoginScreen",
  "event": "LOADING_COMPLETED",
  "timestamp": "2026-07-07T12:42:40.574Z"
}
7/7/2026, 6:12:39 pm | [2026-07-07T12:42:40.585Z] [LOG] {
  "screen": "UserDashboard",
  "event": "SCREEN_OPENED",
  "empNo": "UNKNOWN",
  "timestamp": "2026-07-07T12:42:40.585Z"
}
7/7/2026, 6:12:39 pm | [2026-07-07T12:42:40.586Z] [LOG] {
  "screen": "UserDashboard",
  "event": "LOAD_EMPLOYEE_STARTED",
  "empNo": "UNKNOWN",
  "timestamp": "2026-07-07T12:42:40.586Z"
}
7/7/2026, 6:12:39 pm | [2026-07-07T12:42:40.591Z] [LOG] {
  "screen": "UserDashboard",
  "event": "LOGGED_USER_FETCHED",
  "hasUser": true,
  "empNo": "UNKNOWN",
  "timestamp": "2026-07-07T12:42:40.591Z"
}
7/7/2026, 6:12:39 pm | [2026-07-07T12:42:40.591Z] [LOG] {
  "screen": "UserDashboard",
  "event": "EMPLOYEE_API_STARTED",
  "empNo": "410",
  "timestamp": "2026-07-07T12:42:40.591Z"
}
7/7/2026, 6:12:39 pm | [2026-07-07T12:42:40.753Z] [LOG] {
  "screen": "UserDashboard",
  "event": "EMPLOYEE_DATA_LOADED",
  "empNo": "410",
  "branch": "Takkellapadu",
  "designation": "Branch Manager",
  "timestamp": "2026-07-07T12:42:40.753Z"
}
7/7/2026, 6:12:39 pm | [2026-07-07T12:42:40.926Z] [LOG] {
  "screen": "UserDashboard",
  "event": "LAST_SUBMISSION_LOADED",
  "previousDayAmount": 1600000,
  "previousDaySubmittedAt": "2026-07-06 18:42:54",
  "formattedPreviousDayTime": "6/7/2026, 6:42 pm",
  "empNo": "",
  "timestamp": "2026-07-07T12:42:40.926Z"
}
7/7/2026, 6:12:39 pm | [2026-07-07T12:42:40.990Z] [LOG] {
  "screen": "UserDashboard",
  "event": "LOADING_COMPLETED",
  "empNo": "UNKNOWN",
  "timestamp": "2026-07-07T12:42:40.990Z"
}
7/7/2026, 6:12:49 pm | [2026-07-07T12:42:50.689Z] [LOG] {
  "screen": "UserDashboard",
  "event": "SAVE_BUTTON_CLICKED",
  "empNo": "410",
  "amount": "2100000",
  "isEditing": false,
  "timestamp": "2026-07-07T12:42:50.688Z"
}
7/7/2026, 6:12:50 pm | [2026-07-07T12:42:52.045Z] [LOG] {
  "screen": "UserDashboard",
  "event": "SAVE_CASH_API_STARTED",
  "empNo": "410",
  "amount": "2100000",
  "timestamp": "2026-07-07T12:42:52.045Z"
}
7/7/2026, 6:12:50 pm | [2026-07-07T12:42:52.277Z] [LOG] {
  "screen": "UserDashboard",
  "event": "SAVE_CASH_SUCCESS",
  "empNo": "410",
  "savedAmount": "2100000",
  "savedAt": "2026-07-07T12:42:52.273Z",
  "formattedSaveTime": "6:12 pm",
  "isEditing": false,
  "timestamp": "2026-07-07T12:42:52.277Z"
}
7/7/2026, 6:21:44 pm | [2026-07-07T12:51:45.829Z] [LOG] {
  "screen": "WelcomeScreen",
  "event": "SCREEN_OPENED",
  "timestamp": "2026-07-07T12:51:45.829Z"
}
7/7/2026, 6:21:44 pm | [2026-07-07T12:51:45.691Z] [LOG] Running "CashClosingApp"
7/7/2026, 6:21:47 pm | [2026-07-07T12:51:48.105Z] [LOG] {
  "screen": "WelcomeScreen",
  "event": "LOGIN_BUTTON_CLICKED",
  "timestamp": "2026-07-07T12:51:48.105Z"
}
7/7/2026, 6:21:47 pm | [2026-07-07T12:51:48.140Z] [LOG] {
  "screen": "LoginScreen",
  "event": "SCREEN_OPENED",
  "timestamp": "2026-07-07T12:51:48.140Z"
}
7/7/2026, 6:21:50 pm | [2026-07-07T12:51:51.422Z] [LOG] {
  "screen": "LoginScreen",
  "event": "LOGIN_BUTTON_CLICKED",
  "timestamp": "2026-07-07T12:51:51.422Z"
}
7/7/2026, 6:21:50 pm | [2026-07-07T12:51:51.424Z] [LOG] {
  "screen": "LoginScreen",
  "event": "LOADING_STARTED",
  "timestamp": "2026-07-07T12:51:51.424Z"
}
7/7/2026, 6:21:50 pm | [2026-07-07T12:51:51.555Z] [LOG] {
  "screen": "LoginScreen",
  "event": "LOGIN_SUCCESS",
  "user": {
    "empNo": "394",
    "employeeName": "Ch.Bala Krishna",
    "branchCode": "32",
    "branchName": "Ravulapalem",
    "designation": "Branch Manager"
  },
  "timestamp": "2026-07-07T12:51:51.555Z"
}
7/7/2026, 6:21:50 pm | [2026-07-07T12:51:51.572Z] [LOG] {
  "screen": "LoginScreen",
  "event": "USER_DATA_SAVED",
  "timestamp": "2026-07-07T12:51:51.572Z"
}
7/7/2026, 6:21:50 pm | [2026-07-07T12:51:51.573Z] [LOG] {
  "event": "NAVIGATING_TO_USER"
}
7/7/2026, 6:21:50 pm | [2026-07-07T12:51:51.434Z] [LOG] {
  "screen": "LoginScreen",
  "event": "DEVICE_ID_FETCHED",
  "deviceId": "406183a278c74dfc",
  "timestamp": "2026-07-07T12:51:51.434Z"
}
7/7/2026, 6:21:50 pm | [2026-07-07T12:51:51.574Z] [LOG] {
  "screen": "LoginScreen",
  "event": "LOADING_COMPLETED",
  "timestamp": "2026-07-07T12:51:51.574Z"
}
7/7/2026, 6:21:50 pm | [2026-07-07T12:51:51.435Z] [LOG] {
  "screen": "LoginScreen",
  "event": "LOGIN_API_STARTED",
  "deviceId": "406183a278c74dfc",
  "timestamp": "2026-07-07T12:51:51.435Z"
}
7/7/2026, 6:21:50 pm | [2026-07-07T12:51:51.435Z] [LOG] {
  "empNo": "",
  "deviceId": "406183a278c74dfc"
}
7/7/2026, 6:21:50 pm | [2026-07-07T12:51:51.580Z] [LOG] {
  "screen": "UserDashboard",
  "event": "SCREEN_OPENED",
  "empNo": "UNKNOWN",
  "timestamp": "2026-07-07T12:51:51.580Z"
}
7/7/2026, 6:21:50 pm | [2026-07-07T12:51:51.583Z] [LOG] {
  "screen": "UserDashboard",
  "event": "LOAD_EMPLOYEE_STARTED",
  "empNo": "UNKNOWN",
  "timestamp": "2026-07-07T12:51:51.583Z"
}
7/7/2026, 6:21:50 pm | [2026-07-07T12:51:51.584Z] [LOG] {
  "screen": "UserDashboard",
  "event": "LOGGED_USER_FETCHED",
  "hasUser": true,
  "empNo": "UNKNOWN",
  "timestamp": "2026-07-07T12:51:51.584Z"
}
7/7/2026, 6:21:50 pm | [2026-07-07T12:51:51.585Z] [LOG] {
  "screen": "UserDashboard",
  "event": "EMPLOYEE_API_STARTED",
  "empNo": "394",
  "timestamp": "2026-07-07T12:51:51.585Z"
}
7/7/2026, 6:21:50 pm | [2026-07-07T12:51:51.748Z] [LOG] {
  "screen": "UserDashboard",
  "event": "EMPLOYEE_DATA_LOADED",
  "empNo": "394",
  "branch": "Ravulapalem",
  "designation": "Branch Manager",
  "timestamp": "2026-07-07T12:51:51.748Z"
}
7/7/2026, 6:21:50 pm | [2026-07-07T12:51:51.862Z] [LOG] {
  "screen": "UserDashboard",
  "event": "LAST_SUBMISSION_LOADED",
  "previousDayAmount": 1000000,
  "previousDaySubmittedAt": "2026-07-06 17:49:01",
  "formattedPreviousDayTime": "6/7/2026, 5:49 pm",
  "empNo": "",
  "timestamp": "2026-07-07T12:51:51.862Z"
}
7/7/2026, 6:21:50 pm | [2026-07-07T12:51:51.943Z] [LOG] {
  "screen": "UserDashboard",
  "event": "LOADING_COMPLETED",
  "empNo": "UNKNOWN",
  "timestamp": "2026-07-07T12:51:51.943Z"
}
7/7/2026, 6:21:57 pm | [2026-07-07T12:51:58.689Z] [LOG] {
  "screen": "UserDashboard",
  "event": "SAVE_BUTTON_CLICKED",
  "empNo": "394",
  "amount": "3400000",
  "isEditing": false,
  "timestamp": "2026-07-07T12:51:58.689Z"
}
7/7/2026, 6:21:58 pm | [2026-07-07T12:51:59.486Z] [LOG] {
  "screen": "UserDashboard",
  "event": "SAVE_CASH_API_STARTED",
  "empNo": "394",
  "amount": "3400000",
  "timestamp": "2026-07-07T12:51:59.486Z"
}
7/7/2026, 6:21:58 pm | [2026-07-07T12:52:00.024Z] [LOG] {
  "screen": "UserDashboard",
  "event": "SAVE_CASH_SUCCESS",
  "empNo": "394",
  "savedAmount": "3400000",
  "savedAt": "2026-07-07T12:52:00.017Z",
  "formattedSaveTime": "6:22 pm",
  "isEditing": false,
  "timestamp": "2026-07-07T12:52:00.024Z"
}
7/7/2026, 6:39:58 pm | [2026-07-07T13:09:57.573Z] [LOG] {
  "screen": "WelcomeScreen",
  "event": "LOGIN_BUTTON_CLICKED",
  "timestamp": "2026-07-07T13:09:57.572Z"
}
7/7/2026, 6:39:58 pm | [2026-07-07T13:09:57.623Z] [LOG] {
  "screen": "LoginScreen",
  "event": "SCREEN_OPENED",
  "timestamp": "2026-07-07T13:09:57.623Z"
}
7/7/2026, 6:40:00 pm | [2026-07-07T13:10:00.675Z] [LOG] {
  "screen": "LoginScreen",
  "event": "LOGIN_BUTTON_CLICKED",
  "timestamp": "2026-07-07T13:10:00.675Z"
}
7/7/2026, 6:40:00 pm | [2026-07-07T13:10:00.678Z] [LOG] {
  "screen": "LoginScreen",
  "event": "LOADING_STARTED",
  "timestamp": "2026-07-07T13:10:00.678Z"
}
7/7/2026, 6:40:00 pm | [2026-07-07T13:10:00.693Z] [LOG] {
  "empNo": "",
  "deviceId": "e6ca8319c9275ebb"
}
7/7/2026, 6:40:00 pm | [2026-07-07T13:10:00.796Z] [LOG] {
  "screen": "LoginScreen",
  "event": "LOGIN_SUCCESS",
  "user": {
    "empNo": "519",
    "employeeName": "Ch Harish Babu",
    "branchCode": "25",
    "branchName": "Mopidevi",
    "designation": "Branch Manager"
  },
  "timestamp": "2026-07-07T13:10:00.796Z"
}
7/7/2026, 6:40:00 pm | [2026-07-07T13:10:00.828Z] [LOG] {
  "screen": "LoginScreen",
  "event": "USER_DATA_SAVED",
  "timestamp": "2026-07-07T13:10:00.828Z"
}
7/7/2026, 6:40:00 pm | [2026-07-07T13:10:00.833Z] [LOG] {
  "event": "NAVIGATING_TO_USER"
}
7/7/2026, 6:40:00 pm | [2026-07-07T13:10:00.692Z] [LOG] {
  "screen": "LoginScreen",
  "event": "DEVICE_ID_FETCHED",
  "deviceId": "e6ca8319c9275ebb",
  "timestamp": "2026-07-07T13:10:00.692Z"
}
7/7/2026, 6:40:01 pm | [2026-07-07T13:10:00.693Z] [LOG] {
  "screen": "LoginScreen",
  "event": "LOGIN_API_STARTED",
  "deviceId": "e6ca8319c9275ebb",
  "timestamp": "2026-07-07T13:10:00.693Z"
}
7/7/2026, 6:40:01 pm | [2026-07-07T13:10:00.849Z] [LOG] {
  "screen": "UserDashboard",
  "event": "SCREEN_OPENED",
  "empNo": "UNKNOWN",
  "timestamp": "2026-07-07T13:10:00.848Z"
}
7/7/2026, 6:40:01 pm | [2026-07-07T13:10:00.849Z] [LOG] {
  "screen": "UserDashboard",
  "event": "LOAD_EMPLOYEE_STARTED",
  "empNo": "UNKNOWN",
  "timestamp": "2026-07-07T13:10:00.849Z"
}
7/7/2026, 6:40:01 pm | [2026-07-07T13:10:00.867Z] [LOG] {
  "screen": "UserDashboard",
  "event": "EMPLOYEE_API_STARTED",
  "empNo": "519",
  "timestamp": "2026-07-07T13:10:00.866Z"
}
7/7/2026, 6:40:01 pm | [2026-07-07T13:10:00.866Z] [LOG] {
  "screen": "UserDashboard",
  "event": "LOGGED_USER_FETCHED",
  "hasUser": true,
  "empNo": "UNKNOWN",
  "timestamp": "2026-07-07T13:10:00.866Z"
}
7/7/2026, 6:40:01 pm | [2026-07-07T13:10:00.834Z] [LOG] {
  "screen": "LoginScreen",
  "event": "LOADING_COMPLETED",
  "timestamp": "2026-07-07T13:10:00.834Z"
}
7/7/2026, 6:40:01 pm | [2026-07-07T13:10:00.978Z] [LOG] {
  "screen": "UserDashboard",
  "event": "EMPLOYEE_DATA_LOADED",
  "empNo": "519",
  "branch": "Mopidevi",
  "designation": "Branch Manager",
  "timestamp": "2026-07-07T13:10:00.978Z"
}
7/7/2026, 6:40:01 pm | [2026-07-07T13:10:01.048Z] [LOG] {
  "screen": "UserDashboard",
  "event": "LAST_SUBMISSION_LOADED",
  "previousDayAmount": 1740000,
  "previousDaySubmittedAt": "2026-07-06 18:21:36",
  "formattedPreviousDayTime": "6/7/2026, 6:21 pm",
  "empNo": "",
  "timestamp": "2026-07-07T13:10:01.048Z"
}
7/7/2026, 6:40:01 pm | [2026-07-07T13:10:01.134Z] [LOG] {
  "screen": "UserDashboard",
  "event": "LOADING_COMPLETED",
  "empNo": "UNKNOWN",
  "timestamp": "2026-07-07T13:10:01.134Z"
}
7/7/2026, 6:40:01 pm | [2026-07-07T13:10:01.133Z] [LOG] {
  "screen": "UserDashboard",
  "event": "TODAY_CASH_LOADED",
  "todayAmount": 850000,
  "todayModifiedAt": "2026-07-07 17:46:03",
  "formattedTodayTime": "5:46 pm",
  "empNo": "",
  "timestamp": "2026-07-07T13:10:01.133Z"
}
7/7/2026, 6:40:08 pm | [2026-07-07T13:10:08.471Z] [LOG] {
  "screen": "UserDashboard",
  "event": "SAVE_BUTTON_CLICKED",
  "empNo": "519",
  "amount": "1154000",
  "isEditing": true,
  "timestamp": "2026-07-07T13:10:08.471Z"
}
7/7/2026, 6:40:09 pm | [2026-07-07T13:10:09.520Z] [LOG] {
  "screen": "UserDashboard",
  "event": "SAVE_CASH_API_STARTED",
  "empNo": "519",
  "amount": "1154000",
  "timestamp": "2026-07-07T13:10:09.520Z"
}
7/7/2026, 6:40:09 pm | [2026-07-07T13:10:09.810Z] [LOG] {
  "screen": "UserDashboard",
  "event": "SAVE_CASH_SUCCESS",
  "empNo": "519",
  "savedAmount": "1154000",
  "savedAt": "2026-07-07T13:10:09.798Z",
  "formattedSaveTime": "6:40 pm",
  "isEditing": true,
  "timestamp": "2026-07-07T13:10:09.810Z"
}
7/7/2026, 6:40:12 pm | [2026-07-07T13:10:12.540Z] [LOG] {
  "screen": "UserDashboard",
  "event": "SAVE_BUTTON_CLICKED",
  "empNo": "519",
  "amount": "1154000",
  "isEditing": true,
  "timestamp": "2026-07-07T13:10:12.539Z"
}
7/7/2026, 6:40:13 pm | [2026-07-07T13:10:13.588Z] [LOG] {
  "screen": "UserDashboard",
  "event": "SAVE_CASH_API_STARTED",
  "empNo": "519",
  "amount": "1154000",
  "timestamp": "2026-07-07T13:10:13.588Z"
}
7/7/2026, 6:40:13 pm | [2026-07-07T13:10:13.667Z] [LOG] {
  "screen": "UserDashboard",
  "event": "SAVE_CASH_SUCCESS",
  "empNo": "519",
  "savedAmount": "1154000",
  "savedAt": "2026-07-07T13:10:13.663Z",
  "formattedSaveTime": "6:40 pm",
  "isEditing": true,
  "timestamp": "2026-07-07T13:10:13.667Z"
}
7/7/2026, 6:42:37 pm | [2026-07-07T13:12:39.893Z] [LOG] Running "CashClosingApp"
7/7/2026, 6:42:37 pm | [2026-07-07T13:12:40.002Z] [LOG] {
  "screen": "WelcomeScreen",
  "event": "SCREEN_OPENED",
  "timestamp": "2026-07-07T13:12:40.002Z"
}
7/7/2026, 6:42:37 pm | [2026-07-07T13:12:40.865Z] [LOG] {
  "screen": "LoginScreen",
  "event": "SCREEN_OPENED",
  "timestamp": "2026-07-07T13:12:40.865Z"
}
7/7/2026, 6:42:37 pm | [2026-07-07T13:12:40.821Z] [LOG] {
  "screen": "WelcomeScreen",
  "event": "LOGIN_BUTTON_CLICKED",
  "timestamp": "2026-07-07T13:12:40.821Z"
}
7/7/2026, 6:42:41 pm | [2026-07-07T13:12:44.228Z] [LOG] {
  "screen": "LoginScreen",
  "event": "LOADING_STARTED",
  "timestamp": "2026-07-07T13:12:44.228Z"
}
7/7/2026, 6:42:41 pm | [2026-07-07T13:12:44.227Z] [LOG] {
  "screen": "LoginScreen",
  "event": "LOGIN_BUTTON_CLICKED",
  "timestamp": "2026-07-07T13:12:44.227Z"
}
7/7/2026, 6:42:41 pm | [2026-07-07T13:12:44.346Z] [LOG] {
  "screen": "LoginScreen",
  "event": "LOGIN_SUCCESS",
  "user": {
    "empNo": "547",
    "employeeName": "K Anand Gajapathi Raju",
    "branchCode": "17",
    "branchName": "Gannavaram",
    "designation": "Branch Manager"
  },
  "timestamp": "2026-07-07T13:12:44.346Z"
}
7/7/2026, 6:42:41 pm | [2026-07-07T13:12:44.360Z] [LOG] {
  "screen": "LoginScreen",
  "event": "USER_DATA_SAVED",
  "timestamp": "2026-07-07T13:12:44.359Z"
}
7/7/2026, 6:42:41 pm | [2026-07-07T13:12:44.240Z] [LOG] {
  "empNo": "",
  "deviceId": "febe72fd01686baa"
}
7/7/2026, 6:42:41 pm | [2026-07-07T13:12:44.241Z] [LOG] {
  "screen": "LoginScreen",
  "event": "LOGIN_API_STARTED",
  "deviceId": "febe72fd01686baa",
  "timestamp": "2026-07-07T13:12:44.241Z"
}
7/7/2026, 6:42:41 pm | [2026-07-07T13:12:44.361Z] [LOG] {
  "event": "NAVIGATING_TO_USER"
}
7/7/2026, 6:42:41 pm | [2026-07-07T13:12:44.239Z] [LOG] {
  "screen": "LoginScreen",
  "event": "DEVICE_ID_FETCHED",
  "deviceId": "febe72fd01686baa",
  "timestamp": "2026-07-07T13:12:44.239Z"
}
7/7/2026, 6:42:41 pm | [2026-07-07T13:12:44.362Z] [LOG] {
  "screen": "LoginScreen",
  "event": "LOADING_COMPLETED",
  "timestamp": "2026-07-07T13:12:44.362Z"
}
7/7/2026, 6:42:41 pm | [2026-07-07T13:12:44.373Z] [LOG] {
  "screen": "UserDashboard",
  "event": "SCREEN_OPENED",
  "empNo": "UNKNOWN",
  "timestamp": "2026-07-07T13:12:44.373Z"
}
7/7/2026, 6:42:41 pm | [2026-07-07T13:12:44.373Z] [LOG] {
  "screen": "UserDashboard",
  "event": "LOAD_EMPLOYEE_STARTED",
  "empNo": "UNKNOWN",
  "timestamp": "2026-07-07T13:12:44.373Z"
}
7/7/2026, 6:42:41 pm | [2026-07-07T13:12:44.376Z] [LOG] {
  "screen": "UserDashboard",
  "event": "LOGGED_USER_FETCHED",
  "hasUser": true,
  "empNo": "UNKNOWN",
  "timestamp": "2026-07-07T13:12:44.376Z"
}
7/7/2026, 6:42:41 pm | [2026-07-07T13:12:44.376Z] [LOG] {
  "screen": "UserDashboard",
  "event": "EMPLOYEE_API_STARTED",
  "empNo": "547",
  "timestamp": "2026-07-07T13:12:44.376Z"
}
7/7/2026, 6:42:41 pm | [2026-07-07T13:12:44.482Z] [LOG] {
  "screen": "UserDashboard",
  "event": "EMPLOYEE_DATA_LOADED",
  "empNo": "547",
  "branch": "Gannavaram",
  "designation": "Branch Manager",
  "timestamp": "2026-07-07T13:12:44.481Z"
}
7/7/2026, 6:42:41 pm | [2026-07-07T13:12:44.645Z] [LOG] {
  "screen": "UserDashboard",
  "event": "LAST_SUBMISSION_LOADED",
  "previousDayAmount": 754457,
  "previousDaySubmittedAt": "2026-07-06 18:04:38",
  "formattedPreviousDayTime": "6/7/2026, 6:04 pm",
  "empNo": "",
  "timestamp": "2026-07-07T13:12:44.645Z"
}
7/7/2026, 6:42:41 pm | [2026-07-07T13:12:44.712Z] [LOG] {
  "screen": "UserDashboard",
  "event": "TODAY_CASH_LOADED",
  "todayAmount": 632864,
  "todayModifiedAt": "2026-07-07 17:38:25",
  "formattedTodayTime": "5:38 pm",
  "empNo": "",
  "timestamp": "2026-07-07T13:12:44.711Z"
}
7/7/2026, 6:42:41 pm | [2026-07-07T13:12:44.712Z] [LOG] {
  "screen": "UserDashboard",
  "event": "LOADING_COMPLETED",
  "empNo": "UNKNOWN",
  "timestamp": "2026-07-07T13:12:44.712Z"
}
7/7/2026, 6:42:44 pm | [2026-07-07T13:12:47.915Z] [LOG] {
  "screen": "UserDashboard",
  "event": "SAVE_BUTTON_CLICKED",
  "empNo": "547",
  "amount": "632864",
  "isEditing": true,
  "timestamp": "2026-07-07T13:12:47.915Z"
}
7/7/2026, 6:42:55 pm | [2026-07-07T13:12:57.983Z] [LOG] {
  "screen": "UserDashboard",
  "event": "SAVE_BUTTON_CLICKED",
  "empNo": "547",
  "amount": "630964",
  "isEditing": true,
  "timestamp": "2026-07-07T13:12:57.983Z"
}
7/7/2026, 6:42:55 pm | [2026-07-07T13:12:59.016Z] [LOG] {
  "screen": "UserDashboard",
  "event": "SAVE_CASH_API_STARTED",
  "empNo": "547",
  "amount": "630964",
  "timestamp": "2026-07-07T13:12:59.015Z"
}
7/7/2026, 6:42:56 pm | [2026-07-07T13:12:59.214Z] [LOG] {
  "screen": "UserDashboard",
  "event": "SAVE_CASH_SUCCESS",
  "empNo": "547",
  "savedAmount": "630964",
  "savedAt": "2026-07-07T13:12:59.207Z",
  "formattedSaveTime": "6:42 pm",
  "isEditing": true,
  "timestamp": "2026-07-07T13:12:59.214Z"
}
7/7/2026, 6:42:58 pm | [2026-07-07T13:13:01.273Z] [LOG] {
  "screen": "UserDashboard",
  "event": "LOGOUT_CLICKED",
  "empNo": "547",
  "timestamp": "2026-07-07T13:13:01.273Z"
}
7/7/2026, 6:42:58 pm | [2026-07-07T13:13:01.303Z] [LOG] {
  "screen": "LoginScreen",
  "event": "SCREEN_OPENED",
  "timestamp": "2026-07-07T13:13:01.303Z"
}
7/7/2026, 6:44:34 pm | [2026-07-07T13:14:35.902Z] [LOG] Running "CashClosingApp"
7/7/2026, 6:44:34 pm | [2026-07-07T13:14:35.985Z] [LOG] {
  "screen": "WelcomeScreen",
  "event": "SCREEN_OPENED",
  "timestamp": "2026-07-07T13:14:35.985Z"
}
7/7/2026, 6:44:35 pm | [2026-07-07T13:14:36.905Z] [LOG] {
  "screen": "WelcomeScreen",
  "event": "LOGIN_BUTTON_CLICKED",
  "timestamp": "2026-07-07T13:14:36.905Z"
}
7/7/2026, 6:44:35 pm | [2026-07-07T13:14:36.941Z] [LOG] {
  "screen": "LoginScreen",
  "event": "SCREEN_OPENED",
  "timestamp": "2026-07-07T13:14:36.941Z"
}
7/7/2026, 6:44:38 pm | [2026-07-07T13:14:40.005Z] [LOG] {
  "screen": "LoginScreen",
  "event": "LOGIN_BUTTON_CLICKED",
  "timestamp": "2026-07-07T13:14:40.005Z"
}
7/7/2026, 6:44:38 pm | [2026-07-07T13:14:40.006Z] [LOG] {
  "screen": "LoginScreen",
  "event": "LOADING_STARTED",
  "timestamp": "2026-07-07T13:14:40.006Z"
}
7/7/2026, 6:44:38 pm | [2026-07-07T13:14:40.101Z] [ERROR] {
  "screen": "LoginScreen",
  "event": "LOGIN_FAILED",
  "error": {
    "success": false,
    "message": "Invalid MPIN"
  },
  "timestamp": "2026-07-07T13:14:40.101Z"
}
7/7/2026, 6:44:38 pm | [2026-07-07T13:14:40.104Z] [LOG] {
  "screen": "LoginScreen",
  "event": "LOADING_COMPLETED",
  "timestamp": "2026-07-07T13:14:40.104Z"
}
7/7/2026, 6:44:38 pm | [2026-07-07T13:14:40.015Z] [LOG] {
  "screen": "LoginScreen",
  "event": "LOGIN_API_STARTED",
  "deviceId": "0cc594f412a16de2",
  "timestamp": "2026-07-07T13:14:40.015Z"
}
7/7/2026, 6:44:38 pm | [2026-07-07T13:14:40.014Z] [LOG] {
  "empNo": "",
  "deviceId": "0cc594f412a16de2"
}
7/7/2026, 6:44:38 pm | [2026-07-07T13:14:40.014Z] [LOG] {
  "screen": "LoginScreen",
  "event": "DEVICE_ID_FETCHED",
  "deviceId": "0cc594f412a16de2",
  "timestamp": "2026-07-07T13:14:40.014Z"
}
7/7/2026, 6:44:46 pm | [2026-07-07T13:14:48.434Z] [LOG] {
  "screen": "LoginScreen",
  "event": "LOGIN_API_STARTED",
  "deviceId": "0cc594f412a16de2",
  "timestamp": "2026-07-07T13:14:48.434Z"
}
7/7/2026, 6:44:46 pm | [2026-07-07T13:14:48.431Z] [LOG] {
  "screen": "LoginScreen",
  "event": "DEVICE_ID_FETCHED",
  "deviceId": "0cc594f412a16de2",
  "timestamp": "2026-07-07T13:14:48.431Z"
}
7/7/2026, 6:44:46 pm | [2026-07-07T13:14:48.434Z] [LOG] {
  "empNo": "",
  "deviceId": "0cc594f412a16de2"
}
7/7/2026, 6:44:46 pm | [2026-07-07T13:14:48.423Z] [LOG] {
  "screen": "LoginScreen",
  "event": "LOADING_STARTED",
  "timestamp": "2026-07-07T13:14:48.423Z"
}
7/7/2026, 6:44:46 pm | [2026-07-07T13:14:48.422Z] [LOG] {
  "screen": "LoginScreen",
  "event": "LOGIN_BUTTON_CLICKED",
  "timestamp": "2026-07-07T13:14:48.422Z"
}
7/7/2026, 6:44:46 pm | [2026-07-07T13:14:48.640Z] [LOG] {
  "screen": "LoginScreen",
  "event": "LOGIN_SUCCESS",
  "user": {
    "empNo": "403",
    "employeeName": "G.A.G.Prasad",
    "branchCode": "11",
    "branchName": "Kanuru",
    "designation": "Branch Manager"
  },
  "timestamp": "2026-07-07T13:14:48.640Z"
}
7/7/2026, 6:44:46 pm | [2026-07-07T13:14:48.686Z] [LOG] {
  "screen": "LoginScreen",
  "event": "LOADING_COMPLETED",
  "timestamp": "2026-07-07T13:14:48.686Z"
}
7/7/2026, 6:44:46 pm | [2026-07-07T13:14:48.684Z] [LOG] {
  "event": "NAVIGATING_TO_USER"
}
7/7/2026, 6:44:46 pm | [2026-07-07T13:14:48.683Z] [LOG] {
  "screen": "LoginScreen",
  "event": "USER_DATA_SAVED",
  "timestamp": "2026-07-07T13:14:48.683Z"
}
7/7/2026, 6:44:46 pm | [2026-07-07T13:14:48.707Z] [LOG] {
  "screen": "UserDashboard",
  "event": "LOAD_EMPLOYEE_STARTED",
  "empNo": "UNKNOWN",
  "timestamp": "2026-07-07T13:14:48.707Z"
}
7/7/2026, 6:44:46 pm | [2026-07-07T13:14:48.706Z] [LOG] {
  "screen": "UserDashboard",
  "event": "SCREEN_OPENED",
  "empNo": "UNKNOWN",
  "timestamp": "2026-07-07T13:14:48.706Z"
}
7/7/2026, 6:44:46 pm | [2026-07-07T13:14:48.714Z] [LOG] {
  "screen": "UserDashboard",
  "event": "EMPLOYEE_API_STARTED",
  "empNo": "403",
  "timestamp": "2026-07-07T13:14:48.714Z"
}
7/7/2026, 6:44:46 pm | [2026-07-07T13:14:48.714Z] [LOG] {
  "screen": "UserDashboard",
  "event": "LOGGED_USER_FETCHED",
  "hasUser": true,
  "empNo": "UNKNOWN",
  "timestamp": "2026-07-07T13:14:48.714Z"
}
7/7/2026, 6:44:47 pm | [2026-07-07T13:14:48.784Z] [LOG] {
  "screen": "UserDashboard",
  "event": "EMPLOYEE_DATA_LOADED",
  "empNo": "403",
  "branch": "Kanuru",
  "designation": "Branch Manager",
  "timestamp": "2026-07-07T13:14:48.784Z"
}
7/7/2026, 6:44:47 pm | [2026-07-07T13:14:48.891Z] [LOG] {
  "screen": "UserDashboard",
  "event": "LAST_SUBMISSION_LOADED",
  "previousDayAmount": 3635944,
  "previousDaySubmittedAt": "2026-07-06 17:50:28",
  "formattedPreviousDayTime": "6/7/2026, 5:50 pm",
  "empNo": "",
  "timestamp": "2026-07-07T13:14:48.891Z"
}
7/7/2026, 6:44:47 pm | [2026-07-07T13:14:48.978Z] [LOG] {
  "screen": "UserDashboard",
  "event": "LOADING_COMPLETED",
  "empNo": "UNKNOWN",
  "timestamp": "2026-07-07T13:14:48.978Z"
}
7/7/2026, 6:44:47 pm | [2026-07-07T13:14:48.977Z] [LOG] {
  "screen": "UserDashboard",
  "event": "TODAY_CASH_LOADED",
  "todayAmount": 2761474,
  "todayModifiedAt": "2026-07-07 17:37:14",
  "formattedTodayTime": "5:37 pm",
  "empNo": "",
  "timestamp": "2026-07-07T13:14:48.977Z"
}
7/7/2026, 6:45:17 pm | [2026-07-07T13:15:18.865Z] [LOG] {
  "screen": "UserDashboard",
  "event": "SAVE_BUTTON_CLICKED",
  "empNo": "403",
  "amount": "3211317",
  "isEditing": true,
  "timestamp": "2026-07-07T13:15:18.865Z"
}
7/7/2026, 6:45:17 pm | [2026-07-07T13:15:19.609Z] [LOG] {
  "screen": "UserDashboard",
  "event": "SAVE_CASH_API_STARTED",
  "empNo": "403",
  "amount": "3211317",
  "timestamp": "2026-07-07T13:15:19.609Z"
}
7/7/2026, 6:45:18 pm | [2026-07-07T13:15:19.814Z] [LOG] {
  "screen": "UserDashboard",
  "event": "SAVE_CASH_SUCCESS",
  "empNo": "403",
  "savedAmount": "3211317",
  "savedAt": "2026-07-07T13:15:19.810Z",
  "formattedSaveTime": "6:45 pm",
  "isEditing": true,
  "timestamp": "2026-07-07T13:15:19.813Z"
}
