27/8/2026, 5:43:36 pm | [2026-08-27T12:13:37.335Z] [LOG] {"page":"CashClosingDashboard","event":"CASH_CLOSING_DASHBOARD_PAGE_LOADED","timestamp":"2026-08-27T12:13:37.335Z"}
27/8/2026, 5:43:36 pm | [2026-08-27T12:13:37.355Z] [LOG] {"page":"CashClosingDashboard","event":"CASH_CLOSING_INITIAL_FETCH_STARTED","timestamp":"2026-08-27T12:13:37.355Z"}
27/8/2026, 5:43:36 pm | [2026-08-27T12:13:37.629Z] [LOG] {"page":"CashClosingDashboard","event":"CASH_CLOSING_INITIAL_FETCH_SUCCESS","totalRecords":56,"totalClusters":5,"totalBranches":62,"timestamp":"2026-08-27T12:13:37.629Z"}
27/8/2026, 5:43:36 pm | [2026-08-27T12:13:37.629Z] [LOG] {"page":"CashClosingDashboard","event":"CASH_CLOSING_DASHBOARD_PAGE_LOADED","timestamp":"2026-08-27T12:13:37.629Z"}
27/8/2026, 5:43:39 pm | [2026-08-27T12:13:40.559Z] [LOG] {"page":"CashClosingDashboard","event":"CASH_CLOSING_RESET_CLICKED","timestamp":"2026-08-27T12:13:40.559Z"}
27/8/2026, 5:43:39 pm | [2026-08-27T12:13:40.560Z] [LOG] {"page":"CashClosingDashboard","event":"CASH_CLOSING_DASHBOARD_PAGE_LOADED","timestamp":"2026-08-27T12:13:40.560Z"}
27/8/2026, 5:43:39 pm | [2026-08-27T12:13:40.616Z] [LOG] {"page":"CashClosingDashboard","event":"CASH_CLOSING_RESET_SUCCESS","totalRecords":56,"timestamp":"2026-08-27T12:13:40.616Z"}
27/8/2026, 5:43:39 pm | [2026-08-27T12:13:40.616Z] [LOG] {"page":"CashClosingDashboard","event":"CASH_CLOSING_DASHBOARD_PAGE_LOADED","timestamp":"2026-08-27T12:13:40.616Z"}
27/8/2026, 5:43:39 pm | [2026-08-27T12:13:40.734Z] [LOG] {"page":"CashClosingDashboard","event":"CASH_CLOSING_DASHBOARD_PAGE_LOADED","timestamp":"2026-08-27T12:13:40.734Z"}
27/8/2026, 5:43:39 pm | [2026-08-27T12:13:40.734Z] [LOG] {"page":"CashClosingDashboard","event":"CASH_CLOSING_RESET_CLICKED","timestamp":"2026-08-27T12:13:40.734Z"}
27/8/2026, 5:43:39 pm | [2026-08-27T12:13:40.789Z] [LOG] {"page":"CashClosingDashboard","event":"CASH_CLOSING_RESET_SUCCESS","totalRecords":56,"timestamp":"2026-08-27T12:13:40.789Z"}
27/8/2026, 5:43:39 pm | [2026-08-27T12:13:40.789Z] [LOG] {"page":"CashClosingDashboard","event":"CASH_CLOSING_DASHBOARD_PAGE_LOADED","timestamp":"2026-08-27T12:13:40.789Z"}
27/8/2026, 5:43:39 pm | [2026-08-27T12:13:41.111Z] [LOG] {"page":"CashClosingDashboard","event":"CASH_CLOSING_RESET_CLICKED","timestamp":"2026-08-27T12:13:41.111Z"}
27/8/2026, 5:43:39 pm | [2026-08-27T12:13:41.112Z] [LOG] {"page":"CashClosingDashboard","event":"CASH_CLOSING_DASHBOARD_PAGE_LOADED","timestamp":"2026-08-27T12:13:41.112Z"}
27/8/2026, 5:43:39 pm | [2026-08-27T12:13:41.166Z] [LOG] {"page":"CashClosingDashboard","event":"CASH_CLOSING_RESET_SUCCESS","totalRecords":56,"timestamp":"2026-08-27T12:13:41.166Z"}
27/8/2026, 5:43:39 pm | [2026-08-27T12:13:41.166Z] [LOG] {"page":"CashClosingDashboard","event":"CASH_CLOSING_DASHBOARD_PAGE_LOADED","timestamp":"2026-08-27T12:13:41.166Z"}
27/8/2026, 5:43:39 pm | [2026-08-27T12:13:41.262Z] [LOG] {"page":"CashClosingDashboard","event":"CASH_CLOSING_RESET_CLICKED","timestamp":"2026-08-27T12:13:41.262Z"}
27/8/2026, 5:43:39 pm | [2026-08-27T12:13:41.263Z] [LOG] {"page":"CashClosingDashboard","event":"CASH_CLOSING_DASHBOARD_PAGE_LOADED","timestamp":"2026-08-27T12:13:41.263Z"}
27/8/2026, 5:43:39 pm | [2026-08-27T12:13:41.321Z] [LOG] {"page":"CashClosingDashboard","event":"CASH_CLOSING_DASHBOARD_PAGE_LOADED","timestamp":"2026-08-27T12:13:41.321Z"}
27/8/2026, 5:43:39 pm | [2026-08-27T12:13:41.321Z] [LOG] {"page":"CashClosingDashboard","event":"CASH_CLOSING_RESET_SUCCESS","totalRecords":56,"timestamp":"2026-08-27T12:13:41.321Z"}
27/8/2026, 5:44:22 pm | [2026-08-27T12:14:23.312Z] [LOG] {"page":"CashClosingDashboard","event":"CASH_CLOSING_INITIAL_FETCH_STARTED","timestamp":"2026-08-27T12:14:23.312Z"}
27/8/2026, 5:44:22 pm | [2026-08-27T12:14:23.294Z] [LOG] {"page":"CashClosingDashboard","event":"CASH_CLOSING_DASHBOARD_PAGE_LOADED","timestamp":"2026-08-27T12:14:23.293Z"}
27/8/2026, 5:44:22 pm | [2026-08-27T12:14:23.564Z] [LOG] {"page":"CashClosingDashboard","event":"CASH_CLOSING_DASHBOARD_PAGE_LOADED","timestamp":"2026-08-27T12:14:23.564Z"}
27/8/2026, 5:44:22 pm | [2026-08-27T12:14:23.564Z] [LOG] {"page":"CashClosingDashboard","event":"CASH_CLOSING_INITIAL_FETCH_SUCCESS","totalRecords":56,"totalClusters":5,"totalBranches":62,"timestamp":"2026-08-27T12:14:23.564Z"}
27/8/2026, 5:44:24 pm | [2026-08-27T12:14:25.355Z] [LOG] {"page":"CashClosingDashboard","event":"CASH_CLOSING_RESET_CLICKED","timestamp":"2026-08-27T12:14:25.355Z"}
27/8/2026, 5:44:24 pm | [2026-08-27T12:14:25.356Z] [LOG] {"page":"CashClosingDashboard","event":"CASH_CLOSING_DASHBOARD_PAGE_LOADED","timestamp":"2026-08-27T12:14:25.356Z"}
27/8/2026, 5:44:24 pm | [2026-08-27T12:14:25.412Z] [LOG] {"page":"CashClosingDashboard","event":"CASH_CLOSING_RESET_SUCCESS","totalRecords":56,"timestamp":"2026-08-27T12:14:25.412Z"}
27/8/2026, 5:44:24 pm | [2026-08-27T12:14:25.413Z] [LOG] {"page":"CashClosingDashboard","event":"CASH_CLOSING_DASHBOARD_PAGE_LOADED","timestamp":"2026-08-27T12:14:25.413Z"}
27/8/2026, 5:44:24 pm | [2026-08-27T12:14:25.516Z] [LOG] {"page":"CashClosingDashboard","event":"CASH_CLOSING_RESET_CLICKED","timestamp":"2026-08-27T12:14:25.516Z"}
27/8/2026, 5:44:24 pm | [2026-08-27T12:14:25.517Z] [LOG] {"page":"CashClosingDashboard","event":"CASH_CLOSING_DASHBOARD_PAGE_LOADED","timestamp":"2026-08-27T12:14:25.517Z"}
27/8/2026, 5:44:24 pm | [2026-08-27T12:14:25.572Z] [LOG] {"page":"CashClosingDashboard","event":"CASH_CLOSING_RESET_SUCCESS","totalRecords":56,"timestamp":"2026-08-27T12:14:25.572Z"}
27/8/2026, 5:44:24 pm | [2026-08-27T12:14:25.572Z] [LOG] {"page":"CashClosingDashboard","event":"CASH_CLOSING_DASHBOARD_PAGE_LOADED","timestamp":"2026-08-27T12:14:25.572Z"}
27/8/2026, 5:44:24 pm | [2026-08-27T12:14:25.700Z] [LOG] {"page":"CashClosingDashboard","event":"CASH_CLOSING_RESET_CLICKED","timestamp":"2026-08-27T12:14:25.700Z"}
27/8/2026, 5:44:24 pm | [2026-08-27T12:14:25.701Z] [LOG] {"page":"CashClosingDashboard","event":"CASH_CLOSING_DASHBOARD_PAGE_LOADED","timestamp":"2026-08-27T12:14:25.701Z"}
27/8/2026, 5:44:24 pm | [2026-08-27T12:14:25.752Z] [LOG] {"page":"CashClosingDashboard","event":"CASH_CLOSING_RESET_SUCCESS","totalRecords":56,"timestamp":"2026-08-27T12:14:25.752Z"}
27/8/2026, 5:44:24 pm | [2026-08-27T12:14:25.752Z] [LOG] {"page":"CashClosingDashboard","event":"CASH_CLOSING_DASHBOARD_PAGE_LOADED","timestamp":"2026-08-27T12:14:25.752Z"}
27/8/2026, 5:44:36 pm | [2026-08-27T12:14:37.091Z] [LOG] {"page":"CashClosingDashboard","event":"CASH_CLOSING_RESET_CLICKED","timestamp":"2026-08-27T12:14:37.091Z"}
27/8/2026, 5:44:36 pm | [2026-08-27T12:14:37.093Z] [LOG] {"page":"CashClosingDashboard","event":"CASH_CLOSING_DASHBOARD_PAGE_LOADED","timestamp":"2026-08-27T12:14:37.092Z"}
27/8/2026, 5:44:36 pm | [2026-08-27T12:14:37.226Z] [LOG] {"page":"CashClosingDashboard","event":"CASH_CLOSING_DASHBOARD_PAGE_LOADED","timestamp":"2026-08-27T12:14:37.226Z"}
27/8/2026, 5:44:36 pm | [2026-08-27T12:14:37.226Z] [LOG] {"page":"CashClosingDashboard","event":"CASH_CLOSING_RESET_SUCCESS","totalRecords":56,"timestamp":"2026-08-27T12:14:37.225Z"}
27/8/2026, 5:44:36 pm | [2026-08-27T12:14:37.267Z] [LOG] {"page":"CashClosingDashboard","event":"CASH_CLOSING_RESET_CLICKED","timestamp":"2026-08-27T12:14:37.267Z"}
27/8/2026, 5:44:36 pm | [2026-08-27T12:14:37.268Z] [LOG] {"page":"CashClosingDashboard","event":"CASH_CLOSING_DASHBOARD_PAGE_LOADED","timestamp":"2026-08-27T12:14:37.268Z"}
27/8/2026, 5:44:36 pm | [2026-08-27T12:14:37.322Z] [LOG] {"page":"CashClosingDashboard","event":"CASH_CLOSING_RESET_SUCCESS","totalRecords":56,"timestamp":"2026-08-27T12:14:37.322Z"}
27/8/2026, 5:44:36 pm | [2026-08-27T12:14:37.322Z] [LOG] {"page":"CashClosingDashboard","event":"CASH_CLOSING_DASHBOARD_PAGE_LOADED","timestamp":"2026-08-27T12:14:37.322Z"}
27/8/2026, 5:44:36 pm | [2026-08-27T12:14:37.444Z] [LOG] {"page":"CashClosingDashboard","event":"CASH_CLOSING_RESET_CLICKED","timestamp":"2026-08-27T12:14:37.444Z"}
27/8/2026, 5:44:36 pm | [2026-08-27T12:14:37.445Z] [LOG] {"page":"CashClosingDashboard","event":"CASH_CLOSING_DASHBOARD_PAGE_LOADED","timestamp":"2026-08-27T12:14:37.445Z"}
27/8/2026, 5:44:36 pm | [2026-08-27T12:14:37.499Z] [LOG] {"page":"CashClosingDashboard","event":"CASH_CLOSING_RESET_SUCCESS","totalRecords":56,"timestamp":"2026-08-27T12:14:37.499Z"}
27/8/2026, 5:44:36 pm | [2026-08-27T12:14:37.499Z] [LOG] {"page":"CashClosingDashboard","event":"CASH_CLOSING_DASHBOARD_PAGE_LOADED","timestamp":"2026-08-27T12:14:37.499Z"}
27/8/2026, 5:44:36 pm | [2026-08-27T12:14:37.652Z] [LOG] {"page":"CashClosingDashboard","event":"CASH_CLOSING_RESET_CLICKED","timestamp":"2026-08-27T12:14:37.652Z"}
27/8/2026, 5:44:36 pm | [2026-08-27T12:14:37.653Z] [LOG] {"page":"CashClosingDashboard","event":"CASH_CLOSING_DASHBOARD_PAGE_LOADED","timestamp":"2026-08-27T12:14:37.653Z"}
27/8/2026, 5:44:36 pm | [2026-08-27T12:14:37.706Z] [LOG] {"page":"CashClosingDashboard","event":"CASH_CLOSING_RESET_SUCCESS","totalRecords":56,"timestamp":"2026-08-27T12:14:37.706Z"}
27/8/2026, 5:44:36 pm | [2026-08-27T12:14:37.707Z] [LOG] {"page":"CashClosingDashboard","event":"CASH_CLOSING_DASHBOARD_PAGE_LOADED","timestamp":"2026-08-27T12:14:37.707Z"}
27/8/2026, 5:44:38 pm | [2026-08-27T12:14:39.723Z] [LOG] {"page":"CashClosingDashboard","event":"CASH_CLOSING_RESET_CLICKED","timestamp":"2026-08-27T12:14:39.723Z"}
27/8/2026, 5:44:38 pm | [2026-08-27T12:14:39.724Z] [LOG] {"page":"CashClosingDashboard","event":"CASH_CLOSING_DASHBOARD_PAGE_LOADED","timestamp":"2026-08-27T12:14:39.724Z"}
27/8/2026, 5:44:38 pm | [2026-08-27T12:14:39.776Z] [LOG] {"page":"CashClosingDashboard","event":"CASH_CLOSING_RESET_SUCCESS","totalRecords":56,"timestamp":"2026-08-27T12:14:39.776Z"}
27/8/2026, 5:44:38 pm | [2026-08-27T12:14:39.777Z] [LOG] {"page":"CashClosingDashboard","event":"CASH_CLOSING_DASHBOARD_PAGE_LOADED","timestamp":"2026-08-27T12:14:39.777Z"}
27/8/2026, 5:44:38 pm | [2026-08-27T12:14:39.893Z] [LOG] {"page":"CashClosingDashboard","event":"CASH_CLOSING_DASHBOARD_PAGE_LOADED","timestamp":"2026-08-27T12:14:39.893Z"}
27/8/2026, 5:44:38 pm | [2026-08-27T12:14:39.892Z] [LOG] {"page":"CashClosingDashboard","event":"CASH_CLOSING_RESET_CLICKED","timestamp":"2026-08-27T12:14:39.892Z"}
27/8/2026, 5:44:38 pm | [2026-08-27T12:14:39.946Z] [LOG] {"page":"CashClosingDashboard","event":"CASH_CLOSING_DASHBOARD_PAGE_LOADED","timestamp":"2026-08-27T12:14:39.946Z"}
27/8/2026, 5:44:38 pm | [2026-08-27T12:14:39.946Z] [LOG] {"page":"CashClosingDashboard","event":"CASH_CLOSING_RESET_SUCCESS","totalRecords":56,"timestamp":"2026-08-27T12:14:39.946Z"}
27/8/2026, 5:44:40 pm | [2026-08-27T12:14:41.844Z] [LOG] {"page":"CashClosingDashboard","event":"CASH_CLOSING_DASHBOARD_PAGE_LOADED","timestamp":"2026-08-27T12:14:41.844Z"}
27/8/2026, 5:44:40 pm | [2026-08-27T12:14:41.844Z] [LOG] {"page":"CashClosingDashboard","event":"CASH_CLOSING_RESET_CLICKED","timestamp":"2026-08-27T12:14:41.844Z"}
27/8/2026, 5:44:40 pm | [2026-08-27T12:14:41.898Z] [LOG] {"page":"CashClosingDashboard","event":"CASH_CLOSING_DASHBOARD_PAGE_LOADED","timestamp":"2026-08-27T12:14:41.898Z"}
27/8/2026, 5:44:40 pm | [2026-08-27T12:14:41.897Z] [LOG] {"page":"CashClosingDashboard","event":"CASH_CLOSING_RESET_SUCCESS","totalRecords":56,"timestamp":"2026-08-27T12:14:41.897Z"}
27/8/2026, 5:44:41 pm | [2026-08-27T12:14:42.036Z] [LOG] {"page":"CashClosingDashboard","event":"CASH_CLOSING_RESET_CLICKED","timestamp":"2026-08-27T12:14:42.036Z"}
27/8/2026, 5:44:41 pm | [2026-08-27T12:14:42.037Z] [LOG] {"page":"CashClosingDashboard","event":"CASH_CLOSING_DASHBOARD_PAGE_LOADED","timestamp":"2026-08-27T12:14:42.037Z"}
27/8/2026, 5:44:41 pm | [2026-08-27T12:14:42.090Z] [LOG] {"page":"CashClosingDashboard","event":"CASH_CLOSING_RESET_SUCCESS","totalRecords":56,"timestamp":"2026-08-27T12:14:42.090Z"}
27/8/2026, 5:44:41 pm | [2026-08-27T12:14:42.091Z] [LOG] {"page":"CashClosingDashboard","event":"CASH_CLOSING_DASHBOARD_PAGE_LOADED","timestamp":"2026-08-27T12:14:42.091Z"}
27/8/2026, 5:44:41 pm | [2026-08-27T12:14:42.244Z] [LOG] {"page":"CashClosingDashboard","event":"CASH_CLOSING_RESET_CLICKED","timestamp":"2026-08-27T12:14:42.244Z"}
27/8/2026, 5:44:41 pm | [2026-08-27T12:14:42.244Z] [LOG] {"page":"CashClosingDashboard","event":"CASH_CLOSING_DASHBOARD_PAGE_LOADED","timestamp":"2026-08-27T12:14:42.244Z"}
27/8/2026, 5:44:41 pm | [2026-08-27T12:14:42.333Z] [LOG] {"page":"CashClosingDashboard","event":"CASH_CLOSING_DASHBOARD_PAGE_LOADED","timestamp":"2026-08-27T12:14:42.333Z"}
27/8/2026, 5:44:41 pm | [2026-08-27T12:14:42.333Z] [LOG] {"page":"CashClosingDashboard","event":"CASH_CLOSING_RESET_SUCCESS","totalRecords":56,"timestamp":"2026-08-27T12:14:42.332Z"}
27/8/2026, 5:44:44 pm | [2026-08-27T12:14:45.444Z] [LOG] {"page":"CashClosingDashboard","event":"CASH_CLOSING_RESET_CLICKED","timestamp":"2026-08-27T12:14:45.444Z"}
27/8/2026, 5:44:44 pm | [2026-08-27T12:14:45.444Z] [LOG] {"page":"CashClosingDashboard","event":"CASH_CLOSING_DASHBOARD_PAGE_LOADED","timestamp":"2026-08-27T12:14:45.444Z"}
27/8/2026, 5:44:44 pm | [2026-08-27T12:14:45.501Z] [LOG] {"page":"CashClosingDashboard","event":"CASH_CLOSING_RESET_SUCCESS","totalRecords":56,"timestamp":"2026-08-27T12:14:45.501Z"}
27/8/2026, 5:44:44 pm | [2026-08-27T12:14:45.502Z] [LOG] {"page":"CashClosingDashboard","event":"CASH_CLOSING_DASHBOARD_PAGE_LOADED","timestamp":"2026-08-27T12:14:45.502Z"}
27/8/2026, 5:44:44 pm | [2026-08-27T12:14:45.636Z] [LOG] {"page":"CashClosingDashboard","event":"CASH_CLOSING_RESET_CLICKED","timestamp":"2026-08-27T12:14:45.636Z"}
27/8/2026, 5:44:44 pm | [2026-08-27T12:14:45.636Z] [LOG] {"page":"CashClosingDashboard","event":"CASH_CLOSING_DASHBOARD_PAGE_LOADED","timestamp":"2026-08-27T12:14:45.636Z"}
27/8/2026, 5:44:44 pm | [2026-08-27T12:14:45.689Z] [LOG] {"page":"CashClosingDashboard","event":"CASH_CLOSING_RESET_SUCCESS","totalRecords":56,"timestamp":"2026-08-27T12:14:45.689Z"}
27/8/2026, 5:44:44 pm | [2026-08-27T12:14:45.690Z] [LOG] {"page":"CashClosingDashboard","event":"CASH_CLOSING_DASHBOARD_PAGE_LOADED","timestamp":"2026-08-27T12:14:45.690Z"}
27/8/2026, 5:44:46 pm | [2026-08-27T12:14:47.476Z] [LOG] {"page":"CashClosingDashboard","event":"CASH_CLOSING_DASHBOARD_PAGE_LOADED","timestamp":"2026-08-27T12:14:47.476Z"}
27/8/2026, 5:44:46 pm | [2026-08-27T12:14:47.476Z] [LOG] {"page":"CashClosingDashboard","event":"CASH_CLOSING_RESET_CLICKED","timestamp":"2026-08-27T12:14:47.476Z"}
27/8/2026, 5:44:46 pm | [2026-08-27T12:14:47.571Z] [LOG] {"page":"CashClosingDashboard","event":"CASH_CLOSING_RESET_SUCCESS","totalRecords":56,"timestamp":"2026-08-27T12:14:47.571Z"}
27/8/2026, 5:44:46 pm | [2026-08-27T12:14:47.572Z] [LOG] {"page":"CashClosingDashboard","event":"CASH_CLOSING_DASHBOARD_PAGE_LOADED","timestamp":"2026-08-27T12:14:47.572Z"}
27/8/2026, 5:44:46 pm | [2026-08-27T12:14:47.668Z] [LOG] {"page":"CashClosingDashboard","event":"CASH_CLOSING_DASHBOARD_PAGE_LOADED","timestamp":"2026-08-27T12:14:47.668Z"}
27/8/2026, 5:44:46 pm | [2026-08-27T12:14:47.667Z] [LOG] {"page":"CashClosingDashboard","event":"CASH_CLOSING_RESET_CLICKED","timestamp":"2026-08-27T12:14:47.667Z"}
27/8/2026, 5:44:46 pm | [2026-08-27T12:14:47.727Z] [LOG] {"page":"CashClosingDashboard","event":"CASH_CLOSING_RESET_SUCCESS","totalRecords":56,"timestamp":"2026-08-27T12:14:47.727Z"}
27/8/2026, 5:44:46 pm | [2026-08-27T12:14:47.727Z] [LOG] {"page":"CashClosingDashboard","event":"CASH_CLOSING_DASHBOARD_PAGE_LOADED","timestamp":"2026-08-27T12:14:47.727Z"}
27/8/2026, 5:44:51 pm | [2026-08-27T12:14:52.589Z] [LOG] {"page":"CashClosingDashboard","event":"CASH_CLOSING_DASHBOARD_PAGE_LOADED","timestamp":"2026-08-27T12:14:52.589Z"}
27/8/2026, 5:45:03 pm | [2026-08-27T12:15:04.772Z] [LOG] {"page":"CashClosingDashboard","event":"CASH_CLOSING_DASHBOARD_PAGE_LOADED","timestamp":"2026-08-27T12:15:04.772Z"}
27/8/2026, 5:45:04 pm | [2026-08-27T12:15:06.004Z] [LOG] {"page":"CashClosingDashboard","event":"CASH_CLOSING_RESET_CLICKED","timestamp":"2026-08-27T12:15:06.004Z"}
27/8/2026, 5:45:05 pm | [2026-08-27T12:15:06.005Z] [LOG] {"page":"CashClosingDashboard","event":"CASH_CLOSING_DASHBOARD_PAGE_LOADED","timestamp":"2026-08-27T12:15:06.005Z"}
27/8/2026, 5:45:05 pm | [2026-08-27T12:15:06.091Z] [LOG] {"page":"CashClosingDashboard","event":"CASH_CLOSING_DASHBOARD_PAGE_LOADED","timestamp":"2026-08-27T12:15:06.091Z"}
27/8/2026, 5:45:05 pm | [2026-08-27T12:15:06.091Z] [LOG] {"page":"CashClosingDashboard","event":"CASH_CLOSING_RESET_SUCCESS","totalRecords":56,"timestamp":"2026-08-27T12:15:06.091Z"}
27/8/2026, 5:45:05 pm | [2026-08-27T12:15:06.172Z] [LOG] {"page":"CashClosingDashboard","event":"CASH_CLOSING_RESET_CLICKED","timestamp":"2026-08-27T12:15:06.172Z"}
27/8/2026, 5:45:05 pm | [2026-08-27T12:15:06.172Z] [LOG] {"page":"CashClosingDashboard","event":"CASH_CLOSING_DASHBOARD_PAGE_LOADED","timestamp":"2026-08-27T12:15:06.172Z"}
27/8/2026, 5:45:05 pm | [2026-08-27T12:15:06.228Z] [LOG] {"page":"CashClosingDashboard","event":"CASH_CLOSING_RESET_SUCCESS","totalRecords":56,"timestamp":"2026-08-27T12:15:06.228Z"}
27/8/2026, 5:45:05 pm | [2026-08-27T12:15:06.229Z] [LOG] {"page":"CashClosingDashboard","event":"CASH_CLOSING_DASHBOARD_PAGE_LOADED","timestamp":"2026-08-27T12:15:06.229Z"}
27/8/2026, 5:45:05 pm | [2026-08-27T12:15:06.356Z] [LOG] {"page":"CashClosingDashboard","event":"CASH_CLOSING_DASHBOARD_PAGE_LOADED","timestamp":"2026-08-27T12:15:06.356Z"}
27/8/2026, 5:45:05 pm | [2026-08-27T12:15:06.355Z] [LOG] {"page":"CashClosingDashboard","event":"CASH_CLOSING_RESET_CLICKED","timestamp":"2026-08-27T12:15:06.355Z"}
27/8/2026, 5:45:05 pm | [2026-08-27T12:15:06.410Z] [LOG] {"page":"CashClosingDashboard","event":"CASH_CLOSING_RESET_SUCCESS","totalRecords":56,"timestamp":"2026-08-27T12:15:06.410Z"}
27/8/2026, 5:45:05 pm | [2026-08-27T12:15:06.410Z] [LOG] {"page":"CashClosingDashboard","event":"CASH_CLOSING_DASHBOARD_PAGE_LOADED","timestamp":"2026-08-27T12:15:06.410Z"}
27/8/2026, 5:45:05 pm | [2026-08-27T12:15:06.573Z] [LOG] {"page":"CashClosingDashboard","event":"CASH_CLOSING_DASHBOARD_PAGE_LOADED","timestamp":"2026-08-27T12:15:06.573Z"}
27/8/2026, 5:45:05 pm | [2026-08-27T12:15:06.572Z] [LOG] {"page":"CashClosingDashboard","event":"CASH_CLOSING_RESET_CLICKED","timestamp":"2026-08-27T12:15:06.572Z"}
27/8/2026, 5:45:05 pm | [2026-08-27T12:15:06.629Z] [LOG] {"page":"CashClosingDashboard","event":"CASH_CLOSING_DASHBOARD_PAGE_LOADED","timestamp":"2026-08-27T12:15:06.629Z"}
27/8/2026, 5:45:05 pm | [2026-08-27T12:15:06.629Z] [LOG] {"page":"CashClosingDashboard","event":"CASH_CLOSING_RESET_SUCCESS","totalRecords":56,"timestamp":"2026-08-27T12:15:06.629Z"}
27/8/2026, 5:45:05 pm | [2026-08-27T12:15:06.780Z] [LOG] {"page":"CashClosingDashboard","event":"CASH_CLOSING_DASHBOARD_PAGE_LOADED","timestamp":"2026-08-27T12:15:06.780Z"}
27/8/2026, 5:45:05 pm | [2026-08-27T12:15:06.780Z] [LOG] {"page":"CashClosingDashboard","event":"CASH_CLOSING_RESET_CLICKED","timestamp":"2026-08-27T12:15:06.780Z"}
27/8/2026, 5:45:05 pm | [2026-08-27T12:15:06.834Z] [LOG] {"page":"CashClosingDashboard","event":"CASH_CLOSING_RESET_SUCCESS","totalRecords":56,"timestamp":"2026-08-27T12:15:06.834Z"}
27/8/2026, 5:45:05 pm | [2026-08-27T12:15:06.834Z] [LOG] {"page":"CashClosingDashboard","event":"CASH_CLOSING_DASHBOARD_PAGE_LOADED","timestamp":"2026-08-27T12:15:06.834Z"}
27/8/2026, 5:45:11 pm | [2026-08-27T12:15:11.988Z] [LOG] {"page":"CashClosingDashboard","event":"CASH_CLOSING_RESET_CLICKED","timestamp":"2026-08-27T12:15:11.988Z"}
27/8/2026, 5:45:11 pm | [2026-08-27T12:15:11.988Z] [LOG] {"page":"CashClosingDashboard","event":"CASH_CLOSING_DASHBOARD_PAGE_LOADED","timestamp":"2026-08-27T12:15:11.988Z"}
27/8/2026, 5:45:11 pm | [2026-08-27T12:15:12.073Z] [LOG] {"page":"CashClosingDashboard","event":"CASH_CLOSING_RESET_SUCCESS","totalRecords":56,"timestamp":"2026-08-27T12:15:12.073Z"}
27/8/2026, 5:45:11 pm | [2026-08-27T12:15:12.073Z] [LOG] {"page":"CashClosingDashboard","event":"CASH_CLOSING_DASHBOARD_PAGE_LOADED","timestamp":"2026-08-27T12:15:12.073Z"}
27/8/2026, 5:45:11 pm | [2026-08-27T12:15:12.180Z] [LOG] {"page":"CashClosingDashboard","event":"CASH_CLOSING_RESET_CLICKED","timestamp":"2026-08-27T12:15:12.180Z"}
27/8/2026, 5:45:11 pm | [2026-08-27T12:15:12.180Z] [LOG] {"page":"CashClosingDashboard","event":"CASH_CLOSING_DASHBOARD_PAGE_LOADED","timestamp":"2026-08-27T12:15:12.180Z"}
27/8/2026, 5:45:11 pm | [2026-08-27T12:15:12.231Z] [LOG] {"page":"CashClosingDashboard","event":"CASH_CLOSING_RESET_SUCCESS","totalRecords":56,"timestamp":"2026-08-27T12:15:12.231Z"}
27/8/2026, 5:45:11 pm | [2026-08-27T12:15:12.232Z] [LOG] {"page":"CashClosingDashboard","event":"CASH_CLOSING_DASHBOARD_PAGE_LOADED","timestamp":"2026-08-27T12:15:12.232Z"}
27/8/2026, 5:45:12 pm | [2026-08-27T12:15:13.971Z] [LOG] {"page":"CashClosingDashboard","event":"CASH_CLOSING_RESET_CLICKED","timestamp":"2026-08-27T12:15:13.971Z"}
27/8/2026, 5:45:12 pm | [2026-08-27T12:15:13.972Z] [LOG] {"page":"CashClosingDashboard","event":"CASH_CLOSING_DASHBOARD_PAGE_LOADED","timestamp":"2026-08-27T12:15:13.972Z"}
27/8/2026, 5:45:13 pm | [2026-08-27T12:15:14.025Z] [LOG] {"page":"CashClosingDashboard","event":"CASH_CLOSING_RESET_SUCCESS","totalRecords":56,"timestamp":"2026-08-27T12:15:14.024Z"}
27/8/2026, 5:45:13 pm | [2026-08-27T12:15:14.025Z] [LOG] {"page":"CashClosingDashboard","event":"CASH_CLOSING_DASHBOARD_PAGE_LOADED","timestamp":"2026-08-27T12:15:14.025Z"}
27/8/2026, 5:45:13 pm | [2026-08-27T12:15:14.148Z] [LOG] {"page":"CashClosingDashboard","event":"CASH_CLOSING_RESET_CLICKED","timestamp":"2026-08-27T12:15:14.148Z"}
27/8/2026, 5:45:13 pm | [2026-08-27T12:15:14.148Z] [LOG] {"page":"CashClosingDashboard","event":"CASH_CLOSING_DASHBOARD_PAGE_LOADED","timestamp":"2026-08-27T12:15:14.148Z"}
27/8/2026, 5:45:13 pm | [2026-08-27T12:15:14.208Z] [LOG] {"page":"CashClosingDashboard","event":"CASH_CLOSING_RESET_SUCCESS","totalRecords":56,"timestamp":"2026-08-27T12:15:14.208Z"}
27/8/2026, 5:45:13 pm | [2026-08-27T12:15:14.209Z] [LOG] {"page":"CashClosingDashboard","event":"CASH_CLOSING_DASHBOARD_PAGE_LOADED","timestamp":"2026-08-27T12:15:14.209Z"}
27/8/2026, 5:45:15 pm | [2026-08-27T12:15:16.070Z] [LOG] {"page":"CashClosingDashboard","event":"CASH_CLOSING_DASHBOARD_PAGE_LOADED","timestamp":"2026-08-27T12:15:16.070Z"}
27/8/2026, 5:45:29 pm | [2026-08-27T12:15:30.237Z] [LOG] {"page":"CashClosingDashboard","event":"CASH_CLOSING_DASHBOARD_PAGE_LOADED","timestamp":"2026-08-27T12:15:30.237Z"}
27/8/2026, 5:45:30 pm | [2026-08-27T12:15:31.228Z] [LOG] {"page":"CashClosingDashboard","event":"CASH_CLOSING_RESET_CLICKED","timestamp":"2026-08-27T12:15:31.228Z"}
27/8/2026, 5:45:30 pm | [2026-08-27T12:15:31.229Z] [LOG] {"page":"CashClosingDashboard","event":"CASH_CLOSING_DASHBOARD_PAGE_LOADED","timestamp":"2026-08-27T12:15:31.229Z"}
27/8/2026, 5:45:30 pm | [2026-08-27T12:15:31.360Z] [LOG] {"page":"CashClosingDashboard","event":"CASH_CLOSING_DASHBOARD_PAGE_LOADED","timestamp":"2026-08-27T12:15:31.360Z"}
27/8/2026, 5:45:30 pm | [2026-08-27T12:15:31.359Z] [LOG] {"page":"CashClosingDashboard","event":"CASH_CLOSING_RESET_SUCCESS","totalRecords":56,"timestamp":"2026-08-27T12:15:31.359Z"}
27/8/2026, 5:45:30 pm | [2026-08-27T12:15:31.388Z] [LOG] {"page":"CashClosingDashboard","event":"CASH_CLOSING_RESET_CLICKED","timestamp":"2026-08-27T12:15:31.388Z"}
27/8/2026, 5:45:30 pm | [2026-08-27T12:15:31.389Z] [LOG] {"page":"CashClosingDashboard","event":"CASH_CLOSING_DASHBOARD_PAGE_LOADED","timestamp":"2026-08-27T12:15:31.389Z"}
27/8/2026, 5:45:30 pm | [2026-08-27T12:15:31.443Z] [LOG] {"page":"CashClosingDashboard","event":"CASH_CLOSING_DASHBOARD_PAGE_LOADED","timestamp":"2026-08-27T12:15:31.443Z"}
27/8/2026, 5:45:30 pm | [2026-08-27T12:15:31.442Z] [LOG] {"page":"CashClosingDashboard","event":"CASH_CLOSING_RESET_SUCCESS","totalRecords":56,"timestamp":"2026-08-27T12:15:31.442Z"}
27/8/2026, 5:45:30 pm | [2026-08-27T12:15:31.604Z] [LOG] {"page":"CashClosingDashboard","event":"CASH_CLOSING_RESET_CLICKED","timestamp":"2026-08-27T12:15:31.604Z"}
27/8/2026, 5:45:30 pm | [2026-08-27T12:15:31.605Z] [LOG] {"page":"CashClosingDashboard","event":"CASH_CLOSING_DASHBOARD_PAGE_LOADED","timestamp":"2026-08-27T12:15:31.605Z"}
27/8/2026, 5:45:30 pm | [2026-08-27T12:15:31.661Z] [LOG] {"page":"CashClosingDashboard","event":"CASH_CLOSING_DASHBOARD_PAGE_LOADED","timestamp":"2026-08-27T12:15:31.661Z"}
27/8/2026, 5:45:30 pm | [2026-08-27T12:15:31.660Z] [LOG] {"page":"CashClosingDashboard","event":"CASH_CLOSING_RESET_SUCCESS","totalRecords":56,"timestamp":"2026-08-27T12:15:31.660Z"}
27/8/2026, 5:45:37 pm | [2026-08-27T12:15:38.210Z] [LOG] {"page":"CashClosingDashboard","event":"CASH_CLOSING_DASHBOARD_PAGE_LOADED","timestamp":"2026-08-27T12:15:38.210Z"}
27/8/2026, 5:45:45 pm | [2026-08-27T12:15:46.284Z] [LOG] {"page":"CashClosingDashboard","event":"CASH_CLOSING_DASHBOARD_PAGE_LOADED","timestamp":"2026-08-27T12:15:46.284Z"}
27/8/2026, 5:45:46 pm | [2026-08-27T12:15:47.532Z] [LOG] {"page":"CashClosingDashboard","event":"CASH_CLOSING_RESET_CLICKED","timestamp":"2026-08-27T12:15:47.532Z"}
27/8/2026, 5:45:46 pm | [2026-08-27T12:15:47.533Z] [LOG] {"page":"CashClosingDashboard","event":"CASH_CLOSING_DASHBOARD_PAGE_LOADED","timestamp":"2026-08-27T12:15:47.533Z"}
27/8/2026, 5:45:46 pm | [2026-08-27T12:15:47.662Z] [LOG] {"page":"CashClosingDashboard","event":"CASH_CLOSING_RESET_SUCCESS","totalRecords":56,"timestamp":"2026-08-27T12:15:47.662Z"}
27/8/2026, 5:45:46 pm | [2026-08-27T12:15:47.663Z] [LOG] {"page":"CashClosingDashboard","event":"CASH_CLOSING_DASHBOARD_PAGE_LOADED","timestamp":"2026-08-27T12:15:47.663Z"}
27/8/2026, 5:45:46 pm | [2026-08-27T12:15:47.701Z] [LOG] {"page":"CashClosingDashboard","event":"CASH_CLOSING_DASHBOARD_PAGE_LOADED","timestamp":"2026-08-27T12:15:47.701Z"}
27/8/2026, 5:45:46 pm | [2026-08-27T12:15:47.700Z] [LOG] {"page":"CashClosingDashboard","event":"CASH_CLOSING_RESET_CLICKED","timestamp":"2026-08-27T12:15:47.700Z"}
27/8/2026, 5:45:46 pm | [2026-08-27T12:15:47.754Z] [LOG] {"page":"CashClosingDashboard","event":"CASH_CLOSING_DASHBOARD_PAGE_LOADED","timestamp":"2026-08-27T12:15:47.754Z"}
27/8/2026, 5:45:46 pm | [2026-08-27T12:15:47.753Z] [LOG] {"page":"CashClosingDashboard","event":"CASH_CLOSING_RESET_SUCCESS","totalRecords":56,"timestamp":"2026-08-27T12:15:47.753Z"}
27/8/2026, 5:45:46 pm | [2026-08-27T12:15:47.908Z] [LOG] {"page":"CashClosingDashboard","event":"CASH_CLOSING_RESET_CLICKED","timestamp":"2026-08-27T12:15:47.908Z"}
27/8/2026, 5:45:46 pm | [2026-08-27T12:15:47.909Z] [LOG] {"page":"CashClosingDashboard","event":"CASH_CLOSING_DASHBOARD_PAGE_LOADED","timestamp":"2026-08-27T12:15:47.909Z"}
27/8/2026, 5:45:46 pm | [2026-08-27T12:15:47.965Z] [LOG] {"page":"CashClosingDashboard","event":"CASH_CLOSING_RESET_SUCCESS","totalRecords":56,"timestamp":"2026-08-27T12:15:47.965Z"}
27/8/2026, 5:45:46 pm | [2026-08-27T12:15:47.966Z] [LOG] {"page":"CashClosingDashboard","event":"CASH_CLOSING_DASHBOARD_PAGE_LOADED","timestamp":"2026-08-27T12:15:47.966Z"}
27/8/2026, 5:45:53 pm | [2026-08-27T12:15:54.666Z] [LOG] {"page":"CashClosingDashboard","event":"CASH_CLOSING_DASHBOARD_PAGE_LOADED","timestamp":"2026-08-27T12:15:54.666Z"}
27/8/2026, 5:46:04 pm | [2026-08-27T12:16:05.580Z] [LOG] {"page":"CashClosingDashboard","event":"CASH_CLOSING_DASHBOARD_PAGE_LOADED","timestamp":"2026-08-27T12:16:05.580Z"}
27/8/2026, 5:46:06 pm | [2026-08-27T12:16:07.196Z] [LOG] {"page":"CashClosingDashboard","event":"CASH_CLOSING_RESET_CLICKED","timestamp":"2026-08-27T12:16:07.196Z"}
27/8/2026, 5:46:06 pm | [2026-08-27T12:16:07.197Z] [LOG] {"page":"CashClosingDashboard","event":"CASH_CLOSING_DASHBOARD_PAGE_LOADED","timestamp":"2026-08-27T12:16:07.197Z"}
27/8/2026, 5:46:06 pm | [2026-08-27T12:16:07.330Z] [LOG] {"page":"CashClosingDashboard","event":"CASH_CLOSING_RESET_SUCCESS","totalRecords":56,"timestamp":"2026-08-27T12:16:07.330Z"}
27/8/2026, 5:46:06 pm | [2026-08-27T12:16:07.330Z] [LOG] {"page":"CashClosingDashboard","event":"CASH_CLOSING_DASHBOARD_PAGE_LOADED","timestamp":"2026-08-27T12:16:07.330Z"}
27/8/2026, 5:46:06 pm | [2026-08-27T12:16:07.372Z] [LOG] {"page":"CashClosingDashboard","event":"CASH_CLOSING_RESET_CLICKED","timestamp":"2026-08-27T12:16:07.372Z"}
27/8/2026, 5:46:06 pm | [2026-08-27T12:16:07.373Z] [LOG] {"page":"CashClosingDashboard","event":"CASH_CLOSING_DASHBOARD_PAGE_LOADED","timestamp":"2026-08-27T12:16:07.373Z"}
27/8/2026, 5:46:06 pm | [2026-08-27T12:16:07.430Z] [LOG] {"page":"CashClosingDashboard","event":"CASH_CLOSING_RESET_SUCCESS","totalRecords":56,"timestamp":"2026-08-27T12:16:07.430Z"}
27/8/2026, 5:46:06 pm | [2026-08-27T12:16:07.431Z] [LOG] {"page":"CashClosingDashboard","event":"CASH_CLOSING_DASHBOARD_PAGE_LOADED","timestamp":"2026-08-27T12:16:07.431Z"}
27/8/2026, 5:46:06 pm | [2026-08-27T12:16:07.541Z] [LOG] {"page":"CashClosingDashboard","event":"CASH_CLOSING_DASHBOARD_PAGE_LOADED","timestamp":"2026-08-27T12:16:07.541Z"}
27/8/2026, 5:46:06 pm | [2026-08-27T12:16:07.540Z] [LOG] {"page":"CashClosingDashboard","event":"CASH_CLOSING_RESET_CLICKED","timestamp":"2026-08-27T12:16:07.540Z"}
27/8/2026, 5:46:06 pm | [2026-08-27T12:16:07.595Z] [LOG] {"page":"CashClosingDashboard","event":"CASH_CLOSING_RESET_SUCCESS","totalRecords":56,"timestamp":"2026-08-27T12:16:07.595Z"}
27/8/2026, 5:46:06 pm | [2026-08-27T12:16:07.596Z] [LOG] {"page":"CashClosingDashboard","event":"CASH_CLOSING_DASHBOARD_PAGE_LOADED","timestamp":"2026-08-27T12:16:07.596Z"}
27/8/2026, 5:46:10 pm | [2026-08-27T12:16:10.980Z] [LOG] {"page":"CashClosingDashboard","event":"CASH_CLOSING_RESET_CLICKED","timestamp":"2026-08-27T12:16:10.980Z"}
27/8/2026, 5:46:10 pm | [2026-08-27T12:16:10.981Z] [LOG] {"page":"CashClosingDashboard","event":"CASH_CLOSING_DASHBOARD_PAGE_LOADED","timestamp":"2026-08-27T12:16:10.981Z"}
27/8/2026, 5:46:10 pm | [2026-08-27T12:16:11.034Z] [LOG] {"page":"CashClosingDashboard","event":"CASH_CLOSING_RESET_SUCCESS","totalRecords":56,"timestamp":"2026-08-27T12:16:11.034Z"}
27/8/2026, 5:46:10 pm | [2026-08-27T12:16:11.034Z] [LOG] {"page":"CashClosingDashboard","event":"CASH_CLOSING_DASHBOARD_PAGE_LOADED","timestamp":"2026-08-27T12:16:11.034Z"}
27/8/2026, 5:46:10 pm | [2026-08-27T12:16:11.140Z] [LOG] {"page":"CashClosingDashboard","event":"CASH_CLOSING_RESET_CLICKED","timestamp":"2026-08-27T12:16:11.140Z"}
27/8/2026, 5:46:10 pm | [2026-08-27T12:16:11.141Z] [LOG] {"page":"CashClosingDashboard","event":"CASH_CLOSING_DASHBOARD_PAGE_LOADED","timestamp":"2026-08-27T12:16:11.141Z"}
27/8/2026, 5:46:10 pm | [2026-08-27T12:16:11.195Z] [LOG] {"page":"CashClosingDashboard","event":"CASH_CLOSING_RESET_SUCCESS","totalRecords":56,"timestamp":"2026-08-27T12:16:11.195Z"}
27/8/2026, 5:46:10 pm | [2026-08-27T12:16:11.196Z] [LOG] {"page":"CashClosingDashboard","event":"CASH_CLOSING_DASHBOARD_PAGE_LOADED","timestamp":"2026-08-27T12:16:11.196Z"}
27/8/2026, 5:46:13 pm | [2026-08-27T12:16:14.976Z] [LOG] {"page":"CashClosingDashboard","event":"CASH_CLOSING_DASHBOARD_PAGE_LOADED","timestamp":"2026-08-27T12:16:14.976Z"}
27/8/2026, 5:46:21 pm | [2026-08-27T12:16:22.372Z] [LOG] {"page":"CashClosingDashboard","event":"CASH_CLOSING_DASHBOARD_PAGE_LOADED","timestamp":"2026-08-27T12:16:22.372Z"}
27/8/2026, 5:46:22 pm | [2026-08-27T12:16:23.484Z] [LOG] {"page":"CashClosingDashboard","event":"CASH_CLOSING_RESET_CLICKED","timestamp":"2026-08-27T12:16:23.484Z"}
27/8/2026, 5:46:22 pm | [2026-08-27T12:16:23.485Z] [LOG] {"page":"CashClosingDashboard","event":"CASH_CLOSING_DASHBOARD_PAGE_LOADED","timestamp":"2026-08-27T12:16:23.485Z"}
27/8/2026, 5:46:22 pm | [2026-08-27T12:16:23.619Z] [LOG] {"page":"CashClosingDashboard","event":"CASH_CLOSING_DASHBOARD_PAGE_LOADED","timestamp":"2026-08-27T12:16:23.619Z"}
27/8/2026, 5:46:22 pm | [2026-08-27T12:16:23.618Z] [LOG] {"page":"CashClosingDashboard","event":"CASH_CLOSING_RESET_SUCCESS","totalRecords":56,"timestamp":"2026-08-27T12:16:23.618Z"}
27/8/2026, 5:46:22 pm | [2026-08-27T12:16:23.652Z] [LOG] {"page":"CashClosingDashboard","event":"CASH_CLOSING_RESET_CLICKED","timestamp":"2026-08-27T12:16:23.652Z"}
27/8/2026, 5:46:22 pm | [2026-08-27T12:16:23.653Z] [LOG] {"page":"CashClosingDashboard","event":"CASH_CLOSING_DASHBOARD_PAGE_LOADED","timestamp":"2026-08-27T12:16:23.653Z"}
27/8/2026, 5:46:22 pm | [2026-08-27T12:16:23.709Z] [LOG] {"page":"CashClosingDashboard","event":"CASH_CLOSING_RESET_SUCCESS","totalRecords":56,"timestamp":"2026-08-27T12:16:23.709Z"}
27/8/2026, 5:46:22 pm | [2026-08-27T12:16:23.710Z] [LOG] {"page":"CashClosingDashboard","event":"CASH_CLOSING_DASHBOARD_PAGE_LOADED","timestamp":"2026-08-27T12:16:23.710Z"}
27/8/2026, 5:46:22 pm | [2026-08-27T12:16:23.820Z] [LOG] {"page":"CashClosingDashboard","event":"CASH_CLOSING_RESET_CLICKED","timestamp":"2026-08-27T12:16:23.820Z"}
27/8/2026, 5:46:22 pm | [2026-08-27T12:16:23.821Z] [LOG] {"page":"CashClosingDashboard","event":"CASH_CLOSING_DASHBOARD_PAGE_LOADED","timestamp":"2026-08-27T12:16:23.821Z"}
27/8/2026, 5:46:22 pm | [2026-08-27T12:16:23.874Z] [LOG] {"page":"CashClosingDashboard","event":"CASH_CLOSING_RESET_SUCCESS","totalRecords":56,"timestamp":"2026-08-27T12:16:23.874Z"}
27/8/2026, 5:46:22 pm | [2026-08-27T12:16:23.875Z] [LOG] {"page":"CashClosingDashboard","event":"CASH_CLOSING_DASHBOARD_PAGE_LOADED","timestamp":"2026-08-27T12:16:23.875Z"}
27/8/2026, 5:46:22 pm | [2026-08-27T12:16:23.996Z] [LOG] {"page":"CashClosingDashboard","event":"CASH_CLOSING_RESET_CLICKED","timestamp":"2026-08-27T12:16:23.996Z"}
27/8/2026, 5:46:22 pm | [2026-08-27T12:16:23.997Z] [LOG] {"page":"CashClosingDashboard","event":"CASH_CLOSING_DASHBOARD_PAGE_LOADED","timestamp":"2026-08-27T12:16:23.997Z"}
27/8/2026, 5:46:23 pm | [2026-08-27T12:16:24.056Z] [LOG] {"page":"CashClosingDashboard","event":"CASH_CLOSING_RESET_SUCCESS","totalRecords":56,"timestamp":"2026-08-27T12:16:24.056Z"}
27/8/2026, 5:46:23 pm | [2026-08-27T12:16:24.057Z] [LOG] {"page":"CashClosingDashboard","event":"CASH_CLOSING_DASHBOARD_PAGE_LOADED","timestamp":"2026-08-27T12:16:24.057Z"}
27/8/2026, 5:46:26 pm | [2026-08-27T12:16:27.445Z] [LOG] {"page":"CashClosingDashboard","event":"CASH_CLOSING_DASHBOARD_PAGE_LOADED","timestamp":"2026-08-27T12:16:27.445Z"}
27/8/2026, 5:46:26 pm | [2026-08-27T12:16:27.444Z] [LOG] {"page":"CashClosingDashboard","event":"CASH_CLOSING_RESET_CLICKED","timestamp":"2026-08-27T12:16:27.443Z"}
27/8/2026, 5:46:26 pm | [2026-08-27T12:16:27.531Z] [LOG] {"page":"CashClosingDashboard","event":"CASH_CLOSING_DASHBOARD_PAGE_LOADED","timestamp":"2026-08-27T12:16:27.531Z"}
27/8/2026, 5:46:26 pm | [2026-08-27T12:16:27.530Z] [LOG] {"page":"CashClosingDashboard","event":"CASH_CLOSING_RESET_SUCCESS","totalRecords":56,"timestamp":"2026-08-27T12:16:27.530Z"}
27/8/2026, 5:46:26 pm | [2026-08-27T12:16:27.629Z] [LOG] {"page":"CashClosingDashboard","event":"CASH_CLOSING_DASHBOARD_PAGE_LOADED","timestamp":"2026-08-27T12:16:27.629Z"}
27/8/2026, 5:46:26 pm | [2026-08-27T12:16:27.628Z] [LOG] {"page":"CashClosingDashboard","event":"CASH_CLOSING_RESET_CLICKED","timestamp":"2026-08-27T12:16:27.628Z"}
27/8/2026, 5:46:26 pm | [2026-08-27T12:16:27.686Z] [LOG] {"page":"CashClosingDashboard","event":"CASH_CLOSING_DASHBOARD_PAGE_LOADED","timestamp":"2026-08-27T12:16:27.686Z"}
27/8/2026, 5:46:26 pm | [2026-08-27T12:16:27.685Z] [LOG] {"page":"CashClosingDashboard","event":"CASH_CLOSING_RESET_SUCCESS","totalRecords":56,"timestamp":"2026-08-27T12:16:27.685Z"}
27/8/2026, 5:46:26 pm | [2026-08-27T12:16:27.972Z] [LOG] {"page":"CashClosingDashboard","event":"CASH_CLOSING_RESET_CLICKED","timestamp":"2026-08-27T12:16:27.972Z"}
27/8/2026, 5:46:26 pm | [2026-08-27T12:16:27.973Z] [LOG] {"page":"CashClosingDashboard","event":"CASH_CLOSING_DASHBOARD_PAGE_LOADED","timestamp":"2026-08-27T12:16:27.973Z"}
27/8/2026, 5:46:27 pm | [2026-08-27T12:16:28.028Z] [LOG] {"page":"CashClosingDashboard","event":"CASH_CLOSING_RESET_SUCCESS","totalRecords":56,"timestamp":"2026-08-27T12:16:28.028Z"}
27/8/2026, 5:46:27 pm | [2026-08-27T12:16:28.028Z] [LOG] {"page":"CashClosingDashboard","event":"CASH_CLOSING_DASHBOARD_PAGE_LOADED","timestamp":"2026-08-27T12:16:28.028Z"}
27/8/2026, 5:46:27 pm | [2026-08-27T12:16:28.149Z] [LOG] {"page":"CashClosingDashboard","event":"CASH_CLOSING_DASHBOARD_PAGE_LOADED","timestamp":"2026-08-27T12:16:28.149Z"}
27/8/2026, 5:46:27 pm | [2026-08-27T12:16:28.148Z] [LOG] {"page":"CashClosingDashboard","event":"CASH_CLOSING_RESET_CLICKED","timestamp":"2026-08-27T12:16:28.148Z"}
27/8/2026, 5:46:27 pm | [2026-08-27T12:16:28.208Z] [LOG] {"page":"CashClosingDashboard","event":"CASH_CLOSING_DASHBOARD_PAGE_LOADED","timestamp":"2026-08-27T12:16:28.208Z"}
27/8/2026, 5:46:27 pm | [2026-08-27T12:16:28.207Z] [LOG] {"page":"CashClosingDashboard","event":"CASH_CLOSING_RESET_SUCCESS","totalRecords":56,"timestamp":"2026-08-27T12:16:28.207Z"}
27/8/2026, 5:46:31 pm | [2026-08-27T12:16:32.868Z] [LOG] {"page":"CashClosingDashboard","event":"CASH_CLOSING_DASHBOARD_PAGE_LOADED","timestamp":"2026-08-27T12:16:32.868Z"}
27/8/2026, 5:46:38 pm | [2026-08-27T12:16:39.596Z] [LOG] {"page":"CashClosingDashboard","event":"CASH_CLOSING_DASHBOARD_PAGE_LOADED","timestamp":"2026-08-27T12:16:39.596Z"}
27/8/2026, 5:46:39 pm | [2026-08-27T12:16:40.444Z] [LOG] {"page":"CashClosingDashboard","event":"CASH_CLOSING_NEXT_PAGE","currentPage":2,"timestamp":"2026-08-27T12:16:40.444Z"}
27/8/2026, 5:46:39 pm | [2026-08-27T12:16:40.445Z] [LOG] {"page":"CashClosingDashboard","event":"CASH_CLOSING_DASHBOARD_PAGE_LOADED","timestamp":"2026-08-27T12:16:40.445Z"}
27/8/2026, 5:46:40 pm | [2026-08-27T12:16:41.092Z] [LOG] {"page":"CashClosingDashboard","event":"CASH_CLOSING_DASHBOARD_PAGE_LOADED","timestamp":"2026-08-27T12:16:41.092Z"}
27/8/2026, 5:46:40 pm | [2026-08-27T12:16:41.092Z] [LOG] {"page":"CashClosingDashboard","event":"CASH_CLOSING_NEXT_PAGE","currentPage":3,"timestamp":"2026-08-27T12:16:41.092Z"}
27/8/2026, 5:46:47 pm | [2026-08-27T12:16:48.190Z] [LOG] {"page":"CashClosingDashboard","event":"CASH_CLOSING_DASHBOARD_PAGE_LOADED","timestamp":"2026-08-27T12:16:48.190Z"}
27/8/2026, 5:46:47 pm | [2026-08-27T12:16:48.189Z] [LOG] {"page":"CashClosingDashboard","event":"CASH_CLOSING_RESET_CLICKED","timestamp":"2026-08-27T12:16:48.189Z"}
27/8/2026, 5:46:47 pm | [2026-08-27T12:16:48.339Z] [LOG] {"page":"CashClosingDashboard","event":"CASH_CLOSING_RESET_CLICKED","timestamp":"2026-08-27T12:16:48.339Z"}
27/8/2026, 5:46:47 pm | [2026-08-27T12:16:48.340Z] [LOG] {"page":"CashClosingDashboard","event":"CASH_CLOSING_DASHBOARD_PAGE_LOADED","timestamp":"2026-08-27T12:16:48.340Z"}
27/8/2026, 5:46:47 pm | [2026-08-27T12:16:48.359Z] [LOG] {"page":"CashClosingDashboard","event":"CASH_CLOSING_RESET_SUCCESS","totalRecords":56,"timestamp":"2026-08-27T12:16:48.359Z"}
27/8/2026, 5:46:47 pm | [2026-08-27T12:16:48.359Z] [LOG] {"page":"CashClosingDashboard","event":"CASH_CLOSING_DASHBOARD_PAGE_LOADED","timestamp":"2026-08-27T12:16:48.359Z"}
27/8/2026, 5:46:47 pm | [2026-08-27T12:16:48.398Z] [LOG] {"page":"CashClosingDashboard","event":"CASH_CLOSING_RESET_SUCCESS","totalRecords":56,"timestamp":"2026-08-27T12:16:48.398Z"}
27/8/2026, 5:46:47 pm | [2026-08-27T12:16:48.398Z] [LOG] {"page":"CashClosingDashboard","event":"CASH_CLOSING_DASHBOARD_PAGE_LOADED","timestamp":"2026-08-27T12:16:48.398Z"}
27/8/2026, 5:46:47 pm | [2026-08-27T12:16:48.492Z] [LOG] {"page":"CashClosingDashboard","event":"CASH_CLOSING_RESET_CLICKED","timestamp":"2026-08-27T12:16:48.492Z"}
27/8/2026, 5:46:47 pm | [2026-08-27T12:16:48.493Z] [LOG] {"page":"CashClosingDashboard","event":"CASH_CLOSING_DASHBOARD_PAGE_LOADED","timestamp":"2026-08-27T12:16:48.493Z"}
27/8/2026, 5:46:47 pm | [2026-08-27T12:16:48.552Z] [LOG] {"page":"CashClosingDashboard","event":"CASH_CLOSING_RESET_SUCCESS","totalRecords":56,"timestamp":"2026-08-27T12:16:48.551Z"}
27/8/2026, 5:46:47 pm | [2026-08-27T12:16:48.553Z] [LOG] {"page":"CashClosingDashboard","event":"CASH_CLOSING_DASHBOARD_PAGE_LOADED","timestamp":"2026-08-27T12:16:48.553Z"}
27/8/2026, 5:46:47 pm | [2026-08-27T12:16:48.732Z] [LOG] {"page":"CashClosingDashboard","event":"CASH_CLOSING_RESET_CLICKED","timestamp":"2026-08-27T12:16:48.732Z"}
27/8/2026, 5:46:47 pm | [2026-08-27T12:16:48.733Z] [LOG] {"page":"CashClosingDashboard","event":"CASH_CLOSING_DASHBOARD_PAGE_LOADED","timestamp":"2026-08-27T12:16:48.733Z"}
27/8/2026, 5:46:47 pm | [2026-08-27T12:16:48.796Z] [LOG] {"page":"CashClosingDashboard","event":"CASH_CLOSING_RESET_SUCCESS","totalRecords":56,"timestamp":"2026-08-27T12:16:48.795Z"}
27/8/2026, 5:46:47 pm | [2026-08-27T12:16:48.797Z] [LOG] {"page":"CashClosingDashboard","event":"CASH_CLOSING_DASHBOARD_PAGE_LOADED","timestamp":"2026-08-27T12:16:48.797Z"}
27/8/2026, 5:46:52 pm | [2026-08-27T12:16:53.836Z] [LOG] {"page":"CashClosingDashboard","event":"CASH_CLOSING_DASHBOARD_PAGE_LOADED","timestamp":"2026-08-27T12:16:53.836Z"}
27/8/2026, 5:46:55 pm | [2026-08-27T12:16:57.342Z] [LOG] {"page":"CashClosingDashboard","event":"CASH_CLOSING_DASHBOARD_PAGE_LOADED","timestamp":"2026-08-27T12:16:57.342Z"}
27/8/2026, 5:46:55 pm | [2026-08-27T12:16:57.354Z] [LOG] {"page":"CashClosingDashboard","event":"CASH_CLOSING_INITIAL_FETCH_STARTED","timestamp":"2026-08-27T12:16:57.354Z"}
27/8/2026, 5:46:55 pm | [2026-08-27T12:16:57.532Z] [LOG] {"page":"CashClosingDashboard","event":"CASH_CLOSING_INITIAL_FETCH_SUCCESS","totalRecords":56,"totalClusters":5,"totalBranches":62,"timestamp":"2026-08-27T12:16:57.532Z"}
27/8/2026, 5:46:55 pm | [2026-08-27T12:16:57.532Z] [LOG] {"page":"CashClosingDashboard","event":"CASH_CLOSING_DASHBOARD_PAGE_LOADED","timestamp":"2026-08-27T12:16:57.532Z"}
27/8/2026, 5:46:57 pm | [2026-08-27T12:16:58.806Z] [LOG] {"page":"CashClosingDashboard","event":"CASH_CLOSING_DASHBOARD_PAGE_LOADED","timestamp":"2026-08-27T12:16:58.806Z"}
27/8/2026, 5:46:57 pm | [2026-08-27T12:16:58.805Z] [LOG] {"page":"CashClosingDashboard","event":"CASH_CLOSING_RESET_CLICKED","timestamp":"2026-08-27T12:16:58.805Z"}
27/8/2026, 5:46:57 pm | [2026-08-27T12:16:58.863Z] [LOG] {"page":"CashClosingDashboard","event":"CASH_CLOSING_RESET_SUCCESS","totalRecords":56,"timestamp":"2026-08-27T12:16:58.862Z"}
27/8/2026, 5:46:57 pm | [2026-08-27T12:16:58.864Z] [LOG] {"page":"CashClosingDashboard","event":"CASH_CLOSING_DASHBOARD_PAGE_LOADED","timestamp":"2026-08-27T12:16:58.864Z"}
27/8/2026, 5:46:57 pm | [2026-08-27T12:16:58.966Z] [LOG] {"page":"CashClosingDashboard","event":"CASH_CLOSING_DASHBOARD_PAGE_LOADED","timestamp":"2026-08-27T12:16:58.966Z"}
27/8/2026, 5:46:57 pm | [2026-08-27T12:16:58.965Z] [LOG] {"page":"CashClosingDashboard","event":"CASH_CLOSING_RESET_CLICKED","timestamp":"2026-08-27T12:16:58.965Z"}
27/8/2026, 5:46:57 pm | [2026-08-27T12:16:59.022Z] [LOG] {"page":"CashClosingDashboard","event":"CASH_CLOSING_RESET_SUCCESS","totalRecords":56,"timestamp":"2026-08-27T12:16:59.022Z"}
27/8/2026, 5:46:57 pm | [2026-08-27T12:16:59.023Z] [LOG] {"page":"CashClosingDashboard","event":"CASH_CLOSING_DASHBOARD_PAGE_LOADED","timestamp":"2026-08-27T12:16:59.023Z"}
27/8/2026, 5:46:57 pm | [2026-08-27T12:16:59.118Z] [LOG] {"page":"CashClosingDashboard","event":"CASH_CLOSING_DASHBOARD_PAGE_LOADED","timestamp":"2026-08-27T12:16:59.118Z"}
27/8/2026, 5:46:57 pm | [2026-08-27T12:16:59.117Z] [LOG] {"page":"CashClosingDashboard","event":"CASH_CLOSING_RESET_CLICKED","timestamp":"2026-08-27T12:16:59.117Z"}
27/8/2026, 5:46:57 pm | [2026-08-27T12:16:59.174Z] [LOG] {"page":"CashClosingDashboard","event":"CASH_CLOSING_RESET_SUCCESS","totalRecords":56,"timestamp":"2026-08-27T12:16:59.174Z"}
27/8/2026, 5:46:57 pm | [2026-08-27T12:16:59.175Z] [LOG] {"page":"CashClosingDashboard","event":"CASH_CLOSING_DASHBOARD_PAGE_LOADED","timestamp":"2026-08-27T12:16:59.175Z"}
27/8/2026, 5:46:57 pm | [2026-08-27T12:16:59.254Z] [LOG] {"page":"CashClosingDashboard","event":"CASH_CLOSING_DASHBOARD_PAGE_LOADED","timestamp":"2026-08-27T12:16:59.254Z"}
27/8/2026, 5:46:57 pm | [2026-08-27T12:16:59.253Z] [LOG] {"page":"CashClosingDashboard","event":"CASH_CLOSING_RESET_CLICKED","timestamp":"2026-08-27T12:16:59.253Z"}
27/8/2026, 5:46:57 pm | [2026-08-27T12:16:59.309Z] [LOG] {"page":"CashClosingDashboard","event":"CASH_CLOSING_RESET_SUCCESS","totalRecords":56,"timestamp":"2026-08-27T12:16:59.309Z"}
27/8/2026, 5:46:57 pm | [2026-08-27T12:16:59.311Z] [LOG] {"page":"CashClosingDashboard","event":"CASH_CLOSING_DASHBOARD_PAGE_LOADED","timestamp":"2026-08-27T12:16:59.310Z"}
27/8/2026, 5:47:00 pm | [2026-08-27T12:17:02.245Z] [LOG] {"page":"CashClosingDashboard","event":"CASH_CLOSING_NEXT_PAGE","currentPage":2,"timestamp":"2026-08-27T12:17:02.245Z"}
27/8/2026, 5:47:00 pm | [2026-08-27T12:17:02.246Z] [LOG] {"page":"CashClosingDashboard","event":"CASH_CLOSING_DASHBOARD_PAGE_LOADED","timestamp":"2026-08-27T12:17:02.246Z"}
27/8/2026, 5:47:01 pm | [2026-08-27T12:17:02.148Z] [LOG] {"page":"CashClosingDashboard","event":"CASH_CLOSING_DASHBOARD_PAGE_LOADED","timestamp":"2026-08-27T12:17:02.148Z"}
27/8/2026, 5:47:02 pm | [2026-08-27T12:17:03.036Z] [LOG] {"page":"CashClosingDashboard","event":"CASH_CLOSING_RESET_CLICKED","timestamp":"2026-08-27T12:17:03.036Z"}
27/8/2026, 5:47:02 pm | [2026-08-27T12:17:03.037Z] [LOG] {"page":"CashClosingDashboard","event":"CASH_CLOSING_DASHBOARD_PAGE_LOADED","timestamp":"2026-08-27T12:17:03.037Z"}
27/8/2026, 5:47:02 pm | [2026-08-27T12:17:03.135Z] [LOG] {"page":"CashClosingDashboard","event":"CASH_CLOSING_RESET_SUCCESS","totalRecords":56,"timestamp":"2026-08-27T12:17:03.135Z"}
27/8/2026, 5:47:02 pm | [2026-08-27T12:17:03.136Z] [LOG] {"page":"CashClosingDashboard","event":"CASH_CLOSING_DASHBOARD_PAGE_LOADED","timestamp":"2026-08-27T12:17:03.136Z"}
27/8/2026, 5:47:02 pm | [2026-08-27T12:17:03.204Z] [LOG] {"page":"CashClosingDashboard","event":"CASH_CLOSING_RESET_CLICKED","timestamp":"2026-08-27T12:17:03.204Z"}
27/8/2026, 5:47:02 pm | [2026-08-27T12:17:03.205Z] [LOG] {"page":"CashClosingDashboard","event":"CASH_CLOSING_DASHBOARD_PAGE_LOADED","timestamp":"2026-08-27T12:17:03.205Z"}
27/8/2026, 5:47:02 pm | [2026-08-27T12:17:03.261Z] [LOG] {"page":"CashClosingDashboard","event":"CASH_CLOSING_RESET_SUCCESS","totalRecords":56,"timestamp":"2026-08-27T12:17:03.261Z"}
27/8/2026, 5:47:02 pm | [2026-08-27T12:17:03.262Z] [LOG] {"page":"CashClosingDashboard","event":"CASH_CLOSING_DASHBOARD_PAGE_LOADED","timestamp":"2026-08-27T12:17:03.262Z"}
27/8/2026, 5:47:02 pm | [2026-08-27T12:17:03.412Z] [LOG] {"page":"CashClosingDashboard","event":"CASH_CLOSING_RESET_CLICKED","timestamp":"2026-08-27T12:17:03.412Z"}
27/8/2026, 5:47:02 pm | [2026-08-27T12:17:03.413Z] [LOG] {"page":"CashClosingDashboard","event":"CASH_CLOSING_DASHBOARD_PAGE_LOADED","timestamp":"2026-08-27T12:17:03.413Z"}
27/8/2026, 5:47:02 pm | [2026-08-27T12:17:03.468Z] [LOG] {"page":"CashClosingDashboard","event":"CASH_CLOSING_RESET_SUCCESS","totalRecords":56,"timestamp":"2026-08-27T12:17:03.468Z"}
27/8/2026, 5:47:02 pm | [2026-08-27T12:17:03.469Z] [LOG] {"page":"CashClosingDashboard","event":"CASH_CLOSING_DASHBOARD_PAGE_LOADED","timestamp":"2026-08-27T12:17:03.469Z"}
27/8/2026, 5:47:03 pm | [2026-08-27T12:17:04.892Z] [LOG] {"page":"CashClosingDashboard","event":"CASH_CLOSING_DASHBOARD_PAGE_LOADED","timestamp":"2026-08-27T12:17:04.892Z"}
27/8/2026, 5:47:03 pm | [2026-08-27T12:17:04.892Z] [LOG] {"page":"CashClosingDashboard","event":"CASH_CLOSING_NEXT_PAGE","currentPage":2,"timestamp":"2026-08-27T12:17:04.892Z"}
27/8/2026, 5:47:04 pm | [2026-08-27T12:17:05.101Z] [LOG] {"page":"CashClosingDashboard","event":"CASH_CLOSING_DASHBOARD_PAGE_LOADED","timestamp":"2026-08-27T12:17:05.101Z"}
27/8/2026, 5:47:04 pm | [2026-08-27T12:17:05.100Z] [LOG] {"page":"CashClosingDashboard","event":"CASH_CLOSING_NEXT_PAGE","currentPage":3,"timestamp":"2026-08-27T12:17:05.100Z"}
27/8/2026, 5:47:04 pm | [2026-08-27T12:17:05.364Z] [LOG] {"page":"CashClosingDashboard","event":"CASH_CLOSING_DASHBOARD_PAGE_LOADED","timestamp":"2026-08-27T12:17:05.364Z"}
27/8/2026, 5:47:04 pm | [2026-08-27T12:17:05.364Z] [LOG] {"page":"CashClosingDashboard","event":"CASH_CLOSING_NEXT_PAGE","currentPage":4,"timestamp":"2026-08-27T12:17:05.364Z"}
27/8/2026, 5:47:08 pm | [2026-08-27T12:17:09.436Z] [LOG] {"page":"CashClosingDashboard","event":"CASH_CLOSING_PREVIOUS_PAGE","currentPage":3,"timestamp":"2026-08-27T12:17:09.436Z"}
27/8/2026, 5:47:08 pm | [2026-08-27T12:17:09.436Z] [LOG] {"page":"CashClosingDashboard","event":"CASH_CLOSING_DASHBOARD_PAGE_LOADED","timestamp":"2026-08-27T12:17:09.436Z"}
27/8/2026, 5:47:13 pm | [2026-08-27T12:17:14.092Z] [LOG] {"page":"CashClosingDashboard","event":"CASH_CLOSING_RESET_CLICKED","timestamp":"2026-08-27T12:17:14.092Z"}
27/8/2026, 5:47:13 pm | [2026-08-27T12:17:14.093Z] [LOG] {"page":"CashClosingDashboard","event":"CASH_CLOSING_DASHBOARD_PAGE_LOADED","timestamp":"2026-08-27T12:17:14.093Z"}
27/8/2026, 5:47:13 pm | [2026-08-27T12:17:14.189Z] [LOG] {"page":"CashClosingDashboard","event":"CASH_CLOSING_RESET_SUCCESS","totalRecords":56,"timestamp":"2026-08-27T12:17:14.189Z"}
27/8/2026, 5:47:13 pm | [2026-08-27T12:17:14.190Z] [LOG] {"page":"CashClosingDashboard","event":"CASH_CLOSING_DASHBOARD_PAGE_LOADED","timestamp":"2026-08-27T12:17:14.190Z"}
27/8/2026, 5:47:13 pm | [2026-08-27T12:17:14.276Z] [LOG] {"page":"CashClosingDashboard","event":"CASH_CLOSING_RESET_CLICKED","timestamp":"2026-08-27T12:17:14.276Z"}
27/8/2026, 5:47:13 pm | [2026-08-27T12:17:14.277Z] [LOG] {"page":"CashClosingDashboard","event":"CASH_CLOSING_DASHBOARD_PAGE_LOADED","timestamp":"2026-08-27T12:17:14.277Z"}
27/8/2026, 5:47:13 pm | [2026-08-27T12:17:14.335Z] [LOG] {"page":"CashClosingDashboard","event":"CASH_CLOSING_RESET_SUCCESS","totalRecords":56,"timestamp":"2026-08-27T12:17:14.334Z"}
27/8/2026, 5:47:13 pm | [2026-08-27T12:17:14.336Z] [LOG] {"page":"CashClosingDashboard","event":"CASH_CLOSING_DASHBOARD_PAGE_LOADED","timestamp":"2026-08-27T12:17:14.336Z"}
27/8/2026, 5:47:13 pm | [2026-08-27T12:17:14.461Z] [LOG] {"page":"CashClosingDashboard","event":"CASH_CLOSING_DASHBOARD_PAGE_LOADED","timestamp":"2026-08-27T12:17:14.461Z"}
27/8/2026, 5:47:13 pm | [2026-08-27T12:17:14.460Z] [LOG] {"page":"CashClosingDashboard","event":"CASH_CLOSING_RESET_CLICKED","timestamp":"2026-08-27T12:17:14.460Z"}
27/8/2026, 5:47:13 pm | [2026-08-27T12:17:14.518Z] [LOG] {"page":"CashClosingDashboard","event":"CASH_CLOSING_DASHBOARD_PAGE_LOADED","timestamp":"2026-08-27T12:17:14.518Z"}
27/8/2026, 5:47:13 pm | [2026-08-27T12:17:14.518Z] [LOG] {"page":"CashClosingDashboard","event":"CASH_CLOSING_RESET_SUCCESS","totalRecords":56,"timestamp":"2026-08-27T12:17:14.518Z"}
27/8/2026, 5:47:19 pm | [2026-08-27T12:17:20.213Z] [LOG] {"page":"CashClosingDashboard","event":"CASH_CLOSING_DASHBOARD_PAGE_LOADED","timestamp":"2026-08-27T12:17:20.213Z"}
27/8/2026, 5:47:19 pm | [2026-08-27T12:17:20.212Z] [LOG] {"page":"CashClosingDashboard","event":"CASH_CLOSING_RESET_CLICKED","timestamp":"2026-08-27T12:17:20.212Z"}
27/8/2026, 5:47:19 pm | [2026-08-27T12:17:20.307Z] [LOG] {"page":"CashClosingDashboard","event":"CASH_CLOSING_RESET_SUCCESS","totalRecords":56,"timestamp":"2026-08-27T12:17:20.307Z"}
27/8/2026, 5:47:19 pm | [2026-08-27T12:17:20.309Z] [LOG] {"page":"CashClosingDashboard","event":"CASH_CLOSING_DASHBOARD_PAGE_LOADED","timestamp":"2026-08-27T12:17:20.309Z"}
27/8/2026, 5:47:21 pm | [2026-08-27T12:17:22.275Z] [LOG] {"page":"CashClosingDashboard","event":"CASH_CLOSING_NEXT_PAGE","currentPage":2,"timestamp":"2026-08-27T12:17:22.275Z"}
27/8/2026, 5:47:21 pm | [2026-08-27T12:17:22.276Z] [LOG] {"page":"CashClosingDashboard","event":"CASH_CLOSING_DASHBOARD_PAGE_LOADED","timestamp":"2026-08-27T12:17:22.276Z"}
27/8/2026, 5:47:22 pm | [2026-08-27T12:17:23.956Z] [LOG] {"page":"CashClosingDashboard","event":"CASH_CLOSING_NEXT_PAGE","currentPage":3,"timestamp":"2026-08-27T12:17:23.956Z"}
27/8/2026, 5:47:22 pm | [2026-08-27T12:17:23.956Z] [LOG] {"page":"CashClosingDashboard","event":"CASH_CLOSING_DASHBOARD_PAGE_LOADED","timestamp":"2026-08-27T12:17:23.956Z"}
27/8/2026, 5:47:24 pm | [2026-08-27T12:17:25.885Z] [LOG] {"page":"CashClosingDashboard","event":"CASH_CLOSING_DASHBOARD_PAGE_LOADED","timestamp":"2026-08-27T12:17:25.885Z"}
27/8/2026, 5:47:24 pm | [2026-08-27T12:17:25.884Z] [LOG] {"page":"CashClosingDashboard","event":"CASH_CLOSING_NEXT_PAGE","currentPage":4,"timestamp":"2026-08-27T12:17:25.884Z"}
27/8/2026, 5:47:28 pm | [2026-08-27T12:17:29.468Z] [LOG] {"page":"CashClosingDashboard","event":"CASH_CLOSING_PREVIOUS_PAGE","currentPage":3,"timestamp":"2026-08-27T12:17:29.468Z"}
27/8/2026, 5:47:28 pm | [2026-08-27T12:17:29.469Z] [LOG] {"page":"CashClosingDashboard","event":"CASH_CLOSING_DASHBOARD_PAGE_LOADED","timestamp":"2026-08-27T12:17:29.469Z"}
27/8/2026, 5:47:29 pm | [2026-08-27T12:17:30.924Z] [LOG] {"page":"CashClosingDashboard","event":"CASH_CLOSING_NEXT_PAGE","currentPage":4,"timestamp":"2026-08-27T12:17:30.924Z"}
27/8/2026, 5:47:29 pm | [2026-08-27T12:17:30.924Z] [LOG] {"page":"CashClosingDashboard","event":"CASH_CLOSING_DASHBOARD_PAGE_LOADED","timestamp":"2026-08-27T12:17:30.924Z"}
27/8/2026, 5:47:34 pm | [2026-08-27T12:17:35.988Z] [LOG] {"page":"CashClosingDashboard","event":"CASH_CLOSING_PREVIOUS_PAGE","currentPage":3,"timestamp":"2026-08-27T12:17:35.988Z"}
27/8/2026, 5:47:34 pm | [2026-08-27T12:17:35.988Z] [LOG] {"page":"CashClosingDashboard","event":"CASH_CLOSING_DASHBOARD_PAGE_LOADED","timestamp":"2026-08-27T12:17:35.988Z"}
27/8/2026, 5:47:36 pm | [2026-08-27T12:17:37.668Z] [LOG] {"page":"CashClosingDashboard","event":"CASH_CLOSING_PREVIOUS_PAGE","currentPage":2,"timestamp":"2026-08-27T12:17:37.668Z"}
27/8/2026, 5:47:36 pm | [2026-08-27T12:17:37.668Z] [LOG] {"page":"CashClosingDashboard","event":"CASH_CLOSING_DASHBOARD_PAGE_LOADED","timestamp":"2026-08-27T12:17:37.668Z"}
27/8/2026, 5:47:36 pm | [2026-08-27T12:17:37.884Z] [LOG] {"page":"CashClosingDashboard","event":"CASH_CLOSING_PREVIOUS_PAGE","currentPage":1,"timestamp":"2026-08-27T12:17:37.884Z"}
27/8/2026, 5:47:36 pm | [2026-08-27T12:17:37.885Z] [LOG] {"page":"CashClosingDashboard","event":"CASH_CLOSING_DASHBOARD_PAGE_LOADED","timestamp":"2026-08-27T12:17:37.885Z"}
27/8/2026, 5:47:38 pm | [2026-08-27T12:17:39.332Z] [LOG] {"page":"CashClosingDashboard","event":"CASH_CLOSING_RESET_CLICKED","timestamp":"2026-08-27T12:17:39.332Z"}
27/8/2026, 5:47:38 pm | [2026-08-27T12:17:39.333Z] [LOG] {"page":"CashClosingDashboard","event":"CASH_CLOSING_DASHBOARD_PAGE_LOADED","timestamp":"2026-08-27T12:17:39.333Z"}
27/8/2026, 5:47:38 pm | [2026-08-27T12:17:39.516Z] [LOG] {"page":"CashClosingDashboard","event":"CASH_CLOSING_RESET_CLICKED","timestamp":"2026-08-27T12:17:39.516Z"}
27/8/2026, 5:47:38 pm | [2026-08-27T12:17:39.517Z] [LOG] {"page":"CashClosingDashboard","event":"CASH_CLOSING_DASHBOARD_PAGE_LOADED","timestamp":"2026-08-27T12:17:39.517Z"}
27/8/2026, 5:47:38 pm | [2026-08-27T12:17:39.577Z] [LOG] {"page":"CashClosingDashboard","event":"CASH_CLOSING_RESET_SUCCESS","totalRecords":56,"timestamp":"2026-08-27T12:17:39.577Z"}
27/8/2026, 5:47:38 pm | [2026-08-27T12:17:39.578Z] [LOG] {"page":"CashClosingDashboard","event":"CASH_CLOSING_DASHBOARD_PAGE_LOADED","timestamp":"2026-08-27T12:17:39.578Z"}
27/8/2026, 5:47:38 pm | [2026-08-27T12:17:39.748Z] [LOG] {"page":"CashClosingDashboard","event":"CASH_CLOSING_RESET_CLICKED","timestamp":"2026-08-27T12:17:39.748Z"}
27/8/2026, 5:47:38 pm | [2026-08-27T12:17:39.749Z] [LOG] {"page":"CashClosingDashboard","event":"CASH_CLOSING_DASHBOARD_PAGE_LOADED","timestamp":"2026-08-27T12:17:39.749Z"}
27/8/2026, 5:47:38 pm | [2026-08-27T12:17:39.798Z] [LOG] {"page":"CashClosingDashboard","event":"CASH_CLOSING_RESET_SUCCESS","totalRecords":56,"timestamp":"2026-08-27T12:17:39.798Z"}
27/8/2026, 5:47:38 pm | [2026-08-27T12:17:39.799Z] [LOG] {"page":"CashClosingDashboard","event":"CASH_CLOSING_DASHBOARD_PAGE_LOADED","timestamp":"2026-08-27T12:17:39.799Z"}
27/8/2026, 5:47:38 pm | [2026-08-27T12:17:39.807Z] [LOG] {"page":"CashClosingDashboard","event":"CASH_CLOSING_RESET_SUCCESS","totalRecords":56,"timestamp":"2026-08-27T12:17:39.807Z"}
27/8/2026, 5:47:38 pm | [2026-08-27T12:17:39.808Z] [LOG] {"page":"CashClosingDashboard","event":"CASH_CLOSING_DASHBOARD_PAGE_LOADED","timestamp":"2026-08-27T12:17:39.808Z"}
27/8/2026, 5:47:41 pm | [2026-08-27T12:17:42.040Z] [LOG] {"page":"CashClosingDashboard","event":"CASH_CLOSING_DASHBOARD_PAGE_LOADED","timestamp":"2026-08-27T12:17:42.040Z"}
27/8/2026, 5:47:56 pm | [2026-08-27T12:17:57.156Z] [LOG] {"page":"CashClosingDashboard","event":"CASH_CLOSING_DASHBOARD_PAGE_LOADED","timestamp":"2026-08-27T12:17:57.156Z"}
27/8/2026, 5:47:57 pm | [2026-08-27T12:17:58.844Z] [LOG] {"page":"CashClosingDashboard","event":"CASH_CLOSING_RESET_CLICKED","timestamp":"2026-08-27T12:17:58.843Z"}
27/8/2026, 5:47:57 pm | [2026-08-27T12:17:58.845Z] [LOG] {"page":"CashClosingDashboard","event":"CASH_CLOSING_DASHBOARD_PAGE_LOADED","timestamp":"2026-08-27T12:17:58.844Z"}
27/8/2026, 5:47:57 pm | [2026-08-27T12:17:58.975Z] [LOG] {"page":"CashClosingDashboard","event":"CASH_CLOSING_DASHBOARD_PAGE_LOADED","timestamp":"2026-08-27T12:17:58.975Z"}
27/8/2026, 5:47:57 pm | [2026-08-27T12:17:58.975Z] [LOG] {"page":"CashClosingDashboard","event":"CASH_CLOSING_RESET_SUCCESS","totalRecords":56,"timestamp":"2026-08-27T12:17:58.975Z"}
27/8/2026, 5:47:58 pm | [2026-08-27T12:17:59.020Z] [LOG] {"page":"CashClosingDashboard","event":"CASH_CLOSING_RESET_CLICKED","timestamp":"2026-08-27T12:17:59.020Z"}
27/8/2026, 5:47:58 pm | [2026-08-27T12:17:59.021Z] [LOG] {"page":"CashClosingDashboard","event":"CASH_CLOSING_DASHBOARD_PAGE_LOADED","timestamp":"2026-08-27T12:17:59.021Z"}
27/8/2026, 5:47:58 pm | [2026-08-27T12:17:59.078Z] [LOG] {"page":"CashClosingDashboard","event":"CASH_CLOSING_RESET_SUCCESS","totalRecords":56,"timestamp":"2026-08-27T12:17:59.078Z"}
27/8/2026, 5:47:58 pm | [2026-08-27T12:17:59.080Z] [LOG] {"page":"CashClosingDashboard","event":"CASH_CLOSING_DASHBOARD_PAGE_LOADED","timestamp":"2026-08-27T12:17:59.080Z"}
27/8/2026, 5:47:58 pm | [2026-08-27T12:17:59.212Z] [LOG] {"page":"CashClosingDashboard","event":"CASH_CLOSING_RESET_CLICKED","timestamp":"2026-08-27T12:17:59.212Z"}
27/8/2026, 5:47:58 pm | [2026-08-27T12:17:59.213Z] [LOG] {"page":"CashClosingDashboard","event":"CASH_CLOSING_DASHBOARD_PAGE_LOADED","timestamp":"2026-08-27T12:17:59.213Z"}
27/8/2026, 5:47:58 pm | [2026-08-27T12:17:59.265Z] [LOG] {"page":"CashClosingDashboard","event":"CASH_CLOSING_RESET_SUCCESS","totalRecords":56,"timestamp":"2026-08-27T12:17:59.265Z"}
27/8/2026, 5:47:58 pm | [2026-08-27T12:17:59.266Z] [LOG] {"page":"CashClosingDashboard","event":"CASH_CLOSING_DASHBOARD_PAGE_LOADED","timestamp":"2026-08-27T12:17:59.266Z"}
27/8/2026, 5:47:58 pm | [2026-08-27T12:17:59.356Z] [LOG] {"page":"CashClosingDashboard","event":"CASH_CLOSING_RESET_CLICKED","timestamp":"2026-08-27T12:17:59.356Z"}
27/8/2026, 5:47:58 pm | [2026-08-27T12:17:59.357Z] [LOG] {"page":"CashClosingDashboard","event":"CASH_CLOSING_DASHBOARD_PAGE_LOADED","timestamp":"2026-08-27T12:17:59.357Z"}
27/8/2026, 5:47:58 pm | [2026-08-27T12:17:59.443Z] [LOG] {"page":"CashClosingDashboard","event":"CASH_CLOSING_RESET_SUCCESS","totalRecords":56,"timestamp":"2026-08-27T12:17:59.443Z"}
27/8/2026, 5:47:58 pm | [2026-08-27T12:17:59.445Z] [LOG] {"page":"CashClosingDashboard","event":"CASH_CLOSING_DASHBOARD_PAGE_LOADED","timestamp":"2026-08-27T12:17:59.445Z"}
27/8/2026, 5:47:58 pm | [2026-08-27T12:17:59.508Z] [LOG] {"page":"CashClosingDashboard","event":"CASH_CLOSING_RESET_CLICKED","timestamp":"2026-08-27T12:17:59.508Z"}
27/8/2026, 5:47:58 pm | [2026-08-27T12:17:59.509Z] [LOG] {"page":"CashClosingDashboard","event":"CASH_CLOSING_DASHBOARD_PAGE_LOADED","timestamp":"2026-08-27T12:17:59.509Z"}
27/8/2026, 5:47:58 pm | [2026-08-27T12:17:59.565Z] [LOG] {"page":"CashClosingDashboard","event":"CASH_CLOSING_RESET_SUCCESS","totalRecords":56,"timestamp":"2026-08-27T12:17:59.565Z"}
27/8/2026, 5:47:58 pm | [2026-08-27T12:17:59.566Z] [LOG] {"page":"CashClosingDashboard","event":"CASH_CLOSING_DASHBOARD_PAGE_LOADED","timestamp":"2026-08-27T12:17:59.566Z"}
27/8/2026, 5:48:04 pm | [2026-08-27T12:18:05.269Z] [LOG] {"page":"CashClosingDashboard","event":"CASH_CLOSING_DASHBOARD_PAGE_LOADED","timestamp":"2026-08-27T12:18:05.269Z"}
27/8/2026, 5:48:04 pm | [2026-08-27T12:18:05.268Z] [LOG] {"page":"CashClosingDashboard","event":"CASH_CLOSING_RESET_CLICKED","timestamp":"2026-08-27T12:18:05.268Z"}
27/8/2026, 5:48:04 pm | [2026-08-27T12:18:05.356Z] [LOG] {"page":"CashClosingDashboard","event":"CASH_CLOSING_RESET_SUCCESS","totalRecords":56,"timestamp":"2026-08-27T12:18:05.356Z"}
27/8/2026, 5:48:04 pm | [2026-08-27T12:18:05.357Z] [LOG] {"page":"CashClosingDashboard","event":"CASH_CLOSING_DASHBOARD_PAGE_LOADED","timestamp":"2026-08-27T12:18:05.357Z"}
27/8/2026, 5:48:04 pm | [2026-08-27T12:18:05.419Z] [LOG] {"page":"CashClosingDashboard","event":"CASH_CLOSING_RESET_CLICKED","timestamp":"2026-08-27T12:18:05.419Z"}
27/8/2026, 5:48:04 pm | [2026-08-27T12:18:05.420Z] [LOG] {"page":"CashClosingDashboard","event":"CASH_CLOSING_DASHBOARD_PAGE_LOADED","timestamp":"2026-08-27T12:18:05.420Z"}
27/8/2026, 5:48:04 pm | [2026-08-27T12:18:05.473Z] [LOG] {"page":"CashClosingDashboard","event":"CASH_CLOSING_RESET_SUCCESS","totalRecords":56,"timestamp":"2026-08-27T12:18:05.473Z"}
27/8/2026, 5:48:04 pm | [2026-08-27T12:18:05.473Z] [LOG] {"page":"CashClosingDashboard","event":"CASH_CLOSING_DASHBOARD_PAGE_LOADED","timestamp":"2026-08-27T12:18:05.473Z"}
27/8/2026, 5:48:04 pm | [2026-08-27T12:18:05.604Z] [LOG] {"page":"CashClosingDashboard","event":"CASH_CLOSING_RESET_CLICKED","timestamp":"2026-08-27T12:18:05.604Z"}
27/8/2026, 5:48:04 pm | [2026-08-27T12:18:05.605Z] [LOG] {"page":"CashClosingDashboard","event":"CASH_CLOSING_DASHBOARD_PAGE_LOADED","timestamp":"2026-08-27T12:18:05.605Z"}
27/8/2026, 5:48:04 pm | [2026-08-27T12:18:05.657Z] [LOG] {"page":"CashClosingDashboard","event":"CASH_CLOSING_RESET_SUCCESS","totalRecords":56,"timestamp":"2026-08-27T12:18:05.657Z"}
27/8/2026, 5:48:04 pm | [2026-08-27T12:18:05.658Z] [LOG] {"page":"CashClosingDashboard","event":"CASH_CLOSING_DASHBOARD_PAGE_LOADED","timestamp":"2026-08-27T12:18:05.658Z"}
27/8/2026, 5:48:11 pm | [2026-08-27T12:18:12.300Z] [LOG] {"page":"CashClosingDashboard","event":"CASH_CLOSING_RESET_CLICKED","timestamp":"2026-08-27T12:18:12.300Z"}
27/8/2026, 5:48:11 pm | [2026-08-27T12:18:12.301Z] [LOG] {"page":"CashClosingDashboard","event":"CASH_CLOSING_DASHBOARD_PAGE_LOADED","timestamp":"2026-08-27T12:18:12.301Z"}
27/8/2026, 5:48:11 pm | [2026-08-27T12:18:12.432Z] [LOG] {"page":"CashClosingDashboard","event":"CASH_CLOSING_RESET_SUCCESS","totalRecords":56,"timestamp":"2026-08-27T12:18:12.432Z"}
27/8/2026, 5:48:11 pm | [2026-08-27T12:18:12.433Z] [LOG] {"page":"CashClosingDashboard","event":"CASH_CLOSING_DASHBOARD_PAGE_LOADED","timestamp":"2026-08-27T12:18:12.433Z"}
27/8/2026, 5:48:11 pm | [2026-08-27T12:18:12.468Z] [LOG] {"page":"CashClosingDashboard","event":"CASH_CLOSING_DASHBOARD_PAGE_LOADED","timestamp":"2026-08-27T12:18:12.468Z"}
27/8/2026, 5:48:11 pm | [2026-08-27T12:18:12.467Z] [LOG] {"page":"CashClosingDashboard","event":"CASH_CLOSING_RESET_CLICKED","timestamp":"2026-08-27T12:18:12.467Z"}
27/8/2026, 5:48:11 pm | [2026-08-27T12:18:12.525Z] [LOG] {"page":"CashClosingDashboard","event":"CASH_CLOSING_RESET_SUCCESS","totalRecords":56,"timestamp":"2026-08-27T12:18:12.525Z"}
27/8/2026, 5:48:11 pm | [2026-08-27T12:18:12.526Z] [LOG] {"page":"CashClosingDashboard","event":"CASH_CLOSING_DASHBOARD_PAGE_LOADED","timestamp":"2026-08-27T12:18:12.526Z"}
27/8/2026, 5:48:11 pm | [2026-08-27T12:18:12.636Z] [LOG] {"page":"CashClosingDashboard","event":"CASH_CLOSING_RESET_CLICKED","timestamp":"2026-08-27T12:18:12.636Z"}
27/8/2026, 5:48:11 pm | [2026-08-27T12:18:12.637Z] [LOG] {"page":"CashClosingDashboard","event":"CASH_CLOSING_DASHBOARD_PAGE_LOADED","timestamp":"2026-08-27T12:18:12.637Z"}
27/8/2026, 5:48:11 pm | [2026-08-27T12:18:12.694Z] [LOG] {"page":"CashClosingDashboard","event":"CASH_CLOSING_RESET_SUCCESS","totalRecords":56,"timestamp":"2026-08-27T12:18:12.694Z"}
27/8/2026, 5:48:11 pm | [2026-08-27T12:18:12.695Z] [LOG] {"page":"CashClosingDashboard","event":"CASH_CLOSING_DASHBOARD_PAGE_LOADED","timestamp":"2026-08-27T12:18:12.695Z"}
27/8/2026, 5:48:12 pm | [2026-08-27T12:18:14.398Z] [LOG] {"page":"CashClosingDashboard","event":"CASH_CLOSING_RESET_CLICKED","timestamp":"2026-08-27T12:18:14.398Z"}
27/8/2026, 5:48:12 pm | [2026-08-27T12:18:14.399Z] [LOG] {"page":"CashClosingDashboard","event":"CASH_CLOSING_DASHBOARD_PAGE_LOADED","timestamp":"2026-08-27T12:18:14.399Z"}
27/8/2026, 5:48:12 pm | [2026-08-27T12:18:14.557Z] [LOG] {"page":"CashClosingDashboard","event":"CASH_CLOSING_RESET_CLICKED","timestamp":"2026-08-27T12:18:14.557Z"}
27/8/2026, 5:48:12 pm | [2026-08-27T12:18:14.558Z] [LOG] {"page":"CashClosingDashboard","event":"CASH_CLOSING_DASHBOARD_PAGE_LOADED","timestamp":"2026-08-27T12:18:14.558Z"}
27/8/2026, 5:48:12 pm | [2026-08-27T12:18:14.567Z] [LOG] {"page":"CashClosingDashboard","event":"CASH_CLOSING_RESET_SUCCESS","totalRecords":56,"timestamp":"2026-08-27T12:18:14.567Z"}
27/8/2026, 5:48:12 pm | [2026-08-27T12:18:14.568Z] [LOG] {"page":"CashClosingDashboard","event":"CASH_CLOSING_DASHBOARD_PAGE_LOADED","timestamp":"2026-08-27T12:18:14.568Z"}
27/8/2026, 5:48:12 pm | [2026-08-27T12:18:14.609Z] [LOG] {"page":"CashClosingDashboard","event":"CASH_CLOSING_RESET_SUCCESS","totalRecords":56,"timestamp":"2026-08-27T12:18:14.609Z"}
27/8/2026, 5:48:12 pm | [2026-08-27T12:18:14.610Z] [LOG] {"page":"CashClosingDashboard","event":"CASH_CLOSING_DASHBOARD_PAGE_LOADED","timestamp":"2026-08-27T12:18:14.610Z"}
27/8/2026, 5:48:12 pm | [2026-08-27T12:18:14.717Z] [LOG] {"page":"CashClosingDashboard","event":"CASH_CLOSING_RESET_CLICKED","timestamp":"2026-08-27T12:18:14.717Z"}
27/8/2026, 5:48:12 pm | [2026-08-27T12:18:14.718Z] [LOG] {"page":"CashClosingDashboard","event":"CASH_CLOSING_DASHBOARD_PAGE_LOADED","timestamp":"2026-08-27T12:18:14.718Z"}
27/8/2026, 5:48:13 pm | [2026-08-27T12:18:14.775Z] [LOG] {"page":"CashClosingDashboard","event":"CASH_CLOSING_RESET_SUCCESS","totalRecords":56,"timestamp":"2026-08-27T12:18:14.775Z"}
27/8/2026, 5:48:13 pm | [2026-08-27T12:18:14.776Z] [LOG] {"page":"CashClosingDashboard","event":"CASH_CLOSING_DASHBOARD_PAGE_LOADED","timestamp":"2026-08-27T12:18:14.776Z"}
27/8/2026, 5:48:13 pm | [2026-08-27T12:18:14.861Z] [LOG] {"page":"CashClosingDashboard","event":"CASH_CLOSING_RESET_CLICKED","timestamp":"2026-08-27T12:18:14.861Z"}
27/8/2026, 5:48:13 pm | [2026-08-27T12:18:14.862Z] [LOG] {"page":"CashClosingDashboard","event":"CASH_CLOSING_DASHBOARD_PAGE_LOADED","timestamp":"2026-08-27T12:18:14.862Z"}
27/8/2026, 5:48:13 pm | [2026-08-27T12:18:14.917Z] [LOG] {"page":"CashClosingDashboard","event":"CASH_CLOSING_RESET_SUCCESS","totalRecords":56,"timestamp":"2026-08-27T12:18:14.917Z"}
27/8/2026, 5:48:13 pm | [2026-08-27T12:18:14.918Z] [LOG] {"page":"CashClosingDashboard","event":"CASH_CLOSING_DASHBOARD_PAGE_LOADED","timestamp":"2026-08-27T12:18:14.917Z"}
27/8/2026, 5:48:13 pm | [2026-08-27T12:18:14.998Z] [LOG] {"page":"CashClosingDashboard","event":"CASH_CLOSING_DASHBOARD_PAGE_LOADED","timestamp":"2026-08-27T12:18:14.998Z"}
27/8/2026, 5:48:13 pm | [2026-08-27T12:18:14.997Z] [LOG] {"page":"CashClosingDashboard","event":"CASH_CLOSING_RESET_CLICKED","timestamp":"2026-08-27T12:18:14.997Z"}
27/8/2026, 5:48:13 pm | [2026-08-27T12:18:15.051Z] [LOG] {"page":"CashClosingDashboard","event":"CASH_CLOSING_RESET_SUCCESS","totalRecords":56,"timestamp":"2026-08-27T12:18:15.051Z"}
27/8/2026, 5:48:13 pm | [2026-08-27T12:18:15.052Z] [LOG] {"page":"CashClosingDashboard","event":"CASH_CLOSING_DASHBOARD_PAGE_LOADED","timestamp":"2026-08-27T12:18:15.052Z"}
27/8/2026, 5:48:14 pm | [2026-08-27T12:18:15.124Z] [LOG] {"page":"CashClosingDashboard","event":"CASH_CLOSING_NEXT_PAGE","currentPage":2,"timestamp":"2026-08-27T12:18:15.124Z"}
27/8/2026, 5:48:14 pm | [2026-08-27T12:18:15.124Z] [LOG] {"page":"CashClosingDashboard","event":"CASH_CLOSING_DASHBOARD_PAGE_LOADED","timestamp":"2026-08-27T12:18:15.124Z"}
27/8/2026, 5:48:14 pm | [2026-08-27T12:18:16.230Z] [LOG] {"page":"CashClosingDashboard","event":"CASH_CLOSING_DASHBOARD_PAGE_LOADED","timestamp":"2026-08-27T12:18:16.230Z"}
27/8/2026, 5:48:14 pm | [2026-08-27T12:18:16.229Z] [LOG] {"page":"CashClosingDashboard","event":"CASH_CLOSING_NEXT_PAGE","currentPage":2,"timestamp":"2026-08-27T12:18:16.229Z"}
27/8/2026, 5:48:15 pm | [2026-08-27T12:18:16.060Z] [LOG] {"page":"CashClosingDashboard","event":"CASH_CLOSING_NEXT_PAGE","currentPage":3,"timestamp":"2026-08-27T12:18:16.060Z"}
27/8/2026, 5:48:15 pm | [2026-08-27T12:18:16.061Z] [LOG] {"page":"CashClosingDashboard","event":"CASH_CLOSING_DASHBOARD_PAGE_LOADED","timestamp":"2026-08-27T12:18:16.061Z"}
27/8/2026, 5:48:17 pm | [2026-08-27T12:18:19.542Z] [LOG] {"page":"CashClosingDashboard","event":"CASH_CLOSING_DASHBOARD_PAGE_LOADED","timestamp":"2026-08-27T12:18:19.542Z"}
27/8/2026, 5:48:17 pm | [2026-08-27T12:18:19.541Z] [LOG] {"page":"CashClosingDashboard","event":"CASH_CLOSING_RESET_CLICKED","timestamp":"2026-08-27T12:18:19.541Z"}
27/8/2026, 5:48:17 pm | [2026-08-27T12:18:19.631Z] [LOG] {"page":"CashClosingDashboard","event":"CASH_CLOSING_DASHBOARD_PAGE_LOADED","timestamp":"2026-08-27T12:18:19.631Z"}
27/8/2026, 5:48:17 pm | [2026-08-27T12:18:19.630Z] [LOG] {"page":"CashClosingDashboard","event":"CASH_CLOSING_RESET_SUCCESS","totalRecords":56,"timestamp":"2026-08-27T12:18:19.630Z"}
27/8/2026, 5:48:17 pm | [2026-08-27T12:18:19.710Z] [LOG] {"page":"CashClosingDashboard","event":"CASH_CLOSING_DASHBOARD_PAGE_LOADED","timestamp":"2026-08-27T12:18:19.710Z"}
27/8/2026, 5:48:17 pm | [2026-08-27T12:18:19.709Z] [LOG] {"page":"CashClosingDashboard","event":"CASH_CLOSING_RESET_CLICKED","timestamp":"2026-08-27T12:18:19.709Z"}
27/8/2026, 5:48:18 pm | [2026-08-27T12:18:19.766Z] [LOG] {"page":"CashClosingDashboard","event":"CASH_CLOSING_RESET_SUCCESS","totalRecords":56,"timestamp":"2026-08-27T12:18:19.766Z"}
27/8/2026, 5:48:18 pm | [2026-08-27T12:18:19.767Z] [LOG] {"page":"CashClosingDashboard","event":"CASH_CLOSING_DASHBOARD_PAGE_LOADED","timestamp":"2026-08-27T12:18:19.767Z"}
27/8/2026, 5:48:18 pm | [2026-08-27T12:18:19.870Z] [LOG] {"page":"CashClosingDashboard","event":"CASH_CLOSING_DASHBOARD_PAGE_LOADED","timestamp":"2026-08-27T12:18:19.870Z"}
27/8/2026, 5:48:18 pm | [2026-08-27T12:18:19.869Z] [LOG] {"page":"CashClosingDashboard","event":"CASH_CLOSING_RESET_CLICKED","timestamp":"2026-08-27T12:18:19.869Z"}
27/8/2026, 5:48:18 pm | [2026-08-27T12:18:19.923Z] [LOG] {"page":"CashClosingDashboard","event":"CASH_CLOSING_RESET_SUCCESS","totalRecords":56,"timestamp":"2026-08-27T12:18:19.923Z"}
27/8/2026, 5:48:18 pm | [2026-08-27T12:18:19.925Z] [LOG] {"page":"CashClosingDashboard","event":"CASH_CLOSING_DASHBOARD_PAGE_LOADED","timestamp":"2026-08-27T12:18:19.925Z"}
27/8/2026, 5:48:18 pm | [2026-08-27T12:18:20.006Z] [LOG] {"page":"CashClosingDashboard","event":"CASH_CLOSING_DASHBOARD_PAGE_LOADED","timestamp":"2026-08-27T12:18:20.006Z"}
27/8/2026, 5:48:18 pm | [2026-08-27T12:18:20.005Z] [LOG] {"page":"CashClosingDashboard","event":"CASH_CLOSING_RESET_CLICKED","timestamp":"2026-08-27T12:18:20.005Z"}
27/8/2026, 5:48:18 pm | [2026-08-27T12:18:20.061Z] [LOG] {"page":"CashClosingDashboard","event":"CASH_CLOSING_RESET_SUCCESS","totalRecords":56,"timestamp":"2026-08-27T12:18:20.061Z"}
27/8/2026, 5:48:18 pm | [2026-08-27T12:18:20.062Z] [LOG] {"page":"CashClosingDashboard","event":"CASH_CLOSING_DASHBOARD_PAGE_LOADED","timestamp":"2026-08-27T12:18:20.062Z"}
27/8/2026, 5:48:18 pm | [2026-08-27T12:18:20.158Z] [LOG] {"page":"CashClosingDashboard","event":"CASH_CLOSING_DASHBOARD_PAGE_LOADED","timestamp":"2026-08-27T12:18:20.158Z"}
27/8/2026, 5:48:18 pm | [2026-08-27T12:18:20.157Z] [LOG] {"page":"CashClosingDashboard","event":"CASH_CLOSING_RESET_CLICKED","timestamp":"2026-08-27T12:18:20.157Z"}
27/8/2026, 5:48:18 pm | [2026-08-27T12:18:20.212Z] [LOG] {"page":"CashClosingDashboard","event":"CASH_CLOSING_RESET_SUCCESS","totalRecords":56,"timestamp":"2026-08-27T12:18:20.212Z"}
27/8/2026, 5:48:18 pm | [2026-08-27T12:18:20.214Z] [LOG] {"page":"CashClosingDashboard","event":"CASH_CLOSING_DASHBOARD_PAGE_LOADED","timestamp":"2026-08-27T12:18:20.214Z"}
27/8/2026, 5:48:18 pm | [2026-08-27T12:18:20.236Z] [LOG] {"page":"CashClosingDashboard","event":"CASH_CLOSING_RESET_CLICKED","timestamp":"2026-08-27T12:18:20.236Z"}
27/8/2026, 5:48:18 pm | [2026-08-27T12:18:20.237Z] [LOG] {"page":"CashClosingDashboard","event":"CASH_CLOSING_DASHBOARD_PAGE_LOADED","timestamp":"2026-08-27T12:18:20.237Z"}
27/8/2026, 5:48:18 pm | [2026-08-27T12:18:20.289Z] [LOG] {"page":"CashClosingDashboard","event":"CASH_CLOSING_RESET_SUCCESS","totalRecords":56,"timestamp":"2026-08-27T12:18:20.289Z"}
27/8/2026, 5:48:18 pm | [2026-08-27T12:18:20.289Z] [LOG] {"page":"CashClosingDashboard","event":"CASH_CLOSING_DASHBOARD_PAGE_LOADED","timestamp":"2026-08-27T12:18:20.289Z"}
27/8/2026, 5:48:20 pm | [2026-08-27T12:18:22.165Z] [LOG] {"page":"CashClosingDashboard","event":"CASH_CLOSING_NEXT_PAGE","currentPage":2,"timestamp":"2026-08-27T12:18:22.165Z"}
27/8/2026, 5:48:20 pm | [2026-08-27T12:18:22.165Z] [LOG] {"page":"CashClosingDashboard","event":"CASH_CLOSING_DASHBOARD_PAGE_LOADED","timestamp":"2026-08-27T12:18:22.165Z"}
27/8/2026, 5:48:21 pm | [2026-08-27T12:18:23.334Z] [LOG] {"page":"CashClosingDashboard","event":"CASH_CLOSING_RESET_CLICKED","timestamp":"2026-08-27T12:18:23.334Z"}
27/8/2026, 5:48:21 pm | [2026-08-27T12:18:23.335Z] [LOG] {"page":"CashClosingDashboard","event":"CASH_CLOSING_DASHBOARD_PAGE_LOADED","timestamp":"2026-08-27T12:18:23.335Z"}
27/8/2026, 5:48:21 pm | [2026-08-27T12:18:23.495Z] [LOG] {"page":"CashClosingDashboard","event":"CASH_CLOSING_DASHBOARD_PAGE_LOADED","timestamp":"2026-08-27T12:18:23.495Z"}
27/8/2026, 5:48:21 pm | [2026-08-27T12:18:23.494Z] [LOG] {"page":"CashClosingDashboard","event":"CASH_CLOSING_RESET_CLICKED","timestamp":"2026-08-27T12:18:23.494Z"}
27/8/2026, 5:48:21 pm | [2026-08-27T12:18:23.496Z] [LOG] {"page":"CashClosingDashboard","event":"CASH_CLOSING_RESET_SUCCESS","totalRecords":56,"timestamp":"2026-08-27T12:18:23.496Z"}
27/8/2026, 5:48:21 pm | [2026-08-27T12:18:23.497Z] [LOG] {"page":"CashClosingDashboard","event":"CASH_CLOSING_DASHBOARD_PAGE_LOADED","timestamp":"2026-08-27T12:18:23.497Z"}
27/8/2026, 5:48:22 pm | [2026-08-27T12:18:23.551Z] [LOG] {"page":"CashClosingDashboard","event":"CASH_CLOSING_RESET_SUCCESS","totalRecords":56,"timestamp":"2026-08-27T12:18:23.551Z"}
27/8/2026, 5:48:22 pm | [2026-08-27T12:18:23.552Z] [LOG] {"page":"CashClosingDashboard","event":"CASH_CLOSING_DASHBOARD_PAGE_LOADED","timestamp":"2026-08-27T12:18:23.552Z"}
27/8/2026, 5:48:23 pm | [2026-08-27T12:18:25.134Z] [LOG] {"page":"CashClosingDashboard","event":"CASH_CLOSING_NEXT_PAGE","currentPage":2,"timestamp":"2026-08-27T12:18:25.134Z"}
27/8/2026, 5:48:23 pm | [2026-08-27T12:18:25.134Z] [LOG] {"page":"CashClosingDashboard","event":"CASH_CLOSING_DASHBOARD_PAGE_LOADED","timestamp":"2026-08-27T12:18:25.134Z"}
27/8/2026, 5:48:24 pm | [2026-08-27T12:18:25.631Z] [LOG] {"page":"CashClosingDashboard","event":"CASH_CLOSING_DASHBOARD_PAGE_LOADED","timestamp":"2026-08-27T12:18:25.631Z"}
27/8/2026, 5:48:24 pm | [2026-08-27T12:18:25.631Z] [LOG] {"page":"CashClosingDashboard","event":"CASH_CLOSING_NEXT_PAGE","currentPage":3,"timestamp":"2026-08-27T12:18:25.631Z"}
27/8/2026, 5:48:34 pm | [2026-08-27T12:18:35.582Z] [LOG] {"page":"CashClosingDashboard","event":"CASH_CLOSING_NEXT_PAGE","currentPage":4,"timestamp":"2026-08-27T12:18:35.582Z"}
27/8/2026, 5:48:34 pm | [2026-08-27T12:18:35.582Z] [LOG] {"page":"CashClosingDashboard","event":"CASH_CLOSING_DASHBOARD_PAGE_LOADED","timestamp":"2026-08-27T12:18:35.582Z"}
27/8/2026, 5:48:35 pm | [2026-08-27T12:18:37.325Z] [LOG] {"page":"CashClosingDashboard","event":"CASH_CLOSING_RESET_CLICKED","timestamp":"2026-08-27T12:18:37.325Z"}
27/8/2026, 5:48:35 pm | [2026-08-27T12:18:37.326Z] [LOG] {"page":"CashClosingDashboard","event":"CASH_CLOSING_DASHBOARD_PAGE_LOADED","timestamp":"2026-08-27T12:18:37.326Z"}
27/8/2026, 5:48:35 pm | [2026-08-27T12:18:37.458Z] [LOG] {"page":"CashClosingDashboard","event":"CASH_CLOSING_DASHBOARD_PAGE_LOADED","timestamp":"2026-08-27T12:18:37.458Z"}
27/8/2026, 5:48:35 pm | [2026-08-27T12:18:37.457Z] [LOG] {"page":"CashClosingDashboard","event":"CASH_CLOSING_RESET_SUCCESS","totalRecords":56,"timestamp":"2026-08-27T12:18:37.457Z"}
27/8/2026, 5:48:35 pm | [2026-08-27T12:18:37.606Z] [LOG] {"page":"CashClosingDashboard","event":"CASH_CLOSING_DASHBOARD_PAGE_LOADED","timestamp":"2026-08-27T12:18:37.606Z"}
27/8/2026, 5:48:35 pm | [2026-08-27T12:18:37.605Z] [LOG] {"page":"CashClosingDashboard","event":"CASH_CLOSING_RESET_CLICKED","timestamp":"2026-08-27T12:18:37.605Z"}
27/8/2026, 5:48:35 pm | [2026-08-27T12:18:37.661Z] [LOG] {"page":"CashClosingDashboard","event":"CASH_CLOSING_RESET_SUCCESS","totalRecords":56,"timestamp":"2026-08-27T12:18:37.661Z"}
27/8/2026, 5:48:35 pm | [2026-08-27T12:18:37.662Z] [LOG] {"page":"CashClosingDashboard","event":"CASH_CLOSING_DASHBOARD_PAGE_LOADED","timestamp":"2026-08-27T12:18:37.662Z"}
27/8/2026, 5:48:36 pm | [2026-08-27T12:18:37.774Z] [LOG] {"page":"CashClosingDashboard","event":"CASH_CLOSING_DASHBOARD_PAGE_LOADED","timestamp":"2026-08-27T12:18:37.774Z"}
27/8/2026, 5:48:36 pm | [2026-08-27T12:18:37.773Z] [LOG] {"page":"CashClosingDashboard","event":"CASH_CLOSING_RESET_CLICKED","timestamp":"2026-08-27T12:18:37.773Z"}
27/8/2026, 5:48:36 pm | [2026-08-27T12:18:37.830Z] [LOG] {"page":"CashClosingDashboard","event":"CASH_CLOSING_RESET_SUCCESS","totalRecords":56,"timestamp":"2026-08-27T12:18:37.830Z"}
27/8/2026, 5:48:36 pm | [2026-08-27T12:18:37.831Z] [LOG] {"page":"CashClosingDashboard","event":"CASH_CLOSING_DASHBOARD_PAGE_LOADED","timestamp":"2026-08-27T12:18:37.831Z"}
27/8/2026, 5:48:36 pm | [2026-08-27T12:18:37.933Z] [LOG] {"page":"CashClosingDashboard","event":"CASH_CLOSING_RESET_CLICKED","timestamp":"2026-08-27T12:18:37.933Z"}
27/8/2026, 5:48:36 pm | [2026-08-27T12:18:37.934Z] [LOG] {"page":"CashClosingDashboard","event":"CASH_CLOSING_DASHBOARD_PAGE_LOADED","timestamp":"2026-08-27T12:18:37.934Z"}
27/8/2026, 5:48:36 pm | [2026-08-27T12:18:37.989Z] [LOG] {"page":"CashClosingDashboard","event":"CASH_CLOSING_RESET_SUCCESS","totalRecords":56,"timestamp":"2026-08-27T12:18:37.989Z"}
27/8/2026, 5:48:36 pm | [2026-08-27T12:18:37.990Z] [LOG] {"page":"CashClosingDashboard","event":"CASH_CLOSING_DASHBOARD_PAGE_LOADED","timestamp":"2026-08-27T12:18:37.990Z"}
27/8/2026, 5:48:36 pm | [2026-08-27T12:18:38.077Z] [LOG] {"page":"CashClosingDashboard","event":"CASH_CLOSING_RESET_CLICKED","timestamp":"2026-08-27T12:18:38.077Z"}
27/8/2026, 5:48:36 pm | [2026-08-27T12:18:38.078Z] [LOG] {"page":"CashClosingDashboard","event":"CASH_CLOSING_DASHBOARD_PAGE_LOADED","timestamp":"2026-08-27T12:18:38.078Z"}
27/8/2026, 5:48:36 pm | [2026-08-27T12:18:38.133Z] [LOG] {"page":"CashClosingDashboard","event":"CASH_CLOSING_RESET_SUCCESS","totalRecords":56,"timestamp":"2026-08-27T12:18:38.133Z"}
27/8/2026, 5:48:36 pm | [2026-08-27T12:18:38.134Z] [LOG] {"page":"CashClosingDashboard","event":"CASH_CLOSING_DASHBOARD_PAGE_LOADED","timestamp":"2026-08-27T12:18:38.134Z"}
27/8/2026, 5:48:36 pm | [2026-08-27T12:18:38.221Z] [LOG] {"page":"CashClosingDashboard","event":"CASH_CLOSING_RESET_CLICKED","timestamp":"2026-08-27T12:18:38.221Z"}
27/8/2026, 5:48:36 pm | [2026-08-27T12:18:38.222Z] [LOG] {"page":"CashClosingDashboard","event":"CASH_CLOSING_DASHBOARD_PAGE_LOADED","timestamp":"2026-08-27T12:18:38.222Z"}
27/8/2026, 5:48:36 pm | [2026-08-27T12:18:38.278Z] [LOG] {"page":"CashClosingDashboard","event":"CASH_CLOSING_RESET_SUCCESS","totalRecords":56,"timestamp":"2026-08-27T12:18:38.278Z"}
27/8/2026, 5:48:36 pm | [2026-08-27T12:18:38.279Z] [LOG] {"page":"CashClosingDashboard","event":"CASH_CLOSING_DASHBOARD_PAGE_LOADED","timestamp":"2026-08-27T12:18:38.279Z"}
27/8/2026, 5:48:36 pm | [2026-08-27T12:18:38.358Z] [LOG] {"page":"CashClosingDashboard","event":"CASH_CLOSING_DASHBOARD_PAGE_LOADED","timestamp":"2026-08-27T12:18:38.358Z"}
27/8/2026, 5:48:36 pm | [2026-08-27T12:18:38.357Z] [LOG] {"page":"CashClosingDashboard","event":"CASH_CLOSING_RESET_CLICKED","timestamp":"2026-08-27T12:18:38.357Z"}
27/8/2026, 5:48:36 pm | [2026-08-27T12:18:38.414Z] [LOG] {"page":"CashClosingDashboard","event":"CASH_CLOSING_RESET_SUCCESS","totalRecords":56,"timestamp":"2026-08-27T12:18:38.414Z"}
27/8/2026, 5:48:36 pm | [2026-08-27T12:18:38.416Z] [LOG] {"page":"CashClosingDashboard","event":"CASH_CLOSING_DASHBOARD_PAGE_LOADED","timestamp":"2026-08-27T12:18:38.416Z"}
27/8/2026, 5:48:38 pm | [2026-08-27T12:18:40.133Z] [LOG] {"page":"CashClosingDashboard","event":"CASH_CLOSING_NEXT_PAGE","currentPage":2,"timestamp":"2026-08-27T12:18:40.133Z"}
27/8/2026, 5:48:38 pm | [2026-08-27T12:18:40.133Z] [LOG] {"page":"CashClosingDashboard","event":"CASH_CLOSING_DASHBOARD_PAGE_LOADED","timestamp":"2026-08-27T12:18:40.133Z"}
27/8/2026, 5:48:38 pm | [2026-08-27T12:18:39.396Z] [LOG] {"page":"CashClosingDashboard","event":"CASH_CLOSING_RESET_CLICKED","timestamp":"2026-08-27T12:18:39.396Z"}
27/8/2026, 5:48:38 pm | [2026-08-27T12:18:39.397Z] [LOG] {"page":"CashClosingDashboard","event":"CASH_CLOSING_DASHBOARD_PAGE_LOADED","timestamp":"2026-08-27T12:18:39.397Z"}
27/8/2026, 5:48:38 pm | [2026-08-27T12:18:39.486Z] [LOG] {"page":"CashClosingDashboard","event":"CASH_CLOSING_RESET_SUCCESS","totalRecords":56,"timestamp":"2026-08-27T12:18:39.486Z"}
27/8/2026, 5:48:38 pm | [2026-08-27T12:18:39.489Z] [LOG] {"page":"CashClosingDashboard","event":"CASH_CLOSING_DASHBOARD_PAGE_LOADED","timestamp":"2026-08-27T12:18:39.489Z"}
27/8/2026, 5:48:38 pm | [2026-08-27T12:18:39.540Z] [LOG] {"page":"CashClosingDashboard","event":"CASH_CLOSING_RESET_CLICKED","timestamp":"2026-08-27T12:18:39.540Z"}
27/8/2026, 5:48:38 pm | [2026-08-27T12:18:39.541Z] [LOG] {"page":"CashClosingDashboard","event":"CASH_CLOSING_DASHBOARD_PAGE_LOADED","timestamp":"2026-08-27T12:18:39.541Z"}
27/8/2026, 5:48:38 pm | [2026-08-27T12:18:39.594Z] [LOG] {"page":"CashClosingDashboard","event":"CASH_CLOSING_RESET_SUCCESS","totalRecords":56,"timestamp":"2026-08-27T12:18:39.594Z"}
27/8/2026, 5:48:38 pm | [2026-08-27T12:18:39.595Z] [LOG] {"page":"CashClosingDashboard","event":"CASH_CLOSING_DASHBOARD_PAGE_LOADED","timestamp":"2026-08-27T12:18:39.595Z"}
27/8/2026, 5:48:40 pm | [2026-08-27T12:18:41.252Z] [LOG] {"page":"CashClosingDashboard","event":"CASH_CLOSING_DASHBOARD_PAGE_LOADED","timestamp":"2026-08-27T12:18:41.252Z"}
27/8/2026, 5:48:40 pm | [2026-08-27T12:18:41.252Z] [LOG] {"page":"CashClosingDashboard","event":"CASH_CLOSING_NEXT_PAGE","currentPage":2,"timestamp":"2026-08-27T12:18:41.252Z"}
27/8/2026, 5:48:41 pm | [2026-08-27T12:18:42.197Z] [LOG] {"page":"CashClosingDashboard","event":"CASH_CLOSING_DASHBOARD_PAGE_LOADED","timestamp":"2026-08-27T12:18:42.197Z"}
27/8/2026, 5:48:41 pm | [2026-08-27T12:18:42.196Z] [LOG] {"page":"CashClosingDashboard","event":"CASH_CLOSING_NEXT_PAGE","currentPage":3,"timestamp":"2026-08-27T12:18:42.196Z"}
27/8/2026, 5:48:43 pm | [2026-08-27T12:18:44.446Z] [LOG] {"page":"CashClosingDashboard","event":"CASH_CLOSING_DASHBOARD_PAGE_LOADED","timestamp":"2026-08-27T12:18:44.445Z"}
27/8/2026, 5:48:47 pm | [2026-08-27T12:18:49.125Z] [LOG] {"page":"CashClosingDashboard","event":"CASH_CLOSING_RESET_CLICKED","timestamp":"2026-08-27T12:18:49.125Z"}
27/8/2026, 5:48:47 pm | [2026-08-27T12:18:49.126Z] [LOG] {"page":"CashClosingDashboard","event":"CASH_CLOSING_DASHBOARD_PAGE_LOADED","timestamp":"2026-08-27T12:18:49.126Z"}
27/8/2026, 5:48:47 pm | [2026-08-27T12:18:49.260Z] [LOG] {"page":"CashClosingDashboard","event":"CASH_CLOSING_RESET_SUCCESS","totalRecords":56,"timestamp":"2026-08-27T12:18:49.260Z"}
27/8/2026, 5:48:47 pm | [2026-08-27T12:18:49.261Z] [LOG] {"page":"CashClosingDashboard","event":"CASH_CLOSING_DASHBOARD_PAGE_LOADED","timestamp":"2026-08-27T12:18:49.261Z"}
27/8/2026, 5:48:47 pm | [2026-08-27T12:18:49.285Z] [LOG] {"page":"CashClosingDashboard","event":"CASH_CLOSING_RESET_CLICKED","timestamp":"2026-08-27T12:18:49.285Z"}
27/8/2026, 5:48:47 pm | [2026-08-27T12:18:49.285Z] [LOG] {"page":"CashClosingDashboard","event":"CASH_CLOSING_DASHBOARD_PAGE_LOADED","timestamp":"2026-08-27T12:18:49.285Z"}
27/8/2026, 5:48:47 pm | [2026-08-27T12:18:49.342Z] [LOG] {"page":"CashClosingDashboard","event":"CASH_CLOSING_RESET_SUCCESS","totalRecords":56,"timestamp":"2026-08-27T12:18:49.342Z"}
27/8/2026, 5:48:47 pm | [2026-08-27T12:18:49.343Z] [LOG] {"page":"CashClosingDashboard","event":"CASH_CLOSING_DASHBOARD_PAGE_LOADED","timestamp":"2026-08-27T12:18:49.343Z"}
27/8/2026, 5:48:47 pm | [2026-08-27T12:18:49.429Z] [LOG] {"page":"CashClosingDashboard","event":"CASH_CLOSING_RESET_CLICKED","timestamp":"2026-08-27T12:18:49.429Z"}
27/8/2026, 5:48:47 pm | [2026-08-27T12:18:49.430Z] [LOG] {"page":"CashClosingDashboard","event":"CASH_CLOSING_DASHBOARD_PAGE_LOADED","timestamp":"2026-08-27T12:18:49.430Z"}
27/8/2026, 5:48:47 pm | [2026-08-27T12:18:49.486Z] [LOG] {"page":"CashClosingDashboard","event":"CASH_CLOSING_RESET_SUCCESS","totalRecords":56,"timestamp":"2026-08-27T12:18:49.486Z"}
27/8/2026, 5:48:47 pm | [2026-08-27T12:18:49.487Z] [LOG] {"page":"CashClosingDashboard","event":"CASH_CLOSING_DASHBOARD_PAGE_LOADED","timestamp":"2026-08-27T12:18:49.487Z"}
27/8/2026, 5:48:47 pm | [2026-08-27T12:18:49.557Z] [LOG] {"page":"CashClosingDashboard","event":"CASH_CLOSING_RESET_CLICKED","timestamp":"2026-08-27T12:18:49.557Z"}
27/8/2026, 5:48:47 pm | [2026-08-27T12:18:49.558Z] [LOG] {"page":"CashClosingDashboard","event":"CASH_CLOSING_DASHBOARD_PAGE_LOADED","timestamp":"2026-08-27T12:18:49.558Z"}
27/8/2026, 5:48:47 pm | [2026-08-27T12:18:49.614Z] [LOG] {"page":"CashClosingDashboard","event":"CASH_CLOSING_RESET_SUCCESS","totalRecords":56,"timestamp":"2026-08-27T12:18:49.614Z"}
27/8/2026, 5:48:47 pm | [2026-08-27T12:18:49.615Z] [LOG] {"page":"CashClosingDashboard","event":"CASH_CLOSING_DASHBOARD_PAGE_LOADED","timestamp":"2026-08-27T12:18:49.615Z"}
27/8/2026, 5:48:47 pm | [2026-08-27T12:18:49.685Z] [LOG] {"page":"CashClosingDashboard","event":"CASH_CLOSING_RESET_CLICKED","timestamp":"2026-08-27T12:18:49.685Z"}
27/8/2026, 5:48:47 pm | [2026-08-27T12:18:49.686Z] [LOG] {"page":"CashClosingDashboard","event":"CASH_CLOSING_DASHBOARD_PAGE_LOADED","timestamp":"2026-08-27T12:18:49.686Z"}
27/8/2026, 5:48:48 pm | [2026-08-27T12:18:49.747Z] [LOG] {"page":"CashClosingDashboard","event":"CASH_CLOSING_RESET_SUCCESS","totalRecords":56,"timestamp":"2026-08-27T12:18:49.747Z"}
27/8/2026, 5:48:48 pm | [2026-08-27T12:18:49.748Z] [LOG] {"page":"CashClosingDashboard","event":"CASH_CLOSING_DASHBOARD_PAGE_LOADED","timestamp":"2026-08-27T12:18:49.748Z"}
27/8/2026, 5:48:48 pm | [2026-08-27T12:18:49.789Z] [LOG] {"page":"CashClosingDashboard","event":"CASH_CLOSING_RESET_CLICKED","timestamp":"2026-08-27T12:18:49.789Z"}
27/8/2026, 5:48:48 pm | [2026-08-27T12:18:49.790Z] [LOG] {"page":"CashClosingDashboard","event":"CASH_CLOSING_DASHBOARD_PAGE_LOADED","timestamp":"2026-08-27T12:18:49.790Z"}
27/8/2026, 5:48:48 pm | [2026-08-27T12:18:49.847Z] [LOG] {"page":"CashClosingDashboard","event":"CASH_CLOSING_RESET_SUCCESS","totalRecords":56,"timestamp":"2026-08-27T12:18:49.847Z"}
27/8/2026, 5:48:48 pm | [2026-08-27T12:18:49.848Z] [LOG] {"page":"CashClosingDashboard","event":"CASH_CLOSING_DASHBOARD_PAGE_LOADED","timestamp":"2026-08-27T12:18:49.848Z"}
27/8/2026, 5:48:50 pm | [2026-08-27T12:18:51.749Z] [LOG] {"page":"CashClosingDashboard","event":"CASH_CLOSING_NEXT_PAGE","currentPage":2,"timestamp":"2026-08-27T12:18:51.749Z"}
27/8/2026, 5:48:50 pm | [2026-08-27T12:18:51.750Z] [LOG] {"page":"CashClosingDashboard","event":"CASH_CLOSING_DASHBOARD_PAGE_LOADED","timestamp":"2026-08-27T12:18:51.750Z"}
27/8/2026, 5:48:53 pm | [2026-08-27T12:18:55.573Z] [LOG] {"page":"CashClosingDashboard","event":"CASH_CLOSING_RESET_CLICKED","timestamp":"2026-08-27T12:18:55.573Z"}
27/8/2026, 5:48:53 pm | [2026-08-27T12:18:55.574Z] [LOG] {"page":"CashClosingDashboard","event":"CASH_CLOSING_DASHBOARD_PAGE_LOADED","timestamp":"2026-08-27T12:18:55.574Z"}
27/8/2026, 5:48:53 pm | [2026-08-27T12:18:55.672Z] [LOG] {"page":"CashClosingDashboard","event":"CASH_CLOSING_RESET_SUCCESS","totalRecords":56,"timestamp":"2026-08-27T12:18:55.672Z"}
27/8/2026, 5:48:53 pm | [2026-08-27T12:18:55.673Z] [LOG] {"page":"CashClosingDashboard","event":"CASH_CLOSING_DASHBOARD_PAGE_LOADED","timestamp":"2026-08-27T12:18:55.673Z"}
27/8/2026, 5:48:54 pm | [2026-08-27T12:18:55.741Z] [LOG] {"page":"CashClosingDashboard","event":"CASH_CLOSING_RESET_CLICKED","timestamp":"2026-08-27T12:18:55.741Z"}
27/8/2026, 5:48:54 pm | [2026-08-27T12:18:55.742Z] [LOG] {"page":"CashClosingDashboard","event":"CASH_CLOSING_DASHBOARD_PAGE_LOADED","timestamp":"2026-08-27T12:18:55.742Z"}
27/8/2026, 5:48:54 pm | [2026-08-27T12:18:55.799Z] [LOG] {"page":"CashClosingDashboard","event":"CASH_CLOSING_RESET_SUCCESS","totalRecords":56,"timestamp":"2026-08-27T12:18:55.799Z"}
27/8/2026, 5:48:54 pm | [2026-08-27T12:18:55.800Z] [LOG] {"page":"CashClosingDashboard","event":"CASH_CLOSING_DASHBOARD_PAGE_LOADED","timestamp":"2026-08-27T12:18:55.800Z"}
27/8/2026, 5:48:54 pm | [2026-08-27T12:18:55.885Z] [LOG] {"page":"CashClosingDashboard","event":"CASH_CLOSING_RESET_CLICKED","timestamp":"2026-08-27T12:18:55.885Z"}
27/8/2026, 5:48:54 pm | [2026-08-27T12:18:55.886Z] [LOG] {"page":"CashClosingDashboard","event":"CASH_CLOSING_DASHBOARD_PAGE_LOADED","timestamp":"2026-08-27T12:18:55.886Z"}
27/8/2026, 5:48:54 pm | [2026-08-27T12:18:55.941Z] [LOG] {"page":"CashClosingDashboard","event":"CASH_CLOSING_RESET_SUCCESS","totalRecords":56,"timestamp":"2026-08-27T12:18:55.941Z"}
27/8/2026, 5:48:54 pm | [2026-08-27T12:18:55.947Z] [LOG] {"page":"CashClosingDashboard","event":"CASH_CLOSING_DASHBOARD_PAGE_LOADED","timestamp":"2026-08-27T12:18:55.947Z"}
27/8/2026, 5:48:54 pm | [2026-08-27T12:18:56.021Z] [LOG] {"page":"CashClosingDashboard","event":"CASH_CLOSING_RESET_CLICKED","timestamp":"2026-08-27T12:18:56.021Z"}
27/8/2026, 5:48:54 pm | [2026-08-27T12:18:56.022Z] [LOG] {"page":"CashClosingDashboard","event":"CASH_CLOSING_DASHBOARD_PAGE_LOADED","timestamp":"2026-08-27T12:18:56.022Z"}
27/8/2026, 5:48:54 pm | [2026-08-27T12:18:56.077Z] [LOG] {"page":"CashClosingDashboard","event":"CASH_CLOSING_RESET_SUCCESS","totalRecords":56,"timestamp":"2026-08-27T12:18:56.077Z"}
27/8/2026, 5:48:54 pm | [2026-08-27T12:18:56.078Z] [LOG] {"page":"CashClosingDashboard","event":"CASH_CLOSING_DASHBOARD_PAGE_LOADED","timestamp":"2026-08-27T12:18:56.078Z"}
27/8/2026, 5:48:56 pm | [2026-08-27T12:18:57.220Z] [LOG] {"page":"CashClosingDashboard","event":"CASH_CLOSING_DASHBOARD_PAGE_LOADED","timestamp":"2026-08-27T12:18:57.220Z"}
27/8/2026, 5:48:56 pm | [2026-08-27T12:18:58.606Z] [LOG] {"page":"CashClosingDashboard","event":"CASH_CLOSING_DASHBOARD_PAGE_LOADED","timestamp":"2026-08-27T12:18:58.606Z"}
27/8/2026, 5:48:56 pm | [2026-08-27T12:18:58.605Z] [LOG] {"page":"CashClosingDashboard","event":"CASH_CLOSING_NEXT_PAGE","currentPage":2,"timestamp":"2026-08-27T12:18:58.605Z"}
27/8/2026, 5:48:57 pm | [2026-08-27T12:18:58.204Z] [LOG] {"page":"CashClosingDashboard","event":"CASH_CLOSING_RESET_CLICKED","timestamp":"2026-08-27T12:18:58.204Z"}
27/8/2026, 5:48:57 pm | [2026-08-27T12:18:58.205Z] [LOG] {"page":"CashClosingDashboard","event":"CASH_CLOSING_DASHBOARD_PAGE_LOADED","timestamp":"2026-08-27T12:18:58.205Z"}
27/8/2026, 5:48:57 pm | [2026-08-27T12:18:58.296Z] [LOG] {"page":"CashClosingDashboard","event":"CASH_CLOSING_RESET_SUCCESS","totalRecords":56,"timestamp":"2026-08-27T12:18:58.296Z"}
27/8/2026, 5:48:57 pm | [2026-08-27T12:18:58.297Z] [LOG] {"page":"CashClosingDashboard","event":"CASH_CLOSING_DASHBOARD_PAGE_LOADED","timestamp":"2026-08-27T12:18:58.297Z"}
27/8/2026, 5:48:57 pm | [2026-08-27T12:18:58.383Z] [LOG] {"page":"CashClosingDashboard","event":"CASH_CLOSING_RESET_CLICKED","timestamp":"2026-08-27T12:18:58.383Z"}
27/8/2026, 5:48:57 pm | [2026-08-27T12:18:58.384Z] [LOG] {"page":"CashClosingDashboard","event":"CASH_CLOSING_DASHBOARD_PAGE_LOADED","timestamp":"2026-08-27T12:18:58.384Z"}
27/8/2026, 5:48:57 pm | [2026-08-27T12:18:58.437Z] [LOG] {"page":"CashClosingDashboard","event":"CASH_CLOSING_RESET_SUCCESS","totalRecords":56,"timestamp":"2026-08-27T12:18:58.437Z"}
27/8/2026, 5:48:57 pm | [2026-08-27T12:18:58.438Z] [LOG] {"page":"CashClosingDashboard","event":"CASH_CLOSING_DASHBOARD_PAGE_LOADED","timestamp":"2026-08-27T12:18:58.438Z"}
27/8/2026, 5:48:57 pm | [2026-08-27T12:18:58.548Z] [LOG] {"page":"CashClosingDashboard","event":"CASH_CLOSING_RESET_CLICKED","timestamp":"2026-08-27T12:18:58.548Z"}
27/8/2026, 5:48:57 pm | [2026-08-27T12:18:58.548Z] [LOG] {"page":"CashClosingDashboard","event":"CASH_CLOSING_DASHBOARD_PAGE_LOADED","timestamp":"2026-08-27T12:18:58.548Z"}
27/8/2026, 5:48:57 pm | [2026-08-27T12:18:58.603Z] [LOG] {"page":"CashClosingDashboard","event":"CASH_CLOSING_RESET_SUCCESS","totalRecords":56,"timestamp":"2026-08-27T12:18:58.603Z"}
27/8/2026, 5:48:57 pm | [2026-08-27T12:18:58.604Z] [LOG] {"page":"CashClosingDashboard","event":"CASH_CLOSING_DASHBOARD_PAGE_LOADED","timestamp":"2026-08-27T12:18:58.604Z"}
27/8/2026, 5:48:58 pm | [2026-08-27T12:18:59.700Z] [LOG] {"page":"CashClosingDashboard","event":"CASH_CLOSING_NEXT_PAGE","currentPage":2,"timestamp":"2026-08-27T12:18:59.700Z"}
27/8/2026, 5:48:58 pm | [2026-08-27T12:18:59.700Z] [LOG] {"page":"CashClosingDashboard","event":"CASH_CLOSING_DASHBOARD_PAGE_LOADED","timestamp":"2026-08-27T12:18:59.700Z"}
27/8/2026, 5:48:59 pm | [2026-08-27T12:19:00.052Z] [LOG] {"page":"CashClosingDashboard","event":"CASH_CLOSING_NEXT_PAGE","currentPage":3,"timestamp":"2026-08-27T12:19:00.052Z"}
27/8/2026, 5:48:59 pm | [2026-08-27T12:19:00.052Z] [LOG] {"page":"CashClosingDashboard","event":"CASH_CLOSING_DASHBOARD_PAGE_LOADED","timestamp":"2026-08-27T12:19:00.052Z"}
27/8/2026, 5:49:09 pm | [2026-08-27T12:19:10.308Z] [LOG] {"page":"CashClosingDashboard","event":"CASH_CLOSING_DASHBOARD_PAGE_LOADED","timestamp":"2026-08-27T12:19:10.308Z"}
27/8/2026, 5:49:20 pm | [2026-08-27T12:19:21.699Z] [LOG] {"page":"CashClosingDashboard","event":"CASH_CLOSING_DASHBOARD_PAGE_LOADED","timestamp":"2026-08-27T12:19:21.699Z"}
27/8/2026, 5:49:22 pm | [2026-08-27T12:19:23.923Z] [LOG] {"page":"CashClosingDashboard","event":"CASH_CLOSING_DASHBOARD_PAGE_LOADED","timestamp":"2026-08-27T12:19:23.923Z"}
27/8/2026, 5:49:24 pm | [2026-08-27T12:19:25.043Z] [LOG] {"page":"CashClosingDashboard","event":"CASH_CLOSING_RESET_CLICKED","timestamp":"2026-08-27T12:19:25.043Z"}
27/8/2026, 5:49:24 pm | [2026-08-27T12:19:25.044Z] [LOG] {"page":"CashClosingDashboard","event":"CASH_CLOSING_DASHBOARD_PAGE_LOADED","timestamp":"2026-08-27T12:19:25.044Z"}
27/8/2026, 5:49:24 pm | [2026-08-27T12:19:25.168Z] [LOG] {"page":"CashClosingDashboard","event":"CASH_CLOSING_RESET_SUCCESS","totalRecords":56,"timestamp":"2026-08-27T12:19:25.168Z"}
27/8/2026, 5:49:24 pm | [2026-08-27T12:19:25.168Z] [LOG] {"page":"CashClosingDashboard","event":"CASH_CLOSING_DASHBOARD_PAGE_LOADED","timestamp":"2026-08-27T12:19:25.168Z"}
27/8/2026, 5:49:24 pm | [2026-08-27T12:19:25.211Z] [LOG] {"page":"CashClosingDashboard","event":"CASH_CLOSING_RESET_CLICKED","timestamp":"2026-08-27T12:19:25.211Z"}
27/8/2026, 5:49:24 pm | [2026-08-27T12:19:25.212Z] [LOG] {"page":"CashClosingDashboard","event":"CASH_CLOSING_DASHBOARD_PAGE_LOADED","timestamp":"2026-08-27T12:19:25.212Z"}
27/8/2026, 5:49:24 pm | [2026-08-27T12:19:25.269Z] [LOG] {"page":"CashClosingDashboard","event":"CASH_CLOSING_RESET_SUCCESS","totalRecords":56,"timestamp":"2026-08-27T12:19:25.269Z"}
27/8/2026, 5:49:24 pm | [2026-08-27T12:19:25.269Z] [LOG] {"page":"CashClosingDashboard","event":"CASH_CLOSING_DASHBOARD_PAGE_LOADED","timestamp":"2026-08-27T12:19:25.269Z"}
27/8/2026, 5:49:25 pm | [2026-08-27T12:19:26.589Z] [LOG] {"page":"CashClosingDashboard","event":"CASH_CLOSING_DASHBOARD_PAGE_LOADED","timestamp":"2026-08-27T12:19:26.589Z"}
27/8/2026, 5:49:25 pm | [2026-08-27T12:19:26.588Z] [LOG] {"page":"CashClosingDashboard","event":"CASH_CLOSING_NEXT_PAGE","currentPage":2,"timestamp":"2026-08-27T12:19:26.588Z"}
27/8/2026, 5:49:25 pm | [2026-08-27T12:19:26.756Z] [LOG] {"page":"CashClosingDashboard","event":"CASH_CLOSING_DASHBOARD_PAGE_LOADED","timestamp":"2026-08-27T12:19:26.756Z"}
27/8/2026, 5:49:25 pm | [2026-08-27T12:19:26.756Z] [LOG] {"page":"CashClosingDashboard","event":"CASH_CLOSING_NEXT_PAGE","currentPage":3,"timestamp":"2026-08-27T12:19:26.756Z"}
27/8/2026, 5:49:25 pm | [2026-08-27T12:19:27.477Z] [LOG] {"page":"CashClosingDashboard","event":"CASH_CLOSING_RESET_CLICKED","timestamp":"2026-08-27T12:19:27.477Z"}
27/8/2026, 5:49:25 pm | [2026-08-27T12:19:27.478Z] [LOG] {"page":"CashClosingDashboard","event":"CASH_CLOSING_DASHBOARD_PAGE_LOADED","timestamp":"2026-08-27T12:19:27.478Z"}
27/8/2026, 5:49:25 pm | [2026-08-27T12:19:27.645Z] [LOG] {"page":"CashClosingDashboard","event":"CASH_CLOSING_RESET_CLICKED","timestamp":"2026-08-27T12:19:27.645Z"}
27/8/2026, 5:49:25 pm | [2026-08-27T12:19:27.646Z] [LOG] {"page":"CashClosingDashboard","event":"CASH_CLOSING_DASHBOARD_PAGE_LOADED","timestamp":"2026-08-27T12:19:27.646Z"}
27/8/2026, 5:49:25 pm | [2026-08-27T12:19:27.648Z] [LOG] {"page":"CashClosingDashboard","event":"CASH_CLOSING_RESET_SUCCESS","totalRecords":56,"timestamp":"2026-08-27T12:19:27.648Z"}
27/8/2026, 5:49:25 pm | [2026-08-27T12:19:27.648Z] [LOG] {"page":"CashClosingDashboard","event":"CASH_CLOSING_DASHBOARD_PAGE_LOADED","timestamp":"2026-08-27T12:19:27.648Z"}
27/8/2026, 5:49:25 pm | [2026-08-27T12:19:27.702Z] [LOG] {"page":"CashClosingDashboard","event":"CASH_CLOSING_RESET_SUCCESS","totalRecords":56,"timestamp":"2026-08-27T12:19:27.702Z"}
27/8/2026, 5:49:25 pm | [2026-08-27T12:19:27.703Z] [LOG] {"page":"CashClosingDashboard","event":"CASH_CLOSING_DASHBOARD_PAGE_LOADED","timestamp":"2026-08-27T12:19:27.703Z"}
27/8/2026, 5:49:26 pm | [2026-08-27T12:19:27.789Z] [LOG] {"page":"CashClosingDashboard","event":"CASH_CLOSING_RESET_CLICKED","timestamp":"2026-08-27T12:19:27.789Z"}
27/8/2026, 5:49:26 pm | [2026-08-27T12:19:27.789Z] [LOG] {"page":"CashClosingDashboard","event":"CASH_CLOSING_DASHBOARD_PAGE_LOADED","timestamp":"2026-08-27T12:19:27.789Z"}
27/8/2026, 5:49:26 pm | [2026-08-27T12:19:27.846Z] [LOG] {"page":"CashClosingDashboard","event":"CASH_CLOSING_DASHBOARD_PAGE_LOADED","timestamp":"2026-08-27T12:19:27.846Z"}
27/8/2026, 5:49:26 pm | [2026-08-27T12:19:27.845Z] [LOG] {"page":"CashClosingDashboard","event":"CASH_CLOSING_RESET_SUCCESS","totalRecords":56,"timestamp":"2026-08-27T12:19:27.845Z"}
27/8/2026, 5:49:26 pm | [2026-08-27T12:19:27.918Z] [LOG] {"page":"CashClosingDashboard","event":"CASH_CLOSING_DASHBOARD_PAGE_LOADED","timestamp":"2026-08-27T12:19:27.918Z"}
27/8/2026, 5:49:26 pm | [2026-08-27T12:19:27.917Z] [LOG] {"page":"CashClosingDashboard","event":"CASH_CLOSING_RESET_CLICKED","timestamp":"2026-08-27T12:19:27.917Z"}
27/8/2026, 5:49:26 pm | [2026-08-27T12:19:27.972Z] [LOG] {"page":"CashClosingDashboard","event":"CASH_CLOSING_RESET_SUCCESS","totalRecords":56,"timestamp":"2026-08-27T12:19:27.972Z"}
27/8/2026, 5:49:26 pm | [2026-08-27T12:19:27.973Z] [LOG] {"page":"CashClosingDashboard","event":"CASH_CLOSING_DASHBOARD_PAGE_LOADED","timestamp":"2026-08-27T12:19:27.973Z"}
27/8/2026, 5:49:26 pm | [2026-08-27T12:19:28.046Z] [LOG] {"page":"CashClosingDashboard","event":"CASH_CLOSING_DASHBOARD_PAGE_LOADED","timestamp":"2026-08-27T12:19:28.046Z"}
27/8/2026, 5:49:26 pm | [2026-08-27T12:19:28.045Z] [LOG] {"page":"CashClosingDashboard","event":"CASH_CLOSING_RESET_CLICKED","timestamp":"2026-08-27T12:19:28.045Z"}
27/8/2026, 5:49:26 pm | [2026-08-27T12:19:28.098Z] [LOG] {"page":"CashClosingDashboard","event":"CASH_CLOSING_RESET_SUCCESS","totalRecords":56,"timestamp":"2026-08-27T12:19:28.098Z"}
27/8/2026, 5:49:26 pm | [2026-08-27T12:19:28.098Z] [LOG] {"page":"CashClosingDashboard","event":"CASH_CLOSING_DASHBOARD_PAGE_LOADED","timestamp":"2026-08-27T12:19:28.098Z"}
27/8/2026, 5:49:26 pm | [2026-08-27T12:19:28.165Z] [LOG] {"page":"CashClosingDashboard","event":"CASH_CLOSING_RESET_CLICKED","timestamp":"2026-08-27T12:19:28.165Z"}
27/8/2026, 5:49:26 pm | [2026-08-27T12:19:28.166Z] [LOG] {"page":"CashClosingDashboard","event":"CASH_CLOSING_DASHBOARD_PAGE_LOADED","timestamp":"2026-08-27T12:19:28.166Z"}
27/8/2026, 5:49:26 pm | [2026-08-27T12:19:28.220Z] [LOG] {"page":"CashClosingDashboard","event":"CASH_CLOSING_DASHBOARD_PAGE_LOADED","timestamp":"2026-08-27T12:19:28.220Z"}
27/8/2026, 5:49:26 pm | [2026-08-27T12:19:28.219Z] [LOG] {"page":"CashClosingDashboard","event":"CASH_CLOSING_RESET_SUCCESS","totalRecords":56,"timestamp":"2026-08-27T12:19:28.219Z"}
27/8/2026, 5:49:26 pm | [2026-08-27T12:19:28.286Z] [LOG] {"page":"CashClosingDashboard","event":"CASH_CLOSING_DASHBOARD_PAGE_LOADED","timestamp":"2026-08-27T12:19:28.286Z"}
27/8/2026, 5:49:26 pm | [2026-08-27T12:19:28.285Z] [LOG] {"page":"CashClosingDashboard","event":"CASH_CLOSING_RESET_CLICKED","timestamp":"2026-08-27T12:19:28.285Z"}
27/8/2026, 5:49:26 pm | [2026-08-27T12:19:28.341Z] [LOG] {"page":"CashClosingDashboard","event":"CASH_CLOSING_RESET_SUCCESS","totalRecords":56,"timestamp":"2026-08-27T12:19:28.341Z"}
27/8/2026, 5:49:26 pm | [2026-08-27T12:19:28.342Z] [LOG] {"page":"CashClosingDashboard","event":"CASH_CLOSING_DASHBOARD_PAGE_LOADED","timestamp":"2026-08-27T12:19:28.342Z"}
27/8/2026, 5:49:26 pm | [2026-08-27T12:19:28.406Z] [LOG] {"page":"CashClosingDashboard","event":"CASH_CLOSING_DASHBOARD_PAGE_LOADED","timestamp":"2026-08-27T12:19:28.406Z"}
27/8/2026, 5:49:26 pm | [2026-08-27T12:19:28.405Z] [LOG] {"page":"CashClosingDashboard","event":"CASH_CLOSING_RESET_CLICKED","timestamp":"2026-08-27T12:19:28.405Z"}
27/8/2026, 5:49:26 pm | [2026-08-27T12:19:28.459Z] [LOG] {"page":"CashClosingDashboard","event":"CASH_CLOSING_RESET_SUCCESS","totalRecords":56,"timestamp":"2026-08-27T12:19:28.459Z"}
27/8/2026, 5:49:26 pm | [2026-08-27T12:19:28.460Z] [LOG] {"page":"CashClosingDashboard","event":"CASH_CLOSING_DASHBOARD_PAGE_LOADED","timestamp":"2026-08-27T12:19:28.460Z"}
27/8/2026, 5:49:26 pm | [2026-08-27T12:19:28.534Z] [LOG] {"page":"CashClosingDashboard","event":"CASH_CLOSING_DASHBOARD_PAGE_LOADED","timestamp":"2026-08-27T12:19:28.534Z"}
27/8/2026, 5:49:26 pm | [2026-08-27T12:19:28.533Z] [LOG] {"page":"CashClosingDashboard","event":"CASH_CLOSING_RESET_CLICKED","timestamp":"2026-08-27T12:19:28.533Z"}
27/8/2026, 5:49:26 pm | [2026-08-27T12:19:28.587Z] [LOG] {"page":"CashClosingDashboard","event":"CASH_CLOSING_RESET_SUCCESS","totalRecords":56,"timestamp":"2026-08-27T12:19:28.587Z"}
27/8/2026, 5:49:26 pm | [2026-08-27T12:19:28.588Z] [LOG] {"page":"CashClosingDashboard","event":"CASH_CLOSING_DASHBOARD_PAGE_LOADED","timestamp":"2026-08-27T12:19:28.588Z"}
27/8/2026, 5:49:26 pm | [2026-08-27T12:19:28.662Z] [LOG] {"page":"CashClosingDashboard","event":"CASH_CLOSING_DASHBOARD_PAGE_LOADED","timestamp":"2026-08-27T12:19:28.662Z"}
27/8/2026, 5:49:26 pm | [2026-08-27T12:19:28.661Z] [LOG] {"page":"CashClosingDashboard","event":"CASH_CLOSING_RESET_CLICKED","timestamp":"2026-08-27T12:19:28.661Z"}
27/8/2026, 5:49:26 pm | [2026-08-27T12:19:28.718Z] [LOG] {"page":"CashClosingDashboard","event":"CASH_CLOSING_RESET_SUCCESS","totalRecords":56,"timestamp":"2026-08-27T12:19:28.718Z"}
27/8/2026, 5:49:26 pm | [2026-08-27T12:19:28.720Z] [LOG] {"page":"CashClosingDashboard","event":"CASH_CLOSING_DASHBOARD_PAGE_LOADED","timestamp":"2026-08-27T12:19:28.720Z"}
27/8/2026, 5:49:27 pm | [2026-08-27T12:19:28.774Z] [LOG] {"page":"CashClosingDashboard","event":"CASH_CLOSING_DASHBOARD_PAGE_LOADED","timestamp":"2026-08-27T12:19:28.774Z"}
27/8/2026, 5:49:27 pm | [2026-08-27T12:19:28.773Z] [LOG] {"page":"CashClosingDashboard","event":"CASH_CLOSING_RESET_CLICKED","timestamp":"2026-08-27T12:19:28.773Z"}
27/8/2026, 5:49:27 pm | [2026-08-27T12:19:28.833Z] [LOG] {"page":"CashClosingDashboard","event":"CASH_CLOSING_RESET_SUCCESS","totalRecords":56,"timestamp":"2026-08-27T12:19:28.833Z"}
27/8/2026, 5:49:27 pm | [2026-08-27T12:19:28.833Z] [LOG] {"page":"CashClosingDashboard","event":"CASH_CLOSING_DASHBOARD_PAGE_LOADED","timestamp":"2026-08-27T12:19:28.833Z"}
27/8/2026, 5:49:27 pm | [2026-08-27T12:19:28.918Z] [LOG] {"page":"CashClosingDashboard","event":"CASH_CLOSING_DASHBOARD_PAGE_LOADED","timestamp":"2026-08-27T12:19:28.918Z"}
27/8/2026, 5:49:27 pm | [2026-08-27T12:19:28.917Z] [LOG] {"page":"CashClosingDashboard","event":"CASH_CLOSING_RESET_CLICKED","timestamp":"2026-08-27T12:19:28.917Z"}
27/8/2026, 5:49:27 pm | [2026-08-27T12:19:28.971Z] [LOG] {"page":"CashClosingDashboard","event":"CASH_CLOSING_RESET_SUCCESS","totalRecords":56,"timestamp":"2026-08-27T12:19:28.971Z"}
27/8/2026, 5:49:27 pm | [2026-08-27T12:19:28.972Z] [LOG] {"page":"CashClosingDashboard","event":"CASH_CLOSING_DASHBOARD_PAGE_LOADED","timestamp":"2026-08-27T12:19:28.972Z"}
27/8/2026, 5:49:27 pm | [2026-08-27T12:19:29.046Z] [LOG] {"page":"CashClosingDashboard","event":"CASH_CLOSING_DASHBOARD_PAGE_LOADED","timestamp":"2026-08-27T12:19:29.046Z"}
27/8/2026, 5:49:27 pm | [2026-08-27T12:19:29.045Z] [LOG] {"page":"CashClosingDashboard","event":"CASH_CLOSING_RESET_CLICKED","timestamp":"2026-08-27T12:19:29.045Z"}
27/8/2026, 5:49:27 pm | [2026-08-27T12:19:29.099Z] [LOG] {"page":"CashClosingDashboard","event":"CASH_CLOSING_RESET_SUCCESS","totalRecords":56,"timestamp":"2026-08-27T12:19:29.099Z"}
27/8/2026, 5:49:27 pm | [2026-08-27T12:19:29.100Z] [LOG] {"page":"CashClosingDashboard","event":"CASH_CLOSING_DASHBOARD_PAGE_LOADED","timestamp":"2026-08-27T12:19:29.100Z"}
27/8/2026, 5:49:28 pm | [2026-08-27T12:19:30.102Z] [LOG] {"page":"CashClosingDashboard","event":"CASH_CLOSING_DASHBOARD_PAGE_LOADED","timestamp":"2026-08-27T12:19:30.102Z"}
27/8/2026, 5:49:28 pm | [2026-08-27T12:19:30.101Z] [LOG] {"page":"CashClosingDashboard","event":"CASH_CLOSING_NEXT_PAGE","currentPage":2,"timestamp":"2026-08-27T12:19:30.101Z"}
27/8/2026, 5:49:31 pm | [2026-08-27T12:19:32.999Z] [LOG] {"page":"CashClosingDashboard","event":"CASH_CLOSING_DASHBOARD_PAGE_LOADED","timestamp":"2026-08-27T12:19:32.999Z"}
27/8/2026, 5:49:32 pm | [2026-08-27T12:19:33.764Z] [LOG] {"page":"CashClosingDashboard","event":"CASH_CLOSING_RESET_CLICKED","timestamp":"2026-08-27T12:19:33.764Z"}
27/8/2026, 5:49:32 pm | [2026-08-27T12:19:33.765Z] [LOG] {"page":"CashClosingDashboard","event":"CASH_CLOSING_DASHBOARD_PAGE_LOADED","timestamp":"2026-08-27T12:19:33.765Z"}
27/8/2026, 5:49:32 pm | [2026-08-27T12:19:33.918Z] [LOG] {"page":"CashClosingDashboard","event":"CASH_CLOSING_DASHBOARD_PAGE_LOADED","timestamp":"2026-08-27T12:19:33.918Z"}
27/8/2026, 5:49:32 pm | [2026-08-27T12:19:33.917Z] [LOG] {"page":"CashClosingDashboard","event":"CASH_CLOSING_RESET_SUCCESS","totalRecords":56,"timestamp":"2026-08-27T12:19:33.917Z"}
27/8/2026, 5:49:33 pm | [2026-08-27T12:19:34.028Z] [LOG] {"page":"CashClosingDashboard","event":"CASH_CLOSING_RESET_CLICKED","timestamp":"2026-08-27T12:19:34.028Z"}
27/8/2026, 5:49:33 pm | [2026-08-27T12:19:34.029Z] [LOG] {"page":"CashClosingDashboard","event":"CASH_CLOSING_DASHBOARD_PAGE_LOADED","timestamp":"2026-08-27T12:19:34.029Z"}
27/8/2026, 5:49:33 pm | [2026-08-27T12:19:34.083Z] [LOG] {"page":"CashClosingDashboard","event":"CASH_CLOSING_RESET_SUCCESS","totalRecords":56,"timestamp":"2026-08-27T12:19:34.083Z"}
27/8/2026, 5:49:33 pm | [2026-08-27T12:19:34.084Z] [LOG] {"page":"CashClosingDashboard","event":"CASH_CLOSING_DASHBOARD_PAGE_LOADED","timestamp":"2026-08-27T12:19:34.084Z"}
27/8/2026, 5:49:33 pm | [2026-08-27T12:19:34.685Z] [LOG] {"page":"CashClosingDashboard","event":"CASH_CLOSING_RESET_CLICKED","timestamp":"2026-08-27T12:19:34.685Z"}
27/8/2026, 5:49:33 pm | [2026-08-27T12:19:34.196Z] [LOG] {"page":"CashClosingDashboard","event":"CASH_CLOSING_RESET_CLICKED","timestamp":"2026-08-27T12:19:34.196Z"}
27/8/2026, 5:49:33 pm | [2026-08-27T12:19:34.197Z] [LOG] {"page":"CashClosingDashboard","event":"CASH_CLOSING_DASHBOARD_PAGE_LOADED","timestamp":"2026-08-27T12:19:34.197Z"}
27/8/2026, 5:49:33 pm | [2026-08-27T12:19:34.686Z] [LOG] {"page":"CashClosingDashboard","event":"CASH_CLOSING_DASHBOARD_PAGE_LOADED","timestamp":"2026-08-27T12:19:34.686Z"}
27/8/2026, 5:49:33 pm | [2026-08-27T12:19:34.249Z] [LOG] {"page":"CashClosingDashboard","event":"CASH_CLOSING_RESET_SUCCESS","totalRecords":56,"timestamp":"2026-08-27T12:19:34.249Z"}
27/8/2026, 5:49:33 pm | [2026-08-27T12:19:34.250Z] [LOG] {"page":"CashClosingDashboard","event":"CASH_CLOSING_DASHBOARD_PAGE_LOADED","timestamp":"2026-08-27T12:19:34.250Z"}
27/8/2026, 5:49:33 pm | [2026-08-27T12:19:34.817Z] [LOG] {"page":"CashClosingDashboard","event":"CASH_CLOSING_DASHBOARD_PAGE_LOADED","timestamp":"2026-08-27T12:19:34.817Z"}
27/8/2026, 5:49:33 pm | [2026-08-27T12:19:34.816Z] [LOG] {"page":"CashClosingDashboard","event":"CASH_CLOSING_RESET_SUCCESS","totalRecords":56,"timestamp":"2026-08-27T12:19:34.816Z"}
27/8/2026, 5:49:33 pm | [2026-08-27T12:19:34.396Z] [LOG] {"page":"CashClosingDashboard","event":"CASH_CLOSING_RESET_CLICKED","timestamp":"2026-08-27T12:19:34.396Z"}
27/8/2026, 5:49:33 pm | [2026-08-27T12:19:34.397Z] [LOG] {"page":"CashClosingDashboard","event":"CASH_CLOSING_DASHBOARD_PAGE_LOADED","timestamp":"2026-08-27T12:19:34.397Z"}
27/8/2026, 5:49:33 pm | [2026-08-27T12:19:34.452Z] [LOG] {"page":"CashClosingDashboard","event":"CASH_CLOSING_RESET_SUCCESS","totalRecords":56,"timestamp":"2026-08-27T12:19:34.452Z"}
27/8/2026, 5:49:33 pm | [2026-08-27T12:19:34.454Z] [LOG] {"page":"CashClosingDashboard","event":"CASH_CLOSING_DASHBOARD_PAGE_LOADED","timestamp":"2026-08-27T12:19:34.454Z"}
27/8/2026, 5:49:34 pm | [2026-08-27T12:19:35.644Z] [LOG] {"page":"CashClosingDashboard","event":"CASH_CLOSING_DASHBOARD_PAGE_LOADED","timestamp":"2026-08-27T12:19:35.644Z"}
27/8/2026, 5:49:34 pm | [2026-08-27T12:19:35.644Z] [LOG] {"page":"CashClosingDashboard","event":"CASH_CLOSING_NEXT_PAGE","currentPage":2,"timestamp":"2026-08-27T12:19:35.644Z"}
27/8/2026, 5:49:34 pm | [2026-08-27T12:19:35.861Z] [LOG] {"page":"CashClosingDashboard","event":"CASH_CLOSING_DASHBOARD_PAGE_LOADED","timestamp":"2026-08-27T12:19:35.861Z"}
27/8/2026, 5:49:34 pm | [2026-08-27T12:19:35.860Z] [LOG] {"page":"CashClosingDashboard","event":"CASH_CLOSING_NEXT_PAGE","currentPage":3,"timestamp":"2026-08-27T12:19:35.860Z"}
27/8/2026, 5:49:35 pm | [2026-08-27T12:19:37.407Z] [LOG] {"page":"CashClosingDashboard","event":"CASH_CLOSING_DASHBOARD_PAGE_LOADED","timestamp":"2026-08-27T12:19:37.407Z"}
27/8/2026, 5:49:35 pm | [2026-08-27T12:19:37.407Z] [LOG] {"page":"CashClosingDashboard","event":"CASH_CLOSING_NEXT_PAGE","currentPage":2,"timestamp":"2026-08-27T12:19:37.407Z"}
27/8/2026, 5:49:36 pm | [2026-08-27T12:19:37.855Z] [LOG] {"page":"CashClosingDashboard","event":"CASH_CLOSING_DASHBOARD_PAGE_LOADED","timestamp":"2026-08-27T12:19:37.855Z"}
27/8/2026, 5:49:36 pm | [2026-08-27T12:19:37.855Z] [LOG] {"page":"CashClosingDashboard","event":"CASH_CLOSING_NEXT_PAGE","currentPage":3,"timestamp":"2026-08-27T12:19:37.855Z"}
27/8/2026, 5:49:36 pm | [2026-08-27T12:19:38.206Z] [LOG] {"page":"CashClosingDashboard","event":"CASH_CLOSING_NEXT_PAGE","currentPage":4,"timestamp":"2026-08-27T12:19:38.206Z"}
27/8/2026, 5:49:36 pm | [2026-08-27T12:19:38.207Z] [LOG] {"page":"CashClosingDashboard","event":"CASH_CLOSING_DASHBOARD_PAGE_LOADED","timestamp":"2026-08-27T12:19:38.207Z"}
27/8/2026, 5:49:37 pm | [2026-08-27T12:19:38.484Z] [LOG] {"page":"CashClosingDashboard","event":"CASH_CLOSING_RESET_CLICKED","timestamp":"2026-08-27T12:19:38.484Z"}
27/8/2026, 5:49:37 pm | [2026-08-27T12:19:38.485Z] [LOG] {"page":"CashClosingDashboard","event":"CASH_CLOSING_DASHBOARD_PAGE_LOADED","timestamp":"2026-08-27T12:19:38.485Z"}
27/8/2026, 5:49:37 pm | [2026-08-27T12:19:38.542Z] [LOG] {"page":"CashClosingDashboard","event":"CASH_CLOSING_RESET_SUCCESS","totalRecords":56,"timestamp":"2026-08-27T12:19:38.542Z"}
27/8/2026, 5:49:37 pm | [2026-08-27T12:19:38.543Z] [LOG] {"page":"CashClosingDashboard","event":"CASH_CLOSING_DASHBOARD_PAGE_LOADED","timestamp":"2026-08-27T12:19:38.543Z"}
27/8/2026, 5:49:37 pm | [2026-08-27T12:19:38.668Z] [LOG] {"page":"CashClosingDashboard","event":"CASH_CLOSING_RESET_CLICKED","timestamp":"2026-08-27T12:19:38.668Z"}
27/8/2026, 5:49:37 pm | [2026-08-27T12:19:38.668Z] [LOG] {"page":"CashClosingDashboard","event":"CASH_CLOSING_DASHBOARD_PAGE_LOADED","timestamp":"2026-08-27T12:19:38.668Z"}
27/8/2026, 5:49:37 pm | [2026-08-27T12:19:38.723Z] [LOG] {"page":"CashClosingDashboard","event":"CASH_CLOSING_RESET_SUCCESS","totalRecords":56,"timestamp":"2026-08-27T12:19:38.723Z"}
27/8/2026, 5:49:37 pm | [2026-08-27T12:19:38.724Z] [LOG] {"page":"CashClosingDashboard","event":"CASH_CLOSING_DASHBOARD_PAGE_LOADED","timestamp":"2026-08-27T12:19:38.724Z"}
27/8/2026, 5:49:39 pm | [2026-08-27T12:19:40.005Z] [LOG] {"page":"CashClosingDashboard","event":"CASH_CLOSING_DASHBOARD_PAGE_LOADED","timestamp":"2026-08-27T12:19:40.005Z"}
27/8/2026, 5:49:39 pm | [2026-08-27T12:19:40.004Z] [LOG] {"page":"CashClosingDashboard","event":"CASH_CLOSING_NEXT_PAGE","currentPage":2,"timestamp":"2026-08-27T12:19:40.004Z"}
27/8/2026, 5:49:42 pm | [2026-08-27T12:19:43.116Z] [LOG] {"page":"CashClosingDashboard","event":"CASH_CLOSING_DASHBOARD_PAGE_LOADED","timestamp":"2026-08-27T12:19:43.116Z"}
27/8/2026, 5:49:42 pm | [2026-08-27T12:19:43.116Z] [LOG] {"page":"CashClosingDashboard","event":"CASH_CLOSING_NEXT_PAGE","currentPage":3,"timestamp":"2026-08-27T12:19:43.116Z"}
27/8/2026, 5:49:42 pm | [2026-08-27T12:19:44.302Z] [LOG] {"page":"CashClosingDashboard","event":"CASH_CLOSING_DASHBOARD_PAGE_LOADED","timestamp":"2026-08-27T12:19:44.302Z"}
27/8/2026, 5:49:42 pm | [2026-08-27T12:19:44.301Z] [LOG] {"page":"CashClosingDashboard","event":"CASH_CLOSING_RESET_CLICKED","timestamp":"2026-08-27T12:19:44.301Z"}
27/8/2026, 5:49:42 pm | [2026-08-27T12:19:44.415Z] [LOG] {"page":"CashClosingDashboard","event":"CASH_CLOSING_RESET_SUCCESS","totalRecords":56,"timestamp":"2026-08-27T12:19:44.415Z"}
27/8/2026, 5:49:42 pm | [2026-08-27T12:19:44.416Z] [LOG] {"page":"CashClosingDashboard","event":"CASH_CLOSING_DASHBOARD_PAGE_LOADED","timestamp":"2026-08-27T12:19:44.416Z"}
27/8/2026, 5:49:42 pm | [2026-08-27T12:19:44.453Z] [LOG] {"page":"CashClosingDashboard","event":"CASH_CLOSING_RESET_CLICKED","timestamp":"2026-08-27T12:19:44.453Z"}
27/8/2026, 5:49:42 pm | [2026-08-27T12:19:44.454Z] [LOG] {"page":"CashClosingDashboard","event":"CASH_CLOSING_DASHBOARD_PAGE_LOADED","timestamp":"2026-08-27T12:19:44.454Z"}
27/8/2026, 5:49:42 pm | [2026-08-27T12:19:44.508Z] [LOG] {"page":"CashClosingDashboard","event":"CASH_CLOSING_RESET_SUCCESS","totalRecords":56,"timestamp":"2026-08-27T12:19:44.508Z"}
27/8/2026, 5:49:42 pm | [2026-08-27T12:19:44.509Z] [LOG] {"page":"CashClosingDashboard","event":"CASH_CLOSING_DASHBOARD_PAGE_LOADED","timestamp":"2026-08-27T12:19:44.509Z"}
27/8/2026, 5:49:42 pm | [2026-08-27T12:19:44.653Z] [LOG] {"page":"CashClosingDashboard","event":"CASH_CLOSING_RESET_CLICKED","timestamp":"2026-08-27T12:19:44.653Z"}
27/8/2026, 5:49:42 pm | [2026-08-27T12:19:44.654Z] [LOG] {"page":"CashClosingDashboard","event":"CASH_CLOSING_DASHBOARD_PAGE_LOADED","timestamp":"2026-08-27T12:19:44.654Z"}
27/8/2026, 5:49:42 pm | [2026-08-27T12:19:44.711Z] [LOG] {"page":"CashClosingDashboard","event":"CASH_CLOSING_RESET_SUCCESS","totalRecords":56,"timestamp":"2026-08-27T12:19:44.711Z"}
27/8/2026, 5:49:42 pm | [2026-08-27T12:19:44.711Z] [LOG] {"page":"CashClosingDashboard","event":"CASH_CLOSING_DASHBOARD_PAGE_LOADED","timestamp":"2026-08-27T12:19:44.711Z"}
27/8/2026, 5:49:44 pm | [2026-08-27T12:19:45.216Z] [LOG] {"page":"CashClosingDashboard","event":"CASH_CLOSING_DASHBOARD_PAGE_LOADED","timestamp":"2026-08-27T12:19:45.216Z"}
27/8/2026, 5:49:54 pm | [2026-08-27T12:19:55.940Z] [LOG] {"page":"CashClosingDashboard","event":"CASH_CLOSING_DASHBOARD_PAGE_LOADED","timestamp":"2026-08-27T12:19:55.940Z"}
27/8/2026, 5:49:56 pm | [2026-08-27T12:19:58.190Z] [LOG] {"page":"CashClosingDashboard","event":"CASH_CLOSING_RESET_CLICKED","timestamp":"2026-08-27T12:19:58.190Z"}
27/8/2026, 5:49:56 pm | [2026-08-27T12:19:58.191Z] [LOG] {"page":"CashClosingDashboard","event":"CASH_CLOSING_DASHBOARD_PAGE_LOADED","timestamp":"2026-08-27T12:19:58.191Z"}
27/8/2026, 5:49:56 pm | [2026-08-27T12:19:58.325Z] [LOG] {"page":"CashClosingDashboard","event":"CASH_CLOSING_RESET_SUCCESS","totalRecords":56,"timestamp":"2026-08-27T12:19:58.325Z"}
27/8/2026, 5:49:56 pm | [2026-08-27T12:19:58.326Z] [LOG] {"page":"CashClosingDashboard","event":"CASH_CLOSING_DASHBOARD_PAGE_LOADED","timestamp":"2026-08-27T12:19:58.326Z"}
27/8/2026, 5:49:57 pm | [2026-08-27T12:19:58.863Z] [LOG] {"page":"CashClosingDashboard","event":"CASH_CLOSING_DASHBOARD_PAGE_LOADED","timestamp":"2026-08-27T12:19:58.863Z"}
27/8/2026, 5:49:57 pm | [2026-08-27T12:19:58.862Z] [LOG] {"page":"CashClosingDashboard","event":"CASH_CLOSING_RESET_CLICKED","timestamp":"2026-08-27T12:19:58.862Z"}
27/8/2026, 5:49:57 pm | [2026-08-27T12:19:58.921Z] [LOG] {"page":"CashClosingDashboard","event":"CASH_CLOSING_RESET_SUCCESS","totalRecords":56,"timestamp":"2026-08-27T12:19:58.921Z"}
27/8/2026, 5:49:57 pm | [2026-08-27T12:19:58.921Z] [LOG] {"page":"CashClosingDashboard","event":"CASH_CLOSING_DASHBOARD_PAGE_LOADED","timestamp":"2026-08-27T12:19:58.921Z"}
27/8/2026, 5:49:58 pm | [2026-08-27T12:19:59.989Z] [LOG] {"page":"CashClosingDashboard","event":"CASH_CLOSING_RESET_CLICKED","timestamp":"2026-08-27T12:19:59.988Z"}
27/8/2026, 5:49:59 pm | [2026-08-27T12:19:59.989Z] [LOG] {"page":"CashClosingDashboard","event":"CASH_CLOSING_DASHBOARD_PAGE_LOADED","timestamp":"2026-08-27T12:19:59.989Z"}
27/8/2026, 5:49:59 pm | [2026-08-27T12:20:00.079Z] [LOG] {"page":"CashClosingDashboard","event":"CASH_CLOSING_RESET_SUCCESS","totalRecords":56,"timestamp":"2026-08-27T12:20:00.079Z"}
27/8/2026, 5:49:59 pm | [2026-08-27T12:20:00.080Z] [LOG] {"page":"CashClosingDashboard","event":"CASH_CLOSING_DASHBOARD_PAGE_LOADED","timestamp":"2026-08-27T12:20:00.080Z"}
27/8/2026, 5:49:59 pm | [2026-08-27T12:20:00.147Z] [LOG] {"page":"CashClosingDashboard","event":"CASH_CLOSING_RESET_CLICKED","timestamp":"2026-08-27T12:20:00.147Z"}
27/8/2026, 5:49:59 pm | [2026-08-27T12:20:00.148Z] [LOG] {"page":"CashClosingDashboard","event":"CASH_CLOSING_DASHBOARD_PAGE_LOADED","timestamp":"2026-08-27T12:20:00.148Z"}
27/8/2026, 5:49:59 pm | [2026-08-27T12:20:00.204Z] [LOG] {"page":"CashClosingDashboard","event":"CASH_CLOSING_RESET_SUCCESS","totalRecords":56,"timestamp":"2026-08-27T12:20:00.204Z"}
27/8/2026, 5:49:59 pm | [2026-08-27T12:20:00.205Z] [LOG] {"page":"CashClosingDashboard","event":"CASH_CLOSING_DASHBOARD_PAGE_LOADED","timestamp":"2026-08-27T12:20:00.205Z"}
27/8/2026, 5:49:59 pm | [2026-08-27T12:20:00.324Z] [LOG] {"page":"CashClosingDashboard","event":"CASH_CLOSING_RESET_CLICKED","timestamp":"2026-08-27T12:20:00.324Z"}
27/8/2026, 5:49:59 pm | [2026-08-27T12:20:00.325Z] [LOG] {"page":"CashClosingDashboard","event":"CASH_CLOSING_DASHBOARD_PAGE_LOADED","timestamp":"2026-08-27T12:20:00.325Z"}
27/8/2026, 5:49:59 pm | [2026-08-27T12:20:00.385Z] [LOG] {"page":"CashClosingDashboard","event":"CASH_CLOSING_RESET_SUCCESS","totalRecords":56,"timestamp":"2026-08-27T12:20:00.385Z"}
27/8/2026, 5:49:59 pm | [2026-08-27T12:20:00.386Z] [LOG] {"page":"CashClosingDashboard","event":"CASH_CLOSING_DASHBOARD_PAGE_LOADED","timestamp":"2026-08-27T12:20:00.386Z"}
27/8/2026, 5:50:01 pm | [2026-08-27T12:20:02.703Z] [LOG] {"page":"CashClosingDashboard","event":"CASH_CLOSING_NEXT_PAGE","currentPage":2,"timestamp":"2026-08-27T12:20:02.703Z"}
27/8/2026, 5:50:01 pm | [2026-08-27T12:20:02.703Z] [LOG] {"page":"CashClosingDashboard","event":"CASH_CLOSING_DASHBOARD_PAGE_LOADED","timestamp":"2026-08-27T12:20:02.703Z"}
27/8/2026, 5:50:01 pm | [2026-08-27T12:20:02.493Z] [LOG] {"page":"CashClosingDashboard","event":"CASH_CLOSING_DASHBOARD_PAGE_LOADED","timestamp":"2026-08-27T12:20:02.493Z"}
27/8/2026, 5:50:01 pm | [2026-08-27T12:20:02.492Z] [LOG] {"page":"CashClosingDashboard","event":"CASH_CLOSING_NEXT_PAGE","currentPage":2,"timestamp":"2026-08-27T12:20:02.492Z"}
27/8/2026, 5:50:01 pm | [2026-08-27T12:20:02.956Z] [LOG] {"page":"CashClosingDashboard","event":"CASH_CLOSING_DASHBOARD_PAGE_LOADED","timestamp":"2026-08-27T12:20:02.956Z"}
27/8/2026, 5:50:01 pm | [2026-08-27T12:20:02.956Z] [LOG] {"page":"CashClosingDashboard","event":"CASH_CLOSING_NEXT_PAGE","currentPage":3,"timestamp":"2026-08-27T12:20:02.956Z"}
27/8/2026, 5:50:02 pm | [2026-08-27T12:20:03.766Z] [LOG] {"page":"CashClosingDashboard","event":"CASH_CLOSING_NEXT_PAGE","currentPage":3,"timestamp":"2026-08-27T12:20:03.766Z"}
27/8/2026, 5:50:02 pm | [2026-08-27T12:20:03.766Z] [LOG] {"page":"CashClosingDashboard","event":"CASH_CLOSING_DASHBOARD_PAGE_LOADED","timestamp":"2026-08-27T12:20:03.766Z"}
27/8/2026, 5:50:02 pm | [2026-08-27T12:20:04.263Z] [LOG] {"page":"CashClosingDashboard","event":"CASH_CLOSING_DASHBOARD_PAGE_LOADED","timestamp":"2026-08-27T12:20:04.263Z"}
27/8/2026, 5:50:02 pm | [2026-08-27T12:20:04.263Z] [LOG] {"page":"CashClosingDashboard","event":"CASH_CLOSING_NEXT_PAGE","currentPage":4,"timestamp":"2026-08-27T12:20:04.263Z"}
27/8/2026, 5:50:02 pm | [2026-08-27T12:20:04.606Z] [LOG] {"page":"CashClosingDashboard","event":"CASH_CLOSING_DASHBOARD_PAGE_LOADED","timestamp":"2026-08-27T12:20:04.606Z"}
27/8/2026, 5:50:02 pm | [2026-08-27T12:20:04.605Z] [LOG] {"page":"CashClosingDashboard","event":"CASH_CLOSING_RESET_CLICKED","timestamp":"2026-08-27T12:20:04.605Z"}
27/8/2026, 5:50:03 pm | [2026-08-27T12:20:04.765Z] [LOG] {"page":"CashClosingDashboard","event":"CASH_CLOSING_RESET_CLICKED","timestamp":"2026-08-27T12:20:04.765Z"}
27/8/2026, 5:50:03 pm | [2026-08-27T12:20:04.766Z] [LOG] {"page":"CashClosingDashboard","event":"CASH_CLOSING_DASHBOARD_PAGE_LOADED","timestamp":"2026-08-27T12:20:04.766Z"}
27/8/2026, 5:50:03 pm | [2026-08-27T12:20:04.777Z] [LOG] {"page":"CashClosingDashboard","event":"CASH_CLOSING_RESET_SUCCESS","totalRecords":56,"timestamp":"2026-08-27T12:20:04.777Z"}
27/8/2026, 5:50:03 pm | [2026-08-27T12:20:04.777Z] [LOG] {"page":"CashClosingDashboard","event":"CASH_CLOSING_DASHBOARD_PAGE_LOADED","timestamp":"2026-08-27T12:20:04.777Z"}
27/8/2026, 5:50:03 pm | [2026-08-27T12:20:04.820Z] [LOG] {"page":"CashClosingDashboard","event":"CASH_CLOSING_RESET_SUCCESS","totalRecords":56,"timestamp":"2026-08-27T12:20:04.820Z"}
27/8/2026, 5:50:03 pm | [2026-08-27T12:20:04.821Z] [LOG] {"page":"CashClosingDashboard","event":"CASH_CLOSING_DASHBOARD_PAGE_LOADED","timestamp":"2026-08-27T12:20:04.821Z"}
27/8/2026, 5:50:03 pm | [2026-08-27T12:20:04.917Z] [LOG] {"page":"CashClosingDashboard","event":"CASH_CLOSING_RESET_CLICKED","timestamp":"2026-08-27T12:20:04.917Z"}
27/8/2026, 5:50:03 pm | [2026-08-27T12:20:04.918Z] [LOG] {"page":"CashClosingDashboard","event":"CASH_CLOSING_DASHBOARD_PAGE_LOADED","timestamp":"2026-08-27T12:20:04.918Z"}
27/8/2026, 5:50:03 pm | [2026-08-27T12:20:04.981Z] [LOG] {"page":"CashClosingDashboard","event":"CASH_CLOSING_RESET_SUCCESS","totalRecords":56,"timestamp":"2026-08-27T12:20:04.981Z"}
27/8/2026, 5:50:03 pm | [2026-08-27T12:20:04.982Z] [LOG] {"page":"CashClosingDashboard","event":"CASH_CLOSING_DASHBOARD_PAGE_LOADED","timestamp":"2026-08-27T12:20:04.982Z"}
27/8/2026, 5:50:03 pm | [2026-08-27T12:20:05.061Z] [LOG] {"page":"CashClosingDashboard","event":"CASH_CLOSING_RESET_CLICKED","timestamp":"2026-08-27T12:20:05.061Z"}
27/8/2026, 5:50:03 pm | [2026-08-27T12:20:05.062Z] [LOG] {"page":"CashClosingDashboard","event":"CASH_CLOSING_DASHBOARD_PAGE_LOADED","timestamp":"2026-08-27T12:20:05.062Z"}
27/8/2026, 5:50:03 pm | [2026-08-27T12:20:05.123Z] [LOG] {"page":"CashClosingDashboard","event":"CASH_CLOSING_RESET_SUCCESS","totalRecords":56,"timestamp":"2026-08-27T12:20:05.123Z"}
27/8/2026, 5:50:03 pm | [2026-08-27T12:20:05.124Z] [LOG] {"page":"CashClosingDashboard","event":"CASH_CLOSING_DASHBOARD_PAGE_LOADED","timestamp":"2026-08-27T12:20:05.124Z"}
27/8/2026, 5:50:03 pm | [2026-08-27T12:20:04.563Z] [LOG] {"page":"CashClosingDashboard","event":"CASH_CLOSING_DASHBOARD_PAGE_LOADED","timestamp":"2026-08-27T12:20:04.563Z"}
27/8/2026, 5:50:03 pm | [2026-08-27T12:20:05.333Z] [LOG] {"page":"CashClosingDashboard","event":"CASH_CLOSING_RESET_CLICKED","timestamp":"2026-08-27T12:20:05.333Z"}
27/8/2026, 5:50:03 pm | [2026-08-27T12:20:05.334Z] [LOG] {"page":"CashClosingDashboard","event":"CASH_CLOSING_DASHBOARD_PAGE_LOADED","timestamp":"2026-08-27T12:20:05.334Z"}
27/8/2026, 5:50:03 pm | [2026-08-27T12:20:05.388Z] [LOG] {"page":"CashClosingDashboard","event":"CASH_CLOSING_RESET_SUCCESS","totalRecords":56,"timestamp":"2026-08-27T12:20:05.388Z"}
27/8/2026, 5:50:03 pm | [2026-08-27T12:20:05.389Z] [LOG] {"page":"CashClosingDashboard","event":"CASH_CLOSING_DASHBOARD_PAGE_LOADED","timestamp":"2026-08-27T12:20:05.389Z"}
27/8/2026, 5:50:05 pm | [2026-08-27T12:20:07.125Z] [LOG] {"page":"CashClosingDashboard","event":"CASH_CLOSING_DASHBOARD_PAGE_LOADED","timestamp":"2026-08-27T12:20:07.125Z"}
27/8/2026, 5:50:05 pm | [2026-08-27T12:20:07.125Z] [LOG] {"page":"CashClosingDashboard","event":"CASH_CLOSING_NEXT_PAGE","currentPage":2,"timestamp":"2026-08-27T12:20:07.125Z"}
27/8/2026, 5:50:08 pm | [2026-08-27T12:20:10.242Z] [LOG] {"page":"CashClosingDashboard","event":"CASH_CLOSING_DASHBOARD_PAGE_LOADED","timestamp":"2026-08-27T12:20:10.242Z"}
27/8/2026, 5:50:12 pm | [2026-08-27T12:20:13.388Z] [LOG] {"page":"CashClosingDashboard","event":"CASH_CLOSING_DASHBOARD_PAGE_LOADED","timestamp":"2026-08-27T12:20:13.388Z"}
27/8/2026, 5:50:13 pm | [2026-08-27T12:20:14.412Z] [LOG] {"page":"CashClosingDashboard","event":"CASH_CLOSING_RESET_CLICKED","timestamp":"2026-08-27T12:20:14.412Z"}
27/8/2026, 5:50:13 pm | [2026-08-27T12:20:14.413Z] [LOG] {"page":"CashClosingDashboard","event":"CASH_CLOSING_DASHBOARD_PAGE_LOADED","timestamp":"2026-08-27T12:20:14.413Z"}
27/8/2026, 5:50:13 pm | [2026-08-27T12:20:14.537Z] [LOG] {"page":"CashClosingDashboard","event":"CASH_CLOSING_RESET_SUCCESS","totalRecords":56,"timestamp":"2026-08-27T12:20:14.537Z"}
27/8/2026, 5:50:13 pm | [2026-08-27T12:20:14.538Z] [LOG] {"page":"CashClosingDashboard","event":"CASH_CLOSING_DASHBOARD_PAGE_LOADED","timestamp":"2026-08-27T12:20:14.538Z"}
27/8/2026, 5:50:13 pm | [2026-08-27T12:20:14.571Z] [LOG] {"page":"CashClosingDashboard","event":"CASH_CLOSING_RESET_CLICKED","timestamp":"2026-08-27T12:20:14.571Z"}
27/8/2026, 5:50:13 pm | [2026-08-27T12:20:14.572Z] [LOG] {"page":"CashClosingDashboard","event":"CASH_CLOSING_DASHBOARD_PAGE_LOADED","timestamp":"2026-08-27T12:20:14.572Z"}
27/8/2026, 5:50:13 pm | [2026-08-27T12:20:14.625Z] [LOG] {"page":"CashClosingDashboard","event":"CASH_CLOSING_RESET_SUCCESS","totalRecords":56,"timestamp":"2026-08-27T12:20:14.625Z"}
27/8/2026, 5:50:13 pm | [2026-08-27T12:20:14.626Z] [LOG] {"page":"CashClosingDashboard","event":"CASH_CLOSING_DASHBOARD_PAGE_LOADED","timestamp":"2026-08-27T12:20:14.626Z"}
27/8/2026, 5:50:13 pm | [2026-08-27T12:20:14.757Z] [LOG] {"page":"CashClosingDashboard","event":"CASH_CLOSING_DASHBOARD_PAGE_LOADED","timestamp":"2026-08-27T12:20:14.757Z"}
27/8/2026, 5:50:13 pm | [2026-08-27T12:20:14.756Z] [LOG] {"page":"CashClosingDashboard","event":"CASH_CLOSING_RESET_CLICKED","timestamp":"2026-08-27T12:20:14.756Z"}
27/8/2026, 5:50:13 pm | [2026-08-27T12:20:14.810Z] [LOG] {"page":"CashClosingDashboard","event":"CASH_CLOSING_RESET_SUCCESS","totalRecords":56,"timestamp":"2026-08-27T12:20:14.810Z"}
27/8/2026, 5:50:13 pm | [2026-08-27T12:20:14.811Z] [LOG] {"page":"CashClosingDashboard","event":"CASH_CLOSING_DASHBOARD_PAGE_LOADED","timestamp":"2026-08-27T12:20:14.811Z"}
27/8/2026, 5:50:15 pm | [2026-08-27T12:20:16.708Z] [LOG] {"page":"CashClosingDashboard","event":"CASH_CLOSING_DASHBOARD_PAGE_LOADED","timestamp":"2026-08-27T12:20:16.708Z"}
27/8/2026, 5:50:15 pm | [2026-08-27T12:20:16.708Z] [LOG] {"page":"CashClosingDashboard","event":"CASH_CLOSING_NEXT_PAGE","currentPage":2,"timestamp":"2026-08-27T12:20:16.708Z"}
27/8/2026, 5:50:15 pm | [2026-08-27T12:20:16.908Z] [LOG] {"page":"CashClosingDashboard","event":"CASH_CLOSING_DASHBOARD_PAGE_LOADED","timestamp":"2026-08-27T12:20:16.908Z"}
27/8/2026, 5:50:15 pm | [2026-08-27T12:20:16.908Z] [LOG] {"page":"CashClosingDashboard","event":"CASH_CLOSING_NEXT_PAGE","currentPage":3,"timestamp":"2026-08-27T12:20:16.908Z"}
27/8/2026, 5:50:18 pm | [2026-08-27T12:20:19.116Z] [LOG] {"page":"CashClosingDashboard","event":"CASH_CLOSING_RESET_CLICKED","timestamp":"2026-08-27T12:20:19.115Z"}
27/8/2026, 5:50:18 pm | [2026-08-27T12:20:19.116Z] [LOG] {"page":"CashClosingDashboard","event":"CASH_CLOSING_DASHBOARD_PAGE_LOADED","timestamp":"2026-08-27T12:20:19.116Z"}
27/8/2026, 5:50:18 pm | [2026-08-27T12:20:19.168Z] [LOG] {"page":"CashClosingDashboard","event":"CASH_CLOSING_RESET_SUCCESS","totalRecords":56,"timestamp":"2026-08-27T12:20:19.168Z"}
27/8/2026, 5:50:18 pm | [2026-08-27T12:20:19.168Z] [LOG] {"page":"CashClosingDashboard","event":"CASH_CLOSING_DASHBOARD_PAGE_LOADED","timestamp":"2026-08-27T12:20:19.168Z"}
27/8/2026, 5:50:18 pm | [2026-08-27T12:20:19.292Z] [LOG] {"page":"CashClosingDashboard","event":"CASH_CLOSING_RESET_CLICKED","timestamp":"2026-08-27T12:20:19.292Z"}
27/8/2026, 5:50:18 pm | [2026-08-27T12:20:19.293Z] [LOG] {"page":"CashClosingDashboard","event":"CASH_CLOSING_DASHBOARD_PAGE_LOADED","timestamp":"2026-08-27T12:20:19.293Z"}
27/8/2026, 5:50:18 pm | [2026-08-27T12:20:19.347Z] [LOG] {"page":"CashClosingDashboard","event":"CASH_CLOSING_RESET_SUCCESS","totalRecords":56,"timestamp":"2026-08-27T12:20:19.347Z"}
27/8/2026, 5:50:18 pm | [2026-08-27T12:20:19.348Z] [LOG] {"page":"CashClosingDashboard","event":"CASH_CLOSING_DASHBOARD_PAGE_LOADED","timestamp":"2026-08-27T12:20:19.348Z"}
27/8/2026, 5:50:18 pm | [2026-08-27T12:20:19.477Z] [LOG] {"page":"CashClosingDashboard","event":"CASH_CLOSING_DASHBOARD_PAGE_LOADED","timestamp":"2026-08-27T12:20:19.477Z"}
27/8/2026, 5:50:18 pm | [2026-08-27T12:20:19.476Z] [LOG] {"page":"CashClosingDashboard","event":"CASH_CLOSING_RESET_CLICKED","timestamp":"2026-08-27T12:20:19.476Z"}
27/8/2026, 5:50:18 pm | [2026-08-27T12:20:19.560Z] [LOG] {"page":"CashClosingDashboard","event":"CASH_CLOSING_RESET_SUCCESS","totalRecords":56,"timestamp":"2026-08-27T12:20:19.560Z"}
27/8/2026, 5:50:18 pm | [2026-08-27T12:20:19.561Z] [LOG] {"page":"CashClosingDashboard","event":"CASH_CLOSING_DASHBOARD_PAGE_LOADED","timestamp":"2026-08-27T12:20:19.561Z"}
27/8/2026, 5:50:19 pm | [2026-08-27T12:20:20.788Z] [LOG] {"page":"CashClosingDashboard","event":"CASH_CLOSING_DASHBOARD_PAGE_LOADED","timestamp":"2026-08-27T12:20:20.788Z"}
27/8/2026, 5:50:19 pm | [2026-08-27T12:20:20.788Z] [LOG] {"page":"CashClosingDashboard","event":"CASH_CLOSING_NEXT_PAGE","currentPage":2,"timestamp":"2026-08-27T12:20:20.788Z"}
27/8/2026, 5:50:20 pm | [2026-08-27T12:20:21.492Z] [LOG] {"page":"CashClosingDashboard","event":"CASH_CLOSING_DASHBOARD_PAGE_LOADED","timestamp":"2026-08-27T12:20:21.492Z"}
27/8/2026, 5:50:20 pm | [2026-08-27T12:20:21.492Z] [LOG] {"page":"CashClosingDashboard","event":"CASH_CLOSING_NEXT_PAGE","currentPage":3,"timestamp":"2026-08-27T12:20:21.492Z"}
27/8/2026, 5:50:22 pm | [2026-08-27T12:20:23.109Z] [LOG] {"page":"CashClosingDashboard","event":"CASH_CLOSING_DASHBOARD_PAGE_LOADED","timestamp":"2026-08-27T12:20:23.109Z"}
27/8/2026, 5:50:22 pm | [2026-08-27T12:20:23.108Z] [LOG] {"page":"CashClosingDashboard","event":"CASH_CLOSING_RESET_CLICKED","timestamp":"2026-08-27T12:20:23.108Z"}
27/8/2026, 5:50:22 pm | [2026-08-27T12:20:23.207Z] [LOG] {"page":"CashClosingDashboard","event":"CASH_CLOSING_RESET_SUCCESS","totalRecords":56,"timestamp":"2026-08-27T12:20:23.207Z"}
27/8/2026, 5:50:22 pm | [2026-08-27T12:20:23.209Z] [LOG] {"page":"CashClosingDashboard","event":"CASH_CLOSING_DASHBOARD_PAGE_LOADED","timestamp":"2026-08-27T12:20:23.209Z"}
27/8/2026, 5:50:22 pm | [2026-08-27T12:20:23.277Z] [LOG] {"page":"CashClosingDashboard","event":"CASH_CLOSING_DASHBOARD_PAGE_LOADED","timestamp":"2026-08-27T12:20:23.276Z"}
27/8/2026, 5:50:22 pm | [2026-08-27T12:20:23.276Z] [LOG] {"page":"CashClosingDashboard","event":"CASH_CLOSING_RESET_CLICKED","timestamp":"2026-08-27T12:20:23.276Z"}
27/8/2026, 5:50:22 pm | [2026-08-27T12:20:23.330Z] [LOG] {"page":"CashClosingDashboard","event":"CASH_CLOSING_RESET_SUCCESS","totalRecords":56,"timestamp":"2026-08-27T12:20:23.330Z"}
27/8/2026, 5:50:22 pm | [2026-08-27T12:20:23.332Z] [LOG] {"page":"CashClosingDashboard","event":"CASH_CLOSING_DASHBOARD_PAGE_LOADED","timestamp":"2026-08-27T12:20:23.332Z"}
27/8/2026, 5:50:22 pm | [2026-08-27T12:20:23.565Z] [LOG] {"page":"CashClosingDashboard","event":"CASH_CLOSING_DASHBOARD_PAGE_LOADED","timestamp":"2026-08-27T12:20:23.565Z"}
27/8/2026, 5:50:22 pm | [2026-08-27T12:20:23.564Z] [LOG] {"page":"CashClosingDashboard","event":"CASH_CLOSING_RESET_CLICKED","timestamp":"2026-08-27T12:20:23.564Z"}
27/8/2026, 5:50:22 pm | [2026-08-27T12:20:23.617Z] [LOG] {"page":"CashClosingDashboard","event":"CASH_CLOSING_RESET_SUCCESS","totalRecords":56,"timestamp":"2026-08-27T12:20:23.617Z"}
27/8/2026, 5:50:22 pm | [2026-08-27T12:20:23.618Z] [LOG] {"page":"CashClosingDashboard","event":"CASH_CLOSING_DASHBOARD_PAGE_LOADED","timestamp":"2026-08-27T12:20:23.618Z"}
27/8/2026, 5:50:31 pm | [2026-08-27T12:20:32.861Z] [LOG] {"page":"CashClosingDashboard","event":"CASH_CLOSING_DASHBOARD_PAGE_LOADED","timestamp":"2026-08-27T12:20:32.861Z"}
27/8/2026, 5:50:31 pm | [2026-08-27T12:20:32.973Z] [LOG] {"page":"CashClosingDashboard","event":"CASH_CLOSING_RESET_CLICKED","timestamp":"2026-08-27T12:20:32.973Z"}
27/8/2026, 5:50:31 pm | [2026-08-27T12:20:32.974Z] [LOG] {"page":"CashClosingDashboard","event":"CASH_CLOSING_DASHBOARD_PAGE_LOADED","timestamp":"2026-08-27T12:20:32.974Z"}
27/8/2026, 5:50:31 pm | [2026-08-27T12:20:33.101Z] [LOG] {"page":"CashClosingDashboard","event":"CASH_CLOSING_RESET_SUCCESS","totalRecords":56,"timestamp":"2026-08-27T12:20:33.101Z"}
27/8/2026, 5:50:31 pm | [2026-08-27T12:20:33.102Z] [LOG] {"page":"CashClosingDashboard","event":"CASH_CLOSING_DASHBOARD_PAGE_LOADED","timestamp":"2026-08-27T12:20:33.102Z"}
27/8/2026, 5:50:32 pm | [2026-08-27T12:20:33.607Z] [LOG] {"page":"CashClosingDashboard","event":"CASH_CLOSING_RESET_CLICKED","timestamp":"2026-08-27T12:20:33.607Z"}
27/8/2026, 5:50:32 pm | [2026-08-27T12:20:33.608Z] [LOG] {"page":"CashClosingDashboard","event":"CASH_CLOSING_DASHBOARD_PAGE_LOADED","timestamp":"2026-08-27T12:20:33.608Z"}
27/8/2026, 5:50:32 pm | [2026-08-27T12:20:33.664Z] [LOG] {"page":"CashClosingDashboard","event":"CASH_CLOSING_RESET_SUCCESS","totalRecords":56,"timestamp":"2026-08-27T12:20:33.664Z"}
27/8/2026, 5:50:32 pm | [2026-08-27T12:20:33.665Z] [LOG] {"page":"CashClosingDashboard","event":"CASH_CLOSING_DASHBOARD_PAGE_LOADED","timestamp":"2026-08-27T12:20:33.665Z"}
27/8/2026, 5:50:32 pm | [2026-08-27T12:20:34.181Z] [LOG] {"page":"CashClosingDashboard","event":"CASH_CLOSING_RESET_CLICKED","timestamp":"2026-08-27T12:20:34.181Z"}
27/8/2026, 5:50:32 pm | [2026-08-27T12:20:34.182Z] [LOG] {"page":"CashClosingDashboard","event":"CASH_CLOSING_DASHBOARD_PAGE_LOADED","timestamp":"2026-08-27T12:20:34.182Z"}
27/8/2026, 5:50:32 pm | [2026-08-27T12:20:34.272Z] [LOG] {"page":"CashClosingDashboard","event":"CASH_CLOSING_RESET_SUCCESS","totalRecords":56,"timestamp":"2026-08-27T12:20:34.272Z"}
27/8/2026, 5:50:32 pm | [2026-08-27T12:20:34.273Z] [LOG] {"page":"CashClosingDashboard","event":"CASH_CLOSING_DASHBOARD_PAGE_LOADED","timestamp":"2026-08-27T12:20:34.273Z"}
27/8/2026, 5:50:32 pm | [2026-08-27T12:20:34.349Z] [LOG] {"page":"CashClosingDashboard","event":"CASH_CLOSING_RESET_CLICKED","timestamp":"2026-08-27T12:20:34.349Z"}
27/8/2026, 5:50:32 pm | [2026-08-27T12:20:34.350Z] [LOG] {"page":"CashClosingDashboard","event":"CASH_CLOSING_DASHBOARD_PAGE_LOADED","timestamp":"2026-08-27T12:20:34.350Z"}
27/8/2026, 5:50:32 pm | [2026-08-27T12:20:34.404Z] [LOG] {"page":"CashClosingDashboard","event":"CASH_CLOSING_RESET_SUCCESS","totalRecords":56,"timestamp":"2026-08-27T12:20:34.404Z"}
27/8/2026, 5:50:32 pm | [2026-08-27T12:20:34.405Z] [LOG] {"page":"CashClosingDashboard","event":"CASH_CLOSING_DASHBOARD_PAGE_LOADED","timestamp":"2026-08-27T12:20:34.405Z"}
27/8/2026, 5:50:32 pm | [2026-08-27T12:20:34.303Z] [LOG] {"page":"CashClosingDashboard","event":"CASH_CLOSING_RESET_CLICKED","timestamp":"2026-08-27T12:20:34.303Z"}
27/8/2026, 5:50:32 pm | [2026-08-27T12:20:34.304Z] [LOG] {"page":"CashClosingDashboard","event":"CASH_CLOSING_DASHBOARD_PAGE_LOADED","timestamp":"2026-08-27T12:20:34.304Z"}
27/8/2026, 5:50:32 pm | [2026-08-27T12:20:34.509Z] [LOG] {"page":"CashClosingDashboard","event":"CASH_CLOSING_RESET_CLICKED","timestamp":"2026-08-27T12:20:34.509Z"}
27/8/2026, 5:50:32 pm | [2026-08-27T12:20:34.510Z] [LOG] {"page":"CashClosingDashboard","event":"CASH_CLOSING_DASHBOARD_PAGE_LOADED","timestamp":"2026-08-27T12:20:34.510Z"}
27/8/2026, 5:50:32 pm | [2026-08-27T12:20:34.360Z] [LOG] {"page":"CashClosingDashboard","event":"CASH_CLOSING_RESET_SUCCESS","totalRecords":56,"timestamp":"2026-08-27T12:20:34.359Z"}
27/8/2026, 5:50:32 pm | [2026-08-27T12:20:34.360Z] [LOG] {"page":"CashClosingDashboard","event":"CASH_CLOSING_DASHBOARD_PAGE_LOADED","timestamp":"2026-08-27T12:20:34.360Z"}
27/8/2026, 5:50:32 pm | [2026-08-27T12:20:34.563Z] [LOG] {"page":"CashClosingDashboard","event":"CASH_CLOSING_RESET_SUCCESS","totalRecords":56,"timestamp":"2026-08-27T12:20:34.563Z"}
27/8/2026, 5:50:32 pm | [2026-08-27T12:20:34.564Z] [LOG] {"page":"CashClosingDashboard","event":"CASH_CLOSING_DASHBOARD_PAGE_LOADED","timestamp":"2026-08-27T12:20:34.564Z"}
27/8/2026, 5:50:32 pm | [2026-08-27T12:20:34.653Z] [LOG] {"page":"CashClosingDashboard","event":"CASH_CLOSING_RESET_CLICKED","timestamp":"2026-08-27T12:20:34.653Z"}
27/8/2026, 5:50:32 pm | [2026-08-27T12:20:34.654Z] [LOG] {"page":"CashClosingDashboard","event":"CASH_CLOSING_DASHBOARD_PAGE_LOADED","timestamp":"2026-08-27T12:20:34.654Z"}
27/8/2026, 5:50:32 pm | [2026-08-27T12:20:34.709Z] [LOG] {"page":"CashClosingDashboard","event":"CASH_CLOSING_RESET_SUCCESS","totalRecords":56,"timestamp":"2026-08-27T12:20:34.709Z"}
27/8/2026, 5:50:32 pm | [2026-08-27T12:20:34.709Z] [LOG] {"page":"CashClosingDashboard","event":"CASH_CLOSING_DASHBOARD_PAGE_LOADED","timestamp":"2026-08-27T12:20:34.709Z"}
27/8/2026, 5:50:33 pm | [2026-08-27T12:20:34.805Z] [LOG] {"page":"CashClosingDashboard","event":"CASH_CLOSING_RESET_CLICKED","timestamp":"2026-08-27T12:20:34.805Z"}
27/8/2026, 5:50:33 pm | [2026-08-27T12:20:34.806Z] [LOG] {"page":"CashClosingDashboard","event":"CASH_CLOSING_DASHBOARD_PAGE_LOADED","timestamp":"2026-08-27T12:20:34.806Z"}
27/8/2026, 5:50:33 pm | [2026-08-27T12:20:34.861Z] [LOG] {"page":"CashClosingDashboard","event":"CASH_CLOSING_RESET_SUCCESS","totalRecords":56,"timestamp":"2026-08-27T12:20:34.861Z"}
27/8/2026, 5:50:33 pm | [2026-08-27T12:20:34.862Z] [LOG] {"page":"CashClosingDashboard","event":"CASH_CLOSING_DASHBOARD_PAGE_LOADED","timestamp":"2026-08-27T12:20:34.862Z"}
27/8/2026, 5:50:33 pm | [2026-08-27T12:20:34.950Z] [LOG] {"page":"CashClosingDashboard","event":"CASH_CLOSING_DASHBOARD_PAGE_LOADED","timestamp":"2026-08-27T12:20:34.950Z"}
27/8/2026, 5:50:33 pm | [2026-08-27T12:20:34.949Z] [LOG] {"page":"CashClosingDashboard","event":"CASH_CLOSING_RESET_CLICKED","timestamp":"2026-08-27T12:20:34.949Z"}
27/8/2026, 5:50:33 pm | [2026-08-27T12:20:34.783Z] [LOG] {"page":"CashClosingDashboard","event":"CASH_CLOSING_RESET_CLICKED","timestamp":"2026-08-27T12:20:34.783Z"}
27/8/2026, 5:50:33 pm | [2026-08-27T12:20:34.784Z] [LOG] {"page":"CashClosingDashboard","event":"CASH_CLOSING_DASHBOARD_PAGE_LOADED","timestamp":"2026-08-27T12:20:34.784Z"}
27/8/2026, 5:50:33 pm | [2026-08-27T12:20:35.016Z] [LOG] {"page":"CashClosingDashboard","event":"CASH_CLOSING_RESET_SUCCESS","totalRecords":56,"timestamp":"2026-08-27T12:20:35.016Z"}
27/8/2026, 5:50:33 pm | [2026-08-27T12:20:35.017Z] [LOG] {"page":"CashClosingDashboard","event":"CASH_CLOSING_DASHBOARD_PAGE_LOADED","timestamp":"2026-08-27T12:20:35.017Z"}
27/8/2026, 5:50:33 pm | [2026-08-27T12:20:34.848Z] [LOG] {"page":"CashClosingDashboard","event":"CASH_CLOSING_RESET_SUCCESS","totalRecords":56,"timestamp":"2026-08-27T12:20:34.848Z"}
27/8/2026, 5:50:33 pm | [2026-08-27T12:20:34.849Z] [LOG] {"page":"CashClosingDashboard","event":"CASH_CLOSING_DASHBOARD_PAGE_LOADED","timestamp":"2026-08-27T12:20:34.849Z"}
27/8/2026, 5:50:33 pm | [2026-08-27T12:20:35.093Z] [LOG] {"page":"CashClosingDashboard","event":"CASH_CLOSING_RESET_CLICKED","timestamp":"2026-08-27T12:20:35.093Z"}
27/8/2026, 5:50:33 pm | [2026-08-27T12:20:35.094Z] [LOG] {"page":"CashClosingDashboard","event":"CASH_CLOSING_DASHBOARD_PAGE_LOADED","timestamp":"2026-08-27T12:20:35.094Z"}
27/8/2026, 5:50:33 pm | [2026-08-27T12:20:35.148Z] [LOG] {"page":"CashClosingDashboard","event":"CASH_CLOSING_RESET_SUCCESS","totalRecords":56,"timestamp":"2026-08-27T12:20:35.148Z"}
27/8/2026, 5:50:33 pm | [2026-08-27T12:20:35.149Z] [LOG] {"page":"CashClosingDashboard","event":"CASH_CLOSING_DASHBOARD_PAGE_LOADED","timestamp":"2026-08-27T12:20:35.149Z"}
27/8/2026, 5:50:33 pm | [2026-08-27T12:20:35.245Z] [LOG] {"page":"CashClosingDashboard","event":"CASH_CLOSING_RESET_CLICKED","timestamp":"2026-08-27T12:20:35.245Z"}
27/8/2026, 5:50:33 pm | [2026-08-27T12:20:35.246Z] [LOG] {"page":"CashClosingDashboard","event":"CASH_CLOSING_DASHBOARD_PAGE_LOADED","timestamp":"2026-08-27T12:20:35.246Z"}
27/8/2026, 5:50:33 pm | [2026-08-27T12:20:35.303Z] [LOG] {"page":"CashClosingDashboard","event":"CASH_CLOSING_RESET_SUCCESS","totalRecords":56,"timestamp":"2026-08-27T12:20:35.303Z"}
27/8/2026, 5:50:33 pm | [2026-08-27T12:20:35.304Z] [LOG] {"page":"CashClosingDashboard","event":"CASH_CLOSING_DASHBOARD_PAGE_LOADED","timestamp":"2026-08-27T12:20:35.304Z"}
27/8/2026, 5:50:33 pm | [2026-08-27T12:20:35.405Z] [LOG] {"page":"CashClosingDashboard","event":"CASH_CLOSING_RESET_CLICKED","timestamp":"2026-08-27T12:20:35.405Z"}
27/8/2026, 5:50:33 pm | [2026-08-27T12:20:35.406Z] [LOG] {"page":"CashClosingDashboard","event":"CASH_CLOSING_DASHBOARD_PAGE_LOADED","timestamp":"2026-08-27T12:20:35.406Z"}
27/8/2026, 5:50:33 pm | [2026-08-27T12:20:35.460Z] [LOG] {"page":"CashClosingDashboard","event":"CASH_CLOSING_RESET_SUCCESS","totalRecords":56,"timestamp":"2026-08-27T12:20:35.460Z"}
27/8/2026, 5:50:33 pm | [2026-08-27T12:20:35.461Z] [LOG] {"page":"CashClosingDashboard","event":"CASH_CLOSING_DASHBOARD_PAGE_LOADED","timestamp":"2026-08-27T12:20:35.461Z"}
27/8/2026, 5:50:33 pm | [2026-08-27T12:20:35.335Z] [LOG] {"page":"CashClosingDashboard","event":"CASH_CLOSING_DASHBOARD_PAGE_LOADED","timestamp":"2026-08-27T12:20:35.335Z"}
27/8/2026, 5:50:33 pm | [2026-08-27T12:20:35.334Z] [LOG] {"page":"CashClosingDashboard","event":"CASH_CLOSING_RESET_CLICKED","timestamp":"2026-08-27T12:20:35.334Z"}
27/8/2026, 5:50:33 pm | [2026-08-27T12:20:35.390Z] [LOG] {"page":"CashClosingDashboard","event":"CASH_CLOSING_RESET_SUCCESS","totalRecords":56,"timestamp":"2026-08-27T12:20:35.390Z"}
27/8/2026, 5:50:33 pm | [2026-08-27T12:20:35.391Z] [LOG] {"page":"CashClosingDashboard","event":"CASH_CLOSING_DASHBOARD_PAGE_LOADED","timestamp":"2026-08-27T12:20:35.391Z"}
27/8/2026, 5:50:33 pm | [2026-08-27T12:20:35.573Z] [LOG] {"page":"CashClosingDashboard","event":"CASH_CLOSING_RESET_CLICKED","timestamp":"2026-08-27T12:20:35.573Z"}
27/8/2026, 5:50:33 pm | [2026-08-27T12:20:35.574Z] [LOG] {"page":"CashClosingDashboard","event":"CASH_CLOSING_DASHBOARD_PAGE_LOADED","timestamp":"2026-08-27T12:20:35.574Z"}
27/8/2026, 5:50:33 pm | [2026-08-27T12:20:35.630Z] [LOG] {"page":"CashClosingDashboard","event":"CASH_CLOSING_RESET_SUCCESS","totalRecords":56,"timestamp":"2026-08-27T12:20:35.630Z"}
27/8/2026, 5:50:33 pm | [2026-08-27T12:20:35.631Z] [LOG] {"page":"CashClosingDashboard","event":"CASH_CLOSING_DASHBOARD_PAGE_LOADED","timestamp":"2026-08-27T12:20:35.631Z"}
27/8/2026, 5:50:34 pm | [2026-08-27T12:20:35.757Z] [LOG] {"page":"CashClosingDashboard","event":"CASH_CLOSING_RESET_CLICKED","timestamp":"2026-08-27T12:20:35.757Z"}
27/8/2026, 5:50:34 pm | [2026-08-27T12:20:35.758Z] [LOG] {"page":"CashClosingDashboard","event":"CASH_CLOSING_DASHBOARD_PAGE_LOADED","timestamp":"2026-08-27T12:20:35.758Z"}
27/8/2026, 5:50:34 pm | [2026-08-27T12:20:35.813Z] [LOG] {"page":"CashClosingDashboard","event":"CASH_CLOSING_RESET_SUCCESS","totalRecords":56,"timestamp":"2026-08-27T12:20:35.813Z"}
27/8/2026, 5:50:34 pm | [2026-08-27T12:20:35.814Z] [LOG] {"page":"CashClosingDashboard","event":"CASH_CLOSING_DASHBOARD_PAGE_LOADED","timestamp":"2026-08-27T12:20:35.814Z"}
27/8/2026, 5:50:34 pm | [2026-08-27T12:20:35.925Z] [LOG] {"page":"CashClosingDashboard","event":"CASH_CLOSING_RESET_CLICKED","timestamp":"2026-08-27T12:20:35.925Z"}
27/8/2026, 5:50:34 pm | [2026-08-27T12:20:35.926Z] [LOG] {"page":"CashClosingDashboard","event":"CASH_CLOSING_DASHBOARD_PAGE_LOADED","timestamp":"2026-08-27T12:20:35.926Z"}
27/8/2026, 5:50:34 pm | [2026-08-27T12:20:35.983Z] [LOG] {"page":"CashClosingDashboard","event":"CASH_CLOSING_RESET_SUCCESS","totalRecords":56,"timestamp":"2026-08-27T12:20:35.983Z"}
27/8/2026, 5:50:34 pm | [2026-08-27T12:20:35.984Z] [LOG] {"page":"CashClosingDashboard","event":"CASH_CLOSING_DASHBOARD_PAGE_LOADED","timestamp":"2026-08-27T12:20:35.984Z"}
27/8/2026, 5:50:34 pm | [2026-08-27T12:20:36.094Z] [LOG] {"page":"CashClosingDashboard","event":"CASH_CLOSING_DASHBOARD_PAGE_LOADED","timestamp":"2026-08-27T12:20:36.094Z"}
27/8/2026, 5:50:34 pm | [2026-08-27T12:20:36.093Z] [LOG] {"page":"CashClosingDashboard","event":"CASH_CLOSING_RESET_CLICKED","timestamp":"2026-08-27T12:20:36.093Z"}
27/8/2026, 5:50:34 pm | [2026-08-27T12:20:36.152Z] [LOG] {"page":"CashClosingDashboard","event":"CASH_CLOSING_RESET_SUCCESS","totalRecords":56,"timestamp":"2026-08-27T12:20:36.152Z"}
27/8/2026, 5:50:34 pm | [2026-08-27T12:20:36.153Z] [LOG] {"page":"CashClosingDashboard","event":"CASH_CLOSING_DASHBOARD_PAGE_LOADED","timestamp":"2026-08-27T12:20:36.153Z"}
27/8/2026, 5:50:34 pm | [2026-08-27T12:20:36.254Z] [LOG] {"page":"CashClosingDashboard","event":"CASH_CLOSING_DASHBOARD_PAGE_LOADED","timestamp":"2026-08-27T12:20:36.254Z"}
27/8/2026, 5:50:34 pm | [2026-08-27T12:20:36.253Z] [LOG] {"page":"CashClosingDashboard","event":"CASH_CLOSING_RESET_CLICKED","timestamp":"2026-08-27T12:20:36.253Z"}
27/8/2026, 5:50:34 pm | [2026-08-27T12:20:36.309Z] [LOG] {"page":"CashClosingDashboard","event":"CASH_CLOSING_RESET_SUCCESS","totalRecords":56,"timestamp":"2026-08-27T12:20:36.309Z"}
27/8/2026, 5:50:34 pm | [2026-08-27T12:20:36.310Z] [LOG] {"page":"CashClosingDashboard","event":"CASH_CLOSING_DASHBOARD_PAGE_LOADED","timestamp":"2026-08-27T12:20:36.310Z"}
27/8/2026, 5:50:34 pm | [2026-08-27T12:20:36.373Z] [LOG] {"page":"CashClosingDashboard","event":"CASH_CLOSING_RESET_CLICKED","timestamp":"2026-08-27T12:20:36.373Z"}
27/8/2026, 5:50:34 pm | [2026-08-27T12:20:36.374Z] [LOG] {"page":"CashClosingDashboard","event":"CASH_CLOSING_DASHBOARD_PAGE_LOADED","timestamp":"2026-08-27T12:20:36.374Z"}
27/8/2026, 5:50:34 pm | [2026-08-27T12:20:36.427Z] [LOG] {"page":"CashClosingDashboard","event":"CASH_CLOSING_RESET_SUCCESS","totalRecords":56,"timestamp":"2026-08-27T12:20:36.427Z"}
27/8/2026, 5:50:34 pm | [2026-08-27T12:20:36.428Z] [LOG] {"page":"CashClosingDashboard","event":"CASH_CLOSING_DASHBOARD_PAGE_LOADED","timestamp":"2026-08-27T12:20:36.428Z"}
27/8/2026, 5:50:35 pm | [2026-08-27T12:20:37.725Z] [LOG] {"page":"CashClosingDashboard","event":"CASH_CLOSING_NEXT_PAGE","currentPage":2,"timestamp":"2026-08-27T12:20:37.725Z"}
27/8/2026, 5:50:35 pm | [2026-08-27T12:20:37.725Z] [LOG] {"page":"CashClosingDashboard","event":"CASH_CLOSING_DASHBOARD_PAGE_LOADED","timestamp":"2026-08-27T12:20:37.725Z"}
27/8/2026, 5:50:36 pm | [2026-08-27T12:20:38.047Z] [LOG] {"page":"CashClosingDashboard","event":"CASH_CLOSING_DASHBOARD_PAGE_LOADED","timestamp":"2026-08-27T12:20:38.047Z"}
27/8/2026, 5:50:36 pm | [2026-08-27T12:20:38.047Z] [LOG] {"page":"CashClosingDashboard","event":"CASH_CLOSING_NEXT_PAGE","currentPage":2,"timestamp":"2026-08-27T12:20:38.047Z"}
27/8/2026, 5:50:37 pm | [2026-08-27T12:20:39.095Z] [LOG] {"page":"CashClosingDashboard","event":"CASH_CLOSING_NEXT_PAGE","currentPage":3,"timestamp":"2026-08-27T12:20:39.095Z"}
27/8/2026, 5:50:37 pm | [2026-08-27T12:20:39.095Z] [LOG] {"page":"CashClosingDashboard","event":"CASH_CLOSING_DASHBOARD_PAGE_LOADED","timestamp":"2026-08-27T12:20:39.095Z"}
27/8/2026, 5:50:38 pm | [2026-08-27T12:20:39.703Z] [LOG] {"page":"CashClosingDashboard","event":"CASH_CLOSING_NEXT_PAGE","currentPage":4,"timestamp":"2026-08-27T12:20:39.703Z"}
27/8/2026, 5:50:38 pm | [2026-08-27T12:20:39.703Z] [LOG] {"page":"CashClosingDashboard","event":"CASH_CLOSING_DASHBOARD_PAGE_LOADED","timestamp":"2026-08-27T12:20:39.703Z"}
27/8/2026, 5:50:41 pm | [2026-08-27T12:20:42.844Z] [LOG] {"page":"CashClosingDashboard","event":"CASH_CLOSING_RESET_CLICKED","timestamp":"2026-08-27T12:20:42.844Z"}
27/8/2026, 5:50:41 pm | [2026-08-27T12:20:42.845Z] [LOG] {"page":"CashClosingDashboard","event":"CASH_CLOSING_DASHBOARD_PAGE_LOADED","timestamp":"2026-08-27T12:20:42.845Z"}
27/8/2026, 5:50:41 pm | [2026-08-27T12:20:43.013Z] [LOG] {"page":"CashClosingDashboard","event":"CASH_CLOSING_RESET_SUCCESS","totalRecords":56,"timestamp":"2026-08-27T12:20:43.013Z"}
27/8/2026, 5:50:41 pm | [2026-08-27T12:20:43.014Z] [LOG] {"page":"CashClosingDashboard","event":"CASH_CLOSING_DASHBOARD_PAGE_LOADED","timestamp":"2026-08-27T12:20:43.014Z"}
27/8/2026, 5:50:41 pm | [2026-08-27T12:20:43.019Z] [LOG] {"page":"CashClosingDashboard","event":"CASH_CLOSING_RESET_CLICKED","timestamp":"2026-08-27T12:20:43.019Z"}
27/8/2026, 5:50:42 pm | [2026-08-27T12:20:43.021Z] [LOG] {"page":"CashClosingDashboard","event":"CASH_CLOSING_DASHBOARD_PAGE_LOADED","timestamp":"2026-08-27T12:20:43.021Z"}
27/8/2026, 5:50:42 pm | [2026-08-27T12:20:43.103Z] [LOG] {"page":"CashClosingDashboard","event":"CASH_CLOSING_RESET_SUCCESS","totalRecords":56,"timestamp":"2026-08-27T12:20:43.103Z"}
27/8/2026, 5:50:42 pm | [2026-08-27T12:20:43.104Z] [LOG] {"page":"CashClosingDashboard","event":"CASH_CLOSING_DASHBOARD_PAGE_LOADED","timestamp":"2026-08-27T12:20:43.104Z"}
27/8/2026, 5:50:46 pm | [2026-08-27T12:20:47.380Z] [LOG] {"page":"CashClosingDashboard","event":"CASH_CLOSING_NEXT_PAGE","currentPage":2,"timestamp":"2026-08-27T12:20:47.380Z"}
27/8/2026, 5:50:46 pm | [2026-08-27T12:20:47.380Z] [LOG] {"page":"CashClosingDashboard","event":"CASH_CLOSING_DASHBOARD_PAGE_LOADED","timestamp":"2026-08-27T12:20:47.380Z"}
27/8/2026, 5:50:46 pm | [2026-08-27T12:20:47.540Z] [LOG] {"page":"CashClosingDashboard","event":"CASH_CLOSING_NEXT_PAGE","currentPage":3,"timestamp":"2026-08-27T12:20:47.540Z"}
27/8/2026, 5:50:46 pm | [2026-08-27T12:20:47.540Z] [LOG] {"page":"CashClosingDashboard","event":"CASH_CLOSING_DASHBOARD_PAGE_LOADED","timestamp":"2026-08-27T12:20:47.540Z"}
27/8/2026, 5:50:48 pm | [2026-08-27T12:20:49.628Z] [LOG] {"page":"CashClosingDashboard","event":"CASH_CLOSING_DASHBOARD_PAGE_LOADED","timestamp":"2026-08-27T12:20:49.628Z"}
27/8/2026, 5:50:48 pm | [2026-08-27T12:20:49.627Z] [LOG] {"page":"CashClosingDashboard","event":"CASH_CLOSING_RESET_CLICKED","timestamp":"2026-08-27T12:20:49.627Z"}
27/8/2026, 5:50:48 pm | [2026-08-27T12:20:49.717Z] [LOG] {"page":"CashClosingDashboard","event":"CASH_CLOSING_RESET_SUCCESS","totalRecords":56,"timestamp":"2026-08-27T12:20:49.717Z"}
27/8/2026, 5:50:48 pm | [2026-08-27T12:20:49.718Z] [LOG] {"page":"CashClosingDashboard","event":"CASH_CLOSING_DASHBOARD_PAGE_LOADED","timestamp":"2026-08-27T12:20:49.718Z"}
27/8/2026, 5:50:48 pm | [2026-08-27T12:20:49.829Z] [LOG] {"page":"CashClosingDashboard","event":"CASH_CLOSING_DASHBOARD_PAGE_LOADED","timestamp":"2026-08-27T12:20:49.828Z"}
27/8/2026, 5:50:48 pm | [2026-08-27T12:20:49.828Z] [LOG] {"page":"CashClosingDashboard","event":"CASH_CLOSING_RESET_CLICKED","timestamp":"2026-08-27T12:20:49.828Z"}
27/8/2026, 5:50:48 pm | [2026-08-27T12:20:49.884Z] [LOG] {"page":"CashClosingDashboard","event":"CASH_CLOSING_RESET_SUCCESS","totalRecords":56,"timestamp":"2026-08-27T12:20:49.884Z"}
27/8/2026, 5:50:48 pm | [2026-08-27T12:20:49.885Z] [LOG] {"page":"CashClosingDashboard","event":"CASH_CLOSING_DASHBOARD_PAGE_LOADED","timestamp":"2026-08-27T12:20:49.885Z"}
27/8/2026, 5:50:53 pm | [2026-08-27T12:20:54.468Z] [LOG] {"page":"CashClosingDashboard","event":"CASH_CLOSING_DASHBOARD_PAGE_LOADED","timestamp":"2026-08-27T12:20:54.468Z"}
27/8/2026, 5:50:53 pm | [2026-08-27T12:20:54.467Z] [LOG] {"page":"CashClosingDashboard","event":"CASH_CLOSING_RESET_CLICKED","timestamp":"2026-08-27T12:20:54.467Z"}
27/8/2026, 5:50:53 pm | [2026-08-27T12:20:54.527Z] [LOG] {"page":"CashClosingDashboard","event":"CASH_CLOSING_RESET_SUCCESS","totalRecords":56,"timestamp":"2026-08-27T12:20:54.527Z"}
27/8/2026, 5:50:53 pm | [2026-08-27T12:20:54.528Z] [LOG] {"page":"CashClosingDashboard","event":"CASH_CLOSING_DASHBOARD_PAGE_LOADED","timestamp":"2026-08-27T12:20:54.528Z"}
27/8/2026, 5:50:53 pm | [2026-08-27T12:20:54.645Z] [LOG] {"page":"CashClosingDashboard","event":"CASH_CLOSING_DASHBOARD_PAGE_LOADED","timestamp":"2026-08-27T12:20:54.645Z"}
27/8/2026, 5:50:53 pm | [2026-08-27T12:20:54.644Z] [LOG] {"page":"CashClosingDashboard","event":"CASH_CLOSING_RESET_CLICKED","timestamp":"2026-08-27T12:20:54.644Z"}
27/8/2026, 5:50:53 pm | [2026-08-27T12:20:54.703Z] [LOG] {"page":"CashClosingDashboard","event":"CASH_CLOSING_DASHBOARD_PAGE_LOADED","timestamp":"2026-08-27T12:20:54.703Z"}
27/8/2026, 5:50:53 pm | [2026-08-27T12:20:54.702Z] [LOG] {"page":"CashClosingDashboard","event":"CASH_CLOSING_RESET_SUCCESS","totalRecords":56,"timestamp":"2026-08-27T12:20:54.702Z"}
27/8/2026, 5:50:54 pm | [2026-08-27T12:20:56.012Z] [LOG] {"page":"CashClosingDashboard","event":"CASH_CLOSING_DASHBOARD_PAGE_LOADED","timestamp":"2026-08-27T12:20:56.012Z"}
27/8/2026, 5:50:54 pm | [2026-08-27T12:20:56.012Z] [LOG] {"page":"CashClosingDashboard","event":"CASH_CLOSING_NEXT_PAGE","currentPage":2,"timestamp":"2026-08-27T12:20:56.012Z"}
27/8/2026, 5:50:55 pm | [2026-08-27T12:20:56.565Z] [LOG] {"page":"CashClosingDashboard","event":"CASH_CLOSING_DASHBOARD_PAGE_LOADED","timestamp":"2026-08-27T12:20:56.565Z"}
27/8/2026, 5:50:55 pm | [2026-08-27T12:20:56.564Z] [LOG] {"page":"CashClosingDashboard","event":"CASH_CLOSING_NEXT_PAGE","currentPage":3,"timestamp":"2026-08-27T12:20:56.564Z"}
27/8/2026, 5:50:57 pm | [2026-08-27T12:20:58.157Z] [LOG] {"page":"CashClosingDashboard","event":"CASH_CLOSING_DASHBOARD_PAGE_LOADED","timestamp":"2026-08-27T12:20:58.157Z"}
27/8/2026, 5:50:57 pm | [2026-08-27T12:20:58.156Z] [LOG] {"page":"CashClosingDashboard","event":"CASH_CLOSING_RESET_CLICKED","timestamp":"2026-08-27T12:20:58.156Z"}
27/8/2026, 5:50:57 pm | [2026-08-27T12:20:58.244Z] [LOG] {"page":"CashClosingDashboard","event":"CASH_CLOSING_RESET_SUCCESS","totalRecords":56,"timestamp":"2026-08-27T12:20:58.244Z"}
27/8/2026, 5:50:57 pm | [2026-08-27T12:20:58.246Z] [LOG] {"page":"CashClosingDashboard","event":"CASH_CLOSING_DASHBOARD_PAGE_LOADED","timestamp":"2026-08-27T12:20:58.246Z"}
27/8/2026, 5:50:57 pm | [2026-08-27T12:20:58.348Z] [LOG] {"page":"CashClosingDashboard","event":"CASH_CLOSING_RESET_CLICKED","timestamp":"2026-08-27T12:20:58.348Z"}
27/8/2026, 5:50:57 pm | [2026-08-27T12:20:58.349Z] [LOG] {"page":"CashClosingDashboard","event":"CASH_CLOSING_DASHBOARD_PAGE_LOADED","timestamp":"2026-08-27T12:20:58.349Z"}
27/8/2026, 5:50:57 pm | [2026-08-27T12:20:58.403Z] [LOG] {"page":"CashClosingDashboard","event":"CASH_CLOSING_RESET_SUCCESS","totalRecords":56,"timestamp":"2026-08-27T12:20:58.402Z"}
27/8/2026, 5:50:57 pm | [2026-08-27T12:20:58.404Z] [LOG] {"page":"CashClosingDashboard","event":"CASH_CLOSING_DASHBOARD_PAGE_LOADED","timestamp":"2026-08-27T12:20:58.404Z"}
27/8/2026, 5:50:57 pm | [2026-08-27T12:20:59.199Z] [LOG] {"page":"CashClosingDashboard","event":"CASH_CLOSING_RESET_CLICKED","timestamp":"2026-08-27T12:20:59.199Z"}
27/8/2026, 5:50:57 pm | [2026-08-27T12:20:59.200Z] [LOG] {"page":"CashClosingDashboard","event":"CASH_CLOSING_DASHBOARD_PAGE_LOADED","timestamp":"2026-08-27T12:20:59.200Z"}
27/8/2026, 5:50:57 pm | [2026-08-27T12:20:59.359Z] [LOG] {"page":"CashClosingDashboard","event":"CASH_CLOSING_RESET_SUCCESS","totalRecords":56,"timestamp":"2026-08-27T12:20:59.359Z"}
27/8/2026, 5:50:57 pm | [2026-08-27T12:20:59.360Z] [LOG] {"page":"CashClosingDashboard","event":"CASH_CLOSING_DASHBOARD_PAGE_LOADED","timestamp":"2026-08-27T12:20:59.360Z"}
27/8/2026, 5:50:58 pm | [2026-08-27T12:20:59.750Z] [LOG] {"page":"CashClosingDashboard","event":"CASH_CLOSING_RESET_CLICKED","timestamp":"2026-08-27T12:20:59.750Z"}
27/8/2026, 5:50:58 pm | [2026-08-27T12:20:59.751Z] [LOG] {"page":"CashClosingDashboard","event":"CASH_CLOSING_DASHBOARD_PAGE_LOADED","timestamp":"2026-08-27T12:20:59.751Z"}
27/8/2026, 5:50:58 pm | [2026-08-27T12:20:59.811Z] [LOG] {"page":"CashClosingDashboard","event":"CASH_CLOSING_RESET_SUCCESS","totalRecords":56,"timestamp":"2026-08-27T12:20:59.811Z"}
27/8/2026, 5:50:58 pm | [2026-08-27T12:20:59.812Z] [LOG] {"page":"CashClosingDashboard","event":"CASH_CLOSING_DASHBOARD_PAGE_LOADED","timestamp":"2026-08-27T12:20:59.812Z"}
27/8/2026, 5:50:58 pm | [2026-08-27T12:21:00.014Z] [LOG] {"page":"CashClosingDashboard","event":"CASH_CLOSING_RESET_CLICKED","timestamp":"2026-08-27T12:21:00.014Z"}
27/8/2026, 5:50:58 pm | [2026-08-27T12:21:00.015Z] [LOG] {"page":"CashClosingDashboard","event":"CASH_CLOSING_DASHBOARD_PAGE_LOADED","timestamp":"2026-08-27T12:21:00.015Z"}
27/8/2026, 5:50:58 pm | [2026-08-27T12:21:00.183Z] [LOG] {"page":"CashClosingDashboard","event":"CASH_CLOSING_RESET_SUCCESS","totalRecords":56,"timestamp":"2026-08-27T12:21:00.183Z"}
27/8/2026, 5:50:58 pm | [2026-08-27T12:21:00.184Z] [LOG] {"page":"CashClosingDashboard","event":"CASH_CLOSING_DASHBOARD_PAGE_LOADED","timestamp":"2026-08-27T12:21:00.184Z"}
27/8/2026, 5:50:58 pm | [2026-08-27T12:21:00.190Z] [LOG] {"page":"CashClosingDashboard","event":"CASH_CLOSING_RESET_CLICKED","timestamp":"2026-08-27T12:21:00.190Z"}
27/8/2026, 5:50:58 pm | [2026-08-27T12:21:00.191Z] [LOG] {"page":"CashClosingDashboard","event":"CASH_CLOSING_DASHBOARD_PAGE_LOADED","timestamp":"2026-08-27T12:21:00.191Z"}
27/8/2026, 5:50:58 pm | [2026-08-27T12:21:00.273Z] [LOG] {"page":"CashClosingDashboard","event":"CASH_CLOSING_RESET_SUCCESS","totalRecords":56,"timestamp":"2026-08-27T12:21:00.273Z"}
27/8/2026, 5:50:58 pm | [2026-08-27T12:21:00.274Z] [LOG] {"page":"CashClosingDashboard","event":"CASH_CLOSING_DASHBOARD_PAGE_LOADED","timestamp":"2026-08-27T12:21:00.274Z"}
27/8/2026, 5:50:58 pm | [2026-08-27T12:21:00.349Z] [LOG] {"page":"CashClosingDashboard","event":"CASH_CLOSING_RESET_CLICKED","timestamp":"2026-08-27T12:21:00.349Z"}
27/8/2026, 5:50:58 pm | [2026-08-27T12:21:00.350Z] [LOG] {"page":"CashClosingDashboard","event":"CASH_CLOSING_DASHBOARD_PAGE_LOADED","timestamp":"2026-08-27T12:21:00.350Z"}
27/8/2026, 5:50:58 pm | [2026-08-27T12:21:00.408Z] [LOG] {"page":"CashClosingDashboard","event":"CASH_CLOSING_DASHBOARD_PAGE_LOADED","timestamp":"2026-08-27T12:21:00.408Z"}
27/8/2026, 5:50:58 pm | [2026-08-27T12:21:00.407Z] [LOG] {"page":"CashClosingDashboard","event":"CASH_CLOSING_RESET_SUCCESS","totalRecords":56,"timestamp":"2026-08-27T12:21:00.407Z"}
27/8/2026, 5:50:58 pm | [2026-08-27T12:21:00.255Z] [LOG] {"page":"CashClosingDashboard","event":"CASH_CLOSING_RESET_CLICKED","timestamp":"2026-08-27T12:21:00.255Z"}
27/8/2026, 5:50:58 pm | [2026-08-27T12:21:00.256Z] [LOG] {"page":"CashClosingDashboard","event":"CASH_CLOSING_DASHBOARD_PAGE_LOADED","timestamp":"2026-08-27T12:21:00.256Z"}
27/8/2026, 5:50:58 pm | [2026-08-27T12:21:00.310Z] [LOG] {"page":"CashClosingDashboard","event":"CASH_CLOSING_RESET_SUCCESS","totalRecords":56,"timestamp":"2026-08-27T12:21:00.310Z"}
27/8/2026, 5:50:58 pm | [2026-08-27T12:21:00.310Z] [LOG] {"page":"CashClosingDashboard","event":"CASH_CLOSING_DASHBOARD_PAGE_LOADED","timestamp":"2026-08-27T12:21:00.310Z"}
27/8/2026, 5:50:58 pm | [2026-08-27T12:21:00.534Z] [LOG] {"page":"CashClosingDashboard","event":"CASH_CLOSING_DASHBOARD_PAGE_LOADED","timestamp":"2026-08-27T12:21:00.534Z"}
27/8/2026, 5:50:58 pm | [2026-08-27T12:21:00.533Z] [LOG] {"page":"CashClosingDashboard","event":"CASH_CLOSING_RESET_CLICKED","timestamp":"2026-08-27T12:21:00.533Z"}
27/8/2026, 5:50:58 pm | [2026-08-27T12:21:00.592Z] [LOG] {"page":"CashClosingDashboard","event":"CASH_CLOSING_RESET_SUCCESS","totalRecords":56,"timestamp":"2026-08-27T12:21:00.592Z"}
27/8/2026, 5:50:58 pm | [2026-08-27T12:21:00.593Z] [LOG] {"page":"CashClosingDashboard","event":"CASH_CLOSING_DASHBOARD_PAGE_LOADED","timestamp":"2026-08-27T12:21:00.593Z"}
27/8/2026, 5:50:59 pm | [2026-08-27T12:21:00.132Z] [LOG] {"page":"CashClosingDashboard","event":"CASH_CLOSING_NEXT_PAGE","currentPage":2,"timestamp":"2026-08-27T12:21:00.132Z"}
27/8/2026, 5:50:59 pm | [2026-08-27T12:21:00.133Z] [LOG] {"page":"CashClosingDashboard","event":"CASH_CLOSING_DASHBOARD_PAGE_LOADED","timestamp":"2026-08-27T12:21:00.133Z"}
27/8/2026, 5:50:59 pm | [2026-08-27T12:21:00.532Z] [LOG] {"page":"CashClosingDashboard","event":"CASH_CLOSING_DASHBOARD_PAGE_LOADED","timestamp":"2026-08-27T12:21:00.532Z"}
27/8/2026, 5:50:59 pm | [2026-08-27T12:21:00.532Z] [LOG] {"page":"CashClosingDashboard","event":"CASH_CLOSING_NEXT_PAGE","currentPage":3,"timestamp":"2026-08-27T12:21:00.532Z"}
27/8/2026, 5:50:59 pm | [2026-08-27T12:21:01.518Z] [LOG] {"page":"CashClosingDashboard","event":"CASH_CLOSING_DASHBOARD_PAGE_LOADED","timestamp":"2026-08-27T12:21:01.518Z"}
27/8/2026, 5:50:59 pm | [2026-08-27T12:21:01.518Z] [LOG] {"page":"CashClosingDashboard","event":"CASH_CLOSING_NEXT_PAGE","currentPage":2,"timestamp":"2026-08-27T12:21:01.518Z"}
27/8/2026, 5:51:00 pm | [2026-08-27T12:21:02.013Z] [LOG] {"page":"CashClosingDashboard","event":"CASH_CLOSING_DASHBOARD_PAGE_LOADED","timestamp":"2026-08-27T12:21:02.013Z"}
27/8/2026, 5:51:00 pm | [2026-08-27T12:21:02.013Z] [LOG] {"page":"CashClosingDashboard","event":"CASH_CLOSING_NEXT_PAGE","currentPage":2,"timestamp":"2026-08-27T12:21:02.013Z"}
27/8/2026, 5:51:01 pm | [2026-08-27T12:21:02.068Z] [LOG] {"page":"CashClosingDashboard","event":"CASH_CLOSING_RESET_CLICKED","timestamp":"2026-08-27T12:21:02.068Z"}
27/8/2026, 5:51:01 pm | [2026-08-27T12:21:02.069Z] [LOG] {"page":"CashClosingDashboard","event":"CASH_CLOSING_DASHBOARD_PAGE_LOADED","timestamp":"2026-08-27T12:21:02.069Z"}
27/8/2026, 5:51:01 pm | [2026-08-27T12:21:02.141Z] [LOG] {"page":"CashClosingDashboard","event":"CASH_CLOSING_RESET_SUCCESS","totalRecords":56,"timestamp":"2026-08-27T12:21:02.141Z"}
27/8/2026, 5:51:01 pm | [2026-08-27T12:21:02.143Z] [LOG] {"page":"CashClosingDashboard","event":"CASH_CLOSING_DASHBOARD_PAGE_LOADED","timestamp":"2026-08-27T12:21:02.143Z"}
27/8/2026, 5:51:01 pm | [2026-08-27T12:21:02.268Z] [LOG] {"page":"CashClosingDashboard","event":"CASH_CLOSING_RESET_CLICKED","timestamp":"2026-08-27T12:21:02.268Z"}
27/8/2026, 5:51:01 pm | [2026-08-27T12:21:02.269Z] [LOG] {"page":"CashClosingDashboard","event":"CASH_CLOSING_DASHBOARD_PAGE_LOADED","timestamp":"2026-08-27T12:21:02.269Z"}
27/8/2026, 5:51:01 pm | [2026-08-27T12:21:02.322Z] [LOG] {"page":"CashClosingDashboard","event":"CASH_CLOSING_RESET_SUCCESS","totalRecords":56,"timestamp":"2026-08-27T12:21:02.322Z"}
27/8/2026, 5:51:01 pm | [2026-08-27T12:21:02.323Z] [LOG] {"page":"CashClosingDashboard","event":"CASH_CLOSING_DASHBOARD_PAGE_LOADED","timestamp":"2026-08-27T12:21:02.323Z"}
27/8/2026, 5:51:02 pm | [2026-08-27T12:21:03.596Z] [LOG] {"page":"CashClosingDashboard","event":"CASH_CLOSING_DASHBOARD_PAGE_LOADED","timestamp":"2026-08-27T12:21:03.596Z"}
27/8/2026, 5:51:02 pm | [2026-08-27T12:21:03.596Z] [LOG] {"page":"CashClosingDashboard","event":"CASH_CLOSING_NEXT_PAGE","currentPage":2,"timestamp":"2026-08-27T12:21:03.596Z"}
27/8/2026, 5:51:02 pm | [2026-08-27T12:21:03.844Z] [LOG] {"page":"CashClosingDashboard","event":"CASH_CLOSING_DASHBOARD_PAGE_LOADED","timestamp":"2026-08-27T12:21:03.844Z"}
27/8/2026, 5:51:02 pm | [2026-08-27T12:21:03.844Z] [LOG] {"page":"CashClosingDashboard","event":"CASH_CLOSING_NEXT_PAGE","currentPage":3,"timestamp":"2026-08-27T12:21:03.844Z"}
27/8/2026, 5:51:04 pm | [2026-08-27T12:21:05.373Z] [LOG] {"page":"CashClosingDashboard","event":"CASH_CLOSING_RESET_CLICKED","timestamp":"2026-08-27T12:21:05.373Z"}
27/8/2026, 5:51:04 pm | [2026-08-27T12:21:05.374Z] [LOG] {"page":"CashClosingDashboard","event":"CASH_CLOSING_DASHBOARD_PAGE_LOADED","timestamp":"2026-08-27T12:21:05.374Z"}
27/8/2026, 5:51:04 pm | [2026-08-27T12:21:05.460Z] [LOG] {"page":"CashClosingDashboard","event":"CASH_CLOSING_RESET_SUCCESS","totalRecords":56,"timestamp":"2026-08-27T12:21:05.460Z"}
27/8/2026, 5:51:04 pm | [2026-08-27T12:21:05.460Z] [LOG] {"page":"CashClosingDashboard","event":"CASH_CLOSING_DASHBOARD_PAGE_LOADED","timestamp":"2026-08-27T12:21:05.460Z"}
27/8/2026, 5:51:04 pm | [2026-08-27T12:21:05.916Z] [LOG] {"page":"CashClosingDashboard","event":"CASH_CLOSING_RESET_CLICKED","timestamp":"2026-08-27T12:21:05.916Z"}
27/8/2026, 5:51:04 pm | [2026-08-27T12:21:05.917Z] [LOG] {"page":"CashClosingDashboard","event":"CASH_CLOSING_DASHBOARD_PAGE_LOADED","timestamp":"2026-08-27T12:21:05.917Z"}
27/8/2026, 5:51:04 pm | [2026-08-27T12:21:05.970Z] [LOG] {"page":"CashClosingDashboard","event":"CASH_CLOSING_RESET_SUCCESS","totalRecords":56,"timestamp":"2026-08-27T12:21:05.970Z"}
27/8/2026, 5:51:04 pm | [2026-08-27T12:21:05.971Z] [LOG] {"page":"CashClosingDashboard","event":"CASH_CLOSING_DASHBOARD_PAGE_LOADED","timestamp":"2026-08-27T12:21:05.971Z"}
27/8/2026, 5:51:05 pm | [2026-08-27T12:21:06.107Z] [LOG] {"page":"CashClosingDashboard","event":"CASH_CLOSING_RESET_CLICKED","timestamp":"2026-08-27T12:21:06.107Z"}
27/8/2026, 5:51:05 pm | [2026-08-27T12:21:06.108Z] [LOG] {"page":"CashClosingDashboard","event":"CASH_CLOSING_DASHBOARD_PAGE_LOADED","timestamp":"2026-08-27T12:21:06.108Z"}
27/8/2026, 5:51:05 pm | [2026-08-27T12:21:06.162Z] [LOG] {"page":"CashClosingDashboard","event":"CASH_CLOSING_RESET_SUCCESS","totalRecords":56,"timestamp":"2026-08-27T12:21:06.162Z"}
27/8/2026, 5:51:05 pm | [2026-08-27T12:21:06.162Z] [LOG] {"page":"CashClosingDashboard","event":"CASH_CLOSING_DASHBOARD_PAGE_LOADED","timestamp":"2026-08-27T12:21:06.162Z"}
27/8/2026, 5:51:06 pm | [2026-08-27T12:21:08.461Z] [LOG] {"page":"CashClosingDashboard","event":"CASH_CLOSING_DASHBOARD_PAGE_LOADED","timestamp":"2026-08-27T12:21:08.461Z"}
27/8/2026, 5:51:08 pm | [2026-08-27T12:21:09.717Z] [LOG] {"page":"CashClosingDashboard","event":"CASH_CLOSING_DASHBOARD_PAGE_LOADED","timestamp":"2026-08-27T12:21:09.717Z"}
27/8/2026, 5:51:08 pm | [2026-08-27T12:21:09.716Z] [LOG] {"page":"CashClosingDashboard","event":"CASH_CLOSING_NEXT_PAGE","currentPage":2,"timestamp":"2026-08-27T12:21:09.716Z"}
27/8/2026, 5:51:09 pm | [2026-08-27T12:21:10.204Z] [LOG] {"page":"CashClosingDashboard","event":"CASH_CLOSING_DASHBOARD_PAGE_LOADED","timestamp":"2026-08-27T12:21:10.204Z"}
27/8/2026, 5:51:09 pm | [2026-08-27T12:21:10.204Z] [LOG] {"page":"CashClosingDashboard","event":"CASH_CLOSING_NEXT_PAGE","currentPage":3,"timestamp":"2026-08-27T12:21:10.204Z"}
27/8/2026, 5:51:09 pm | [2026-08-27T12:21:11.357Z] [LOG] {"page":"CashClosingDashboard","event":"CASH_CLOSING_RESET_CLICKED","timestamp":"2026-08-27T12:21:11.357Z"}
27/8/2026, 5:51:09 pm | [2026-08-27T12:21:11.358Z] [LOG] {"page":"CashClosingDashboard","event":"CASH_CLOSING_DASHBOARD_PAGE_LOADED","timestamp":"2026-08-27T12:21:11.358Z"}
27/8/2026, 5:51:09 pm | [2026-08-27T12:21:11.482Z] [LOG] {"page":"CashClosingDashboard","event":"CASH_CLOSING_RESET_SUCCESS","totalRecords":56,"timestamp":"2026-08-27T12:21:11.482Z"}
27/8/2026, 5:51:09 pm | [2026-08-27T12:21:11.483Z] [LOG] {"page":"CashClosingDashboard","event":"CASH_CLOSING_DASHBOARD_PAGE_LOADED","timestamp":"2026-08-27T12:21:11.483Z"}
27/8/2026, 5:51:10 pm | [2026-08-27T12:21:11.999Z] [LOG] {"page":"CashClosingDashboard","event":"CASH_CLOSING_RESET_CLICKED","timestamp":"2026-08-27T12:21:11.999Z"}
27/8/2026, 5:51:10 pm | [2026-08-27T12:21:12.000Z] [LOG] {"page":"CashClosingDashboard","event":"CASH_CLOSING_DASHBOARD_PAGE_LOADED","timestamp":"2026-08-27T12:21:12.000Z"}
27/8/2026, 5:51:10 pm | [2026-08-27T12:21:12.054Z] [LOG] {"page":"CashClosingDashboard","event":"CASH_CLOSING_RESET_SUCCESS","totalRecords":56,"timestamp":"2026-08-27T12:21:12.054Z"}
27/8/2026, 5:51:10 pm | [2026-08-27T12:21:12.055Z] [LOG] {"page":"CashClosingDashboard","event":"CASH_CLOSING_DASHBOARD_PAGE_LOADED","timestamp":"2026-08-27T12:21:12.055Z"}
27/8/2026, 5:51:11 pm | [2026-08-27T12:21:12.662Z] [LOG] {"page":"CashClosingDashboard","event":"CASH_CLOSING_RESET_CLICKED","timestamp":"2026-08-27T12:21:12.662Z"}
27/8/2026, 5:51:11 pm | [2026-08-27T12:21:12.663Z] [LOG] {"page":"CashClosingDashboard","event":"CASH_CLOSING_DASHBOARD_PAGE_LOADED","timestamp":"2026-08-27T12:21:12.663Z"}
27/8/2026, 5:51:11 pm | [2026-08-27T12:21:12.721Z] [LOG] {"page":"CashClosingDashboard","event":"CASH_CLOSING_RESET_SUCCESS","totalRecords":56,"timestamp":"2026-08-27T12:21:12.721Z"}
27/8/2026, 5:51:11 pm | [2026-08-27T12:21:12.722Z] [LOG] {"page":"CashClosingDashboard","event":"CASH_CLOSING_DASHBOARD_PAGE_LOADED","timestamp":"2026-08-27T12:21:12.722Z"}
27/8/2026, 5:51:12 pm | [2026-08-27T12:21:14.023Z] [LOG] {"page":"CashClosingDashboard","event":"CASH_CLOSING_DASHBOARD_PAGE_LOADED","timestamp":"2026-08-27T12:21:14.023Z"}
27/8/2026, 5:51:12 pm | [2026-08-27T12:21:14.023Z] [LOG] {"page":"CashClosingDashboard","event":"CASH_CLOSING_NEXT_PAGE","currentPage":2,"timestamp":"2026-08-27T12:21:14.023Z"}
27/8/2026, 5:51:12 pm | [2026-08-27T12:21:14.551Z] [LOG] {"page":"CashClosingDashboard","event":"CASH_CLOSING_DASHBOARD_PAGE_LOADED","timestamp":"2026-08-27T12:21:14.551Z"}
27/8/2026, 5:51:12 pm | [2026-08-27T12:21:14.550Z] [LOG] {"page":"CashClosingDashboard","event":"CASH_CLOSING_NEXT_PAGE","currentPage":3,"timestamp":"2026-08-27T12:21:14.550Z"}
27/8/2026, 5:51:13 pm | [2026-08-27T12:21:15.007Z] [LOG] {"page":"CashClosingDashboard","event":"CASH_CLOSING_DASHBOARD_PAGE_LOADED","timestamp":"2026-08-27T12:21:15.007Z"}
27/8/2026, 5:51:13 pm | [2026-08-27T12:21:15.007Z] [LOG] {"page":"CashClosingDashboard","event":"CASH_CLOSING_NEXT_PAGE","currentPage":4,"timestamp":"2026-08-27T12:21:15.007Z"}
27/8/2026, 5:51:14 pm | [2026-08-27T12:21:16.095Z] [LOG] {"page":"CashClosingDashboard","event":"CASH_CLOSING_DASHBOARD_PAGE_LOADED","timestamp":"2026-08-27T12:21:16.095Z"}
27/8/2026, 5:51:14 pm | [2026-08-27T12:21:16.095Z] [LOG] {"page":"CashClosingDashboard","event":"CASH_CLOSING_PREVIOUS_PAGE","currentPage":3,"timestamp":"2026-08-27T12:21:16.095Z"}
27/8/2026, 5:51:21 pm | [2026-08-27T12:21:23.222Z] [LOG] {"page":"CashClosingDashboard","event":"CASH_CLOSING_NEXT_PAGE","currentPage":4,"timestamp":"2026-08-27T12:21:23.222Z"}
27/8/2026, 5:51:21 pm | [2026-08-27T12:21:23.222Z] [LOG] {"page":"CashClosingDashboard","event":"CASH_CLOSING_DASHBOARD_PAGE_LOADED","timestamp":"2026-08-27T12:21:23.222Z"}
27/8/2026, 5:51:22 pm | [2026-08-27T12:21:23.644Z] [LOG] {"page":"CashClosingDashboard","event":"CASH_CLOSING_RESET_CLICKED","timestamp":"2026-08-27T12:21:23.644Z"}
27/8/2026, 5:51:22 pm | [2026-08-27T12:21:23.645Z] [LOG] {"page":"CashClosingDashboard","event":"CASH_CLOSING_DASHBOARD_PAGE_LOADED","timestamp":"2026-08-27T12:21:23.645Z"}
27/8/2026, 5:51:22 pm | [2026-08-27T12:21:23.774Z] [LOG] {"page":"CashClosingDashboard","event":"CASH_CLOSING_DASHBOARD_PAGE_LOADED","timestamp":"2026-08-27T12:21:23.774Z"}
27/8/2026, 5:51:22 pm | [2026-08-27T12:21:23.773Z] [LOG] {"page":"CashClosingDashboard","event":"CASH_CLOSING_RESET_SUCCESS","totalRecords":56,"timestamp":"2026-08-27T12:21:23.773Z"}
27/8/2026, 5:51:22 pm | [2026-08-27T12:21:23.811Z] [LOG] {"page":"CashClosingDashboard","event":"CASH_CLOSING_RESET_CLICKED","timestamp":"2026-08-27T12:21:23.811Z"}
27/8/2026, 5:51:22 pm | [2026-08-27T12:21:23.812Z] [LOG] {"page":"CashClosingDashboard","event":"CASH_CLOSING_DASHBOARD_PAGE_LOADED","timestamp":"2026-08-27T12:21:23.812Z"}
27/8/2026, 5:51:22 pm | [2026-08-27T12:21:23.866Z] [LOG] {"page":"CashClosingDashboard","event":"CASH_CLOSING_RESET_SUCCESS","totalRecords":56,"timestamp":"2026-08-27T12:21:23.866Z"}
27/8/2026, 5:51:22 pm | [2026-08-27T12:21:23.868Z] [LOG] {"page":"CashClosingDashboard","event":"CASH_CLOSING_DASHBOARD_PAGE_LOADED","timestamp":"2026-08-27T12:21:23.868Z"}
27/8/2026, 5:51:23 pm | [2026-08-27T12:21:25.357Z] [LOG] {"page":"CashClosingDashboard","event":"CASH_CLOSING_DASHBOARD_PAGE_LOADED","timestamp":"2026-08-27T12:21:25.357Z"}
27/8/2026, 5:51:24 pm | [2026-08-27T12:21:25.532Z] [LOG] {"page":"CashClosingDashboard","event":"CASH_CLOSING_DASHBOARD_PAGE_LOADED","timestamp":"2026-08-27T12:21:25.532Z"}
27/8/2026, 5:51:24 pm | [2026-08-27T12:21:25.532Z] [LOG] {"page":"CashClosingDashboard","event":"CASH_CLOSING_NEXT_PAGE","currentPage":2,"timestamp":"2026-08-27T12:21:25.532Z"}
27/8/2026, 5:51:24 pm | [2026-08-27T12:21:25.724Z] [LOG] {"page":"CashClosingDashboard","event":"CASH_CLOSING_DASHBOARD_PAGE_LOADED","timestamp":"2026-08-27T12:21:25.724Z"}
27/8/2026, 5:51:24 pm | [2026-08-27T12:21:25.724Z] [LOG] {"page":"CashClosingDashboard","event":"CASH_CLOSING_NEXT_PAGE","currentPage":3,"timestamp":"2026-08-27T12:21:25.724Z"}
27/8/2026, 5:51:25 pm | [2026-08-27T12:21:26.912Z] [LOG] {"page":"CashClosingDashboard","event":"CASH_CLOSING_DASHBOARD_PAGE_LOADED","timestamp":"2026-08-27T12:21:26.912Z"}
27/8/2026, 5:51:26 pm | [2026-08-27T12:21:28.237Z] [LOG] {"page":"CashClosingDashboard","event":"CASH_CLOSING_RESET_CLICKED","timestamp":"2026-08-27T12:21:28.237Z"}
27/8/2026, 5:51:26 pm | [2026-08-27T12:21:28.238Z] [LOG] {"page":"CashClosingDashboard","event":"CASH_CLOSING_DASHBOARD_PAGE_LOADED","timestamp":"2026-08-27T12:21:28.238Z"}
27/8/2026, 5:51:26 pm | [2026-08-27T12:21:28.366Z] [LOG] {"page":"CashClosingDashboard","event":"CASH_CLOSING_RESET_SUCCESS","totalRecords":56,"timestamp":"2026-08-27T12:21:28.366Z"}
27/8/2026, 5:51:26 pm | [2026-08-27T12:21:28.367Z] [LOG] {"page":"CashClosingDashboard","event":"CASH_CLOSING_DASHBOARD_PAGE_LOADED","timestamp":"2026-08-27T12:21:28.367Z"}
27/8/2026, 5:51:26 pm | [2026-08-27T12:21:28.388Z] [LOG] {"page":"CashClosingDashboard","event":"CASH_CLOSING_RESET_CLICKED","timestamp":"2026-08-27T12:21:28.388Z"}
27/8/2026, 5:51:26 pm | [2026-08-27T12:21:28.389Z] [LOG] {"page":"CashClosingDashboard","event":"CASH_CLOSING_DASHBOARD_PAGE_LOADED","timestamp":"2026-08-27T12:21:28.389Z"}
27/8/2026, 5:51:26 pm | [2026-08-27T12:21:27.717Z] [LOG] {"page":"CashClosingDashboard","event":"CASH_CLOSING_DASHBOARD_PAGE_LOADED","timestamp":"2026-08-27T12:21:27.717Z"}
27/8/2026, 5:51:26 pm | [2026-08-27T12:21:27.716Z] [LOG] {"page":"CashClosingDashboard","event":"CASH_CLOSING_RESET_CLICKED","timestamp":"2026-08-27T12:21:27.716Z"}
27/8/2026, 5:51:26 pm | [2026-08-27T12:21:28.446Z] [LOG] {"page":"CashClosingDashboard","event":"CASH_CLOSING_RESET_SUCCESS","totalRecords":56,"timestamp":"2026-08-27T12:21:28.445Z"}
27/8/2026, 5:51:26 pm | [2026-08-27T12:21:28.446Z] [LOG] {"page":"CashClosingDashboard","event":"CASH_CLOSING_DASHBOARD_PAGE_LOADED","timestamp":"2026-08-27T12:21:28.446Z"}
27/8/2026, 5:51:26 pm | [2026-08-27T12:21:27.771Z] [LOG] {"page":"CashClosingDashboard","event":"CASH_CLOSING_RESET_SUCCESS","totalRecords":56,"timestamp":"2026-08-27T12:21:27.771Z"}
27/8/2026, 5:51:26 pm | [2026-08-27T12:21:27.773Z] [LOG] {"page":"CashClosingDashboard","event":"CASH_CLOSING_DASHBOARD_PAGE_LOADED","timestamp":"2026-08-27T12:21:27.773Z"}
27/8/2026, 5:51:26 pm | [2026-08-27T12:21:28.541Z] [LOG] {"page":"CashClosingDashboard","event":"CASH_CLOSING_RESET_CLICKED","timestamp":"2026-08-27T12:21:28.541Z"}
27/8/2026, 5:51:26 pm | [2026-08-27T12:21:28.542Z] [LOG] {"page":"CashClosingDashboard","event":"CASH_CLOSING_DASHBOARD_PAGE_LOADED","timestamp":"2026-08-27T12:21:28.542Z"}
27/8/2026, 5:51:26 pm | [2026-08-27T12:21:27.860Z] [LOG] {"page":"CashClosingDashboard","event":"CASH_CLOSING_DASHBOARD_PAGE_LOADED","timestamp":"2026-08-27T12:21:27.860Z"}
27/8/2026, 5:51:26 pm | [2026-08-27T12:21:27.860Z] [LOG] {"page":"CashClosingDashboard","event":"CASH_CLOSING_RESET_CLICKED","timestamp":"2026-08-27T12:21:27.860Z"}
27/8/2026, 5:51:26 pm | [2026-08-27T12:21:28.597Z] [LOG] {"page":"CashClosingDashboard","event":"CASH_CLOSING_RESET_SUCCESS","totalRecords":56,"timestamp":"2026-08-27T12:21:28.597Z"}
27/8/2026, 5:51:26 pm | [2026-08-27T12:21:28.598Z] [LOG] {"page":"CashClosingDashboard","event":"CASH_CLOSING_DASHBOARD_PAGE_LOADED","timestamp":"2026-08-27T12:21:28.598Z"}
27/8/2026, 5:51:26 pm | [2026-08-27T12:21:27.912Z] [LOG] {"page":"CashClosingDashboard","event":"CASH_CLOSING_RESET_SUCCESS","totalRecords":56,"timestamp":"2026-08-27T12:21:27.912Z"}
27/8/2026, 5:51:26 pm | [2026-08-27T12:21:27.913Z] [LOG] {"page":"CashClosingDashboard","event":"CASH_CLOSING_DASHBOARD_PAGE_LOADED","timestamp":"2026-08-27T12:21:27.913Z"}
27/8/2026, 5:51:27 pm | [2026-08-27T12:21:29.646Z] [LOG] {"page":"CashClosingDashboard","event":"CASH_CLOSING_DASHBOARD_PAGE_LOADED","timestamp":"2026-08-27T12:21:29.646Z"}
27/8/2026, 5:51:27 pm | [2026-08-27T12:21:29.645Z] [LOG] {"page":"CashClosingDashboard","event":"CASH_CLOSING_RESET_CLICKED","timestamp":"2026-08-27T12:21:29.645Z"}
27/8/2026, 5:51:27 pm | [2026-08-27T12:21:29.703Z] [LOG] {"page":"CashClosingDashboard","event":"CASH_CLOSING_RESET_SUCCESS","totalRecords":56,"timestamp":"2026-08-27T12:21:29.703Z"}
27/8/2026, 5:51:27 pm | [2026-08-27T12:21:29.703Z] [LOG] {"page":"CashClosingDashboard","event":"CASH_CLOSING_DASHBOARD_PAGE_LOADED","timestamp":"2026-08-27T12:21:29.703Z"}
27/8/2026, 5:51:28 pm | [2026-08-27T12:21:29.822Z] [LOG] {"page":"CashClosingDashboard","event":"CASH_CLOSING_DASHBOARD_PAGE_LOADED","timestamp":"2026-08-27T12:21:29.822Z"}
27/8/2026, 5:51:28 pm | [2026-08-27T12:21:29.821Z] [LOG] {"page":"CashClosingDashboard","event":"CASH_CLOSING_RESET_CLICKED","timestamp":"2026-08-27T12:21:29.821Z"}
27/8/2026, 5:51:28 pm | [2026-08-27T12:21:29.877Z] [LOG] {"page":"CashClosingDashboard","event":"CASH_CLOSING_RESET_SUCCESS","totalRecords":56,"timestamp":"2026-08-27T12:21:29.877Z"}
27/8/2026, 5:51:28 pm | [2026-08-27T12:21:29.877Z] [LOG] {"page":"CashClosingDashboard","event":"CASH_CLOSING_DASHBOARD_PAGE_LOADED","timestamp":"2026-08-27T12:21:29.877Z"}
27/8/2026, 5:51:28 pm | [2026-08-27T12:21:29.156Z] [LOG] {"page":"CashClosingDashboard","event":"CASH_CLOSING_DASHBOARD_PAGE_LOADED","timestamp":"2026-08-27T12:21:29.156Z"}
27/8/2026, 5:51:28 pm | [2026-08-27T12:21:29.156Z] [LOG] {"page":"CashClosingDashboard","event":"CASH_CLOSING_NEXT_PAGE","currentPage":2,"timestamp":"2026-08-27T12:21:29.156Z"}
27/8/2026, 5:51:28 pm | [2026-08-27T12:21:29.332Z] [LOG] {"page":"CashClosingDashboard","event":"CASH_CLOSING_DASHBOARD_PAGE_LOADED","timestamp":"2026-08-27T12:21:29.332Z"}
27/8/2026, 5:51:28 pm | [2026-08-27T12:21:29.332Z] [LOG] {"page":"CashClosingDashboard","event":"CASH_CLOSING_NEXT_PAGE","currentPage":3,"timestamp":"2026-08-27T12:21:29.332Z"}
27/8/2026, 5:51:29 pm | [2026-08-27T12:21:31.438Z] [LOG] {"page":"CashClosingDashboard","event":"CASH_CLOSING_DASHBOARD_PAGE_LOADED","timestamp":"2026-08-27T12:21:31.438Z"}
27/8/2026, 5:51:29 pm | [2026-08-27T12:21:31.437Z] [LOG] {"page":"CashClosingDashboard","event":"CASH_CLOSING_NEXT_PAGE","currentPage":2,"timestamp":"2026-08-27T12:21:31.437Z"}
27/8/2026, 5:51:31 pm | [2026-08-27T12:21:33.054Z] [LOG] {"page":"CashClosingDashboard","event":"CASH_CLOSING_DASHBOARD_PAGE_LOADED","timestamp":"2026-08-27T12:21:33.054Z"}
27/8/2026, 5:51:31 pm | [2026-08-27T12:21:33.053Z] [LOG] {"page":"CashClosingDashboard","event":"CASH_CLOSING_NEXT_PAGE","currentPage":3,"timestamp":"2026-08-27T12:21:33.053Z"}
27/8/2026, 5:51:33 pm | [2026-08-27T12:21:34.180Z] [LOG] {"page":"CashClosingDashboard","event":"CASH_CLOSING_RESET_CLICKED","timestamp":"2026-08-27T12:21:34.180Z"}
27/8/2026, 5:51:33 pm | [2026-08-27T12:21:34.181Z] [LOG] {"page":"CashClosingDashboard","event":"CASH_CLOSING_DASHBOARD_PAGE_LOADED","timestamp":"2026-08-27T12:21:34.181Z"}
27/8/2026, 5:51:33 pm | [2026-08-27T12:21:34.267Z] [LOG] {"page":"CashClosingDashboard","event":"CASH_CLOSING_RESET_SUCCESS","totalRecords":56,"timestamp":"2026-08-27T12:21:34.267Z"}
27/8/2026, 5:51:33 pm | [2026-08-27T12:21:34.268Z] [LOG] {"page":"CashClosingDashboard","event":"CASH_CLOSING_DASHBOARD_PAGE_LOADED","timestamp":"2026-08-27T12:21:34.268Z"}
27/8/2026, 5:51:33 pm | [2026-08-27T12:21:34.339Z] [LOG] {"page":"CashClosingDashboard","event":"CASH_CLOSING_RESET_CLICKED","timestamp":"2026-08-27T12:21:34.339Z"}
27/8/2026, 5:51:33 pm | [2026-08-27T12:21:34.340Z] [LOG] {"page":"CashClosingDashboard","event":"CASH_CLOSING_DASHBOARD_PAGE_LOADED","timestamp":"2026-08-27T12:21:34.340Z"}
27/8/2026, 5:51:33 pm | [2026-08-27T12:21:34.398Z] [LOG] {"page":"CashClosingDashboard","event":"CASH_CLOSING_RESET_SUCCESS","totalRecords":56,"timestamp":"2026-08-27T12:21:34.398Z"}
27/8/2026, 5:51:33 pm | [2026-08-27T12:21:34.399Z] [LOG] {"page":"CashClosingDashboard","event":"CASH_CLOSING_DASHBOARD_PAGE_LOADED","timestamp":"2026-08-27T12:21:34.399Z"}
27/8/2026, 5:51:33 pm | [2026-08-27T12:21:34.508Z] [LOG] {"page":"CashClosingDashboard","event":"CASH_CLOSING_RESET_CLICKED","timestamp":"2026-08-27T12:21:34.508Z"}
27/8/2026, 5:51:33 pm | [2026-08-27T12:21:34.509Z] [LOG] {"page":"CashClosingDashboard","event":"CASH_CLOSING_DASHBOARD_PAGE_LOADED","timestamp":"2026-08-27T12:21:34.509Z"}
27/8/2026, 5:51:33 pm | [2026-08-27T12:21:34.564Z] [LOG] {"page":"CashClosingDashboard","event":"CASH_CLOSING_RESET_SUCCESS","totalRecords":56,"timestamp":"2026-08-27T12:21:34.564Z"}
27/8/2026, 5:51:33 pm | [2026-08-27T12:21:34.565Z] [LOG] {"page":"CashClosingDashboard","event":"CASH_CLOSING_DASHBOARD_PAGE_LOADED","timestamp":"2026-08-27T12:21:34.565Z"}
27/8/2026, 5:51:36 pm | [2026-08-27T12:21:37.348Z] [LOG] {"page":"CashClosingDashboard","event":"CASH_CLOSING_DASHBOARD_PAGE_LOADED","timestamp":"2026-08-27T12:21:37.348Z"}
27/8/2026, 5:51:36 pm | [2026-08-27T12:21:37.348Z] [LOG] {"page":"CashClosingDashboard","event":"CASH_CLOSING_NEXT_PAGE","currentPage":2,"timestamp":"2026-08-27T12:21:37.348Z"}
27/8/2026, 5:51:37 pm | [2026-08-27T12:21:38.140Z] [LOG] {"page":"CashClosingDashboard","event":"CASH_CLOSING_NEXT_PAGE","currentPage":3,"timestamp":"2026-08-27T12:21:38.140Z"}
27/8/2026, 5:51:37 pm | [2026-08-27T12:21:38.140Z] [LOG] {"page":"CashClosingDashboard","event":"CASH_CLOSING_DASHBOARD_PAGE_LOADED","timestamp":"2026-08-27T12:21:38.140Z"}
27/8/2026, 5:51:42 pm | [2026-08-27T12:21:44.359Z] [LOG] {"page":"CashClosingDashboard","event":"CASH_CLOSING_DASHBOARD_PAGE_LOADED","timestamp":"2026-08-27T12:21:44.359Z"}
27/8/2026, 5:51:44 pm | [2026-08-27T12:21:46.383Z] [LOG] {"page":"CashClosingDashboard","event":"CASH_CLOSING_RESET_CLICKED","timestamp":"2026-08-27T12:21:46.383Z"}
27/8/2026, 5:51:44 pm | [2026-08-27T12:21:46.384Z] [LOG] {"page":"CashClosingDashboard","event":"CASH_CLOSING_DASHBOARD_PAGE_LOADED","timestamp":"2026-08-27T12:21:46.384Z"}
27/8/2026, 5:51:44 pm | [2026-08-27T12:21:46.478Z] [LOG] {"page":"CashClosingDashboard","event":"CASH_CLOSING_RESET_SUCCESS","totalRecords":56,"timestamp":"2026-08-27T12:21:46.478Z"}
27/8/2026, 5:51:44 pm | [2026-08-27T12:21:46.479Z] [LOG] {"page":"CashClosingDashboard","event":"CASH_CLOSING_DASHBOARD_PAGE_LOADED","timestamp":"2026-08-27T12:21:46.478Z"}
27/8/2026, 5:51:45 pm | [2026-08-27T12:21:47.039Z] [LOG] {"page":"CashClosingDashboard","event":"CASH_CLOSING_RESET_CLICKED","timestamp":"2026-08-27T12:21:47.039Z"}
27/8/2026, 5:51:45 pm | [2026-08-27T12:21:47.039Z] [LOG] {"page":"CashClosingDashboard","event":"CASH_CLOSING_DASHBOARD_PAGE_LOADED","timestamp":"2026-08-27T12:21:47.039Z"}
27/8/2026, 5:51:45 pm | [2026-08-27T12:21:47.104Z] [LOG] {"page":"CashClosingDashboard","event":"CASH_CLOSING_RESET_SUCCESS","totalRecords":56,"timestamp":"2026-08-27T12:21:47.104Z"}
27/8/2026, 5:51:45 pm | [2026-08-27T12:21:47.105Z] [LOG] {"page":"CashClosingDashboard","event":"CASH_CLOSING_DASHBOARD_PAGE_LOADED","timestamp":"2026-08-27T12:21:47.105Z"}
27/8/2026, 5:51:46 pm | [2026-08-27T12:21:47.591Z] [LOG] {"page":"CashClosingDashboard","event":"CASH_CLOSING_RESET_CLICKED","timestamp":"2026-08-27T12:21:47.591Z"}
27/8/2026, 5:51:46 pm | [2026-08-27T12:21:47.592Z] [LOG] {"page":"CashClosingDashboard","event":"CASH_CLOSING_DASHBOARD_PAGE_LOADED","timestamp":"2026-08-27T12:21:47.592Z"}
27/8/2026, 5:51:46 pm | [2026-08-27T12:21:47.652Z] [LOG] {"page":"CashClosingDashboard","event":"CASH_CLOSING_RESET_SUCCESS","totalRecords":56,"timestamp":"2026-08-27T12:21:47.652Z"}
27/8/2026, 5:51:46 pm | [2026-08-27T12:21:47.653Z] [LOG] {"page":"CashClosingDashboard","event":"CASH_CLOSING_DASHBOARD_PAGE_LOADED","timestamp":"2026-08-27T12:21:47.653Z"}
27/8/2026, 5:51:47 pm | [2026-08-27T12:21:49.439Z] [LOG] {"page":"CashClosingDashboard","event":"CASH_CLOSING_DASHBOARD_PAGE_LOADED","timestamp":"2026-08-27T12:21:49.439Z"}
27/8/2026, 5:51:47 pm | [2026-08-27T12:21:49.439Z] [LOG] {"page":"CashClosingDashboard","event":"CASH_CLOSING_NEXT_PAGE","currentPage":2,"timestamp":"2026-08-27T12:21:49.439Z"}
27/8/2026, 5:51:49 pm | [2026-08-27T12:21:50.132Z] [LOG] {"page":"CashClosingDashboard","event":"CASH_CLOSING_RESET_CLICKED","timestamp":"2026-08-27T12:21:50.132Z"}
27/8/2026, 5:51:49 pm | [2026-08-27T12:21:50.133Z] [LOG] {"page":"CashClosingDashboard","event":"CASH_CLOSING_DASHBOARD_PAGE_LOADED","timestamp":"2026-08-27T12:21:50.133Z"}
27/8/2026, 5:51:49 pm | [2026-08-27T12:21:50.268Z] [LOG] {"page":"CashClosingDashboard","event":"CASH_CLOSING_RESET_SUCCESS","totalRecords":56,"timestamp":"2026-08-27T12:21:50.268Z"}
27/8/2026, 5:51:49 pm | [2026-08-27T12:21:50.269Z] [LOG] {"page":"CashClosingDashboard","event":"CASH_CLOSING_DASHBOARD_PAGE_LOADED","timestamp":"2026-08-27T12:21:50.269Z"}
27/8/2026, 5:51:49 pm | [2026-08-27T12:21:50.323Z] [LOG] {"page":"CashClosingDashboard","event":"CASH_CLOSING_RESET_CLICKED","timestamp":"2026-08-27T12:21:50.323Z"}
27/8/2026, 5:51:49 pm | [2026-08-27T12:21:50.324Z] [LOG] {"page":"CashClosingDashboard","event":"CASH_CLOSING_DASHBOARD_PAGE_LOADED","timestamp":"2026-08-27T12:21:50.324Z"}
27/8/2026, 5:51:49 pm | [2026-08-27T12:21:50.380Z] [LOG] {"page":"CashClosingDashboard","event":"CASH_CLOSING_RESET_SUCCESS","totalRecords":56,"timestamp":"2026-08-27T12:21:50.380Z"}
27/8/2026, 5:51:49 pm | [2026-08-27T12:21:50.381Z] [LOG] {"page":"CashClosingDashboard","event":"CASH_CLOSING_DASHBOARD_PAGE_LOADED","timestamp":"2026-08-27T12:21:50.381Z"}
27/8/2026, 5:51:49 pm | [2026-08-27T12:21:50.476Z] [LOG] {"page":"CashClosingDashboard","event":"CASH_CLOSING_RESET_CLICKED","timestamp":"2026-08-27T12:21:50.476Z"}
27/8/2026, 5:51:49 pm | [2026-08-27T12:21:50.477Z] [LOG] {"page":"CashClosingDashboard","event":"CASH_CLOSING_DASHBOARD_PAGE_LOADED","timestamp":"2026-08-27T12:21:50.477Z"}
27/8/2026, 5:51:49 pm | [2026-08-27T12:21:50.531Z] [LOG] {"page":"CashClosingDashboard","event":"CASH_CLOSING_RESET_SUCCESS","totalRecords":56,"timestamp":"2026-08-27T12:21:50.531Z"}
27/8/2026, 5:51:49 pm | [2026-08-27T12:21:50.532Z] [LOG] {"page":"CashClosingDashboard","event":"CASH_CLOSING_DASHBOARD_PAGE_LOADED","timestamp":"2026-08-27T12:21:50.532Z"}
27/8/2026, 5:51:49 pm | [2026-08-27T12:21:50.644Z] [LOG] {"page":"CashClosingDashboard","event":"CASH_CLOSING_RESET_CLICKED","timestamp":"2026-08-27T12:21:50.644Z"}
27/8/2026, 5:51:49 pm | [2026-08-27T12:21:50.645Z] [LOG] {"page":"CashClosingDashboard","event":"CASH_CLOSING_DASHBOARD_PAGE_LOADED","timestamp":"2026-08-27T12:21:50.645Z"}
27/8/2026, 5:51:49 pm | [2026-08-27T12:21:50.701Z] [LOG] {"page":"CashClosingDashboard","event":"CASH_CLOSING_RESET_SUCCESS","totalRecords":56,"timestamp":"2026-08-27T12:21:50.701Z"}
27/8/2026, 5:51:49 pm | [2026-08-27T12:21:50.702Z] [LOG] {"page":"CashClosingDashboard","event":"CASH_CLOSING_DASHBOARD_PAGE_LOADED","timestamp":"2026-08-27T12:21:50.702Z"}
27/8/2026, 5:51:50 pm | [2026-08-27T12:21:52.367Z] [LOG] {"page":"CashClosingDashboard","event":"CASH_CLOSING_DASHBOARD_PAGE_LOADED","timestamp":"2026-08-27T12:21:52.367Z"}
27/8/2026, 5:51:50 pm | [2026-08-27T12:21:52.366Z] [LOG] {"page":"CashClosingDashboard","event":"CASH_CLOSING_NEXT_PAGE","currentPage":3,"timestamp":"2026-08-27T12:21:52.366Z"}
27/8/2026, 5:51:51 pm | [2026-08-27T12:21:52.212Z] [LOG] {"page":"CashClosingDashboard","event":"CASH_CLOSING_DASHBOARD_PAGE_LOADED","timestamp":"2026-08-27T12:21:52.212Z"}
27/8/2026, 5:51:51 pm | [2026-08-27T12:21:52.212Z] [LOG] {"page":"CashClosingDashboard","event":"CASH_CLOSING_NEXT_PAGE","currentPage":2,"timestamp":"2026-08-27T12:21:52.212Z"}
27/8/2026, 5:51:51 pm | [2026-08-27T12:21:52.749Z] [LOG] {"page":"CashClosingDashboard","event":"CASH_CLOSING_DASHBOARD_PAGE_LOADED","timestamp":"2026-08-27T12:21:52.749Z"}
27/8/2026, 5:51:51 pm | [2026-08-27T12:21:52.748Z] [LOG] {"page":"CashClosingDashboard","event":"CASH_CLOSING_NEXT_PAGE","currentPage":3,"timestamp":"2026-08-27T12:21:52.748Z"}
27/8/2026, 5:51:52 pm | [2026-08-27T12:21:53.868Z] [LOG] {"page":"CashClosingDashboard","event":"CASH_CLOSING_RESET_CLICKED","timestamp":"2026-08-27T12:21:53.868Z"}
27/8/2026, 5:51:52 pm | [2026-08-27T12:21:53.869Z] [LOG] {"page":"CashClosingDashboard","event":"CASH_CLOSING_DASHBOARD_PAGE_LOADED","timestamp":"2026-08-27T12:21:53.869Z"}
27/8/2026, 5:51:52 pm | [2026-08-27T12:21:54.001Z] [LOG] {"page":"CashClosingDashboard","event":"CASH_CLOSING_DASHBOARD_PAGE_LOADED","timestamp":"2026-08-27T12:21:54.001Z"}
27/8/2026, 5:51:52 pm | [2026-08-27T12:21:54.000Z] [LOG] {"page":"CashClosingDashboard","event":"CASH_CLOSING_RESET_SUCCESS","totalRecords":56,"timestamp":"2026-08-27T12:21:54.000Z"}
27/8/2026, 5:51:52 pm | [2026-08-27T12:21:54.052Z] [LOG] {"page":"CashClosingDashboard","event":"CASH_CLOSING_RESET_CLICKED","timestamp":"2026-08-27T12:21:54.052Z"}
27/8/2026, 5:51:52 pm | [2026-08-27T12:21:54.053Z] [LOG] {"page":"CashClosingDashboard","event":"CASH_CLOSING_DASHBOARD_PAGE_LOADED","timestamp":"2026-08-27T12:21:54.053Z"}
27/8/2026, 5:51:52 pm | [2026-08-27T12:21:54.107Z] [LOG] {"page":"CashClosingDashboard","event":"CASH_CLOSING_RESET_SUCCESS","totalRecords":56,"timestamp":"2026-08-27T12:21:54.107Z"}
27/8/2026, 5:51:52 pm | [2026-08-27T12:21:54.108Z] [LOG] {"page":"CashClosingDashboard","event":"CASH_CLOSING_DASHBOARD_PAGE_LOADED","timestamp":"2026-08-27T12:21:54.108Z"}
27/8/2026, 5:51:52 pm | [2026-08-27T12:21:54.205Z] [LOG] {"page":"CashClosingDashboard","event":"CASH_CLOSING_RESET_CLICKED","timestamp":"2026-08-27T12:21:54.205Z"}
27/8/2026, 5:51:52 pm | [2026-08-27T12:21:54.206Z] [LOG] {"page":"CashClosingDashboard","event":"CASH_CLOSING_DASHBOARD_PAGE_LOADED","timestamp":"2026-08-27T12:21:54.206Z"}
27/8/2026, 5:51:52 pm | [2026-08-27T12:21:54.265Z] [LOG] {"page":"CashClosingDashboard","event":"CASH_CLOSING_RESET_SUCCESS","totalRecords":56,"timestamp":"2026-08-27T12:21:54.265Z"}
27/8/2026, 5:51:52 pm | [2026-08-27T12:21:54.266Z] [LOG] {"page":"CashClosingDashboard","event":"CASH_CLOSING_DASHBOARD_PAGE_LOADED","timestamp":"2026-08-27T12:21:54.266Z"}
27/8/2026, 5:51:52 pm | [2026-08-27T12:21:54.373Z] [LOG] {"page":"CashClosingDashboard","event":"CASH_CLOSING_RESET_CLICKED","timestamp":"2026-08-27T12:21:54.373Z"}
27/8/2026, 5:51:52 pm | [2026-08-27T12:21:54.374Z] [LOG] {"page":"CashClosingDashboard","event":"CASH_CLOSING_DASHBOARD_PAGE_LOADED","timestamp":"2026-08-27T12:21:54.374Z"}
27/8/2026, 5:51:52 pm | [2026-08-27T12:21:54.429Z] [LOG] {"page":"CashClosingDashboard","event":"CASH_CLOSING_RESET_SUCCESS","totalRecords":56,"timestamp":"2026-08-27T12:21:54.429Z"}
27/8/2026, 5:51:52 pm | [2026-08-27T12:21:54.429Z] [LOG] {"page":"CashClosingDashboard","event":"CASH_CLOSING_DASHBOARD_PAGE_LOADED","timestamp":"2026-08-27T12:21:54.429Z"}
27/8/2026, 5:51:52 pm | [2026-08-27T12:21:54.525Z] [LOG] {"page":"CashClosingDashboard","event":"CASH_CLOSING_RESET_CLICKED","timestamp":"2026-08-27T12:21:54.525Z"}
27/8/2026, 5:51:52 pm | [2026-08-27T12:21:54.526Z] [LOG] {"page":"CashClosingDashboard","event":"CASH_CLOSING_DASHBOARD_PAGE_LOADED","timestamp":"2026-08-27T12:21:54.526Z"}
27/8/2026, 5:51:52 pm | [2026-08-27T12:21:54.580Z] [LOG] {"page":"CashClosingDashboard","event":"CASH_CLOSING_RESET_SUCCESS","totalRecords":56,"timestamp":"2026-08-27T12:21:54.580Z"}
27/8/2026, 5:51:52 pm | [2026-08-27T12:21:54.581Z] [LOG] {"page":"CashClosingDashboard","event":"CASH_CLOSING_DASHBOARD_PAGE_LOADED","timestamp":"2026-08-27T12:21:54.581Z"}
27/8/2026, 5:51:52 pm | [2026-08-27T12:21:54.654Z] [LOG] {"page":"CashClosingDashboard","event":"CASH_CLOSING_DASHBOARD_PAGE_LOADED","timestamp":"2026-08-27T12:21:54.654Z"}
27/8/2026, 5:51:52 pm | [2026-08-27T12:21:54.653Z] [LOG] {"page":"CashClosingDashboard","event":"CASH_CLOSING_RESET_CLICKED","timestamp":"2026-08-27T12:21:54.653Z"}
27/8/2026, 5:51:52 pm | [2026-08-27T12:21:53.996Z] [LOG] {"page":"CashClosingDashboard","event":"CASH_CLOSING_NEXT_PAGE","currentPage":4,"timestamp":"2026-08-27T12:21:53.996Z"}
27/8/2026, 5:51:52 pm | [2026-08-27T12:21:53.997Z] [LOG] {"page":"CashClosingDashboard","event":"CASH_CLOSING_DASHBOARD_PAGE_LOADED","timestamp":"2026-08-27T12:21:53.997Z"}
27/8/2026, 5:51:52 pm | [2026-08-27T12:21:54.707Z] [LOG] {"page":"CashClosingDashboard","event":"CASH_CLOSING_RESET_SUCCESS","totalRecords":56,"timestamp":"2026-08-27T12:21:54.707Z"}
27/8/2026, 5:51:52 pm | [2026-08-27T12:21:54.708Z] [LOG] {"page":"CashClosingDashboard","event":"CASH_CLOSING_DASHBOARD_PAGE_LOADED","timestamp":"2026-08-27T12:21:54.708Z"}
27/8/2026, 5:51:54 pm | [2026-08-27T12:21:56.005Z] [LOG] {"page":"CashClosingDashboard","event":"CASH_CLOSING_DASHBOARD_PAGE_LOADED","timestamp":"2026-08-27T12:21:56.005Z"}
27/8/2026, 5:51:54 pm | [2026-08-27T12:21:56.005Z] [LOG] {"page":"CashClosingDashboard","event":"CASH_CLOSING_NEXT_PAGE","currentPage":2,"timestamp":"2026-08-27T12:21:56.005Z"}
27/8/2026, 5:51:54 pm | [2026-08-27T12:21:55.884Z] [LOG] {"page":"CashClosingDashboard","event":"CASH_CLOSING_RESET_CLICKED","timestamp":"2026-08-27T12:21:55.884Z"}
27/8/2026, 5:51:54 pm | [2026-08-27T12:21:55.885Z] [LOG] {"page":"CashClosingDashboard","event":"CASH_CLOSING_DASHBOARD_PAGE_LOADED","timestamp":"2026-08-27T12:21:55.885Z"}
27/8/2026, 5:51:54 pm | [2026-08-27T12:21:55.976Z] [LOG] {"page":"CashClosingDashboard","event":"CASH_CLOSING_RESET_SUCCESS","totalRecords":56,"timestamp":"2026-08-27T12:21:55.976Z"}
27/8/2026, 5:51:54 pm | [2026-08-27T12:21:55.977Z] [LOG] {"page":"CashClosingDashboard","event":"CASH_CLOSING_DASHBOARD_PAGE_LOADED","timestamp":"2026-08-27T12:21:55.977Z"}
27/8/2026, 5:51:55 pm | [2026-08-27T12:21:56.051Z] [LOG] {"page":"CashClosingDashboard","event":"CASH_CLOSING_RESET_CLICKED","timestamp":"2026-08-27T12:21:56.051Z"}
27/8/2026, 5:51:55 pm | [2026-08-27T12:21:56.052Z] [LOG] {"page":"CashClosingDashboard","event":"CASH_CLOSING_DASHBOARD_PAGE_LOADED","timestamp":"2026-08-27T12:21:56.052Z"}
27/8/2026, 5:51:55 pm | [2026-08-27T12:21:56.108Z] [LOG] {"page":"CashClosingDashboard","event":"CASH_CLOSING_RESET_SUCCESS","totalRecords":56,"timestamp":"2026-08-27T12:21:56.108Z"}
27/8/2026, 5:51:55 pm | [2026-08-27T12:21:56.109Z] [LOG] {"page":"CashClosingDashboard","event":"CASH_CLOSING_DASHBOARD_PAGE_LOADED","timestamp":"2026-08-27T12:21:56.109Z"}
27/8/2026, 5:51:55 pm | [2026-08-27T12:21:56.695Z] [LOG] {"page":"CashClosingDashboard","event":"CASH_CLOSING_NEXT_PAGE","currentPage":4,"timestamp":"2026-08-27T12:21:56.695Z"}
27/8/2026, 5:51:55 pm | [2026-08-27T12:21:56.695Z] [LOG] {"page":"CashClosingDashboard","event":"CASH_CLOSING_DASHBOARD_PAGE_LOADED","timestamp":"2026-08-27T12:21:56.695Z"}
27/8/2026, 5:51:55 pm | [2026-08-27T12:21:56.260Z] [LOG] {"page":"CashClosingDashboard","event":"CASH_CLOSING_RESET_CLICKED","timestamp":"2026-08-27T12:21:56.260Z"}
27/8/2026, 5:51:55 pm | [2026-08-27T12:21:56.260Z] [LOG] {"page":"CashClosingDashboard","event":"CASH_CLOSING_DASHBOARD_PAGE_LOADED","timestamp":"2026-08-27T12:21:56.260Z"}
27/8/2026, 5:51:55 pm | [2026-08-27T12:21:56.319Z] [LOG] {"page":"CashClosingDashboard","event":"CASH_CLOSING_RESET_SUCCESS","totalRecords":56,"timestamp":"2026-08-27T12:21:56.319Z"}
27/8/2026, 5:51:55 pm | [2026-08-27T12:21:56.320Z] [LOG] {"page":"CashClosingDashboard","event":"CASH_CLOSING_DASHBOARD_PAGE_LOADED","timestamp":"2026-08-27T12:21:56.320Z"}
27/8/2026, 5:51:55 pm | [2026-08-27T12:21:57.038Z] [LOG] {"page":"CashClosingDashboard","event":"CASH_CLOSING_DASHBOARD_PAGE_LOADED","timestamp":"2026-08-27T12:21:57.038Z"}
27/8/2026, 5:51:55 pm | [2026-08-27T12:21:57.037Z] [LOG] {"page":"CashClosingDashboard","event":"CASH_CLOSING_NEXT_PAGE","currentPage":3,"timestamp":"2026-08-27T12:21:57.037Z"}
27/8/2026, 5:51:56 pm | [2026-08-27T12:21:58.004Z] [LOG] {"page":"CashClosingDashboard","event":"CASH_CLOSING_NEXT_PAGE","currentPage":2,"timestamp":"2026-08-27T12:21:58.004Z"}
27/8/2026, 5:51:56 pm | [2026-08-27T12:21:58.004Z] [LOG] {"page":"CashClosingDashboard","event":"CASH_CLOSING_DASHBOARD_PAGE_LOADED","timestamp":"2026-08-27T12:21:58.004Z"}
27/8/2026, 5:51:57 pm | [2026-08-27T12:21:58.276Z] [LOG] {"page":"CashClosingDashboard","event":"CASH_CLOSING_NEXT_PAGE","currentPage":3,"timestamp":"2026-08-27T12:21:58.276Z"}
27/8/2026, 5:51:57 pm | [2026-08-27T12:21:58.276Z] [LOG] {"page":"CashClosingDashboard","event":"CASH_CLOSING_DASHBOARD_PAGE_LOADED","timestamp":"2026-08-27T12:21:58.276Z"}
27/8/2026, 5:51:57 pm | [2026-08-27T12:21:58.884Z] [LOG] {"page":"CashClosingDashboard","event":"CASH_CLOSING_DASHBOARD_PAGE_LOADED","timestamp":"2026-08-27T12:21:58.884Z"}
27/8/2026, 5:51:57 pm | [2026-08-27T12:21:58.884Z] [LOG] {"page":"CashClosingDashboard","event":"CASH_CLOSING_NEXT_PAGE","currentPage":4,"timestamp":"2026-08-27T12:21:58.884Z"}
27/8/2026, 5:51:58 pm | [2026-08-27T12:22:00.014Z] [LOG] {"page":"CashClosingDashboard","event":"CASH_CLOSING_RESET_CLICKED","timestamp":"2026-08-27T12:22:00.014Z"}
27/8/2026, 5:51:58 pm | [2026-08-27T12:22:00.015Z] [LOG] {"page":"CashClosingDashboard","event":"CASH_CLOSING_DASHBOARD_PAGE_LOADED","timestamp":"2026-08-27T12:22:00.015Z"}
27/8/2026, 5:51:58 pm | [2026-08-27T12:22:00.104Z] [LOG] {"page":"CashClosingDashboard","event":"CASH_CLOSING_RESET_SUCCESS","totalRecords":56,"timestamp":"2026-08-27T12:22:00.104Z"}
27/8/2026, 5:51:58 pm | [2026-08-27T12:22:00.105Z] [LOG] {"page":"CashClosingDashboard","event":"CASH_CLOSING_DASHBOARD_PAGE_LOADED","timestamp":"2026-08-27T12:22:00.105Z"}
27/8/2026, 5:51:58 pm | [2026-08-27T12:22:00.173Z] [LOG] {"page":"CashClosingDashboard","event":"CASH_CLOSING_RESET_CLICKED","timestamp":"2026-08-27T12:22:00.173Z"}
27/8/2026, 5:51:58 pm | [2026-08-27T12:22:00.174Z] [LOG] {"page":"CashClosingDashboard","event":"CASH_CLOSING_DASHBOARD_PAGE_LOADED","timestamp":"2026-08-27T12:22:00.174Z"}
27/8/2026, 5:51:58 pm | [2026-08-27T12:22:00.227Z] [LOG] {"page":"CashClosingDashboard","event":"CASH_CLOSING_RESET_SUCCESS","totalRecords":56,"timestamp":"2026-08-27T12:22:00.227Z"}
27/8/2026, 5:51:58 pm | [2026-08-27T12:22:00.227Z] [LOG] {"page":"CashClosingDashboard","event":"CASH_CLOSING_DASHBOARD_PAGE_LOADED","timestamp":"2026-08-27T12:22:00.227Z"}
27/8/2026, 5:51:58 pm | [2026-08-27T12:22:00.341Z] [LOG] {"page":"CashClosingDashboard","event":"CASH_CLOSING_RESET_CLICKED","timestamp":"2026-08-27T12:22:00.341Z"}
27/8/2026, 5:51:58 pm | [2026-08-27T12:22:00.342Z] [LOG] {"page":"CashClosingDashboard","event":"CASH_CLOSING_DASHBOARD_PAGE_LOADED","timestamp":"2026-08-27T12:22:00.342Z"}
27/8/2026, 5:51:58 pm | [2026-08-27T12:22:00.401Z] [LOG] {"page":"CashClosingDashboard","event":"CASH_CLOSING_RESET_SUCCESS","totalRecords":56,"timestamp":"2026-08-27T12:22:00.400Z"}
27/8/2026, 5:51:58 pm | [2026-08-27T12:22:00.401Z] [LOG] {"page":"CashClosingDashboard","event":"CASH_CLOSING_DASHBOARD_PAGE_LOADED","timestamp":"2026-08-27T12:22:00.401Z"}
27/8/2026, 5:51:58 pm | [2026-08-27T12:22:00.485Z] [LOG] {"page":"CashClosingDashboard","event":"CASH_CLOSING_RESET_CLICKED","timestamp":"2026-08-27T12:22:00.485Z"}
27/8/2026, 5:51:58 pm | [2026-08-27T12:22:00.486Z] [LOG] {"page":"CashClosingDashboard","event":"CASH_CLOSING_DASHBOARD_PAGE_LOADED","timestamp":"2026-08-27T12:22:00.486Z"}
27/8/2026, 5:51:58 pm | [2026-08-27T12:22:00.544Z] [LOG] {"page":"CashClosingDashboard","event":"CASH_CLOSING_RESET_SUCCESS","totalRecords":56,"timestamp":"2026-08-27T12:22:00.544Z"}
27/8/2026, 5:51:58 pm | [2026-08-27T12:22:00.545Z] [LOG] {"page":"CashClosingDashboard","event":"CASH_CLOSING_DASHBOARD_PAGE_LOADED","timestamp":"2026-08-27T12:22:00.545Z"}
27/8/2026, 5:51:58 pm | [2026-08-27T12:22:00.629Z] [LOG] {"page":"CashClosingDashboard","event":"CASH_CLOSING_RESET_CLICKED","timestamp":"2026-08-27T12:22:00.629Z"}
27/8/2026, 5:51:58 pm | [2026-08-27T12:22:00.629Z] [LOG] {"page":"CashClosingDashboard","event":"CASH_CLOSING_DASHBOARD_PAGE_LOADED","timestamp":"2026-08-27T12:22:00.629Z"}
27/8/2026, 5:51:58 pm | [2026-08-27T12:22:00.683Z] [LOG] {"page":"CashClosingDashboard","event":"CASH_CLOSING_RESET_SUCCESS","totalRecords":56,"timestamp":"2026-08-27T12:22:00.683Z"}
27/8/2026, 5:51:58 pm | [2026-08-27T12:22:00.684Z] [LOG] {"page":"CashClosingDashboard","event":"CASH_CLOSING_DASHBOARD_PAGE_LOADED","timestamp":"2026-08-27T12:22:00.684Z"}
27/8/2026, 5:51:59 pm | [2026-08-27T12:22:00.765Z] [LOG] {"page":"CashClosingDashboard","event":"CASH_CLOSING_RESET_CLICKED","timestamp":"2026-08-27T12:22:00.765Z"}
27/8/2026, 5:51:59 pm | [2026-08-27T12:22:00.766Z] [LOG] {"page":"CashClosingDashboard","event":"CASH_CLOSING_DASHBOARD_PAGE_LOADED","timestamp":"2026-08-27T12:22:00.766Z"}
27/8/2026, 5:51:59 pm | [2026-08-27T12:22:00.819Z] [LOG] {"page":"CashClosingDashboard","event":"CASH_CLOSING_RESET_SUCCESS","totalRecords":56,"timestamp":"2026-08-27T12:22:00.819Z"}
27/8/2026, 5:51:59 pm | [2026-08-27T12:22:00.820Z] [LOG] {"page":"CashClosingDashboard","event":"CASH_CLOSING_DASHBOARD_PAGE_LOADED","timestamp":"2026-08-27T12:22:00.820Z"}
27/8/2026, 5:52:00 pm | [2026-08-27T12:22:01.869Z] [LOG] {"page":"CashClosingDashboard","event":"CASH_CLOSING_DASHBOARD_PAGE_LOADED","timestamp":"2026-08-27T12:22:01.869Z"}
27/8/2026, 5:52:00 pm | [2026-08-27T12:22:01.869Z] [LOG] {"page":"CashClosingDashboard","event":"CASH_CLOSING_NEXT_PAGE","currentPage":2,"timestamp":"2026-08-27T12:22:01.869Z"}
27/8/2026, 5:52:00 pm | [2026-08-27T12:22:02.557Z] [LOG] {"page":"CashClosingDashboard","event":"CASH_CLOSING_DASHBOARD_PAGE_LOADED","timestamp":"2026-08-27T12:22:02.557Z"}
27/8/2026, 5:52:00 pm | [2026-08-27T12:22:02.557Z] [LOG] {"page":"CashClosingDashboard","event":"CASH_CLOSING_NEXT_PAGE","currentPage":3,"timestamp":"2026-08-27T12:22:02.557Z"}
27/8/2026, 5:52:02 pm | [2026-08-27T12:22:03.804Z] [LOG] {"page":"CashClosingDashboard","event":"CASH_CLOSING_RESET_CLICKED","timestamp":"2026-08-27T12:22:03.804Z"}
27/8/2026, 5:52:02 pm | [2026-08-27T12:22:03.805Z] [LOG] {"page":"CashClosingDashboard","event":"CASH_CLOSING_DASHBOARD_PAGE_LOADED","timestamp":"2026-08-27T12:22:03.805Z"}
27/8/2026, 5:52:02 pm | [2026-08-27T12:22:03.899Z] [LOG] {"page":"CashClosingDashboard","event":"CASH_CLOSING_RESET_SUCCESS","totalRecords":56,"timestamp":"2026-08-27T12:22:03.899Z"}
27/8/2026, 5:52:02 pm | [2026-08-27T12:22:03.900Z] [LOG] {"page":"CashClosingDashboard","event":"CASH_CLOSING_DASHBOARD_PAGE_LOADED","timestamp":"2026-08-27T12:22:03.900Z"}
27/8/2026, 5:52:02 pm | [2026-08-27T12:22:03.980Z] [LOG] {"page":"CashClosingDashboard","event":"CASH_CLOSING_RESET_CLICKED","timestamp":"2026-08-27T12:22:03.980Z"}
27/8/2026, 5:52:02 pm | [2026-08-27T12:22:03.980Z] [LOG] {"page":"CashClosingDashboard","event":"CASH_CLOSING_DASHBOARD_PAGE_LOADED","timestamp":"2026-08-27T12:22:03.980Z"}
27/8/2026, 5:52:02 pm | [2026-08-27T12:22:04.439Z] [LOG] {"page":"CashClosingDashboard","event":"CASH_CLOSING_PREVIOUS_PAGE","currentPage":3,"timestamp":"2026-08-27T12:22:04.439Z"}
27/8/2026, 5:52:02 pm | [2026-08-27T12:22:04.439Z] [LOG] {"page":"CashClosingDashboard","event":"CASH_CLOSING_DASHBOARD_PAGE_LOADED","timestamp":"2026-08-27T12:22:04.439Z"}
27/8/2026, 5:52:03 pm | [2026-08-27T12:22:04.039Z] [LOG] {"page":"CashClosingDashboard","event":"CASH_CLOSING_DASHBOARD_PAGE_LOADED","timestamp":"2026-08-27T12:22:04.039Z"}
27/8/2026, 5:52:03 pm | [2026-08-27T12:22:04.038Z] [LOG] {"page":"CashClosingDashboard","event":"CASH_CLOSING_RESET_SUCCESS","totalRecords":56,"timestamp":"2026-08-27T12:22:04.037Z"}
27/8/2026, 5:52:03 pm | [2026-08-27T12:22:04.341Z] [LOG] {"page":"CashClosingDashboard","event":"CASH_CLOSING_DASHBOARD_PAGE_LOADED","timestamp":"2026-08-27T12:22:04.341Z"}
27/8/2026, 5:52:03 pm | [2026-08-27T12:22:04.340Z] [LOG] {"page":"CashClosingDashboard","event":"CASH_CLOSING_RESET_CLICKED","timestamp":"2026-08-27T12:22:04.340Z"}
27/8/2026, 5:52:03 pm | [2026-08-27T12:22:04.399Z] [LOG] {"page":"CashClosingDashboard","event":"CASH_CLOSING_RESET_SUCCESS","totalRecords":56,"timestamp":"2026-08-27T12:22:04.399Z"}
27/8/2026, 5:52:03 pm | [2026-08-27T12:22:04.400Z] [LOG] {"page":"CashClosingDashboard","event":"CASH_CLOSING_DASHBOARD_PAGE_LOADED","timestamp":"2026-08-27T12:22:04.400Z"}
27/8/2026, 5:52:04 pm | [2026-08-27T12:22:06.102Z] [LOG] {"page":"CashClosingDashboard","event":"CASH_CLOSING_RESET_CLICKED","timestamp":"2026-08-27T12:22:06.102Z"}
27/8/2026, 5:52:04 pm | [2026-08-27T12:22:06.102Z] [LOG] {"page":"CashClosingDashboard","event":"CASH_CLOSING_DASHBOARD_PAGE_LOADED","timestamp":"2026-08-27T12:22:06.102Z"}
27/8/2026, 5:52:04 pm | [2026-08-27T12:22:06.195Z] [LOG] {"page":"CashClosingDashboard","event":"CASH_CLOSING_DASHBOARD_PAGE_LOADED","timestamp":"2026-08-27T12:22:06.195Z"}
27/8/2026, 5:52:04 pm | [2026-08-27T12:22:06.193Z] [LOG] {"page":"CashClosingDashboard","event":"CASH_CLOSING_RESET_SUCCESS","totalRecords":56,"timestamp":"2026-08-27T12:22:06.193Z"}
27/8/2026, 5:52:05 pm | [2026-08-27T12:22:06.743Z] [LOG] {"page":"CashClosingDashboard","event":"CASH_CLOSING_RESET_CLICKED","timestamp":"2026-08-27T12:22:06.743Z"}
27/8/2026, 5:52:05 pm | [2026-08-27T12:22:06.744Z] [LOG] {"page":"CashClosingDashboard","event":"CASH_CLOSING_DASHBOARD_PAGE_LOADED","timestamp":"2026-08-27T12:22:06.744Z"}
27/8/2026, 5:52:05 pm | [2026-08-27T12:22:06.800Z] [LOG] {"page":"CashClosingDashboard","event":"CASH_CLOSING_RESET_SUCCESS","totalRecords":56,"timestamp":"2026-08-27T12:22:06.800Z"}
27/8/2026, 5:52:05 pm | [2026-08-27T12:22:06.801Z] [LOG] {"page":"CashClosingDashboard","event":"CASH_CLOSING_DASHBOARD_PAGE_LOADED","timestamp":"2026-08-27T12:22:06.801Z"}
27/8/2026, 5:52:05 pm | [2026-08-27T12:22:07.223Z] [LOG] {"page":"CashClosingDashboard","event":"CASH_CLOSING_RESET_CLICKED","timestamp":"2026-08-27T12:22:07.223Z"}
27/8/2026, 5:52:05 pm | [2026-08-27T12:22:07.224Z] [LOG] {"page":"CashClosingDashboard","event":"CASH_CLOSING_DASHBOARD_PAGE_LOADED","timestamp":"2026-08-27T12:22:07.224Z"}
27/8/2026, 5:52:05 pm | [2026-08-27T12:22:07.280Z] [LOG] {"page":"CashClosingDashboard","event":"CASH_CLOSING_RESET_SUCCESS","totalRecords":56,"timestamp":"2026-08-27T12:22:07.279Z"}
27/8/2026, 5:52:05 pm | [2026-08-27T12:22:07.281Z] [LOG] {"page":"CashClosingDashboard","event":"CASH_CLOSING_DASHBOARD_PAGE_LOADED","timestamp":"2026-08-27T12:22:07.281Z"}
27/8/2026, 5:52:05 pm | [2026-08-27T12:22:07.455Z] [LOG] {"page":"CashClosingDashboard","event":"CASH_CLOSING_RESET_CLICKED","timestamp":"2026-08-27T12:22:07.455Z"}
27/8/2026, 5:52:05 pm | [2026-08-27T12:22:07.456Z] [LOG] {"page":"CashClosingDashboard","event":"CASH_CLOSING_DASHBOARD_PAGE_LOADED","timestamp":"2026-08-27T12:22:07.456Z"}
27/8/2026, 5:52:05 pm | [2026-08-27T12:22:07.513Z] [LOG] {"page":"CashClosingDashboard","event":"CASH_CLOSING_RESET_SUCCESS","totalRecords":56,"timestamp":"2026-08-27T12:22:07.513Z"}
27/8/2026, 5:52:05 pm | [2026-08-27T12:22:07.514Z] [LOG] {"page":"CashClosingDashboard","event":"CASH_CLOSING_DASHBOARD_PAGE_LOADED","timestamp":"2026-08-27T12:22:07.514Z"}
27/8/2026, 5:52:06 pm | [2026-08-27T12:22:07.677Z] [LOG] {"page":"CashClosingDashboard","event":"CASH_CLOSING_DASHBOARD_PAGE_LOADED","timestamp":"2026-08-27T12:22:07.677Z"}
27/8/2026, 5:52:07 pm | [2026-08-27T12:22:09.095Z] [LOG] {"page":"CashClosingDashboard","event":"CASH_CLOSING_DASHBOARD_PAGE_LOADED","timestamp":"2026-08-27T12:22:09.095Z"}
27/8/2026, 5:52:07 pm | [2026-08-27T12:22:09.095Z] [LOG] {"page":"CashClosingDashboard","event":"CASH_CLOSING_NEXT_PAGE","currentPage":2,"timestamp":"2026-08-27T12:22:09.095Z"}
27/8/2026, 5:52:13 pm | [2026-08-27T12:22:15.166Z] [LOG] {"page":"CashClosingDashboard","event":"CASH_CLOSING_NEXT_PAGE","currentPage":3,"timestamp":"2026-08-27T12:22:15.166Z"}
27/8/2026, 5:52:13 pm | [2026-08-27T12:22:15.167Z] [LOG] {"page":"CashClosingDashboard","event":"CASH_CLOSING_DASHBOARD_PAGE_LOADED","timestamp":"2026-08-27T12:22:15.166Z"}
27/8/2026, 5:52:15 pm | [2026-08-27T12:22:16.559Z] [LOG] {"page":"CashClosingDashboard","event":"CASH_CLOSING_PREVIOUS_PAGE","currentPage":2,"timestamp":"2026-08-27T12:22:16.559Z"}
27/8/2026, 5:52:15 pm | [2026-08-27T12:22:16.559Z] [LOG] {"page":"CashClosingDashboard","event":"CASH_CLOSING_DASHBOARD_PAGE_LOADED","timestamp":"2026-08-27T12:22:16.559Z"}
27/8/2026, 5:52:15 pm | [2026-08-27T12:22:17.023Z] [LOG] {"page":"CashClosingDashboard","event":"CASH_CLOSING_DASHBOARD_PAGE_LOADED","timestamp":"2026-08-27T12:22:17.023Z"}
27/8/2026, 5:52:15 pm | [2026-08-27T12:22:17.023Z] [LOG] {"page":"CashClosingDashboard","event":"CASH_CLOSING_PREVIOUS_PAGE","currentPage":1,"timestamp":"2026-08-27T12:22:17.023Z"}
27/8/2026, 5:52:19 pm | [2026-08-27T12:22:20.766Z] [LOG] {"page":"CashClosingDashboard","event":"CASH_CLOSING_RESET_CLICKED","timestamp":"2026-08-27T12:22:20.766Z"}
27/8/2026, 5:52:19 pm | [2026-08-27T12:22:20.767Z] [LOG] {"page":"CashClosingDashboard","event":"CASH_CLOSING_DASHBOARD_PAGE_LOADED","timestamp":"2026-08-27T12:22:20.767Z"}
27/8/2026, 5:52:19 pm | [2026-08-27T12:22:20.859Z] [LOG] {"page":"CashClosingDashboard","event":"CASH_CLOSING_RESET_SUCCESS","totalRecords":56,"timestamp":"2026-08-27T12:22:20.859Z"}
27/8/2026, 5:52:19 pm | [2026-08-27T12:22:20.860Z] [LOG] {"page":"CashClosingDashboard","event":"CASH_CLOSING_DASHBOARD_PAGE_LOADED","timestamp":"2026-08-27T12:22:20.860Z"}
27/8/2026, 5:52:19 pm | [2026-08-27T12:22:21.470Z] [LOG] {"page":"CashClosingDashboard","event":"CASH_CLOSING_DASHBOARD_PAGE_LOADED","timestamp":"2026-08-27T12:22:21.470Z"}
27/8/2026, 5:52:19 pm | [2026-08-27T12:22:21.470Z] [LOG] {"page":"CashClosingDashboard","event":"CASH_CLOSING_RESET_CLICKED","timestamp":"2026-08-27T12:22:21.470Z"}
27/8/2026, 5:52:19 pm | [2026-08-27T12:22:21.527Z] [LOG] {"page":"CashClosingDashboard","event":"CASH_CLOSING_RESET_SUCCESS","totalRecords":56,"timestamp":"2026-08-27T12:22:21.527Z"}
27/8/2026, 5:52:19 pm | [2026-08-27T12:22:21.527Z] [LOG] {"page":"CashClosingDashboard","event":"CASH_CLOSING_DASHBOARD_PAGE_LOADED","timestamp":"2026-08-27T12:22:21.527Z"}
27/8/2026, 5:52:20 pm | [2026-08-27T12:22:21.203Z] [LOG] {"page":"CashClosingDashboard","event":"CASH_CLOSING_DASHBOARD_PAGE_LOADED","timestamp":"2026-08-27T12:22:21.203Z"}
27/8/2026, 5:52:20 pm | [2026-08-27T12:22:21.999Z] [LOG] {"page":"CashClosingDashboard","event":"CASH_CLOSING_DASHBOARD_PAGE_LOADED","timestamp":"2026-08-27T12:22:21.999Z"}
27/8/2026, 5:52:20 pm | [2026-08-27T12:22:21.998Z] [LOG] {"page":"CashClosingDashboard","event":"CASH_CLOSING_RESET_CLICKED","timestamp":"2026-08-27T12:22:21.998Z"}
27/8/2026, 5:52:20 pm | [2026-08-27T12:22:22.055Z] [LOG] {"page":"CashClosingDashboard","event":"CASH_CLOSING_RESET_SUCCESS","totalRecords":56,"timestamp":"2026-08-27T12:22:22.055Z"}
27/8/2026, 5:52:20 pm | [2026-08-27T12:22:22.056Z] [LOG] {"page":"CashClosingDashboard","event":"CASH_CLOSING_DASHBOARD_PAGE_LOADED","timestamp":"2026-08-27T12:22:22.056Z"}
27/8/2026, 5:52:21 pm | [2026-08-27T12:22:22.643Z] [LOG] {"page":"CashClosingDashboard","event":"CASH_CLOSING_RESET_CLICKED","timestamp":"2026-08-27T12:22:22.643Z"}
27/8/2026, 5:52:21 pm | [2026-08-27T12:22:22.644Z] [LOG] {"page":"CashClosingDashboard","event":"CASH_CLOSING_DASHBOARD_PAGE_LOADED","timestamp":"2026-08-27T12:22:22.644Z"}
27/8/2026, 5:52:21 pm | [2026-08-27T12:22:22.772Z] [LOG] {"page":"CashClosingDashboard","event":"CASH_CLOSING_RESET_SUCCESS","totalRecords":56,"timestamp":"2026-08-27T12:22:22.772Z"}
27/8/2026, 5:52:21 pm | [2026-08-27T12:22:22.773Z] [LOG] {"page":"CashClosingDashboard","event":"CASH_CLOSING_DASHBOARD_PAGE_LOADED","timestamp":"2026-08-27T12:22:22.773Z"}
27/8/2026, 5:52:21 pm | [2026-08-27T12:22:22.795Z] [LOG] {"page":"CashClosingDashboard","event":"CASH_CLOSING_RESET_CLICKED","timestamp":"2026-08-27T12:22:22.795Z"}
27/8/2026, 5:52:21 pm | [2026-08-27T12:22:22.796Z] [LOG] {"page":"CashClosingDashboard","event":"CASH_CLOSING_DASHBOARD_PAGE_LOADED","timestamp":"2026-08-27T12:22:22.796Z"}
27/8/2026, 5:52:21 pm | [2026-08-27T12:22:22.852Z] [LOG] {"page":"CashClosingDashboard","event":"CASH_CLOSING_RESET_SUCCESS","totalRecords":56,"timestamp":"2026-08-27T12:22:22.852Z"}
27/8/2026, 5:52:21 pm | [2026-08-27T12:22:22.853Z] [LOG] {"page":"CashClosingDashboard","event":"CASH_CLOSING_DASHBOARD_PAGE_LOADED","timestamp":"2026-08-27T12:22:22.853Z"}
27/8/2026, 5:52:21 pm | [2026-08-27T12:22:22.996Z] [LOG] {"page":"CashClosingDashboard","event":"CASH_CLOSING_RESET_CLICKED","timestamp":"2026-08-27T12:22:22.996Z"}
27/8/2026, 5:52:21 pm | [2026-08-27T12:22:22.997Z] [LOG] {"page":"CashClosingDashboard","event":"CASH_CLOSING_DASHBOARD_PAGE_LOADED","timestamp":"2026-08-27T12:22:22.996Z"}
27/8/2026, 5:52:22 pm | [2026-08-27T12:22:23.089Z] [LOG] {"page":"CashClosingDashboard","event":"CASH_CLOSING_RESET_SUCCESS","totalRecords":56,"timestamp":"2026-08-27T12:22:23.089Z"}
27/8/2026, 5:52:22 pm | [2026-08-27T12:22:23.091Z] [LOG] {"page":"CashClosingDashboard","event":"CASH_CLOSING_DASHBOARD_PAGE_LOADED","timestamp":"2026-08-27T12:22:23.091Z"}
27/8/2026, 5:52:22 pm | [2026-08-27T12:22:24.368Z] [LOG] {"page":"CashClosingDashboard","event":"CASH_CLOSING_DASHBOARD_PAGE_LOADED","timestamp":"2026-08-27T12:22:24.368Z"}
27/8/2026, 5:52:22 pm | [2026-08-27T12:22:24.367Z] [LOG] {"page":"CashClosingDashboard","event":"CASH_CLOSING_RESET_CLICKED","timestamp":"2026-08-27T12:22:24.367Z"}
27/8/2026, 5:52:22 pm | [2026-08-27T12:22:24.426Z] [LOG] {"page":"CashClosingDashboard","event":"CASH_CLOSING_RESET_SUCCESS","totalRecords":56,"timestamp":"2026-08-27T12:22:24.426Z"}
27/8/2026, 5:52:22 pm | [2026-08-27T12:22:24.427Z] [LOG] {"page":"CashClosingDashboard","event":"CASH_CLOSING_DASHBOARD_PAGE_LOADED","timestamp":"2026-08-27T12:22:24.427Z"}
27/8/2026, 5:52:23 pm | [2026-08-27T12:22:24.840Z] [LOG] {"page":"CashClosingDashboard","event":"CASH_CLOSING_DASHBOARD_PAGE_LOADED","timestamp":"2026-08-27T12:22:24.840Z"}
27/8/2026, 5:52:23 pm | [2026-08-27T12:22:24.839Z] [LOG] {"page":"CashClosingDashboard","event":"CASH_CLOSING_RESET_CLICKED","timestamp":"2026-08-27T12:22:24.839Z"}
27/8/2026, 5:52:23 pm | [2026-08-27T12:22:24.897Z] [LOG] {"page":"CashClosingDashboard","event":"CASH_CLOSING_RESET_SUCCESS","totalRecords":56,"timestamp":"2026-08-27T12:22:24.897Z"}
27/8/2026, 5:52:23 pm | [2026-08-27T12:22:24.898Z] [LOG] {"page":"CashClosingDashboard","event":"CASH_CLOSING_DASHBOARD_PAGE_LOADED","timestamp":"2026-08-27T12:22:24.898Z"}
27/8/2026, 5:52:23 pm | [2026-08-27T12:22:25.160Z] [LOG] {"page":"CashClosingDashboard","event":"CASH_CLOSING_DASHBOARD_PAGE_LOADED","timestamp":"2026-08-27T12:22:25.160Z"}
27/8/2026, 5:52:23 pm | [2026-08-27T12:22:25.159Z] [LOG] {"page":"CashClosingDashboard","event":"CASH_CLOSING_RESET_CLICKED","timestamp":"2026-08-27T12:22:25.159Z"}
27/8/2026, 5:52:23 pm | [2026-08-27T12:22:25.217Z] [LOG] {"page":"CashClosingDashboard","event":"CASH_CLOSING_RESET_SUCCESS","totalRecords":56,"timestamp":"2026-08-27T12:22:25.217Z"}
27/8/2026, 5:52:23 pm | [2026-08-27T12:22:25.218Z] [LOG] {"page":"CashClosingDashboard","event":"CASH_CLOSING_DASHBOARD_PAGE_LOADED","timestamp":"2026-08-27T12:22:25.218Z"}
27/8/2026, 5:52:24 pm | [2026-08-27T12:22:26.004Z] [LOG] {"page":"CashClosingDashboard","event":"CASH_CLOSING_RESET_CLICKED","timestamp":"2026-08-27T12:22:26.004Z"}
27/8/2026, 5:52:24 pm | [2026-08-27T12:22:26.005Z] [LOG] {"page":"CashClosingDashboard","event":"CASH_CLOSING_DASHBOARD_PAGE_LOADED","timestamp":"2026-08-27T12:22:26.005Z"}
27/8/2026, 5:52:25 pm | [2026-08-27T12:22:26.075Z] [LOG] {"page":"CashClosingDashboard","event":"CASH_CLOSING_RESET_SUCCESS","totalRecords":56,"timestamp":"2026-08-27T12:22:26.075Z"}
27/8/2026, 5:52:25 pm | [2026-08-27T12:22:26.076Z] [LOG] {"page":"CashClosingDashboard","event":"CASH_CLOSING_DASHBOARD_PAGE_LOADED","timestamp":"2026-08-27T12:22:26.076Z"}
27/8/2026, 5:52:25 pm | [2026-08-27T12:22:26.188Z] [LOG] {"page":"CashClosingDashboard","event":"CASH_CLOSING_RESET_CLICKED","timestamp":"2026-08-27T12:22:26.188Z"}
27/8/2026, 5:52:25 pm | [2026-08-27T12:22:26.188Z] [LOG] {"page":"CashClosingDashboard","event":"CASH_CLOSING_DASHBOARD_PAGE_LOADED","timestamp":"2026-08-27T12:22:26.188Z"}
27/8/2026, 5:52:25 pm | [2026-08-27T12:22:26.247Z] [LOG] {"page":"CashClosingDashboard","event":"CASH_CLOSING_RESET_SUCCESS","totalRecords":56,"timestamp":"2026-08-27T12:22:26.247Z"}
27/8/2026, 5:52:25 pm | [2026-08-27T12:22:26.248Z] [LOG] {"page":"CashClosingDashboard","event":"CASH_CLOSING_DASHBOARD_PAGE_LOADED","timestamp":"2026-08-27T12:22:26.248Z"}
27/8/2026, 5:52:25 pm | [2026-08-27T12:22:26.372Z] [LOG] {"page":"CashClosingDashboard","event":"CASH_CLOSING_RESET_CLICKED","timestamp":"2026-08-27T12:22:26.372Z"}
27/8/2026, 5:52:25 pm | [2026-08-27T12:22:26.373Z] [LOG] {"page":"CashClosingDashboard","event":"CASH_CLOSING_DASHBOARD_PAGE_LOADED","timestamp":"2026-08-27T12:22:26.373Z"}
27/8/2026, 5:52:25 pm | [2026-08-27T12:22:26.895Z] [LOG] {"page":"CashClosingDashboard","event":"CASH_CLOSING_DASHBOARD_PAGE_LOADED","timestamp":"2026-08-27T12:22:26.895Z"}
27/8/2026, 5:52:25 pm | [2026-08-27T12:22:26.895Z] [LOG] {"page":"CashClosingDashboard","event":"CASH_CLOSING_NEXT_PAGE","currentPage":2,"timestamp":"2026-08-27T12:22:26.895Z"}
27/8/2026, 5:52:25 pm | [2026-08-27T12:22:26.428Z] [LOG] {"page":"CashClosingDashboard","event":"CASH_CLOSING_RESET_SUCCESS","totalRecords":56,"timestamp":"2026-08-27T12:22:26.428Z"}
27/8/2026, 5:52:25 pm | [2026-08-27T12:22:26.429Z] [LOG] {"page":"CashClosingDashboard","event":"CASH_CLOSING_DASHBOARD_PAGE_LOADED","timestamp":"2026-08-27T12:22:26.429Z"}
27/8/2026, 5:52:25 pm | [2026-08-27T12:22:26.628Z] [LOG] {"page":"CashClosingDashboard","event":"CASH_CLOSING_RESET_CLICKED","timestamp":"2026-08-27T12:22:26.628Z"}
27/8/2026, 5:52:25 pm | [2026-08-27T12:22:26.628Z] [LOG] {"page":"CashClosingDashboard","event":"CASH_CLOSING_DASHBOARD_PAGE_LOADED","timestamp":"2026-08-27T12:22:26.628Z"}
27/8/2026, 5:52:25 pm | [2026-08-27T12:22:26.683Z] [LOG] {"page":"CashClosingDashboard","event":"CASH_CLOSING_RESET_SUCCESS","totalRecords":56,"timestamp":"2026-08-27T12:22:26.683Z"}
27/8/2026, 5:52:25 pm | [2026-08-27T12:22:26.685Z] [LOG] {"page":"CashClosingDashboard","event":"CASH_CLOSING_DASHBOARD_PAGE_LOADED","timestamp":"2026-08-27T12:22:26.685Z"}
27/8/2026, 5:52:25 pm | [2026-08-27T12:22:26.884Z] [LOG] {"page":"CashClosingDashboard","event":"CASH_CLOSING_RESET_CLICKED","timestamp":"2026-08-27T12:22:26.884Z"}
27/8/2026, 5:52:25 pm | [2026-08-27T12:22:26.885Z] [LOG] {"page":"CashClosingDashboard","event":"CASH_CLOSING_DASHBOARD_PAGE_LOADED","timestamp":"2026-08-27T12:22:26.885Z"}
27/8/2026, 5:52:25 pm | [2026-08-27T12:22:26.939Z] [LOG] {"page":"CashClosingDashboard","event":"CASH_CLOSING_RESET_SUCCESS","totalRecords":56,"timestamp":"2026-08-27T12:22:26.939Z"}
27/8/2026, 5:52:25 pm | [2026-08-27T12:22:26.940Z] [LOG] {"page":"CashClosingDashboard","event":"CASH_CLOSING_DASHBOARD_PAGE_LOADED","timestamp":"2026-08-27T12:22:26.940Z"}
27/8/2026, 5:52:26 pm | [2026-08-27T12:22:27.116Z] [LOG] {"page":"CashClosingDashboard","event":"CASH_CLOSING_RESET_CLICKED","timestamp":"2026-08-27T12:22:27.116Z"}
27/8/2026, 5:52:26 pm | [2026-08-27T12:22:27.117Z] [LOG] {"page":"CashClosingDashboard","event":"CASH_CLOSING_DASHBOARD_PAGE_LOADED","timestamp":"2026-08-27T12:22:27.117Z"}
27/8/2026, 5:52:26 pm | [2026-08-27T12:22:27.174Z] [LOG] {"page":"CashClosingDashboard","event":"CASH_CLOSING_RESET_SUCCESS","totalRecords":56,"timestamp":"2026-08-27T12:22:27.174Z"}
27/8/2026, 5:52:26 pm | [2026-08-27T12:22:27.175Z] [LOG] {"page":"CashClosingDashboard","event":"CASH_CLOSING_DASHBOARD_PAGE_LOADED","timestamp":"2026-08-27T12:22:27.175Z"}
27/8/2026, 5:52:26 pm | [2026-08-27T12:22:27.324Z] [LOG] {"page":"CashClosingDashboard","event":"CASH_CLOSING_RESET_CLICKED","timestamp":"2026-08-27T12:22:27.324Z"}
27/8/2026, 5:52:26 pm | [2026-08-27T12:22:27.325Z] [LOG] {"page":"CashClosingDashboard","event":"CASH_CLOSING_DASHBOARD_PAGE_LOADED","timestamp":"2026-08-27T12:22:27.325Z"}
27/8/2026, 5:52:26 pm | [2026-08-27T12:22:27.381Z] [LOG] {"page":"CashClosingDashboard","event":"CASH_CLOSING_RESET_SUCCESS","totalRecords":56,"timestamp":"2026-08-27T12:22:27.381Z"}
27/8/2026, 5:52:26 pm | [2026-08-27T12:22:27.382Z] [LOG] {"page":"CashClosingDashboard","event":"CASH_CLOSING_DASHBOARD_PAGE_LOADED","timestamp":"2026-08-27T12:22:27.382Z"}
27/8/2026, 5:52:26 pm | [2026-08-27T12:22:27.539Z] [LOG] {"page":"CashClosingDashboard","event":"CASH_CLOSING_RESET_CLICKED","timestamp":"2026-08-27T12:22:27.539Z"}
27/8/2026, 5:52:26 pm | [2026-08-27T12:22:27.540Z] [LOG] {"page":"CashClosingDashboard","event":"CASH_CLOSING_DASHBOARD_PAGE_LOADED","timestamp":"2026-08-27T12:22:27.540Z"}
27/8/2026, 5:52:26 pm | [2026-08-27T12:22:27.603Z] [LOG] {"page":"CashClosingDashboard","event":"CASH_CLOSING_RESET_SUCCESS","totalRecords":56,"timestamp":"2026-08-27T12:22:27.603Z"}
27/8/2026, 5:52:26 pm | [2026-08-27T12:22:27.605Z] [LOG] {"page":"CashClosingDashboard","event":"CASH_CLOSING_DASHBOARD_PAGE_LOADED","timestamp":"2026-08-27T12:22:27.605Z"}
27/8/2026, 5:52:26 pm | [2026-08-27T12:22:27.820Z] [LOG] {"page":"CashClosingDashboard","event":"CASH_CLOSING_RESET_CLICKED","timestamp":"2026-08-27T12:22:27.820Z"}
27/8/2026, 5:52:26 pm | [2026-08-27T12:22:27.821Z] [LOG] {"page":"CashClosingDashboard","event":"CASH_CLOSING_DASHBOARD_PAGE_LOADED","timestamp":"2026-08-27T12:22:27.821Z"}
27/8/2026, 5:52:26 pm | [2026-08-27T12:22:27.906Z] [LOG] {"page":"CashClosingDashboard","event":"CASH_CLOSING_RESET_SUCCESS","totalRecords":56,"timestamp":"2026-08-27T12:22:27.906Z"}
27/8/2026, 5:52:26 pm | [2026-08-27T12:22:27.907Z] [LOG] {"page":"CashClosingDashboard","event":"CASH_CLOSING_DASHBOARD_PAGE_LOADED","timestamp":"2026-08-27T12:22:27.907Z"}
27/8/2026, 5:52:28 pm | [2026-08-27T12:22:29.846Z] [LOG] {"page":"CashClosingDashboard","event":"CASH_CLOSING_NEXT_PAGE","currentPage":3,"timestamp":"2026-08-27T12:22:29.846Z"}
27/8/2026, 5:52:28 pm | [2026-08-27T12:22:29.847Z] [LOG] {"page":"CashClosingDashboard","event":"CASH_CLOSING_DASHBOARD_PAGE_LOADED","timestamp":"2026-08-27T12:22:29.847Z"}
27/8/2026, 5:52:31 pm | [2026-08-27T12:22:32.708Z] [LOG] {"page":"CashClosingDashboard","event":"CASH_CLOSING_RESET_CLICKED","timestamp":"2026-08-27T12:22:32.708Z"}
27/8/2026, 5:52:31 pm | [2026-08-27T12:22:32.709Z] [LOG] {"page":"CashClosingDashboard","event":"CASH_CLOSING_DASHBOARD_PAGE_LOADED","timestamp":"2026-08-27T12:22:32.709Z"}
27/8/2026, 5:52:31 pm | [2026-08-27T12:22:32.765Z] [LOG] {"page":"CashClosingDashboard","event":"CASH_CLOSING_RESET_SUCCESS","totalRecords":56,"timestamp":"2026-08-27T12:22:32.765Z"}
27/8/2026, 5:52:31 pm | [2026-08-27T12:22:32.766Z] [LOG] {"page":"CashClosingDashboard","event":"CASH_CLOSING_DASHBOARD_PAGE_LOADED","timestamp":"2026-08-27T12:22:32.766Z"}
27/8/2026, 5:52:31 pm | [2026-08-27T12:22:32.908Z] [LOG] {"page":"CashClosingDashboard","event":"CASH_CLOSING_RESET_CLICKED","timestamp":"2026-08-27T12:22:32.908Z"}
27/8/2026, 5:52:31 pm | [2026-08-27T12:22:32.909Z] [LOG] {"page":"CashClosingDashboard","event":"CASH_CLOSING_DASHBOARD_PAGE_LOADED","timestamp":"2026-08-27T12:22:32.909Z"}
27/8/2026, 5:52:31 pm | [2026-08-27T12:22:33.003Z] [LOG] {"page":"CashClosingDashboard","event":"CASH_CLOSING_RESET_SUCCESS","totalRecords":56,"timestamp":"2026-08-27T12:22:33.003Z"}
27/8/2026, 5:52:31 pm | [2026-08-27T12:22:33.004Z] [LOG] {"page":"CashClosingDashboard","event":"CASH_CLOSING_DASHBOARD_PAGE_LOADED","timestamp":"2026-08-27T12:22:33.004Z"}
27/8/2026, 5:52:38 pm | [2026-08-27T12:22:39.661Z] [LOG] {"page":"CashClosingDashboard","event":"CASH_CLOSING_RESET_CLICKED","timestamp":"2026-08-27T12:22:39.661Z"}
27/8/2026, 5:52:38 pm | [2026-08-27T12:22:39.662Z] [LOG] {"page":"CashClosingDashboard","event":"CASH_CLOSING_DASHBOARD_PAGE_LOADED","timestamp":"2026-08-27T12:22:39.662Z"}
27/8/2026, 5:52:38 pm | [2026-08-27T12:22:39.751Z] [LOG] {"page":"CashClosingDashboard","event":"CASH_CLOSING_RESET_SUCCESS","totalRecords":56,"timestamp":"2026-08-27T12:22:39.751Z"}
27/8/2026, 5:52:38 pm | [2026-08-27T12:22:39.752Z] [LOG] {"page":"CashClosingDashboard","event":"CASH_CLOSING_DASHBOARD_PAGE_LOADED","timestamp":"2026-08-27T12:22:39.752Z"}
27/8/2026, 5:52:38 pm | [2026-08-27T12:22:39.820Z] [LOG] {"page":"CashClosingDashboard","event":"CASH_CLOSING_RESET_CLICKED","timestamp":"2026-08-27T12:22:39.820Z"}
27/8/2026, 5:52:38 pm | [2026-08-27T12:22:39.821Z] [LOG] {"page":"CashClosingDashboard","event":"CASH_CLOSING_DASHBOARD_PAGE_LOADED","timestamp":"2026-08-27T12:22:39.821Z"}
27/8/2026, 5:52:38 pm | [2026-08-27T12:22:39.877Z] [LOG] {"page":"CashClosingDashboard","event":"CASH_CLOSING_RESET_SUCCESS","totalRecords":56,"timestamp":"2026-08-27T12:22:39.877Z"}
27/8/2026, 5:52:38 pm | [2026-08-27T12:22:39.878Z] [LOG] {"page":"CashClosingDashboard","event":"CASH_CLOSING_DASHBOARD_PAGE_LOADED","timestamp":"2026-08-27T12:22:39.878Z"}
27/8/2026, 5:52:38 pm | [2026-08-27T12:22:39.974Z] [LOG] {"page":"CashClosingDashboard","event":"CASH_CLOSING_DASHBOARD_PAGE_LOADED","timestamp":"2026-08-27T12:22:39.974Z"}
27/8/2026, 5:52:38 pm | [2026-08-27T12:22:39.973Z] [LOG] {"page":"CashClosingDashboard","event":"CASH_CLOSING_RESET_CLICKED","timestamp":"2026-08-27T12:22:39.973Z"}
27/8/2026, 5:52:38 pm | [2026-08-27T12:22:40.049Z] [LOG] {"page":"CashClosingDashboard","event":"CASH_CLOSING_RESET_SUCCESS","totalRecords":56,"timestamp":"2026-08-27T12:22:40.049Z"}
27/8/2026, 5:52:38 pm | [2026-08-27T12:22:40.049Z] [LOG] {"page":"CashClosingDashboard","event":"CASH_CLOSING_DASHBOARD_PAGE_LOADED","timestamp":"2026-08-27T12:22:40.049Z"}
27/8/2026, 5:52:38 pm | [2026-08-27T12:22:40.093Z] [LOG] {"page":"CashClosingDashboard","event":"CASH_CLOSING_RESET_CLICKED","timestamp":"2026-08-27T12:22:40.093Z"}
27/8/2026, 5:52:38 pm | [2026-08-27T12:22:40.094Z] [LOG] {"page":"CashClosingDashboard","event":"CASH_CLOSING_DASHBOARD_PAGE_LOADED","timestamp":"2026-08-27T12:22:40.094Z"}
27/8/2026, 5:52:38 pm | [2026-08-27T12:22:40.151Z] [LOG] {"page":"CashClosingDashboard","event":"CASH_CLOSING_RESET_SUCCESS","totalRecords":56,"timestamp":"2026-08-27T12:22:40.151Z"}
27/8/2026, 5:52:38 pm | [2026-08-27T12:22:40.152Z] [LOG] {"page":"CashClosingDashboard","event":"CASH_CLOSING_DASHBOARD_PAGE_LOADED","timestamp":"2026-08-27T12:22:40.152Z"}
27/8/2026, 5:52:38 pm | [2026-08-27T12:22:40.334Z] [LOG] {"page":"CashClosingDashboard","event":"CASH_CLOSING_DASHBOARD_PAGE_LOADED","timestamp":"2026-08-27T12:22:40.334Z"}
27/8/2026, 5:52:38 pm | [2026-08-27T12:22:40.333Z] [LOG] {"page":"CashClosingDashboard","event":"CASH_CLOSING_RESET_CLICKED","timestamp":"2026-08-27T12:22:40.333Z"}
27/8/2026, 5:52:38 pm | [2026-08-27T12:22:40.389Z] [LOG] {"page":"CashClosingDashboard","event":"CASH_CLOSING_RESET_SUCCESS","totalRecords":56,"timestamp":"2026-08-27T12:22:40.389Z"}
27/8/2026, 5:52:38 pm | [2026-08-27T12:22:40.391Z] [LOG] {"page":"CashClosingDashboard","event":"CASH_CLOSING_DASHBOARD_PAGE_LOADED","timestamp":"2026-08-27T12:22:40.391Z"}
27/8/2026, 5:52:39 pm | [2026-08-27T12:22:40.494Z] [LOG] {"page":"CashClosingDashboard","event":"CASH_CLOSING_RESET_CLICKED","timestamp":"2026-08-27T12:22:40.494Z"}
27/8/2026, 5:52:39 pm | [2026-08-27T12:22:40.495Z] [LOG] {"page":"CashClosingDashboard","event":"CASH_CLOSING_DASHBOARD_PAGE_LOADED","timestamp":"2026-08-27T12:22:40.495Z"}
27/8/2026, 5:52:39 pm | [2026-08-27T12:22:40.662Z] [LOG] {"page":"CashClosingDashboard","event":"CASH_CLOSING_RESET_SUCCESS","totalRecords":56,"timestamp":"2026-08-27T12:22:40.662Z"}
27/8/2026, 5:52:39 pm | [2026-08-27T12:22:40.663Z] [LOG] {"page":"CashClosingDashboard","event":"CASH_CLOSING_DASHBOARD_PAGE_LOADED","timestamp":"2026-08-27T12:22:40.663Z"}
27/8/2026, 5:52:40 pm | [2026-08-27T12:22:41.869Z] [LOG] {"page":"CashClosingDashboard","event":"CASH_CLOSING_DASHBOARD_PAGE_LOADED","timestamp":"2026-08-27T12:22:41.869Z"}
27/8/2026, 5:52:40 pm | [2026-08-27T12:22:41.869Z] [LOG] {"page":"CashClosingDashboard","event":"CASH_CLOSING_NEXT_PAGE","currentPage":2,"timestamp":"2026-08-27T12:22:41.869Z"}
27/8/2026, 5:52:40 pm | [2026-08-27T12:22:41.800Z] [LOG] {"page":"CashClosingDashboard","event":"CASH_CLOSING_DASHBOARD_PAGE_LOADED","timestamp":"2026-08-27T12:22:41.800Z"}
27/8/2026, 5:52:40 pm | [2026-08-27T12:22:41.799Z] [LOG] {"page":"CashClosingDashboard","event":"CASH_CLOSING_RESET_CLICKED","timestamp":"2026-08-27T12:22:41.799Z"}
27/8/2026, 5:52:40 pm | [2026-08-27T12:22:41.859Z] [LOG] {"page":"CashClosingDashboard","event":"CASH_CLOSING_RESET_SUCCESS","totalRecords":56,"timestamp":"2026-08-27T12:22:41.859Z"}
27/8/2026, 5:52:40 pm | [2026-08-27T12:22:41.860Z] [LOG] {"page":"CashClosingDashboard","event":"CASH_CLOSING_DASHBOARD_PAGE_LOADED","timestamp":"2026-08-27T12:22:41.860Z"}
27/8/2026, 5:52:41 pm | [2026-08-27T12:22:42.893Z] [LOG] {"page":"CashClosingDashboard","event":"CASH_CLOSING_DASHBOARD_PAGE_LOADED","timestamp":"2026-08-27T12:22:42.893Z"}
27/8/2026, 5:52:41 pm | [2026-08-27T12:22:42.893Z] [LOG] {"page":"CashClosingDashboard","event":"CASH_CLOSING_NEXT_PAGE","currentPage":3,"timestamp":"2026-08-27T12:22:42.893Z"}
27/8/2026, 5:52:42 pm | [2026-08-27T12:22:44.493Z] [LOG] {"page":"CashClosingDashboard","event":"CASH_CLOSING_DASHBOARD_PAGE_LOADED","timestamp":"2026-08-27T12:22:44.493Z"}
27/8/2026, 5:52:42 pm | [2026-08-27T12:22:44.493Z] [LOG] {"page":"CashClosingDashboard","event":"CASH_CLOSING_NEXT_PAGE","currentPage":4,"timestamp":"2026-08-27T12:22:44.493Z"}
27/8/2026, 5:52:44 pm | [2026-08-27T12:22:46.024Z] [LOG] {"page":"CashClosingDashboard","event":"CASH_CLOSING_DASHBOARD_PAGE_LOADED","timestamp":"2026-08-27T12:22:46.024Z"}
27/8/2026, 5:52:44 pm | [2026-08-27T12:22:46.023Z] [LOG] {"page":"CashClosingDashboard","event":"CASH_CLOSING_RESET_CLICKED","timestamp":"2026-08-27T12:22:46.023Z"}
27/8/2026, 5:52:44 pm | [2026-08-27T12:22:46.118Z] [LOG] {"page":"CashClosingDashboard","event":"CASH_CLOSING_RESET_SUCCESS","totalRecords":56,"timestamp":"2026-08-27T12:22:46.118Z"}
27/8/2026, 5:52:44 pm | [2026-08-27T12:22:46.119Z] [LOG] {"page":"CashClosingDashboard","event":"CASH_CLOSING_DASHBOARD_PAGE_LOADED","timestamp":"2026-08-27T12:22:46.119Z"}
27/8/2026, 5:52:44 pm | [2026-08-27T12:22:46.414Z] [LOG] {"page":"CashClosingDashboard","event":"CASH_CLOSING_DASHBOARD_PAGE_LOADED","timestamp":"2026-08-27T12:22:46.414Z"}
27/8/2026, 5:52:44 pm | [2026-08-27T12:22:46.413Z] [LOG] {"page":"CashClosingDashboard","event":"CASH_CLOSING_RESET_CLICKED","timestamp":"2026-08-27T12:22:46.413Z"}
27/8/2026, 5:52:44 pm | [2026-08-27T12:22:46.508Z] [LOG] {"page":"CashClosingDashboard","event":"CASH_CLOSING_RESET_SUCCESS","totalRecords":56,"timestamp":"2026-08-27T12:22:46.508Z"}
27/8/2026, 5:52:44 pm | [2026-08-27T12:22:46.509Z] [LOG] {"page":"CashClosingDashboard","event":"CASH_CLOSING_DASHBOARD_PAGE_LOADED","timestamp":"2026-08-27T12:22:46.509Z"}
27/8/2026, 5:52:44 pm | [2026-08-27T12:22:46.573Z] [LOG] {"page":"CashClosingDashboard","event":"CASH_CLOSING_RESET_CLICKED","timestamp":"2026-08-27T12:22:46.573Z"}
27/8/2026, 5:52:44 pm | [2026-08-27T12:22:46.574Z] [LOG] {"page":"CashClosingDashboard","event":"CASH_CLOSING_DASHBOARD_PAGE_LOADED","timestamp":"2026-08-27T12:22:46.574Z"}
27/8/2026, 5:52:44 pm | [2026-08-27T12:22:46.631Z] [LOG] {"page":"CashClosingDashboard","event":"CASH_CLOSING_RESET_SUCCESS","totalRecords":56,"timestamp":"2026-08-27T12:22:46.631Z"}
27/8/2026, 5:52:44 pm | [2026-08-27T12:22:46.632Z] [LOG] {"page":"CashClosingDashboard","event":"CASH_CLOSING_DASHBOARD_PAGE_LOADED","timestamp":"2026-08-27T12:22:46.632Z"}
27/8/2026, 5:52:44 pm | [2026-08-27T12:22:46.717Z] [LOG] {"page":"CashClosingDashboard","event":"CASH_CLOSING_RESET_CLICKED","timestamp":"2026-08-27T12:22:46.717Z"}
27/8/2026, 5:52:44 pm | [2026-08-27T12:22:46.717Z] [LOG] {"page":"CashClosingDashboard","event":"CASH_CLOSING_DASHBOARD_PAGE_LOADED","timestamp":"2026-08-27T12:22:46.717Z"}
27/8/2026, 5:52:45 pm | [2026-08-27T12:22:46.772Z] [LOG] {"page":"CashClosingDashboard","event":"CASH_CLOSING_RESET_SUCCESS","totalRecords":56,"timestamp":"2026-08-27T12:22:46.772Z"}
27/8/2026, 5:52:45 pm | [2026-08-27T12:22:46.775Z] [LOG] {"page":"CashClosingDashboard","event":"CASH_CLOSING_DASHBOARD_PAGE_LOADED","timestamp":"2026-08-27T12:22:46.775Z"}
27/8/2026, 5:52:45 pm | [2026-08-27T12:22:46.844Z] [LOG] {"page":"CashClosingDashboard","event":"CASH_CLOSING_RESET_CLICKED","timestamp":"2026-08-27T12:22:46.844Z"}
27/8/2026, 5:52:45 pm | [2026-08-27T12:22:46.845Z] [LOG] {"page":"CashClosingDashboard","event":"CASH_CLOSING_DASHBOARD_PAGE_LOADED","timestamp":"2026-08-27T12:22:46.845Z"}
27/8/2026, 5:52:45 pm | [2026-08-27T12:22:46.898Z] [LOG] {"page":"CashClosingDashboard","event":"CASH_CLOSING_RESET_SUCCESS","totalRecords":56,"timestamp":"2026-08-27T12:22:46.898Z"}
27/8/2026, 5:52:45 pm | [2026-08-27T12:22:46.899Z] [LOG] {"page":"CashClosingDashboard","event":"CASH_CLOSING_DASHBOARD_PAGE_LOADED","timestamp":"2026-08-27T12:22:46.899Z"}
27/8/2026, 5:52:45 pm | [2026-08-27T12:22:46.734Z] [LOG] {"page":"CashClosingDashboard","event":"CASH_CLOSING_DASHBOARD_PAGE_LOADED","timestamp":"2026-08-27T12:22:46.734Z"}
27/8/2026, 5:52:45 pm | [2026-08-27T12:22:46.734Z] [LOG] {"page":"CashClosingDashboard","event":"CASH_CLOSING_RESET_CLICKED","timestamp":"2026-08-27T12:22:46.734Z"}
27/8/2026, 5:52:45 pm | [2026-08-27T12:22:46.789Z] [LOG] {"page":"CashClosingDashboard","event":"CASH_CLOSING_RESET_SUCCESS","totalRecords":56,"timestamp":"2026-08-27T12:22:46.789Z"}
27/8/2026, 5:52:45 pm | [2026-08-27T12:22:46.790Z] [LOG] {"page":"CashClosingDashboard","event":"CASH_CLOSING_DASHBOARD_PAGE_LOADED","timestamp":"2026-08-27T12:22:46.790Z"}
27/8/2026, 5:52:46 pm | [2026-08-27T12:22:48.007Z] [LOG] {"page":"CashClosingDashboard","event":"CASH_CLOSING_DASHBOARD_PAGE_LOADED","timestamp":"2026-08-27T12:22:48.007Z"}
27/8/2026, 5:52:46 pm | [2026-08-27T12:22:48.006Z] [LOG] {"page":"CashClosingDashboard","event":"CASH_CLOSING_RESET_CLICKED","timestamp":"2026-08-27T12:22:48.006Z"}
27/8/2026, 5:52:46 pm | [2026-08-27T12:22:48.066Z] [LOG] {"page":"CashClosingDashboard","event":"CASH_CLOSING_DASHBOARD_PAGE_LOADED","timestamp":"2026-08-27T12:22:48.066Z"}
27/8/2026, 5:52:46 pm | [2026-08-27T12:22:48.065Z] [LOG] {"page":"CashClosingDashboard","event":"CASH_CLOSING_RESET_SUCCESS","totalRecords":56,"timestamp":"2026-08-27T12:22:48.065Z"}
27/8/2026, 5:52:46 pm | [2026-08-27T12:22:47.604Z] [LOG] {"page":"CashClosingDashboard","event":"CASH_CLOSING_RESET_CLICKED","timestamp":"2026-08-27T12:22:47.604Z"}
27/8/2026, 5:52:46 pm | [2026-08-27T12:22:47.605Z] [LOG] {"page":"CashClosingDashboard","event":"CASH_CLOSING_DASHBOARD_PAGE_LOADED","timestamp":"2026-08-27T12:22:47.605Z"}
27/8/2026, 5:52:46 pm | [2026-08-27T12:22:47.771Z] [LOG] {"page":"CashClosingDashboard","event":"CASH_CLOSING_RESET_SUCCESS","totalRecords":56,"timestamp":"2026-08-27T12:22:47.771Z"}
27/8/2026, 5:52:46 pm | [2026-08-27T12:22:47.772Z] [LOG] {"page":"CashClosingDashboard","event":"CASH_CLOSING_DASHBOARD_PAGE_LOADED","timestamp":"2026-08-27T12:22:47.772Z"}
27/8/2026, 5:52:46 pm | [2026-08-27T12:22:47.779Z] [LOG] {"page":"CashClosingDashboard","event":"CASH_CLOSING_RESET_CLICKED","timestamp":"2026-08-27T12:22:47.779Z"}
27/8/2026, 5:52:46 pm | [2026-08-27T12:22:47.781Z] [LOG] {"page":"CashClosingDashboard","event":"CASH_CLOSING_DASHBOARD_PAGE_LOADED","timestamp":"2026-08-27T12:22:47.780Z"}
27/8/2026, 5:52:46 pm | [2026-08-27T12:22:47.861Z] [LOG] {"page":"CashClosingDashboard","event":"CASH_CLOSING_RESET_SUCCESS","totalRecords":56,"timestamp":"2026-08-27T12:22:47.861Z"}
27/8/2026, 5:52:46 pm | [2026-08-27T12:22:47.862Z] [LOG] {"page":"CashClosingDashboard","event":"CASH_CLOSING_DASHBOARD_PAGE_LOADED","timestamp":"2026-08-27T12:22:47.862Z"}
27/8/2026, 5:52:46 pm | [2026-08-27T12:22:47.972Z] [LOG] {"page":"CashClosingDashboard","event":"CASH_CLOSING_DASHBOARD_PAGE_LOADED","timestamp":"2026-08-27T12:22:47.972Z"}
27/8/2026, 5:52:46 pm | [2026-08-27T12:22:47.972Z] [LOG] {"page":"CashClosingDashboard","event":"CASH_CLOSING_RESET_CLICKED","timestamp":"2026-08-27T12:22:47.972Z"}
27/8/2026, 5:52:47 pm | [2026-08-27T12:22:48.030Z] [LOG] {"page":"CashClosingDashboard","event":"CASH_CLOSING_RESET_SUCCESS","totalRecords":56,"timestamp":"2026-08-27T12:22:48.030Z"}
27/8/2026, 5:52:47 pm | [2026-08-27T12:22:48.030Z] [LOG] {"page":"CashClosingDashboard","event":"CASH_CLOSING_DASHBOARD_PAGE_LOADED","timestamp":"2026-08-27T12:22:48.030Z"}
27/8/2026, 5:52:47 pm | [2026-08-27T12:22:48.656Z] [LOG] {"page":"CashClosingDashboard","event":"CASH_CLOSING_DASHBOARD_PAGE_LOADED","timestamp":"2026-08-27T12:22:48.656Z"}
27/8/2026, 5:52:47 pm | [2026-08-27T12:22:48.655Z] [LOG] {"page":"CashClosingDashboard","event":"CASH_CLOSING_RESET_CLICKED","timestamp":"2026-08-27T12:22:48.655Z"}
27/8/2026, 5:52:47 pm | [2026-08-27T12:22:48.712Z] [LOG] {"page":"CashClosingDashboard","event":"CASH_CLOSING_RESET_SUCCESS","totalRecords":56,"timestamp":"2026-08-27T12:22:48.712Z"}
27/8/2026, 5:52:47 pm | [2026-08-27T12:22:48.712Z] [LOG] {"page":"CashClosingDashboard","event":"CASH_CLOSING_DASHBOARD_PAGE_LOADED","timestamp":"2026-08-27T12:22:48.712Z"}
27/8/2026, 5:52:50 pm | [2026-08-27T12:22:51.999Z] [LOG] {"page":"CashClosingDashboard","event":"CASH_CLOSING_DASHBOARD_PAGE_LOADED","timestamp":"2026-08-27T12:22:51.999Z"}
27/8/2026, 5:52:50 pm | [2026-08-27T12:22:51.999Z] [LOG] {"page":"CashClosingDashboard","event":"CASH_CLOSING_NEXT_PAGE","currentPage":2,"timestamp":"2026-08-27T12:22:51.999Z"}
27/8/2026, 5:52:50 pm | [2026-08-27T12:22:51.533Z] [LOG] {"page":"CashClosingDashboard","event":"CASH_CLOSING_DASHBOARD_PAGE_LOADED","timestamp":"2026-08-27T12:22:51.533Z"}
27/8/2026, 5:52:50 pm | [2026-08-27T12:22:51.532Z] [LOG] {"page":"CashClosingDashboard","event":"CASH_CLOSING_RESET_CLICKED","timestamp":"2026-08-27T12:22:51.532Z"}
27/8/2026, 5:52:50 pm | [2026-08-27T12:22:51.589Z] [LOG] {"page":"CashClosingDashboard","event":"CASH_CLOSING_RESET_SUCCESS","totalRecords":56,"timestamp":"2026-08-27T12:22:51.589Z"}
27/8/2026, 5:52:50 pm | [2026-08-27T12:22:51.590Z] [LOG] {"page":"CashClosingDashboard","event":"CASH_CLOSING_DASHBOARD_PAGE_LOADED","timestamp":"2026-08-27T12:22:51.590Z"}
27/8/2026, 5:52:50 pm | [2026-08-27T12:22:51.701Z] [LOG] {"page":"CashClosingDashboard","event":"CASH_CLOSING_DASHBOARD_PAGE_LOADED","timestamp":"2026-08-27T12:22:51.701Z"}
27/8/2026, 5:52:50 pm | [2026-08-27T12:22:51.700Z] [LOG] {"page":"CashClosingDashboard","event":"CASH_CLOSING_RESET_CLICKED","timestamp":"2026-08-27T12:22:51.700Z"}
27/8/2026, 5:52:50 pm | [2026-08-27T12:22:51.757Z] [LOG] {"page":"CashClosingDashboard","event":"CASH_CLOSING_RESET_SUCCESS","totalRecords":56,"timestamp":"2026-08-27T12:22:51.757Z"}
27/8/2026, 5:52:50 pm | [2026-08-27T12:22:51.758Z] [LOG] {"page":"CashClosingDashboard","event":"CASH_CLOSING_DASHBOARD_PAGE_LOADED","timestamp":"2026-08-27T12:22:51.758Z"}
27/8/2026, 5:52:50 pm | [2026-08-27T12:22:51.909Z] [LOG] {"page":"CashClosingDashboard","event":"CASH_CLOSING_DASHBOARD_PAGE_LOADED","timestamp":"2026-08-27T12:22:51.909Z"}
27/8/2026, 5:52:50 pm | [2026-08-27T12:22:51.908Z] [LOG] {"page":"CashClosingDashboard","event":"CASH_CLOSING_RESET_CLICKED","timestamp":"2026-08-27T12:22:51.908Z"}
27/8/2026, 5:52:50 pm | [2026-08-27T12:22:51.960Z] [LOG] {"page":"CashClosingDashboard","event":"CASH_CLOSING_RESET_SUCCESS","totalRecords":56,"timestamp":"2026-08-27T12:22:51.960Z"}
27/8/2026, 5:52:50 pm | [2026-08-27T12:22:51.961Z] [LOG] {"page":"CashClosingDashboard","event":"CASH_CLOSING_DASHBOARD_PAGE_LOADED","timestamp":"2026-08-27T12:22:51.961Z"}
27/8/2026, 5:52:51 pm | [2026-08-27T12:22:52.598Z] [LOG] {"page":"CashClosingDashboard","event":"CASH_CLOSING_NEXT_PAGE","currentPage":3,"timestamp":"2026-08-27T12:22:52.598Z"}
27/8/2026, 5:52:51 pm | [2026-08-27T12:22:52.599Z] [LOG] {"page":"CashClosingDashboard","event":"CASH_CLOSING_DASHBOARD_PAGE_LOADED","timestamp":"2026-08-27T12:22:52.599Z"}
27/8/2026, 5:52:52 pm | [2026-08-27T12:22:54.541Z] [LOG] {"page":"CashClosingDashboard","event":"CASH_CLOSING_RESET_CLICKED","timestamp":"2026-08-27T12:22:54.541Z"}
27/8/2026, 5:52:52 pm | [2026-08-27T12:22:54.542Z] [LOG] {"page":"CashClosingDashboard","event":"CASH_CLOSING_DASHBOARD_PAGE_LOADED","timestamp":"2026-08-27T12:22:54.542Z"}
27/8/2026, 5:52:52 pm | [2026-08-27T12:22:54.672Z] [LOG] {"page":"CashClosingDashboard","event":"CASH_CLOSING_RESET_SUCCESS","totalRecords":56,"timestamp":"2026-08-27T12:22:54.672Z"}
27/8/2026, 5:52:52 pm | [2026-08-27T12:22:54.673Z] [LOG] {"page":"CashClosingDashboard","event":"CASH_CLOSING_DASHBOARD_PAGE_LOADED","timestamp":"2026-08-27T12:22:54.673Z"}
27/8/2026, 5:52:52 pm | [2026-08-27T12:22:54.708Z] [LOG] {"page":"CashClosingDashboard","event":"CASH_CLOSING_RESET_CLICKED","timestamp":"2026-08-27T12:22:54.708Z"}
27/8/2026, 5:52:52 pm | [2026-08-27T12:22:54.709Z] [LOG] {"page":"CashClosingDashboard","event":"CASH_CLOSING_DASHBOARD_PAGE_LOADED","timestamp":"2026-08-27T12:22:54.709Z"}
27/8/2026, 5:52:53 pm | [2026-08-27T12:22:54.762Z] [LOG] {"page":"CashClosingDashboard","event":"CASH_CLOSING_RESET_SUCCESS","totalRecords":56,"timestamp":"2026-08-27T12:22:54.762Z"}
27/8/2026, 5:52:53 pm | [2026-08-27T12:22:54.762Z] [LOG] {"page":"CashClosingDashboard","event":"CASH_CLOSING_DASHBOARD_PAGE_LOADED","timestamp":"2026-08-27T12:22:54.762Z"}
27/8/2026, 5:52:53 pm | [2026-08-27T12:22:54.861Z] [LOG] {"page":"CashClosingDashboard","event":"CASH_CLOSING_RESET_CLICKED","timestamp":"2026-08-27T12:22:54.861Z"}
27/8/2026, 5:52:53 pm | [2026-08-27T12:22:54.862Z] [LOG] {"page":"CashClosingDashboard","event":"CASH_CLOSING_DASHBOARD_PAGE_LOADED","timestamp":"2026-08-27T12:22:54.862Z"}
27/8/2026, 5:52:53 pm | [2026-08-27T12:22:54.133Z] [LOG] {"page":"CashClosingDashboard","event":"CASH_CLOSING_DASHBOARD_PAGE_LOADED","timestamp":"2026-08-27T12:22:54.133Z"}
27/8/2026, 5:52:53 pm | [2026-08-27T12:22:54.132Z] [LOG] {"page":"CashClosingDashboard","event":"CASH_CLOSING_RESET_CLICKED","timestamp":"2026-08-27T12:22:54.132Z"}
27/8/2026, 5:52:53 pm | [2026-08-27T12:22:54.927Z] [LOG] {"page":"CashClosingDashboard","event":"CASH_CLOSING_RESET_SUCCESS","totalRecords":56,"timestamp":"2026-08-27T12:22:54.927Z"}
27/8/2026, 5:52:53 pm | [2026-08-27T12:22:54.227Z] [LOG] {"page":"CashClosingDashboard","event":"CASH_CLOSING_RESET_SUCCESS","totalRecords":56,"timestamp":"2026-08-27T12:22:54.227Z"}
27/8/2026, 5:52:53 pm | [2026-08-27T12:22:54.228Z] [LOG] {"page":"CashClosingDashboard","event":"CASH_CLOSING_DASHBOARD_PAGE_LOADED","timestamp":"2026-08-27T12:22:54.228Z"}
27/8/2026, 5:52:53 pm | [2026-08-27T12:22:54.928Z] [LOG] {"page":"CashClosingDashboard","event":"CASH_CLOSING_DASHBOARD_PAGE_LOADED","timestamp":"2026-08-27T12:22:54.928Z"}
27/8/2026, 5:52:53 pm | [2026-08-27T12:22:54.981Z] [LOG] {"page":"CashClosingDashboard","event":"CASH_CLOSING_RESET_CLICKED","timestamp":"2026-08-27T12:22:54.981Z"}
27/8/2026, 5:52:53 pm | [2026-08-27T12:22:54.982Z] [LOG] {"page":"CashClosingDashboard","event":"CASH_CLOSING_DASHBOARD_PAGE_LOADED","timestamp":"2026-08-27T12:22:54.982Z"}
27/8/2026, 5:52:53 pm | [2026-08-27T12:22:54.285Z] [LOG] {"page":"CashClosingDashboard","event":"CASH_CLOSING_DASHBOARD_PAGE_LOADED","timestamp":"2026-08-27T12:22:54.285Z"}
27/8/2026, 5:52:53 pm | [2026-08-27T12:22:54.284Z] [LOG] {"page":"CashClosingDashboard","event":"CASH_CLOSING_RESET_CLICKED","timestamp":"2026-08-27T12:22:54.284Z"}
27/8/2026, 5:52:53 pm | [2026-08-27T12:22:55.042Z] [LOG] {"page":"CashClosingDashboard","event":"CASH_CLOSING_RESET_SUCCESS","totalRecords":56,"timestamp":"2026-08-27T12:22:55.042Z"}
27/8/2026, 5:52:53 pm | [2026-08-27T12:22:55.043Z] [LOG] {"page":"CashClosingDashboard","event":"CASH_CLOSING_DASHBOARD_PAGE_LOADED","timestamp":"2026-08-27T12:22:55.043Z"}
27/8/2026, 5:52:53 pm | [2026-08-27T12:22:54.343Z] [LOG] {"page":"CashClosingDashboard","event":"CASH_CLOSING_RESET_SUCCESS","totalRecords":56,"timestamp":"2026-08-27T12:22:54.343Z"}
27/8/2026, 5:52:53 pm | [2026-08-27T12:22:54.344Z] [LOG] {"page":"CashClosingDashboard","event":"CASH_CLOSING_DASHBOARD_PAGE_LOADED","timestamp":"2026-08-27T12:22:54.344Z"}
27/8/2026, 5:52:53 pm | [2026-08-27T12:22:54.501Z] [LOG] {"page":"CashClosingDashboard","event":"CASH_CLOSING_DASHBOARD_PAGE_LOADED","timestamp":"2026-08-27T12:22:54.501Z"}
27/8/2026, 5:52:53 pm | [2026-08-27T12:22:54.500Z] [LOG] {"page":"CashClosingDashboard","event":"CASH_CLOSING_RESET_CLICKED","timestamp":"2026-08-27T12:22:54.500Z"}
27/8/2026, 5:52:53 pm | [2026-08-27T12:22:55.205Z] [LOG] {"page":"CashClosingDashboard","event":"CASH_CLOSING_RESET_CLICKED","timestamp":"2026-08-27T12:22:55.205Z"}
27/8/2026, 5:52:53 pm | [2026-08-27T12:22:55.206Z] [LOG] {"page":"CashClosingDashboard","event":"CASH_CLOSING_DASHBOARD_PAGE_LOADED","timestamp":"2026-08-27T12:22:55.206Z"}
27/8/2026, 5:52:53 pm | [2026-08-27T12:22:54.558Z] [LOG] {"page":"CashClosingDashboard","event":"CASH_CLOSING_RESET_SUCCESS","totalRecords":56,"timestamp":"2026-08-27T12:22:54.558Z"}
27/8/2026, 5:52:53 pm | [2026-08-27T12:22:54.559Z] [LOG] {"page":"CashClosingDashboard","event":"CASH_CLOSING_DASHBOARD_PAGE_LOADED","timestamp":"2026-08-27T12:22:54.559Z"}
27/8/2026, 5:52:53 pm | [2026-08-27T12:22:55.264Z] [LOG] {"page":"CashClosingDashboard","event":"CASH_CLOSING_RESET_SUCCESS","totalRecords":56,"timestamp":"2026-08-27T12:22:55.264Z"}
27/8/2026, 5:52:53 pm | [2026-08-27T12:22:55.265Z] [LOG] {"page":"CashClosingDashboard","event":"CASH_CLOSING_DASHBOARD_PAGE_LOADED","timestamp":"2026-08-27T12:22:55.265Z"}
27/8/2026, 5:52:53 pm | [2026-08-27T12:22:55.317Z] [LOG] {"page":"CashClosingDashboard","event":"CASH_CLOSING_RESET_CLICKED","timestamp":"2026-08-27T12:22:55.317Z"}
27/8/2026, 5:52:53 pm | [2026-08-27T12:22:55.318Z] [LOG] {"page":"CashClosingDashboard","event":"CASH_CLOSING_DASHBOARD_PAGE_LOADED","timestamp":"2026-08-27T12:22:55.318Z"}
27/8/2026, 5:52:53 pm | [2026-08-27T12:22:55.373Z] [LOG] {"page":"CashClosingDashboard","event":"CASH_CLOSING_RESET_SUCCESS","totalRecords":56,"timestamp":"2026-08-27T12:22:55.373Z"}
27/8/2026, 5:52:53 pm | [2026-08-27T12:22:55.374Z] [LOG] {"page":"CashClosingDashboard","event":"CASH_CLOSING_DASHBOARD_PAGE_LOADED","timestamp":"2026-08-27T12:22:55.374Z"}
27/8/2026, 5:52:53 pm | [2026-08-27T12:22:55.429Z] [LOG] {"page":"CashClosingDashboard","event":"CASH_CLOSING_RESET_CLICKED","timestamp":"2026-08-27T12:22:55.429Z"}
27/8/2026, 5:52:53 pm | [2026-08-27T12:22:55.430Z] [LOG] {"page":"CashClosingDashboard","event":"CASH_CLOSING_DASHBOARD_PAGE_LOADED","timestamp":"2026-08-27T12:22:55.430Z"}
27/8/2026, 5:52:53 pm | [2026-08-27T12:22:55.487Z] [LOG] {"page":"CashClosingDashboard","event":"CASH_CLOSING_RESET_SUCCESS","totalRecords":56,"timestamp":"2026-08-27T12:22:55.487Z"}
27/8/2026, 5:52:53 pm | [2026-08-27T12:22:55.488Z] [LOG] {"page":"CashClosingDashboard","event":"CASH_CLOSING_DASHBOARD_PAGE_LOADED","timestamp":"2026-08-27T12:22:55.488Z"}
27/8/2026, 5:52:55 pm | [2026-08-27T12:22:56.897Z] [LOG] {"page":"CashClosingDashboard","event":"CASH_CLOSING_DASHBOARD_PAGE_LOADED","timestamp":"2026-08-27T12:22:56.897Z"}
27/8/2026, 5:52:57 pm | [2026-08-27T12:22:58.100Z] [LOG] {"page":"CashClosingDashboard","event":"CASH_CLOSING_NEXT_PAGE","currentPage":2,"timestamp":"2026-08-27T12:22:58.100Z"}
27/8/2026, 5:52:57 pm | [2026-08-27T12:22:58.100Z] [LOG] {"page":"CashClosingDashboard","event":"CASH_CLOSING_DASHBOARD_PAGE_LOADED","timestamp":"2026-08-27T12:22:58.100Z"}
27/8/2026, 5:52:57 pm | [2026-08-27T12:22:58.684Z] [LOG] {"page":"CashClosingDashboard","event":"CASH_CLOSING_NEXT_PAGE","currentPage":3,"timestamp":"2026-08-27T12:22:58.684Z"}
27/8/2026, 5:52:57 pm | [2026-08-27T12:22:58.684Z] [LOG] {"page":"CashClosingDashboard","event":"CASH_CLOSING_DASHBOARD_PAGE_LOADED","timestamp":"2026-08-27T12:22:58.684Z"}
27/8/2026, 5:53:00 pm | [2026-08-27T12:23:02.142Z] [LOG] {"page":"CashClosingDashboard","event":"CASH_CLOSING_DASHBOARD_PAGE_LOADED","timestamp":"2026-08-27T12:23:02.142Z"}
27/8/2026, 5:53:01 pm | [2026-08-27T12:23:02.140Z] [LOG] {"page":"CashClosingDashboard","event":"CASH_CLOSING_NEXT_PAGE","currentPage":4,"timestamp":"2026-08-27T12:23:02.140Z"}
27/8/2026, 5:53:01 pm | [2026-08-27T12:23:02.141Z] [LOG] {"page":"CashClosingDashboard","event":"CASH_CLOSING_DASHBOARD_PAGE_LOADED","timestamp":"2026-08-27T12:23:02.141Z"}
27/8/2026, 5:53:03 pm | [2026-08-27T12:23:04.436Z] [LOG] {"page":"CashClosingDashboard","event":"CASH_CLOSING_PREVIOUS_PAGE","currentPage":3,"timestamp":"2026-08-27T12:23:04.436Z"}
27/8/2026, 5:53:03 pm | [2026-08-27T12:23:04.437Z] [LOG] {"page":"CashClosingDashboard","event":"CASH_CLOSING_DASHBOARD_PAGE_LOADED","timestamp":"2026-08-27T12:23:04.437Z"}
27/8/2026, 5:53:05 pm | [2026-08-27T12:23:06.787Z] [LOG] {"page":"CashClosingDashboard","event":"CASH_CLOSING_RESET_CLICKED","timestamp":"2026-08-27T12:23:06.787Z"}
27/8/2026, 5:53:05 pm | [2026-08-27T12:23:06.788Z] [LOG] {"page":"CashClosingDashboard","event":"CASH_CLOSING_DASHBOARD_PAGE_LOADED","timestamp":"2026-08-27T12:23:06.788Z"}
27/8/2026, 5:53:05 pm | [2026-08-27T12:23:06.884Z] [LOG] {"page":"CashClosingDashboard","event":"CASH_CLOSING_RESET_SUCCESS","totalRecords":56,"timestamp":"2026-08-27T12:23:06.884Z"}
27/8/2026, 5:53:05 pm | [2026-08-27T12:23:06.885Z] [LOG] {"page":"CashClosingDashboard","event":"CASH_CLOSING_DASHBOARD_PAGE_LOADED","timestamp":"2026-08-27T12:23:06.885Z"}
27/8/2026, 5:53:05 pm | [2026-08-27T12:23:06.932Z] [LOG] {"page":"CashClosingDashboard","event":"CASH_CLOSING_RESET_CLICKED","timestamp":"2026-08-27T12:23:06.932Z"}
27/8/2026, 5:53:05 pm | [2026-08-27T12:23:06.933Z] [LOG] {"page":"CashClosingDashboard","event":"CASH_CLOSING_DASHBOARD_PAGE_LOADED","timestamp":"2026-08-27T12:23:06.933Z"}
27/8/2026, 5:53:05 pm | [2026-08-27T12:23:06.994Z] [LOG] {"page":"CashClosingDashboard","event":"CASH_CLOSING_RESET_SUCCESS","totalRecords":56,"timestamp":"2026-08-27T12:23:06.994Z"}
27/8/2026, 5:53:05 pm | [2026-08-27T12:23:06.995Z] [LOG] {"page":"CashClosingDashboard","event":"CASH_CLOSING_DASHBOARD_PAGE_LOADED","timestamp":"2026-08-27T12:23:06.995Z"}
27/8/2026, 5:53:08 pm | [2026-08-27T12:23:09.877Z] [LOG] {"page":"CashClosingDashboard","event":"CASH_CLOSING_DASHBOARD_PAGE_LOADED","timestamp":"2026-08-27T12:23:09.877Z"}
27/8/2026, 5:53:09 pm | [2026-08-27T12:23:10.300Z] [LOG] {"page":"CashClosingDashboard","event":"CASH_CLOSING_DASHBOARD_PAGE_LOADED","timestamp":"2026-08-27T12:23:10.300Z"}
27/8/2026, 5:53:09 pm | [2026-08-27T12:23:10.300Z] [LOG] {"page":"CashClosingDashboard","event":"CASH_CLOSING_NEXT_PAGE","currentPage":2,"timestamp":"2026-08-27T12:23:10.300Z"}
27/8/2026, 5:53:09 pm | [2026-08-27T12:23:11.158Z] [LOG] {"page":"CashClosingDashboard","event":"CASH_CLOSING_DASHBOARD_PAGE_LOADED","timestamp":"2026-08-27T12:23:11.158Z"}
27/8/2026, 5:53:09 pm | [2026-08-27T12:23:10.828Z] [LOG] {"page":"CashClosingDashboard","event":"CASH_CLOSING_NEXT_PAGE","currentPage":3,"timestamp":"2026-08-27T12:23:10.828Z"}
27/8/2026, 5:53:09 pm | [2026-08-27T12:23:10.828Z] [LOG] {"page":"CashClosingDashboard","event":"CASH_CLOSING_DASHBOARD_PAGE_LOADED","timestamp":"2026-08-27T12:23:10.828Z"}
27/8/2026, 5:53:10 pm | [2026-08-27T12:23:11.291Z] [LOG] {"page":"CashClosingDashboard","event":"CASH_CLOSING_NEXT_PAGE","currentPage":4,"timestamp":"2026-08-27T12:23:11.291Z"}
27/8/2026, 5:53:10 pm | [2026-08-27T12:23:11.292Z] [LOG] {"page":"CashClosingDashboard","event":"CASH_CLOSING_DASHBOARD_PAGE_LOADED","timestamp":"2026-08-27T12:23:11.292Z"}
27/8/2026, 5:53:10 pm | [2026-08-27T12:23:11.889Z] [LOG] {"page":"CashClosingDashboard","event":"CASH_CLOSING_DASHBOARD_PAGE_LOADED","timestamp":"2026-08-27T12:23:11.889Z"}
27/8/2026, 5:53:11 pm | [2026-08-27T12:23:13.045Z] [LOG] {"page":"CashClosingDashboard","event":"CASH_CLOSING_RESET_CLICKED","timestamp":"2026-08-27T12:23:13.045Z"}
27/8/2026, 5:53:11 pm | [2026-08-27T12:23:13.046Z] [LOG] {"page":"CashClosingDashboard","event":"CASH_CLOSING_DASHBOARD_PAGE_LOADED","timestamp":"2026-08-27T12:23:13.046Z"}
27/8/2026, 5:53:11 pm | [2026-08-27T12:23:13.169Z] [LOG] {"page":"CashClosingDashboard","event":"CASH_CLOSING_RESET_SUCCESS","totalRecords":56,"timestamp":"2026-08-27T12:23:13.169Z"}
27/8/2026, 5:53:11 pm | [2026-08-27T12:23:13.170Z] [LOG] {"page":"CashClosingDashboard","event":"CASH_CLOSING_DASHBOARD_PAGE_LOADED","timestamp":"2026-08-27T12:23:13.170Z"}
27/8/2026, 5:53:11 pm | [2026-08-27T12:23:13.206Z] [LOG] {"page":"CashClosingDashboard","event":"CASH_CLOSING_DASHBOARD_PAGE_LOADED","timestamp":"2026-08-27T12:23:13.206Z"}
27/8/2026, 5:53:11 pm | [2026-08-27T12:23:13.205Z] [LOG] {"page":"CashClosingDashboard","event":"CASH_CLOSING_RESET_CLICKED","timestamp":"2026-08-27T12:23:13.205Z"}
27/8/2026, 5:53:11 pm | [2026-08-27T12:23:13.262Z] [LOG] {"page":"CashClosingDashboard","event":"CASH_CLOSING_RESET_SUCCESS","totalRecords":56,"timestamp":"2026-08-27T12:23:13.262Z"}
27/8/2026, 5:53:11 pm | [2026-08-27T12:23:13.263Z] [LOG] {"page":"CashClosingDashboard","event":"CASH_CLOSING_DASHBOARD_PAGE_LOADED","timestamp":"2026-08-27T12:23:13.263Z"}
27/8/2026, 5:53:11 pm | [2026-08-27T12:23:13.358Z] [LOG] {"page":"CashClosingDashboard","event":"CASH_CLOSING_DASHBOARD_PAGE_LOADED","timestamp":"2026-08-27T12:23:13.358Z"}
27/8/2026, 5:53:11 pm | [2026-08-27T12:23:13.357Z] [LOG] {"page":"CashClosingDashboard","event":"CASH_CLOSING_RESET_CLICKED","timestamp":"2026-08-27T12:23:13.357Z"}
27/8/2026, 5:53:11 pm | [2026-08-27T12:23:13.411Z] [LOG] {"page":"CashClosingDashboard","event":"CASH_CLOSING_RESET_SUCCESS","totalRecords":56,"timestamp":"2026-08-27T12:23:13.411Z"}
27/8/2026, 5:53:11 pm | [2026-08-27T12:23:13.413Z] [LOG] {"page":"CashClosingDashboard","event":"CASH_CLOSING_DASHBOARD_PAGE_LOADED","timestamp":"2026-08-27T12:23:13.413Z"}
27/8/2026, 5:53:11 pm | [2026-08-27T12:23:13.478Z] [LOG] {"page":"CashClosingDashboard","event":"CASH_CLOSING_DASHBOARD_PAGE_LOADED","timestamp":"2026-08-27T12:23:13.478Z"}
27/8/2026, 5:53:11 pm | [2026-08-27T12:23:13.477Z] [LOG] {"page":"CashClosingDashboard","event":"CASH_CLOSING_RESET_CLICKED","timestamp":"2026-08-27T12:23:13.477Z"}
27/8/2026, 5:53:11 pm | [2026-08-27T12:23:13.530Z] [LOG] {"page":"CashClosingDashboard","event":"CASH_CLOSING_RESET_SUCCESS","totalRecords":56,"timestamp":"2026-08-27T12:23:13.530Z"}
27/8/2026, 5:53:11 pm | [2026-08-27T12:23:13.531Z] [LOG] {"page":"CashClosingDashboard","event":"CASH_CLOSING_DASHBOARD_PAGE_LOADED","timestamp":"2026-08-27T12:23:13.531Z"}
27/8/2026, 5:53:11 pm | [2026-08-27T12:23:12.835Z] [LOG] {"page":"CashClosingDashboard","event":"CASH_CLOSING_RESET_CLICKED","timestamp":"2026-08-27T12:23:12.835Z"}
27/8/2026, 5:53:11 pm | [2026-08-27T12:23:12.836Z] [LOG] {"page":"CashClosingDashboard","event":"CASH_CLOSING_DASHBOARD_PAGE_LOADED","timestamp":"2026-08-27T12:23:12.836Z"}
27/8/2026, 5:53:11 pm | [2026-08-27T12:23:13.614Z] [LOG] {"page":"CashClosingDashboard","event":"CASH_CLOSING_DASHBOARD_PAGE_LOADED","timestamp":"2026-08-27T12:23:13.614Z"}
27/8/2026, 5:53:11 pm | [2026-08-27T12:23:13.613Z] [LOG] {"page":"CashClosingDashboard","event":"CASH_CLOSING_RESET_CLICKED","timestamp":"2026-08-27T12:23:13.613Z"}
27/8/2026, 5:53:11 pm | [2026-08-27T12:23:12.923Z] [LOG] {"page":"CashClosingDashboard","event":"CASH_CLOSING_RESET_SUCCESS","totalRecords":56,"timestamp":"2026-08-27T12:23:12.923Z"}
27/8/2026, 5:53:11 pm | [2026-08-27T12:23:12.923Z] [LOG] {"page":"CashClosingDashboard","event":"CASH_CLOSING_DASHBOARD_PAGE_LOADED","timestamp":"2026-08-27T12:23:12.923Z"}
27/8/2026, 5:53:11 pm | [2026-08-27T12:23:13.673Z] [LOG] {"page":"CashClosingDashboard","event":"CASH_CLOSING_RESET_SUCCESS","totalRecords":56,"timestamp":"2026-08-27T12:23:13.673Z"}
27/8/2026, 5:53:11 pm | [2026-08-27T12:23:13.674Z] [LOG] {"page":"CashClosingDashboard","event":"CASH_CLOSING_DASHBOARD_PAGE_LOADED","timestamp":"2026-08-27T12:23:13.674Z"}
27/8/2026, 5:53:12 pm | [2026-08-27T12:23:13.037Z] [LOG] {"page":"CashClosingDashboard","event":"CASH_CLOSING_DASHBOARD_PAGE_LOADED","timestamp":"2026-08-27T12:23:13.037Z"}
27/8/2026, 5:53:12 pm | [2026-08-27T12:23:13.036Z] [LOG] {"page":"CashClosingDashboard","event":"CASH_CLOSING_RESET_CLICKED","timestamp":"2026-08-27T12:23:13.036Z"}
27/8/2026, 5:53:12 pm | [2026-08-27T12:23:13.750Z] [LOG] {"page":"CashClosingDashboard","event":"CASH_CLOSING_DASHBOARD_PAGE_LOADED","timestamp":"2026-08-27T12:23:13.750Z"}
27/8/2026, 5:53:12 pm | [2026-08-27T12:23:13.749Z] [LOG] {"page":"CashClosingDashboard","event":"CASH_CLOSING_RESET_CLICKED","timestamp":"2026-08-27T12:23:13.749Z"}
27/8/2026, 5:53:12 pm | [2026-08-27T12:23:13.096Z] [LOG] {"page":"CashClosingDashboard","event":"CASH_CLOSING_RESET_SUCCESS","totalRecords":56,"timestamp":"2026-08-27T12:23:13.095Z"}
27/8/2026, 5:53:12 pm | [2026-08-27T12:23:13.097Z] [LOG] {"page":"CashClosingDashboard","event":"CASH_CLOSING_DASHBOARD_PAGE_LOADED","timestamp":"2026-08-27T12:23:13.097Z"}
27/8/2026, 5:53:12 pm | [2026-08-27T12:23:13.804Z] [LOG] {"page":"CashClosingDashboard","event":"CASH_CLOSING_RESET_SUCCESS","totalRecords":56,"timestamp":"2026-08-27T12:23:13.804Z"}
27/8/2026, 5:53:12 pm | [2026-08-27T12:23:13.805Z] [LOG] {"page":"CashClosingDashboard","event":"CASH_CLOSING_DASHBOARD_PAGE_LOADED","timestamp":"2026-08-27T12:23:13.805Z"}
27/8/2026, 5:53:14 pm | [2026-08-27T12:23:15.500Z] [LOG] {"page":"CashClosingDashboard","event":"CASH_CLOSING_NEXT_PAGE","currentPage":2,"timestamp":"2026-08-27T12:23:15.500Z"}
27/8/2026, 5:53:14 pm | [2026-08-27T12:23:15.500Z] [LOG] {"page":"CashClosingDashboard","event":"CASH_CLOSING_DASHBOARD_PAGE_LOADED","timestamp":"2026-08-27T12:23:15.500Z"}
27/8/2026, 5:53:14 pm | [2026-08-27T12:23:15.692Z] [LOG] {"page":"CashClosingDashboard","event":"CASH_CLOSING_NEXT_PAGE","currentPage":3,"timestamp":"2026-08-27T12:23:15.692Z"}
27/8/2026, 5:53:14 pm | [2026-08-27T12:23:15.693Z] [LOG] {"page":"CashClosingDashboard","event":"CASH_CLOSING_DASHBOARD_PAGE_LOADED","timestamp":"2026-08-27T12:23:15.692Z"}
27/8/2026, 5:53:14 pm | [2026-08-27T12:23:15.892Z] [LOG] {"page":"CashClosingDashboard","event":"CASH_CLOSING_NEXT_PAGE","currentPage":4,"timestamp":"2026-08-27T12:23:15.892Z"}
27/8/2026, 5:53:14 pm | [2026-08-27T12:23:15.892Z] [LOG] {"page":"CashClosingDashboard","event":"CASH_CLOSING_DASHBOARD_PAGE_LOADED","timestamp":"2026-08-27T12:23:15.892Z"}
27/8/2026, 5:53:16 pm | [2026-08-27T12:23:17.492Z] [LOG] {"page":"CashClosingDashboard","event":"CASH_CLOSING_RESET_CLICKED","timestamp":"2026-08-27T12:23:17.492Z"}
27/8/2026, 5:53:16 pm | [2026-08-27T12:23:17.493Z] [LOG] {"page":"CashClosingDashboard","event":"CASH_CLOSING_DASHBOARD_PAGE_LOADED","timestamp":"2026-08-27T12:23:17.493Z"}
27/8/2026, 5:53:16 pm | [2026-08-27T12:23:17.549Z] [LOG] {"page":"CashClosingDashboard","event":"CASH_CLOSING_RESET_SUCCESS","totalRecords":56,"timestamp":"2026-08-27T12:23:17.549Z"}
27/8/2026, 5:53:16 pm | [2026-08-27T12:23:17.549Z] [LOG] {"page":"CashClosingDashboard","event":"CASH_CLOSING_DASHBOARD_PAGE_LOADED","timestamp":"2026-08-27T12:23:17.549Z"}
27/8/2026, 5:53:16 pm | [2026-08-27T12:23:17.660Z] [LOG] {"page":"CashClosingDashboard","event":"CASH_CLOSING_RESET_CLICKED","timestamp":"2026-08-27T12:23:17.660Z"}
27/8/2026, 5:53:16 pm | [2026-08-27T12:23:17.661Z] [LOG] {"page":"CashClosingDashboard","event":"CASH_CLOSING_DASHBOARD_PAGE_LOADED","timestamp":"2026-08-27T12:23:17.661Z"}
27/8/2026, 5:53:16 pm | [2026-08-27T12:23:17.717Z] [LOG] {"page":"CashClosingDashboard","event":"CASH_CLOSING_RESET_SUCCESS","totalRecords":56,"timestamp":"2026-08-27T12:23:17.717Z"}
27/8/2026, 5:53:16 pm | [2026-08-27T12:23:17.717Z] [LOG] {"page":"CashClosingDashboard","event":"CASH_CLOSING_DASHBOARD_PAGE_LOADED","timestamp":"2026-08-27T12:23:17.717Z"}
27/8/2026, 5:53:16 pm | [2026-08-27T12:23:17.852Z] [LOG] {"page":"CashClosingDashboard","event":"CASH_CLOSING_DASHBOARD_PAGE_LOADED","timestamp":"2026-08-27T12:23:17.852Z"}
27/8/2026, 5:53:16 pm | [2026-08-27T12:23:17.851Z] [LOG] {"page":"CashClosingDashboard","event":"CASH_CLOSING_RESET_CLICKED","timestamp":"2026-08-27T12:23:17.851Z"}
27/8/2026, 5:53:16 pm | [2026-08-27T12:23:17.908Z] [LOG] {"page":"CashClosingDashboard","event":"CASH_CLOSING_RESET_SUCCESS","totalRecords":56,"timestamp":"2026-08-27T12:23:17.908Z"}
27/8/2026, 5:53:16 pm | [2026-08-27T12:23:17.909Z] [LOG] {"page":"CashClosingDashboard","event":"CASH_CLOSING_DASHBOARD_PAGE_LOADED","timestamp":"2026-08-27T12:23:17.909Z"}
27/8/2026, 5:53:19 pm | [2026-08-27T12:23:21.439Z] [LOG] {"page":"CashClosingDashboard","event":"CASH_CLOSING_DASHBOARD_PAGE_LOADED","timestamp":"2026-08-27T12:23:21.439Z"}
27/8/2026, 5:53:20 pm | [2026-08-27T12:23:21.276Z] [LOG] {"page":"CashClosingDashboard","event":"CASH_CLOSING_RESET_CLICKED","timestamp":"2026-08-27T12:23:21.276Z"}
27/8/2026, 5:53:20 pm | [2026-08-27T12:23:21.277Z] [LOG] {"page":"CashClosingDashboard","event":"CASH_CLOSING_DASHBOARD_PAGE_LOADED","timestamp":"2026-08-27T12:23:21.277Z"}
27/8/2026, 5:53:20 pm | [2026-08-27T12:23:21.373Z] [LOG] {"page":"CashClosingDashboard","event":"CASH_CLOSING_RESET_SUCCESS","totalRecords":56,"timestamp":"2026-08-27T12:23:21.373Z"}
27/8/2026, 5:53:20 pm | [2026-08-27T12:23:21.373Z] [LOG] {"page":"CashClosingDashboard","event":"CASH_CLOSING_DASHBOARD_PAGE_LOADED","timestamp":"2026-08-27T12:23:21.373Z"}
27/8/2026, 5:53:20 pm | [2026-08-27T12:23:21.468Z] [LOG] {"page":"CashClosingDashboard","event":"CASH_CLOSING_RESET_CLICKED","timestamp":"2026-08-27T12:23:21.468Z"}
27/8/2026, 5:53:20 pm | [2026-08-27T12:23:21.469Z] [LOG] {"page":"CashClosingDashboard","event":"CASH_CLOSING_DASHBOARD_PAGE_LOADED","timestamp":"2026-08-27T12:23:21.469Z"}
27/8/2026, 5:53:20 pm | [2026-08-27T12:23:21.528Z] [LOG] {"page":"CashClosingDashboard","event":"CASH_CLOSING_RESET_SUCCESS","totalRecords":56,"timestamp":"2026-08-27T12:23:21.528Z"}
27/8/2026, 5:53:20 pm | [2026-08-27T12:23:21.529Z] [LOG] {"page":"CashClosingDashboard","event":"CASH_CLOSING_DASHBOARD_PAGE_LOADED","timestamp":"2026-08-27T12:23:21.529Z"}
27/8/2026, 5:53:20 pm | [2026-08-27T12:23:21.844Z] [LOG] {"page":"CashClosingDashboard","event":"CASH_CLOSING_RESET_CLICKED","timestamp":"2026-08-27T12:23:21.844Z"}
27/8/2026, 5:53:20 pm | [2026-08-27T12:23:21.845Z] [LOG] {"page":"CashClosingDashboard","event":"CASH_CLOSING_DASHBOARD_PAGE_LOADED","timestamp":"2026-08-27T12:23:21.845Z"}
27/8/2026, 5:53:20 pm | [2026-08-27T12:23:21.905Z] [LOG] {"page":"CashClosingDashboard","event":"CASH_CLOSING_RESET_SUCCESS","totalRecords":56,"timestamp":"2026-08-27T12:23:21.905Z"}
27/8/2026, 5:53:20 pm | [2026-08-27T12:23:21.906Z] [LOG] {"page":"CashClosingDashboard","event":"CASH_CLOSING_DASHBOARD_PAGE_LOADED","timestamp":"2026-08-27T12:23:21.906Z"}
27/8/2026, 5:53:20 pm | [2026-08-27T12:23:22.012Z] [LOG] {"page":"CashClosingDashboard","event":"CASH_CLOSING_RESET_CLICKED","timestamp":"2026-08-27T12:23:22.012Z"}
27/8/2026, 5:53:20 pm | [2026-08-27T12:23:22.013Z] [LOG] {"page":"CashClosingDashboard","event":"CASH_CLOSING_DASHBOARD_PAGE_LOADED","timestamp":"2026-08-27T12:23:22.013Z"}
27/8/2026, 5:53:21 pm | [2026-08-27T12:23:22.067Z] [LOG] {"page":"CashClosingDashboard","event":"CASH_CLOSING_RESET_SUCCESS","totalRecords":56,"timestamp":"2026-08-27T12:23:22.067Z"}
27/8/2026, 5:53:21 pm | [2026-08-27T12:23:22.068Z] [LOG] {"page":"CashClosingDashboard","event":"CASH_CLOSING_DASHBOARD_PAGE_LOADED","timestamp":"2026-08-27T12:23:22.068Z"}
27/8/2026, 5:53:22 pm | [2026-08-27T12:23:24.037Z] [LOG] {"page":"CashClosingDashboard","event":"CASH_CLOSING_RESET_CLICKED","timestamp":"2026-08-27T12:23:24.037Z"}
27/8/2026, 5:53:22 pm | [2026-08-27T12:23:24.038Z] [LOG] {"page":"CashClosingDashboard","event":"CASH_CLOSING_DASHBOARD_PAGE_LOADED","timestamp":"2026-08-27T12:23:24.038Z"}
27/8/2026, 5:53:22 pm | [2026-08-27T12:23:24.164Z] [LOG] {"page":"CashClosingDashboard","event":"CASH_CLOSING_DASHBOARD_PAGE_LOADED","timestamp":"2026-08-27T12:23:24.164Z"}
27/8/2026, 5:53:22 pm | [2026-08-27T12:23:24.163Z] [LOG] {"page":"CashClosingDashboard","event":"CASH_CLOSING_RESET_SUCCESS","totalRecords":56,"timestamp":"2026-08-27T12:23:24.163Z"}
27/8/2026, 5:53:23 pm | [2026-08-27T12:23:24.687Z] [LOG] {"page":"CashClosingDashboard","event":"CASH_CLOSING_RESET_CLICKED","timestamp":"2026-08-27T12:23:24.687Z"}
27/8/2026, 5:53:23 pm | [2026-08-27T12:23:24.688Z] [LOG] {"page":"CashClosingDashboard","event":"CASH_CLOSING_DASHBOARD_PAGE_LOADED","timestamp":"2026-08-27T12:23:24.688Z"}
27/8/2026, 5:53:23 pm | [2026-08-27T12:23:24.741Z] [LOG] {"page":"CashClosingDashboard","event":"CASH_CLOSING_RESET_SUCCESS","totalRecords":56,"timestamp":"2026-08-27T12:23:24.741Z"}
27/8/2026, 5:53:23 pm | [2026-08-27T12:23:24.742Z] [LOG] {"page":"CashClosingDashboard","event":"CASH_CLOSING_DASHBOARD_PAGE_LOADED","timestamp":"2026-08-27T12:23:24.742Z"}
27/8/2026, 5:53:23 pm | [2026-08-27T12:23:25.207Z] [LOG] {"page":"CashClosingDashboard","event":"CASH_CLOSING_DASHBOARD_PAGE_LOADED","timestamp":"2026-08-27T12:23:25.207Z"}
27/8/2026, 5:53:23 pm | [2026-08-27T12:23:25.207Z] [LOG] {"page":"CashClosingDashboard","event":"CASH_CLOSING_RESET_CLICKED","timestamp":"2026-08-27T12:23:25.206Z"}
27/8/2026, 5:53:23 pm | [2026-08-27T12:23:25.262Z] [LOG] {"page":"CashClosingDashboard","event":"CASH_CLOSING_RESET_SUCCESS","totalRecords":56,"timestamp":"2026-08-27T12:23:25.262Z"}
27/8/2026, 5:53:23 pm | [2026-08-27T12:23:25.263Z] [LOG] {"page":"CashClosingDashboard","event":"CASH_CLOSING_DASHBOARD_PAGE_LOADED","timestamp":"2026-08-27T12:23:25.263Z"}
27/8/2026, 5:53:23 pm | [2026-08-27T12:23:25.544Z] [LOG] {"page":"CashClosingDashboard","event":"CASH_CLOSING_DASHBOARD_PAGE_LOADED","timestamp":"2026-08-27T12:23:25.544Z"}
27/8/2026, 5:53:23 pm | [2026-08-27T12:23:25.543Z] [LOG] {"page":"CashClosingDashboard","event":"CASH_CLOSING_RESET_CLICKED","timestamp":"2026-08-27T12:23:25.543Z"}
27/8/2026, 5:53:24 pm | [2026-08-27T12:23:25.597Z] [LOG] {"page":"CashClosingDashboard","event":"CASH_CLOSING_RESET_SUCCESS","totalRecords":56,"timestamp":"2026-08-27T12:23:25.597Z"}
27/8/2026, 5:53:24 pm | [2026-08-27T12:23:25.598Z] [LOG] {"page":"CashClosingDashboard","event":"CASH_CLOSING_DASHBOARD_PAGE_LOADED","timestamp":"2026-08-27T12:23:25.598Z"}
27/8/2026, 5:53:26 pm | [2026-08-27T12:23:27.580Z] [LOG] {"page":"CashClosingDashboard","event":"CASH_CLOSING_RESET_CLICKED","timestamp":"2026-08-27T12:23:27.580Z"}
27/8/2026, 5:53:26 pm | [2026-08-27T12:23:27.581Z] [LOG] {"page":"CashClosingDashboard","event":"CASH_CLOSING_DASHBOARD_PAGE_LOADED","timestamp":"2026-08-27T12:23:27.581Z"}
27/8/2026, 5:53:26 pm | [2026-08-27T12:23:27.671Z] [LOG] {"page":"CashClosingDashboard","event":"CASH_CLOSING_RESET_SUCCESS","totalRecords":56,"timestamp":"2026-08-27T12:23:27.670Z"}
27/8/2026, 5:53:26 pm | [2026-08-27T12:23:27.672Z] [LOG] {"page":"CashClosingDashboard","event":"CASH_CLOSING_DASHBOARD_PAGE_LOADED","timestamp":"2026-08-27T12:23:27.672Z"}
27/8/2026, 5:53:27 pm | [2026-08-27T12:23:28.052Z] [LOG] {"page":"CashClosingDashboard","event":"CASH_CLOSING_RESET_CLICKED","timestamp":"2026-08-27T12:23:28.052Z"}
27/8/2026, 5:53:27 pm | [2026-08-27T12:23:28.053Z] [LOG] {"page":"CashClosingDashboard","event":"CASH_CLOSING_DASHBOARD_PAGE_LOADED","timestamp":"2026-08-27T12:23:28.053Z"}
27/8/2026, 5:53:27 pm | [2026-08-27T12:23:28.112Z] [LOG] {"page":"CashClosingDashboard","event":"CASH_CLOSING_RESET_SUCCESS","totalRecords":56,"timestamp":"2026-08-27T12:23:28.112Z"}
27/8/2026, 5:53:27 pm | [2026-08-27T12:23:28.113Z] [LOG] {"page":"CashClosingDashboard","event":"CASH_CLOSING_DASHBOARD_PAGE_LOADED","timestamp":"2026-08-27T12:23:28.113Z"}
27/8/2026, 5:53:27 pm | [2026-08-27T12:23:28.244Z] [LOG] {"page":"CashClosingDashboard","event":"CASH_CLOSING_RESET_CLICKED","timestamp":"2026-08-27T12:23:28.244Z"}
27/8/2026, 5:53:27 pm | [2026-08-27T12:23:28.245Z] [LOG] {"page":"CashClosingDashboard","event":"CASH_CLOSING_DASHBOARD_PAGE_LOADED","timestamp":"2026-08-27T12:23:28.245Z"}
27/8/2026, 5:53:27 pm | [2026-08-27T12:23:28.331Z] [LOG] {"page":"CashClosingDashboard","event":"CASH_CLOSING_RESET_SUCCESS","totalRecords":56,"timestamp":"2026-08-27T12:23:28.331Z"}
27/8/2026, 5:53:27 pm | [2026-08-27T12:23:28.334Z] [LOG] {"page":"CashClosingDashboard","event":"CASH_CLOSING_DASHBOARD_PAGE_LOADED","timestamp":"2026-08-27T12:23:28.334Z"}
27/8/2026, 5:53:27 pm | [2026-08-27T12:23:28.444Z] [LOG] {"page":"CashClosingDashboard","event":"CASH_CLOSING_RESET_CLICKED","timestamp":"2026-08-27T12:23:28.444Z"}
27/8/2026, 5:53:27 pm | [2026-08-27T12:23:28.445Z] [LOG] {"page":"CashClosingDashboard","event":"CASH_CLOSING_DASHBOARD_PAGE_LOADED","timestamp":"2026-08-27T12:23:28.445Z"}
27/8/2026, 5:53:27 pm | [2026-08-27T12:23:28.499Z] [LOG] {"page":"CashClosingDashboard","event":"CASH_CLOSING_RESET_SUCCESS","totalRecords":56,"timestamp":"2026-08-27T12:23:28.499Z"}
27/8/2026, 5:53:27 pm | [2026-08-27T12:23:28.500Z] [LOG] {"page":"CashClosingDashboard","event":"CASH_CLOSING_DASHBOARD_PAGE_LOADED","timestamp":"2026-08-27T12:23:28.500Z"}
27/8/2026, 5:53:27 pm | [2026-08-27T12:23:28.644Z] [LOG] {"page":"CashClosingDashboard","event":"CASH_CLOSING_RESET_CLICKED","timestamp":"2026-08-27T12:23:28.644Z"}
27/8/2026, 5:53:27 pm | [2026-08-27T12:23:28.644Z] [LOG] {"page":"CashClosingDashboard","event":"CASH_CLOSING_DASHBOARD_PAGE_LOADED","timestamp":"2026-08-27T12:23:28.644Z"}
27/8/2026, 5:53:27 pm | [2026-08-27T12:23:28.699Z] [LOG] {"page":"CashClosingDashboard","event":"CASH_CLOSING_RESET_SUCCESS","totalRecords":56,"timestamp":"2026-08-27T12:23:28.699Z"}
27/8/2026, 5:53:27 pm | [2026-08-27T12:23:28.700Z] [LOG] {"page":"CashClosingDashboard","event":"CASH_CLOSING_DASHBOARD_PAGE_LOADED","timestamp":"2026-08-27T12:23:28.700Z"}
27/8/2026, 5:53:28 pm | [2026-08-27T12:23:30.052Z] [LOG] {"page":"CashClosingDashboard","event":"CASH_CLOSING_RESET_CLICKED","timestamp":"2026-08-27T12:23:30.052Z"}
27/8/2026, 5:53:28 pm | [2026-08-27T12:23:30.053Z] [LOG] {"page":"CashClosingDashboard","event":"CASH_CLOSING_DASHBOARD_PAGE_LOADED","timestamp":"2026-08-27T12:23:30.053Z"}
27/8/2026, 5:53:28 pm | [2026-08-27T12:23:30.146Z] [LOG] {"page":"CashClosingDashboard","event":"CASH_CLOSING_RESET_SUCCESS","totalRecords":56,"timestamp":"2026-08-27T12:23:30.146Z"}
27/8/2026, 5:53:28 pm | [2026-08-27T12:23:30.147Z] [LOG] {"page":"CashClosingDashboard","event":"CASH_CLOSING_DASHBOARD_PAGE_LOADED","timestamp":"2026-08-27T12:23:30.147Z"}
27/8/2026, 5:53:28 pm | [2026-08-27T12:23:30.229Z] [LOG] {"page":"CashClosingDashboard","event":"CASH_CLOSING_RESET_CLICKED","timestamp":"2026-08-27T12:23:30.229Z"}
27/8/2026, 5:53:28 pm | [2026-08-27T12:23:30.230Z] [LOG] {"page":"CashClosingDashboard","event":"CASH_CLOSING_DASHBOARD_PAGE_LOADED","timestamp":"2026-08-27T12:23:30.230Z"}
27/8/2026, 5:53:28 pm | [2026-08-27T12:23:30.283Z] [LOG] {"page":"CashClosingDashboard","event":"CASH_CLOSING_RESET_SUCCESS","totalRecords":56,"timestamp":"2026-08-27T12:23:30.283Z"}
27/8/2026, 5:53:28 pm | [2026-08-27T12:23:30.284Z] [LOG] {"page":"CashClosingDashboard","event":"CASH_CLOSING_DASHBOARD_PAGE_LOADED","timestamp":"2026-08-27T12:23:30.284Z"}
27/8/2026, 5:53:28 pm | [2026-08-27T12:23:30.366Z] [LOG] {"page":"CashClosingDashboard","event":"CASH_CLOSING_DASHBOARD_PAGE_LOADED","timestamp":"2026-08-27T12:23:30.366Z"}
27/8/2026, 5:53:28 pm | [2026-08-27T12:23:30.365Z] [LOG] {"page":"CashClosingDashboard","event":"CASH_CLOSING_RESET_CLICKED","timestamp":"2026-08-27T12:23:30.365Z"}
27/8/2026, 5:53:28 pm | [2026-08-27T12:23:30.416Z] [LOG] {"page":"CashClosingDashboard","event":"CASH_CLOSING_RESET_SUCCESS","totalRecords":56,"timestamp":"2026-08-27T12:23:30.416Z"}
27/8/2026, 5:53:28 pm | [2026-08-27T12:23:30.417Z] [LOG] {"page":"CashClosingDashboard","event":"CASH_CLOSING_DASHBOARD_PAGE_LOADED","timestamp":"2026-08-27T12:23:30.417Z"}
27/8/2026, 5:53:28 pm | [2026-08-27T12:23:30.518Z] [LOG] {"page":"CashClosingDashboard","event":"CASH_CLOSING_DASHBOARD_PAGE_LOADED","timestamp":"2026-08-27T12:23:30.518Z"}
27/8/2026, 5:53:28 pm | [2026-08-27T12:23:30.517Z] [LOG] {"page":"CashClosingDashboard","event":"CASH_CLOSING_RESET_CLICKED","timestamp":"2026-08-27T12:23:30.517Z"}
27/8/2026, 5:53:28 pm | [2026-08-27T12:23:30.571Z] [LOG] {"page":"CashClosingDashboard","event":"CASH_CLOSING_RESET_SUCCESS","totalRecords":56,"timestamp":"2026-08-27T12:23:30.571Z"}
27/8/2026, 5:53:28 pm | [2026-08-27T12:23:30.572Z] [LOG] {"page":"CashClosingDashboard","event":"CASH_CLOSING_DASHBOARD_PAGE_LOADED","timestamp":"2026-08-27T12:23:30.572Z"}
27/8/2026, 5:53:28 pm | [2026-08-27T12:23:30.629Z] [LOG] {"page":"CashClosingDashboard","event":"CASH_CLOSING_RESET_CLICKED","timestamp":"2026-08-27T12:23:30.629Z"}
27/8/2026, 5:53:28 pm | [2026-08-27T12:23:30.630Z] [LOG] {"page":"CashClosingDashboard","event":"CASH_CLOSING_DASHBOARD_PAGE_LOADED","timestamp":"2026-08-27T12:23:30.630Z"}
27/8/2026, 5:53:28 pm | [2026-08-27T12:23:30.683Z] [LOG] {"page":"CashClosingDashboard","event":"CASH_CLOSING_DASHBOARD_PAGE_LOADED","timestamp":"2026-08-27T12:23:30.683Z"}
27/8/2026, 5:53:28 pm | [2026-08-27T12:23:30.682Z] [LOG] {"page":"CashClosingDashboard","event":"CASH_CLOSING_RESET_SUCCESS","totalRecords":56,"timestamp":"2026-08-27T12:23:30.682Z"}
27/8/2026, 5:53:29 pm | [2026-08-27T12:23:30.749Z] [LOG] {"page":"CashClosingDashboard","event":"CASH_CLOSING_RESET_CLICKED","timestamp":"2026-08-27T12:23:30.749Z"}
27/8/2026, 5:53:29 pm | [2026-08-27T12:23:30.750Z] [LOG] {"page":"CashClosingDashboard","event":"CASH_CLOSING_DASHBOARD_PAGE_LOADED","timestamp":"2026-08-27T12:23:30.750Z"}
27/8/2026, 5:53:29 pm | [2026-08-27T12:23:30.801Z] [LOG] {"page":"CashClosingDashboard","event":"CASH_CLOSING_RESET_SUCCESS","totalRecords":56,"timestamp":"2026-08-27T12:23:30.801Z"}
27/8/2026, 5:53:29 pm | [2026-08-27T12:23:30.801Z] [LOG] {"page":"CashClosingDashboard","event":"CASH_CLOSING_DASHBOARD_PAGE_LOADED","timestamp":"2026-08-27T12:23:30.801Z"}
27/8/2026, 5:53:29 pm | [2026-08-27T12:23:30.869Z] [LOG] {"page":"CashClosingDashboard","event":"CASH_CLOSING_RESET_CLICKED","timestamp":"2026-08-27T12:23:30.869Z"}
27/8/2026, 5:53:29 pm | [2026-08-27T12:23:30.869Z] [LOG] {"page":"CashClosingDashboard","event":"CASH_CLOSING_DASHBOARD_PAGE_LOADED","timestamp":"2026-08-27T12:23:30.869Z"}
27/8/2026, 5:53:29 pm | [2026-08-27T12:23:30.927Z] [LOG] {"page":"CashClosingDashboard","event":"CASH_CLOSING_RESET_SUCCESS","totalRecords":56,"timestamp":"2026-08-27T12:23:30.927Z"}
27/8/2026, 5:53:29 pm | [2026-08-27T12:23:30.928Z] [LOG] {"page":"CashClosingDashboard","event":"CASH_CLOSING_DASHBOARD_PAGE_LOADED","timestamp":"2026-08-27T12:23:30.928Z"}
27/8/2026, 5:53:29 pm | [2026-08-27T12:23:30.989Z] [LOG] {"page":"CashClosingDashboard","event":"CASH_CLOSING_RESET_CLICKED","timestamp":"2026-08-27T12:23:30.989Z"}
27/8/2026, 5:53:29 pm | [2026-08-27T12:23:30.990Z] [LOG] {"page":"CashClosingDashboard","event":"CASH_CLOSING_DASHBOARD_PAGE_LOADED","timestamp":"2026-08-27T12:23:30.990Z"}
27/8/2026, 5:53:29 pm | [2026-08-27T12:23:31.041Z] [LOG] {"page":"CashClosingDashboard","event":"CASH_CLOSING_RESET_SUCCESS","totalRecords":56,"timestamp":"2026-08-27T12:23:31.041Z"}
27/8/2026, 5:53:29 pm | [2026-08-27T12:23:31.041Z] [LOG] {"page":"CashClosingDashboard","event":"CASH_CLOSING_DASHBOARD_PAGE_LOADED","timestamp":"2026-08-27T12:23:31.041Z"}
27/8/2026, 5:53:29 pm | [2026-08-27T12:23:31.101Z] [LOG] {"page":"CashClosingDashboard","event":"CASH_CLOSING_RESET_CLICKED","timestamp":"2026-08-27T12:23:31.101Z"}
27/8/2026, 5:53:29 pm | [2026-08-27T12:23:31.102Z] [LOG] {"page":"CashClosingDashboard","event":"CASH_CLOSING_DASHBOARD_PAGE_LOADED","timestamp":"2026-08-27T12:23:31.102Z"}
27/8/2026, 5:53:29 pm | [2026-08-27T12:23:31.158Z] [LOG] {"page":"CashClosingDashboard","event":"CASH_CLOSING_RESET_SUCCESS","totalRecords":56,"timestamp":"2026-08-27T12:23:31.158Z"}
27/8/2026, 5:53:29 pm | [2026-08-27T12:23:31.158Z] [LOG] {"page":"CashClosingDashboard","event":"CASH_CLOSING_DASHBOARD_PAGE_LOADED","timestamp":"2026-08-27T12:23:31.158Z"}
27/8/2026, 5:53:29 pm | [2026-08-27T12:23:31.229Z] [LOG] {"page":"CashClosingDashboard","event":"CASH_CLOSING_RESET_CLICKED","timestamp":"2026-08-27T12:23:31.229Z"}
27/8/2026, 5:53:29 pm | [2026-08-27T12:23:31.230Z] [LOG] {"page":"CashClosingDashboard","event":"CASH_CLOSING_DASHBOARD_PAGE_LOADED","timestamp":"2026-08-27T12:23:31.230Z"}
27/8/2026, 5:53:29 pm | [2026-08-27T12:23:31.280Z] [LOG] {"page":"CashClosingDashboard","event":"CASH_CLOSING_RESET_SUCCESS","totalRecords":56,"timestamp":"2026-08-27T12:23:31.280Z"}
27/8/2026, 5:53:29 pm | [2026-08-27T12:23:31.281Z] [LOG] {"page":"CashClosingDashboard","event":"CASH_CLOSING_DASHBOARD_PAGE_LOADED","timestamp":"2026-08-27T12:23:31.281Z"}
27/8/2026, 5:53:31 pm | [2026-08-27T12:23:32.812Z] [LOG] {"page":"CashClosingDashboard","event":"CASH_CLOSING_DASHBOARD_PAGE_LOADED","timestamp":"2026-08-27T12:23:32.812Z"}
27/8/2026, 5:53:31 pm | [2026-08-27T12:23:32.812Z] [LOG] {"page":"CashClosingDashboard","event":"CASH_CLOSING_NEXT_PAGE","currentPage":2,"timestamp":"2026-08-27T12:23:32.812Z"}
27/8/2026, 5:53:31 pm | [2026-08-27T12:23:33.021Z] [LOG] {"page":"CashClosingDashboard","event":"CASH_CLOSING_DASHBOARD_PAGE_LOADED","timestamp":"2026-08-27T12:23:33.021Z"}
27/8/2026, 5:53:31 pm | [2026-08-27T12:23:33.020Z] [LOG] {"page":"CashClosingDashboard","event":"CASH_CLOSING_NEXT_PAGE","currentPage":3,"timestamp":"2026-08-27T12:23:33.020Z"}
27/8/2026, 5:53:33 pm | [2026-08-27T12:23:34.452Z] [LOG] {"page":"CashClosingDashboard","event":"CASH_CLOSING_DASHBOARD_PAGE_LOADED","timestamp":"2026-08-27T12:23:34.452Z"}
27/8/2026, 5:53:33 pm | [2026-08-27T12:23:34.452Z] [LOG] {"page":"CashClosingDashboard","event":"CASH_CLOSING_NEXT_PAGE","currentPage":4,"timestamp":"2026-08-27T12:23:34.452Z"}
27/8/2026, 5:53:35 pm | [2026-08-27T12:23:36.500Z] [LOG] {"page":"CashClosingDashboard","event":"CASH_CLOSING_DASHBOARD_PAGE_LOADED","timestamp":"2026-08-27T12:23:36.500Z"}
27/8/2026, 5:53:35 pm | [2026-08-27T12:23:36.500Z] [LOG] {"page":"CashClosingDashboard","event":"CASH_CLOSING_PREVIOUS_PAGE","currentPage":3,"timestamp":"2026-08-27T12:23:36.500Z"}
27/8/2026, 5:53:37 pm | [2026-08-27T12:23:38.628Z] [LOG] {"page":"CashClosingDashboard","event":"CASH_CLOSING_DASHBOARD_PAGE_LOADED","timestamp":"2026-08-27T12:23:38.628Z"}
27/8/2026, 5:53:37 pm | [2026-08-27T12:23:38.628Z] [LOG] {"page":"CashClosingDashboard","event":"CASH_CLOSING_PREVIOUS_PAGE","currentPage":2,"timestamp":"2026-08-27T12:23:38.628Z"}
27/8/2026, 5:53:39 pm | [2026-08-27T12:23:41.005Z] [LOG] {"page":"CashClosingDashboard","event":"CASH_CLOSING_RESET_CLICKED","timestamp":"2026-08-27T12:23:41.005Z"}
27/8/2026, 5:53:39 pm | [2026-08-27T12:23:41.006Z] [LOG] {"page":"CashClosingDashboard","event":"CASH_CLOSING_DASHBOARD_PAGE_LOADED","timestamp":"2026-08-27T12:23:41.006Z"}
27/8/2026, 5:53:39 pm | [2026-08-27T12:23:41.098Z] [LOG] {"page":"CashClosingDashboard","event":"CASH_CLOSING_RESET_SUCCESS","totalRecords":56,"timestamp":"2026-08-27T12:23:41.098Z"}
27/8/2026, 5:53:39 pm | [2026-08-27T12:23:41.099Z] [LOG] {"page":"CashClosingDashboard","event":"CASH_CLOSING_DASHBOARD_PAGE_LOADED","timestamp":"2026-08-27T12:23:41.099Z"}
27/8/2026, 5:53:39 pm | [2026-08-27T12:23:40.412Z] [LOG] {"page":"CashClosingDashboard","event":"CASH_CLOSING_DASHBOARD_PAGE_LOADED","timestamp":"2026-08-27T12:23:40.412Z"}
27/8/2026, 5:53:39 pm | [2026-08-27T12:23:40.412Z] [LOG] {"page":"CashClosingDashboard","event":"CASH_CLOSING_PREVIOUS_PAGE","currentPage":1,"timestamp":"2026-08-27T12:23:40.412Z"}
27/8/2026, 5:53:39 pm | [2026-08-27T12:23:41.181Z] [LOG] {"page":"CashClosingDashboard","event":"CASH_CLOSING_RESET_CLICKED","timestamp":"2026-08-27T12:23:41.181Z"}
27/8/2026, 5:53:39 pm | [2026-08-27T12:23:41.181Z] [LOG] {"page":"CashClosingDashboard","event":"CASH_CLOSING_DASHBOARD_PAGE_LOADED","timestamp":"2026-08-27T12:23:41.181Z"}
27/8/2026, 5:53:39 pm | [2026-08-27T12:23:41.236Z] [LOG] {"page":"CashClosingDashboard","event":"CASH_CLOSING_RESET_SUCCESS","totalRecords":56,"timestamp":"2026-08-27T12:23:41.236Z"}
27/8/2026, 5:53:39 pm | [2026-08-27T12:23:41.237Z] [LOG] {"page":"CashClosingDashboard","event":"CASH_CLOSING_DASHBOARD_PAGE_LOADED","timestamp":"2026-08-27T12:23:41.237Z"}
27/8/2026, 5:53:39 pm | [2026-08-27T12:23:41.334Z] [LOG] {"page":"CashClosingDashboard","event":"CASH_CLOSING_DASHBOARD_PAGE_LOADED","timestamp":"2026-08-27T12:23:41.334Z"}
27/8/2026, 5:53:39 pm | [2026-08-27T12:23:41.333Z] [LOG] {"page":"CashClosingDashboard","event":"CASH_CLOSING_RESET_CLICKED","timestamp":"2026-08-27T12:23:41.333Z"}
27/8/2026, 5:53:39 pm | [2026-08-27T12:23:41.388Z] [LOG] {"page":"CashClosingDashboard","event":"CASH_CLOSING_RESET_SUCCESS","totalRecords":56,"timestamp":"2026-08-27T12:23:41.388Z"}
27/8/2026, 5:53:39 pm | [2026-08-27T12:23:41.391Z] [LOG] {"page":"CashClosingDashboard","event":"CASH_CLOSING_DASHBOARD_PAGE_LOADED","timestamp":"2026-08-27T12:23:41.391Z"}
27/8/2026, 5:53:39 pm | [2026-08-27T12:23:41.486Z] [LOG] {"page":"CashClosingDashboard","event":"CASH_CLOSING_DASHBOARD_PAGE_LOADED","timestamp":"2026-08-27T12:23:41.486Z"}
27/8/2026, 5:53:39 pm | [2026-08-27T12:23:41.485Z] [LOG] {"page":"CashClosingDashboard","event":"CASH_CLOSING_RESET_CLICKED","timestamp":"2026-08-27T12:23:41.485Z"}
27/8/2026, 5:53:39 pm | [2026-08-27T12:23:41.537Z] [LOG] {"page":"CashClosingDashboard","event":"CASH_CLOSING_RESET_SUCCESS","totalRecords":56,"timestamp":"2026-08-27T12:23:41.537Z"}
27/8/2026, 5:53:39 pm | [2026-08-27T12:23:41.537Z] [LOG] {"page":"CashClosingDashboard","event":"CASH_CLOSING_DASHBOARD_PAGE_LOADED","timestamp":"2026-08-27T12:23:41.537Z"}
27/8/2026, 5:53:39 pm | [2026-08-27T12:23:41.630Z] [LOG] {"page":"CashClosingDashboard","event":"CASH_CLOSING_DASHBOARD_PAGE_LOADED","timestamp":"2026-08-27T12:23:41.630Z"}
27/8/2026, 5:53:39 pm | [2026-08-27T12:23:41.629Z] [LOG] {"page":"CashClosingDashboard","event":"CASH_CLOSING_RESET_CLICKED","timestamp":"2026-08-27T12:23:41.629Z"}
27/8/2026, 5:53:39 pm | [2026-08-27T12:23:41.691Z] [LOG] {"page":"CashClosingDashboard","event":"CASH_CLOSING_RESET_SUCCESS","totalRecords":56,"timestamp":"2026-08-27T12:23:41.691Z"}
27/8/2026, 5:53:39 pm | [2026-08-27T12:23:41.692Z] [LOG] {"page":"CashClosingDashboard","event":"CASH_CLOSING_DASHBOARD_PAGE_LOADED","timestamp":"2026-08-27T12:23:41.692Z"}
27/8/2026, 5:53:40 pm | [2026-08-27T12:23:41.868Z] [LOG] {"page":"CashClosingDashboard","event":"CASH_CLOSING_RESET_CLICKED","timestamp":"2026-08-27T12:23:41.868Z"}
27/8/2026, 5:53:40 pm | [2026-08-27T12:23:41.869Z] [LOG] {"page":"CashClosingDashboard","event":"CASH_CLOSING_DASHBOARD_PAGE_LOADED","timestamp":"2026-08-27T12:23:41.869Z"}
27/8/2026, 5:53:40 pm | [2026-08-27T12:23:41.956Z] [LOG] {"page":"CashClosingDashboard","event":"CASH_CLOSING_DASHBOARD_PAGE_LOADED","timestamp":"2026-08-27T12:23:41.956Z"}
27/8/2026, 5:53:40 pm | [2026-08-27T12:23:41.955Z] [LOG] {"page":"CashClosingDashboard","event":"CASH_CLOSING_RESET_SUCCESS","totalRecords":56,"timestamp":"2026-08-27T12:23:41.955Z"}
27/8/2026, 5:53:41 pm | [2026-08-27T12:23:42.037Z] [LOG] {"page":"CashClosingDashboard","event":"CASH_CLOSING_DASHBOARD_PAGE_LOADED","timestamp":"2026-08-27T12:23:42.037Z"}
27/8/2026, 5:53:41 pm | [2026-08-27T12:23:42.036Z] [LOG] {"page":"CashClosingDashboard","event":"CASH_CLOSING_RESET_CLICKED","timestamp":"2026-08-27T12:23:42.036Z"}
27/8/2026, 5:53:41 pm | [2026-08-27T12:23:42.092Z] [LOG] {"page":"CashClosingDashboard","event":"CASH_CLOSING_RESET_SUCCESS","totalRecords":56,"timestamp":"2026-08-27T12:23:42.092Z"}
27/8/2026, 5:53:41 pm | [2026-08-27T12:23:42.093Z] [LOG] {"page":"CashClosingDashboard","event":"CASH_CLOSING_DASHBOARD_PAGE_LOADED","timestamp":"2026-08-27T12:23:42.093Z"}
27/8/2026, 5:53:41 pm | [2026-08-27T12:23:42.228Z] [LOG] {"page":"CashClosingDashboard","event":"CASH_CLOSING_RESET_CLICKED","timestamp":"2026-08-27T12:23:42.228Z"}
27/8/2026, 5:53:41 pm | [2026-08-27T12:23:42.228Z] [LOG] {"page":"CashClosingDashboard","event":"CASH_CLOSING_DASHBOARD_PAGE_LOADED","timestamp":"2026-08-27T12:23:42.228Z"}
27/8/2026, 5:53:41 pm | [2026-08-27T12:23:42.282Z] [LOG] {"page":"CashClosingDashboard","event":"CASH_CLOSING_RESET_SUCCESS","totalRecords":56,"timestamp":"2026-08-27T12:23:42.282Z"}
27/8/2026, 5:53:41 pm | [2026-08-27T12:23:42.283Z] [LOG] {"page":"CashClosingDashboard","event":"CASH_CLOSING_DASHBOARD_PAGE_LOADED","timestamp":"2026-08-27T12:23:42.283Z"}
27/8/2026, 5:53:41 pm | [2026-08-27T12:23:42.420Z] [LOG] {"page":"CashClosingDashboard","event":"CASH_CLOSING_RESET_CLICKED","timestamp":"2026-08-27T12:23:42.420Z"}
27/8/2026, 5:53:41 pm | [2026-08-27T12:23:42.421Z] [LOG] {"page":"CashClosingDashboard","event":"CASH_CLOSING_DASHBOARD_PAGE_LOADED","timestamp":"2026-08-27T12:23:42.421Z"}
27/8/2026, 5:53:41 pm | [2026-08-27T12:23:42.471Z] [LOG] {"page":"CashClosingDashboard","event":"CASH_CLOSING_RESET_SUCCESS","totalRecords":56,"timestamp":"2026-08-27T12:23:42.471Z"}
27/8/2026, 5:53:41 pm | [2026-08-27T12:23:42.472Z] [LOG] {"page":"CashClosingDashboard","event":"CASH_CLOSING_DASHBOARD_PAGE_LOADED","timestamp":"2026-08-27T12:23:42.472Z"}
27/8/2026, 5:53:41 pm | [2026-08-27T12:23:42.596Z] [LOG] {"page":"CashClosingDashboard","event":"CASH_CLOSING_RESET_CLICKED","timestamp":"2026-08-27T12:23:42.596Z"}
27/8/2026, 5:53:41 pm | [2026-08-27T12:23:42.597Z] [LOG] {"page":"CashClosingDashboard","event":"CASH_CLOSING_DASHBOARD_PAGE_LOADED","timestamp":"2026-08-27T12:23:42.597Z"}
27/8/2026, 5:53:41 pm | [2026-08-27T12:23:42.646Z] [LOG] {"page":"CashClosingDashboard","event":"CASH_CLOSING_RESET_SUCCESS","totalRecords":56,"timestamp":"2026-08-27T12:23:42.646Z"}
27/8/2026, 5:53:41 pm | [2026-08-27T12:23:42.647Z] [LOG] {"page":"CashClosingDashboard","event":"CASH_CLOSING_DASHBOARD_PAGE_LOADED","timestamp":"2026-08-27T12:23:42.647Z"}
27/8/2026, 5:53:41 pm | [2026-08-27T12:23:42.796Z] [LOG] {"page":"CashClosingDashboard","event":"CASH_CLOSING_RESET_CLICKED","timestamp":"2026-08-27T12:23:42.796Z"}
27/8/2026, 5:53:41 pm | [2026-08-27T12:23:42.797Z] [LOG] {"page":"CashClosingDashboard","event":"CASH_CLOSING_DASHBOARD_PAGE_LOADED","timestamp":"2026-08-27T12:23:42.797Z"}
27/8/2026, 5:53:41 pm | [2026-08-27T12:23:42.877Z] [LOG] {"page":"CashClosingDashboard","event":"CASH_CLOSING_RESET_SUCCESS","totalRecords":56,"timestamp":"2026-08-27T12:23:42.877Z"}
27/8/2026, 5:53:41 pm | [2026-08-27T12:23:42.878Z] [LOG] {"page":"CashClosingDashboard","event":"CASH_CLOSING_DASHBOARD_PAGE_LOADED","timestamp":"2026-08-27T12:23:42.878Z"}
27/8/2026, 5:53:46 pm | [2026-08-27T12:23:48.113Z] [LOG] {"page":"CashClosingDashboard","event":"CASH_CLOSING_DASHBOARD_PAGE_LOADED","timestamp":"2026-08-27T12:23:48.113Z"}
27/8/2026, 5:53:47 pm | [2026-08-27T12:23:49.543Z] [LOG] {"page":"CashClosingDashboard","event":"CASH_CLOSING_DASHBOARD_PAGE_LOADED","timestamp":"2026-08-27T12:23:49.543Z"}
27/8/2026, 5:53:48 pm | [2026-08-27T12:23:48.964Z] [LOG] {"page":"CashClosingDashboard","event":"CASH_CLOSING_RESET_CLICKED","timestamp":"2026-08-27T12:23:48.964Z"}
27/8/2026, 5:53:48 pm | [2026-08-27T12:23:48.965Z] [LOG] {"page":"CashClosingDashboard","event":"CASH_CLOSING_DASHBOARD_PAGE_LOADED","timestamp":"2026-08-27T12:23:48.965Z"}
27/8/2026, 5:53:48 pm | [2026-08-27T12:23:49.100Z] [LOG] {"page":"CashClosingDashboard","event":"CASH_CLOSING_DASHBOARD_PAGE_LOADED","timestamp":"2026-08-27T12:23:49.100Z"}
27/8/2026, 5:53:48 pm | [2026-08-27T12:23:49.099Z] [LOG] {"page":"CashClosingDashboard","event":"CASH_CLOSING_RESET_CLICKED","timestamp":"2026-08-27T12:23:49.099Z"}
27/8/2026, 5:53:48 pm | [2026-08-27T12:23:49.105Z] [LOG] {"page":"CashClosingDashboard","event":"CASH_CLOSING_RESET_SUCCESS","totalRecords":56,"timestamp":"2026-08-27T12:23:49.105Z"}
27/8/2026, 5:53:48 pm | [2026-08-27T12:23:49.106Z] [LOG] {"page":"CashClosingDashboard","event":"CASH_CLOSING_DASHBOARD_PAGE_LOADED","timestamp":"2026-08-27T12:23:49.106Z"}
27/8/2026, 5:53:48 pm | [2026-08-27T12:23:49.153Z] [LOG] {"page":"CashClosingDashboard","event":"CASH_CLOSING_DASHBOARD_PAGE_LOADED","timestamp":"2026-08-27T12:23:49.153Z"}
27/8/2026, 5:53:48 pm | [2026-08-27T12:23:49.152Z] [LOG] {"page":"CashClosingDashboard","event":"CASH_CLOSING_RESET_SUCCESS","totalRecords":56,"timestamp":"2026-08-27T12:23:49.152Z"}
27/8/2026, 5:53:49 pm | [2026-08-27T12:23:50.783Z] [LOG] {"page":"CashClosingDashboard","event":"CASH_CLOSING_NEXT_PAGE","currentPage":2,"timestamp":"2026-08-27T12:23:50.783Z"}
27/8/2026, 5:53:49 pm | [2026-08-27T12:23:50.783Z] [LOG] {"page":"CashClosingDashboard","event":"CASH_CLOSING_DASHBOARD_PAGE_LOADED","timestamp":"2026-08-27T12:23:50.783Z"}
27/8/2026, 5:53:49 pm | [2026-08-27T12:23:51.079Z] [LOG] {"page":"CashClosingDashboard","event":"CASH_CLOSING_NEXT_PAGE","currentPage":3,"timestamp":"2026-08-27T12:23:51.079Z"}
27/8/2026, 5:53:49 pm | [2026-08-27T12:23:51.079Z] [LOG] {"page":"CashClosingDashboard","event":"CASH_CLOSING_DASHBOARD_PAGE_LOADED","timestamp":"2026-08-27T12:23:51.079Z"}
27/8/2026, 5:53:49 pm | [2026-08-27T12:23:51.287Z] [LOG] {"page":"CashClosingDashboard","event":"CASH_CLOSING_NEXT_PAGE","currentPage":4,"timestamp":"2026-08-27T12:23:51.287Z"}
27/8/2026, 5:53:49 pm | [2026-08-27T12:23:51.287Z] [LOG] {"page":"CashClosingDashboard","event":"CASH_CLOSING_DASHBOARD_PAGE_LOADED","timestamp":"2026-08-27T12:23:51.287Z"}
27/8/2026, 5:53:51 pm | [2026-08-27T12:23:52.629Z] [LOG] {"page":"CashClosingDashboard","event":"CASH_CLOSING_DASHBOARD_PAGE_LOADED","timestamp":"2026-08-27T12:23:52.629Z"}
27/8/2026, 5:53:51 pm | [2026-08-27T12:23:52.628Z] [LOG] {"page":"CashClosingDashboard","event":"CASH_CLOSING_NEXT_PAGE","currentPage":2,"timestamp":"2026-08-27T12:23:52.628Z"}
27/8/2026, 5:53:53 pm | [2026-08-27T12:23:54.580Z] [LOG] {"page":"CashClosingDashboard","event":"CASH_CLOSING_DASHBOARD_PAGE_LOADED","timestamp":"2026-08-27T12:23:54.580Z"}
27/8/2026, 5:53:53 pm | [2026-08-27T12:23:54.580Z] [LOG] {"page":"CashClosingDashboard","event":"CASH_CLOSING_NEXT_PAGE","currentPage":3,"timestamp":"2026-08-27T12:23:54.580Z"}
27/8/2026, 5:53:55 pm | [2026-08-27T12:23:56.508Z] [LOG] {"page":"CashClosingDashboard","event":"CASH_CLOSING_DASHBOARD_PAGE_LOADED","timestamp":"2026-08-27T12:23:56.508Z"}
27/8/2026, 5:53:55 pm | [2026-08-27T12:23:56.508Z] [LOG] {"page":"CashClosingDashboard","event":"CASH_CLOSING_NEXT_PAGE","currentPage":4,"timestamp":"2026-08-27T12:23:56.508Z"}
27/8/2026, 5:53:55 pm | [2026-08-27T12:23:57.351Z] [LOG] {"page":"CashClosingDashboard","event":"CASH_CLOSING_RESET_CLICKED","timestamp":"2026-08-27T12:23:57.351Z"}
27/8/2026, 5:53:55 pm | [2026-08-27T12:23:57.351Z] [LOG] {"page":"CashClosingDashboard","event":"CASH_CLOSING_DASHBOARD_PAGE_LOADED","timestamp":"2026-08-27T12:23:57.351Z"}
27/8/2026, 5:53:55 pm | [2026-08-27T12:23:57.505Z] [LOG] {"page":"CashClosingDashboard","event":"CASH_CLOSING_RESET_SUCCESS","totalRecords":56,"timestamp":"2026-08-27T12:23:57.505Z"}
27/8/2026, 5:53:55 pm | [2026-08-27T12:23:57.506Z] [LOG] {"page":"CashClosingDashboard","event":"CASH_CLOSING_DASHBOARD_PAGE_LOADED","timestamp":"2026-08-27T12:23:57.506Z"}
27/8/2026, 5:53:56 pm | [2026-08-27T12:23:57.847Z] [LOG] {"page":"CashClosingDashboard","event":"CASH_CLOSING_DASHBOARD_PAGE_LOADED","timestamp":"2026-08-27T12:23:57.847Z"}
27/8/2026, 5:53:56 pm | [2026-08-27T12:23:57.847Z] [LOG] {"page":"CashClosingDashboard","event":"CASH_CLOSING_RESET_CLICKED","timestamp":"2026-08-27T12:23:57.847Z"}
27/8/2026, 5:53:56 pm | [2026-08-27T12:23:57.901Z] [LOG] {"page":"CashClosingDashboard","event":"CASH_CLOSING_RESET_SUCCESS","totalRecords":56,"timestamp":"2026-08-27T12:23:57.901Z"}
27/8/2026, 5:53:56 pm | [2026-08-27T12:23:57.902Z] [LOG] {"page":"CashClosingDashboard","event":"CASH_CLOSING_DASHBOARD_PAGE_LOADED","timestamp":"2026-08-27T12:23:57.902Z"}
27/8/2026, 5:53:56 pm | [2026-08-27T12:23:58.408Z] [LOG] {"page":"CashClosingDashboard","event":"CASH_CLOSING_DASHBOARD_PAGE_LOADED","timestamp":"2026-08-27T12:23:58.408Z"}
27/8/2026, 5:53:56 pm | [2026-08-27T12:23:58.407Z] [LOG] {"page":"CashClosingDashboard","event":"CASH_CLOSING_RESET_CLICKED","timestamp":"2026-08-27T12:23:58.407Z"}
27/8/2026, 5:53:56 pm | [2026-08-27T12:23:58.459Z] [LOG] {"page":"CashClosingDashboard","event":"CASH_CLOSING_RESET_SUCCESS","totalRecords":56,"timestamp":"2026-08-27T12:23:58.459Z"}
27/8/2026, 5:53:56 pm | [2026-08-27T12:23:58.459Z] [LOG] {"page":"CashClosingDashboard","event":"CASH_CLOSING_DASHBOARD_PAGE_LOADED","timestamp":"2026-08-27T12:23:58.459Z"}
27/8/2026, 5:53:57 pm | [2026-08-27T12:23:58.875Z] [LOG] {"page":"CashClosingDashboard","event":"CASH_CLOSING_RESET_CLICKED","timestamp":"2026-08-27T12:23:58.875Z"}
27/8/2026, 5:53:57 pm | [2026-08-27T12:23:58.876Z] [LOG] {"page":"CashClosingDashboard","event":"CASH_CLOSING_DASHBOARD_PAGE_LOADED","timestamp":"2026-08-27T12:23:58.876Z"}
27/8/2026, 5:53:57 pm | [2026-08-27T12:23:58.972Z] [LOG] {"page":"CashClosingDashboard","event":"CASH_CLOSING_RESET_SUCCESS","totalRecords":56,"timestamp":"2026-08-27T12:23:58.972Z"}
27/8/2026, 5:53:57 pm | [2026-08-27T12:23:58.973Z] [LOG] {"page":"CashClosingDashboard","event":"CASH_CLOSING_DASHBOARD_PAGE_LOADED","timestamp":"2026-08-27T12:23:58.973Z"}
27/8/2026, 5:53:58 pm | [2026-08-27T12:23:59.060Z] [LOG] {"page":"CashClosingDashboard","event":"CASH_CLOSING_DASHBOARD_PAGE_LOADED","timestamp":"2026-08-27T12:23:59.060Z"}
27/8/2026, 5:53:58 pm | [2026-08-27T12:23:59.060Z] [LOG] {"page":"CashClosingDashboard","event":"CASH_CLOSING_RESET_CLICKED","timestamp":"2026-08-27T12:23:59.060Z"}
27/8/2026, 5:53:58 pm | [2026-08-27T12:23:59.113Z] [LOG] {"page":"CashClosingDashboard","event":"CASH_CLOSING_RESET_SUCCESS","totalRecords":56,"timestamp":"2026-08-27T12:23:59.113Z"}
27/8/2026, 5:53:58 pm | [2026-08-27T12:23:59.114Z] [LOG] {"page":"CashClosingDashboard","event":"CASH_CLOSING_DASHBOARD_PAGE_LOADED","timestamp":"2026-08-27T12:23:59.114Z"}
27/8/2026, 5:53:58 pm | [2026-08-27T12:23:59.727Z] [LOG] {"page":"CashClosingDashboard","event":"CASH_CLOSING_DASHBOARD_PAGE_LOADED","timestamp":"2026-08-27T12:23:59.727Z"}
27/8/2026, 5:53:58 pm | [2026-08-27T12:23:59.727Z] [LOG] {"page":"CashClosingDashboard","event":"CASH_CLOSING_NEXT_PAGE","currentPage":2,"timestamp":"2026-08-27T12:23:59.727Z"}
27/8/2026, 5:53:58 pm | [2026-08-27T12:23:59.261Z] [LOG] {"page":"CashClosingDashboard","event":"CASH_CLOSING_DASHBOARD_PAGE_LOADED","timestamp":"2026-08-27T12:23:59.261Z"}
27/8/2026, 5:53:58 pm | [2026-08-27T12:23:59.260Z] [LOG] {"page":"CashClosingDashboard","event":"CASH_CLOSING_RESET_CLICKED","timestamp":"2026-08-27T12:23:59.260Z"}
27/8/2026, 5:53:58 pm | [2026-08-27T12:23:59.312Z] [LOG] {"page":"CashClosingDashboard","event":"CASH_CLOSING_RESET_SUCCESS","totalRecords":56,"timestamp":"2026-08-27T12:23:59.312Z"}
27/8/2026, 5:53:58 pm | [2026-08-27T12:23:59.313Z] [LOG] {"page":"CashClosingDashboard","event":"CASH_CLOSING_DASHBOARD_PAGE_LOADED","timestamp":"2026-08-27T12:23:59.313Z"}
27/8/2026, 5:53:59 pm | [2026-08-27T12:24:00.983Z] [LOG] {"page":"CashClosingDashboard","event":"CASH_CLOSING_DASHBOARD_PAGE_LOADED","timestamp":"2026-08-27T12:24:00.983Z"}
27/8/2026, 5:53:59 pm | [2026-08-27T12:24:00.982Z] [LOG] {"page":"CashClosingDashboard","event":"CASH_CLOSING_NEXT_PAGE","currentPage":3,"timestamp":"2026-08-27T12:24:00.982Z"}
27/8/2026, 5:53:59 pm | [2026-08-27T12:24:00.741Z] [LOG] {"page":"CashClosingDashboard","event":"CASH_CLOSING_DASHBOARD_PAGE_LOADED","timestamp":"2026-08-27T12:24:00.741Z"}
27/8/2026, 5:53:59 pm | [2026-08-27T12:24:00.740Z] [LOG] {"page":"CashClosingDashboard","event":"CASH_CLOSING_RESET_CLICKED","timestamp":"2026-08-27T12:24:00.740Z"}
27/8/2026, 5:53:59 pm | [2026-08-27T12:24:00.793Z] [LOG] {"page":"CashClosingDashboard","event":"CASH_CLOSING_RESET_SUCCESS","totalRecords":56,"timestamp":"2026-08-27T12:24:00.792Z"}
27/8/2026, 5:53:59 pm | [2026-08-27T12:24:00.793Z] [LOG] {"page":"CashClosingDashboard","event":"CASH_CLOSING_DASHBOARD_PAGE_LOADED","timestamp":"2026-08-27T12:24:00.793Z"}
27/8/2026, 5:53:59 pm | [2026-08-27T12:24:00.932Z] [LOG] {"page":"CashClosingDashboard","event":"CASH_CLOSING_RESET_CLICKED","timestamp":"2026-08-27T12:24:00.931Z"}
27/8/2026, 5:53:59 pm | [2026-08-27T12:24:00.932Z] [LOG] {"page":"CashClosingDashboard","event":"CASH_CLOSING_DASHBOARD_PAGE_LOADED","timestamp":"2026-08-27T12:24:00.932Z"}
27/8/2026, 5:53:59 pm | [2026-08-27T12:24:00.987Z] [LOG] {"page":"CashClosingDashboard","event":"CASH_CLOSING_RESET_SUCCESS","totalRecords":56,"timestamp":"2026-08-27T12:24:00.987Z"}
27/8/2026, 5:53:59 pm | [2026-08-27T12:24:00.988Z] [LOG] {"page":"CashClosingDashboard","event":"CASH_CLOSING_DASHBOARD_PAGE_LOADED","timestamp":"2026-08-27T12:24:00.988Z"}
27/8/2026, 5:54:00 pm | [2026-08-27T12:24:01.117Z] [LOG] {"page":"CashClosingDashboard","event":"CASH_CLOSING_DASHBOARD_PAGE_LOADED","timestamp":"2026-08-27T12:24:01.117Z"}
27/8/2026, 5:54:00 pm | [2026-08-27T12:24:01.116Z] [LOG] {"page":"CashClosingDashboard","event":"CASH_CLOSING_RESET_CLICKED","timestamp":"2026-08-27T12:24:01.116Z"}
27/8/2026, 5:54:00 pm | [2026-08-27T12:24:01.170Z] [LOG] {"page":"CashClosingDashboard","event":"CASH_CLOSING_RESET_SUCCESS","totalRecords":56,"timestamp":"2026-08-27T12:24:01.170Z"}
27/8/2026, 5:54:00 pm | [2026-08-27T12:24:01.171Z] [LOG] {"page":"CashClosingDashboard","event":"CASH_CLOSING_DASHBOARD_PAGE_LOADED","timestamp":"2026-08-27T12:24:01.171Z"}
27/8/2026, 5:54:00 pm | [2026-08-27T12:24:02.028Z] [LOG] {"page":"CashClosingDashboard","event":"CASH_CLOSING_DASHBOARD_PAGE_LOADED","timestamp":"2026-08-27T12:24:02.028Z"}
27/8/2026, 5:54:00 pm | [2026-08-27T12:24:02.028Z] [LOG] {"page":"CashClosingDashboard","event":"CASH_CLOSING_RESET_CLICKED","timestamp":"2026-08-27T12:24:02.028Z"}
27/8/2026, 5:54:01 pm | [2026-08-27T12:24:02.080Z] [LOG] {"page":"CashClosingDashboard","event":"CASH_CLOSING_RESET_SUCCESS","totalRecords":56,"timestamp":"2026-08-27T12:24:02.080Z"}
27/8/2026, 5:54:01 pm | [2026-08-27T12:24:02.081Z] [LOG] {"page":"CashClosingDashboard","event":"CASH_CLOSING_DASHBOARD_PAGE_LOADED","timestamp":"2026-08-27T12:24:02.081Z"}
27/8/2026, 5:54:01 pm | [2026-08-27T12:24:02.205Z] [LOG] {"page":"CashClosingDashboard","event":"CASH_CLOSING_DASHBOARD_PAGE_LOADED","timestamp":"2026-08-27T12:24:02.205Z"}
27/8/2026, 5:54:01 pm | [2026-08-27T12:24:02.204Z] [LOG] {"page":"CashClosingDashboard","event":"CASH_CLOSING_RESET_CLICKED","timestamp":"2026-08-27T12:24:02.204Z"}
27/8/2026, 5:54:01 pm | [2026-08-27T12:24:02.256Z] [LOG] {"page":"CashClosingDashboard","event":"CASH_CLOSING_RESET_SUCCESS","totalRecords":56,"timestamp":"2026-08-27T12:24:02.256Z"}
27/8/2026, 5:54:01 pm | [2026-08-27T12:24:02.257Z] [LOG] {"page":"CashClosingDashboard","event":"CASH_CLOSING_DASHBOARD_PAGE_LOADED","timestamp":"2026-08-27T12:24:02.257Z"}
27/8/2026, 5:54:03 pm | [2026-08-27T12:24:05.150Z] [LOG] {"page":"CashClosingDashboard","event":"CASH_CLOSING_PREVIOUS_PAGE","currentPage":2,"timestamp":"2026-08-27T12:24:05.150Z"}
27/8/2026, 5:54:03 pm | [2026-08-27T12:24:05.150Z] [LOG] {"page":"CashClosingDashboard","event":"CASH_CLOSING_DASHBOARD_PAGE_LOADED","timestamp":"2026-08-27T12:24:05.150Z"}
27/8/2026, 5:54:03 pm | [2026-08-27T12:24:05.398Z] [LOG] {"page":"CashClosingDashboard","event":"CASH_CLOSING_DASHBOARD_PAGE_LOADED","timestamp":"2026-08-27T12:24:05.398Z"}
27/8/2026, 5:54:03 pm | [2026-08-27T12:24:05.398Z] [LOG] {"page":"CashClosingDashboard","event":"CASH_CLOSING_PREVIOUS_PAGE","currentPage":1,"timestamp":"2026-08-27T12:24:05.398Z"}
27/8/2026, 5:54:03 pm | [2026-08-27T12:24:05.028Z] [LOG] {"page":"CashClosingDashboard","event":"CASH_CLOSING_DASHBOARD_PAGE_LOADED","timestamp":"2026-08-27T12:24:05.028Z"}
27/8/2026, 5:54:03 pm | [2026-08-27T12:24:05.028Z] [LOG] {"page":"CashClosingDashboard","event":"CASH_CLOSING_NEXT_PAGE","currentPage":2,"timestamp":"2026-08-27T12:24:05.028Z"}
27/8/2026, 5:54:05 pm | [2026-08-27T12:24:06.420Z] [LOG] {"page":"CashClosingDashboard","event":"CASH_CLOSING_NEXT_PAGE","currentPage":3,"timestamp":"2026-08-27T12:24:06.420Z"}
27/8/2026, 5:54:05 pm | [2026-08-27T12:24:06.421Z] [LOG] {"page":"CashClosingDashboard","event":"CASH_CLOSING_DASHBOARD_PAGE_LOADED","timestamp":"2026-08-27T12:24:06.421Z"}
27/8/2026, 5:54:09 pm | [2026-08-27T12:24:10.956Z] [LOG] {"page":"CashClosingDashboard","event":"CASH_CLOSING_DASHBOARD_PAGE_LOADED","timestamp":"2026-08-27T12:24:10.956Z"}
27/8/2026, 5:54:09 pm | [2026-08-27T12:24:10.955Z] [LOG] {"page":"CashClosingDashboard","event":"CASH_CLOSING_NEXT_PAGE","currentPage":4,"timestamp":"2026-08-27T12:24:10.955Z"}
27/8/2026, 5:54:10 pm | [2026-08-27T12:24:11.814Z] [LOG] {"page":"CashClosingDashboard","event":"CASH_CLOSING_NEXT_PAGE","currentPage":2,"timestamp":"2026-08-27T12:24:11.814Z"}
27/8/2026, 5:54:10 pm | [2026-08-27T12:24:11.814Z] [LOG] {"page":"CashClosingDashboard","event":"CASH_CLOSING_DASHBOARD_PAGE_LOADED","timestamp":"2026-08-27T12:24:11.814Z"}
27/8/2026, 5:54:11 pm | [2026-08-27T12:24:13.039Z] [LOG] {"page":"CashClosingDashboard","event":"CASH_CLOSING_NEXT_PAGE","currentPage":3,"timestamp":"2026-08-27T12:24:13.039Z"}
27/8/2026, 5:54:11 pm | [2026-08-27T12:24:13.039Z] [LOG] {"page":"CashClosingDashboard","event":"CASH_CLOSING_DASHBOARD_PAGE_LOADED","timestamp":"2026-08-27T12:24:13.039Z"}
27/8/2026, 5:54:13 pm | [2026-08-27T12:24:15.214Z] [LOG] {"page":"CashClosingDashboard","event":"CASH_CLOSING_NEXT_PAGE","currentPage":4,"timestamp":"2026-08-27T12:24:15.214Z"}
27/8/2026, 5:54:13 pm | [2026-08-27T12:24:15.215Z] [LOG] {"page":"CashClosingDashboard","event":"CASH_CLOSING_DASHBOARD_PAGE_LOADED","timestamp":"2026-08-27T12:24:15.215Z"}
27/8/2026, 5:54:13 pm | [2026-08-27T12:24:15.517Z] [LOG] {"page":"CashClosingDashboard","event":"CASH_CLOSING_RESET_CLICKED","timestamp":"2026-08-27T12:24:15.517Z"}
27/8/2026, 5:54:13 pm | [2026-08-27T12:24:15.518Z] [LOG] {"page":"CashClosingDashboard","event":"CASH_CLOSING_DASHBOARD_PAGE_LOADED","timestamp":"2026-08-27T12:24:15.518Z"}
27/8/2026, 5:54:13 pm | [2026-08-27T12:24:15.604Z] [LOG] {"page":"CashClosingDashboard","event":"CASH_CLOSING_RESET_SUCCESS","totalRecords":56,"timestamp":"2026-08-27T12:24:15.604Z"}
27/8/2026, 5:54:13 pm | [2026-08-27T12:24:15.605Z] [LOG] {"page":"CashClosingDashboard","event":"CASH_CLOSING_DASHBOARD_PAGE_LOADED","timestamp":"2026-08-27T12:24:15.605Z"}
27/8/2026, 5:54:13 pm | [2026-08-27T12:24:15.685Z] [LOG] {"page":"CashClosingDashboard","event":"CASH_CLOSING_RESET_CLICKED","timestamp":"2026-08-27T12:24:15.685Z"}
27/8/2026, 5:54:13 pm | [2026-08-27T12:24:15.686Z] [LOG] {"page":"CashClosingDashboard","event":"CASH_CLOSING_DASHBOARD_PAGE_LOADED","timestamp":"2026-08-27T12:24:15.686Z"}
27/8/2026, 5:54:13 pm | [2026-08-27T12:24:15.739Z] [LOG] {"page":"CashClosingDashboard","event":"CASH_CLOSING_RESET_SUCCESS","totalRecords":56,"timestamp":"2026-08-27T12:24:15.739Z"}
27/8/2026, 5:54:13 pm | [2026-08-27T12:24:15.739Z] [LOG] {"page":"CashClosingDashboard","event":"CASH_CLOSING_DASHBOARD_PAGE_LOADED","timestamp":"2026-08-27T12:24:15.739Z"}
27/8/2026, 5:54:14 pm | [2026-08-27T12:24:15.845Z] [LOG] {"page":"CashClosingDashboard","event":"CASH_CLOSING_RESET_CLICKED","timestamp":"2026-08-27T12:24:15.845Z"}
27/8/2026, 5:54:14 pm | [2026-08-27T12:24:15.846Z] [LOG] {"page":"CashClosingDashboard","event":"CASH_CLOSING_DASHBOARD_PAGE_LOADED","timestamp":"2026-08-27T12:24:15.846Z"}
27/8/2026, 5:54:14 pm | [2026-08-27T12:24:15.898Z] [LOG] {"page":"CashClosingDashboard","event":"CASH_CLOSING_RESET_SUCCESS","totalRecords":56,"timestamp":"2026-08-27T12:24:15.898Z"}
27/8/2026, 5:54:14 pm | [2026-08-27T12:24:15.899Z] [LOG] {"page":"CashClosingDashboard","event":"CASH_CLOSING_DASHBOARD_PAGE_LOADED","timestamp":"2026-08-27T12:24:15.899Z"}
27/8/2026, 5:54:14 pm | [2026-08-27T12:24:16.013Z] [LOG] {"page":"CashClosingDashboard","event":"CASH_CLOSING_RESET_CLICKED","timestamp":"2026-08-27T12:24:16.013Z"}
27/8/2026, 5:54:14 pm | [2026-08-27T12:24:16.014Z] [LOG] {"page":"CashClosingDashboard","event":"CASH_CLOSING_DASHBOARD_PAGE_LOADED","timestamp":"2026-08-27T12:24:16.014Z"}
27/8/2026, 5:54:14 pm | [2026-08-27T12:24:16.065Z] [LOG] {"page":"CashClosingDashboard","event":"CASH_CLOSING_RESET_SUCCESS","totalRecords":56,"timestamp":"2026-08-27T12:24:16.065Z"}
27/8/2026, 5:54:14 pm | [2026-08-27T12:24:16.065Z] [LOG] {"page":"CashClosingDashboard","event":"CASH_CLOSING_DASHBOARD_PAGE_LOADED","timestamp":"2026-08-27T12:24:16.065Z"}
27/8/2026, 5:54:14 pm | [2026-08-27T12:24:15.845Z] [LOG] {"page":"CashClosingDashboard","event":"CASH_CLOSING_DASHBOARD_PAGE_LOADED","timestamp":"2026-08-27T12:24:15.845Z"}
27/8/2026, 5:54:14 pm | [2026-08-27T12:24:15.844Z] [LOG] {"page":"CashClosingDashboard","event":"CASH_CLOSING_PREVIOUS_PAGE","currentPage":3,"timestamp":"2026-08-27T12:24:15.844Z"}
27/8/2026, 5:54:14 pm | [2026-08-27T12:24:16.725Z] [LOG] {"page":"CashClosingDashboard","event":"CASH_CLOSING_RESET_CLICKED","timestamp":"2026-08-27T12:24:16.725Z"}
27/8/2026, 5:54:14 pm | [2026-08-27T12:24:16.726Z] [LOG] {"page":"CashClosingDashboard","event":"CASH_CLOSING_DASHBOARD_PAGE_LOADED","timestamp":"2026-08-27T12:24:16.726Z"}
27/8/2026, 5:54:15 pm | [2026-08-27T12:24:16.778Z] [LOG] {"page":"CashClosingDashboard","event":"CASH_CLOSING_RESET_SUCCESS","totalRecords":56,"timestamp":"2026-08-27T12:24:16.778Z"}
27/8/2026, 5:54:15 pm | [2026-08-27T12:24:16.778Z] [LOG] {"page":"CashClosingDashboard","event":"CASH_CLOSING_DASHBOARD_PAGE_LOADED","timestamp":"2026-08-27T12:24:16.778Z"}
27/8/2026, 5:54:15 pm | [2026-08-27T12:24:16.885Z] [LOG] {"page":"CashClosingDashboard","event":"CASH_CLOSING_RESET_CLICKED","timestamp":"2026-08-27T12:24:16.885Z"}
27/8/2026, 5:54:15 pm | [2026-08-27T12:24:16.886Z] [LOG] {"page":"CashClosingDashboard","event":"CASH_CLOSING_DASHBOARD_PAGE_LOADED","timestamp":"2026-08-27T12:24:16.886Z"}
27/8/2026, 5:54:15 pm | [2026-08-27T12:24:16.937Z] [LOG] {"page":"CashClosingDashboard","event":"CASH_CLOSING_RESET_SUCCESS","totalRecords":56,"timestamp":"2026-08-27T12:24:16.937Z"}
27/8/2026, 5:54:15 pm | [2026-08-27T12:24:16.938Z] [LOG] {"page":"CashClosingDashboard","event":"CASH_CLOSING_DASHBOARD_PAGE_LOADED","timestamp":"2026-08-27T12:24:16.938Z"}
27/8/2026, 5:54:15 pm | [2026-08-27T12:24:16.807Z] [LOG] {"page":"CashClosingDashboard","event":"CASH_CLOSING_DASHBOARD_PAGE_LOADED","timestamp":"2026-08-27T12:24:16.807Z"}
27/8/2026, 5:54:15 pm | [2026-08-27T12:24:16.807Z] [LOG] {"page":"CashClosingDashboard","event":"CASH_CLOSING_PREVIOUS_PAGE","currentPage":3,"timestamp":"2026-08-27T12:24:16.807Z"}
27/8/2026, 5:54:19 pm | [2026-08-27T12:24:20.605Z] [LOG] {"page":"CashClosingDashboard","event":"CASH_CLOSING_DASHBOARD_PAGE_LOADED","timestamp":"2026-08-27T12:24:20.605Z"}
27/8/2026, 5:54:19 pm | [2026-08-27T12:24:20.604Z] [LOG] {"page":"CashClosingDashboard","event":"CASH_CLOSING_PREVIOUS_PAGE","currentPage":2,"timestamp":"2026-08-27T12:24:20.604Z"}
27/8/2026, 5:54:19 pm | [2026-08-27T12:24:21.383Z] [LOG] {"page":"CashClosingDashboard","event":"CASH_CLOSING_DASHBOARD_PAGE_LOADED","timestamp":"2026-08-27T12:24:21.383Z"}
27/8/2026, 5:54:19 pm | [2026-08-27T12:24:21.382Z] [LOG] {"page":"CashClosingDashboard","event":"CASH_CLOSING_PREVIOUS_PAGE","currentPage":2,"timestamp":"2026-08-27T12:24:21.382Z"}
27/8/2026, 5:54:19 pm | [2026-08-27T12:24:20.964Z] [LOG] {"page":"CashClosingDashboard","event":"CASH_CLOSING_DASHBOARD_PAGE_LOADED","timestamp":"2026-08-27T12:24:20.964Z"}
27/8/2026, 5:54:19 pm | [2026-08-27T12:24:20.964Z] [LOG] {"page":"CashClosingDashboard","event":"CASH_CLOSING_PREVIOUS_PAGE","currentPage":1,"timestamp":"2026-08-27T12:24:20.964Z"}
27/8/2026, 5:54:22 pm | [2026-08-27T12:24:23.772Z] [LOG] {"page":"CashClosingDashboard","event":"CASH_CLOSING_DASHBOARD_PAGE_LOADED","timestamp":"2026-08-27T12:24:23.772Z"}
27/8/2026, 5:54:22 pm | [2026-08-27T12:24:23.772Z] [LOG] {"page":"CashClosingDashboard","event":"CASH_CLOSING_NEXT_PAGE","currentPage":2,"timestamp":"2026-08-27T12:24:23.772Z"}
27/8/2026, 5:54:22 pm | [2026-08-27T12:24:23.988Z] [LOG] {"page":"CashClosingDashboard","event":"CASH_CLOSING_NEXT_PAGE","currentPage":3,"timestamp":"2026-08-27T12:24:23.988Z"}
27/8/2026, 5:54:22 pm | [2026-08-27T12:24:23.988Z] [LOG] {"page":"CashClosingDashboard","event":"CASH_CLOSING_DASHBOARD_PAGE_LOADED","timestamp":"2026-08-27T12:24:23.988Z"}
27/8/2026, 5:54:25 pm | [2026-08-27T12:24:26.823Z] [LOG] {"page":"CashClosingDashboard","event":"CASH_CLOSING_PREVIOUS_PAGE","currentPage":1,"timestamp":"2026-08-27T12:24:26.823Z"}
27/8/2026, 5:54:25 pm | [2026-08-27T12:24:26.823Z] [LOG] {"page":"CashClosingDashboard","event":"CASH_CLOSING_DASHBOARD_PAGE_LOADED","timestamp":"2026-08-27T12:24:26.823Z"}
27/8/2026, 5:54:25 pm | [2026-08-27T12:24:27.525Z] [LOG] {"page":"CashClosingDashboard","event":"CASH_CLOSING_NEXT_PAGE","currentPage":2,"timestamp":"2026-08-27T12:24:27.525Z"}
27/8/2026, 5:54:25 pm | [2026-08-27T12:24:27.525Z] [LOG] {"page":"CashClosingDashboard","event":"CASH_CLOSING_DASHBOARD_PAGE_LOADED","timestamp":"2026-08-27T12:24:27.525Z"}
27/8/2026, 5:54:25 pm | [2026-08-27T12:24:26.996Z] [LOG] {"page":"CashClosingDashboard","event":"CASH_CLOSING_RESET_CLICKED","timestamp":"2026-08-27T12:24:26.996Z"}
27/8/2026, 5:54:25 pm | [2026-08-27T12:24:26.997Z] [LOG] {"page":"CashClosingDashboard","event":"CASH_CLOSING_DASHBOARD_PAGE_LOADED","timestamp":"2026-08-27T12:24:26.997Z"}
27/8/2026, 5:54:26 pm | [2026-08-27T12:24:27.079Z] [LOG] {"page":"CashClosingDashboard","event":"CASH_CLOSING_RESET_SUCCESS","totalRecords":56,"timestamp":"2026-08-27T12:24:27.079Z"}
27/8/2026, 5:54:26 pm | [2026-08-27T12:24:27.080Z] [LOG] {"page":"CashClosingDashboard","event":"CASH_CLOSING_DASHBOARD_PAGE_LOADED","timestamp":"2026-08-27T12:24:27.080Z"}
27/8/2026, 5:54:26 pm | [2026-08-27T12:24:27.180Z] [LOG] {"page":"CashClosingDashboard","event":"CASH_CLOSING_DASHBOARD_PAGE_LOADED","timestamp":"2026-08-27T12:24:27.180Z"}
27/8/2026, 5:54:26 pm | [2026-08-27T12:24:27.180Z] [LOG] {"page":"CashClosingDashboard","event":"CASH_CLOSING_RESET_CLICKED","timestamp":"2026-08-27T12:24:27.180Z"}
27/8/2026, 5:54:26 pm | [2026-08-27T12:24:27.234Z] [LOG] {"page":"CashClosingDashboard","event":"CASH_CLOSING_RESET_SUCCESS","totalRecords":56,"timestamp":"2026-08-27T12:24:27.234Z"}
27/8/2026, 5:54:26 pm | [2026-08-27T12:24:27.236Z] [LOG] {"page":"CashClosingDashboard","event":"CASH_CLOSING_DASHBOARD_PAGE_LOADED","timestamp":"2026-08-27T12:24:27.236Z"}
27/8/2026, 5:54:26 pm | [2026-08-27T12:24:28.181Z] [LOG] {"page":"CashClosingDashboard","event":"CASH_CLOSING_DASHBOARD_PAGE_LOADED","timestamp":"2026-08-27T12:24:28.181Z"}
27/8/2026, 5:54:26 pm | [2026-08-27T12:24:28.181Z] [LOG] {"page":"CashClosingDashboard","event":"CASH_CLOSING_NEXT_PAGE","currentPage":3,"timestamp":"2026-08-27T12:24:28.181Z"}
27/8/2026, 5:54:26 pm | [2026-08-27T12:24:27.781Z] [LOG] {"page":"CashClosingDashboard","event":"CASH_CLOSING_DASHBOARD_PAGE_LOADED","timestamp":"2026-08-27T12:24:27.781Z"}
27/8/2026, 5:54:26 pm | [2026-08-27T12:24:27.780Z] [LOG] {"page":"CashClosingDashboard","event":"CASH_CLOSING_RESET_CLICKED","timestamp":"2026-08-27T12:24:27.780Z"}
27/8/2026, 5:54:26 pm | [2026-08-27T12:24:27.833Z] [LOG] {"page":"CashClosingDashboard","event":"CASH_CLOSING_RESET_SUCCESS","totalRecords":56,"timestamp":"2026-08-27T12:24:27.833Z"}
27/8/2026, 5:54:26 pm | [2026-08-27T12:24:27.834Z] [LOG] {"page":"CashClosingDashboard","event":"CASH_CLOSING_DASHBOARD_PAGE_LOADED","timestamp":"2026-08-27T12:24:27.834Z"}
27/8/2026, 5:54:26 pm | [2026-08-27T12:24:27.973Z] [LOG] {"page":"CashClosingDashboard","event":"CASH_CLOSING_DASHBOARD_PAGE_LOADED","timestamp":"2026-08-27T12:24:27.973Z"}
27/8/2026, 5:54:26 pm | [2026-08-27T12:24:27.972Z] [LOG] {"page":"CashClosingDashboard","event":"CASH_CLOSING_RESET_CLICKED","timestamp":"2026-08-27T12:24:27.972Z"}
27/8/2026, 5:54:26 pm | [2026-08-27T12:24:28.026Z] [LOG] {"page":"CashClosingDashboard","event":"CASH_CLOSING_RESET_SUCCESS","totalRecords":56,"timestamp":"2026-08-27T12:24:28.026Z"}
27/8/2026, 5:54:26 pm | [2026-08-27T12:24:28.027Z] [LOG] {"page":"CashClosingDashboard","event":"CASH_CLOSING_DASHBOARD_PAGE_LOADED","timestamp":"2026-08-27T12:24:28.027Z"}
27/8/2026, 5:54:27 pm | [2026-08-27T12:24:28.164Z] [LOG] {"page":"CashClosingDashboard","event":"CASH_CLOSING_DASHBOARD_PAGE_LOADED","timestamp":"2026-08-27T12:24:28.164Z"}
27/8/2026, 5:54:27 pm | [2026-08-27T12:24:28.164Z] [LOG] {"page":"CashClosingDashboard","event":"CASH_CLOSING_RESET_CLICKED","timestamp":"2026-08-27T12:24:28.164Z"}
27/8/2026, 5:54:27 pm | [2026-08-27T12:24:28.214Z] [LOG] {"page":"CashClosingDashboard","event":"CASH_CLOSING_RESET_SUCCESS","totalRecords":56,"timestamp":"2026-08-27T12:24:28.214Z"}
27/8/2026, 5:54:27 pm | [2026-08-27T12:24:28.214Z] [LOG] {"page":"CashClosingDashboard","event":"CASH_CLOSING_DASHBOARD_PAGE_LOADED","timestamp":"2026-08-27T12:24:28.214Z"}
27/8/2026, 5:54:27 pm | [2026-08-27T12:24:28.902Z] [LOG] {"page":"CashClosingDashboard","event":"CASH_CLOSING_RESET_CLICKED","timestamp":"2026-08-27T12:24:28.902Z"}
27/8/2026, 5:54:27 pm | [2026-08-27T12:24:28.903Z] [LOG] {"page":"CashClosingDashboard","event":"CASH_CLOSING_DASHBOARD_PAGE_LOADED","timestamp":"2026-08-27T12:24:28.903Z"}
27/8/2026, 5:54:27 pm | [2026-08-27T12:24:28.993Z] [LOG] {"page":"CashClosingDashboard","event":"CASH_CLOSING_DASHBOARD_PAGE_LOADED","timestamp":"2026-08-27T12:24:28.993Z"}
27/8/2026, 5:54:27 pm | [2026-08-27T12:24:28.992Z] [LOG] {"page":"CashClosingDashboard","event":"CASH_CLOSING_RESET_SUCCESS","totalRecords":56,"timestamp":"2026-08-27T12:24:28.992Z"}
27/8/2026, 5:54:27 pm | [2026-08-27T12:24:29.375Z] [LOG] {"page":"CashClosingDashboard","event":"CASH_CLOSING_RESET_CLICKED","timestamp":"2026-08-27T12:24:29.375Z"}
27/8/2026, 5:54:27 pm | [2026-08-27T12:24:29.376Z] [LOG] {"page":"CashClosingDashboard","event":"CASH_CLOSING_DASHBOARD_PAGE_LOADED","timestamp":"2026-08-27T12:24:29.376Z"}
27/8/2026, 5:54:27 pm | [2026-08-27T12:24:29.437Z] [LOG] {"page":"CashClosingDashboard","event":"CASH_CLOSING_RESET_SUCCESS","totalRecords":56,"timestamp":"2026-08-27T12:24:29.437Z"}
27/8/2026, 5:54:27 pm | [2026-08-27T12:24:29.438Z] [LOG] {"page":"CashClosingDashboard","event":"CASH_CLOSING_DASHBOARD_PAGE_LOADED","timestamp":"2026-08-27T12:24:29.438Z"}
27/8/2026, 5:54:28 pm | [2026-08-27T12:24:29.614Z] [LOG] {"page":"CashClosingDashboard","event":"CASH_CLOSING_RESET_CLICKED","timestamp":"2026-08-27T12:24:29.614Z"}
27/8/2026, 5:54:28 pm | [2026-08-27T12:24:29.614Z] [LOG] {"page":"CashClosingDashboard","event":"CASH_CLOSING_DASHBOARD_PAGE_LOADED","timestamp":"2026-08-27T12:24:29.614Z"}
27/8/2026, 5:54:28 pm | [2026-08-27T12:24:29.664Z] [LOG] {"page":"CashClosingDashboard","event":"CASH_CLOSING_RESET_SUCCESS","totalRecords":56,"timestamp":"2026-08-27T12:24:29.664Z"}
27/8/2026, 5:54:28 pm | [2026-08-27T12:24:29.665Z] [LOG] {"page":"CashClosingDashboard","event":"CASH_CLOSING_DASHBOARD_PAGE_LOADED","timestamp":"2026-08-27T12:24:29.665Z"}
27/8/2026, 5:54:28 pm | [2026-08-27T12:24:29.823Z] [LOG] {"page":"CashClosingDashboard","event":"CASH_CLOSING_RESET_CLICKED","timestamp":"2026-08-27T12:24:29.823Z"}
27/8/2026, 5:54:28 pm | [2026-08-27T12:24:29.823Z] [LOG] {"page":"CashClosingDashboard","event":"CASH_CLOSING_DASHBOARD_PAGE_LOADED","timestamp":"2026-08-27T12:24:29.823Z"}
27/8/2026, 5:54:28 pm | [2026-08-27T12:24:29.879Z] [LOG] {"page":"CashClosingDashboard","event":"CASH_CLOSING_RESET_SUCCESS","totalRecords":56,"timestamp":"2026-08-27T12:24:29.879Z"}
27/8/2026, 5:54:28 pm | [2026-08-27T12:24:29.880Z] [LOG] {"page":"CashClosingDashboard","event":"CASH_CLOSING_DASHBOARD_PAGE_LOADED","timestamp":"2026-08-27T12:24:29.880Z"}
27/8/2026, 5:54:29 pm | [2026-08-27T12:24:30.692Z] [LOG] {"page":"CashClosingDashboard","event":"CASH_CLOSING_NEXT_PAGE","currentPage":2,"timestamp":"2026-08-27T12:24:30.692Z"}
27/8/2026, 5:54:29 pm | [2026-08-27T12:24:30.692Z] [LOG] {"page":"CashClosingDashboard","event":"CASH_CLOSING_DASHBOARD_PAGE_LOADED","timestamp":"2026-08-27T12:24:30.692Z"}
27/8/2026, 5:54:29 pm | [2026-08-27T12:24:30.908Z] [LOG] {"page":"CashClosingDashboard","event":"CASH_CLOSING_NEXT_PAGE","currentPage":3,"timestamp":"2026-08-27T12:24:30.908Z"}
27/8/2026, 5:54:29 pm | [2026-08-27T12:24:30.908Z] [LOG] {"page":"CashClosingDashboard","event":"CASH_CLOSING_DASHBOARD_PAGE_LOADED","timestamp":"2026-08-27T12:24:30.908Z"}
27/8/2026, 5:54:30 pm | [2026-08-27T12:24:31.516Z] [LOG] {"page":"CashClosingDashboard","event":"CASH_CLOSING_NEXT_PAGE","currentPage":4,"timestamp":"2026-08-27T12:24:31.516Z"}
27/8/2026, 5:54:30 pm | [2026-08-27T12:24:31.516Z] [LOG] {"page":"CashClosingDashboard","event":"CASH_CLOSING_DASHBOARD_PAGE_LOADED","timestamp":"2026-08-27T12:24:31.516Z"}
27/8/2026, 5:54:30 pm | [2026-08-27T12:24:32.031Z] [LOG] {"page":"CashClosingDashboard","event":"CASH_CLOSING_DASHBOARD_PAGE_LOADED","timestamp":"2026-08-27T12:24:32.031Z"}
27/8/2026, 5:54:30 pm | [2026-08-27T12:24:32.030Z] [LOG] {"page":"CashClosingDashboard","event":"CASH_CLOSING_NEXT_PAGE","currentPage":2,"timestamp":"2026-08-27T12:24:32.030Z"}
27/8/2026, 5:54:31 pm | [2026-08-27T12:24:32.783Z] [LOG] {"page":"CashClosingDashboard","event":"CASH_CLOSING_DASHBOARD_PAGE_LOADED","timestamp":"2026-08-27T12:24:32.783Z"}
27/8/2026, 5:54:31 pm | [2026-08-27T12:24:32.783Z] [LOG] {"page":"CashClosingDashboard","event":"CASH_CLOSING_NEXT_PAGE","currentPage":3,"timestamp":"2026-08-27T12:24:32.783Z"}
27/8/2026, 5:54:31 pm | [2026-08-27T12:24:32.989Z] [LOG] {"page":"CashClosingDashboard","event":"CASH_CLOSING_RESET_CLICKED","timestamp":"2026-08-27T12:24:32.989Z"}
27/8/2026, 5:54:31 pm | [2026-08-27T12:24:32.990Z] [LOG] {"page":"CashClosingDashboard","event":"CASH_CLOSING_DASHBOARD_PAGE_LOADED","timestamp":"2026-08-27T12:24:32.990Z"}
27/8/2026, 5:54:32 pm | [2026-08-27T12:24:33.076Z] [LOG] {"page":"CashClosingDashboard","event":"CASH_CLOSING_DASHBOARD_PAGE_LOADED","timestamp":"2026-08-27T12:24:33.076Z"}
27/8/2026, 5:54:32 pm | [2026-08-27T12:24:33.075Z] [LOG] {"page":"CashClosingDashboard","event":"CASH_CLOSING_RESET_SUCCESS","totalRecords":56,"timestamp":"2026-08-27T12:24:33.075Z"}
27/8/2026, 5:54:32 pm | [2026-08-27T12:24:33.180Z] [LOG] {"page":"CashClosingDashboard","event":"CASH_CLOSING_RESET_CLICKED","timestamp":"2026-08-27T12:24:33.180Z"}
27/8/2026, 5:54:32 pm | [2026-08-27T12:24:33.180Z] [LOG] {"page":"CashClosingDashboard","event":"CASH_CLOSING_DASHBOARD_PAGE_LOADED","timestamp":"2026-08-27T12:24:33.180Z"}
27/8/2026, 5:54:32 pm | [2026-08-27T12:24:33.234Z] [LOG] {"page":"CashClosingDashboard","event":"CASH_CLOSING_RESET_SUCCESS","totalRecords":56,"timestamp":"2026-08-27T12:24:33.234Z"}
27/8/2026, 5:54:32 pm | [2026-08-27T12:24:33.234Z] [LOG] {"page":"CashClosingDashboard","event":"CASH_CLOSING_DASHBOARD_PAGE_LOADED","timestamp":"2026-08-27T12:24:33.234Z"}
27/8/2026, 5:54:32 pm | [2026-08-27T12:24:33.380Z] [LOG] {"page":"CashClosingDashboard","event":"CASH_CLOSING_RESET_CLICKED","timestamp":"2026-08-27T12:24:33.380Z"}
27/8/2026, 5:54:32 pm | [2026-08-27T12:24:33.381Z] [LOG] {"page":"CashClosingDashboard","event":"CASH_CLOSING_DASHBOARD_PAGE_LOADED","timestamp":"2026-08-27T12:24:33.381Z"}
27/8/2026, 5:54:32 pm | [2026-08-27T12:24:33.434Z] [LOG] {"page":"CashClosingDashboard","event":"CASH_CLOSING_RESET_SUCCESS","totalRecords":56,"timestamp":"2026-08-27T12:24:33.433Z"}
27/8/2026, 5:54:32 pm | [2026-08-27T12:24:33.435Z] [LOG] {"page":"CashClosingDashboard","event":"CASH_CLOSING_DASHBOARD_PAGE_LOADED","timestamp":"2026-08-27T12:24:33.435Z"}
27/8/2026, 5:54:33 pm | [2026-08-27T12:24:34.956Z] [LOG] {"page":"CashClosingDashboard","event":"CASH_CLOSING_DASHBOARD_PAGE_LOADED","timestamp":"2026-08-27T12:24:34.956Z"}
27/8/2026, 5:54:33 pm | [2026-08-27T12:24:34.956Z] [LOG] {"page":"CashClosingDashboard","event":"CASH_CLOSING_NEXT_PAGE","currentPage":2,"timestamp":"2026-08-27T12:24:34.956Z"}
27/8/2026, 5:54:34 pm | [2026-08-27T12:24:35.276Z] [LOG] {"page":"CashClosingDashboard","event":"CASH_CLOSING_DASHBOARD_PAGE_LOADED","timestamp":"2026-08-27T12:24:35.276Z"}
27/8/2026, 5:54:34 pm | [2026-08-27T12:24:35.276Z] [LOG] {"page":"CashClosingDashboard","event":"CASH_CLOSING_NEXT_PAGE","currentPage":3,"timestamp":"2026-08-27T12:24:35.276Z"}
27/8/2026, 5:54:36 pm | [2026-08-27T12:24:37.795Z] [LOG] {"page":"CashClosingDashboard","event":"CASH_CLOSING_DASHBOARD_PAGE_LOADED","timestamp":"2026-08-27T12:24:37.795Z"}
27/8/2026, 5:54:37 pm | [2026-08-27T12:24:39.004Z] [LOG] {"page":"CashClosingDashboard","event":"CASH_CLOSING_DASHBOARD_PAGE_LOADED","timestamp":"2026-08-27T12:24:39.004Z"}
27/8/2026, 5:54:39 pm | [2026-08-27T12:24:40.276Z] [LOG] {"page":"CashClosingDashboard","event":"CASH_CLOSING_RESET_CLICKED","timestamp":"2026-08-27T12:24:40.276Z"}
27/8/2026, 5:54:39 pm | [2026-08-27T12:24:40.277Z] [LOG] {"page":"CashClosingDashboard","event":"CASH_CLOSING_DASHBOARD_PAGE_LOADED","timestamp":"2026-08-27T12:24:40.277Z"}
27/8/2026, 5:54:39 pm | [2026-08-27T12:24:40.364Z] [LOG] {"page":"CashClosingDashboard","event":"CASH_CLOSING_DASHBOARD_PAGE_LOADED","timestamp":"2026-08-27T12:24:40.364Z"}
27/8/2026, 5:54:39 pm | [2026-08-27T12:24:40.364Z] [LOG] {"page":"CashClosingDashboard","event":"CASH_CLOSING_RESET_SUCCESS","totalRecords":56,"timestamp":"2026-08-27T12:24:40.364Z"}
27/8/2026, 5:54:39 pm | [2026-08-27T12:24:40.484Z] [LOG] {"page":"CashClosingDashboard","event":"CASH_CLOSING_RESET_CLICKED","timestamp":"2026-08-27T12:24:40.484Z"}
27/8/2026, 5:54:39 pm | [2026-08-27T12:24:40.485Z] [LOG] {"page":"CashClosingDashboard","event":"CASH_CLOSING_DASHBOARD_PAGE_LOADED","timestamp":"2026-08-27T12:24:40.485Z"}
27/8/2026, 5:54:39 pm | [2026-08-27T12:24:40.539Z] [LOG] {"page":"CashClosingDashboard","event":"CASH_CLOSING_RESET_SUCCESS","totalRecords":56,"timestamp":"2026-08-27T12:24:40.539Z"}
27/8/2026, 5:54:39 pm | [2026-08-27T12:24:40.540Z] [LOG] {"page":"CashClosingDashboard","event":"CASH_CLOSING_DASHBOARD_PAGE_LOADED","timestamp":"2026-08-27T12:24:40.540Z"}
27/8/2026, 5:54:49 pm | [2026-08-27T12:24:51.191Z] [LOG] {"page":"CashClosingDashboard","event":"CASH_CLOSING_DASHBOARD_PAGE_LOADED","timestamp":"2026-08-27T12:24:51.191Z"}
27/8/2026, 5:54:49 pm | [2026-08-27T12:24:51.191Z] [LOG] {"page":"CashClosingDashboard","event":"CASH_CLOSING_NEXT_PAGE","currentPage":4,"timestamp":"2026-08-27T12:24:51.191Z"}
27/8/2026, 5:54:51 pm | [2026-08-27T12:24:52.759Z] [LOG] {"page":"CashClosingDashboard","event":"CASH_CLOSING_PREVIOUS_PAGE","currentPage":3,"timestamp":"2026-08-27T12:24:52.759Z"}
27/8/2026, 5:54:51 pm | [2026-08-27T12:24:52.759Z] [LOG] {"page":"CashClosingDashboard","event":"CASH_CLOSING_DASHBOARD_PAGE_LOADED","timestamp":"2026-08-27T12:24:52.759Z"}
27/8/2026, 5:54:53 pm | [2026-08-27T12:24:54.807Z] [LOG] {"page":"CashClosingDashboard","event":"CASH_CLOSING_DASHBOARD_PAGE_LOADED","timestamp":"2026-08-27T12:24:54.807Z"}
27/8/2026, 5:54:53 pm | [2026-08-27T12:24:54.807Z] [LOG] {"page":"CashClosingDashboard","event":"CASH_CLOSING_PREVIOUS_PAGE","currentPage":2,"timestamp":"2026-08-27T12:24:54.807Z"}
27/8/2026, 5:54:54 pm | [2026-08-27T12:24:55.694Z] [LOG] {"page":"CashClosingDashboard","event":"CASH_CLOSING_DASHBOARD_PAGE_LOADED","timestamp":"2026-08-27T12:24:55.694Z"}
27/8/2026, 5:54:54 pm | [2026-08-27T12:24:55.693Z] [LOG] {"page":"CashClosingDashboard","event":"CASH_CLOSING_PREVIOUS_PAGE","currentPage":1,"timestamp":"2026-08-27T12:24:55.693Z"}
27/8/2026, 5:54:57 pm | [2026-08-27T12:24:58.974Z] [LOG] {"page":"CashClosingDashboard","event":"CASH_CLOSING_RESET_CLICKED","timestamp":"2026-08-27T12:24:58.974Z"}
27/8/2026, 5:54:57 pm | [2026-08-27T12:24:58.975Z] [LOG] {"page":"CashClosingDashboard","event":"CASH_CLOSING_DASHBOARD_PAGE_LOADED","timestamp":"2026-08-27T12:24:58.975Z"}
27/8/2026, 5:54:57 pm | [2026-08-27T12:24:59.091Z] [LOG] {"page":"CashClosingDashboard","event":"CASH_CLOSING_RESET_SUCCESS","totalRecords":56,"timestamp":"2026-08-27T12:24:59.091Z"}
27/8/2026, 5:54:57 pm | [2026-08-27T12:24:59.092Z] [LOG] {"page":"CashClosingDashboard","event":"CASH_CLOSING_DASHBOARD_PAGE_LOADED","timestamp":"2026-08-27T12:24:59.092Z"}
27/8/2026, 5:54:57 pm | [2026-08-27T12:24:59.534Z] [LOG] {"page":"CashClosingDashboard","event":"CASH_CLOSING_RESET_CLICKED","timestamp":"2026-08-27T12:24:59.534Z"}
27/8/2026, 5:54:57 pm | [2026-08-27T12:24:59.535Z] [LOG] {"page":"CashClosingDashboard","event":"CASH_CLOSING_DASHBOARD_PAGE_LOADED","timestamp":"2026-08-27T12:24:59.535Z"}
27/8/2026, 5:54:58 pm | [2026-08-27T12:24:59.588Z] [LOG] {"page":"CashClosingDashboard","event":"CASH_CLOSING_RESET_SUCCESS","totalRecords":56,"timestamp":"2026-08-27T12:24:59.588Z"}
27/8/2026, 5:54:58 pm | [2026-08-27T12:24:59.589Z] [LOG] {"page":"CashClosingDashboard","event":"CASH_CLOSING_DASHBOARD_PAGE_LOADED","timestamp":"2026-08-27T12:24:59.589Z"}
27/8/2026, 5:54:58 pm | [2026-08-27T12:24:59.807Z] [LOG] {"page":"CashClosingDashboard","event":"CASH_CLOSING_DASHBOARD_PAGE_LOADED","timestamp":"2026-08-27T12:24:59.807Z"}
27/8/2026, 5:54:58 pm | [2026-08-27T12:24:59.807Z] [LOG] {"page":"CashClosingDashboard","event":"CASH_CLOSING_RESET_CLICKED","timestamp":"2026-08-27T12:24:59.807Z"}
27/8/2026, 5:54:58 pm | [2026-08-27T12:24:59.860Z] [LOG] {"page":"CashClosingDashboard","event":"CASH_CLOSING_RESET_SUCCESS","totalRecords":56,"timestamp":"2026-08-27T12:24:59.860Z"}
27/8/2026, 5:54:58 pm | [2026-08-27T12:24:59.860Z] [LOG] {"page":"CashClosingDashboard","event":"CASH_CLOSING_DASHBOARD_PAGE_LOADED","timestamp":"2026-08-27T12:24:59.860Z"}
27/8/2026, 5:54:58 pm | [2026-08-27T12:25:00.014Z] [LOG] {"page":"CashClosingDashboard","event":"CASH_CLOSING_RESET_CLICKED","timestamp":"2026-08-27T12:25:00.014Z"}
27/8/2026, 5:54:58 pm | [2026-08-27T12:25:00.016Z] [LOG] {"page":"CashClosingDashboard","event":"CASH_CLOSING_DASHBOARD_PAGE_LOADED","timestamp":"2026-08-27T12:25:00.016Z"}
27/8/2026, 5:54:58 pm | [2026-08-27T12:25:00.070Z] [LOG] {"page":"CashClosingDashboard","event":"CASH_CLOSING_DASHBOARD_PAGE_LOADED","timestamp":"2026-08-27T12:25:00.070Z"}
27/8/2026, 5:54:58 pm | [2026-08-27T12:25:00.069Z] [LOG] {"page":"CashClosingDashboard","event":"CASH_CLOSING_RESET_SUCCESS","totalRecords":56,"timestamp":"2026-08-27T12:25:00.069Z"}
27/8/2026, 5:54:58 pm | [2026-08-27T12:25:00.239Z] [LOG] {"page":"CashClosingDashboard","event":"CASH_CLOSING_RESET_CLICKED","timestamp":"2026-08-27T12:25:00.239Z"}
27/8/2026, 5:54:58 pm | [2026-08-27T12:25:00.240Z] [LOG] {"page":"CashClosingDashboard","event":"CASH_CLOSING_DASHBOARD_PAGE_LOADED","timestamp":"2026-08-27T12:25:00.240Z"}
27/8/2026, 5:54:58 pm | [2026-08-27T12:25:00.293Z] [LOG] {"page":"CashClosingDashboard","event":"CASH_CLOSING_RESET_SUCCESS","totalRecords":56,"timestamp":"2026-08-27T12:25:00.293Z"}
27/8/2026, 5:54:58 pm | [2026-08-27T12:25:00.294Z] [LOG] {"page":"CashClosingDashboard","event":"CASH_CLOSING_DASHBOARD_PAGE_LOADED","timestamp":"2026-08-27T12:25:00.294Z"}
27/8/2026, 5:54:58 pm | [2026-08-27T12:25:00.431Z] [LOG] {"page":"CashClosingDashboard","event":"CASH_CLOSING_RESET_CLICKED","timestamp":"2026-08-27T12:25:00.431Z"}
27/8/2026, 5:54:58 pm | [2026-08-27T12:25:00.432Z] [LOG] {"page":"CashClosingDashboard","event":"CASH_CLOSING_DASHBOARD_PAGE_LOADED","timestamp":"2026-08-27T12:25:00.432Z"}
27/8/2026, 5:54:58 pm | [2026-08-27T12:25:00.484Z] [LOG] {"page":"CashClosingDashboard","event":"CASH_CLOSING_RESET_SUCCESS","totalRecords":56,"timestamp":"2026-08-27T12:25:00.484Z"}
27/8/2026, 5:54:58 pm | [2026-08-27T12:25:00.485Z] [LOG] {"page":"CashClosingDashboard","event":"CASH_CLOSING_DASHBOARD_PAGE_LOADED","timestamp":"2026-08-27T12:25:00.485Z"}
27/8/2026, 5:55:06 pm | [2026-08-27T12:25:07.582Z] [LOG] {"page":"CashClosingDashboard","event":"CASH_CLOSING_NEXT_PAGE","currentPage":2,"timestamp":"2026-08-27T12:25:07.582Z"}
27/8/2026, 5:55:06 pm | [2026-08-27T12:25:07.583Z] [LOG] {"page":"CashClosingDashboard","event":"CASH_CLOSING_DASHBOARD_PAGE_LOADED","timestamp":"2026-08-27T12:25:07.583Z"}
27/8/2026, 5:55:06 pm | [2026-08-27T12:25:08.199Z] [LOG] {"page":"CashClosingDashboard","event":"CASH_CLOSING_DASHBOARD_PAGE_LOADED","timestamp":"2026-08-27T12:25:08.199Z"}
27/8/2026, 5:55:06 pm | [2026-08-27T12:25:08.199Z] [LOG] {"page":"CashClosingDashboard","event":"CASH_CLOSING_NEXT_PAGE","currentPage":3,"timestamp":"2026-08-27T12:25:08.199Z"}
27/8/2026, 5:55:07 pm | [2026-08-27T12:25:09.199Z] [LOG] {"page":"CashClosingDashboard","event":"CASH_CLOSING_DASHBOARD_PAGE_LOADED","timestamp":"2026-08-27T12:25:09.199Z"}
27/8/2026, 5:55:07 pm | [2026-08-27T12:25:09.199Z] [LOG] {"page":"CashClosingDashboard","event":"CASH_CLOSING_NEXT_PAGE","currentPage":4,"timestamp":"2026-08-27T12:25:09.199Z"}
27/8/2026, 5:55:12 pm | [2026-08-27T12:25:14.053Z] [LOG] {"page":"CashClosingDashboard","event":"CASH_CLOSING_RESET_CLICKED","timestamp":"2026-08-27T12:25:14.053Z"}
27/8/2026, 5:55:12 pm | [2026-08-27T12:25:14.054Z] [LOG] {"page":"CashClosingDashboard","event":"CASH_CLOSING_DASHBOARD_PAGE_LOADED","timestamp":"2026-08-27T12:25:14.054Z"}
27/8/2026, 5:55:12 pm | [2026-08-27T12:25:14.135Z] [LOG] {"page":"CashClosingDashboard","event":"CASH_CLOSING_RESET_SUCCESS","totalRecords":56,"timestamp":"2026-08-27T12:25:14.135Z"}
27/8/2026, 5:55:12 pm | [2026-08-27T12:25:14.136Z] [LOG] {"page":"CashClosingDashboard","event":"CASH_CLOSING_DASHBOARD_PAGE_LOADED","timestamp":"2026-08-27T12:25:14.136Z"}
27/8/2026, 5:55:13 pm | [2026-08-27T12:25:14.696Z] [LOG] {"page":"CashClosingDashboard","event":"CASH_CLOSING_DASHBOARD_PAGE_LOADED","timestamp":"2026-08-27T12:25:14.696Z"}
27/8/2026, 5:55:13 pm | [2026-08-27T12:25:14.695Z] [LOG] {"page":"CashClosingDashboard","event":"CASH_CLOSING_RESET_CLICKED","timestamp":"2026-08-27T12:25:14.695Z"}
27/8/2026, 5:55:13 pm | [2026-08-27T12:25:14.750Z] [LOG] {"page":"CashClosingDashboard","event":"CASH_CLOSING_RESET_SUCCESS","totalRecords":56,"timestamp":"2026-08-27T12:25:14.750Z"}
27/8/2026, 5:55:13 pm | [2026-08-27T12:25:14.751Z] [LOG] {"page":"CashClosingDashboard","event":"CASH_CLOSING_DASHBOARD_PAGE_LOADED","timestamp":"2026-08-27T12:25:14.751Z"}
27/8/2026, 5:55:13 pm | [2026-08-27T12:25:15.024Z] [LOG] {"page":"CashClosingDashboard","event":"CASH_CLOSING_DASHBOARD_PAGE_LOADED","timestamp":"2026-08-27T12:25:15.024Z"}
27/8/2026, 5:55:13 pm | [2026-08-27T12:25:15.023Z] [LOG] {"page":"CashClosingDashboard","event":"CASH_CLOSING_RESET_CLICKED","timestamp":"2026-08-27T12:25:15.023Z"}
27/8/2026, 5:55:13 pm | [2026-08-27T12:25:15.077Z] [LOG] {"page":"CashClosingDashboard","event":"CASH_CLOSING_RESET_SUCCESS","totalRecords":56,"timestamp":"2026-08-27T12:25:15.077Z"}
27/8/2026, 5:55:13 pm | [2026-08-27T12:25:15.078Z] [LOG] {"page":"CashClosingDashboard","event":"CASH_CLOSING_DASHBOARD_PAGE_LOADED","timestamp":"2026-08-27T12:25:15.078Z"}
27/8/2026, 5:55:13 pm | [2026-08-27T12:25:15.247Z] [LOG] {"page":"CashClosingDashboard","event":"CASH_CLOSING_DASHBOARD_PAGE_LOADED","timestamp":"2026-08-27T12:25:15.247Z"}
27/8/2026, 5:55:13 pm | [2026-08-27T12:25:15.246Z] [LOG] {"page":"CashClosingDashboard","event":"CASH_CLOSING_RESET_CLICKED","timestamp":"2026-08-27T12:25:15.246Z"}
27/8/2026, 5:55:13 pm | [2026-08-27T12:25:15.301Z] [LOG] {"page":"CashClosingDashboard","event":"CASH_CLOSING_RESET_SUCCESS","totalRecords":56,"timestamp":"2026-08-27T12:25:15.301Z"}
27/8/2026, 5:55:13 pm | [2026-08-27T12:25:15.302Z] [LOG] {"page":"CashClosingDashboard","event":"CASH_CLOSING_DASHBOARD_PAGE_LOADED","timestamp":"2026-08-27T12:25:15.302Z"}
27/8/2026, 5:55:17 pm | [2026-08-27T12:25:18.879Z] [LOG] {"page":"CashClosingDashboard","event":"CASH_CLOSING_DASHBOARD_PAGE_LOADED","timestamp":"2026-08-27T12:25:18.879Z"}
27/8/2026, 5:55:17 pm | [2026-08-27T12:25:18.878Z] [LOG] {"page":"CashClosingDashboard","event":"CASH_CLOSING_RESET_CLICKED","timestamp":"2026-08-27T12:25:18.878Z"}
27/8/2026, 5:55:17 pm | [2026-08-27T12:25:18.930Z] [LOG] {"page":"CashClosingDashboard","event":"CASH_CLOSING_RESET_SUCCESS","totalRecords":56,"timestamp":"2026-08-27T12:25:18.930Z"}
27/8/2026, 5:55:17 pm | [2026-08-27T12:25:18.931Z] [LOG] {"page":"CashClosingDashboard","event":"CASH_CLOSING_DASHBOARD_PAGE_LOADED","timestamp":"2026-08-27T12:25:18.931Z"}
27/8/2026, 5:55:18 pm | [2026-08-27T12:25:19.716Z] [LOG] {"page":"CashClosingDashboard","event":"CASH_CLOSING_RESET_CLICKED","timestamp":"2026-08-27T12:25:19.716Z"}
27/8/2026, 5:55:18 pm | [2026-08-27T12:25:19.717Z] [LOG] {"page":"CashClosingDashboard","event":"CASH_CLOSING_DASHBOARD_PAGE_LOADED","timestamp":"2026-08-27T12:25:19.717Z"}
27/8/2026, 5:55:18 pm | [2026-08-27T12:25:19.851Z] [LOG] {"page":"CashClosingDashboard","event":"CASH_CLOSING_RESET_SUCCESS","totalRecords":56,"timestamp":"2026-08-27T12:25:19.851Z"}
27/8/2026, 5:55:18 pm | [2026-08-27T12:25:19.852Z] [LOG] {"page":"CashClosingDashboard","event":"CASH_CLOSING_DASHBOARD_PAGE_LOADED","timestamp":"2026-08-27T12:25:19.852Z"}
27/8/2026, 5:55:18 pm | [2026-08-27T12:25:19.916Z] [LOG] {"page":"CashClosingDashboard","event":"CASH_CLOSING_RESET_CLICKED","timestamp":"2026-08-27T12:25:19.916Z"}
27/8/2026, 5:55:18 pm | [2026-08-27T12:25:19.917Z] [LOG] {"page":"CashClosingDashboard","event":"CASH_CLOSING_DASHBOARD_PAGE_LOADED","timestamp":"2026-08-27T12:25:19.917Z"}
27/8/2026, 5:55:18 pm | [2026-08-27T12:25:19.969Z] [LOG] {"page":"CashClosingDashboard","event":"CASH_CLOSING_DASHBOARD_PAGE_LOADED","timestamp":"2026-08-27T12:25:19.969Z"}
27/8/2026, 5:55:18 pm | [2026-08-27T12:25:19.968Z] [LOG] {"page":"CashClosingDashboard","event":"CASH_CLOSING_RESET_SUCCESS","totalRecords":56,"timestamp":"2026-08-27T12:25:19.968Z"}
27/8/2026, 5:55:18 pm | [2026-08-27T12:25:20.597Z] [LOG] {"page":"CashClosingDashboard","event":"CASH_CLOSING_RESET_CLICKED","timestamp":"2026-08-27T12:25:20.597Z"}
27/8/2026, 5:55:18 pm | [2026-08-27T12:25:20.598Z] [LOG] {"page":"CashClosingDashboard","event":"CASH_CLOSING_DASHBOARD_PAGE_LOADED","timestamp":"2026-08-27T12:25:20.598Z"}
27/8/2026, 5:55:19 pm | [2026-08-27T12:25:20.752Z] [LOG] {"page":"CashClosingDashboard","event":"CASH_CLOSING_RESET_SUCCESS","totalRecords":56,"timestamp":"2026-08-27T12:25:20.752Z"}
27/8/2026, 5:55:19 pm | [2026-08-27T12:25:20.753Z] [LOG] {"page":"CashClosingDashboard","event":"CASH_CLOSING_DASHBOARD_PAGE_LOADED","timestamp":"2026-08-27T12:25:20.753Z"}
27/8/2026, 5:55:19 pm | [2026-08-27T12:25:20.772Z] [LOG] {"page":"CashClosingDashboard","event":"CASH_CLOSING_RESET_CLICKED","timestamp":"2026-08-27T12:25:20.772Z"}
27/8/2026, 5:55:19 pm | [2026-08-27T12:25:20.773Z] [LOG] {"page":"CashClosingDashboard","event":"CASH_CLOSING_DASHBOARD_PAGE_LOADED","timestamp":"2026-08-27T12:25:20.773Z"}
27/8/2026, 5:55:19 pm | [2026-08-27T12:25:20.837Z] [LOG] {"page":"CashClosingDashboard","event":"CASH_CLOSING_RESET_SUCCESS","totalRecords":56,"timestamp":"2026-08-27T12:25:20.837Z"}
27/8/2026, 5:55:19 pm | [2026-08-27T12:25:20.838Z] [LOG] {"page":"CashClosingDashboard","event":"CASH_CLOSING_DASHBOARD_PAGE_LOADED","timestamp":"2026-08-27T12:25:20.838Z"}
27/8/2026, 5:55:19 pm | [2026-08-27T12:25:20.934Z] [LOG] {"page":"CashClosingDashboard","event":"CASH_CLOSING_DASHBOARD_PAGE_LOADED","timestamp":"2026-08-27T12:25:20.934Z"}
27/8/2026, 5:55:19 pm | [2026-08-27T12:25:20.933Z] [LOG] {"page":"CashClosingDashboard","event":"CASH_CLOSING_RESET_CLICKED","timestamp":"2026-08-27T12:25:20.933Z"}
27/8/2026, 5:55:19 pm | [2026-08-27T12:25:20.985Z] [LOG] {"page":"CashClosingDashboard","event":"CASH_CLOSING_RESET_SUCCESS","totalRecords":56,"timestamp":"2026-08-27T12:25:20.985Z"}
27/8/2026, 5:55:19 pm | [2026-08-27T12:25:20.986Z] [LOG] {"page":"CashClosingDashboard","event":"CASH_CLOSING_DASHBOARD_PAGE_LOADED","timestamp":"2026-08-27T12:25:20.986Z"}
27/8/2026, 5:55:19 pm | [2026-08-27T12:25:21.078Z] [LOG] {"page":"CashClosingDashboard","event":"CASH_CLOSING_DASHBOARD_PAGE_LOADED","timestamp":"2026-08-27T12:25:21.078Z"}
27/8/2026, 5:55:19 pm | [2026-08-27T12:25:21.077Z] [LOG] {"page":"CashClosingDashboard","event":"CASH_CLOSING_RESET_CLICKED","timestamp":"2026-08-27T12:25:21.077Z"}
27/8/2026, 5:55:19 pm | [2026-08-27T12:25:20.420Z] [LOG] {"page":"CashClosingDashboard","event":"CASH_CLOSING_RESET_CLICKED","timestamp":"2026-08-27T12:25:20.420Z"}
27/8/2026, 5:55:19 pm | [2026-08-27T12:25:20.421Z] [LOG] {"page":"CashClosingDashboard","event":"CASH_CLOSING_DASHBOARD_PAGE_LOADED","timestamp":"2026-08-27T12:25:20.421Z"}
27/8/2026, 5:55:19 pm | [2026-08-27T12:25:21.132Z] [LOG] {"page":"CashClosingDashboard","event":"CASH_CLOSING_RESET_SUCCESS","totalRecords":56,"timestamp":"2026-08-27T12:25:21.132Z"}
27/8/2026, 5:55:19 pm | [2026-08-27T12:25:21.133Z] [LOG] {"page":"CashClosingDashboard","event":"CASH_CLOSING_DASHBOARD_PAGE_LOADED","timestamp":"2026-08-27T12:25:21.133Z"}
27/8/2026, 5:55:19 pm | [2026-08-27T12:25:20.471Z] [LOG] {"page":"CashClosingDashboard","event":"CASH_CLOSING_RESET_SUCCESS","totalRecords":56,"timestamp":"2026-08-27T12:25:20.471Z"}
27/8/2026, 5:55:19 pm | [2026-08-27T12:25:20.472Z] [LOG] {"page":"CashClosingDashboard","event":"CASH_CLOSING_DASHBOARD_PAGE_LOADED","timestamp":"2026-08-27T12:25:20.472Z"}
27/8/2026, 5:55:19 pm | [2026-08-27T12:25:21.030Z] [LOG] {"page":"CashClosingDashboard","event":"CASH_CLOSING_DASHBOARD_PAGE_LOADED","timestamp":"2026-08-27T12:25:21.030Z"}
27/8/2026, 5:55:19 pm | [2026-08-27T12:25:21.238Z] [LOG] {"page":"CashClosingDashboard","event":"CASH_CLOSING_DASHBOARD_PAGE_LOADED","timestamp":"2026-08-27T12:25:21.238Z"}
27/8/2026, 5:55:19 pm | [2026-08-27T12:25:21.237Z] [LOG] {"page":"CashClosingDashboard","event":"CASH_CLOSING_RESET_CLICKED","timestamp":"2026-08-27T12:25:21.237Z"}
27/8/2026, 5:55:19 pm | [2026-08-27T12:25:21.030Z] [LOG] {"page":"CashClosingDashboard","event":"CASH_CLOSING_NEXT_PAGE","currentPage":2,"timestamp":"2026-08-27T12:25:21.030Z"}
27/8/2026, 5:55:19 pm | [2026-08-27T12:25:21.290Z] [LOG] {"page":"CashClosingDashboard","event":"CASH_CLOSING_RESET_SUCCESS","totalRecords":56,"timestamp":"2026-08-27T12:25:21.290Z"}
27/8/2026, 5:55:19 pm | [2026-08-27T12:25:21.291Z] [LOG] {"page":"CashClosingDashboard","event":"CASH_CLOSING_DASHBOARD_PAGE_LOADED","timestamp":"2026-08-27T12:25:21.291Z"}
27/8/2026, 5:55:19 pm | [2026-08-27T12:25:20.612Z] [LOG] {"page":"CashClosingDashboard","event":"CASH_CLOSING_RESET_CLICKED","timestamp":"2026-08-27T12:25:20.612Z"}
27/8/2026, 5:55:19 pm | [2026-08-27T12:25:20.613Z] [LOG] {"page":"CashClosingDashboard","event":"CASH_CLOSING_DASHBOARD_PAGE_LOADED","timestamp":"2026-08-27T12:25:20.613Z"}
27/8/2026, 5:55:19 pm | [2026-08-27T12:25:20.663Z] [LOG] {"page":"CashClosingDashboard","event":"CASH_CLOSING_RESET_SUCCESS","totalRecords":56,"timestamp":"2026-08-27T12:25:20.663Z"}
27/8/2026, 5:55:19 pm | [2026-08-27T12:25:20.664Z] [LOG] {"page":"CashClosingDashboard","event":"CASH_CLOSING_DASHBOARD_PAGE_LOADED","timestamp":"2026-08-27T12:25:20.664Z"}
27/8/2026, 5:55:19 pm | [2026-08-27T12:25:21.381Z] [LOG] {"page":"CashClosingDashboard","event":"CASH_CLOSING_DASHBOARD_PAGE_LOADED","timestamp":"2026-08-27T12:25:21.381Z"}
27/8/2026, 5:55:19 pm | [2026-08-27T12:25:21.381Z] [LOG] {"page":"CashClosingDashboard","event":"CASH_CLOSING_RESET_CLICKED","timestamp":"2026-08-27T12:25:21.381Z"}
27/8/2026, 5:55:19 pm | [2026-08-27T12:25:21.433Z] [LOG] {"page":"CashClosingDashboard","event":"CASH_CLOSING_RESET_SUCCESS","totalRecords":56,"timestamp":"2026-08-27T12:25:21.433Z"}
27/8/2026, 5:55:19 pm | [2026-08-27T12:25:21.434Z] [LOG] {"page":"CashClosingDashboard","event":"CASH_CLOSING_DASHBOARD_PAGE_LOADED","timestamp":"2026-08-27T12:25:21.434Z"}
27/8/2026, 5:55:19 pm | [2026-08-27T12:25:20.805Z] [LOG] {"page":"CashClosingDashboard","event":"CASH_CLOSING_DASHBOARD_PAGE_LOADED","timestamp":"2026-08-27T12:25:20.805Z"}
27/8/2026, 5:55:19 pm | [2026-08-27T12:25:20.804Z] [LOG] {"page":"CashClosingDashboard","event":"CASH_CLOSING_RESET_CLICKED","timestamp":"2026-08-27T12:25:20.804Z"}
27/8/2026, 5:55:19 pm | [2026-08-27T12:25:20.857Z] [LOG] {"page":"CashClosingDashboard","event":"CASH_CLOSING_RESET_SUCCESS","totalRecords":56,"timestamp":"2026-08-27T12:25:20.857Z"}
27/8/2026, 5:55:19 pm | [2026-08-27T12:25:20.858Z] [LOG] {"page":"CashClosingDashboard","event":"CASH_CLOSING_DASHBOARD_PAGE_LOADED","timestamp":"2026-08-27T12:25:20.858Z"}
27/8/2026, 5:55:19 pm | [2026-08-27T12:25:21.574Z] [LOG] {"page":"CashClosingDashboard","event":"CASH_CLOSING_DASHBOARD_PAGE_LOADED","timestamp":"2026-08-27T12:25:21.574Z"}
27/8/2026, 5:55:19 pm | [2026-08-27T12:25:21.573Z] [LOG] {"page":"CashClosingDashboard","event":"CASH_CLOSING_RESET_CLICKED","timestamp":"2026-08-27T12:25:21.573Z"}
27/8/2026, 5:55:19 pm | [2026-08-27T12:25:21.624Z] [LOG] {"page":"CashClosingDashboard","event":"CASH_CLOSING_RESET_SUCCESS","totalRecords":56,"timestamp":"2026-08-27T12:25:21.624Z"}
27/8/2026, 5:55:19 pm | [2026-08-27T12:25:21.624Z] [LOG] {"page":"CashClosingDashboard","event":"CASH_CLOSING_DASHBOARD_PAGE_LOADED","timestamp":"2026-08-27T12:25:21.624Z"}
27/8/2026, 5:55:20 pm | [2026-08-27T12:25:21.830Z] [LOG] {"page":"CashClosingDashboard","event":"CASH_CLOSING_DASHBOARD_PAGE_LOADED","timestamp":"2026-08-27T12:25:21.830Z"}
27/8/2026, 5:55:20 pm | [2026-08-27T12:25:21.830Z] [LOG] {"page":"CashClosingDashboard","event":"CASH_CLOSING_NEXT_PAGE","currentPage":3,"timestamp":"2026-08-27T12:25:21.830Z"}
27/8/2026, 5:55:23 pm | [2026-08-27T12:25:24.213Z] [LOG] {"page":"CashClosingDashboard","event":"CASH_CLOSING_DASHBOARD_PAGE_LOADED","timestamp":"2026-08-27T12:25:24.213Z"}
27/8/2026, 5:55:23 pm | [2026-08-27T12:25:24.212Z] [LOG] {"page":"CashClosingDashboard","event":"CASH_CLOSING_RESET_CLICKED","timestamp":"2026-08-27T12:25:24.212Z"}
27/8/2026, 5:55:23 pm | [2026-08-27T12:25:24.262Z] [LOG] {"page":"CashClosingDashboard","event":"CASH_CLOSING_RESET_SUCCESS","totalRecords":56,"timestamp":"2026-08-27T12:25:24.261Z"}
27/8/2026, 5:55:23 pm | [2026-08-27T12:25:24.262Z] [LOG] {"page":"CashClosingDashboard","event":"CASH_CLOSING_DASHBOARD_PAGE_LOADED","timestamp":"2026-08-27T12:25:24.262Z"}
27/8/2026, 5:55:23 pm | [2026-08-27T12:25:24.365Z] [LOG] {"page":"CashClosingDashboard","event":"CASH_CLOSING_DASHBOARD_PAGE_LOADED","timestamp":"2026-08-27T12:25:24.365Z"}
27/8/2026, 5:55:23 pm | [2026-08-27T12:25:24.364Z] [LOG] {"page":"CashClosingDashboard","event":"CASH_CLOSING_RESET_CLICKED","timestamp":"2026-08-27T12:25:24.364Z"}
27/8/2026, 5:55:23 pm | [2026-08-27T12:25:24.417Z] [LOG] {"page":"CashClosingDashboard","event":"CASH_CLOSING_RESET_SUCCESS","totalRecords":56,"timestamp":"2026-08-27T12:25:24.417Z"}
27/8/2026, 5:55:23 pm | [2026-08-27T12:25:24.418Z] [LOG] {"page":"CashClosingDashboard","event":"CASH_CLOSING_DASHBOARD_PAGE_LOADED","timestamp":"2026-08-27T12:25:24.418Z"}
27/8/2026, 5:55:26 pm | [2026-08-27T12:25:27.221Z] [LOG] {"page":"CashClosingDashboard","event":"CASH_CLOSING_DASHBOARD_PAGE_LOADED","timestamp":"2026-08-27T12:25:27.221Z"}
27/8/2026, 5:55:26 pm | [2026-08-27T12:25:27.220Z] [LOG] {"page":"CashClosingDashboard","event":"CASH_CLOSING_RESET_CLICKED","timestamp":"2026-08-27T12:25:27.220Z"}
27/8/2026, 5:55:26 pm | [2026-08-27T12:25:27.308Z] [LOG] {"page":"CashClosingDashboard","event":"CASH_CLOSING_RESET_SUCCESS","totalRecords":56,"timestamp":"2026-08-27T12:25:27.308Z"}
27/8/2026, 5:55:26 pm | [2026-08-27T12:25:27.309Z] [LOG] {"page":"CashClosingDashboard","event":"CASH_CLOSING_DASHBOARD_PAGE_LOADED","timestamp":"2026-08-27T12:25:27.309Z"}
27/8/2026, 5:55:26 pm | [2026-08-27T12:25:27.389Z] [LOG] {"page":"CashClosingDashboard","event":"CASH_CLOSING_DASHBOARD_PAGE_LOADED","timestamp":"2026-08-27T12:25:27.389Z"}
27/8/2026, 5:55:26 pm | [2026-08-27T12:25:27.388Z] [LOG] {"page":"CashClosingDashboard","event":"CASH_CLOSING_RESET_CLICKED","timestamp":"2026-08-27T12:25:27.388Z"}
27/8/2026, 5:55:26 pm | [2026-08-27T12:25:27.440Z] [LOG] {"page":"CashClosingDashboard","event":"CASH_CLOSING_RESET_SUCCESS","totalRecords":56,"timestamp":"2026-08-27T12:25:27.440Z"}
27/8/2026, 5:55:26 pm | [2026-08-27T12:25:27.442Z] [LOG] {"page":"CashClosingDashboard","event":"CASH_CLOSING_DASHBOARD_PAGE_LOADED","timestamp":"2026-08-27T12:25:27.442Z"}
27/8/2026, 5:55:26 pm | [2026-08-27T12:25:27.565Z] [LOG] {"page":"CashClosingDashboard","event":"CASH_CLOSING_DASHBOARD_PAGE_LOADED","timestamp":"2026-08-27T12:25:27.565Z"}
27/8/2026, 5:55:26 pm | [2026-08-27T12:25:27.564Z] [LOG] {"page":"CashClosingDashboard","event":"CASH_CLOSING_RESET_CLICKED","timestamp":"2026-08-27T12:25:27.564Z"}
27/8/2026, 5:55:26 pm | [2026-08-27T12:25:27.615Z] [LOG] {"page":"CashClosingDashboard","event":"CASH_CLOSING_RESET_SUCCESS","totalRecords":56,"timestamp":"2026-08-27T12:25:27.615Z"}
27/8/2026, 5:55:26 pm | [2026-08-27T12:25:27.616Z] [LOG] {"page":"CashClosingDashboard","event":"CASH_CLOSING_DASHBOARD_PAGE_LOADED","timestamp":"2026-08-27T12:25:27.616Z"}
27/8/2026, 5:55:27 pm | [2026-08-27T12:25:29.581Z] [LOG] {"page":"CashClosingDashboard","event":"CASH_CLOSING_RESET_CLICKED","timestamp":"2026-08-27T12:25:29.581Z"}
27/8/2026, 5:55:27 pm | [2026-08-27T12:25:29.582Z] [LOG] {"page":"CashClosingDashboard","event":"CASH_CLOSING_DASHBOARD_PAGE_LOADED","timestamp":"2026-08-27T12:25:29.582Z"}
27/8/2026, 5:55:27 pm | [2026-08-27T12:25:29.704Z] [LOG] {"page":"CashClosingDashboard","event":"CASH_CLOSING_RESET_SUCCESS","totalRecords":56,"timestamp":"2026-08-27T12:25:29.704Z"}
27/8/2026, 5:55:27 pm | [2026-08-27T12:25:29.705Z] [LOG] {"page":"CashClosingDashboard","event":"CASH_CLOSING_DASHBOARD_PAGE_LOADED","timestamp":"2026-08-27T12:25:29.705Z"}
27/8/2026, 5:55:28 pm | [2026-08-27T12:25:29.845Z] [LOG] {"page":"CashClosingDashboard","event":"CASH_CLOSING_RESET_CLICKED","timestamp":"2026-08-27T12:25:29.845Z"}
27/8/2026, 5:55:28 pm | [2026-08-27T12:25:29.846Z] [LOG] {"page":"CashClosingDashboard","event":"CASH_CLOSING_DASHBOARD_PAGE_LOADED","timestamp":"2026-08-27T12:25:29.846Z"}
27/8/2026, 5:55:28 pm | [2026-08-27T12:25:29.897Z] [LOG] {"page":"CashClosingDashboard","event":"CASH_CLOSING_RESET_SUCCESS","totalRecords":56,"timestamp":"2026-08-27T12:25:29.897Z"}
27/8/2026, 5:55:28 pm | [2026-08-27T12:25:29.897Z] [LOG] {"page":"CashClosingDashboard","event":"CASH_CLOSING_DASHBOARD_PAGE_LOADED","timestamp":"2026-08-27T12:25:29.897Z"}
27/8/2026, 5:55:28 pm | [2026-08-27T12:25:29.981Z] [LOG] {"page":"CashClosingDashboard","event":"CASH_CLOSING_DASHBOARD_PAGE_LOADED","timestamp":"2026-08-27T12:25:29.981Z"}
27/8/2026, 5:55:28 pm | [2026-08-27T12:25:29.981Z] [LOG] {"page":"CashClosingDashboard","event":"CASH_CLOSING_RESET_CLICKED","timestamp":"2026-08-27T12:25:29.981Z"}
27/8/2026, 5:55:28 pm | [2026-08-27T12:25:30.032Z] [LOG] {"page":"CashClosingDashboard","event":"CASH_CLOSING_RESET_SUCCESS","totalRecords":56,"timestamp":"2026-08-27T12:25:30.032Z"}
27/8/2026, 5:55:28 pm | [2026-08-27T12:25:30.032Z] [LOG] {"page":"CashClosingDashboard","event":"CASH_CLOSING_DASHBOARD_PAGE_LOADED","timestamp":"2026-08-27T12:25:30.032Z"}
27/8/2026, 5:55:28 pm | [2026-08-27T12:25:30.134Z] [LOG] {"page":"CashClosingDashboard","event":"CASH_CLOSING_DASHBOARD_PAGE_LOADED","timestamp":"2026-08-27T12:25:30.134Z"}
27/8/2026, 5:55:28 pm | [2026-08-27T12:25:30.133Z] [LOG] {"page":"CashClosingDashboard","event":"CASH_CLOSING_RESET_CLICKED","timestamp":"2026-08-27T12:25:30.133Z"}
27/8/2026, 5:55:28 pm | [2026-08-27T12:25:30.185Z] [LOG] {"page":"CashClosingDashboard","event":"CASH_CLOSING_RESET_SUCCESS","totalRecords":56,"timestamp":"2026-08-27T12:25:30.185Z"}
27/8/2026, 5:55:28 pm | [2026-08-27T12:25:30.186Z] [LOG] {"page":"CashClosingDashboard","event":"CASH_CLOSING_DASHBOARD_PAGE_LOADED","timestamp":"2026-08-27T12:25:30.186Z"}
27/8/2026, 5:55:28 pm | [2026-08-27T12:25:30.286Z] [LOG] {"page":"CashClosingDashboard","event":"CASH_CLOSING_DASHBOARD_PAGE_LOADED","timestamp":"2026-08-27T12:25:30.286Z"}
27/8/2026, 5:55:28 pm | [2026-08-27T12:25:30.285Z] [LOG] {"page":"CashClosingDashboard","event":"CASH_CLOSING_RESET_CLICKED","timestamp":"2026-08-27T12:25:30.285Z"}
27/8/2026, 5:55:28 pm | [2026-08-27T12:25:30.345Z] [LOG] {"page":"CashClosingDashboard","event":"CASH_CLOSING_RESET_SUCCESS","totalRecords":56,"timestamp":"2026-08-27T12:25:30.345Z"}
27/8/2026, 5:55:28 pm | [2026-08-27T12:25:30.346Z] [LOG] {"page":"CashClosingDashboard","event":"CASH_CLOSING_DASHBOARD_PAGE_LOADED","timestamp":"2026-08-27T12:25:30.346Z"}
27/8/2026, 5:55:28 pm | [2026-08-27T12:25:30.430Z] [LOG] {"page":"CashClosingDashboard","event":"CASH_CLOSING_DASHBOARD_PAGE_LOADED","timestamp":"2026-08-27T12:25:30.430Z"}
27/8/2026, 5:55:28 pm | [2026-08-27T12:25:30.429Z] [LOG] {"page":"CashClosingDashboard","event":"CASH_CLOSING_RESET_CLICKED","timestamp":"2026-08-27T12:25:30.429Z"}
27/8/2026, 5:55:28 pm | [2026-08-27T12:25:30.481Z] [LOG] {"page":"CashClosingDashboard","event":"CASH_CLOSING_RESET_SUCCESS","totalRecords":56,"timestamp":"2026-08-27T12:25:30.481Z"}
27/8/2026, 5:55:28 pm | [2026-08-27T12:25:30.482Z] [LOG] {"page":"CashClosingDashboard","event":"CASH_CLOSING_DASHBOARD_PAGE_LOADED","timestamp":"2026-08-27T12:25:30.482Z"}
27/8/2026, 5:55:28 pm | [2026-08-27T12:25:30.550Z] [LOG] {"page":"CashClosingDashboard","event":"CASH_CLOSING_DASHBOARD_PAGE_LOADED","timestamp":"2026-08-27T12:25:30.550Z"}
27/8/2026, 5:55:28 pm | [2026-08-27T12:25:30.549Z] [LOG] {"page":"CashClosingDashboard","event":"CASH_CLOSING_RESET_CLICKED","timestamp":"2026-08-27T12:25:30.549Z"}
27/8/2026, 5:55:28 pm | [2026-08-27T12:25:30.602Z] [LOG] {"page":"CashClosingDashboard","event":"CASH_CLOSING_RESET_SUCCESS","totalRecords":56,"timestamp":"2026-08-27T12:25:30.602Z"}
27/8/2026, 5:55:28 pm | [2026-08-27T12:25:30.603Z] [LOG] {"page":"CashClosingDashboard","event":"CASH_CLOSING_DASHBOARD_PAGE_LOADED","timestamp":"2026-08-27T12:25:30.603Z"}
27/8/2026, 5:55:28 pm | [2026-08-27T12:25:30.678Z] [LOG] {"page":"CashClosingDashboard","event":"CASH_CLOSING_DASHBOARD_PAGE_LOADED","timestamp":"2026-08-27T12:25:30.678Z"}
27/8/2026, 5:55:28 pm | [2026-08-27T12:25:30.677Z] [LOG] {"page":"CashClosingDashboard","event":"CASH_CLOSING_RESET_CLICKED","timestamp":"2026-08-27T12:25:30.677Z"}
27/8/2026, 5:55:28 pm | [2026-08-27T12:25:30.728Z] [LOG] {"page":"CashClosingDashboard","event":"CASH_CLOSING_RESET_SUCCESS","totalRecords":56,"timestamp":"2026-08-27T12:25:30.728Z"}
27/8/2026, 5:55:28 pm | [2026-08-27T12:25:30.729Z] [LOG] {"page":"CashClosingDashboard","event":"CASH_CLOSING_DASHBOARD_PAGE_LOADED","timestamp":"2026-08-27T12:25:30.729Z"}
27/8/2026, 5:55:29 pm | [2026-08-27T12:25:30.941Z] [LOG] {"page":"CashClosingDashboard","event":"CASH_CLOSING_DASHBOARD_PAGE_LOADED","timestamp":"2026-08-27T12:25:30.941Z"}
27/8/2026, 5:55:29 pm | [2026-08-27T12:25:30.940Z] [LOG] {"page":"CashClosingDashboard","event":"CASH_CLOSING_RESET_CLICKED","timestamp":"2026-08-27T12:25:30.940Z"}
27/8/2026, 5:55:29 pm | [2026-08-27T12:25:30.993Z] [LOG] {"page":"CashClosingDashboard","event":"CASH_CLOSING_RESET_SUCCESS","totalRecords":56,"timestamp":"2026-08-27T12:25:30.993Z"}
27/8/2026, 5:55:29 pm | [2026-08-27T12:25:30.994Z] [LOG] {"page":"CashClosingDashboard","event":"CASH_CLOSING_DASHBOARD_PAGE_LOADED","timestamp":"2026-08-27T12:25:30.994Z"}
27/8/2026, 5:55:30 pm | [2026-08-27T12:25:31.101Z] [LOG] {"page":"CashClosingDashboard","event":"CASH_CLOSING_DASHBOARD_PAGE_LOADED","timestamp":"2026-08-27T12:25:31.101Z"}
27/8/2026, 5:55:30 pm | [2026-08-27T12:25:31.100Z] [LOG] {"page":"CashClosingDashboard","event":"CASH_CLOSING_RESET_CLICKED","timestamp":"2026-08-27T12:25:31.100Z"}
27/8/2026, 5:55:30 pm | [2026-08-27T12:25:31.157Z] [LOG] {"page":"CashClosingDashboard","event":"CASH_CLOSING_RESET_SUCCESS","totalRecords":56,"timestamp":"2026-08-27T12:25:31.157Z"}
27/8/2026, 5:55:30 pm | [2026-08-27T12:25:31.158Z] [LOG] {"page":"CashClosingDashboard","event":"CASH_CLOSING_DASHBOARD_PAGE_LOADED","timestamp":"2026-08-27T12:25:31.158Z"}
27/8/2026, 5:55:31 pm | [2026-08-27T12:25:32.508Z] [LOG] {"page":"CashClosingDashboard","event":"CASH_CLOSING_DASHBOARD_PAGE_LOADED","timestamp":"2026-08-27T12:25:32.508Z"}
27/8/2026, 5:55:31 pm | [2026-08-27T12:25:32.508Z] [LOG] {"page":"CashClosingDashboard","event":"CASH_CLOSING_NEXT_PAGE","currentPage":2,"timestamp":"2026-08-27T12:25:32.508Z"}
27/8/2026, 5:55:31 pm | [2026-08-27T12:25:32.940Z] [LOG] {"page":"CashClosingDashboard","event":"CASH_CLOSING_DASHBOARD_PAGE_LOADED","timestamp":"2026-08-27T12:25:32.940Z"}
27/8/2026, 5:55:31 pm | [2026-08-27T12:25:32.940Z] [LOG] {"page":"CashClosingDashboard","event":"CASH_CLOSING_NEXT_PAGE","currentPage":3,"timestamp":"2026-08-27T12:25:32.940Z"}
27/8/2026, 5:55:32 pm | [2026-08-27T12:25:33.452Z] [LOG] {"page":"CashClosingDashboard","event":"CASH_CLOSING_DASHBOARD_PAGE_LOADED","timestamp":"2026-08-27T12:25:33.452Z"}
27/8/2026, 5:55:32 pm | [2026-08-27T12:25:33.452Z] [LOG] {"page":"CashClosingDashboard","event":"CASH_CLOSING_NEXT_PAGE","currentPage":4,"timestamp":"2026-08-27T12:25:33.452Z"}
27/8/2026, 5:55:34 pm | [2026-08-27T12:25:35.877Z] [LOG] {"page":"CashClosingDashboard","event":"CASH_CLOSING_DASHBOARD_PAGE_LOADED","timestamp":"2026-08-27T12:25:35.877Z"}
27/8/2026, 5:55:34 pm | [2026-08-27T12:25:35.876Z] [LOG] {"page":"CashClosingDashboard","event":"CASH_CLOSING_RESET_CLICKED","timestamp":"2026-08-27T12:25:35.876Z"}
27/8/2026, 5:55:34 pm | [2026-08-27T12:25:35.962Z] [LOG] {"page":"CashClosingDashboard","event":"CASH_CLOSING_RESET_SUCCESS","totalRecords":56,"timestamp":"2026-08-27T12:25:35.962Z"}
27/8/2026, 5:55:34 pm | [2026-08-27T12:25:35.964Z] [LOG] {"page":"CashClosingDashboard","event":"CASH_CLOSING_DASHBOARD_PAGE_LOADED","timestamp":"2026-08-27T12:25:35.963Z"}
27/8/2026, 5:55:34 pm | [2026-08-27T12:25:36.036Z] [LOG] {"page":"CashClosingDashboard","event":"CASH_CLOSING_DASHBOARD_PAGE_LOADED","timestamp":"2026-08-27T12:25:36.036Z"}
27/8/2026, 5:55:34 pm | [2026-08-27T12:25:36.035Z] [LOG] {"page":"CashClosingDashboard","event":"CASH_CLOSING_RESET_CLICKED","timestamp":"2026-08-27T12:25:36.035Z"}
27/8/2026, 5:55:35 pm | [2026-08-27T12:25:36.092Z] [LOG] {"page":"CashClosingDashboard","event":"CASH_CLOSING_RESET_SUCCESS","totalRecords":56,"timestamp":"2026-08-27T12:25:36.091Z"}
27/8/2026, 5:55:35 pm | [2026-08-27T12:25:36.092Z] [LOG] {"page":"CashClosingDashboard","event":"CASH_CLOSING_DASHBOARD_PAGE_LOADED","timestamp":"2026-08-27T12:25:36.092Z"}
27/8/2026, 5:55:36 pm | [2026-08-27T12:25:37.652Z] [LOG] {"page":"CashClosingDashboard","event":"CASH_CLOSING_DASHBOARD_PAGE_LOADED","timestamp":"2026-08-27T12:25:37.652Z"}
27/8/2026, 5:55:36 pm | [2026-08-27T12:25:37.652Z] [LOG] {"page":"CashClosingDashboard","event":"CASH_CLOSING_NEXT_PAGE","currentPage":2,"timestamp":"2026-08-27T12:25:37.652Z"}
27/8/2026, 5:55:36 pm | [2026-08-27T12:25:37.845Z] [LOG] {"page":"CashClosingDashboard","event":"CASH_CLOSING_DASHBOARD_PAGE_LOADED","timestamp":"2026-08-27T12:25:37.845Z"}
27/8/2026, 5:55:36 pm | [2026-08-27T12:25:37.844Z] [LOG] {"page":"CashClosingDashboard","event":"CASH_CLOSING_NEXT_PAGE","currentPage":3,"timestamp":"2026-08-27T12:25:37.844Z"}
27/8/2026, 5:55:37 pm | [2026-08-27T12:25:38.764Z] [LOG] {"page":"CashClosingDashboard","event":"CASH_CLOSING_DASHBOARD_PAGE_LOADED","timestamp":"2026-08-27T12:25:38.764Z"}
27/8/2026, 5:55:37 pm | [2026-08-27T12:25:38.764Z] [LOG] {"page":"CashClosingDashboard","event":"CASH_CLOSING_NEXT_PAGE","currentPage":4,"timestamp":"2026-08-27T12:25:38.764Z"}
27/8/2026, 5:55:42 pm | [2026-08-27T12:25:43.293Z] [LOG] {"page":"CashClosingDashboard","event":"CASH_CLOSING_DASHBOARD_PAGE_LOADED","timestamp":"2026-08-27T12:25:43.293Z"}
27/8/2026, 5:55:42 pm | [2026-08-27T12:25:43.292Z] [LOG] {"page":"CashClosingDashboard","event":"CASH_CLOSING_RESET_CLICKED","timestamp":"2026-08-27T12:25:43.292Z"}
27/8/2026, 5:55:42 pm | [2026-08-27T12:25:43.375Z] [LOG] {"page":"CashClosingDashboard","event":"CASH_CLOSING_RESET_SUCCESS","totalRecords":56,"timestamp":"2026-08-27T12:25:43.374Z"}
27/8/2026, 5:55:42 pm | [2026-08-27T12:25:43.375Z] [LOG] {"page":"CashClosingDashboard","event":"CASH_CLOSING_DASHBOARD_PAGE_LOADED","timestamp":"2026-08-27T12:25:43.375Z"}
27/8/2026, 5:55:42 pm | [2026-08-27T12:25:43.453Z] [LOG] {"page":"CashClosingDashboard","event":"CASH_CLOSING_DASHBOARD_PAGE_LOADED","timestamp":"2026-08-27T12:25:43.453Z"}
27/8/2026, 5:55:42 pm | [2026-08-27T12:25:43.452Z] [LOG] {"page":"CashClosingDashboard","event":"CASH_CLOSING_RESET_CLICKED","timestamp":"2026-08-27T12:25:43.452Z"}
27/8/2026, 5:55:42 pm | [2026-08-27T12:25:43.509Z] [LOG] {"page":"CashClosingDashboard","event":"CASH_CLOSING_RESET_SUCCESS","totalRecords":56,"timestamp":"2026-08-27T12:25:43.509Z"}
27/8/2026, 5:55:42 pm | [2026-08-27T12:25:43.510Z] [LOG] {"page":"CashClosingDashboard","event":"CASH_CLOSING_DASHBOARD_PAGE_LOADED","timestamp":"2026-08-27T12:25:43.510Z"}
27/8/2026, 5:55:42 pm | [2026-08-27T12:25:43.636Z] [LOG] {"page":"CashClosingDashboard","event":"CASH_CLOSING_DASHBOARD_PAGE_LOADED","timestamp":"2026-08-27T12:25:43.636Z"}
27/8/2026, 5:55:42 pm | [2026-08-27T12:25:43.636Z] [LOG] {"page":"CashClosingDashboard","event":"CASH_CLOSING_RESET_CLICKED","timestamp":"2026-08-27T12:25:43.636Z"}
27/8/2026, 5:55:42 pm | [2026-08-27T12:25:43.690Z] [LOG] {"page":"CashClosingDashboard","event":"CASH_CLOSING_RESET_SUCCESS","totalRecords":56,"timestamp":"2026-08-27T12:25:43.690Z"}
27/8/2026, 5:55:42 pm | [2026-08-27T12:25:43.691Z] [LOG] {"page":"CashClosingDashboard","event":"CASH_CLOSING_DASHBOARD_PAGE_LOADED","timestamp":"2026-08-27T12:25:43.691Z"}
27/8/2026, 5:55:46 pm | [2026-08-27T12:25:48.197Z] [LOG] {"page":"CashClosingDashboard","event":"CASH_CLOSING_RESET_CLICKED","timestamp":"2026-08-27T12:25:48.197Z"}
27/8/2026, 5:55:46 pm | [2026-08-27T12:25:48.198Z] [LOG] {"page":"CashClosingDashboard","event":"CASH_CLOSING_DASHBOARD_PAGE_LOADED","timestamp":"2026-08-27T12:25:48.198Z"}
27/8/2026, 5:55:46 pm | [2026-08-27T12:25:48.286Z] [LOG] {"page":"CashClosingDashboard","event":"CASH_CLOSING_RESET_SUCCESS","totalRecords":56,"timestamp":"2026-08-27T12:25:48.286Z"}
27/8/2026, 5:55:46 pm | [2026-08-27T12:25:48.288Z] [LOG] {"page":"CashClosingDashboard","event":"CASH_CLOSING_DASHBOARD_PAGE_LOADED","timestamp":"2026-08-27T12:25:48.288Z"}
27/8/2026, 5:55:46 pm | [2026-08-27T12:25:48.381Z] [LOG] {"page":"CashClosingDashboard","event":"CASH_CLOSING_RESET_CLICKED","timestamp":"2026-08-27T12:25:48.381Z"}
27/8/2026, 5:55:46 pm | [2026-08-27T12:25:48.382Z] [LOG] {"page":"CashClosingDashboard","event":"CASH_CLOSING_DASHBOARD_PAGE_LOADED","timestamp":"2026-08-27T12:25:48.382Z"}
27/8/2026, 5:55:46 pm | [2026-08-27T12:25:48.434Z] [LOG] {"page":"CashClosingDashboard","event":"CASH_CLOSING_RESET_SUCCESS","totalRecords":56,"timestamp":"2026-08-27T12:25:48.434Z"}
27/8/2026, 5:55:46 pm | [2026-08-27T12:25:48.435Z] [LOG] {"page":"CashClosingDashboard","event":"CASH_CLOSING_DASHBOARD_PAGE_LOADED","timestamp":"2026-08-27T12:25:48.435Z"}
27/8/2026, 5:55:49 pm | [2026-08-27T12:25:51.341Z] [LOG] {"page":"CashClosingDashboard","event":"CASH_CLOSING_RESET_CLICKED","timestamp":"2026-08-27T12:25:51.341Z"}
27/8/2026, 5:55:49 pm | [2026-08-27T12:25:51.342Z] [LOG] {"page":"CashClosingDashboard","event":"CASH_CLOSING_DASHBOARD_PAGE_LOADED","timestamp":"2026-08-27T12:25:51.342Z"}
27/8/2026, 5:55:49 pm | [2026-08-27T12:25:51.396Z] [LOG] {"page":"CashClosingDashboard","event":"CASH_CLOSING_RESET_SUCCESS","totalRecords":56,"timestamp":"2026-08-27T12:25:51.396Z"}
27/8/2026, 5:55:49 pm | [2026-08-27T12:25:51.397Z] [LOG] {"page":"CashClosingDashboard","event":"CASH_CLOSING_DASHBOARD_PAGE_LOADED","timestamp":"2026-08-27T12:25:51.397Z"}
27/8/2026, 5:55:49 pm | [2026-08-27T12:25:51.533Z] [LOG] {"page":"CashClosingDashboard","event":"CASH_CLOSING_RESET_CLICKED","timestamp":"2026-08-27T12:25:51.533Z"}
27/8/2026, 5:55:49 pm | [2026-08-27T12:25:51.534Z] [LOG] {"page":"CashClosingDashboard","event":"CASH_CLOSING_DASHBOARD_PAGE_LOADED","timestamp":"2026-08-27T12:25:51.534Z"}
27/8/2026, 5:55:49 pm | [2026-08-27T12:25:51.588Z] [LOG] {"page":"CashClosingDashboard","event":"CASH_CLOSING_RESET_SUCCESS","totalRecords":56,"timestamp":"2026-08-27T12:25:51.588Z"}
27/8/2026, 5:55:49 pm | [2026-08-27T12:25:51.589Z] [LOG] {"page":"CashClosingDashboard","event":"CASH_CLOSING_DASHBOARD_PAGE_LOADED","timestamp":"2026-08-27T12:25:51.589Z"}
27/8/2026, 5:55:51 pm | [2026-08-27T12:25:52.116Z] [LOG] {"page":"CashClosingDashboard","event":"CASH_CLOSING_RESET_CLICKED","timestamp":"2026-08-27T12:25:52.116Z"}
27/8/2026, 5:55:51 pm | [2026-08-27T12:25:52.117Z] [LOG] {"page":"CashClosingDashboard","event":"CASH_CLOSING_DASHBOARD_PAGE_LOADED","timestamp":"2026-08-27T12:25:52.117Z"}
27/8/2026, 5:55:51 pm | [2026-08-27T12:25:52.262Z] [LOG] {"page":"CashClosingDashboard","event":"CASH_CLOSING_DASHBOARD_PAGE_LOADED","timestamp":"2026-08-27T12:25:52.262Z"}
27/8/2026, 5:55:51 pm | [2026-08-27T12:25:52.261Z] [LOG] {"page":"CashClosingDashboard","event":"CASH_CLOSING_RESET_SUCCESS","totalRecords":56,"timestamp":"2026-08-27T12:25:52.261Z"}
27/8/2026, 5:55:51 pm | [2026-08-27T12:25:52.292Z] [LOG] {"page":"CashClosingDashboard","event":"CASH_CLOSING_RESET_CLICKED","timestamp":"2026-08-27T12:25:52.292Z"}
27/8/2026, 5:55:51 pm | [2026-08-27T12:25:52.293Z] [LOG] {"page":"CashClosingDashboard","event":"CASH_CLOSING_DASHBOARD_PAGE_LOADED","timestamp":"2026-08-27T12:25:52.293Z"}
27/8/2026, 5:55:51 pm | [2026-08-27T12:25:52.344Z] [LOG] {"page":"CashClosingDashboard","event":"CASH_CLOSING_RESET_SUCCESS","totalRecords":56,"timestamp":"2026-08-27T12:25:52.344Z"}
27/8/2026, 5:55:51 pm | [2026-08-27T12:25:52.344Z] [LOG] {"page":"CashClosingDashboard","event":"CASH_CLOSING_DASHBOARD_PAGE_LOADED","timestamp":"2026-08-27T12:25:52.344Z"}
27/8/2026, 5:55:51 pm | [2026-08-27T12:25:52.476Z] [LOG] {"page":"CashClosingDashboard","event":"CASH_CLOSING_DASHBOARD_PAGE_LOADED","timestamp":"2026-08-27T12:25:52.476Z"}
27/8/2026, 5:55:51 pm | [2026-08-27T12:25:52.475Z] [LOG] {"page":"CashClosingDashboard","event":"CASH_CLOSING_RESET_CLICKED","timestamp":"2026-08-27T12:25:52.475Z"}
27/8/2026, 5:55:51 pm | [2026-08-27T12:25:52.527Z] [LOG] {"page":"CashClosingDashboard","event":"CASH_CLOSING_RESET_SUCCESS","totalRecords":56,"timestamp":"2026-08-27T12:25:52.527Z"}
27/8/2026, 5:55:51 pm | [2026-08-27T12:25:52.528Z] [LOG] {"page":"CashClosingDashboard","event":"CASH_CLOSING_DASHBOARD_PAGE_LOADED","timestamp":"2026-08-27T12:25:52.528Z"}
27/8/2026, 5:55:51 pm | [2026-08-27T12:25:52.629Z] [LOG] {"page":"CashClosingDashboard","event":"CASH_CLOSING_DASHBOARD_PAGE_LOADED","timestamp":"2026-08-27T12:25:52.629Z"}
27/8/2026, 5:55:51 pm | [2026-08-27T12:25:52.628Z] [LOG] {"page":"CashClosingDashboard","event":"CASH_CLOSING_RESET_CLICKED","timestamp":"2026-08-27T12:25:52.628Z"}
27/8/2026, 5:55:51 pm | [2026-08-27T12:25:52.680Z] [LOG] {"page":"CashClosingDashboard","event":"CASH_CLOSING_RESET_SUCCESS","totalRecords":56,"timestamp":"2026-08-27T12:25:52.680Z"}
27/8/2026, 5:55:51 pm | [2026-08-27T12:25:52.681Z] [LOG] {"page":"CashClosingDashboard","event":"CASH_CLOSING_DASHBOARD_PAGE_LOADED","timestamp":"2026-08-27T12:25:52.681Z"}
27/8/2026, 5:55:52 pm | [2026-08-27T12:25:53.828Z] [LOG] {"page":"CashClosingDashboard","event":"CASH_CLOSING_DASHBOARD_PAGE_LOADED","timestamp":"2026-08-27T12:25:53.828Z"}
27/8/2026, 5:55:52 pm | [2026-08-27T12:25:53.828Z] [LOG] {"page":"CashClosingDashboard","event":"CASH_CLOSING_NEXT_PAGE","currentPage":2,"timestamp":"2026-08-27T12:25:53.828Z"}
27/8/2026, 5:55:53 pm | [2026-08-27T12:25:54.052Z] [LOG] {"page":"CashClosingDashboard","event":"CASH_CLOSING_DASHBOARD_PAGE_LOADED","timestamp":"2026-08-27T12:25:54.052Z"}
27/8/2026, 5:55:53 pm | [2026-08-27T12:25:54.052Z] [LOG] {"page":"CashClosingDashboard","event":"CASH_CLOSING_NEXT_PAGE","currentPage":3,"timestamp":"2026-08-27T12:25:54.052Z"}
27/8/2026, 5:55:53 pm | [2026-08-27T12:25:54.869Z] [LOG] {"page":"CashClosingDashboard","event":"CASH_CLOSING_DASHBOARD_PAGE_LOADED","timestamp":"2026-08-27T12:25:54.869Z"}
27/8/2026, 5:55:53 pm | [2026-08-27T12:25:54.868Z] [LOG] {"page":"CashClosingDashboard","event":"CASH_CLOSING_NEXT_PAGE","currentPage":4,"timestamp":"2026-08-27T12:25:54.868Z"}
27/8/2026, 5:55:56 pm | [2026-08-27T12:25:57.917Z] [LOG] {"page":"CashClosingDashboard","event":"CASH_CLOSING_DASHBOARD_PAGE_LOADED","timestamp":"2026-08-27T12:25:57.917Z"}
27/8/2026, 5:55:56 pm | [2026-08-27T12:25:57.916Z] [LOG] {"page":"CashClosingDashboard","event":"CASH_CLOSING_RESET_CLICKED","timestamp":"2026-08-27T12:25:57.916Z"}
27/8/2026, 5:55:56 pm | [2026-08-27T12:25:57.998Z] [LOG] {"page":"CashClosingDashboard","event":"CASH_CLOSING_RESET_SUCCESS","totalRecords":56,"timestamp":"2026-08-27T12:25:57.998Z"}
27/8/2026, 5:55:56 pm | [2026-08-27T12:25:57.999Z] [LOG] {"page":"CashClosingDashboard","event":"CASH_CLOSING_DASHBOARD_PAGE_LOADED","timestamp":"2026-08-27T12:25:57.999Z"}
27/8/2026, 5:55:57 pm | [2026-08-27T12:25:58.101Z] [LOG] {"page":"CashClosingDashboard","event":"CASH_CLOSING_DASHBOARD_PAGE_LOADED","timestamp":"2026-08-27T12:25:58.101Z"}
27/8/2026, 5:55:57 pm | [2026-08-27T12:25:58.100Z] [LOG] {"page":"CashClosingDashboard","event":"CASH_CLOSING_RESET_CLICKED","timestamp":"2026-08-27T12:25:58.100Z"}
27/8/2026, 5:55:57 pm | [2026-08-27T12:25:58.155Z] [LOG] {"page":"CashClosingDashboard","event":"CASH_CLOSING_RESET_SUCCESS","totalRecords":56,"timestamp":"2026-08-27T12:25:58.155Z"}
27/8/2026, 5:55:57 pm | [2026-08-27T12:25:58.155Z] [LOG] {"page":"CashClosingDashboard","event":"CASH_CLOSING_DASHBOARD_PAGE_LOADED","timestamp":"2026-08-27T12:25:58.155Z"}
27/8/2026, 5:55:57 pm | [2026-08-27T12:25:58.541Z] [LOG] {"page":"CashClosingDashboard","event":"CASH_CLOSING_DASHBOARD_PAGE_LOADED","timestamp":"2026-08-27T12:25:58.541Z"}
27/8/2026, 5:55:57 pm | [2026-08-27T12:25:58.540Z] [LOG] {"page":"CashClosingDashboard","event":"CASH_CLOSING_RESET_CLICKED","timestamp":"2026-08-27T12:25:58.540Z"}
27/8/2026, 5:55:57 pm | [2026-08-27T12:25:58.619Z] [LOG] {"page":"CashClosingDashboard","event":"CASH_CLOSING_RESET_SUCCESS","totalRecords":56,"timestamp":"2026-08-27T12:25:58.619Z"}
27/8/2026, 5:55:57 pm | [2026-08-27T12:25:58.619Z] [LOG] {"page":"CashClosingDashboard","event":"CASH_CLOSING_DASHBOARD_PAGE_LOADED","timestamp":"2026-08-27T12:25:58.619Z"}
27/8/2026, 5:55:57 pm | [2026-08-27T12:25:58.724Z] [LOG] {"page":"CashClosingDashboard","event":"CASH_CLOSING_DASHBOARD_PAGE_LOADED","timestamp":"2026-08-27T12:25:58.724Z"}
27/8/2026, 5:55:57 pm | [2026-08-27T12:25:58.724Z] [LOG] {"page":"CashClosingDashboard","event":"CASH_CLOSING_RESET_CLICKED","timestamp":"2026-08-27T12:25:58.724Z"}
27/8/2026, 5:55:57 pm | [2026-08-27T12:25:58.778Z] [LOG] {"page":"CashClosingDashboard","event":"CASH_CLOSING_RESET_SUCCESS","totalRecords":56,"timestamp":"2026-08-27T12:25:58.778Z"}
27/8/2026, 5:55:57 pm | [2026-08-27T12:25:58.779Z] [LOG] {"page":"CashClosingDashboard","event":"CASH_CLOSING_DASHBOARD_PAGE_LOADED","timestamp":"2026-08-27T12:25:58.779Z"}
27/8/2026, 5:55:58 pm | [2026-08-27T12:25:59.125Z] [LOG] {"page":"CashClosingDashboard","event":"CASH_CLOSING_DASHBOARD_PAGE_LOADED","timestamp":"2026-08-27T12:25:59.125Z"}
27/8/2026, 5:55:58 pm | [2026-08-27T12:25:59.124Z] [LOG] {"page":"CashClosingDashboard","event":"CASH_CLOSING_RESET_CLICKED","timestamp":"2026-08-27T12:25:59.124Z"}
27/8/2026, 5:55:58 pm | [2026-08-27T12:25:59.181Z] [LOG] {"page":"CashClosingDashboard","event":"CASH_CLOSING_RESET_SUCCESS","totalRecords":56,"timestamp":"2026-08-27T12:25:59.181Z"}
27/8/2026, 5:55:58 pm | [2026-08-27T12:25:59.182Z] [LOG] {"page":"CashClosingDashboard","event":"CASH_CLOSING_DASHBOARD_PAGE_LOADED","timestamp":"2026-08-27T12:25:59.182Z"}
27/8/2026, 5:55:58 pm | [2026-08-27T12:25:59.277Z] [LOG] {"page":"CashClosingDashboard","event":"CASH_CLOSING_DASHBOARD_PAGE_LOADED","timestamp":"2026-08-27T12:25:59.277Z"}
27/8/2026, 5:55:58 pm | [2026-08-27T12:25:59.276Z] [LOG] {"page":"CashClosingDashboard","event":"CASH_CLOSING_RESET_CLICKED","timestamp":"2026-08-27T12:25:59.276Z"}
27/8/2026, 5:55:58 pm | [2026-08-27T12:25:59.331Z] [LOG] {"page":"CashClosingDashboard","event":"CASH_CLOSING_RESET_SUCCESS","totalRecords":56,"timestamp":"2026-08-27T12:25:59.331Z"}
27/8/2026, 5:55:58 pm | [2026-08-27T12:25:59.331Z] [LOG] {"page":"CashClosingDashboard","event":"CASH_CLOSING_DASHBOARD_PAGE_LOADED","timestamp":"2026-08-27T12:25:59.331Z"}
27/8/2026, 5:55:58 pm | [2026-08-27T12:25:59.453Z] [LOG] {"page":"CashClosingDashboard","event":"CASH_CLOSING_DASHBOARD_PAGE_LOADED","timestamp":"2026-08-27T12:25:59.453Z"}
27/8/2026, 5:55:58 pm | [2026-08-27T12:25:59.452Z] [LOG] {"page":"CashClosingDashboard","event":"CASH_CLOSING_RESET_CLICKED","timestamp":"2026-08-27T12:25:59.452Z"}
27/8/2026, 5:55:58 pm | [2026-08-27T12:25:59.506Z] [LOG] {"page":"CashClosingDashboard","event":"CASH_CLOSING_RESET_SUCCESS","totalRecords":56,"timestamp":"2026-08-27T12:25:59.506Z"}
27/8/2026, 5:55:58 pm | [2026-08-27T12:25:59.507Z] [LOG] {"page":"CashClosingDashboard","event":"CASH_CLOSING_DASHBOARD_PAGE_LOADED","timestamp":"2026-08-27T12:25:59.507Z"}
27/8/2026, 5:56:00 pm | [2026-08-27T12:26:01.815Z] [LOG] {"page":"CashClosingDashboard","event":"CASH_CLOSING_RESET_CLICKED","timestamp":"2026-08-27T12:26:01.815Z"}
27/8/2026, 5:56:00 pm | [2026-08-27T12:26:01.816Z] [LOG] {"page":"CashClosingDashboard","event":"CASH_CLOSING_DASHBOARD_PAGE_LOADED","timestamp":"2026-08-27T12:26:01.816Z"}
27/8/2026, 5:56:00 pm | [2026-08-27T12:26:01.946Z] [LOG] {"page":"CashClosingDashboard","event":"CASH_CLOSING_RESET_SUCCESS","totalRecords":56,"timestamp":"2026-08-27T12:26:01.946Z"}
27/8/2026, 5:56:00 pm | [2026-08-27T12:26:01.948Z] [LOG] {"page":"CashClosingDashboard","event":"CASH_CLOSING_DASHBOARD_PAGE_LOADED","timestamp":"2026-08-27T12:26:01.948Z"}
27/8/2026, 5:56:00 pm | [2026-08-27T12:26:02.304Z] [LOG] {"page":"CashClosingDashboard","event":"CASH_CLOSING_DASHBOARD_PAGE_LOADED","timestamp":"2026-08-27T12:26:02.304Z"}
27/8/2026, 5:56:00 pm | [2026-08-27T12:26:02.303Z] [LOG] {"page":"CashClosingDashboard","event":"CASH_CLOSING_RESET_CLICKED","timestamp":"2026-08-27T12:26:02.303Z"}
27/8/2026, 5:56:00 pm | [2026-08-27T12:26:02.358Z] [LOG] {"page":"CashClosingDashboard","event":"CASH_CLOSING_RESET_SUCCESS","totalRecords":56,"timestamp":"2026-08-27T12:26:02.358Z"}
27/8/2026, 5:56:00 pm | [2026-08-27T12:26:02.359Z] [LOG] {"page":"CashClosingDashboard","event":"CASH_CLOSING_DASHBOARD_PAGE_LOADED","timestamp":"2026-08-27T12:26:02.359Z"}
27/8/2026, 5:56:01 pm | [2026-08-27T12:26:02.677Z] [LOG] {"page":"CashClosingDashboard","event":"CASH_CLOSING_DASHBOARD_PAGE_LOADED","timestamp":"2026-08-27T12:26:02.677Z"}
27/8/2026, 5:56:01 pm | [2026-08-27T12:26:02.676Z] [LOG] {"page":"CashClosingDashboard","event":"CASH_CLOSING_RESET_CLICKED","timestamp":"2026-08-27T12:26:02.676Z"}
27/8/2026, 5:56:01 pm | [2026-08-27T12:26:02.875Z] [LOG] {"page":"CashClosingDashboard","event":"CASH_CLOSING_RESET_SUCCESS","totalRecords":56,"timestamp":"2026-08-27T12:26:02.875Z"}
27/8/2026, 5:56:01 pm | [2026-08-27T12:26:02.875Z] [LOG] {"page":"CashClosingDashboard","event":"CASH_CLOSING_RESET_CLICKED","timestamp":"2026-08-27T12:26:02.875Z"}
27/8/2026, 5:56:01 pm | [2026-08-27T12:26:02.876Z] [LOG] {"page":"CashClosingDashboard","event":"CASH_CLOSING_DASHBOARD_PAGE_LOADED","timestamp":"2026-08-27T12:26:02.876Z"}
27/8/2026, 5:56:01 pm | [2026-08-27T12:26:02.927Z] [LOG] {"page":"CashClosingDashboard","event":"CASH_CLOSING_RESET_SUCCESS","totalRecords":56,"timestamp":"2026-08-27T12:26:02.927Z"}
27/8/2026, 5:56:01 pm | [2026-08-27T12:26:02.927Z] [LOG] {"page":"CashClosingDashboard","event":"CASH_CLOSING_DASHBOARD_PAGE_LOADED","timestamp":"2026-08-27T12:26:02.927Z"}
27/8/2026, 5:56:02 pm | [2026-08-27T12:26:03.053Z] [LOG] {"page":"CashClosingDashboard","event":"CASH_CLOSING_DASHBOARD_PAGE_LOADED","timestamp":"2026-08-27T12:26:03.053Z"}
27/8/2026, 5:56:02 pm | [2026-08-27T12:26:03.052Z] [LOG] {"page":"CashClosingDashboard","event":"CASH_CLOSING_RESET_CLICKED","timestamp":"2026-08-27T12:26:03.052Z"}
27/8/2026, 5:56:02 pm | [2026-08-27T12:26:03.135Z] [LOG] {"page":"CashClosingDashboard","event":"CASH_CLOSING_RESET_SUCCESS","totalRecords":56,"timestamp":"2026-08-27T12:26:03.135Z"}
27/8/2026, 5:56:02 pm | [2026-08-27T12:26:03.136Z] [LOG] {"page":"CashClosingDashboard","event":"CASH_CLOSING_DASHBOARD_PAGE_LOADED","timestamp":"2026-08-27T12:26:03.136Z"}
27/8/2026, 5:56:02 pm | [2026-08-27T12:26:03.277Z] [LOG] {"page":"CashClosingDashboard","event":"CASH_CLOSING_DASHBOARD_PAGE_LOADED","timestamp":"2026-08-27T12:26:03.277Z"}
27/8/2026, 5:56:02 pm | [2026-08-27T12:26:03.276Z] [LOG] {"page":"CashClosingDashboard","event":"CASH_CLOSING_RESET_CLICKED","timestamp":"2026-08-27T12:26:03.276Z"}
27/8/2026, 5:56:02 pm | [2026-08-27T12:26:03.330Z] [LOG] {"page":"CashClosingDashboard","event":"CASH_CLOSING_RESET_SUCCESS","totalRecords":56,"timestamp":"2026-08-27T12:26:03.330Z"}
27/8/2026, 5:56:02 pm | [2026-08-27T12:26:03.331Z] [LOG] {"page":"CashClosingDashboard","event":"CASH_CLOSING_DASHBOARD_PAGE_LOADED","timestamp":"2026-08-27T12:26:03.331Z"}
27/8/2026, 5:56:02 pm | [2026-08-27T12:26:03.485Z] [LOG] {"page":"CashClosingDashboard","event":"CASH_CLOSING_DASHBOARD_PAGE_LOADED","timestamp":"2026-08-27T12:26:03.485Z"}
27/8/2026, 5:56:02 pm | [2026-08-27T12:26:03.484Z] [LOG] {"page":"CashClosingDashboard","event":"CASH_CLOSING_RESET_CLICKED","timestamp":"2026-08-27T12:26:03.484Z"}
27/8/2026, 5:56:02 pm | [2026-08-27T12:26:03.536Z] [LOG] {"page":"CashClosingDashboard","event":"CASH_CLOSING_RESET_SUCCESS","totalRecords":56,"timestamp":"2026-08-27T12:26:03.536Z"}
27/8/2026, 5:56:02 pm | [2026-08-27T12:26:03.537Z] [LOG] {"page":"CashClosingDashboard","event":"CASH_CLOSING_DASHBOARD_PAGE_LOADED","timestamp":"2026-08-27T12:26:03.537Z"}
27/8/2026, 5:56:02 pm | [2026-08-27T12:26:03.677Z] [LOG] {"page":"CashClosingDashboard","event":"CASH_CLOSING_DASHBOARD_PAGE_LOADED","timestamp":"2026-08-27T12:26:03.677Z"}
27/8/2026, 5:56:02 pm | [2026-08-27T12:26:03.676Z] [LOG] {"page":"CashClosingDashboard","event":"CASH_CLOSING_RESET_CLICKED","timestamp":"2026-08-27T12:26:03.676Z"}
27/8/2026, 5:56:02 pm | [2026-08-27T12:26:03.731Z] [LOG] {"page":"CashClosingDashboard","event":"CASH_CLOSING_RESET_SUCCESS","totalRecords":56,"timestamp":"2026-08-27T12:26:03.731Z"}
27/8/2026, 5:56:02 pm | [2026-08-27T12:26:03.732Z] [LOG] {"page":"CashClosingDashboard","event":"CASH_CLOSING_DASHBOARD_PAGE_LOADED","timestamp":"2026-08-27T12:26:03.732Z"}
27/8/2026, 5:56:07 pm | [2026-08-27T12:26:08.559Z] [LOG] {"page":"CashClosingDashboard","event":"CASH_CLOSING_DASHBOARD_PAGE_LOADED","timestamp":"2026-08-27T12:26:08.559Z"}
27/8/2026, 5:56:07 pm | [2026-08-27T12:26:08.559Z] [LOG] {"page":"CashClosingDashboard","event":"CASH_CLOSING_NEXT_PAGE","currentPage":2,"timestamp":"2026-08-27T12:26:08.559Z"}
27/8/2026, 5:56:08 pm | [2026-08-27T12:26:09.703Z] [LOG] {"page":"CashClosingDashboard","event":"CASH_CLOSING_DASHBOARD_PAGE_LOADED","timestamp":"2026-08-27T12:26:09.703Z"}
27/8/2026, 5:56:08 pm | [2026-08-27T12:26:09.703Z] [LOG] {"page":"CashClosingDashboard","event":"CASH_CLOSING_PREVIOUS_PAGE","currentPage":1,"timestamp":"2026-08-27T12:26:09.703Z"}
27/8/2026, 5:56:09 pm | [2026-08-27T12:26:10.759Z] [LOG] {"page":"CashClosingDashboard","event":"CASH_CLOSING_DASHBOARD_PAGE_LOADED","timestamp":"2026-08-27T12:26:10.759Z"}
27/8/2026, 5:56:09 pm | [2026-08-27T12:26:10.759Z] [LOG] {"page":"CashClosingDashboard","event":"CASH_CLOSING_NEXT_PAGE","currentPage":2,"timestamp":"2026-08-27T12:26:10.759Z"}
27/8/2026, 5:56:09 pm | [2026-08-27T12:26:11.326Z] [LOG] {"page":"CashClosingDashboard","event":"CASH_CLOSING_DASHBOARD_PAGE_LOADED","timestamp":"2026-08-27T12:26:11.326Z"}
27/8/2026, 5:56:09 pm | [2026-08-27T12:26:11.325Z] [LOG] {"page":"CashClosingDashboard","event":"CASH_CLOSING_NEXT_PAGE","currentPage":3,"timestamp":"2026-08-27T12:26:11.325Z"}
27/8/2026, 5:56:10 pm | [2026-08-27T12:26:11.903Z] [LOG] {"page":"CashClosingDashboard","event":"CASH_CLOSING_DASHBOARD_PAGE_LOADED","timestamp":"2026-08-27T12:26:11.903Z"}
27/8/2026, 5:56:10 pm | [2026-08-27T12:26:11.903Z] [LOG] {"page":"CashClosingDashboard","event":"CASH_CLOSING_NEXT_PAGE","currentPage":4,"timestamp":"2026-08-27T12:26:11.903Z"}
27/8/2026, 5:56:16 pm | [2026-08-27T12:26:17.804Z] [LOG] {"page":"CashClosingDashboard","event":"CASH_CLOSING_RESET_CLICKED","timestamp":"2026-08-27T12:26:17.804Z"}
27/8/2026, 5:56:16 pm | [2026-08-27T12:26:17.805Z] [LOG] {"page":"CashClosingDashboard","event":"CASH_CLOSING_DASHBOARD_PAGE_LOADED","timestamp":"2026-08-27T12:26:17.805Z"}
27/8/2026, 5:56:16 pm | [2026-08-27T12:26:17.948Z] [LOG] {"page":"CashClosingDashboard","event":"CASH_CLOSING_RESET_SUCCESS","totalRecords":56,"timestamp":"2026-08-27T12:26:17.948Z"}
27/8/2026, 5:56:16 pm | [2026-08-27T12:26:17.949Z] [LOG] {"page":"CashClosingDashboard","event":"CASH_CLOSING_DASHBOARD_PAGE_LOADED","timestamp":"2026-08-27T12:26:17.949Z"}
27/8/2026, 5:56:16 pm | [2026-08-27T12:26:17.964Z] [LOG] {"page":"CashClosingDashboard","event":"CASH_CLOSING_RESET_CLICKED","timestamp":"2026-08-27T12:26:17.964Z"}
27/8/2026, 5:56:16 pm | [2026-08-27T12:26:17.965Z] [LOG] {"page":"CashClosingDashboard","event":"CASH_CLOSING_DASHBOARD_PAGE_LOADED","timestamp":"2026-08-27T12:26:17.965Z"}
27/8/2026, 5:56:16 pm | [2026-08-27T12:26:18.030Z] [LOG] {"page":"CashClosingDashboard","event":"CASH_CLOSING_RESET_SUCCESS","totalRecords":56,"timestamp":"2026-08-27T12:26:18.030Z"}
27/8/2026, 5:56:16 pm | [2026-08-27T12:26:18.031Z] [LOG] {"page":"CashClosingDashboard","event":"CASH_CLOSING_DASHBOARD_PAGE_LOADED","timestamp":"2026-08-27T12:26:18.031Z"}
27/8/2026, 5:56:16 pm | [2026-08-27T12:26:18.108Z] [LOG] {"page":"CashClosingDashboard","event":"CASH_CLOSING_RESET_CLICKED","timestamp":"2026-08-27T12:26:18.108Z"}
27/8/2026, 5:56:16 pm | [2026-08-27T12:26:18.109Z] [LOG] {"page":"CashClosingDashboard","event":"CASH_CLOSING_DASHBOARD_PAGE_LOADED","timestamp":"2026-08-27T12:26:18.109Z"}
27/8/2026, 5:56:16 pm | [2026-08-27T12:26:18.162Z] [LOG] {"page":"CashClosingDashboard","event":"CASH_CLOSING_RESET_SUCCESS","totalRecords":56,"timestamp":"2026-08-27T12:26:18.162Z"}
27/8/2026, 5:56:16 pm | [2026-08-27T12:26:18.162Z] [LOG] {"page":"CashClosingDashboard","event":"CASH_CLOSING_DASHBOARD_PAGE_LOADED","timestamp":"2026-08-27T12:26:18.162Z"}
27/8/2026, 5:56:16 pm | [2026-08-27T12:26:18.372Z] [LOG] {"page":"CashClosingDashboard","event":"CASH_CLOSING_RESET_CLICKED","timestamp":"2026-08-27T12:26:18.372Z"}
27/8/2026, 5:56:16 pm | [2026-08-27T12:26:18.373Z] [LOG] {"page":"CashClosingDashboard","event":"CASH_CLOSING_DASHBOARD_PAGE_LOADED","timestamp":"2026-08-27T12:26:18.373Z"}
27/8/2026, 5:56:16 pm | [2026-08-27T12:26:18.424Z] [LOG] {"page":"CashClosingDashboard","event":"CASH_CLOSING_RESET_SUCCESS","totalRecords":56,"timestamp":"2026-08-27T12:26:18.424Z"}
27/8/2026, 5:56:16 pm | [2026-08-27T12:26:18.424Z] [LOG] {"page":"CashClosingDashboard","event":"CASH_CLOSING_DASHBOARD_PAGE_LOADED","timestamp":"2026-08-27T12:26:18.424Z"}
27/8/2026, 5:56:16 pm | [2026-08-27T12:26:18.492Z] [LOG] {"page":"CashClosingDashboard","event":"CASH_CLOSING_RESET_CLICKED","timestamp":"2026-08-27T12:26:18.492Z"}
27/8/2026, 5:56:16 pm | [2026-08-27T12:26:18.493Z] [LOG] {"page":"CashClosingDashboard","event":"CASH_CLOSING_DASHBOARD_PAGE_LOADED","timestamp":"2026-08-27T12:26:18.493Z"}
27/8/2026, 5:56:16 pm | [2026-08-27T12:26:18.544Z] [LOG] {"page":"CashClosingDashboard","event":"CASH_CLOSING_RESET_SUCCESS","totalRecords":56,"timestamp":"2026-08-27T12:26:18.544Z"}
27/8/2026, 5:56:16 pm | [2026-08-27T12:26:18.544Z] [LOG] {"page":"CashClosingDashboard","event":"CASH_CLOSING_DASHBOARD_PAGE_LOADED","timestamp":"2026-08-27T12:26:18.544Z"}
27/8/2026, 5:56:16 pm | [2026-08-27T12:26:18.604Z] [LOG] {"page":"CashClosingDashboard","event":"CASH_CLOSING_RESET_CLICKED","timestamp":"2026-08-27T12:26:18.604Z"}
27/8/2026, 5:56:16 pm | [2026-08-27T12:26:18.605Z] [LOG] {"page":"CashClosingDashboard","event":"CASH_CLOSING_DASHBOARD_PAGE_LOADED","timestamp":"2026-08-27T12:26:18.605Z"}
27/8/2026, 5:56:16 pm | [2026-08-27T12:26:18.656Z] [LOG] {"page":"CashClosingDashboard","event":"CASH_CLOSING_RESET_SUCCESS","totalRecords":56,"timestamp":"2026-08-27T12:26:18.656Z"}
27/8/2026, 5:56:16 pm | [2026-08-27T12:26:18.657Z] [LOG] {"page":"CashClosingDashboard","event":"CASH_CLOSING_DASHBOARD_PAGE_LOADED","timestamp":"2026-08-27T12:26:18.657Z"}
27/8/2026, 5:56:17 pm | [2026-08-27T12:26:18.756Z] [LOG] {"page":"CashClosingDashboard","event":"CASH_CLOSING_RESET_CLICKED","timestamp":"2026-08-27T12:26:18.756Z"}
27/8/2026, 5:56:17 pm | [2026-08-27T12:26:18.757Z] [LOG] {"page":"CashClosingDashboard","event":"CASH_CLOSING_DASHBOARD_PAGE_LOADED","timestamp":"2026-08-27T12:26:18.757Z"}
27/8/2026, 5:56:17 pm | [2026-08-27T12:26:18.808Z] [LOG] {"page":"CashClosingDashboard","event":"CASH_CLOSING_DASHBOARD_PAGE_LOADED","timestamp":"2026-08-27T12:26:18.808Z"}
27/8/2026, 5:56:17 pm | [2026-08-27T12:26:18.808Z] [LOG] {"page":"CashClosingDashboard","event":"CASH_CLOSING_RESET_SUCCESS","totalRecords":56,"timestamp":"2026-08-27T12:26:18.808Z"}
27/8/2026, 5:56:19 pm | [2026-08-27T12:26:20.734Z] [LOG] {"page":"CashClosingDashboard","event":"CASH_CLOSING_PREVIOUS_PAGE","currentPage":3,"timestamp":"2026-08-27T12:26:20.734Z"}
27/8/2026, 5:56:19 pm | [2026-08-27T12:26:20.734Z] [LOG] {"page":"CashClosingDashboard","event":"CASH_CLOSING_DASHBOARD_PAGE_LOADED","timestamp":"2026-08-27T12:26:20.734Z"}
27/8/2026, 5:56:21 pm | [2026-08-27T12:26:23.143Z] [LOG] {"page":"CashClosingDashboard","event":"CASH_CLOSING_DASHBOARD_PAGE_LOADED","timestamp":"2026-08-27T12:26:23.143Z"}
27/8/2026, 5:56:21 pm | [2026-08-27T12:26:23.143Z] [LOG] {"page":"CashClosingDashboard","event":"CASH_CLOSING_PREVIOUS_PAGE","currentPage":2,"timestamp":"2026-08-27T12:26:23.143Z"}
27/8/2026, 5:56:22 pm | [2026-08-27T12:26:23.887Z] [LOG] {"page":"CashClosingDashboard","event":"CASH_CLOSING_DASHBOARD_PAGE_LOADED","timestamp":"2026-08-27T12:26:23.887Z"}
27/8/2026, 5:56:22 pm | [2026-08-27T12:26:23.887Z] [LOG] {"page":"CashClosingDashboard","event":"CASH_CLOSING_PREVIOUS_PAGE","currentPage":1,"timestamp":"2026-08-27T12:26:23.887Z"}
27/8/2026, 5:56:24 pm | [2026-08-27T12:26:26.455Z] [LOG] {"page":"CashClosingDashboard","event":"CASH_CLOSING_RESET_CLICKED","timestamp":"2026-08-27T12:26:26.455Z"}
27/8/2026, 5:56:24 pm | [2026-08-27T12:26:26.456Z] [LOG] {"page":"CashClosingDashboard","event":"CASH_CLOSING_DASHBOARD_PAGE_LOADED","timestamp":"2026-08-27T12:26:26.456Z"}
27/8/2026, 5:56:24 pm | [2026-08-27T12:26:26.542Z] [LOG] {"page":"CashClosingDashboard","event":"CASH_CLOSING_RESET_SUCCESS","totalRecords":56,"timestamp":"2026-08-27T12:26:26.541Z"}
27/8/2026, 5:56:24 pm | [2026-08-27T12:26:26.542Z] [LOG] {"page":"CashClosingDashboard","event":"CASH_CLOSING_DASHBOARD_PAGE_LOADED","timestamp":"2026-08-27T12:26:26.542Z"}
27/8/2026, 5:56:25 pm | [2026-08-27T12:26:27.207Z] [LOG] {"page":"CashClosingDashboard","event":"CASH_CLOSING_RESET_CLICKED","timestamp":"2026-08-27T12:26:27.207Z"}
27/8/2026, 5:56:25 pm | [2026-08-27T12:26:27.208Z] [LOG] {"page":"CashClosingDashboard","event":"CASH_CLOSING_DASHBOARD_PAGE_LOADED","timestamp":"2026-08-27T12:26:27.208Z"}
27/8/2026, 5:56:25 pm | [2026-08-27T12:26:27.261Z] [LOG] {"page":"CashClosingDashboard","event":"CASH_CLOSING_RESET_SUCCESS","totalRecords":56,"timestamp":"2026-08-27T12:26:27.261Z"}
27/8/2026, 5:56:25 pm | [2026-08-27T12:26:27.262Z] [LOG] {"page":"CashClosingDashboard","event":"CASH_CLOSING_DASHBOARD_PAGE_LOADED","timestamp":"2026-08-27T12:26:27.262Z"}
27/8/2026, 5:56:26 pm | [2026-08-27T12:26:27.735Z] [LOG] {"page":"CashClosingDashboard","event":"CASH_CLOSING_DASHBOARD_PAGE_LOADED","timestamp":"2026-08-27T12:26:27.735Z"}
27/8/2026, 5:56:26 pm | [2026-08-27T12:26:27.734Z] [LOG] {"page":"CashClosingDashboard","event":"CASH_CLOSING_RESET_CLICKED","timestamp":"2026-08-27T12:26:27.734Z"}
27/8/2026, 5:56:26 pm | [2026-08-27T12:26:27.788Z] [LOG] {"page":"CashClosingDashboard","event":"CASH_CLOSING_RESET_SUCCESS","totalRecords":56,"timestamp":"2026-08-27T12:26:27.788Z"}
27/8/2026, 5:56:26 pm | [2026-08-27T12:26:27.789Z] [LOG] {"page":"CashClosingDashboard","event":"CASH_CLOSING_DASHBOARD_PAGE_LOADED","timestamp":"2026-08-27T12:26:27.789Z"}
27/8/2026, 5:56:26 pm | [2026-08-27T12:26:27.959Z] [LOG] {"page":"CashClosingDashboard","event":"CASH_CLOSING_DASHBOARD_PAGE_LOADED","timestamp":"2026-08-27T12:26:27.959Z"}
27/8/2026, 5:56:26 pm | [2026-08-27T12:26:27.958Z] [LOG] {"page":"CashClosingDashboard","event":"CASH_CLOSING_RESET_CLICKED","timestamp":"2026-08-27T12:26:27.958Z"}
27/8/2026, 5:56:26 pm | [2026-08-27T12:26:28.013Z] [LOG] {"page":"CashClosingDashboard","event":"CASH_CLOSING_RESET_SUCCESS","totalRecords":56,"timestamp":"2026-08-27T12:26:28.013Z"}
27/8/2026, 5:56:26 pm | [2026-08-27T12:26:28.014Z] [LOG] {"page":"CashClosingDashboard","event":"CASH_CLOSING_DASHBOARD_PAGE_LOADED","timestamp":"2026-08-27T12:26:28.014Z"}
27/8/2026, 5:56:26 pm | [2026-08-27T12:26:28.159Z] [LOG] {"page":"CashClosingDashboard","event":"CASH_CLOSING_DASHBOARD_PAGE_LOADED","timestamp":"2026-08-27T12:26:28.159Z"}
27/8/2026, 5:56:26 pm | [2026-08-27T12:26:28.158Z] [LOG] {"page":"CashClosingDashboard","event":"CASH_CLOSING_RESET_CLICKED","timestamp":"2026-08-27T12:26:28.158Z"}
27/8/2026, 5:56:26 pm | [2026-08-27T12:26:28.216Z] [LOG] {"page":"CashClosingDashboard","event":"CASH_CLOSING_RESET_SUCCESS","totalRecords":56,"timestamp":"2026-08-27T12:26:28.216Z"}
27/8/2026, 5:56:26 pm | [2026-08-27T12:26:28.217Z] [LOG] {"page":"CashClosingDashboard","event":"CASH_CLOSING_DASHBOARD_PAGE_LOADED","timestamp":"2026-08-27T12:26:28.217Z"}
27/8/2026, 5:56:26 pm | [2026-08-27T12:26:28.368Z] [LOG] {"page":"CashClosingDashboard","event":"CASH_CLOSING_DASHBOARD_PAGE_LOADED","timestamp":"2026-08-27T12:26:28.368Z"}
27/8/2026, 5:56:26 pm | [2026-08-27T12:26:28.367Z] [LOG] {"page":"CashClosingDashboard","event":"CASH_CLOSING_RESET_CLICKED","timestamp":"2026-08-27T12:26:28.367Z"}
27/8/2026, 5:56:26 pm | [2026-08-27T12:26:28.424Z] [LOG] {"page":"CashClosingDashboard","event":"CASH_CLOSING_RESET_SUCCESS","totalRecords":56,"timestamp":"2026-08-27T12:26:28.424Z"}
27/8/2026, 5:56:26 pm | [2026-08-27T12:26:28.425Z] [LOG] {"page":"CashClosingDashboard","event":"CASH_CLOSING_DASHBOARD_PAGE_LOADED","timestamp":"2026-08-27T12:26:28.425Z"}
27/8/2026, 5:56:27 pm | [2026-08-27T12:26:28.855Z] [LOG] {"page":"CashClosingDashboard","event":"CASH_CLOSING_DASHBOARD_PAGE_LOADED","timestamp":"2026-08-27T12:26:28.855Z"}
27/8/2026, 5:56:27 pm | [2026-08-27T12:26:28.855Z] [LOG] {"page":"CashClosingDashboard","event":"CASH_CLOSING_RESET_CLICKED","timestamp":"2026-08-27T12:26:28.855Z"}
27/8/2026, 5:56:27 pm | [2026-08-27T12:26:28.910Z] [LOG] {"page":"CashClosingDashboard","event":"CASH_CLOSING_RESET_SUCCESS","totalRecords":56,"timestamp":"2026-08-27T12:26:28.910Z"}
27/8/2026, 5:56:27 pm | [2026-08-27T12:26:28.911Z] [LOG] {"page":"CashClosingDashboard","event":"CASH_CLOSING_DASHBOARD_PAGE_LOADED","timestamp":"2026-08-27T12:26:28.911Z"}
27/8/2026, 5:56:28 pm | [2026-08-27T12:26:29.672Z] [LOG] {"page":"CashClosingDashboard","event":"CASH_CLOSING_DASHBOARD_PAGE_LOADED","timestamp":"2026-08-27T12:26:29.672Z"}
27/8/2026, 5:56:28 pm | [2026-08-27T12:26:29.671Z] [LOG] {"page":"CashClosingDashboard","event":"CASH_CLOSING_RESET_CLICKED","timestamp":"2026-08-27T12:26:29.671Z"}
27/8/2026, 5:56:28 pm | [2026-08-27T12:26:29.723Z] [LOG] {"page":"CashClosingDashboard","event":"CASH_CLOSING_RESET_SUCCESS","totalRecords":56,"timestamp":"2026-08-27T12:26:29.723Z"}
27/8/2026, 5:56:28 pm | [2026-08-27T12:26:29.724Z] [LOG] {"page":"CashClosingDashboard","event":"CASH_CLOSING_DASHBOARD_PAGE_LOADED","timestamp":"2026-08-27T12:26:29.724Z"}
27/8/2026, 5:56:28 pm | [2026-08-27T12:26:30.119Z] [LOG] {"page":"CashClosingDashboard","event":"CASH_CLOSING_DASHBOARD_PAGE_LOADED","timestamp":"2026-08-27T12:26:30.119Z"}
27/8/2026, 5:56:28 pm | [2026-08-27T12:26:30.118Z] [LOG] {"page":"CashClosingDashboard","event":"CASH_CLOSING_RESET_CLICKED","timestamp":"2026-08-27T12:26:30.118Z"}
27/8/2026, 5:56:28 pm | [2026-08-27T12:26:30.172Z] [LOG] {"page":"CashClosingDashboard","event":"CASH_CLOSING_RESET_SUCCESS","totalRecords":56,"timestamp":"2026-08-27T12:26:30.172Z"}
27/8/2026, 5:56:28 pm | [2026-08-27T12:26:30.173Z] [LOG] {"page":"CashClosingDashboard","event":"CASH_CLOSING_DASHBOARD_PAGE_LOADED","timestamp":"2026-08-27T12:26:30.173Z"}
27/8/2026, 5:56:28 pm | [2026-08-27T12:26:30.440Z] [LOG] {"page":"CashClosingDashboard","event":"CASH_CLOSING_DASHBOARD_PAGE_LOADED","timestamp":"2026-08-27T12:26:30.440Z"}
27/8/2026, 5:56:28 pm | [2026-08-27T12:26:30.439Z] [LOG] {"page":"CashClosingDashboard","event":"CASH_CLOSING_RESET_CLICKED","timestamp":"2026-08-27T12:26:30.439Z"}
27/8/2026, 5:56:28 pm | [2026-08-27T12:26:30.492Z] [LOG] {"page":"CashClosingDashboard","event":"CASH_CLOSING_RESET_SUCCESS","totalRecords":56,"timestamp":"2026-08-27T12:26:30.492Z"}
27/8/2026, 5:56:28 pm | [2026-08-27T12:26:30.493Z] [LOG] {"page":"CashClosingDashboard","event":"CASH_CLOSING_DASHBOARD_PAGE_LOADED","timestamp":"2026-08-27T12:26:30.493Z"}
27/8/2026, 5:56:32 pm | [2026-08-27T12:26:33.663Z] [LOG] {"page":"CashClosingDashboard","event":"CASH_CLOSING_DASHBOARD_PAGE_LOADED","timestamp":"2026-08-27T12:26:33.663Z"}
27/8/2026, 5:56:32 pm | [2026-08-27T12:26:33.663Z] [LOG] {"page":"CashClosingDashboard","event":"CASH_CLOSING_NEXT_PAGE","currentPage":2,"timestamp":"2026-08-27T12:26:33.663Z"}
27/8/2026, 5:56:32 pm | [2026-08-27T12:26:34.439Z] [LOG] {"page":"CashClosingDashboard","event":"CASH_CLOSING_DASHBOARD_PAGE_LOADED","timestamp":"2026-08-27T12:26:34.439Z"}
27/8/2026, 5:56:32 pm | [2026-08-27T12:26:34.439Z] [LOG] {"page":"CashClosingDashboard","event":"CASH_CLOSING_NEXT_PAGE","currentPage":3,"timestamp":"2026-08-27T12:26:34.439Z"}
27/8/2026, 5:56:33 pm | [2026-08-27T12:26:34.927Z] [LOG] {"page":"CashClosingDashboard","event":"CASH_CLOSING_DASHBOARD_PAGE_LOADED","timestamp":"2026-08-27T12:26:34.927Z"}
27/8/2026, 5:56:33 pm | [2026-08-27T12:26:34.927Z] [LOG] {"page":"CashClosingDashboard","event":"CASH_CLOSING_NEXT_PAGE","currentPage":4,"timestamp":"2026-08-27T12:26:34.927Z"}
27/8/2026, 5:56:34 pm | [2026-08-27T12:26:36.302Z] [LOG] {"page":"CashClosingDashboard","event":"CASH_CLOSING_DASHBOARD_PAGE_LOADED","timestamp":"2026-08-27T12:26:36.302Z"}
27/8/2026, 5:56:34 pm | [2026-08-27T12:26:36.301Z] [LOG] {"page":"CashClosingDashboard","event":"CASH_CLOSING_PREVIOUS_PAGE","currentPage":3,"timestamp":"2026-08-27T12:26:36.301Z"}
27/8/2026, 5:56:38 pm | [2026-08-27T12:26:39.594Z] [LOG] {"page":"CashClosingDashboard","event":"CASH_CLOSING_DASHBOARD_PAGE_LOADED","timestamp":"2026-08-27T12:26:39.594Z"}
27/8/2026, 5:56:39 pm | [2026-08-27T12:26:41.183Z] [LOG] {"page":"CashClosingDashboard","event":"CASH_CLOSING_DASHBOARD_PAGE_LOADED","timestamp":"2026-08-27T12:26:41.183Z"}
27/8/2026, 5:56:40 pm | [2026-08-27T12:26:41.966Z] [LOG] {"page":"CashClosingDashboard","event":"CASH_CLOSING_DASHBOARD_PAGE_LOADED","timestamp":"2026-08-27T12:26:41.966Z"}
27/8/2026, 5:56:40 pm | [2026-08-27T12:26:41.966Z] [LOG] {"page":"CashClosingDashboard","event":"CASH_CLOSING_NEXT_PAGE","currentPage":4,"timestamp":"2026-08-27T12:26:41.966Z"}
27/8/2026, 5:56:42 pm | [2026-08-27T12:26:43.759Z] [LOG] {"page":"CashClosingDashboard","event":"CASH_CLOSING_DASHBOARD_PAGE_LOADED","timestamp":"2026-08-27T12:26:43.759Z"}
27/8/2026, 5:56:42 pm | [2026-08-27T12:26:43.759Z] [LOG] {"page":"CashClosingDashboard","event":"CASH_CLOSING_PREVIOUS_PAGE","currentPage":3,"timestamp":"2026-08-27T12:26:43.759Z"}
27/8/2026, 5:56:44 pm | [2026-08-27T12:26:45.903Z] [LOG] {"page":"CashClosingDashboard","event":"CASH_CLOSING_PREVIOUS_PAGE","currentPage":2,"timestamp":"2026-08-27T12:26:45.903Z"}
27/8/2026, 5:56:44 pm | [2026-08-27T12:26:45.903Z] [LOG] {"page":"CashClosingDashboard","event":"CASH_CLOSING_DASHBOARD_PAGE_LOADED","timestamp":"2026-08-27T12:26:45.903Z"}
27/8/2026, 5:56:46 pm | [2026-08-27T12:26:47.679Z] [LOG] {"page":"CashClosingDashboard","event":"CASH_CLOSING_DASHBOARD_PAGE_LOADED","timestamp":"2026-08-27T12:26:47.679Z"}
27/8/2026, 5:56:46 pm | [2026-08-27T12:26:47.679Z] [LOG] {"page":"CashClosingDashboard","event":"CASH_CLOSING_PREVIOUS_PAGE","currentPage":1,"timestamp":"2026-08-27T12:26:47.679Z"}
27/8/2026, 5:56:55 pm | [2026-08-27T12:26:56.853Z] [LOG] {"page":"CashClosingDashboard","event":"CASH_CLOSING_RESET_CLICKED","timestamp":"2026-08-27T12:26:56.853Z"}
27/8/2026, 5:56:55 pm | [2026-08-27T12:26:56.854Z] [LOG] {"page":"CashClosingDashboard","event":"CASH_CLOSING_DASHBOARD_PAGE_LOADED","timestamp":"2026-08-27T12:26:56.854Z"}
27/8/2026, 5:56:55 pm | [2026-08-27T12:26:56.973Z] [LOG] {"page":"CashClosingDashboard","event":"CASH_CLOSING_RESET_SUCCESS","totalRecords":56,"timestamp":"2026-08-27T12:26:56.973Z"}
27/8/2026, 5:56:55 pm | [2026-08-27T12:26:56.974Z] [LOG] {"page":"CashClosingDashboard","event":"CASH_CLOSING_DASHBOARD_PAGE_LOADED","timestamp":"2026-08-27T12:26:56.974Z"}
27/8/2026, 5:56:55 pm | [2026-08-27T12:26:57.029Z] [LOG] {"page":"CashClosingDashboard","event":"CASH_CLOSING_RESET_CLICKED","timestamp":"2026-08-27T12:26:57.029Z"}
27/8/2026, 5:56:55 pm | [2026-08-27T12:26:57.029Z] [LOG] {"page":"CashClosingDashboard","event":"CASH_CLOSING_DASHBOARD_PAGE_LOADED","timestamp":"2026-08-27T12:26:57.029Z"}
27/8/2026, 5:56:55 pm | [2026-08-27T12:26:57.083Z] [LOG] {"page":"CashClosingDashboard","event":"CASH_CLOSING_RESET_SUCCESS","totalRecords":56,"timestamp":"2026-08-27T12:26:57.083Z"}
27/8/2026, 5:56:55 pm | [2026-08-27T12:26:57.084Z] [LOG] {"page":"CashClosingDashboard","event":"CASH_CLOSING_DASHBOARD_PAGE_LOADED","timestamp":"2026-08-27T12:26:57.084Z"}
27/8/2026, 5:56:55 pm | [2026-08-27T12:26:57.165Z] [LOG] {"page":"CashClosingDashboard","event":"CASH_CLOSING_RESET_CLICKED","timestamp":"2026-08-27T12:26:57.165Z"}
27/8/2026, 5:56:55 pm | [2026-08-27T12:26:57.166Z] [LOG] {"page":"CashClosingDashboard","event":"CASH_CLOSING_DASHBOARD_PAGE_LOADED","timestamp":"2026-08-27T12:26:57.166Z"}
27/8/2026, 5:56:55 pm | [2026-08-27T12:26:57.219Z] [LOG] {"page":"CashClosingDashboard","event":"CASH_CLOSING_RESET_SUCCESS","totalRecords":56,"timestamp":"2026-08-27T12:26:57.219Z"}
27/8/2026, 5:56:55 pm | [2026-08-27T12:26:57.219Z] [LOG] {"page":"CashClosingDashboard","event":"CASH_CLOSING_DASHBOARD_PAGE_LOADED","timestamp":"2026-08-27T12:26:57.219Z"}
27/8/2026, 5:56:55 pm | [2026-08-27T12:26:57.302Z] [LOG] {"page":"CashClosingDashboard","event":"CASH_CLOSING_DASHBOARD_PAGE_LOADED","timestamp":"2026-08-27T12:26:57.302Z"}
27/8/2026, 5:56:55 pm | [2026-08-27T12:26:57.301Z] [LOG] {"page":"CashClosingDashboard","event":"CASH_CLOSING_RESET_CLICKED","timestamp":"2026-08-27T12:26:57.301Z"}
27/8/2026, 5:56:55 pm | [2026-08-27T12:26:57.355Z] [LOG] {"page":"CashClosingDashboard","event":"CASH_CLOSING_RESET_SUCCESS","totalRecords":56,"timestamp":"2026-08-27T12:26:57.355Z"}
27/8/2026, 5:56:55 pm | [2026-08-27T12:26:57.356Z] [LOG] {"page":"CashClosingDashboard","event":"CASH_CLOSING_DASHBOARD_PAGE_LOADED","timestamp":"2026-08-27T12:26:57.356Z"}
27/8/2026, 5:56:55 pm | [2026-08-27T12:26:57.438Z] [LOG] {"page":"CashClosingDashboard","event":"CASH_CLOSING_DASHBOARD_PAGE_LOADED","timestamp":"2026-08-27T12:26:57.438Z"}
27/8/2026, 5:56:55 pm | [2026-08-27T12:26:57.437Z] [LOG] {"page":"CashClosingDashboard","event":"CASH_CLOSING_RESET_CLICKED","timestamp":"2026-08-27T12:26:57.437Z"}
27/8/2026, 5:56:55 pm | [2026-08-27T12:26:57.492Z] [LOG] {"page":"CashClosingDashboard","event":"CASH_CLOSING_RESET_SUCCESS","totalRecords":56,"timestamp":"2026-08-27T12:26:57.492Z"}
27/8/2026, 5:56:55 pm | [2026-08-27T12:26:57.493Z] [LOG] {"page":"CashClosingDashboard","event":"CASH_CLOSING_DASHBOARD_PAGE_LOADED","timestamp":"2026-08-27T12:26:57.493Z"}
27/8/2026, 5:56:56 pm | [2026-08-27T12:26:57.941Z] [LOG] {"page":"CashClosingDashboard","event":"CASH_CLOSING_RESET_CLICKED","timestamp":"2026-08-27T12:26:57.941Z"}
27/8/2026, 5:56:56 pm | [2026-08-27T12:26:57.942Z] [LOG] {"page":"CashClosingDashboard","event":"CASH_CLOSING_DASHBOARD_PAGE_LOADED","timestamp":"2026-08-27T12:26:57.942Z"}
27/8/2026, 5:56:56 pm | [2026-08-27T12:26:57.994Z] [LOG] {"page":"CashClosingDashboard","event":"CASH_CLOSING_RESET_SUCCESS","totalRecords":56,"timestamp":"2026-08-27T12:26:57.994Z"}
27/8/2026, 5:56:56 pm | [2026-08-27T12:26:57.995Z] [LOG] {"page":"CashClosingDashboard","event":"CASH_CLOSING_DASHBOARD_PAGE_LOADED","timestamp":"2026-08-27T12:26:57.995Z"}
27/8/2026, 5:56:56 pm | [2026-08-27T12:26:58.125Z] [LOG] {"page":"CashClosingDashboard","event":"CASH_CLOSING_RESET_CLICKED","timestamp":"2026-08-27T12:26:58.125Z"}
27/8/2026, 5:56:56 pm | [2026-08-27T12:26:58.126Z] [LOG] {"page":"CashClosingDashboard","event":"CASH_CLOSING_DASHBOARD_PAGE_LOADED","timestamp":"2026-08-27T12:26:58.126Z"}
27/8/2026, 5:56:56 pm | [2026-08-27T12:26:58.177Z] [LOG] {"page":"CashClosingDashboard","event":"CASH_CLOSING_RESET_SUCCESS","totalRecords":56,"timestamp":"2026-08-27T12:26:58.177Z"}
27/8/2026, 5:56:56 pm | [2026-08-27T12:26:58.177Z] [LOG] {"page":"CashClosingDashboard","event":"CASH_CLOSING_DASHBOARD_PAGE_LOADED","timestamp":"2026-08-27T12:26:58.177Z"}
27/8/2026, 5:56:56 pm | [2026-08-27T12:26:58.310Z] [LOG] {"page":"CashClosingDashboard","event":"CASH_CLOSING_DASHBOARD_PAGE_LOADED","timestamp":"2026-08-27T12:26:58.310Z"}
27/8/2026, 5:56:56 pm | [2026-08-27T12:26:58.309Z] [LOG] {"page":"CashClosingDashboard","event":"CASH_CLOSING_RESET_CLICKED","timestamp":"2026-08-27T12:26:58.309Z"}
27/8/2026, 5:56:56 pm | [2026-08-27T12:26:58.361Z] [LOG] {"page":"CashClosingDashboard","event":"CASH_CLOSING_RESET_SUCCESS","totalRecords":56,"timestamp":"2026-08-27T12:26:58.361Z"}
27/8/2026, 5:56:56 pm | [2026-08-27T12:26:58.361Z] [LOG] {"page":"CashClosingDashboard","event":"CASH_CLOSING_DASHBOARD_PAGE_LOADED","timestamp":"2026-08-27T12:26:58.361Z"}
27/8/2026, 5:57:01 pm | [2026-08-27T12:27:02.868Z] [LOG] {"page":"CashClosingDashboard","event":"CASH_CLOSING_RESET_CLICKED","timestamp":"2026-08-27T12:27:02.868Z"}
27/8/2026, 5:57:01 pm | [2026-08-27T12:27:02.869Z] [LOG] {"page":"CashClosingDashboard","event":"CASH_CLOSING_DASHBOARD_PAGE_LOADED","timestamp":"2026-08-27T12:27:02.869Z"}
27/8/2026, 5:57:01 pm | [2026-08-27T12:27:02.994Z] [LOG] {"page":"CashClosingDashboard","event":"CASH_CLOSING_DASHBOARD_PAGE_LOADED","timestamp":"2026-08-27T12:27:02.994Z"}
27/8/2026, 5:57:01 pm | [2026-08-27T12:27:02.994Z] [LOG] {"page":"CashClosingDashboard","event":"CASH_CLOSING_RESET_SUCCESS","totalRecords":56,"timestamp":"2026-08-27T12:27:02.994Z"}
27/8/2026, 5:57:02 pm | [2026-08-27T12:27:03.156Z] [LOG] {"page":"CashClosingDashboard","event":"CASH_CLOSING_DASHBOARD_PAGE_LOADED","timestamp":"2026-08-27T12:27:03.156Z"}
27/8/2026, 5:57:02 pm | [2026-08-27T12:27:03.156Z] [LOG] {"page":"CashClosingDashboard","event":"CASH_CLOSING_RESET_CLICKED","timestamp":"2026-08-27T12:27:03.156Z"}
27/8/2026, 5:57:02 pm | [2026-08-27T12:27:03.210Z] [LOG] {"page":"CashClosingDashboard","event":"CASH_CLOSING_RESET_SUCCESS","totalRecords":56,"timestamp":"2026-08-27T12:27:03.210Z"}
27/8/2026, 5:57:02 pm | [2026-08-27T12:27:03.211Z] [LOG] {"page":"CashClosingDashboard","event":"CASH_CLOSING_DASHBOARD_PAGE_LOADED","timestamp":"2026-08-27T12:27:03.211Z"}
27/8/2026, 5:57:02 pm | [2026-08-27T12:27:03.324Z] [LOG] {"page":"CashClosingDashboard","event":"CASH_CLOSING_RESET_CLICKED","timestamp":"2026-08-27T12:27:03.324Z"}
27/8/2026, 5:57:02 pm | [2026-08-27T12:27:03.324Z] [LOG] {"page":"CashClosingDashboard","event":"CASH_CLOSING_DASHBOARD_PAGE_LOADED","timestamp":"2026-08-27T12:27:03.324Z"}
27/8/2026, 5:57:02 pm | [2026-08-27T12:27:03.376Z] [LOG] {"page":"CashClosingDashboard","event":"CASH_CLOSING_RESET_SUCCESS","totalRecords":56,"timestamp":"2026-08-27T12:27:03.376Z"}
27/8/2026, 5:57:02 pm | [2026-08-27T12:27:03.377Z] [LOG] {"page":"CashClosingDashboard","event":"CASH_CLOSING_DASHBOARD_PAGE_LOADED","timestamp":"2026-08-27T12:27:03.377Z"}
27/8/2026, 5:57:02 pm | [2026-08-27T12:27:03.517Z] [LOG] {"page":"CashClosingDashboard","event":"CASH_CLOSING_DASHBOARD_PAGE_LOADED","timestamp":"2026-08-27T12:27:03.517Z"}
27/8/2026, 5:57:02 pm | [2026-08-27T12:27:03.516Z] [LOG] {"page":"CashClosingDashboard","event":"CASH_CLOSING_RESET_CLICKED","timestamp":"2026-08-27T12:27:03.516Z"}
27/8/2026, 5:57:02 pm | [2026-08-27T12:27:03.569Z] [LOG] {"page":"CashClosingDashboard","event":"CASH_CLOSING_RESET_SUCCESS","totalRecords":56,"timestamp":"2026-08-27T12:27:03.569Z"}
27/8/2026, 5:57:02 pm | [2026-08-27T12:27:03.570Z] [LOG] {"page":"CashClosingDashboard","event":"CASH_CLOSING_DASHBOARD_PAGE_LOADED","timestamp":"2026-08-27T12:27:03.570Z"}
27/8/2026, 5:57:02 pm | [2026-08-27T12:27:03.965Z] [LOG] {"page":"CashClosingDashboard","event":"CASH_CLOSING_DASHBOARD_PAGE_LOADED","timestamp":"2026-08-27T12:27:03.965Z"}
27/8/2026, 5:57:02 pm | [2026-08-27T12:27:03.964Z] [LOG] {"page":"CashClosingDashboard","event":"CASH_CLOSING_RESET_CLICKED","timestamp":"2026-08-27T12:27:03.964Z"}
27/8/2026, 5:57:02 pm | [2026-08-27T12:27:04.017Z] [LOG] {"page":"CashClosingDashboard","event":"CASH_CLOSING_RESET_SUCCESS","totalRecords":56,"timestamp":"2026-08-27T12:27:04.017Z"}
27/8/2026, 5:57:02 pm | [2026-08-27T12:27:04.018Z] [LOG] {"page":"CashClosingDashboard","event":"CASH_CLOSING_DASHBOARD_PAGE_LOADED","timestamp":"2026-08-27T12:27:04.018Z"}
27/8/2026, 5:57:03 pm | [2026-08-27T12:27:04.156Z] [LOG] {"page":"CashClosingDashboard","event":"CASH_CLOSING_RESET_CLICKED","timestamp":"2026-08-27T12:27:04.156Z"}
27/8/2026, 5:57:03 pm | [2026-08-27T12:27:04.157Z] [LOG] {"page":"CashClosingDashboard","event":"CASH_CLOSING_DASHBOARD_PAGE_LOADED","timestamp":"2026-08-27T12:27:04.157Z"}
27/8/2026, 5:57:03 pm | [2026-08-27T12:27:04.209Z] [LOG] {"page":"CashClosingDashboard","event":"CASH_CLOSING_RESET_SUCCESS","totalRecords":56,"timestamp":"2026-08-27T12:27:04.209Z"}
27/8/2026, 5:57:03 pm | [2026-08-27T12:27:04.210Z] [LOG] {"page":"CashClosingDashboard","event":"CASH_CLOSING_DASHBOARD_PAGE_LOADED","timestamp":"2026-08-27T12:27:04.210Z"}
27/8/2026, 5:57:03 pm | [2026-08-27T12:27:04.372Z] [LOG] {"page":"CashClosingDashboard","event":"CASH_CLOSING_DASHBOARD_PAGE_LOADED","timestamp":"2026-08-27T12:27:04.372Z"}
27/8/2026, 5:57:03 pm | [2026-08-27T12:27:04.372Z] [LOG] {"page":"CashClosingDashboard","event":"CASH_CLOSING_RESET_CLICKED","timestamp":"2026-08-27T12:27:04.371Z"}
27/8/2026, 5:57:03 pm | [2026-08-27T12:27:04.425Z] [LOG] {"page":"CashClosingDashboard","event":"CASH_CLOSING_RESET_SUCCESS","totalRecords":56,"timestamp":"2026-08-27T12:27:04.425Z"}
27/8/2026, 5:57:03 pm | [2026-08-27T12:27:04.427Z] [LOG] {"page":"CashClosingDashboard","event":"CASH_CLOSING_DASHBOARD_PAGE_LOADED","timestamp":"2026-08-27T12:27:04.427Z"}
27/8/2026, 5:57:03 pm | [2026-08-27T12:27:04.572Z] [LOG] {"page":"CashClosingDashboard","event":"CASH_CLOSING_DASHBOARD_PAGE_LOADED","timestamp":"2026-08-27T12:27:04.572Z"}
27/8/2026, 5:57:03 pm | [2026-08-27T12:27:04.571Z] [LOG] {"page":"CashClosingDashboard","event":"CASH_CLOSING_RESET_CLICKED","timestamp":"2026-08-27T12:27:04.571Z"}
27/8/2026, 5:57:03 pm | [2026-08-27T12:27:04.627Z] [LOG] {"page":"CashClosingDashboard","event":"CASH_CLOSING_RESET_SUCCESS","totalRecords":56,"timestamp":"2026-08-27T12:27:04.627Z"}
27/8/2026, 5:57:03 pm | [2026-08-27T12:27:04.628Z] [LOG] {"page":"CashClosingDashboard","event":"CASH_CLOSING_DASHBOARD_PAGE_LOADED","timestamp":"2026-08-27T12:27:04.628Z"}
27/8/2026, 5:57:03 pm | [2026-08-27T12:27:04.757Z] [LOG] {"page":"CashClosingDashboard","event":"CASH_CLOSING_DASHBOARD_PAGE_LOADED","timestamp":"2026-08-27T12:27:04.757Z"}
27/8/2026, 5:57:03 pm | [2026-08-27T12:27:04.756Z] [LOG] {"page":"CashClosingDashboard","event":"CASH_CLOSING_RESET_CLICKED","timestamp":"2026-08-27T12:27:04.756Z"}
27/8/2026, 5:57:03 pm | [2026-08-27T12:27:04.809Z] [LOG] {"page":"CashClosingDashboard","event":"CASH_CLOSING_RESET_SUCCESS","totalRecords":56,"timestamp":"2026-08-27T12:27:04.809Z"}
27/8/2026, 5:57:03 pm | [2026-08-27T12:27:04.810Z] [LOG] {"page":"CashClosingDashboard","event":"CASH_CLOSING_DASHBOARD_PAGE_LOADED","timestamp":"2026-08-27T12:27:04.810Z"}
27/8/2026, 5:57:04 pm | [2026-08-27T12:27:06.046Z] [LOG] {"page":"CashClosingDashboard","event":"CASH_CLOSING_DASHBOARD_PAGE_LOADED","timestamp":"2026-08-27T12:27:06.046Z"}
27/8/2026, 5:57:04 pm | [2026-08-27T12:27:06.045Z] [LOG] {"page":"CashClosingDashboard","event":"CASH_CLOSING_RESET_CLICKED","timestamp":"2026-08-27T12:27:06.045Z"}
27/8/2026, 5:57:04 pm | [2026-08-27T12:27:06.148Z] [LOG] {"page":"CashClosingDashboard","event":"CASH_CLOSING_RESET_SUCCESS","totalRecords":56,"timestamp":"2026-08-27T12:27:06.148Z"}
27/8/2026, 5:57:04 pm | [2026-08-27T12:27:06.149Z] [LOG] {"page":"CashClosingDashboard","event":"CASH_CLOSING_DASHBOARD_PAGE_LOADED","timestamp":"2026-08-27T12:27:06.149Z"}
27/8/2026, 5:57:04 pm | [2026-08-27T12:27:06.229Z] [LOG] {"page":"CashClosingDashboard","event":"CASH_CLOSING_DASHBOARD_PAGE_LOADED","timestamp":"2026-08-27T12:27:06.229Z"}
27/8/2026, 5:57:04 pm | [2026-08-27T12:27:06.229Z] [LOG] {"page":"CashClosingDashboard","event":"CASH_CLOSING_RESET_CLICKED","timestamp":"2026-08-27T12:27:06.228Z"}
27/8/2026, 5:57:04 pm | [2026-08-27T12:27:06.287Z] [LOG] {"page":"CashClosingDashboard","event":"CASH_CLOSING_RESET_SUCCESS","totalRecords":56,"timestamp":"2026-08-27T12:27:06.287Z"}
27/8/2026, 5:57:04 pm | [2026-08-27T12:27:06.288Z] [LOG] {"page":"CashClosingDashboard","event":"CASH_CLOSING_DASHBOARD_PAGE_LOADED","timestamp":"2026-08-27T12:27:06.288Z"}
27/8/2026, 5:57:04 pm | [2026-08-27T12:27:06.398Z] [LOG] {"page":"CashClosingDashboard","event":"CASH_CLOSING_DASHBOARD_PAGE_LOADED","timestamp":"2026-08-27T12:27:06.398Z"}
27/8/2026, 5:57:04 pm | [2026-08-27T12:27:06.397Z] [LOG] {"page":"CashClosingDashboard","event":"CASH_CLOSING_RESET_CLICKED","timestamp":"2026-08-27T12:27:06.397Z"}
27/8/2026, 5:57:04 pm | [2026-08-27T12:27:06.456Z] [LOG] {"page":"CashClosingDashboard","event":"CASH_CLOSING_RESET_SUCCESS","totalRecords":56,"timestamp":"2026-08-27T12:27:06.456Z"}
27/8/2026, 5:57:04 pm | [2026-08-27T12:27:06.457Z] [LOG] {"page":"CashClosingDashboard","event":"CASH_CLOSING_DASHBOARD_PAGE_LOADED","timestamp":"2026-08-27T12:27:06.457Z"}
27/8/2026, 5:57:04 pm | [2026-08-27T12:27:06.574Z] [LOG] {"page":"CashClosingDashboard","event":"CASH_CLOSING_DASHBOARD_PAGE_LOADED","timestamp":"2026-08-27T12:27:06.574Z"}
27/8/2026, 5:57:04 pm | [2026-08-27T12:27:06.573Z] [LOG] {"page":"CashClosingDashboard","event":"CASH_CLOSING_RESET_CLICKED","timestamp":"2026-08-27T12:27:06.573Z"}
27/8/2026, 5:57:04 pm | [2026-08-27T12:27:06.628Z] [LOG] {"page":"CashClosingDashboard","event":"CASH_CLOSING_RESET_SUCCESS","totalRecords":56,"timestamp":"2026-08-27T12:27:06.628Z"}
27/8/2026, 5:57:04 pm | [2026-08-27T12:27:06.629Z] [LOG] {"page":"CashClosingDashboard","event":"CASH_CLOSING_DASHBOARD_PAGE_LOADED","timestamp":"2026-08-27T12:27:06.629Z"}
27/8/2026, 5:57:05 pm | [2026-08-27T12:27:06.790Z] [LOG] {"page":"CashClosingDashboard","event":"CASH_CLOSING_DASHBOARD_PAGE_LOADED","timestamp":"2026-08-27T12:27:06.790Z"}
27/8/2026, 5:57:05 pm | [2026-08-27T12:27:06.789Z] [LOG] {"page":"CashClosingDashboard","event":"CASH_CLOSING_RESET_CLICKED","timestamp":"2026-08-27T12:27:06.789Z"}
27/8/2026, 5:57:05 pm | [2026-08-27T12:27:06.845Z] [LOG] {"page":"CashClosingDashboard","event":"CASH_CLOSING_RESET_SUCCESS","totalRecords":56,"timestamp":"2026-08-27T12:27:06.845Z"}
27/8/2026, 5:57:05 pm | [2026-08-27T12:27:06.846Z] [LOG] {"page":"CashClosingDashboard","event":"CASH_CLOSING_DASHBOARD_PAGE_LOADED","timestamp":"2026-08-27T12:27:06.846Z"}
27/8/2026, 5:57:05 pm | [2026-08-27T12:27:07.030Z] [LOG] {"page":"CashClosingDashboard","event":"CASH_CLOSING_DASHBOARD_PAGE_LOADED","timestamp":"2026-08-27T12:27:07.030Z"}
27/8/2026, 5:57:05 pm | [2026-08-27T12:27:07.029Z] [LOG] {"page":"CashClosingDashboard","event":"CASH_CLOSING_RESET_CLICKED","timestamp":"2026-08-27T12:27:07.029Z"}
27/8/2026, 5:57:05 pm | [2026-08-27T12:27:07.083Z] [LOG] {"page":"CashClosingDashboard","event":"CASH_CLOSING_DASHBOARD_PAGE_LOADED","timestamp":"2026-08-27T12:27:07.083Z"}
27/8/2026, 5:57:05 pm | [2026-08-27T12:27:07.083Z] [LOG] {"page":"CashClosingDashboard","event":"CASH_CLOSING_RESET_SUCCESS","totalRecords":56,"timestamp":"2026-08-27T12:27:07.083Z"}
27/8/2026, 5:57:13 pm | [2026-08-27T12:27:14.559Z] [LOG] {"page":"CashClosingDashboard","event":"CASH_CLOSING_DASHBOARD_PAGE_LOADED","timestamp":"2026-08-27T12:27:14.559Z"}
27/8/2026, 5:57:13 pm | [2026-08-27T12:27:14.558Z] [LOG] {"page":"CashClosingDashboard","event":"CASH_CLOSING_RESET_CLICKED","timestamp":"2026-08-27T12:27:14.558Z"}
27/8/2026, 5:57:13 pm | [2026-08-27T12:27:14.647Z] [LOG] {"page":"CashClosingDashboard","event":"CASH_CLOSING_DASHBOARD_PAGE_LOADED","timestamp":"2026-08-27T12:27:14.647Z"}
27/8/2026, 5:57:13 pm | [2026-08-27T12:27:14.646Z] [LOG] {"page":"CashClosingDashboard","event":"CASH_CLOSING_RESET_SUCCESS","totalRecords":56,"timestamp":"2026-08-27T12:27:14.646Z"}
27/8/2026, 5:57:13 pm | [2026-08-27T12:27:15.240Z] [LOG] {"page":"CashClosingDashboard","event":"CASH_CLOSING_DASHBOARD_PAGE_LOADED","timestamp":"2026-08-27T12:27:15.240Z"}
27/8/2026, 5:57:13 pm | [2026-08-27T12:27:15.239Z] [LOG] {"page":"CashClosingDashboard","event":"CASH_CLOSING_RESET_CLICKED","timestamp":"2026-08-27T12:27:15.239Z"}
27/8/2026, 5:57:13 pm | [2026-08-27T12:27:15.293Z] [LOG] {"page":"CashClosingDashboard","event":"CASH_CLOSING_RESET_SUCCESS","totalRecords":56,"timestamp":"2026-08-27T12:27:15.293Z"}
27/8/2026, 5:57:13 pm | [2026-08-27T12:27:15.293Z] [LOG] {"page":"CashClosingDashboard","event":"CASH_CLOSING_DASHBOARD_PAGE_LOADED","timestamp":"2026-08-27T12:27:15.293Z"}
27/8/2026, 5:57:14 pm | [2026-08-27T12:27:15.840Z] [LOG] {"page":"CashClosingDashboard","event":"CASH_CLOSING_DASHBOARD_PAGE_LOADED","timestamp":"2026-08-27T12:27:15.840Z"}
27/8/2026, 5:57:14 pm | [2026-08-27T12:27:15.839Z] [LOG] {"page":"CashClosingDashboard","event":"CASH_CLOSING_RESET_CLICKED","timestamp":"2026-08-27T12:27:15.839Z"}
27/8/2026, 5:57:14 pm | [2026-08-27T12:27:15.894Z] [LOG] {"page":"CashClosingDashboard","event":"CASH_CLOSING_RESET_SUCCESS","totalRecords":56,"timestamp":"2026-08-27T12:27:15.894Z"}
27/8/2026, 5:57:14 pm | [2026-08-27T12:27:15.895Z] [LOG] {"page":"CashClosingDashboard","event":"CASH_CLOSING_DASHBOARD_PAGE_LOADED","timestamp":"2026-08-27T12:27:15.895Z"}
27/8/2026, 5:57:14 pm | [2026-08-27T12:27:16.464Z] [LOG] {"page":"CashClosingDashboard","event":"CASH_CLOSING_DASHBOARD_PAGE_LOADED","timestamp":"2026-08-27T12:27:16.464Z"}
27/8/2026, 5:57:14 pm | [2026-08-27T12:27:16.463Z] [LOG] {"page":"CashClosingDashboard","event":"CASH_CLOSING_RESET_CLICKED","timestamp":"2026-08-27T12:27:16.463Z"}
27/8/2026, 5:57:14 pm | [2026-08-27T12:27:16.519Z] [LOG] {"page":"CashClosingDashboard","event":"CASH_CLOSING_RESET_SUCCESS","totalRecords":56,"timestamp":"2026-08-27T12:27:16.519Z"}
27/8/2026, 5:57:14 pm | [2026-08-27T12:27:16.520Z] [LOG] {"page":"CashClosingDashboard","event":"CASH_CLOSING_DASHBOARD_PAGE_LOADED","timestamp":"2026-08-27T12:27:16.520Z"}
27/8/2026, 5:57:15 pm | [2026-08-27T12:27:17.008Z] [LOG] {"page":"CashClosingDashboard","event":"CASH_CLOSING_DASHBOARD_PAGE_LOADED","timestamp":"2026-08-27T12:27:17.008Z"}
27/8/2026, 5:57:15 pm | [2026-08-27T12:27:17.007Z] [LOG] {"page":"CashClosingDashboard","event":"CASH_CLOSING_RESET_CLICKED","timestamp":"2026-08-27T12:27:17.007Z"}
27/8/2026, 5:57:15 pm | [2026-08-27T12:27:17.063Z] [LOG] {"page":"CashClosingDashboard","event":"CASH_CLOSING_RESET_SUCCESS","totalRecords":56,"timestamp":"2026-08-27T12:27:17.063Z"}
27/8/2026, 5:57:15 pm | [2026-08-27T12:27:17.064Z] [LOG] {"page":"CashClosingDashboard","event":"CASH_CLOSING_DASHBOARD_PAGE_LOADED","timestamp":"2026-08-27T12:27:17.064Z"}
27/8/2026, 5:57:15 pm | [2026-08-27T12:27:17.255Z] [LOG] {"page":"CashClosingDashboard","event":"CASH_CLOSING_DASHBOARD_PAGE_LOADED","timestamp":"2026-08-27T12:27:17.255Z"}
27/8/2026, 5:57:15 pm | [2026-08-27T12:27:17.254Z] [LOG] {"page":"CashClosingDashboard","event":"CASH_CLOSING_RESET_CLICKED","timestamp":"2026-08-27T12:27:17.254Z"}
27/8/2026, 5:57:15 pm | [2026-08-27T12:27:17.309Z] [LOG] {"page":"CashClosingDashboard","event":"CASH_CLOSING_RESET_SUCCESS","totalRecords":56,"timestamp":"2026-08-27T12:27:17.309Z"}
27/8/2026, 5:57:15 pm | [2026-08-27T12:27:17.310Z] [LOG] {"page":"CashClosingDashboard","event":"CASH_CLOSING_DASHBOARD_PAGE_LOADED","timestamp":"2026-08-27T12:27:17.310Z"}
27/8/2026, 5:57:15 pm | [2026-08-27T12:27:17.471Z] [LOG] {"page":"CashClosingDashboard","event":"CASH_CLOSING_RESET_CLICKED","timestamp":"2026-08-27T12:27:17.471Z"}
27/8/2026, 5:57:15 pm | [2026-08-27T12:27:17.472Z] [LOG] {"page":"CashClosingDashboard","event":"CASH_CLOSING_DASHBOARD_PAGE_LOADED","timestamp":"2026-08-27T12:27:17.472Z"}
27/8/2026, 5:57:15 pm | [2026-08-27T12:27:17.525Z] [LOG] {"page":"CashClosingDashboard","event":"CASH_CLOSING_RESET_SUCCESS","totalRecords":56,"timestamp":"2026-08-27T12:27:17.525Z"}
27/8/2026, 5:57:15 pm | [2026-08-27T12:27:17.525Z] [LOG] {"page":"CashClosingDashboard","event":"CASH_CLOSING_DASHBOARD_PAGE_LOADED","timestamp":"2026-08-27T12:27:17.525Z"}
27/8/2026, 5:57:16 pm | [2026-08-27T12:27:18.071Z] [LOG] {"page":"CashClosingDashboard","event":"CASH_CLOSING_DASHBOARD_PAGE_LOADED","timestamp":"2026-08-27T12:27:18.071Z"}
27/8/2026, 5:57:16 pm | [2026-08-27T12:27:18.071Z] [LOG] {"page":"CashClosingDashboard","event":"CASH_CLOSING_RESET_CLICKED","timestamp":"2026-08-27T12:27:18.071Z"}
27/8/2026, 5:57:16 pm | [2026-08-27T12:27:18.126Z] [LOG] {"page":"CashClosingDashboard","event":"CASH_CLOSING_RESET_SUCCESS","totalRecords":56,"timestamp":"2026-08-27T12:27:18.126Z"}
27/8/2026, 5:57:16 pm | [2026-08-27T12:27:18.127Z] [LOG] {"page":"CashClosingDashboard","event":"CASH_CLOSING_DASHBOARD_PAGE_LOADED","timestamp":"2026-08-27T12:27:18.127Z"}
27/8/2026, 5:57:16 pm | [2026-08-27T12:27:18.328Z] [LOG] {"page":"CashClosingDashboard","event":"CASH_CLOSING_DASHBOARD_PAGE_LOADED","timestamp":"2026-08-27T12:27:18.328Z"}
27/8/2026, 5:57:16 pm | [2026-08-27T12:27:18.327Z] [LOG] {"page":"CashClosingDashboard","event":"CASH_CLOSING_RESET_CLICKED","timestamp":"2026-08-27T12:27:18.327Z"}
27/8/2026, 5:57:16 pm | [2026-08-27T12:27:18.382Z] [LOG] {"page":"CashClosingDashboard","event":"CASH_CLOSING_RESET_SUCCESS","totalRecords":56,"timestamp":"2026-08-27T12:27:18.382Z"}
27/8/2026, 5:57:16 pm | [2026-08-27T12:27:18.383Z] [LOG] {"page":"CashClosingDashboard","event":"CASH_CLOSING_DASHBOARD_PAGE_LOADED","timestamp":"2026-08-27T12:27:18.383Z"}
27/8/2026, 5:57:16 pm | [2026-08-27T12:27:18.551Z] [LOG] {"page":"CashClosingDashboard","event":"CASH_CLOSING_DASHBOARD_PAGE_LOADED","timestamp":"2026-08-27T12:27:18.551Z"}
27/8/2026, 5:57:16 pm | [2026-08-27T12:27:18.551Z] [LOG] {"page":"CashClosingDashboard","event":"CASH_CLOSING_RESET_CLICKED","timestamp":"2026-08-27T12:27:18.551Z"}
27/8/2026, 5:57:17 pm | [2026-08-27T12:27:18.606Z] [LOG] {"page":"CashClosingDashboard","event":"CASH_CLOSING_RESET_SUCCESS","totalRecords":56,"timestamp":"2026-08-27T12:27:18.606Z"}
27/8/2026, 5:57:17 pm | [2026-08-27T12:27:18.607Z] [LOG] {"page":"CashClosingDashboard","event":"CASH_CLOSING_DASHBOARD_PAGE_LOADED","timestamp":"2026-08-27T12:27:18.607Z"}
27/8/2026, 5:57:17 pm | [2026-08-27T12:27:18.759Z] [LOG] {"page":"CashClosingDashboard","event":"CASH_CLOSING_DASHBOARD_PAGE_LOADED","timestamp":"2026-08-27T12:27:18.759Z"}
27/8/2026, 5:57:17 pm | [2026-08-27T12:27:18.758Z] [LOG] {"page":"CashClosingDashboard","event":"CASH_CLOSING_RESET_CLICKED","timestamp":"2026-08-27T12:27:18.758Z"}
27/8/2026, 5:57:17 pm | [2026-08-27T12:27:18.814Z] [LOG] {"page":"CashClosingDashboard","event":"CASH_CLOSING_RESET_SUCCESS","totalRecords":56,"timestamp":"2026-08-27T12:27:18.813Z"}
27/8/2026, 5:57:17 pm | [2026-08-27T12:27:18.815Z] [LOG] {"page":"CashClosingDashboard","event":"CASH_CLOSING_DASHBOARD_PAGE_LOADED","timestamp":"2026-08-27T12:27:18.815Z"}
27/8/2026, 5:57:17 pm | [2026-08-27T12:27:18.959Z] [LOG] {"page":"CashClosingDashboard","event":"CASH_CLOSING_DASHBOARD_PAGE_LOADED","timestamp":"2026-08-27T12:27:18.959Z"}
27/8/2026, 5:57:17 pm | [2026-08-27T12:27:18.958Z] [LOG] {"page":"CashClosingDashboard","event":"CASH_CLOSING_RESET_CLICKED","timestamp":"2026-08-27T12:27:18.958Z"}
27/8/2026, 5:57:17 pm | [2026-08-27T12:27:19.012Z] [LOG] {"page":"CashClosingDashboard","event":"CASH_CLOSING_RESET_SUCCESS","totalRecords":56,"timestamp":"2026-08-27T12:27:19.012Z"}
27/8/2026, 5:57:17 pm | [2026-08-27T12:27:19.013Z] [LOG] {"page":"CashClosingDashboard","event":"CASH_CLOSING_DASHBOARD_PAGE_LOADED","timestamp":"2026-08-27T12:27:19.013Z"}
27/8/2026, 5:57:17 pm | [2026-08-27T12:27:19.175Z] [LOG] {"page":"CashClosingDashboard","event":"CASH_CLOSING_DASHBOARD_PAGE_LOADED","timestamp":"2026-08-27T12:27:19.175Z"}
27/8/2026, 5:57:17 pm | [2026-08-27T12:27:19.174Z] [LOG] {"page":"CashClosingDashboard","event":"CASH_CLOSING_RESET_CLICKED","timestamp":"2026-08-27T12:27:19.174Z"}
27/8/2026, 5:57:17 pm | [2026-08-27T12:27:19.229Z] [LOG] {"page":"CashClosingDashboard","event":"CASH_CLOSING_RESET_SUCCESS","totalRecords":56,"timestamp":"2026-08-27T12:27:19.228Z"}
27/8/2026, 5:57:17 pm | [2026-08-27T12:27:19.230Z] [LOG] {"page":"CashClosingDashboard","event":"CASH_CLOSING_DASHBOARD_PAGE_LOADED","timestamp":"2026-08-27T12:27:19.230Z"}
27/8/2026, 5:57:19 pm | [2026-08-27T12:27:21.047Z] [LOG] {"page":"CashClosingDashboard","event":"CASH_CLOSING_NEXT_PAGE","currentPage":2,"timestamp":"2026-08-27T12:27:21.047Z"}
27/8/2026, 5:57:19 pm | [2026-08-27T12:27:21.047Z] [LOG] {"page":"CashClosingDashboard","event":"CASH_CLOSING_DASHBOARD_PAGE_LOADED","timestamp":"2026-08-27T12:27:21.047Z"}
27/8/2026, 5:57:19 pm | [2026-08-27T12:27:20.660Z] [LOG] {"page":"CashClosingDashboard","event":"CASH_CLOSING_RESET_CLICKED","timestamp":"2026-08-27T12:27:20.660Z"}
27/8/2026, 5:57:19 pm | [2026-08-27T12:27:20.660Z] [LOG] {"page":"CashClosingDashboard","event":"CASH_CLOSING_DASHBOARD_PAGE_LOADED","timestamp":"2026-08-27T12:27:20.660Z"}
27/8/2026, 5:57:19 pm | [2026-08-27T12:27:20.777Z] [LOG] {"page":"CashClosingDashboard","event":"CASH_CLOSING_RESET_SUCCESS","totalRecords":56,"timestamp":"2026-08-27T12:27:20.777Z"}
27/8/2026, 5:57:19 pm | [2026-08-27T12:27:20.777Z] [LOG] {"page":"CashClosingDashboard","event":"CASH_CLOSING_DASHBOARD_PAGE_LOADED","timestamp":"2026-08-27T12:27:20.777Z"}
27/8/2026, 5:57:19 pm | [2026-08-27T12:27:20.835Z] [LOG] {"page":"CashClosingDashboard","event":"CASH_CLOSING_RESET_CLICKED","timestamp":"2026-08-27T12:27:20.835Z"}
27/8/2026, 5:57:19 pm | [2026-08-27T12:27:20.836Z] [LOG] {"page":"CashClosingDashboard","event":"CASH_CLOSING_DASHBOARD_PAGE_LOADED","timestamp":"2026-08-27T12:27:20.836Z"}
27/8/2026, 5:57:19 pm | [2026-08-27T12:27:20.885Z] [LOG] {"page":"CashClosingDashboard","event":"CASH_CLOSING_RESET_SUCCESS","totalRecords":56,"timestamp":"2026-08-27T12:27:20.885Z"}
27/8/2026, 5:57:19 pm | [2026-08-27T12:27:20.886Z] [LOG] {"page":"CashClosingDashboard","event":"CASH_CLOSING_DASHBOARD_PAGE_LOADED","timestamp":"2026-08-27T12:27:20.886Z"}
27/8/2026, 5:57:19 pm | [2026-08-27T12:27:21.028Z] [LOG] {"page":"CashClosingDashboard","event":"CASH_CLOSING_RESET_CLICKED","timestamp":"2026-08-27T12:27:21.028Z"}
27/8/2026, 5:57:19 pm | [2026-08-27T12:27:21.029Z] [LOG] {"page":"CashClosingDashboard","event":"CASH_CLOSING_DASHBOARD_PAGE_LOADED","timestamp":"2026-08-27T12:27:21.029Z"}
27/8/2026, 5:57:20 pm | [2026-08-27T12:27:21.081Z] [LOG] {"page":"CashClosingDashboard","event":"CASH_CLOSING_RESET_SUCCESS","totalRecords":56,"timestamp":"2026-08-27T12:27:21.081Z"}
27/8/2026, 5:57:20 pm | [2026-08-27T12:27:21.082Z] [LOG] {"page":"CashClosingDashboard","event":"CASH_CLOSING_DASHBOARD_PAGE_LOADED","timestamp":"2026-08-27T12:27:21.082Z"}
27/8/2026, 5:57:20 pm | [2026-08-27T12:27:21.727Z] [LOG] {"page":"CashClosingDashboard","event":"CASH_CLOSING_DASHBOARD_PAGE_LOADED","timestamp":"2026-08-27T12:27:21.727Z"}
27/8/2026, 5:57:20 pm | [2026-08-27T12:27:21.726Z] [LOG] {"page":"CashClosingDashboard","event":"CASH_CLOSING_NEXT_PAGE","currentPage":3,"timestamp":"2026-08-27T12:27:21.726Z"}
27/8/2026, 5:57:20 pm | [2026-08-27T12:27:21.236Z] [LOG] {"page":"CashClosingDashboard","event":"CASH_CLOSING_RESET_CLICKED","timestamp":"2026-08-27T12:27:21.236Z"}
27/8/2026, 5:57:20 pm | [2026-08-27T12:27:21.237Z] [LOG] {"page":"CashClosingDashboard","event":"CASH_CLOSING_DASHBOARD_PAGE_LOADED","timestamp":"2026-08-27T12:27:21.237Z"}
27/8/2026, 5:57:20 pm | [2026-08-27T12:27:21.288Z] [LOG] {"page":"CashClosingDashboard","event":"CASH_CLOSING_RESET_SUCCESS","totalRecords":56,"timestamp":"2026-08-27T12:27:21.288Z"}
27/8/2026, 5:57:20 pm | [2026-08-27T12:27:21.289Z] [LOG] {"page":"CashClosingDashboard","event":"CASH_CLOSING_DASHBOARD_PAGE_LOADED","timestamp":"2026-08-27T12:27:21.289Z"}
27/8/2026, 5:57:20 pm | [2026-08-27T12:27:21.428Z] [LOG] {"page":"CashClosingDashboard","event":"CASH_CLOSING_RESET_CLICKED","timestamp":"2026-08-27T12:27:21.428Z"}
27/8/2026, 5:57:20 pm | [2026-08-27T12:27:21.429Z] [LOG] {"page":"CashClosingDashboard","event":"CASH_CLOSING_DASHBOARD_PAGE_LOADED","timestamp":"2026-08-27T12:27:21.429Z"}
27/8/2026, 5:57:20 pm | [2026-08-27T12:27:21.479Z] [LOG] {"page":"CashClosingDashboard","event":"CASH_CLOSING_RESET_SUCCESS","totalRecords":56,"timestamp":"2026-08-27T12:27:21.479Z"}
27/8/2026, 5:57:20 pm | [2026-08-27T12:27:21.480Z] [LOG] {"page":"CashClosingDashboard","event":"CASH_CLOSING_DASHBOARD_PAGE_LOADED","timestamp":"2026-08-27T12:27:21.480Z"}
27/8/2026, 5:57:20 pm | [2026-08-27T12:27:21.636Z] [LOG] {"page":"CashClosingDashboard","event":"CASH_CLOSING_RESET_CLICKED","timestamp":"2026-08-27T12:27:21.636Z"}
27/8/2026, 5:57:20 pm | [2026-08-27T12:27:21.636Z] [LOG] {"page":"CashClosingDashboard","event":"CASH_CLOSING_DASHBOARD_PAGE_LOADED","timestamp":"2026-08-27T12:27:21.636Z"}
27/8/2026, 5:57:20 pm | [2026-08-27T12:27:21.689Z] [LOG] {"page":"CashClosingDashboard","event":"CASH_CLOSING_RESET_SUCCESS","totalRecords":56,"timestamp":"2026-08-27T12:27:21.689Z"}
27/8/2026, 5:57:20 pm | [2026-08-27T12:27:21.691Z] [LOG] {"page":"CashClosingDashboard","event":"CASH_CLOSING_DASHBOARD_PAGE_LOADED","timestamp":"2026-08-27T12:27:21.691Z"}
27/8/2026, 5:57:20 pm | [2026-08-27T12:27:22.295Z] [LOG] {"page":"CashClosingDashboard","event":"CASH_CLOSING_DASHBOARD_PAGE_LOADED","timestamp":"2026-08-27T12:27:22.295Z"}
27/8/2026, 5:57:20 pm | [2026-08-27T12:27:22.295Z] [LOG] {"page":"CashClosingDashboard","event":"CASH_CLOSING_NEXT_PAGE","currentPage":4,"timestamp":"2026-08-27T12:27:22.295Z"}
27/8/2026, 5:57:20 pm | [2026-08-27T12:27:21.820Z] [LOG] {"page":"CashClosingDashboard","event":"CASH_CLOSING_RESET_CLICKED","timestamp":"2026-08-27T12:27:21.820Z"}
27/8/2026, 5:57:20 pm | [2026-08-27T12:27:21.821Z] [LOG] {"page":"CashClosingDashboard","event":"CASH_CLOSING_DASHBOARD_PAGE_LOADED","timestamp":"2026-08-27T12:27:21.820Z"}
27/8/2026, 5:57:20 pm | [2026-08-27T12:27:21.874Z] [LOG] {"page":"CashClosingDashboard","event":"CASH_CLOSING_RESET_SUCCESS","totalRecords":56,"timestamp":"2026-08-27T12:27:21.874Z"}
27/8/2026, 5:57:20 pm | [2026-08-27T12:27:21.875Z] [LOG] {"page":"CashClosingDashboard","event":"CASH_CLOSING_DASHBOARD_PAGE_LOADED","timestamp":"2026-08-27T12:27:21.875Z"}
27/8/2026, 5:57:20 pm | [2026-08-27T12:27:22.020Z] [LOG] {"page":"CashClosingDashboard","event":"CASH_CLOSING_RESET_CLICKED","timestamp":"2026-08-27T12:27:22.020Z"}
27/8/2026, 5:57:20 pm | [2026-08-27T12:27:22.021Z] [LOG] {"page":"CashClosingDashboard","event":"CASH_CLOSING_DASHBOARD_PAGE_LOADED","timestamp":"2026-08-27T12:27:22.021Z"}
27/8/2026, 5:57:21 pm | [2026-08-27T12:27:22.072Z] [LOG] {"page":"CashClosingDashboard","event":"CASH_CLOSING_RESET_SUCCESS","totalRecords":56,"timestamp":"2026-08-27T12:27:22.072Z"}
27/8/2026, 5:57:21 pm | [2026-08-27T12:27:22.073Z] [LOG] {"page":"CashClosingDashboard","event":"CASH_CLOSING_DASHBOARD_PAGE_LOADED","timestamp":"2026-08-27T12:27:22.073Z"}
27/8/2026, 5:57:21 pm | [2026-08-27T12:27:22.212Z] [LOG] {"page":"CashClosingDashboard","event":"CASH_CLOSING_RESET_CLICKED","timestamp":"2026-08-27T12:27:22.212Z"}
27/8/2026, 5:57:21 pm | [2026-08-27T12:27:22.213Z] [LOG] {"page":"CashClosingDashboard","event":"CASH_CLOSING_DASHBOARD_PAGE_LOADED","timestamp":"2026-08-27T12:27:22.213Z"}
27/8/2026, 5:57:21 pm | [2026-08-27T12:27:22.262Z] [LOG] {"page":"CashClosingDashboard","event":"CASH_CLOSING_RESET_SUCCESS","totalRecords":56,"timestamp":"2026-08-27T12:27:22.262Z"}
27/8/2026, 5:57:21 pm | [2026-08-27T12:27:22.263Z] [LOG] {"page":"CashClosingDashboard","event":"CASH_CLOSING_DASHBOARD_PAGE_LOADED","timestamp":"2026-08-27T12:27:22.263Z"}
27/8/2026, 5:57:23 pm | [2026-08-27T12:27:25.215Z] [LOG] {"page":"CashClosingDashboard","event":"CASH_CLOSING_DASHBOARD_PAGE_LOADED","timestamp":"2026-08-27T12:27:25.215Z"}
27/8/2026, 5:57:23 pm | [2026-08-27T12:27:25.215Z] [LOG] {"page":"CashClosingDashboard","event":"CASH_CLOSING_PREVIOUS_PAGE","currentPage":3,"timestamp":"2026-08-27T12:27:25.215Z"}
27/8/2026, 5:57:25 pm | [2026-08-27T12:27:26.005Z] [LOG] {"page":"CashClosingDashboard","event":"CASH_CLOSING_DASHBOARD_PAGE_LOADED","timestamp":"2026-08-27T12:27:26.005Z"}
27/8/2026, 5:57:25 pm | [2026-08-27T12:27:26.004Z] [LOG] {"page":"CashClosingDashboard","event":"CASH_CLOSING_RESET_CLICKED","timestamp":"2026-08-27T12:27:26.004Z"}
27/8/2026, 5:57:25 pm | [2026-08-27T12:27:26.086Z] [LOG] {"page":"CashClosingDashboard","event":"CASH_CLOSING_RESET_SUCCESS","totalRecords":56,"timestamp":"2026-08-27T12:27:26.086Z"}
27/8/2026, 5:57:25 pm | [2026-08-27T12:27:26.087Z] [LOG] {"page":"CashClosingDashboard","event":"CASH_CLOSING_DASHBOARD_PAGE_LOADED","timestamp":"2026-08-27T12:27:26.087Z"}
27/8/2026, 5:57:25 pm | [2026-08-27T12:27:26.663Z] [LOG] {"page":"CashClosingDashboard","event":"CASH_CLOSING_PREVIOUS_PAGE","currentPage":2,"timestamp":"2026-08-27T12:27:26.663Z"}
27/8/2026, 5:57:25 pm | [2026-08-27T12:27:26.172Z] [LOG] {"page":"CashClosingDashboard","event":"CASH_CLOSING_RESET_CLICKED","timestamp":"2026-08-27T12:27:26.172Z"}
27/8/2026, 5:57:25 pm | [2026-08-27T12:27:26.172Z] [LOG] {"page":"CashClosingDashboard","event":"CASH_CLOSING_DASHBOARD_PAGE_LOADED","timestamp":"2026-08-27T12:27:26.172Z"}
27/8/2026, 5:57:25 pm | [2026-08-27T12:27:26.663Z] [LOG] {"page":"CashClosingDashboard","event":"CASH_CLOSING_DASHBOARD_PAGE_LOADED","timestamp":"2026-08-27T12:27:26.663Z"}
27/8/2026, 5:57:25 pm | [2026-08-27T12:27:26.227Z] [LOG] {"page":"CashClosingDashboard","event":"CASH_CLOSING_RESET_SUCCESS","totalRecords":56,"timestamp":"2026-08-27T12:27:26.227Z"}
27/8/2026, 5:57:25 pm | [2026-08-27T12:27:26.228Z] [LOG] {"page":"CashClosingDashboard","event":"CASH_CLOSING_DASHBOARD_PAGE_LOADED","timestamp":"2026-08-27T12:27:26.228Z"}
27/8/2026, 5:57:25 pm | [2026-08-27T12:27:26.916Z] [LOG] {"page":"CashClosingDashboard","event":"CASH_CLOSING_RESET_CLICKED","timestamp":"2026-08-27T12:27:26.916Z"}
27/8/2026, 5:57:25 pm | [2026-08-27T12:27:26.918Z] [LOG] {"page":"CashClosingDashboard","event":"CASH_CLOSING_DASHBOARD_PAGE_LOADED","timestamp":"2026-08-27T12:27:26.918Z"}
27/8/2026, 5:57:25 pm | [2026-08-27T12:27:26.364Z] [LOG] {"page":"CashClosingDashboard","event":"CASH_CLOSING_RESET_CLICKED","timestamp":"2026-08-27T12:27:26.364Z"}
27/8/2026, 5:57:25 pm | [2026-08-27T12:27:26.364Z] [LOG] {"page":"CashClosingDashboard","event":"CASH_CLOSING_DASHBOARD_PAGE_LOADED","timestamp":"2026-08-27T12:27:26.364Z"}
27/8/2026, 5:57:25 pm | [2026-08-27T12:27:27.064Z] [LOG] {"page":"CashClosingDashboard","event":"CASH_CLOSING_RESET_SUCCESS","totalRecords":56,"timestamp":"2026-08-27T12:27:27.064Z"}
27/8/2026, 5:57:25 pm | [2026-08-27T12:27:27.064Z] [LOG] {"page":"CashClosingDashboard","event":"CASH_CLOSING_DASHBOARD_PAGE_LOADED","timestamp":"2026-08-27T12:27:27.064Z"}
27/8/2026, 5:57:25 pm | [2026-08-27T12:27:27.093Z] [LOG] {"page":"CashClosingDashboard","event":"CASH_CLOSING_RESET_CLICKED","timestamp":"2026-08-27T12:27:27.093Z"}
27/8/2026, 5:57:25 pm | [2026-08-27T12:27:27.094Z] [LOG] {"page":"CashClosingDashboard","event":"CASH_CLOSING_DASHBOARD_PAGE_LOADED","timestamp":"2026-08-27T12:27:27.094Z"}
27/8/2026, 5:57:25 pm | [2026-08-27T12:27:26.415Z] [LOG] {"page":"CashClosingDashboard","event":"CASH_CLOSING_RESET_SUCCESS","totalRecords":56,"timestamp":"2026-08-27T12:27:26.415Z"}
27/8/2026, 5:57:25 pm | [2026-08-27T12:27:26.416Z] [LOG] {"page":"CashClosingDashboard","event":"CASH_CLOSING_DASHBOARD_PAGE_LOADED","timestamp":"2026-08-27T12:27:26.416Z"}
27/8/2026, 5:57:25 pm | [2026-08-27T12:27:27.144Z] [LOG] {"page":"CashClosingDashboard","event":"CASH_CLOSING_RESET_SUCCESS","totalRecords":56,"timestamp":"2026-08-27T12:27:27.144Z"}
27/8/2026, 5:57:25 pm | [2026-08-27T12:27:27.145Z] [LOG] {"page":"CashClosingDashboard","event":"CASH_CLOSING_DASHBOARD_PAGE_LOADED","timestamp":"2026-08-27T12:27:27.144Z"}
27/8/2026, 5:57:25 pm | [2026-08-27T12:27:27.237Z] [LOG] {"page":"CashClosingDashboard","event":"CASH_CLOSING_DASHBOARD_PAGE_LOADED","timestamp":"2026-08-27T12:27:27.237Z"}
27/8/2026, 5:57:25 pm | [2026-08-27T12:27:27.236Z] [LOG] {"page":"CashClosingDashboard","event":"CASH_CLOSING_RESET_CLICKED","timestamp":"2026-08-27T12:27:27.236Z"}
27/8/2026, 5:57:25 pm | [2026-08-27T12:27:27.289Z] [LOG] {"page":"CashClosingDashboard","event":"CASH_CLOSING_RESET_SUCCESS","totalRecords":56,"timestamp":"2026-08-27T12:27:27.289Z"}
27/8/2026, 5:57:25 pm | [2026-08-27T12:27:27.289Z] [LOG] {"page":"CashClosingDashboard","event":"CASH_CLOSING_DASHBOARD_PAGE_LOADED","timestamp":"2026-08-27T12:27:27.289Z"}
27/8/2026, 5:57:25 pm | [2026-08-27T12:27:26.603Z] [LOG] {"page":"CashClosingDashboard","event":"CASH_CLOSING_RESET_CLICKED","timestamp":"2026-08-27T12:27:26.603Z"}
27/8/2026, 5:57:25 pm | [2026-08-27T12:27:26.604Z] [LOG] {"page":"CashClosingDashboard","event":"CASH_CLOSING_DASHBOARD_PAGE_LOADED","timestamp":"2026-08-27T12:27:26.604Z"}
27/8/2026, 5:57:25 pm | [2026-08-27T12:27:27.166Z] [LOG] {"page":"CashClosingDashboard","event":"CASH_CLOSING_DASHBOARD_PAGE_LOADED","timestamp":"2026-08-27T12:27:27.166Z"}
27/8/2026, 5:57:25 pm | [2026-08-27T12:27:27.166Z] [LOG] {"page":"CashClosingDashboard","event":"CASH_CLOSING_PREVIOUS_PAGE","currentPage":1,"timestamp":"2026-08-27T12:27:27.166Z"}
27/8/2026, 5:57:25 pm | [2026-08-27T12:27:26.654Z] [LOG] {"page":"CashClosingDashboard","event":"CASH_CLOSING_RESET_SUCCESS","totalRecords":56,"timestamp":"2026-08-27T12:27:26.654Z"}
27/8/2026, 5:57:25 pm | [2026-08-27T12:27:26.655Z] [LOG] {"page":"CashClosingDashboard","event":"CASH_CLOSING_DASHBOARD_PAGE_LOADED","timestamp":"2026-08-27T12:27:26.655Z"}
27/8/2026, 5:57:25 pm | [2026-08-27T12:27:27.398Z] [LOG] {"page":"CashClosingDashboard","event":"CASH_CLOSING_DASHBOARD_PAGE_LOADED","timestamp":"2026-08-27T12:27:27.398Z"}
27/8/2026, 5:57:25 pm | [2026-08-27T12:27:27.396Z] [LOG] {"page":"CashClosingDashboard","event":"CASH_CLOSING_RESET_CLICKED","timestamp":"2026-08-27T12:27:27.396Z"}
27/8/2026, 5:57:25 pm | [2026-08-27T12:27:27.448Z] [LOG] {"page":"CashClosingDashboard","event":"CASH_CLOSING_RESET_SUCCESS","totalRecords":56,"timestamp":"2026-08-27T12:27:27.448Z"}
27/8/2026, 5:57:25 pm | [2026-08-27T12:27:27.449Z] [LOG] {"page":"CashClosingDashboard","event":"CASH_CLOSING_DASHBOARD_PAGE_LOADED","timestamp":"2026-08-27T12:27:27.449Z"}
27/8/2026, 5:57:25 pm | [2026-08-27T12:27:27.517Z] [LOG] {"page":"CashClosingDashboard","event":"CASH_CLOSING_DASHBOARD_PAGE_LOADED","timestamp":"2026-08-27T12:27:27.517Z"}
27/8/2026, 5:57:25 pm | [2026-08-27T12:27:27.516Z] [LOG] {"page":"CashClosingDashboard","event":"CASH_CLOSING_RESET_CLICKED","timestamp":"2026-08-27T12:27:27.516Z"}
27/8/2026, 5:57:25 pm | [2026-08-27T12:27:27.567Z] [LOG] {"page":"CashClosingDashboard","event":"CASH_CLOSING_RESET_SUCCESS","totalRecords":56,"timestamp":"2026-08-27T12:27:27.567Z"}
27/8/2026, 5:57:25 pm | [2026-08-27T12:27:27.567Z] [LOG] {"page":"CashClosingDashboard","event":"CASH_CLOSING_DASHBOARD_PAGE_LOADED","timestamp":"2026-08-27T12:27:27.567Z"}
27/8/2026, 5:57:25 pm | [2026-08-27T12:27:27.670Z] [LOG] {"page":"CashClosingDashboard","event":"CASH_CLOSING_DASHBOARD_PAGE_LOADED","timestamp":"2026-08-27T12:27:27.670Z"}
27/8/2026, 5:57:25 pm | [2026-08-27T12:27:27.668Z] [LOG] {"page":"CashClosingDashboard","event":"CASH_CLOSING_RESET_CLICKED","timestamp":"2026-08-27T12:27:27.668Z"}
27/8/2026, 5:57:25 pm | [2026-08-27T12:27:27.722Z] [LOG] {"page":"CashClosingDashboard","event":"CASH_CLOSING_RESET_SUCCESS","totalRecords":56,"timestamp":"2026-08-27T12:27:27.722Z"}
27/8/2026, 5:57:25 pm | [2026-08-27T12:27:27.722Z] [LOG] {"page":"CashClosingDashboard","event":"CASH_CLOSING_DASHBOARD_PAGE_LOADED","timestamp":"2026-08-27T12:27:27.722Z"}
27/8/2026, 5:57:26 pm | [2026-08-27T12:27:27.813Z] [LOG] {"page":"CashClosingDashboard","event":"CASH_CLOSING_DASHBOARD_PAGE_LOADED","timestamp":"2026-08-27T12:27:27.813Z"}
27/8/2026, 5:57:26 pm | [2026-08-27T12:27:27.812Z] [LOG] {"page":"CashClosingDashboard","event":"CASH_CLOSING_RESET_CLICKED","timestamp":"2026-08-27T12:27:27.812Z"}
27/8/2026, 5:57:26 pm | [2026-08-27T12:27:27.865Z] [LOG] {"page":"CashClosingDashboard","event":"CASH_CLOSING_RESET_SUCCESS","totalRecords":56,"timestamp":"2026-08-27T12:27:27.864Z"}
27/8/2026, 5:57:26 pm | [2026-08-27T12:27:27.865Z] [LOG] {"page":"CashClosingDashboard","event":"CASH_CLOSING_DASHBOARD_PAGE_LOADED","timestamp":"2026-08-27T12:27:27.865Z"}
27/8/2026, 5:57:27 pm | [2026-08-27T12:27:29.158Z] [LOG] {"page":"CashClosingDashboard","event":"CASH_CLOSING_RESET_CLICKED","timestamp":"2026-08-27T12:27:29.158Z"}
27/8/2026, 5:57:27 pm | [2026-08-27T12:27:29.159Z] [LOG] {"page":"CashClosingDashboard","event":"CASH_CLOSING_DASHBOARD_PAGE_LOADED","timestamp":"2026-08-27T12:27:29.159Z"}
27/8/2026, 5:57:27 pm | [2026-08-27T12:27:29.247Z] [LOG] {"page":"CashClosingDashboard","event":"CASH_CLOSING_DASHBOARD_PAGE_LOADED","timestamp":"2026-08-27T12:27:29.247Z"}
27/8/2026, 5:57:27 pm | [2026-08-27T12:27:29.246Z] [LOG] {"page":"CashClosingDashboard","event":"CASH_CLOSING_RESET_SUCCESS","totalRecords":56,"timestamp":"2026-08-27T12:27:29.246Z"}
27/8/2026, 5:57:28 pm | [2026-08-27T12:27:29.687Z] [LOG] {"page":"CashClosingDashboard","event":"CASH_CLOSING_DASHBOARD_PAGE_LOADED","timestamp":"2026-08-27T12:27:29.687Z"}
27/8/2026, 5:57:28 pm | [2026-08-27T12:27:29.686Z] [LOG] {"page":"CashClosingDashboard","event":"CASH_CLOSING_RESET_CLICKED","timestamp":"2026-08-27T12:27:29.686Z"}
27/8/2026, 5:57:28 pm | [2026-08-27T12:27:29.737Z] [LOG] {"page":"CashClosingDashboard","event":"CASH_CLOSING_RESET_SUCCESS","totalRecords":56,"timestamp":"2026-08-27T12:27:29.737Z"}
27/8/2026, 5:57:28 pm | [2026-08-27T12:27:29.737Z] [LOG] {"page":"CashClosingDashboard","event":"CASH_CLOSING_DASHBOARD_PAGE_LOADED","timestamp":"2026-08-27T12:27:29.737Z"}
27/8/2026, 5:57:28 pm | [2026-08-27T12:27:29.904Z] [LOG] {"page":"CashClosingDashboard","event":"CASH_CLOSING_DASHBOARD_PAGE_LOADED","timestamp":"2026-08-27T12:27:29.903Z"}
27/8/2026, 5:57:28 pm | [2026-08-27T12:27:29.903Z] [LOG] {"page":"CashClosingDashboard","event":"CASH_CLOSING_RESET_CLICKED","timestamp":"2026-08-27T12:27:29.903Z"}
27/8/2026, 5:57:28 pm | [2026-08-27T12:27:29.956Z] [LOG] {"page":"CashClosingDashboard","event":"CASH_CLOSING_RESET_SUCCESS","totalRecords":56,"timestamp":"2026-08-27T12:27:29.956Z"}
27/8/2026, 5:57:28 pm | [2026-08-27T12:27:29.958Z] [LOG] {"page":"CashClosingDashboard","event":"CASH_CLOSING_DASHBOARD_PAGE_LOADED","timestamp":"2026-08-27T12:27:29.957Z"}
27/8/2026, 5:57:28 pm | [2026-08-27T12:27:30.111Z] [LOG] {"page":"CashClosingDashboard","event":"CASH_CLOSING_DASHBOARD_PAGE_LOADED","timestamp":"2026-08-27T12:27:30.111Z"}
27/8/2026, 5:57:28 pm | [2026-08-27T12:27:30.111Z] [LOG] {"page":"CashClosingDashboard","event":"CASH_CLOSING_RESET_CLICKED","timestamp":"2026-08-27T12:27:30.111Z"}
27/8/2026, 5:57:28 pm | [2026-08-27T12:27:30.165Z] [LOG] {"page":"CashClosingDashboard","event":"CASH_CLOSING_RESET_SUCCESS","totalRecords":56,"timestamp":"2026-08-27T12:27:30.165Z"}
27/8/2026, 5:57:28 pm | [2026-08-27T12:27:30.166Z] [LOG] {"page":"CashClosingDashboard","event":"CASH_CLOSING_DASHBOARD_PAGE_LOADED","timestamp":"2026-08-27T12:27:30.166Z"}
27/8/2026, 5:57:28 pm | [2026-08-27T12:27:30.303Z] [LOG] {"page":"CashClosingDashboard","event":"CASH_CLOSING_DASHBOARD_PAGE_LOADED","timestamp":"2026-08-27T12:27:30.303Z"}
27/8/2026, 5:57:28 pm | [2026-08-27T12:27:30.303Z] [LOG] {"page":"CashClosingDashboard","event":"CASH_CLOSING_RESET_CLICKED","timestamp":"2026-08-27T12:27:30.303Z"}
27/8/2026, 5:57:28 pm | [2026-08-27T12:27:30.357Z] [LOG] {"page":"CashClosingDashboard","event":"CASH_CLOSING_RESET_SUCCESS","totalRecords":56,"timestamp":"2026-08-27T12:27:30.357Z"}
27/8/2026, 5:57:28 pm | [2026-08-27T12:27:30.357Z] [LOG] {"page":"CashClosingDashboard","event":"CASH_CLOSING_DASHBOARD_PAGE_LOADED","timestamp":"2026-08-27T12:27:30.357Z"}
27/8/2026, 5:57:28 pm | [2026-08-27T12:27:30.503Z] [LOG] {"page":"CashClosingDashboard","event":"CASH_CLOSING_DASHBOARD_PAGE_LOADED","timestamp":"2026-08-27T12:27:30.503Z"}
27/8/2026, 5:57:28 pm | [2026-08-27T12:27:30.503Z] [LOG] {"page":"CashClosingDashboard","event":"CASH_CLOSING_RESET_CLICKED","timestamp":"2026-08-27T12:27:30.503Z"}
27/8/2026, 5:57:28 pm | [2026-08-27T12:27:30.556Z] [LOG] {"page":"CashClosingDashboard","event":"CASH_CLOSING_RESET_SUCCESS","totalRecords":56,"timestamp":"2026-08-27T12:27:30.556Z"}
27/8/2026, 5:57:29 pm | [2026-08-27T12:27:30.557Z] [LOG] {"page":"CashClosingDashboard","event":"CASH_CLOSING_DASHBOARD_PAGE_LOADED","timestamp":"2026-08-27T12:27:30.557Z"}
27/8/2026, 5:57:29 pm | [2026-08-27T12:27:30.679Z] [LOG] {"page":"CashClosingDashboard","event":"CASH_CLOSING_DASHBOARD_PAGE_LOADED","timestamp":"2026-08-27T12:27:30.679Z"}
27/8/2026, 5:57:29 pm | [2026-08-27T12:27:30.679Z] [LOG] {"page":"CashClosingDashboard","event":"CASH_CLOSING_RESET_CLICKED","timestamp":"2026-08-27T12:27:30.679Z"}
27/8/2026, 5:57:29 pm | [2026-08-27T12:27:30.735Z] [LOG] {"page":"CashClosingDashboard","event":"CASH_CLOSING_RESET_SUCCESS","totalRecords":56,"timestamp":"2026-08-27T12:27:30.735Z"}
27/8/2026, 5:57:29 pm | [2026-08-27T12:27:30.736Z] [LOG] {"page":"CashClosingDashboard","event":"CASH_CLOSING_DASHBOARD_PAGE_LOADED","timestamp":"2026-08-27T12:27:30.736Z"}
27/8/2026, 5:57:30 pm | [2026-08-27T12:27:31.557Z] [LOG] {"page":"CashClosingDashboard","event":"CASH_CLOSING_DASHBOARD_PAGE_LOADED","timestamp":"2026-08-27T12:27:31.557Z"}
27/8/2026, 5:57:30 pm | [2026-08-27T12:27:31.556Z] [LOG] {"page":"CashClosingDashboard","event":"CASH_CLOSING_RESET_CLICKED","timestamp":"2026-08-27T12:27:31.556Z"}
27/8/2026, 5:57:30 pm | [2026-08-27T12:27:31.635Z] [LOG] {"page":"CashClosingDashboard","event":"CASH_CLOSING_RESET_SUCCESS","totalRecords":56,"timestamp":"2026-08-27T12:27:31.635Z"}
27/8/2026, 5:57:30 pm | [2026-08-27T12:27:31.636Z] [LOG] {"page":"CashClosingDashboard","event":"CASH_CLOSING_DASHBOARD_PAGE_LOADED","timestamp":"2026-08-27T12:27:31.636Z"}
27/8/2026, 5:57:30 pm | [2026-08-27T12:27:31.739Z] [LOG] {"page":"CashClosingDashboard","event":"CASH_CLOSING_RESET_CLICKED","timestamp":"2026-08-27T12:27:31.739Z"}
27/8/2026, 5:57:30 pm | [2026-08-27T12:27:31.740Z] [LOG] {"page":"CashClosingDashboard","event":"CASH_CLOSING_DASHBOARD_PAGE_LOADED","timestamp":"2026-08-27T12:27:31.740Z"}
27/8/2026, 5:57:30 pm | [2026-08-27T12:27:31.790Z] [LOG] {"page":"CashClosingDashboard","event":"CASH_CLOSING_RESET_SUCCESS","totalRecords":56,"timestamp":"2026-08-27T12:27:31.790Z"}
27/8/2026, 5:57:30 pm | [2026-08-27T12:27:31.791Z] [LOG] {"page":"CashClosingDashboard","event":"CASH_CLOSING_DASHBOARD_PAGE_LOADED","timestamp":"2026-08-27T12:27:31.791Z"}
27/8/2026, 5:57:30 pm | [2026-08-27T12:27:31.964Z] [LOG] {"page":"CashClosingDashboard","event":"CASH_CLOSING_RESET_CLICKED","timestamp":"2026-08-27T12:27:31.964Z"}
27/8/2026, 5:57:30 pm | [2026-08-27T12:27:31.965Z] [LOG] {"page":"CashClosingDashboard","event":"CASH_CLOSING_DASHBOARD_PAGE_LOADED","timestamp":"2026-08-27T12:27:31.965Z"}
27/8/2026, 5:57:30 pm | [2026-08-27T12:27:32.017Z] [LOG] {"page":"CashClosingDashboard","event":"CASH_CLOSING_RESET_SUCCESS","totalRecords":56,"timestamp":"2026-08-27T12:27:32.017Z"}
27/8/2026, 5:57:30 pm | [2026-08-27T12:27:32.018Z] [LOG] {"page":"CashClosingDashboard","event":"CASH_CLOSING_DASHBOARD_PAGE_LOADED","timestamp":"2026-08-27T12:27:32.018Z"}
27/8/2026, 5:57:32 pm | [2026-08-27T12:27:33.751Z] [LOG] {"page":"CashClosingDashboard","event":"CASH_CLOSING_DASHBOARD_PAGE_LOADED","timestamp":"2026-08-27T12:27:33.751Z"}
27/8/2026, 5:57:32 pm | [2026-08-27T12:27:33.751Z] [LOG] {"page":"CashClosingDashboard","event":"CASH_CLOSING_NEXT_PAGE","currentPage":2,"timestamp":"2026-08-27T12:27:33.751Z"}
27/8/2026, 5:57:32 pm | [2026-08-27T12:27:34.391Z] [LOG] {"page":"CashClosingDashboard","event":"CASH_CLOSING_DASHBOARD_PAGE_LOADED","timestamp":"2026-08-27T12:27:34.391Z"}
27/8/2026, 5:57:32 pm | [2026-08-27T12:27:34.391Z] [LOG] {"page":"CashClosingDashboard","event":"CASH_CLOSING_NEXT_PAGE","currentPage":3,"timestamp":"2026-08-27T12:27:34.391Z"}
27/8/2026, 5:57:33 pm | [2026-08-27T12:27:34.100Z] [LOG] {"page":"CashClosingDashboard","event":"CASH_CLOSING_RESET_CLICKED","timestamp":"2026-08-27T12:27:34.100Z"}
27/8/2026, 5:57:33 pm | [2026-08-27T12:27:34.101Z] [LOG] {"page":"CashClosingDashboard","event":"CASH_CLOSING_DASHBOARD_PAGE_LOADED","timestamp":"2026-08-27T12:27:34.101Z"}
27/8/2026, 5:57:33 pm | [2026-08-27T12:27:34.152Z] [LOG] {"page":"CashClosingDashboard","event":"CASH_CLOSING_RESET_SUCCESS","totalRecords":56,"timestamp":"2026-08-27T12:27:34.152Z"}
27/8/2026, 5:57:33 pm | [2026-08-27T12:27:34.153Z] [LOG] {"page":"CashClosingDashboard","event":"CASH_CLOSING_DASHBOARD_PAGE_LOADED","timestamp":"2026-08-27T12:27:34.153Z"}
27/8/2026, 5:57:33 pm | [2026-08-27T12:27:34.380Z] [LOG] {"page":"CashClosingDashboard","event":"CASH_CLOSING_RESET_CLICKED","timestamp":"2026-08-27T12:27:34.380Z"}
27/8/2026, 5:57:33 pm | [2026-08-27T12:27:34.381Z] [LOG] {"page":"CashClosingDashboard","event":"CASH_CLOSING_DASHBOARD_PAGE_LOADED","timestamp":"2026-08-27T12:27:34.381Z"}
27/8/2026, 5:57:33 pm | [2026-08-27T12:27:34.431Z] [LOG] {"page":"CashClosingDashboard","event":"CASH_CLOSING_RESET_SUCCESS","totalRecords":56,"timestamp":"2026-08-27T12:27:34.431Z"}
27/8/2026, 5:57:33 pm | [2026-08-27T12:27:34.432Z] [LOG] {"page":"CashClosingDashboard","event":"CASH_CLOSING_DASHBOARD_PAGE_LOADED","timestamp":"2026-08-27T12:27:34.432Z"}
27/8/2026, 5:57:34 pm | [2026-08-27T12:27:35.823Z] [LOG] {"page":"CashClosingDashboard","event":"CASH_CLOSING_DASHBOARD_PAGE_LOADED","timestamp":"2026-08-27T12:27:35.823Z"}
27/8/2026, 5:57:34 pm | [2026-08-27T12:27:35.823Z] [LOG] {"page":"CashClosingDashboard","event":"CASH_CLOSING_NEXT_PAGE","currentPage":4,"timestamp":"2026-08-27T12:27:35.823Z"}
27/8/2026, 5:57:35 pm | [2026-08-27T12:27:37.407Z] [LOG] {"page":"CashClosingDashboard","event":"CASH_CLOSING_DASHBOARD_PAGE_LOADED","timestamp":"2026-08-27T12:27:37.407Z"}
27/8/2026, 5:57:35 pm | [2026-08-27T12:27:37.407Z] [LOG] {"page":"CashClosingDashboard","event":"CASH_CLOSING_PREVIOUS_PAGE","currentPage":3,"timestamp":"2026-08-27T12:27:37.407Z"}
27/8/2026, 5:57:36 pm | [2026-08-27T12:27:37.188Z] [LOG] {"page":"CashClosingDashboard","event":"CASH_CLOSING_RESET_CLICKED","timestamp":"2026-08-27T12:27:37.188Z"}
27/8/2026, 5:57:36 pm | [2026-08-27T12:27:37.189Z] [LOG] {"page":"CashClosingDashboard","event":"CASH_CLOSING_DASHBOARD_PAGE_LOADED","timestamp":"2026-08-27T12:27:37.189Z"}
27/8/2026, 5:57:36 pm | [2026-08-27T12:27:37.270Z] [LOG] {"page":"CashClosingDashboard","event":"CASH_CLOSING_RESET_SUCCESS","totalRecords":56,"timestamp":"2026-08-27T12:27:37.270Z"}
27/8/2026, 5:57:36 pm | [2026-08-27T12:27:37.272Z] [LOG] {"page":"CashClosingDashboard","event":"CASH_CLOSING_DASHBOARD_PAGE_LOADED","timestamp":"2026-08-27T12:27:37.272Z"}
27/8/2026, 5:57:36 pm | [2026-08-27T12:27:37.428Z] [LOG] {"page":"CashClosingDashboard","event":"CASH_CLOSING_RESET_CLICKED","timestamp":"2026-08-27T12:27:37.428Z"}
27/8/2026, 5:57:36 pm | [2026-08-27T12:27:37.428Z] [LOG] {"page":"CashClosingDashboard","event":"CASH_CLOSING_DASHBOARD_PAGE_LOADED","timestamp":"2026-08-27T12:27:37.428Z"}
27/8/2026, 5:57:36 pm | [2026-08-27T12:27:37.480Z] [LOG] {"page":"CashClosingDashboard","event":"CASH_CLOSING_RESET_SUCCESS","totalRecords":56,"timestamp":"2026-08-27T12:27:37.480Z"}
27/8/2026, 5:57:36 pm | [2026-08-27T12:27:37.481Z] [LOG] {"page":"CashClosingDashboard","event":"CASH_CLOSING_DASHBOARD_PAGE_LOADED","timestamp":"2026-08-27T12:27:37.481Z"}
27/8/2026, 5:57:37 pm | [2026-08-27T12:27:39.367Z] [LOG] {"page":"CashClosingDashboard","event":"CASH_CLOSING_DASHBOARD_PAGE_LOADED","timestamp":"2026-08-27T12:27:39.367Z"}
27/8/2026, 5:57:37 pm | [2026-08-27T12:27:39.366Z] [LOG] {"page":"CashClosingDashboard","event":"CASH_CLOSING_PREVIOUS_PAGE","currentPage":2,"timestamp":"2026-08-27T12:27:39.366Z"}
27/8/2026, 5:57:38 pm | [2026-08-27T12:27:40.031Z] [LOG] {"page":"CashClosingDashboard","event":"CASH_CLOSING_DASHBOARD_PAGE_LOADED","timestamp":"2026-08-27T12:27:40.031Z"}
27/8/2026, 5:57:38 pm | [2026-08-27T12:27:40.031Z] [LOG] {"page":"CashClosingDashboard","event":"CASH_CLOSING_PREVIOUS_PAGE","currentPage":1,"timestamp":"2026-08-27T12:27:40.031Z"}
27/8/2026, 5:57:40 pm | [2026-08-27T12:27:41.180Z] [LOG] {"page":"CashClosingDashboard","event":"CASH_CLOSING_RESET_CLICKED","timestamp":"2026-08-27T12:27:41.180Z"}
27/8/2026, 5:57:40 pm | [2026-08-27T12:27:41.180Z] [LOG] {"page":"CashClosingDashboard","event":"CASH_CLOSING_DASHBOARD_PAGE_LOADED","timestamp":"2026-08-27T12:27:41.180Z"}
27/8/2026, 5:57:40 pm | [2026-08-27T12:27:41.230Z] [LOG] {"page":"CashClosingDashboard","event":"CASH_CLOSING_RESET_SUCCESS","totalRecords":56,"timestamp":"2026-08-27T12:27:41.230Z"}
27/8/2026, 5:57:40 pm | [2026-08-27T12:27:41.230Z] [LOG] {"page":"CashClosingDashboard","event":"CASH_CLOSING_DASHBOARD_PAGE_LOADED","timestamp":"2026-08-27T12:27:41.230Z"}
27/8/2026, 5:57:40 pm | [2026-08-27T12:27:41.412Z] [LOG] {"page":"CashClosingDashboard","event":"CASH_CLOSING_RESET_CLICKED","timestamp":"2026-08-27T12:27:41.412Z"}
27/8/2026, 5:57:40 pm | [2026-08-27T12:27:41.413Z] [LOG] {"page":"CashClosingDashboard","event":"CASH_CLOSING_DASHBOARD_PAGE_LOADED","timestamp":"2026-08-27T12:27:41.413Z"}
27/8/2026, 5:57:40 pm | [2026-08-27T12:27:41.463Z] [LOG] {"page":"CashClosingDashboard","event":"CASH_CLOSING_RESET_SUCCESS","totalRecords":56,"timestamp":"2026-08-27T12:27:41.463Z"}
27/8/2026, 5:57:40 pm | [2026-08-27T12:27:41.465Z] [LOG] {"page":"CashClosingDashboard","event":"CASH_CLOSING_DASHBOARD_PAGE_LOADED","timestamp":"2026-08-27T12:27:41.465Z"}
27/8/2026, 5:57:40 pm | [2026-08-27T12:27:41.708Z] [LOG] {"page":"CashClosingDashboard","event":"CASH_CLOSING_RESET_CLICKED","timestamp":"2026-08-27T12:27:41.708Z"}
27/8/2026, 5:57:40 pm | [2026-08-27T12:27:41.709Z] [LOG] {"page":"CashClosingDashboard","event":"CASH_CLOSING_DASHBOARD_PAGE_LOADED","timestamp":"2026-08-27T12:27:41.709Z"}
27/8/2026, 5:57:40 pm | [2026-08-27T12:27:41.759Z] [LOG] {"page":"CashClosingDashboard","event":"CASH_CLOSING_RESET_SUCCESS","totalRecords":56,"timestamp":"2026-08-27T12:27:41.759Z"}
27/8/2026, 5:57:40 pm | [2026-08-27T12:27:41.760Z] [LOG] {"page":"CashClosingDashboard","event":"CASH_CLOSING_DASHBOARD_PAGE_LOADED","timestamp":"2026-08-27T12:27:41.760Z"}
27/8/2026, 5:57:40 pm | [2026-08-27T12:27:41.948Z] [LOG] {"page":"CashClosingDashboard","event":"CASH_CLOSING_RESET_CLICKED","timestamp":"2026-08-27T12:27:41.948Z"}
27/8/2026, 5:57:40 pm | [2026-08-27T12:27:41.949Z] [LOG] {"page":"CashClosingDashboard","event":"CASH_CLOSING_DASHBOARD_PAGE_LOADED","timestamp":"2026-08-27T12:27:41.949Z"}
27/8/2026, 5:57:40 pm | [2026-08-27T12:27:42.000Z] [LOG] {"page":"CashClosingDashboard","event":"CASH_CLOSING_RESET_SUCCESS","totalRecords":56,"timestamp":"2026-08-27T12:27:42.000Z"}
27/8/2026, 5:57:40 pm | [2026-08-27T12:27:42.000Z] [LOG] {"page":"CashClosingDashboard","event":"CASH_CLOSING_DASHBOARD_PAGE_LOADED","timestamp":"2026-08-27T12:27:42.000Z"}
27/8/2026, 5:57:41 pm | [2026-08-27T12:27:42.783Z] [LOG] {"page":"CashClosingDashboard","event":"CASH_CLOSING_DASHBOARD_PAGE_LOADED","timestamp":"2026-08-27T12:27:42.783Z"}
27/8/2026, 5:57:41 pm | [2026-08-27T12:27:42.782Z] [LOG] {"page":"CashClosingDashboard","event":"CASH_CLOSING_RESET_CLICKED","timestamp":"2026-08-27T12:27:42.782Z"}
27/8/2026, 5:57:41 pm | [2026-08-27T12:27:42.867Z] [LOG] {"page":"CashClosingDashboard","event":"CASH_CLOSING_RESET_SUCCESS","totalRecords":56,"timestamp":"2026-08-27T12:27:42.867Z"}
27/8/2026, 5:57:41 pm | [2026-08-27T12:27:42.868Z] [LOG] {"page":"CashClosingDashboard","event":"CASH_CLOSING_DASHBOARD_PAGE_LOADED","timestamp":"2026-08-27T12:27:42.868Z"}
27/8/2026, 5:57:42 pm | [2026-08-27T12:27:43.776Z] [LOG] {"page":"CashClosingDashboard","event":"CASH_CLOSING_DASHBOARD_PAGE_LOADED","timestamp":"2026-08-27T12:27:43.776Z"}
27/8/2026, 5:57:42 pm | [2026-08-27T12:27:43.775Z] [LOG] {"page":"CashClosingDashboard","event":"CASH_CLOSING_RESET_CLICKED","timestamp":"2026-08-27T12:27:43.775Z"}
27/8/2026, 5:57:42 pm | [2026-08-27T12:27:43.828Z] [LOG] {"page":"CashClosingDashboard","event":"CASH_CLOSING_RESET_SUCCESS","totalRecords":56,"timestamp":"2026-08-27T12:27:43.828Z"}
27/8/2026, 5:57:42 pm | [2026-08-27T12:27:43.828Z] [LOG] {"page":"CashClosingDashboard","event":"CASH_CLOSING_DASHBOARD_PAGE_LOADED","timestamp":"2026-08-27T12:27:43.828Z"}
27/8/2026, 5:57:42 pm | [2026-08-27T12:27:43.333Z] [LOG] {"page":"CashClosingDashboard","event":"CASH_CLOSING_DASHBOARD_PAGE_LOADED","timestamp":"2026-08-27T12:27:43.333Z"}
27/8/2026, 5:57:42 pm | [2026-08-27T12:27:43.332Z] [LOG] {"page":"CashClosingDashboard","event":"CASH_CLOSING_RESET_CLICKED","timestamp":"2026-08-27T12:27:43.332Z"}
27/8/2026, 5:57:42 pm | [2026-08-27T12:27:43.412Z] [LOG] {"page":"CashClosingDashboard","event":"CASH_CLOSING_RESET_SUCCESS","totalRecords":56,"timestamp":"2026-08-27T12:27:43.412Z"}
27/8/2026, 5:57:42 pm | [2026-08-27T12:27:43.413Z] [LOG] {"page":"CashClosingDashboard","event":"CASH_CLOSING_DASHBOARD_PAGE_LOADED","timestamp":"2026-08-27T12:27:43.413Z"}
27/8/2026, 5:57:42 pm | [2026-08-27T12:27:44.047Z] [LOG] {"page":"CashClosingDashboard","event":"CASH_CLOSING_DASHBOARD_PAGE_LOADED","timestamp":"2026-08-27T12:27:44.047Z"}
27/8/2026, 5:57:42 pm | [2026-08-27T12:27:44.046Z] [LOG] {"page":"CashClosingDashboard","event":"CASH_CLOSING_RESET_CLICKED","timestamp":"2026-08-27T12:27:44.046Z"}
27/8/2026, 5:57:42 pm | [2026-08-27T12:27:43.572Z] [LOG] {"page":"CashClosingDashboard","event":"CASH_CLOSING_RESET_CLICKED","timestamp":"2026-08-27T12:27:43.571Z"}
27/8/2026, 5:57:42 pm | [2026-08-27T12:27:43.572Z] [LOG] {"page":"CashClosingDashboard","event":"CASH_CLOSING_DASHBOARD_PAGE_LOADED","timestamp":"2026-08-27T12:27:43.572Z"}
27/8/2026, 5:57:42 pm | [2026-08-27T12:27:44.101Z] [LOG] {"page":"CashClosingDashboard","event":"CASH_CLOSING_RESET_SUCCESS","totalRecords":56,"timestamp":"2026-08-27T12:27:44.101Z"}
27/8/2026, 5:57:42 pm | [2026-08-27T12:27:44.102Z] [LOG] {"page":"CashClosingDashboard","event":"CASH_CLOSING_DASHBOARD_PAGE_LOADED","timestamp":"2026-08-27T12:27:44.102Z"}
27/8/2026, 5:57:42 pm | [2026-08-27T12:27:43.624Z] [LOG] {"page":"CashClosingDashboard","event":"CASH_CLOSING_RESET_SUCCESS","totalRecords":56,"timestamp":"2026-08-27T12:27:43.624Z"}
27/8/2026, 5:57:42 pm | [2026-08-27T12:27:43.625Z] [LOG] {"page":"CashClosingDashboard","event":"CASH_CLOSING_DASHBOARD_PAGE_LOADED","timestamp":"2026-08-27T12:27:43.625Z"}
27/8/2026, 5:57:42 pm | [2026-08-27T12:27:44.256Z] [LOG] {"page":"CashClosingDashboard","event":"CASH_CLOSING_DASHBOARD_PAGE_LOADED","timestamp":"2026-08-27T12:27:44.256Z"}
27/8/2026, 5:57:42 pm | [2026-08-27T12:27:44.255Z] [LOG] {"page":"CashClosingDashboard","event":"CASH_CLOSING_RESET_CLICKED","timestamp":"2026-08-27T12:27:44.255Z"}
27/8/2026, 5:57:42 pm | [2026-08-27T12:27:43.772Z] [LOG] {"page":"CashClosingDashboard","event":"CASH_CLOSING_RESET_CLICKED","timestamp":"2026-08-27T12:27:43.772Z"}
27/8/2026, 5:57:42 pm | [2026-08-27T12:27:43.772Z] [LOG] {"page":"CashClosingDashboard","event":"CASH_CLOSING_DASHBOARD_PAGE_LOADED","timestamp":"2026-08-27T12:27:43.772Z"}
27/8/2026, 5:57:42 pm | [2026-08-27T12:27:44.308Z] [LOG] {"page":"CashClosingDashboard","event":"CASH_CLOSING_RESET_SUCCESS","totalRecords":56,"timestamp":"2026-08-27T12:27:44.308Z"}
27/8/2026, 5:57:42 pm | [2026-08-27T12:27:44.309Z] [LOG] {"page":"CashClosingDashboard","event":"CASH_CLOSING_DASHBOARD_PAGE_LOADED","timestamp":"2026-08-27T12:27:44.309Z"}
27/8/2026, 5:57:42 pm | [2026-08-27T12:27:43.824Z] [LOG] {"page":"CashClosingDashboard","event":"CASH_CLOSING_RESET_SUCCESS","totalRecords":56,"timestamp":"2026-08-27T12:27:43.824Z"}
27/8/2026, 5:57:42 pm | [2026-08-27T12:27:43.825Z] [LOG] {"page":"CashClosingDashboard","event":"CASH_CLOSING_DASHBOARD_PAGE_LOADED","timestamp":"2026-08-27T12:27:43.825Z"}
27/8/2026, 5:57:42 pm | [2026-08-27T12:27:43.996Z] [LOG] {"page":"CashClosingDashboard","event":"CASH_CLOSING_RESET_CLICKED","timestamp":"2026-08-27T12:27:43.996Z"}
27/8/2026, 5:57:42 pm | [2026-08-27T12:27:43.996Z] [LOG] {"page":"CashClosingDashboard","event":"CASH_CLOSING_DASHBOARD_PAGE_LOADED","timestamp":"2026-08-27T12:27:43.996Z"}
27/8/2026, 5:57:43 pm | [2026-08-27T12:27:44.076Z] [LOG] {"page":"CashClosingDashboard","event":"CASH_CLOSING_RESET_SUCCESS","totalRecords":56,"timestamp":"2026-08-27T12:27:44.076Z"}
27/8/2026, 5:57:43 pm | [2026-08-27T12:27:44.077Z] [LOG] {"page":"CashClosingDashboard","event":"CASH_CLOSING_DASHBOARD_PAGE_LOADED","timestamp":"2026-08-27T12:27:44.077Z"}
27/8/2026, 5:57:43 pm | [2026-08-27T12:27:44.244Z] [LOG] {"page":"CashClosingDashboard","event":"CASH_CLOSING_RESET_CLICKED","timestamp":"2026-08-27T12:27:44.244Z"}
27/8/2026, 5:57:43 pm | [2026-08-27T12:27:44.245Z] [LOG] {"page":"CashClosingDashboard","event":"CASH_CLOSING_DASHBOARD_PAGE_LOADED","timestamp":"2026-08-27T12:27:44.245Z"}
27/8/2026, 5:57:43 pm | [2026-08-27T12:27:44.297Z] [LOG] {"page":"CashClosingDashboard","event":"CASH_CLOSING_RESET_SUCCESS","totalRecords":56,"timestamp":"2026-08-27T12:27:44.297Z"}
27/8/2026, 5:57:43 pm | [2026-08-27T12:27:44.298Z] [LOG] {"page":"CashClosingDashboard","event":"CASH_CLOSING_DASHBOARD_PAGE_LOADED","timestamp":"2026-08-27T12:27:44.298Z"}
27/8/2026, 5:57:43 pm | [2026-08-27T12:27:44.452Z] [LOG] {"page":"CashClosingDashboard","event":"CASH_CLOSING_RESET_CLICKED","timestamp":"2026-08-27T12:27:44.452Z"}
27/8/2026, 5:57:43 pm | [2026-08-27T12:27:44.453Z] [LOG] {"page":"CashClosingDashboard","event":"CASH_CLOSING_DASHBOARD_PAGE_LOADED","timestamp":"2026-08-27T12:27:44.453Z"}
27/8/2026, 5:57:43 pm | [2026-08-27T12:27:44.502Z] [LOG] {"page":"CashClosingDashboard","event":"CASH_CLOSING_RESET_SUCCESS","totalRecords":56,"timestamp":"2026-08-27T12:27:44.502Z"}
27/8/2026, 5:57:43 pm | [2026-08-27T12:27:44.502Z] [LOG] {"page":"CashClosingDashboard","event":"CASH_CLOSING_DASHBOARD_PAGE_LOADED","timestamp":"2026-08-27T12:27:44.502Z"}
27/8/2026, 5:57:43 pm | [2026-08-27T12:27:44.916Z] [LOG] {"page":"CashClosingDashboard","event":"CASH_CLOSING_RESET_CLICKED","timestamp":"2026-08-27T12:27:44.916Z"}
27/8/2026, 5:57:43 pm | [2026-08-27T12:27:44.917Z] [LOG] {"page":"CashClosingDashboard","event":"CASH_CLOSING_DASHBOARD_PAGE_LOADED","timestamp":"2026-08-27T12:27:44.917Z"}
27/8/2026, 5:57:43 pm | [2026-08-27T12:27:44.968Z] [LOG] {"page":"CashClosingDashboard","event":"CASH_CLOSING_RESET_SUCCESS","totalRecords":56,"timestamp":"2026-08-27T12:27:44.968Z"}
27/8/2026, 5:57:43 pm | [2026-08-27T12:27:44.968Z] [LOG] {"page":"CashClosingDashboard","event":"CASH_CLOSING_DASHBOARD_PAGE_LOADED","timestamp":"2026-08-27T12:27:44.968Z"}
27/8/2026, 5:57:47 pm | [2026-08-27T12:27:48.660Z] [LOG] {"page":"CashClosingDashboard","event":"CASH_CLOSING_RESET_CLICKED","timestamp":"2026-08-27T12:27:48.660Z"}
27/8/2026, 5:57:47 pm | [2026-08-27T12:27:48.661Z] [LOG] {"page":"CashClosingDashboard","event":"CASH_CLOSING_DASHBOARD_PAGE_LOADED","timestamp":"2026-08-27T12:27:48.661Z"}
27/8/2026, 5:57:47 pm | [2026-08-27T12:27:48.740Z] [LOG] {"page":"CashClosingDashboard","event":"CASH_CLOSING_RESET_SUCCESS","totalRecords":56,"timestamp":"2026-08-27T12:27:48.740Z"}
27/8/2026, 5:57:47 pm | [2026-08-27T12:27:48.741Z] [LOG] {"page":"CashClosingDashboard","event":"CASH_CLOSING_DASHBOARD_PAGE_LOADED","timestamp":"2026-08-27T12:27:48.741Z"}
27/8/2026, 5:57:49 pm | [2026-08-27T12:27:50.788Z] [LOG] {"page":"CashClosingDashboard","event":"CASH_CLOSING_RESET_CLICKED","timestamp":"2026-08-27T12:27:50.788Z"}
27/8/2026, 5:57:49 pm | [2026-08-27T12:27:50.789Z] [LOG] {"page":"CashClosingDashboard","event":"CASH_CLOSING_DASHBOARD_PAGE_LOADED","timestamp":"2026-08-27T12:27:50.789Z"}
27/8/2026, 5:57:49 pm | [2026-08-27T12:27:50.841Z] [LOG] {"page":"CashClosingDashboard","event":"CASH_CLOSING_RESET_SUCCESS","totalRecords":56,"timestamp":"2026-08-27T12:27:50.841Z"}
27/8/2026, 5:57:49 pm | [2026-08-27T12:27:50.842Z] [LOG] {"page":"CashClosingDashboard","event":"CASH_CLOSING_DASHBOARD_PAGE_LOADED","timestamp":"2026-08-27T12:27:50.842Z"}
27/8/2026, 5:57:49 pm | [2026-08-27T12:27:51.004Z] [LOG] {"page":"CashClosingDashboard","event":"CASH_CLOSING_RESET_CLICKED","timestamp":"2026-08-27T12:27:51.004Z"}
27/8/2026, 5:57:49 pm | [2026-08-27T12:27:51.004Z] [LOG] {"page":"CashClosingDashboard","event":"CASH_CLOSING_DASHBOARD_PAGE_LOADED","timestamp":"2026-08-27T12:27:51.004Z"}
27/8/2026, 5:57:50 pm | [2026-08-27T12:27:51.056Z] [LOG] {"page":"CashClosingDashboard","event":"CASH_CLOSING_RESET_SUCCESS","totalRecords":56,"timestamp":"2026-08-27T12:27:51.056Z"}
27/8/2026, 5:57:50 pm | [2026-08-27T12:27:51.056Z] [LOG] {"page":"CashClosingDashboard","event":"CASH_CLOSING_DASHBOARD_PAGE_LOADED","timestamp":"2026-08-27T12:27:51.056Z"}
27/8/2026, 5:57:50 pm | [2026-08-27T12:27:51.380Z] [LOG] {"page":"CashClosingDashboard","event":"CASH_CLOSING_RESET_CLICKED","timestamp":"2026-08-27T12:27:51.380Z"}
27/8/2026, 5:57:50 pm | [2026-08-27T12:27:51.381Z] [LOG] {"page":"CashClosingDashboard","event":"CASH_CLOSING_DASHBOARD_PAGE_LOADED","timestamp":"2026-08-27T12:27:51.381Z"}
27/8/2026, 5:57:50 pm | [2026-08-27T12:27:51.436Z] [LOG] {"page":"CashClosingDashboard","event":"CASH_CLOSING_RESET_SUCCESS","totalRecords":56,"timestamp":"2026-08-27T12:27:51.436Z"}
27/8/2026, 5:57:50 pm | [2026-08-27T12:27:51.437Z] [LOG] {"page":"CashClosingDashboard","event":"CASH_CLOSING_DASHBOARD_PAGE_LOADED","timestamp":"2026-08-27T12:27:51.437Z"}
27/8/2026, 5:57:50 pm | [2026-08-27T12:27:51.628Z] [LOG] {"page":"CashClosingDashboard","event":"CASH_CLOSING_RESET_CLICKED","timestamp":"2026-08-27T12:27:51.628Z"}
27/8/2026, 5:57:50 pm | [2026-08-27T12:27:51.629Z] [LOG] {"page":"CashClosingDashboard","event":"CASH_CLOSING_DASHBOARD_PAGE_LOADED","timestamp":"2026-08-27T12:27:51.629Z"}
27/8/2026, 5:57:50 pm | [2026-08-27T12:27:51.679Z] [LOG] {"page":"CashClosingDashboard","event":"CASH_CLOSING_RESET_SUCCESS","totalRecords":56,"timestamp":"2026-08-27T12:27:51.679Z"}
27/8/2026, 5:57:50 pm | [2026-08-27T12:27:51.680Z] [LOG] {"page":"CashClosingDashboard","event":"CASH_CLOSING_DASHBOARD_PAGE_LOADED","timestamp":"2026-08-27T12:27:51.680Z"}
27/8/2026, 5:57:52 pm | [2026-08-27T12:27:54.021Z] [LOG] {"page":"CashClosingDashboard","event":"CASH_CLOSING_RESET_CLICKED","timestamp":"2026-08-27T12:27:54.021Z"}
27/8/2026, 5:57:52 pm | [2026-08-27T12:27:54.021Z] [LOG] {"page":"CashClosingDashboard","event":"CASH_CLOSING_DASHBOARD_PAGE_LOADED","timestamp":"2026-08-27T12:27:54.021Z"}
27/8/2026, 5:57:52 pm | [2026-08-27T12:27:54.137Z] [LOG] {"page":"CashClosingDashboard","event":"CASH_CLOSING_RESET_SUCCESS","totalRecords":56,"timestamp":"2026-08-27T12:27:54.136Z"}
27/8/2026, 5:57:52 pm | [2026-08-27T12:27:54.137Z] [LOG] {"page":"CashClosingDashboard","event":"CASH_CLOSING_DASHBOARD_PAGE_LOADED","timestamp":"2026-08-27T12:27:54.137Z"}
27/8/2026, 5:57:52 pm | [2026-08-27T12:27:54.188Z] [LOG] {"page":"CashClosingDashboard","event":"CASH_CLOSING_RESET_CLICKED","timestamp":"2026-08-27T12:27:54.188Z"}
27/8/2026, 5:57:52 pm | [2026-08-27T12:27:54.189Z] [LOG] {"page":"CashClosingDashboard","event":"CASH_CLOSING_DASHBOARD_PAGE_LOADED","timestamp":"2026-08-27T12:27:54.189Z"}
27/8/2026, 5:57:52 pm | [2026-08-27T12:27:54.241Z] [LOG] {"page":"CashClosingDashboard","event":"CASH_CLOSING_RESET_SUCCESS","totalRecords":56,"timestamp":"2026-08-27T12:27:54.241Z"}
27/8/2026, 5:57:52 pm | [2026-08-27T12:27:54.242Z] [LOG] {"page":"CashClosingDashboard","event":"CASH_CLOSING_DASHBOARD_PAGE_LOADED","timestamp":"2026-08-27T12:27:54.242Z"}
27/8/2026, 5:57:52 pm | [2026-08-27T12:27:54.350Z] [LOG] {"page":"CashClosingDashboard","event":"CASH_CLOSING_DASHBOARD_PAGE_LOADED","timestamp":"2026-08-27T12:27:54.350Z"}
27/8/2026, 5:57:52 pm | [2026-08-27T12:27:54.349Z] [LOG] {"page":"CashClosingDashboard","event":"CASH_CLOSING_RESET_CLICKED","timestamp":"2026-08-27T12:27:54.349Z"}
27/8/2026, 5:57:52 pm | [2026-08-27T12:27:54.409Z] [LOG] {"page":"CashClosingDashboard","event":"CASH_CLOSING_RESET_SUCCESS","totalRecords":56,"timestamp":"2026-08-27T12:27:54.409Z"}
27/8/2026, 5:57:52 pm | [2026-08-27T12:27:54.410Z] [LOG] {"page":"CashClosingDashboard","event":"CASH_CLOSING_DASHBOARD_PAGE_LOADED","timestamp":"2026-08-27T12:27:54.410Z"}
27/8/2026, 5:57:52 pm | [2026-08-27T12:27:54.486Z] [LOG] {"page":"CashClosingDashboard","event":"CASH_CLOSING_DASHBOARD_PAGE_LOADED","timestamp":"2026-08-27T12:27:54.486Z"}
27/8/2026, 5:57:52 pm | [2026-08-27T12:27:54.485Z] [LOG] {"page":"CashClosingDashboard","event":"CASH_CLOSING_RESET_CLICKED","timestamp":"2026-08-27T12:27:54.485Z"}
27/8/2026, 5:57:52 pm | [2026-08-27T12:27:54.537Z] [LOG] {"page":"CashClosingDashboard","event":"CASH_CLOSING_RESET_SUCCESS","totalRecords":56,"timestamp":"2026-08-27T12:27:54.537Z"}
27/8/2026, 5:57:52 pm | [2026-08-27T12:27:54.538Z] [LOG] {"page":"CashClosingDashboard","event":"CASH_CLOSING_DASHBOARD_PAGE_LOADED","timestamp":"2026-08-27T12:27:54.538Z"}
27/8/2026, 5:57:53 pm | [2026-08-27T12:27:54.372Z] [LOG] {"page":"CashClosingDashboard","event":"CASH_CLOSING_DASHBOARD_PAGE_LOADED","timestamp":"2026-08-27T12:27:54.372Z"}
27/8/2026, 5:57:53 pm | [2026-08-27T12:27:54.371Z] [LOG] {"page":"CashClosingDashboard","event":"CASH_CLOSING_NEXT_PAGE","currentPage":2,"timestamp":"2026-08-27T12:27:54.371Z"}
27/8/2026, 5:57:53 pm | [2026-08-27T12:27:54.700Z] [LOG] {"page":"CashClosingDashboard","event":"CASH_CLOSING_DASHBOARD_PAGE_LOADED","timestamp":"2026-08-27T12:27:54.700Z"}
27/8/2026, 5:57:53 pm | [2026-08-27T12:27:54.700Z] [LOG] {"page":"CashClosingDashboard","event":"CASH_CLOSING_NEXT_PAGE","currentPage":3,"timestamp":"2026-08-27T12:27:54.700Z"}
27/8/2026, 5:57:53 pm | [2026-08-27T12:27:54.892Z] [LOG] {"page":"CashClosingDashboard","event":"CASH_CLOSING_DASHBOARD_PAGE_LOADED","timestamp":"2026-08-27T12:27:54.892Z"}
27/8/2026, 5:57:53 pm | [2026-08-27T12:27:54.892Z] [LOG] {"page":"CashClosingDashboard","event":"CASH_CLOSING_NEXT_PAGE","currentPage":4,"timestamp":"2026-08-27T12:27:54.892Z"}
27/8/2026, 5:57:55 pm | [2026-08-27T12:27:56.372Z] [LOG] {"page":"CashClosingDashboard","event":"CASH_CLOSING_RESET_CLICKED","timestamp":"2026-08-27T12:27:56.372Z"}
27/8/2026, 5:57:55 pm | [2026-08-27T12:27:56.373Z] [LOG] {"page":"CashClosingDashboard","event":"CASH_CLOSING_DASHBOARD_PAGE_LOADED","timestamp":"2026-08-27T12:27:56.373Z"}
27/8/2026, 5:57:55 pm | [2026-08-27T12:27:56.455Z] [LOG] {"page":"CashClosingDashboard","event":"CASH_CLOSING_RESET_SUCCESS","totalRecords":56,"timestamp":"2026-08-27T12:27:56.455Z"}
27/8/2026, 5:57:55 pm | [2026-08-27T12:27:56.455Z] [LOG] {"page":"CashClosingDashboard","event":"CASH_CLOSING_DASHBOARD_PAGE_LOADED","timestamp":"2026-08-27T12:27:56.455Z"}
27/8/2026, 5:57:55 pm | [2026-08-27T12:27:56.580Z] [LOG] {"page":"CashClosingDashboard","event":"CASH_CLOSING_RESET_CLICKED","timestamp":"2026-08-27T12:27:56.580Z"}
27/8/2026, 5:57:55 pm | [2026-08-27T12:27:56.581Z] [LOG] {"page":"CashClosingDashboard","event":"CASH_CLOSING_DASHBOARD_PAGE_LOADED","timestamp":"2026-08-27T12:27:56.581Z"}
27/8/2026, 5:57:55 pm | [2026-08-27T12:27:56.630Z] [LOG] {"page":"CashClosingDashboard","event":"CASH_CLOSING_RESET_SUCCESS","totalRecords":56,"timestamp":"2026-08-27T12:27:56.630Z"}
27/8/2026, 5:57:55 pm | [2026-08-27T12:27:56.630Z] [LOG] {"page":"CashClosingDashboard","event":"CASH_CLOSING_DASHBOARD_PAGE_LOADED","timestamp":"2026-08-27T12:27:56.630Z"}
27/8/2026, 5:57:55 pm | [2026-08-27T12:27:56.764Z] [LOG] {"page":"CashClosingDashboard","event":"CASH_CLOSING_RESET_CLICKED","timestamp":"2026-08-27T12:27:56.764Z"}
27/8/2026, 5:57:55 pm | [2026-08-27T12:27:56.764Z] [LOG] {"page":"CashClosingDashboard","event":"CASH_CLOSING_DASHBOARD_PAGE_LOADED","timestamp":"2026-08-27T12:27:56.764Z"}
27/8/2026, 5:57:55 pm | [2026-08-27T12:27:56.816Z] [LOG] {"page":"CashClosingDashboard","event":"CASH_CLOSING_RESET_SUCCESS","totalRecords":56,"timestamp":"2026-08-27T12:27:56.816Z"}
27/8/2026, 5:57:55 pm | [2026-08-27T12:27:56.817Z] [LOG] {"page":"CashClosingDashboard","event":"CASH_CLOSING_DASHBOARD_PAGE_LOADED","timestamp":"2026-08-27T12:27:56.817Z"}
27/8/2026, 5:57:57 pm | [2026-08-27T12:27:58.260Z] [LOG] {"page":"CashClosingDashboard","event":"CASH_CLOSING_DASHBOARD_PAGE_LOADED","timestamp":"2026-08-27T12:27:58.260Z"}
27/8/2026, 5:57:57 pm | [2026-08-27T12:27:58.260Z] [LOG] {"page":"CashClosingDashboard","event":"CASH_CLOSING_NEXT_PAGE","currentPage":2,"timestamp":"2026-08-27T12:27:58.260Z"}
27/8/2026, 5:57:57 pm | [2026-08-27T12:27:58.468Z] [LOG] {"page":"CashClosingDashboard","event":"CASH_CLOSING_DASHBOARD_PAGE_LOADED","timestamp":"2026-08-27T12:27:58.468Z"}
27/8/2026, 5:57:57 pm | [2026-08-27T12:27:58.468Z] [LOG] {"page":"CashClosingDashboard","event":"CASH_CLOSING_NEXT_PAGE","currentPage":3,"timestamp":"2026-08-27T12:27:58.468Z"}
27/8/2026, 5:57:57 pm | [2026-08-27T12:27:58.684Z] [LOG] {"page":"CashClosingDashboard","event":"CASH_CLOSING_DASHBOARD_PAGE_LOADED","timestamp":"2026-08-27T12:27:58.684Z"}
27/8/2026, 5:57:57 pm | [2026-08-27T12:27:58.684Z] [LOG] {"page":"CashClosingDashboard","event":"CASH_CLOSING_NEXT_PAGE","currentPage":4,"timestamp":"2026-08-27T12:27:58.684Z"}
27/8/2026, 5:57:57 pm | [2026-08-27T12:27:59.549Z] [LOG] {"page":"CashClosingDashboard","event":"CASH_CLOSING_DASHBOARD_PAGE_LOADED","timestamp":"2026-08-27T12:27:59.549Z"}
27/8/2026, 5:57:57 pm | [2026-08-27T12:27:59.549Z] [LOG] {"page":"CashClosingDashboard","event":"CASH_CLOSING_NEXT_PAGE","currentPage":2,"timestamp":"2026-08-27T12:27:59.549Z"}
27/8/2026, 5:57:59 pm | [2026-08-27T12:28:00.020Z] [LOG] {"page":"CashClosingDashboard","event":"CASH_CLOSING_DASHBOARD_PAGE_LOADED","timestamp":"2026-08-27T12:28:00.020Z"}
27/8/2026, 5:57:59 pm | [2026-08-27T12:28:00.019Z] [LOG] {"page":"CashClosingDashboard","event":"CASH_CLOSING_RESET_CLICKED","timestamp":"2026-08-27T12:28:00.019Z"}
27/8/2026, 5:57:59 pm | [2026-08-27T12:28:00.070Z] [LOG] {"page":"CashClosingDashboard","event":"CASH_CLOSING_RESET_SUCCESS","totalRecords":56,"timestamp":"2026-08-27T12:28:00.070Z"}
27/8/2026, 5:57:59 pm | [2026-08-27T12:28:00.071Z] [LOG] {"page":"CashClosingDashboard","event":"CASH_CLOSING_DASHBOARD_PAGE_LOADED","timestamp":"2026-08-27T12:28:00.071Z"}
27/8/2026, 5:57:59 pm | [2026-08-27T12:28:00.221Z] [LOG] {"page":"CashClosingDashboard","event":"CASH_CLOSING_DASHBOARD_PAGE_LOADED","timestamp":"2026-08-27T12:28:00.221Z"}
27/8/2026, 5:57:59 pm | [2026-08-27T12:28:00.220Z] [LOG] {"page":"CashClosingDashboard","event":"CASH_CLOSING_RESET_CLICKED","timestamp":"2026-08-27T12:28:00.220Z"}
27/8/2026, 5:57:59 pm | [2026-08-27T12:28:00.271Z] [LOG] {"page":"CashClosingDashboard","event":"CASH_CLOSING_RESET_SUCCESS","totalRecords":56,"timestamp":"2026-08-27T12:28:00.271Z"}
27/8/2026, 5:57:59 pm | [2026-08-27T12:28:00.272Z] [LOG] {"page":"CashClosingDashboard","event":"CASH_CLOSING_DASHBOARD_PAGE_LOADED","timestamp":"2026-08-27T12:28:00.272Z"}
27/8/2026, 5:57:59 pm | [2026-08-27T12:28:00.501Z] [LOG] {"page":"CashClosingDashboard","event":"CASH_CLOSING_DASHBOARD_PAGE_LOADED","timestamp":"2026-08-27T12:28:00.501Z"}
27/8/2026, 5:57:59 pm | [2026-08-27T12:28:00.500Z] [LOG] {"page":"CashClosingDashboard","event":"CASH_CLOSING_RESET_CLICKED","timestamp":"2026-08-27T12:28:00.500Z"}
27/8/2026, 5:57:59 pm | [2026-08-27T12:28:00.554Z] [LOG] {"page":"CashClosingDashboard","event":"CASH_CLOSING_RESET_SUCCESS","totalRecords":56,"timestamp":"2026-08-27T12:28:00.554Z"}
27/8/2026, 5:57:59 pm | [2026-08-27T12:28:00.555Z] [LOG] {"page":"CashClosingDashboard","event":"CASH_CLOSING_DASHBOARD_PAGE_LOADED","timestamp":"2026-08-27T12:28:00.555Z"}
27/8/2026, 5:57:59 pm | [2026-08-27T12:28:00.733Z] [LOG] {"page":"CashClosingDashboard","event":"CASH_CLOSING_DASHBOARD_PAGE_LOADED","timestamp":"2026-08-27T12:28:00.733Z"}
27/8/2026, 5:57:59 pm | [2026-08-27T12:28:00.732Z] [LOG] {"page":"CashClosingDashboard","event":"CASH_CLOSING_RESET_CLICKED","timestamp":"2026-08-27T12:28:00.732Z"}
27/8/2026, 5:57:59 pm | [2026-08-27T12:28:00.790Z] [LOG] {"page":"CashClosingDashboard","event":"CASH_CLOSING_RESET_SUCCESS","totalRecords":56,"timestamp":"2026-08-27T12:28:00.789Z"}
27/8/2026, 5:57:59 pm | [2026-08-27T12:28:00.790Z] [LOG] {"page":"CashClosingDashboard","event":"CASH_CLOSING_DASHBOARD_PAGE_LOADED","timestamp":"2026-08-27T12:28:00.790Z"}
27/8/2026, 5:58:02 pm | [2026-08-27T12:28:03.557Z] [LOG] {"page":"CashClosingDashboard","event":"CASH_CLOSING_DASHBOARD_PAGE_LOADED","timestamp":"2026-08-27T12:28:03.557Z"}
27/8/2026, 5:58:02 pm | [2026-08-27T12:28:03.556Z] [LOG] {"page":"CashClosingDashboard","event":"CASH_CLOSING_RESET_CLICKED","timestamp":"2026-08-27T12:28:03.556Z"}
27/8/2026, 5:58:02 pm | [2026-08-27T12:28:03.636Z] [LOG] {"page":"CashClosingDashboard","event":"CASH_CLOSING_RESET_SUCCESS","totalRecords":56,"timestamp":"2026-08-27T12:28:03.636Z"}
27/8/2026, 5:58:02 pm | [2026-08-27T12:28:03.639Z] [LOG] {"page":"CashClosingDashboard","event":"CASH_CLOSING_DASHBOARD_PAGE_LOADED","timestamp":"2026-08-27T12:28:03.639Z"}
27/8/2026, 5:58:02 pm | [2026-08-27T12:28:03.764Z] [LOG] {"page":"CashClosingDashboard","event":"CASH_CLOSING_DASHBOARD_PAGE_LOADED","timestamp":"2026-08-27T12:28:03.764Z"}
27/8/2026, 5:58:02 pm | [2026-08-27T12:28:03.764Z] [LOG] {"page":"CashClosingDashboard","event":"CASH_CLOSING_RESET_CLICKED","timestamp":"2026-08-27T12:28:03.764Z"}
27/8/2026, 5:58:02 pm | [2026-08-27T12:28:03.815Z] [LOG] {"page":"CashClosingDashboard","event":"CASH_CLOSING_RESET_SUCCESS","totalRecords":56,"timestamp":"2026-08-27T12:28:03.815Z"}
27/8/2026, 5:58:02 pm | [2026-08-27T12:28:03.816Z] [LOG] {"page":"CashClosingDashboard","event":"CASH_CLOSING_DASHBOARD_PAGE_LOADED","timestamp":"2026-08-27T12:28:03.816Z"}
27/8/2026, 5:58:09 pm | [2026-08-27T12:28:10.607Z] [LOG] {"page":"CashClosingDashboard","event":"CASH_CLOSING_RESET_CLICKED","timestamp":"2026-08-27T12:28:10.607Z"}
27/8/2026, 5:58:09 pm | [2026-08-27T12:28:10.607Z] [LOG] {"page":"CashClosingDashboard","event":"CASH_CLOSING_DASHBOARD_PAGE_LOADED","timestamp":"2026-08-27T12:28:10.607Z"}
27/8/2026, 5:58:09 pm | [2026-08-27T12:28:10.763Z] [LOG] {"page":"CashClosingDashboard","event":"CASH_CLOSING_RESET_SUCCESS","totalRecords":56,"timestamp":"2026-08-27T12:28:10.763Z"}
27/8/2026, 5:58:09 pm | [2026-08-27T12:28:10.764Z] [LOG] {"page":"CashClosingDashboard","event":"CASH_CLOSING_DASHBOARD_PAGE_LOADED","timestamp":"2026-08-27T12:28:10.764Z"}
27/8/2026, 5:58:09 pm | [2026-08-27T12:28:11.096Z] [LOG] {"page":"CashClosingDashboard","event":"CASH_CLOSING_DASHBOARD_PAGE_LOADED","timestamp":"2026-08-27T12:28:11.096Z"}
27/8/2026, 5:58:09 pm | [2026-08-27T12:28:11.095Z] [LOG] {"page":"CashClosingDashboard","event":"CASH_CLOSING_RESET_CLICKED","timestamp":"2026-08-27T12:28:11.095Z"}
27/8/2026, 5:58:09 pm | [2026-08-27T12:28:11.148Z] [LOG] {"page":"CashClosingDashboard","event":"CASH_CLOSING_RESET_SUCCESS","totalRecords":56,"timestamp":"2026-08-27T12:28:11.148Z"}
27/8/2026, 5:58:09 pm | [2026-08-27T12:28:11.149Z] [LOG] {"page":"CashClosingDashboard","event":"CASH_CLOSING_DASHBOARD_PAGE_LOADED","timestamp":"2026-08-27T12:28:11.149Z"}
27/8/2026, 5:58:09 pm | [2026-08-27T12:28:11.351Z] [LOG] {"page":"CashClosingDashboard","event":"CASH_CLOSING_DASHBOARD_PAGE_LOADED","timestamp":"2026-08-27T12:28:11.351Z"}
27/8/2026, 5:58:09 pm | [2026-08-27T12:28:11.351Z] [LOG] {"page":"CashClosingDashboard","event":"CASH_CLOSING_RESET_CLICKED","timestamp":"2026-08-27T12:28:11.351Z"}
27/8/2026, 5:58:09 pm | [2026-08-27T12:28:11.407Z] [LOG] {"page":"CashClosingDashboard","event":"CASH_CLOSING_RESET_SUCCESS","totalRecords":56,"timestamp":"2026-08-27T12:28:11.407Z"}
27/8/2026, 5:58:09 pm | [2026-08-27T12:28:11.408Z] [LOG] {"page":"CashClosingDashboard","event":"CASH_CLOSING_DASHBOARD_PAGE_LOADED","timestamp":"2026-08-27T12:28:11.408Z"}
27/8/2026, 5:58:10 pm | [2026-08-27T12:28:11.592Z] [LOG] {"page":"CashClosingDashboard","event":"CASH_CLOSING_DASHBOARD_PAGE_LOADED","timestamp":"2026-08-27T12:28:11.592Z"}
27/8/2026, 5:58:10 pm | [2026-08-27T12:28:11.591Z] [LOG] {"page":"CashClosingDashboard","event":"CASH_CLOSING_RESET_CLICKED","timestamp":"2026-08-27T12:28:11.591Z"}
27/8/2026, 5:58:10 pm | [2026-08-27T12:28:11.646Z] [LOG] {"page":"CashClosingDashboard","event":"CASH_CLOSING_RESET_SUCCESS","totalRecords":56,"timestamp":"2026-08-27T12:28:11.646Z"}
27/8/2026, 5:58:10 pm | [2026-08-27T12:28:11.647Z] [LOG] {"page":"CashClosingDashboard","event":"CASH_CLOSING_DASHBOARD_PAGE_LOADED","timestamp":"2026-08-27T12:28:11.647Z"}
27/8/2026, 5:58:10 pm | [2026-08-27T12:28:12.280Z] [LOG] {"page":"CashClosingDashboard","event":"CASH_CLOSING_DASHBOARD_PAGE_LOADED","timestamp":"2026-08-27T12:28:12.280Z"}
27/8/2026, 5:58:10 pm | [2026-08-27T12:28:12.279Z] [LOG] {"page":"CashClosingDashboard","event":"CASH_CLOSING_RESET_CLICKED","timestamp":"2026-08-27T12:28:12.279Z"}
27/8/2026, 5:58:10 pm | [2026-08-27T12:28:12.332Z] [LOG] {"page":"CashClosingDashboard","event":"CASH_CLOSING_RESET_SUCCESS","totalRecords":56,"timestamp":"2026-08-27T12:28:12.332Z"}
27/8/2026, 5:58:10 pm | [2026-08-27T12:28:12.334Z] [LOG] {"page":"CashClosingDashboard","event":"CASH_CLOSING_DASHBOARD_PAGE_LOADED","timestamp":"2026-08-27T12:28:12.334Z"}
27/8/2026, 5:58:11 pm | [2026-08-27T12:28:12.687Z] [LOG] {"page":"CashClosingDashboard","event":"CASH_CLOSING_RESET_CLICKED","timestamp":"2026-08-27T12:28:12.687Z"}
27/8/2026, 5:58:11 pm | [2026-08-27T12:28:12.688Z] [LOG] {"page":"CashClosingDashboard","event":"CASH_CLOSING_DASHBOARD_PAGE_LOADED","timestamp":"2026-08-27T12:28:12.688Z"}
27/8/2026, 5:58:11 pm | [2026-08-27T12:28:12.740Z] [LOG] {"page":"CashClosingDashboard","event":"CASH_CLOSING_RESET_SUCCESS","totalRecords":56,"timestamp":"2026-08-27T12:28:12.740Z"}
27/8/2026, 5:58:11 pm | [2026-08-27T12:28:12.741Z] [LOG] {"page":"CashClosingDashboard","event":"CASH_CLOSING_DASHBOARD_PAGE_LOADED","timestamp":"2026-08-27T12:28:12.741Z"}
27/8/2026, 5:58:11 pm | [2026-08-27T12:28:12.935Z] [LOG] {"page":"CashClosingDashboard","event":"CASH_CLOSING_DASHBOARD_PAGE_LOADED","timestamp":"2026-08-27T12:28:12.935Z"}
27/8/2026, 5:58:11 pm | [2026-08-27T12:28:12.934Z] [LOG] {"page":"CashClosingDashboard","event":"CASH_CLOSING_RESET_CLICKED","timestamp":"2026-08-27T12:28:12.934Z"}
27/8/2026, 5:58:11 pm | [2026-08-27T12:28:12.987Z] [LOG] {"page":"CashClosingDashboard","event":"CASH_CLOSING_RESET_SUCCESS","totalRecords":56,"timestamp":"2026-08-27T12:28:12.987Z"}
27/8/2026, 5:58:11 pm | [2026-08-27T12:28:12.988Z] [LOG] {"page":"CashClosingDashboard","event":"CASH_CLOSING_DASHBOARD_PAGE_LOADED","timestamp":"2026-08-27T12:28:12.988Z"}
27/8/2026, 5:58:11 pm | [2026-08-27T12:28:13.119Z] [LOG] {"page":"CashClosingDashboard","event":"CASH_CLOSING_DASHBOARD_PAGE_LOADED","timestamp":"2026-08-27T12:28:13.119Z"}
27/8/2026, 5:58:11 pm | [2026-08-27T12:28:13.118Z] [LOG] {"page":"CashClosingDashboard","event":"CASH_CLOSING_RESET_CLICKED","timestamp":"2026-08-27T12:28:13.118Z"}
27/8/2026, 5:58:11 pm | [2026-08-27T12:28:13.173Z] [LOG] {"page":"CashClosingDashboard","event":"CASH_CLOSING_RESET_SUCCESS","totalRecords":56,"timestamp":"2026-08-27T12:28:13.173Z"}
27/8/2026, 5:58:11 pm | [2026-08-27T12:28:13.174Z] [LOG] {"page":"CashClosingDashboard","event":"CASH_CLOSING_DASHBOARD_PAGE_LOADED","timestamp":"2026-08-27T12:28:13.174Z"}
27/8/2026, 5:58:11 pm | [2026-08-27T12:28:13.296Z] [LOG] {"page":"CashClosingDashboard","event":"CASH_CLOSING_DASHBOARD_PAGE_LOADED","timestamp":"2026-08-27T12:28:13.296Z"}
27/8/2026, 5:58:11 pm | [2026-08-27T12:28:13.295Z] [LOG] {"page":"CashClosingDashboard","event":"CASH_CLOSING_RESET_CLICKED","timestamp":"2026-08-27T12:28:13.295Z"}
27/8/2026, 5:58:11 pm | [2026-08-27T12:28:13.349Z] [LOG] {"page":"CashClosingDashboard","event":"CASH_CLOSING_RESET_SUCCESS","totalRecords":56,"timestamp":"2026-08-27T12:28:13.349Z"}
27/8/2026, 5:58:11 pm | [2026-08-27T12:28:13.350Z] [LOG] {"page":"CashClosingDashboard","event":"CASH_CLOSING_DASHBOARD_PAGE_LOADED","timestamp":"2026-08-27T12:28:13.350Z"}
27/8/2026, 5:58:12 pm | [2026-08-27T12:28:13.324Z] [LOG] {"page":"CashClosingDashboard","event":"CASH_CLOSING_RESET_CLICKED","timestamp":"2026-08-27T12:28:13.324Z"}
27/8/2026, 5:58:12 pm | [2026-08-27T12:28:13.324Z] [LOG] {"page":"CashClosingDashboard","event":"CASH_CLOSING_DASHBOARD_PAGE_LOADED","timestamp":"2026-08-27T12:28:13.324Z"}
27/8/2026, 5:58:12 pm | [2026-08-27T12:28:13.412Z] [LOG] {"page":"CashClosingDashboard","event":"CASH_CLOSING_RESET_SUCCESS","totalRecords":56,"timestamp":"2026-08-27T12:28:13.412Z"}
27/8/2026, 5:58:12 pm | [2026-08-27T12:28:13.414Z] [LOG] {"page":"CashClosingDashboard","event":"CASH_CLOSING_DASHBOARD_PAGE_LOADED","timestamp":"2026-08-27T12:28:13.414Z"}
27/8/2026, 5:58:12 pm | [2026-08-27T12:28:13.516Z] [LOG] {"page":"CashClosingDashboard","event":"CASH_CLOSING_RESET_CLICKED","timestamp":"2026-08-27T12:28:13.516Z"}
27/8/2026, 5:58:12 pm | [2026-08-27T12:28:13.517Z] [LOG] {"page":"CashClosingDashboard","event":"CASH_CLOSING_DASHBOARD_PAGE_LOADED","timestamp":"2026-08-27T12:28:13.517Z"}
27/8/2026, 5:58:12 pm | [2026-08-27T12:28:13.571Z] [LOG] {"page":"CashClosingDashboard","event":"CASH_CLOSING_DASHBOARD_PAGE_LOADED","timestamp":"2026-08-27T12:28:13.570Z"}
27/8/2026, 5:58:12 pm | [2026-08-27T12:28:13.569Z] [LOG] {"page":"CashClosingDashboard","event":"CASH_CLOSING_RESET_SUCCESS","totalRecords":56,"timestamp":"2026-08-27T12:28:13.569Z"}
27/8/2026, 5:58:12 pm | [2026-08-27T12:28:13.716Z] [LOG] {"page":"CashClosingDashboard","event":"CASH_CLOSING_DASHBOARD_PAGE_LOADED","timestamp":"2026-08-27T12:28:13.716Z"}
27/8/2026, 5:58:12 pm | [2026-08-27T12:28:13.716Z] [LOG] {"page":"CashClosingDashboard","event":"CASH_CLOSING_RESET_CLICKED","timestamp":"2026-08-27T12:28:13.716Z"}
27/8/2026, 5:58:12 pm | [2026-08-27T12:28:13.769Z] [LOG] {"page":"CashClosingDashboard","event":"CASH_CLOSING_RESET_SUCCESS","totalRecords":56,"timestamp":"2026-08-27T12:28:13.769Z"}
27/8/2026, 5:58:12 pm | [2026-08-27T12:28:13.770Z] [LOG] {"page":"CashClosingDashboard","event":"CASH_CLOSING_DASHBOARD_PAGE_LOADED","timestamp":"2026-08-27T12:28:13.770Z"}
27/8/2026, 5:58:14 pm | [2026-08-27T12:28:15.093Z] [LOG] {"page":"CashClosingDashboard","event":"CASH_CLOSING_DASHBOARD_PAGE_LOADED","timestamp":"2026-08-27T12:28:15.093Z"}
27/8/2026, 5:58:14 pm | [2026-08-27T12:28:15.092Z] [LOG] {"page":"CashClosingDashboard","event":"CASH_CLOSING_RESET_CLICKED","timestamp":"2026-08-27T12:28:15.092Z"}
27/8/2026, 5:58:14 pm | [2026-08-27T12:28:15.145Z] [LOG] {"page":"CashClosingDashboard","event":"CASH_CLOSING_RESET_SUCCESS","totalRecords":56,"timestamp":"2026-08-27T12:28:15.145Z"}
27/8/2026, 5:58:14 pm | [2026-08-27T12:28:15.146Z] [LOG] {"page":"CashClosingDashboard","event":"CASH_CLOSING_DASHBOARD_PAGE_LOADED","timestamp":"2026-08-27T12:28:15.146Z"}
27/8/2026, 5:58:14 pm | [2026-08-27T12:28:15.285Z] [LOG] {"page":"CashClosingDashboard","event":"CASH_CLOSING_DASHBOARD_PAGE_LOADED","timestamp":"2026-08-27T12:28:15.285Z"}
27/8/2026, 5:58:14 pm | [2026-08-27T12:28:15.284Z] [LOG] {"page":"CashClosingDashboard","event":"CASH_CLOSING_RESET_CLICKED","timestamp":"2026-08-27T12:28:15.284Z"}
27/8/2026, 5:58:14 pm | [2026-08-27T12:28:15.341Z] [LOG] {"page":"CashClosingDashboard","event":"CASH_CLOSING_RESET_SUCCESS","totalRecords":56,"timestamp":"2026-08-27T12:28:15.341Z"}
27/8/2026, 5:58:14 pm | [2026-08-27T12:28:15.342Z] [LOG] {"page":"CashClosingDashboard","event":"CASH_CLOSING_DASHBOARD_PAGE_LOADED","timestamp":"2026-08-27T12:28:15.342Z"}
27/8/2026, 5:58:14 pm | [2026-08-27T12:28:15.540Z] [LOG] {"page":"CashClosingDashboard","event":"CASH_CLOSING_DASHBOARD_PAGE_LOADED","timestamp":"2026-08-27T12:28:15.540Z"}
27/8/2026, 5:58:14 pm | [2026-08-27T12:28:15.540Z] [LOG] {"page":"CashClosingDashboard","event":"CASH_CLOSING_RESET_CLICKED","timestamp":"2026-08-27T12:28:15.540Z"}
27/8/2026, 5:58:14 pm | [2026-08-27T12:28:15.591Z] [LOG] {"page":"CashClosingDashboard","event":"CASH_CLOSING_RESET_SUCCESS","totalRecords":56,"timestamp":"2026-08-27T12:28:15.591Z"}
27/8/2026, 5:58:14 pm | [2026-08-27T12:28:15.592Z] [LOG] {"page":"CashClosingDashboard","event":"CASH_CLOSING_DASHBOARD_PAGE_LOADED","timestamp":"2026-08-27T12:28:15.592Z"}
27/8/2026, 5:58:14 pm | [2026-08-27T12:28:16.264Z] [LOG] {"page":"CashClosingDashboard","event":"CASH_CLOSING_DASHBOARD_PAGE_LOADED","timestamp":"2026-08-27T12:28:16.264Z"}
27/8/2026, 5:58:14 pm | [2026-08-27T12:28:16.263Z] [LOG] {"page":"CashClosingDashboard","event":"CASH_CLOSING_RESET_CLICKED","timestamp":"2026-08-27T12:28:16.263Z"}
27/8/2026, 5:58:14 pm | [2026-08-27T12:28:16.347Z] [LOG] {"page":"CashClosingDashboard","event":"CASH_CLOSING_RESET_SUCCESS","totalRecords":56,"timestamp":"2026-08-27T12:28:16.347Z"}
27/8/2026, 5:58:14 pm | [2026-08-27T12:28:16.348Z] [LOG] {"page":"CashClosingDashboard","event":"CASH_CLOSING_DASHBOARD_PAGE_LOADED","timestamp":"2026-08-27T12:28:16.348Z"}
27/8/2026, 5:58:15 pm | [2026-08-27T12:28:16.766Z] [LOG] {"page":"CashClosingDashboard","event":"CASH_CLOSING_DASHBOARD_PAGE_LOADED","timestamp":"2026-08-27T12:28:16.766Z"}
27/8/2026, 5:58:15 pm | [2026-08-27T12:28:16.766Z] [LOG] {"page":"CashClosingDashboard","event":"CASH_CLOSING_RESET_CLICKED","timestamp":"2026-08-27T12:28:16.766Z"}
27/8/2026, 5:58:15 pm | [2026-08-27T12:28:16.817Z] [LOG] {"page":"CashClosingDashboard","event":"CASH_CLOSING_RESET_SUCCESS","totalRecords":56,"timestamp":"2026-08-27T12:28:16.817Z"}
27/8/2026, 5:58:15 pm | [2026-08-27T12:28:16.817Z] [LOG] {"page":"CashClosingDashboard","event":"CASH_CLOSING_DASHBOARD_PAGE_LOADED","timestamp":"2026-08-27T12:28:16.817Z"}
27/8/2026, 5:58:15 pm | [2026-08-27T12:28:17.176Z] [LOG] {"page":"CashClosingDashboard","event":"CASH_CLOSING_DASHBOARD_PAGE_LOADED","timestamp":"2026-08-27T12:28:17.176Z"}
27/8/2026, 5:58:15 pm | [2026-08-27T12:28:17.175Z] [LOG] {"page":"CashClosingDashboard","event":"CASH_CLOSING_RESET_CLICKED","timestamp":"2026-08-27T12:28:17.175Z"}
27/8/2026, 5:58:15 pm | [2026-08-27T12:28:17.226Z] [LOG] {"page":"CashClosingDashboard","event":"CASH_CLOSING_RESET_SUCCESS","totalRecords":56,"timestamp":"2026-08-27T12:28:17.226Z"}
27/8/2026, 5:58:15 pm | [2026-08-27T12:28:17.227Z] [LOG] {"page":"CashClosingDashboard","event":"CASH_CLOSING_DASHBOARD_PAGE_LOADED","timestamp":"2026-08-27T12:28:17.227Z"}
27/8/2026, 5:58:15 pm | [2026-08-27T12:28:16.765Z] [LOG] {"page":"CashClosingDashboard","event":"CASH_CLOSING_DASHBOARD_PAGE_LOADED","timestamp":"2026-08-27T12:28:16.765Z"}
27/8/2026, 5:58:15 pm | [2026-08-27T12:28:16.764Z] [LOG] {"page":"CashClosingDashboard","event":"CASH_CLOSING_RESET_CLICKED","timestamp":"2026-08-27T12:28:16.764Z"}
27/8/2026, 5:58:15 pm | [2026-08-27T12:28:16.815Z] [LOG] {"page":"CashClosingDashboard","event":"CASH_CLOSING_RESET_SUCCESS","totalRecords":56,"timestamp":"2026-08-27T12:28:16.815Z"}
27/8/2026, 5:58:15 pm | [2026-08-27T12:28:16.817Z] [LOG] {"page":"CashClosingDashboard","event":"CASH_CLOSING_DASHBOARD_PAGE_LOADED","timestamp":"2026-08-27T12:28:16.817Z"}
27/8/2026, 5:58:15 pm | [2026-08-27T12:28:16.956Z] [LOG] {"page":"CashClosingDashboard","event":"CASH_CLOSING_DASHBOARD_PAGE_LOADED","timestamp":"2026-08-27T12:28:16.956Z"}
27/8/2026, 5:58:15 pm | [2026-08-27T12:28:16.956Z] [LOG] {"page":"CashClosingDashboard","event":"CASH_CLOSING_RESET_CLICKED","timestamp":"2026-08-27T12:28:16.956Z"}
27/8/2026, 5:58:15 pm | [2026-08-27T12:28:17.007Z] [LOG] {"page":"CashClosingDashboard","event":"CASH_CLOSING_RESET_SUCCESS","totalRecords":56,"timestamp":"2026-08-27T12:28:17.007Z"}
27/8/2026, 5:58:15 pm | [2026-08-27T12:28:17.008Z] [LOG] {"page":"CashClosingDashboard","event":"CASH_CLOSING_DASHBOARD_PAGE_LOADED","timestamp":"2026-08-27T12:28:17.008Z"}
27/8/2026, 5:58:16 pm | [2026-08-27T12:28:18.470Z] [LOG] {"page":"CashClosingDashboard","event":"CASH_CLOSING_DASHBOARD_PAGE_LOADED","timestamp":"2026-08-27T12:28:18.470Z"}
27/8/2026, 5:58:16 pm | [2026-08-27T12:28:18.469Z] [LOG] {"page":"CashClosingDashboard","event":"CASH_CLOSING_RESET_CLICKED","timestamp":"2026-08-27T12:28:18.469Z"}
27/8/2026, 5:58:16 pm | [2026-08-27T12:28:18.554Z] [LOG] {"page":"CashClosingDashboard","event":"CASH_CLOSING_RESET_SUCCESS","totalRecords":56,"timestamp":"2026-08-27T12:28:18.554Z"}
27/8/2026, 5:58:16 pm | [2026-08-27T12:28:18.555Z] [LOG] {"page":"CashClosingDashboard","event":"CASH_CLOSING_DASHBOARD_PAGE_LOADED","timestamp":"2026-08-27T12:28:18.555Z"}
27/8/2026, 5:58:16 pm | [2026-08-27T12:28:18.645Z] [LOG] {"page":"CashClosingDashboard","event":"CASH_CLOSING_RESET_CLICKED","timestamp":"2026-08-27T12:28:18.645Z"}
27/8/2026, 5:58:16 pm | [2026-08-27T12:28:18.646Z] [LOG] {"page":"CashClosingDashboard","event":"CASH_CLOSING_DASHBOARD_PAGE_LOADED","timestamp":"2026-08-27T12:28:18.646Z"}
27/8/2026, 5:58:16 pm | [2026-08-27T12:28:18.698Z] [LOG] {"page":"CashClosingDashboard","event":"CASH_CLOSING_RESET_SUCCESS","totalRecords":56,"timestamp":"2026-08-27T12:28:18.698Z"}
27/8/2026, 5:58:16 pm | [2026-08-27T12:28:18.699Z] [LOG] {"page":"CashClosingDashboard","event":"CASH_CLOSING_DASHBOARD_PAGE_LOADED","timestamp":"2026-08-27T12:28:18.699Z"}
27/8/2026, 5:58:17 pm | [2026-08-27T12:28:18.790Z] [LOG] {"page":"CashClosingDashboard","event":"CASH_CLOSING_DASHBOARD_PAGE_LOADED","timestamp":"2026-08-27T12:28:18.790Z"}
27/8/2026, 5:58:17 pm | [2026-08-27T12:28:18.789Z] [LOG] {"page":"CashClosingDashboard","event":"CASH_CLOSING_RESET_CLICKED","timestamp":"2026-08-27T12:28:18.789Z"}
27/8/2026, 5:58:17 pm | [2026-08-27T12:28:18.623Z] [LOG] {"page":"CashClosingDashboard","event":"CASH_CLOSING_DASHBOARD_PAGE_LOADED","timestamp":"2026-08-27T12:28:18.623Z"}
27/8/2026, 5:58:17 pm | [2026-08-27T12:28:18.623Z] [LOG] {"page":"CashClosingDashboard","event":"CASH_CLOSING_NEXT_PAGE","currentPage":2,"timestamp":"2026-08-27T12:28:18.623Z"}
27/8/2026, 5:58:17 pm | [2026-08-27T12:28:18.840Z] [LOG] {"page":"CashClosingDashboard","event":"CASH_CLOSING_RESET_SUCCESS","totalRecords":56,"timestamp":"2026-08-27T12:28:18.840Z"}
27/8/2026, 5:58:17 pm | [2026-08-27T12:28:18.841Z] [LOG] {"page":"CashClosingDashboard","event":"CASH_CLOSING_DASHBOARD_PAGE_LOADED","timestamp":"2026-08-27T12:28:18.841Z"}
27/8/2026, 5:58:17 pm | [2026-08-27T12:28:18.925Z] [LOG] {"page":"CashClosingDashboard","event":"CASH_CLOSING_DASHBOARD_PAGE_LOADED","timestamp":"2026-08-27T12:28:18.925Z"}
27/8/2026, 5:58:17 pm | [2026-08-27T12:28:18.925Z] [LOG] {"page":"CashClosingDashboard","event":"CASH_CLOSING_RESET_CLICKED","timestamp":"2026-08-27T12:28:18.925Z"}
27/8/2026, 5:58:17 pm | [2026-08-27T12:28:18.982Z] [LOG] {"page":"CashClosingDashboard","event":"CASH_CLOSING_RESET_SUCCESS","totalRecords":56,"timestamp":"2026-08-27T12:28:18.982Z"}
27/8/2026, 5:58:17 pm | [2026-08-27T12:28:18.982Z] [LOG] {"page":"CashClosingDashboard","event":"CASH_CLOSING_DASHBOARD_PAGE_LOADED","timestamp":"2026-08-27T12:28:18.982Z"}
27/8/2026, 5:58:17 pm | [2026-08-27T12:28:19.246Z] [LOG] {"page":"CashClosingDashboard","event":"CASH_CLOSING_DASHBOARD_PAGE_LOADED","timestamp":"2026-08-27T12:28:19.246Z"}
27/8/2026, 5:58:17 pm | [2026-08-27T12:28:19.246Z] [LOG] {"page":"CashClosingDashboard","event":"CASH_CLOSING_NEXT_PAGE","currentPage":3,"timestamp":"2026-08-27T12:28:19.246Z"}
27/8/2026, 5:58:18 pm | [2026-08-27T12:28:19.158Z] [LOG] {"page":"CashClosingDashboard","event":"CASH_CLOSING_DASHBOARD_PAGE_LOADED","timestamp":"2026-08-27T12:28:19.158Z"}
27/8/2026, 5:58:18 pm | [2026-08-27T12:28:19.156Z] [LOG] {"page":"CashClosingDashboard","event":"CASH_CLOSING_RESET_CLICKED","timestamp":"2026-08-27T12:28:19.156Z"}
27/8/2026, 5:58:18 pm | [2026-08-27T12:28:19.240Z] [LOG] {"page":"CashClosingDashboard","event":"CASH_CLOSING_RESET_SUCCESS","totalRecords":56,"timestamp":"2026-08-27T12:28:19.240Z"}
27/8/2026, 5:58:18 pm | [2026-08-27T12:28:19.241Z] [LOG] {"page":"CashClosingDashboard","event":"CASH_CLOSING_DASHBOARD_PAGE_LOADED","timestamp":"2026-08-27T12:28:19.241Z"}
27/8/2026, 5:58:18 pm | [2026-08-27T12:28:19.364Z] [LOG] {"page":"CashClosingDashboard","event":"CASH_CLOSING_DASHBOARD_PAGE_LOADED","timestamp":"2026-08-27T12:28:19.364Z"}
27/8/2026, 5:58:18 pm | [2026-08-27T12:28:19.364Z] [LOG] {"page":"CashClosingDashboard","event":"CASH_CLOSING_RESET_CLICKED","timestamp":"2026-08-27T12:28:19.364Z"}
27/8/2026, 5:58:18 pm | [2026-08-27T12:28:19.414Z] [LOG] {"page":"CashClosingDashboard","event":"CASH_CLOSING_RESET_SUCCESS","totalRecords":56,"timestamp":"2026-08-27T12:28:19.414Z"}
27/8/2026, 5:58:18 pm | [2026-08-27T12:28:19.414Z] [LOG] {"page":"CashClosingDashboard","event":"CASH_CLOSING_DASHBOARD_PAGE_LOADED","timestamp":"2026-08-27T12:28:19.414Z"}
27/8/2026, 5:58:18 pm | [2026-08-27T12:28:19.581Z] [LOG] {"page":"CashClosingDashboard","event":"CASH_CLOSING_DASHBOARD_PAGE_LOADED","timestamp":"2026-08-27T12:28:19.581Z"}
27/8/2026, 5:58:18 pm | [2026-08-27T12:28:19.580Z] [LOG] {"page":"CashClosingDashboard","event":"CASH_CLOSING_RESET_CLICKED","timestamp":"2026-08-27T12:28:19.580Z"}
27/8/2026, 5:58:18 pm | [2026-08-27T12:28:19.630Z] [LOG] {"page":"CashClosingDashboard","event":"CASH_CLOSING_RESET_SUCCESS","totalRecords":56,"timestamp":"2026-08-27T12:28:19.630Z"}
27/8/2026, 5:58:18 pm | [2026-08-27T12:28:19.630Z] [LOG] {"page":"CashClosingDashboard","event":"CASH_CLOSING_DASHBOARD_PAGE_LOADED","timestamp":"2026-08-27T12:28:19.630Z"}
27/8/2026, 5:58:18 pm | [2026-08-27T12:28:20.375Z] [LOG] {"page":"CashClosingDashboard","event":"CASH_CLOSING_DASHBOARD_PAGE_LOADED","timestamp":"2026-08-27T12:28:20.375Z"}
27/8/2026, 5:58:18 pm | [2026-08-27T12:28:20.375Z] [LOG] {"page":"CashClosingDashboard","event":"CASH_CLOSING_NEXT_PAGE","currentPage":4,"timestamp":"2026-08-27T12:28:20.375Z"}
27/8/2026, 5:58:20 pm | [2026-08-27T12:28:21.149Z] [LOG] {"page":"CashClosingDashboard","event":"CASH_CLOSING_DASHBOARD_PAGE_LOADED","timestamp":"2026-08-27T12:28:21.149Z"}
27/8/2026, 5:58:20 pm | [2026-08-27T12:28:21.148Z] [LOG] {"page":"CashClosingDashboard","event":"CASH_CLOSING_RESET_CLICKED","timestamp":"2026-08-27T12:28:21.148Z"}
27/8/2026, 5:58:20 pm | [2026-08-27T12:28:21.200Z] [LOG] {"page":"CashClosingDashboard","event":"CASH_CLOSING_RESET_SUCCESS","totalRecords":56,"timestamp":"2026-08-27T12:28:21.200Z"}
27/8/2026, 5:58:20 pm | [2026-08-27T12:28:21.201Z] [LOG] {"page":"CashClosingDashboard","event":"CASH_CLOSING_DASHBOARD_PAGE_LOADED","timestamp":"2026-08-27T12:28:21.201Z"}
27/8/2026, 5:58:20 pm | [2026-08-27T12:28:21.807Z] [LOG] {"page":"CashClosingDashboard","event":"CASH_CLOSING_DASHBOARD_PAGE_LOADED","timestamp":"2026-08-27T12:28:21.807Z"}
27/8/2026, 5:58:20 pm | [2026-08-27T12:28:21.807Z] [LOG] {"page":"CashClosingDashboard","event":"CASH_CLOSING_PREVIOUS_PAGE","currentPage":3,"timestamp":"2026-08-27T12:28:21.807Z"}
27/8/2026, 5:58:20 pm | [2026-08-27T12:28:21.340Z] [LOG] {"page":"CashClosingDashboard","event":"CASH_CLOSING_DASHBOARD_PAGE_LOADED","timestamp":"2026-08-27T12:28:21.340Z"}
27/8/2026, 5:58:20 pm | [2026-08-27T12:28:21.340Z] [LOG] {"page":"CashClosingDashboard","event":"CASH_CLOSING_RESET_CLICKED","timestamp":"2026-08-27T12:28:21.340Z"}
27/8/2026, 5:58:20 pm | [2026-08-27T12:28:21.390Z] [LOG] {"page":"CashClosingDashboard","event":"CASH_CLOSING_RESET_SUCCESS","totalRecords":56,"timestamp":"2026-08-27T12:28:21.390Z"}
27/8/2026, 5:58:20 pm | [2026-08-27T12:28:21.391Z] [LOG] {"page":"CashClosingDashboard","event":"CASH_CLOSING_DASHBOARD_PAGE_LOADED","timestamp":"2026-08-27T12:28:21.391Z"}
27/8/2026, 5:58:20 pm | [2026-08-27T12:28:21.533Z] [LOG] {"page":"CashClosingDashboard","event":"CASH_CLOSING_DASHBOARD_PAGE_LOADED","timestamp":"2026-08-27T12:28:21.533Z"}
27/8/2026, 5:58:20 pm | [2026-08-27T12:28:21.532Z] [LOG] {"page":"CashClosingDashboard","event":"CASH_CLOSING_RESET_CLICKED","timestamp":"2026-08-27T12:28:21.532Z"}
27/8/2026, 5:58:20 pm | [2026-08-27T12:28:21.585Z] [LOG] {"page":"CashClosingDashboard","event":"CASH_CLOSING_RESET_SUCCESS","totalRecords":56,"timestamp":"2026-08-27T12:28:21.585Z"}
27/8/2026, 5:58:20 pm | [2026-08-27T12:28:21.586Z] [LOG] {"page":"CashClosingDashboard","event":"CASH_CLOSING_DASHBOARD_PAGE_LOADED","timestamp":"2026-08-27T12:28:21.586Z"}
27/8/2026, 5:58:20 pm | [2026-08-27T12:28:22.421Z] [LOG] {"page":"CashClosingDashboard","event":"CASH_CLOSING_DASHBOARD_PAGE_LOADED","timestamp":"2026-08-27T12:28:22.421Z"}
27/8/2026, 5:58:20 pm | [2026-08-27T12:28:22.421Z] [LOG] {"page":"CashClosingDashboard","event":"CASH_CLOSING_NEXT_PAGE","currentPage":2,"timestamp":"2026-08-27T12:28:22.421Z"}
27/8/2026, 5:58:21 pm | [2026-08-27T12:28:23.245Z] [LOG] {"page":"CashClosingDashboard","event":"CASH_CLOSING_DASHBOARD_PAGE_LOADED","timestamp":"2026-08-27T12:28:23.245Z"}
27/8/2026, 5:58:21 pm | [2026-08-27T12:28:23.245Z] [LOG] {"page":"CashClosingDashboard","event":"CASH_CLOSING_NEXT_PAGE","currentPage":3,"timestamp":"2026-08-27T12:28:23.245Z"}
27/8/2026, 5:58:21 pm | [2026-08-27T12:28:23.455Z] [LOG] {"page":"CashClosingDashboard","event":"CASH_CLOSING_DASHBOARD_PAGE_LOADED","timestamp":"2026-08-27T12:28:23.455Z"}
27/8/2026, 5:58:21 pm | [2026-08-27T12:28:23.455Z] [LOG] {"page":"CashClosingDashboard","event":"CASH_CLOSING_PREVIOUS_PAGE","currentPage":2,"timestamp":"2026-08-27T12:28:23.455Z"}
27/8/2026, 5:58:22 pm | [2026-08-27T12:28:23.557Z] [LOG] {"page":"CashClosingDashboard","event":"CASH_CLOSING_DASHBOARD_PAGE_LOADED","timestamp":"2026-08-27T12:28:23.557Z"}
27/8/2026, 5:58:22 pm | [2026-08-27T12:28:23.556Z] [LOG] {"page":"CashClosingDashboard","event":"CASH_CLOSING_RESET_CLICKED","timestamp":"2026-08-27T12:28:23.556Z"}
27/8/2026, 5:58:22 pm | [2026-08-27T12:28:23.609Z] [LOG] {"page":"CashClosingDashboard","event":"CASH_CLOSING_RESET_SUCCESS","totalRecords":56,"timestamp":"2026-08-27T12:28:23.609Z"}
27/8/2026, 5:58:22 pm | [2026-08-27T12:28:24.134Z] [LOG] {"page":"CashClosingDashboard","event":"CASH_CLOSING_DASHBOARD_PAGE_LOADED","timestamp":"2026-08-27T12:28:24.134Z"}
27/8/2026, 5:58:22 pm | [2026-08-27T12:28:23.610Z] [LOG] {"page":"CashClosingDashboard","event":"CASH_CLOSING_DASHBOARD_PAGE_LOADED","timestamp":"2026-08-27T12:28:23.610Z"}
27/8/2026, 5:58:22 pm | [2026-08-27T12:28:24.134Z] [LOG] {"page":"CashClosingDashboard","event":"CASH_CLOSING_PREVIOUS_PAGE","currentPage":1,"timestamp":"2026-08-27T12:28:24.134Z"}
27/8/2026, 5:58:22 pm | [2026-08-27T12:28:24.301Z] [LOG] {"page":"CashClosingDashboard","event":"CASH_CLOSING_DASHBOARD_PAGE_LOADED","timestamp":"2026-08-27T12:28:24.301Z"}
27/8/2026, 5:58:22 pm | [2026-08-27T12:28:24.301Z] [LOG] {"page":"CashClosingDashboard","event":"CASH_CLOSING_NEXT_PAGE","currentPage":4,"timestamp":"2026-08-27T12:28:24.301Z"}
27/8/2026, 5:58:22 pm | [2026-08-27T12:28:23.749Z] [LOG] {"page":"CashClosingDashboard","event":"CASH_CLOSING_DASHBOARD_PAGE_LOADED","timestamp":"2026-08-27T12:28:23.749Z"}
27/8/2026, 5:58:22 pm | [2026-08-27T12:28:23.748Z] [LOG] {"page":"CashClosingDashboard","event":"CASH_CLOSING_RESET_CLICKED","timestamp":"2026-08-27T12:28:23.748Z"}
27/8/2026, 5:58:22 pm | [2026-08-27T12:28:23.801Z] [LOG] {"page":"CashClosingDashboard","event":"CASH_CLOSING_RESET_SUCCESS","totalRecords":56,"timestamp":"2026-08-27T12:28:23.801Z"}
27/8/2026, 5:58:22 pm | [2026-08-27T12:28:23.802Z] [LOG] {"page":"CashClosingDashboard","event":"CASH_CLOSING_DASHBOARD_PAGE_LOADED","timestamp":"2026-08-27T12:28:23.802Z"}
27/8/2026, 5:58:22 pm | [2026-08-27T12:28:23.973Z] [LOG] {"page":"CashClosingDashboard","event":"CASH_CLOSING_DASHBOARD_PAGE_LOADED","timestamp":"2026-08-27T12:28:23.973Z"}
27/8/2026, 5:58:22 pm | [2026-08-27T12:28:23.972Z] [LOG] {"page":"CashClosingDashboard","event":"CASH_CLOSING_RESET_CLICKED","timestamp":"2026-08-27T12:28:23.972Z"}
27/8/2026, 5:58:22 pm | [2026-08-27T12:28:24.024Z] [LOG] {"page":"CashClosingDashboard","event":"CASH_CLOSING_RESET_SUCCESS","totalRecords":56,"timestamp":"2026-08-27T12:28:24.024Z"}
27/8/2026, 5:58:22 pm | [2026-08-27T12:28:24.025Z] [LOG] {"page":"CashClosingDashboard","event":"CASH_CLOSING_DASHBOARD_PAGE_LOADED","timestamp":"2026-08-27T12:28:24.025Z"}
27/8/2026, 5:58:23 pm | [2026-08-27T12:28:24.204Z] [LOG] {"page":"CashClosingDashboard","event":"CASH_CLOSING_DASHBOARD_PAGE_LOADED","timestamp":"2026-08-27T12:28:24.204Z"}
27/8/2026, 5:58:23 pm | [2026-08-27T12:28:24.204Z] [LOG] {"page":"CashClosingDashboard","event":"CASH_CLOSING_RESET_CLICKED","timestamp":"2026-08-27T12:28:24.204Z"}
27/8/2026, 5:58:23 pm | [2026-08-27T12:28:24.287Z] [LOG] {"page":"CashClosingDashboard","event":"CASH_CLOSING_RESET_SUCCESS","totalRecords":56,"timestamp":"2026-08-27T12:28:24.287Z"}
27/8/2026, 5:58:23 pm | [2026-08-27T12:28:24.288Z] [LOG] {"page":"CashClosingDashboard","event":"CASH_CLOSING_DASHBOARD_PAGE_LOADED","timestamp":"2026-08-27T12:28:24.288Z"}
27/8/2026, 5:58:24 pm | [2026-08-27T12:28:26.254Z] [LOG] {"page":"CashClosingDashboard","event":"CASH_CLOSING_RESET_CLICKED","timestamp":"2026-08-27T12:28:26.254Z"}
27/8/2026, 5:58:24 pm | [2026-08-27T12:28:26.254Z] [LOG] {"page":"CashClosingDashboard","event":"CASH_CLOSING_DASHBOARD_PAGE_LOADED","timestamp":"2026-08-27T12:28:26.254Z"}
27/8/2026, 5:58:24 pm | [2026-08-27T12:28:26.346Z] [LOG] {"page":"CashClosingDashboard","event":"CASH_CLOSING_DASHBOARD_PAGE_LOADED","timestamp":"2026-08-27T12:28:26.346Z"}
27/8/2026, 5:58:24 pm | [2026-08-27T12:28:26.346Z] [LOG] {"page":"CashClosingDashboard","event":"CASH_CLOSING_RESET_SUCCESS","totalRecords":56,"timestamp":"2026-08-27T12:28:26.345Z"}
27/8/2026, 5:58:25 pm | [2026-08-27T12:28:27.055Z] [LOG] {"page":"CashClosingDashboard","event":"CASH_CLOSING_RESET_CLICKED","timestamp":"2026-08-27T12:28:27.055Z"}
27/8/2026, 5:58:25 pm | [2026-08-27T12:28:27.056Z] [LOG] {"page":"CashClosingDashboard","event":"CASH_CLOSING_DASHBOARD_PAGE_LOADED","timestamp":"2026-08-27T12:28:27.056Z"}
27/8/2026, 5:58:25 pm | [2026-08-27T12:28:27.107Z] [LOG] {"page":"CashClosingDashboard","event":"CASH_CLOSING_RESET_SUCCESS","totalRecords":56,"timestamp":"2026-08-27T12:28:27.107Z"}
27/8/2026, 5:58:25 pm | [2026-08-27T12:28:27.108Z] [LOG] {"page":"CashClosingDashboard","event":"CASH_CLOSING_DASHBOARD_PAGE_LOADED","timestamp":"2026-08-27T12:28:27.108Z"}
27/8/2026, 5:58:26 pm | [2026-08-27T12:28:27.933Z] [LOG] {"page":"CashClosingDashboard","event":"CASH_CLOSING_RESET_CLICKED","timestamp":"2026-08-27T12:28:27.933Z"}
27/8/2026, 5:58:26 pm | [2026-08-27T12:28:27.934Z] [LOG] {"page":"CashClosingDashboard","event":"CASH_CLOSING_DASHBOARD_PAGE_LOADED","timestamp":"2026-08-27T12:28:27.934Z"}
27/8/2026, 5:58:26 pm | [2026-08-27T12:28:28.025Z] [LOG] {"page":"CashClosingDashboard","event":"CASH_CLOSING_DASHBOARD_PAGE_LOADED","timestamp":"2026-08-27T12:28:28.025Z"}
27/8/2026, 5:58:26 pm | [2026-08-27T12:28:28.024Z] [LOG] {"page":"CashClosingDashboard","event":"CASH_CLOSING_RESET_SUCCESS","totalRecords":56,"timestamp":"2026-08-27T12:28:28.024Z"}
27/8/2026, 5:58:26 pm | [2026-08-27T12:28:28.101Z] [LOG] {"page":"CashClosingDashboard","event":"CASH_CLOSING_DASHBOARD_PAGE_LOADED","timestamp":"2026-08-27T12:28:28.101Z"}
27/8/2026, 5:58:26 pm | [2026-08-27T12:28:28.101Z] [LOG] {"page":"CashClosingDashboard","event":"CASH_CLOSING_RESET_CLICKED","timestamp":"2026-08-27T12:28:28.101Z"}
27/8/2026, 5:58:26 pm | [2026-08-27T12:28:28.154Z] [LOG] {"page":"CashClosingDashboard","event":"CASH_CLOSING_RESET_SUCCESS","totalRecords":56,"timestamp":"2026-08-27T12:28:28.154Z"}
27/8/2026, 5:58:26 pm | [2026-08-27T12:28:28.154Z] [LOG] {"page":"CashClosingDashboard","event":"CASH_CLOSING_DASHBOARD_PAGE_LOADED","timestamp":"2026-08-27T12:28:28.154Z"}
27/8/2026, 5:58:26 pm | [2026-08-27T12:28:28.246Z] [LOG] {"page":"CashClosingDashboard","event":"CASH_CLOSING_DASHBOARD_PAGE_LOADED","timestamp":"2026-08-27T12:28:28.246Z"}
27/8/2026, 5:58:26 pm | [2026-08-27T12:28:28.245Z] [LOG] {"page":"CashClosingDashboard","event":"CASH_CLOSING_RESET_CLICKED","timestamp":"2026-08-27T12:28:28.245Z"}
27/8/2026, 5:58:26 pm | [2026-08-27T12:28:28.298Z] [LOG] {"page":"CashClosingDashboard","event":"CASH_CLOSING_RESET_SUCCESS","totalRecords":56,"timestamp":"2026-08-27T12:28:28.298Z"}
27/8/2026, 5:58:26 pm | [2026-08-27T12:28:28.299Z] [LOG] {"page":"CashClosingDashboard","event":"CASH_CLOSING_DASHBOARD_PAGE_LOADED","timestamp":"2026-08-27T12:28:28.299Z"}
27/8/2026, 5:58:26 pm | [2026-08-27T12:28:28.374Z] [LOG] {"page":"CashClosingDashboard","event":"CASH_CLOSING_DASHBOARD_PAGE_LOADED","timestamp":"2026-08-27T12:28:28.374Z"}
27/8/2026, 5:58:26 pm | [2026-08-27T12:28:28.373Z] [LOG] {"page":"CashClosingDashboard","event":"CASH_CLOSING_RESET_CLICKED","timestamp":"2026-08-27T12:28:28.373Z"}
27/8/2026, 5:58:26 pm | [2026-08-27T12:28:28.425Z] [LOG] {"page":"CashClosingDashboard","event":"CASH_CLOSING_RESET_SUCCESS","totalRecords":56,"timestamp":"2026-08-27T12:28:28.425Z"}
27/8/2026, 5:58:26 pm | [2026-08-27T12:28:28.426Z] [LOG] {"page":"CashClosingDashboard","event":"CASH_CLOSING_DASHBOARD_PAGE_LOADED","timestamp":"2026-08-27T12:28:28.426Z"}
27/8/2026, 5:58:29 pm | [2026-08-27T12:28:30.821Z] [LOG] {"page":"CashClosingDashboard","event":"CASH_CLOSING_DASHBOARD_PAGE_LOADED","timestamp":"2026-08-27T12:28:30.821Z"}
27/8/2026, 5:58:29 pm | [2026-08-27T12:28:30.821Z] [LOG] {"page":"CashClosingDashboard","event":"CASH_CLOSING_NEXT_PAGE","currentPage":2,"timestamp":"2026-08-27T12:28:30.821Z"}
27/8/2026, 5:58:30 pm | [2026-08-27T12:28:31.598Z] [LOG] {"page":"CashClosingDashboard","event":"CASH_CLOSING_DASHBOARD_PAGE_LOADED","timestamp":"2026-08-27T12:28:31.598Z"}
27/8/2026, 5:58:31 pm | [2026-08-27T12:28:33.407Z] [LOG] {"page":"CashClosingDashboard","event":"CASH_CLOSING_DASHBOARD_PAGE_LOADED","timestamp":"2026-08-27T12:28:33.407Z"}
27/8/2026, 5:58:34 pm | [2026-08-27T12:28:35.901Z] [LOG] {"page":"CashClosingDashboard","event":"CASH_CLOSING_RESET_CLICKED","timestamp":"2026-08-27T12:28:35.901Z"}
27/8/2026, 5:58:34 pm | [2026-08-27T12:28:35.902Z] [LOG] {"page":"CashClosingDashboard","event":"CASH_CLOSING_DASHBOARD_PAGE_LOADED","timestamp":"2026-08-27T12:28:35.902Z"}
27/8/2026, 5:58:34 pm | [2026-08-27T12:28:36.025Z] [LOG] {"page":"CashClosingDashboard","event":"CASH_CLOSING_DASHBOARD_PAGE_LOADED","timestamp":"2026-08-27T12:28:36.025Z"}
27/8/2026, 5:58:34 pm | [2026-08-27T12:28:36.025Z] [LOG] {"page":"CashClosingDashboard","event":"CASH_CLOSING_RESET_SUCCESS","totalRecords":56,"timestamp":"2026-08-27T12:28:36.024Z"}
27/8/2026, 5:58:34 pm | [2026-08-27T12:28:35.741Z] [LOG] {"page":"CashClosingDashboard","event":"CASH_CLOSING_DASHBOARD_PAGE_LOADED","timestamp":"2026-08-27T12:28:35.741Z"}
27/8/2026, 5:58:34 pm | [2026-08-27T12:28:35.740Z] [LOG] {"page":"CashClosingDashboard","event":"CASH_CLOSING_RESET_CLICKED","timestamp":"2026-08-27T12:28:35.740Z"}
27/8/2026, 5:58:34 pm | [2026-08-27T12:28:35.825Z] [LOG] {"page":"CashClosingDashboard","event":"CASH_CLOSING_RESET_SUCCESS","totalRecords":56,"timestamp":"2026-08-27T12:28:35.825Z"}
27/8/2026, 5:58:34 pm | [2026-08-27T12:28:35.826Z] [LOG] {"page":"CashClosingDashboard","event":"CASH_CLOSING_DASHBOARD_PAGE_LOADED","timestamp":"2026-08-27T12:28:35.826Z"}
27/8/2026, 5:58:34 pm | [2026-08-27T12:28:35.924Z] [LOG] {"page":"CashClosingDashboard","event":"CASH_CLOSING_DASHBOARD_PAGE_LOADED","timestamp":"2026-08-27T12:28:35.924Z"}
27/8/2026, 5:58:34 pm | [2026-08-27T12:28:35.924Z] [LOG] {"page":"CashClosingDashboard","event":"CASH_CLOSING_RESET_CLICKED","timestamp":"2026-08-27T12:28:35.923Z"}
27/8/2026, 5:58:34 pm | [2026-08-27T12:28:36.480Z] [LOG] {"page":"CashClosingDashboard","event":"CASH_CLOSING_DASHBOARD_PAGE_LOADED","timestamp":"2026-08-27T12:28:36.480Z"}
27/8/2026, 5:58:34 pm | [2026-08-27T12:28:36.479Z] [LOG] {"page":"CashClosingDashboard","event":"CASH_CLOSING_RESET_CLICKED","timestamp":"2026-08-27T12:28:36.479Z"}
27/8/2026, 5:58:34 pm | [2026-08-27T12:28:35.977Z] [LOG] {"page":"CashClosingDashboard","event":"CASH_CLOSING_RESET_SUCCESS","totalRecords":56,"timestamp":"2026-08-27T12:28:35.977Z"}
27/8/2026, 5:58:34 pm | [2026-08-27T12:28:35.978Z] [LOG] {"page":"CashClosingDashboard","event":"CASH_CLOSING_DASHBOARD_PAGE_LOADED","timestamp":"2026-08-27T12:28:35.978Z"}
27/8/2026, 5:58:34 pm | [2026-08-27T12:28:36.532Z] [LOG] {"page":"CashClosingDashboard","event":"CASH_CLOSING_RESET_SUCCESS","totalRecords":56,"timestamp":"2026-08-27T12:28:36.532Z"}
27/8/2026, 5:58:34 pm | [2026-08-27T12:28:36.533Z] [LOG] {"page":"CashClosingDashboard","event":"CASH_CLOSING_DASHBOARD_PAGE_LOADED","timestamp":"2026-08-27T12:28:36.533Z"}
27/8/2026, 5:58:35 pm | [2026-08-27T12:28:36.719Z] [LOG] {"page":"CashClosingDashboard","event":"CASH_CLOSING_DASHBOARD_PAGE_LOADED","timestamp":"2026-08-27T12:28:36.719Z"}
27/8/2026, 5:58:35 pm | [2026-08-27T12:28:36.718Z] [LOG] {"page":"CashClosingDashboard","event":"CASH_CLOSING_RESET_CLICKED","timestamp":"2026-08-27T12:28:36.718Z"}
27/8/2026, 5:58:35 pm | [2026-08-27T12:28:36.772Z] [LOG] {"page":"CashClosingDashboard","event":"CASH_CLOSING_RESET_SUCCESS","totalRecords":56,"timestamp":"2026-08-27T12:28:36.772Z"}
27/8/2026, 5:58:35 pm | [2026-08-27T12:28:36.773Z] [LOG] {"page":"CashClosingDashboard","event":"CASH_CLOSING_DASHBOARD_PAGE_LOADED","timestamp":"2026-08-27T12:28:36.773Z"}
27/8/2026, 5:58:35 pm | [2026-08-27T12:28:36.261Z] [LOG] {"page":"CashClosingDashboard","event":"CASH_CLOSING_DASHBOARD_PAGE_LOADED","timestamp":"2026-08-27T12:28:36.261Z"}
27/8/2026, 5:58:35 pm | [2026-08-27T12:28:36.260Z] [LOG] {"page":"CashClosingDashboard","event":"CASH_CLOSING_RESET_CLICKED","timestamp":"2026-08-27T12:28:36.260Z"}
27/8/2026, 5:58:35 pm | [2026-08-27T12:28:36.313Z] [LOG] {"page":"CashClosingDashboard","event":"CASH_CLOSING_RESET_SUCCESS","totalRecords":56,"timestamp":"2026-08-27T12:28:36.313Z"}
27/8/2026, 5:58:35 pm | [2026-08-27T12:28:36.314Z] [LOG] {"page":"CashClosingDashboard","event":"CASH_CLOSING_DASHBOARD_PAGE_LOADED","timestamp":"2026-08-27T12:28:36.314Z"}
27/8/2026, 5:58:35 pm | [2026-08-27T12:28:36.960Z] [LOG] {"page":"CashClosingDashboard","event":"CASH_CLOSING_DASHBOARD_PAGE_LOADED","timestamp":"2026-08-27T12:28:36.960Z"}
27/8/2026, 5:58:35 pm | [2026-08-27T12:28:36.959Z] [LOG] {"page":"CashClosingDashboard","event":"CASH_CLOSING_RESET_CLICKED","timestamp":"2026-08-27T12:28:36.959Z"}
27/8/2026, 5:58:35 pm | [2026-08-27T12:28:37.013Z] [LOG] {"page":"CashClosingDashboard","event":"CASH_CLOSING_RESET_SUCCESS","totalRecords":56,"timestamp":"2026-08-27T12:28:37.013Z"}
27/8/2026, 5:58:35 pm | [2026-08-27T12:28:37.015Z] [LOG] {"page":"CashClosingDashboard","event":"CASH_CLOSING_DASHBOARD_PAGE_LOADED","timestamp":"2026-08-27T12:28:37.015Z"}
27/8/2026, 5:58:37 pm | [2026-08-27T12:28:39.037Z] [LOG] {"page":"CashClosingDashboard","event":"CASH_CLOSING_RESET_CLICKED","timestamp":"2026-08-27T12:28:39.037Z"}
27/8/2026, 5:58:37 pm | [2026-08-27T12:28:39.037Z] [LOG] {"page":"CashClosingDashboard","event":"CASH_CLOSING_DASHBOARD_PAGE_LOADED","timestamp":"2026-08-27T12:28:39.037Z"}
27/8/2026, 5:58:37 pm | [2026-08-27T12:28:39.163Z] [LOG] {"page":"CashClosingDashboard","event":"CASH_CLOSING_RESET_SUCCESS","totalRecords":56,"timestamp":"2026-08-27T12:28:39.163Z"}
27/8/2026, 5:58:37 pm | [2026-08-27T12:28:39.164Z] [LOG] {"page":"CashClosingDashboard","event":"CASH_CLOSING_DASHBOARD_PAGE_LOADED","timestamp":"2026-08-27T12:28:39.164Z"}
27/8/2026, 5:58:37 pm | [2026-08-27T12:28:39.197Z] [LOG] {"page":"CashClosingDashboard","event":"CASH_CLOSING_DASHBOARD_PAGE_LOADED","timestamp":"2026-08-27T12:28:39.197Z"}
27/8/2026, 5:58:37 pm | [2026-08-27T12:28:39.196Z] [LOG] {"page":"CashClosingDashboard","event":"CASH_CLOSING_RESET_CLICKED","timestamp":"2026-08-27T12:28:39.196Z"}
27/8/2026, 5:58:37 pm | [2026-08-27T12:28:39.250Z] [LOG] {"page":"CashClosingDashboard","event":"CASH_CLOSING_RESET_SUCCESS","totalRecords":56,"timestamp":"2026-08-27T12:28:39.250Z"}
27/8/2026, 5:58:37 pm | [2026-08-27T12:28:39.251Z] [LOG] {"page":"CashClosingDashboard","event":"CASH_CLOSING_DASHBOARD_PAGE_LOADED","timestamp":"2026-08-27T12:28:39.251Z"}
27/8/2026, 5:58:37 pm | [2026-08-27T12:28:39.350Z] [LOG] {"page":"CashClosingDashboard","event":"CASH_CLOSING_DASHBOARD_PAGE_LOADED","timestamp":"2026-08-27T12:28:39.350Z"}
27/8/2026, 5:58:37 pm | [2026-08-27T12:28:39.349Z] [LOG] {"page":"CashClosingDashboard","event":"CASH_CLOSING_RESET_CLICKED","timestamp":"2026-08-27T12:28:39.349Z"}
27/8/2026, 5:58:37 pm | [2026-08-27T12:28:39.402Z] [LOG] {"page":"CashClosingDashboard","event":"CASH_CLOSING_RESET_SUCCESS","totalRecords":56,"timestamp":"2026-08-27T12:28:39.402Z"}
27/8/2026, 5:58:37 pm | [2026-08-27T12:28:39.404Z] [LOG] {"page":"CashClosingDashboard","event":"CASH_CLOSING_DASHBOARD_PAGE_LOADED","timestamp":"2026-08-27T12:28:39.404Z"}
27/8/2026, 5:58:37 pm | [2026-08-27T12:28:39.493Z] [LOG] {"page":"CashClosingDashboard","event":"CASH_CLOSING_RESET_CLICKED","timestamp":"2026-08-27T12:28:39.493Z"}
27/8/2026, 5:58:37 pm | [2026-08-27T12:28:39.494Z] [LOG] {"page":"CashClosingDashboard","event":"CASH_CLOSING_DASHBOARD_PAGE_LOADED","timestamp":"2026-08-27T12:28:39.494Z"}
27/8/2026, 5:58:37 pm | [2026-08-27T12:28:39.547Z] [LOG] {"page":"CashClosingDashboard","event":"CASH_CLOSING_RESET_SUCCESS","totalRecords":56,"timestamp":"2026-08-27T12:28:39.547Z"}
27/8/2026, 5:58:37 pm | [2026-08-27T12:28:39.547Z] [LOG] {"page":"CashClosingDashboard","event":"CASH_CLOSING_DASHBOARD_PAGE_LOADED","timestamp":"2026-08-27T12:28:39.547Z"}
27/8/2026, 5:58:37 pm | [2026-08-27T12:28:39.622Z] [LOG] {"page":"CashClosingDashboard","event":"CASH_CLOSING_DASHBOARD_PAGE_LOADED","timestamp":"2026-08-27T12:28:39.622Z"}
27/8/2026, 5:58:37 pm | [2026-08-27T12:28:39.621Z] [LOG] {"page":"CashClosingDashboard","event":"CASH_CLOSING_RESET_CLICKED","timestamp":"2026-08-27T12:28:39.621Z"}
27/8/2026, 5:58:37 pm | [2026-08-27T12:28:39.673Z] [LOG] {"page":"CashClosingDashboard","event":"CASH_CLOSING_RESET_SUCCESS","totalRecords":56,"timestamp":"2026-08-27T12:28:39.673Z"}
27/8/2026, 5:58:37 pm | [2026-08-27T12:28:39.673Z] [LOG] {"page":"CashClosingDashboard","event":"CASH_CLOSING_DASHBOARD_PAGE_LOADED","timestamp":"2026-08-27T12:28:39.673Z"}
27/8/2026, 5:58:38 pm | [2026-08-27T12:28:39.741Z] [LOG] {"page":"CashClosingDashboard","event":"CASH_CLOSING_DASHBOARD_PAGE_LOADED","timestamp":"2026-08-27T12:28:39.741Z"}
27/8/2026, 5:58:38 pm | [2026-08-27T12:28:39.741Z] [LOG] {"page":"CashClosingDashboard","event":"CASH_CLOSING_RESET_CLICKED","timestamp":"2026-08-27T12:28:39.741Z"}
27/8/2026, 5:58:38 pm | [2026-08-27T12:28:39.794Z] [LOG] {"page":"CashClosingDashboard","event":"CASH_CLOSING_RESET_SUCCESS","totalRecords":56,"timestamp":"2026-08-27T12:28:39.794Z"}
27/8/2026, 5:58:38 pm | [2026-08-27T12:28:39.795Z] [LOG] {"page":"CashClosingDashboard","event":"CASH_CLOSING_DASHBOARD_PAGE_LOADED","timestamp":"2026-08-27T12:28:39.795Z"}
27/8/2026, 5:58:39 pm | [2026-08-27T12:28:40.836Z] [LOG] {"page":"CashClosingDashboard","event":"CASH_CLOSING_DASHBOARD_PAGE_LOADED","timestamp":"2026-08-27T12:28:40.836Z"}
27/8/2026, 5:58:39 pm | [2026-08-27T12:28:40.835Z] [LOG] {"page":"CashClosingDashboard","event":"CASH_CLOSING_RESET_CLICKED","timestamp":"2026-08-27T12:28:40.835Z"}
27/8/2026, 5:58:39 pm | [2026-08-27T12:28:40.922Z] [LOG] {"page":"CashClosingDashboard","event":"CASH_CLOSING_RESET_SUCCESS","totalRecords":56,"timestamp":"2026-08-27T12:28:40.922Z"}
27/8/2026, 5:58:39 pm | [2026-08-27T12:28:40.923Z] [LOG] {"page":"CashClosingDashboard","event":"CASH_CLOSING_DASHBOARD_PAGE_LOADED","timestamp":"2026-08-27T12:28:40.923Z"}
27/8/2026, 5:58:39 pm | [2026-08-27T12:28:41.028Z] [LOG] {"page":"CashClosingDashboard","event":"CASH_CLOSING_DASHBOARD_PAGE_LOADED","timestamp":"2026-08-27T12:28:41.028Z"}
27/8/2026, 5:58:39 pm | [2026-08-27T12:28:41.028Z] [LOG] {"page":"CashClosingDashboard","event":"CASH_CLOSING_RESET_CLICKED","timestamp":"2026-08-27T12:28:41.028Z"}
27/8/2026, 5:58:40 pm | [2026-08-27T12:28:41.081Z] [LOG] {"page":"CashClosingDashboard","event":"CASH_CLOSING_RESET_SUCCESS","totalRecords":56,"timestamp":"2026-08-27T12:28:41.081Z"}
27/8/2026, 5:58:40 pm | [2026-08-27T12:28:41.082Z] [LOG] {"page":"CashClosingDashboard","event":"CASH_CLOSING_DASHBOARD_PAGE_LOADED","timestamp":"2026-08-27T12:28:41.081Z"}
27/8/2026, 5:58:40 pm | [2026-08-27T12:28:41.575Z] [LOG] {"page":"CashClosingDashboard","event":"CASH_CLOSING_RESET_CLICKED","timestamp":"2026-08-27T12:28:41.575Z"}
27/8/2026, 5:58:40 pm | [2026-08-27T12:28:41.576Z] [LOG] {"page":"CashClosingDashboard","event":"CASH_CLOSING_DASHBOARD_PAGE_LOADED","timestamp":"2026-08-27T12:28:41.576Z"}
27/8/2026, 5:58:40 pm | [2026-08-27T12:28:41.662Z] [LOG] {"page":"CashClosingDashboard","event":"CASH_CLOSING_RESET_SUCCESS","totalRecords":56,"timestamp":"2026-08-27T12:28:41.662Z"}
27/8/2026, 5:58:40 pm | [2026-08-27T12:28:41.663Z] [LOG] {"page":"CashClosingDashboard","event":"CASH_CLOSING_DASHBOARD_PAGE_LOADED","timestamp":"2026-08-27T12:28:41.663Z"}
27/8/2026, 5:58:40 pm | [2026-08-27T12:28:41.204Z] [LOG] {"page":"CashClosingDashboard","event":"CASH_CLOSING_DASHBOARD_PAGE_LOADED","timestamp":"2026-08-27T12:28:41.204Z"}
27/8/2026, 5:58:40 pm | [2026-08-27T12:28:41.203Z] [LOG] {"page":"CashClosingDashboard","event":"CASH_CLOSING_RESET_CLICKED","timestamp":"2026-08-27T12:28:41.203Z"}
27/8/2026, 5:58:40 pm | [2026-08-27T12:28:41.254Z] [LOG] {"page":"CashClosingDashboard","event":"CASH_CLOSING_RESET_SUCCESS","totalRecords":56,"timestamp":"2026-08-27T12:28:41.254Z"}
27/8/2026, 5:58:40 pm | [2026-08-27T12:28:41.255Z] [LOG] {"page":"CashClosingDashboard","event":"CASH_CLOSING_DASHBOARD_PAGE_LOADED","timestamp":"2026-08-27T12:28:41.255Z"}
27/8/2026, 5:58:40 pm | [2026-08-27T12:28:42.224Z] [LOG] {"page":"CashClosingDashboard","event":"CASH_CLOSING_DASHBOARD_PAGE_LOADED","timestamp":"2026-08-27T12:28:42.224Z"}
27/8/2026, 5:58:40 pm | [2026-08-27T12:28:42.223Z] [LOG] {"page":"CashClosingDashboard","event":"CASH_CLOSING_RESET_CLICKED","timestamp":"2026-08-27T12:28:42.223Z"}
27/8/2026, 5:58:40 pm | [2026-08-27T12:28:42.277Z] [LOG] {"page":"CashClosingDashboard","event":"CASH_CLOSING_RESET_SUCCESS","totalRecords":56,"timestamp":"2026-08-27T12:28:42.277Z"}
27/8/2026, 5:58:40 pm | [2026-08-27T12:28:42.278Z] [LOG] {"page":"CashClosingDashboard","event":"CASH_CLOSING_DASHBOARD_PAGE_LOADED","timestamp":"2026-08-27T12:28:42.278Z"}
27/8/2026, 5:58:41 pm | [2026-08-27T12:28:43.028Z] [LOG] {"page":"CashClosingDashboard","event":"CASH_CLOSING_NEXT_PAGE","currentPage":2,"timestamp":"2026-08-27T12:28:43.028Z"}
27/8/2026, 5:58:41 pm | [2026-08-27T12:28:43.028Z] [LOG] {"page":"CashClosingDashboard","event":"CASH_CLOSING_DASHBOARD_PAGE_LOADED","timestamp":"2026-08-27T12:28:43.028Z"}
27/8/2026, 5:58:42 pm | [2026-08-27T12:28:43.796Z] [LOG] {"page":"CashClosingDashboard","event":"CASH_CLOSING_NEXT_PAGE","currentPage":3,"timestamp":"2026-08-27T12:28:43.796Z"}
27/8/2026, 5:58:42 pm | [2026-08-27T12:28:43.796Z] [LOG] {"page":"CashClosingDashboard","event":"CASH_CLOSING_DASHBOARD_PAGE_LOADED","timestamp":"2026-08-27T12:28:43.796Z"}
27/8/2026, 5:58:43 pm | [2026-08-27T12:28:45.036Z] [LOG] {"page":"CashClosingDashboard","event":"CASH_CLOSING_NEXT_PAGE","currentPage":4,"timestamp":"2026-08-27T12:28:45.036Z"}
27/8/2026, 5:58:44 pm | [2026-08-27T12:28:45.036Z] [LOG] {"page":"CashClosingDashboard","event":"CASH_CLOSING_DASHBOARD_PAGE_LOADED","timestamp":"2026-08-27T12:28:45.036Z"}
27/8/2026, 5:58:46 pm | [2026-08-27T12:28:47.940Z] [LOG] {"page":"CashClosingDashboard","event":"CASH_CLOSING_RESET_CLICKED","timestamp":"2026-08-27T12:28:47.940Z"}
27/8/2026, 5:58:46 pm | [2026-08-27T12:28:47.941Z] [LOG] {"page":"CashClosingDashboard","event":"CASH_CLOSING_DASHBOARD_PAGE_LOADED","timestamp":"2026-08-27T12:28:47.941Z"}
27/8/2026, 5:58:47 pm | [2026-08-27T12:28:48.061Z] [LOG] {"page":"CashClosingDashboard","event":"CASH_CLOSING_RESET_SUCCESS","totalRecords":56,"timestamp":"2026-08-27T12:28:48.061Z"}
27/8/2026, 5:58:47 pm | [2026-08-27T12:28:48.062Z] [LOG] {"page":"CashClosingDashboard","event":"CASH_CLOSING_DASHBOARD_PAGE_LOADED","timestamp":"2026-08-27T12:28:48.062Z"}
27/8/2026, 5:58:47 pm | [2026-08-27T12:28:48.115Z] [LOG] {"page":"CashClosingDashboard","event":"CASH_CLOSING_RESET_CLICKED","timestamp":"2026-08-27T12:28:48.115Z"}
27/8/2026, 5:58:47 pm | [2026-08-27T12:28:48.116Z] [LOG] {"page":"CashClosingDashboard","event":"CASH_CLOSING_DASHBOARD_PAGE_LOADED","timestamp":"2026-08-27T12:28:48.116Z"}
27/8/2026, 5:58:47 pm | [2026-08-27T12:28:48.166Z] [LOG] {"page":"CashClosingDashboard","event":"CASH_CLOSING_RESET_SUCCESS","totalRecords":56,"timestamp":"2026-08-27T12:28:48.166Z"}
27/8/2026, 5:58:47 pm | [2026-08-27T12:28:48.168Z] [LOG] {"page":"CashClosingDashboard","event":"CASH_CLOSING_DASHBOARD_PAGE_LOADED","timestamp":"2026-08-27T12:28:48.168Z"}
27/8/2026, 5:58:47 pm | [2026-08-27T12:28:48.308Z] [LOG] {"page":"CashClosingDashboard","event":"CASH_CLOSING_RESET_CLICKED","timestamp":"2026-08-27T12:28:48.308Z"}
27/8/2026, 5:58:47 pm | [2026-08-27T12:28:48.309Z] [LOG] {"page":"CashClosingDashboard","event":"CASH_CLOSING_DASHBOARD_PAGE_LOADED","timestamp":"2026-08-27T12:28:48.309Z"}
27/8/2026, 5:58:47 pm | [2026-08-27T12:28:48.359Z] [LOG] {"page":"CashClosingDashboard","event":"CASH_CLOSING_RESET_SUCCESS","totalRecords":56,"timestamp":"2026-08-27T12:28:48.359Z"}
27/8/2026, 5:58:47 pm | [2026-08-27T12:28:48.360Z] [LOG] {"page":"CashClosingDashboard","event":"CASH_CLOSING_DASHBOARD_PAGE_LOADED","timestamp":"2026-08-27T12:28:48.360Z"}
27/8/2026, 5:58:47 pm | [2026-08-27T12:28:48.508Z] [LOG] {"page":"CashClosingDashboard","event":"CASH_CLOSING_RESET_CLICKED","timestamp":"2026-08-27T12:28:48.508Z"}
27/8/2026, 5:58:47 pm | [2026-08-27T12:28:48.509Z] [LOG] {"page":"CashClosingDashboard","event":"CASH_CLOSING_DASHBOARD_PAGE_LOADED","timestamp":"2026-08-27T12:28:48.509Z"}
27/8/2026, 5:58:47 pm | [2026-08-27T12:28:48.558Z] [LOG] {"page":"CashClosingDashboard","event":"CASH_CLOSING_RESET_SUCCESS","totalRecords":56,"timestamp":"2026-08-27T12:28:48.558Z"}
27/8/2026, 5:58:47 pm | [2026-08-27T12:28:48.559Z] [LOG] {"page":"CashClosingDashboard","event":"CASH_CLOSING_DASHBOARD_PAGE_LOADED","timestamp":"2026-08-27T12:28:48.559Z"}
27/8/2026, 5:58:49 pm | [2026-08-27T12:28:50.949Z] [LOG] {"page":"CashClosingDashboard","event":"CASH_CLOSING_RESET_CLICKED","timestamp":"2026-08-27T12:28:50.949Z"}
27/8/2026, 5:58:49 pm | [2026-08-27T12:28:50.950Z] [LOG] {"page":"CashClosingDashboard","event":"CASH_CLOSING_DASHBOARD_PAGE_LOADED","timestamp":"2026-08-27T12:28:50.950Z"}
27/8/2026, 5:58:49 pm | [2026-08-27T12:28:51.103Z] [LOG] {"page":"CashClosingDashboard","event":"CASH_CLOSING_RESET_SUCCESS","totalRecords":56,"timestamp":"2026-08-27T12:28:51.103Z"}
27/8/2026, 5:58:49 pm | [2026-08-27T12:28:51.104Z] [LOG] {"page":"CashClosingDashboard","event":"CASH_CLOSING_DASHBOARD_PAGE_LOADED","timestamp":"2026-08-27T12:28:51.104Z"}
27/8/2026, 5:58:49 pm | [2026-08-27T12:28:51.141Z] [LOG] {"page":"CashClosingDashboard","event":"CASH_CLOSING_DASHBOARD_PAGE_LOADED","timestamp":"2026-08-27T12:28:51.141Z"}
27/8/2026, 5:58:49 pm | [2026-08-27T12:28:51.140Z] [LOG] {"page":"CashClosingDashboard","event":"CASH_CLOSING_RESET_CLICKED","timestamp":"2026-08-27T12:28:51.140Z"}
27/8/2026, 5:58:49 pm | [2026-08-27T12:28:51.192Z] [LOG] {"page":"CashClosingDashboard","event":"CASH_CLOSING_RESET_SUCCESS","totalRecords":56,"timestamp":"2026-08-27T12:28:51.192Z"}
27/8/2026, 5:58:49 pm | [2026-08-27T12:28:51.193Z] [LOG] {"page":"CashClosingDashboard","event":"CASH_CLOSING_DASHBOARD_PAGE_LOADED","timestamp":"2026-08-27T12:28:51.193Z"}
27/8/2026, 5:58:49 pm | [2026-08-27T12:28:51.285Z] [LOG] {"page":"CashClosingDashboard","event":"CASH_CLOSING_DASHBOARD_PAGE_LOADED","timestamp":"2026-08-27T12:28:51.285Z"}
27/8/2026, 5:58:49 pm | [2026-08-27T12:28:51.285Z] [LOG] {"page":"CashClosingDashboard","event":"CASH_CLOSING_RESET_CLICKED","timestamp":"2026-08-27T12:28:51.285Z"}
27/8/2026, 5:58:49 pm | [2026-08-27T12:28:51.338Z] [LOG] {"page":"CashClosingDashboard","event":"CASH_CLOSING_RESET_SUCCESS","totalRecords":56,"timestamp":"2026-08-27T12:28:51.338Z"}
27/8/2026, 5:58:49 pm | [2026-08-27T12:28:51.339Z] [LOG] {"page":"CashClosingDashboard","event":"CASH_CLOSING_DASHBOARD_PAGE_LOADED","timestamp":"2026-08-27T12:28:51.339Z"}
27/8/2026, 5:58:49 pm | [2026-08-27T12:28:51.413Z] [LOG] {"page":"CashClosingDashboard","event":"CASH_CLOSING_DASHBOARD_PAGE_LOADED","timestamp":"2026-08-27T12:28:51.413Z"}
27/8/2026, 5:58:49 pm | [2026-08-27T12:28:51.413Z] [LOG] {"page":"CashClosingDashboard","event":"CASH_CLOSING_RESET_CLICKED","timestamp":"2026-08-27T12:28:51.413Z"}
27/8/2026, 5:58:49 pm | [2026-08-27T12:28:51.464Z] [LOG] {"page":"CashClosingDashboard","event":"CASH_CLOSING_RESET_SUCCESS","totalRecords":56,"timestamp":"2026-08-27T12:28:51.464Z"}
27/8/2026, 5:58:49 pm | [2026-08-27T12:28:51.465Z] [LOG] {"page":"CashClosingDashboard","event":"CASH_CLOSING_DASHBOARD_PAGE_LOADED","timestamp":"2026-08-27T12:28:51.465Z"}
27/8/2026, 5:58:49 pm | [2026-08-27T12:28:51.542Z] [LOG] {"page":"CashClosingDashboard","event":"CASH_CLOSING_DASHBOARD_PAGE_LOADED","timestamp":"2026-08-27T12:28:51.542Z"}
27/8/2026, 5:58:49 pm | [2026-08-27T12:28:51.541Z] [LOG] {"page":"CashClosingDashboard","event":"CASH_CLOSING_RESET_CLICKED","timestamp":"2026-08-27T12:28:51.541Z"}
27/8/2026, 5:58:49 pm | [2026-08-27T12:28:51.593Z] [LOG] {"page":"CashClosingDashboard","event":"CASH_CLOSING_RESET_SUCCESS","totalRecords":56,"timestamp":"2026-08-27T12:28:51.593Z"}
27/8/2026, 5:58:49 pm | [2026-08-27T12:28:51.595Z] [LOG] {"page":"CashClosingDashboard","event":"CASH_CLOSING_DASHBOARD_PAGE_LOADED","timestamp":"2026-08-27T12:28:51.595Z"}
27/8/2026, 5:58:49 pm | [2026-08-27T12:28:51.654Z] [LOG] {"page":"CashClosingDashboard","event":"CASH_CLOSING_DASHBOARD_PAGE_LOADED","timestamp":"2026-08-27T12:28:51.654Z"}
27/8/2026, 5:58:49 pm | [2026-08-27T12:28:51.653Z] [LOG] {"page":"CashClosingDashboard","event":"CASH_CLOSING_RESET_CLICKED","timestamp":"2026-08-27T12:28:51.653Z"}
27/8/2026, 5:58:49 pm | [2026-08-27T12:28:51.708Z] [LOG] {"page":"CashClosingDashboard","event":"CASH_CLOSING_RESET_SUCCESS","totalRecords":56,"timestamp":"2026-08-27T12:28:51.708Z"}
27/8/2026, 5:58:49 pm | [2026-08-27T12:28:51.709Z] [LOG] {"page":"CashClosingDashboard","event":"CASH_CLOSING_DASHBOARD_PAGE_LOADED","timestamp":"2026-08-27T12:28:51.709Z"}
27/8/2026, 5:58:50 pm | [2026-08-27T12:28:51.782Z] [LOG] {"page":"CashClosingDashboard","event":"CASH_CLOSING_DASHBOARD_PAGE_LOADED","timestamp":"2026-08-27T12:28:51.782Z"}
27/8/2026, 5:58:50 pm | [2026-08-27T12:28:51.781Z] [LOG] {"page":"CashClosingDashboard","event":"CASH_CLOSING_RESET_CLICKED","timestamp":"2026-08-27T12:28:51.781Z"}
27/8/2026, 5:58:50 pm | [2026-08-27T12:28:51.834Z] [LOG] {"page":"CashClosingDashboard","event":"CASH_CLOSING_RESET_SUCCESS","totalRecords":56,"timestamp":"2026-08-27T12:28:51.834Z"}
27/8/2026, 5:58:50 pm | [2026-08-27T12:28:51.835Z] [LOG] {"page":"CashClosingDashboard","event":"CASH_CLOSING_DASHBOARD_PAGE_LOADED","timestamp":"2026-08-27T12:28:51.835Z"}
27/8/2026, 5:58:50 pm | [2026-08-27T12:28:51.894Z] [LOG] {"page":"CashClosingDashboard","event":"CASH_CLOSING_DASHBOARD_PAGE_LOADED","timestamp":"2026-08-27T12:28:51.894Z"}
27/8/2026, 5:58:50 pm | [2026-08-27T12:28:51.893Z] [LOG] {"page":"CashClosingDashboard","event":"CASH_CLOSING_RESET_CLICKED","timestamp":"2026-08-27T12:28:51.893Z"}
27/8/2026, 5:58:50 pm | [2026-08-27T12:28:51.945Z] [LOG] {"page":"CashClosingDashboard","event":"CASH_CLOSING_RESET_SUCCESS","totalRecords":56,"timestamp":"2026-08-27T12:28:51.945Z"}
27/8/2026, 5:58:50 pm | [2026-08-27T12:28:51.945Z] [LOG] {"page":"CashClosingDashboard","event":"CASH_CLOSING_DASHBOARD_PAGE_LOADED","timestamp":"2026-08-27T12:28:51.945Z"}
27/8/2026, 5:58:50 pm | [2026-08-27T12:28:52.006Z] [LOG] {"page":"CashClosingDashboard","event":"CASH_CLOSING_DASHBOARD_PAGE_LOADED","timestamp":"2026-08-27T12:28:52.006Z"}
27/8/2026, 5:58:50 pm | [2026-08-27T12:28:52.005Z] [LOG] {"page":"CashClosingDashboard","event":"CASH_CLOSING_RESET_CLICKED","timestamp":"2026-08-27T12:28:52.005Z"}
27/8/2026, 5:58:50 pm | [2026-08-27T12:28:52.056Z] [LOG] {"page":"CashClosingDashboard","event":"CASH_CLOSING_RESET_SUCCESS","totalRecords":56,"timestamp":"2026-08-27T12:28:52.056Z"}
27/8/2026, 5:58:50 pm | [2026-08-27T12:28:52.057Z] [LOG] {"page":"CashClosingDashboard","event":"CASH_CLOSING_DASHBOARD_PAGE_LOADED","timestamp":"2026-08-27T12:28:52.057Z"}
27/8/2026, 5:58:51 pm | [2026-08-27T12:28:53.414Z] [LOG] {"page":"CashClosingDashboard","event":"CASH_CLOSING_NEXT_PAGE","currentPage":2,"timestamp":"2026-08-27T12:28:53.414Z"}
27/8/2026, 5:58:51 pm | [2026-08-27T12:28:53.414Z] [LOG] {"page":"CashClosingDashboard","event":"CASH_CLOSING_DASHBOARD_PAGE_LOADED","timestamp":"2026-08-27T12:28:53.414Z"}
27/8/2026, 5:58:56 pm | [2026-08-27T12:28:57.989Z] [LOG] {"page":"CashClosingDashboard","event":"CASH_CLOSING_DASHBOARD_PAGE_LOADED","timestamp":"2026-08-27T12:28:57.989Z"}
27/8/2026, 5:58:56 pm | [2026-08-27T12:28:57.989Z] [LOG] {"page":"CashClosingDashboard","event":"CASH_CLOSING_NEXT_PAGE","currentPage":2,"timestamp":"2026-08-27T12:28:57.989Z"}
27/8/2026, 5:58:56 pm | [2026-08-27T12:28:58.677Z] [LOG] {"page":"CashClosingDashboard","event":"CASH_CLOSING_DASHBOARD_PAGE_LOADED","timestamp":"2026-08-27T12:28:58.677Z"}
27/8/2026, 5:58:56 pm | [2026-08-27T12:28:58.677Z] [LOG] {"page":"CashClosingDashboard","event":"CASH_CLOSING_NEXT_PAGE","currentPage":3,"timestamp":"2026-08-27T12:28:58.677Z"}
27/8/2026, 5:58:57 pm | [2026-08-27T12:28:59.415Z] [LOG] {"page":"CashClosingDashboard","event":"CASH_CLOSING_NEXT_PAGE","currentPage":3,"timestamp":"2026-08-27T12:28:59.415Z"}
27/8/2026, 5:58:57 pm | [2026-08-27T12:28:59.415Z] [LOG] {"page":"CashClosingDashboard","event":"CASH_CLOSING_DASHBOARD_PAGE_LOADED","timestamp":"2026-08-27T12:28:59.415Z"}
27/8/2026, 5:58:58 pm | [2026-08-27T12:28:59.276Z] [LOG] {"page":"CashClosingDashboard","event":"CASH_CLOSING_RESET_CLICKED","timestamp":"2026-08-27T12:28:59.276Z"}
27/8/2026, 5:58:58 pm | [2026-08-27T12:28:59.277Z] [LOG] {"page":"CashClosingDashboard","event":"CASH_CLOSING_DASHBOARD_PAGE_LOADED","timestamp":"2026-08-27T12:28:59.277Z"}
27/8/2026, 5:58:58 pm | [2026-08-27T12:28:59.404Z] [LOG] {"page":"CashClosingDashboard","event":"CASH_CLOSING_RESET_SUCCESS","totalRecords":56,"timestamp":"2026-08-27T12:28:59.404Z"}
27/8/2026, 5:58:58 pm | [2026-08-27T12:28:59.404Z] [LOG] {"page":"CashClosingDashboard","event":"CASH_CLOSING_DASHBOARD_PAGE_LOADED","timestamp":"2026-08-27T12:28:59.404Z"}
27/8/2026, 5:58:58 pm | [2026-08-27T12:28:59.476Z] [LOG] {"page":"CashClosingDashboard","event":"CASH_CLOSING_DASHBOARD_PAGE_LOADED","timestamp":"2026-08-27T12:28:59.476Z"}
27/8/2026, 5:58:58 pm | [2026-08-27T12:28:59.476Z] [LOG] {"page":"CashClosingDashboard","event":"CASH_CLOSING_RESET_CLICKED","timestamp":"2026-08-27T12:28:59.476Z"}
27/8/2026, 5:58:58 pm | [2026-08-27T12:28:59.529Z] [LOG] {"page":"CashClosingDashboard","event":"CASH_CLOSING_RESET_SUCCESS","totalRecords":56,"timestamp":"2026-08-27T12:28:59.529Z"}
27/8/2026, 5:58:58 pm | [2026-08-27T12:28:59.530Z] [LOG] {"page":"CashClosingDashboard","event":"CASH_CLOSING_DASHBOARD_PAGE_LOADED","timestamp":"2026-08-27T12:28:59.530Z"}
27/8/2026, 5:58:58 pm | [2026-08-27T12:29:00.301Z] [LOG] {"page":"CashClosingDashboard","event":"CASH_CLOSING_DASHBOARD_PAGE_LOADED","timestamp":"2026-08-27T12:29:00.301Z"}
27/8/2026, 5:58:58 pm | [2026-08-27T12:29:00.301Z] [LOG] {"page":"CashClosingDashboard","event":"CASH_CLOSING_NEXT_PAGE","currentPage":4,"timestamp":"2026-08-27T12:29:00.301Z"}
27/8/2026, 5:58:58 pm | [2026-08-27T12:28:59.676Z] [LOG] {"page":"CashClosingDashboard","event":"CASH_CLOSING_DASHBOARD_PAGE_LOADED","timestamp":"2026-08-27T12:28:59.676Z"}
27/8/2026, 5:58:58 pm | [2026-08-27T12:28:59.676Z] [LOG] {"page":"CashClosingDashboard","event":"CASH_CLOSING_RESET_CLICKED","timestamp":"2026-08-27T12:28:59.676Z"}
27/8/2026, 5:58:58 pm | [2026-08-27T12:28:59.730Z] [LOG] {"page":"CashClosingDashboard","event":"CASH_CLOSING_RESET_SUCCESS","totalRecords":56,"timestamp":"2026-08-27T12:28:59.730Z"}
27/8/2026, 5:58:58 pm | [2026-08-27T12:28:59.731Z] [LOG] {"page":"CashClosingDashboard","event":"CASH_CLOSING_DASHBOARD_PAGE_LOADED","timestamp":"2026-08-27T12:28:59.731Z"}
27/8/2026, 5:58:58 pm | [2026-08-27T12:28:59.869Z] [LOG] {"page":"CashClosingDashboard","event":"CASH_CLOSING_DASHBOARD_PAGE_LOADED","timestamp":"2026-08-27T12:28:59.869Z"}
27/8/2026, 5:58:58 pm | [2026-08-27T12:28:59.868Z] [LOG] {"page":"CashClosingDashboard","event":"CASH_CLOSING_RESET_CLICKED","timestamp":"2026-08-27T12:28:59.868Z"}
27/8/2026, 5:58:58 pm | [2026-08-27T12:28:59.919Z] [LOG] {"page":"CashClosingDashboard","event":"CASH_CLOSING_RESET_SUCCESS","totalRecords":56,"timestamp":"2026-08-27T12:28:59.919Z"}
27/8/2026, 5:58:58 pm | [2026-08-27T12:28:59.920Z] [LOG] {"page":"CashClosingDashboard","event":"CASH_CLOSING_DASHBOARD_PAGE_LOADED","timestamp":"2026-08-27T12:28:59.920Z"}
27/8/2026, 5:59:00 pm | [2026-08-27T12:29:01.821Z] [LOG] {"page":"CashClosingDashboard","event":"CASH_CLOSING_DASHBOARD_PAGE_LOADED","timestamp":"2026-08-27T12:29:01.821Z"}
27/8/2026, 5:59:00 pm | [2026-08-27T12:29:01.820Z] [LOG] {"page":"CashClosingDashboard","event":"CASH_CLOSING_RESET_CLICKED","timestamp":"2026-08-27T12:29:01.820Z"}
27/8/2026, 5:59:00 pm | [2026-08-27T12:29:02.369Z] [LOG] {"page":"CashClosingDashboard","event":"CASH_CLOSING_DASHBOARD_PAGE_LOADED","timestamp":"2026-08-27T12:29:02.369Z"}
27/8/2026, 5:59:00 pm | [2026-08-27T12:29:01.871Z] [LOG] {"page":"CashClosingDashboard","event":"CASH_CLOSING_RESET_SUCCESS","totalRecords":56,"timestamp":"2026-08-27T12:29:01.871Z"}
27/8/2026, 5:59:00 pm | [2026-08-27T12:29:01.872Z] [LOG] {"page":"CashClosingDashboard","event":"CASH_CLOSING_DASHBOARD_PAGE_LOADED","timestamp":"2026-08-27T12:29:01.872Z"}
27/8/2026, 5:59:00 pm | [2026-08-27T12:29:02.013Z] [LOG] {"page":"CashClosingDashboard","event":"CASH_CLOSING_DASHBOARD_PAGE_LOADED","timestamp":"2026-08-27T12:29:02.013Z"}
27/8/2026, 5:59:00 pm | [2026-08-27T12:29:02.012Z] [LOG] {"page":"CashClosingDashboard","event":"CASH_CLOSING_RESET_CLICKED","timestamp":"2026-08-27T12:29:02.012Z"}
27/8/2026, 5:59:01 pm | [2026-08-27T12:29:02.064Z] [LOG] {"page":"CashClosingDashboard","event":"CASH_CLOSING_RESET_SUCCESS","totalRecords":56,"timestamp":"2026-08-27T12:29:02.064Z"}
27/8/2026, 5:59:01 pm | [2026-08-27T12:29:02.066Z] [LOG] {"page":"CashClosingDashboard","event":"CASH_CLOSING_DASHBOARD_PAGE_LOADED","timestamp":"2026-08-27T12:29:02.066Z"}
27/8/2026, 5:59:01 pm | [2026-08-27T12:29:02.901Z] [LOG] {"page":"CashClosingDashboard","event":"CASH_CLOSING_RESET_CLICKED","timestamp":"2026-08-27T12:29:02.901Z"}
27/8/2026, 5:59:01 pm | [2026-08-27T12:29:02.902Z] [LOG] {"page":"CashClosingDashboard","event":"CASH_CLOSING_DASHBOARD_PAGE_LOADED","timestamp":"2026-08-27T12:29:02.902Z"}
27/8/2026, 5:59:01 pm | [2026-08-27T12:29:02.988Z] [LOG] {"page":"CashClosingDashboard","event":"CASH_CLOSING_DASHBOARD_PAGE_LOADED","timestamp":"2026-08-27T12:29:02.988Z"}
27/8/2026, 5:59:01 pm | [2026-08-27T12:29:02.987Z] [LOG] {"page":"CashClosingDashboard","event":"CASH_CLOSING_RESET_SUCCESS","totalRecords":56,"timestamp":"2026-08-27T12:29:02.987Z"}
27/8/2026, 5:59:01 pm | [2026-08-27T12:29:03.078Z] [LOG] {"page":"CashClosingDashboard","event":"CASH_CLOSING_DASHBOARD_PAGE_LOADED","timestamp":"2026-08-27T12:29:03.078Z"}
27/8/2026, 5:59:01 pm | [2026-08-27T12:29:03.077Z] [LOG] {"page":"CashClosingDashboard","event":"CASH_CLOSING_RESET_CLICKED","timestamp":"2026-08-27T12:29:03.077Z"}
27/8/2026, 5:59:01 pm | [2026-08-27T12:29:03.127Z] [LOG] {"page":"CashClosingDashboard","event":"CASH_CLOSING_RESET_SUCCESS","totalRecords":56,"timestamp":"2026-08-27T12:29:03.127Z"}
27/8/2026, 5:59:01 pm | [2026-08-27T12:29:03.128Z] [LOG] {"page":"CashClosingDashboard","event":"CASH_CLOSING_DASHBOARD_PAGE_LOADED","timestamp":"2026-08-27T12:29:03.128Z"}
27/8/2026, 5:59:01 pm | [2026-08-27T12:29:03.237Z] [LOG] {"page":"CashClosingDashboard","event":"CASH_CLOSING_RESET_CLICKED","timestamp":"2026-08-27T12:29:03.237Z"}
27/8/2026, 5:59:01 pm | [2026-08-27T12:29:03.237Z] [LOG] {"page":"CashClosingDashboard","event":"CASH_CLOSING_DASHBOARD_PAGE_LOADED","timestamp":"2026-08-27T12:29:03.237Z"}
27/8/2026, 5:59:01 pm | [2026-08-27T12:29:03.289Z] [LOG] {"page":"CashClosingDashboard","event":"CASH_CLOSING_RESET_SUCCESS","totalRecords":56,"timestamp":"2026-08-27T12:29:03.289Z"}
27/8/2026, 5:59:01 pm | [2026-08-27T12:29:03.290Z] [LOG] {"page":"CashClosingDashboard","event":"CASH_CLOSING_DASHBOARD_PAGE_LOADED","timestamp":"2026-08-27T12:29:03.290Z"}
27/8/2026, 5:59:01 pm | [2026-08-27T12:29:03.382Z] [LOG] {"page":"CashClosingDashboard","event":"CASH_CLOSING_DASHBOARD_PAGE_LOADED","timestamp":"2026-08-27T12:29:03.382Z"}
27/8/2026, 5:59:01 pm | [2026-08-27T12:29:03.381Z] [LOG] {"page":"CashClosingDashboard","event":"CASH_CLOSING_RESET_CLICKED","timestamp":"2026-08-27T12:29:03.381Z"}
27/8/2026, 5:59:01 pm | [2026-08-27T12:29:03.432Z] [LOG] {"page":"CashClosingDashboard","event":"CASH_CLOSING_RESET_SUCCESS","totalRecords":56,"timestamp":"2026-08-27T12:29:03.432Z"}
27/8/2026, 5:59:01 pm | [2026-08-27T12:29:03.433Z] [LOG] {"page":"CashClosingDashboard","event":"CASH_CLOSING_DASHBOARD_PAGE_LOADED","timestamp":"2026-08-27T12:29:03.433Z"}
27/8/2026, 5:59:01 pm | [2026-08-27T12:29:03.534Z] [LOG] {"page":"CashClosingDashboard","event":"CASH_CLOSING_DASHBOARD_PAGE_LOADED","timestamp":"2026-08-27T12:29:03.534Z"}
27/8/2026, 5:59:01 pm | [2026-08-27T12:29:03.533Z] [LOG] {"page":"CashClosingDashboard","event":"CASH_CLOSING_RESET_CLICKED","timestamp":"2026-08-27T12:29:03.533Z"}
27/8/2026, 5:59:01 pm | [2026-08-27T12:29:03.586Z] [LOG] {"page":"CashClosingDashboard","event":"CASH_CLOSING_RESET_SUCCESS","totalRecords":56,"timestamp":"2026-08-27T12:29:03.586Z"}
27/8/2026, 5:59:01 pm | [2026-08-27T12:29:03.587Z] [LOG] {"page":"CashClosingDashboard","event":"CASH_CLOSING_DASHBOARD_PAGE_LOADED","timestamp":"2026-08-27T12:29:03.587Z"}
27/8/2026, 5:59:01 pm | [2026-08-27T12:29:03.670Z] [LOG] {"page":"CashClosingDashboard","event":"CASH_CLOSING_DASHBOARD_PAGE_LOADED","timestamp":"2026-08-27T12:29:03.670Z"}
27/8/2026, 5:59:01 pm | [2026-08-27T12:29:03.669Z] [LOG] {"page":"CashClosingDashboard","event":"CASH_CLOSING_RESET_CLICKED","timestamp":"2026-08-27T12:29:03.669Z"}
27/8/2026, 5:59:01 pm | [2026-08-27T12:29:03.721Z] [LOG] {"page":"CashClosingDashboard","event":"CASH_CLOSING_RESET_SUCCESS","totalRecords":56,"timestamp":"2026-08-27T12:29:03.721Z"}
27/8/2026, 5:59:01 pm | [2026-08-27T12:29:03.722Z] [LOG] {"page":"CashClosingDashboard","event":"CASH_CLOSING_DASHBOARD_PAGE_LOADED","timestamp":"2026-08-27T12:29:03.722Z"}
27/8/2026, 5:59:02 pm | [2026-08-27T12:29:03.798Z] [LOG] {"page":"CashClosingDashboard","event":"CASH_CLOSING_DASHBOARD_PAGE_LOADED","timestamp":"2026-08-27T12:29:03.798Z"}
27/8/2026, 5:59:02 pm | [2026-08-27T12:29:03.797Z] [LOG] {"page":"CashClosingDashboard","event":"CASH_CLOSING_RESET_CLICKED","timestamp":"2026-08-27T12:29:03.797Z"}
27/8/2026, 5:59:02 pm | [2026-08-27T12:29:03.855Z] [LOG] {"page":"CashClosingDashboard","event":"CASH_CLOSING_RESET_SUCCESS","totalRecords":56,"timestamp":"2026-08-27T12:29:03.855Z"}
27/8/2026, 5:59:02 pm | [2026-08-27T12:29:03.856Z] [LOG] {"page":"CashClosingDashboard","event":"CASH_CLOSING_DASHBOARD_PAGE_LOADED","timestamp":"2026-08-27T12:29:03.856Z"}
27/8/2026, 5:59:02 pm | [2026-08-27T12:29:03.934Z] [LOG] {"page":"CashClosingDashboard","event":"CASH_CLOSING_DASHBOARD_PAGE_LOADED","timestamp":"2026-08-27T12:29:03.934Z"}
27/8/2026, 5:59:02 pm | [2026-08-27T12:29:03.933Z] [LOG] {"page":"CashClosingDashboard","event":"CASH_CLOSING_RESET_CLICKED","timestamp":"2026-08-27T12:29:03.933Z"}
27/8/2026, 5:59:02 pm | [2026-08-27T12:29:03.985Z] [LOG] {"page":"CashClosingDashboard","event":"CASH_CLOSING_RESET_SUCCESS","totalRecords":56,"timestamp":"2026-08-27T12:29:03.985Z"}
27/8/2026, 5:59:02 pm | [2026-08-27T12:29:03.986Z] [LOG] {"page":"CashClosingDashboard","event":"CASH_CLOSING_DASHBOARD_PAGE_LOADED","timestamp":"2026-08-27T12:29:03.986Z"}
27/8/2026, 5:59:02 pm | [2026-08-27T12:29:04.078Z] [LOG] {"page":"CashClosingDashboard","event":"CASH_CLOSING_DASHBOARD_PAGE_LOADED","timestamp":"2026-08-27T12:29:04.078Z"}
27/8/2026, 5:59:02 pm | [2026-08-27T12:29:04.077Z] [LOG] {"page":"CashClosingDashboard","event":"CASH_CLOSING_RESET_CLICKED","timestamp":"2026-08-27T12:29:04.077Z"}
27/8/2026, 5:59:02 pm | [2026-08-27T12:29:04.126Z] [LOG] {"page":"CashClosingDashboard","event":"CASH_CLOSING_RESET_SUCCESS","totalRecords":56,"timestamp":"2026-08-27T12:29:04.126Z"}
27/8/2026, 5:59:02 pm | [2026-08-27T12:29:04.127Z] [LOG] {"page":"CashClosingDashboard","event":"CASH_CLOSING_DASHBOARD_PAGE_LOADED","timestamp":"2026-08-27T12:29:04.127Z"}
27/8/2026, 5:59:02 pm | [2026-08-27T12:29:04.023Z] [LOG] {"page":"CashClosingDashboard","event":"CASH_CLOSING_DASHBOARD_PAGE_LOADED","timestamp":"2026-08-27T12:29:04.023Z"}
27/8/2026, 5:59:02 pm | [2026-08-27T12:29:04.214Z] [LOG] {"page":"CashClosingDashboard","event":"CASH_CLOSING_DASHBOARD_PAGE_LOADED","timestamp":"2026-08-27T12:29:04.214Z"}
27/8/2026, 5:59:02 pm | [2026-08-27T12:29:04.213Z] [LOG] {"page":"CashClosingDashboard","event":"CASH_CLOSING_RESET_CLICKED","timestamp":"2026-08-27T12:29:04.213Z"}
27/8/2026, 5:59:02 pm | [2026-08-27T12:29:04.265Z] [LOG] {"page":"CashClosingDashboard","event":"CASH_CLOSING_RESET_SUCCESS","totalRecords":56,"timestamp":"2026-08-27T12:29:04.265Z"}
27/8/2026, 5:59:02 pm | [2026-08-27T12:29:04.266Z] [LOG] {"page":"CashClosingDashboard","event":"CASH_CLOSING_DASHBOARD_PAGE_LOADED","timestamp":"2026-08-27T12:29:04.266Z"}
27/8/2026, 5:59:03 pm | [2026-08-27T12:29:05.062Z] [LOG] {"page":"CashClosingDashboard","event":"CASH_CLOSING_PREVIOUS_PAGE","currentPage":2,"timestamp":"2026-08-27T12:29:05.062Z"}
27/8/2026, 5:59:03 pm | [2026-08-27T12:29:05.063Z] [LOG] {"page":"CashClosingDashboard","event":"CASH_CLOSING_DASHBOARD_PAGE_LOADED","timestamp":"2026-08-27T12:29:05.063Z"}
27/8/2026, 5:59:03 pm | [2026-08-27T12:29:05.511Z] [LOG] {"page":"CashClosingDashboard","event":"CASH_CLOSING_DASHBOARD_PAGE_LOADED","timestamp":"2026-08-27T12:29:05.511Z"}
27/8/2026, 5:59:03 pm | [2026-08-27T12:29:05.511Z] [LOG] {"page":"CashClosingDashboard","event":"CASH_CLOSING_PREVIOUS_PAGE","currentPage":1,"timestamp":"2026-08-27T12:29:05.511Z"}
27/8/2026, 5:59:06 pm | [2026-08-27T12:29:08.494Z] [LOG] {"page":"CashClosingDashboard","event":"CASH_CLOSING_DASHBOARD_PAGE_LOADED","timestamp":"2026-08-27T12:29:08.494Z"}
27/8/2026, 5:59:06 pm | [2026-08-27T12:29:08.493Z] [LOG] {"page":"CashClosingDashboard","event":"CASH_CLOSING_RESET_CLICKED","timestamp":"2026-08-27T12:29:08.493Z"}
27/8/2026, 5:59:06 pm | [2026-08-27T12:29:08.576Z] [LOG] {"page":"CashClosingDashboard","event":"CASH_CLOSING_RESET_SUCCESS","totalRecords":56,"timestamp":"2026-08-27T12:29:08.576Z"}
27/8/2026, 5:59:06 pm | [2026-08-27T12:29:08.577Z] [LOG] {"page":"CashClosingDashboard","event":"CASH_CLOSING_DASHBOARD_PAGE_LOADED","timestamp":"2026-08-27T12:29:08.577Z"}
27/8/2026, 5:59:06 pm | [2026-08-27T12:29:08.662Z] [LOG] {"page":"CashClosingDashboard","event":"CASH_CLOSING_DASHBOARD_PAGE_LOADED","timestamp":"2026-08-27T12:29:08.662Z"}
27/8/2026, 5:59:06 pm | [2026-08-27T12:29:08.661Z] [LOG] {"page":"CashClosingDashboard","event":"CASH_CLOSING_RESET_CLICKED","timestamp":"2026-08-27T12:29:08.661Z"}
27/8/2026, 5:59:06 pm | [2026-08-27T12:29:08.714Z] [LOG] {"page":"CashClosingDashboard","event":"CASH_CLOSING_RESET_SUCCESS","totalRecords":56,"timestamp":"2026-08-27T12:29:08.714Z"}
27/8/2026, 5:59:06 pm | [2026-08-27T12:29:08.715Z] [LOG] {"page":"CashClosingDashboard","event":"CASH_CLOSING_DASHBOARD_PAGE_LOADED","timestamp":"2026-08-27T12:29:08.715Z"}
27/8/2026, 5:59:07 pm | [2026-08-27T12:29:08.813Z] [LOG] {"page":"CashClosingDashboard","event":"CASH_CLOSING_DASHBOARD_PAGE_LOADED","timestamp":"2026-08-27T12:29:08.813Z"}
27/8/2026, 5:59:07 pm | [2026-08-27T12:29:08.812Z] [LOG] {"page":"CashClosingDashboard","event":"CASH_CLOSING_RESET_CLICKED","timestamp":"2026-08-27T12:29:08.812Z"}
27/8/2026, 5:59:07 pm | [2026-08-27T12:29:08.870Z] [LOG] {"page":"CashClosingDashboard","event":"CASH_CLOSING_RESET_SUCCESS","totalRecords":56,"timestamp":"2026-08-27T12:29:08.870Z"}
27/8/2026, 5:59:07 pm | [2026-08-27T12:29:08.871Z] [LOG] {"page":"CashClosingDashboard","event":"CASH_CLOSING_DASHBOARD_PAGE_LOADED","timestamp":"2026-08-27T12:29:08.871Z"}
27/8/2026, 5:59:07 pm | [2026-08-27T12:29:08.966Z] [LOG] {"page":"CashClosingDashboard","event":"CASH_CLOSING_DASHBOARD_PAGE_LOADED","timestamp":"2026-08-27T12:29:08.966Z"}
27/8/2026, 5:59:07 pm | [2026-08-27T12:29:08.964Z] [LOG] {"page":"CashClosingDashboard","event":"CASH_CLOSING_RESET_CLICKED","timestamp":"2026-08-27T12:29:08.964Z"}
27/8/2026, 5:59:07 pm | [2026-08-27T12:29:09.019Z] [LOG] {"page":"CashClosingDashboard","event":"CASH_CLOSING_RESET_SUCCESS","totalRecords":56,"timestamp":"2026-08-27T12:29:09.019Z"}
27/8/2026, 5:59:07 pm | [2026-08-27T12:29:09.021Z] [LOG] {"page":"CashClosingDashboard","event":"CASH_CLOSING_DASHBOARD_PAGE_LOADED","timestamp":"2026-08-27T12:29:09.020Z"}
27/8/2026, 5:59:07 pm | [2026-08-27T12:29:09.117Z] [LOG] {"page":"CashClosingDashboard","event":"CASH_CLOSING_DASHBOARD_PAGE_LOADED","timestamp":"2026-08-27T12:29:09.117Z"}
27/8/2026, 5:59:07 pm | [2026-08-27T12:29:09.117Z] [LOG] {"page":"CashClosingDashboard","event":"CASH_CLOSING_RESET_CLICKED","timestamp":"2026-08-27T12:29:09.117Z"}
27/8/2026, 5:59:07 pm | [2026-08-27T12:29:09.168Z] [LOG] {"page":"CashClosingDashboard","event":"CASH_CLOSING_RESET_SUCCESS","totalRecords":56,"timestamp":"2026-08-27T12:29:09.168Z"}
27/8/2026, 5:59:07 pm | [2026-08-27T12:29:09.169Z] [LOG] {"page":"CashClosingDashboard","event":"CASH_CLOSING_DASHBOARD_PAGE_LOADED","timestamp":"2026-08-27T12:29:09.169Z"}
27/8/2026, 5:59:07 pm | [2026-08-27T12:29:09.253Z] [LOG] {"page":"CashClosingDashboard","event":"CASH_CLOSING_DASHBOARD_PAGE_LOADED","timestamp":"2026-08-27T12:29:09.253Z"}
27/8/2026, 5:59:07 pm | [2026-08-27T12:29:09.253Z] [LOG] {"page":"CashClosingDashboard","event":"CASH_CLOSING_RESET_CLICKED","timestamp":"2026-08-27T12:29:09.253Z"}
27/8/2026, 5:59:07 pm | [2026-08-27T12:29:09.308Z] [LOG] {"page":"CashClosingDashboard","event":"CASH_CLOSING_RESET_SUCCESS","totalRecords":56,"timestamp":"2026-08-27T12:29:09.308Z"}
27/8/2026, 5:59:07 pm | [2026-08-27T12:29:09.309Z] [LOG] {"page":"CashClosingDashboard","event":"CASH_CLOSING_DASHBOARD_PAGE_LOADED","timestamp":"2026-08-27T12:29:09.309Z"}
27/8/2026, 5:59:07 pm | [2026-08-27T12:29:09.382Z] [LOG] {"page":"CashClosingDashboard","event":"CASH_CLOSING_DASHBOARD_PAGE_LOADED","timestamp":"2026-08-27T12:29:09.382Z"}
27/8/2026, 5:59:07 pm | [2026-08-27T12:29:09.381Z] [LOG] {"page":"CashClosingDashboard","event":"CASH_CLOSING_RESET_CLICKED","timestamp":"2026-08-27T12:29:09.381Z"}
27/8/2026, 5:59:07 pm | [2026-08-27T12:29:09.434Z] [LOG] {"page":"CashClosingDashboard","event":"CASH_CLOSING_RESET_SUCCESS","totalRecords":56,"timestamp":"2026-08-27T12:29:09.434Z"}
27/8/2026, 5:59:07 pm | [2026-08-27T12:29:09.435Z] [LOG] {"page":"CashClosingDashboard","event":"CASH_CLOSING_DASHBOARD_PAGE_LOADED","timestamp":"2026-08-27T12:29:09.435Z"}
27/8/2026, 5:59:07 pm | [2026-08-27T12:29:09.518Z] [LOG] {"page":"CashClosingDashboard","event":"CASH_CLOSING_DASHBOARD_PAGE_LOADED","timestamp":"2026-08-27T12:29:09.518Z"}
27/8/2026, 5:59:07 pm | [2026-08-27T12:29:09.517Z] [LOG] {"page":"CashClosingDashboard","event":"CASH_CLOSING_RESET_CLICKED","timestamp":"2026-08-27T12:29:09.517Z"}
27/8/2026, 5:59:07 pm | [2026-08-27T12:29:09.570Z] [LOG] {"page":"CashClosingDashboard","event":"CASH_CLOSING_RESET_SUCCESS","totalRecords":56,"timestamp":"2026-08-27T12:29:09.570Z"}
27/8/2026, 5:59:07 pm | [2026-08-27T12:29:09.571Z] [LOG] {"page":"CashClosingDashboard","event":"CASH_CLOSING_DASHBOARD_PAGE_LOADED","timestamp":"2026-08-27T12:29:09.571Z"}
27/8/2026, 5:59:07 pm | [2026-08-27T12:29:09.630Z] [LOG] {"page":"CashClosingDashboard","event":"CASH_CLOSING_DASHBOARD_PAGE_LOADED","timestamp":"2026-08-27T12:29:09.630Z"}
27/8/2026, 5:59:07 pm | [2026-08-27T12:29:09.629Z] [LOG] {"page":"CashClosingDashboard","event":"CASH_CLOSING_RESET_CLICKED","timestamp":"2026-08-27T12:29:09.629Z"}
27/8/2026, 5:59:07 pm | [2026-08-27T12:29:09.679Z] [LOG] {"page":"CashClosingDashboard","event":"CASH_CLOSING_RESET_SUCCESS","totalRecords":56,"timestamp":"2026-08-27T12:29:09.679Z"}
27/8/2026, 5:59:07 pm | [2026-08-27T12:29:09.680Z] [LOG] {"page":"CashClosingDashboard","event":"CASH_CLOSING_DASHBOARD_PAGE_LOADED","timestamp":"2026-08-27T12:29:09.680Z"}
27/8/2026, 5:59:11 pm | [2026-08-27T12:29:13.110Z] [LOG] {"page":"CashClosingDashboard","event":"CASH_CLOSING_DASHBOARD_PAGE_LOADED","timestamp":"2026-08-27T12:29:13.110Z"}
27/8/2026, 5:59:11 pm | [2026-08-27T12:29:13.109Z] [LOG] {"page":"CashClosingDashboard","event":"CASH_CLOSING_RESET_CLICKED","timestamp":"2026-08-27T12:29:13.109Z"}
27/8/2026, 5:59:11 pm | [2026-08-27T12:29:13.163Z] [LOG] {"page":"CashClosingDashboard","event":"CASH_CLOSING_RESET_SUCCESS","totalRecords":56,"timestamp":"2026-08-27T12:29:13.163Z"}
27/8/2026, 5:59:11 pm | [2026-08-27T12:29:13.164Z] [LOG] {"page":"CashClosingDashboard","event":"CASH_CLOSING_DASHBOARD_PAGE_LOADED","timestamp":"2026-08-27T12:29:13.164Z"}
27/8/2026, 5:59:11 pm | [2026-08-27T12:29:13.278Z] [LOG] {"page":"CashClosingDashboard","event":"CASH_CLOSING_DASHBOARD_PAGE_LOADED","timestamp":"2026-08-27T12:29:13.278Z"}
27/8/2026, 5:59:11 pm | [2026-08-27T12:29:13.277Z] [LOG] {"page":"CashClosingDashboard","event":"CASH_CLOSING_RESET_CLICKED","timestamp":"2026-08-27T12:29:13.277Z"}
27/8/2026, 5:59:11 pm | [2026-08-27T12:29:13.330Z] [LOG] {"page":"CashClosingDashboard","event":"CASH_CLOSING_RESET_SUCCESS","totalRecords":56,"timestamp":"2026-08-27T12:29:13.330Z"}
27/8/2026, 5:59:11 pm | [2026-08-27T12:29:13.331Z] [LOG] {"page":"CashClosingDashboard","event":"CASH_CLOSING_DASHBOARD_PAGE_LOADED","timestamp":"2026-08-27T12:29:13.331Z"}
27/8/2026, 5:59:11 pm | [2026-08-27T12:29:13.414Z] [LOG] {"page":"CashClosingDashboard","event":"CASH_CLOSING_DASHBOARD_PAGE_LOADED","timestamp":"2026-08-27T12:29:13.414Z"}
27/8/2026, 5:59:11 pm | [2026-08-27T12:29:13.413Z] [LOG] {"page":"CashClosingDashboard","event":"CASH_CLOSING_RESET_CLICKED","timestamp":"2026-08-27T12:29:13.413Z"}
27/8/2026, 5:59:11 pm | [2026-08-27T12:29:13.465Z] [LOG] {"page":"CashClosingDashboard","event":"CASH_CLOSING_RESET_SUCCESS","totalRecords":56,"timestamp":"2026-08-27T12:29:13.465Z"}
27/8/2026, 5:59:11 pm | [2026-08-27T12:29:13.466Z] [LOG] {"page":"CashClosingDashboard","event":"CASH_CLOSING_DASHBOARD_PAGE_LOADED","timestamp":"2026-08-27T12:29:13.466Z"}
27/8/2026, 5:59:13 pm | [2026-08-27T12:29:15.694Z] [LOG] {"page":"CashClosingDashboard","event":"CASH_CLOSING_DASHBOARD_PAGE_LOADED","timestamp":"2026-08-27T12:29:15.694Z"}
27/8/2026, 5:59:13 pm | [2026-08-27T12:29:15.693Z] [LOG] {"page":"CashClosingDashboard","event":"CASH_CLOSING_RESET_CLICKED","timestamp":"2026-08-27T12:29:15.693Z"}
27/8/2026, 5:59:14 pm | [2026-08-27T12:29:15.777Z] [LOG] {"page":"CashClosingDashboard","event":"CASH_CLOSING_RESET_SUCCESS","totalRecords":56,"timestamp":"2026-08-27T12:29:15.777Z"}
27/8/2026, 5:59:14 pm | [2026-08-27T12:29:15.778Z] [LOG] {"page":"CashClosingDashboard","event":"CASH_CLOSING_DASHBOARD_PAGE_LOADED","timestamp":"2026-08-27T12:29:15.778Z"}
27/8/2026, 5:59:14 pm | [2026-08-27T12:29:15.870Z] [LOG] {"page":"CashClosingDashboard","event":"CASH_CLOSING_DASHBOARD_PAGE_LOADED","timestamp":"2026-08-27T12:29:15.870Z"}
27/8/2026, 5:59:14 pm | [2026-08-27T12:29:15.869Z] [LOG] {"page":"CashClosingDashboard","event":"CASH_CLOSING_RESET_CLICKED","timestamp":"2026-08-27T12:29:15.869Z"}
27/8/2026, 5:59:14 pm | [2026-08-27T12:29:15.954Z] [LOG] {"page":"CashClosingDashboard","event":"CASH_CLOSING_RESET_SUCCESS","totalRecords":56,"timestamp":"2026-08-27T12:29:15.954Z"}
27/8/2026, 5:59:14 pm | [2026-08-27T12:29:15.955Z] [LOG] {"page":"CashClosingDashboard","event":"CASH_CLOSING_DASHBOARD_PAGE_LOADED","timestamp":"2026-08-27T12:29:15.955Z"}
27/8/2026, 5:59:14 pm | [2026-08-27T12:29:16.005Z] [LOG] {"page":"CashClosingDashboard","event":"CASH_CLOSING_DASHBOARD_PAGE_LOADED","timestamp":"2026-08-27T12:29:16.005Z"}
27/8/2026, 5:59:14 pm | [2026-08-27T12:29:16.005Z] [LOG] {"page":"CashClosingDashboard","event":"CASH_CLOSING_RESET_CLICKED","timestamp":"2026-08-27T12:29:16.005Z"}
27/8/2026, 5:59:14 pm | [2026-08-27T12:29:16.062Z] [LOG] {"page":"CashClosingDashboard","event":"CASH_CLOSING_RESET_SUCCESS","totalRecords":56,"timestamp":"2026-08-27T12:29:16.062Z"}
27/8/2026, 5:59:14 pm | [2026-08-27T12:29:16.063Z] [LOG] {"page":"CashClosingDashboard","event":"CASH_CLOSING_DASHBOARD_PAGE_LOADED","timestamp":"2026-08-27T12:29:16.063Z"}
27/8/2026, 5:59:14 pm | [2026-08-27T12:29:16.165Z] [LOG] {"page":"CashClosingDashboard","event":"CASH_CLOSING_DASHBOARD_PAGE_LOADED","timestamp":"2026-08-27T12:29:16.165Z"}
27/8/2026, 5:59:14 pm | [2026-08-27T12:29:16.164Z] [LOG] {"page":"CashClosingDashboard","event":"CASH_CLOSING_RESET_CLICKED","timestamp":"2026-08-27T12:29:16.164Z"}
27/8/2026, 5:59:14 pm | [2026-08-27T12:29:16.219Z] [LOG] {"page":"CashClosingDashboard","event":"CASH_CLOSING_RESET_SUCCESS","totalRecords":56,"timestamp":"2026-08-27T12:29:16.219Z"}
27/8/2026, 5:59:14 pm | [2026-08-27T12:29:16.220Z] [LOG] {"page":"CashClosingDashboard","event":"CASH_CLOSING_DASHBOARD_PAGE_LOADED","timestamp":"2026-08-27T12:29:16.220Z"}
27/8/2026, 5:59:19 pm | [2026-08-27T12:29:20.892Z] [LOG] {"page":"CashClosingDashboard","event":"CASH_CLOSING_RESET_CLICKED","timestamp":"2026-08-27T12:29:20.892Z"}
27/8/2026, 5:59:19 pm | [2026-08-27T12:29:20.893Z] [LOG] {"page":"CashClosingDashboard","event":"CASH_CLOSING_DASHBOARD_PAGE_LOADED","timestamp":"2026-08-27T12:29:20.893Z"}
27/8/2026, 5:59:20 pm | [2026-08-27T12:29:21.068Z] [LOG] {"page":"CashClosingDashboard","event":"CASH_CLOSING_RESET_CLICKED","timestamp":"2026-08-27T12:29:21.068Z"}
27/8/2026, 5:59:20 pm | [2026-08-27T12:29:21.068Z] [LOG] {"page":"CashClosingDashboard","event":"CASH_CLOSING_DASHBOARD_PAGE_LOADED","timestamp":"2026-08-27T12:29:21.068Z"}
27/8/2026, 5:59:20 pm | [2026-08-27T12:29:21.119Z] [LOG] {"page":"CashClosingDashboard","event":"CASH_CLOSING_RESET_SUCCESS","totalRecords":56,"timestamp":"2026-08-27T12:29:21.119Z"}
27/8/2026, 5:59:20 pm | [2026-08-27T12:29:21.120Z] [LOG] {"page":"CashClosingDashboard","event":"CASH_CLOSING_DASHBOARD_PAGE_LOADED","timestamp":"2026-08-27T12:29:21.120Z"}
27/8/2026, 5:59:20 pm | [2026-08-27T12:29:21.268Z] [LOG] {"page":"CashClosingDashboard","event":"CASH_CLOSING_RESET_CLICKED","timestamp":"2026-08-27T12:29:21.268Z"}
27/8/2026, 5:59:20 pm | [2026-08-27T12:29:21.269Z] [LOG] {"page":"CashClosingDashboard","event":"CASH_CLOSING_DASHBOARD_PAGE_LOADED","timestamp":"2026-08-27T12:29:21.268Z"}
27/8/2026, 5:59:20 pm | [2026-08-27T12:29:21.319Z] [LOG] {"page":"CashClosingDashboard","event":"CASH_CLOSING_RESET_SUCCESS","totalRecords":56,"timestamp":"2026-08-27T12:29:21.319Z"}
27/8/2026, 5:59:20 pm | [2026-08-27T12:29:21.321Z] [LOG] {"page":"CashClosingDashboard","event":"CASH_CLOSING_DASHBOARD_PAGE_LOADED","timestamp":"2026-08-27T12:29:21.321Z"}
27/8/2026, 5:59:20 pm | [2026-08-27T12:29:21.408Z] [LOG] {"page":"CashClosingDashboard","event":"CASH_CLOSING_DASHBOARD_PAGE_LOADED","timestamp":"2026-08-27T12:29:21.408Z"}
27/8/2026, 5:59:20 pm | [2026-08-27T12:29:21.408Z] [LOG] {"page":"CashClosingDashboard","event":"CASH_CLOSING_RESET_SUCCESS","totalRecords":56,"timestamp":"2026-08-27T12:29:21.408Z"}
27/8/2026, 5:59:23 pm | [2026-08-27T12:29:24.820Z] [LOG] {"page":"CashClosingDashboard","event":"CASH_CLOSING_DASHBOARD_PAGE_LOADED","timestamp":"2026-08-27T12:29:24.820Z"}
27/8/2026, 5:59:23 pm | [2026-08-27T12:29:24.820Z] [LOG] {"page":"CashClosingDashboard","event":"CASH_CLOSING_RESET_CLICKED","timestamp":"2026-08-27T12:29:24.819Z"}
27/8/2026, 5:59:23 pm | [2026-08-27T12:29:24.873Z] [LOG] {"page":"CashClosingDashboard","event":"CASH_CLOSING_RESET_SUCCESS","totalRecords":56,"timestamp":"2026-08-27T12:29:24.873Z"}
27/8/2026, 5:59:23 pm | [2026-08-27T12:29:24.874Z] [LOG] {"page":"CashClosingDashboard","event":"CASH_CLOSING_DASHBOARD_PAGE_LOADED","timestamp":"2026-08-27T12:29:24.874Z"}
27/8/2026, 5:59:23 pm | [2026-08-27T12:29:25.004Z] [LOG] {"page":"CashClosingDashboard","event":"CASH_CLOSING_DASHBOARD_PAGE_LOADED","timestamp":"2026-08-27T12:29:25.004Z"}
27/8/2026, 5:59:23 pm | [2026-08-27T12:29:25.003Z] [LOG] {"page":"CashClosingDashboard","event":"CASH_CLOSING_RESET_CLICKED","timestamp":"2026-08-27T12:29:25.003Z"}
27/8/2026, 5:59:24 pm | [2026-08-27T12:29:25.059Z] [LOG] {"page":"CashClosingDashboard","event":"CASH_CLOSING_RESET_SUCCESS","totalRecords":56,"timestamp":"2026-08-27T12:29:25.059Z"}
27/8/2026, 5:59:24 pm | [2026-08-27T12:29:25.060Z] [LOG] {"page":"CashClosingDashboard","event":"CASH_CLOSING_DASHBOARD_PAGE_LOADED","timestamp":"2026-08-27T12:29:25.060Z"}
27/8/2026, 5:59:28 pm | [2026-08-27T12:29:30.549Z] [LOG] {"page":"CashClosingDashboard","event":"CASH_CLOSING_RESET_CLICKED","timestamp":"2026-08-27T12:29:30.549Z"}
27/8/2026, 5:59:28 pm | [2026-08-27T12:29:30.550Z] [LOG] {"page":"CashClosingDashboard","event":"CASH_CLOSING_DASHBOARD_PAGE_LOADED","timestamp":"2026-08-27T12:29:30.550Z"}
27/8/2026, 5:59:28 pm | [2026-08-27T12:29:30.706Z] [LOG] {"page":"CashClosingDashboard","event":"CASH_CLOSING_RESET_SUCCESS","totalRecords":56,"timestamp":"2026-08-27T12:29:30.706Z"}
27/8/2026, 5:59:28 pm | [2026-08-27T12:29:30.707Z] [LOG] {"page":"CashClosingDashboard","event":"CASH_CLOSING_DASHBOARD_PAGE_LOADED","timestamp":"2026-08-27T12:29:30.707Z"}
27/8/2026, 5:59:28 pm | [2026-08-27T12:29:30.724Z] [LOG] {"page":"CashClosingDashboard","event":"CASH_CLOSING_RESET_CLICKED","timestamp":"2026-08-27T12:29:30.724Z"}
27/8/2026, 5:59:29 pm | [2026-08-27T12:29:30.725Z] [LOG] {"page":"CashClosingDashboard","event":"CASH_CLOSING_DASHBOARD_PAGE_LOADED","timestamp":"2026-08-27T12:29:30.725Z"}
27/8/2026, 5:59:29 pm | [2026-08-27T12:29:30.787Z] [LOG] {"page":"CashClosingDashboard","event":"CASH_CLOSING_RESET_SUCCESS","totalRecords":56,"timestamp":"2026-08-27T12:29:30.787Z"}
27/8/2026, 5:59:29 pm | [2026-08-27T12:29:30.788Z] [LOG] {"page":"CashClosingDashboard","event":"CASH_CLOSING_DASHBOARD_PAGE_LOADED","timestamp":"2026-08-27T12:29:30.788Z"}
27/8/2026, 5:59:29 pm | [2026-08-27T12:29:30.878Z] [LOG] {"page":"CashClosingDashboard","event":"CASH_CLOSING_DASHBOARD_PAGE_LOADED","timestamp":"2026-08-27T12:29:30.878Z"}
27/8/2026, 5:59:29 pm | [2026-08-27T12:29:30.877Z] [LOG] {"page":"CashClosingDashboard","event":"CASH_CLOSING_RESET_CLICKED","timestamp":"2026-08-27T12:29:30.877Z"}
27/8/2026, 5:59:29 pm | [2026-08-27T12:29:30.932Z] [LOG] {"page":"CashClosingDashboard","event":"CASH_CLOSING_RESET_SUCCESS","totalRecords":56,"timestamp":"2026-08-27T12:29:30.932Z"}
27/8/2026, 5:59:29 pm | [2026-08-27T12:29:30.933Z] [LOG] {"page":"CashClosingDashboard","event":"CASH_CLOSING_DASHBOARD_PAGE_LOADED","timestamp":"2026-08-27T12:29:30.933Z"}
27/8/2026, 5:59:29 pm | [2026-08-27T12:29:31.030Z] [LOG] {"page":"CashClosingDashboard","event":"CASH_CLOSING_DASHBOARD_PAGE_LOADED","timestamp":"2026-08-27T12:29:31.030Z"}
27/8/2026, 5:59:29 pm | [2026-08-27T12:29:31.029Z] [LOG] {"page":"CashClosingDashboard","event":"CASH_CLOSING_RESET_CLICKED","timestamp":"2026-08-27T12:29:31.029Z"}
27/8/2026, 5:59:29 pm | [2026-08-27T12:29:31.081Z] [LOG] {"page":"CashClosingDashboard","event":"CASH_CLOSING_RESET_SUCCESS","totalRecords":56,"timestamp":"2026-08-27T12:29:31.081Z"}
27/8/2026, 5:59:29 pm | [2026-08-27T12:29:31.082Z] [LOG] {"page":"CashClosingDashboard","event":"CASH_CLOSING_DASHBOARD_PAGE_LOADED","timestamp":"2026-08-27T12:29:31.082Z"}
27/8/2026, 5:59:29 pm | [2026-08-27T12:29:31.158Z] [LOG] {"page":"CashClosingDashboard","event":"CASH_CLOSING_DASHBOARD_PAGE_LOADED","timestamp":"2026-08-27T12:29:31.158Z"}
27/8/2026, 5:59:29 pm | [2026-08-27T12:29:31.157Z] [LOG] {"page":"CashClosingDashboard","event":"CASH_CLOSING_RESET_CLICKED","timestamp":"2026-08-27T12:29:31.157Z"}
27/8/2026, 5:59:29 pm | [2026-08-27T12:29:31.209Z] [LOG] {"page":"CashClosingDashboard","event":"CASH_CLOSING_RESET_SUCCESS","totalRecords":56,"timestamp":"2026-08-27T12:29:31.209Z"}
27/8/2026, 5:59:29 pm | [2026-08-27T12:29:31.209Z] [LOG] {"page":"CashClosingDashboard","event":"CASH_CLOSING_DASHBOARD_PAGE_LOADED","timestamp":"2026-08-27T12:29:31.209Z"}
27/8/2026, 5:59:29 pm | [2026-08-27T12:29:31.301Z] [LOG] {"page":"CashClosingDashboard","event":"CASH_CLOSING_DASHBOARD_PAGE_LOADED","timestamp":"2026-08-27T12:29:31.301Z"}
27/8/2026, 5:59:29 pm | [2026-08-27T12:29:31.301Z] [LOG] {"page":"CashClosingDashboard","event":"CASH_CLOSING_RESET_CLICKED","timestamp":"2026-08-27T12:29:31.301Z"}
27/8/2026, 5:59:29 pm | [2026-08-27T12:29:31.351Z] [LOG] {"page":"CashClosingDashboard","event":"CASH_CLOSING_RESET_SUCCESS","totalRecords":56,"timestamp":"2026-08-27T12:29:31.351Z"}
27/8/2026, 5:59:29 pm | [2026-08-27T12:29:31.352Z] [LOG] {"page":"CashClosingDashboard","event":"CASH_CLOSING_DASHBOARD_PAGE_LOADED","timestamp":"2026-08-27T12:29:31.352Z"}
27/8/2026, 5:59:31 pm | [2026-08-27T12:29:32.949Z] [LOG] {"page":"CashClosingDashboard","event":"CASH_CLOSING_DASHBOARD_PAGE_LOADED","timestamp":"2026-08-27T12:29:32.949Z"}
27/8/2026, 5:59:31 pm | [2026-08-27T12:29:32.949Z] [LOG] {"page":"CashClosingDashboard","event":"CASH_CLOSING_NEXT_PAGE","currentPage":2,"timestamp":"2026-08-27T12:29:32.949Z"}
27/8/2026, 5:59:31 pm | [2026-08-27T12:29:33.621Z] [LOG] {"page":"CashClosingDashboard","event":"CASH_CLOSING_DASHBOARD_PAGE_LOADED","timestamp":"2026-08-27T12:29:33.621Z"}
27/8/2026, 5:59:31 pm | [2026-08-27T12:29:33.621Z] [LOG] {"page":"CashClosingDashboard","event":"CASH_CLOSING_NEXT_PAGE","currentPage":3,"timestamp":"2026-08-27T12:29:33.621Z"}
27/8/2026, 5:59:34 pm | [2026-08-27T12:29:35.789Z] [LOG] {"page":"CashClosingDashboard","event":"CASH_CLOSING_DASHBOARD_PAGE_LOADED","timestamp":"2026-08-27T12:29:35.789Z"}
27/8/2026, 5:59:34 pm | [2026-08-27T12:29:35.789Z] [LOG] {"page":"CashClosingDashboard","event":"CASH_CLOSING_NEXT_PAGE","currentPage":4,"timestamp":"2026-08-27T12:29:35.789Z"}
27/8/2026, 5:59:34 pm | [2026-08-27T12:29:35.652Z] [LOG] {"page":"CashClosingDashboard","event":"CASH_CLOSING_RESET_CLICKED","timestamp":"2026-08-27T12:29:35.652Z"}
27/8/2026, 5:59:34 pm | [2026-08-27T12:29:35.652Z] [LOG] {"page":"CashClosingDashboard","event":"CASH_CLOSING_DASHBOARD_PAGE_LOADED","timestamp":"2026-08-27T12:29:35.652Z"}
27/8/2026, 5:59:34 pm | [2026-08-27T12:29:35.777Z] [LOG] {"page":"CashClosingDashboard","event":"CASH_CLOSING_DASHBOARD_PAGE_LOADED","timestamp":"2026-08-27T12:29:35.777Z"}
27/8/2026, 5:59:34 pm | [2026-08-27T12:29:35.776Z] [LOG] {"page":"CashClosingDashboard","event":"CASH_CLOSING_RESET_SUCCESS","totalRecords":56,"timestamp":"2026-08-27T12:29:35.776Z"}
27/8/2026, 5:59:34 pm | [2026-08-27T12:29:36.231Z] [LOG] {"page":"CashClosingDashboard","event":"CASH_CLOSING_RESET_CLICKED","timestamp":"2026-08-27T12:29:36.231Z"}
27/8/2026, 5:59:34 pm | [2026-08-27T12:29:36.232Z] [LOG] {"page":"CashClosingDashboard","event":"CASH_CLOSING_DASHBOARD_PAGE_LOADED","timestamp":"2026-08-27T12:29:36.232Z"}
27/8/2026, 5:59:34 pm | [2026-08-27T12:29:35.852Z] [LOG] {"page":"CashClosingDashboard","event":"CASH_CLOSING_RESET_CLICKED","timestamp":"2026-08-27T12:29:35.852Z"}
27/8/2026, 5:59:34 pm | [2026-08-27T12:29:35.853Z] [LOG] {"page":"CashClosingDashboard","event":"CASH_CLOSING_DASHBOARD_PAGE_LOADED","timestamp":"2026-08-27T12:29:35.853Z"}
27/8/2026, 5:59:34 pm | [2026-08-27T12:29:36.393Z] [LOG] {"page":"CashClosingDashboard","event":"CASH_CLOSING_RESET_SUCCESS","totalRecords":56,"timestamp":"2026-08-27T12:29:36.393Z"}
27/8/2026, 5:59:34 pm | [2026-08-27T12:29:36.394Z] [LOG] {"page":"CashClosingDashboard","event":"CASH_CLOSING_DASHBOARD_PAGE_LOADED","timestamp":"2026-08-27T12:29:36.394Z"}
27/8/2026, 5:59:34 pm | [2026-08-27T12:29:35.902Z] [LOG] {"page":"CashClosingDashboard","event":"CASH_CLOSING_RESET_SUCCESS","totalRecords":56,"timestamp":"2026-08-27T12:29:35.902Z"}
27/8/2026, 5:59:34 pm | [2026-08-27T12:29:35.903Z] [LOG] {"page":"CashClosingDashboard","event":"CASH_CLOSING_DASHBOARD_PAGE_LOADED","timestamp":"2026-08-27T12:29:35.903Z"}
27/8/2026, 5:59:35 pm | [2026-08-27T12:29:36.076Z] [LOG] {"page":"CashClosingDashboard","event":"CASH_CLOSING_RESET_CLICKED","timestamp":"2026-08-27T12:29:36.076Z"}
27/8/2026, 5:59:35 pm | [2026-08-27T12:29:36.077Z] [LOG] {"page":"CashClosingDashboard","event":"CASH_CLOSING_DASHBOARD_PAGE_LOADED","timestamp":"2026-08-27T12:29:36.077Z"}
27/8/2026, 5:59:35 pm | [2026-08-27T12:29:36.128Z] [LOG] {"page":"CashClosingDashboard","event":"CASH_CLOSING_RESET_SUCCESS","totalRecords":56,"timestamp":"2026-08-27T12:29:36.128Z"}
27/8/2026, 5:59:35 pm | [2026-08-27T12:29:36.129Z] [LOG] {"page":"CashClosingDashboard","event":"CASH_CLOSING_DASHBOARD_PAGE_LOADED","timestamp":"2026-08-27T12:29:36.129Z"}
27/8/2026, 5:59:35 pm | [2026-08-27T12:29:36.718Z] [LOG] {"page":"CashClosingDashboard","event":"CASH_CLOSING_DASHBOARD_PAGE_LOADED","timestamp":"2026-08-27T12:29:36.718Z"}
27/8/2026, 5:59:35 pm | [2026-08-27T12:29:36.718Z] [LOG] {"page":"CashClosingDashboard","event":"CASH_CLOSING_RESET_CLICKED","timestamp":"2026-08-27T12:29:36.718Z"}
27/8/2026, 5:59:35 pm | [2026-08-27T12:29:36.771Z] [LOG] {"page":"CashClosingDashboard","event":"CASH_CLOSING_RESET_SUCCESS","totalRecords":56,"timestamp":"2026-08-27T12:29:36.771Z"}
27/8/2026, 5:59:35 pm | [2026-08-27T12:29:36.772Z] [LOG] {"page":"CashClosingDashboard","event":"CASH_CLOSING_DASHBOARD_PAGE_LOADED","timestamp":"2026-08-27T12:29:36.772Z"}
27/8/2026, 5:59:35 pm | [2026-08-27T12:29:36.316Z] [LOG] {"page":"CashClosingDashboard","event":"CASH_CLOSING_RESET_CLICKED","timestamp":"2026-08-27T12:29:36.316Z"}
27/8/2026, 5:59:35 pm | [2026-08-27T12:29:36.316Z] [LOG] {"page":"CashClosingDashboard","event":"CASH_CLOSING_DASHBOARD_PAGE_LOADED","timestamp":"2026-08-27T12:29:36.316Z"}
27/8/2026, 5:59:35 pm | [2026-08-27T12:29:36.372Z] [LOG] {"page":"CashClosingDashboard","event":"CASH_CLOSING_RESET_SUCCESS","totalRecords":56,"timestamp":"2026-08-27T12:29:36.372Z"}
27/8/2026, 5:59:35 pm | [2026-08-27T12:29:36.373Z] [LOG] {"page":"CashClosingDashboard","event":"CASH_CLOSING_DASHBOARD_PAGE_LOADED","timestamp":"2026-08-27T12:29:36.373Z"}
27/8/2026, 5:59:35 pm | [2026-08-27T12:29:37.207Z] [LOG] {"page":"CashClosingDashboard","event":"CASH_CLOSING_DASHBOARD_PAGE_LOADED","timestamp":"2026-08-27T12:29:37.207Z"}
27/8/2026, 5:59:35 pm | [2026-08-27T12:29:37.207Z] [LOG] {"page":"CashClosingDashboard","event":"CASH_CLOSING_RESET_CLICKED","timestamp":"2026-08-27T12:29:37.207Z"}
27/8/2026, 5:59:35 pm | [2026-08-27T12:29:37.262Z] [LOG] {"page":"CashClosingDashboard","event":"CASH_CLOSING_RESET_SUCCESS","totalRecords":56,"timestamp":"2026-08-27T12:29:37.262Z"}
27/8/2026, 5:59:35 pm | [2026-08-27T12:29:37.263Z] [LOG] {"page":"CashClosingDashboard","event":"CASH_CLOSING_DASHBOARD_PAGE_LOADED","timestamp":"2026-08-27T12:29:37.263Z"}
27/8/2026, 5:59:35 pm | [2026-08-27T12:29:37.448Z] [LOG] {"page":"CashClosingDashboard","event":"CASH_CLOSING_DASHBOARD_PAGE_LOADED","timestamp":"2026-08-27T12:29:37.448Z"}
27/8/2026, 5:59:35 pm | [2026-08-27T12:29:37.447Z] [LOG] {"page":"CashClosingDashboard","event":"CASH_CLOSING_RESET_CLICKED","timestamp":"2026-08-27T12:29:37.447Z"}
27/8/2026, 5:59:35 pm | [2026-08-27T12:29:37.500Z] [LOG] {"page":"CashClosingDashboard","event":"CASH_CLOSING_RESET_SUCCESS","totalRecords":56,"timestamp":"2026-08-27T12:29:37.500Z"}
27/8/2026, 5:59:35 pm | [2026-08-27T12:29:37.501Z] [LOG] {"page":"CashClosingDashboard","event":"CASH_CLOSING_DASHBOARD_PAGE_LOADED","timestamp":"2026-08-27T12:29:37.501Z"}
27/8/2026, 5:59:36 pm | [2026-08-27T12:29:38.733Z] [LOG] {"page":"CashClosingDashboard","event":"CASH_CLOSING_DASHBOARD_PAGE_LOADED","timestamp":"2026-08-27T12:29:38.733Z"}
27/8/2026, 5:59:36 pm | [2026-08-27T12:29:38.733Z] [LOG] {"page":"CashClosingDashboard","event":"CASH_CLOSING_RESET_CLICKED","timestamp":"2026-08-27T12:29:38.733Z"}
27/8/2026, 5:59:37 pm | [2026-08-27T12:29:38.814Z] [LOG] {"page":"CashClosingDashboard","event":"CASH_CLOSING_RESET_SUCCESS","totalRecords":56,"timestamp":"2026-08-27T12:29:38.814Z"}
27/8/2026, 5:59:37 pm | [2026-08-27T12:29:38.815Z] [LOG] {"page":"CashClosingDashboard","event":"CASH_CLOSING_DASHBOARD_PAGE_LOADED","timestamp":"2026-08-27T12:29:38.815Z"}
27/8/2026, 5:59:37 pm | [2026-08-27T12:29:38.909Z] [LOG] {"page":"CashClosingDashboard","event":"CASH_CLOSING_DASHBOARD_PAGE_LOADED","timestamp":"2026-08-27T12:29:38.909Z"}
27/8/2026, 5:59:37 pm | [2026-08-27T12:29:38.909Z] [LOG] {"page":"CashClosingDashboard","event":"CASH_CLOSING_RESET_CLICKED","timestamp":"2026-08-27T12:29:38.909Z"}
27/8/2026, 5:59:37 pm | [2026-08-27T12:29:38.961Z] [LOG] {"page":"CashClosingDashboard","event":"CASH_CLOSING_RESET_SUCCESS","totalRecords":56,"timestamp":"2026-08-27T12:29:38.961Z"}
27/8/2026, 5:59:37 pm | [2026-08-27T12:29:38.961Z] [LOG] {"page":"CashClosingDashboard","event":"CASH_CLOSING_DASHBOARD_PAGE_LOADED","timestamp":"2026-08-27T12:29:38.961Z"}
27/8/2026, 5:59:37 pm | [2026-08-27T12:29:39.078Z] [LOG] {"page":"CashClosingDashboard","event":"CASH_CLOSING_DASHBOARD_PAGE_LOADED","timestamp":"2026-08-27T12:29:39.078Z"}
27/8/2026, 5:59:37 pm | [2026-08-27T12:29:39.077Z] [LOG] {"page":"CashClosingDashboard","event":"CASH_CLOSING_RESET_CLICKED","timestamp":"2026-08-27T12:29:39.077Z"}
27/8/2026, 5:59:37 pm | [2026-08-27T12:29:39.129Z] [LOG] {"page":"CashClosingDashboard","event":"CASH_CLOSING_RESET_SUCCESS","totalRecords":56,"timestamp":"2026-08-27T12:29:39.129Z"}
27/8/2026, 5:59:37 pm | [2026-08-27T12:29:39.130Z] [LOG] {"page":"CashClosingDashboard","event":"CASH_CLOSING_DASHBOARD_PAGE_LOADED","timestamp":"2026-08-27T12:29:39.130Z"}
27/8/2026, 5:59:37 pm | [2026-08-27T12:29:39.238Z] [LOG] {"page":"CashClosingDashboard","event":"CASH_CLOSING_DASHBOARD_PAGE_LOADED","timestamp":"2026-08-27T12:29:39.238Z"}
27/8/2026, 5:59:37 pm | [2026-08-27T12:29:39.237Z] [LOG] {"page":"CashClosingDashboard","event":"CASH_CLOSING_RESET_CLICKED","timestamp":"2026-08-27T12:29:39.237Z"}
27/8/2026, 5:59:37 pm | [2026-08-27T12:29:39.289Z] [LOG] {"page":"CashClosingDashboard","event":"CASH_CLOSING_RESET_SUCCESS","totalRecords":56,"timestamp":"2026-08-27T12:29:39.289Z"}
27/8/2026, 5:59:37 pm | [2026-08-27T12:29:39.290Z] [LOG] {"page":"CashClosingDashboard","event":"CASH_CLOSING_DASHBOARD_PAGE_LOADED","timestamp":"2026-08-27T12:29:39.290Z"}
27/8/2026, 5:59:37 pm | [2026-08-27T12:29:39.389Z] [LOG] {"page":"CashClosingDashboard","event":"CASH_CLOSING_DASHBOARD_PAGE_LOADED","timestamp":"2026-08-27T12:29:39.389Z"}
27/8/2026, 5:59:37 pm | [2026-08-27T12:29:39.389Z] [LOG] {"page":"CashClosingDashboard","event":"CASH_CLOSING_RESET_CLICKED","timestamp":"2026-08-27T12:29:39.389Z"}
27/8/2026, 5:59:37 pm | [2026-08-27T12:29:39.442Z] [LOG] {"page":"CashClosingDashboard","event":"CASH_CLOSING_RESET_SUCCESS","totalRecords":56,"timestamp":"2026-08-27T12:29:39.442Z"}
27/8/2026, 5:59:37 pm | [2026-08-27T12:29:39.444Z] [LOG] {"page":"CashClosingDashboard","event":"CASH_CLOSING_DASHBOARD_PAGE_LOADED","timestamp":"2026-08-27T12:29:39.444Z"}
27/8/2026, 5:59:37 pm | [2026-08-27T12:29:39.542Z] [LOG] {"page":"CashClosingDashboard","event":"CASH_CLOSING_DASHBOARD_PAGE_LOADED","timestamp":"2026-08-27T12:29:39.542Z"}
27/8/2026, 5:59:37 pm | [2026-08-27T12:29:39.541Z] [LOG] {"page":"CashClosingDashboard","event":"CASH_CLOSING_RESET_CLICKED","timestamp":"2026-08-27T12:29:39.541Z"}
27/8/2026, 5:59:37 pm | [2026-08-27T12:29:39.592Z] [LOG] {"page":"CashClosingDashboard","event":"CASH_CLOSING_RESET_SUCCESS","totalRecords":56,"timestamp":"2026-08-27T12:29:39.592Z"}
27/8/2026, 5:59:37 pm | [2026-08-27T12:29:39.593Z] [LOG] {"page":"CashClosingDashboard","event":"CASH_CLOSING_DASHBOARD_PAGE_LOADED","timestamp":"2026-08-27T12:29:39.593Z"}
27/8/2026, 5:59:37 pm | [2026-08-27T12:29:39.717Z] [LOG] {"page":"CashClosingDashboard","event":"CASH_CLOSING_DASHBOARD_PAGE_LOADED","timestamp":"2026-08-27T12:29:39.717Z"}
27/8/2026, 5:59:37 pm | [2026-08-27T12:29:39.717Z] [LOG] {"page":"CashClosingDashboard","event":"CASH_CLOSING_RESET_CLICKED","timestamp":"2026-08-27T12:29:39.717Z"}
27/8/2026, 5:59:38 pm | [2026-08-27T12:29:39.776Z] [LOG] {"page":"CashClosingDashboard","event":"CASH_CLOSING_RESET_SUCCESS","totalRecords":56,"timestamp":"2026-08-27T12:29:39.776Z"}
27/8/2026, 5:59:38 pm | [2026-08-27T12:29:39.777Z] [LOG] {"page":"CashClosingDashboard","event":"CASH_CLOSING_DASHBOARD_PAGE_LOADED","timestamp":"2026-08-27T12:29:39.777Z"}
27/8/2026, 5:59:38 pm | [2026-08-27T12:29:40.302Z] [LOG] {"page":"CashClosingDashboard","event":"CASH_CLOSING_DASHBOARD_PAGE_LOADED","timestamp":"2026-08-27T12:29:40.302Z"}
27/8/2026, 5:59:38 pm | [2026-08-27T12:29:40.301Z] [LOG] {"page":"CashClosingDashboard","event":"CASH_CLOSING_RESET_CLICKED","timestamp":"2026-08-27T12:29:40.301Z"}
27/8/2026, 5:59:38 pm | [2026-08-27T12:29:40.353Z] [LOG] {"page":"CashClosingDashboard","event":"CASH_CLOSING_RESET_SUCCESS","totalRecords":56,"timestamp":"2026-08-27T12:29:40.353Z"}
27/8/2026, 5:59:38 pm | [2026-08-27T12:29:40.354Z] [LOG] {"page":"CashClosingDashboard","event":"CASH_CLOSING_DASHBOARD_PAGE_LOADED","timestamp":"2026-08-27T12:29:40.354Z"}
27/8/2026, 5:59:38 pm | [2026-08-27T12:29:40.477Z] [LOG] {"page":"CashClosingDashboard","event":"CASH_CLOSING_DASHBOARD_PAGE_LOADED","timestamp":"2026-08-27T12:29:40.477Z"}
27/8/2026, 5:59:38 pm | [2026-08-27T12:29:40.477Z] [LOG] {"page":"CashClosingDashboard","event":"CASH_CLOSING_RESET_CLICKED","timestamp":"2026-08-27T12:29:40.477Z"}
27/8/2026, 5:59:38 pm | [2026-08-27T12:29:40.530Z] [LOG] {"page":"CashClosingDashboard","event":"CASH_CLOSING_RESET_SUCCESS","totalRecords":56,"timestamp":"2026-08-27T12:29:40.530Z"}
27/8/2026, 5:59:38 pm | [2026-08-27T12:29:40.531Z] [LOG] {"page":"CashClosingDashboard","event":"CASH_CLOSING_DASHBOARD_PAGE_LOADED","timestamp":"2026-08-27T12:29:40.531Z"}
27/8/2026, 5:59:51 pm | [2026-08-27T12:29:52.765Z] [LOG] {"page":"CashClosingDashboard","event":"CASH_CLOSING_RESET_CLICKED","timestamp":"2026-08-27T12:29:52.765Z"}
27/8/2026, 5:59:51 pm | [2026-08-27T12:29:52.765Z] [LOG] {"page":"CashClosingDashboard","event":"CASH_CLOSING_DASHBOARD_PAGE_LOADED","timestamp":"2026-08-27T12:29:52.765Z"}
27/8/2026, 5:59:51 pm | [2026-08-27T12:29:52.895Z] [LOG] {"page":"CashClosingDashboard","event":"CASH_CLOSING_RESET_SUCCESS","totalRecords":56,"timestamp":"2026-08-27T12:29:52.895Z"}
27/8/2026, 5:59:51 pm | [2026-08-27T12:29:52.896Z] [LOG] {"page":"CashClosingDashboard","event":"CASH_CLOSING_DASHBOARD_PAGE_LOADED","timestamp":"2026-08-27T12:29:52.896Z"}
27/8/2026, 5:59:51 pm | [2026-08-27T12:29:52.932Z] [LOG] {"page":"CashClosingDashboard","event":"CASH_CLOSING_RESET_CLICKED","timestamp":"2026-08-27T12:29:52.932Z"}
27/8/2026, 5:59:51 pm | [2026-08-27T12:29:52.933Z] [LOG] {"page":"CashClosingDashboard","event":"CASH_CLOSING_DASHBOARD_PAGE_LOADED","timestamp":"2026-08-27T12:29:52.933Z"}
27/8/2026, 5:59:51 pm | [2026-08-27T12:29:52.984Z] [LOG] {"page":"CashClosingDashboard","event":"CASH_CLOSING_RESET_SUCCESS","totalRecords":56,"timestamp":"2026-08-27T12:29:52.984Z"}
27/8/2026, 5:59:51 pm | [2026-08-27T12:29:52.985Z] [LOG] {"page":"CashClosingDashboard","event":"CASH_CLOSING_DASHBOARD_PAGE_LOADED","timestamp":"2026-08-27T12:29:52.985Z"}
27/8/2026, 5:59:51 pm | [2026-08-27T12:29:53.101Z] [LOG] {"page":"CashClosingDashboard","event":"CASH_CLOSING_DASHBOARD_PAGE_LOADED","timestamp":"2026-08-27T12:29:53.101Z"}
27/8/2026, 5:59:51 pm | [2026-08-27T12:29:53.101Z] [LOG] {"page":"CashClosingDashboard","event":"CASH_CLOSING_RESET_CLICKED","timestamp":"2026-08-27T12:29:53.101Z"}
27/8/2026, 5:59:51 pm | [2026-08-27T12:29:53.151Z] [LOG] {"page":"CashClosingDashboard","event":"CASH_CLOSING_RESET_SUCCESS","totalRecords":56,"timestamp":"2026-08-27T12:29:53.151Z"}
27/8/2026, 5:59:51 pm | [2026-08-27T12:29:53.152Z] [LOG] {"page":"CashClosingDashboard","event":"CASH_CLOSING_DASHBOARD_PAGE_LOADED","timestamp":"2026-08-27T12:29:53.152Z"}
27/8/2026, 5:59:51 pm | [2026-08-27T12:29:53.246Z] [LOG] {"page":"CashClosingDashboard","event":"CASH_CLOSING_DASHBOARD_PAGE_LOADED","timestamp":"2026-08-27T12:29:53.245Z"}
27/8/2026, 5:59:51 pm | [2026-08-27T12:29:53.245Z] [LOG] {"page":"CashClosingDashboard","event":"CASH_CLOSING_RESET_CLICKED","timestamp":"2026-08-27T12:29:53.245Z"}
27/8/2026, 5:59:51 pm | [2026-08-27T12:29:53.300Z] [LOG] {"page":"CashClosingDashboard","event":"CASH_CLOSING_RESET_SUCCESS","totalRecords":56,"timestamp":"2026-08-27T12:29:53.300Z"}
27/8/2026, 5:59:51 pm | [2026-08-27T12:29:53.300Z] [LOG] {"page":"CashClosingDashboard","event":"CASH_CLOSING_DASHBOARD_PAGE_LOADED","timestamp":"2026-08-27T12:29:53.300Z"}
27/8/2026, 5:59:51 pm | [2026-08-27T12:29:53.397Z] [LOG] {"page":"CashClosingDashboard","event":"CASH_CLOSING_DASHBOARD_PAGE_LOADED","timestamp":"2026-08-27T12:29:53.397Z"}
27/8/2026, 5:59:51 pm | [2026-08-27T12:29:53.396Z] [LOG] {"page":"CashClosingDashboard","event":"CASH_CLOSING_RESET_CLICKED","timestamp":"2026-08-27T12:29:53.396Z"}
27/8/2026, 5:59:51 pm | [2026-08-27T12:29:53.449Z] [LOG] {"page":"CashClosingDashboard","event":"CASH_CLOSING_RESET_SUCCESS","totalRecords":56,"timestamp":"2026-08-27T12:29:53.449Z"}
27/8/2026, 5:59:51 pm | [2026-08-27T12:29:53.450Z] [LOG] {"page":"CashClosingDashboard","event":"CASH_CLOSING_DASHBOARD_PAGE_LOADED","timestamp":"2026-08-27T12:29:53.450Z"}
27/8/2026, 5:59:51 pm | [2026-08-27T12:29:53.534Z] [LOG] {"page":"CashClosingDashboard","event":"CASH_CLOSING_DASHBOARD_PAGE_LOADED","timestamp":"2026-08-27T12:29:53.534Z"}
27/8/2026, 5:59:51 pm | [2026-08-27T12:29:53.263Z] [LOG] {"page":"CashClosingDashboard","event":"CASH_CLOSING_RESET_CLICKED","timestamp":"2026-08-27T12:29:53.263Z"}
27/8/2026, 5:59:51 pm | [2026-08-27T12:29:53.533Z] [LOG] {"page":"CashClosingDashboard","event":"CASH_CLOSING_RESET_CLICKED","timestamp":"2026-08-27T12:29:53.533Z"}
27/8/2026, 5:59:51 pm | [2026-08-27T12:29:53.264Z] [LOG] {"page":"CashClosingDashboard","event":"CASH_CLOSING_DASHBOARD_PAGE_LOADED","timestamp":"2026-08-27T12:29:53.264Z"}
27/8/2026, 5:59:51 pm | [2026-08-27T12:29:53.587Z] [LOG] {"page":"CashClosingDashboard","event":"CASH_CLOSING_RESET_SUCCESS","totalRecords":56,"timestamp":"2026-08-27T12:29:53.587Z"}
27/8/2026, 5:59:51 pm | [2026-08-27T12:29:53.587Z] [LOG] {"page":"CashClosingDashboard","event":"CASH_CLOSING_DASHBOARD_PAGE_LOADED","timestamp":"2026-08-27T12:29:53.587Z"}
27/8/2026, 5:59:51 pm | [2026-08-27T12:29:53.424Z] [LOG] {"page":"CashClosingDashboard","event":"CASH_CLOSING_DASHBOARD_PAGE_LOADED","timestamp":"2026-08-27T12:29:53.424Z"}
27/8/2026, 5:59:51 pm | [2026-08-27T12:29:53.423Z] [LOG] {"page":"CashClosingDashboard","event":"CASH_CLOSING_RESET_SUCCESS","totalRecords":56,"timestamp":"2026-08-27T12:29:53.423Z"}
27/8/2026, 5:59:51 pm | [2026-08-27T12:29:53.686Z] [LOG] {"page":"CashClosingDashboard","event":"CASH_CLOSING_DASHBOARD_PAGE_LOADED","timestamp":"2026-08-27T12:29:53.685Z"}
27/8/2026, 5:59:51 pm | [2026-08-27T12:29:53.685Z] [LOG] {"page":"CashClosingDashboard","event":"CASH_CLOSING_RESET_CLICKED","timestamp":"2026-08-27T12:29:53.685Z"}
27/8/2026, 5:59:52 pm | [2026-08-27T12:29:53.738Z] [LOG] {"page":"CashClosingDashboard","event":"CASH_CLOSING_RESET_SUCCESS","totalRecords":56,"timestamp":"2026-08-27T12:29:53.738Z"}
27/8/2026, 5:59:52 pm | [2026-08-27T12:29:53.738Z] [LOG] {"page":"CashClosingDashboard","event":"CASH_CLOSING_DASHBOARD_PAGE_LOADED","timestamp":"2026-08-27T12:29:53.738Z"}
27/8/2026, 5:59:52 pm | [2026-08-27T12:29:53.830Z] [LOG] {"page":"CashClosingDashboard","event":"CASH_CLOSING_DASHBOARD_PAGE_LOADED","timestamp":"2026-08-27T12:29:53.830Z"}
27/8/2026, 5:59:52 pm | [2026-08-27T12:29:53.829Z] [LOG] {"page":"CashClosingDashboard","event":"CASH_CLOSING_RESET_CLICKED","timestamp":"2026-08-27T12:29:53.829Z"}
27/8/2026, 5:59:52 pm | [2026-08-27T12:29:53.883Z] [LOG] {"page":"CashClosingDashboard","event":"CASH_CLOSING_RESET_SUCCESS","totalRecords":56,"timestamp":"2026-08-27T12:29:53.883Z"}
27/8/2026, 5:59:52 pm | [2026-08-27T12:29:53.883Z] [LOG] {"page":"CashClosingDashboard","event":"CASH_CLOSING_DASHBOARD_PAGE_LOADED","timestamp":"2026-08-27T12:29:53.883Z"}
27/8/2026, 5:59:52 pm | [2026-08-27T12:29:53.934Z] [LOG] {"page":"CashClosingDashboard","event":"CASH_CLOSING_DASHBOARD_PAGE_LOADED","timestamp":"2026-08-27T12:29:53.934Z"}
27/8/2026, 5:59:52 pm | [2026-08-27T12:29:53.933Z] [LOG] {"page":"CashClosingDashboard","event":"CASH_CLOSING_RESET_CLICKED","timestamp":"2026-08-27T12:29:53.933Z"}
27/8/2026, 5:59:52 pm | [2026-08-27T12:29:53.992Z] [LOG] {"page":"CashClosingDashboard","event":"CASH_CLOSING_RESET_SUCCESS","totalRecords":56,"timestamp":"2026-08-27T12:29:53.992Z"}
27/8/2026, 5:59:52 pm | [2026-08-27T12:29:53.993Z] [LOG] {"page":"CashClosingDashboard","event":"CASH_CLOSING_DASHBOARD_PAGE_LOADED","timestamp":"2026-08-27T12:29:53.993Z"}
27/8/2026, 5:59:52 pm | [2026-08-27T12:29:54.070Z] [LOG] {"page":"CashClosingDashboard","event":"CASH_CLOSING_DASHBOARD_PAGE_LOADED","timestamp":"2026-08-27T12:29:54.070Z"}
27/8/2026, 5:59:52 pm | [2026-08-27T12:29:54.069Z] [LOG] {"page":"CashClosingDashboard","event":"CASH_CLOSING_RESET_CLICKED","timestamp":"2026-08-27T12:29:54.069Z"}
27/8/2026, 5:59:52 pm | [2026-08-27T12:29:54.120Z] [LOG] {"page":"CashClosingDashboard","event":"CASH_CLOSING_RESET_SUCCESS","totalRecords":56,"timestamp":"2026-08-27T12:29:54.120Z"}
27/8/2026, 5:59:52 pm | [2026-08-27T12:29:54.121Z] [LOG] {"page":"CashClosingDashboard","event":"CASH_CLOSING_DASHBOARD_PAGE_LOADED","timestamp":"2026-08-27T12:29:54.121Z"}
27/8/2026, 5:59:52 pm | [2026-08-27T12:29:54.189Z] [LOG] {"page":"CashClosingDashboard","event":"CASH_CLOSING_DASHBOARD_PAGE_LOADED","timestamp":"2026-08-27T12:29:54.189Z"}
27/8/2026, 5:59:52 pm | [2026-08-27T12:29:54.189Z] [LOG] {"page":"CashClosingDashboard","event":"CASH_CLOSING_RESET_CLICKED","timestamp":"2026-08-27T12:29:54.189Z"}
27/8/2026, 5:59:52 pm | [2026-08-27T12:29:54.242Z] [LOG] {"page":"CashClosingDashboard","event":"CASH_CLOSING_RESET_SUCCESS","totalRecords":56,"timestamp":"2026-08-27T12:29:54.242Z"}
27/8/2026, 5:59:52 pm | [2026-08-27T12:29:54.242Z] [LOG] {"page":"CashClosingDashboard","event":"CASH_CLOSING_DASHBOARD_PAGE_LOADED","timestamp":"2026-08-27T12:29:54.242Z"}
27/8/2026, 5:59:52 pm | [2026-08-27T12:29:54.333Z] [LOG] {"page":"CashClosingDashboard","event":"CASH_CLOSING_DASHBOARD_PAGE_LOADED","timestamp":"2026-08-27T12:29:54.333Z"}
27/8/2026, 5:59:52 pm | [2026-08-27T12:29:54.333Z] [LOG] {"page":"CashClosingDashboard","event":"CASH_CLOSING_RESET_CLICKED","timestamp":"2026-08-27T12:29:54.333Z"}
27/8/2026, 5:59:52 pm | [2026-08-27T12:29:54.384Z] [LOG] {"page":"CashClosingDashboard","event":"CASH_CLOSING_RESET_SUCCESS","totalRecords":56,"timestamp":"2026-08-27T12:29:54.384Z"}
27/8/2026, 5:59:52 pm | [2026-08-27T12:29:54.385Z] [LOG] {"page":"CashClosingDashboard","event":"CASH_CLOSING_DASHBOARD_PAGE_LOADED","timestamp":"2026-08-27T12:29:54.385Z"}
27/8/2026, 5:59:52 pm | [2026-08-27T12:29:54.446Z] [LOG] {"page":"CashClosingDashboard","event":"CASH_CLOSING_DASHBOARD_PAGE_LOADED","timestamp":"2026-08-27T12:29:54.446Z"}
27/8/2026, 5:59:52 pm | [2026-08-27T12:29:54.445Z] [LOG] {"page":"CashClosingDashboard","event":"CASH_CLOSING_RESET_CLICKED","timestamp":"2026-08-27T12:29:54.445Z"}
27/8/2026, 5:59:52 pm | [2026-08-27T12:29:54.296Z] [LOG] {"page":"CashClosingDashboard","event":"CASH_CLOSING_DASHBOARD_PAGE_LOADED","timestamp":"2026-08-27T12:29:54.296Z"}
27/8/2026, 5:59:52 pm | [2026-08-27T12:29:54.295Z] [LOG] {"page":"CashClosingDashboard","event":"CASH_CLOSING_RESET_CLICKED","timestamp":"2026-08-27T12:29:54.295Z"}
27/8/2026, 5:59:52 pm | [2026-08-27T12:29:54.498Z] [LOG] {"page":"CashClosingDashboard","event":"CASH_CLOSING_RESET_SUCCESS","totalRecords":56,"timestamp":"2026-08-27T12:29:54.498Z"}
27/8/2026, 5:59:52 pm | [2026-08-27T12:29:54.499Z] [LOG] {"page":"CashClosingDashboard","event":"CASH_CLOSING_DASHBOARD_PAGE_LOADED","timestamp":"2026-08-27T12:29:54.499Z"}
27/8/2026, 5:59:52 pm | [2026-08-27T12:29:54.348Z] [LOG] {"page":"CashClosingDashboard","event":"CASH_CLOSING_RESET_SUCCESS","totalRecords":56,"timestamp":"2026-08-27T12:29:54.348Z"}
27/8/2026, 5:59:52 pm | [2026-08-27T12:29:54.349Z] [LOG] {"page":"CashClosingDashboard","event":"CASH_CLOSING_DASHBOARD_PAGE_LOADED","timestamp":"2026-08-27T12:29:54.349Z"}
27/8/2026, 5:59:52 pm | [2026-08-27T12:29:54.677Z] [LOG] {"page":"CashClosingDashboard","event":"CASH_CLOSING_DASHBOARD_PAGE_LOADED","timestamp":"2026-08-27T12:29:54.677Z"}
27/8/2026, 5:59:52 pm | [2026-08-27T12:29:54.677Z] [LOG] {"page":"CashClosingDashboard","event":"CASH_CLOSING_RESET_CLICKED","timestamp":"2026-08-27T12:29:54.677Z"}
27/8/2026, 5:59:52 pm | [2026-08-27T12:29:54.730Z] [LOG] {"page":"CashClosingDashboard","event":"CASH_CLOSING_RESET_SUCCESS","totalRecords":56,"timestamp":"2026-08-27T12:29:54.730Z"}
27/8/2026, 5:59:52 pm | [2026-08-27T12:29:54.731Z] [LOG] {"page":"CashClosingDashboard","event":"CASH_CLOSING_DASHBOARD_PAGE_LOADED","timestamp":"2026-08-27T12:29:54.731Z"}
27/8/2026, 5:59:53 pm | [2026-08-27T12:29:54.814Z] [LOG] {"page":"CashClosingDashboard","event":"CASH_CLOSING_DASHBOARD_PAGE_LOADED","timestamp":"2026-08-27T12:29:54.814Z"}
27/8/2026, 5:59:53 pm | [2026-08-27T12:29:54.813Z] [LOG] {"page":"CashClosingDashboard","event":"CASH_CLOSING_RESET_CLICKED","timestamp":"2026-08-27T12:29:54.813Z"}
27/8/2026, 5:59:53 pm | [2026-08-27T12:29:54.867Z] [LOG] {"page":"CashClosingDashboard","event":"CASH_CLOSING_RESET_SUCCESS","totalRecords":56,"timestamp":"2026-08-27T12:29:54.867Z"}
27/8/2026, 5:59:53 pm | [2026-08-27T12:29:54.868Z] [LOG] {"page":"CashClosingDashboard","event":"CASH_CLOSING_DASHBOARD_PAGE_LOADED","timestamp":"2026-08-27T12:29:54.868Z"}
27/8/2026, 5:59:53 pm | [2026-08-27T12:29:54.958Z] [LOG] {"page":"CashClosingDashboard","event":"CASH_CLOSING_DASHBOARD_PAGE_LOADED","timestamp":"2026-08-27T12:29:54.958Z"}
27/8/2026, 5:59:53 pm | [2026-08-27T12:29:54.957Z] [LOG] {"page":"CashClosingDashboard","event":"CASH_CLOSING_RESET_CLICKED","timestamp":"2026-08-27T12:29:54.957Z"}
27/8/2026, 5:59:53 pm | [2026-08-27T12:29:55.008Z] [LOG] {"page":"CashClosingDashboard","event":"CASH_CLOSING_RESET_SUCCESS","totalRecords":56,"timestamp":"2026-08-27T12:29:55.008Z"}
27/8/2026, 5:59:53 pm | [2026-08-27T12:29:55.008Z] [LOG] {"page":"CashClosingDashboard","event":"CASH_CLOSING_DASHBOARD_PAGE_LOADED","timestamp":"2026-08-27T12:29:55.008Z"}
27/8/2026, 5:59:53 pm | [2026-08-27T12:29:54.880Z] [LOG] {"page":"CashClosingDashboard","event":"CASH_CLOSING_DASHBOARD_PAGE_LOADED","timestamp":"2026-08-27T12:29:54.879Z"}
27/8/2026, 5:59:53 pm | [2026-08-27T12:29:54.879Z] [LOG] {"page":"CashClosingDashboard","event":"CASH_CLOSING_RESET_CLICKED","timestamp":"2026-08-27T12:29:54.879Z"}
27/8/2026, 5:59:53 pm | [2026-08-27T12:29:54.931Z] [LOG] {"page":"CashClosingDashboard","event":"CASH_CLOSING_RESET_SUCCESS","totalRecords":56,"timestamp":"2026-08-27T12:29:54.931Z"}
27/8/2026, 5:59:53 pm | [2026-08-27T12:29:54.932Z] [LOG] {"page":"CashClosingDashboard","event":"CASH_CLOSING_DASHBOARD_PAGE_LOADED","timestamp":"2026-08-27T12:29:54.932Z"}
27/8/2026, 5:59:53 pm | [2026-08-27T12:29:55.110Z] [LOG] {"page":"CashClosingDashboard","event":"CASH_CLOSING_DASHBOARD_PAGE_LOADED","timestamp":"2026-08-27T12:29:55.110Z"}
27/8/2026, 5:59:53 pm | [2026-08-27T12:29:55.109Z] [LOG] {"page":"CashClosingDashboard","event":"CASH_CLOSING_RESET_CLICKED","timestamp":"2026-08-27T12:29:55.109Z"}
27/8/2026, 5:59:53 pm | [2026-08-27T12:29:55.161Z] [LOG] {"page":"CashClosingDashboard","event":"CASH_CLOSING_RESET_SUCCESS","totalRecords":56,"timestamp":"2026-08-27T12:29:55.161Z"}
27/8/2026, 5:59:53 pm | [2026-08-27T12:29:55.162Z] [LOG] {"page":"CashClosingDashboard","event":"CASH_CLOSING_DASHBOARD_PAGE_LOADED","timestamp":"2026-08-27T12:29:55.162Z"}
27/8/2026, 5:59:53 pm | [2026-08-27T12:29:55.269Z] [LOG] {"page":"CashClosingDashboard","event":"CASH_CLOSING_DASHBOARD_PAGE_LOADED","timestamp":"2026-08-27T12:29:55.269Z"}
27/8/2026, 5:59:53 pm | [2026-08-27T12:29:55.269Z] [LOG] {"page":"CashClosingDashboard","event":"CASH_CLOSING_RESET_CLICKED","timestamp":"2026-08-27T12:29:55.269Z"}
27/8/2026, 5:59:53 pm | [2026-08-27T12:29:55.327Z] [LOG] {"page":"CashClosingDashboard","event":"CASH_CLOSING_RESET_SUCCESS","totalRecords":56,"timestamp":"2026-08-27T12:29:55.327Z"}
27/8/2026, 5:59:53 pm | [2026-08-27T12:29:55.328Z] [LOG] {"page":"CashClosingDashboard","event":"CASH_CLOSING_DASHBOARD_PAGE_LOADED","timestamp":"2026-08-27T12:29:55.328Z"}
27/8/2026, 5:59:57 pm | [2026-08-27T12:29:58.702Z] [LOG] {"page":"CashClosingDashboard","event":"CASH_CLOSING_RESET_CLICKED","timestamp":"2026-08-27T12:29:58.702Z"}
27/8/2026, 5:59:57 pm | [2026-08-27T12:29:58.703Z] [LOG] {"page":"CashClosingDashboard","event":"CASH_CLOSING_DASHBOARD_PAGE_LOADED","timestamp":"2026-08-27T12:29:58.703Z"}
27/8/2026, 5:59:57 pm | [2026-08-27T12:29:58.789Z] [LOG] {"page":"CashClosingDashboard","event":"CASH_CLOSING_RESET_SUCCESS","totalRecords":56,"timestamp":"2026-08-27T12:29:58.789Z"}
27/8/2026, 5:59:57 pm | [2026-08-27T12:29:58.790Z] [LOG] {"page":"CashClosingDashboard","event":"CASH_CLOSING_DASHBOARD_PAGE_LOADED","timestamp":"2026-08-27T12:29:58.790Z"}
27/8/2026, 5:59:57 pm | [2026-08-27T12:29:59.406Z] [LOG] {"page":"CashClosingDashboard","event":"CASH_CLOSING_DASHBOARD_PAGE_LOADED","timestamp":"2026-08-27T12:29:59.406Z"}
27/8/2026, 5:59:57 pm | [2026-08-27T12:29:59.406Z] [LOG] {"page":"CashClosingDashboard","event":"CASH_CLOSING_RESET_CLICKED","timestamp":"2026-08-27T12:29:59.405Z"}
27/8/2026, 5:59:57 pm | [2026-08-27T12:29:59.459Z] [LOG] {"page":"CashClosingDashboard","event":"CASH_CLOSING_RESET_SUCCESS","totalRecords":56,"timestamp":"2026-08-27T12:29:59.459Z"}
27/8/2026, 5:59:57 pm | [2026-08-27T12:29:59.460Z] [LOG] {"page":"CashClosingDashboard","event":"CASH_CLOSING_DASHBOARD_PAGE_LOADED","timestamp":"2026-08-27T12:29:59.460Z"}
27/8/2026, 5:59:58 pm | [2026-08-27T12:29:59.743Z] [LOG] {"page":"CashClosingDashboard","event":"CASH_CLOSING_DASHBOARD_PAGE_LOADED","timestamp":"2026-08-27T12:29:59.743Z"}
27/8/2026, 5:59:58 pm | [2026-08-27T12:29:59.743Z] [LOG] {"page":"CashClosingDashboard","event":"CASH_CLOSING_RESET_CLICKED","timestamp":"2026-08-27T12:29:59.743Z"}
27/8/2026, 5:59:58 pm | [2026-08-27T12:29:59.796Z] [LOG] {"page":"CashClosingDashboard","event":"CASH_CLOSING_RESET_SUCCESS","totalRecords":56,"timestamp":"2026-08-27T12:29:59.796Z"}
27/8/2026, 5:59:58 pm | [2026-08-27T12:29:59.797Z] [LOG] {"page":"CashClosingDashboard","event":"CASH_CLOSING_DASHBOARD_PAGE_LOADED","timestamp":"2026-08-27T12:29:59.797Z"}
27/8/2026, 5:59:58 pm | [2026-08-27T12:30:00.271Z] [LOG] {"page":"CashClosingDashboard","event":"CASH_CLOSING_DASHBOARD_PAGE_LOADED","timestamp":"2026-08-27T12:30:00.271Z"}
27/8/2026, 5:59:58 pm | [2026-08-27T12:30:00.271Z] [LOG] {"page":"CashClosingDashboard","event":"CASH_CLOSING_RESET_CLICKED","timestamp":"2026-08-27T12:30:00.271Z"}
27/8/2026, 5:59:58 pm | [2026-08-27T12:30:00.322Z] [LOG] {"page":"CashClosingDashboard","event":"CASH_CLOSING_RESET_SUCCESS","totalRecords":56,"timestamp":"2026-08-27T12:30:00.322Z"}
27/8/2026, 5:59:58 pm | [2026-08-27T12:30:00.322Z] [LOG] {"page":"CashClosingDashboard","event":"CASH_CLOSING_DASHBOARD_PAGE_LOADED","timestamp":"2026-08-27T12:30:00.322Z"}
27/8/2026, 6:00:00 pm | [2026-08-27T12:30:02.261Z] [LOG] {"page":"CashClosingDashboard","event":"CASH_CLOSING_RESET_CLICKED","timestamp":"2026-08-27T12:30:02.261Z"}
27/8/2026, 6:00:00 pm | [2026-08-27T12:30:02.262Z] [LOG] {"page":"CashClosingDashboard","event":"CASH_CLOSING_DASHBOARD_PAGE_LOADED","timestamp":"2026-08-27T12:30:02.261Z"}
27/8/2026, 6:00:00 pm | [2026-08-27T12:30:02.385Z] [LOG] {"page":"CashClosingDashboard","event":"CASH_CLOSING_DASHBOARD_PAGE_LOADED","timestamp":"2026-08-27T12:30:02.385Z"}
27/8/2026, 6:00:00 pm | [2026-08-27T12:30:02.384Z] [LOG] {"page":"CashClosingDashboard","event":"CASH_CLOSING_RESET_SUCCESS","totalRecords":56,"timestamp":"2026-08-27T12:30:02.384Z"}
27/8/2026, 6:00:00 pm | [2026-08-27T12:30:02.437Z] [LOG] {"page":"CashClosingDashboard","event":"CASH_CLOSING_DASHBOARD_PAGE_LOADED","timestamp":"2026-08-27T12:30:02.437Z"}
27/8/2026, 6:00:00 pm | [2026-08-27T12:30:02.436Z] [LOG] {"page":"CashClosingDashboard","event":"CASH_CLOSING_RESET_CLICKED","timestamp":"2026-08-27T12:30:02.436Z"}
27/8/2026, 6:00:00 pm | [2026-08-27T12:30:02.491Z] [LOG] {"page":"CashClosingDashboard","event":"CASH_CLOSING_RESET_SUCCESS","totalRecords":56,"timestamp":"2026-08-27T12:30:02.491Z"}
27/8/2026, 6:00:00 pm | [2026-08-27T12:30:02.492Z] [LOG] {"page":"CashClosingDashboard","event":"CASH_CLOSING_DASHBOARD_PAGE_LOADED","timestamp":"2026-08-27T12:30:02.492Z"}
27/8/2026, 6:00:00 pm | [2026-08-27T12:30:02.581Z] [LOG] {"page":"CashClosingDashboard","event":"CASH_CLOSING_DASHBOARD_PAGE_LOADED","timestamp":"2026-08-27T12:30:02.581Z"}
27/8/2026, 6:00:00 pm | [2026-08-27T12:30:02.581Z] [LOG] {"page":"CashClosingDashboard","event":"CASH_CLOSING_RESET_CLICKED","timestamp":"2026-08-27T12:30:02.581Z"}
27/8/2026, 6:00:00 pm | [2026-08-27T12:30:02.633Z] [LOG] {"page":"CashClosingDashboard","event":"CASH_CLOSING_RESET_SUCCESS","totalRecords":56,"timestamp":"2026-08-27T12:30:02.633Z"}
27/8/2026, 6:00:00 pm | [2026-08-27T12:30:02.634Z] [LOG] {"page":"CashClosingDashboard","event":"CASH_CLOSING_DASHBOARD_PAGE_LOADED","timestamp":"2026-08-27T12:30:02.634Z"}
27/8/2026, 6:00:01 pm | [2026-08-27T12:30:02.749Z] [LOG] {"page":"CashClosingDashboard","event":"CASH_CLOSING_DASHBOARD_PAGE_LOADED","timestamp":"2026-08-27T12:30:02.749Z"}
27/8/2026, 6:00:01 pm | [2026-08-27T12:30:02.749Z] [LOG] {"page":"CashClosingDashboard","event":"CASH_CLOSING_RESET_CLICKED","timestamp":"2026-08-27T12:30:02.749Z"}
27/8/2026, 6:00:01 pm | [2026-08-27T12:30:02.805Z] [LOG] {"page":"CashClosingDashboard","event":"CASH_CLOSING_RESET_SUCCESS","totalRecords":56,"timestamp":"2026-08-27T12:30:02.805Z"}
27/8/2026, 6:00:01 pm | [2026-08-27T12:30:02.805Z] [LOG] {"page":"CashClosingDashboard","event":"CASH_CLOSING_DASHBOARD_PAGE_LOADED","timestamp":"2026-08-27T12:30:02.805Z"}
27/8/2026, 6:00:01 pm | [2026-08-27T12:30:02.878Z] [LOG] {"page":"CashClosingDashboard","event":"CASH_CLOSING_DASHBOARD_PAGE_LOADED","timestamp":"2026-08-27T12:30:02.878Z"}
27/8/2026, 6:00:01 pm | [2026-08-27T12:30:02.877Z] [LOG] {"page":"CashClosingDashboard","event":"CASH_CLOSING_RESET_CLICKED","timestamp":"2026-08-27T12:30:02.877Z"}
27/8/2026, 6:00:01 pm | [2026-08-27T12:30:02.930Z] [LOG] {"page":"CashClosingDashboard","event":"CASH_CLOSING_RESET_SUCCESS","totalRecords":56,"timestamp":"2026-08-27T12:30:02.930Z"}
27/8/2026, 6:00:01 pm | [2026-08-27T12:30:02.931Z] [LOG] {"page":"CashClosingDashboard","event":"CASH_CLOSING_DASHBOARD_PAGE_LOADED","timestamp":"2026-08-27T12:30:02.931Z"}
27/8/2026, 6:00:01 pm | [2026-08-27T12:30:02.974Z] [LOG] {"page":"CashClosingDashboard","event":"CASH_CLOSING_DASHBOARD_PAGE_LOADED","timestamp":"2026-08-27T12:30:02.974Z"}
27/8/2026, 6:00:01 pm | [2026-08-27T12:30:02.973Z] [LOG] {"page":"CashClosingDashboard","event":"CASH_CLOSING_RESET_CLICKED","timestamp":"2026-08-27T12:30:02.973Z"}
27/8/2026, 6:00:01 pm | [2026-08-27T12:30:03.025Z] [LOG] {"page":"CashClosingDashboard","event":"CASH_CLOSING_RESET_SUCCESS","totalRecords":56,"timestamp":"2026-08-27T12:30:03.025Z"}
27/8/2026, 6:00:01 pm | [2026-08-27T12:30:03.026Z] [LOG] {"page":"CashClosingDashboard","event":"CASH_CLOSING_DASHBOARD_PAGE_LOADED","timestamp":"2026-08-27T12:30:03.026Z"}
27/8/2026, 6:00:01 pm | [2026-08-27T12:30:03.086Z] [LOG] {"page":"CashClosingDashboard","event":"CASH_CLOSING_DASHBOARD_PAGE_LOADED","timestamp":"2026-08-27T12:30:03.086Z"}
27/8/2026, 6:00:01 pm | [2026-08-27T12:30:03.085Z] [LOG] {"page":"CashClosingDashboard","event":"CASH_CLOSING_RESET_CLICKED","timestamp":"2026-08-27T12:30:03.085Z"}
27/8/2026, 6:00:01 pm | [2026-08-27T12:30:03.150Z] [LOG] {"page":"CashClosingDashboard","event":"CASH_CLOSING_RESET_SUCCESS","totalRecords":56,"timestamp":"2026-08-27T12:30:03.150Z"}
27/8/2026, 6:00:01 pm | [2026-08-27T12:30:03.150Z] [LOG] {"page":"CashClosingDashboard","event":"CASH_CLOSING_DASHBOARD_PAGE_LOADED","timestamp":"2026-08-27T12:30:03.150Z"}
27/8/2026, 6:00:01 pm | [2026-08-27T12:30:03.461Z] [LOG] {"page":"CashClosingDashboard","event":"CASH_CLOSING_DASHBOARD_PAGE_LOADED","timestamp":"2026-08-27T12:30:03.461Z"}
27/8/2026, 6:00:01 pm | [2026-08-27T12:30:03.461Z] [LOG] {"page":"CashClosingDashboard","event":"CASH_CLOSING_RESET_CLICKED","timestamp":"2026-08-27T12:30:03.461Z"}
27/8/2026, 6:00:01 pm | [2026-08-27T12:30:03.512Z] [LOG] {"page":"CashClosingDashboard","event":"CASH_CLOSING_RESET_SUCCESS","totalRecords":56,"timestamp":"2026-08-27T12:30:03.512Z"}
27/8/2026, 6:00:01 pm | [2026-08-27T12:30:03.513Z] [LOG] {"page":"CashClosingDashboard","event":"CASH_CLOSING_DASHBOARD_PAGE_LOADED","timestamp":"2026-08-27T12:30:03.513Z"}
27/8/2026, 6:00:01 pm | [2026-08-27T12:30:03.638Z] [LOG] {"page":"CashClosingDashboard","event":"CASH_CLOSING_DASHBOARD_PAGE_LOADED","timestamp":"2026-08-27T12:30:03.638Z"}
27/8/2026, 6:00:01 pm | [2026-08-27T12:30:03.637Z] [LOG] {"page":"CashClosingDashboard","event":"CASH_CLOSING_RESET_CLICKED","timestamp":"2026-08-27T12:30:03.637Z"}
27/8/2026, 6:00:01 pm | [2026-08-27T12:30:03.690Z] [LOG] {"page":"CashClosingDashboard","event":"CASH_CLOSING_RESET_SUCCESS","totalRecords":56,"timestamp":"2026-08-27T12:30:03.690Z"}
27/8/2026, 6:00:01 pm | [2026-08-27T12:30:03.691Z] [LOG] {"page":"CashClosingDashboard","event":"CASH_CLOSING_DASHBOARD_PAGE_LOADED","timestamp":"2026-08-27T12:30:03.691Z"}
27/8/2026, 6:00:02 pm | [2026-08-27T12:30:03.798Z] [LOG] {"page":"CashClosingDashboard","event":"CASH_CLOSING_DASHBOARD_PAGE_LOADED","timestamp":"2026-08-27T12:30:03.797Z"}
27/8/2026, 6:00:02 pm | [2026-08-27T12:30:03.797Z] [LOG] {"page":"CashClosingDashboard","event":"CASH_CLOSING_RESET_CLICKED","timestamp":"2026-08-27T12:30:03.797Z"}
27/8/2026, 6:00:02 pm | [2026-08-27T12:30:03.850Z] [LOG] {"page":"CashClosingDashboard","event":"CASH_CLOSING_RESET_SUCCESS","totalRecords":56,"timestamp":"2026-08-27T12:30:03.850Z"}
27/8/2026, 6:00:02 pm | [2026-08-27T12:30:03.851Z] [LOG] {"page":"CashClosingDashboard","event":"CASH_CLOSING_DASHBOARD_PAGE_LOADED","timestamp":"2026-08-27T12:30:03.851Z"}
27/8/2026, 6:00:03 pm | [2026-08-27T12:30:04.932Z] [LOG] {"page":"CashClosingDashboard","event":"CASH_CLOSING_RESET_CLICKED","timestamp":"2026-08-27T12:30:04.932Z"}
27/8/2026, 6:00:03 pm | [2026-08-27T12:30:04.933Z] [LOG] {"page":"CashClosingDashboard","event":"CASH_CLOSING_DASHBOARD_PAGE_LOADED","timestamp":"2026-08-27T12:30:04.933Z"}
27/8/2026, 6:00:04 pm | [2026-08-27T12:30:05.053Z] [LOG] {"page":"CashClosingDashboard","event":"CASH_CLOSING_RESET_SUCCESS","totalRecords":56,"timestamp":"2026-08-27T12:30:05.053Z"}
27/8/2026, 6:00:04 pm | [2026-08-27T12:30:05.054Z] [LOG] {"page":"CashClosingDashboard","event":"CASH_CLOSING_DASHBOARD_PAGE_LOADED","timestamp":"2026-08-27T12:30:05.054Z"}
27/8/2026, 6:00:04 pm | [2026-08-27T12:30:05.156Z] [LOG] {"page":"CashClosingDashboard","event":"CASH_CLOSING_DASHBOARD_PAGE_LOADED","timestamp":"2026-08-27T12:30:05.156Z"}
27/8/2026, 6:00:04 pm | [2026-08-27T12:30:05.156Z] [LOG] {"page":"CashClosingDashboard","event":"CASH_CLOSING_RESET_CLICKED","timestamp":"2026-08-27T12:30:05.156Z"}
27/8/2026, 6:00:04 pm | [2026-08-27T12:30:05.241Z] [LOG] {"page":"CashClosingDashboard","event":"CASH_CLOSING_RESET_SUCCESS","totalRecords":56,"timestamp":"2026-08-27T12:30:05.241Z"}
27/8/2026, 6:00:04 pm | [2026-08-27T12:30:05.243Z] [LOG] {"page":"CashClosingDashboard","event":"CASH_CLOSING_DASHBOARD_PAGE_LOADED","timestamp":"2026-08-27T12:30:05.243Z"}
27/8/2026, 6:00:04 pm | [2026-08-27T12:30:05.404Z] [LOG] {"page":"CashClosingDashboard","event":"CASH_CLOSING_DASHBOARD_PAGE_LOADED","timestamp":"2026-08-27T12:30:05.404Z"}
27/8/2026, 6:00:04 pm | [2026-08-27T12:30:05.404Z] [LOG] {"page":"CashClosingDashboard","event":"CASH_CLOSING_RESET_CLICKED","timestamp":"2026-08-27T12:30:05.404Z"}
27/8/2026, 6:00:04 pm | [2026-08-27T12:30:05.462Z] [LOG] {"page":"CashClosingDashboard","event":"CASH_CLOSING_RESET_SUCCESS","totalRecords":56,"timestamp":"2026-08-27T12:30:05.462Z"}
27/8/2026, 6:00:04 pm | [2026-08-27T12:30:05.463Z] [LOG] {"page":"CashClosingDashboard","event":"CASH_CLOSING_DASHBOARD_PAGE_LOADED","timestamp":"2026-08-27T12:30:05.463Z"}
27/8/2026, 6:00:04 pm | [2026-08-27T12:30:05.676Z] [LOG] {"page":"CashClosingDashboard","event":"CASH_CLOSING_DASHBOARD_PAGE_LOADED","timestamp":"2026-08-27T12:30:05.676Z"}
27/8/2026, 6:00:04 pm | [2026-08-27T12:30:05.676Z] [LOG] {"page":"CashClosingDashboard","event":"CASH_CLOSING_RESET_CLICKED","timestamp":"2026-08-27T12:30:05.676Z"}
27/8/2026, 6:00:04 pm | [2026-08-27T12:30:05.727Z] [LOG] {"page":"CashClosingDashboard","event":"CASH_CLOSING_RESET_SUCCESS","totalRecords":56,"timestamp":"2026-08-27T12:30:05.727Z"}
27/8/2026, 6:00:04 pm | [2026-08-27T12:30:05.728Z] [LOG] {"page":"CashClosingDashboard","event":"CASH_CLOSING_DASHBOARD_PAGE_LOADED","timestamp":"2026-08-27T12:30:05.728Z"}
27/8/2026, 6:00:04 pm | [2026-08-27T12:30:06.557Z] [LOG] {"page":"CashClosingDashboard","event":"CASH_CLOSING_DASHBOARD_PAGE_LOADED","timestamp":"2026-08-27T12:30:06.557Z"}
27/8/2026, 6:00:04 pm | [2026-08-27T12:30:06.557Z] [LOG] {"page":"CashClosingDashboard","event":"CASH_CLOSING_NEXT_PAGE","currentPage":2,"timestamp":"2026-08-27T12:30:06.557Z"}
27/8/2026, 6:00:05 pm | [2026-08-27T12:30:06.109Z] [LOG] {"page":"CashClosingDashboard","event":"CASH_CLOSING_DASHBOARD_PAGE_LOADED","timestamp":"2026-08-27T12:30:06.109Z"}
27/8/2026, 6:00:05 pm | [2026-08-27T12:30:06.108Z] [LOG] {"page":"CashClosingDashboard","event":"CASH_CLOSING_RESET_CLICKED","timestamp":"2026-08-27T12:30:06.108Z"}
27/8/2026, 6:00:05 pm | [2026-08-27T12:30:06.159Z] [LOG] {"page":"CashClosingDashboard","event":"CASH_CLOSING_RESET_SUCCESS","totalRecords":56,"timestamp":"2026-08-27T12:30:06.159Z"}
27/8/2026, 6:00:05 pm | [2026-08-27T12:30:06.160Z] [LOG] {"page":"CashClosingDashboard","event":"CASH_CLOSING_DASHBOARD_PAGE_LOADED","timestamp":"2026-08-27T12:30:06.160Z"}
27/8/2026, 6:00:05 pm | [2026-08-27T12:30:07.013Z] [LOG] {"page":"CashClosingDashboard","event":"CASH_CLOSING_DASHBOARD_PAGE_LOADED","timestamp":"2026-08-27T12:30:07.013Z"}
27/8/2026, 6:00:05 pm | [2026-08-27T12:30:07.013Z] [LOG] {"page":"CashClosingDashboard","event":"CASH_CLOSING_NEXT_PAGE","currentPage":3,"timestamp":"2026-08-27T12:30:07.013Z"}
27/8/2026, 6:00:05 pm | [2026-08-27T12:30:07.437Z] [LOG] {"page":"CashClosingDashboard","event":"CASH_CLOSING_DASHBOARD_PAGE_LOADED","timestamp":"2026-08-27T12:30:07.437Z"}
27/8/2026, 6:00:05 pm | [2026-08-27T12:30:07.437Z] [LOG] {"page":"CashClosingDashboard","event":"CASH_CLOSING_NEXT_PAGE","currentPage":4,"timestamp":"2026-08-27T12:30:07.437Z"}
27/8/2026, 6:00:08 pm | [2026-08-27T12:30:10.293Z] [LOG] {"page":"CashClosingDashboard","event":"CASH_CLOSING_DASHBOARD_PAGE_LOADED","timestamp":"2026-08-27T12:30:10.293Z"}
27/8/2026, 6:00:08 pm | [2026-08-27T12:30:10.293Z] [LOG] {"page":"CashClosingDashboard","event":"CASH_CLOSING_RESET_CLICKED","timestamp":"2026-08-27T12:30:10.293Z"}
27/8/2026, 6:00:08 pm | [2026-08-27T12:30:10.373Z] [LOG] {"page":"CashClosingDashboard","event":"CASH_CLOSING_RESET_SUCCESS","totalRecords":56,"timestamp":"2026-08-27T12:30:10.373Z"}
27/8/2026, 6:00:08 pm | [2026-08-27T12:30:10.375Z] [LOG] {"page":"CashClosingDashboard","event":"CASH_CLOSING_DASHBOARD_PAGE_LOADED","timestamp":"2026-08-27T12:30:10.375Z"}
27/8/2026, 6:00:08 pm | [2026-08-27T12:30:10.469Z] [LOG] {"page":"CashClosingDashboard","event":"CASH_CLOSING_DASHBOARD_PAGE_LOADED","timestamp":"2026-08-27T12:30:10.469Z"}
27/8/2026, 6:00:08 pm | [2026-08-27T12:30:10.469Z] [LOG] {"page":"CashClosingDashboard","event":"CASH_CLOSING_RESET_CLICKED","timestamp":"2026-08-27T12:30:10.469Z"}
27/8/2026, 6:00:08 pm | [2026-08-27T12:30:10.521Z] [LOG] {"page":"CashClosingDashboard","event":"CASH_CLOSING_RESET_SUCCESS","totalRecords":56,"timestamp":"2026-08-27T12:30:10.521Z"}
27/8/2026, 6:00:08 pm | [2026-08-27T12:30:10.522Z] [LOG] {"page":"CashClosingDashboard","event":"CASH_CLOSING_DASHBOARD_PAGE_LOADED","timestamp":"2026-08-27T12:30:10.522Z"}
27/8/2026, 6:00:08 pm | [2026-08-27T12:30:10.645Z] [LOG] {"page":"CashClosingDashboard","event":"CASH_CLOSING_DASHBOARD_PAGE_LOADED","timestamp":"2026-08-27T12:30:10.645Z"}
27/8/2026, 6:00:08 pm | [2026-08-27T12:30:10.645Z] [LOG] {"page":"CashClosingDashboard","event":"CASH_CLOSING_RESET_CLICKED","timestamp":"2026-08-27T12:30:10.645Z"}
27/8/2026, 6:00:08 pm | [2026-08-27T12:30:10.697Z] [LOG] {"page":"CashClosingDashboard","event":"CASH_CLOSING_RESET_SUCCESS","totalRecords":56,"timestamp":"2026-08-27T12:30:10.697Z"}
27/8/2026, 6:00:08 pm | [2026-08-27T12:30:10.698Z] [LOG] {"page":"CashClosingDashboard","event":"CASH_CLOSING_DASHBOARD_PAGE_LOADED","timestamp":"2026-08-27T12:30:10.698Z"}
27/8/2026, 6:00:09 pm | [2026-08-27T12:30:10.790Z] [LOG] {"page":"CashClosingDashboard","event":"CASH_CLOSING_DASHBOARD_PAGE_LOADED","timestamp":"2026-08-27T12:30:10.790Z"}
27/8/2026, 6:00:09 pm | [2026-08-27T12:30:10.789Z] [LOG] {"page":"CashClosingDashboard","event":"CASH_CLOSING_RESET_CLICKED","timestamp":"2026-08-27T12:30:10.789Z"}
27/8/2026, 6:00:09 pm | [2026-08-27T12:30:10.842Z] [LOG] {"page":"CashClosingDashboard","event":"CASH_CLOSING_RESET_SUCCESS","totalRecords":56,"timestamp":"2026-08-27T12:30:10.842Z"}
27/8/2026, 6:00:09 pm | [2026-08-27T12:30:10.843Z] [LOG] {"page":"CashClosingDashboard","event":"CASH_CLOSING_DASHBOARD_PAGE_LOADED","timestamp":"2026-08-27T12:30:10.843Z"}
27/8/2026, 6:00:09 pm | [2026-08-27T12:30:10.949Z] [LOG] {"page":"CashClosingDashboard","event":"CASH_CLOSING_DASHBOARD_PAGE_LOADED","timestamp":"2026-08-27T12:30:10.949Z"}
27/8/2026, 6:00:09 pm | [2026-08-27T12:30:10.949Z] [LOG] {"page":"CashClosingDashboard","event":"CASH_CLOSING_RESET_CLICKED","timestamp":"2026-08-27T12:30:10.949Z"}
27/8/2026, 6:00:09 pm | [2026-08-27T12:30:11.000Z] [LOG] {"page":"CashClosingDashboard","event":"CASH_CLOSING_RESET_SUCCESS","totalRecords":56,"timestamp":"2026-08-27T12:30:11.000Z"}
27/8/2026, 6:00:09 pm | [2026-08-27T12:30:11.001Z] [LOG] {"page":"CashClosingDashboard","event":"CASH_CLOSING_DASHBOARD_PAGE_LOADED","timestamp":"2026-08-27T12:30:11.001Z"}
27/8/2026, 6:00:09 pm | [2026-08-27T12:30:11.093Z] [LOG] {"page":"CashClosingDashboard","event":"CASH_CLOSING_DASHBOARD_PAGE_LOADED","timestamp":"2026-08-27T12:30:11.093Z"}
27/8/2026, 6:00:09 pm | [2026-08-27T12:30:11.093Z] [LOG] {"page":"CashClosingDashboard","event":"CASH_CLOSING_RESET_CLICKED","timestamp":"2026-08-27T12:30:11.093Z"}
27/8/2026, 6:00:09 pm | [2026-08-27T12:30:11.144Z] [LOG] {"page":"CashClosingDashboard","event":"CASH_CLOSING_RESET_SUCCESS","totalRecords":56,"timestamp":"2026-08-27T12:30:11.144Z"}
27/8/2026, 6:00:09 pm | [2026-08-27T12:30:11.145Z] [LOG] {"page":"CashClosingDashboard","event":"CASH_CLOSING_DASHBOARD_PAGE_LOADED","timestamp":"2026-08-27T12:30:11.145Z"}
27/8/2026, 6:00:09 pm | [2026-08-27T12:30:11.221Z] [LOG] {"page":"CashClosingDashboard","event":"CASH_CLOSING_DASHBOARD_PAGE_LOADED","timestamp":"2026-08-27T12:30:11.221Z"}
27/8/2026, 6:00:09 pm | [2026-08-27T12:30:11.221Z] [LOG] {"page":"CashClosingDashboard","event":"CASH_CLOSING_RESET_CLICKED","timestamp":"2026-08-27T12:30:11.221Z"}
27/8/2026, 6:00:09 pm | [2026-08-27T12:30:11.273Z] [LOG] {"page":"CashClosingDashboard","event":"CASH_CLOSING_RESET_SUCCESS","totalRecords":56,"timestamp":"2026-08-27T12:30:11.273Z"}
27/8/2026, 6:00:09 pm | [2026-08-27T12:30:11.274Z] [LOG] {"page":"CashClosingDashboard","event":"CASH_CLOSING_DASHBOARD_PAGE_LOADED","timestamp":"2026-08-27T12:30:11.274Z"}
27/8/2026, 6:00:09 pm | [2026-08-27T12:30:11.365Z] [LOG] {"page":"CashClosingDashboard","event":"CASH_CLOSING_DASHBOARD_PAGE_LOADED","timestamp":"2026-08-27T12:30:11.365Z"}
27/8/2026, 6:00:09 pm | [2026-08-27T12:30:11.364Z] [LOG] {"page":"CashClosingDashboard","event":"CASH_CLOSING_RESET_CLICKED","timestamp":"2026-08-27T12:30:11.364Z"}
27/8/2026, 6:00:09 pm | [2026-08-27T12:30:11.418Z] [LOG] {"page":"CashClosingDashboard","event":"CASH_CLOSING_RESET_SUCCESS","totalRecords":56,"timestamp":"2026-08-27T12:30:11.418Z"}
27/8/2026, 6:00:09 pm | [2026-08-27T12:30:11.419Z] [LOG] {"page":"CashClosingDashboard","event":"CASH_CLOSING_DASHBOARD_PAGE_LOADED","timestamp":"2026-08-27T12:30:11.419Z"}
27/8/2026, 6:00:09 pm | [2026-08-27T12:30:11.485Z] [LOG] {"page":"CashClosingDashboard","event":"CASH_CLOSING_DASHBOARD_PAGE_LOADED","timestamp":"2026-08-27T12:30:11.485Z"}
27/8/2026, 6:00:09 pm | [2026-08-27T12:30:11.485Z] [LOG] {"page":"CashClosingDashboard","event":"CASH_CLOSING_RESET_CLICKED","timestamp":"2026-08-27T12:30:11.485Z"}
27/8/2026, 6:00:09 pm | [2026-08-27T12:30:11.536Z] [LOG] {"page":"CashClosingDashboard","event":"CASH_CLOSING_RESET_SUCCESS","totalRecords":56,"timestamp":"2026-08-27T12:30:11.536Z"}
27/8/2026, 6:00:09 pm | [2026-08-27T12:30:11.537Z] [LOG] {"page":"CashClosingDashboard","event":"CASH_CLOSING_DASHBOARD_PAGE_LOADED","timestamp":"2026-08-27T12:30:11.537Z"}
27/8/2026, 6:00:14 pm | [2026-08-27T12:30:16.205Z] [LOG] {"page":"CashClosingDashboard","event":"CASH_CLOSING_EXPORT_CLICKED","filters":{"cluster":"","branch":"","fromDate":"","toDate":"","status":""},"timestamp":"2026-08-27T12:30:16.205Z"}
27/8/2026, 6:00:14 pm | [2026-08-27T12:30:16.326Z] [LOG] {"page":"CashClosingDashboard","event":"CASH_CLOSING_EXPORT_SUCCESS","filters":{"cluster":"","branch":"","fromDate":"","toDate":"","status":""},"timestamp":"2026-08-27T12:30:16.326Z"}
27/8/2026, 6:48:26 pm | [2026-08-27T13:18:27.322Z] [LOG] {"page":"CashClosingDashboard","event":"CASH_CLOSING_SEARCH_CLICKED","filters":{"cluster":"","branch":"","fromDate":"","toDate":"","status":""},"timestamp":"2026-08-27T13:18:27.322Z"}
27/8/2026, 6:48:26 pm | [2026-08-27T13:18:27.752Z] [LOG] {"page":"CashClosingDashboard","event":"CASH_CLOSING_SEARCH_SUCCESS","totalRecords":56,"filters":{"cluster":"","branch":"","fromDate":"","toDate":"","status":""},"timestamp":"2026-08-27T13:18:27.752Z"}
27/8/2026, 6:48:26 pm | [2026-08-27T13:18:27.753Z] [LOG] {"page":"CashClosingDashboard","event":"CASH_CLOSING_DASHBOARD_PAGE_LOADED","timestamp":"2026-08-27T13:18:27.753Z"}
