7/7/2026, 10:19:54 am | {"api":"/api/cash-closing-dashboard","event":"CASH_CLOSING_DASHBOARD_API_STARTED","filters":{"cluster":"","branch":"","fromDate":"","toDate":"","status":""},"timestamp":"2026-07-07T04:49:54.800Z"}
7/7/2026, 10:19:54 am | {"api":"/api/cash-closing-dashboard","event":"CASH_CLOSING_DASHBOARD_DB_CONNECTED","timestamp":"2026-07-07T04:49:54.802Z"}
7/7/2026, 10:19:54 am | {"api":"/api/cash-closing-dashboard","event":"CASH_CLOSING_DASHBOARD_QUERY_STARTED","filters":{"cluster":"","branch":"","fromDate":"","toDate":"","status":""},"timestamp":"2026-07-07T04:49:54.802Z"}
7/7/2026, 10:19:54 am | {"api":"/api/cash-closing-dashboard","event":"CASH_CLOSING_DASHBOARD_DATA_FETCHED","totalRecords":56,"timestamp":"2026-07-07T04:49:54.926Z"}
7/7/2026, 10:19:54 am | {"api":"/api/cash-closing-dashboard","event":"CASH_CLOSING_CLUSTER_FETCHED","totalClusters":4,"timestamp":"2026-07-07T04:49:54.933Z"}
7/7/2026, 10:19:54 am | {"api":"/api/cash-closing-dashboard","event":"CASH_CLOSING_BRANCH_FETCHED","totalBranches":56,"timestamp":"2026-07-07T04:49:54.940Z"}
7/7/2026, 10:19:54 am | {"api":"/api/cash-closing-dashboard","event":"CASH_CLOSING_DASHBOARD_SUCCESS","totalRecords":56,"filters":{"cluster":"","branch":"","fromDate":"","toDate":"","status":""},"timestamp":"2026-07-07T04:49:54.941Z"}
7/7/2026, 10:20:02 am | {"api":"/api/cash-closing-dashboard","event":"CASH_CLOSING_DASHBOARD_API_STARTED","filters":{"cluster":"","branch":"","fromDate":"2026-07-06","toDate":"2026-07-06","status":""},"timestamp":"2026-07-07T04:50:02.411Z"}
7/7/2026, 10:20:02 am | {"api":"/api/cash-closing-dashboard","event":"CASH_CLOSING_DASHBOARD_DB_CONNECTED","timestamp":"2026-07-07T04:50:02.412Z"}
7/7/2026, 10:20:02 am | {"api":"/api/cash-closing-dashboard","event":"CASH_CLOSING_DASHBOARD_QUERY_STARTED","filters":{"cluster":"","branch":"","fromDate":"2026-07-06","toDate":"2026-07-06","status":""},"timestamp":"2026-07-07T04:50:02.413Z"}
7/7/2026, 10:20:02 am | {"api":"/api/cash-closing-dashboard","event":"CASH_CLOSING_DASHBOARD_DATA_FETCHED","totalRecords":56,"timestamp":"2026-07-07T04:50:02.419Z"}
7/7/2026, 10:20:02 am | {"api":"/api/cash-closing-dashboard","event":"CASH_CLOSING_CLUSTER_FETCHED","totalClusters":4,"timestamp":"2026-07-07T04:50:02.423Z"}
7/7/2026, 10:20:02 am | {"api":"/api/cash-closing-dashboard","event":"CASH_CLOSING_BRANCH_FETCHED","totalBranches":56,"timestamp":"2026-07-07T04:50:02.427Z"}
7/7/2026, 10:20:02 am | {"api":"/api/cash-closing-dashboard","event":"CASH_CLOSING_DASHBOARD_SUCCESS","totalRecords":56,"filters":{"cluster":"","branch":"","fromDate":"2026-07-06","toDate":"2026-07-06","status":""},"timestamp":"2026-07-07T04:50:02.428Z"}
7/7/2026, 10:20:07 am | {"api":"/api/cash-closing-dashboard","event":"CASH_CLOSING_DASHBOARD_API_STARTED","filters":{"cluster":"","branch":"","fromDate":"2026-07-06","toDate":"2026-07-06","status":"Pending"},"timestamp":"2026-07-07T04:50:07.069Z"}
7/7/2026, 10:20:07 am | {"api":"/api/cash-closing-dashboard","event":"CASH_CLOSING_DASHBOARD_DB_CONNECTED","timestamp":"2026-07-07T04:50:07.070Z"}
7/7/2026, 10:20:07 am | {"api":"/api/cash-closing-dashboard","event":"CASH_CLOSING_DASHBOARD_QUERY_STARTED","filters":{"cluster":"","branch":"","fromDate":"2026-07-06","toDate":"2026-07-06","status":"Pending"},"timestamp":"2026-07-07T04:50:07.071Z"}
7/7/2026, 10:20:07 am | {"api":"/api/cash-closing-dashboard","event":"CASH_CLOSING_DASHBOARD_DATA_FETCHED","totalRecords":4,"timestamp":"2026-07-07T04:50:07.085Z"}
7/7/2026, 10:20:07 am | {"api":"/api/cash-closing-dashboard","event":"CASH_CLOSING_CLUSTER_FETCHED","totalClusters":4,"timestamp":"2026-07-07T04:50:07.089Z"}
7/7/2026, 10:20:07 am | {"api":"/api/cash-closing-dashboard","event":"CASH_CLOSING_BRANCH_FETCHED","totalBranches":56,"timestamp":"2026-07-07T04:50:07.093Z"}
7/7/2026, 10:20:07 am | {"api":"/api/cash-closing-dashboard","event":"CASH_CLOSING_DASHBOARD_SUCCESS","totalRecords":4,"filters":{"cluster":"","branch":"","fromDate":"2026-07-06","toDate":"2026-07-06","status":"Pending"},"timestamp":"2026-07-07T04:50:07.094Z"}
7/7/2026, 10:20:10 am | {"api":"/api/cash-closing-dashboard","event":"CASH_CLOSING_DASHBOARD_API_STARTED","filters":{"cluster":"","branch":"","fromDate":"","toDate":"","status":""},"timestamp":"2026-07-07T04:50:10.707Z"}
7/7/2026, 10:20:10 am | {"api":"/api/cash-closing-dashboard","event":"CASH_CLOSING_DASHBOARD_DB_CONNECTED","timestamp":"2026-07-07T04:50:10.708Z"}
7/7/2026, 10:20:10 am | {"api":"/api/cash-closing-dashboard","event":"CASH_CLOSING_DASHBOARD_QUERY_STARTED","filters":{"cluster":"","branch":"","fromDate":"","toDate":"","status":""},"timestamp":"2026-07-07T04:50:10.708Z"}
7/7/2026, 10:20:10 am | {"api":"/api/cash-closing-dashboard","event":"CASH_CLOSING_DASHBOARD_DATA_FETCHED","totalRecords":56,"timestamp":"2026-07-07T04:50:10.714Z"}
7/7/2026, 10:20:10 am | {"api":"/api/cash-closing-dashboard","event":"CASH_CLOSING_CLUSTER_FETCHED","totalClusters":4,"timestamp":"2026-07-07T04:50:10.718Z"}
7/7/2026, 10:20:10 am | {"api":"/api/cash-closing-dashboard","event":"CASH_CLOSING_BRANCH_FETCHED","totalBranches":56,"timestamp":"2026-07-07T04:50:10.728Z"}
7/7/2026, 10:20:10 am | {"api":"/api/cash-closing-dashboard","event":"CASH_CLOSING_DASHBOARD_SUCCESS","totalRecords":56,"filters":{"cluster":"","branch":"","fromDate":"","toDate":"","status":""},"timestamp":"2026-07-07T04:50:10.729Z"}
7/7/2026, 10:20:13 am | {"api":"/api/cash-closing-dashboard","event":"CASH_CLOSING_DASHBOARD_API_STARTED","filters":{"cluster":"","branch":"","fromDate":"","toDate":"","status":""},"timestamp":"2026-07-07T04:50:13.381Z"}
7/7/2026, 10:20:13 am | {"api":"/api/cash-closing-dashboard","event":"CASH_CLOSING_DASHBOARD_DB_CONNECTED","timestamp":"2026-07-07T04:50:13.383Z"}
7/7/2026, 10:20:13 am | {"api":"/api/cash-closing-dashboard","event":"CASH_CLOSING_DASHBOARD_QUERY_STARTED","filters":{"cluster":"","branch":"","fromDate":"","toDate":"","status":""},"timestamp":"2026-07-07T04:50:13.383Z"}
7/7/2026, 10:20:13 am | {"api":"/api/cash-closing-dashboard","event":"CASH_CLOSING_DASHBOARD_DATA_FETCHED","totalRecords":56,"timestamp":"2026-07-07T04:50:13.389Z"}
7/7/2026, 10:20:13 am | {"api":"/api/cash-closing-dashboard","event":"CASH_CLOSING_CLUSTER_FETCHED","totalClusters":4,"timestamp":"2026-07-07T04:50:13.393Z"}
7/7/2026, 10:20:13 am | {"api":"/api/cash-closing-dashboard","event":"CASH_CLOSING_BRANCH_FETCHED","totalBranches":56,"timestamp":"2026-07-07T04:50:13.396Z"}
7/7/2026, 10:20:13 am | {"api":"/api/cash-closing-dashboard","event":"CASH_CLOSING_DASHBOARD_SUCCESS","totalRecords":56,"filters":{"cluster":"","branch":"","fromDate":"","toDate":"","status":""},"timestamp":"2026-07-07T04:50:13.397Z"}
7/7/2026, 10:20:20 am | {"api":"/api/cash-closing-dashboard","event":"CASH_CLOSING_DASHBOARD_API_STARTED","filters":{"cluster":"","branch":"","fromDate":"","toDate":"","status":""},"timestamp":"2026-07-07T04:50:20.263Z"}
7/7/2026, 10:20:20 am | {"api":"/api/cash-closing-dashboard","event":"CASH_CLOSING_DASHBOARD_DB_CONNECTED","timestamp":"2026-07-07T04:50:20.265Z"}
7/7/2026, 10:20:20 am | {"api":"/api/cash-closing-dashboard","event":"CASH_CLOSING_DASHBOARD_QUERY_STARTED","filters":{"cluster":"","branch":"","fromDate":"","toDate":"","status":""},"timestamp":"2026-07-07T04:50:20.266Z"}
7/7/2026, 10:20:20 am | {"api":"/api/cash-closing-dashboard","event":"CASH_CLOSING_DASHBOARD_DATA_FETCHED","totalRecords":56,"timestamp":"2026-07-07T04:50:20.272Z"}
7/7/2026, 10:20:20 am | {"api":"/api/cash-closing-dashboard","event":"CASH_CLOSING_CLUSTER_FETCHED","totalClusters":4,"timestamp":"2026-07-07T04:50:20.277Z"}
7/7/2026, 10:20:20 am | {"api":"/api/cash-closing-dashboard","event":"CASH_CLOSING_BRANCH_FETCHED","totalBranches":56,"timestamp":"2026-07-07T04:50:20.282Z"}
7/7/2026, 10:20:20 am | {"api":"/api/cash-closing-dashboard","event":"CASH_CLOSING_DASHBOARD_SUCCESS","totalRecords":56,"filters":{"cluster":"","branch":"","fromDate":"","toDate":"","status":""},"timestamp":"2026-07-07T04:50:20.283Z"}
7/7/2026, 10:20:24 am | {"api":"/api/cash-closing-dashboard","event":"CASH_CLOSING_DASHBOARD_API_STARTED","filters":{"cluster":"","branch":"","fromDate":"","toDate":"","status":""},"timestamp":"2026-07-07T04:50:24.433Z"}
7/7/2026, 10:20:24 am | {"api":"/api/cash-closing-dashboard","event":"CASH_CLOSING_DASHBOARD_DB_CONNECTED","timestamp":"2026-07-07T04:50:24.434Z"}
7/7/2026, 10:20:24 am | {"api":"/api/cash-closing-dashboard","event":"CASH_CLOSING_DASHBOARD_QUERY_STARTED","filters":{"cluster":"","branch":"","fromDate":"","toDate":"","status":""},"timestamp":"2026-07-07T04:50:24.435Z"}
7/7/2026, 10:20:24 am | {"api":"/api/cash-closing-dashboard","event":"CASH_CLOSING_DASHBOARD_DATA_FETCHED","totalRecords":56,"timestamp":"2026-07-07T04:50:24.442Z"}
7/7/2026, 10:20:24 am | {"api":"/api/cash-closing-dashboard","event":"CASH_CLOSING_CLUSTER_FETCHED","totalClusters":4,"timestamp":"2026-07-07T04:50:24.446Z"}
7/7/2026, 10:20:24 am | {"api":"/api/cash-closing-dashboard","event":"CASH_CLOSING_BRANCH_FETCHED","totalBranches":56,"timestamp":"2026-07-07T04:50:24.451Z"}
7/7/2026, 10:20:24 am | {"api":"/api/cash-closing-dashboard","event":"CASH_CLOSING_DASHBOARD_SUCCESS","totalRecords":56,"filters":{"cluster":"","branch":"","fromDate":"","toDate":"","status":""},"timestamp":"2026-07-07T04:50:24.452Z"}
7/7/2026, 10:20:25 am | {"api":"/api/cash-closing-dashboard","event":"CASH_CLOSING_DASHBOARD_API_STARTED","filters":{"cluster":"","branch":"","fromDate":"","toDate":"","status":""},"timestamp":"2026-07-07T04:50:25.950Z"}
7/7/2026, 10:20:25 am | {"api":"/api/cash-closing-dashboard","event":"CASH_CLOSING_DASHBOARD_DB_CONNECTED","timestamp":"2026-07-07T04:50:25.951Z"}
7/7/2026, 10:20:25 am | {"api":"/api/cash-closing-dashboard","event":"CASH_CLOSING_DASHBOARD_QUERY_STARTED","filters":{"cluster":"","branch":"","fromDate":"","toDate":"","status":""},"timestamp":"2026-07-07T04:50:25.952Z"}
7/7/2026, 10:20:25 am | {"api":"/api/cash-closing-dashboard","event":"CASH_CLOSING_DASHBOARD_DATA_FETCHED","totalRecords":56,"timestamp":"2026-07-07T04:50:25.957Z"}
7/7/2026, 10:20:25 am | {"api":"/api/cash-closing-dashboard","event":"CASH_CLOSING_CLUSTER_FETCHED","totalClusters":4,"timestamp":"2026-07-07T04:50:25.961Z"}
7/7/2026, 10:20:25 am | {"api":"/api/cash-closing-dashboard","event":"CASH_CLOSING_BRANCH_FETCHED","totalBranches":56,"timestamp":"2026-07-07T04:50:25.964Z"}
7/7/2026, 10:20:25 am | {"api":"/api/cash-closing-dashboard","event":"CASH_CLOSING_DASHBOARD_SUCCESS","totalRecords":56,"filters":{"cluster":"","branch":"","fromDate":"","toDate":"","status":""},"timestamp":"2026-07-07T04:50:25.965Z"}
7/7/2026, 11:50:00 am | {"api":"/api/cash-closing-dashboard","event":"CASH_CLOSING_DASHBOARD_API_STARTED","filters":{"cluster":"","branch":"","fromDate":"","toDate":"","status":""},"timestamp":"2026-07-07T06:20:00.950Z"}
7/7/2026, 11:50:00 am | {"api":"/api/cash-closing-dashboard","event":"CASH_CLOSING_DASHBOARD_DB_CONNECTED","timestamp":"2026-07-07T06:20:00.951Z"}
7/7/2026, 11:50:00 am | {"api":"/api/cash-closing-dashboard","event":"CASH_CLOSING_DASHBOARD_QUERY_STARTED","filters":{"cluster":"","branch":"","fromDate":"","toDate":"","status":""},"timestamp":"2026-07-07T06:20:00.952Z"}
7/7/2026, 11:50:00 am | {"api":"/api/cash-closing-dashboard","event":"CASH_CLOSING_DASHBOARD_DATA_FETCHED","totalRecords":56,"timestamp":"2026-07-07T06:20:00.964Z"}
7/7/2026, 11:50:00 am | {"api":"/api/cash-closing-dashboard","event":"CASH_CLOSING_CLUSTER_FETCHED","totalClusters":4,"timestamp":"2026-07-07T06:20:00.968Z"}
7/7/2026, 11:50:00 am | {"api":"/api/cash-closing-dashboard","event":"CASH_CLOSING_BRANCH_FETCHED","totalBranches":56,"timestamp":"2026-07-07T06:20:00.973Z"}
7/7/2026, 11:50:00 am | {"api":"/api/cash-closing-dashboard","event":"CASH_CLOSING_DASHBOARD_SUCCESS","totalRecords":56,"filters":{"cluster":"","branch":"","fromDate":"","toDate":"","status":""},"timestamp":"2026-07-07T06:20:00.973Z"}
7/7/2026, 11:50:18 am | {"api":"/api/cash-closing-dashboard","event":"CASH_CLOSING_DASHBOARD_API_STARTED","filters":{"cluster":"","branch":"","fromDate":"","toDate":"","status":""},"timestamp":"2026-07-07T06:20:18.758Z"}
7/7/2026, 11:50:18 am | {"api":"/api/cash-closing-dashboard","event":"CASH_CLOSING_DASHBOARD_DB_CONNECTED","timestamp":"2026-07-07T06:20:18.759Z"}
7/7/2026, 11:50:18 am | {"api":"/api/cash-closing-dashboard","event":"CASH_CLOSING_DASHBOARD_QUERY_STARTED","filters":{"cluster":"","branch":"","fromDate":"","toDate":"","status":""},"timestamp":"2026-07-07T06:20:18.760Z"}
7/7/2026, 11:50:18 am | {"api":"/api/cash-closing-dashboard","event":"CASH_CLOSING_DASHBOARD_DATA_FETCHED","totalRecords":56,"timestamp":"2026-07-07T06:20:18.771Z"}
7/7/2026, 11:50:18 am | {"api":"/api/cash-closing-dashboard","event":"CASH_CLOSING_CLUSTER_FETCHED","totalClusters":4,"timestamp":"2026-07-07T06:20:18.774Z"}
7/7/2026, 11:50:18 am | {"api":"/api/cash-closing-dashboard","event":"CASH_CLOSING_BRANCH_FETCHED","totalBranches":56,"timestamp":"2026-07-07T06:20:18.778Z"}
7/7/2026, 11:50:18 am | {"api":"/api/cash-closing-dashboard","event":"CASH_CLOSING_DASHBOARD_SUCCESS","totalRecords":56,"filters":{"cluster":"","branch":"","fromDate":"","toDate":"","status":""},"timestamp":"2026-07-07T06:20:18.779Z"}
7/7/2026, 11:50:30 am | {"api":"/api/cash-closing-dashboard","event":"CASH_CLOSING_DASHBOARD_API_STARTED","filters":{"cluster":"","branch":"","fromDate":"","toDate":"","status":""},"timestamp":"2026-07-07T06:20:30.131Z"}
7/7/2026, 11:50:30 am | {"api":"/api/cash-closing-dashboard","event":"CASH_CLOSING_DASHBOARD_DB_CONNECTED","timestamp":"2026-07-07T06:20:30.132Z"}
7/7/2026, 11:50:30 am | {"api":"/api/cash-closing-dashboard","event":"CASH_CLOSING_DASHBOARD_QUERY_STARTED","filters":{"cluster":"","branch":"","fromDate":"","toDate":"","status":""},"timestamp":"2026-07-07T06:20:30.133Z"}
7/7/2026, 11:50:30 am | {"api":"/api/cash-closing-dashboard","event":"CASH_CLOSING_DASHBOARD_DATA_FETCHED","totalRecords":56,"timestamp":"2026-07-07T06:20:30.139Z"}
7/7/2026, 11:50:30 am | {"api":"/api/cash-closing-dashboard","event":"CASH_CLOSING_CLUSTER_FETCHED","totalClusters":4,"timestamp":"2026-07-07T06:20:30.143Z"}
7/7/2026, 11:50:30 am | {"api":"/api/cash-closing-dashboard","event":"CASH_CLOSING_BRANCH_FETCHED","totalBranches":56,"timestamp":"2026-07-07T06:20:30.147Z"}
7/7/2026, 11:50:30 am | {"api":"/api/cash-closing-dashboard","event":"CASH_CLOSING_DASHBOARD_SUCCESS","totalRecords":56,"filters":{"cluster":"","branch":"","fromDate":"","toDate":"","status":""},"timestamp":"2026-07-07T06:20:30.148Z"}
7/7/2026, 5:03:33 pm | {"api":"/login","event":"LOGIN_API_STARTED","mpin":"2255","deviceId":"8b44da9a73e42658","timestamp":"2026-07-07T11:33:33.868Z"}
7/7/2026, 5:03:33 pm | {"event":"LOGIN_REQUEST","mpin":"2255","deviceId":"8b44da9a73e42658","timestamp":"2026-07-07T11:33:33.869Z"}
7/7/2026, 5:03:33 pm | {"api":"/login","event":"LOGIN_DB_QUERY_STARTED","mpin":"2255","timestamp":"2026-07-07T11:33:33.870Z"}
7/7/2026, 5:03:33 pm | {"api":"/login","event":"LOGIN_USER_FOUND","empNo":"774","branch":"Seetharampuram","designation":"Branch Manager","timestamp":"2026-07-07T11:33:33.937Z"}
7/7/2026, 5:03:33 pm | {"api":"/login","event":"LOGIN_DEVICE_CHECK","empNo":"774","savedDevice":"8b44da9a73e42658","currentDevice":"8b44da9a73e42658","timestamp":"2026-07-07T11:33:33.938Z"}
7/7/2026, 5:03:33 pm | {"api":"/login","event":"LOGIN_SUCCESS","empNo":"774","branch":"Seetharampuram","designation":"Branch Manager","loginTime":"2026-07-07T11:33:33.948Z"}
7/7/2026, 5:03:34 pm | {"api":"/employee/:empNo","event":"EMPLOYEE_API_STARTED","empNo":"774","timestamp":"2026-07-07T11:33:34.088Z"}
7/7/2026, 5:03:34 pm | {"api":"/employee/:empNo","event":"EMPLOYEE_DB_QUERY_STARTED","empNo":"774","timestamp":"2026-07-07T11:33:34.089Z"}
7/7/2026, 5:03:34 pm | {"api":"/employee/:empNo","event":"EMPLOYEE_FETCH_SUCCESS","empNo":"774","employeeName":"S Bhavani","branch":"Seetharampuram","designation":"Branch Manager","timestamp":"2026-07-07T11:33:34.095Z"}
7/7/2026, 5:03:34 pm | {"api":"/last-submission/:empNo","event":"LAST_SUBMISSION_API_STARTED","empNo":"774","timestamp":"2026-07-07T11:33:34.138Z"}
7/7/2026, 5:03:34 pm | {"api":"/last-submission/:empNo","event":"LAST_SUBMISSION_DB_QUERY_STARTED","empNo":"774","timestamp":"2026-07-07T11:33:34.139Z"}
7/7/2026, 5:03:34 pm | {"api":"/last-submission/:empNo","event":"LAST_SUBMISSION_FETCH_SUCCESS","empNo":"774","amount":1100000,"actionAt":"2026-07-06 17:21:30","timestamp":"2026-07-07T11:33:34.146Z"}
7/7/2026, 5:03:34 pm | {"api":"/today-cash/:empNo","event":"TODAY_CASH_API_STARTED","empNo":"774","timestamp":"2026-07-07T11:33:34.259Z"}
7/7/2026, 5:03:34 pm | {"api":"/today-cash/:empNo","event":"TODAY_CASH_DB_QUERY_STARTED","empNo":"774","timestamp":"2026-07-07T11:33:34.260Z"}
7/7/2026, 5:03:34 pm | {"api":"/today-cash/:empNo","event":"TODAY_CASH_NOT_FOUND","empNo":"774","timestamp":"2026-07-07T11:33:34.267Z"}
7/7/2026, 5:03:45 pm | {"api":"/save-cash-closing","event":"SAVE_CASH_API_STARTED","empNo":"774","amount":"1100000","timestamp":"2026-07-07T11:33:45.401Z"}
7/7/2026, 5:03:45 pm | {"api":"/save-cash-closing","event":"PREVIOUS_DAY_RECORD_FOUND","empNo":"774","oldDate":"2026-07-06T00:00:00.000Z","amount":1100000,"timestamp":"2026-07-07T11:33:45.436Z"}
7/7/2026, 5:03:45 pm | {"api":"/save-cash-closing","event":"PREVIOUS_DAY_MOVED_TO_HISTORY","empNo":"774","timestamp":"2026-07-07T11:33:45.446Z"}
7/7/2026, 5:03:45 pm | {"api":"/save-cash-closing","event":"PREVIOUS_DAY_DELETED","empNo":"774","timestamp":"2026-07-07T11:33:45.466Z"}
7/7/2026, 5:03:45 pm | {"api":"/save-cash-closing","event":"SAVE_CASH_NEW_ENTRY","empNo":"774","amount":"1100000","branch":"Seetharampuram","timestamp":"2026-07-07T11:33:45.471Z"}
7/7/2026, 5:03:45 pm | {"api":"/save-cash-closing","event":"SAVE_CASH_HISTORY_INSERTED","empNo":"774","actionType":"ADDED","version":1,"timestamp":"2026-07-07T11:33:45.491Z"}
7/7/2026, 5:03:45 pm | {"api":"/save-cash-closing","event":"SAVE_CASH_SUCCESS","type":"INSERT","empNo":"774","amount":"1100000","timestamp":"2026-07-07T11:33:45.492Z"}
7/7/2026, 5:33:14 pm | {"api":"/login","event":"LOGIN_API_STARTED","mpin":"0125","deviceId":"8ee9b1f9a9989659","timestamp":"2026-07-07T12:03:14.028Z"}
7/7/2026, 5:33:14 pm | {"event":"LOGIN_REQUEST","mpin":"0125","deviceId":"8ee9b1f9a9989659","timestamp":"2026-07-07T12:03:14.030Z"}
7/7/2026, 5:33:14 pm | {"api":"/login","event":"LOGIN_DB_QUERY_STARTED","mpin":"0125","timestamp":"2026-07-07T12:03:14.030Z"}
7/7/2026, 5:33:14 pm | {"api":"/login","event":"LOGIN_USER_FOUND","empNo":"521","branch":"Kommadi","designation":"Branch Manager","timestamp":"2026-07-07T12:03:14.049Z"}
7/7/2026, 5:33:14 pm | {"api":"/login","event":"LOGIN_DEVICE_CHECK","empNo":"521","savedDevice":"8ee9b1f9a9989659","currentDevice":"8ee9b1f9a9989659","timestamp":"2026-07-07T12:03:14.050Z"}
7/7/2026, 5:33:14 pm | {"api":"/login","event":"LOGIN_SUCCESS","empNo":"521","branch":"Kommadi","designation":"Branch Manager","loginTime":"2026-07-07T12:03:14.058Z"}
7/7/2026, 5:33:14 pm | {"api":"/employee/:empNo","event":"EMPLOYEE_API_STARTED","empNo":"521","timestamp":"2026-07-07T12:03:14.243Z"}
7/7/2026, 5:33:14 pm | {"api":"/employee/:empNo","event":"EMPLOYEE_DB_QUERY_STARTED","empNo":"521","timestamp":"2026-07-07T12:03:14.244Z"}
7/7/2026, 5:33:14 pm | {"api":"/employee/:empNo","event":"EMPLOYEE_FETCH_SUCCESS","empNo":"521","employeeName":"Shaik Nazima Firdhoz","branch":"Kommadi","designation":"Branch Manager","timestamp":"2026-07-07T12:03:14.248Z"}
7/7/2026, 5:33:14 pm | {"api":"/last-submission/:empNo","event":"LAST_SUBMISSION_API_STARTED","empNo":"521","timestamp":"2026-07-07T12:03:14.309Z"}
7/7/2026, 5:33:14 pm | {"api":"/last-submission/:empNo","event":"LAST_SUBMISSION_DB_QUERY_STARTED","empNo":"521","timestamp":"2026-07-07T12:03:14.310Z"}
7/7/2026, 5:33:14 pm | {"api":"/last-submission/:empNo","event":"LAST_SUBMISSION_FETCH_SUCCESS","empNo":"521","amount":2650000,"actionAt":"2026-07-06 17:51:31","timestamp":"2026-07-07T12:03:14.315Z"}
7/7/2026, 5:33:14 pm | {"api":"/today-cash/:empNo","event":"TODAY_CASH_API_STARTED","empNo":"521","timestamp":"2026-07-07T12:03:14.438Z"}
7/7/2026, 5:33:14 pm | {"api":"/today-cash/:empNo","event":"TODAY_CASH_DB_QUERY_STARTED","empNo":"521","timestamp":"2026-07-07T12:03:14.439Z"}
7/7/2026, 5:33:14 pm | {"api":"/today-cash/:empNo","event":"TODAY_CASH_NOT_FOUND","empNo":"521","timestamp":"2026-07-07T12:03:14.444Z"}
7/7/2026, 5:33:29 pm | {"api":"/save-cash-closing","event":"SAVE_CASH_API_STARTED","empNo":"521","amount":"2930000","timestamp":"2026-07-07T12:03:29.749Z"}
7/7/2026, 5:33:29 pm | {"api":"/save-cash-closing","event":"PREVIOUS_DAY_RECORD_FOUND","empNo":"521","oldDate":"2026-07-06T00:00:00.000Z","amount":2650000,"timestamp":"2026-07-07T12:03:29.757Z"}
7/7/2026, 5:33:29 pm | {"api":"/save-cash-closing","event":"PREVIOUS_DAY_MOVED_TO_HISTORY","empNo":"521","timestamp":"2026-07-07T12:03:29.765Z"}
7/7/2026, 5:33:29 pm | {"api":"/save-cash-closing","event":"PREVIOUS_DAY_DELETED","empNo":"521","timestamp":"2026-07-07T12:03:29.773Z"}
7/7/2026, 5:33:29 pm | {"api":"/save-cash-closing","event":"SAVE_CASH_NEW_ENTRY","empNo":"521","amount":"2930000","branch":"Kommadi","timestamp":"2026-07-07T12:03:29.777Z"}
7/7/2026, 5:33:29 pm | {"api":"/save-cash-closing","event":"SAVE_CASH_HISTORY_INSERTED","empNo":"521","actionType":"ADDED","version":1,"timestamp":"2026-07-07T12:03:29.796Z"}
7/7/2026, 5:33:29 pm | {"api":"/save-cash-closing","event":"SAVE_CASH_SUCCESS","type":"INSERT","empNo":"521","amount":"2930000","timestamp":"2026-07-07T12:03:29.797Z"}
7/7/2026, 5:33:44 pm | {"api":"/login","event":"LOGIN_API_STARTED","mpin":"0022","deviceId":"dec044151185181b","timestamp":"2026-07-07T12:03:44.161Z"}
7/7/2026, 5:33:44 pm | {"event":"LOGIN_REQUEST","mpin":"0022","deviceId":"dec044151185181b","timestamp":"2026-07-07T12:03:44.162Z"}
7/7/2026, 5:33:44 pm | {"api":"/login","event":"LOGIN_DB_QUERY_STARTED","mpin":"0022","timestamp":"2026-07-07T12:03:44.163Z"}
7/7/2026, 5:33:44 pm | {"api":"/login","event":"LOGIN_USER_FOUND","empNo":"882","branch":"Jaggaiahpet","designation":"Branch Manager","timestamp":"2026-07-07T12:03:44.170Z"}
7/7/2026, 5:33:44 pm | {"api":"/login","event":"LOGIN_DEVICE_CHECK","empNo":"882","savedDevice":"dec044151185181b","currentDevice":"dec044151185181b","timestamp":"2026-07-07T12:03:44.171Z"}
7/7/2026, 5:33:44 pm | {"api":"/login","event":"LOGIN_SUCCESS","empNo":"882","branch":"Jaggaiahpet","designation":"Branch Manager","loginTime":"2026-07-07T12:03:44.183Z"}
7/7/2026, 5:33:44 pm | {"api":"/employee/:empNo","event":"EMPLOYEE_API_STARTED","empNo":"882","timestamp":"2026-07-07T12:03:44.426Z"}
7/7/2026, 5:33:44 pm | {"api":"/employee/:empNo","event":"EMPLOYEE_DB_QUERY_STARTED","empNo":"882","timestamp":"2026-07-07T12:03:44.427Z"}
7/7/2026, 5:33:44 pm | {"api":"/employee/:empNo","event":"EMPLOYEE_FETCH_SUCCESS","empNo":"882","employeeName":"K Brahma Rao","branch":"Jaggaiahpet","designation":"Branch Manager","timestamp":"2026-07-07T12:03:44.432Z"}
7/7/2026, 5:33:44 pm | {"api":"/last-submission/:empNo","event":"LAST_SUBMISSION_API_STARTED","empNo":"882","timestamp":"2026-07-07T12:03:44.509Z"}
7/7/2026, 5:33:44 pm | {"api":"/last-submission/:empNo","event":"LAST_SUBMISSION_DB_QUERY_STARTED","empNo":"882","timestamp":"2026-07-07T12:03:44.510Z"}
7/7/2026, 5:33:44 pm | {"api":"/last-submission/:empNo","event":"LAST_SUBMISSION_FETCH_SUCCESS","empNo":"882","amount":1620000,"actionAt":"2026-07-06 19:35:48","timestamp":"2026-07-07T12:03:44.515Z"}
7/7/2026, 5:33:44 pm | {"api":"/today-cash/:empNo","event":"TODAY_CASH_API_STARTED","empNo":"882","timestamp":"2026-07-07T12:03:44.664Z"}
7/7/2026, 5:33:44 pm | {"api":"/today-cash/:empNo","event":"TODAY_CASH_DB_QUERY_STARTED","empNo":"882","timestamp":"2026-07-07T12:03:44.665Z"}
7/7/2026, 5:33:44 pm | {"api":"/today-cash/:empNo","event":"TODAY_CASH_NOT_FOUND","empNo":"882","timestamp":"2026-07-07T12:03:44.671Z"}
7/7/2026, 5:34:00 pm | {"api":"/save-cash-closing","event":"SAVE_CASH_API_STARTED","empNo":"882","amount":"1300000","timestamp":"2026-07-07T12:04:00.973Z"}
7/7/2026, 5:34:00 pm | {"api":"/save-cash-closing","event":"PREVIOUS_DAY_RECORD_FOUND","empNo":"882","oldDate":"2026-07-06T00:00:00.000Z","amount":1620000,"timestamp":"2026-07-07T12:04:00.980Z"}
7/7/2026, 5:34:00 pm | {"api":"/save-cash-closing","event":"PREVIOUS_DAY_MOVED_TO_HISTORY","empNo":"882","timestamp":"2026-07-07T12:04:00.988Z"}
7/7/2026, 5:34:00 pm | {"api":"/save-cash-closing","event":"PREVIOUS_DAY_DELETED","empNo":"882","timestamp":"2026-07-07T12:04:00.998Z"}
7/7/2026, 5:34:01 pm | {"api":"/save-cash-closing","event":"SAVE_CASH_NEW_ENTRY","empNo":"882","amount":"1300000","branch":"Jaggaiahpet","timestamp":"2026-07-07T12:04:01.002Z"}
7/7/2026, 5:34:01 pm | {"api":"/save-cash-closing","event":"SAVE_CASH_HISTORY_INSERTED","empNo":"882","actionType":"ADDED","version":1,"timestamp":"2026-07-07T12:04:01.016Z"}
7/7/2026, 5:34:01 pm | {"api":"/save-cash-closing","event":"SAVE_CASH_SUCCESS","type":"INSERT","empNo":"882","amount":"1300000","timestamp":"2026-07-07T12:04:01.017Z"}
7/7/2026, 5:34:09 pm | {"api":"/save-cash-closing","event":"SAVE_CASH_API_STARTED","empNo":"882","amount":"1300000","timestamp":"2026-07-07T12:04:09.263Z"}
7/7/2026, 5:34:09 pm | {"api":"/save-cash-closing","event":"SAVE_CASH_UPDATE_STARTED","empNo":"882","oldAmount":1300000,"newAmount":"1300000","currentVersion":1,"nextVersion":2,"timestamp":"2026-07-07T12:04:09.273Z"}
7/7/2026, 5:34:09 pm | {"api":"/save-cash-closing","event":"SAVE_CASH_HISTORY_UPDATED","empNo":"882","version":2,"timestamp":"2026-07-07T12:04:09.292Z"}
7/7/2026, 5:34:09 pm | {"api":"/save-cash-closing","event":"SAVE_CASH_SUCCESS","type":"UPDATE","empNo":"882","amount":"1300000","version":2,"timestamp":"2026-07-07T12:04:09.294Z"}
7/7/2026, 5:34:19 pm | {"api":"/save-cash-closing","event":"SAVE_CASH_API_STARTED","empNo":"882","amount":"1300000","timestamp":"2026-07-07T12:04:19.468Z"}
7/7/2026, 5:34:19 pm | {"api":"/save-cash-closing","event":"SAVE_CASH_UPDATE_STARTED","empNo":"882","oldAmount":1300000,"newAmount":"1300000","currentVersion":2,"nextVersion":3,"timestamp":"2026-07-07T12:04:19.478Z"}
7/7/2026, 5:34:19 pm | {"api":"/save-cash-closing","event":"SAVE_CASH_HISTORY_UPDATED","empNo":"882","version":3,"timestamp":"2026-07-07T12:04:19.494Z"}
7/7/2026, 5:34:19 pm | {"api":"/save-cash-closing","event":"SAVE_CASH_SUCCESS","type":"UPDATE","empNo":"882","amount":"1300000","version":3,"timestamp":"2026-07-07T12:04:19.495Z"}
7/7/2026, 5:34:27 pm | {"api":"/save-cash-closing","event":"SAVE_CASH_API_STARTED","empNo":"882","amount":"1300000","timestamp":"2026-07-07T12:04:27.745Z"}
7/7/2026, 5:34:27 pm | {"api":"/save-cash-closing","event":"SAVE_CASH_UPDATE_STARTED","empNo":"882","oldAmount":1300000,"newAmount":"1300000","currentVersion":3,"nextVersion":4,"timestamp":"2026-07-07T12:04:27.758Z"}
7/7/2026, 5:34:27 pm | {"api":"/save-cash-closing","event":"SAVE_CASH_HISTORY_UPDATED","empNo":"882","version":4,"timestamp":"2026-07-07T12:04:27.773Z"}
7/7/2026, 5:34:27 pm | {"api":"/save-cash-closing","event":"SAVE_CASH_SUCCESS","type":"UPDATE","empNo":"882","amount":"1300000","version":4,"timestamp":"2026-07-07T12:04:27.774Z"}
7/7/2026, 5:34:50 pm | {"api":"/save-cash-closing","event":"SAVE_CASH_API_STARTED","empNo":"882","amount":"1300000","timestamp":"2026-07-07T12:04:50.547Z"}
7/7/2026, 5:34:50 pm | {"api":"/save-cash-closing","event":"SAVE_CASH_UPDATE_STARTED","empNo":"882","oldAmount":1300000,"newAmount":"1300000","currentVersion":4,"nextVersion":5,"timestamp":"2026-07-07T12:04:50.557Z"}
7/7/2026, 5:34:50 pm | {"api":"/save-cash-closing","event":"SAVE_CASH_HISTORY_UPDATED","empNo":"882","version":5,"timestamp":"2026-07-07T12:04:50.573Z"}
7/7/2026, 5:34:50 pm | {"api":"/save-cash-closing","event":"SAVE_CASH_SUCCESS","type":"UPDATE","empNo":"882","amount":"1300000","version":5,"timestamp":"2026-07-07T12:04:50.574Z"}
7/7/2026, 5:36:14 pm | {"api":"/login","event":"LOGIN_API_STARTED","mpin":"0577","deviceId":"bc0b57a8682b129c","timestamp":"2026-07-07T12:06:14.503Z"}
7/7/2026, 5:36:14 pm | {"event":"LOGIN_REQUEST","mpin":"0577","deviceId":"bc0b57a8682b129c","timestamp":"2026-07-07T12:06:14.504Z"}
7/7/2026, 5:36:14 pm | {"api":"/login","event":"LOGIN_DB_QUERY_STARTED","mpin":"0577","timestamp":"2026-07-07T12:06:14.505Z"}
7/7/2026, 5:36:14 pm | {"api":"/login","event":"LOGIN_USER_FOUND","empNo":"219","branch":"Nidadavolu","designation":"Branch Manager","timestamp":"2026-07-07T12:06:14.523Z"}
7/7/2026, 5:36:14 pm | {"api":"/login","event":"LOGIN_DEVICE_CHECK","empNo":"219","savedDevice":"bc0b57a8682b129c","currentDevice":"bc0b57a8682b129c","timestamp":"2026-07-07T12:06:14.524Z"}
7/7/2026, 5:36:14 pm | {"api":"/login","event":"LOGIN_SUCCESS","empNo":"219","branch":"Nidadavolu","designation":"Branch Manager","loginTime":"2026-07-07T12:06:14.532Z"}
7/7/2026, 5:36:16 pm | {"api":"/employee/:empNo","event":"EMPLOYEE_API_STARTED","empNo":"219","timestamp":"2026-07-07T12:06:16.221Z"}
7/7/2026, 5:36:16 pm | {"api":"/employee/:empNo","event":"EMPLOYEE_DB_QUERY_STARTED","empNo":"219","timestamp":"2026-07-07T12:06:16.222Z"}
7/7/2026, 5:36:16 pm | {"api":"/employee/:empNo","event":"EMPLOYEE_FETCH_SUCCESS","empNo":"219","employeeName":"K. Sreenivas","branch":"Nidadavolu","designation":"Branch Manager","timestamp":"2026-07-07T12:06:16.227Z"}
7/7/2026, 5:36:16 pm | {"api":"/last-submission/:empNo","event":"LAST_SUBMISSION_API_STARTED","empNo":"219","timestamp":"2026-07-07T12:06:16.418Z"}
7/7/2026, 5:36:16 pm | {"api":"/last-submission/:empNo","event":"LAST_SUBMISSION_DB_QUERY_STARTED","empNo":"219","timestamp":"2026-07-07T12:06:16.420Z"}
7/7/2026, 5:36:16 pm | {"api":"/last-submission/:empNo","event":"LAST_SUBMISSION_FETCH_SUCCESS","empNo":"219","amount":1243410,"actionAt":"2026-07-06 17:45:15","timestamp":"2026-07-07T12:06:16.425Z"}
7/7/2026, 5:36:16 pm | {"api":"/today-cash/:empNo","event":"TODAY_CASH_API_STARTED","empNo":"219","timestamp":"2026-07-07T12:06:16.608Z"}
7/7/2026, 5:36:16 pm | {"api":"/today-cash/:empNo","event":"TODAY_CASH_DB_QUERY_STARTED","empNo":"219","timestamp":"2026-07-07T12:06:16.609Z"}
7/7/2026, 5:36:16 pm | {"api":"/today-cash/:empNo","event":"TODAY_CASH_NOT_FOUND","empNo":"219","timestamp":"2026-07-07T12:06:16.615Z"}
7/7/2026, 5:36:26 pm | {"api":"/save-cash-closing","event":"SAVE_CASH_API_STARTED","empNo":"219","amount":"1245910","timestamp":"2026-07-07T12:06:26.498Z"}
7/7/2026, 5:36:26 pm | {"api":"/save-cash-closing","event":"PREVIOUS_DAY_RECORD_FOUND","empNo":"219","oldDate":"2026-07-06T00:00:00.000Z","amount":1243410,"timestamp":"2026-07-07T12:06:26.505Z"}
7/7/2026, 5:36:26 pm | {"api":"/save-cash-closing","event":"PREVIOUS_DAY_MOVED_TO_HISTORY","empNo":"219","timestamp":"2026-07-07T12:06:26.513Z"}
7/7/2026, 5:36:26 pm | {"api":"/save-cash-closing","event":"PREVIOUS_DAY_DELETED","empNo":"219","timestamp":"2026-07-07T12:06:26.521Z"}
7/7/2026, 5:36:26 pm | {"api":"/save-cash-closing","event":"SAVE_CASH_NEW_ENTRY","empNo":"219","amount":"1245910","branch":"Nidadavolu","timestamp":"2026-07-07T12:06:26.524Z"}
7/7/2026, 5:36:26 pm | {"api":"/save-cash-closing","event":"SAVE_CASH_HISTORY_INSERTED","empNo":"219","actionType":"ADDED","version":1,"timestamp":"2026-07-07T12:06:26.539Z"}
7/7/2026, 5:36:26 pm | {"api":"/save-cash-closing","event":"SAVE_CASH_SUCCESS","type":"INSERT","empNo":"219","amount":"1245910","timestamp":"2026-07-07T12:06:26.540Z"}
7/7/2026, 5:37:00 pm | {"api":"/login","event":"LOGIN_API_STARTED","mpin":"3495","deviceId":"521554679bb8a1a3","timestamp":"2026-07-07T12:07:00.237Z"}
7/7/2026, 5:37:00 pm | {"event":"LOGIN_REQUEST","mpin":"3495","deviceId":"521554679bb8a1a3","timestamp":"2026-07-07T12:07:00.238Z"}
7/7/2026, 5:37:00 pm | {"api":"/login","event":"LOGIN_DB_QUERY_STARTED","mpin":"3495","timestamp":"2026-07-07T12:07:00.239Z"}
7/7/2026, 5:37:00 pm | {"api":"/login","event":"LOGIN_USER_FOUND","empNo":"741","branch":"Undavalli","designation":"Branch Manager","timestamp":"2026-07-07T12:07:00.260Z"}
7/7/2026, 5:37:00 pm | {"api":"/login","event":"LOGIN_DEVICE_CHECK","empNo":"741","savedDevice":"521554679bb8a1a3","currentDevice":"521554679bb8a1a3","timestamp":"2026-07-07T12:07:00.262Z"}
7/7/2026, 5:37:00 pm | {"api":"/login","event":"LOGIN_SUCCESS","empNo":"741","branch":"Undavalli","designation":"Branch Manager","loginTime":"2026-07-07T12:07:00.269Z"}
7/7/2026, 5:37:00 pm | {"api":"/employee/:empNo","event":"EMPLOYEE_API_STARTED","empNo":"741","timestamp":"2026-07-07T12:07:00.446Z"}
7/7/2026, 5:37:00 pm | {"api":"/employee/:empNo","event":"EMPLOYEE_DB_QUERY_STARTED","empNo":"741","timestamp":"2026-07-07T12:07:00.448Z"}
7/7/2026, 5:37:00 pm | {"api":"/employee/:empNo","event":"EMPLOYEE_FETCH_SUCCESS","empNo":"741","employeeName":"Y Mutyala Naidu","branch":"Undavalli","designation":"Branch Manager","timestamp":"2026-07-07T12:07:00.453Z"}
7/7/2026, 5:37:00 pm | {"api":"/last-submission/:empNo","event":"LAST_SUBMISSION_API_STARTED","empNo":"741","timestamp":"2026-07-07T12:07:00.519Z"}
7/7/2026, 5:37:00 pm | {"api":"/last-submission/:empNo","event":"LAST_SUBMISSION_DB_QUERY_STARTED","empNo":"741","timestamp":"2026-07-07T12:07:00.520Z"}
7/7/2026, 5:37:00 pm | {"api":"/last-submission/:empNo","event":"LAST_SUBMISSION_FETCH_SUCCESS","empNo":"741","amount":523000,"actionAt":"2026-07-06 17:46:08","timestamp":"2026-07-07T12:07:00.525Z"}
7/7/2026, 5:37:00 pm | {"api":"/today-cash/:empNo","event":"TODAY_CASH_API_STARTED","empNo":"741","timestamp":"2026-07-07T12:07:00.688Z"}
7/7/2026, 5:37:00 pm | {"api":"/today-cash/:empNo","event":"TODAY_CASH_DB_QUERY_STARTED","empNo":"741","timestamp":"2026-07-07T12:07:00.689Z"}
7/7/2026, 5:37:00 pm | {"api":"/today-cash/:empNo","event":"TODAY_CASH_NOT_FOUND","empNo":"741","timestamp":"2026-07-07T12:07:00.694Z"}
7/7/2026, 5:37:04 pm | {"api":"/save-cash-closing","event":"SAVE_CASH_API_STARTED","empNo":"219","amount":"1245910","timestamp":"2026-07-07T12:07:04.159Z"}
7/7/2026, 5:37:04 pm | {"api":"/save-cash-closing","event":"SAVE_CASH_UPDATE_STARTED","empNo":"219","oldAmount":1245910,"newAmount":"1245910","currentVersion":1,"nextVersion":2,"timestamp":"2026-07-07T12:07:04.168Z"}
7/7/2026, 5:37:04 pm | {"api":"/save-cash-closing","event":"SAVE_CASH_HISTORY_UPDATED","empNo":"219","version":2,"timestamp":"2026-07-07T12:07:04.182Z"}
7/7/2026, 5:37:04 pm | {"api":"/save-cash-closing","event":"SAVE_CASH_SUCCESS","type":"UPDATE","empNo":"219","amount":"1245910","version":2,"timestamp":"2026-07-07T12:07:04.183Z"}
7/7/2026, 5:37:04 pm | {"api":"/login","event":"LOGIN_API_STARTED","mpin":"1978","deviceId":"0cc594f412a16de2","timestamp":"2026-07-07T12:07:04.869Z"}
7/7/2026, 5:37:04 pm | {"event":"LOGIN_REQUEST","mpin":"1978","deviceId":"0cc594f412a16de2","timestamp":"2026-07-07T12:07:04.870Z"}
7/7/2026, 5:37:04 pm | {"api":"/login","event":"LOGIN_DB_QUERY_STARTED","mpin":"1978","timestamp":"2026-07-07T12:07:04.871Z"}
7/7/2026, 5:37:04 pm | {"api":"/login","event":"LOGIN_USER_FOUND","empNo":"403","branch":"Kanuru","designation":"Branch Manager","timestamp":"2026-07-07T12:07:04.877Z"}
7/7/2026, 5:37:04 pm | {"api":"/login","event":"LOGIN_DEVICE_CHECK","empNo":"403","savedDevice":"0cc594f412a16de2","currentDevice":"0cc594f412a16de2","timestamp":"2026-07-07T12:07:04.878Z"}
7/7/2026, 5:37:04 pm | {"api":"/login","event":"LOGIN_SUCCESS","empNo":"403","branch":"Kanuru","designation":"Branch Manager","loginTime":"2026-07-07T12:07:04.894Z"}
7/7/2026, 5:37:04 pm | {"api":"/employee/:empNo","event":"EMPLOYEE_API_STARTED","empNo":"403","timestamp":"2026-07-07T12:07:04.993Z"}
7/7/2026, 5:37:04 pm | {"api":"/employee/:empNo","event":"EMPLOYEE_DB_QUERY_STARTED","empNo":"403","timestamp":"2026-07-07T12:07:04.993Z"}
7/7/2026, 5:37:04 pm | {"api":"/employee/:empNo","event":"EMPLOYEE_FETCH_SUCCESS","empNo":"403","employeeName":"G.A.G.Prasad","branch":"Kanuru","designation":"Branch Manager","timestamp":"2026-07-07T12:07:04.998Z"}
7/7/2026, 5:37:05 pm | {"api":"/last-submission/:empNo","event":"LAST_SUBMISSION_API_STARTED","empNo":"403","timestamp":"2026-07-07T12:07:05.049Z"}
7/7/2026, 5:37:05 pm | {"api":"/last-submission/:empNo","event":"LAST_SUBMISSION_DB_QUERY_STARTED","empNo":"403","timestamp":"2026-07-07T12:07:05.050Z"}
7/7/2026, 5:37:05 pm | {"api":"/last-submission/:empNo","event":"LAST_SUBMISSION_FETCH_SUCCESS","empNo":"403","amount":3635944,"actionAt":"2026-07-06 17:50:28","timestamp":"2026-07-07T12:07:05.057Z"}
7/7/2026, 5:37:05 pm | {"api":"/today-cash/:empNo","event":"TODAY_CASH_API_STARTED","empNo":"403","timestamp":"2026-07-07T12:07:05.159Z"}
7/7/2026, 5:37:05 pm | {"api":"/today-cash/:empNo","event":"TODAY_CASH_DB_QUERY_STARTED","empNo":"403","timestamp":"2026-07-07T12:07:05.160Z"}
7/7/2026, 5:37:05 pm | {"api":"/today-cash/:empNo","event":"TODAY_CASH_NOT_FOUND","empNo":"403","timestamp":"2026-07-07T12:07:05.167Z"}
7/7/2026, 5:37:12 pm | {"api":"/save-cash-closing","event":"SAVE_CASH_API_STARTED","empNo":"403","amount":"2761474","timestamp":"2026-07-07T12:07:12.372Z"}
7/7/2026, 5:37:12 pm | {"api":"/save-cash-closing","event":"PREVIOUS_DAY_RECORD_FOUND","empNo":"403","oldDate":"2026-07-06T00:00:00.000Z","amount":3635944,"timestamp":"2026-07-07T12:07:12.379Z"}
7/7/2026, 5:37:12 pm | {"api":"/save-cash-closing","event":"PREVIOUS_DAY_MOVED_TO_HISTORY","empNo":"403","timestamp":"2026-07-07T12:07:12.387Z"}
7/7/2026, 5:37:12 pm | {"api":"/save-cash-closing","event":"PREVIOUS_DAY_DELETED","empNo":"403","timestamp":"2026-07-07T12:07:12.394Z"}
7/7/2026, 5:37:12 pm | {"api":"/save-cash-closing","event":"SAVE_CASH_NEW_ENTRY","empNo":"403","amount":"2761474","branch":"Kanuru","timestamp":"2026-07-07T12:07:12.398Z"}
7/7/2026, 5:37:12 pm | {"api":"/save-cash-closing","event":"SAVE_CASH_HISTORY_INSERTED","empNo":"403","actionType":"ADDED","version":1,"timestamp":"2026-07-07T12:07:12.414Z"}
7/7/2026, 5:37:12 pm | {"api":"/save-cash-closing","event":"SAVE_CASH_SUCCESS","type":"INSERT","empNo":"403","amount":"2761474","timestamp":"2026-07-07T12:07:12.415Z"}
7/7/2026, 5:38:08 pm | {"api":"/login","event":"LOGIN_API_STARTED","mpin":"7372","deviceId":"febe72fd01686baa","timestamp":"2026-07-07T12:08:08.209Z"}
7/7/2026, 5:38:08 pm | {"event":"LOGIN_REQUEST","mpin":"7372","deviceId":"febe72fd01686baa","timestamp":"2026-07-07T12:08:08.210Z"}
7/7/2026, 5:38:08 pm | {"api":"/login","event":"LOGIN_DB_QUERY_STARTED","mpin":"7372","timestamp":"2026-07-07T12:08:08.210Z"}
7/7/2026, 5:38:08 pm | {"api":"/login","event":"LOGIN_USER_FOUND","empNo":"547","branch":"Gannavaram","designation":"Branch Manager","timestamp":"2026-07-07T12:08:08.224Z"}
7/7/2026, 5:38:08 pm | {"api":"/login","event":"LOGIN_DEVICE_CHECK","empNo":"547","savedDevice":"febe72fd01686baa","currentDevice":"febe72fd01686baa","timestamp":"2026-07-07T12:08:08.225Z"}
7/7/2026, 5:38:08 pm | {"api":"/login","event":"LOGIN_SUCCESS","empNo":"547","branch":"Gannavaram","designation":"Branch Manager","loginTime":"2026-07-07T12:08:08.232Z"}
7/7/2026, 5:38:08 pm | {"api":"/employee/:empNo","event":"EMPLOYEE_API_STARTED","empNo":"547","timestamp":"2026-07-07T12:08:08.444Z"}
7/7/2026, 5:38:08 pm | {"api":"/employee/:empNo","event":"EMPLOYEE_DB_QUERY_STARTED","empNo":"547","timestamp":"2026-07-07T12:08:08.445Z"}
7/7/2026, 5:38:08 pm | {"api":"/employee/:empNo","event":"EMPLOYEE_FETCH_SUCCESS","empNo":"547","employeeName":"K Anand Gajapathi Raju","branch":"Gannavaram","designation":"Branch Manager","timestamp":"2026-07-07T12:08:08.448Z"}
7/7/2026, 5:38:08 pm | {"api":"/last-submission/:empNo","event":"LAST_SUBMISSION_API_STARTED","empNo":"547","timestamp":"2026-07-07T12:08:08.489Z"}
7/7/2026, 5:38:08 pm | {"api":"/last-submission/:empNo","event":"LAST_SUBMISSION_DB_QUERY_STARTED","empNo":"547","timestamp":"2026-07-07T12:08:08.490Z"}
7/7/2026, 5:38:08 pm | {"api":"/last-submission/:empNo","event":"LAST_SUBMISSION_FETCH_SUCCESS","empNo":"547","amount":754457,"actionAt":"2026-07-06 18:04:38","timestamp":"2026-07-07T12:08:08.498Z"}
7/7/2026, 5:38:08 pm | {"api":"/today-cash/:empNo","event":"TODAY_CASH_API_STARTED","empNo":"547","timestamp":"2026-07-07T12:08:08.684Z"}
7/7/2026, 5:38:08 pm | {"api":"/today-cash/:empNo","event":"TODAY_CASH_DB_QUERY_STARTED","empNo":"547","timestamp":"2026-07-07T12:08:08.685Z"}
7/7/2026, 5:38:08 pm | {"api":"/today-cash/:empNo","event":"TODAY_CASH_NOT_FOUND","empNo":"547","timestamp":"2026-07-07T12:08:08.690Z"}
7/7/2026, 5:38:21 pm | {"api":"/login","event":"LOGIN_API_STARTED","mpin":"5439","deviceId":"be4ece9305fe11fc","timestamp":"2026-07-07T12:08:21.976Z"}
7/7/2026, 5:38:21 pm | {"event":"LOGIN_REQUEST","mpin":"5439","deviceId":"be4ece9305fe11fc","timestamp":"2026-07-07T12:08:21.977Z"}
7/7/2026, 5:38:21 pm | {"api":"/login","event":"LOGIN_DB_QUERY_STARTED","mpin":"5439","timestamp":"2026-07-07T12:08:21.978Z"}
7/7/2026, 5:38:21 pm | {"api":"/login","event":"LOGIN_USER_FOUND","empNo":"142","branch":"Gollapudi","designation":"Branch Manager","timestamp":"2026-07-07T12:08:21.985Z"}
7/7/2026, 5:38:21 pm | {"api":"/login","event":"LOGIN_DEVICE_CHECK","empNo":"142","savedDevice":"be4ece9305fe11fc","currentDevice":"be4ece9305fe11fc","timestamp":"2026-07-07T12:08:21.986Z"}
7/7/2026, 5:38:21 pm | {"api":"/login","event":"LOGIN_SUCCESS","empNo":"142","branch":"Gollapudi","designation":"Branch Manager","loginTime":"2026-07-07T12:08:21.995Z"}
7/7/2026, 5:38:22 pm | {"api":"/employee/:empNo","event":"EMPLOYEE_API_STARTED","empNo":"142","timestamp":"2026-07-07T12:08:22.234Z"}
7/7/2026, 5:38:22 pm | {"api":"/employee/:empNo","event":"EMPLOYEE_DB_QUERY_STARTED","empNo":"142","timestamp":"2026-07-07T12:08:22.235Z"}
7/7/2026, 5:38:22 pm | {"api":"/employee/:empNo","event":"EMPLOYEE_FETCH_SUCCESS","empNo":"142","employeeName":"T. Mohana Manidhar","branch":"Gollapudi","designation":"Branch Manager","timestamp":"2026-07-07T12:08:22.240Z"}
7/7/2026, 5:38:22 pm | {"api":"/last-submission/:empNo","event":"LAST_SUBMISSION_API_STARTED","empNo":"142","timestamp":"2026-07-07T12:08:22.333Z"}
7/7/2026, 5:38:22 pm | {"api":"/last-submission/:empNo","event":"LAST_SUBMISSION_DB_QUERY_STARTED","empNo":"142","timestamp":"2026-07-07T12:08:22.335Z"}
7/7/2026, 5:38:22 pm | {"api":"/last-submission/:empNo","event":"LAST_SUBMISSION_FETCH_SUCCESS","empNo":"142","amount":743594,"actionAt":"2026-07-06 17:55:42","timestamp":"2026-07-07T12:08:22.340Z"}
7/7/2026, 5:38:22 pm | {"api":"/today-cash/:empNo","event":"TODAY_CASH_API_STARTED","empNo":"142","timestamp":"2026-07-07T12:08:22.639Z"}
7/7/2026, 5:38:22 pm | {"api":"/today-cash/:empNo","event":"TODAY_CASH_DB_QUERY_STARTED","empNo":"142","timestamp":"2026-07-07T12:08:22.640Z"}
7/7/2026, 5:38:22 pm | {"api":"/today-cash/:empNo","event":"TODAY_CASH_NOT_FOUND","empNo":"142","timestamp":"2026-07-07T12:08:22.645Z"}
7/7/2026, 5:38:24 pm | {"api":"/save-cash-closing","event":"SAVE_CASH_API_STARTED","empNo":"547","amount":"632864","timestamp":"2026-07-07T12:08:24.274Z"}
7/7/2026, 5:38:24 pm | {"api":"/save-cash-closing","event":"PREVIOUS_DAY_RECORD_FOUND","empNo":"547","oldDate":"2026-07-06T00:00:00.000Z","amount":754457,"timestamp":"2026-07-07T12:08:24.283Z"}
7/7/2026, 5:38:24 pm | {"api":"/save-cash-closing","event":"PREVIOUS_DAY_MOVED_TO_HISTORY","empNo":"547","timestamp":"2026-07-07T12:08:24.291Z"}
7/7/2026, 5:38:24 pm | {"api":"/save-cash-closing","event":"PREVIOUS_DAY_DELETED","empNo":"547","timestamp":"2026-07-07T12:08:24.299Z"}
7/7/2026, 5:38:24 pm | {"api":"/save-cash-closing","event":"SAVE_CASH_NEW_ENTRY","empNo":"547","amount":"632864","branch":"Gannavaram","timestamp":"2026-07-07T12:08:24.303Z"}
7/7/2026, 5:38:24 pm | {"api":"/save-cash-closing","event":"SAVE_CASH_HISTORY_INSERTED","empNo":"547","actionType":"ADDED","version":1,"timestamp":"2026-07-07T12:08:24.317Z"}
7/7/2026, 5:38:24 pm | {"api":"/save-cash-closing","event":"SAVE_CASH_SUCCESS","type":"INSERT","empNo":"547","amount":"632864","timestamp":"2026-07-07T12:08:24.318Z"}
7/7/2026, 5:38:35 pm | {"api":"/save-cash-closing","event":"SAVE_CASH_API_STARTED","empNo":"142","amount":"903756","timestamp":"2026-07-07T12:08:35.254Z"}
7/7/2026, 5:38:35 pm | {"api":"/save-cash-closing","event":"PREVIOUS_DAY_RECORD_FOUND","empNo":"142","oldDate":"2026-07-06T00:00:00.000Z","amount":743594,"timestamp":"2026-07-07T12:08:35.261Z"}
7/7/2026, 5:38:35 pm | {"api":"/save-cash-closing","event":"PREVIOUS_DAY_MOVED_TO_HISTORY","empNo":"142","timestamp":"2026-07-07T12:08:35.269Z"}
7/7/2026, 5:38:35 pm | {"api":"/save-cash-closing","event":"PREVIOUS_DAY_DELETED","empNo":"142","timestamp":"2026-07-07T12:08:35.277Z"}
7/7/2026, 5:38:35 pm | {"api":"/save-cash-closing","event":"SAVE_CASH_NEW_ENTRY","empNo":"142","amount":"903756","branch":"Gollapudi","timestamp":"2026-07-07T12:08:35.280Z"}
7/7/2026, 5:38:35 pm | {"api":"/save-cash-closing","event":"SAVE_CASH_HISTORY_INSERTED","empNo":"142","actionType":"ADDED","version":1,"timestamp":"2026-07-07T12:08:35.298Z"}
7/7/2026, 5:38:35 pm | {"api":"/save-cash-closing","event":"SAVE_CASH_SUCCESS","type":"INSERT","empNo":"142","amount":"903756","timestamp":"2026-07-07T12:08:35.299Z"}
7/7/2026, 5:38:37 pm | {"api":"/api/cash-closing-dashboard","event":"CASH_CLOSING_DASHBOARD_API_STARTED","filters":{"cluster":"","branch":"","fromDate":"","toDate":"","status":""},"timestamp":"2026-07-07T12:08:37.892Z"}
7/7/2026, 5:38:37 pm | {"api":"/api/cash-closing-dashboard","event":"CASH_CLOSING_DASHBOARD_DB_CONNECTED","timestamp":"2026-07-07T12:08:37.893Z"}
7/7/2026, 5:38:37 pm | {"api":"/api/cash-closing-dashboard","event":"CASH_CLOSING_DASHBOARD_QUERY_STARTED","filters":{"cluster":"","branch":"","fromDate":"","toDate":"","status":""},"timestamp":"2026-07-07T12:08:37.894Z"}
7/7/2026, 5:38:37 pm | {"api":"/api/cash-closing-dashboard","event":"CASH_CLOSING_DASHBOARD_DATA_FETCHED","totalRecords":56,"timestamp":"2026-07-07T12:08:37.900Z"}
7/7/2026, 5:38:37 pm | {"api":"/api/cash-closing-dashboard","event":"CASH_CLOSING_CLUSTER_FETCHED","totalClusters":4,"timestamp":"2026-07-07T12:08:37.904Z"}
7/7/2026, 5:38:37 pm | {"api":"/api/cash-closing-dashboard","event":"CASH_CLOSING_BRANCH_FETCHED","totalBranches":56,"timestamp":"2026-07-07T12:08:37.907Z"}
7/7/2026, 5:38:37 pm | {"api":"/api/cash-closing-dashboard","event":"CASH_CLOSING_DASHBOARD_SUCCESS","totalRecords":56,"filters":{"cluster":"","branch":"","fromDate":"","toDate":"","status":""},"timestamp":"2026-07-07T12:08:37.908Z"}
7/7/2026, 5:38:40 pm | {"api":"/api/cash-closing-dashboard","event":"CASH_CLOSING_DASHBOARD_API_STARTED","filters":{"cluster":"","branch":"","fromDate":"","toDate":"","status":""},"timestamp":"2026-07-07T12:08:40.560Z"}
7/7/2026, 5:38:40 pm | {"api":"/api/cash-closing-dashboard","event":"CASH_CLOSING_DASHBOARD_DB_CONNECTED","timestamp":"2026-07-07T12:08:40.561Z"}
7/7/2026, 5:38:40 pm | {"api":"/api/cash-closing-dashboard","event":"CASH_CLOSING_DASHBOARD_QUERY_STARTED","filters":{"cluster":"","branch":"","fromDate":"","toDate":"","status":""},"timestamp":"2026-07-07T12:08:40.562Z"}
7/7/2026, 5:38:40 pm | {"api":"/api/cash-closing-dashboard","event":"CASH_CLOSING_DASHBOARD_DATA_FETCHED","totalRecords":56,"timestamp":"2026-07-07T12:08:40.570Z"}
7/7/2026, 5:38:40 pm | {"api":"/api/cash-closing-dashboard","event":"CASH_CLOSING_CLUSTER_FETCHED","totalClusters":4,"timestamp":"2026-07-07T12:08:40.573Z"}
7/7/2026, 5:38:40 pm | {"api":"/api/cash-closing-dashboard","event":"CASH_CLOSING_BRANCH_FETCHED","totalBranches":56,"timestamp":"2026-07-07T12:08:40.577Z"}
7/7/2026, 5:38:40 pm | {"api":"/api/cash-closing-dashboard","event":"CASH_CLOSING_DASHBOARD_SUCCESS","totalRecords":56,"filters":{"cluster":"","branch":"","fromDate":"","toDate":"","status":""},"timestamp":"2026-07-07T12:08:40.578Z"}
7/7/2026, 5:38:40 pm | {"api":"/api/cash-closing-dashboard","event":"CASH_CLOSING_DASHBOARD_API_STARTED","filters":{"cluster":"","branch":"","fromDate":"","toDate":"","status":""},"timestamp":"2026-07-07T12:08:40.792Z"}
7/7/2026, 5:38:40 pm | {"api":"/api/cash-closing-dashboard","event":"CASH_CLOSING_DASHBOARD_DB_CONNECTED","timestamp":"2026-07-07T12:08:40.793Z"}
7/7/2026, 5:38:40 pm | {"api":"/api/cash-closing-dashboard","event":"CASH_CLOSING_DASHBOARD_QUERY_STARTED","filters":{"cluster":"","branch":"","fromDate":"","toDate":"","status":""},"timestamp":"2026-07-07T12:08:40.794Z"}
7/7/2026, 5:38:40 pm | {"api":"/api/cash-closing-dashboard","event":"CASH_CLOSING_DASHBOARD_DATA_FETCHED","totalRecords":56,"timestamp":"2026-07-07T12:08:40.801Z"}
7/7/2026, 5:38:40 pm | {"api":"/api/cash-closing-dashboard","event":"CASH_CLOSING_CLUSTER_FETCHED","totalClusters":4,"timestamp":"2026-07-07T12:08:40.804Z"}
7/7/2026, 5:38:40 pm | {"api":"/api/cash-closing-dashboard","event":"CASH_CLOSING_BRANCH_FETCHED","totalBranches":56,"timestamp":"2026-07-07T12:08:40.807Z"}
7/7/2026, 5:38:40 pm | {"api":"/api/cash-closing-dashboard","event":"CASH_CLOSING_DASHBOARD_SUCCESS","totalRecords":56,"filters":{"cluster":"","branch":"","fromDate":"","toDate":"","status":""},"timestamp":"2026-07-07T12:08:40.808Z"}
7/7/2026, 5:39:00 pm | {"api":"/save-cash-closing","event":"SAVE_CASH_API_STARTED","empNo":"741","amount":"642000","timestamp":"2026-07-07T12:09:00.628Z"}
7/7/2026, 5:39:00 pm | {"api":"/save-cash-closing","event":"PREVIOUS_DAY_RECORD_FOUND","empNo":"741","oldDate":"2026-07-06T00:00:00.000Z","amount":523000,"timestamp":"2026-07-07T12:09:00.635Z"}
7/7/2026, 5:39:00 pm | {"api":"/save-cash-closing","event":"PREVIOUS_DAY_MOVED_TO_HISTORY","empNo":"741","timestamp":"2026-07-07T12:09:00.642Z"}
7/7/2026, 5:39:00 pm | {"api":"/save-cash-closing","event":"PREVIOUS_DAY_DELETED","empNo":"741","timestamp":"2026-07-07T12:09:00.650Z"}
7/7/2026, 5:39:00 pm | {"api":"/save-cash-closing","event":"SAVE_CASH_NEW_ENTRY","empNo":"741","amount":"642000","branch":"Undavalli","timestamp":"2026-07-07T12:09:00.654Z"}
7/7/2026, 5:39:00 pm | {"api":"/save-cash-closing","event":"SAVE_CASH_HISTORY_INSERTED","empNo":"741","actionType":"ADDED","version":1,"timestamp":"2026-07-07T12:09:00.669Z"}
7/7/2026, 5:39:00 pm | {"api":"/save-cash-closing","event":"SAVE_CASH_SUCCESS","type":"INSERT","empNo":"741","amount":"642000","timestamp":"2026-07-07T12:09:00.670Z"}
7/7/2026, 5:40:08 pm | {"api":"/login","event":"LOGIN_API_STARTED","mpin":"4514","deviceId":"1bd56ff387cd0f2b","timestamp":"2026-07-07T12:10:08.286Z"}
7/7/2026, 5:40:08 pm | {"event":"LOGIN_REQUEST","mpin":"4514","deviceId":"1bd56ff387cd0f2b","timestamp":"2026-07-07T12:10:08.288Z"}
7/7/2026, 5:40:08 pm | {"api":"/login","event":"LOGIN_DB_QUERY_STARTED","mpin":"4514","timestamp":"2026-07-07T12:10:08.288Z"}
7/7/2026, 5:40:08 pm | {"api":"/login","event":"LOGIN_USER_FOUND","empNo":"994","branch":"Chilakaluripet","designation":"Branch Manager","timestamp":"2026-07-07T12:10:08.301Z"}
7/7/2026, 5:40:08 pm | {"api":"/login","event":"LOGIN_DEVICE_CHECK","empNo":"994","savedDevice":"1bd56ff387cd0f2b","currentDevice":"1bd56ff387cd0f2b","timestamp":"2026-07-07T12:10:08.302Z"}
7/7/2026, 5:40:08 pm | {"api":"/login","event":"LOGIN_SUCCESS","empNo":"994","branch":"Chilakaluripet","designation":"Branch Manager","loginTime":"2026-07-07T12:10:08.310Z"}
7/7/2026, 5:40:08 pm | {"api":"/employee/:empNo","event":"EMPLOYEE_API_STARTED","empNo":"994","timestamp":"2026-07-07T12:10:08.546Z"}
7/7/2026, 5:40:08 pm | {"api":"/employee/:empNo","event":"EMPLOYEE_DB_QUERY_STARTED","empNo":"994","timestamp":"2026-07-07T12:10:08.547Z"}
7/7/2026, 5:40:08 pm | {"api":"/employee/:empNo","event":"EMPLOYEE_FETCH_SUCCESS","empNo":"994","employeeName":"Thota Pavan Kumar","branch":"Chilakaluripet","designation":"Branch Manager","timestamp":"2026-07-07T12:10:08.551Z"}
7/7/2026, 5:40:08 pm | {"api":"/last-submission/:empNo","event":"LAST_SUBMISSION_API_STARTED","empNo":"994","timestamp":"2026-07-07T12:10:08.628Z"}
7/7/2026, 5:40:08 pm | {"api":"/last-submission/:empNo","event":"LAST_SUBMISSION_DB_QUERY_STARTED","empNo":"994","timestamp":"2026-07-07T12:10:08.629Z"}
7/7/2026, 5:40:08 pm | {"api":"/last-submission/:empNo","event":"LAST_SUBMISSION_FETCH_SUCCESS","empNo":"994","amount":1412572,"actionAt":"2026-07-06 17:52:25","timestamp":"2026-07-07T12:10:08.634Z"}
7/7/2026, 5:40:08 pm | {"api":"/today-cash/:empNo","event":"TODAY_CASH_API_STARTED","empNo":"994","timestamp":"2026-07-07T12:10:08.791Z"}
7/7/2026, 5:40:08 pm | {"api":"/today-cash/:empNo","event":"TODAY_CASH_DB_QUERY_STARTED","empNo":"994","timestamp":"2026-07-07T12:10:08.793Z"}
7/7/2026, 5:40:08 pm | {"api":"/today-cash/:empNo","event":"TODAY_CASH_NOT_FOUND","empNo":"994","timestamp":"2026-07-07T12:10:08.798Z"}
7/7/2026, 5:40:15 pm | {"api":"/login","event":"LOGIN_API_STARTED","mpin":"6735","deviceId":"a8480bb3ac923379","timestamp":"2026-07-07T12:10:15.195Z"}
7/7/2026, 5:40:15 pm | {"event":"LOGIN_REQUEST","mpin":"6735","deviceId":"a8480bb3ac923379","timestamp":"2026-07-07T12:10:15.196Z"}
7/7/2026, 5:40:15 pm | {"api":"/login","event":"LOGIN_DB_QUERY_STARTED","mpin":"6735","timestamp":"2026-07-07T12:10:15.197Z"}
7/7/2026, 5:40:15 pm | {"api":"/login","event":"LOGIN_USER_FOUND","empNo":"917","branch":"Kankipadu","designation":"Branch Manager","timestamp":"2026-07-07T12:10:15.206Z"}
7/7/2026, 5:40:15 pm | {"api":"/login","event":"LOGIN_DEVICE_CHECK","empNo":"917","savedDevice":"a8480bb3ac923379","currentDevice":"a8480bb3ac923379","timestamp":"2026-07-07T12:10:15.207Z"}
7/7/2026, 5:40:15 pm | {"api":"/login","event":"LOGIN_SUCCESS","empNo":"917","branch":"Kankipadu","designation":"Branch Manager","loginTime":"2026-07-07T12:10:15.215Z"}
7/7/2026, 5:40:15 pm | {"api":"/employee/:empNo","event":"EMPLOYEE_API_STARTED","empNo":"917","timestamp":"2026-07-07T12:10:15.405Z"}
7/7/2026, 5:40:15 pm | {"api":"/employee/:empNo","event":"EMPLOYEE_DB_QUERY_STARTED","empNo":"917","timestamp":"2026-07-07T12:10:15.406Z"}
7/7/2026, 5:40:15 pm | {"api":"/employee/:empNo","event":"EMPLOYEE_FETCH_SUCCESS","empNo":"917","employeeName":"Vundavalli Rambabu","branch":"Kankipadu","designation":"Branch Manager","timestamp":"2026-07-07T12:10:15.410Z"}
7/7/2026, 5:40:15 pm | {"api":"/last-submission/:empNo","event":"LAST_SUBMISSION_API_STARTED","empNo":"917","timestamp":"2026-07-07T12:10:15.485Z"}
7/7/2026, 5:40:15 pm | {"api":"/last-submission/:empNo","event":"LAST_SUBMISSION_DB_QUERY_STARTED","empNo":"917","timestamp":"2026-07-07T12:10:15.486Z"}
7/7/2026, 5:40:15 pm | {"api":"/last-submission/:empNo","event":"LAST_SUBMISSION_FETCH_SUCCESS","empNo":"917","amount":400000,"actionAt":"2026-07-06 18:11:05","timestamp":"2026-07-07T12:10:15.492Z"}
7/7/2026, 5:40:15 pm | {"api":"/today-cash/:empNo","event":"TODAY_CASH_API_STARTED","empNo":"917","timestamp":"2026-07-07T12:10:15.712Z"}
7/7/2026, 5:40:15 pm | {"api":"/today-cash/:empNo","event":"TODAY_CASH_DB_QUERY_STARTED","empNo":"917","timestamp":"2026-07-07T12:10:15.713Z"}
7/7/2026, 5:40:15 pm | {"api":"/today-cash/:empNo","event":"TODAY_CASH_NOT_FOUND","empNo":"917","timestamp":"2026-07-07T12:10:15.717Z"}
7/7/2026, 5:40:24 pm | {"api":"/save-cash-closing","event":"SAVE_CASH_API_STARTED","empNo":"917","amount":"400000","timestamp":"2026-07-07T12:10:24.435Z"}
7/7/2026, 5:40:24 pm | {"api":"/save-cash-closing","event":"PREVIOUS_DAY_RECORD_FOUND","empNo":"917","oldDate":"2026-07-06T00:00:00.000Z","amount":400000,"timestamp":"2026-07-07T12:10:24.441Z"}
7/7/2026, 5:40:24 pm | {"api":"/save-cash-closing","event":"PREVIOUS_DAY_MOVED_TO_HISTORY","empNo":"917","timestamp":"2026-07-07T12:10:24.449Z"}
7/7/2026, 5:40:24 pm | {"api":"/save-cash-closing","event":"PREVIOUS_DAY_DELETED","empNo":"917","timestamp":"2026-07-07T12:10:24.457Z"}
7/7/2026, 5:40:24 pm | {"api":"/save-cash-closing","event":"SAVE_CASH_NEW_ENTRY","empNo":"917","amount":"400000","branch":"Kankipadu","timestamp":"2026-07-07T12:10:24.460Z"}
7/7/2026, 5:40:24 pm | {"api":"/save-cash-closing","event":"SAVE_CASH_HISTORY_INSERTED","empNo":"917","actionType":"ADDED","version":1,"timestamp":"2026-07-07T12:10:24.474Z"}
7/7/2026, 5:40:24 pm | {"api":"/save-cash-closing","event":"SAVE_CASH_SUCCESS","type":"INSERT","empNo":"917","amount":"400000","timestamp":"2026-07-07T12:10:24.475Z"}
7/7/2026, 5:40:28 pm | {"api":"/save-cash-closing","event":"SAVE_CASH_API_STARTED","empNo":"917","amount":"400000","timestamp":"2026-07-07T12:10:28.027Z"}
7/7/2026, 5:40:28 pm | {"api":"/save-cash-closing","event":"SAVE_CASH_UPDATE_STARTED","empNo":"917","oldAmount":400000,"newAmount":"400000","currentVersion":1,"nextVersion":2,"timestamp":"2026-07-07T12:10:28.035Z"}
7/7/2026, 5:40:28 pm | {"api":"/save-cash-closing","event":"SAVE_CASH_HISTORY_UPDATED","empNo":"917","version":2,"timestamp":"2026-07-07T12:10:28.049Z"}
7/7/2026, 5:40:28 pm | {"api":"/save-cash-closing","event":"SAVE_CASH_SUCCESS","type":"UPDATE","empNo":"917","amount":"400000","version":2,"timestamp":"2026-07-07T12:10:28.050Z"}
7/7/2026, 5:40:30 pm | {"api":"/login","event":"LOGIN_API_STARTED","mpin":"0517","deviceId":"cadc6a198c0ad99c","timestamp":"2026-07-07T12:10:30.935Z"}
7/7/2026, 5:40:30 pm | {"event":"LOGIN_REQUEST","mpin":"0517","deviceId":"cadc6a198c0ad99c","timestamp":"2026-07-07T12:10:30.937Z"}
7/7/2026, 5:40:30 pm | {"api":"/login","event":"LOGIN_DB_QUERY_STARTED","mpin":"0517","timestamp":"2026-07-07T12:10:30.937Z"}
7/7/2026, 5:40:30 pm | {"api":"/login","event":"LOGIN_USER_FOUND","empNo":"517","branch":"Kothapet","designation":"Branch Manager","timestamp":"2026-07-07T12:10:30.945Z"}
7/7/2026, 5:40:30 pm | {"api":"/login","event":"LOGIN_DEVICE_CHECK","empNo":"517","savedDevice":"cadc6a198c0ad99c","currentDevice":"cadc6a198c0ad99c","timestamp":"2026-07-07T12:10:30.946Z"}
7/7/2026, 5:40:30 pm | {"api":"/login","event":"LOGIN_SUCCESS","empNo":"517","branch":"Kothapet","designation":"Branch Manager","loginTime":"2026-07-07T12:10:30.954Z"}
7/7/2026, 5:40:31 pm | {"api":"/employee/:empNo","event":"EMPLOYEE_API_STARTED","empNo":"517","timestamp":"2026-07-07T12:10:31.140Z"}
7/7/2026, 5:40:31 pm | {"api":"/employee/:empNo","event":"EMPLOYEE_DB_QUERY_STARTED","empNo":"517","timestamp":"2026-07-07T12:10:31.141Z"}
7/7/2026, 5:40:31 pm | {"api":"/employee/:empNo","event":"EMPLOYEE_FETCH_SUCCESS","empNo":"517","employeeName":"Ch Durga Lakshmi Vani","branch":"Kothapet","designation":"Branch Manager","timestamp":"2026-07-07T12:10:31.145Z"}
7/7/2026, 5:40:31 pm | {"api":"/last-submission/:empNo","event":"LAST_SUBMISSION_API_STARTED","empNo":"517","timestamp":"2026-07-07T12:10:31.203Z"}
7/7/2026, 5:40:31 pm | {"api":"/last-submission/:empNo","event":"LAST_SUBMISSION_DB_QUERY_STARTED","empNo":"517","timestamp":"2026-07-07T12:10:31.205Z"}
7/7/2026, 5:40:31 pm | {"api":"/last-submission/:empNo","event":"LAST_SUBMISSION_FETCH_SUCCESS","empNo":"517","amount":1600000,"actionAt":"2026-07-06 17:39:20","timestamp":"2026-07-07T12:10:31.211Z"}
7/7/2026, 5:40:31 pm | {"api":"/today-cash/:empNo","event":"TODAY_CASH_API_STARTED","empNo":"517","timestamp":"2026-07-07T12:10:31.327Z"}
7/7/2026, 5:40:31 pm | {"api":"/today-cash/:empNo","event":"TODAY_CASH_DB_QUERY_STARTED","empNo":"517","timestamp":"2026-07-07T12:10:31.329Z"}
7/7/2026, 5:40:31 pm | {"api":"/today-cash/:empNo","event":"TODAY_CASH_NOT_FOUND","empNo":"517","timestamp":"2026-07-07T12:10:31.333Z"}
7/7/2026, 5:40:34 pm | {"api":"/api/cash-closing-dashboard","event":"CASH_CLOSING_DASHBOARD_API_STARTED","filters":{"cluster":"","branch":"","fromDate":"","toDate":"","status":""},"timestamp":"2026-07-07T12:10:34.068Z"}
7/7/2026, 5:40:34 pm | {"api":"/api/cash-closing-dashboard","event":"CASH_CLOSING_DASHBOARD_DB_CONNECTED","timestamp":"2026-07-07T12:10:34.069Z"}
7/7/2026, 5:40:34 pm | {"api":"/api/cash-closing-dashboard","event":"CASH_CLOSING_DASHBOARD_QUERY_STARTED","filters":{"cluster":"","branch":"","fromDate":"","toDate":"","status":""},"timestamp":"2026-07-07T12:10:34.070Z"}
7/7/2026, 5:40:34 pm | {"api":"/api/cash-closing-dashboard","event":"CASH_CLOSING_DASHBOARD_DATA_FETCHED","totalRecords":56,"timestamp":"2026-07-07T12:10:34.075Z"}
7/7/2026, 5:40:34 pm | {"api":"/api/cash-closing-dashboard","event":"CASH_CLOSING_CLUSTER_FETCHED","totalClusters":4,"timestamp":"2026-07-07T12:10:34.078Z"}
7/7/2026, 5:40:34 pm | {"api":"/api/cash-closing-dashboard","event":"CASH_CLOSING_BRANCH_FETCHED","totalBranches":56,"timestamp":"2026-07-07T12:10:34.083Z"}
7/7/2026, 5:40:34 pm | {"api":"/api/cash-closing-dashboard","event":"CASH_CLOSING_DASHBOARD_SUCCESS","totalRecords":56,"filters":{"cluster":"","branch":"","fromDate":"","toDate":"","status":""},"timestamp":"2026-07-07T12:10:34.083Z"}
7/7/2026, 5:40:34 pm | {"api":"/api/cash-closing-dashboard","event":"CASH_CLOSING_DASHBOARD_API_STARTED","filters":{"cluster":"","branch":"","fromDate":"","toDate":"","status":""},"timestamp":"2026-07-07T12:10:34.161Z"}
7/7/2026, 5:40:34 pm | {"api":"/api/cash-closing-dashboard","event":"CASH_CLOSING_DASHBOARD_DB_CONNECTED","timestamp":"2026-07-07T12:10:34.162Z"}
7/7/2026, 5:40:34 pm | {"api":"/api/cash-closing-dashboard","event":"CASH_CLOSING_DASHBOARD_QUERY_STARTED","filters":{"cluster":"","branch":"","fromDate":"","toDate":"","status":""},"timestamp":"2026-07-07T12:10:34.163Z"}
7/7/2026, 5:40:34 pm | {"api":"/api/cash-closing-dashboard","event":"CASH_CLOSING_DASHBOARD_DATA_FETCHED","totalRecords":56,"timestamp":"2026-07-07T12:10:34.168Z"}
7/7/2026, 5:40:34 pm | {"api":"/api/cash-closing-dashboard","event":"CASH_CLOSING_CLUSTER_FETCHED","totalClusters":4,"timestamp":"2026-07-07T12:10:34.172Z"}
7/7/2026, 5:40:34 pm | {"api":"/api/cash-closing-dashboard","event":"CASH_CLOSING_BRANCH_FETCHED","totalBranches":56,"timestamp":"2026-07-07T12:10:34.176Z"}
7/7/2026, 5:40:34 pm | {"api":"/api/cash-closing-dashboard","event":"CASH_CLOSING_DASHBOARD_SUCCESS","totalRecords":56,"filters":{"cluster":"","branch":"","fromDate":"","toDate":"","status":""},"timestamp":"2026-07-07T12:10:34.176Z"}
7/7/2026, 5:40:34 pm | {"api":"/api/cash-closing-dashboard","event":"CASH_CLOSING_DASHBOARD_API_STARTED","filters":{"cluster":"","branch":"","fromDate":"","toDate":"","status":""},"timestamp":"2026-07-07T12:10:34.586Z"}
7/7/2026, 5:40:34 pm | {"api":"/api/cash-closing-dashboard","event":"CASH_CLOSING_DASHBOARD_DB_CONNECTED","timestamp":"2026-07-07T12:10:34.587Z"}
7/7/2026, 5:40:34 pm | {"api":"/api/cash-closing-dashboard","event":"CASH_CLOSING_DASHBOARD_QUERY_STARTED","filters":{"cluster":"","branch":"","fromDate":"","toDate":"","status":""},"timestamp":"2026-07-07T12:10:34.588Z"}
7/7/2026, 5:40:34 pm | {"api":"/api/cash-closing-dashboard","event":"CASH_CLOSING_DASHBOARD_DATA_FETCHED","totalRecords":56,"timestamp":"2026-07-07T12:10:34.594Z"}
7/7/2026, 5:40:34 pm | {"api":"/api/cash-closing-dashboard","event":"CASH_CLOSING_CLUSTER_FETCHED","totalClusters":4,"timestamp":"2026-07-07T12:10:34.599Z"}
7/7/2026, 5:40:34 pm | {"api":"/api/cash-closing-dashboard","event":"CASH_CLOSING_BRANCH_FETCHED","totalBranches":56,"timestamp":"2026-07-07T12:10:34.603Z"}
7/7/2026, 5:40:34 pm | {"api":"/api/cash-closing-dashboard","event":"CASH_CLOSING_DASHBOARD_SUCCESS","totalRecords":56,"filters":{"cluster":"","branch":"","fromDate":"","toDate":"","status":""},"timestamp":"2026-07-07T12:10:34.604Z"}
7/7/2026, 5:40:34 pm | {"api":"/api/cash-closing-dashboard","event":"CASH_CLOSING_DASHBOARD_API_STARTED","filters":{"cluster":"","branch":"","fromDate":"","toDate":"","status":""},"timestamp":"2026-07-07T12:10:34.866Z"}
7/7/2026, 5:40:34 pm | {"api":"/api/cash-closing-dashboard","event":"CASH_CLOSING_DASHBOARD_DB_CONNECTED","timestamp":"2026-07-07T12:10:34.867Z"}
7/7/2026, 5:40:34 pm | {"api":"/api/cash-closing-dashboard","event":"CASH_CLOSING_DASHBOARD_QUERY_STARTED","filters":{"cluster":"","branch":"","fromDate":"","toDate":"","status":""},"timestamp":"2026-07-07T12:10:34.868Z"}
7/7/2026, 5:40:34 pm | {"api":"/api/cash-closing-dashboard","event":"CASH_CLOSING_DASHBOARD_DATA_FETCHED","totalRecords":56,"timestamp":"2026-07-07T12:10:34.873Z"}
7/7/2026, 5:40:34 pm | {"api":"/api/cash-closing-dashboard","event":"CASH_CLOSING_CLUSTER_FETCHED","totalClusters":4,"timestamp":"2026-07-07T12:10:34.878Z"}
7/7/2026, 5:40:34 pm | {"api":"/api/cash-closing-dashboard","event":"CASH_CLOSING_BRANCH_FETCHED","totalBranches":56,"timestamp":"2026-07-07T12:10:34.882Z"}
7/7/2026, 5:40:34 pm | {"api":"/api/cash-closing-dashboard","event":"CASH_CLOSING_DASHBOARD_SUCCESS","totalRecords":56,"filters":{"cluster":"","branch":"","fromDate":"","toDate":"","status":""},"timestamp":"2026-07-07T12:10:34.883Z"}
7/7/2026, 5:40:34 pm | {"api":"/login","event":"LOGIN_API_STARTED","mpin":"6735","deviceId":"a8480bb3ac923379","timestamp":"2026-07-07T12:10:34.960Z"}
7/7/2026, 5:40:34 pm | {"event":"LOGIN_REQUEST","mpin":"6735","deviceId":"a8480bb3ac923379","timestamp":"2026-07-07T12:10:34.961Z"}
7/7/2026, 5:40:34 pm | {"api":"/login","event":"LOGIN_DB_QUERY_STARTED","mpin":"6735","timestamp":"2026-07-07T12:10:34.962Z"}
7/7/2026, 5:40:34 pm | {"api":"/login","event":"LOGIN_USER_FOUND","empNo":"917","branch":"Kankipadu","designation":"Branch Manager","timestamp":"2026-07-07T12:10:34.972Z"}
7/7/2026, 5:40:34 pm | {"api":"/login","event":"LOGIN_DEVICE_CHECK","empNo":"917","savedDevice":"a8480bb3ac923379","currentDevice":"a8480bb3ac923379","timestamp":"2026-07-07T12:10:34.972Z"}
7/7/2026, 5:40:34 pm | {"api":"/login","event":"LOGIN_SUCCESS","empNo":"917","branch":"Kankipadu","designation":"Branch Manager","loginTime":"2026-07-07T12:10:34.981Z"}
7/7/2026, 5:40:35 pm | {"api":"/api/cash-closing-dashboard","event":"CASH_CLOSING_DASHBOARD_API_STARTED","filters":{"cluster":"","branch":"","fromDate":"","toDate":"","status":""},"timestamp":"2026-07-07T12:10:35.050Z"}
7/7/2026, 5:40:35 pm | {"api":"/api/cash-closing-dashboard","event":"CASH_CLOSING_DASHBOARD_DB_CONNECTED","timestamp":"2026-07-07T12:10:35.051Z"}
7/7/2026, 5:40:35 pm | {"api":"/api/cash-closing-dashboard","event":"CASH_CLOSING_DASHBOARD_QUERY_STARTED","filters":{"cluster":"","branch":"","fromDate":"","toDate":"","status":""},"timestamp":"2026-07-07T12:10:35.052Z"}
7/7/2026, 5:40:35 pm | {"api":"/api/cash-closing-dashboard","event":"CASH_CLOSING_DASHBOARD_DATA_FETCHED","totalRecords":56,"timestamp":"2026-07-07T12:10:35.058Z"}
7/7/2026, 5:40:35 pm | {"api":"/api/cash-closing-dashboard","event":"CASH_CLOSING_CLUSTER_FETCHED","totalClusters":4,"timestamp":"2026-07-07T12:10:35.062Z"}
7/7/2026, 5:40:35 pm | {"api":"/api/cash-closing-dashboard","event":"CASH_CLOSING_BRANCH_FETCHED","totalBranches":56,"timestamp":"2026-07-07T12:10:35.065Z"}
7/7/2026, 5:40:35 pm | {"api":"/api/cash-closing-dashboard","event":"CASH_CLOSING_DASHBOARD_SUCCESS","totalRecords":56,"filters":{"cluster":"","branch":"","fromDate":"","toDate":"","status":""},"timestamp":"2026-07-07T12:10:35.066Z"}
7/7/2026, 5:40:35 pm | {"api":"/employee/:empNo","event":"EMPLOYEE_API_STARTED","empNo":"917","timestamp":"2026-07-07T12:10:35.154Z"}
7/7/2026, 5:40:35 pm | {"api":"/employee/:empNo","event":"EMPLOYEE_DB_QUERY_STARTED","empNo":"917","timestamp":"2026-07-07T12:10:35.155Z"}
7/7/2026, 5:40:35 pm | {"api":"/employee/:empNo","event":"EMPLOYEE_FETCH_SUCCESS","empNo":"917","employeeName":"Vundavalli Rambabu","branch":"Kankipadu","designation":"Branch Manager","timestamp":"2026-07-07T12:10:35.159Z"}
7/7/2026, 5:40:35 pm | {"api":"/api/cash-closing-dashboard","event":"CASH_CLOSING_DASHBOARD_API_STARTED","filters":{"cluster":"","branch":"","fromDate":"","toDate":"","status":""},"timestamp":"2026-07-07T12:10:35.209Z"}
7/7/2026, 5:40:35 pm | {"api":"/api/cash-closing-dashboard","event":"CASH_CLOSING_DASHBOARD_DB_CONNECTED","timestamp":"2026-07-07T12:10:35.210Z"}
7/7/2026, 5:40:35 pm | {"api":"/api/cash-closing-dashboard","event":"CASH_CLOSING_DASHBOARD_QUERY_STARTED","filters":{"cluster":"","branch":"","fromDate":"","toDate":"","status":""},"timestamp":"2026-07-07T12:10:35.211Z"}
7/7/2026, 5:40:35 pm | {"api":"/api/cash-closing-dashboard","event":"CASH_CLOSING_DASHBOARD_DATA_FETCHED","totalRecords":56,"timestamp":"2026-07-07T12:10:35.217Z"}
7/7/2026, 5:40:35 pm | {"api":"/api/cash-closing-dashboard","event":"CASH_CLOSING_CLUSTER_FETCHED","totalClusters":4,"timestamp":"2026-07-07T12:10:35.222Z"}
7/7/2026, 5:40:35 pm | {"api":"/last-submission/:empNo","event":"LAST_SUBMISSION_API_STARTED","empNo":"917","timestamp":"2026-07-07T12:10:35.225Z"}
7/7/2026, 5:40:35 pm | {"api":"/last-submission/:empNo","event":"LAST_SUBMISSION_DB_QUERY_STARTED","empNo":"917","timestamp":"2026-07-07T12:10:35.225Z"}
7/7/2026, 5:40:35 pm | {"api":"/api/cash-closing-dashboard","event":"CASH_CLOSING_BRANCH_FETCHED","totalBranches":56,"timestamp":"2026-07-07T12:10:35.227Z"}
7/7/2026, 5:40:35 pm | {"api":"/api/cash-closing-dashboard","event":"CASH_CLOSING_DASHBOARD_SUCCESS","totalRecords":56,"filters":{"cluster":"","branch":"","fromDate":"","toDate":"","status":""},"timestamp":"2026-07-07T12:10:35.228Z"}
7/7/2026, 5:40:35 pm | {"api":"/last-submission/:empNo","event":"LAST_SUBMISSION_FETCH_SUCCESS","empNo":"917","amount":400000,"actionAt":"2026-07-06 18:11:05","timestamp":"2026-07-07T12:10:35.232Z"}
7/7/2026, 5:40:35 pm | {"api":"/today-cash/:empNo","event":"TODAY_CASH_API_STARTED","empNo":"917","timestamp":"2026-07-07T12:10:35.299Z"}
7/7/2026, 5:40:35 pm | {"api":"/today-cash/:empNo","event":"TODAY_CASH_DB_QUERY_STARTED","empNo":"917","timestamp":"2026-07-07T12:10:35.300Z"}
7/7/2026, 5:40:35 pm | {"api":"/today-cash/:empNo","event":"TODAY_CASH_FETCH_SUCCESS","empNo":"917","amount":400000,"actionAt":"2026-07-07 17:40:29","timestamp":"2026-07-07T12:10:35.306Z"}
7/7/2026, 5:40:40 pm | {"api":"/save-cash-closing","event":"SAVE_CASH_API_STARTED","empNo":"517","amount":"300000","timestamp":"2026-07-07T12:10:40.171Z"}
7/7/2026, 5:40:40 pm | {"api":"/save-cash-closing","event":"PREVIOUS_DAY_RECORD_FOUND","empNo":"517","oldDate":"2026-07-06T00:00:00.000Z","amount":1600000,"timestamp":"2026-07-07T12:10:40.178Z"}
7/7/2026, 5:40:40 pm | {"api":"/save-cash-closing","event":"PREVIOUS_DAY_MOVED_TO_HISTORY","empNo":"517","timestamp":"2026-07-07T12:10:40.187Z"}
7/7/2026, 5:40:40 pm | {"api":"/save-cash-closing","event":"PREVIOUS_DAY_DELETED","empNo":"517","timestamp":"2026-07-07T12:10:40.194Z"}
7/7/2026, 5:40:40 pm | {"api":"/save-cash-closing","event":"SAVE_CASH_NEW_ENTRY","empNo":"517","amount":"300000","branch":"Kothapet","timestamp":"2026-07-07T12:10:40.198Z"}
7/7/2026, 5:40:40 pm | {"api":"/save-cash-closing","event":"SAVE_CASH_HISTORY_INSERTED","empNo":"517","actionType":"ADDED","version":1,"timestamp":"2026-07-07T12:10:40.239Z"}
7/7/2026, 5:40:40 pm | {"api":"/save-cash-closing","event":"SAVE_CASH_SUCCESS","type":"INSERT","empNo":"517","amount":"300000","timestamp":"2026-07-07T12:10:40.240Z"}
7/7/2026, 5:40:45 pm | {"api":"/save-cash-closing","event":"SAVE_CASH_API_STARTED","empNo":"994","amount":"1192342","timestamp":"2026-07-07T12:10:45.485Z"}
7/7/2026, 5:40:45 pm | {"api":"/save-cash-closing","event":"PREVIOUS_DAY_RECORD_FOUND","empNo":"994","oldDate":"2026-07-06T00:00:00.000Z","amount":1412572,"timestamp":"2026-07-07T12:10:45.492Z"}
7/7/2026, 5:40:45 pm | {"api":"/save-cash-closing","event":"PREVIOUS_DAY_MOVED_TO_HISTORY","empNo":"994","timestamp":"2026-07-07T12:10:45.501Z"}
7/7/2026, 5:40:45 pm | {"api":"/save-cash-closing","event":"PREVIOUS_DAY_DELETED","empNo":"994","timestamp":"2026-07-07T12:10:45.509Z"}
7/7/2026, 5:40:45 pm | {"api":"/save-cash-closing","event":"SAVE_CASH_NEW_ENTRY","empNo":"994","amount":"1192342","branch":"Chilakaluripet","timestamp":"2026-07-07T12:10:45.512Z"}
7/7/2026, 5:40:45 pm | {"api":"/save-cash-closing","event":"SAVE_CASH_HISTORY_INSERTED","empNo":"994","actionType":"ADDED","version":1,"timestamp":"2026-07-07T12:10:45.528Z"}
7/7/2026, 5:40:45 pm | {"api":"/save-cash-closing","event":"SAVE_CASH_SUCCESS","type":"INSERT","empNo":"994","amount":"1192342","timestamp":"2026-07-07T12:10:45.529Z"}
7/7/2026, 5:40:57 pm | {"api":"/login","event":"LOGIN_API_STARTED","mpin":"1977","deviceId":"e7e9d11886e60564","timestamp":"2026-07-07T12:10:57.982Z"}
7/7/2026, 5:40:57 pm | {"event":"LOGIN_REQUEST","mpin":"1977","deviceId":"e7e9d11886e60564","timestamp":"2026-07-07T12:10:57.983Z"}
7/7/2026, 5:40:57 pm | {"api":"/login","event":"LOGIN_DB_QUERY_STARTED","mpin":"1977","timestamp":"2026-07-07T12:10:57.984Z"}
7/7/2026, 5:40:57 pm | {"api":"/login","event":"LOGIN_USER_FOUND","empNo":"413","branch":"One Town","designation":"Branch Manager","timestamp":"2026-07-07T12:10:57.995Z"}
7/7/2026, 5:40:57 pm | {"api":"/login","event":"LOGIN_DEVICE_CHECK","empNo":"413","savedDevice":"e7e9d11886e60564","currentDevice":"e7e9d11886e60564","timestamp":"2026-07-07T12:10:57.996Z"}
7/7/2026, 5:40:58 pm | {"api":"/login","event":"LOGIN_SUCCESS","empNo":"413","branch":"One Town","designation":"Branch Manager","loginTime":"2026-07-07T12:10:58.004Z"}
7/7/2026, 5:40:58 pm | {"api":"/employee/:empNo","event":"EMPLOYEE_API_STARTED","empNo":"413","timestamp":"2026-07-07T12:10:58.168Z"}
7/7/2026, 5:40:58 pm | {"api":"/employee/:empNo","event":"EMPLOYEE_DB_QUERY_STARTED","empNo":"413","timestamp":"2026-07-07T12:10:58.169Z"}
7/7/2026, 5:40:58 pm | {"api":"/employee/:empNo","event":"EMPLOYEE_FETCH_SUCCESS","empNo":"413","employeeName":"A.N.V.Krishna Prasad","branch":"One Town","designation":"Branch Manager","timestamp":"2026-07-07T12:10:58.174Z"}
7/7/2026, 5:40:58 pm | {"api":"/last-submission/:empNo","event":"LAST_SUBMISSION_API_STARTED","empNo":"413","timestamp":"2026-07-07T12:10:58.230Z"}
7/7/2026, 5:40:58 pm | {"api":"/last-submission/:empNo","event":"LAST_SUBMISSION_DB_QUERY_STARTED","empNo":"413","timestamp":"2026-07-07T12:10:58.231Z"}
7/7/2026, 5:40:58 pm | {"api":"/last-submission/:empNo","event":"LAST_SUBMISSION_FETCH_SUCCESS","empNo":"413","amount":490000,"actionAt":"2026-07-06 17:44:08","timestamp":"2026-07-07T12:10:58.236Z"}
7/7/2026, 5:40:58 pm | {"api":"/today-cash/:empNo","event":"TODAY_CASH_API_STARTED","empNo":"413","timestamp":"2026-07-07T12:10:58.366Z"}
7/7/2026, 5:40:58 pm | {"api":"/today-cash/:empNo","event":"TODAY_CASH_DB_QUERY_STARTED","empNo":"413","timestamp":"2026-07-07T12:10:58.367Z"}
7/7/2026, 5:40:58 pm | {"api":"/today-cash/:empNo","event":"TODAY_CASH_NOT_FOUND","empNo":"413","timestamp":"2026-07-07T12:10:58.372Z"}
7/7/2026, 5:41:08 pm | {"api":"/save-cash-closing","event":"SAVE_CASH_API_STARTED","empNo":"413","amount":"800000","timestamp":"2026-07-07T12:11:08.139Z"}
7/7/2026, 5:41:08 pm | {"api":"/save-cash-closing","event":"PREVIOUS_DAY_RECORD_FOUND","empNo":"413","oldDate":"2026-07-06T00:00:00.000Z","amount":490000,"timestamp":"2026-07-07T12:11:08.147Z"}
7/7/2026, 5:41:08 pm | {"api":"/save-cash-closing","event":"PREVIOUS_DAY_MOVED_TO_HISTORY","empNo":"413","timestamp":"2026-07-07T12:11:08.154Z"}
7/7/2026, 5:41:08 pm | {"api":"/save-cash-closing","event":"PREVIOUS_DAY_DELETED","empNo":"413","timestamp":"2026-07-07T12:11:08.162Z"}
7/7/2026, 5:41:08 pm | {"api":"/save-cash-closing","event":"SAVE_CASH_NEW_ENTRY","empNo":"413","amount":"800000","branch":"One Town","timestamp":"2026-07-07T12:11:08.170Z"}
7/7/2026, 5:41:08 pm | {"api":"/save-cash-closing","event":"SAVE_CASH_HISTORY_INSERTED","empNo":"413","actionType":"ADDED","version":1,"timestamp":"2026-07-07T12:11:08.184Z"}
7/7/2026, 5:41:08 pm | {"api":"/save-cash-closing","event":"SAVE_CASH_SUCCESS","type":"INSERT","empNo":"413","amount":"800000","timestamp":"2026-07-07T12:11:08.185Z"}
7/7/2026, 5:41:09 pm | {"api":"/login","event":"LOGIN_API_STARTED","mpin":"2222","deviceId":"17bb83ca3721b672","timestamp":"2026-07-07T12:11:09.509Z"}
7/7/2026, 5:41:09 pm | {"event":"LOGIN_REQUEST","mpin":"2222","deviceId":"17bb83ca3721b672","timestamp":"2026-07-07T12:11:09.510Z"}
7/7/2026, 5:41:09 pm | {"api":"/login","event":"LOGIN_DB_QUERY_STARTED","mpin":"2222","timestamp":"2026-07-07T12:11:09.511Z"}
7/7/2026, 5:41:09 pm | {"api":"/login","event":"LOGIN_USER_FOUND","empNo":"784","branch":"Devarapalli","designation":"Branch Manager","timestamp":"2026-07-07T12:11:09.518Z"}
7/7/2026, 5:41:09 pm | {"api":"/login","event":"LOGIN_DEVICE_CHECK","empNo":"784","savedDevice":"17bb83ca3721b672","currentDevice":"17bb83ca3721b672","timestamp":"2026-07-07T12:11:09.518Z"}
7/7/2026, 5:41:09 pm | {"api":"/login","event":"LOGIN_SUCCESS","empNo":"784","branch":"Devarapalli","designation":"Branch Manager","loginTime":"2026-07-07T12:11:09.528Z"}
7/7/2026, 5:41:09 pm | {"api":"/employee/:empNo","event":"EMPLOYEE_API_STARTED","empNo":"784","timestamp":"2026-07-07T12:11:09.775Z"}
7/7/2026, 5:41:09 pm | {"api":"/employee/:empNo","event":"EMPLOYEE_DB_QUERY_STARTED","empNo":"784","timestamp":"2026-07-07T12:11:09.776Z"}
7/7/2026, 5:41:09 pm | {"api":"/employee/:empNo","event":"EMPLOYEE_FETCH_SUCCESS","empNo":"784","employeeName":"KVVN Dinesh","branch":"Devarapalli","designation":"Branch Manager","timestamp":"2026-07-07T12:11:09.780Z"}
7/7/2026, 5:41:09 pm | {"api":"/last-submission/:empNo","event":"LAST_SUBMISSION_API_STARTED","empNo":"784","timestamp":"2026-07-07T12:11:09.867Z"}
7/7/2026, 5:41:09 pm | {"api":"/last-submission/:empNo","event":"LAST_SUBMISSION_DB_QUERY_STARTED","empNo":"784","timestamp":"2026-07-07T12:11:09.868Z"}
7/7/2026, 5:41:09 pm | {"api":"/last-submission/:empNo","event":"LAST_SUBMISSION_FETCH_SUCCESS","empNo":"784","amount":1575000,"actionAt":"2026-07-06 17:43:19","timestamp":"2026-07-07T12:11:09.875Z"}
7/7/2026, 5:41:10 pm | {"api":"/today-cash/:empNo","event":"TODAY_CASH_API_STARTED","empNo":"784","timestamp":"2026-07-07T12:11:10.116Z"}
7/7/2026, 5:41:10 pm | {"api":"/today-cash/:empNo","event":"TODAY_CASH_DB_QUERY_STARTED","empNo":"784","timestamp":"2026-07-07T12:11:10.117Z"}
7/7/2026, 5:41:10 pm | {"api":"/today-cash/:empNo","event":"TODAY_CASH_NOT_FOUND","empNo":"784","timestamp":"2026-07-07T12:11:10.121Z"}
7/7/2026, 5:41:16 pm | {"api":"/api/cash-closing-dashboard","event":"CASH_CLOSING_DASHBOARD_API_STARTED","filters":{"cluster":"","branch":"","fromDate":"","toDate":"","status":""},"timestamp":"2026-07-07T12:11:16.246Z"}
7/7/2026, 5:41:16 pm | {"api":"/api/cash-closing-dashboard","event":"CASH_CLOSING_DASHBOARD_DB_CONNECTED","timestamp":"2026-07-07T12:11:16.247Z"}
7/7/2026, 5:41:16 pm | {"api":"/api/cash-closing-dashboard","event":"CASH_CLOSING_DASHBOARD_QUERY_STARTED","filters":{"cluster":"","branch":"","fromDate":"","toDate":"","status":""},"timestamp":"2026-07-07T12:11:16.248Z"}
7/7/2026, 5:41:16 pm | {"api":"/api/cash-closing-dashboard","event":"CASH_CLOSING_DASHBOARD_DATA_FETCHED","totalRecords":56,"timestamp":"2026-07-07T12:11:16.257Z"}
7/7/2026, 5:41:16 pm | {"api":"/api/cash-closing-dashboard","event":"CASH_CLOSING_CLUSTER_FETCHED","totalClusters":4,"timestamp":"2026-07-07T12:11:16.261Z"}
7/7/2026, 5:41:16 pm | {"api":"/api/cash-closing-dashboard","event":"CASH_CLOSING_BRANCH_FETCHED","totalBranches":56,"timestamp":"2026-07-07T12:11:16.266Z"}
7/7/2026, 5:41:16 pm | {"api":"/api/cash-closing-dashboard","event":"CASH_CLOSING_DASHBOARD_SUCCESS","totalRecords":56,"filters":{"cluster":"","branch":"","fromDate":"","toDate":"","status":""},"timestamp":"2026-07-07T12:11:16.266Z"}
7/7/2026, 5:41:16 pm | {"api":"/api/cash-closing-dashboard","event":"CASH_CLOSING_DASHBOARD_API_STARTED","filters":{"cluster":"","branch":"","fromDate":"","toDate":"","status":""},"timestamp":"2026-07-07T12:11:16.343Z"}
7/7/2026, 5:41:16 pm | {"api":"/api/cash-closing-dashboard","event":"CASH_CLOSING_DASHBOARD_DB_CONNECTED","timestamp":"2026-07-07T12:11:16.344Z"}
7/7/2026, 5:41:16 pm | {"api":"/api/cash-closing-dashboard","event":"CASH_CLOSING_DASHBOARD_QUERY_STARTED","filters":{"cluster":"","branch":"","fromDate":"","toDate":"","status":""},"timestamp":"2026-07-07T12:11:16.345Z"}
7/7/2026, 5:41:16 pm | {"api":"/api/cash-closing-dashboard","event":"CASH_CLOSING_DASHBOARD_DATA_FETCHED","totalRecords":56,"timestamp":"2026-07-07T12:11:16.351Z"}
7/7/2026, 5:41:16 pm | {"api":"/api/cash-closing-dashboard","event":"CASH_CLOSING_CLUSTER_FETCHED","totalClusters":4,"timestamp":"2026-07-07T12:11:16.357Z"}
7/7/2026, 5:41:16 pm | {"api":"/api/cash-closing-dashboard","event":"CASH_CLOSING_BRANCH_FETCHED","totalBranches":56,"timestamp":"2026-07-07T12:11:16.361Z"}
7/7/2026, 5:41:16 pm | {"api":"/api/cash-closing-dashboard","event":"CASH_CLOSING_DASHBOARD_SUCCESS","totalRecords":56,"filters":{"cluster":"","branch":"","fromDate":"","toDate":"","status":""},"timestamp":"2026-07-07T12:11:16.362Z"}
7/7/2026, 5:41:16 pm | {"api":"/api/cash-closing-dashboard","event":"CASH_CLOSING_DASHBOARD_API_STARTED","filters":{"cluster":"","branch":"","fromDate":"","toDate":"","status":""},"timestamp":"2026-07-07T12:11:16.533Z"}
7/7/2026, 5:41:16 pm | {"api":"/api/cash-closing-dashboard","event":"CASH_CLOSING_DASHBOARD_DB_CONNECTED","timestamp":"2026-07-07T12:11:16.534Z"}
7/7/2026, 5:41:16 pm | {"api":"/api/cash-closing-dashboard","event":"CASH_CLOSING_DASHBOARD_QUERY_STARTED","filters":{"cluster":"","branch":"","fromDate":"","toDate":"","status":""},"timestamp":"2026-07-07T12:11:16.535Z"}
7/7/2026, 5:41:16 pm | {"api":"/api/cash-closing-dashboard","event":"CASH_CLOSING_DASHBOARD_DATA_FETCHED","totalRecords":56,"timestamp":"2026-07-07T12:11:16.542Z"}
7/7/2026, 5:41:16 pm | {"api":"/api/cash-closing-dashboard","event":"CASH_CLOSING_CLUSTER_FETCHED","totalClusters":4,"timestamp":"2026-07-07T12:11:16.546Z"}
7/7/2026, 5:41:16 pm | {"api":"/api/cash-closing-dashboard","event":"CASH_CLOSING_BRANCH_FETCHED","totalBranches":56,"timestamp":"2026-07-07T12:11:16.550Z"}
7/7/2026, 5:41:16 pm | {"api":"/api/cash-closing-dashboard","event":"CASH_CLOSING_DASHBOARD_SUCCESS","totalRecords":56,"filters":{"cluster":"","branch":"","fromDate":"","toDate":"","status":""},"timestamp":"2026-07-07T12:11:16.550Z"}
7/7/2026, 5:41:16 pm | {"api":"/api/cash-closing-dashboard","event":"CASH_CLOSING_DASHBOARD_API_STARTED","filters":{"cluster":"","branch":"","fromDate":"","toDate":"","status":""},"timestamp":"2026-07-07T12:11:16.702Z"}
7/7/2026, 5:41:16 pm | {"api":"/api/cash-closing-dashboard","event":"CASH_CLOSING_DASHBOARD_DB_CONNECTED","timestamp":"2026-07-07T12:11:16.703Z"}
7/7/2026, 5:41:16 pm | {"api":"/api/cash-closing-dashboard","event":"CASH_CLOSING_DASHBOARD_QUERY_STARTED","filters":{"cluster":"","branch":"","fromDate":"","toDate":"","status":""},"timestamp":"2026-07-07T12:11:16.704Z"}
7/7/2026, 5:41:16 pm | {"api":"/api/cash-closing-dashboard","event":"CASH_CLOSING_DASHBOARD_DATA_FETCHED","totalRecords":56,"timestamp":"2026-07-07T12:11:16.713Z"}
7/7/2026, 5:41:16 pm | {"api":"/api/cash-closing-dashboard","event":"CASH_CLOSING_CLUSTER_FETCHED","totalClusters":4,"timestamp":"2026-07-07T12:11:16.717Z"}
7/7/2026, 5:41:16 pm | {"api":"/api/cash-closing-dashboard","event":"CASH_CLOSING_BRANCH_FETCHED","totalBranches":56,"timestamp":"2026-07-07T12:11:16.720Z"}
7/7/2026, 5:41:16 pm | {"api":"/api/cash-closing-dashboard","event":"CASH_CLOSING_DASHBOARD_SUCCESS","totalRecords":56,"filters":{"cluster":"","branch":"","fromDate":"","toDate":"","status":""},"timestamp":"2026-07-07T12:11:16.721Z"}
7/7/2026, 5:41:16 pm | {"api":"/api/cash-closing-dashboard","event":"CASH_CLOSING_DASHBOARD_API_STARTED","filters":{"cluster":"","branch":"","fromDate":"","toDate":"","status":""},"timestamp":"2026-07-07T12:11:16.893Z"}
7/7/2026, 5:41:16 pm | {"api":"/api/cash-closing-dashboard","event":"CASH_CLOSING_DASHBOARD_DB_CONNECTED","timestamp":"2026-07-07T12:11:16.895Z"}
7/7/2026, 5:41:16 pm | {"api":"/api/cash-closing-dashboard","event":"CASH_CLOSING_DASHBOARD_QUERY_STARTED","filters":{"cluster":"","branch":"","fromDate":"","toDate":"","status":""},"timestamp":"2026-07-07T12:11:16.896Z"}
7/7/2026, 5:41:16 pm | {"api":"/api/cash-closing-dashboard","event":"CASH_CLOSING_DASHBOARD_DATA_FETCHED","totalRecords":56,"timestamp":"2026-07-07T12:11:16.904Z"}
7/7/2026, 5:41:16 pm | {"api":"/api/cash-closing-dashboard","event":"CASH_CLOSING_CLUSTER_FETCHED","totalClusters":4,"timestamp":"2026-07-07T12:11:16.907Z"}
7/7/2026, 5:41:16 pm | {"api":"/api/cash-closing-dashboard","event":"CASH_CLOSING_BRANCH_FETCHED","totalBranches":56,"timestamp":"2026-07-07T12:11:16.911Z"}
7/7/2026, 5:41:16 pm | {"api":"/api/cash-closing-dashboard","event":"CASH_CLOSING_DASHBOARD_SUCCESS","totalRecords":56,"filters":{"cluster":"","branch":"","fromDate":"","toDate":"","status":""},"timestamp":"2026-07-07T12:11:16.912Z"}
7/7/2026, 5:41:17 pm | {"api":"/api/cash-closing-dashboard","event":"CASH_CLOSING_DASHBOARD_API_STARTED","filters":{"cluster":"","branch":"","fromDate":"","toDate":"","status":""},"timestamp":"2026-07-07T12:11:17.053Z"}
7/7/2026, 5:41:17 pm | {"api":"/api/cash-closing-dashboard","event":"CASH_CLOSING_DASHBOARD_DB_CONNECTED","timestamp":"2026-07-07T12:11:17.055Z"}
7/7/2026, 5:41:17 pm | {"api":"/api/cash-closing-dashboard","event":"CASH_CLOSING_DASHBOARD_QUERY_STARTED","filters":{"cluster":"","branch":"","fromDate":"","toDate":"","status":""},"timestamp":"2026-07-07T12:11:17.055Z"}
7/7/2026, 5:41:17 pm | {"api":"/api/cash-closing-dashboard","event":"CASH_CLOSING_DASHBOARD_DATA_FETCHED","totalRecords":56,"timestamp":"2026-07-07T12:11:17.062Z"}
7/7/2026, 5:41:17 pm | {"api":"/api/cash-closing-dashboard","event":"CASH_CLOSING_CLUSTER_FETCHED","totalClusters":4,"timestamp":"2026-07-07T12:11:17.066Z"}
7/7/2026, 5:41:17 pm | {"api":"/api/cash-closing-dashboard","event":"CASH_CLOSING_BRANCH_FETCHED","totalBranches":56,"timestamp":"2026-07-07T12:11:17.069Z"}
7/7/2026, 5:41:17 pm | {"api":"/api/cash-closing-dashboard","event":"CASH_CLOSING_DASHBOARD_SUCCESS","totalRecords":56,"filters":{"cluster":"","branch":"","fromDate":"","toDate":"","status":""},"timestamp":"2026-07-07T12:11:17.070Z"}
7/7/2026, 5:41:26 pm | {"api":"/api/cash-closing-dashboard","event":"CASH_CLOSING_DASHBOARD_API_STARTED","filters":{"cluster":"","branch":"","fromDate":"","toDate":"","status":""},"timestamp":"2026-07-07T12:11:26.375Z"}
7/7/2026, 5:41:26 pm | {"api":"/api/cash-closing-dashboard","event":"CASH_CLOSING_DASHBOARD_DB_CONNECTED","timestamp":"2026-07-07T12:11:26.376Z"}
7/7/2026, 5:41:26 pm | {"api":"/api/cash-closing-dashboard","event":"CASH_CLOSING_DASHBOARD_QUERY_STARTED","filters":{"cluster":"","branch":"","fromDate":"","toDate":"","status":""},"timestamp":"2026-07-07T12:11:26.377Z"}
7/7/2026, 5:41:26 pm | {"api":"/api/cash-closing-dashboard","event":"CASH_CLOSING_DASHBOARD_DATA_FETCHED","totalRecords":56,"timestamp":"2026-07-07T12:11:26.384Z"}
7/7/2026, 5:41:26 pm | {"api":"/api/cash-closing-dashboard","event":"CASH_CLOSING_CLUSTER_FETCHED","totalClusters":4,"timestamp":"2026-07-07T12:11:26.387Z"}
7/7/2026, 5:41:26 pm | {"api":"/api/cash-closing-dashboard","event":"CASH_CLOSING_BRANCH_FETCHED","totalBranches":56,"timestamp":"2026-07-07T12:11:26.391Z"}
7/7/2026, 5:41:26 pm | {"api":"/api/cash-closing-dashboard","event":"CASH_CLOSING_DASHBOARD_SUCCESS","totalRecords":56,"filters":{"cluster":"","branch":"","fromDate":"","toDate":"","status":""},"timestamp":"2026-07-07T12:11:26.392Z"}
7/7/2026, 5:41:26 pm | {"api":"/api/cash-closing-dashboard","event":"CASH_CLOSING_DASHBOARD_API_STARTED","filters":{"cluster":"","branch":"","fromDate":"","toDate":"","status":""},"timestamp":"2026-07-07T12:11:26.478Z"}
7/7/2026, 5:41:26 pm | {"api":"/api/cash-closing-dashboard","event":"CASH_CLOSING_DASHBOARD_DB_CONNECTED","timestamp":"2026-07-07T12:11:26.479Z"}
7/7/2026, 5:41:26 pm | {"api":"/api/cash-closing-dashboard","event":"CASH_CLOSING_DASHBOARD_QUERY_STARTED","filters":{"cluster":"","branch":"","fromDate":"","toDate":"","status":""},"timestamp":"2026-07-07T12:11:26.480Z"}
7/7/2026, 5:41:26 pm | {"api":"/api/cash-closing-dashboard","event":"CASH_CLOSING_DASHBOARD_DATA_FETCHED","totalRecords":56,"timestamp":"2026-07-07T12:11:26.487Z"}
7/7/2026, 5:41:26 pm | {"api":"/api/cash-closing-dashboard","event":"CASH_CLOSING_CLUSTER_FETCHED","totalClusters":4,"timestamp":"2026-07-07T12:11:26.490Z"}
7/7/2026, 5:41:26 pm | {"api":"/api/cash-closing-dashboard","event":"CASH_CLOSING_BRANCH_FETCHED","totalBranches":56,"timestamp":"2026-07-07T12:11:26.494Z"}
7/7/2026, 5:41:26 pm | {"api":"/api/cash-closing-dashboard","event":"CASH_CLOSING_DASHBOARD_SUCCESS","totalRecords":56,"filters":{"cluster":"","branch":"","fromDate":"","toDate":"","status":""},"timestamp":"2026-07-07T12:11:26.494Z"}
7/7/2026, 5:41:26 pm | {"api":"/api/cash-closing-dashboard","event":"CASH_CLOSING_DASHBOARD_API_STARTED","filters":{"cluster":"","branch":"","fromDate":"","toDate":"","status":""},"timestamp":"2026-07-07T12:11:26.646Z"}
7/7/2026, 5:41:26 pm | {"api":"/api/cash-closing-dashboard","event":"CASH_CLOSING_DASHBOARD_DB_CONNECTED","timestamp":"2026-07-07T12:11:26.647Z"}
7/7/2026, 5:41:26 pm | {"api":"/api/cash-closing-dashboard","event":"CASH_CLOSING_DASHBOARD_QUERY_STARTED","filters":{"cluster":"","branch":"","fromDate":"","toDate":"","status":""},"timestamp":"2026-07-07T12:11:26.648Z"}
7/7/2026, 5:41:26 pm | {"api":"/api/cash-closing-dashboard","event":"CASH_CLOSING_DASHBOARD_DATA_FETCHED","totalRecords":56,"timestamp":"2026-07-07T12:11:26.655Z"}
7/7/2026, 5:41:26 pm | {"api":"/api/cash-closing-dashboard","event":"CASH_CLOSING_CLUSTER_FETCHED","totalClusters":4,"timestamp":"2026-07-07T12:11:26.661Z"}
7/7/2026, 5:41:26 pm | {"api":"/api/cash-closing-dashboard","event":"CASH_CLOSING_BRANCH_FETCHED","totalBranches":56,"timestamp":"2026-07-07T12:11:26.665Z"}
7/7/2026, 5:41:26 pm | {"api":"/api/cash-closing-dashboard","event":"CASH_CLOSING_DASHBOARD_SUCCESS","totalRecords":56,"filters":{"cluster":"","branch":"","fromDate":"","toDate":"","status":""},"timestamp":"2026-07-07T12:11:26.665Z"}
7/7/2026, 5:41:35 pm | {"api":"/save-cash-closing","event":"SAVE_CASH_API_STARTED","empNo":"784","amount":"1785000","timestamp":"2026-07-07T12:11:35.337Z"}
7/7/2026, 5:41:35 pm | {"api":"/save-cash-closing","event":"PREVIOUS_DAY_RECORD_FOUND","empNo":"784","oldDate":"2026-07-06T00:00:00.000Z","amount":1575000,"timestamp":"2026-07-07T12:11:35.346Z"}
7/7/2026, 5:41:35 pm | {"api":"/save-cash-closing","event":"PREVIOUS_DAY_MOVED_TO_HISTORY","empNo":"784","timestamp":"2026-07-07T12:11:35.354Z"}
7/7/2026, 5:41:35 pm | {"api":"/save-cash-closing","event":"PREVIOUS_DAY_DELETED","empNo":"784","timestamp":"2026-07-07T12:11:35.362Z"}
7/7/2026, 5:41:35 pm | {"api":"/save-cash-closing","event":"SAVE_CASH_NEW_ENTRY","empNo":"784","amount":"1785000","branch":"Devarapalli","timestamp":"2026-07-07T12:11:35.365Z"}
7/7/2026, 5:41:35 pm | {"api":"/save-cash-closing","event":"SAVE_CASH_HISTORY_INSERTED","empNo":"784","actionType":"ADDED","version":1,"timestamp":"2026-07-07T12:11:35.381Z"}
7/7/2026, 5:41:35 pm | {"api":"/save-cash-closing","event":"SAVE_CASH_SUCCESS","type":"INSERT","empNo":"784","amount":"1785000","timestamp":"2026-07-07T12:11:35.382Z"}
7/7/2026, 5:42:10 pm | {"api":"/api/cash-closing-dashboard","event":"CASH_CLOSING_DASHBOARD_API_STARTED","filters":{"cluster":"","branch":"","fromDate":"","toDate":"","status":""},"timestamp":"2026-07-07T12:12:10.910Z"}
7/7/2026, 5:42:10 pm | {"api":"/api/cash-closing-dashboard","event":"CASH_CLOSING_DASHBOARD_DB_CONNECTED","timestamp":"2026-07-07T12:12:10.911Z"}
7/7/2026, 5:42:10 pm | {"api":"/api/cash-closing-dashboard","event":"CASH_CLOSING_DASHBOARD_QUERY_STARTED","filters":{"cluster":"","branch":"","fromDate":"","toDate":"","status":""},"timestamp":"2026-07-07T12:12:10.912Z"}
7/7/2026, 5:42:10 pm | {"api":"/api/cash-closing-dashboard","event":"CASH_CLOSING_DASHBOARD_DATA_FETCHED","totalRecords":56,"timestamp":"2026-07-07T12:12:10.928Z"}
7/7/2026, 5:42:10 pm | {"api":"/api/cash-closing-dashboard","event":"CASH_CLOSING_CLUSTER_FETCHED","totalClusters":4,"timestamp":"2026-07-07T12:12:10.933Z"}
7/7/2026, 5:42:10 pm | {"api":"/api/cash-closing-dashboard","event":"CASH_CLOSING_BRANCH_FETCHED","totalBranches":56,"timestamp":"2026-07-07T12:12:10.936Z"}
7/7/2026, 5:42:10 pm | {"api":"/api/cash-closing-dashboard","event":"CASH_CLOSING_DASHBOARD_SUCCESS","totalRecords":56,"filters":{"cluster":"","branch":"","fromDate":"","toDate":"","status":""},"timestamp":"2026-07-07T12:12:10.937Z"}
7/7/2026, 5:42:11 pm | {"api":"/api/cash-closing-dashboard","event":"CASH_CLOSING_DASHBOARD_API_STARTED","filters":{"cluster":"","branch":"","fromDate":"","toDate":"","status":""},"timestamp":"2026-07-07T12:12:11.013Z"}
7/7/2026, 5:42:11 pm | {"api":"/api/cash-closing-dashboard","event":"CASH_CLOSING_DASHBOARD_DB_CONNECTED","timestamp":"2026-07-07T12:12:11.014Z"}
7/7/2026, 5:42:11 pm | {"api":"/api/cash-closing-dashboard","event":"CASH_CLOSING_DASHBOARD_QUERY_STARTED","filters":{"cluster":"","branch":"","fromDate":"","toDate":"","status":""},"timestamp":"2026-07-07T12:12:11.015Z"}
7/7/2026, 5:42:11 pm | {"api":"/api/cash-closing-dashboard","event":"CASH_CLOSING_DASHBOARD_DATA_FETCHED","totalRecords":56,"timestamp":"2026-07-07T12:12:11.024Z"}
7/7/2026, 5:42:11 pm | {"api":"/api/cash-closing-dashboard","event":"CASH_CLOSING_CLUSTER_FETCHED","totalClusters":4,"timestamp":"2026-07-07T12:12:11.027Z"}
7/7/2026, 5:42:11 pm | {"api":"/api/cash-closing-dashboard","event":"CASH_CLOSING_BRANCH_FETCHED","totalBranches":56,"timestamp":"2026-07-07T12:12:11.032Z"}
7/7/2026, 5:42:11 pm | {"api":"/api/cash-closing-dashboard","event":"CASH_CLOSING_DASHBOARD_SUCCESS","totalRecords":56,"filters":{"cluster":"","branch":"","fromDate":"","toDate":"","status":""},"timestamp":"2026-07-07T12:12:11.032Z"}
7/7/2026, 5:42:11 pm | {"api":"/api/cash-closing-dashboard","event":"CASH_CLOSING_DASHBOARD_API_STARTED","filters":{"cluster":"","branch":"","fromDate":"","toDate":"","status":""},"timestamp":"2026-07-07T12:12:11.293Z"}
7/7/2026, 5:42:11 pm | {"api":"/api/cash-closing-dashboard","event":"CASH_CLOSING_DASHBOARD_DB_CONNECTED","timestamp":"2026-07-07T12:12:11.295Z"}
7/7/2026, 5:42:11 pm | {"api":"/api/cash-closing-dashboard","event":"CASH_CLOSING_DASHBOARD_QUERY_STARTED","filters":{"cluster":"","branch":"","fromDate":"","toDate":"","status":""},"timestamp":"2026-07-07T12:12:11.295Z"}
7/7/2026, 5:42:11 pm | {"api":"/api/cash-closing-dashboard","event":"CASH_CLOSING_DASHBOARD_DATA_FETCHED","totalRecords":56,"timestamp":"2026-07-07T12:12:11.305Z"}
7/7/2026, 5:42:11 pm | {"api":"/api/cash-closing-dashboard","event":"CASH_CLOSING_CLUSTER_FETCHED","totalClusters":4,"timestamp":"2026-07-07T12:12:11.309Z"}
7/7/2026, 5:42:11 pm | {"api":"/api/cash-closing-dashboard","event":"CASH_CLOSING_BRANCH_FETCHED","totalBranches":56,"timestamp":"2026-07-07T12:12:11.313Z"}
7/7/2026, 5:42:11 pm | {"api":"/api/cash-closing-dashboard","event":"CASH_CLOSING_DASHBOARD_SUCCESS","totalRecords":56,"filters":{"cluster":"","branch":"","fromDate":"","toDate":"","status":""},"timestamp":"2026-07-07T12:12:11.313Z"}
7/7/2026, 5:42:11 pm | {"api":"/api/cash-closing-dashboard","event":"CASH_CLOSING_DASHBOARD_API_STARTED","filters":{"cluster":"","branch":"","fromDate":"","toDate":"","status":""},"timestamp":"2026-07-07T12:12:11.447Z"}
7/7/2026, 5:42:11 pm | {"api":"/api/cash-closing-dashboard","event":"CASH_CLOSING_DASHBOARD_DB_CONNECTED","timestamp":"2026-07-07T12:12:11.448Z"}
7/7/2026, 5:42:11 pm | {"api":"/api/cash-closing-dashboard","event":"CASH_CLOSING_DASHBOARD_QUERY_STARTED","filters":{"cluster":"","branch":"","fromDate":"","toDate":"","status":""},"timestamp":"2026-07-07T12:12:11.449Z"}
7/7/2026, 5:42:11 pm | {"api":"/api/cash-closing-dashboard","event":"CASH_CLOSING_DASHBOARD_DATA_FETCHED","totalRecords":56,"timestamp":"2026-07-07T12:12:11.457Z"}
7/7/2026, 5:42:11 pm | {"api":"/api/cash-closing-dashboard","event":"CASH_CLOSING_CLUSTER_FETCHED","totalClusters":4,"timestamp":"2026-07-07T12:12:11.460Z"}
7/7/2026, 5:42:11 pm | {"api":"/api/cash-closing-dashboard","event":"CASH_CLOSING_BRANCH_FETCHED","totalBranches":56,"timestamp":"2026-07-07T12:12:11.464Z"}
7/7/2026, 5:42:11 pm | {"api":"/api/cash-closing-dashboard","event":"CASH_CLOSING_DASHBOARD_SUCCESS","totalRecords":56,"filters":{"cluster":"","branch":"","fromDate":"","toDate":"","status":""},"timestamp":"2026-07-07T12:12:11.464Z"}
7/7/2026, 5:42:11 pm | {"api":"/api/cash-closing-dashboard","event":"CASH_CLOSING_DASHBOARD_API_STARTED","filters":{"cluster":"","branch":"","fromDate":"","toDate":"","status":""},"timestamp":"2026-07-07T12:12:11.589Z"}
7/7/2026, 5:42:11 pm | {"api":"/api/cash-closing-dashboard","event":"CASH_CLOSING_DASHBOARD_DB_CONNECTED","timestamp":"2026-07-07T12:12:11.590Z"}
7/7/2026, 5:42:11 pm | {"api":"/api/cash-closing-dashboard","event":"CASH_CLOSING_DASHBOARD_QUERY_STARTED","filters":{"cluster":"","branch":"","fromDate":"","toDate":"","status":""},"timestamp":"2026-07-07T12:12:11.591Z"}
7/7/2026, 5:42:11 pm | {"api":"/api/cash-closing-dashboard","event":"CASH_CLOSING_DASHBOARD_DATA_FETCHED","totalRecords":56,"timestamp":"2026-07-07T12:12:11.599Z"}
7/7/2026, 5:42:11 pm | {"api":"/api/cash-closing-dashboard","event":"CASH_CLOSING_CLUSTER_FETCHED","totalClusters":4,"timestamp":"2026-07-07T12:12:11.603Z"}
7/7/2026, 5:42:11 pm | {"api":"/api/cash-closing-dashboard","event":"CASH_CLOSING_BRANCH_FETCHED","totalBranches":56,"timestamp":"2026-07-07T12:12:11.607Z"}
7/7/2026, 5:42:11 pm | {"api":"/api/cash-closing-dashboard","event":"CASH_CLOSING_DASHBOARD_SUCCESS","totalRecords":56,"filters":{"cluster":"","branch":"","fromDate":"","toDate":"","status":""},"timestamp":"2026-07-07T12:12:11.608Z"}
7/7/2026, 5:42:11 pm | {"api":"/api/cash-closing-dashboard","event":"CASH_CLOSING_DASHBOARD_API_STARTED","filters":{"cluster":"","branch":"","fromDate":"","toDate":"","status":""},"timestamp":"2026-07-07T12:12:11.757Z"}
7/7/2026, 5:42:11 pm | {"api":"/api/cash-closing-dashboard","event":"CASH_CLOSING_DASHBOARD_DB_CONNECTED","timestamp":"2026-07-07T12:12:11.758Z"}
7/7/2026, 5:42:11 pm | {"api":"/api/cash-closing-dashboard","event":"CASH_CLOSING_DASHBOARD_QUERY_STARTED","filters":{"cluster":"","branch":"","fromDate":"","toDate":"","status":""},"timestamp":"2026-07-07T12:12:11.759Z"}
7/7/2026, 5:42:11 pm | {"api":"/api/cash-closing-dashboard","event":"CASH_CLOSING_DASHBOARD_DATA_FETCHED","totalRecords":56,"timestamp":"2026-07-07T12:12:11.766Z"}
7/7/2026, 5:42:11 pm | {"api":"/api/cash-closing-dashboard","event":"CASH_CLOSING_CLUSTER_FETCHED","totalClusters":4,"timestamp":"2026-07-07T12:12:11.771Z"}
7/7/2026, 5:42:11 pm | {"api":"/api/cash-closing-dashboard","event":"CASH_CLOSING_BRANCH_FETCHED","totalBranches":56,"timestamp":"2026-07-07T12:12:11.774Z"}
7/7/2026, 5:42:11 pm | {"api":"/api/cash-closing-dashboard","event":"CASH_CLOSING_DASHBOARD_SUCCESS","totalRecords":56,"filters":{"cluster":"","branch":"","fromDate":"","toDate":"","status":""},"timestamp":"2026-07-07T12:12:11.775Z"}
7/7/2026, 5:42:11 pm | {"api":"/api/cash-closing-dashboard","event":"CASH_CLOSING_DASHBOARD_API_STARTED","filters":{"cluster":"","branch":"","fromDate":"","toDate":"","status":""},"timestamp":"2026-07-07T12:12:11.928Z"}
7/7/2026, 5:42:11 pm | {"api":"/api/cash-closing-dashboard","event":"CASH_CLOSING_DASHBOARD_DB_CONNECTED","timestamp":"2026-07-07T12:12:11.929Z"}
7/7/2026, 5:42:11 pm | {"api":"/api/cash-closing-dashboard","event":"CASH_CLOSING_DASHBOARD_QUERY_STARTED","filters":{"cluster":"","branch":"","fromDate":"","toDate":"","status":""},"timestamp":"2026-07-07T12:12:11.930Z"}
7/7/2026, 5:42:11 pm | {"api":"/api/cash-closing-dashboard","event":"CASH_CLOSING_DASHBOARD_DATA_FETCHED","totalRecords":56,"timestamp":"2026-07-07T12:12:11.935Z"}
7/7/2026, 5:42:11 pm | {"api":"/api/cash-closing-dashboard","event":"CASH_CLOSING_CLUSTER_FETCHED","totalClusters":4,"timestamp":"2026-07-07T12:12:11.938Z"}
7/7/2026, 5:42:11 pm | {"api":"/api/cash-closing-dashboard","event":"CASH_CLOSING_BRANCH_FETCHED","totalBranches":56,"timestamp":"2026-07-07T12:12:11.942Z"}
7/7/2026, 5:42:11 pm | {"api":"/api/cash-closing-dashboard","event":"CASH_CLOSING_DASHBOARD_SUCCESS","totalRecords":56,"filters":{"cluster":"","branch":"","fromDate":"","toDate":"","status":""},"timestamp":"2026-07-07T12:12:11.943Z"}
7/7/2026, 5:42:18 pm | {"api":"/api/cash-closing-dashboard","event":"CASH_CLOSING_DASHBOARD_API_STARTED","filters":{"cluster":"","branch":"","fromDate":"","toDate":"","status":""},"timestamp":"2026-07-07T12:12:18.569Z"}
7/7/2026, 5:42:18 pm | {"api":"/api/cash-closing-dashboard","event":"CASH_CLOSING_DASHBOARD_DB_CONNECTED","timestamp":"2026-07-07T12:12:18.571Z"}
7/7/2026, 5:42:18 pm | {"api":"/api/cash-closing-dashboard","event":"CASH_CLOSING_DASHBOARD_QUERY_STARTED","filters":{"cluster":"","branch":"","fromDate":"","toDate":"","status":""},"timestamp":"2026-07-07T12:12:18.572Z"}
7/7/2026, 5:42:18 pm | {"api":"/api/cash-closing-dashboard","event":"CASH_CLOSING_DASHBOARD_DATA_FETCHED","totalRecords":56,"timestamp":"2026-07-07T12:12:18.579Z"}
7/7/2026, 5:42:18 pm | {"api":"/api/cash-closing-dashboard","event":"CASH_CLOSING_CLUSTER_FETCHED","totalClusters":4,"timestamp":"2026-07-07T12:12:18.582Z"}
7/7/2026, 5:42:18 pm | {"api":"/api/cash-closing-dashboard","event":"CASH_CLOSING_BRANCH_FETCHED","totalBranches":56,"timestamp":"2026-07-07T12:12:18.586Z"}
7/7/2026, 5:42:18 pm | {"api":"/api/cash-closing-dashboard","event":"CASH_CLOSING_DASHBOARD_SUCCESS","totalRecords":56,"filters":{"cluster":"","branch":"","fromDate":"","toDate":"","status":""},"timestamp":"2026-07-07T12:12:18.587Z"}
7/7/2026, 5:42:18 pm | {"api":"/api/cash-closing-dashboard","event":"CASH_CLOSING_DASHBOARD_API_STARTED","filters":{"cluster":"","branch":"","fromDate":"","toDate":"","status":""},"timestamp":"2026-07-07T12:12:18.702Z"}
7/7/2026, 5:42:18 pm | {"api":"/api/cash-closing-dashboard","event":"CASH_CLOSING_DASHBOARD_DB_CONNECTED","timestamp":"2026-07-07T12:12:18.703Z"}
7/7/2026, 5:42:18 pm | {"api":"/api/cash-closing-dashboard","event":"CASH_CLOSING_DASHBOARD_QUERY_STARTED","filters":{"cluster":"","branch":"","fromDate":"","toDate":"","status":""},"timestamp":"2026-07-07T12:12:18.704Z"}
7/7/2026, 5:42:18 pm | {"api":"/api/cash-closing-dashboard","event":"CASH_CLOSING_DASHBOARD_DATA_FETCHED","totalRecords":56,"timestamp":"2026-07-07T12:12:18.711Z"}
7/7/2026, 5:42:18 pm | {"api":"/api/cash-closing-dashboard","event":"CASH_CLOSING_CLUSTER_FETCHED","totalClusters":4,"timestamp":"2026-07-07T12:12:18.715Z"}
7/7/2026, 5:42:18 pm | {"api":"/api/cash-closing-dashboard","event":"CASH_CLOSING_BRANCH_FETCHED","totalBranches":56,"timestamp":"2026-07-07T12:12:18.719Z"}
7/7/2026, 5:42:18 pm | {"api":"/api/cash-closing-dashboard","event":"CASH_CLOSING_DASHBOARD_SUCCESS","totalRecords":56,"filters":{"cluster":"","branch":"","fromDate":"","toDate":"","status":""},"timestamp":"2026-07-07T12:12:18.720Z"}
7/7/2026, 5:42:18 pm | {"api":"/api/cash-closing-dashboard","event":"CASH_CLOSING_DASHBOARD_API_STARTED","filters":{"cluster":"","branch":"","fromDate":"","toDate":"","status":""},"timestamp":"2026-07-07T12:12:18.989Z"}
7/7/2026, 5:42:18 pm | {"api":"/api/cash-closing-dashboard","event":"CASH_CLOSING_DASHBOARD_DB_CONNECTED","timestamp":"2026-07-07T12:12:18.991Z"}
7/7/2026, 5:42:18 pm | {"api":"/api/cash-closing-dashboard","event":"CASH_CLOSING_DASHBOARD_QUERY_STARTED","filters":{"cluster":"","branch":"","fromDate":"","toDate":"","status":""},"timestamp":"2026-07-07T12:12:18.992Z"}
7/7/2026, 5:42:18 pm | {"api":"/api/cash-closing-dashboard","event":"CASH_CLOSING_DASHBOARD_DATA_FETCHED","totalRecords":56,"timestamp":"2026-07-07T12:12:18.999Z"}
7/7/2026, 5:42:19 pm | {"api":"/api/cash-closing-dashboard","event":"CASH_CLOSING_CLUSTER_FETCHED","totalClusters":4,"timestamp":"2026-07-07T12:12:19.003Z"}
7/7/2026, 5:42:19 pm | {"api":"/api/cash-closing-dashboard","event":"CASH_CLOSING_BRANCH_FETCHED","totalBranches":56,"timestamp":"2026-07-07T12:12:19.008Z"}
7/7/2026, 5:42:19 pm | {"api":"/api/cash-closing-dashboard","event":"CASH_CLOSING_DASHBOARD_SUCCESS","totalRecords":56,"filters":{"cluster":"","branch":"","fromDate":"","toDate":"","status":""},"timestamp":"2026-07-07T12:12:19.009Z"}
7/7/2026, 5:42:19 pm | {"api":"/api/cash-closing-dashboard","event":"CASH_CLOSING_DASHBOARD_API_STARTED","filters":{"cluster":"","branch":"","fromDate":"","toDate":"","status":""},"timestamp":"2026-07-07T12:12:19.205Z"}
7/7/2026, 5:42:19 pm | {"api":"/api/cash-closing-dashboard","event":"CASH_CLOSING_DASHBOARD_DB_CONNECTED","timestamp":"2026-07-07T12:12:19.207Z"}
7/7/2026, 5:42:19 pm | {"api":"/api/cash-closing-dashboard","event":"CASH_CLOSING_DASHBOARD_QUERY_STARTED","filters":{"cluster":"","branch":"","fromDate":"","toDate":"","status":""},"timestamp":"2026-07-07T12:12:19.207Z"}
7/7/2026, 5:42:19 pm | {"api":"/api/cash-closing-dashboard","event":"CASH_CLOSING_DASHBOARD_DATA_FETCHED","totalRecords":56,"timestamp":"2026-07-07T12:12:19.215Z"}
7/7/2026, 5:42:19 pm | {"api":"/api/cash-closing-dashboard","event":"CASH_CLOSING_CLUSTER_FETCHED","totalClusters":4,"timestamp":"2026-07-07T12:12:19.219Z"}
7/7/2026, 5:42:19 pm | {"api":"/api/cash-closing-dashboard","event":"CASH_CLOSING_BRANCH_FETCHED","totalBranches":56,"timestamp":"2026-07-07T12:12:19.223Z"}
7/7/2026, 5:42:19 pm | {"api":"/api/cash-closing-dashboard","event":"CASH_CLOSING_DASHBOARD_SUCCESS","totalRecords":56,"filters":{"cluster":"","branch":"","fromDate":"","toDate":"","status":""},"timestamp":"2026-07-07T12:12:19.223Z"}
7/7/2026, 5:42:19 pm | {"api":"/api/cash-closing-dashboard","event":"CASH_CLOSING_DASHBOARD_API_STARTED","filters":{"cluster":"","branch":"","fromDate":"","toDate":"","status":""},"timestamp":"2026-07-07T12:12:19.429Z"}
7/7/2026, 5:42:19 pm | {"api":"/api/cash-closing-dashboard","event":"CASH_CLOSING_DASHBOARD_DB_CONNECTED","timestamp":"2026-07-07T12:12:19.431Z"}
7/7/2026, 5:42:19 pm | {"api":"/api/cash-closing-dashboard","event":"CASH_CLOSING_DASHBOARD_QUERY_STARTED","filters":{"cluster":"","branch":"","fromDate":"","toDate":"","status":""},"timestamp":"2026-07-07T12:12:19.431Z"}
7/7/2026, 5:42:19 pm | {"api":"/api/cash-closing-dashboard","event":"CASH_CLOSING_DASHBOARD_DATA_FETCHED","totalRecords":56,"timestamp":"2026-07-07T12:12:19.439Z"}
7/7/2026, 5:42:19 pm | {"api":"/api/cash-closing-dashboard","event":"CASH_CLOSING_CLUSTER_FETCHED","totalClusters":4,"timestamp":"2026-07-07T12:12:19.443Z"}
7/7/2026, 5:42:19 pm | {"api":"/api/cash-closing-dashboard","event":"CASH_CLOSING_BRANCH_FETCHED","totalBranches":56,"timestamp":"2026-07-07T12:12:19.446Z"}
7/7/2026, 5:42:19 pm | {"api":"/api/cash-closing-dashboard","event":"CASH_CLOSING_DASHBOARD_SUCCESS","totalRecords":56,"filters":{"cluster":"","branch":"","fromDate":"","toDate":"","status":""},"timestamp":"2026-07-07T12:12:19.447Z"}
7/7/2026, 5:42:42 pm | {"api":"/api/cash-closing-dashboard","event":"CASH_CLOSING_DASHBOARD_API_STARTED","filters":{"cluster":"","branch":"","fromDate":"","toDate":"","status":""},"timestamp":"2026-07-07T12:12:42.293Z"}
7/7/2026, 5:42:42 pm | {"api":"/api/cash-closing-dashboard","event":"CASH_CLOSING_DASHBOARD_DB_CONNECTED","timestamp":"2026-07-07T12:12:42.294Z"}
7/7/2026, 5:42:42 pm | {"api":"/api/cash-closing-dashboard","event":"CASH_CLOSING_DASHBOARD_QUERY_STARTED","filters":{"cluster":"","branch":"","fromDate":"","toDate":"","status":""},"timestamp":"2026-07-07T12:12:42.295Z"}
7/7/2026, 5:42:42 pm | {"api":"/api/cash-closing-dashboard","event":"CASH_CLOSING_DASHBOARD_DATA_FETCHED","totalRecords":56,"timestamp":"2026-07-07T12:12:42.301Z"}
7/7/2026, 5:42:42 pm | {"api":"/api/cash-closing-dashboard","event":"CASH_CLOSING_CLUSTER_FETCHED","totalClusters":4,"timestamp":"2026-07-07T12:12:42.305Z"}
7/7/2026, 5:42:42 pm | {"api":"/api/cash-closing-dashboard","event":"CASH_CLOSING_BRANCH_FETCHED","totalBranches":56,"timestamp":"2026-07-07T12:12:42.308Z"}
7/7/2026, 5:42:42 pm | {"api":"/api/cash-closing-dashboard","event":"CASH_CLOSING_DASHBOARD_SUCCESS","totalRecords":56,"filters":{"cluster":"","branch":"","fromDate":"","toDate":"","status":""},"timestamp":"2026-07-07T12:12:42.309Z"}
7/7/2026, 5:42:42 pm | {"api":"/api/cash-closing-dashboard","event":"CASH_CLOSING_DASHBOARD_API_STARTED","filters":{"cluster":"","branch":"","fromDate":"","toDate":"","status":""},"timestamp":"2026-07-07T12:12:42.381Z"}
7/7/2026, 5:42:42 pm | {"api":"/api/cash-closing-dashboard","event":"CASH_CLOSING_DASHBOARD_DB_CONNECTED","timestamp":"2026-07-07T12:12:42.382Z"}
7/7/2026, 5:42:42 pm | {"api":"/api/cash-closing-dashboard","event":"CASH_CLOSING_DASHBOARD_QUERY_STARTED","filters":{"cluster":"","branch":"","fromDate":"","toDate":"","status":""},"timestamp":"2026-07-07T12:12:42.383Z"}
7/7/2026, 5:42:42 pm | {"api":"/api/cash-closing-dashboard","event":"CASH_CLOSING_DASHBOARD_DATA_FETCHED","totalRecords":56,"timestamp":"2026-07-07T12:12:42.390Z"}
7/7/2026, 5:42:42 pm | {"api":"/api/cash-closing-dashboard","event":"CASH_CLOSING_CLUSTER_FETCHED","totalClusters":4,"timestamp":"2026-07-07T12:12:42.394Z"}
7/7/2026, 5:42:42 pm | {"api":"/api/cash-closing-dashboard","event":"CASH_CLOSING_BRANCH_FETCHED","totalBranches":56,"timestamp":"2026-07-07T12:12:42.398Z"}
7/7/2026, 5:42:42 pm | {"api":"/api/cash-closing-dashboard","event":"CASH_CLOSING_DASHBOARD_SUCCESS","totalRecords":56,"filters":{"cluster":"","branch":"","fromDate":"","toDate":"","status":""},"timestamp":"2026-07-07T12:12:42.398Z"}
7/7/2026, 5:42:42 pm | {"api":"/api/cash-closing-dashboard","event":"CASH_CLOSING_DASHBOARD_API_STARTED","filters":{"cluster":"","branch":"","fromDate":"","toDate":"","status":""},"timestamp":"2026-07-07T12:12:42.542Z"}
7/7/2026, 5:42:42 pm | {"api":"/api/cash-closing-dashboard","event":"CASH_CLOSING_DASHBOARD_DB_CONNECTED","timestamp":"2026-07-07T12:12:42.543Z"}
7/7/2026, 5:42:42 pm | {"api":"/api/cash-closing-dashboard","event":"CASH_CLOSING_DASHBOARD_QUERY_STARTED","filters":{"cluster":"","branch":"","fromDate":"","toDate":"","status":""},"timestamp":"2026-07-07T12:12:42.544Z"}
7/7/2026, 5:42:42 pm | {"api":"/api/cash-closing-dashboard","event":"CASH_CLOSING_DASHBOARD_DATA_FETCHED","totalRecords":56,"timestamp":"2026-07-07T12:12:42.551Z"}
7/7/2026, 5:42:42 pm | {"api":"/api/cash-closing-dashboard","event":"CASH_CLOSING_CLUSTER_FETCHED","totalClusters":4,"timestamp":"2026-07-07T12:12:42.555Z"}
7/7/2026, 5:42:42 pm | {"api":"/api/cash-closing-dashboard","event":"CASH_CLOSING_BRANCH_FETCHED","totalBranches":56,"timestamp":"2026-07-07T12:12:42.560Z"}
7/7/2026, 5:42:42 pm | {"api":"/api/cash-closing-dashboard","event":"CASH_CLOSING_DASHBOARD_SUCCESS","totalRecords":56,"filters":{"cluster":"","branch":"","fromDate":"","toDate":"","status":""},"timestamp":"2026-07-07T12:12:42.561Z"}
7/7/2026, 5:42:42 pm | {"api":"/api/cash-closing-dashboard","event":"CASH_CLOSING_DASHBOARD_API_STARTED","filters":{"cluster":"","branch":"","fromDate":"","toDate":"","status":""},"timestamp":"2026-07-07T12:12:42.686Z"}
7/7/2026, 5:42:42 pm | {"api":"/api/cash-closing-dashboard","event":"CASH_CLOSING_DASHBOARD_DB_CONNECTED","timestamp":"2026-07-07T12:12:42.687Z"}
7/7/2026, 5:42:42 pm | {"api":"/api/cash-closing-dashboard","event":"CASH_CLOSING_DASHBOARD_QUERY_STARTED","filters":{"cluster":"","branch":"","fromDate":"","toDate":"","status":""},"timestamp":"2026-07-07T12:12:42.688Z"}
7/7/2026, 5:42:42 pm | {"api":"/api/cash-closing-dashboard","event":"CASH_CLOSING_DASHBOARD_DATA_FETCHED","totalRecords":56,"timestamp":"2026-07-07T12:12:42.694Z"}
7/7/2026, 5:42:42 pm | {"api":"/api/cash-closing-dashboard","event":"CASH_CLOSING_CLUSTER_FETCHED","totalClusters":4,"timestamp":"2026-07-07T12:12:42.705Z"}
7/7/2026, 5:42:42 pm | {"api":"/api/cash-closing-dashboard","event":"CASH_CLOSING_BRANCH_FETCHED","totalBranches":56,"timestamp":"2026-07-07T12:12:42.709Z"}
7/7/2026, 5:42:42 pm | {"api":"/api/cash-closing-dashboard","event":"CASH_CLOSING_DASHBOARD_SUCCESS","totalRecords":56,"filters":{"cluster":"","branch":"","fromDate":"","toDate":"","status":""},"timestamp":"2026-07-07T12:12:42.710Z"}
7/7/2026, 5:42:42 pm | {"api":"/api/cash-closing-dashboard","event":"CASH_CLOSING_DASHBOARD_API_STARTED","filters":{"cluster":"","branch":"","fromDate":"","toDate":"","status":""},"timestamp":"2026-07-07T12:12:42.839Z"}
7/7/2026, 5:42:42 pm | {"api":"/api/cash-closing-dashboard","event":"CASH_CLOSING_DASHBOARD_DB_CONNECTED","timestamp":"2026-07-07T12:12:42.840Z"}
7/7/2026, 5:42:42 pm | {"api":"/api/cash-closing-dashboard","event":"CASH_CLOSING_DASHBOARD_QUERY_STARTED","filters":{"cluster":"","branch":"","fromDate":"","toDate":"","status":""},"timestamp":"2026-07-07T12:12:42.840Z"}
7/7/2026, 5:42:42 pm | {"api":"/api/cash-closing-dashboard","event":"CASH_CLOSING_DASHBOARD_DATA_FETCHED","totalRecords":56,"timestamp":"2026-07-07T12:12:42.845Z"}
7/7/2026, 5:42:42 pm | {"api":"/api/cash-closing-dashboard","event":"CASH_CLOSING_CLUSTER_FETCHED","totalClusters":4,"timestamp":"2026-07-07T12:12:42.849Z"}
7/7/2026, 5:42:42 pm | {"api":"/api/cash-closing-dashboard","event":"CASH_CLOSING_BRANCH_FETCHED","totalBranches":56,"timestamp":"2026-07-07T12:12:42.852Z"}
7/7/2026, 5:42:42 pm | {"api":"/api/cash-closing-dashboard","event":"CASH_CLOSING_DASHBOARD_SUCCESS","totalRecords":56,"filters":{"cluster":"","branch":"","fromDate":"","toDate":"","status":""},"timestamp":"2026-07-07T12:12:42.853Z"}
7/7/2026, 5:42:43 pm | {"api":"/api/cash-closing-dashboard","event":"CASH_CLOSING_DASHBOARD_API_STARTED","filters":{"cluster":"","branch":"","fromDate":"","toDate":"","status":""},"timestamp":"2026-07-07T12:12:43.592Z"}
7/7/2026, 5:42:43 pm | {"api":"/api/cash-closing-dashboard","event":"CASH_CLOSING_DASHBOARD_DB_CONNECTED","timestamp":"2026-07-07T12:12:43.592Z"}
7/7/2026, 5:42:43 pm | {"api":"/api/cash-closing-dashboard","event":"CASH_CLOSING_DASHBOARD_QUERY_STARTED","filters":{"cluster":"","branch":"","fromDate":"","toDate":"","status":""},"timestamp":"2026-07-07T12:12:43.593Z"}
7/7/2026, 5:42:43 pm | {"api":"/api/cash-closing-dashboard","event":"CASH_CLOSING_DASHBOARD_DATA_FETCHED","totalRecords":56,"timestamp":"2026-07-07T12:12:43.599Z"}
7/7/2026, 5:42:43 pm | {"api":"/api/cash-closing-dashboard","event":"CASH_CLOSING_CLUSTER_FETCHED","totalClusters":4,"timestamp":"2026-07-07T12:12:43.603Z"}
7/7/2026, 5:42:43 pm | {"api":"/api/cash-closing-dashboard","event":"CASH_CLOSING_BRANCH_FETCHED","totalBranches":56,"timestamp":"2026-07-07T12:12:43.606Z"}
7/7/2026, 5:42:43 pm | {"api":"/api/cash-closing-dashboard","event":"CASH_CLOSING_DASHBOARD_SUCCESS","totalRecords":56,"filters":{"cluster":"","branch":"","fromDate":"","toDate":"","status":""},"timestamp":"2026-07-07T12:12:43.607Z"}
7/7/2026, 5:42:43 pm | {"api":"/api/cash-closing-dashboard","event":"CASH_CLOSING_DASHBOARD_API_STARTED","filters":{"cluster":"","branch":"","fromDate":"","toDate":"","status":""},"timestamp":"2026-07-07T12:12:43.854Z"}
7/7/2026, 5:42:43 pm | {"api":"/api/cash-closing-dashboard","event":"CASH_CLOSING_DASHBOARD_DB_CONNECTED","timestamp":"2026-07-07T12:12:43.855Z"}
7/7/2026, 5:42:43 pm | {"api":"/api/cash-closing-dashboard","event":"CASH_CLOSING_DASHBOARD_QUERY_STARTED","filters":{"cluster":"","branch":"","fromDate":"","toDate":"","status":""},"timestamp":"2026-07-07T12:12:43.856Z"}
7/7/2026, 5:42:43 pm | {"api":"/api/cash-closing-dashboard","event":"CASH_CLOSING_DASHBOARD_DATA_FETCHED","totalRecords":56,"timestamp":"2026-07-07T12:12:43.865Z"}
7/7/2026, 5:42:43 pm | {"api":"/api/cash-closing-dashboard","event":"CASH_CLOSING_CLUSTER_FETCHED","totalClusters":4,"timestamp":"2026-07-07T12:12:43.871Z"}
7/7/2026, 5:42:43 pm | {"api":"/api/cash-closing-dashboard","event":"CASH_CLOSING_BRANCH_FETCHED","totalBranches":56,"timestamp":"2026-07-07T12:12:43.877Z"}
7/7/2026, 5:42:43 pm | {"api":"/api/cash-closing-dashboard","event":"CASH_CLOSING_DASHBOARD_SUCCESS","totalRecords":56,"filters":{"cluster":"","branch":"","fromDate":"","toDate":"","status":""},"timestamp":"2026-07-07T12:12:43.879Z"}
7/7/2026, 5:42:44 pm | {"api":"/api/cash-closing-dashboard","event":"CASH_CLOSING_DASHBOARD_API_STARTED","filters":{"cluster":"","branch":"","fromDate":"","toDate":"","status":""},"timestamp":"2026-07-07T12:12:44.166Z"}
7/7/2026, 5:42:44 pm | {"api":"/api/cash-closing-dashboard","event":"CASH_CLOSING_DASHBOARD_DB_CONNECTED","timestamp":"2026-07-07T12:12:44.167Z"}
7/7/2026, 5:42:44 pm | {"api":"/api/cash-closing-dashboard","event":"CASH_CLOSING_DASHBOARD_QUERY_STARTED","filters":{"cluster":"","branch":"","fromDate":"","toDate":"","status":""},"timestamp":"2026-07-07T12:12:44.168Z"}
7/7/2026, 5:42:44 pm | {"api":"/api/cash-closing-dashboard","event":"CASH_CLOSING_DASHBOARD_DATA_FETCHED","totalRecords":56,"timestamp":"2026-07-07T12:12:44.174Z"}
7/7/2026, 5:42:44 pm | {"api":"/api/cash-closing-dashboard","event":"CASH_CLOSING_CLUSTER_FETCHED","totalClusters":4,"timestamp":"2026-07-07T12:12:44.179Z"}
7/7/2026, 5:42:44 pm | {"api":"/api/cash-closing-dashboard","event":"CASH_CLOSING_BRANCH_FETCHED","totalBranches":56,"timestamp":"2026-07-07T12:12:44.183Z"}
7/7/2026, 5:42:44 pm | {"api":"/api/cash-closing-dashboard","event":"CASH_CLOSING_DASHBOARD_SUCCESS","totalRecords":56,"filters":{"cluster":"","branch":"","fromDate":"","toDate":"","status":""},"timestamp":"2026-07-07T12:12:44.184Z"}
7/7/2026, 5:42:44 pm | {"api":"/api/cash-closing-dashboard","event":"CASH_CLOSING_DASHBOARD_API_STARTED","filters":{"cluster":"","branch":"","fromDate":"","toDate":"","status":""},"timestamp":"2026-07-07T12:12:44.430Z"}
7/7/2026, 5:42:44 pm | {"api":"/api/cash-closing-dashboard","event":"CASH_CLOSING_DASHBOARD_DB_CONNECTED","timestamp":"2026-07-07T12:12:44.431Z"}
7/7/2026, 5:42:44 pm | {"api":"/api/cash-closing-dashboard","event":"CASH_CLOSING_DASHBOARD_QUERY_STARTED","filters":{"cluster":"","branch":"","fromDate":"","toDate":"","status":""},"timestamp":"2026-07-07T12:12:44.432Z"}
7/7/2026, 5:42:44 pm | {"api":"/api/cash-closing-dashboard","event":"CASH_CLOSING_DASHBOARD_DATA_FETCHED","totalRecords":56,"timestamp":"2026-07-07T12:12:44.439Z"}
7/7/2026, 5:42:44 pm | {"api":"/api/cash-closing-dashboard","event":"CASH_CLOSING_CLUSTER_FETCHED","totalClusters":4,"timestamp":"2026-07-07T12:12:44.443Z"}
7/7/2026, 5:42:44 pm | {"api":"/api/cash-closing-dashboard","event":"CASH_CLOSING_BRANCH_FETCHED","totalBranches":56,"timestamp":"2026-07-07T12:12:44.446Z"}
7/7/2026, 5:42:44 pm | {"api":"/api/cash-closing-dashboard","event":"CASH_CLOSING_DASHBOARD_SUCCESS","totalRecords":56,"filters":{"cluster":"","branch":"","fromDate":"","toDate":"","status":""},"timestamp":"2026-07-07T12:12:44.447Z"}
7/7/2026, 5:42:44 pm | {"api":"/api/cash-closing-dashboard","event":"CASH_CLOSING_DASHBOARD_API_STARTED","filters":{"cluster":"","branch":"","fromDate":"","toDate":"","status":""},"timestamp":"2026-07-07T12:12:44.752Z"}
7/7/2026, 5:42:44 pm | {"api":"/api/cash-closing-dashboard","event":"CASH_CLOSING_DASHBOARD_DB_CONNECTED","timestamp":"2026-07-07T12:12:44.752Z"}
7/7/2026, 5:42:44 pm | {"api":"/api/cash-closing-dashboard","event":"CASH_CLOSING_DASHBOARD_QUERY_STARTED","filters":{"cluster":"","branch":"","fromDate":"","toDate":"","status":""},"timestamp":"2026-07-07T12:12:44.753Z"}
7/7/2026, 5:42:44 pm | {"api":"/api/cash-closing-dashboard","event":"CASH_CLOSING_DASHBOARD_DATA_FETCHED","totalRecords":56,"timestamp":"2026-07-07T12:12:44.758Z"}
7/7/2026, 5:42:44 pm | {"api":"/api/cash-closing-dashboard","event":"CASH_CLOSING_CLUSTER_FETCHED","totalClusters":4,"timestamp":"2026-07-07T12:12:44.763Z"}
7/7/2026, 5:42:44 pm | {"api":"/api/cash-closing-dashboard","event":"CASH_CLOSING_BRANCH_FETCHED","totalBranches":56,"timestamp":"2026-07-07T12:12:44.766Z"}
7/7/2026, 5:42:44 pm | {"api":"/api/cash-closing-dashboard","event":"CASH_CLOSING_DASHBOARD_SUCCESS","totalRecords":56,"filters":{"cluster":"","branch":"","fromDate":"","toDate":"","status":""},"timestamp":"2026-07-07T12:12:44.767Z"}
7/7/2026, 5:42:53 pm | {"api":"/api/cash-closing-dashboard","event":"CASH_CLOSING_DASHBOARD_API_STARTED","filters":{"cluster":"","branch":"","fromDate":"","toDate":"","status":""},"timestamp":"2026-07-07T12:12:53.053Z"}
7/7/2026, 5:42:53 pm | {"api":"/api/cash-closing-dashboard","event":"CASH_CLOSING_DASHBOARD_DB_CONNECTED","timestamp":"2026-07-07T12:12:53.054Z"}
7/7/2026, 5:42:53 pm | {"api":"/api/cash-closing-dashboard","event":"CASH_CLOSING_DASHBOARD_QUERY_STARTED","filters":{"cluster":"","branch":"","fromDate":"","toDate":"","status":""},"timestamp":"2026-07-07T12:12:53.055Z"}
7/7/2026, 5:42:53 pm | {"api":"/api/cash-closing-dashboard","event":"CASH_CLOSING_DASHBOARD_DATA_FETCHED","totalRecords":56,"timestamp":"2026-07-07T12:12:53.061Z"}
7/7/2026, 5:42:53 pm | {"api":"/api/cash-closing-dashboard","event":"CASH_CLOSING_CLUSTER_FETCHED","totalClusters":4,"timestamp":"2026-07-07T12:12:53.064Z"}
7/7/2026, 5:42:53 pm | {"api":"/api/cash-closing-dashboard","event":"CASH_CLOSING_BRANCH_FETCHED","totalBranches":56,"timestamp":"2026-07-07T12:12:53.069Z"}
7/7/2026, 5:42:53 pm | {"api":"/api/cash-closing-dashboard","event":"CASH_CLOSING_DASHBOARD_SUCCESS","totalRecords":56,"filters":{"cluster":"","branch":"","fromDate":"","toDate":"","status":""},"timestamp":"2026-07-07T12:12:53.070Z"}
7/7/2026, 5:42:53 pm | {"api":"/api/cash-closing-dashboard","event":"CASH_CLOSING_DASHBOARD_API_STARTED","filters":{"cluster":"","branch":"","fromDate":"","toDate":"","status":""},"timestamp":"2026-07-07T12:12:53.135Z"}
7/7/2026, 5:42:53 pm | {"api":"/api/cash-closing-dashboard","event":"CASH_CLOSING_DASHBOARD_DB_CONNECTED","timestamp":"2026-07-07T12:12:53.136Z"}
7/7/2026, 5:42:53 pm | {"api":"/api/cash-closing-dashboard","event":"CASH_CLOSING_DASHBOARD_QUERY_STARTED","filters":{"cluster":"","branch":"","fromDate":"","toDate":"","status":""},"timestamp":"2026-07-07T12:12:53.137Z"}
7/7/2026, 5:42:53 pm | {"api":"/api/cash-closing-dashboard","event":"CASH_CLOSING_DASHBOARD_DATA_FETCHED","totalRecords":56,"timestamp":"2026-07-07T12:12:53.144Z"}
7/7/2026, 5:42:53 pm | {"api":"/api/cash-closing-dashboard","event":"CASH_CLOSING_CLUSTER_FETCHED","totalClusters":4,"timestamp":"2026-07-07T12:12:53.149Z"}
7/7/2026, 5:42:53 pm | {"api":"/api/cash-closing-dashboard","event":"CASH_CLOSING_BRANCH_FETCHED","totalBranches":56,"timestamp":"2026-07-07T12:12:53.153Z"}
7/7/2026, 5:42:53 pm | {"api":"/api/cash-closing-dashboard","event":"CASH_CLOSING_DASHBOARD_SUCCESS","totalRecords":56,"filters":{"cluster":"","branch":"","fromDate":"","toDate":"","status":""},"timestamp":"2026-07-07T12:12:53.154Z"}
7/7/2026, 5:42:53 pm | {"api":"/api/cash-closing-dashboard","event":"CASH_CLOSING_DASHBOARD_API_STARTED","filters":{"cluster":"","branch":"","fromDate":"","toDate":"","status":""},"timestamp":"2026-07-07T12:12:53.286Z"}
7/7/2026, 5:42:53 pm | {"api":"/api/cash-closing-dashboard","event":"CASH_CLOSING_DASHBOARD_DB_CONNECTED","timestamp":"2026-07-07T12:12:53.287Z"}
7/7/2026, 5:42:53 pm | {"api":"/api/cash-closing-dashboard","event":"CASH_CLOSING_DASHBOARD_QUERY_STARTED","filters":{"cluster":"","branch":"","fromDate":"","toDate":"","status":""},"timestamp":"2026-07-07T12:12:53.288Z"}
7/7/2026, 5:42:53 pm | {"api":"/api/cash-closing-dashboard","event":"CASH_CLOSING_DASHBOARD_DATA_FETCHED","totalRecords":56,"timestamp":"2026-07-07T12:12:53.296Z"}
7/7/2026, 5:42:53 pm | {"api":"/api/cash-closing-dashboard","event":"CASH_CLOSING_CLUSTER_FETCHED","totalClusters":4,"timestamp":"2026-07-07T12:12:53.300Z"}
7/7/2026, 5:42:53 pm | {"api":"/api/cash-closing-dashboard","event":"CASH_CLOSING_BRANCH_FETCHED","totalBranches":56,"timestamp":"2026-07-07T12:12:53.304Z"}
7/7/2026, 5:42:53 pm | {"api":"/api/cash-closing-dashboard","event":"CASH_CLOSING_DASHBOARD_SUCCESS","totalRecords":56,"filters":{"cluster":"","branch":"","fromDate":"","toDate":"","status":""},"timestamp":"2026-07-07T12:12:53.305Z"}
7/7/2026, 5:42:53 pm | {"api":"/api/cash-closing-dashboard","event":"CASH_CLOSING_DASHBOARD_API_STARTED","filters":{"cluster":"","branch":"","fromDate":"","toDate":"","status":""},"timestamp":"2026-07-07T12:12:53.446Z"}
7/7/2026, 5:42:53 pm | {"api":"/api/cash-closing-dashboard","event":"CASH_CLOSING_DASHBOARD_DB_CONNECTED","timestamp":"2026-07-07T12:12:53.447Z"}
7/7/2026, 5:42:53 pm | {"api":"/api/cash-closing-dashboard","event":"CASH_CLOSING_DASHBOARD_QUERY_STARTED","filters":{"cluster":"","branch":"","fromDate":"","toDate":"","status":""},"timestamp":"2026-07-07T12:12:53.448Z"}
7/7/2026, 5:42:53 pm | {"api":"/api/cash-closing-dashboard","event":"CASH_CLOSING_DASHBOARD_DATA_FETCHED","totalRecords":56,"timestamp":"2026-07-07T12:12:53.455Z"}
7/7/2026, 5:42:53 pm | {"api":"/api/cash-closing-dashboard","event":"CASH_CLOSING_CLUSTER_FETCHED","totalClusters":4,"timestamp":"2026-07-07T12:12:53.459Z"}
7/7/2026, 5:42:53 pm | {"api":"/api/cash-closing-dashboard","event":"CASH_CLOSING_BRANCH_FETCHED","totalBranches":56,"timestamp":"2026-07-07T12:12:53.463Z"}
7/7/2026, 5:42:53 pm | {"api":"/api/cash-closing-dashboard","event":"CASH_CLOSING_DASHBOARD_SUCCESS","totalRecords":56,"filters":{"cluster":"","branch":"","fromDate":"","toDate":"","status":""},"timestamp":"2026-07-07T12:12:53.463Z"}
7/7/2026, 5:42:53 pm | {"api":"/api/cash-closing-dashboard","event":"CASH_CLOSING_DASHBOARD_API_STARTED","filters":{"cluster":"","branch":"","fromDate":"","toDate":"","status":""},"timestamp":"2026-07-07T12:12:53.590Z"}
7/7/2026, 5:42:53 pm | {"api":"/api/cash-closing-dashboard","event":"CASH_CLOSING_DASHBOARD_DB_CONNECTED","timestamp":"2026-07-07T12:12:53.591Z"}
7/7/2026, 5:42:53 pm | {"api":"/api/cash-closing-dashboard","event":"CASH_CLOSING_DASHBOARD_QUERY_STARTED","filters":{"cluster":"","branch":"","fromDate":"","toDate":"","status":""},"timestamp":"2026-07-07T12:12:53.592Z"}
7/7/2026, 5:42:53 pm | {"api":"/api/cash-closing-dashboard","event":"CASH_CLOSING_DASHBOARD_DATA_FETCHED","totalRecords":56,"timestamp":"2026-07-07T12:12:53.600Z"}
7/7/2026, 5:42:53 pm | {"api":"/api/cash-closing-dashboard","event":"CASH_CLOSING_CLUSTER_FETCHED","totalClusters":4,"timestamp":"2026-07-07T12:12:53.604Z"}
7/7/2026, 5:42:53 pm | {"api":"/api/cash-closing-dashboard","event":"CASH_CLOSING_BRANCH_FETCHED","totalBranches":56,"timestamp":"2026-07-07T12:12:53.608Z"}
7/7/2026, 5:42:53 pm | {"api":"/api/cash-closing-dashboard","event":"CASH_CLOSING_DASHBOARD_SUCCESS","totalRecords":56,"filters":{"cluster":"","branch":"","fromDate":"","toDate":"","status":""},"timestamp":"2026-07-07T12:12:53.609Z"}
7/7/2026, 5:42:53 pm | {"api":"/api/cash-closing-dashboard","event":"CASH_CLOSING_DASHBOARD_API_STARTED","filters":{"cluster":"","branch":"","fromDate":"","toDate":"","status":""},"timestamp":"2026-07-07T12:12:53.743Z"}
7/7/2026, 5:42:53 pm | {"api":"/api/cash-closing-dashboard","event":"CASH_CLOSING_DASHBOARD_DB_CONNECTED","timestamp":"2026-07-07T12:12:53.744Z"}
7/7/2026, 5:42:53 pm | {"api":"/api/cash-closing-dashboard","event":"CASH_CLOSING_DASHBOARD_QUERY_STARTED","filters":{"cluster":"","branch":"","fromDate":"","toDate":"","status":""},"timestamp":"2026-07-07T12:12:53.744Z"}
7/7/2026, 5:42:53 pm | {"api":"/api/cash-closing-dashboard","event":"CASH_CLOSING_DASHBOARD_DATA_FETCHED","totalRecords":56,"timestamp":"2026-07-07T12:12:53.751Z"}
7/7/2026, 5:42:53 pm | {"api":"/api/cash-closing-dashboard","event":"CASH_CLOSING_CLUSTER_FETCHED","totalClusters":4,"timestamp":"2026-07-07T12:12:53.755Z"}
7/7/2026, 5:42:53 pm | {"api":"/api/cash-closing-dashboard","event":"CASH_CLOSING_BRANCH_FETCHED","totalBranches":56,"timestamp":"2026-07-07T12:12:53.758Z"}
7/7/2026, 5:42:53 pm | {"api":"/api/cash-closing-dashboard","event":"CASH_CLOSING_DASHBOARD_SUCCESS","totalRecords":56,"filters":{"cluster":"","branch":"","fromDate":"","toDate":"","status":""},"timestamp":"2026-07-07T12:12:53.759Z"}
7/7/2026, 5:42:53 pm | {"api":"/api/cash-closing-dashboard","event":"CASH_CLOSING_DASHBOARD_API_STARTED","filters":{"cluster":"","branch":"","fromDate":"","toDate":"","status":""},"timestamp":"2026-07-07T12:12:53.911Z"}
7/7/2026, 5:42:53 pm | {"api":"/api/cash-closing-dashboard","event":"CASH_CLOSING_DASHBOARD_DB_CONNECTED","timestamp":"2026-07-07T12:12:53.912Z"}
7/7/2026, 5:42:53 pm | {"api":"/api/cash-closing-dashboard","event":"CASH_CLOSING_DASHBOARD_QUERY_STARTED","filters":{"cluster":"","branch":"","fromDate":"","toDate":"","status":""},"timestamp":"2026-07-07T12:12:53.912Z"}
7/7/2026, 5:42:53 pm | {"api":"/api/cash-closing-dashboard","event":"CASH_CLOSING_DASHBOARD_DATA_FETCHED","totalRecords":56,"timestamp":"2026-07-07T12:12:53.919Z"}
7/7/2026, 5:42:53 pm | {"api":"/api/cash-closing-dashboard","event":"CASH_CLOSING_CLUSTER_FETCHED","totalClusters":4,"timestamp":"2026-07-07T12:12:53.922Z"}
7/7/2026, 5:42:53 pm | {"api":"/api/cash-closing-dashboard","event":"CASH_CLOSING_BRANCH_FETCHED","totalBranches":56,"timestamp":"2026-07-07T12:12:53.926Z"}
7/7/2026, 5:42:53 pm | {"api":"/api/cash-closing-dashboard","event":"CASH_CLOSING_DASHBOARD_SUCCESS","totalRecords":56,"filters":{"cluster":"","branch":"","fromDate":"","toDate":"","status":""},"timestamp":"2026-07-07T12:12:53.927Z"}
7/7/2026, 5:42:54 pm | {"api":"/api/cash-closing-dashboard","event":"CASH_CLOSING_DASHBOARD_API_STARTED","filters":{"cluster":"","branch":"","fromDate":"","toDate":"","status":""},"timestamp":"2026-07-07T12:12:54.078Z"}
7/7/2026, 5:42:54 pm | {"api":"/api/cash-closing-dashboard","event":"CASH_CLOSING_DASHBOARD_DB_CONNECTED","timestamp":"2026-07-07T12:12:54.079Z"}
7/7/2026, 5:42:54 pm | {"api":"/api/cash-closing-dashboard","event":"CASH_CLOSING_DASHBOARD_QUERY_STARTED","filters":{"cluster":"","branch":"","fromDate":"","toDate":"","status":""},"timestamp":"2026-07-07T12:12:54.080Z"}
7/7/2026, 5:42:54 pm | {"api":"/api/cash-closing-dashboard","event":"CASH_CLOSING_DASHBOARD_DATA_FETCHED","totalRecords":56,"timestamp":"2026-07-07T12:12:54.087Z"}
7/7/2026, 5:42:54 pm | {"api":"/api/cash-closing-dashboard","event":"CASH_CLOSING_CLUSTER_FETCHED","totalClusters":4,"timestamp":"2026-07-07T12:12:54.090Z"}
7/7/2026, 5:42:54 pm | {"api":"/api/cash-closing-dashboard","event":"CASH_CLOSING_BRANCH_FETCHED","totalBranches":56,"timestamp":"2026-07-07T12:12:54.094Z"}
7/7/2026, 5:42:54 pm | {"api":"/api/cash-closing-dashboard","event":"CASH_CLOSING_DASHBOARD_SUCCESS","totalRecords":56,"filters":{"cluster":"","branch":"","fromDate":"","toDate":"","status":""},"timestamp":"2026-07-07T12:12:54.095Z"}
7/7/2026, 5:42:54 pm | {"api":"/api/cash-closing-dashboard","event":"CASH_CLOSING_DASHBOARD_API_STARTED","filters":{"cluster":"","branch":"","fromDate":"","toDate":"","status":""},"timestamp":"2026-07-07T12:12:54.422Z"}
7/7/2026, 5:42:54 pm | {"api":"/api/cash-closing-dashboard","event":"CASH_CLOSING_DASHBOARD_DB_CONNECTED","timestamp":"2026-07-07T12:12:54.423Z"}
7/7/2026, 5:42:54 pm | {"api":"/api/cash-closing-dashboard","event":"CASH_CLOSING_DASHBOARD_QUERY_STARTED","filters":{"cluster":"","branch":"","fromDate":"","toDate":"","status":""},"timestamp":"2026-07-07T12:12:54.424Z"}
7/7/2026, 5:42:54 pm | {"api":"/api/cash-closing-dashboard","event":"CASH_CLOSING_DASHBOARD_DATA_FETCHED","totalRecords":56,"timestamp":"2026-07-07T12:12:54.430Z"}
7/7/2026, 5:42:54 pm | {"api":"/api/cash-closing-dashboard","event":"CASH_CLOSING_CLUSTER_FETCHED","totalClusters":4,"timestamp":"2026-07-07T12:12:54.434Z"}
7/7/2026, 5:42:54 pm | {"api":"/api/cash-closing-dashboard","event":"CASH_CLOSING_BRANCH_FETCHED","totalBranches":56,"timestamp":"2026-07-07T12:12:54.438Z"}
7/7/2026, 5:42:54 pm | {"api":"/api/cash-closing-dashboard","event":"CASH_CLOSING_DASHBOARD_SUCCESS","totalRecords":56,"filters":{"cluster":"","branch":"","fromDate":"","toDate":"","status":""},"timestamp":"2026-07-07T12:12:54.439Z"}
7/7/2026, 5:42:54 pm | {"api":"/api/cash-closing-dashboard","event":"CASH_CLOSING_DASHBOARD_API_STARTED","filters":{"cluster":"","branch":"","fromDate":"","toDate":"","status":""},"timestamp":"2026-07-07T12:12:54.590Z"}
7/7/2026, 5:42:54 pm | {"api":"/api/cash-closing-dashboard","event":"CASH_CLOSING_DASHBOARD_DB_CONNECTED","timestamp":"2026-07-07T12:12:54.591Z"}
7/7/2026, 5:42:54 pm | {"api":"/api/cash-closing-dashboard","event":"CASH_CLOSING_DASHBOARD_QUERY_STARTED","filters":{"cluster":"","branch":"","fromDate":"","toDate":"","status":""},"timestamp":"2026-07-07T12:12:54.592Z"}
7/7/2026, 5:42:54 pm | {"api":"/api/cash-closing-dashboard","event":"CASH_CLOSING_DASHBOARD_DATA_FETCHED","totalRecords":56,"timestamp":"2026-07-07T12:12:54.597Z"}
7/7/2026, 5:42:54 pm | {"api":"/api/cash-closing-dashboard","event":"CASH_CLOSING_CLUSTER_FETCHED","totalClusters":4,"timestamp":"2026-07-07T12:12:54.602Z"}
7/7/2026, 5:42:54 pm | {"api":"/api/cash-closing-dashboard","event":"CASH_CLOSING_BRANCH_FETCHED","totalBranches":56,"timestamp":"2026-07-07T12:12:54.606Z"}
7/7/2026, 5:42:54 pm | {"api":"/api/cash-closing-dashboard","event":"CASH_CLOSING_DASHBOARD_SUCCESS","totalRecords":56,"filters":{"cluster":"","branch":"","fromDate":"","toDate":"","status":""},"timestamp":"2026-07-07T12:12:54.606Z"}
7/7/2026, 5:42:54 pm | {"api":"/api/cash-closing-dashboard","event":"CASH_CLOSING_DASHBOARD_API_STARTED","filters":{"cluster":"","branch":"","fromDate":"","toDate":"","status":""},"timestamp":"2026-07-07T12:12:54.774Z"}
7/7/2026, 5:42:54 pm | {"api":"/api/cash-closing-dashboard","event":"CASH_CLOSING_DASHBOARD_DB_CONNECTED","timestamp":"2026-07-07T12:12:54.775Z"}
7/7/2026, 5:42:54 pm | {"api":"/api/cash-closing-dashboard","event":"CASH_CLOSING_DASHBOARD_QUERY_STARTED","filters":{"cluster":"","branch":"","fromDate":"","toDate":"","status":""},"timestamp":"2026-07-07T12:12:54.776Z"}
7/7/2026, 5:42:54 pm | {"api":"/api/cash-closing-dashboard","event":"CASH_CLOSING_DASHBOARD_DATA_FETCHED","totalRecords":56,"timestamp":"2026-07-07T12:12:54.782Z"}
7/7/2026, 5:42:54 pm | {"api":"/api/cash-closing-dashboard","event":"CASH_CLOSING_CLUSTER_FETCHED","totalClusters":4,"timestamp":"2026-07-07T12:12:54.786Z"}
7/7/2026, 5:42:54 pm | {"api":"/api/cash-closing-dashboard","event":"CASH_CLOSING_BRANCH_FETCHED","totalBranches":56,"timestamp":"2026-07-07T12:12:54.790Z"}
7/7/2026, 5:42:54 pm | {"api":"/api/cash-closing-dashboard","event":"CASH_CLOSING_DASHBOARD_SUCCESS","totalRecords":56,"filters":{"cluster":"","branch":"","fromDate":"","toDate":"","status":""},"timestamp":"2026-07-07T12:12:54.791Z"}
7/7/2026, 5:43:03 pm | {"api":"/api/cash-closing-dashboard","event":"CASH_CLOSING_DASHBOARD_API_STARTED","filters":{"cluster":"","branch":"","fromDate":"","toDate":"","status":""},"timestamp":"2026-07-07T12:13:03.411Z"}
7/7/2026, 5:43:03 pm | {"api":"/api/cash-closing-dashboard","event":"CASH_CLOSING_DASHBOARD_DB_CONNECTED","timestamp":"2026-07-07T12:13:03.412Z"}
7/7/2026, 5:43:03 pm | {"api":"/api/cash-closing-dashboard","event":"CASH_CLOSING_DASHBOARD_QUERY_STARTED","filters":{"cluster":"","branch":"","fromDate":"","toDate":"","status":""},"timestamp":"2026-07-07T12:13:03.413Z"}
7/7/2026, 5:43:03 pm | {"api":"/api/cash-closing-dashboard","event":"CASH_CLOSING_DASHBOARD_DATA_FETCHED","totalRecords":56,"timestamp":"2026-07-07T12:13:03.419Z"}
7/7/2026, 5:43:03 pm | {"api":"/api/cash-closing-dashboard","event":"CASH_CLOSING_CLUSTER_FETCHED","totalClusters":4,"timestamp":"2026-07-07T12:13:03.425Z"}
7/7/2026, 5:43:03 pm | {"api":"/api/cash-closing-dashboard","event":"CASH_CLOSING_BRANCH_FETCHED","totalBranches":56,"timestamp":"2026-07-07T12:13:03.428Z"}
7/7/2026, 5:43:03 pm | {"api":"/api/cash-closing-dashboard","event":"CASH_CLOSING_DASHBOARD_SUCCESS","totalRecords":56,"filters":{"cluster":"","branch":"","fromDate":"","toDate":"","status":""},"timestamp":"2026-07-07T12:13:03.429Z"}
7/7/2026, 5:43:03 pm | {"api":"/api/cash-closing-dashboard","event":"CASH_CLOSING_DASHBOARD_API_STARTED","filters":{"cluster":"","branch":"","fromDate":"","toDate":"","status":""},"timestamp":"2026-07-07T12:13:03.526Z"}
7/7/2026, 5:43:03 pm | {"api":"/api/cash-closing-dashboard","event":"CASH_CLOSING_DASHBOARD_DB_CONNECTED","timestamp":"2026-07-07T12:13:03.527Z"}
7/7/2026, 5:43:03 pm | {"api":"/api/cash-closing-dashboard","event":"CASH_CLOSING_DASHBOARD_QUERY_STARTED","filters":{"cluster":"","branch":"","fromDate":"","toDate":"","status":""},"timestamp":"2026-07-07T12:13:03.528Z"}
7/7/2026, 5:43:03 pm | {"api":"/api/cash-closing-dashboard","event":"CASH_CLOSING_DASHBOARD_DATA_FETCHED","totalRecords":56,"timestamp":"2026-07-07T12:13:03.535Z"}
7/7/2026, 5:43:03 pm | {"api":"/api/cash-closing-dashboard","event":"CASH_CLOSING_CLUSTER_FETCHED","totalClusters":4,"timestamp":"2026-07-07T12:13:03.538Z"}
7/7/2026, 5:43:03 pm | {"api":"/api/cash-closing-dashboard","event":"CASH_CLOSING_BRANCH_FETCHED","totalBranches":56,"timestamp":"2026-07-07T12:13:03.542Z"}
7/7/2026, 5:43:03 pm | {"api":"/api/cash-closing-dashboard","event":"CASH_CLOSING_DASHBOARD_SUCCESS","totalRecords":56,"filters":{"cluster":"","branch":"","fromDate":"","toDate":"","status":""},"timestamp":"2026-07-07T12:13:03.543Z"}
7/7/2026, 5:43:03 pm | {"api":"/api/cash-closing-dashboard","event":"CASH_CLOSING_DASHBOARD_API_STARTED","filters":{"cluster":"","branch":"","fromDate":"","toDate":"","status":""},"timestamp":"2026-07-07T12:13:03.692Z"}
7/7/2026, 5:43:03 pm | {"api":"/api/cash-closing-dashboard","event":"CASH_CLOSING_DASHBOARD_DB_CONNECTED","timestamp":"2026-07-07T12:13:03.693Z"}
7/7/2026, 5:43:03 pm | {"api":"/api/cash-closing-dashboard","event":"CASH_CLOSING_DASHBOARD_QUERY_STARTED","filters":{"cluster":"","branch":"","fromDate":"","toDate":"","status":""},"timestamp":"2026-07-07T12:13:03.694Z"}
7/7/2026, 5:43:03 pm | {"api":"/api/cash-closing-dashboard","event":"CASH_CLOSING_DASHBOARD_DATA_FETCHED","totalRecords":56,"timestamp":"2026-07-07T12:13:03.701Z"}
7/7/2026, 5:43:03 pm | {"api":"/api/cash-closing-dashboard","event":"CASH_CLOSING_CLUSTER_FETCHED","totalClusters":4,"timestamp":"2026-07-07T12:13:03.705Z"}
7/7/2026, 5:43:03 pm | {"api":"/api/cash-closing-dashboard","event":"CASH_CLOSING_BRANCH_FETCHED","totalBranches":56,"timestamp":"2026-07-07T12:13:03.709Z"}
7/7/2026, 5:43:03 pm | {"api":"/api/cash-closing-dashboard","event":"CASH_CLOSING_DASHBOARD_SUCCESS","totalRecords":56,"filters":{"cluster":"","branch":"","fromDate":"","toDate":"","status":""},"timestamp":"2026-07-07T12:13:03.709Z"}
7/7/2026, 5:43:03 pm | {"api":"/api/cash-closing-dashboard","event":"CASH_CLOSING_DASHBOARD_API_STARTED","filters":{"cluster":"","branch":"","fromDate":"","toDate":"","status":""},"timestamp":"2026-07-07T12:13:03.860Z"}
7/7/2026, 5:43:03 pm | {"api":"/api/cash-closing-dashboard","event":"CASH_CLOSING_DASHBOARD_DB_CONNECTED","timestamp":"2026-07-07T12:13:03.862Z"}
7/7/2026, 5:43:03 pm | {"api":"/api/cash-closing-dashboard","event":"CASH_CLOSING_DASHBOARD_QUERY_STARTED","filters":{"cluster":"","branch":"","fromDate":"","toDate":"","status":""},"timestamp":"2026-07-07T12:13:03.862Z"}
7/7/2026, 5:43:03 pm | {"api":"/api/cash-closing-dashboard","event":"CASH_CLOSING_DASHBOARD_DATA_FETCHED","totalRecords":56,"timestamp":"2026-07-07T12:13:03.870Z"}
7/7/2026, 5:43:03 pm | {"api":"/api/cash-closing-dashboard","event":"CASH_CLOSING_CLUSTER_FETCHED","totalClusters":4,"timestamp":"2026-07-07T12:13:03.879Z"}
7/7/2026, 5:43:03 pm | {"api":"/api/cash-closing-dashboard","event":"CASH_CLOSING_BRANCH_FETCHED","totalBranches":56,"timestamp":"2026-07-07T12:13:03.883Z"}
7/7/2026, 5:43:03 pm | {"api":"/api/cash-closing-dashboard","event":"CASH_CLOSING_DASHBOARD_SUCCESS","totalRecords":56,"filters":{"cluster":"","branch":"","fromDate":"","toDate":"","status":""},"timestamp":"2026-07-07T12:13:03.884Z"}
7/7/2026, 5:43:04 pm | {"api":"/api/cash-closing-dashboard","event":"CASH_CLOSING_DASHBOARD_API_STARTED","filters":{"cluster":"","branch":"","fromDate":"","toDate":"","status":""},"timestamp":"2026-07-07T12:13:04.028Z"}
7/7/2026, 5:43:04 pm | {"api":"/api/cash-closing-dashboard","event":"CASH_CLOSING_DASHBOARD_DB_CONNECTED","timestamp":"2026-07-07T12:13:04.029Z"}
7/7/2026, 5:43:04 pm | {"api":"/api/cash-closing-dashboard","event":"CASH_CLOSING_DASHBOARD_QUERY_STARTED","filters":{"cluster":"","branch":"","fromDate":"","toDate":"","status":""},"timestamp":"2026-07-07T12:13:04.030Z"}
7/7/2026, 5:43:04 pm | {"api":"/api/cash-closing-dashboard","event":"CASH_CLOSING_DASHBOARD_DATA_FETCHED","totalRecords":56,"timestamp":"2026-07-07T12:13:04.037Z"}
7/7/2026, 5:43:04 pm | {"api":"/api/cash-closing-dashboard","event":"CASH_CLOSING_CLUSTER_FETCHED","totalClusters":4,"timestamp":"2026-07-07T12:13:04.041Z"}
7/7/2026, 5:43:04 pm | {"api":"/api/cash-closing-dashboard","event":"CASH_CLOSING_BRANCH_FETCHED","totalBranches":56,"timestamp":"2026-07-07T12:13:04.044Z"}
7/7/2026, 5:43:04 pm | {"api":"/api/cash-closing-dashboard","event":"CASH_CLOSING_DASHBOARD_SUCCESS","totalRecords":56,"filters":{"cluster":"","branch":"","fromDate":"","toDate":"","status":""},"timestamp":"2026-07-07T12:13:04.045Z"}
7/7/2026, 5:43:04 pm | {"api":"/api/cash-closing-dashboard","event":"CASH_CLOSING_DASHBOARD_API_STARTED","filters":{"cluster":"","branch":"","fromDate":"","toDate":"","status":""},"timestamp":"2026-07-07T12:13:04.188Z"}
7/7/2026, 5:43:04 pm | {"api":"/api/cash-closing-dashboard","event":"CASH_CLOSING_DASHBOARD_DB_CONNECTED","timestamp":"2026-07-07T12:13:04.190Z"}
7/7/2026, 5:43:04 pm | {"api":"/api/cash-closing-dashboard","event":"CASH_CLOSING_DASHBOARD_QUERY_STARTED","filters":{"cluster":"","branch":"","fromDate":"","toDate":"","status":""},"timestamp":"2026-07-07T12:13:04.190Z"}
7/7/2026, 5:43:04 pm | {"api":"/api/cash-closing-dashboard","event":"CASH_CLOSING_DASHBOARD_DATA_FETCHED","totalRecords":56,"timestamp":"2026-07-07T12:13:04.198Z"}
7/7/2026, 5:43:04 pm | {"api":"/api/cash-closing-dashboard","event":"CASH_CLOSING_CLUSTER_FETCHED","totalClusters":4,"timestamp":"2026-07-07T12:13:04.202Z"}
7/7/2026, 5:43:04 pm | {"api":"/api/cash-closing-dashboard","event":"CASH_CLOSING_BRANCH_FETCHED","totalBranches":56,"timestamp":"2026-07-07T12:13:04.206Z"}
7/7/2026, 5:43:04 pm | {"api":"/api/cash-closing-dashboard","event":"CASH_CLOSING_DASHBOARD_SUCCESS","totalRecords":56,"filters":{"cluster":"","branch":"","fromDate":"","toDate":"","status":""},"timestamp":"2026-07-07T12:13:04.207Z"}
7/7/2026, 5:43:04 pm | {"api":"/api/cash-closing-dashboard","event":"CASH_CLOSING_DASHBOARD_API_STARTED","filters":{"cluster":"","branch":"","fromDate":"","toDate":"","status":""},"timestamp":"2026-07-07T12:13:04.332Z"}
7/7/2026, 5:43:04 pm | {"api":"/api/cash-closing-dashboard","event":"CASH_CLOSING_DASHBOARD_DB_CONNECTED","timestamp":"2026-07-07T12:13:04.334Z"}
7/7/2026, 5:43:04 pm | {"api":"/api/cash-closing-dashboard","event":"CASH_CLOSING_DASHBOARD_QUERY_STARTED","filters":{"cluster":"","branch":"","fromDate":"","toDate":"","status":""},"timestamp":"2026-07-07T12:13:04.334Z"}
7/7/2026, 5:43:04 pm | {"api":"/api/cash-closing-dashboard","event":"CASH_CLOSING_DASHBOARD_DATA_FETCHED","totalRecords":56,"timestamp":"2026-07-07T12:13:04.341Z"}
7/7/2026, 5:43:04 pm | {"api":"/api/cash-closing-dashboard","event":"CASH_CLOSING_CLUSTER_FETCHED","totalClusters":4,"timestamp":"2026-07-07T12:13:04.345Z"}
7/7/2026, 5:43:04 pm | {"api":"/api/cash-closing-dashboard","event":"CASH_CLOSING_BRANCH_FETCHED","totalBranches":56,"timestamp":"2026-07-07T12:13:04.349Z"}
7/7/2026, 5:43:04 pm | {"api":"/api/cash-closing-dashboard","event":"CASH_CLOSING_DASHBOARD_SUCCESS","totalRecords":56,"filters":{"cluster":"","branch":"","fromDate":"","toDate":"","status":""},"timestamp":"2026-07-07T12:13:04.350Z"}
7/7/2026, 5:43:25 pm | {"api":"/login","event":"LOGIN_API_STARTED","mpin":"2702","deviceId":"f6a3b291f7315431","timestamp":"2026-07-07T12:13:25.569Z"}
7/7/2026, 5:43:25 pm | {"event":"LOGIN_REQUEST","mpin":"2702","deviceId":"f6a3b291f7315431","timestamp":"2026-07-07T12:13:25.570Z"}
7/7/2026, 5:43:25 pm | {"api":"/login","event":"LOGIN_DB_QUERY_STARTED","mpin":"2702","timestamp":"2026-07-07T12:13:25.571Z"}
7/7/2026, 5:43:25 pm | {"api":"/login","event":"LOGIN_USER_FOUND","empNo":"601","branch":"Tuni","designation":"Branch Manager","timestamp":"2026-07-07T12:13:25.582Z"}
7/7/2026, 5:43:25 pm | {"api":"/login","event":"LOGIN_DEVICE_CHECK","empNo":"601","savedDevice":"f6a3b291f7315431","currentDevice":"f6a3b291f7315431","timestamp":"2026-07-07T12:13:25.582Z"}
7/7/2026, 5:43:25 pm | {"api":"/login","event":"LOGIN_SUCCESS","empNo":"601","branch":"Tuni","designation":"Branch Manager","loginTime":"2026-07-07T12:13:25.590Z"}
7/7/2026, 5:43:25 pm | {"api":"/employee/:empNo","event":"EMPLOYEE_API_STARTED","empNo":"601","timestamp":"2026-07-07T12:13:25.841Z"}
7/7/2026, 5:43:25 pm | {"api":"/employee/:empNo","event":"EMPLOYEE_DB_QUERY_STARTED","empNo":"601","timestamp":"2026-07-07T12:13:25.842Z"}
7/7/2026, 5:43:25 pm | {"api":"/employee/:empNo","event":"EMPLOYEE_FETCH_SUCCESS","empNo":"601","employeeName":"G Divya Raju","branch":"Tuni","designation":"Branch Manager","timestamp":"2026-07-07T12:13:25.846Z"}
7/7/2026, 5:43:25 pm | {"api":"/last-submission/:empNo","event":"LAST_SUBMISSION_API_STARTED","empNo":"601","timestamp":"2026-07-07T12:13:25.942Z"}
7/7/2026, 5:43:25 pm | {"api":"/last-submission/:empNo","event":"LAST_SUBMISSION_DB_QUERY_STARTED","empNo":"601","timestamp":"2026-07-07T12:13:25.943Z"}
7/7/2026, 5:43:25 pm | {"api":"/last-submission/:empNo","event":"LAST_SUBMISSION_FETCH_SUCCESS","empNo":"601","amount":620000,"actionAt":"2026-07-06 17:37:48","timestamp":"2026-07-07T12:13:25.948Z"}
7/7/2026, 5:43:26 pm | {"api":"/today-cash/:empNo","event":"TODAY_CASH_API_STARTED","empNo":"601","timestamp":"2026-07-07T12:13:26.081Z"}
7/7/2026, 5:43:26 pm | {"api":"/today-cash/:empNo","event":"TODAY_CASH_DB_QUERY_STARTED","empNo":"601","timestamp":"2026-07-07T12:13:26.083Z"}
7/7/2026, 5:43:26 pm | {"api":"/today-cash/:empNo","event":"TODAY_CASH_NOT_FOUND","empNo":"601","timestamp":"2026-07-07T12:13:26.089Z"}
7/7/2026, 5:43:30 pm | {"api":"/api/cash-closing-dashboard","event":"CASH_CLOSING_DASHBOARD_API_STARTED","filters":{"cluster":"","branch":"","fromDate":"","toDate":"","status":""},"timestamp":"2026-07-07T12:13:30.582Z"}
7/7/2026, 5:43:30 pm | {"api":"/api/cash-closing-dashboard","event":"CASH_CLOSING_DASHBOARD_DB_CONNECTED","timestamp":"2026-07-07T12:13:30.583Z"}
7/7/2026, 5:43:30 pm | {"api":"/api/cash-closing-dashboard","event":"CASH_CLOSING_DASHBOARD_QUERY_STARTED","filters":{"cluster":"","branch":"","fromDate":"","toDate":"","status":""},"timestamp":"2026-07-07T12:13:30.584Z"}
7/7/2026, 5:43:30 pm | {"api":"/api/cash-closing-dashboard","event":"CASH_CLOSING_DASHBOARD_DATA_FETCHED","totalRecords":56,"timestamp":"2026-07-07T12:13:30.592Z"}
7/7/2026, 5:43:30 pm | {"api":"/api/cash-closing-dashboard","event":"CASH_CLOSING_CLUSTER_FETCHED","totalClusters":4,"timestamp":"2026-07-07T12:13:30.596Z"}
7/7/2026, 5:43:30 pm | {"api":"/api/cash-closing-dashboard","event":"CASH_CLOSING_BRANCH_FETCHED","totalBranches":56,"timestamp":"2026-07-07T12:13:30.600Z"}
7/7/2026, 5:43:30 pm | {"api":"/api/cash-closing-dashboard","event":"CASH_CLOSING_DASHBOARD_SUCCESS","totalRecords":56,"filters":{"cluster":"","branch":"","fromDate":"","toDate":"","status":""},"timestamp":"2026-07-07T12:13:30.600Z"}
7/7/2026, 5:43:30 pm | {"api":"/api/cash-closing-dashboard","event":"CASH_CLOSING_DASHBOARD_API_STARTED","filters":{"cluster":"","branch":"","fromDate":"","toDate":"","status":""},"timestamp":"2026-07-07T12:13:30.692Z"}
7/7/2026, 5:43:30 pm | {"api":"/api/cash-closing-dashboard","event":"CASH_CLOSING_DASHBOARD_DB_CONNECTED","timestamp":"2026-07-07T12:13:30.693Z"}
7/7/2026, 5:43:30 pm | {"api":"/api/cash-closing-dashboard","event":"CASH_CLOSING_DASHBOARD_QUERY_STARTED","filters":{"cluster":"","branch":"","fromDate":"","toDate":"","status":""},"timestamp":"2026-07-07T12:13:30.694Z"}
7/7/2026, 5:43:30 pm | {"api":"/api/cash-closing-dashboard","event":"CASH_CLOSING_DASHBOARD_DATA_FETCHED","totalRecords":56,"timestamp":"2026-07-07T12:13:30.701Z"}
7/7/2026, 5:43:30 pm | {"api":"/api/cash-closing-dashboard","event":"CASH_CLOSING_CLUSTER_FETCHED","totalClusters":4,"timestamp":"2026-07-07T12:13:30.705Z"}
7/7/2026, 5:43:30 pm | {"api":"/api/cash-closing-dashboard","event":"CASH_CLOSING_BRANCH_FETCHED","totalBranches":56,"timestamp":"2026-07-07T12:13:30.708Z"}
7/7/2026, 5:43:30 pm | {"api":"/api/cash-closing-dashboard","event":"CASH_CLOSING_DASHBOARD_SUCCESS","totalRecords":56,"filters":{"cluster":"","branch":"","fromDate":"","toDate":"","status":""},"timestamp":"2026-07-07T12:13:30.709Z"}
7/7/2026, 5:43:30 pm | {"api":"/api/cash-closing-dashboard","event":"CASH_CLOSING_DASHBOARD_API_STARTED","filters":{"cluster":"","branch":"","fromDate":"","toDate":"","status":""},"timestamp":"2026-07-07T12:13:30.844Z"}
7/7/2026, 5:43:30 pm | {"api":"/api/cash-closing-dashboard","event":"CASH_CLOSING_DASHBOARD_DB_CONNECTED","timestamp":"2026-07-07T12:13:30.845Z"}
7/7/2026, 5:43:30 pm | {"api":"/api/cash-closing-dashboard","event":"CASH_CLOSING_DASHBOARD_QUERY_STARTED","filters":{"cluster":"","branch":"","fromDate":"","toDate":"","status":""},"timestamp":"2026-07-07T12:13:30.846Z"}
7/7/2026, 5:43:30 pm | {"api":"/api/cash-closing-dashboard","event":"CASH_CLOSING_DASHBOARD_DATA_FETCHED","totalRecords":56,"timestamp":"2026-07-07T12:13:30.853Z"}
7/7/2026, 5:43:30 pm | {"api":"/api/cash-closing-dashboard","event":"CASH_CLOSING_CLUSTER_FETCHED","totalClusters":4,"timestamp":"2026-07-07T12:13:30.856Z"}
7/7/2026, 5:43:30 pm | {"api":"/api/cash-closing-dashboard","event":"CASH_CLOSING_BRANCH_FETCHED","totalBranches":56,"timestamp":"2026-07-07T12:13:30.859Z"}
7/7/2026, 5:43:30 pm | {"api":"/api/cash-closing-dashboard","event":"CASH_CLOSING_DASHBOARD_SUCCESS","totalRecords":56,"filters":{"cluster":"","branch":"","fromDate":"","toDate":"","status":""},"timestamp":"2026-07-07T12:13:30.860Z"}
7/7/2026, 5:43:30 pm | {"api":"/api/cash-closing-dashboard","event":"CASH_CLOSING_DASHBOARD_API_STARTED","filters":{"cluster":"","branch":"","fromDate":"","toDate":"","status":""},"timestamp":"2026-07-07T12:13:30.988Z"}
7/7/2026, 5:43:30 pm | {"api":"/api/cash-closing-dashboard","event":"CASH_CLOSING_DASHBOARD_DB_CONNECTED","timestamp":"2026-07-07T12:13:30.989Z"}
7/7/2026, 5:43:30 pm | {"api":"/api/cash-closing-dashboard","event":"CASH_CLOSING_DASHBOARD_QUERY_STARTED","filters":{"cluster":"","branch":"","fromDate":"","toDate":"","status":""},"timestamp":"2026-07-07T12:13:30.990Z"}
7/7/2026, 5:43:30 pm | {"api":"/api/cash-closing-dashboard","event":"CASH_CLOSING_DASHBOARD_DATA_FETCHED","totalRecords":56,"timestamp":"2026-07-07T12:13:30.997Z"}
7/7/2026, 5:43:31 pm | {"api":"/api/cash-closing-dashboard","event":"CASH_CLOSING_CLUSTER_FETCHED","totalClusters":4,"timestamp":"2026-07-07T12:13:31.000Z"}
7/7/2026, 5:43:31 pm | {"api":"/api/cash-closing-dashboard","event":"CASH_CLOSING_BRANCH_FETCHED","totalBranches":56,"timestamp":"2026-07-07T12:13:31.003Z"}
7/7/2026, 5:43:31 pm | {"api":"/api/cash-closing-dashboard","event":"CASH_CLOSING_DASHBOARD_SUCCESS","totalRecords":56,"filters":{"cluster":"","branch":"","fromDate":"","toDate":"","status":""},"timestamp":"2026-07-07T12:13:31.004Z"}
7/7/2026, 5:43:31 pm | {"api":"/api/cash-closing-dashboard","event":"CASH_CLOSING_DASHBOARD_API_STARTED","filters":{"cluster":"","branch":"","fromDate":"","toDate":"","status":""},"timestamp":"2026-07-07T12:13:31.133Z"}
7/7/2026, 5:43:31 pm | {"api":"/api/cash-closing-dashboard","event":"CASH_CLOSING_DASHBOARD_DB_CONNECTED","timestamp":"2026-07-07T12:13:31.134Z"}
7/7/2026, 5:43:31 pm | {"api":"/api/cash-closing-dashboard","event":"CASH_CLOSING_DASHBOARD_QUERY_STARTED","filters":{"cluster":"","branch":"","fromDate":"","toDate":"","status":""},"timestamp":"2026-07-07T12:13:31.135Z"}
7/7/2026, 5:43:31 pm | {"api":"/api/cash-closing-dashboard","event":"CASH_CLOSING_DASHBOARD_DATA_FETCHED","totalRecords":56,"timestamp":"2026-07-07T12:13:31.142Z"}
7/7/2026, 5:43:31 pm | {"api":"/api/cash-closing-dashboard","event":"CASH_CLOSING_CLUSTER_FETCHED","totalClusters":4,"timestamp":"2026-07-07T12:13:31.146Z"}
7/7/2026, 5:43:31 pm | {"api":"/api/cash-closing-dashboard","event":"CASH_CLOSING_BRANCH_FETCHED","totalBranches":56,"timestamp":"2026-07-07T12:13:31.149Z"}
7/7/2026, 5:43:31 pm | {"api":"/api/cash-closing-dashboard","event":"CASH_CLOSING_DASHBOARD_SUCCESS","totalRecords":56,"filters":{"cluster":"","branch":"","fromDate":"","toDate":"","status":""},"timestamp":"2026-07-07T12:13:31.150Z"}
7/7/2026, 5:43:31 pm | {"api":"/api/cash-closing-dashboard","event":"CASH_CLOSING_DASHBOARD_API_STARTED","filters":{"cluster":"","branch":"","fromDate":"","toDate":"","status":""},"timestamp":"2026-07-07T12:13:31.220Z"}
7/7/2026, 5:43:31 pm | {"api":"/api/cash-closing-dashboard","event":"CASH_CLOSING_DASHBOARD_DB_CONNECTED","timestamp":"2026-07-07T12:13:31.221Z"}
7/7/2026, 5:43:31 pm | {"api":"/api/cash-closing-dashboard","event":"CASH_CLOSING_DASHBOARD_QUERY_STARTED","filters":{"cluster":"","branch":"","fromDate":"","toDate":"","status":""},"timestamp":"2026-07-07T12:13:31.222Z"}
7/7/2026, 5:43:31 pm | {"api":"/api/cash-closing-dashboard","event":"CASH_CLOSING_DASHBOARD_DATA_FETCHED","totalRecords":56,"timestamp":"2026-07-07T12:13:31.229Z"}
7/7/2026, 5:43:31 pm | {"api":"/api/cash-closing-dashboard","event":"CASH_CLOSING_CLUSTER_FETCHED","totalClusters":4,"timestamp":"2026-07-07T12:13:31.234Z"}
7/7/2026, 5:43:31 pm | {"api":"/api/cash-closing-dashboard","event":"CASH_CLOSING_BRANCH_FETCHED","totalBranches":56,"timestamp":"2026-07-07T12:13:31.239Z"}
7/7/2026, 5:43:31 pm | {"api":"/api/cash-closing-dashboard","event":"CASH_CLOSING_DASHBOARD_SUCCESS","totalRecords":56,"filters":{"cluster":"","branch":"","fromDate":"","toDate":"","status":""},"timestamp":"2026-07-07T12:13:31.239Z"}
7/7/2026, 5:43:36 pm | {"api":"/api/cash-closing-dashboard","event":"CASH_CLOSING_DASHBOARD_API_STARTED","filters":{"cluster":"","branch":"","fromDate":"","toDate":"","status":""},"timestamp":"2026-07-07T12:13:36.190Z"}
7/7/2026, 5:43:36 pm | {"api":"/api/cash-closing-dashboard","event":"CASH_CLOSING_DASHBOARD_DB_CONNECTED","timestamp":"2026-07-07T12:13:36.191Z"}
7/7/2026, 5:43:36 pm | {"api":"/api/cash-closing-dashboard","event":"CASH_CLOSING_DASHBOARD_QUERY_STARTED","filters":{"cluster":"","branch":"","fromDate":"","toDate":"","status":""},"timestamp":"2026-07-07T12:13:36.191Z"}
7/7/2026, 5:43:36 pm | {"api":"/api/cash-closing-dashboard","event":"CASH_CLOSING_DASHBOARD_DATA_FETCHED","totalRecords":56,"timestamp":"2026-07-07T12:13:36.197Z"}
7/7/2026, 5:43:36 pm | {"api":"/api/cash-closing-dashboard","event":"CASH_CLOSING_CLUSTER_FETCHED","totalClusters":4,"timestamp":"2026-07-07T12:13:36.201Z"}
7/7/2026, 5:43:36 pm | {"api":"/api/cash-closing-dashboard","event":"CASH_CLOSING_BRANCH_FETCHED","totalBranches":56,"timestamp":"2026-07-07T12:13:36.204Z"}
7/7/2026, 5:43:36 pm | {"api":"/api/cash-closing-dashboard","event":"CASH_CLOSING_DASHBOARD_SUCCESS","totalRecords":56,"filters":{"cluster":"","branch":"","fromDate":"","toDate":"","status":""},"timestamp":"2026-07-07T12:13:36.205Z"}
7/7/2026, 5:43:36 pm | {"api":"/api/cash-closing-dashboard","event":"CASH_CLOSING_DASHBOARD_API_STARTED","filters":{"cluster":"","branch":"","fromDate":"","toDate":"","status":""},"timestamp":"2026-07-07T12:13:36.332Z"}
7/7/2026, 5:43:36 pm | {"api":"/api/cash-closing-dashboard","event":"CASH_CLOSING_DASHBOARD_DB_CONNECTED","timestamp":"2026-07-07T12:13:36.333Z"}
7/7/2026, 5:43:36 pm | {"api":"/api/cash-closing-dashboard","event":"CASH_CLOSING_DASHBOARD_QUERY_STARTED","filters":{"cluster":"","branch":"","fromDate":"","toDate":"","status":""},"timestamp":"2026-07-07T12:13:36.334Z"}
7/7/2026, 5:43:36 pm | {"api":"/api/cash-closing-dashboard","event":"CASH_CLOSING_DASHBOARD_DATA_FETCHED","totalRecords":56,"timestamp":"2026-07-07T12:13:36.341Z"}
7/7/2026, 5:43:36 pm | {"api":"/api/cash-closing-dashboard","event":"CASH_CLOSING_CLUSTER_FETCHED","totalClusters":4,"timestamp":"2026-07-07T12:13:36.344Z"}
7/7/2026, 5:43:36 pm | {"api":"/api/cash-closing-dashboard","event":"CASH_CLOSING_BRANCH_FETCHED","totalBranches":56,"timestamp":"2026-07-07T12:13:36.348Z"}
7/7/2026, 5:43:36 pm | {"api":"/api/cash-closing-dashboard","event":"CASH_CLOSING_DASHBOARD_SUCCESS","totalRecords":56,"filters":{"cluster":"","branch":"","fromDate":"","toDate":"","status":""},"timestamp":"2026-07-07T12:13:36.349Z"}
7/7/2026, 5:43:36 pm | {"api":"/api/cash-closing-dashboard","event":"CASH_CLOSING_DASHBOARD_API_STARTED","filters":{"cluster":"","branch":"","fromDate":"","toDate":"","status":""},"timestamp":"2026-07-07T12:13:36.518Z"}
7/7/2026, 5:43:36 pm | {"api":"/api/cash-closing-dashboard","event":"CASH_CLOSING_DASHBOARD_DB_CONNECTED","timestamp":"2026-07-07T12:13:36.519Z"}
7/7/2026, 5:43:36 pm | {"api":"/api/cash-closing-dashboard","event":"CASH_CLOSING_DASHBOARD_QUERY_STARTED","filters":{"cluster":"","branch":"","fromDate":"","toDate":"","status":""},"timestamp":"2026-07-07T12:13:36.520Z"}
7/7/2026, 5:43:36 pm | {"api":"/api/cash-closing-dashboard","event":"CASH_CLOSING_DASHBOARD_DATA_FETCHED","totalRecords":56,"timestamp":"2026-07-07T12:13:36.526Z"}
7/7/2026, 5:43:36 pm | {"api":"/api/cash-closing-dashboard","event":"CASH_CLOSING_CLUSTER_FETCHED","totalClusters":4,"timestamp":"2026-07-07T12:13:36.529Z"}
7/7/2026, 5:43:36 pm | {"api":"/api/cash-closing-dashboard","event":"CASH_CLOSING_BRANCH_FETCHED","totalBranches":56,"timestamp":"2026-07-07T12:13:36.533Z"}
7/7/2026, 5:43:36 pm | {"api":"/api/cash-closing-dashboard","event":"CASH_CLOSING_DASHBOARD_SUCCESS","totalRecords":56,"filters":{"cluster":"","branch":"","fromDate":"","toDate":"","status":""},"timestamp":"2026-07-07T12:13:36.534Z"}
7/7/2026, 5:43:36 pm | {"api":"/api/cash-closing-dashboard","event":"CASH_CLOSING_DASHBOARD_API_STARTED","filters":{"cluster":"","branch":"","fromDate":"","toDate":"","status":""},"timestamp":"2026-07-07T12:13:36.796Z"}
7/7/2026, 5:43:36 pm | {"api":"/api/cash-closing-dashboard","event":"CASH_CLOSING_DASHBOARD_DB_CONNECTED","timestamp":"2026-07-07T12:13:36.797Z"}
7/7/2026, 5:43:36 pm | {"api":"/api/cash-closing-dashboard","event":"CASH_CLOSING_DASHBOARD_QUERY_STARTED","filters":{"cluster":"","branch":"","fromDate":"","toDate":"","status":""},"timestamp":"2026-07-07T12:13:36.798Z"}
7/7/2026, 5:43:36 pm | {"api":"/api/cash-closing-dashboard","event":"CASH_CLOSING_DASHBOARD_DATA_FETCHED","totalRecords":56,"timestamp":"2026-07-07T12:13:36.807Z"}
7/7/2026, 5:43:36 pm | {"api":"/api/cash-closing-dashboard","event":"CASH_CLOSING_CLUSTER_FETCHED","totalClusters":4,"timestamp":"2026-07-07T12:13:36.810Z"}
7/7/2026, 5:43:36 pm | {"api":"/api/cash-closing-dashboard","event":"CASH_CLOSING_BRANCH_FETCHED","totalBranches":56,"timestamp":"2026-07-07T12:13:36.813Z"}
7/7/2026, 5:43:36 pm | {"api":"/api/cash-closing-dashboard","event":"CASH_CLOSING_DASHBOARD_SUCCESS","totalRecords":56,"filters":{"cluster":"","branch":"","fromDate":"","toDate":"","status":""},"timestamp":"2026-07-07T12:13:36.814Z"}
7/7/2026, 5:43:36 pm | {"api":"/api/cash-closing-dashboard","event":"CASH_CLOSING_DASHBOARD_API_STARTED","filters":{"cluster":"","branch":"","fromDate":"","toDate":"","status":""},"timestamp":"2026-07-07T12:13:36.948Z"}
7/7/2026, 5:43:36 pm | {"api":"/api/cash-closing-dashboard","event":"CASH_CLOSING_DASHBOARD_DB_CONNECTED","timestamp":"2026-07-07T12:13:36.949Z"}
7/7/2026, 5:43:36 pm | {"api":"/api/cash-closing-dashboard","event":"CASH_CLOSING_DASHBOARD_QUERY_STARTED","filters":{"cluster":"","branch":"","fromDate":"","toDate":"","status":""},"timestamp":"2026-07-07T12:13:36.950Z"}
7/7/2026, 5:43:36 pm | {"api":"/api/cash-closing-dashboard","event":"CASH_CLOSING_DASHBOARD_DATA_FETCHED","totalRecords":56,"timestamp":"2026-07-07T12:13:36.957Z"}
7/7/2026, 5:43:36 pm | {"api":"/api/cash-closing-dashboard","event":"CASH_CLOSING_CLUSTER_FETCHED","totalClusters":4,"timestamp":"2026-07-07T12:13:36.960Z"}
7/7/2026, 5:43:36 pm | {"api":"/api/cash-closing-dashboard","event":"CASH_CLOSING_BRANCH_FETCHED","totalBranches":56,"timestamp":"2026-07-07T12:13:36.964Z"}
7/7/2026, 5:43:36 pm | {"api":"/api/cash-closing-dashboard","event":"CASH_CLOSING_DASHBOARD_SUCCESS","totalRecords":56,"filters":{"cluster":"","branch":"","fromDate":"","toDate":"","status":""},"timestamp":"2026-07-07T12:13:36.964Z"}
7/7/2026, 5:43:44 pm | {"api":"/api/cash-closing-dashboard","event":"CASH_CLOSING_DASHBOARD_API_STARTED","filters":{"cluster":"","branch":"","fromDate":"","toDate":"","status":""},"timestamp":"2026-07-07T12:13:44.176Z"}
7/7/2026, 5:43:44 pm | {"api":"/api/cash-closing-dashboard","event":"CASH_CLOSING_DASHBOARD_DB_CONNECTED","timestamp":"2026-07-07T12:13:44.177Z"}
7/7/2026, 5:43:44 pm | {"api":"/api/cash-closing-dashboard","event":"CASH_CLOSING_DASHBOARD_QUERY_STARTED","filters":{"cluster":"","branch":"","fromDate":"","toDate":"","status":""},"timestamp":"2026-07-07T12:13:44.178Z"}
7/7/2026, 5:43:44 pm | {"api":"/api/cash-closing-dashboard","event":"CASH_CLOSING_DASHBOARD_DATA_FETCHED","totalRecords":56,"timestamp":"2026-07-07T12:13:44.185Z"}
7/7/2026, 5:43:44 pm | {"api":"/api/cash-closing-dashboard","event":"CASH_CLOSING_CLUSTER_FETCHED","totalClusters":4,"timestamp":"2026-07-07T12:13:44.188Z"}
7/7/2026, 5:43:44 pm | {"api":"/api/cash-closing-dashboard","event":"CASH_CLOSING_BRANCH_FETCHED","totalBranches":56,"timestamp":"2026-07-07T12:13:44.192Z"}
7/7/2026, 5:43:44 pm | {"api":"/api/cash-closing-dashboard","event":"CASH_CLOSING_DASHBOARD_SUCCESS","totalRecords":56,"filters":{"cluster":"","branch":"","fromDate":"","toDate":"","status":""},"timestamp":"2026-07-07T12:13:44.193Z"}
7/7/2026, 5:43:44 pm | {"api":"/api/cash-closing-dashboard","event":"CASH_CLOSING_DASHBOARD_API_STARTED","filters":{"cluster":"","branch":"","fromDate":"","toDate":"","status":""},"timestamp":"2026-07-07T12:13:44.317Z"}
7/7/2026, 5:43:44 pm | {"api":"/api/cash-closing-dashboard","event":"CASH_CLOSING_DASHBOARD_DB_CONNECTED","timestamp":"2026-07-07T12:13:44.318Z"}
7/7/2026, 5:43:44 pm | {"api":"/api/cash-closing-dashboard","event":"CASH_CLOSING_DASHBOARD_QUERY_STARTED","filters":{"cluster":"","branch":"","fromDate":"","toDate":"","status":""},"timestamp":"2026-07-07T12:13:44.319Z"}
7/7/2026, 5:43:44 pm | {"api":"/api/cash-closing-dashboard","event":"CASH_CLOSING_DASHBOARD_DATA_FETCHED","totalRecords":56,"timestamp":"2026-07-07T12:13:44.326Z"}
7/7/2026, 5:43:44 pm | {"api":"/api/cash-closing-dashboard","event":"CASH_CLOSING_CLUSTER_FETCHED","totalClusters":4,"timestamp":"2026-07-07T12:13:44.330Z"}
7/7/2026, 5:43:44 pm | {"api":"/api/cash-closing-dashboard","event":"CASH_CLOSING_BRANCH_FETCHED","totalBranches":56,"timestamp":"2026-07-07T12:13:44.334Z"}
7/7/2026, 5:43:44 pm | {"api":"/api/cash-closing-dashboard","event":"CASH_CLOSING_DASHBOARD_SUCCESS","totalRecords":56,"filters":{"cluster":"","branch":"","fromDate":"","toDate":"","status":""},"timestamp":"2026-07-07T12:13:44.334Z"}
7/7/2026, 5:43:44 pm | {"api":"/api/cash-closing-dashboard","event":"CASH_CLOSING_DASHBOARD_API_STARTED","filters":{"cluster":"","branch":"","fromDate":"","toDate":"","status":""},"timestamp":"2026-07-07T12:13:44.453Z"}
7/7/2026, 5:43:44 pm | {"api":"/api/cash-closing-dashboard","event":"CASH_CLOSING_DASHBOARD_DB_CONNECTED","timestamp":"2026-07-07T12:13:44.454Z"}
7/7/2026, 5:43:44 pm | {"api":"/api/cash-closing-dashboard","event":"CASH_CLOSING_DASHBOARD_QUERY_STARTED","filters":{"cluster":"","branch":"","fromDate":"","toDate":"","status":""},"timestamp":"2026-07-07T12:13:44.455Z"}
7/7/2026, 5:43:44 pm | {"api":"/api/cash-closing-dashboard","event":"CASH_CLOSING_DASHBOARD_DATA_FETCHED","totalRecords":56,"timestamp":"2026-07-07T12:13:44.462Z"}
7/7/2026, 5:43:44 pm | {"api":"/api/cash-closing-dashboard","event":"CASH_CLOSING_CLUSTER_FETCHED","totalClusters":4,"timestamp":"2026-07-07T12:13:44.466Z"}
7/7/2026, 5:43:44 pm | {"api":"/api/cash-closing-dashboard","event":"CASH_CLOSING_BRANCH_FETCHED","totalBranches":56,"timestamp":"2026-07-07T12:13:44.469Z"}
7/7/2026, 5:43:44 pm | {"api":"/api/cash-closing-dashboard","event":"CASH_CLOSING_DASHBOARD_SUCCESS","totalRecords":56,"filters":{"cluster":"","branch":"","fromDate":"","toDate":"","status":""},"timestamp":"2026-07-07T12:13:44.470Z"}
7/7/2026, 5:43:44 pm | {"api":"/api/cash-closing-dashboard","event":"CASH_CLOSING_DASHBOARD_API_STARTED","filters":{"cluster":"","branch":"","fromDate":"","toDate":"","status":""},"timestamp":"2026-07-07T12:13:44.605Z"}
7/7/2026, 5:43:44 pm | {"api":"/api/cash-closing-dashboard","event":"CASH_CLOSING_DASHBOARD_DB_CONNECTED","timestamp":"2026-07-07T12:13:44.606Z"}
7/7/2026, 5:43:44 pm | {"api":"/api/cash-closing-dashboard","event":"CASH_CLOSING_DASHBOARD_QUERY_STARTED","filters":{"cluster":"","branch":"","fromDate":"","toDate":"","status":""},"timestamp":"2026-07-07T12:13:44.607Z"}
7/7/2026, 5:43:44 pm | {"api":"/api/cash-closing-dashboard","event":"CASH_CLOSING_DASHBOARD_DATA_FETCHED","totalRecords":56,"timestamp":"2026-07-07T12:13:44.613Z"}
7/7/2026, 5:43:44 pm | {"api":"/api/cash-closing-dashboard","event":"CASH_CLOSING_CLUSTER_FETCHED","totalClusters":4,"timestamp":"2026-07-07T12:13:44.616Z"}
7/7/2026, 5:43:44 pm | {"api":"/api/cash-closing-dashboard","event":"CASH_CLOSING_BRANCH_FETCHED","totalBranches":56,"timestamp":"2026-07-07T12:13:44.620Z"}
7/7/2026, 5:43:44 pm | {"api":"/api/cash-closing-dashboard","event":"CASH_CLOSING_DASHBOARD_SUCCESS","totalRecords":56,"filters":{"cluster":"","branch":"","fromDate":"","toDate":"","status":""},"timestamp":"2026-07-07T12:13:44.621Z"}
7/7/2026, 5:43:50 pm | {"api":"/save-cash-closing","event":"SAVE_CASH_API_STARTED","empNo":"601","amount":"820000","timestamp":"2026-07-07T12:13:50.788Z"}
7/7/2026, 5:43:50 pm | {"api":"/save-cash-closing","event":"PREVIOUS_DAY_RECORD_FOUND","empNo":"601","oldDate":"2026-07-06T00:00:00.000Z","amount":620000,"timestamp":"2026-07-07T12:13:50.796Z"}
7/7/2026, 5:43:50 pm | {"api":"/save-cash-closing","event":"PREVIOUS_DAY_MOVED_TO_HISTORY","empNo":"601","timestamp":"2026-07-07T12:13:50.804Z"}
7/7/2026, 5:43:50 pm | {"api":"/save-cash-closing","event":"PREVIOUS_DAY_DELETED","empNo":"601","timestamp":"2026-07-07T12:13:50.812Z"}
7/7/2026, 5:43:50 pm | {"api":"/save-cash-closing","event":"SAVE_CASH_NEW_ENTRY","empNo":"601","amount":"820000","branch":"Tuni","timestamp":"2026-07-07T12:13:50.815Z"}
7/7/2026, 5:43:50 pm | {"api":"/save-cash-closing","event":"SAVE_CASH_HISTORY_INSERTED","empNo":"601","actionType":"ADDED","version":1,"timestamp":"2026-07-07T12:13:50.829Z"}
7/7/2026, 5:43:50 pm | {"api":"/save-cash-closing","event":"SAVE_CASH_SUCCESS","type":"INSERT","empNo":"601","amount":"820000","timestamp":"2026-07-07T12:13:50.830Z"}
7/7/2026, 5:43:52 pm | {"api":"/save-cash-closing","event":"SAVE_CASH_API_STARTED","empNo":"142","amount":"903756","timestamp":"2026-07-07T12:13:52.773Z"}
7/7/2026, 5:43:52 pm | {"api":"/save-cash-closing","event":"SAVE_CASH_UPDATE_STARTED","empNo":"142","oldAmount":903756,"newAmount":"903756","currentVersion":1,"nextVersion":2,"timestamp":"2026-07-07T12:13:52.782Z"}
7/7/2026, 5:43:52 pm | {"api":"/save-cash-closing","event":"SAVE_CASH_HISTORY_UPDATED","empNo":"142","version":2,"timestamp":"2026-07-07T12:13:52.804Z"}
7/7/2026, 5:43:52 pm | {"api":"/save-cash-closing","event":"SAVE_CASH_SUCCESS","type":"UPDATE","empNo":"142","amount":"903756","version":2,"timestamp":"2026-07-07T12:13:52.805Z"}
7/7/2026, 5:43:55 pm | {"api":"/save-cash-closing","event":"SAVE_CASH_API_STARTED","empNo":"601","amount":"820000","timestamp":"2026-07-07T12:13:55.121Z"}
7/7/2026, 5:43:55 pm | {"api":"/save-cash-closing","event":"SAVE_CASH_UPDATE_STARTED","empNo":"601","oldAmount":820000,"newAmount":"820000","currentVersion":1,"nextVersion":2,"timestamp":"2026-07-07T12:13:55.129Z"}
7/7/2026, 5:43:55 pm | {"api":"/save-cash-closing","event":"SAVE_CASH_HISTORY_UPDATED","empNo":"601","version":2,"timestamp":"2026-07-07T12:13:55.143Z"}
7/7/2026, 5:43:55 pm | {"api":"/save-cash-closing","event":"SAVE_CASH_SUCCESS","type":"UPDATE","empNo":"601","amount":"820000","version":2,"timestamp":"2026-07-07T12:13:55.144Z"}
7/7/2026, 5:43:57 pm | {"api":"/login","event":"LOGIN_API_STARTED","mpin":"1979","deviceId":"b44f0d6e24fd5d5a","timestamp":"2026-07-07T12:13:57.581Z"}
7/7/2026, 5:43:57 pm | {"event":"LOGIN_REQUEST","mpin":"1979","deviceId":"b44f0d6e24fd5d5a","timestamp":"2026-07-07T12:13:57.582Z"}
7/7/2026, 5:43:57 pm | {"api":"/login","event":"LOGIN_DB_QUERY_STARTED","mpin":"1979","timestamp":"2026-07-07T12:13:57.583Z"}
7/7/2026, 5:43:57 pm | {"api":"/login","event":"LOGIN_USER_FOUND","empNo":"539","branch":"Rajahmundry","designation":"Branch Manager","timestamp":"2026-07-07T12:13:57.590Z"}
7/7/2026, 5:43:57 pm | {"api":"/login","event":"LOGIN_DEVICE_CHECK","empNo":"539","savedDevice":"b44f0d6e24fd5d5a","currentDevice":"b44f0d6e24fd5d5a","timestamp":"2026-07-07T12:13:57.591Z"}
7/7/2026, 5:43:57 pm | {"api":"/login","event":"LOGIN_SUCCESS","empNo":"539","branch":"Rajahmundry","designation":"Branch Manager","loginTime":"2026-07-07T12:13:57.600Z"}
7/7/2026, 5:43:57 pm | {"api":"/employee/:empNo","event":"EMPLOYEE_API_STARTED","empNo":"539","timestamp":"2026-07-07T12:13:57.994Z"}
7/7/2026, 5:43:57 pm | {"api":"/employee/:empNo","event":"EMPLOYEE_DB_QUERY_STARTED","empNo":"539","timestamp":"2026-07-07T12:13:57.995Z"}
7/7/2026, 5:43:58 pm | {"api":"/employee/:empNo","event":"EMPLOYEE_FETCH_SUCCESS","empNo":"539","employeeName":"K Appa Rao","branch":"Rajahmundry","designation":"Branch Manager","timestamp":"2026-07-07T12:13:58.003Z"}
7/7/2026, 5:43:58 pm | {"api":"/api/cash-closing-dashboard","event":"CASH_CLOSING_DASHBOARD_API_STARTED","filters":{"cluster":"","branch":"","fromDate":"","toDate":"","status":""},"timestamp":"2026-07-07T12:13:58.082Z"}
7/7/2026, 5:43:58 pm | {"api":"/api/cash-closing-dashboard","event":"CASH_CLOSING_DASHBOARD_DB_CONNECTED","timestamp":"2026-07-07T12:13:58.083Z"}
7/7/2026, 5:43:58 pm | {"api":"/api/cash-closing-dashboard","event":"CASH_CLOSING_DASHBOARD_QUERY_STARTED","filters":{"cluster":"","branch":"","fromDate":"","toDate":"","status":""},"timestamp":"2026-07-07T12:13:58.084Z"}
7/7/2026, 5:43:58 pm | {"api":"/api/cash-closing-dashboard","event":"CASH_CLOSING_DASHBOARD_DATA_FETCHED","totalRecords":56,"timestamp":"2026-07-07T12:13:58.092Z"}
7/7/2026, 5:43:58 pm | {"api":"/api/cash-closing-dashboard","event":"CASH_CLOSING_CLUSTER_FETCHED","totalClusters":4,"timestamp":"2026-07-07T12:13:58.096Z"}
7/7/2026, 5:43:58 pm | {"api":"/api/cash-closing-dashboard","event":"CASH_CLOSING_BRANCH_FETCHED","totalBranches":56,"timestamp":"2026-07-07T12:13:58.099Z"}
7/7/2026, 5:43:58 pm | {"api":"/api/cash-closing-dashboard","event":"CASH_CLOSING_DASHBOARD_SUCCESS","totalRecords":56,"filters":{"cluster":"","branch":"","fromDate":"","toDate":"","status":""},"timestamp":"2026-07-07T12:13:58.100Z"}
7/7/2026, 5:43:58 pm | {"api":"/last-submission/:empNo","event":"LAST_SUBMISSION_API_STARTED","empNo":"539","timestamp":"2026-07-07T12:13:58.122Z"}
7/7/2026, 5:43:58 pm | {"api":"/last-submission/:empNo","event":"LAST_SUBMISSION_DB_QUERY_STARTED","empNo":"539","timestamp":"2026-07-07T12:13:58.123Z"}
7/7/2026, 5:43:58 pm | {"api":"/last-submission/:empNo","event":"LAST_SUBMISSION_FETCH_SUCCESS","empNo":"539","amount":4892955,"actionAt":"2026-07-06 18:15:55","timestamp":"2026-07-07T12:13:58.128Z"}
7/7/2026, 5:43:58 pm | {"api":"/api/cash-closing-dashboard","event":"CASH_CLOSING_DASHBOARD_API_STARTED","filters":{"cluster":"","branch":"","fromDate":"","toDate":"","status":""},"timestamp":"2026-07-07T12:13:58.300Z"}
7/7/2026, 5:43:58 pm | {"api":"/api/cash-closing-dashboard","event":"CASH_CLOSING_DASHBOARD_DB_CONNECTED","timestamp":"2026-07-07T12:13:58.301Z"}
7/7/2026, 5:43:58 pm | {"api":"/api/cash-closing-dashboard","event":"CASH_CLOSING_DASHBOARD_QUERY_STARTED","filters":{"cluster":"","branch":"","fromDate":"","toDate":"","status":""},"timestamp":"2026-07-07T12:13:58.302Z"}
7/7/2026, 5:43:58 pm | {"api":"/api/cash-closing-dashboard","event":"CASH_CLOSING_DASHBOARD_DATA_FETCHED","totalRecords":56,"timestamp":"2026-07-07T12:13:58.310Z"}
7/7/2026, 5:43:58 pm | {"api":"/api/cash-closing-dashboard","event":"CASH_CLOSING_CLUSTER_FETCHED","totalClusters":4,"timestamp":"2026-07-07T12:13:58.314Z"}
7/7/2026, 5:43:58 pm | {"api":"/api/cash-closing-dashboard","event":"CASH_CLOSING_BRANCH_FETCHED","totalBranches":56,"timestamp":"2026-07-07T12:13:58.319Z"}
7/7/2026, 5:43:58 pm | {"api":"/api/cash-closing-dashboard","event":"CASH_CLOSING_DASHBOARD_SUCCESS","totalRecords":56,"filters":{"cluster":"","branch":"","fromDate":"","toDate":"","status":""},"timestamp":"2026-07-07T12:13:58.320Z"}
7/7/2026, 5:43:58 pm | {"api":"/api/cash-closing-dashboard","event":"CASH_CLOSING_DASHBOARD_API_STARTED","filters":{"cluster":"","branch":"","fromDate":"","toDate":"","status":""},"timestamp":"2026-07-07T12:13:58.460Z"}
7/7/2026, 5:43:58 pm | {"api":"/api/cash-closing-dashboard","event":"CASH_CLOSING_DASHBOARD_DB_CONNECTED","timestamp":"2026-07-07T12:13:58.461Z"}
7/7/2026, 5:43:58 pm | {"api":"/api/cash-closing-dashboard","event":"CASH_CLOSING_DASHBOARD_QUERY_STARTED","filters":{"cluster":"","branch":"","fromDate":"","toDate":"","status":""},"timestamp":"2026-07-07T12:13:58.462Z"}
7/7/2026, 5:43:58 pm | {"api":"/api/cash-closing-dashboard","event":"CASH_CLOSING_DASHBOARD_DATA_FETCHED","totalRecords":56,"timestamp":"2026-07-07T12:13:58.469Z"}
7/7/2026, 5:43:58 pm | {"api":"/api/cash-closing-dashboard","event":"CASH_CLOSING_CLUSTER_FETCHED","totalClusters":4,"timestamp":"2026-07-07T12:13:58.473Z"}
7/7/2026, 5:43:58 pm | {"api":"/today-cash/:empNo","event":"TODAY_CASH_API_STARTED","empNo":"539","timestamp":"2026-07-07T12:13:58.477Z"}
7/7/2026, 5:43:58 pm | {"api":"/today-cash/:empNo","event":"TODAY_CASH_DB_QUERY_STARTED","empNo":"539","timestamp":"2026-07-07T12:13:58.477Z"}
7/7/2026, 5:43:58 pm | {"api":"/api/cash-closing-dashboard","event":"CASH_CLOSING_BRANCH_FETCHED","totalBranches":56,"timestamp":"2026-07-07T12:13:58.482Z"}
7/7/2026, 5:43:58 pm | {"api":"/api/cash-closing-dashboard","event":"CASH_CLOSING_DASHBOARD_SUCCESS","totalRecords":56,"filters":{"cluster":"","branch":"","fromDate":"","toDate":"","status":""},"timestamp":"2026-07-07T12:13:58.483Z"}
7/7/2026, 5:43:58 pm | {"api":"/today-cash/:empNo","event":"TODAY_CASH_NOT_FOUND","empNo":"539","timestamp":"2026-07-07T12:13:58.486Z"}
7/7/2026, 5:43:58 pm | {"api":"/api/cash-closing-dashboard","event":"CASH_CLOSING_DASHBOARD_API_STARTED","filters":{"cluster":"","branch":"","fromDate":"","toDate":"","status":""},"timestamp":"2026-07-07T12:13:58.620Z"}
7/7/2026, 5:43:58 pm | {"api":"/api/cash-closing-dashboard","event":"CASH_CLOSING_DASHBOARD_DB_CONNECTED","timestamp":"2026-07-07T12:13:58.621Z"}
7/7/2026, 5:43:58 pm | {"api":"/api/cash-closing-dashboard","event":"CASH_CLOSING_DASHBOARD_QUERY_STARTED","filters":{"cluster":"","branch":"","fromDate":"","toDate":"","status":""},"timestamp":"2026-07-07T12:13:58.622Z"}
7/7/2026, 5:43:58 pm | {"api":"/api/cash-closing-dashboard","event":"CASH_CLOSING_DASHBOARD_DATA_FETCHED","totalRecords":56,"timestamp":"2026-07-07T12:13:58.629Z"}
7/7/2026, 5:43:58 pm | {"api":"/api/cash-closing-dashboard","event":"CASH_CLOSING_CLUSTER_FETCHED","totalClusters":4,"timestamp":"2026-07-07T12:13:58.635Z"}
7/7/2026, 5:43:58 pm | {"api":"/api/cash-closing-dashboard","event":"CASH_CLOSING_BRANCH_FETCHED","totalBranches":56,"timestamp":"2026-07-07T12:13:58.642Z"}
7/7/2026, 5:43:58 pm | {"api":"/api/cash-closing-dashboard","event":"CASH_CLOSING_DASHBOARD_SUCCESS","totalRecords":56,"filters":{"cluster":"","branch":"","fromDate":"","toDate":"","status":""},"timestamp":"2026-07-07T12:13:58.644Z"}
7/7/2026, 5:43:58 pm | {"api":"/api/cash-closing-dashboard","event":"CASH_CLOSING_DASHBOARD_API_STARTED","filters":{"cluster":"","branch":"","fromDate":"","toDate":"","status":""},"timestamp":"2026-07-07T12:13:58.758Z"}
7/7/2026, 5:43:58 pm | {"api":"/api/cash-closing-dashboard","event":"CASH_CLOSING_DASHBOARD_DB_CONNECTED","timestamp":"2026-07-07T12:13:58.759Z"}
7/7/2026, 5:43:58 pm | {"api":"/api/cash-closing-dashboard","event":"CASH_CLOSING_DASHBOARD_QUERY_STARTED","filters":{"cluster":"","branch":"","fromDate":"","toDate":"","status":""},"timestamp":"2026-07-07T12:13:58.759Z"}
7/7/2026, 5:43:58 pm | {"api":"/api/cash-closing-dashboard","event":"CASH_CLOSING_DASHBOARD_DATA_FETCHED","totalRecords":56,"timestamp":"2026-07-07T12:13:58.766Z"}
7/7/2026, 5:43:58 pm | {"api":"/api/cash-closing-dashboard","event":"CASH_CLOSING_CLUSTER_FETCHED","totalClusters":4,"timestamp":"2026-07-07T12:13:58.770Z"}
7/7/2026, 5:43:58 pm | {"api":"/api/cash-closing-dashboard","event":"CASH_CLOSING_BRANCH_FETCHED","totalBranches":56,"timestamp":"2026-07-07T12:13:58.773Z"}
7/7/2026, 5:43:58 pm | {"api":"/api/cash-closing-dashboard","event":"CASH_CLOSING_DASHBOARD_SUCCESS","totalRecords":56,"filters":{"cluster":"","branch":"","fromDate":"","toDate":"","status":""},"timestamp":"2026-07-07T12:13:58.774Z"}
7/7/2026, 5:44:05 pm | {"api":"/api/cash-closing-dashboard","event":"CASH_CLOSING_DASHBOARD_API_STARTED","filters":{"cluster":"","branch":"","fromDate":"","toDate":"","status":""},"timestamp":"2026-07-07T12:14:05.976Z"}
7/7/2026, 5:44:05 pm | {"api":"/api/cash-closing-dashboard","event":"CASH_CLOSING_DASHBOARD_DB_CONNECTED","timestamp":"2026-07-07T12:14:05.977Z"}
7/7/2026, 5:44:05 pm | {"api":"/api/cash-closing-dashboard","event":"CASH_CLOSING_DASHBOARD_QUERY_STARTED","filters":{"cluster":"","branch":"","fromDate":"","toDate":"","status":""},"timestamp":"2026-07-07T12:14:05.978Z"}
7/7/2026, 5:44:05 pm | {"api":"/api/cash-closing-dashboard","event":"CASH_CLOSING_DASHBOARD_DATA_FETCHED","totalRecords":56,"timestamp":"2026-07-07T12:14:05.985Z"}
7/7/2026, 5:44:05 pm | {"api":"/api/cash-closing-dashboard","event":"CASH_CLOSING_CLUSTER_FETCHED","totalClusters":4,"timestamp":"2026-07-07T12:14:05.989Z"}
7/7/2026, 5:44:05 pm | {"api":"/api/cash-closing-dashboard","event":"CASH_CLOSING_BRANCH_FETCHED","totalBranches":56,"timestamp":"2026-07-07T12:14:05.994Z"}
7/7/2026, 5:44:05 pm | {"api":"/api/cash-closing-dashboard","event":"CASH_CLOSING_DASHBOARD_SUCCESS","totalRecords":56,"filters":{"cluster":"","branch":"","fromDate":"","toDate":"","status":""},"timestamp":"2026-07-07T12:14:05.995Z"}
7/7/2026, 5:44:06 pm | {"api":"/api/cash-closing-dashboard","event":"CASH_CLOSING_DASHBOARD_API_STARTED","filters":{"cluster":"","branch":"","fromDate":"","toDate":"","status":""},"timestamp":"2026-07-07T12:14:06.107Z"}
7/7/2026, 5:44:06 pm | {"api":"/api/cash-closing-dashboard","event":"CASH_CLOSING_DASHBOARD_DB_CONNECTED","timestamp":"2026-07-07T12:14:06.109Z"}
7/7/2026, 5:44:06 pm | {"api":"/api/cash-closing-dashboard","event":"CASH_CLOSING_DASHBOARD_QUERY_STARTED","filters":{"cluster":"","branch":"","fromDate":"","toDate":"","status":""},"timestamp":"2026-07-07T12:14:06.109Z"}
7/7/2026, 5:44:06 pm | {"api":"/api/cash-closing-dashboard","event":"CASH_CLOSING_DASHBOARD_DATA_FETCHED","totalRecords":56,"timestamp":"2026-07-07T12:14:06.116Z"}
7/7/2026, 5:44:06 pm | {"api":"/api/cash-closing-dashboard","event":"CASH_CLOSING_CLUSTER_FETCHED","totalClusters":4,"timestamp":"2026-07-07T12:14:06.120Z"}
7/7/2026, 5:44:06 pm | {"api":"/api/cash-closing-dashboard","event":"CASH_CLOSING_BRANCH_FETCHED","totalBranches":56,"timestamp":"2026-07-07T12:14:06.123Z"}
7/7/2026, 5:44:06 pm | {"api":"/api/cash-closing-dashboard","event":"CASH_CLOSING_DASHBOARD_SUCCESS","totalRecords":56,"filters":{"cluster":"","branch":"","fromDate":"","toDate":"","status":""},"timestamp":"2026-07-07T12:14:06.124Z"}
7/7/2026, 5:44:06 pm | {"api":"/api/cash-closing-dashboard","event":"CASH_CLOSING_DASHBOARD_API_STARTED","filters":{"cluster":"","branch":"","fromDate":"","toDate":"","status":""},"timestamp":"2026-07-07T12:14:06.259Z"}
7/7/2026, 5:44:06 pm | {"api":"/api/cash-closing-dashboard","event":"CASH_CLOSING_DASHBOARD_DB_CONNECTED","timestamp":"2026-07-07T12:14:06.260Z"}
7/7/2026, 5:44:06 pm | {"api":"/api/cash-closing-dashboard","event":"CASH_CLOSING_DASHBOARD_QUERY_STARTED","filters":{"cluster":"","branch":"","fromDate":"","toDate":"","status":""},"timestamp":"2026-07-07T12:14:06.261Z"}
7/7/2026, 5:44:06 pm | {"api":"/api/cash-closing-dashboard","event":"CASH_CLOSING_DASHBOARD_DATA_FETCHED","totalRecords":56,"timestamp":"2026-07-07T12:14:06.269Z"}
7/7/2026, 5:44:06 pm | {"api":"/api/cash-closing-dashboard","event":"CASH_CLOSING_CLUSTER_FETCHED","totalClusters":4,"timestamp":"2026-07-07T12:14:06.272Z"}
7/7/2026, 5:44:06 pm | {"api":"/api/cash-closing-dashboard","event":"CASH_CLOSING_BRANCH_FETCHED","totalBranches":56,"timestamp":"2026-07-07T12:14:06.276Z"}
7/7/2026, 5:44:06 pm | {"api":"/api/cash-closing-dashboard","event":"CASH_CLOSING_DASHBOARD_SUCCESS","totalRecords":56,"filters":{"cluster":"","branch":"","fromDate":"","toDate":"","status":""},"timestamp":"2026-07-07T12:14:06.276Z"}
7/7/2026, 5:44:06 pm | {"api":"/api/cash-closing-dashboard","event":"CASH_CLOSING_DASHBOARD_API_STARTED","filters":{"cluster":"","branch":"","fromDate":"","toDate":"","status":""},"timestamp":"2026-07-07T12:14:06.404Z"}
7/7/2026, 5:44:06 pm | {"api":"/api/cash-closing-dashboard","event":"CASH_CLOSING_DASHBOARD_DB_CONNECTED","timestamp":"2026-07-07T12:14:06.405Z"}
7/7/2026, 5:44:06 pm | {"api":"/api/cash-closing-dashboard","event":"CASH_CLOSING_DASHBOARD_QUERY_STARTED","filters":{"cluster":"","branch":"","fromDate":"","toDate":"","status":""},"timestamp":"2026-07-07T12:14:06.406Z"}
7/7/2026, 5:44:06 pm | {"api":"/api/cash-closing-dashboard","event":"CASH_CLOSING_DASHBOARD_DATA_FETCHED","totalRecords":56,"timestamp":"2026-07-07T12:14:06.414Z"}
7/7/2026, 5:44:06 pm | {"api":"/api/cash-closing-dashboard","event":"CASH_CLOSING_CLUSTER_FETCHED","totalClusters":4,"timestamp":"2026-07-07T12:14:06.418Z"}
7/7/2026, 5:44:06 pm | {"api":"/api/cash-closing-dashboard","event":"CASH_CLOSING_BRANCH_FETCHED","totalBranches":56,"timestamp":"2026-07-07T12:14:06.424Z"}
7/7/2026, 5:44:06 pm | {"api":"/api/cash-closing-dashboard","event":"CASH_CLOSING_DASHBOARD_SUCCESS","totalRecords":56,"filters":{"cluster":"","branch":"","fromDate":"","toDate":"","status":""},"timestamp":"2026-07-07T12:14:06.425Z"}
7/7/2026, 5:44:06 pm | {"api":"/api/cash-closing-dashboard","event":"CASH_CLOSING_DASHBOARD_API_STARTED","filters":{"cluster":"","branch":"","fromDate":"","toDate":"","status":""},"timestamp":"2026-07-07T12:14:06.555Z"}
7/7/2026, 5:44:06 pm | {"api":"/api/cash-closing-dashboard","event":"CASH_CLOSING_DASHBOARD_DB_CONNECTED","timestamp":"2026-07-07T12:14:06.557Z"}
7/7/2026, 5:44:06 pm | {"api":"/api/cash-closing-dashboard","event":"CASH_CLOSING_DASHBOARD_QUERY_STARTED","filters":{"cluster":"","branch":"","fromDate":"","toDate":"","status":""},"timestamp":"2026-07-07T12:14:06.558Z"}
7/7/2026, 5:44:06 pm | {"api":"/api/cash-closing-dashboard","event":"CASH_CLOSING_DASHBOARD_DATA_FETCHED","totalRecords":56,"timestamp":"2026-07-07T12:14:06.565Z"}
7/7/2026, 5:44:06 pm | {"api":"/api/cash-closing-dashboard","event":"CASH_CLOSING_CLUSTER_FETCHED","totalClusters":4,"timestamp":"2026-07-07T12:14:06.569Z"}
7/7/2026, 5:44:06 pm | {"api":"/api/cash-closing-dashboard","event":"CASH_CLOSING_BRANCH_FETCHED","totalBranches":56,"timestamp":"2026-07-07T12:14:06.573Z"}
7/7/2026, 5:44:06 pm | {"api":"/api/cash-closing-dashboard","event":"CASH_CLOSING_DASHBOARD_SUCCESS","totalRecords":56,"filters":{"cluster":"","branch":"","fromDate":"","toDate":"","status":""},"timestamp":"2026-07-07T12:14:06.575Z"}
7/7/2026, 5:44:06 pm | {"api":"/api/cash-closing-dashboard","event":"CASH_CLOSING_DASHBOARD_API_STARTED","filters":{"cluster":"","branch":"","fromDate":"","toDate":"","status":""},"timestamp":"2026-07-07T12:14:06.685Z"}
7/7/2026, 5:44:06 pm | {"api":"/api/cash-closing-dashboard","event":"CASH_CLOSING_DASHBOARD_DB_CONNECTED","timestamp":"2026-07-07T12:14:06.686Z"}
7/7/2026, 5:44:06 pm | {"api":"/api/cash-closing-dashboard","event":"CASH_CLOSING_DASHBOARD_QUERY_STARTED","filters":{"cluster":"","branch":"","fromDate":"","toDate":"","status":""},"timestamp":"2026-07-07T12:14:06.687Z"}
7/7/2026, 5:44:06 pm | {"api":"/api/cash-closing-dashboard","event":"CASH_CLOSING_DASHBOARD_DATA_FETCHED","totalRecords":56,"timestamp":"2026-07-07T12:14:06.694Z"}
7/7/2026, 5:44:06 pm | {"api":"/api/cash-closing-dashboard","event":"CASH_CLOSING_CLUSTER_FETCHED","totalClusters":4,"timestamp":"2026-07-07T12:14:06.698Z"}
7/7/2026, 5:44:06 pm | {"api":"/api/cash-closing-dashboard","event":"CASH_CLOSING_BRANCH_FETCHED","totalBranches":56,"timestamp":"2026-07-07T12:14:06.705Z"}
7/7/2026, 5:44:06 pm | {"api":"/api/cash-closing-dashboard","event":"CASH_CLOSING_DASHBOARD_SUCCESS","totalRecords":56,"filters":{"cluster":"","branch":"","fromDate":"","toDate":"","status":""},"timestamp":"2026-07-07T12:14:06.706Z"}
7/7/2026, 5:44:06 pm | {"api":"/api/cash-closing-dashboard","event":"CASH_CLOSING_DASHBOARD_API_STARTED","filters":{"cluster":"","branch":"","fromDate":"","toDate":"","status":""},"timestamp":"2026-07-07T12:14:06.990Z"}
7/7/2026, 5:44:06 pm | {"api":"/api/cash-closing-dashboard","event":"CASH_CLOSING_DASHBOARD_DB_CONNECTED","timestamp":"2026-07-07T12:14:06.991Z"}
7/7/2026, 5:44:06 pm | {"api":"/api/cash-closing-dashboard","event":"CASH_CLOSING_DASHBOARD_QUERY_STARTED","filters":{"cluster":"","branch":"","fromDate":"","toDate":"","status":""},"timestamp":"2026-07-07T12:14:06.992Z"}
7/7/2026, 5:44:06 pm | {"api":"/api/cash-closing-dashboard","event":"CASH_CLOSING_DASHBOARD_DATA_FETCHED","totalRecords":56,"timestamp":"2026-07-07T12:14:06.997Z"}
7/7/2026, 5:44:07 pm | {"api":"/api/cash-closing-dashboard","event":"CASH_CLOSING_CLUSTER_FETCHED","totalClusters":4,"timestamp":"2026-07-07T12:14:07.001Z"}
7/7/2026, 5:44:07 pm | {"api":"/api/cash-closing-dashboard","event":"CASH_CLOSING_BRANCH_FETCHED","totalBranches":56,"timestamp":"2026-07-07T12:14:07.004Z"}
7/7/2026, 5:44:07 pm | {"api":"/api/cash-closing-dashboard","event":"CASH_CLOSING_DASHBOARD_SUCCESS","totalRecords":56,"filters":{"cluster":"","branch":"","fromDate":"","toDate":"","status":""},"timestamp":"2026-07-07T12:14:07.005Z"}
7/7/2026, 5:44:08 pm | {"api":"/save-cash-closing","event":"SAVE_CASH_API_STARTED","empNo":"539","amount":"5296590","timestamp":"2026-07-07T12:14:08.484Z"}
7/7/2026, 5:44:08 pm | {"api":"/save-cash-closing","event":"PREVIOUS_DAY_RECORD_FOUND","empNo":"539","oldDate":"2026-07-06T00:00:00.000Z","amount":4892955,"timestamp":"2026-07-07T12:14:08.498Z"}
7/7/2026, 5:44:08 pm | {"api":"/save-cash-closing","event":"PREVIOUS_DAY_MOVED_TO_HISTORY","empNo":"539","timestamp":"2026-07-07T12:14:08.506Z"}
7/7/2026, 5:44:08 pm | {"api":"/save-cash-closing","event":"PREVIOUS_DAY_DELETED","empNo":"539","timestamp":"2026-07-07T12:14:08.513Z"}
7/7/2026, 5:44:08 pm | {"api":"/save-cash-closing","event":"SAVE_CASH_NEW_ENTRY","empNo":"539","amount":"5296590","branch":"Rajahmundry","timestamp":"2026-07-07T12:14:08.517Z"}
7/7/2026, 5:44:08 pm | {"api":"/save-cash-closing","event":"SAVE_CASH_HISTORY_INSERTED","empNo":"539","actionType":"ADDED","version":1,"timestamp":"2026-07-07T12:14:08.533Z"}
7/7/2026, 5:44:08 pm | {"api":"/save-cash-closing","event":"SAVE_CASH_SUCCESS","type":"INSERT","empNo":"539","amount":"5296590","timestamp":"2026-07-07T12:14:08.534Z"}
7/7/2026, 5:44:10 pm | {"api":"/login","event":"LOGIN_API_STARTED","mpin":"9623","deviceId":"1229a487866198ab","timestamp":"2026-07-07T12:14:10.286Z"}
7/7/2026, 5:44:10 pm | {"event":"LOGIN_REQUEST","mpin":"9623","deviceId":"1229a487866198ab","timestamp":"2026-07-07T12:14:10.287Z"}
7/7/2026, 5:44:10 pm | {"api":"/login","event":"LOGIN_DB_QUERY_STARTED","mpin":"9623","timestamp":"2026-07-07T12:14:10.288Z"}
7/7/2026, 5:44:10 pm | {"api":"/login","event":"LOGIN_USER_FOUND","empNo":"623","branch":"Thulluru","designation":"Branch Manager","timestamp":"2026-07-07T12:14:10.294Z"}
7/7/2026, 5:44:10 pm | {"api":"/login","event":"LOGIN_DEVICE_CHECK","empNo":"623","savedDevice":"1229a487866198ab","currentDevice":"1229a487866198ab","timestamp":"2026-07-07T12:14:10.295Z"}
7/7/2026, 5:44:10 pm | {"api":"/login","event":"LOGIN_SUCCESS","empNo":"623","branch":"Thulluru","designation":"Branch Manager","loginTime":"2026-07-07T12:14:10.302Z"}
7/7/2026, 5:44:10 pm | {"api":"/employee/:empNo","event":"EMPLOYEE_API_STARTED","empNo":"623","timestamp":"2026-07-07T12:14:10.692Z"}
7/7/2026, 5:44:10 pm | {"api":"/employee/:empNo","event":"EMPLOYEE_DB_QUERY_STARTED","empNo":"623","timestamp":"2026-07-07T12:14:10.693Z"}
7/7/2026, 5:44:10 pm | {"api":"/employee/:empNo","event":"EMPLOYEE_FETCH_SUCCESS","empNo":"623","employeeName":"Sk Mastanvali","branch":"Thulluru","designation":"Branch Manager","timestamp":"2026-07-07T12:14:10.700Z"}
7/7/2026, 5:44:10 pm | {"api":"/last-submission/:empNo","event":"LAST_SUBMISSION_API_STARTED","empNo":"623","timestamp":"2026-07-07T12:14:10.780Z"}
7/7/2026, 5:44:10 pm | {"api":"/last-submission/:empNo","event":"LAST_SUBMISSION_DB_QUERY_STARTED","empNo":"623","timestamp":"2026-07-07T12:14:10.781Z"}
7/7/2026, 5:44:10 pm | {"api":"/last-submission/:empNo","event":"LAST_SUBMISSION_FETCH_SUCCESS","empNo":"623","amount":593985,"actionAt":"2026-07-06 17:51:31","timestamp":"2026-07-07T12:14:10.790Z"}
7/7/2026, 5:44:11 pm | {"api":"/today-cash/:empNo","event":"TODAY_CASH_API_STARTED","empNo":"623","timestamp":"2026-07-07T12:14:11.060Z"}
7/7/2026, 5:44:11 pm | {"api":"/today-cash/:empNo","event":"TODAY_CASH_DB_QUERY_STARTED","empNo":"623","timestamp":"2026-07-07T12:14:11.061Z"}
7/7/2026, 5:44:11 pm | {"api":"/today-cash/:empNo","event":"TODAY_CASH_NOT_FOUND","empNo":"623","timestamp":"2026-07-07T12:14:11.066Z"}
7/7/2026, 5:44:12 pm | {"api":"/save-cash-closing","event":"SAVE_CASH_API_STARTED","empNo":"539","amount":"5296590","timestamp":"2026-07-07T12:14:12.724Z"}
7/7/2026, 5:44:12 pm | {"api":"/save-cash-closing","event":"SAVE_CASH_UPDATE_STARTED","empNo":"539","oldAmount":5296590,"newAmount":"5296590","currentVersion":1,"nextVersion":2,"timestamp":"2026-07-07T12:14:12.733Z"}
7/7/2026, 5:44:12 pm | {"api":"/save-cash-closing","event":"SAVE_CASH_HISTORY_UPDATED","empNo":"539","version":2,"timestamp":"2026-07-07T12:14:12.774Z"}
7/7/2026, 5:44:12 pm | {"api":"/save-cash-closing","event":"SAVE_CASH_SUCCESS","type":"UPDATE","empNo":"539","amount":"5296590","version":2,"timestamp":"2026-07-07T12:14:12.775Z"}
7/7/2026, 5:44:19 pm | {"api":"/api/cash-closing-dashboard","event":"CASH_CLOSING_DASHBOARD_API_STARTED","filters":{"cluster":"","branch":"","fromDate":"","toDate":"","status":""},"timestamp":"2026-07-07T12:14:19.300Z"}
7/7/2026, 5:44:19 pm | {"api":"/api/cash-closing-dashboard","event":"CASH_CLOSING_DASHBOARD_DB_CONNECTED","timestamp":"2026-07-07T12:14:19.302Z"}
7/7/2026, 5:44:19 pm | {"api":"/api/cash-closing-dashboard","event":"CASH_CLOSING_DASHBOARD_QUERY_STARTED","filters":{"cluster":"","branch":"","fromDate":"","toDate":"","status":""},"timestamp":"2026-07-07T12:14:19.302Z"}
7/7/2026, 5:44:19 pm | {"api":"/api/cash-closing-dashboard","event":"CASH_CLOSING_DASHBOARD_DATA_FETCHED","totalRecords":56,"timestamp":"2026-07-07T12:14:19.310Z"}
7/7/2026, 5:44:19 pm | {"api":"/api/cash-closing-dashboard","event":"CASH_CLOSING_CLUSTER_FETCHED","totalClusters":4,"timestamp":"2026-07-07T12:14:19.313Z"}
7/7/2026, 5:44:19 pm | {"api":"/api/cash-closing-dashboard","event":"CASH_CLOSING_BRANCH_FETCHED","totalBranches":56,"timestamp":"2026-07-07T12:14:19.317Z"}
7/7/2026, 5:44:19 pm | {"api":"/api/cash-closing-dashboard","event":"CASH_CLOSING_DASHBOARD_SUCCESS","totalRecords":56,"filters":{"cluster":"","branch":"","fromDate":"","toDate":"","status":""},"timestamp":"2026-07-07T12:14:19.318Z"}
7/7/2026, 5:44:19 pm | {"api":"/api/cash-closing-dashboard","event":"CASH_CLOSING_DASHBOARD_API_STARTED","filters":{"cluster":"","branch":"","fromDate":"","toDate":"","status":""},"timestamp":"2026-07-07T12:14:19.628Z"}
7/7/2026, 5:44:19 pm | {"api":"/api/cash-closing-dashboard","event":"CASH_CLOSING_DASHBOARD_DB_CONNECTED","timestamp":"2026-07-07T12:14:19.629Z"}
7/7/2026, 5:44:19 pm | {"api":"/api/cash-closing-dashboard","event":"CASH_CLOSING_DASHBOARD_QUERY_STARTED","filters":{"cluster":"","branch":"","fromDate":"","toDate":"","status":""},"timestamp":"2026-07-07T12:14:19.630Z"}
7/7/2026, 5:44:19 pm | {"api":"/api/cash-closing-dashboard","event":"CASH_CLOSING_DASHBOARD_DATA_FETCHED","totalRecords":56,"timestamp":"2026-07-07T12:14:19.637Z"}
7/7/2026, 5:44:19 pm | {"api":"/api/cash-closing-dashboard","event":"CASH_CLOSING_CLUSTER_FETCHED","totalClusters":4,"timestamp":"2026-07-07T12:14:19.644Z"}
7/7/2026, 5:44:19 pm | {"api":"/api/cash-closing-dashboard","event":"CASH_CLOSING_BRANCH_FETCHED","totalBranches":56,"timestamp":"2026-07-07T12:14:19.648Z"}
7/7/2026, 5:44:19 pm | {"api":"/api/cash-closing-dashboard","event":"CASH_CLOSING_DASHBOARD_SUCCESS","totalRecords":56,"filters":{"cluster":"","branch":"","fromDate":"","toDate":"","status":""},"timestamp":"2026-07-07T12:14:19.649Z"}
7/7/2026, 5:44:19 pm | {"api":"/api/cash-closing-dashboard","event":"CASH_CLOSING_DASHBOARD_API_STARTED","filters":{"cluster":"","branch":"","fromDate":"","toDate":"","status":""},"timestamp":"2026-07-07T12:14:19.805Z"}
7/7/2026, 5:44:19 pm | {"api":"/api/cash-closing-dashboard","event":"CASH_CLOSING_DASHBOARD_DB_CONNECTED","timestamp":"2026-07-07T12:14:19.806Z"}
7/7/2026, 5:44:19 pm | {"api":"/api/cash-closing-dashboard","event":"CASH_CLOSING_DASHBOARD_QUERY_STARTED","filters":{"cluster":"","branch":"","fromDate":"","toDate":"","status":""},"timestamp":"2026-07-07T12:14:19.807Z"}
7/7/2026, 5:44:19 pm | {"api":"/api/cash-closing-dashboard","event":"CASH_CLOSING_DASHBOARD_DATA_FETCHED","totalRecords":56,"timestamp":"2026-07-07T12:14:19.814Z"}
7/7/2026, 5:44:19 pm | {"api":"/api/cash-closing-dashboard","event":"CASH_CLOSING_CLUSTER_FETCHED","totalClusters":4,"timestamp":"2026-07-07T12:14:19.817Z"}
7/7/2026, 5:44:19 pm | {"api":"/api/cash-closing-dashboard","event":"CASH_CLOSING_BRANCH_FETCHED","totalBranches":56,"timestamp":"2026-07-07T12:14:19.821Z"}
7/7/2026, 5:44:19 pm | {"api":"/api/cash-closing-dashboard","event":"CASH_CLOSING_DASHBOARD_SUCCESS","totalRecords":56,"filters":{"cluster":"","branch":"","fromDate":"","toDate":"","status":""},"timestamp":"2026-07-07T12:14:19.822Z"}
7/7/2026, 5:44:19 pm | {"api":"/api/cash-closing-dashboard","event":"CASH_CLOSING_DASHBOARD_API_STARTED","filters":{"cluster":"","branch":"","fromDate":"","toDate":"","status":""},"timestamp":"2026-07-07T12:14:19.948Z"}
7/7/2026, 5:44:19 pm | {"api":"/api/cash-closing-dashboard","event":"CASH_CLOSING_DASHBOARD_DB_CONNECTED","timestamp":"2026-07-07T12:14:19.949Z"}
7/7/2026, 5:44:19 pm | {"api":"/api/cash-closing-dashboard","event":"CASH_CLOSING_DASHBOARD_QUERY_STARTED","filters":{"cluster":"","branch":"","fromDate":"","toDate":"","status":""},"timestamp":"2026-07-07T12:14:19.950Z"}
7/7/2026, 5:44:19 pm | {"api":"/api/cash-closing-dashboard","event":"CASH_CLOSING_DASHBOARD_DATA_FETCHED","totalRecords":56,"timestamp":"2026-07-07T12:14:19.957Z"}
7/7/2026, 5:44:19 pm | {"api":"/api/cash-closing-dashboard","event":"CASH_CLOSING_CLUSTER_FETCHED","totalClusters":4,"timestamp":"2026-07-07T12:14:19.961Z"}
7/7/2026, 5:44:19 pm | {"api":"/api/cash-closing-dashboard","event":"CASH_CLOSING_BRANCH_FETCHED","totalBranches":56,"timestamp":"2026-07-07T12:14:19.965Z"}
7/7/2026, 5:44:19 pm | {"api":"/api/cash-closing-dashboard","event":"CASH_CLOSING_DASHBOARD_SUCCESS","totalRecords":56,"filters":{"cluster":"","branch":"","fromDate":"","toDate":"","status":""},"timestamp":"2026-07-07T12:14:19.965Z"}
7/7/2026, 5:44:20 pm | {"api":"/save-cash-closing","event":"SAVE_CASH_API_STARTED","empNo":"623","amount":"481629","timestamp":"2026-07-07T12:14:20.547Z"}
7/7/2026, 5:44:20 pm | {"api":"/save-cash-closing","event":"PREVIOUS_DAY_RECORD_FOUND","empNo":"623","oldDate":"2026-07-06T00:00:00.000Z","amount":593985,"timestamp":"2026-07-07T12:14:20.557Z"}
7/7/2026, 5:44:20 pm | {"api":"/save-cash-closing","event":"PREVIOUS_DAY_MOVED_TO_HISTORY","empNo":"623","timestamp":"2026-07-07T12:14:20.566Z"}
7/7/2026, 5:44:20 pm | {"api":"/save-cash-closing","event":"PREVIOUS_DAY_DELETED","empNo":"623","timestamp":"2026-07-07T12:14:20.573Z"}
7/7/2026, 5:44:20 pm | {"api":"/save-cash-closing","event":"SAVE_CASH_NEW_ENTRY","empNo":"623","amount":"481629","branch":"Thulluru","timestamp":"2026-07-07T12:14:20.577Z"}
7/7/2026, 5:44:20 pm | {"api":"/save-cash-closing","event":"SAVE_CASH_HISTORY_INSERTED","empNo":"623","actionType":"ADDED","version":1,"timestamp":"2026-07-07T12:14:20.593Z"}
7/7/2026, 5:44:20 pm | {"api":"/save-cash-closing","event":"SAVE_CASH_SUCCESS","type":"INSERT","empNo":"623","amount":"481629","timestamp":"2026-07-07T12:14:20.594Z"}
7/7/2026, 5:44:28 pm | {"api":"/api/cash-closing-dashboard","event":"CASH_CLOSING_DASHBOARD_API_STARTED","filters":{"cluster":"","branch":"","fromDate":"","toDate":"","status":""},"timestamp":"2026-07-07T12:14:28.363Z"}
7/7/2026, 5:44:28 pm | {"api":"/api/cash-closing-dashboard","event":"CASH_CLOSING_DASHBOARD_DB_CONNECTED","timestamp":"2026-07-07T12:14:28.364Z"}
7/7/2026, 5:44:28 pm | {"api":"/api/cash-closing-dashboard","event":"CASH_CLOSING_DASHBOARD_QUERY_STARTED","filters":{"cluster":"","branch":"","fromDate":"","toDate":"","status":""},"timestamp":"2026-07-07T12:14:28.364Z"}
7/7/2026, 5:44:28 pm | {"api":"/api/cash-closing-dashboard","event":"CASH_CLOSING_DASHBOARD_DATA_FETCHED","totalRecords":56,"timestamp":"2026-07-07T12:14:28.371Z"}
7/7/2026, 5:44:28 pm | {"api":"/api/cash-closing-dashboard","event":"CASH_CLOSING_CLUSTER_FETCHED","totalClusters":4,"timestamp":"2026-07-07T12:14:28.376Z"}
7/7/2026, 5:44:28 pm | {"api":"/api/cash-closing-dashboard","event":"CASH_CLOSING_BRANCH_FETCHED","totalBranches":56,"timestamp":"2026-07-07T12:14:28.380Z"}
7/7/2026, 5:44:28 pm | {"api":"/api/cash-closing-dashboard","event":"CASH_CLOSING_DASHBOARD_SUCCESS","totalRecords":56,"filters":{"cluster":"","branch":"","fromDate":"","toDate":"","status":""},"timestamp":"2026-07-07T12:14:28.381Z"}
7/7/2026, 5:44:28 pm | {"api":"/api/cash-closing-dashboard","event":"CASH_CLOSING_DASHBOARD_API_STARTED","filters":{"cluster":"","branch":"","fromDate":"","toDate":"","status":""},"timestamp":"2026-07-07T12:14:28.631Z"}
7/7/2026, 5:44:28 pm | {"api":"/api/cash-closing-dashboard","event":"CASH_CLOSING_DASHBOARD_DB_CONNECTED","timestamp":"2026-07-07T12:14:28.632Z"}
7/7/2026, 5:44:28 pm | {"api":"/api/cash-closing-dashboard","event":"CASH_CLOSING_DASHBOARD_QUERY_STARTED","filters":{"cluster":"","branch":"","fromDate":"","toDate":"","status":""},"timestamp":"2026-07-07T12:14:28.632Z"}
7/7/2026, 5:44:28 pm | {"api":"/api/cash-closing-dashboard","event":"CASH_CLOSING_DASHBOARD_DATA_FETCHED","totalRecords":56,"timestamp":"2026-07-07T12:14:28.638Z"}
7/7/2026, 5:44:28 pm | {"api":"/api/cash-closing-dashboard","event":"CASH_CLOSING_CLUSTER_FETCHED","totalClusters":4,"timestamp":"2026-07-07T12:14:28.642Z"}
7/7/2026, 5:44:28 pm | {"api":"/api/cash-closing-dashboard","event":"CASH_CLOSING_BRANCH_FETCHED","totalBranches":56,"timestamp":"2026-07-07T12:14:28.645Z"}
7/7/2026, 5:44:28 pm | {"api":"/api/cash-closing-dashboard","event":"CASH_CLOSING_DASHBOARD_SUCCESS","totalRecords":56,"filters":{"cluster":"","branch":"","fromDate":"","toDate":"","status":""},"timestamp":"2026-07-07T12:14:28.646Z"}
7/7/2026, 5:44:28 pm | {"api":"/api/cash-closing-dashboard","event":"CASH_CLOSING_DASHBOARD_API_STARTED","filters":{"cluster":"","branch":"","fromDate":"","toDate":"","status":""},"timestamp":"2026-07-07T12:14:28.799Z"}
7/7/2026, 5:44:28 pm | {"api":"/api/cash-closing-dashboard","event":"CASH_CLOSING_DASHBOARD_DB_CONNECTED","timestamp":"2026-07-07T12:14:28.799Z"}
7/7/2026, 5:44:28 pm | {"api":"/api/cash-closing-dashboard","event":"CASH_CLOSING_DASHBOARD_QUERY_STARTED","filters":{"cluster":"","branch":"","fromDate":"","toDate":"","status":""},"timestamp":"2026-07-07T12:14:28.800Z"}
7/7/2026, 5:44:28 pm | {"api":"/api/cash-closing-dashboard","event":"CASH_CLOSING_DASHBOARD_DATA_FETCHED","totalRecords":56,"timestamp":"2026-07-07T12:14:28.810Z"}
7/7/2026, 5:44:28 pm | {"api":"/api/cash-closing-dashboard","event":"CASH_CLOSING_CLUSTER_FETCHED","totalClusters":4,"timestamp":"2026-07-07T12:14:28.816Z"}
7/7/2026, 5:44:28 pm | {"api":"/api/cash-closing-dashboard","event":"CASH_CLOSING_BRANCH_FETCHED","totalBranches":56,"timestamp":"2026-07-07T12:14:28.820Z"}
7/7/2026, 5:44:28 pm | {"api":"/api/cash-closing-dashboard","event":"CASH_CLOSING_DASHBOARD_SUCCESS","totalRecords":56,"filters":{"cluster":"","branch":"","fromDate":"","toDate":"","status":""},"timestamp":"2026-07-07T12:14:28.821Z"}
7/7/2026, 5:44:28 pm | {"api":"/api/cash-closing-dashboard","event":"CASH_CLOSING_DASHBOARD_API_STARTED","filters":{"cluster":"","branch":"","fromDate":"","toDate":"","status":""},"timestamp":"2026-07-07T12:14:28.933Z"}
7/7/2026, 5:44:28 pm | {"api":"/api/cash-closing-dashboard","event":"CASH_CLOSING_DASHBOARD_DB_CONNECTED","timestamp":"2026-07-07T12:14:28.934Z"}
7/7/2026, 5:44:28 pm | {"api":"/api/cash-closing-dashboard","event":"CASH_CLOSING_DASHBOARD_QUERY_STARTED","filters":{"cluster":"","branch":"","fromDate":"","toDate":"","status":""},"timestamp":"2026-07-07T12:14:28.935Z"}
7/7/2026, 5:44:28 pm | {"api":"/api/cash-closing-dashboard","event":"CASH_CLOSING_DASHBOARD_DATA_FETCHED","totalRecords":56,"timestamp":"2026-07-07T12:14:28.941Z"}
7/7/2026, 5:44:28 pm | {"api":"/api/cash-closing-dashboard","event":"CASH_CLOSING_CLUSTER_FETCHED","totalClusters":4,"timestamp":"2026-07-07T12:14:28.947Z"}
7/7/2026, 5:44:28 pm | {"api":"/api/cash-closing-dashboard","event":"CASH_CLOSING_BRANCH_FETCHED","totalBranches":56,"timestamp":"2026-07-07T12:14:28.954Z"}
7/7/2026, 5:44:28 pm | {"api":"/api/cash-closing-dashboard","event":"CASH_CLOSING_DASHBOARD_SUCCESS","totalRecords":56,"filters":{"cluster":"","branch":"","fromDate":"","toDate":"","status":""},"timestamp":"2026-07-07T12:14:28.955Z"}
7/7/2026, 5:44:36 pm | {"api":"/api/cash-closing-dashboard","event":"CASH_CLOSING_DASHBOARD_API_STARTED","filters":{"cluster":"","branch":"","fromDate":"","toDate":"","status":""},"timestamp":"2026-07-07T12:14:36.449Z"}
7/7/2026, 5:44:36 pm | {"api":"/api/cash-closing-dashboard","event":"CASH_CLOSING_DASHBOARD_DB_CONNECTED","timestamp":"2026-07-07T12:14:36.450Z"}
7/7/2026, 5:44:36 pm | {"api":"/api/cash-closing-dashboard","event":"CASH_CLOSING_DASHBOARD_QUERY_STARTED","filters":{"cluster":"","branch":"","fromDate":"","toDate":"","status":""},"timestamp":"2026-07-07T12:14:36.450Z"}
7/7/2026, 5:44:36 pm | {"api":"/api/cash-closing-dashboard","event":"CASH_CLOSING_DASHBOARD_DATA_FETCHED","totalRecords":56,"timestamp":"2026-07-07T12:14:36.456Z"}
7/7/2026, 5:44:36 pm | {"api":"/api/cash-closing-dashboard","event":"CASH_CLOSING_CLUSTER_FETCHED","totalClusters":4,"timestamp":"2026-07-07T12:14:36.460Z"}
7/7/2026, 5:44:36 pm | {"api":"/api/cash-closing-dashboard","event":"CASH_CLOSING_BRANCH_FETCHED","totalBranches":56,"timestamp":"2026-07-07T12:14:36.463Z"}
7/7/2026, 5:44:36 pm | {"api":"/api/cash-closing-dashboard","event":"CASH_CLOSING_DASHBOARD_SUCCESS","totalRecords":56,"filters":{"cluster":"","branch":"","fromDate":"","toDate":"","status":""},"timestamp":"2026-07-07T12:14:36.464Z"}
7/7/2026, 5:44:36 pm | {"api":"/api/cash-closing-dashboard","event":"CASH_CLOSING_DASHBOARD_API_STARTED","filters":{"cluster":"","branch":"","fromDate":"","toDate":"","status":""},"timestamp":"2026-07-07T12:14:36.580Z"}
7/7/2026, 5:44:36 pm | {"api":"/api/cash-closing-dashboard","event":"CASH_CLOSING_DASHBOARD_DB_CONNECTED","timestamp":"2026-07-07T12:14:36.581Z"}
7/7/2026, 5:44:36 pm | {"api":"/api/cash-closing-dashboard","event":"CASH_CLOSING_DASHBOARD_QUERY_STARTED","filters":{"cluster":"","branch":"","fromDate":"","toDate":"","status":""},"timestamp":"2026-07-07T12:14:36.582Z"}
7/7/2026, 5:44:36 pm | {"api":"/api/cash-closing-dashboard","event":"CASH_CLOSING_DASHBOARD_DATA_FETCHED","totalRecords":56,"timestamp":"2026-07-07T12:14:36.589Z"}
7/7/2026, 5:44:36 pm | {"api":"/api/cash-closing-dashboard","event":"CASH_CLOSING_CLUSTER_FETCHED","totalClusters":4,"timestamp":"2026-07-07T12:14:36.593Z"}
7/7/2026, 5:44:36 pm | {"api":"/api/cash-closing-dashboard","event":"CASH_CLOSING_BRANCH_FETCHED","totalBranches":56,"timestamp":"2026-07-07T12:14:36.596Z"}
7/7/2026, 5:44:36 pm | {"api":"/api/cash-closing-dashboard","event":"CASH_CLOSING_DASHBOARD_SUCCESS","totalRecords":56,"filters":{"cluster":"","branch":"","fromDate":"","toDate":"","status":""},"timestamp":"2026-07-07T12:14:36.597Z"}
7/7/2026, 5:44:36 pm | {"api":"/api/cash-closing-dashboard","event":"CASH_CLOSING_DASHBOARD_API_STARTED","filters":{"cluster":"","branch":"","fromDate":"","toDate":"","status":""},"timestamp":"2026-07-07T12:14:36.725Z"}
7/7/2026, 5:44:36 pm | {"api":"/api/cash-closing-dashboard","event":"CASH_CLOSING_DASHBOARD_DB_CONNECTED","timestamp":"2026-07-07T12:14:36.726Z"}
7/7/2026, 5:44:36 pm | {"api":"/api/cash-closing-dashboard","event":"CASH_CLOSING_DASHBOARD_QUERY_STARTED","filters":{"cluster":"","branch":"","fromDate":"","toDate":"","status":""},"timestamp":"2026-07-07T12:14:36.727Z"}
7/7/2026, 5:44:36 pm | {"api":"/api/cash-closing-dashboard","event":"CASH_CLOSING_DASHBOARD_DATA_FETCHED","totalRecords":56,"timestamp":"2026-07-07T12:14:36.734Z"}
7/7/2026, 5:44:36 pm | {"api":"/api/cash-closing-dashboard","event":"CASH_CLOSING_CLUSTER_FETCHED","totalClusters":4,"timestamp":"2026-07-07T12:14:36.737Z"}
7/7/2026, 5:44:36 pm | {"api":"/api/cash-closing-dashboard","event":"CASH_CLOSING_BRANCH_FETCHED","totalBranches":56,"timestamp":"2026-07-07T12:14:36.742Z"}
7/7/2026, 5:44:36 pm | {"api":"/api/cash-closing-dashboard","event":"CASH_CLOSING_DASHBOARD_SUCCESS","totalRecords":56,"filters":{"cluster":"","branch":"","fromDate":"","toDate":"","status":""},"timestamp":"2026-07-07T12:14:36.742Z"}
7/7/2026, 5:44:36 pm | {"api":"/api/cash-closing-dashboard","event":"CASH_CLOSING_DASHBOARD_API_STARTED","filters":{"cluster":"","branch":"","fromDate":"","toDate":"","status":""},"timestamp":"2026-07-07T12:14:36.844Z"}
7/7/2026, 5:44:36 pm | {"api":"/api/cash-closing-dashboard","event":"CASH_CLOSING_DASHBOARD_DB_CONNECTED","timestamp":"2026-07-07T12:14:36.845Z"}
7/7/2026, 5:44:36 pm | {"api":"/api/cash-closing-dashboard","event":"CASH_CLOSING_DASHBOARD_QUERY_STARTED","filters":{"cluster":"","branch":"","fromDate":"","toDate":"","status":""},"timestamp":"2026-07-07T12:14:36.845Z"}
7/7/2026, 5:44:36 pm | {"api":"/api/cash-closing-dashboard","event":"CASH_CLOSING_DASHBOARD_DATA_FETCHED","totalRecords":56,"timestamp":"2026-07-07T12:14:36.852Z"}
7/7/2026, 5:44:36 pm | {"api":"/api/cash-closing-dashboard","event":"CASH_CLOSING_CLUSTER_FETCHED","totalClusters":4,"timestamp":"2026-07-07T12:14:36.859Z"}
7/7/2026, 5:44:36 pm | {"api":"/api/cash-closing-dashboard","event":"CASH_CLOSING_BRANCH_FETCHED","totalBranches":56,"timestamp":"2026-07-07T12:14:36.862Z"}
7/7/2026, 5:44:36 pm | {"api":"/api/cash-closing-dashboard","event":"CASH_CLOSING_DASHBOARD_SUCCESS","totalRecords":56,"filters":{"cluster":"","branch":"","fromDate":"","toDate":"","status":""},"timestamp":"2026-07-07T12:14:36.863Z"}
7/7/2026, 5:44:36 pm | {"api":"/api/cash-closing-dashboard","event":"CASH_CLOSING_DASHBOARD_API_STARTED","filters":{"cluster":"","branch":"","fromDate":"","toDate":"","status":""},"timestamp":"2026-07-07T12:14:36.988Z"}
7/7/2026, 5:44:36 pm | {"api":"/api/cash-closing-dashboard","event":"CASH_CLOSING_DASHBOARD_DB_CONNECTED","timestamp":"2026-07-07T12:14:36.989Z"}
7/7/2026, 5:44:36 pm | {"api":"/api/cash-closing-dashboard","event":"CASH_CLOSING_DASHBOARD_QUERY_STARTED","filters":{"cluster":"","branch":"","fromDate":"","toDate":"","status":""},"timestamp":"2026-07-07T12:14:36.990Z"}
7/7/2026, 5:44:36 pm | {"api":"/api/cash-closing-dashboard","event":"CASH_CLOSING_DASHBOARD_DATA_FETCHED","totalRecords":56,"timestamp":"2026-07-07T12:14:36.996Z"}
7/7/2026, 5:44:36 pm | {"api":"/api/cash-closing-dashboard","event":"CASH_CLOSING_CLUSTER_FETCHED","totalClusters":4,"timestamp":"2026-07-07T12:14:36.999Z"}
7/7/2026, 5:44:37 pm | {"api":"/api/cash-closing-dashboard","event":"CASH_CLOSING_BRANCH_FETCHED","totalBranches":56,"timestamp":"2026-07-07T12:14:37.003Z"}
7/7/2026, 5:44:37 pm | {"api":"/api/cash-closing-dashboard","event":"CASH_CLOSING_DASHBOARD_SUCCESS","totalRecords":56,"filters":{"cluster":"","branch":"","fromDate":"","toDate":"","status":""},"timestamp":"2026-07-07T12:14:37.004Z"}
7/7/2026, 5:44:37 pm | {"api":"/api/cash-closing-dashboard","event":"CASH_CLOSING_DASHBOARD_API_STARTED","filters":{"cluster":"","branch":"","fromDate":"","toDate":"","status":""},"timestamp":"2026-07-07T12:14:37.331Z"}
7/7/2026, 5:44:37 pm | {"api":"/api/cash-closing-dashboard","event":"CASH_CLOSING_DASHBOARD_DB_CONNECTED","timestamp":"2026-07-07T12:14:37.333Z"}
7/7/2026, 5:44:37 pm | {"api":"/api/cash-closing-dashboard","event":"CASH_CLOSING_DASHBOARD_QUERY_STARTED","filters":{"cluster":"","branch":"","fromDate":"","toDate":"","status":""},"timestamp":"2026-07-07T12:14:37.333Z"}
7/7/2026, 5:44:37 pm | {"api":"/api/cash-closing-dashboard","event":"CASH_CLOSING_DASHBOARD_DATA_FETCHED","totalRecords":56,"timestamp":"2026-07-07T12:14:37.344Z"}
7/7/2026, 5:44:37 pm | {"api":"/api/cash-closing-dashboard","event":"CASH_CLOSING_CLUSTER_FETCHED","totalClusters":4,"timestamp":"2026-07-07T12:14:37.348Z"}
7/7/2026, 5:44:37 pm | {"api":"/api/cash-closing-dashboard","event":"CASH_CLOSING_BRANCH_FETCHED","totalBranches":56,"timestamp":"2026-07-07T12:14:37.352Z"}
7/7/2026, 5:44:37 pm | {"api":"/api/cash-closing-dashboard","event":"CASH_CLOSING_DASHBOARD_SUCCESS","totalRecords":56,"filters":{"cluster":"","branch":"","fromDate":"","toDate":"","status":""},"timestamp":"2026-07-07T12:14:37.353Z"}
7/7/2026, 5:44:37 pm | {"api":"/api/cash-closing-dashboard","event":"CASH_CLOSING_DASHBOARD_API_STARTED","filters":{"cluster":"","branch":"","fromDate":"","toDate":"","status":""},"timestamp":"2026-07-07T12:14:37.463Z"}
7/7/2026, 5:44:37 pm | {"api":"/api/cash-closing-dashboard","event":"CASH_CLOSING_DASHBOARD_DB_CONNECTED","timestamp":"2026-07-07T12:14:37.464Z"}
7/7/2026, 5:44:37 pm | {"api":"/api/cash-closing-dashboard","event":"CASH_CLOSING_DASHBOARD_QUERY_STARTED","filters":{"cluster":"","branch":"","fromDate":"","toDate":"","status":""},"timestamp":"2026-07-07T12:14:37.464Z"}
7/7/2026, 5:44:37 pm | {"api":"/api/cash-closing-dashboard","event":"CASH_CLOSING_DASHBOARD_DATA_FETCHED","totalRecords":56,"timestamp":"2026-07-07T12:14:37.470Z"}
7/7/2026, 5:44:37 pm | {"api":"/api/cash-closing-dashboard","event":"CASH_CLOSING_CLUSTER_FETCHED","totalClusters":4,"timestamp":"2026-07-07T12:14:37.474Z"}
7/7/2026, 5:44:37 pm | {"api":"/api/cash-closing-dashboard","event":"CASH_CLOSING_BRANCH_FETCHED","totalBranches":56,"timestamp":"2026-07-07T12:14:37.477Z"}
7/7/2026, 5:44:37 pm | {"api":"/api/cash-closing-dashboard","event":"CASH_CLOSING_DASHBOARD_SUCCESS","totalRecords":56,"filters":{"cluster":"","branch":"","fromDate":"","toDate":"","status":""},"timestamp":"2026-07-07T12:14:37.478Z"}
7/7/2026, 5:44:37 pm | {"api":"/api/cash-closing-dashboard","event":"CASH_CLOSING_DASHBOARD_API_STARTED","filters":{"cluster":"","branch":"","fromDate":"","toDate":"","status":""},"timestamp":"2026-07-07T12:14:37.612Z"}
7/7/2026, 5:44:37 pm | {"api":"/api/cash-closing-dashboard","event":"CASH_CLOSING_DASHBOARD_DB_CONNECTED","timestamp":"2026-07-07T12:14:37.613Z"}
7/7/2026, 5:44:37 pm | {"api":"/api/cash-closing-dashboard","event":"CASH_CLOSING_DASHBOARD_QUERY_STARTED","filters":{"cluster":"","branch":"","fromDate":"","toDate":"","status":""},"timestamp":"2026-07-07T12:14:37.613Z"}
7/7/2026, 5:44:37 pm | {"api":"/api/cash-closing-dashboard","event":"CASH_CLOSING_DASHBOARD_DATA_FETCHED","totalRecords":56,"timestamp":"2026-07-07T12:14:37.620Z"}
7/7/2026, 5:44:37 pm | {"api":"/api/cash-closing-dashboard","event":"CASH_CLOSING_CLUSTER_FETCHED","totalClusters":4,"timestamp":"2026-07-07T12:14:37.624Z"}
7/7/2026, 5:44:37 pm | {"api":"/api/cash-closing-dashboard","event":"CASH_CLOSING_BRANCH_FETCHED","totalBranches":56,"timestamp":"2026-07-07T12:14:37.627Z"}
7/7/2026, 5:44:37 pm | {"api":"/api/cash-closing-dashboard","event":"CASH_CLOSING_DASHBOARD_SUCCESS","totalRecords":56,"filters":{"cluster":"","branch":"","fromDate":"","toDate":"","status":""},"timestamp":"2026-07-07T12:14:37.628Z"}
7/7/2026, 5:44:37 pm | {"api":"/api/cash-closing-dashboard","event":"CASH_CLOSING_DASHBOARD_API_STARTED","filters":{"cluster":"","branch":"","fromDate":"","toDate":"","status":""},"timestamp":"2026-07-07T12:14:37.779Z"}
7/7/2026, 5:44:37 pm | {"api":"/api/cash-closing-dashboard","event":"CASH_CLOSING_DASHBOARD_DB_CONNECTED","timestamp":"2026-07-07T12:14:37.781Z"}
7/7/2026, 5:44:37 pm | {"api":"/api/cash-closing-dashboard","event":"CASH_CLOSING_DASHBOARD_QUERY_STARTED","filters":{"cluster":"","branch":"","fromDate":"","toDate":"","status":""},"timestamp":"2026-07-07T12:14:37.782Z"}
7/7/2026, 5:44:37 pm | {"api":"/api/cash-closing-dashboard","event":"CASH_CLOSING_DASHBOARD_DATA_FETCHED","totalRecords":56,"timestamp":"2026-07-07T12:14:37.789Z"}
7/7/2026, 5:44:37 pm | {"api":"/api/cash-closing-dashboard","event":"CASH_CLOSING_CLUSTER_FETCHED","totalClusters":4,"timestamp":"2026-07-07T12:14:37.792Z"}
7/7/2026, 5:44:37 pm | {"api":"/api/cash-closing-dashboard","event":"CASH_CLOSING_BRANCH_FETCHED","totalBranches":56,"timestamp":"2026-07-07T12:14:37.796Z"}
7/7/2026, 5:44:37 pm | {"api":"/api/cash-closing-dashboard","event":"CASH_CLOSING_DASHBOARD_SUCCESS","totalRecords":56,"filters":{"cluster":"","branch":"","fromDate":"","toDate":"","status":""},"timestamp":"2026-07-07T12:14:37.797Z"}
7/7/2026, 5:44:37 pm | {"api":"/api/cash-closing-dashboard","event":"CASH_CLOSING_DASHBOARD_API_STARTED","filters":{"cluster":"","branch":"","fromDate":"","toDate":"","status":""},"timestamp":"2026-07-07T12:14:37.950Z"}
7/7/2026, 5:44:37 pm | {"api":"/api/cash-closing-dashboard","event":"CASH_CLOSING_DASHBOARD_DB_CONNECTED","timestamp":"2026-07-07T12:14:37.951Z"}
7/7/2026, 5:44:37 pm | {"api":"/api/cash-closing-dashboard","event":"CASH_CLOSING_DASHBOARD_QUERY_STARTED","filters":{"cluster":"","branch":"","fromDate":"","toDate":"","status":""},"timestamp":"2026-07-07T12:14:37.951Z"}
7/7/2026, 5:44:37 pm | {"api":"/api/cash-closing-dashboard","event":"CASH_CLOSING_DASHBOARD_DATA_FETCHED","totalRecords":56,"timestamp":"2026-07-07T12:14:37.957Z"}
7/7/2026, 5:44:37 pm | {"api":"/api/cash-closing-dashboard","event":"CASH_CLOSING_CLUSTER_FETCHED","totalClusters":4,"timestamp":"2026-07-07T12:14:37.961Z"}
7/7/2026, 5:44:37 pm | {"api":"/api/cash-closing-dashboard","event":"CASH_CLOSING_BRANCH_FETCHED","totalBranches":56,"timestamp":"2026-07-07T12:14:37.964Z"}
7/7/2026, 5:44:37 pm | {"api":"/api/cash-closing-dashboard","event":"CASH_CLOSING_DASHBOARD_SUCCESS","totalRecords":56,"filters":{"cluster":"","branch":"","fromDate":"","toDate":"","status":""},"timestamp":"2026-07-07T12:14:37.965Z"}
7/7/2026, 5:44:38 pm | {"api":"/api/cash-closing-dashboard","event":"CASH_CLOSING_DASHBOARD_API_STARTED","filters":{"cluster":"","branch":"","fromDate":"","toDate":"","status":""},"timestamp":"2026-07-07T12:14:38.107Z"}
7/7/2026, 5:44:38 pm | {"api":"/api/cash-closing-dashboard","event":"CASH_CLOSING_DASHBOARD_DB_CONNECTED","timestamp":"2026-07-07T12:14:38.108Z"}
7/7/2026, 5:44:38 pm | {"api":"/api/cash-closing-dashboard","event":"CASH_CLOSING_DASHBOARD_QUERY_STARTED","filters":{"cluster":"","branch":"","fromDate":"","toDate":"","status":""},"timestamp":"2026-07-07T12:14:38.109Z"}
7/7/2026, 5:44:38 pm | {"api":"/api/cash-closing-dashboard","event":"CASH_CLOSING_DASHBOARD_DATA_FETCHED","totalRecords":56,"timestamp":"2026-07-07T12:14:38.116Z"}
7/7/2026, 5:44:38 pm | {"api":"/api/cash-closing-dashboard","event":"CASH_CLOSING_CLUSTER_FETCHED","totalClusters":4,"timestamp":"2026-07-07T12:14:38.120Z"}
7/7/2026, 5:44:38 pm | {"api":"/api/cash-closing-dashboard","event":"CASH_CLOSING_BRANCH_FETCHED","totalBranches":56,"timestamp":"2026-07-07T12:14:38.124Z"}
7/7/2026, 5:44:38 pm | {"api":"/api/cash-closing-dashboard","event":"CASH_CLOSING_DASHBOARD_SUCCESS","totalRecords":56,"filters":{"cluster":"","branch":"","fromDate":"","toDate":"","status":""},"timestamp":"2026-07-07T12:14:38.124Z"}
7/7/2026, 5:44:38 pm | {"api":"/api/cash-closing-dashboard","event":"CASH_CLOSING_DASHBOARD_API_STARTED","filters":{"cluster":"","branch":"","fromDate":"","toDate":"","status":""},"timestamp":"2026-07-07T12:14:38.276Z"}
7/7/2026, 5:44:38 pm | {"api":"/api/cash-closing-dashboard","event":"CASH_CLOSING_DASHBOARD_DB_CONNECTED","timestamp":"2026-07-07T12:14:38.277Z"}
7/7/2026, 5:44:38 pm | {"api":"/api/cash-closing-dashboard","event":"CASH_CLOSING_DASHBOARD_QUERY_STARTED","filters":{"cluster":"","branch":"","fromDate":"","toDate":"","status":""},"timestamp":"2026-07-07T12:14:38.278Z"}
7/7/2026, 5:44:38 pm | {"api":"/api/cash-closing-dashboard","event":"CASH_CLOSING_DASHBOARD_DATA_FETCHED","totalRecords":56,"timestamp":"2026-07-07T12:14:38.286Z"}
7/7/2026, 5:44:38 pm | {"api":"/api/cash-closing-dashboard","event":"CASH_CLOSING_CLUSTER_FETCHED","totalClusters":4,"timestamp":"2026-07-07T12:14:38.289Z"}
7/7/2026, 5:44:38 pm | {"api":"/api/cash-closing-dashboard","event":"CASH_CLOSING_BRANCH_FETCHED","totalBranches":56,"timestamp":"2026-07-07T12:14:38.292Z"}
7/7/2026, 5:44:38 pm | {"api":"/api/cash-closing-dashboard","event":"CASH_CLOSING_DASHBOARD_SUCCESS","totalRecords":56,"filters":{"cluster":"","branch":"","fromDate":"","toDate":"","status":""},"timestamp":"2026-07-07T12:14:38.293Z"}
7/7/2026, 5:44:38 pm | {"api":"/api/cash-closing-dashboard","event":"CASH_CLOSING_DASHBOARD_API_STARTED","filters":{"cluster":"","branch":"","fromDate":"","toDate":"","status":""},"timestamp":"2026-07-07T12:14:38.421Z"}
7/7/2026, 5:44:38 pm | {"api":"/api/cash-closing-dashboard","event":"CASH_CLOSING_DASHBOARD_DB_CONNECTED","timestamp":"2026-07-07T12:14:38.422Z"}
7/7/2026, 5:44:38 pm | {"api":"/api/cash-closing-dashboard","event":"CASH_CLOSING_DASHBOARD_QUERY_STARTED","filters":{"cluster":"","branch":"","fromDate":"","toDate":"","status":""},"timestamp":"2026-07-07T12:14:38.423Z"}
7/7/2026, 5:44:38 pm | {"api":"/api/cash-closing-dashboard","event":"CASH_CLOSING_DASHBOARD_DATA_FETCHED","totalRecords":56,"timestamp":"2026-07-07T12:14:38.429Z"}
7/7/2026, 5:44:38 pm | {"api":"/api/cash-closing-dashboard","event":"CASH_CLOSING_CLUSTER_FETCHED","totalClusters":4,"timestamp":"2026-07-07T12:14:38.433Z"}
7/7/2026, 5:44:38 pm | {"api":"/api/cash-closing-dashboard","event":"CASH_CLOSING_BRANCH_FETCHED","totalBranches":56,"timestamp":"2026-07-07T12:14:38.437Z"}
7/7/2026, 5:44:38 pm | {"api":"/api/cash-closing-dashboard","event":"CASH_CLOSING_DASHBOARD_SUCCESS","totalRecords":56,"filters":{"cluster":"","branch":"","fromDate":"","toDate":"","status":""},"timestamp":"2026-07-07T12:14:38.438Z"}
7/7/2026, 5:44:38 pm | {"api":"/api/cash-closing-dashboard","event":"CASH_CLOSING_DASHBOARD_API_STARTED","filters":{"cluster":"","branch":"","fromDate":"","toDate":"","status":""},"timestamp":"2026-07-07T12:14:38.555Z"}
7/7/2026, 5:44:38 pm | {"api":"/api/cash-closing-dashboard","event":"CASH_CLOSING_DASHBOARD_DB_CONNECTED","timestamp":"2026-07-07T12:14:38.557Z"}
7/7/2026, 5:44:38 pm | {"api":"/api/cash-closing-dashboard","event":"CASH_CLOSING_DASHBOARD_QUERY_STARTED","filters":{"cluster":"","branch":"","fromDate":"","toDate":"","status":""},"timestamp":"2026-07-07T12:14:38.557Z"}
7/7/2026, 5:44:38 pm | {"api":"/api/cash-closing-dashboard","event":"CASH_CLOSING_DASHBOARD_DATA_FETCHED","totalRecords":56,"timestamp":"2026-07-07T12:14:38.565Z"}
7/7/2026, 5:44:38 pm | {"api":"/api/cash-closing-dashboard","event":"CASH_CLOSING_CLUSTER_FETCHED","totalClusters":4,"timestamp":"2026-07-07T12:14:38.569Z"}
7/7/2026, 5:44:38 pm | {"api":"/api/cash-closing-dashboard","event":"CASH_CLOSING_BRANCH_FETCHED","totalBranches":56,"timestamp":"2026-07-07T12:14:38.572Z"}
7/7/2026, 5:44:38 pm | {"api":"/api/cash-closing-dashboard","event":"CASH_CLOSING_DASHBOARD_SUCCESS","totalRecords":56,"filters":{"cluster":"","branch":"","fromDate":"","toDate":"","status":""},"timestamp":"2026-07-07T12:14:38.573Z"}
7/7/2026, 5:44:38 pm | {"api":"/api/cash-closing-dashboard","event":"CASH_CLOSING_DASHBOARD_API_STARTED","filters":{"cluster":"","branch":"","fromDate":"","toDate":"","status":""},"timestamp":"2026-07-07T12:14:38.693Z"}
7/7/2026, 5:44:38 pm | {"api":"/api/cash-closing-dashboard","event":"CASH_CLOSING_DASHBOARD_DB_CONNECTED","timestamp":"2026-07-07T12:14:38.694Z"}
7/7/2026, 5:44:38 pm | {"api":"/api/cash-closing-dashboard","event":"CASH_CLOSING_DASHBOARD_QUERY_STARTED","filters":{"cluster":"","branch":"","fromDate":"","toDate":"","status":""},"timestamp":"2026-07-07T12:14:38.694Z"}
7/7/2026, 5:44:38 pm | {"api":"/api/cash-closing-dashboard","event":"CASH_CLOSING_DASHBOARD_DATA_FETCHED","totalRecords":56,"timestamp":"2026-07-07T12:14:38.704Z"}
7/7/2026, 5:44:38 pm | {"api":"/api/cash-closing-dashboard","event":"CASH_CLOSING_CLUSTER_FETCHED","totalClusters":4,"timestamp":"2026-07-07T12:14:38.708Z"}
7/7/2026, 5:44:38 pm | {"api":"/api/cash-closing-dashboard","event":"CASH_CLOSING_BRANCH_FETCHED","totalBranches":56,"timestamp":"2026-07-07T12:14:38.712Z"}
7/7/2026, 5:44:38 pm | {"api":"/api/cash-closing-dashboard","event":"CASH_CLOSING_DASHBOARD_SUCCESS","totalRecords":56,"filters":{"cluster":"","branch":"","fromDate":"","toDate":"","status":""},"timestamp":"2026-07-07T12:14:38.713Z"}
7/7/2026, 5:44:38 pm | {"api":"/api/cash-closing-dashboard","event":"CASH_CLOSING_DASHBOARD_API_STARTED","filters":{"cluster":"","branch":"","fromDate":"","toDate":"","status":""},"timestamp":"2026-07-07T12:14:38.845Z"}
7/7/2026, 5:44:38 pm | {"api":"/api/cash-closing-dashboard","event":"CASH_CLOSING_DASHBOARD_DB_CONNECTED","timestamp":"2026-07-07T12:14:38.846Z"}
7/7/2026, 5:44:38 pm | {"api":"/api/cash-closing-dashboard","event":"CASH_CLOSING_DASHBOARD_QUERY_STARTED","filters":{"cluster":"","branch":"","fromDate":"","toDate":"","status":""},"timestamp":"2026-07-07T12:14:38.847Z"}
7/7/2026, 5:44:38 pm | {"api":"/api/cash-closing-dashboard","event":"CASH_CLOSING_DASHBOARD_DATA_FETCHED","totalRecords":56,"timestamp":"2026-07-07T12:14:38.853Z"}
7/7/2026, 5:44:38 pm | {"api":"/api/cash-closing-dashboard","event":"CASH_CLOSING_CLUSTER_FETCHED","totalClusters":4,"timestamp":"2026-07-07T12:14:38.860Z"}
7/7/2026, 5:44:38 pm | {"api":"/api/cash-closing-dashboard","event":"CASH_CLOSING_BRANCH_FETCHED","totalBranches":56,"timestamp":"2026-07-07T12:14:38.864Z"}
7/7/2026, 5:44:38 pm | {"api":"/api/cash-closing-dashboard","event":"CASH_CLOSING_DASHBOARD_SUCCESS","totalRecords":56,"filters":{"cluster":"","branch":"","fromDate":"","toDate":"","status":""},"timestamp":"2026-07-07T12:14:38.864Z"}
7/7/2026, 5:44:39 pm | {"api":"/login","event":"LOGIN_API_STARTED","mpin":"1983","deviceId":"5204688323f27841","timestamp":"2026-07-07T12:14:39.128Z"}
7/7/2026, 5:44:39 pm | {"event":"LOGIN_REQUEST","mpin":"1983","deviceId":"5204688323f27841","timestamp":"2026-07-07T12:14:39.129Z"}
7/7/2026, 5:44:39 pm | {"api":"/login","event":"LOGIN_DB_QUERY_STARTED","mpin":"1983","timestamp":"2026-07-07T12:14:39.130Z"}
7/7/2026, 5:44:39 pm | {"api":"/login","event":"LOGIN_USER_FOUND","empNo":"928","branch":"Palakol","designation":"Branch Manager","timestamp":"2026-07-07T12:14:39.138Z"}
7/7/2026, 5:44:39 pm | {"api":"/login","event":"LOGIN_DEVICE_CHECK","empNo":"928","savedDevice":"5204688323f27841","currentDevice":"5204688323f27841","timestamp":"2026-07-07T12:14:39.139Z"}
7/7/2026, 5:44:39 pm | {"api":"/login","event":"LOGIN_SUCCESS","empNo":"928","branch":"Palakol","designation":"Branch Manager","loginTime":"2026-07-07T12:14:39.153Z"}
7/7/2026, 5:44:39 pm | {"api":"/employee/:empNo","event":"EMPLOYEE_API_STARTED","empNo":"928","timestamp":"2026-07-07T12:14:39.297Z"}
7/7/2026, 5:44:39 pm | {"api":"/employee/:empNo","event":"EMPLOYEE_DB_QUERY_STARTED","empNo":"928","timestamp":"2026-07-07T12:14:39.298Z"}
7/7/2026, 5:44:39 pm | {"api":"/employee/:empNo","event":"EMPLOYEE_FETCH_SUCCESS","empNo":"928","employeeName":"P Satyanarayana","branch":"Palakol","designation":"Branch Manager","timestamp":"2026-07-07T12:14:39.302Z"}
7/7/2026, 5:44:39 pm | {"api":"/last-submission/:empNo","event":"LAST_SUBMISSION_API_STARTED","empNo":"928","timestamp":"2026-07-07T12:14:39.350Z"}
7/7/2026, 5:44:39 pm | {"api":"/last-submission/:empNo","event":"LAST_SUBMISSION_DB_QUERY_STARTED","empNo":"928","timestamp":"2026-07-07T12:14:39.351Z"}
7/7/2026, 5:44:39 pm | {"api":"/last-submission/:empNo","event":"LAST_SUBMISSION_FETCH_SUCCESS","empNo":"928","amount":1063748,"actionAt":"2026-07-06 17:49:55","timestamp":"2026-07-07T12:14:39.356Z"}
7/7/2026, 5:44:39 pm | {"api":"/today-cash/:empNo","event":"TODAY_CASH_API_STARTED","empNo":"928","timestamp":"2026-07-07T12:14:39.449Z"}
7/7/2026, 5:44:39 pm | {"api":"/today-cash/:empNo","event":"TODAY_CASH_DB_QUERY_STARTED","empNo":"928","timestamp":"2026-07-07T12:14:39.450Z"}
7/7/2026, 5:44:39 pm | {"api":"/today-cash/:empNo","event":"TODAY_CASH_NOT_FOUND","empNo":"928","timestamp":"2026-07-07T12:14:39.456Z"}
7/7/2026, 5:44:44 pm | {"api":"/api/cash-closing-dashboard","event":"CASH_CLOSING_DASHBOARD_API_STARTED","filters":{"cluster":"","branch":"","fromDate":"","toDate":"","status":""},"timestamp":"2026-07-07T12:14:44.847Z"}
7/7/2026, 5:44:44 pm | {"api":"/api/cash-closing-dashboard","event":"CASH_CLOSING_DASHBOARD_DB_CONNECTED","timestamp":"2026-07-07T12:14:44.848Z"}
7/7/2026, 5:44:44 pm | {"api":"/api/cash-closing-dashboard","event":"CASH_CLOSING_DASHBOARD_QUERY_STARTED","filters":{"cluster":"","branch":"","fromDate":"","toDate":"","status":""},"timestamp":"2026-07-07T12:14:44.849Z"}
7/7/2026, 5:44:44 pm | {"api":"/api/cash-closing-dashboard","event":"CASH_CLOSING_DASHBOARD_DATA_FETCHED","totalRecords":56,"timestamp":"2026-07-07T12:14:44.856Z"}
7/7/2026, 5:44:44 pm | {"api":"/api/cash-closing-dashboard","event":"CASH_CLOSING_CLUSTER_FETCHED","totalClusters":4,"timestamp":"2026-07-07T12:14:44.859Z"}
7/7/2026, 5:44:44 pm | {"api":"/api/cash-closing-dashboard","event":"CASH_CLOSING_BRANCH_FETCHED","totalBranches":56,"timestamp":"2026-07-07T12:14:44.863Z"}
7/7/2026, 5:44:44 pm | {"api":"/api/cash-closing-dashboard","event":"CASH_CLOSING_DASHBOARD_SUCCESS","totalRecords":56,"filters":{"cluster":"","branch":"","fromDate":"","toDate":"","status":""},"timestamp":"2026-07-07T12:14:44.863Z"}
7/7/2026, 5:44:44 pm | {"api":"/api/cash-closing-dashboard","event":"CASH_CLOSING_DASHBOARD_API_STARTED","filters":{"cluster":"","branch":"","fromDate":"","toDate":"","status":""},"timestamp":"2026-07-07T12:14:44.987Z"}
7/7/2026, 5:44:44 pm | {"api":"/api/cash-closing-dashboard","event":"CASH_CLOSING_DASHBOARD_DB_CONNECTED","timestamp":"2026-07-07T12:14:44.989Z"}
7/7/2026, 5:44:44 pm | {"api":"/api/cash-closing-dashboard","event":"CASH_CLOSING_DASHBOARD_QUERY_STARTED","filters":{"cluster":"","branch":"","fromDate":"","toDate":"","status":""},"timestamp":"2026-07-07T12:14:44.989Z"}
7/7/2026, 5:44:44 pm | {"api":"/api/cash-closing-dashboard","event":"CASH_CLOSING_DASHBOARD_DATA_FETCHED","totalRecords":56,"timestamp":"2026-07-07T12:14:44.996Z"}
7/7/2026, 5:44:45 pm | {"api":"/api/cash-closing-dashboard","event":"CASH_CLOSING_CLUSTER_FETCHED","totalClusters":4,"timestamp":"2026-07-07T12:14:45.002Z"}
7/7/2026, 5:44:45 pm | {"api":"/api/cash-closing-dashboard","event":"CASH_CLOSING_BRANCH_FETCHED","totalBranches":56,"timestamp":"2026-07-07T12:14:45.006Z"}
7/7/2026, 5:44:45 pm | {"api":"/api/cash-closing-dashboard","event":"CASH_CLOSING_DASHBOARD_SUCCESS","totalRecords":56,"filters":{"cluster":"","branch":"","fromDate":"","toDate":"","status":""},"timestamp":"2026-07-07T12:14:45.007Z"}
7/7/2026, 5:44:45 pm | {"api":"/api/cash-closing-dashboard","event":"CASH_CLOSING_DASHBOARD_API_STARTED","filters":{"cluster":"","branch":"","fromDate":"","toDate":"","status":""},"timestamp":"2026-07-07T12:14:45.139Z"}
7/7/2026, 5:44:45 pm | {"api":"/api/cash-closing-dashboard","event":"CASH_CLOSING_DASHBOARD_DB_CONNECTED","timestamp":"2026-07-07T12:14:45.140Z"}
7/7/2026, 5:44:45 pm | {"api":"/api/cash-closing-dashboard","event":"CASH_CLOSING_DASHBOARD_QUERY_STARTED","filters":{"cluster":"","branch":"","fromDate":"","toDate":"","status":""},"timestamp":"2026-07-07T12:14:45.141Z"}
7/7/2026, 5:44:45 pm | {"api":"/api/cash-closing-dashboard","event":"CASH_CLOSING_DASHBOARD_DATA_FETCHED","totalRecords":56,"timestamp":"2026-07-07T12:14:45.148Z"}
7/7/2026, 5:44:45 pm | {"api":"/api/cash-closing-dashboard","event":"CASH_CLOSING_CLUSTER_FETCHED","totalClusters":4,"timestamp":"2026-07-07T12:14:45.152Z"}
7/7/2026, 5:44:45 pm | {"api":"/api/cash-closing-dashboard","event":"CASH_CLOSING_BRANCH_FETCHED","totalBranches":56,"timestamp":"2026-07-07T12:14:45.156Z"}
7/7/2026, 5:44:45 pm | {"api":"/api/cash-closing-dashboard","event":"CASH_CLOSING_DASHBOARD_SUCCESS","totalRecords":56,"filters":{"cluster":"","branch":"","fromDate":"","toDate":"","status":""},"timestamp":"2026-07-07T12:14:45.156Z"}
7/7/2026, 5:44:45 pm | {"api":"/api/cash-closing-dashboard","event":"CASH_CLOSING_DASHBOARD_API_STARTED","filters":{"cluster":"","branch":"","fromDate":"","toDate":"","status":""},"timestamp":"2026-07-07T12:14:45.291Z"}
7/7/2026, 5:44:45 pm | {"api":"/api/cash-closing-dashboard","event":"CASH_CLOSING_DASHBOARD_DB_CONNECTED","timestamp":"2026-07-07T12:14:45.292Z"}
7/7/2026, 5:44:45 pm | {"api":"/api/cash-closing-dashboard","event":"CASH_CLOSING_DASHBOARD_QUERY_STARTED","filters":{"cluster":"","branch":"","fromDate":"","toDate":"","status":""},"timestamp":"2026-07-07T12:14:45.293Z"}
7/7/2026, 5:44:45 pm | {"api":"/api/cash-closing-dashboard","event":"CASH_CLOSING_DASHBOARD_DATA_FETCHED","totalRecords":56,"timestamp":"2026-07-07T12:14:45.300Z"}
7/7/2026, 5:44:45 pm | {"api":"/api/cash-closing-dashboard","event":"CASH_CLOSING_CLUSTER_FETCHED","totalClusters":4,"timestamp":"2026-07-07T12:14:45.304Z"}
7/7/2026, 5:44:45 pm | {"api":"/api/cash-closing-dashboard","event":"CASH_CLOSING_BRANCH_FETCHED","totalBranches":56,"timestamp":"2026-07-07T12:14:45.308Z"}
7/7/2026, 5:44:45 pm | {"api":"/api/cash-closing-dashboard","event":"CASH_CLOSING_DASHBOARD_SUCCESS","totalRecords":56,"filters":{"cluster":"","branch":"","fromDate":"","toDate":"","status":""},"timestamp":"2026-07-07T12:14:45.308Z"}
7/7/2026, 5:44:53 pm | {"api":"/login","event":"LOGIN_API_STARTED","mpin":"2002","deviceId":"8440bf7c24e32ebc","timestamp":"2026-07-07T12:14:53.966Z"}
7/7/2026, 5:44:53 pm | {"event":"LOGIN_REQUEST","mpin":"2002","deviceId":"8440bf7c24e32ebc","timestamp":"2026-07-07T12:14:53.967Z"}
7/7/2026, 5:44:53 pm | {"api":"/login","event":"LOGIN_DB_QUERY_STARTED","mpin":"2002","timestamp":"2026-07-07T12:14:53.968Z"}
7/7/2026, 5:44:53 pm | {"api":"/login","event":"LOGIN_USER_FOUND","empNo":"458","branch":"Nizampatnam","designation":"Branch Manager","timestamp":"2026-07-07T12:14:53.975Z"}
7/7/2026, 5:44:53 pm | {"api":"/login","event":"LOGIN_DEVICE_CHECK","empNo":"458","savedDevice":"8440bf7c24e32ebc","currentDevice":"8440bf7c24e32ebc","timestamp":"2026-07-07T12:14:53.976Z"}
7/7/2026, 5:44:53 pm | {"api":"/login","event":"LOGIN_SUCCESS","empNo":"458","branch":"Nizampatnam","designation":"Branch Manager","loginTime":"2026-07-07T12:14:53.984Z"}
7/7/2026, 5:44:54 pm | {"api":"/employee/:empNo","event":"EMPLOYEE_API_STARTED","empNo":"458","timestamp":"2026-07-07T12:14:54.662Z"}
7/7/2026, 5:44:54 pm | {"api":"/employee/:empNo","event":"EMPLOYEE_DB_QUERY_STARTED","empNo":"458","timestamp":"2026-07-07T12:14:54.663Z"}
7/7/2026, 5:44:54 pm | {"api":"/employee/:empNo","event":"EMPLOYEE_FETCH_SUCCESS","empNo":"458","employeeName":"V Murali Mohan","branch":"Nizampatnam","designation":"Branch Manager","timestamp":"2026-07-07T12:14:54.668Z"}
7/7/2026, 5:44:54 pm | {"api":"/last-submission/:empNo","event":"LAST_SUBMISSION_API_STARTED","empNo":"458","timestamp":"2026-07-07T12:14:54.903Z"}
7/7/2026, 5:44:54 pm | {"api":"/last-submission/:empNo","event":"LAST_SUBMISSION_DB_QUERY_STARTED","empNo":"458","timestamp":"2026-07-07T12:14:54.904Z"}
7/7/2026, 5:44:54 pm | {"api":"/last-submission/:empNo","event":"LAST_SUBMISSION_FETCH_SUCCESS","empNo":"458","amount":868000,"actionAt":"2026-07-06 17:52:26","timestamp":"2026-07-07T12:14:54.909Z"}
7/7/2026, 5:44:55 pm | {"api":"/today-cash/:empNo","event":"TODAY_CASH_API_STARTED","empNo":"458","timestamp":"2026-07-07T12:14:55.198Z"}
7/7/2026, 5:44:55 pm | {"api":"/today-cash/:empNo","event":"TODAY_CASH_DB_QUERY_STARTED","empNo":"458","timestamp":"2026-07-07T12:14:55.199Z"}
7/7/2026, 5:44:55 pm | {"api":"/today-cash/:empNo","event":"TODAY_CASH_NOT_FOUND","empNo":"458","timestamp":"2026-07-07T12:14:55.204Z"}
7/7/2026, 5:45:09 pm | {"api":"/save-cash-closing","event":"SAVE_CASH_API_STARTED","empNo":"458","amount":"561000","timestamp":"2026-07-07T12:15:09.496Z"}
7/7/2026, 5:45:09 pm | {"api":"/save-cash-closing","event":"PREVIOUS_DAY_RECORD_FOUND","empNo":"458","oldDate":"2026-07-06T00:00:00.000Z","amount":868000,"timestamp":"2026-07-07T12:15:09.509Z"}
7/7/2026, 5:45:09 pm | {"api":"/save-cash-closing","event":"PREVIOUS_DAY_MOVED_TO_HISTORY","empNo":"458","timestamp":"2026-07-07T12:15:09.517Z"}
7/7/2026, 5:45:09 pm | {"api":"/save-cash-closing","event":"PREVIOUS_DAY_DELETED","empNo":"458","timestamp":"2026-07-07T12:15:09.527Z"}
7/7/2026, 5:45:09 pm | {"api":"/save-cash-closing","event":"SAVE_CASH_NEW_ENTRY","empNo":"458","amount":"561000","branch":"Nizampatnam","timestamp":"2026-07-07T12:15:09.531Z"}
7/7/2026, 5:45:09 pm | {"api":"/save-cash-closing","event":"SAVE_CASH_HISTORY_INSERTED","empNo":"458","actionType":"ADDED","version":1,"timestamp":"2026-07-07T12:15:09.545Z"}
7/7/2026, 5:45:09 pm | {"api":"/save-cash-closing","event":"SAVE_CASH_SUCCESS","type":"INSERT","empNo":"458","amount":"561000","timestamp":"2026-07-07T12:15:09.546Z"}
7/7/2026, 5:45:12 pm | {"api":"/save-cash-closing","event":"SAVE_CASH_API_STARTED","empNo":"458","amount":"561000","timestamp":"2026-07-07T12:15:12.928Z"}
7/7/2026, 5:45:12 pm | {"api":"/save-cash-closing","event":"SAVE_CASH_UPDATE_STARTED","empNo":"458","oldAmount":561000,"newAmount":"561000","currentVersion":1,"nextVersion":2,"timestamp":"2026-07-07T12:15:12.936Z"}
7/7/2026, 5:45:12 pm | {"api":"/save-cash-closing","event":"SAVE_CASH_HISTORY_UPDATED","empNo":"458","version":2,"timestamp":"2026-07-07T12:15:12.955Z"}
7/7/2026, 5:45:12 pm | {"api":"/save-cash-closing","event":"SAVE_CASH_SUCCESS","type":"UPDATE","empNo":"458","amount":"561000","version":2,"timestamp":"2026-07-07T12:15:12.956Z"}
7/7/2026, 5:45:22 pm | {"api":"/login","event":"LOGIN_API_STARTED","mpin":"5532","deviceId":"f4ef783cd33635e6","timestamp":"2026-07-07T12:15:22.398Z"}
7/7/2026, 5:45:22 pm | {"event":"LOGIN_REQUEST","mpin":"5532","deviceId":"f4ef783cd33635e6","timestamp":"2026-07-07T12:15:22.399Z"}
7/7/2026, 5:45:22 pm | {"api":"/login","event":"LOGIN_DB_QUERY_STARTED","mpin":"5532","timestamp":"2026-07-07T12:15:22.400Z"}
7/7/2026, 5:45:22 pm | {"api":"/login","event":"LOGIN_USER_FOUND","empNo":"522","branch":"Prajasakthi Nagar","designation":"Branch Manager","timestamp":"2026-07-07T12:15:22.410Z"}
7/7/2026, 5:45:22 pm | {"api":"/login","event":"LOGIN_DEVICE_CHECK","empNo":"522","savedDevice":"f4ef783cd33635e6","currentDevice":"f4ef783cd33635e6","timestamp":"2026-07-07T12:15:22.411Z"}
7/7/2026, 5:45:22 pm | {"api":"/login","event":"LOGIN_SUCCESS","empNo":"522","branch":"Prajasakthi Nagar","designation":"Branch Manager","loginTime":"2026-07-07T12:15:22.419Z"}
7/7/2026, 5:45:22 pm | {"api":"/employee/:empNo","event":"EMPLOYEE_API_STARTED","empNo":"522","timestamp":"2026-07-07T12:15:22.628Z"}
7/7/2026, 5:45:22 pm | {"api":"/employee/:empNo","event":"EMPLOYEE_DB_QUERY_STARTED","empNo":"522","timestamp":"2026-07-07T12:15:22.629Z"}
7/7/2026, 5:45:22 pm | {"api":"/employee/:empNo","event":"EMPLOYEE_FETCH_SUCCESS","empNo":"522","employeeName":"Sasanka Madala","branch":"Prajasakthi Nagar","designation":"Branch Manager","timestamp":"2026-07-07T12:15:22.635Z"}
7/7/2026, 5:45:22 pm | {"api":"/last-submission/:empNo","event":"LAST_SUBMISSION_API_STARTED","empNo":"522","timestamp":"2026-07-07T12:15:22.728Z"}
7/7/2026, 5:45:22 pm | {"api":"/last-submission/:empNo","event":"LAST_SUBMISSION_DB_QUERY_STARTED","empNo":"522","timestamp":"2026-07-07T12:15:22.729Z"}
7/7/2026, 5:45:22 pm | {"api":"/last-submission/:empNo","event":"LAST_SUBMISSION_FETCH_SUCCESS","empNo":"522","amount":1200000,"actionAt":"2026-07-06 17:43:51","timestamp":"2026-07-07T12:15:22.734Z"}
7/7/2026, 5:45:23 pm | {"api":"/today-cash/:empNo","event":"TODAY_CASH_API_STARTED","empNo":"522","timestamp":"2026-07-07T12:15:23.048Z"}
7/7/2026, 5:45:23 pm | {"api":"/today-cash/:empNo","event":"TODAY_CASH_DB_QUERY_STARTED","empNo":"522","timestamp":"2026-07-07T12:15:23.050Z"}
7/7/2026, 5:45:23 pm | {"api":"/today-cash/:empNo","event":"TODAY_CASH_NOT_FOUND","empNo":"522","timestamp":"2026-07-07T12:15:23.055Z"}
7/7/2026, 5:45:28 pm | {"api":"/save-cash-closing","event":"SAVE_CASH_API_STARTED","empNo":"928","amount":"1162125","timestamp":"2026-07-07T12:15:28.132Z"}
7/7/2026, 5:45:28 pm | {"api":"/save-cash-closing","event":"PREVIOUS_DAY_RECORD_FOUND","empNo":"928","oldDate":"2026-07-06T00:00:00.000Z","amount":1063748,"timestamp":"2026-07-07T12:15:28.139Z"}
7/7/2026, 5:45:28 pm | {"api":"/save-cash-closing","event":"PREVIOUS_DAY_MOVED_TO_HISTORY","empNo":"928","timestamp":"2026-07-07T12:15:28.146Z"}
7/7/2026, 5:45:28 pm | {"api":"/save-cash-closing","event":"PREVIOUS_DAY_DELETED","empNo":"928","timestamp":"2026-07-07T12:15:28.154Z"}
7/7/2026, 5:45:28 pm | {"api":"/save-cash-closing","event":"SAVE_CASH_NEW_ENTRY","empNo":"928","amount":"1162125","branch":"Palakol","timestamp":"2026-07-07T12:15:28.158Z"}
7/7/2026, 5:45:28 pm | {"api":"/save-cash-closing","event":"SAVE_CASH_HISTORY_INSERTED","empNo":"928","actionType":"ADDED","version":1,"timestamp":"2026-07-07T12:15:28.175Z"}
7/7/2026, 5:45:28 pm | {"api":"/save-cash-closing","event":"SAVE_CASH_SUCCESS","type":"INSERT","empNo":"928","amount":"1162125","timestamp":"2026-07-07T12:15:28.176Z"}
7/7/2026, 5:45:29 pm | {"api":"/api/cash-closing-dashboard","event":"CASH_CLOSING_DASHBOARD_API_STARTED","filters":{"cluster":"","branch":"","fromDate":"","toDate":"","status":""},"timestamp":"2026-07-07T12:15:29.906Z"}
7/7/2026, 5:45:29 pm | {"api":"/api/cash-closing-dashboard","event":"CASH_CLOSING_DASHBOARD_DB_CONNECTED","timestamp":"2026-07-07T12:15:29.907Z"}
7/7/2026, 5:45:29 pm | {"api":"/api/cash-closing-dashboard","event":"CASH_CLOSING_DASHBOARD_QUERY_STARTED","filters":{"cluster":"","branch":"","fromDate":"","toDate":"","status":""},"timestamp":"2026-07-07T12:15:29.908Z"}
7/7/2026, 5:45:29 pm | {"api":"/api/cash-closing-dashboard","event":"CASH_CLOSING_DASHBOARD_DATA_FETCHED","totalRecords":56,"timestamp":"2026-07-07T12:15:29.915Z"}
7/7/2026, 5:45:29 pm | {"api":"/api/cash-closing-dashboard","event":"CASH_CLOSING_CLUSTER_FETCHED","totalClusters":4,"timestamp":"2026-07-07T12:15:29.919Z"}
7/7/2026, 5:45:29 pm | {"api":"/api/cash-closing-dashboard","event":"CASH_CLOSING_BRANCH_FETCHED","totalBranches":56,"timestamp":"2026-07-07T12:15:29.923Z"}
7/7/2026, 5:45:29 pm | {"api":"/api/cash-closing-dashboard","event":"CASH_CLOSING_DASHBOARD_SUCCESS","totalRecords":56,"filters":{"cluster":"","branch":"","fromDate":"","toDate":"","status":""},"timestamp":"2026-07-07T12:15:29.924Z"}
7/7/2026, 5:45:29 pm | {"api":"/api/cash-closing-dashboard","event":"CASH_CLOSING_DASHBOARD_API_STARTED","filters":{"cluster":"","branch":"","fromDate":"","toDate":"","status":""},"timestamp":"2026-07-07T12:15:29.994Z"}
7/7/2026, 5:45:29 pm | {"api":"/api/cash-closing-dashboard","event":"CASH_CLOSING_DASHBOARD_DB_CONNECTED","timestamp":"2026-07-07T12:15:29.996Z"}
7/7/2026, 5:45:29 pm | {"api":"/api/cash-closing-dashboard","event":"CASH_CLOSING_DASHBOARD_QUERY_STARTED","filters":{"cluster":"","branch":"","fromDate":"","toDate":"","status":""},"timestamp":"2026-07-07T12:15:29.996Z"}
7/7/2026, 5:45:30 pm | {"api":"/api/cash-closing-dashboard","event":"CASH_CLOSING_DASHBOARD_DATA_FETCHED","totalRecords":56,"timestamp":"2026-07-07T12:15:30.003Z"}
7/7/2026, 5:45:30 pm | {"api":"/api/cash-closing-dashboard","event":"CASH_CLOSING_CLUSTER_FETCHED","totalClusters":4,"timestamp":"2026-07-07T12:15:30.007Z"}
7/7/2026, 5:45:30 pm | {"api":"/api/cash-closing-dashboard","event":"CASH_CLOSING_BRANCH_FETCHED","totalBranches":56,"timestamp":"2026-07-07T12:15:30.010Z"}
7/7/2026, 5:45:30 pm | {"api":"/api/cash-closing-dashboard","event":"CASH_CLOSING_DASHBOARD_SUCCESS","totalRecords":56,"filters":{"cluster":"","branch":"","fromDate":"","toDate":"","status":""},"timestamp":"2026-07-07T12:15:30.011Z"}
7/7/2026, 5:45:30 pm | {"api":"/api/cash-closing-dashboard","event":"CASH_CLOSING_DASHBOARD_API_STARTED","filters":{"cluster":"","branch":"","fromDate":"","toDate":"","status":""},"timestamp":"2026-07-07T12:15:30.299Z"}
7/7/2026, 5:45:30 pm | {"api":"/api/cash-closing-dashboard","event":"CASH_CLOSING_DASHBOARD_DB_CONNECTED","timestamp":"2026-07-07T12:15:30.300Z"}
7/7/2026, 5:45:30 pm | {"api":"/api/cash-closing-dashboard","event":"CASH_CLOSING_DASHBOARD_QUERY_STARTED","filters":{"cluster":"","branch":"","fromDate":"","toDate":"","status":""},"timestamp":"2026-07-07T12:15:30.301Z"}
7/7/2026, 5:45:30 pm | {"api":"/api/cash-closing-dashboard","event":"CASH_CLOSING_DASHBOARD_DATA_FETCHED","totalRecords":56,"timestamp":"2026-07-07T12:15:30.308Z"}
7/7/2026, 5:45:30 pm | {"api":"/api/cash-closing-dashboard","event":"CASH_CLOSING_CLUSTER_FETCHED","totalClusters":4,"timestamp":"2026-07-07T12:15:30.311Z"}
7/7/2026, 5:45:30 pm | {"api":"/api/cash-closing-dashboard","event":"CASH_CLOSING_BRANCH_FETCHED","totalBranches":56,"timestamp":"2026-07-07T12:15:30.314Z"}
7/7/2026, 5:45:30 pm | {"api":"/api/cash-closing-dashboard","event":"CASH_CLOSING_DASHBOARD_SUCCESS","totalRecords":56,"filters":{"cluster":"","branch":"","fromDate":"","toDate":"","status":""},"timestamp":"2026-07-07T12:15:30.315Z"}
7/7/2026, 5:45:30 pm | {"api":"/api/cash-closing-dashboard","event":"CASH_CLOSING_DASHBOARD_API_STARTED","filters":{"cluster":"","branch":"","fromDate":"","toDate":"","status":""},"timestamp":"2026-07-07T12:15:30.467Z"}
7/7/2026, 5:45:30 pm | {"api":"/api/cash-closing-dashboard","event":"CASH_CLOSING_DASHBOARD_DB_CONNECTED","timestamp":"2026-07-07T12:15:30.468Z"}
7/7/2026, 5:45:30 pm | {"api":"/api/cash-closing-dashboard","event":"CASH_CLOSING_DASHBOARD_QUERY_STARTED","filters":{"cluster":"","branch":"","fromDate":"","toDate":"","status":""},"timestamp":"2026-07-07T12:15:30.469Z"}
7/7/2026, 5:45:30 pm | {"api":"/api/cash-closing-dashboard","event":"CASH_CLOSING_DASHBOARD_DATA_FETCHED","totalRecords":56,"timestamp":"2026-07-07T12:15:30.476Z"}
7/7/2026, 5:45:30 pm | {"api":"/api/cash-closing-dashboard","event":"CASH_CLOSING_CLUSTER_FETCHED","totalClusters":4,"timestamp":"2026-07-07T12:15:30.480Z"}
7/7/2026, 5:45:30 pm | {"api":"/api/cash-closing-dashboard","event":"CASH_CLOSING_BRANCH_FETCHED","totalBranches":56,"timestamp":"2026-07-07T12:15:30.484Z"}
7/7/2026, 5:45:30 pm | {"api":"/api/cash-closing-dashboard","event":"CASH_CLOSING_DASHBOARD_SUCCESS","totalRecords":56,"filters":{"cluster":"","branch":"","fromDate":"","toDate":"","status":""},"timestamp":"2026-07-07T12:15:30.484Z"}
7/7/2026, 5:45:43 pm | {"api":"/save-cash-closing","event":"SAVE_CASH_API_STARTED","empNo":"522","amount":"2400000","timestamp":"2026-07-07T12:15:43.872Z"}
7/7/2026, 5:45:43 pm | {"api":"/save-cash-closing","event":"PREVIOUS_DAY_RECORD_FOUND","empNo":"522","oldDate":"2026-07-06T00:00:00.000Z","amount":1200000,"timestamp":"2026-07-07T12:15:43.880Z"}
7/7/2026, 5:45:43 pm | {"api":"/save-cash-closing","event":"PREVIOUS_DAY_MOVED_TO_HISTORY","empNo":"522","timestamp":"2026-07-07T12:15:43.888Z"}
7/7/2026, 5:45:43 pm | {"api":"/save-cash-closing","event":"PREVIOUS_DAY_DELETED","empNo":"522","timestamp":"2026-07-07T12:15:43.896Z"}
7/7/2026, 5:45:43 pm | {"api":"/save-cash-closing","event":"SAVE_CASH_NEW_ENTRY","empNo":"522","amount":"2400000","branch":"Prajasakthi Nagar","timestamp":"2026-07-07T12:15:43.899Z"}
7/7/2026, 5:45:43 pm | {"api":"/save-cash-closing","event":"SAVE_CASH_HISTORY_INSERTED","empNo":"522","actionType":"ADDED","version":1,"timestamp":"2026-07-07T12:15:43.929Z"}
7/7/2026, 5:45:43 pm | {"api":"/save-cash-closing","event":"SAVE_CASH_SUCCESS","type":"INSERT","empNo":"522","amount":"2400000","timestamp":"2026-07-07T12:15:43.930Z"}
7/7/2026, 5:45:52 pm | {"api":"/login","event":"LOGIN_API_STARTED","mpin":"0143","deviceId":"e6ca8319c9275ebb","timestamp":"2026-07-07T12:15:52.540Z"}
7/7/2026, 5:45:52 pm | {"event":"LOGIN_REQUEST","mpin":"0143","deviceId":"e6ca8319c9275ebb","timestamp":"2026-07-07T12:15:52.542Z"}
7/7/2026, 5:45:52 pm | {"api":"/login","event":"LOGIN_DB_QUERY_STARTED","mpin":"0143","timestamp":"2026-07-07T12:15:52.542Z"}
7/7/2026, 5:45:52 pm | {"api":"/login","event":"LOGIN_USER_FOUND","empNo":"519","branch":"Mopidevi","designation":"Branch Manager","timestamp":"2026-07-07T12:15:52.551Z"}
7/7/2026, 5:45:52 pm | {"api":"/login","event":"LOGIN_DEVICE_CHECK","empNo":"519","savedDevice":"e6ca8319c9275ebb","currentDevice":"e6ca8319c9275ebb","timestamp":"2026-07-07T12:15:52.552Z"}
7/7/2026, 5:45:52 pm | {"api":"/login","event":"LOGIN_SUCCESS","empNo":"519","branch":"Mopidevi","designation":"Branch Manager","loginTime":"2026-07-07T12:15:52.560Z"}
7/7/2026, 5:45:52 pm | {"api":"/employee/:empNo","event":"EMPLOYEE_API_STARTED","empNo":"519","timestamp":"2026-07-07T12:15:52.791Z"}
7/7/2026, 5:45:52 pm | {"api":"/employee/:empNo","event":"EMPLOYEE_DB_QUERY_STARTED","empNo":"519","timestamp":"2026-07-07T12:15:52.792Z"}
7/7/2026, 5:45:52 pm | {"api":"/employee/:empNo","event":"EMPLOYEE_FETCH_SUCCESS","empNo":"519","employeeName":"Ch Harish Babu","branch":"Mopidevi","designation":"Branch Manager","timestamp":"2026-07-07T12:15:52.796Z"}
7/7/2026, 5:45:52 pm | {"api":"/last-submission/:empNo","event":"LAST_SUBMISSION_API_STARTED","empNo":"519","timestamp":"2026-07-07T12:15:52.968Z"}
7/7/2026, 5:45:52 pm | {"api":"/last-submission/:empNo","event":"LAST_SUBMISSION_DB_QUERY_STARTED","empNo":"519","timestamp":"2026-07-07T12:15:52.969Z"}
7/7/2026, 5:45:52 pm | {"api":"/last-submission/:empNo","event":"LAST_SUBMISSION_FETCH_SUCCESS","empNo":"519","amount":1740000,"actionAt":"2026-07-06 18:21:36","timestamp":"2026-07-07T12:15:52.974Z"}
7/7/2026, 5:45:53 pm | {"api":"/today-cash/:empNo","event":"TODAY_CASH_API_STARTED","empNo":"519","timestamp":"2026-07-07T12:15:53.148Z"}
7/7/2026, 5:45:53 pm | {"api":"/today-cash/:empNo","event":"TODAY_CASH_DB_QUERY_STARTED","empNo":"519","timestamp":"2026-07-07T12:15:53.150Z"}
7/7/2026, 5:45:53 pm | {"api":"/today-cash/:empNo","event":"TODAY_CASH_NOT_FOUND","empNo":"519","timestamp":"2026-07-07T12:15:53.157Z"}
7/7/2026, 5:45:56 pm | {"api":"/login","event":"LOGIN_API_STARTED","mpin":"5532","deviceId":"f4ef783cd33635e6","timestamp":"2026-07-07T12:15:56.751Z"}
7/7/2026, 5:45:56 pm | {"event":"LOGIN_REQUEST","mpin":"5532","deviceId":"f4ef783cd33635e6","timestamp":"2026-07-07T12:15:56.752Z"}
7/7/2026, 5:45:56 pm | {"api":"/login","event":"LOGIN_DB_QUERY_STARTED","mpin":"5532","timestamp":"2026-07-07T12:15:56.753Z"}
7/7/2026, 5:45:56 pm | {"api":"/login","event":"LOGIN_USER_FOUND","empNo":"522","branch":"Prajasakthi Nagar","designation":"Branch Manager","timestamp":"2026-07-07T12:15:56.765Z"}
7/7/2026, 5:45:56 pm | {"api":"/login","event":"LOGIN_DEVICE_CHECK","empNo":"522","savedDevice":"f4ef783cd33635e6","currentDevice":"f4ef783cd33635e6","timestamp":"2026-07-07T12:15:56.766Z"}
7/7/2026, 5:45:56 pm | {"api":"/login","event":"LOGIN_SUCCESS","empNo":"522","branch":"Prajasakthi Nagar","designation":"Branch Manager","loginTime":"2026-07-07T12:15:56.773Z"}
7/7/2026, 5:45:56 pm | {"api":"/employee/:empNo","event":"EMPLOYEE_API_STARTED","empNo":"522","timestamp":"2026-07-07T12:15:56.889Z"}
7/7/2026, 5:45:56 pm | {"api":"/employee/:empNo","event":"EMPLOYEE_DB_QUERY_STARTED","empNo":"522","timestamp":"2026-07-07T12:15:56.890Z"}
7/7/2026, 5:45:56 pm | {"api":"/employee/:empNo","event":"EMPLOYEE_FETCH_SUCCESS","empNo":"522","employeeName":"Sasanka Madala","branch":"Prajasakthi Nagar","designation":"Branch Manager","timestamp":"2026-07-07T12:15:56.894Z"}
7/7/2026, 5:45:56 pm | {"api":"/last-submission/:empNo","event":"LAST_SUBMISSION_API_STARTED","empNo":"522","timestamp":"2026-07-07T12:15:56.949Z"}
7/7/2026, 5:45:56 pm | {"api":"/last-submission/:empNo","event":"LAST_SUBMISSION_DB_QUERY_STARTED","empNo":"522","timestamp":"2026-07-07T12:15:56.951Z"}
7/7/2026, 5:45:56 pm | {"api":"/last-submission/:empNo","event":"LAST_SUBMISSION_FETCH_SUCCESS","empNo":"522","amount":1200000,"actionAt":"2026-07-06 17:43:51","timestamp":"2026-07-07T12:15:56.958Z"}
7/7/2026, 5:45:57 pm | {"api":"/today-cash/:empNo","event":"TODAY_CASH_API_STARTED","empNo":"522","timestamp":"2026-07-07T12:15:57.015Z"}
7/7/2026, 5:45:57 pm | {"api":"/today-cash/:empNo","event":"TODAY_CASH_DB_QUERY_STARTED","empNo":"522","timestamp":"2026-07-07T12:15:57.016Z"}
7/7/2026, 5:45:57 pm | {"api":"/today-cash/:empNo","event":"TODAY_CASH_FETCH_SUCCESS","empNo":"522","amount":2400000,"actionAt":"2026-07-07 17:45:45","timestamp":"2026-07-07T12:15:57.024Z"}
7/7/2026, 5:46:02 pm | {"api":"/save-cash-closing","event":"SAVE_CASH_API_STARTED","empNo":"519","amount":"850000","timestamp":"2026-07-07T12:16:02.258Z"}
7/7/2026, 5:46:02 pm | {"api":"/save-cash-closing","event":"PREVIOUS_DAY_RECORD_FOUND","empNo":"519","oldDate":"2026-07-06T00:00:00.000Z","amount":1740000,"timestamp":"2026-07-07T12:16:02.265Z"}
7/7/2026, 5:46:02 pm | {"api":"/save-cash-closing","event":"PREVIOUS_DAY_MOVED_TO_HISTORY","empNo":"519","timestamp":"2026-07-07T12:16:02.273Z"}
7/7/2026, 5:46:02 pm | {"api":"/save-cash-closing","event":"PREVIOUS_DAY_DELETED","empNo":"519","timestamp":"2026-07-07T12:16:02.283Z"}
7/7/2026, 5:46:02 pm | {"api":"/save-cash-closing","event":"SAVE_CASH_NEW_ENTRY","empNo":"519","amount":"850000","branch":"Mopidevi","timestamp":"2026-07-07T12:16:02.293Z"}
7/7/2026, 5:46:02 pm | {"api":"/save-cash-closing","event":"SAVE_CASH_HISTORY_INSERTED","empNo":"519","actionType":"ADDED","version":1,"timestamp":"2026-07-07T12:16:02.310Z"}
7/7/2026, 5:46:02 pm | {"api":"/save-cash-closing","event":"SAVE_CASH_SUCCESS","type":"INSERT","empNo":"519","amount":"850000","timestamp":"2026-07-07T12:16:02.311Z"}
7/7/2026, 5:46:06 pm | {"api":"/save-cash-closing","event":"SAVE_CASH_API_STARTED","empNo":"522","amount":"2400000","timestamp":"2026-07-07T12:16:06.396Z"}
7/7/2026, 5:46:06 pm | {"api":"/save-cash-closing","event":"SAVE_CASH_UPDATE_STARTED","empNo":"522","oldAmount":2400000,"newAmount":"2400000","currentVersion":1,"nextVersion":2,"timestamp":"2026-07-07T12:16:06.404Z"}
7/7/2026, 5:46:06 pm | {"api":"/save-cash-closing","event":"SAVE_CASH_HISTORY_UPDATED","empNo":"522","version":2,"timestamp":"2026-07-07T12:16:06.421Z"}
7/7/2026, 5:46:06 pm | {"api":"/save-cash-closing","event":"SAVE_CASH_SUCCESS","type":"UPDATE","empNo":"522","amount":"2400000","version":2,"timestamp":"2026-07-07T12:16:06.422Z"}
7/7/2026, 5:46:10 pm | {"api":"/api/cash-closing-dashboard","event":"CASH_CLOSING_DASHBOARD_API_STARTED","filters":{"cluster":"","branch":"","fromDate":"","toDate":"","status":""},"timestamp":"2026-07-07T12:16:10.192Z"}
7/7/2026, 5:46:10 pm | {"api":"/api/cash-closing-dashboard","event":"CASH_CLOSING_DASHBOARD_DB_CONNECTED","timestamp":"2026-07-07T12:16:10.193Z"}
7/7/2026, 5:46:10 pm | {"api":"/api/cash-closing-dashboard","event":"CASH_CLOSING_DASHBOARD_QUERY_STARTED","filters":{"cluster":"","branch":"","fromDate":"","toDate":"","status":""},"timestamp":"2026-07-07T12:16:10.194Z"}
7/7/2026, 5:46:10 pm | {"api":"/api/cash-closing-dashboard","event":"CASH_CLOSING_DASHBOARD_DATA_FETCHED","totalRecords":56,"timestamp":"2026-07-07T12:16:10.200Z"}
7/7/2026, 5:46:10 pm | {"api":"/api/cash-closing-dashboard","event":"CASH_CLOSING_CLUSTER_FETCHED","totalClusters":4,"timestamp":"2026-07-07T12:16:10.205Z"}
7/7/2026, 5:46:10 pm | {"api":"/api/cash-closing-dashboard","event":"CASH_CLOSING_BRANCH_FETCHED","totalBranches":56,"timestamp":"2026-07-07T12:16:10.208Z"}
7/7/2026, 5:46:10 pm | {"api":"/api/cash-closing-dashboard","event":"CASH_CLOSING_DASHBOARD_SUCCESS","totalRecords":56,"filters":{"cluster":"","branch":"","fromDate":"","toDate":"","status":""},"timestamp":"2026-07-07T12:16:10.209Z"}
7/7/2026, 5:46:10 pm | {"api":"/api/cash-closing-dashboard","event":"CASH_CLOSING_DASHBOARD_API_STARTED","filters":{"cluster":"","branch":"","fromDate":"","toDate":"","status":""},"timestamp":"2026-07-07T12:16:10.298Z"}
7/7/2026, 5:46:10 pm | {"api":"/api/cash-closing-dashboard","event":"CASH_CLOSING_DASHBOARD_DB_CONNECTED","timestamp":"2026-07-07T12:16:10.299Z"}
7/7/2026, 5:46:10 pm | {"api":"/api/cash-closing-dashboard","event":"CASH_CLOSING_DASHBOARD_QUERY_STARTED","filters":{"cluster":"","branch":"","fromDate":"","toDate":"","status":""},"timestamp":"2026-07-07T12:16:10.300Z"}
7/7/2026, 5:46:10 pm | {"api":"/api/cash-closing-dashboard","event":"CASH_CLOSING_DASHBOARD_DATA_FETCHED","totalRecords":56,"timestamp":"2026-07-07T12:16:10.308Z"}
7/7/2026, 5:46:10 pm | {"api":"/api/cash-closing-dashboard","event":"CASH_CLOSING_CLUSTER_FETCHED","totalClusters":4,"timestamp":"2026-07-07T12:16:10.311Z"}
7/7/2026, 5:46:10 pm | {"api":"/api/cash-closing-dashboard","event":"CASH_CLOSING_BRANCH_FETCHED","totalBranches":56,"timestamp":"2026-07-07T12:16:10.315Z"}
7/7/2026, 5:46:10 pm | {"api":"/api/cash-closing-dashboard","event":"CASH_CLOSING_DASHBOARD_SUCCESS","totalRecords":56,"filters":{"cluster":"","branch":"","fromDate":"","toDate":"","status":""},"timestamp":"2026-07-07T12:16:10.315Z"}
7/7/2026, 5:46:32 pm | {"api":"/login","event":"LOGIN_API_STARTED","mpin":"6181","deviceId":"a1db35a5c9eadee2","timestamp":"2026-07-07T12:16:32.863Z"}
7/7/2026, 5:46:32 pm | {"event":"LOGIN_REQUEST","mpin":"6181","deviceId":"a1db35a5c9eadee2","timestamp":"2026-07-07T12:16:32.864Z"}
7/7/2026, 5:46:32 pm | {"api":"/login","event":"LOGIN_DB_QUERY_STARTED","mpin":"6181","timestamp":"2026-07-07T12:16:32.865Z"}
7/7/2026, 5:46:32 pm | {"api":"/login","event":"LOGIN_USER_FOUND","empNo":"461","branch":"Visakhapatnam","designation":"Branch Manager","timestamp":"2026-07-07T12:16:32.873Z"}
7/7/2026, 5:46:32 pm | {"api":"/login","event":"LOGIN_DEVICE_CHECK","empNo":"461","savedDevice":"a1db35a5c9eadee2","currentDevice":"a1db35a5c9eadee2","timestamp":"2026-07-07T12:16:32.874Z"}
7/7/2026, 5:46:32 pm | {"api":"/login","event":"LOGIN_SUCCESS","empNo":"461","branch":"Visakhapatnam","designation":"Branch Manager","loginTime":"2026-07-07T12:16:32.882Z"}
7/7/2026, 5:46:33 pm | {"api":"/employee/:empNo","event":"EMPLOYEE_API_STARTED","empNo":"461","timestamp":"2026-07-07T12:16:33.038Z"}
7/7/2026, 5:46:33 pm | {"api":"/employee/:empNo","event":"EMPLOYEE_DB_QUERY_STARTED","empNo":"461","timestamp":"2026-07-07T12:16:33.039Z"}
7/7/2026, 5:46:33 pm | {"api":"/employee/:empNo","event":"EMPLOYEE_FETCH_SUCCESS","empNo":"461","employeeName":"B Rama Rao","branch":"Visakhapatnam","designation":"Branch Manager","timestamp":"2026-07-07T12:16:33.042Z"}
7/7/2026, 5:46:33 pm | {"api":"/last-submission/:empNo","event":"LAST_SUBMISSION_API_STARTED","empNo":"461","timestamp":"2026-07-07T12:16:33.129Z"}
7/7/2026, 5:46:33 pm | {"api":"/last-submission/:empNo","event":"LAST_SUBMISSION_DB_QUERY_STARTED","empNo":"461","timestamp":"2026-07-07T12:16:33.129Z"}
7/7/2026, 5:46:33 pm | {"api":"/last-submission/:empNo","event":"LAST_SUBMISSION_FETCH_SUCCESS","empNo":"461","amount":794390,"actionAt":"2026-07-06 17:48:30","timestamp":"2026-07-07T12:16:33.134Z"}
7/7/2026, 5:46:33 pm | {"api":"/today-cash/:empNo","event":"TODAY_CASH_API_STARTED","empNo":"461","timestamp":"2026-07-07T12:16:33.269Z"}
7/7/2026, 5:46:33 pm | {"api":"/today-cash/:empNo","event":"TODAY_CASH_DB_QUERY_STARTED","empNo":"461","timestamp":"2026-07-07T12:16:33.270Z"}
7/7/2026, 5:46:33 pm | {"api":"/today-cash/:empNo","event":"TODAY_CASH_NOT_FOUND","empNo":"461","timestamp":"2026-07-07T12:16:33.275Z"}
7/7/2026, 5:46:49 pm | {"api":"/api/cash-closing-dashboard","event":"CASH_CLOSING_DASHBOARD_API_STARTED","filters":{"cluster":"","branch":"","fromDate":"","toDate":"","status":""},"timestamp":"2026-07-07T12:16:49.515Z"}
7/7/2026, 5:46:49 pm | {"api":"/api/cash-closing-dashboard","event":"CASH_CLOSING_DASHBOARD_DB_CONNECTED","timestamp":"2026-07-07T12:16:49.516Z"}
7/7/2026, 5:46:49 pm | {"api":"/api/cash-closing-dashboard","event":"CASH_CLOSING_DASHBOARD_QUERY_STARTED","filters":{"cluster":"","branch":"","fromDate":"","toDate":"","status":""},"timestamp":"2026-07-07T12:16:49.517Z"}
7/7/2026, 5:46:49 pm | {"api":"/api/cash-closing-dashboard","event":"CASH_CLOSING_DASHBOARD_DATA_FETCHED","totalRecords":56,"timestamp":"2026-07-07T12:16:49.523Z"}
7/7/2026, 5:46:49 pm | {"api":"/api/cash-closing-dashboard","event":"CASH_CLOSING_CLUSTER_FETCHED","totalClusters":4,"timestamp":"2026-07-07T12:16:49.528Z"}
7/7/2026, 5:46:49 pm | {"api":"/api/cash-closing-dashboard","event":"CASH_CLOSING_BRANCH_FETCHED","totalBranches":56,"timestamp":"2026-07-07T12:16:49.532Z"}
7/7/2026, 5:46:49 pm | {"api":"/api/cash-closing-dashboard","event":"CASH_CLOSING_DASHBOARD_SUCCESS","totalRecords":56,"filters":{"cluster":"","branch":"","fromDate":"","toDate":"","status":""},"timestamp":"2026-07-07T12:16:49.533Z"}
7/7/2026, 5:46:49 pm | {"api":"/api/cash-closing-dashboard","event":"CASH_CLOSING_DASHBOARD_API_STARTED","filters":{"cluster":"","branch":"","fromDate":"","toDate":"","status":""},"timestamp":"2026-07-07T12:16:49.591Z"}
7/7/2026, 5:46:49 pm | {"api":"/api/cash-closing-dashboard","event":"CASH_CLOSING_DASHBOARD_DB_CONNECTED","timestamp":"2026-07-07T12:16:49.592Z"}
7/7/2026, 5:46:49 pm | {"api":"/api/cash-closing-dashboard","event":"CASH_CLOSING_DASHBOARD_QUERY_STARTED","filters":{"cluster":"","branch":"","fromDate":"","toDate":"","status":""},"timestamp":"2026-07-07T12:16:49.593Z"}
7/7/2026, 5:46:49 pm | {"api":"/api/cash-closing-dashboard","event":"CASH_CLOSING_DASHBOARD_DATA_FETCHED","totalRecords":56,"timestamp":"2026-07-07T12:16:49.599Z"}
7/7/2026, 5:46:49 pm | {"api":"/api/cash-closing-dashboard","event":"CASH_CLOSING_CLUSTER_FETCHED","totalClusters":4,"timestamp":"2026-07-07T12:16:49.602Z"}
7/7/2026, 5:46:49 pm | {"api":"/api/cash-closing-dashboard","event":"CASH_CLOSING_BRANCH_FETCHED","totalBranches":56,"timestamp":"2026-07-07T12:16:49.606Z"}
7/7/2026, 5:46:49 pm | {"api":"/api/cash-closing-dashboard","event":"CASH_CLOSING_DASHBOARD_SUCCESS","totalRecords":56,"filters":{"cluster":"","branch":"","fromDate":"","toDate":"","status":""},"timestamp":"2026-07-07T12:16:49.607Z"}
7/7/2026, 5:46:49 pm | {"api":"/api/cash-closing-dashboard","event":"CASH_CLOSING_DASHBOARD_API_STARTED","filters":{"cluster":"","branch":"","fromDate":"","toDate":"","status":""},"timestamp":"2026-07-07T12:16:49.740Z"}
7/7/2026, 5:46:49 pm | {"api":"/api/cash-closing-dashboard","event":"CASH_CLOSING_DASHBOARD_DB_CONNECTED","timestamp":"2026-07-07T12:16:49.741Z"}
7/7/2026, 5:46:49 pm | {"api":"/api/cash-closing-dashboard","event":"CASH_CLOSING_DASHBOARD_QUERY_STARTED","filters":{"cluster":"","branch":"","fromDate":"","toDate":"","status":""},"timestamp":"2026-07-07T12:16:49.742Z"}
7/7/2026, 5:46:49 pm | {"api":"/api/cash-closing-dashboard","event":"CASH_CLOSING_DASHBOARD_DATA_FETCHED","totalRecords":56,"timestamp":"2026-07-07T12:16:49.752Z"}
7/7/2026, 5:46:49 pm | {"api":"/api/cash-closing-dashboard","event":"CASH_CLOSING_CLUSTER_FETCHED","totalClusters":4,"timestamp":"2026-07-07T12:16:49.755Z"}
7/7/2026, 5:46:49 pm | {"api":"/api/cash-closing-dashboard","event":"CASH_CLOSING_BRANCH_FETCHED","totalBranches":56,"timestamp":"2026-07-07T12:16:49.759Z"}
7/7/2026, 5:46:49 pm | {"api":"/api/cash-closing-dashboard","event":"CASH_CLOSING_DASHBOARD_SUCCESS","totalRecords":56,"filters":{"cluster":"","branch":"","fromDate":"","toDate":"","status":""},"timestamp":"2026-07-07T12:16:49.760Z"}
7/7/2026, 5:46:49 pm | {"api":"/api/cash-closing-dashboard","event":"CASH_CLOSING_DASHBOARD_API_STARTED","filters":{"cluster":"","branch":"","fromDate":"","toDate":"","status":""},"timestamp":"2026-07-07T12:16:49.900Z"}
7/7/2026, 5:46:49 pm | {"api":"/api/cash-closing-dashboard","event":"CASH_CLOSING_DASHBOARD_DB_CONNECTED","timestamp":"2026-07-07T12:16:49.901Z"}
7/7/2026, 5:46:49 pm | {"api":"/api/cash-closing-dashboard","event":"CASH_CLOSING_DASHBOARD_QUERY_STARTED","filters":{"cluster":"","branch":"","fromDate":"","toDate":"","status":""},"timestamp":"2026-07-07T12:16:49.902Z"}
7/7/2026, 5:46:49 pm | {"api":"/api/cash-closing-dashboard","event":"CASH_CLOSING_DASHBOARD_DATA_FETCHED","totalRecords":56,"timestamp":"2026-07-07T12:16:49.908Z"}
7/7/2026, 5:46:49 pm | {"api":"/api/cash-closing-dashboard","event":"CASH_CLOSING_CLUSTER_FETCHED","totalClusters":4,"timestamp":"2026-07-07T12:16:49.912Z"}
7/7/2026, 5:46:49 pm | {"api":"/api/cash-closing-dashboard","event":"CASH_CLOSING_BRANCH_FETCHED","totalBranches":56,"timestamp":"2026-07-07T12:16:49.916Z"}
7/7/2026, 5:46:49 pm | {"api":"/api/cash-closing-dashboard","event":"CASH_CLOSING_DASHBOARD_SUCCESS","totalRecords":56,"filters":{"cluster":"","branch":"","fromDate":"","toDate":"","status":""},"timestamp":"2026-07-07T12:16:49.917Z"}
7/7/2026, 5:46:50 pm | {"api":"/api/cash-closing-dashboard","event":"CASH_CLOSING_DASHBOARD_API_STARTED","filters":{"cluster":"","branch":"","fromDate":"","toDate":"","status":""},"timestamp":"2026-07-07T12:16:50.050Z"}
7/7/2026, 5:46:50 pm | {"api":"/api/cash-closing-dashboard","event":"CASH_CLOSING_DASHBOARD_DB_CONNECTED","timestamp":"2026-07-07T12:16:50.051Z"}
7/7/2026, 5:46:50 pm | {"api":"/api/cash-closing-dashboard","event":"CASH_CLOSING_DASHBOARD_QUERY_STARTED","filters":{"cluster":"","branch":"","fromDate":"","toDate":"","status":""},"timestamp":"2026-07-07T12:16:50.052Z"}
7/7/2026, 5:46:50 pm | {"api":"/api/cash-closing-dashboard","event":"CASH_CLOSING_DASHBOARD_DATA_FETCHED","totalRecords":56,"timestamp":"2026-07-07T12:16:50.061Z"}
7/7/2026, 5:46:50 pm | {"api":"/api/cash-closing-dashboard","event":"CASH_CLOSING_CLUSTER_FETCHED","totalClusters":4,"timestamp":"2026-07-07T12:16:50.069Z"}
7/7/2026, 5:46:50 pm | {"api":"/api/cash-closing-dashboard","event":"CASH_CLOSING_BRANCH_FETCHED","totalBranches":56,"timestamp":"2026-07-07T12:16:50.073Z"}
7/7/2026, 5:46:50 pm | {"api":"/api/cash-closing-dashboard","event":"CASH_CLOSING_DASHBOARD_SUCCESS","totalRecords":56,"filters":{"cluster":"","branch":"","fromDate":"","toDate":"","status":""},"timestamp":"2026-07-07T12:16:50.074Z"}
7/7/2026, 5:46:50 pm | {"api":"/api/cash-closing-dashboard","event":"CASH_CLOSING_DASHBOARD_API_STARTED","filters":{"cluster":"","branch":"","fromDate":"","toDate":"","status":""},"timestamp":"2026-07-07T12:16:50.180Z"}
7/7/2026, 5:46:50 pm | {"api":"/api/cash-closing-dashboard","event":"CASH_CLOSING_DASHBOARD_DB_CONNECTED","timestamp":"2026-07-07T12:16:50.181Z"}
7/7/2026, 5:46:50 pm | {"api":"/api/cash-closing-dashboard","event":"CASH_CLOSING_DASHBOARD_QUERY_STARTED","filters":{"cluster":"","branch":"","fromDate":"","toDate":"","status":""},"timestamp":"2026-07-07T12:16:50.182Z"}
7/7/2026, 5:46:50 pm | {"api":"/api/cash-closing-dashboard","event":"CASH_CLOSING_DASHBOARD_DATA_FETCHED","totalRecords":56,"timestamp":"2026-07-07T12:16:50.187Z"}
7/7/2026, 5:46:50 pm | {"api":"/api/cash-closing-dashboard","event":"CASH_CLOSING_CLUSTER_FETCHED","totalClusters":4,"timestamp":"2026-07-07T12:16:50.192Z"}
7/7/2026, 5:46:50 pm | {"api":"/api/cash-closing-dashboard","event":"CASH_CLOSING_BRANCH_FETCHED","totalBranches":56,"timestamp":"2026-07-07T12:16:50.195Z"}
7/7/2026, 5:46:50 pm | {"api":"/api/cash-closing-dashboard","event":"CASH_CLOSING_DASHBOARD_SUCCESS","totalRecords":56,"filters":{"cluster":"","branch":"","fromDate":"","toDate":"","status":""},"timestamp":"2026-07-07T12:16:50.196Z"}
7/7/2026, 5:46:50 pm | {"api":"/api/cash-closing-dashboard","event":"CASH_CLOSING_DASHBOARD_API_STARTED","filters":{"cluster":"","branch":"","fromDate":"","toDate":"","status":""},"timestamp":"2026-07-07T12:16:50.338Z"}
7/7/2026, 5:46:50 pm | {"api":"/api/cash-closing-dashboard","event":"CASH_CLOSING_DASHBOARD_DB_CONNECTED","timestamp":"2026-07-07T12:16:50.340Z"}
7/7/2026, 5:46:50 pm | {"api":"/api/cash-closing-dashboard","event":"CASH_CLOSING_DASHBOARD_QUERY_STARTED","filters":{"cluster":"","branch":"","fromDate":"","toDate":"","status":""},"timestamp":"2026-07-07T12:16:50.340Z"}
7/7/2026, 5:46:50 pm | {"api":"/api/cash-closing-dashboard","event":"CASH_CLOSING_DASHBOARD_DATA_FETCHED","totalRecords":56,"timestamp":"2026-07-07T12:16:50.351Z"}
7/7/2026, 5:46:50 pm | {"api":"/api/cash-closing-dashboard","event":"CASH_CLOSING_CLUSTER_FETCHED","totalClusters":4,"timestamp":"2026-07-07T12:16:50.356Z"}
7/7/2026, 5:46:50 pm | {"api":"/api/cash-closing-dashboard","event":"CASH_CLOSING_BRANCH_FETCHED","totalBranches":56,"timestamp":"2026-07-07T12:16:50.361Z"}
7/7/2026, 5:46:50 pm | {"api":"/api/cash-closing-dashboard","event":"CASH_CLOSING_DASHBOARD_SUCCESS","totalRecords":56,"filters":{"cluster":"","branch":"","fromDate":"","toDate":"","status":""},"timestamp":"2026-07-07T12:16:50.362Z"}
7/7/2026, 5:46:50 pm | {"api":"/api/cash-closing-dashboard","event":"CASH_CLOSING_DASHBOARD_API_STARTED","filters":{"cluster":"","branch":"","fromDate":"","toDate":"","status":""},"timestamp":"2026-07-07T12:16:50.466Z"}
7/7/2026, 5:46:50 pm | {"api":"/api/cash-closing-dashboard","event":"CASH_CLOSING_DASHBOARD_DB_CONNECTED","timestamp":"2026-07-07T12:16:50.468Z"}
7/7/2026, 5:46:50 pm | {"api":"/api/cash-closing-dashboard","event":"CASH_CLOSING_DASHBOARD_QUERY_STARTED","filters":{"cluster":"","branch":"","fromDate":"","toDate":"","status":""},"timestamp":"2026-07-07T12:16:50.468Z"}
7/7/2026, 5:46:50 pm | {"api":"/api/cash-closing-dashboard","event":"CASH_CLOSING_DASHBOARD_DATA_FETCHED","totalRecords":56,"timestamp":"2026-07-07T12:16:50.476Z"}
7/7/2026, 5:46:50 pm | {"api":"/api/cash-closing-dashboard","event":"CASH_CLOSING_CLUSTER_FETCHED","totalClusters":4,"timestamp":"2026-07-07T12:16:50.480Z"}
7/7/2026, 5:46:50 pm | {"api":"/api/cash-closing-dashboard","event":"CASH_CLOSING_BRANCH_FETCHED","totalBranches":56,"timestamp":"2026-07-07T12:16:50.484Z"}
7/7/2026, 5:46:50 pm | {"api":"/api/cash-closing-dashboard","event":"CASH_CLOSING_DASHBOARD_SUCCESS","totalRecords":56,"filters":{"cluster":"","branch":"","fromDate":"","toDate":"","status":""},"timestamp":"2026-07-07T12:16:50.484Z"}
7/7/2026, 5:46:50 pm | {"api":"/api/cash-closing-dashboard","event":"CASH_CLOSING_DASHBOARD_API_STARTED","filters":{"cluster":"","branch":"","fromDate":"","toDate":"","status":""},"timestamp":"2026-07-07T12:16:50.596Z"}
7/7/2026, 5:46:50 pm | {"api":"/api/cash-closing-dashboard","event":"CASH_CLOSING_DASHBOARD_DB_CONNECTED","timestamp":"2026-07-07T12:16:50.597Z"}
7/7/2026, 5:46:50 pm | {"api":"/api/cash-closing-dashboard","event":"CASH_CLOSING_DASHBOARD_QUERY_STARTED","filters":{"cluster":"","branch":"","fromDate":"","toDate":"","status":""},"timestamp":"2026-07-07T12:16:50.598Z"}
7/7/2026, 5:46:50 pm | {"api":"/api/cash-closing-dashboard","event":"CASH_CLOSING_DASHBOARD_DATA_FETCHED","totalRecords":56,"timestamp":"2026-07-07T12:16:50.604Z"}
7/7/2026, 5:46:50 pm | {"api":"/api/cash-closing-dashboard","event":"CASH_CLOSING_CLUSTER_FETCHED","totalClusters":4,"timestamp":"2026-07-07T12:16:50.608Z"}
7/7/2026, 5:46:50 pm | {"api":"/api/cash-closing-dashboard","event":"CASH_CLOSING_BRANCH_FETCHED","totalBranches":56,"timestamp":"2026-07-07T12:16:50.611Z"}
7/7/2026, 5:46:50 pm | {"api":"/api/cash-closing-dashboard","event":"CASH_CLOSING_DASHBOARD_SUCCESS","totalRecords":56,"filters":{"cluster":"","branch":"","fromDate":"","toDate":"","status":""},"timestamp":"2026-07-07T12:16:50.612Z"}
7/7/2026, 5:46:50 pm | {"api":"/api/cash-closing-dashboard","event":"CASH_CLOSING_DASHBOARD_API_STARTED","filters":{"cluster":"","branch":"","fromDate":"","toDate":"","status":""},"timestamp":"2026-07-07T12:16:50.748Z"}
7/7/2026, 5:46:50 pm | {"api":"/api/cash-closing-dashboard","event":"CASH_CLOSING_DASHBOARD_DB_CONNECTED","timestamp":"2026-07-07T12:16:50.749Z"}
7/7/2026, 5:46:50 pm | {"api":"/api/cash-closing-dashboard","event":"CASH_CLOSING_DASHBOARD_QUERY_STARTED","filters":{"cluster":"","branch":"","fromDate":"","toDate":"","status":""},"timestamp":"2026-07-07T12:16:50.750Z"}
7/7/2026, 5:46:50 pm | {"api":"/api/cash-closing-dashboard","event":"CASH_CLOSING_DASHBOARD_DATA_FETCHED","totalRecords":56,"timestamp":"2026-07-07T12:16:50.757Z"}
7/7/2026, 5:46:50 pm | {"api":"/api/cash-closing-dashboard","event":"CASH_CLOSING_CLUSTER_FETCHED","totalClusters":4,"timestamp":"2026-07-07T12:16:50.762Z"}
7/7/2026, 5:46:50 pm | {"api":"/api/cash-closing-dashboard","event":"CASH_CLOSING_BRANCH_FETCHED","totalBranches":56,"timestamp":"2026-07-07T12:16:50.766Z"}
7/7/2026, 5:46:50 pm | {"api":"/api/cash-closing-dashboard","event":"CASH_CLOSING_DASHBOARD_SUCCESS","totalRecords":56,"filters":{"cluster":"","branch":"","fromDate":"","toDate":"","status":""},"timestamp":"2026-07-07T12:16:50.767Z"}
7/7/2026, 5:46:50 pm | {"api":"/api/cash-closing-dashboard","event":"CASH_CLOSING_DASHBOARD_API_STARTED","filters":{"cluster":"","branch":"","fromDate":"","toDate":"","status":""},"timestamp":"2026-07-07T12:16:50.892Z"}
7/7/2026, 5:46:50 pm | {"api":"/api/cash-closing-dashboard","event":"CASH_CLOSING_DASHBOARD_DB_CONNECTED","timestamp":"2026-07-07T12:16:50.893Z"}
7/7/2026, 5:46:50 pm | {"api":"/api/cash-closing-dashboard","event":"CASH_CLOSING_DASHBOARD_QUERY_STARTED","filters":{"cluster":"","branch":"","fromDate":"","toDate":"","status":""},"timestamp":"2026-07-07T12:16:50.893Z"}
7/7/2026, 5:46:50 pm | {"api":"/api/cash-closing-dashboard","event":"CASH_CLOSING_DASHBOARD_DATA_FETCHED","totalRecords":56,"timestamp":"2026-07-07T12:16:50.899Z"}
7/7/2026, 5:46:50 pm | {"api":"/api/cash-closing-dashboard","event":"CASH_CLOSING_CLUSTER_FETCHED","totalClusters":4,"timestamp":"2026-07-07T12:16:50.904Z"}
7/7/2026, 5:46:50 pm | {"api":"/api/cash-closing-dashboard","event":"CASH_CLOSING_BRANCH_FETCHED","totalBranches":56,"timestamp":"2026-07-07T12:16:50.908Z"}
7/7/2026, 5:46:50 pm | {"api":"/api/cash-closing-dashboard","event":"CASH_CLOSING_DASHBOARD_SUCCESS","totalRecords":56,"filters":{"cluster":"","branch":"","fromDate":"","toDate":"","status":""},"timestamp":"2026-07-07T12:16:50.909Z"}
7/7/2026, 5:46:58 pm | {"api":"/save-cash-closing","event":"SAVE_CASH_API_STARTED","empNo":"461","amount":"1007090","timestamp":"2026-07-07T12:16:58.211Z"}
7/7/2026, 5:46:58 pm | {"api":"/save-cash-closing","event":"PREVIOUS_DAY_RECORD_FOUND","empNo":"461","oldDate":"2026-07-06T00:00:00.000Z","amount":794390,"timestamp":"2026-07-07T12:16:58.217Z"}
7/7/2026, 5:46:58 pm | {"api":"/save-cash-closing","event":"PREVIOUS_DAY_MOVED_TO_HISTORY","empNo":"461","timestamp":"2026-07-07T12:16:58.224Z"}
7/7/2026, 5:46:58 pm | {"api":"/save-cash-closing","event":"PREVIOUS_DAY_DELETED","empNo":"461","timestamp":"2026-07-07T12:16:58.231Z"}
7/7/2026, 5:46:58 pm | {"api":"/save-cash-closing","event":"SAVE_CASH_NEW_ENTRY","empNo":"461","amount":"1007090","branch":"Visakhapatnam","timestamp":"2026-07-07T12:16:58.235Z"}
7/7/2026, 5:46:58 pm | {"api":"/save-cash-closing","event":"SAVE_CASH_HISTORY_INSERTED","empNo":"461","actionType":"ADDED","version":1,"timestamp":"2026-07-07T12:16:58.249Z"}
7/7/2026, 5:46:58 pm | {"api":"/save-cash-closing","event":"SAVE_CASH_SUCCESS","type":"INSERT","empNo":"461","amount":"1007090","timestamp":"2026-07-07T12:16:58.250Z"}
7/7/2026, 5:47:06 pm | {"api":"/api/cash-closing-dashboard","event":"CASH_CLOSING_DASHBOARD_API_STARTED","filters":{"cluster":"","branch":"","fromDate":"","toDate":"","status":""},"timestamp":"2026-07-07T12:17:06.042Z"}
7/7/2026, 5:47:06 pm | {"api":"/api/cash-closing-dashboard","event":"CASH_CLOSING_DASHBOARD_DB_CONNECTED","timestamp":"2026-07-07T12:17:06.044Z"}
7/7/2026, 5:47:06 pm | {"api":"/api/cash-closing-dashboard","event":"CASH_CLOSING_DASHBOARD_QUERY_STARTED","filters":{"cluster":"","branch":"","fromDate":"","toDate":"","status":""},"timestamp":"2026-07-07T12:17:06.044Z"}
7/7/2026, 5:47:06 pm | {"api":"/api/cash-closing-dashboard","event":"CASH_CLOSING_DASHBOARD_DATA_FETCHED","totalRecords":56,"timestamp":"2026-07-07T12:17:06.054Z"}
7/7/2026, 5:47:06 pm | {"api":"/api/cash-closing-dashboard","event":"CASH_CLOSING_CLUSTER_FETCHED","totalClusters":4,"timestamp":"2026-07-07T12:17:06.057Z"}
7/7/2026, 5:47:06 pm | {"api":"/api/cash-closing-dashboard","event":"CASH_CLOSING_BRANCH_FETCHED","totalBranches":56,"timestamp":"2026-07-07T12:17:06.061Z"}
7/7/2026, 5:47:06 pm | {"api":"/api/cash-closing-dashboard","event":"CASH_CLOSING_DASHBOARD_SUCCESS","totalRecords":56,"filters":{"cluster":"","branch":"","fromDate":"","toDate":"","status":""},"timestamp":"2026-07-07T12:17:06.061Z"}
7/7/2026, 5:47:06 pm | {"api":"/api/cash-closing-dashboard","event":"CASH_CLOSING_DASHBOARD_API_STARTED","filters":{"cluster":"","branch":"","fromDate":"","toDate":"","status":""},"timestamp":"2026-07-07T12:17:06.505Z"}
7/7/2026, 5:47:06 pm | {"api":"/api/cash-closing-dashboard","event":"CASH_CLOSING_DASHBOARD_DB_CONNECTED","timestamp":"2026-07-07T12:17:06.507Z"}
7/7/2026, 5:47:06 pm | {"api":"/api/cash-closing-dashboard","event":"CASH_CLOSING_DASHBOARD_QUERY_STARTED","filters":{"cluster":"","branch":"","fromDate":"","toDate":"","status":""},"timestamp":"2026-07-07T12:17:06.507Z"}
7/7/2026, 5:47:06 pm | {"api":"/api/cash-closing-dashboard","event":"CASH_CLOSING_DASHBOARD_DATA_FETCHED","totalRecords":56,"timestamp":"2026-07-07T12:17:06.514Z"}
7/7/2026, 5:47:06 pm | {"api":"/api/cash-closing-dashboard","event":"CASH_CLOSING_CLUSTER_FETCHED","totalClusters":4,"timestamp":"2026-07-07T12:17:06.517Z"}
7/7/2026, 5:47:06 pm | {"api":"/api/cash-closing-dashboard","event":"CASH_CLOSING_BRANCH_FETCHED","totalBranches":56,"timestamp":"2026-07-07T12:17:06.521Z"}
7/7/2026, 5:47:06 pm | {"api":"/api/cash-closing-dashboard","event":"CASH_CLOSING_DASHBOARD_SUCCESS","totalRecords":56,"filters":{"cluster":"","branch":"","fromDate":"","toDate":"","status":""},"timestamp":"2026-07-07T12:17:06.521Z"}
7/7/2026, 5:47:06 pm | {"api":"/api/cash-closing-dashboard","event":"CASH_CLOSING_DASHBOARD_API_STARTED","filters":{"cluster":"","branch":"","fromDate":"","toDate":"","status":""},"timestamp":"2026-07-07T12:17:06.674Z"}
7/7/2026, 5:47:06 pm | {"api":"/api/cash-closing-dashboard","event":"CASH_CLOSING_DASHBOARD_DB_CONNECTED","timestamp":"2026-07-07T12:17:06.675Z"}
7/7/2026, 5:47:06 pm | {"api":"/api/cash-closing-dashboard","event":"CASH_CLOSING_DASHBOARD_QUERY_STARTED","filters":{"cluster":"","branch":"","fromDate":"","toDate":"","status":""},"timestamp":"2026-07-07T12:17:06.676Z"}
7/7/2026, 5:47:06 pm | {"api":"/api/cash-closing-dashboard","event":"CASH_CLOSING_DASHBOARD_DATA_FETCHED","totalRecords":56,"timestamp":"2026-07-07T12:17:06.684Z"}
7/7/2026, 5:47:06 pm | {"api":"/api/cash-closing-dashboard","event":"CASH_CLOSING_CLUSTER_FETCHED","totalClusters":4,"timestamp":"2026-07-07T12:17:06.688Z"}
7/7/2026, 5:47:06 pm | {"api":"/api/cash-closing-dashboard","event":"CASH_CLOSING_BRANCH_FETCHED","totalBranches":56,"timestamp":"2026-07-07T12:17:06.692Z"}
7/7/2026, 5:47:06 pm | {"api":"/api/cash-closing-dashboard","event":"CASH_CLOSING_DASHBOARD_SUCCESS","totalRecords":56,"filters":{"cluster":"","branch":"","fromDate":"","toDate":"","status":""},"timestamp":"2026-07-07T12:17:06.692Z"}
7/7/2026, 5:47:19 pm | {"api":"/login","event":"LOGIN_API_STARTED","mpin":"2849","deviceId":"50372d90b5c12d07","timestamp":"2026-07-07T12:17:19.847Z"}
7/7/2026, 5:47:19 pm | {"event":"LOGIN_REQUEST","mpin":"2849","deviceId":"50372d90b5c12d07","timestamp":"2026-07-07T12:17:19.848Z"}
7/7/2026, 5:47:19 pm | {"api":"/login","event":"LOGIN_DB_QUERY_STARTED","mpin":"2849","timestamp":"2026-07-07T12:17:19.849Z"}
7/7/2026, 5:47:19 pm | {"api":"/login","event":"LOGIN_USER_FOUND","empNo":"494","branch":"Vuyyuru","designation":"Branch Manager","timestamp":"2026-07-07T12:17:19.859Z"}
7/7/2026, 5:47:19 pm | {"api":"/login","event":"LOGIN_DEVICE_CHECK","empNo":"494","savedDevice":"50372d90b5c12d07","currentDevice":"50372d90b5c12d07","timestamp":"2026-07-07T12:17:19.860Z"}
7/7/2026, 5:47:19 pm | {"api":"/login","event":"LOGIN_SUCCESS","empNo":"494","branch":"Vuyyuru","designation":"Branch Manager","loginTime":"2026-07-07T12:17:19.868Z"}
7/7/2026, 5:47:20 pm | {"api":"/employee/:empNo","event":"EMPLOYEE_API_STARTED","empNo":"494","timestamp":"2026-07-07T12:17:20.057Z"}
7/7/2026, 5:47:20 pm | {"api":"/employee/:empNo","event":"EMPLOYEE_DB_QUERY_STARTED","empNo":"494","timestamp":"2026-07-07T12:17:20.058Z"}
7/7/2026, 5:47:20 pm | {"api":"/employee/:empNo","event":"EMPLOYEE_FETCH_SUCCESS","empNo":"494","employeeName":"N Naga Siva Krishna","branch":"Vuyyuru","designation":"Branch Manager","timestamp":"2026-07-07T12:17:20.062Z"}
7/7/2026, 5:47:20 pm | {"api":"/last-submission/:empNo","event":"LAST_SUBMISSION_API_STARTED","empNo":"494","timestamp":"2026-07-07T12:17:20.144Z"}
7/7/2026, 5:47:20 pm | {"api":"/last-submission/:empNo","event":"LAST_SUBMISSION_DB_QUERY_STARTED","empNo":"494","timestamp":"2026-07-07T12:17:20.145Z"}
7/7/2026, 5:47:20 pm | {"api":"/last-submission/:empNo","event":"LAST_SUBMISSION_FETCH_SUCCESS","empNo":"494","amount":240000,"actionAt":"2026-07-06 16:32:45","timestamp":"2026-07-07T12:17:20.149Z"}
7/7/2026, 5:47:20 pm | {"api":"/today-cash/:empNo","event":"TODAY_CASH_API_STARTED","empNo":"494","timestamp":"2026-07-07T12:17:20.360Z"}
7/7/2026, 5:47:20 pm | {"api":"/today-cash/:empNo","event":"TODAY_CASH_DB_QUERY_STARTED","empNo":"494","timestamp":"2026-07-07T12:17:20.361Z"}
7/7/2026, 5:47:20 pm | {"api":"/today-cash/:empNo","event":"TODAY_CASH_NOT_FOUND","empNo":"494","timestamp":"2026-07-07T12:17:20.365Z"}
7/7/2026, 5:47:21 pm | {"api":"/api/cash-closing-dashboard","event":"CASH_CLOSING_DASHBOARD_API_STARTED","filters":{"cluster":"","branch":"","fromDate":"","toDate":"","status":""},"timestamp":"2026-07-07T12:17:21.008Z"}
7/7/2026, 5:47:21 pm | {"api":"/api/cash-closing-dashboard","event":"CASH_CLOSING_DASHBOARD_DB_CONNECTED","timestamp":"2026-07-07T12:17:21.009Z"}
7/7/2026, 5:47:21 pm | {"api":"/api/cash-closing-dashboard","event":"CASH_CLOSING_DASHBOARD_QUERY_STARTED","filters":{"cluster":"","branch":"","fromDate":"","toDate":"","status":""},"timestamp":"2026-07-07T12:17:21.010Z"}
7/7/2026, 5:47:21 pm | {"api":"/api/cash-closing-dashboard","event":"CASH_CLOSING_DASHBOARD_DATA_FETCHED","totalRecords":56,"timestamp":"2026-07-07T12:17:21.015Z"}
7/7/2026, 5:47:21 pm | {"api":"/api/cash-closing-dashboard","event":"CASH_CLOSING_CLUSTER_FETCHED","totalClusters":4,"timestamp":"2026-07-07T12:17:21.018Z"}
7/7/2026, 5:47:21 pm | {"api":"/api/cash-closing-dashboard","event":"CASH_CLOSING_BRANCH_FETCHED","totalBranches":56,"timestamp":"2026-07-07T12:17:21.021Z"}
7/7/2026, 5:47:21 pm | {"api":"/api/cash-closing-dashboard","event":"CASH_CLOSING_DASHBOARD_SUCCESS","totalRecords":56,"filters":{"cluster":"","branch":"","fromDate":"","toDate":"","status":""},"timestamp":"2026-07-07T12:17:21.022Z"}
7/7/2026, 5:47:21 pm | {"api":"/api/cash-closing-dashboard","event":"CASH_CLOSING_DASHBOARD_API_STARTED","filters":{"cluster":"","branch":"","fromDate":"","toDate":"","status":""},"timestamp":"2026-07-07T12:17:21.164Z"}
7/7/2026, 5:47:21 pm | {"api":"/api/cash-closing-dashboard","event":"CASH_CLOSING_DASHBOARD_DB_CONNECTED","timestamp":"2026-07-07T12:17:21.165Z"}
7/7/2026, 5:47:21 pm | {"api":"/api/cash-closing-dashboard","event":"CASH_CLOSING_DASHBOARD_QUERY_STARTED","filters":{"cluster":"","branch":"","fromDate":"","toDate":"","status":""},"timestamp":"2026-07-07T12:17:21.165Z"}
7/7/2026, 5:47:21 pm | {"api":"/api/cash-closing-dashboard","event":"CASH_CLOSING_DASHBOARD_DATA_FETCHED","totalRecords":56,"timestamp":"2026-07-07T12:17:21.172Z"}
7/7/2026, 5:47:21 pm | {"api":"/api/cash-closing-dashboard","event":"CASH_CLOSING_CLUSTER_FETCHED","totalClusters":4,"timestamp":"2026-07-07T12:17:21.176Z"}
7/7/2026, 5:47:21 pm | {"api":"/api/cash-closing-dashboard","event":"CASH_CLOSING_BRANCH_FETCHED","totalBranches":56,"timestamp":"2026-07-07T12:17:21.184Z"}
7/7/2026, 5:47:21 pm | {"api":"/api/cash-closing-dashboard","event":"CASH_CLOSING_DASHBOARD_SUCCESS","totalRecords":56,"filters":{"cluster":"","branch":"","fromDate":"","toDate":"","status":""},"timestamp":"2026-07-07T12:17:21.185Z"}
7/7/2026, 5:47:21 pm | {"api":"/api/cash-closing-dashboard","event":"CASH_CLOSING_DASHBOARD_API_STARTED","filters":{"cluster":"","branch":"","fromDate":"","toDate":"","status":""},"timestamp":"2026-07-07T12:17:21.324Z"}
7/7/2026, 5:47:21 pm | {"api":"/api/cash-closing-dashboard","event":"CASH_CLOSING_DASHBOARD_DB_CONNECTED","timestamp":"2026-07-07T12:17:21.325Z"}
7/7/2026, 5:47:21 pm | {"api":"/api/cash-closing-dashboard","event":"CASH_CLOSING_DASHBOARD_QUERY_STARTED","filters":{"cluster":"","branch":"","fromDate":"","toDate":"","status":""},"timestamp":"2026-07-07T12:17:21.326Z"}
7/7/2026, 5:47:21 pm | {"api":"/api/cash-closing-dashboard","event":"CASH_CLOSING_DASHBOARD_DATA_FETCHED","totalRecords":56,"timestamp":"2026-07-07T12:17:21.332Z"}
7/7/2026, 5:47:21 pm | {"api":"/api/cash-closing-dashboard","event":"CASH_CLOSING_CLUSTER_FETCHED","totalClusters":4,"timestamp":"2026-07-07T12:17:21.339Z"}
7/7/2026, 5:47:21 pm | {"api":"/api/cash-closing-dashboard","event":"CASH_CLOSING_BRANCH_FETCHED","totalBranches":56,"timestamp":"2026-07-07T12:17:21.343Z"}
7/7/2026, 5:47:21 pm | {"api":"/api/cash-closing-dashboard","event":"CASH_CLOSING_DASHBOARD_SUCCESS","totalRecords":56,"filters":{"cluster":"","branch":"","fromDate":"","toDate":"","status":""},"timestamp":"2026-07-07T12:17:21.344Z"}
7/7/2026, 5:47:21 pm | {"api":"/api/cash-closing-dashboard","event":"CASH_CLOSING_DASHBOARD_API_STARTED","filters":{"cluster":"","branch":"","fromDate":"","toDate":"","status":""},"timestamp":"2026-07-07T12:17:21.460Z"}
7/7/2026, 5:47:21 pm | {"api":"/api/cash-closing-dashboard","event":"CASH_CLOSING_DASHBOARD_DB_CONNECTED","timestamp":"2026-07-07T12:17:21.461Z"}
7/7/2026, 5:47:21 pm | {"api":"/api/cash-closing-dashboard","event":"CASH_CLOSING_DASHBOARD_QUERY_STARTED","filters":{"cluster":"","branch":"","fromDate":"","toDate":"","status":""},"timestamp":"2026-07-07T12:17:21.461Z"}
7/7/2026, 5:47:21 pm | {"api":"/api/cash-closing-dashboard","event":"CASH_CLOSING_DASHBOARD_DATA_FETCHED","totalRecords":56,"timestamp":"2026-07-07T12:17:21.467Z"}
7/7/2026, 5:47:21 pm | {"api":"/api/cash-closing-dashboard","event":"CASH_CLOSING_CLUSTER_FETCHED","totalClusters":4,"timestamp":"2026-07-07T12:17:21.471Z"}
7/7/2026, 5:47:21 pm | {"api":"/api/cash-closing-dashboard","event":"CASH_CLOSING_BRANCH_FETCHED","totalBranches":56,"timestamp":"2026-07-07T12:17:21.475Z"}
7/7/2026, 5:47:21 pm | {"api":"/api/cash-closing-dashboard","event":"CASH_CLOSING_DASHBOARD_SUCCESS","totalRecords":56,"filters":{"cluster":"","branch":"","fromDate":"","toDate":"","status":""},"timestamp":"2026-07-07T12:17:21.475Z"}
7/7/2026, 5:47:21 pm | {"api":"/api/cash-closing-dashboard","event":"CASH_CLOSING_DASHBOARD_API_STARTED","filters":{"cluster":"","branch":"","fromDate":"","toDate":"","status":""},"timestamp":"2026-07-07T12:17:21.604Z"}
7/7/2026, 5:47:21 pm | {"api":"/api/cash-closing-dashboard","event":"CASH_CLOSING_DASHBOARD_DB_CONNECTED","timestamp":"2026-07-07T12:17:21.605Z"}
7/7/2026, 5:47:21 pm | {"api":"/api/cash-closing-dashboard","event":"CASH_CLOSING_DASHBOARD_QUERY_STARTED","filters":{"cluster":"","branch":"","fromDate":"","toDate":"","status":""},"timestamp":"2026-07-07T12:17:21.606Z"}
7/7/2026, 5:47:21 pm | {"api":"/api/cash-closing-dashboard","event":"CASH_CLOSING_DASHBOARD_DATA_FETCHED","totalRecords":56,"timestamp":"2026-07-07T12:17:21.612Z"}
7/7/2026, 5:47:21 pm | {"api":"/api/cash-closing-dashboard","event":"CASH_CLOSING_CLUSTER_FETCHED","totalClusters":4,"timestamp":"2026-07-07T12:17:21.616Z"}
7/7/2026, 5:47:21 pm | {"api":"/api/cash-closing-dashboard","event":"CASH_CLOSING_BRANCH_FETCHED","totalBranches":56,"timestamp":"2026-07-07T12:17:21.620Z"}
7/7/2026, 5:47:21 pm | {"api":"/api/cash-closing-dashboard","event":"CASH_CLOSING_DASHBOARD_SUCCESS","totalRecords":56,"filters":{"cluster":"","branch":"","fromDate":"","toDate":"","status":""},"timestamp":"2026-07-07T12:17:21.620Z"}
7/7/2026, 5:47:36 pm | {"api":"/save-cash-closing","event":"SAVE_CASH_API_STARTED","empNo":"494","amount":"400000","timestamp":"2026-07-07T12:17:36.868Z"}
7/7/2026, 5:47:36 pm | {"api":"/save-cash-closing","event":"PREVIOUS_DAY_RECORD_FOUND","empNo":"494","oldDate":"2026-07-06T00:00:00.000Z","amount":240000,"timestamp":"2026-07-07T12:17:36.880Z"}
7/7/2026, 5:47:36 pm | {"api":"/save-cash-closing","event":"PREVIOUS_DAY_MOVED_TO_HISTORY","empNo":"494","timestamp":"2026-07-07T12:17:36.888Z"}
7/7/2026, 5:47:36 pm | {"api":"/save-cash-closing","event":"PREVIOUS_DAY_DELETED","empNo":"494","timestamp":"2026-07-07T12:17:36.898Z"}
7/7/2026, 5:47:36 pm | {"api":"/save-cash-closing","event":"SAVE_CASH_NEW_ENTRY","empNo":"494","amount":"400000","branch":"Vuyyuru","timestamp":"2026-07-07T12:17:36.903Z"}
7/7/2026, 5:47:36 pm | {"api":"/save-cash-closing","event":"SAVE_CASH_HISTORY_INSERTED","empNo":"494","actionType":"ADDED","version":1,"timestamp":"2026-07-07T12:17:36.949Z"}
7/7/2026, 5:47:36 pm | {"api":"/save-cash-closing","event":"SAVE_CASH_SUCCESS","type":"INSERT","empNo":"494","amount":"400000","timestamp":"2026-07-07T12:17:36.950Z"}
7/7/2026, 5:47:39 pm | {"api":"/save-cash-closing","event":"SAVE_CASH_API_STARTED","empNo":"494","amount":"400000","timestamp":"2026-07-07T12:17:39.223Z"}
7/7/2026, 5:47:39 pm | {"api":"/save-cash-closing","event":"SAVE_CASH_UPDATE_STARTED","empNo":"494","oldAmount":400000,"newAmount":"400000","currentVersion":1,"nextVersion":2,"timestamp":"2026-07-07T12:17:39.231Z"}
7/7/2026, 5:47:39 pm | {"api":"/save-cash-closing","event":"SAVE_CASH_HISTORY_UPDATED","empNo":"494","version":2,"timestamp":"2026-07-07T12:17:39.245Z"}
7/7/2026, 5:47:39 pm | {"api":"/save-cash-closing","event":"SAVE_CASH_SUCCESS","type":"UPDATE","empNo":"494","amount":"400000","version":2,"timestamp":"2026-07-07T12:17:39.246Z"}
7/7/2026, 5:47:41 pm | {"api":"/save-cash-closing","event":"SAVE_CASH_API_STARTED","empNo":"494","amount":"400000","timestamp":"2026-07-07T12:17:41.319Z"}
7/7/2026, 5:47:41 pm | {"api":"/save-cash-closing","event":"SAVE_CASH_UPDATE_STARTED","empNo":"494","oldAmount":400000,"newAmount":"400000","currentVersion":2,"nextVersion":3,"timestamp":"2026-07-07T12:17:41.328Z"}
7/7/2026, 5:47:41 pm | {"api":"/save-cash-closing","event":"SAVE_CASH_HISTORY_UPDATED","empNo":"494","version":3,"timestamp":"2026-07-07T12:17:41.344Z"}
7/7/2026, 5:47:41 pm | {"api":"/save-cash-closing","event":"SAVE_CASH_SUCCESS","type":"UPDATE","empNo":"494","amount":"400000","version":3,"timestamp":"2026-07-07T12:17:41.345Z"}
7/7/2026, 5:47:43 pm | {"api":"/login","event":"LOGIN_API_STARTED","mpin":"1030","deviceId":"cc05aabaa078fe2f","timestamp":"2026-07-07T12:17:43.220Z"}
7/7/2026, 5:47:43 pm | {"event":"LOGIN_REQUEST","mpin":"1030","deviceId":"cc05aabaa078fe2f","timestamp":"2026-07-07T12:17:43.221Z"}
7/7/2026, 5:47:43 pm | {"api":"/login","event":"LOGIN_DB_QUERY_STARTED","mpin":"1030","timestamp":"2026-07-07T12:17:43.222Z"}
7/7/2026, 5:47:43 pm | {"api":"/login","event":"LOGIN_USER_FOUND","empNo":"121","branch":"Narasaraopet","designation":"Branch Manager","timestamp":"2026-07-07T12:17:43.227Z"}
7/7/2026, 5:47:43 pm | {"api":"/login","event":"LOGIN_DEVICE_CHECK","empNo":"121","savedDevice":"cc05aabaa078fe2f","currentDevice":"cc05aabaa078fe2f","timestamp":"2026-07-07T12:17:43.228Z"}
7/7/2026, 5:47:43 pm | {"api":"/login","event":"LOGIN_SUCCESS","empNo":"121","branch":"Narasaraopet","designation":"Branch Manager","loginTime":"2026-07-07T12:17:43.236Z"}
7/7/2026, 5:47:43 pm | {"api":"/employee/:empNo","event":"EMPLOYEE_API_STARTED","empNo":"121","timestamp":"2026-07-07T12:17:43.450Z"}
7/7/2026, 5:47:43 pm | {"api":"/employee/:empNo","event":"EMPLOYEE_DB_QUERY_STARTED","empNo":"121","timestamp":"2026-07-07T12:17:43.451Z"}
7/7/2026, 5:47:43 pm | {"api":"/employee/:empNo","event":"EMPLOYEE_FETCH_SUCCESS","empNo":"121","employeeName":"B. Chandra Sekhar K","branch":"Narasaraopet","designation":"Branch Manager","timestamp":"2026-07-07T12:17:43.455Z"}
7/7/2026, 5:47:43 pm | {"api":"/last-submission/:empNo","event":"LAST_SUBMISSION_API_STARTED","empNo":"121","timestamp":"2026-07-07T12:17:43.530Z"}
7/7/2026, 5:47:43 pm | {"api":"/last-submission/:empNo","event":"LAST_SUBMISSION_DB_QUERY_STARTED","empNo":"121","timestamp":"2026-07-07T12:17:43.531Z"}
7/7/2026, 5:47:43 pm | {"api":"/last-submission/:empNo","event":"LAST_SUBMISSION_FETCH_SUCCESS","empNo":"121","amount":1958915,"actionAt":"2026-07-06 17:54:45","timestamp":"2026-07-07T12:17:43.536Z"}
7/7/2026, 5:47:43 pm | {"api":"/today-cash/:empNo","event":"TODAY_CASH_API_STARTED","empNo":"121","timestamp":"2026-07-07T12:17:43.750Z"}
7/7/2026, 5:47:43 pm | {"api":"/today-cash/:empNo","event":"TODAY_CASH_DB_QUERY_STARTED","empNo":"121","timestamp":"2026-07-07T12:17:43.751Z"}
7/7/2026, 5:47:43 pm | {"api":"/today-cash/:empNo","event":"TODAY_CASH_NOT_FOUND","empNo":"121","timestamp":"2026-07-07T12:17:43.755Z"}
7/7/2026, 5:47:57 pm | {"api":"/save-cash-closing","event":"SAVE_CASH_API_STARTED","empNo":"121","amount":"1061350","timestamp":"2026-07-07T12:17:57.285Z"}
7/7/2026, 5:47:57 pm | {"api":"/save-cash-closing","event":"PREVIOUS_DAY_RECORD_FOUND","empNo":"121","oldDate":"2026-07-06T00:00:00.000Z","amount":1958915,"timestamp":"2026-07-07T12:17:57.292Z"}
7/7/2026, 5:47:57 pm | {"api":"/save-cash-closing","event":"PREVIOUS_DAY_MOVED_TO_HISTORY","empNo":"121","timestamp":"2026-07-07T12:17:57.301Z"}
7/7/2026, 5:47:57 pm | {"api":"/save-cash-closing","event":"PREVIOUS_DAY_DELETED","empNo":"121","timestamp":"2026-07-07T12:17:57.308Z"}
7/7/2026, 5:47:57 pm | {"api":"/save-cash-closing","event":"SAVE_CASH_NEW_ENTRY","empNo":"121","amount":"1061350","branch":"Narasaraopet","timestamp":"2026-07-07T12:17:57.311Z"}
7/7/2026, 5:47:57 pm | {"api":"/save-cash-closing","event":"SAVE_CASH_HISTORY_INSERTED","empNo":"121","actionType":"ADDED","version":1,"timestamp":"2026-07-07T12:17:57.334Z"}
7/7/2026, 5:47:57 pm | {"api":"/save-cash-closing","event":"SAVE_CASH_SUCCESS","type":"INSERT","empNo":"121","amount":"1061350","timestamp":"2026-07-07T12:17:57.335Z"}
7/7/2026, 5:48:08 pm | {"api":"/api/cash-closing-dashboard","event":"CASH_CLOSING_DASHBOARD_API_STARTED","filters":{"cluster":"","branch":"","fromDate":"","toDate":"","status":""},"timestamp":"2026-07-07T12:18:08.728Z"}
7/7/2026, 5:48:08 pm | {"api":"/api/cash-closing-dashboard","event":"CASH_CLOSING_DASHBOARD_DB_CONNECTED","timestamp":"2026-07-07T12:18:08.729Z"}
7/7/2026, 5:48:08 pm | {"api":"/api/cash-closing-dashboard","event":"CASH_CLOSING_DASHBOARD_QUERY_STARTED","filters":{"cluster":"","branch":"","fromDate":"","toDate":"","status":""},"timestamp":"2026-07-07T12:18:08.729Z"}
7/7/2026, 5:48:08 pm | {"api":"/api/cash-closing-dashboard","event":"CASH_CLOSING_DASHBOARD_DATA_FETCHED","totalRecords":56,"timestamp":"2026-07-07T12:18:08.735Z"}
7/7/2026, 5:48:08 pm | {"api":"/api/cash-closing-dashboard","event":"CASH_CLOSING_CLUSTER_FETCHED","totalClusters":4,"timestamp":"2026-07-07T12:18:08.742Z"}
7/7/2026, 5:48:08 pm | {"api":"/api/cash-closing-dashboard","event":"CASH_CLOSING_BRANCH_FETCHED","totalBranches":56,"timestamp":"2026-07-07T12:18:08.746Z"}
7/7/2026, 5:48:08 pm | {"api":"/api/cash-closing-dashboard","event":"CASH_CLOSING_DASHBOARD_SUCCESS","totalRecords":56,"filters":{"cluster":"","branch":"","fromDate":"","toDate":"","status":""},"timestamp":"2026-07-07T12:18:08.747Z"}
7/7/2026, 5:48:08 pm | {"api":"/api/cash-closing-dashboard","event":"CASH_CLOSING_DASHBOARD_API_STARTED","filters":{"cluster":"","branch":"","fromDate":"","toDate":"","status":""},"timestamp":"2026-07-07T12:18:08.843Z"}
7/7/2026, 5:48:08 pm | {"api":"/api/cash-closing-dashboard","event":"CASH_CLOSING_DASHBOARD_DB_CONNECTED","timestamp":"2026-07-07T12:18:08.844Z"}
7/7/2026, 5:48:08 pm | {"api":"/api/cash-closing-dashboard","event":"CASH_CLOSING_DASHBOARD_QUERY_STARTED","filters":{"cluster":"","branch":"","fromDate":"","toDate":"","status":""},"timestamp":"2026-07-07T12:18:08.844Z"}
7/7/2026, 5:48:08 pm | {"api":"/api/cash-closing-dashboard","event":"CASH_CLOSING_DASHBOARD_DATA_FETCHED","totalRecords":56,"timestamp":"2026-07-07T12:18:08.850Z"}
7/7/2026, 5:48:08 pm | {"api":"/api/cash-closing-dashboard","event":"CASH_CLOSING_CLUSTER_FETCHED","totalClusters":4,"timestamp":"2026-07-07T12:18:08.854Z"}
7/7/2026, 5:48:08 pm | {"api":"/api/cash-closing-dashboard","event":"CASH_CLOSING_BRANCH_FETCHED","totalBranches":56,"timestamp":"2026-07-07T12:18:08.857Z"}
7/7/2026, 5:48:08 pm | {"api":"/api/cash-closing-dashboard","event":"CASH_CLOSING_DASHBOARD_SUCCESS","totalRecords":56,"filters":{"cluster":"","branch":"","fromDate":"","toDate":"","status":""},"timestamp":"2026-07-07T12:18:08.858Z"}
7/7/2026, 5:48:09 pm | {"api":"/api/cash-closing-dashboard","event":"CASH_CLOSING_DASHBOARD_API_STARTED","filters":{"cluster":"","branch":"","fromDate":"","toDate":"","status":""},"timestamp":"2026-07-07T12:18:09.002Z"}
7/7/2026, 5:48:09 pm | {"api":"/api/cash-closing-dashboard","event":"CASH_CLOSING_DASHBOARD_DB_CONNECTED","timestamp":"2026-07-07T12:18:09.003Z"}
7/7/2026, 5:48:09 pm | {"api":"/api/cash-closing-dashboard","event":"CASH_CLOSING_DASHBOARD_QUERY_STARTED","filters":{"cluster":"","branch":"","fromDate":"","toDate":"","status":""},"timestamp":"2026-07-07T12:18:09.004Z"}
7/7/2026, 5:48:09 pm | {"api":"/api/cash-closing-dashboard","event":"CASH_CLOSING_DASHBOARD_DATA_FETCHED","totalRecords":56,"timestamp":"2026-07-07T12:18:09.011Z"}
7/7/2026, 5:48:09 pm | {"api":"/api/cash-closing-dashboard","event":"CASH_CLOSING_CLUSTER_FETCHED","totalClusters":4,"timestamp":"2026-07-07T12:18:09.014Z"}
7/7/2026, 5:48:09 pm | {"api":"/api/cash-closing-dashboard","event":"CASH_CLOSING_BRANCH_FETCHED","totalBranches":56,"timestamp":"2026-07-07T12:18:09.021Z"}
7/7/2026, 5:48:09 pm | {"api":"/api/cash-closing-dashboard","event":"CASH_CLOSING_DASHBOARD_SUCCESS","totalRecords":56,"filters":{"cluster":"","branch":"","fromDate":"","toDate":"","status":""},"timestamp":"2026-07-07T12:18:09.022Z"}
7/7/2026, 5:48:09 pm | {"api":"/api/cash-closing-dashboard","event":"CASH_CLOSING_DASHBOARD_API_STARTED","filters":{"cluster":"","branch":"","fromDate":"","toDate":"","status":""},"timestamp":"2026-07-07T12:18:09.139Z"}
7/7/2026, 5:48:09 pm | {"api":"/api/cash-closing-dashboard","event":"CASH_CLOSING_DASHBOARD_DB_CONNECTED","timestamp":"2026-07-07T12:18:09.140Z"}
7/7/2026, 5:48:09 pm | {"api":"/api/cash-closing-dashboard","event":"CASH_CLOSING_DASHBOARD_QUERY_STARTED","filters":{"cluster":"","branch":"","fromDate":"","toDate":"","status":""},"timestamp":"2026-07-07T12:18:09.141Z"}
7/7/2026, 5:48:09 pm | {"api":"/api/cash-closing-dashboard","event":"CASH_CLOSING_DASHBOARD_DATA_FETCHED","totalRecords":56,"timestamp":"2026-07-07T12:18:09.148Z"}
7/7/2026, 5:48:09 pm | {"api":"/api/cash-closing-dashboard","event":"CASH_CLOSING_CLUSTER_FETCHED","totalClusters":4,"timestamp":"2026-07-07T12:18:09.151Z"}
7/7/2026, 5:48:09 pm | {"api":"/api/cash-closing-dashboard","event":"CASH_CLOSING_BRANCH_FETCHED","totalBranches":56,"timestamp":"2026-07-07T12:18:09.156Z"}
7/7/2026, 5:48:09 pm | {"api":"/api/cash-closing-dashboard","event":"CASH_CLOSING_DASHBOARD_SUCCESS","totalRecords":56,"filters":{"cluster":"","branch":"","fromDate":"","toDate":"","status":""},"timestamp":"2026-07-07T12:18:09.156Z"}
7/7/2026, 5:48:09 pm | {"api":"/api/cash-closing-dashboard","event":"CASH_CLOSING_DASHBOARD_API_STARTED","filters":{"cluster":"","branch":"","fromDate":"","toDate":"","status":""},"timestamp":"2026-07-07T12:18:09.275Z"}
7/7/2026, 5:48:09 pm | {"api":"/api/cash-closing-dashboard","event":"CASH_CLOSING_DASHBOARD_DB_CONNECTED","timestamp":"2026-07-07T12:18:09.276Z"}
7/7/2026, 5:48:09 pm | {"api":"/api/cash-closing-dashboard","event":"CASH_CLOSING_DASHBOARD_QUERY_STARTED","filters":{"cluster":"","branch":"","fromDate":"","toDate":"","status":""},"timestamp":"2026-07-07T12:18:09.277Z"}
7/7/2026, 5:48:09 pm | {"api":"/api/cash-closing-dashboard","event":"CASH_CLOSING_DASHBOARD_DATA_FETCHED","totalRecords":56,"timestamp":"2026-07-07T12:18:09.284Z"}
7/7/2026, 5:48:09 pm | {"api":"/api/cash-closing-dashboard","event":"CASH_CLOSING_CLUSTER_FETCHED","totalClusters":4,"timestamp":"2026-07-07T12:18:09.287Z"}
7/7/2026, 5:48:09 pm | {"api":"/api/cash-closing-dashboard","event":"CASH_CLOSING_BRANCH_FETCHED","totalBranches":56,"timestamp":"2026-07-07T12:18:09.291Z"}
7/7/2026, 5:48:09 pm | {"api":"/api/cash-closing-dashboard","event":"CASH_CLOSING_DASHBOARD_SUCCESS","totalRecords":56,"filters":{"cluster":"","branch":"","fromDate":"","toDate":"","status":""},"timestamp":"2026-07-07T12:18:09.292Z"}
7/7/2026, 5:48:22 pm | {"api":"/api/cash-closing-dashboard","event":"CASH_CLOSING_DASHBOARD_API_STARTED","filters":{"cluster":"","branch":"","fromDate":"","toDate":"","status":""},"timestamp":"2026-07-07T12:18:22.595Z"}
7/7/2026, 5:48:22 pm | {"api":"/api/cash-closing-dashboard","event":"CASH_CLOSING_DASHBOARD_DB_CONNECTED","timestamp":"2026-07-07T12:18:22.597Z"}
7/7/2026, 5:48:22 pm | {"api":"/api/cash-closing-dashboard","event":"CASH_CLOSING_DASHBOARD_QUERY_STARTED","filters":{"cluster":"","branch":"","fromDate":"","toDate":"","status":""},"timestamp":"2026-07-07T12:18:22.597Z"}
7/7/2026, 5:48:22 pm | {"api":"/api/cash-closing-dashboard","event":"CASH_CLOSING_DASHBOARD_DATA_FETCHED","totalRecords":56,"timestamp":"2026-07-07T12:18:22.604Z"}
7/7/2026, 5:48:22 pm | {"api":"/api/cash-closing-dashboard","event":"CASH_CLOSING_CLUSTER_FETCHED","totalClusters":4,"timestamp":"2026-07-07T12:18:22.607Z"}
7/7/2026, 5:48:22 pm | {"api":"/api/cash-closing-dashboard","event":"CASH_CLOSING_BRANCH_FETCHED","totalBranches":56,"timestamp":"2026-07-07T12:18:22.611Z"}
7/7/2026, 5:48:22 pm | {"api":"/api/cash-closing-dashboard","event":"CASH_CLOSING_DASHBOARD_SUCCESS","totalRecords":56,"filters":{"cluster":"","branch":"","fromDate":"","toDate":"","status":""},"timestamp":"2026-07-07T12:18:22.611Z"}
7/7/2026, 5:48:22 pm | {"api":"/api/cash-closing-dashboard","event":"CASH_CLOSING_DASHBOARD_API_STARTED","filters":{"cluster":"","branch":"","fromDate":"","toDate":"","status":""},"timestamp":"2026-07-07T12:18:22.745Z"}
7/7/2026, 5:48:22 pm | {"api":"/api/cash-closing-dashboard","event":"CASH_CLOSING_DASHBOARD_DB_CONNECTED","timestamp":"2026-07-07T12:18:22.746Z"}
7/7/2026, 5:48:22 pm | {"api":"/api/cash-closing-dashboard","event":"CASH_CLOSING_DASHBOARD_QUERY_STARTED","filters":{"cluster":"","branch":"","fromDate":"","toDate":"","status":""},"timestamp":"2026-07-07T12:18:22.747Z"}
7/7/2026, 5:48:22 pm | {"api":"/api/cash-closing-dashboard","event":"CASH_CLOSING_DASHBOARD_DATA_FETCHED","totalRecords":56,"timestamp":"2026-07-07T12:18:22.755Z"}
7/7/2026, 5:48:22 pm | {"api":"/api/cash-closing-dashboard","event":"CASH_CLOSING_CLUSTER_FETCHED","totalClusters":4,"timestamp":"2026-07-07T12:18:22.760Z"}
7/7/2026, 5:48:22 pm | {"api":"/api/cash-closing-dashboard","event":"CASH_CLOSING_BRANCH_FETCHED","totalBranches":56,"timestamp":"2026-07-07T12:18:22.763Z"}
7/7/2026, 5:48:22 pm | {"api":"/api/cash-closing-dashboard","event":"CASH_CLOSING_DASHBOARD_SUCCESS","totalRecords":56,"filters":{"cluster":"","branch":"","fromDate":"","toDate":"","status":""},"timestamp":"2026-07-07T12:18:22.764Z"}
7/7/2026, 5:48:22 pm | {"api":"/api/cash-closing-dashboard","event":"CASH_CLOSING_DASHBOARD_API_STARTED","filters":{"cluster":"","branch":"","fromDate":"","toDate":"","status":""},"timestamp":"2026-07-07T12:18:22.896Z"}
7/7/2026, 5:48:22 pm | {"api":"/api/cash-closing-dashboard","event":"CASH_CLOSING_DASHBOARD_DB_CONNECTED","timestamp":"2026-07-07T12:18:22.898Z"}
7/7/2026, 5:48:22 pm | {"api":"/api/cash-closing-dashboard","event":"CASH_CLOSING_DASHBOARD_QUERY_STARTED","filters":{"cluster":"","branch":"","fromDate":"","toDate":"","status":""},"timestamp":"2026-07-07T12:18:22.899Z"}
7/7/2026, 5:48:22 pm | {"api":"/api/cash-closing-dashboard","event":"CASH_CLOSING_DASHBOARD_DATA_FETCHED","totalRecords":56,"timestamp":"2026-07-07T12:18:22.907Z"}
7/7/2026, 5:48:22 pm | {"api":"/api/cash-closing-dashboard","event":"CASH_CLOSING_CLUSTER_FETCHED","totalClusters":4,"timestamp":"2026-07-07T12:18:22.910Z"}
7/7/2026, 5:48:22 pm | {"api":"/api/cash-closing-dashboard","event":"CASH_CLOSING_BRANCH_FETCHED","totalBranches":56,"timestamp":"2026-07-07T12:18:22.914Z"}
7/7/2026, 5:48:22 pm | {"api":"/api/cash-closing-dashboard","event":"CASH_CLOSING_DASHBOARD_SUCCESS","totalRecords":56,"filters":{"cluster":"","branch":"","fromDate":"","toDate":"","status":""},"timestamp":"2026-07-07T12:18:22.915Z"}
7/7/2026, 5:48:23 pm | {"api":"/api/cash-closing-dashboard","event":"CASH_CLOSING_DASHBOARD_API_STARTED","filters":{"cluster":"","branch":"","fromDate":"","toDate":"","status":""},"timestamp":"2026-07-07T12:18:23.057Z"}
7/7/2026, 5:48:23 pm | {"api":"/api/cash-closing-dashboard","event":"CASH_CLOSING_DASHBOARD_DB_CONNECTED","timestamp":"2026-07-07T12:18:23.058Z"}
7/7/2026, 5:48:23 pm | {"api":"/api/cash-closing-dashboard","event":"CASH_CLOSING_DASHBOARD_QUERY_STARTED","filters":{"cluster":"","branch":"","fromDate":"","toDate":"","status":""},"timestamp":"2026-07-07T12:18:23.059Z"}
7/7/2026, 5:48:23 pm | {"api":"/api/cash-closing-dashboard","event":"CASH_CLOSING_DASHBOARD_DATA_FETCHED","totalRecords":56,"timestamp":"2026-07-07T12:18:23.064Z"}
7/7/2026, 5:48:23 pm | {"api":"/api/cash-closing-dashboard","event":"CASH_CLOSING_CLUSTER_FETCHED","totalClusters":4,"timestamp":"2026-07-07T12:18:23.068Z"}
7/7/2026, 5:48:23 pm | {"api":"/api/cash-closing-dashboard","event":"CASH_CLOSING_BRANCH_FETCHED","totalBranches":56,"timestamp":"2026-07-07T12:18:23.072Z"}
7/7/2026, 5:48:23 pm | {"api":"/api/cash-closing-dashboard","event":"CASH_CLOSING_DASHBOARD_SUCCESS","totalRecords":56,"filters":{"cluster":"","branch":"","fromDate":"","toDate":"","status":""},"timestamp":"2026-07-07T12:18:23.073Z"}
7/7/2026, 5:48:23 pm | {"api":"/api/cash-closing-dashboard","event":"CASH_CLOSING_DASHBOARD_API_STARTED","filters":{"cluster":"","branch":"","fromDate":"","toDate":"","status":""},"timestamp":"2026-07-07T12:18:23.177Z"}
7/7/2026, 5:48:23 pm | {"api":"/api/cash-closing-dashboard","event":"CASH_CLOSING_DASHBOARD_DB_CONNECTED","timestamp":"2026-07-07T12:18:23.178Z"}
7/7/2026, 5:48:23 pm | {"api":"/api/cash-closing-dashboard","event":"CASH_CLOSING_DASHBOARD_QUERY_STARTED","filters":{"cluster":"","branch":"","fromDate":"","toDate":"","status":""},"timestamp":"2026-07-07T12:18:23.179Z"}
7/7/2026, 5:48:23 pm | {"api":"/api/cash-closing-dashboard","event":"CASH_CLOSING_DASHBOARD_DATA_FETCHED","totalRecords":56,"timestamp":"2026-07-07T12:18:23.187Z"}
7/7/2026, 5:48:23 pm | {"api":"/api/cash-closing-dashboard","event":"CASH_CLOSING_CLUSTER_FETCHED","totalClusters":4,"timestamp":"2026-07-07T12:18:23.191Z"}
7/7/2026, 5:48:23 pm | {"api":"/api/cash-closing-dashboard","event":"CASH_CLOSING_BRANCH_FETCHED","totalBranches":56,"timestamp":"2026-07-07T12:18:23.194Z"}
7/7/2026, 5:48:23 pm | {"api":"/api/cash-closing-dashboard","event":"CASH_CLOSING_DASHBOARD_SUCCESS","totalRecords":56,"filters":{"cluster":"","branch":"","fromDate":"","toDate":"","status":""},"timestamp":"2026-07-07T12:18:23.195Z"}
7/7/2026, 5:48:23 pm | {"api":"/api/cash-closing-dashboard","event":"CASH_CLOSING_DASHBOARD_API_STARTED","filters":{"cluster":"","branch":"","fromDate":"","toDate":"","status":""},"timestamp":"2026-07-07T12:18:23.297Z"}
7/7/2026, 5:48:23 pm | {"api":"/api/cash-closing-dashboard","event":"CASH_CLOSING_DASHBOARD_DB_CONNECTED","timestamp":"2026-07-07T12:18:23.298Z"}
7/7/2026, 5:48:23 pm | {"api":"/api/cash-closing-dashboard","event":"CASH_CLOSING_DASHBOARD_QUERY_STARTED","filters":{"cluster":"","branch":"","fromDate":"","toDate":"","status":""},"timestamp":"2026-07-07T12:18:23.299Z"}
7/7/2026, 5:48:23 pm | {"api":"/api/cash-closing-dashboard","event":"CASH_CLOSING_DASHBOARD_DATA_FETCHED","totalRecords":56,"timestamp":"2026-07-07T12:18:23.306Z"}
7/7/2026, 5:48:23 pm | {"api":"/api/cash-closing-dashboard","event":"CASH_CLOSING_CLUSTER_FETCHED","totalClusters":4,"timestamp":"2026-07-07T12:18:23.309Z"}
7/7/2026, 5:48:23 pm | {"api":"/api/cash-closing-dashboard","event":"CASH_CLOSING_BRANCH_FETCHED","totalBranches":56,"timestamp":"2026-07-07T12:18:23.315Z"}
7/7/2026, 5:48:23 pm | {"api":"/api/cash-closing-dashboard","event":"CASH_CLOSING_DASHBOARD_SUCCESS","totalRecords":56,"filters":{"cluster":"","branch":"","fromDate":"","toDate":"","status":""},"timestamp":"2026-07-07T12:18:23.316Z"}
7/7/2026, 5:48:30 pm | {"api":"/api/cash-closing-dashboard","event":"CASH_CLOSING_DASHBOARD_API_STARTED","filters":{"cluster":"","branch":"","fromDate":"","toDate":"","status":""},"timestamp":"2026-07-07T12:18:30.870Z"}
7/7/2026, 5:48:30 pm | {"api":"/api/cash-closing-dashboard","event":"CASH_CLOSING_DASHBOARD_DB_CONNECTED","timestamp":"2026-07-07T12:18:30.871Z"}
7/7/2026, 5:48:30 pm | {"api":"/api/cash-closing-dashboard","event":"CASH_CLOSING_DASHBOARD_QUERY_STARTED","filters":{"cluster":"","branch":"","fromDate":"","toDate":"","status":""},"timestamp":"2026-07-07T12:18:30.872Z"}
7/7/2026, 5:48:30 pm | {"api":"/api/cash-closing-dashboard","event":"CASH_CLOSING_DASHBOARD_DATA_FETCHED","totalRecords":56,"timestamp":"2026-07-07T12:18:30.877Z"}
7/7/2026, 5:48:30 pm | {"api":"/api/cash-closing-dashboard","event":"CASH_CLOSING_CLUSTER_FETCHED","totalClusters":4,"timestamp":"2026-07-07T12:18:30.881Z"}
7/7/2026, 5:48:30 pm | {"api":"/api/cash-closing-dashboard","event":"CASH_CLOSING_BRANCH_FETCHED","totalBranches":56,"timestamp":"2026-07-07T12:18:30.884Z"}
7/7/2026, 5:48:30 pm | {"api":"/api/cash-closing-dashboard","event":"CASH_CLOSING_DASHBOARD_SUCCESS","totalRecords":56,"filters":{"cluster":"","branch":"","fromDate":"","toDate":"","status":""},"timestamp":"2026-07-07T12:18:30.885Z"}
7/7/2026, 5:48:31 pm | {"api":"/api/cash-closing-dashboard","event":"CASH_CLOSING_DASHBOARD_API_STARTED","filters":{"cluster":"","branch":"","fromDate":"","toDate":"","status":""},"timestamp":"2026-07-07T12:18:31.034Z"}
7/7/2026, 5:48:31 pm | {"api":"/api/cash-closing-dashboard","event":"CASH_CLOSING_DASHBOARD_DB_CONNECTED","timestamp":"2026-07-07T12:18:31.035Z"}
7/7/2026, 5:48:31 pm | {"api":"/api/cash-closing-dashboard","event":"CASH_CLOSING_DASHBOARD_QUERY_STARTED","filters":{"cluster":"","branch":"","fromDate":"","toDate":"","status":""},"timestamp":"2026-07-07T12:18:31.036Z"}
7/7/2026, 5:48:31 pm | {"api":"/api/cash-closing-dashboard","event":"CASH_CLOSING_DASHBOARD_DATA_FETCHED","totalRecords":56,"timestamp":"2026-07-07T12:18:31.044Z"}
7/7/2026, 5:48:31 pm | {"api":"/api/cash-closing-dashboard","event":"CASH_CLOSING_CLUSTER_FETCHED","totalClusters":4,"timestamp":"2026-07-07T12:18:31.048Z"}
7/7/2026, 5:48:31 pm | {"api":"/api/cash-closing-dashboard","event":"CASH_CLOSING_BRANCH_FETCHED","totalBranches":56,"timestamp":"2026-07-07T12:18:31.052Z"}
7/7/2026, 5:48:31 pm | {"api":"/api/cash-closing-dashboard","event":"CASH_CLOSING_DASHBOARD_SUCCESS","totalRecords":56,"filters":{"cluster":"","branch":"","fromDate":"","toDate":"","status":""},"timestamp":"2026-07-07T12:18:31.052Z"}
7/7/2026, 5:48:42 pm | {"api":"/login","event":"LOGIN_API_STARTED","mpin":"2580","deviceId":"81b65917c9367902","timestamp":"2026-07-07T12:18:42.937Z"}
7/7/2026, 5:48:42 pm | {"event":"LOGIN_REQUEST","mpin":"2580","deviceId":"81b65917c9367902","timestamp":"2026-07-07T12:18:42.938Z"}
7/7/2026, 5:48:42 pm | {"api":"/login","event":"LOGIN_DB_QUERY_STARTED","mpin":"2580","timestamp":"2026-07-07T12:18:42.939Z"}
7/7/2026, 5:48:42 pm | {"api":"/login","event":"LOGIN_USER_FOUND","empNo":"974","branch":"Gopalapatnam","designation":"Branch Manager","timestamp":"2026-07-07T12:18:42.947Z"}
7/7/2026, 5:48:42 pm | {"api":"/login","event":"LOGIN_DEVICE_CHECK","empNo":"974","savedDevice":"81b65917c9367902","currentDevice":"81b65917c9367902","timestamp":"2026-07-07T12:18:42.948Z"}
7/7/2026, 5:48:42 pm | {"api":"/login","event":"LOGIN_SUCCESS","empNo":"974","branch":"Gopalapatnam","designation":"Branch Manager","loginTime":"2026-07-07T12:18:42.956Z"}
7/7/2026, 5:48:43 pm | {"api":"/employee/:empNo","event":"EMPLOYEE_API_STARTED","empNo":"974","timestamp":"2026-07-07T12:18:43.196Z"}
7/7/2026, 5:48:43 pm | {"api":"/employee/:empNo","event":"EMPLOYEE_DB_QUERY_STARTED","empNo":"974","timestamp":"2026-07-07T12:18:43.197Z"}
7/7/2026, 5:48:43 pm | {"api":"/employee/:empNo","event":"EMPLOYEE_FETCH_SUCCESS","empNo":"974","employeeName":"T Sreenivas","branch":"Gopalapatnam","designation":"Branch Manager","timestamp":"2026-07-07T12:18:43.204Z"}
7/7/2026, 5:48:43 pm | {"api":"/last-submission/:empNo","event":"LAST_SUBMISSION_API_STARTED","empNo":"974","timestamp":"2026-07-07T12:18:43.301Z"}
7/7/2026, 5:48:43 pm | {"api":"/last-submission/:empNo","event":"LAST_SUBMISSION_DB_QUERY_STARTED","empNo":"974","timestamp":"2026-07-07T12:18:43.302Z"}
7/7/2026, 5:48:43 pm | {"api":"/last-submission/:empNo","event":"LAST_SUBMISSION_FETCH_SUCCESS","empNo":"974","amount":411744,"actionAt":"2026-07-06 17:46:28","timestamp":"2026-07-07T12:18:43.306Z"}
7/7/2026, 5:48:43 pm | {"api":"/today-cash/:empNo","event":"TODAY_CASH_API_STARTED","empNo":"974","timestamp":"2026-07-07T12:18:43.501Z"}
7/7/2026, 5:48:43 pm | {"api":"/today-cash/:empNo","event":"TODAY_CASH_DB_QUERY_STARTED","empNo":"974","timestamp":"2026-07-07T12:18:43.502Z"}
7/7/2026, 5:48:43 pm | {"api":"/today-cash/:empNo","event":"TODAY_CASH_NOT_FOUND","empNo":"974","timestamp":"2026-07-07T12:18:43.506Z"}
7/7/2026, 5:48:47 pm | {"api":"/api/cash-closing-dashboard","event":"CASH_CLOSING_DASHBOARD_API_STARTED","filters":{"cluster":"","branch":"","fromDate":"","toDate":"","status":""},"timestamp":"2026-07-07T12:18:47.405Z"}
7/7/2026, 5:48:47 pm | {"api":"/api/cash-closing-dashboard","event":"CASH_CLOSING_DASHBOARD_DB_CONNECTED","timestamp":"2026-07-07T12:18:47.407Z"}
7/7/2026, 5:48:47 pm | {"api":"/api/cash-closing-dashboard","event":"CASH_CLOSING_DASHBOARD_QUERY_STARTED","filters":{"cluster":"","branch":"","fromDate":"","toDate":"","status":""},"timestamp":"2026-07-07T12:18:47.407Z"}
7/7/2026, 5:48:47 pm | {"api":"/api/cash-closing-dashboard","event":"CASH_CLOSING_DASHBOARD_DATA_FETCHED","totalRecords":56,"timestamp":"2026-07-07T12:18:47.412Z"}
7/7/2026, 5:48:47 pm | {"api":"/api/cash-closing-dashboard","event":"CASH_CLOSING_CLUSTER_FETCHED","totalClusters":4,"timestamp":"2026-07-07T12:18:47.416Z"}
7/7/2026, 5:48:47 pm | {"api":"/api/cash-closing-dashboard","event":"CASH_CLOSING_BRANCH_FETCHED","totalBranches":56,"timestamp":"2026-07-07T12:18:47.419Z"}
7/7/2026, 5:48:47 pm | {"api":"/api/cash-closing-dashboard","event":"CASH_CLOSING_DASHBOARD_SUCCESS","totalRecords":56,"filters":{"cluster":"","branch":"","fromDate":"","toDate":"","status":""},"timestamp":"2026-07-07T12:18:47.420Z"}
7/7/2026, 5:48:47 pm | {"api":"/api/cash-closing-dashboard","event":"CASH_CLOSING_DASHBOARD_API_STARTED","filters":{"cluster":"","branch":"","fromDate":"","toDate":"","status":""},"timestamp":"2026-07-07T12:18:47.721Z"}
7/7/2026, 5:48:47 pm | {"api":"/api/cash-closing-dashboard","event":"CASH_CLOSING_DASHBOARD_DB_CONNECTED","timestamp":"2026-07-07T12:18:47.722Z"}
7/7/2026, 5:48:47 pm | {"api":"/api/cash-closing-dashboard","event":"CASH_CLOSING_DASHBOARD_QUERY_STARTED","filters":{"cluster":"","branch":"","fromDate":"","toDate":"","status":""},"timestamp":"2026-07-07T12:18:47.723Z"}
7/7/2026, 5:48:47 pm | {"api":"/api/cash-closing-dashboard","event":"CASH_CLOSING_DASHBOARD_DATA_FETCHED","totalRecords":56,"timestamp":"2026-07-07T12:18:47.730Z"}
7/7/2026, 5:48:47 pm | {"api":"/api/cash-closing-dashboard","event":"CASH_CLOSING_CLUSTER_FETCHED","totalClusters":4,"timestamp":"2026-07-07T12:18:47.733Z"}
7/7/2026, 5:48:47 pm | {"api":"/api/cash-closing-dashboard","event":"CASH_CLOSING_BRANCH_FETCHED","totalBranches":56,"timestamp":"2026-07-07T12:18:47.739Z"}
7/7/2026, 5:48:47 pm | {"api":"/api/cash-closing-dashboard","event":"CASH_CLOSING_DASHBOARD_SUCCESS","totalRecords":56,"filters":{"cluster":"","branch":"","fromDate":"","toDate":"","status":""},"timestamp":"2026-07-07T12:18:47.740Z"}
7/7/2026, 5:48:47 pm | {"api":"/api/cash-closing-dashboard","event":"CASH_CLOSING_DASHBOARD_API_STARTED","filters":{"cluster":"","branch":"","fromDate":"","toDate":"","status":""},"timestamp":"2026-07-07T12:18:47.873Z"}
7/7/2026, 5:48:47 pm | {"api":"/api/cash-closing-dashboard","event":"CASH_CLOSING_DASHBOARD_DB_CONNECTED","timestamp":"2026-07-07T12:18:47.874Z"}
7/7/2026, 5:48:47 pm | {"api":"/api/cash-closing-dashboard","event":"CASH_CLOSING_DASHBOARD_QUERY_STARTED","filters":{"cluster":"","branch":"","fromDate":"","toDate":"","status":""},"timestamp":"2026-07-07T12:18:47.874Z"}
7/7/2026, 5:48:47 pm | {"api":"/api/cash-closing-dashboard","event":"CASH_CLOSING_DASHBOARD_DATA_FETCHED","totalRecords":56,"timestamp":"2026-07-07T12:18:47.882Z"}
7/7/2026, 5:48:47 pm | {"api":"/api/cash-closing-dashboard","event":"CASH_CLOSING_CLUSTER_FETCHED","totalClusters":4,"timestamp":"2026-07-07T12:18:47.886Z"}
7/7/2026, 5:48:47 pm | {"api":"/api/cash-closing-dashboard","event":"CASH_CLOSING_BRANCH_FETCHED","totalBranches":56,"timestamp":"2026-07-07T12:18:47.892Z"}
7/7/2026, 5:48:47 pm | {"api":"/api/cash-closing-dashboard","event":"CASH_CLOSING_DASHBOARD_SUCCESS","totalRecords":56,"filters":{"cluster":"","branch":"","fromDate":"","toDate":"","status":""},"timestamp":"2026-07-07T12:18:47.893Z"}
7/7/2026, 5:48:51 pm | {"api":"/save-cash-closing","event":"SAVE_CASH_API_STARTED","empNo":"974","amount":"410200","timestamp":"2026-07-07T12:18:51.827Z"}
7/7/2026, 5:48:51 pm | {"api":"/save-cash-closing","event":"PREVIOUS_DAY_RECORD_FOUND","empNo":"974","oldDate":"2026-07-06T00:00:00.000Z","amount":411744,"timestamp":"2026-07-07T12:18:51.835Z"}
7/7/2026, 5:48:51 pm | {"api":"/save-cash-closing","event":"PREVIOUS_DAY_MOVED_TO_HISTORY","empNo":"974","timestamp":"2026-07-07T12:18:51.844Z"}
7/7/2026, 5:48:51 pm | {"api":"/save-cash-closing","event":"PREVIOUS_DAY_DELETED","empNo":"974","timestamp":"2026-07-07T12:18:51.852Z"}
7/7/2026, 5:48:51 pm | {"api":"/save-cash-closing","event":"SAVE_CASH_NEW_ENTRY","empNo":"974","amount":"410200","branch":"Gopalapatnam","timestamp":"2026-07-07T12:18:51.854Z"}
7/7/2026, 5:48:51 pm | {"api":"/save-cash-closing","event":"SAVE_CASH_HISTORY_INSERTED","empNo":"974","actionType":"ADDED","version":1,"timestamp":"2026-07-07T12:18:51.869Z"}
7/7/2026, 5:48:51 pm | {"api":"/save-cash-closing","event":"SAVE_CASH_SUCCESS","type":"INSERT","empNo":"974","amount":"410200","timestamp":"2026-07-07T12:18:51.870Z"}
7/7/2026, 5:48:58 pm | {"api":"/api/cash-closing-dashboard","event":"CASH_CLOSING_DASHBOARD_API_STARTED","filters":{"cluster":"","branch":"","fromDate":"","toDate":"","status":""},"timestamp":"2026-07-07T12:18:58.872Z"}
7/7/2026, 5:48:58 pm | {"api":"/api/cash-closing-dashboard","event":"CASH_CLOSING_DASHBOARD_DB_CONNECTED","timestamp":"2026-07-07T12:18:58.873Z"}
7/7/2026, 5:48:58 pm | {"api":"/api/cash-closing-dashboard","event":"CASH_CLOSING_DASHBOARD_QUERY_STARTED","filters":{"cluster":"","branch":"","fromDate":"","toDate":"","status":""},"timestamp":"2026-07-07T12:18:58.874Z"}
7/7/2026, 5:48:58 pm | {"api":"/api/cash-closing-dashboard","event":"CASH_CLOSING_DASHBOARD_DATA_FETCHED","totalRecords":56,"timestamp":"2026-07-07T12:18:58.880Z"}
7/7/2026, 5:48:58 pm | {"api":"/api/cash-closing-dashboard","event":"CASH_CLOSING_CLUSTER_FETCHED","totalClusters":4,"timestamp":"2026-07-07T12:18:58.883Z"}
7/7/2026, 5:48:58 pm | {"api":"/api/cash-closing-dashboard","event":"CASH_CLOSING_BRANCH_FETCHED","totalBranches":56,"timestamp":"2026-07-07T12:18:58.887Z"}
7/7/2026, 5:48:58 pm | {"api":"/api/cash-closing-dashboard","event":"CASH_CLOSING_DASHBOARD_SUCCESS","totalRecords":56,"filters":{"cluster":"","branch":"","fromDate":"","toDate":"","status":""},"timestamp":"2026-07-07T12:18:58.887Z"}
7/7/2026, 5:48:58 pm | {"api":"/api/cash-closing-dashboard","event":"CASH_CLOSING_DASHBOARD_API_STARTED","filters":{"cluster":"","branch":"","fromDate":"","toDate":"","status":""},"timestamp":"2026-07-07T12:18:58.945Z"}
7/7/2026, 5:48:58 pm | {"api":"/api/cash-closing-dashboard","event":"CASH_CLOSING_DASHBOARD_DB_CONNECTED","timestamp":"2026-07-07T12:18:58.946Z"}
7/7/2026, 5:48:58 pm | {"api":"/api/cash-closing-dashboard","event":"CASH_CLOSING_DASHBOARD_QUERY_STARTED","filters":{"cluster":"","branch":"","fromDate":"","toDate":"","status":""},"timestamp":"2026-07-07T12:18:58.947Z"}
7/7/2026, 5:48:58 pm | {"api":"/api/cash-closing-dashboard","event":"CASH_CLOSING_DASHBOARD_DATA_FETCHED","totalRecords":56,"timestamp":"2026-07-07T12:18:58.953Z"}
7/7/2026, 5:48:58 pm | {"api":"/api/cash-closing-dashboard","event":"CASH_CLOSING_CLUSTER_FETCHED","totalClusters":4,"timestamp":"2026-07-07T12:18:58.963Z"}
7/7/2026, 5:48:58 pm | {"api":"/api/cash-closing-dashboard","event":"CASH_CLOSING_BRANCH_FETCHED","totalBranches":56,"timestamp":"2026-07-07T12:18:58.967Z"}
7/7/2026, 5:48:58 pm | {"api":"/api/cash-closing-dashboard","event":"CASH_CLOSING_DASHBOARD_SUCCESS","totalRecords":56,"filters":{"cluster":"","branch":"","fromDate":"","toDate":"","status":""},"timestamp":"2026-07-07T12:18:58.968Z"}
7/7/2026, 5:48:59 pm | {"api":"/api/cash-closing-dashboard","event":"CASH_CLOSING_DASHBOARD_API_STARTED","filters":{"cluster":"","branch":"","fromDate":"","toDate":"","status":""},"timestamp":"2026-07-07T12:18:59.081Z"}
7/7/2026, 5:48:59 pm | {"api":"/api/cash-closing-dashboard","event":"CASH_CLOSING_DASHBOARD_DB_CONNECTED","timestamp":"2026-07-07T12:18:59.082Z"}
7/7/2026, 5:48:59 pm | {"api":"/api/cash-closing-dashboard","event":"CASH_CLOSING_DASHBOARD_QUERY_STARTED","filters":{"cluster":"","branch":"","fromDate":"","toDate":"","status":""},"timestamp":"2026-07-07T12:18:59.083Z"}
7/7/2026, 5:48:59 pm | {"api":"/api/cash-closing-dashboard","event":"CASH_CLOSING_DASHBOARD_DATA_FETCHED","totalRecords":56,"timestamp":"2026-07-07T12:18:59.090Z"}
7/7/2026, 5:48:59 pm | {"api":"/api/cash-closing-dashboard","event":"CASH_CLOSING_CLUSTER_FETCHED","totalClusters":4,"timestamp":"2026-07-07T12:18:59.094Z"}
7/7/2026, 5:48:59 pm | {"api":"/api/cash-closing-dashboard","event":"CASH_CLOSING_BRANCH_FETCHED","totalBranches":56,"timestamp":"2026-07-07T12:18:59.097Z"}
7/7/2026, 5:48:59 pm | {"api":"/api/cash-closing-dashboard","event":"CASH_CLOSING_DASHBOARD_SUCCESS","totalRecords":56,"filters":{"cluster":"","branch":"","fromDate":"","toDate":"","status":""},"timestamp":"2026-07-07T12:18:59.098Z"}
7/7/2026, 5:48:59 pm | {"api":"/login","event":"LOGIN_API_STARTED","mpin":"0027","deviceId":"9ab88ee8173e3ca2","timestamp":"2026-07-07T12:18:59.148Z"}
7/7/2026, 5:48:59 pm | {"event":"LOGIN_REQUEST","mpin":"0027","deviceId":"9ab88ee8173e3ca2","timestamp":"2026-07-07T12:18:59.149Z"}
7/7/2026, 5:48:59 pm | {"api":"/login","event":"LOGIN_DB_QUERY_STARTED","mpin":"0027","timestamp":"2026-07-07T12:18:59.150Z"}
7/7/2026, 5:48:59 pm | {"api":"/login","event":"LOGIN_USER_FOUND","empNo":"187","branch":"Gorantla","designation":"Branch Manager","timestamp":"2026-07-07T12:18:59.158Z"}
7/7/2026, 5:48:59 pm | {"api":"/login","event":"LOGIN_DEVICE_CHECK","empNo":"187","savedDevice":"9ab88ee8173e3ca2","currentDevice":"9ab88ee8173e3ca2","timestamp":"2026-07-07T12:18:59.159Z"}
7/7/2026, 5:48:59 pm | {"api":"/login","event":"LOGIN_SUCCESS","empNo":"187","branch":"Gorantla","designation":"Branch Manager","loginTime":"2026-07-07T12:18:59.166Z"}
7/7/2026, 5:48:59 pm | {"api":"/api/cash-closing-dashboard","event":"CASH_CLOSING_DASHBOARD_API_STARTED","filters":{"cluster":"","branch":"","fromDate":"","toDate":"","status":""},"timestamp":"2026-07-07T12:18:59.218Z"}
7/7/2026, 5:48:59 pm | {"api":"/api/cash-closing-dashboard","event":"CASH_CLOSING_DASHBOARD_DB_CONNECTED","timestamp":"2026-07-07T12:18:59.219Z"}
7/7/2026, 5:48:59 pm | {"api":"/api/cash-closing-dashboard","event":"CASH_CLOSING_DASHBOARD_QUERY_STARTED","filters":{"cluster":"","branch":"","fromDate":"","toDate":"","status":""},"timestamp":"2026-07-07T12:18:59.220Z"}
7/7/2026, 5:48:59 pm | {"api":"/api/cash-closing-dashboard","event":"CASH_CLOSING_DASHBOARD_DATA_FETCHED","totalRecords":56,"timestamp":"2026-07-07T12:18:59.228Z"}
7/7/2026, 5:48:59 pm | {"api":"/api/cash-closing-dashboard","event":"CASH_CLOSING_CLUSTER_FETCHED","totalClusters":4,"timestamp":"2026-07-07T12:18:59.232Z"}
7/7/2026, 5:48:59 pm | {"api":"/api/cash-closing-dashboard","event":"CASH_CLOSING_BRANCH_FETCHED","totalBranches":56,"timestamp":"2026-07-07T12:18:59.236Z"}
7/7/2026, 5:48:59 pm | {"api":"/api/cash-closing-dashboard","event":"CASH_CLOSING_DASHBOARD_SUCCESS","totalRecords":56,"filters":{"cluster":"","branch":"","fromDate":"","toDate":"","status":""},"timestamp":"2026-07-07T12:18:59.237Z"}
7/7/2026, 5:48:59 pm | {"api":"/api/cash-closing-dashboard","event":"CASH_CLOSING_DASHBOARD_API_STARTED","filters":{"cluster":"","branch":"","fromDate":"","toDate":"","status":""},"timestamp":"2026-07-07T12:18:59.344Z"}
7/7/2026, 5:48:59 pm | {"api":"/api/cash-closing-dashboard","event":"CASH_CLOSING_DASHBOARD_DB_CONNECTED","timestamp":"2026-07-07T12:18:59.345Z"}
7/7/2026, 5:48:59 pm | {"api":"/api/cash-closing-dashboard","event":"CASH_CLOSING_DASHBOARD_QUERY_STARTED","filters":{"cluster":"","branch":"","fromDate":"","toDate":"","status":""},"timestamp":"2026-07-07T12:18:59.346Z"}
7/7/2026, 5:48:59 pm | {"api":"/api/cash-closing-dashboard","event":"CASH_CLOSING_DASHBOARD_DATA_FETCHED","totalRecords":56,"timestamp":"2026-07-07T12:18:59.358Z"}
7/7/2026, 5:48:59 pm | {"api":"/api/cash-closing-dashboard","event":"CASH_CLOSING_CLUSTER_FETCHED","totalClusters":4,"timestamp":"2026-07-07T12:18:59.368Z"}
7/7/2026, 5:48:59 pm | {"api":"/api/cash-closing-dashboard","event":"CASH_CLOSING_BRANCH_FETCHED","totalBranches":56,"timestamp":"2026-07-07T12:18:59.374Z"}
7/7/2026, 5:48:59 pm | {"api":"/api/cash-closing-dashboard","event":"CASH_CLOSING_DASHBOARD_SUCCESS","totalRecords":56,"filters":{"cluster":"","branch":"","fromDate":"","toDate":"","status":""},"timestamp":"2026-07-07T12:18:59.375Z"}
7/7/2026, 5:48:59 pm | {"api":"/employee/:empNo","event":"EMPLOYEE_API_STARTED","empNo":"187","timestamp":"2026-07-07T12:18:59.404Z"}
7/7/2026, 5:48:59 pm | {"api":"/employee/:empNo","event":"EMPLOYEE_DB_QUERY_STARTED","empNo":"187","timestamp":"2026-07-07T12:18:59.408Z"}
7/7/2026, 5:48:59 pm | {"api":"/employee/:empNo","event":"EMPLOYEE_FETCH_SUCCESS","empNo":"187","employeeName":"P. Lakshmi Prasanthi","branch":"Gorantla","designation":"Branch Manager","timestamp":"2026-07-07T12:18:59.415Z"}
7/7/2026, 5:48:59 pm | {"api":"/last-submission/:empNo","event":"LAST_SUBMISSION_API_STARTED","empNo":"187","timestamp":"2026-07-07T12:18:59.469Z"}
7/7/2026, 5:48:59 pm | {"api":"/last-submission/:empNo","event":"LAST_SUBMISSION_DB_QUERY_STARTED","empNo":"187","timestamp":"2026-07-07T12:18:59.470Z"}
7/7/2026, 5:48:59 pm | {"api":"/last-submission/:empNo","event":"LAST_SUBMISSION_FETCH_SUCCESS","empNo":"187","amount":1250000,"actionAt":"2026-07-06 17:53:50","timestamp":"2026-07-07T12:18:59.475Z"}
7/7/2026, 5:48:59 pm | {"api":"/api/cash-closing-dashboard","event":"CASH_CLOSING_DASHBOARD_API_STARTED","filters":{"cluster":"","branch":"","fromDate":"","toDate":"","status":""},"timestamp":"2026-07-07T12:18:59.506Z"}
7/7/2026, 5:48:59 pm | {"api":"/api/cash-closing-dashboard","event":"CASH_CLOSING_DASHBOARD_DB_CONNECTED","timestamp":"2026-07-07T12:18:59.507Z"}
7/7/2026, 5:48:59 pm | {"api":"/api/cash-closing-dashboard","event":"CASH_CLOSING_DASHBOARD_QUERY_STARTED","filters":{"cluster":"","branch":"","fromDate":"","toDate":"","status":""},"timestamp":"2026-07-07T12:18:59.507Z"}
7/7/2026, 5:48:59 pm | {"api":"/api/cash-closing-dashboard","event":"CASH_CLOSING_DASHBOARD_DATA_FETCHED","totalRecords":56,"timestamp":"2026-07-07T12:18:59.514Z"}
7/7/2026, 5:48:59 pm | {"api":"/api/cash-closing-dashboard","event":"CASH_CLOSING_CLUSTER_FETCHED","totalClusters":4,"timestamp":"2026-07-07T12:18:59.518Z"}
7/7/2026, 5:48:59 pm | {"api":"/api/cash-closing-dashboard","event":"CASH_CLOSING_BRANCH_FETCHED","totalBranches":56,"timestamp":"2026-07-07T12:18:59.522Z"}
7/7/2026, 5:48:59 pm | {"api":"/api/cash-closing-dashboard","event":"CASH_CLOSING_DASHBOARD_SUCCESS","totalRecords":56,"filters":{"cluster":"","branch":"","fromDate":"","toDate":"","status":""},"timestamp":"2026-07-07T12:18:59.523Z"}
7/7/2026, 5:48:59 pm | {"api":"/today-cash/:empNo","event":"TODAY_CASH_API_STARTED","empNo":"187","timestamp":"2026-07-07T12:18:59.641Z"}
7/7/2026, 5:48:59 pm | {"api":"/today-cash/:empNo","event":"TODAY_CASH_DB_QUERY_STARTED","empNo":"187","timestamp":"2026-07-07T12:18:59.642Z"}
7/7/2026, 5:48:59 pm | {"api":"/today-cash/:empNo","event":"TODAY_CASH_NOT_FOUND","empNo":"187","timestamp":"2026-07-07T12:18:59.647Z"}
7/7/2026, 5:48:59 pm | {"api":"/api/cash-closing-dashboard","event":"CASH_CLOSING_DASHBOARD_API_STARTED","filters":{"cluster":"","branch":"","fromDate":"","toDate":"","status":""},"timestamp":"2026-07-07T12:18:59.804Z"}
7/7/2026, 5:48:59 pm | {"api":"/api/cash-closing-dashboard","event":"CASH_CLOSING_DASHBOARD_DB_CONNECTED","timestamp":"2026-07-07T12:18:59.805Z"}
7/7/2026, 5:48:59 pm | {"api":"/api/cash-closing-dashboard","event":"CASH_CLOSING_DASHBOARD_QUERY_STARTED","filters":{"cluster":"","branch":"","fromDate":"","toDate":"","status":""},"timestamp":"2026-07-07T12:18:59.806Z"}
7/7/2026, 5:48:59 pm | {"api":"/api/cash-closing-dashboard","event":"CASH_CLOSING_DASHBOARD_DATA_FETCHED","totalRecords":56,"timestamp":"2026-07-07T12:18:59.811Z"}
7/7/2026, 5:48:59 pm | {"api":"/api/cash-closing-dashboard","event":"CASH_CLOSING_CLUSTER_FETCHED","totalClusters":4,"timestamp":"2026-07-07T12:18:59.814Z"}
7/7/2026, 5:48:59 pm | {"api":"/api/cash-closing-dashboard","event":"CASH_CLOSING_BRANCH_FETCHED","totalBranches":56,"timestamp":"2026-07-07T12:18:59.819Z"}
7/7/2026, 5:48:59 pm | {"api":"/api/cash-closing-dashboard","event":"CASH_CLOSING_DASHBOARD_SUCCESS","totalRecords":56,"filters":{"cluster":"","branch":"","fromDate":"","toDate":"","status":""},"timestamp":"2026-07-07T12:18:59.820Z"}
7/7/2026, 5:48:59 pm | {"api":"/api/cash-closing-dashboard","event":"CASH_CLOSING_DASHBOARD_API_STARTED","filters":{"cluster":"","branch":"","fromDate":"","toDate":"","status":""},"timestamp":"2026-07-07T12:18:59.936Z"}
7/7/2026, 5:48:59 pm | {"api":"/api/cash-closing-dashboard","event":"CASH_CLOSING_DASHBOARD_DB_CONNECTED","timestamp":"2026-07-07T12:18:59.938Z"}
7/7/2026, 5:48:59 pm | {"api":"/api/cash-closing-dashboard","event":"CASH_CLOSING_DASHBOARD_QUERY_STARTED","filters":{"cluster":"","branch":"","fromDate":"","toDate":"","status":""},"timestamp":"2026-07-07T12:18:59.938Z"}
7/7/2026, 5:48:59 pm | {"api":"/api/cash-closing-dashboard","event":"CASH_CLOSING_DASHBOARD_DATA_FETCHED","totalRecords":56,"timestamp":"2026-07-07T12:18:59.945Z"}
7/7/2026, 5:48:59 pm | {"api":"/api/cash-closing-dashboard","event":"CASH_CLOSING_CLUSTER_FETCHED","totalClusters":4,"timestamp":"2026-07-07T12:18:59.949Z"}
7/7/2026, 5:48:59 pm | {"api":"/api/cash-closing-dashboard","event":"CASH_CLOSING_BRANCH_FETCHED","totalBranches":56,"timestamp":"2026-07-07T12:18:59.953Z"}
7/7/2026, 5:48:59 pm | {"api":"/api/cash-closing-dashboard","event":"CASH_CLOSING_DASHBOARD_SUCCESS","totalRecords":56,"filters":{"cluster":"","branch":"","fromDate":"","toDate":"","status":""},"timestamp":"2026-07-07T12:18:59.953Z"}
7/7/2026, 5:49:00 pm | {"api":"/api/cash-closing-dashboard","event":"CASH_CLOSING_DASHBOARD_API_STARTED","filters":{"cluster":"","branch":"","fromDate":"","toDate":"","status":""},"timestamp":"2026-07-07T12:19:00.090Z"}
7/7/2026, 5:49:00 pm | {"api":"/api/cash-closing-dashboard","event":"CASH_CLOSING_DASHBOARD_DB_CONNECTED","timestamp":"2026-07-07T12:19:00.091Z"}
7/7/2026, 5:49:00 pm | {"api":"/api/cash-closing-dashboard","event":"CASH_CLOSING_DASHBOARD_QUERY_STARTED","filters":{"cluster":"","branch":"","fromDate":"","toDate":"","status":""},"timestamp":"2026-07-07T12:19:00.092Z"}
7/7/2026, 5:49:00 pm | {"api":"/api/cash-closing-dashboard","event":"CASH_CLOSING_DASHBOARD_DATA_FETCHED","totalRecords":56,"timestamp":"2026-07-07T12:19:00.098Z"}
7/7/2026, 5:49:00 pm | {"api":"/api/cash-closing-dashboard","event":"CASH_CLOSING_CLUSTER_FETCHED","totalClusters":4,"timestamp":"2026-07-07T12:19:00.101Z"}
7/7/2026, 5:49:00 pm | {"api":"/api/cash-closing-dashboard","event":"CASH_CLOSING_BRANCH_FETCHED","totalBranches":56,"timestamp":"2026-07-07T12:19:00.107Z"}
7/7/2026, 5:49:00 pm | {"api":"/api/cash-closing-dashboard","event":"CASH_CLOSING_DASHBOARD_SUCCESS","totalRecords":56,"filters":{"cluster":"","branch":"","fromDate":"","toDate":"","status":""},"timestamp":"2026-07-07T12:19:00.108Z"}
7/7/2026, 5:49:00 pm | {"api":"/api/cash-closing-dashboard","event":"CASH_CLOSING_DASHBOARD_API_STARTED","filters":{"cluster":"","branch":"","fromDate":"","toDate":"","status":""},"timestamp":"2026-07-07T12:19:00.280Z"}
7/7/2026, 5:49:00 pm | {"api":"/api/cash-closing-dashboard","event":"CASH_CLOSING_DASHBOARD_DB_CONNECTED","timestamp":"2026-07-07T12:19:00.282Z"}
7/7/2026, 5:49:00 pm | {"api":"/api/cash-closing-dashboard","event":"CASH_CLOSING_DASHBOARD_QUERY_STARTED","filters":{"cluster":"","branch":"","fromDate":"","toDate":"","status":""},"timestamp":"2026-07-07T12:19:00.282Z"}
7/7/2026, 5:49:00 pm | {"api":"/api/cash-closing-dashboard","event":"CASH_CLOSING_DASHBOARD_DATA_FETCHED","totalRecords":56,"timestamp":"2026-07-07T12:19:00.290Z"}
7/7/2026, 5:49:00 pm | {"api":"/api/cash-closing-dashboard","event":"CASH_CLOSING_CLUSTER_FETCHED","totalClusters":4,"timestamp":"2026-07-07T12:19:00.294Z"}
7/7/2026, 5:49:00 pm | {"api":"/api/cash-closing-dashboard","event":"CASH_CLOSING_BRANCH_FETCHED","totalBranches":56,"timestamp":"2026-07-07T12:19:00.298Z"}
7/7/2026, 5:49:00 pm | {"api":"/api/cash-closing-dashboard","event":"CASH_CLOSING_DASHBOARD_SUCCESS","totalRecords":56,"filters":{"cluster":"","branch":"","fromDate":"","toDate":"","status":""},"timestamp":"2026-07-07T12:19:00.298Z"}
7/7/2026, 5:49:00 pm | {"api":"/api/cash-closing-dashboard","event":"CASH_CLOSING_DASHBOARD_API_STARTED","filters":{"cluster":"","branch":"","fromDate":"","toDate":"","status":""},"timestamp":"2026-07-07T12:19:00.425Z"}
7/7/2026, 5:49:00 pm | {"api":"/api/cash-closing-dashboard","event":"CASH_CLOSING_DASHBOARD_DB_CONNECTED","timestamp":"2026-07-07T12:19:00.426Z"}
7/7/2026, 5:49:00 pm | {"api":"/api/cash-closing-dashboard","event":"CASH_CLOSING_DASHBOARD_QUERY_STARTED","filters":{"cluster":"","branch":"","fromDate":"","toDate":"","status":""},"timestamp":"2026-07-07T12:19:00.427Z"}
7/7/2026, 5:49:00 pm | {"api":"/api/cash-closing-dashboard","event":"CASH_CLOSING_DASHBOARD_DATA_FETCHED","totalRecords":56,"timestamp":"2026-07-07T12:19:00.434Z"}
7/7/2026, 5:49:00 pm | {"api":"/api/cash-closing-dashboard","event":"CASH_CLOSING_CLUSTER_FETCHED","totalClusters":4,"timestamp":"2026-07-07T12:19:00.437Z"}
7/7/2026, 5:49:00 pm | {"api":"/api/cash-closing-dashboard","event":"CASH_CLOSING_BRANCH_FETCHED","totalBranches":56,"timestamp":"2026-07-07T12:19:00.441Z"}
7/7/2026, 5:49:00 pm | {"api":"/api/cash-closing-dashboard","event":"CASH_CLOSING_DASHBOARD_SUCCESS","totalRecords":56,"filters":{"cluster":"","branch":"","fromDate":"","toDate":"","status":""},"timestamp":"2026-07-07T12:19:00.442Z"}
7/7/2026, 5:49:00 pm | {"api":"/api/cash-closing-dashboard","event":"CASH_CLOSING_DASHBOARD_API_STARTED","filters":{"cluster":"","branch":"","fromDate":"","toDate":"","status":""},"timestamp":"2026-07-07T12:19:00.664Z"}
7/7/2026, 5:49:00 pm | {"api":"/api/cash-closing-dashboard","event":"CASH_CLOSING_DASHBOARD_DB_CONNECTED","timestamp":"2026-07-07T12:19:00.665Z"}
7/7/2026, 5:49:00 pm | {"api":"/api/cash-closing-dashboard","event":"CASH_CLOSING_DASHBOARD_QUERY_STARTED","filters":{"cluster":"","branch":"","fromDate":"","toDate":"","status":""},"timestamp":"2026-07-07T12:19:00.666Z"}
7/7/2026, 5:49:00 pm | {"api":"/api/cash-closing-dashboard","event":"CASH_CLOSING_DASHBOARD_DATA_FETCHED","totalRecords":56,"timestamp":"2026-07-07T12:19:00.674Z"}
7/7/2026, 5:49:00 pm | {"api":"/api/cash-closing-dashboard","event":"CASH_CLOSING_CLUSTER_FETCHED","totalClusters":4,"timestamp":"2026-07-07T12:19:00.677Z"}
7/7/2026, 5:49:00 pm | {"api":"/api/cash-closing-dashboard","event":"CASH_CLOSING_BRANCH_FETCHED","totalBranches":56,"timestamp":"2026-07-07T12:19:00.681Z"}
7/7/2026, 5:49:00 pm | {"api":"/api/cash-closing-dashboard","event":"CASH_CLOSING_DASHBOARD_SUCCESS","totalRecords":56,"filters":{"cluster":"","branch":"","fromDate":"","toDate":"","status":""},"timestamp":"2026-07-07T12:19:00.682Z"}
7/7/2026, 5:49:05 pm | {"api":"/login","event":"LOGIN_API_STARTED","mpin":"1980","deviceId":"d99a65c1c671a184","timestamp":"2026-07-07T12:19:05.573Z"}
7/7/2026, 5:49:05 pm | {"event":"LOGIN_REQUEST","mpin":"1980","deviceId":"d99a65c1c671a184","timestamp":"2026-07-07T12:19:05.574Z"}
7/7/2026, 5:49:05 pm | {"api":"/login","event":"LOGIN_DB_QUERY_STARTED","mpin":"1980","timestamp":"2026-07-07T12:19:05.575Z"}
7/7/2026, 5:49:05 pm | {"api":"/login","event":"LOGIN_USER_FOUND","empNo":"544","branch":"Lingapuram","designation":"Branch Manager","timestamp":"2026-07-07T12:19:05.588Z"}
7/7/2026, 5:49:05 pm | {"api":"/login","event":"LOGIN_DEVICE_CHECK","empNo":"544","savedDevice":"d99a65c1c671a184","currentDevice":"d99a65c1c671a184","timestamp":"2026-07-07T12:19:05.589Z"}
7/7/2026, 5:49:05 pm | {"api":"/login","event":"LOGIN_SUCCESS","empNo":"544","branch":"Lingapuram","designation":"Branch Manager","loginTime":"2026-07-07T12:19:05.597Z"}
7/7/2026, 5:49:05 pm | {"api":"/employee/:empNo","event":"EMPLOYEE_API_STARTED","empNo":"544","timestamp":"2026-07-07T12:19:05.932Z"}
7/7/2026, 5:49:05 pm | {"api":"/employee/:empNo","event":"EMPLOYEE_DB_QUERY_STARTED","empNo":"544","timestamp":"2026-07-07T12:19:05.933Z"}
7/7/2026, 5:49:05 pm | {"api":"/employee/:empNo","event":"EMPLOYEE_FETCH_SUCCESS","empNo":"544","employeeName":"P Subba Rao","branch":"Lingapuram","designation":"Branch Manager","timestamp":"2026-07-07T12:19:05.939Z"}
7/7/2026, 5:49:06 pm | {"api":"/last-submission/:empNo","event":"LAST_SUBMISSION_API_STARTED","empNo":"544","timestamp":"2026-07-07T12:19:06.000Z"}
7/7/2026, 5:49:06 pm | {"api":"/last-submission/:empNo","event":"LAST_SUBMISSION_DB_QUERY_STARTED","empNo":"544","timestamp":"2026-07-07T12:19:06.001Z"}
7/7/2026, 5:49:06 pm | {"api":"/last-submission/:empNo","event":"LAST_SUBMISSION_FETCH_SUCCESS","empNo":"544","amount":298460,"actionAt":"2026-07-06 17:48:51","timestamp":"2026-07-07T12:19:06.008Z"}
7/7/2026, 5:49:06 pm | {"api":"/today-cash/:empNo","event":"TODAY_CASH_API_STARTED","empNo":"544","timestamp":"2026-07-07T12:19:06.270Z"}
7/7/2026, 5:49:06 pm | {"api":"/today-cash/:empNo","event":"TODAY_CASH_DB_QUERY_STARTED","empNo":"544","timestamp":"2026-07-07T12:19:06.271Z"}
7/7/2026, 5:49:06 pm | {"api":"/today-cash/:empNo","event":"TODAY_CASH_NOT_FOUND","empNo":"544","timestamp":"2026-07-07T12:19:06.275Z"}
7/7/2026, 5:49:06 pm | {"api":"/login","event":"LOGIN_API_STARTED","mpin":"0036","deviceId":"5013baa6ee4ee376","timestamp":"2026-07-07T12:19:06.838Z"}
7/7/2026, 5:49:06 pm | {"event":"LOGIN_REQUEST","mpin":"0036","deviceId":"5013baa6ee4ee376","timestamp":"2026-07-07T12:19:06.840Z"}
7/7/2026, 5:49:06 pm | {"api":"/login","event":"LOGIN_DB_QUERY_STARTED","mpin":"0036","timestamp":"2026-07-07T12:19:06.841Z"}
7/7/2026, 5:49:06 pm | {"api":"/login","event":"LOGIN_USER_FOUND","empNo":"218","branch":"Enikepadu","designation":"Branch Manager","timestamp":"2026-07-07T12:19:06.857Z"}
7/7/2026, 5:49:06 pm | {"api":"/login","event":"LOGIN_DEVICE_CHECK","empNo":"218","savedDevice":"5013baa6ee4ee376","currentDevice":"5013baa6ee4ee376","timestamp":"2026-07-07T12:19:06.858Z"}
7/7/2026, 5:49:06 pm | {"api":"/login","event":"LOGIN_SUCCESS","empNo":"218","branch":"Enikepadu","designation":"Branch Manager","loginTime":"2026-07-07T12:19:06.866Z"}
7/7/2026, 5:49:06 pm | {"api":"/save-cash-closing","event":"SAVE_CASH_API_STARTED","empNo":"187","amount":"640000","timestamp":"2026-07-07T12:19:06.882Z"}
7/7/2026, 5:49:06 pm | {"api":"/save-cash-closing","event":"PREVIOUS_DAY_RECORD_FOUND","empNo":"187","oldDate":"2026-07-06T00:00:00.000Z","amount":1250000,"timestamp":"2026-07-07T12:19:06.889Z"}
7/7/2026, 5:49:06 pm | {"api":"/save-cash-closing","event":"PREVIOUS_DAY_MOVED_TO_HISTORY","empNo":"187","timestamp":"2026-07-07T12:19:06.898Z"}
7/7/2026, 5:49:06 pm | {"api":"/save-cash-closing","event":"PREVIOUS_DAY_DELETED","empNo":"187","timestamp":"2026-07-07T12:19:06.906Z"}
7/7/2026, 5:49:06 pm | {"api":"/save-cash-closing","event":"SAVE_CASH_NEW_ENTRY","empNo":"187","amount":"640000","branch":"Gorantla","timestamp":"2026-07-07T12:19:06.911Z"}
7/7/2026, 5:49:06 pm | {"api":"/save-cash-closing","event":"SAVE_CASH_HISTORY_INSERTED","empNo":"187","actionType":"ADDED","version":1,"timestamp":"2026-07-07T12:19:06.926Z"}
7/7/2026, 5:49:06 pm | {"api":"/save-cash-closing","event":"SAVE_CASH_SUCCESS","type":"INSERT","empNo":"187","amount":"640000","timestamp":"2026-07-07T12:19:06.927Z"}
7/7/2026, 5:49:06 pm | {"api":"/employee/:empNo","event":"EMPLOYEE_API_STARTED","empNo":"218","timestamp":"2026-07-07T12:19:06.992Z"}
7/7/2026, 5:49:06 pm | {"api":"/employee/:empNo","event":"EMPLOYEE_DB_QUERY_STARTED","empNo":"218","timestamp":"2026-07-07T12:19:06.993Z"}
7/7/2026, 5:49:06 pm | {"api":"/employee/:empNo","event":"EMPLOYEE_FETCH_SUCCESS","empNo":"218","employeeName":"K. Ravi Prasad","branch":"Enikepadu","designation":"Branch Manager","timestamp":"2026-07-07T12:19:06.996Z"}
7/7/2026, 5:49:07 pm | {"api":"/last-submission/:empNo","event":"LAST_SUBMISSION_API_STARTED","empNo":"218","timestamp":"2026-07-07T12:19:07.056Z"}
7/7/2026, 5:49:07 pm | {"api":"/last-submission/:empNo","event":"LAST_SUBMISSION_DB_QUERY_STARTED","empNo":"218","timestamp":"2026-07-07T12:19:07.057Z"}
7/7/2026, 5:49:07 pm | {"api":"/last-submission/:empNo","event":"LAST_SUBMISSION_FETCH_SUCCESS","empNo":"218","amount":1076649,"actionAt":"2026-07-06 17:49:51","timestamp":"2026-07-07T12:19:07.062Z"}
7/7/2026, 5:49:07 pm | {"api":"/today-cash/:empNo","event":"TODAY_CASH_API_STARTED","empNo":"218","timestamp":"2026-07-07T12:19:07.170Z"}
7/7/2026, 5:49:07 pm | {"api":"/today-cash/:empNo","event":"TODAY_CASH_DB_QUERY_STARTED","empNo":"218","timestamp":"2026-07-07T12:19:07.171Z"}
7/7/2026, 5:49:07 pm | {"api":"/today-cash/:empNo","event":"TODAY_CASH_NOT_FOUND","empNo":"218","timestamp":"2026-07-07T12:19:07.175Z"}
7/7/2026, 5:49:21 pm | {"api":"/save-cash-closing","event":"SAVE_CASH_API_STARTED","empNo":"218","amount":"1160813","timestamp":"2026-07-07T12:19:21.067Z"}
7/7/2026, 5:49:21 pm | {"api":"/save-cash-closing","event":"PREVIOUS_DAY_RECORD_FOUND","empNo":"218","oldDate":"2026-07-06T00:00:00.000Z","amount":1076649,"timestamp":"2026-07-07T12:19:21.073Z"}
7/7/2026, 5:49:21 pm | {"api":"/save-cash-closing","event":"PREVIOUS_DAY_MOVED_TO_HISTORY","empNo":"218","timestamp":"2026-07-07T12:19:21.081Z"}
7/7/2026, 5:49:21 pm | {"api":"/save-cash-closing","event":"PREVIOUS_DAY_DELETED","empNo":"218","timestamp":"2026-07-07T12:19:21.090Z"}
7/7/2026, 5:49:21 pm | {"api":"/save-cash-closing","event":"SAVE_CASH_NEW_ENTRY","empNo":"218","amount":"1160813","branch":"Enikepadu","timestamp":"2026-07-07T12:19:21.096Z"}
7/7/2026, 5:49:21 pm | {"api":"/save-cash-closing","event":"SAVE_CASH_HISTORY_INSERTED","empNo":"218","actionType":"ADDED","version":1,"timestamp":"2026-07-07T12:19:21.110Z"}
7/7/2026, 5:49:21 pm | {"api":"/save-cash-closing","event":"SAVE_CASH_SUCCESS","type":"INSERT","empNo":"218","amount":"1160813","timestamp":"2026-07-07T12:19:21.111Z"}
7/7/2026, 5:49:21 pm | {"api":"/save-cash-closing","event":"SAVE_CASH_API_STARTED","empNo":"544","amount":"301960","timestamp":"2026-07-07T12:19:21.821Z"}
7/7/2026, 5:49:21 pm | {"api":"/save-cash-closing","event":"PREVIOUS_DAY_RECORD_FOUND","empNo":"544","oldDate":"2026-07-06T00:00:00.000Z","amount":298460,"timestamp":"2026-07-07T12:19:21.828Z"}
7/7/2026, 5:49:21 pm | {"api":"/save-cash-closing","event":"PREVIOUS_DAY_MOVED_TO_HISTORY","empNo":"544","timestamp":"2026-07-07T12:19:21.836Z"}
7/7/2026, 5:49:21 pm | {"api":"/save-cash-closing","event":"PREVIOUS_DAY_DELETED","empNo":"544","timestamp":"2026-07-07T12:19:21.844Z"}
7/7/2026, 5:49:21 pm | {"api":"/save-cash-closing","event":"SAVE_CASH_NEW_ENTRY","empNo":"544","amount":"301960","branch":"Lingapuram","timestamp":"2026-07-07T12:19:21.847Z"}
7/7/2026, 5:49:21 pm | {"api":"/save-cash-closing","event":"SAVE_CASH_HISTORY_INSERTED","empNo":"544","actionType":"ADDED","version":1,"timestamp":"2026-07-07T12:19:21.864Z"}
7/7/2026, 5:49:21 pm | {"api":"/save-cash-closing","event":"SAVE_CASH_SUCCESS","type":"INSERT","empNo":"544","amount":"301960","timestamp":"2026-07-07T12:19:21.865Z"}
7/7/2026, 5:49:40 pm | {"api":"/login","event":"LOGIN_API_STARTED","mpin":"1689","deviceId":"f2b383b692d384f6","timestamp":"2026-07-07T12:19:40.853Z"}
7/7/2026, 5:49:40 pm | {"event":"LOGIN_REQUEST","mpin":"1689","deviceId":"f2b383b692d384f6","timestamp":"2026-07-07T12:19:40.854Z"}
7/7/2026, 5:49:40 pm | {"api":"/login","event":"LOGIN_DB_QUERY_STARTED","mpin":"1689","timestamp":"2026-07-07T12:19:40.855Z"}
7/7/2026, 5:49:40 pm | {"api":"/login","event":"LOGIN_USER_FOUND","empNo":"307","branch":"Kolluru","designation":"Branch Manager","timestamp":"2026-07-07T12:19:40.865Z"}
7/7/2026, 5:49:40 pm | {"api":"/login","event":"LOGIN_DEVICE_CHECK","empNo":"307","savedDevice":"f2b383b692d384f6","currentDevice":"f2b383b692d384f6","timestamp":"2026-07-07T12:19:40.866Z"}
7/7/2026, 5:49:40 pm | {"api":"/login","event":"LOGIN_SUCCESS","empNo":"307","branch":"Kolluru","designation":"Branch Manager","loginTime":"2026-07-07T12:19:40.874Z"}
7/7/2026, 5:49:41 pm | {"api":"/employee/:empNo","event":"EMPLOYEE_API_STARTED","empNo":"307","timestamp":"2026-07-07T12:19:41.036Z"}
7/7/2026, 5:49:41 pm | {"api":"/employee/:empNo","event":"EMPLOYEE_DB_QUERY_STARTED","empNo":"307","timestamp":"2026-07-07T12:19:41.037Z"}
7/7/2026, 5:49:41 pm | {"api":"/employee/:empNo","event":"EMPLOYEE_FETCH_SUCCESS","empNo":"307","employeeName":"P.L. Manikanta","branch":"Kolluru","designation":"Branch Manager","timestamp":"2026-07-07T12:19:41.041Z"}
7/7/2026, 5:49:41 pm | {"api":"/last-submission/:empNo","event":"LAST_SUBMISSION_API_STARTED","empNo":"307","timestamp":"2026-07-07T12:19:41.100Z"}
7/7/2026, 5:49:41 pm | {"api":"/last-submission/:empNo","event":"LAST_SUBMISSION_DB_QUERY_STARTED","empNo":"307","timestamp":"2026-07-07T12:19:41.101Z"}
7/7/2026, 5:49:41 pm | {"api":"/last-submission/:empNo","event":"LAST_SUBMISSION_FETCH_SUCCESS","empNo":"307","amount":3516402,"actionAt":"2026-07-06 17:40:08","timestamp":"2026-07-07T12:19:41.105Z"}
7/7/2026, 5:49:41 pm | {"api":"/today-cash/:empNo","event":"TODAY_CASH_API_STARTED","empNo":"307","timestamp":"2026-07-07T12:19:41.203Z"}
7/7/2026, 5:49:41 pm | {"api":"/today-cash/:empNo","event":"TODAY_CASH_DB_QUERY_STARTED","empNo":"307","timestamp":"2026-07-07T12:19:41.204Z"}
7/7/2026, 5:49:41 pm | {"api":"/today-cash/:empNo","event":"TODAY_CASH_NOT_FOUND","empNo":"307","timestamp":"2026-07-07T12:19:41.208Z"}
7/7/2026, 5:49:49 pm | {"api":"/save-cash-closing","event":"SAVE_CASH_API_STARTED","empNo":"307","amount":"3397174","timestamp":"2026-07-07T12:19:49.027Z"}
7/7/2026, 5:49:49 pm | {"api":"/save-cash-closing","event":"PREVIOUS_DAY_RECORD_FOUND","empNo":"307","oldDate":"2026-07-06T00:00:00.000Z","amount":3516402,"timestamp":"2026-07-07T12:19:49.036Z"}
7/7/2026, 5:49:49 pm | {"api":"/save-cash-closing","event":"PREVIOUS_DAY_MOVED_TO_HISTORY","empNo":"307","timestamp":"2026-07-07T12:19:49.044Z"}
7/7/2026, 5:49:49 pm | {"api":"/save-cash-closing","event":"PREVIOUS_DAY_DELETED","empNo":"307","timestamp":"2026-07-07T12:19:49.052Z"}
7/7/2026, 5:49:49 pm | {"api":"/save-cash-closing","event":"SAVE_CASH_NEW_ENTRY","empNo":"307","amount":"3397174","branch":"Kolluru","timestamp":"2026-07-07T12:19:49.056Z"}
7/7/2026, 5:49:49 pm | {"api":"/save-cash-closing","event":"SAVE_CASH_HISTORY_INSERTED","empNo":"307","actionType":"ADDED","version":1,"timestamp":"2026-07-07T12:19:49.074Z"}
7/7/2026, 5:49:49 pm | {"api":"/save-cash-closing","event":"SAVE_CASH_SUCCESS","type":"INSERT","empNo":"307","amount":"3397174","timestamp":"2026-07-07T12:19:49.075Z"}
7/7/2026, 5:49:56 pm | {"api":"/api/cash-closing-dashboard","event":"CASH_CLOSING_DASHBOARD_API_STARTED","filters":{"cluster":"","branch":"","fromDate":"","toDate":"","status":""},"timestamp":"2026-07-07T12:19:56.126Z"}
7/7/2026, 5:49:56 pm | {"api":"/api/cash-closing-dashboard","event":"CASH_CLOSING_DASHBOARD_DB_CONNECTED","timestamp":"2026-07-07T12:19:56.127Z"}
7/7/2026, 5:49:56 pm | {"api":"/api/cash-closing-dashboard","event":"CASH_CLOSING_DASHBOARD_QUERY_STARTED","filters":{"cluster":"","branch":"","fromDate":"","toDate":"","status":""},"timestamp":"2026-07-07T12:19:56.128Z"}
7/7/2026, 5:49:56 pm | {"api":"/api/cash-closing-dashboard","event":"CASH_CLOSING_DASHBOARD_DATA_FETCHED","totalRecords":56,"timestamp":"2026-07-07T12:19:56.134Z"}
7/7/2026, 5:49:56 pm | {"api":"/api/cash-closing-dashboard","event":"CASH_CLOSING_CLUSTER_FETCHED","totalClusters":4,"timestamp":"2026-07-07T12:19:56.138Z"}
7/7/2026, 5:49:56 pm | {"api":"/api/cash-closing-dashboard","event":"CASH_CLOSING_BRANCH_FETCHED","totalBranches":56,"timestamp":"2026-07-07T12:19:56.141Z"}
7/7/2026, 5:49:56 pm | {"api":"/api/cash-closing-dashboard","event":"CASH_CLOSING_DASHBOARD_SUCCESS","totalRecords":56,"filters":{"cluster":"","branch":"","fromDate":"","toDate":"","status":""},"timestamp":"2026-07-07T12:19:56.142Z"}
7/7/2026, 5:49:56 pm | {"api":"/api/cash-closing-dashboard","event":"CASH_CLOSING_DASHBOARD_API_STARTED","filters":{"cluster":"","branch":"","fromDate":"","toDate":"","status":""},"timestamp":"2026-07-07T12:19:56.209Z"}
7/7/2026, 5:49:56 pm | {"api":"/api/cash-closing-dashboard","event":"CASH_CLOSING_DASHBOARD_DB_CONNECTED","timestamp":"2026-07-07T12:19:56.210Z"}
7/7/2026, 5:49:56 pm | {"api":"/api/cash-closing-dashboard","event":"CASH_CLOSING_DASHBOARD_QUERY_STARTED","filters":{"cluster":"","branch":"","fromDate":"","toDate":"","status":""},"timestamp":"2026-07-07T12:19:56.211Z"}
7/7/2026, 5:49:56 pm | {"api":"/api/cash-closing-dashboard","event":"CASH_CLOSING_DASHBOARD_DATA_FETCHED","totalRecords":56,"timestamp":"2026-07-07T12:19:56.217Z"}
7/7/2026, 5:49:56 pm | {"api":"/api/cash-closing-dashboard","event":"CASH_CLOSING_CLUSTER_FETCHED","totalClusters":4,"timestamp":"2026-07-07T12:19:56.221Z"}
7/7/2026, 5:49:56 pm | {"api":"/api/cash-closing-dashboard","event":"CASH_CLOSING_BRANCH_FETCHED","totalBranches":56,"timestamp":"2026-07-07T12:19:56.224Z"}
7/7/2026, 5:49:56 pm | {"api":"/api/cash-closing-dashboard","event":"CASH_CLOSING_DASHBOARD_SUCCESS","totalRecords":56,"filters":{"cluster":"","branch":"","fromDate":"","toDate":"","status":""},"timestamp":"2026-07-07T12:19:56.225Z"}
7/7/2026, 5:49:56 pm | {"api":"/api/cash-closing-dashboard","event":"CASH_CLOSING_DASHBOARD_API_STARTED","filters":{"cluster":"","branch":"","fromDate":"","toDate":"","status":""},"timestamp":"2026-07-07T12:19:56.352Z"}
7/7/2026, 5:49:56 pm | {"api":"/api/cash-closing-dashboard","event":"CASH_CLOSING_DASHBOARD_DB_CONNECTED","timestamp":"2026-07-07T12:19:56.353Z"}
7/7/2026, 5:49:56 pm | {"api":"/api/cash-closing-dashboard","event":"CASH_CLOSING_DASHBOARD_QUERY_STARTED","filters":{"cluster":"","branch":"","fromDate":"","toDate":"","status":""},"timestamp":"2026-07-07T12:19:56.354Z"}
7/7/2026, 5:49:56 pm | {"api":"/api/cash-closing-dashboard","event":"CASH_CLOSING_DASHBOARD_DATA_FETCHED","totalRecords":56,"timestamp":"2026-07-07T12:19:56.361Z"}
7/7/2026, 5:49:56 pm | {"api":"/api/cash-closing-dashboard","event":"CASH_CLOSING_CLUSTER_FETCHED","totalClusters":4,"timestamp":"2026-07-07T12:19:56.364Z"}
7/7/2026, 5:49:56 pm | {"api":"/api/cash-closing-dashboard","event":"CASH_CLOSING_BRANCH_FETCHED","totalBranches":56,"timestamp":"2026-07-07T12:19:56.368Z"}
7/7/2026, 5:49:56 pm | {"api":"/api/cash-closing-dashboard","event":"CASH_CLOSING_DASHBOARD_SUCCESS","totalRecords":56,"filters":{"cluster":"","branch":"","fromDate":"","toDate":"","status":""},"timestamp":"2026-07-07T12:19:56.369Z"}
7/7/2026, 5:49:56 pm | {"api":"/api/cash-closing-dashboard","event":"CASH_CLOSING_DASHBOARD_API_STARTED","filters":{"cluster":"","branch":"","fromDate":"","toDate":"","status":""},"timestamp":"2026-07-07T12:19:56.482Z"}
7/7/2026, 5:49:56 pm | {"api":"/api/cash-closing-dashboard","event":"CASH_CLOSING_DASHBOARD_DB_CONNECTED","timestamp":"2026-07-07T12:19:56.483Z"}
7/7/2026, 5:49:56 pm | {"api":"/api/cash-closing-dashboard","event":"CASH_CLOSING_DASHBOARD_QUERY_STARTED","filters":{"cluster":"","branch":"","fromDate":"","toDate":"","status":""},"timestamp":"2026-07-07T12:19:56.483Z"}
7/7/2026, 5:49:56 pm | {"api":"/api/cash-closing-dashboard","event":"CASH_CLOSING_DASHBOARD_DATA_FETCHED","totalRecords":56,"timestamp":"2026-07-07T12:19:56.489Z"}
7/7/2026, 5:49:56 pm | {"api":"/api/cash-closing-dashboard","event":"CASH_CLOSING_CLUSTER_FETCHED","totalClusters":4,"timestamp":"2026-07-07T12:19:56.493Z"}
7/7/2026, 5:49:56 pm | {"api":"/api/cash-closing-dashboard","event":"CASH_CLOSING_BRANCH_FETCHED","totalBranches":56,"timestamp":"2026-07-07T12:19:56.496Z"}
7/7/2026, 5:49:56 pm | {"api":"/api/cash-closing-dashboard","event":"CASH_CLOSING_DASHBOARD_SUCCESS","totalRecords":56,"filters":{"cluster":"","branch":"","fromDate":"","toDate":"","status":""},"timestamp":"2026-07-07T12:19:56.497Z"}
7/7/2026, 5:49:56 pm | {"api":"/api/cash-closing-dashboard","event":"CASH_CLOSING_DASHBOARD_API_STARTED","filters":{"cluster":"","branch":"","fromDate":"","toDate":"","status":""},"timestamp":"2026-07-07T12:19:56.592Z"}
7/7/2026, 5:49:56 pm | {"api":"/api/cash-closing-dashboard","event":"CASH_CLOSING_DASHBOARD_DB_CONNECTED","timestamp":"2026-07-07T12:19:56.593Z"}
7/7/2026, 5:49:56 pm | {"api":"/api/cash-closing-dashboard","event":"CASH_CLOSING_DASHBOARD_QUERY_STARTED","filters":{"cluster":"","branch":"","fromDate":"","toDate":"","status":""},"timestamp":"2026-07-07T12:19:56.594Z"}
7/7/2026, 5:49:56 pm | {"api":"/api/cash-closing-dashboard","event":"CASH_CLOSING_DASHBOARD_DATA_FETCHED","totalRecords":56,"timestamp":"2026-07-07T12:19:56.601Z"}
7/7/2026, 5:49:56 pm | {"api":"/api/cash-closing-dashboard","event":"CASH_CLOSING_CLUSTER_FETCHED","totalClusters":4,"timestamp":"2026-07-07T12:19:56.605Z"}
7/7/2026, 5:49:56 pm | {"api":"/api/cash-closing-dashboard","event":"CASH_CLOSING_BRANCH_FETCHED","totalBranches":56,"timestamp":"2026-07-07T12:19:56.611Z"}
7/7/2026, 5:49:56 pm | {"api":"/api/cash-closing-dashboard","event":"CASH_CLOSING_DASHBOARD_SUCCESS","totalRecords":56,"filters":{"cluster":"","branch":"","fromDate":"","toDate":"","status":""},"timestamp":"2026-07-07T12:19:56.611Z"}
7/7/2026, 5:50:05 pm | {"api":"/api/cash-closing-dashboard","event":"CASH_CLOSING_DASHBOARD_API_STARTED","filters":{"cluster":"","branch":"","fromDate":"","toDate":"","status":""},"timestamp":"2026-07-07T12:20:05.594Z"}
7/7/2026, 5:50:05 pm | {"api":"/api/cash-closing-dashboard","event":"CASH_CLOSING_DASHBOARD_DB_CONNECTED","timestamp":"2026-07-07T12:20:05.595Z"}
7/7/2026, 5:50:05 pm | {"api":"/api/cash-closing-dashboard","event":"CASH_CLOSING_DASHBOARD_QUERY_STARTED","filters":{"cluster":"","branch":"","fromDate":"","toDate":"","status":""},"timestamp":"2026-07-07T12:20:05.596Z"}
7/7/2026, 5:50:05 pm | {"api":"/api/cash-closing-dashboard","event":"CASH_CLOSING_DASHBOARD_DATA_FETCHED","totalRecords":56,"timestamp":"2026-07-07T12:20:05.601Z"}
7/7/2026, 5:50:05 pm | {"api":"/api/cash-closing-dashboard","event":"CASH_CLOSING_CLUSTER_FETCHED","totalClusters":4,"timestamp":"2026-07-07T12:20:05.604Z"}
7/7/2026, 5:50:05 pm | {"api":"/api/cash-closing-dashboard","event":"CASH_CLOSING_BRANCH_FETCHED","totalBranches":56,"timestamp":"2026-07-07T12:20:05.608Z"}
7/7/2026, 5:50:05 pm | {"api":"/api/cash-closing-dashboard","event":"CASH_CLOSING_DASHBOARD_SUCCESS","totalRecords":56,"filters":{"cluster":"","branch":"","fromDate":"","toDate":"","status":""},"timestamp":"2026-07-07T12:20:05.609Z"}
7/7/2026, 5:50:05 pm | {"api":"/api/cash-closing-dashboard","event":"CASH_CLOSING_DASHBOARD_API_STARTED","filters":{"cluster":"","branch":"","fromDate":"","toDate":"","status":""},"timestamp":"2026-07-07T12:20:05.721Z"}
7/7/2026, 5:50:05 pm | {"api":"/api/cash-closing-dashboard","event":"CASH_CLOSING_DASHBOARD_DB_CONNECTED","timestamp":"2026-07-07T12:20:05.722Z"}
7/7/2026, 5:50:05 pm | {"api":"/api/cash-closing-dashboard","event":"CASH_CLOSING_DASHBOARD_QUERY_STARTED","filters":{"cluster":"","branch":"","fromDate":"","toDate":"","status":""},"timestamp":"2026-07-07T12:20:05.723Z"}
7/7/2026, 5:50:05 pm | {"api":"/api/cash-closing-dashboard","event":"CASH_CLOSING_DASHBOARD_DATA_FETCHED","totalRecords":56,"timestamp":"2026-07-07T12:20:05.729Z"}
7/7/2026, 5:50:05 pm | {"api":"/api/cash-closing-dashboard","event":"CASH_CLOSING_CLUSTER_FETCHED","totalClusters":4,"timestamp":"2026-07-07T12:20:05.733Z"}
7/7/2026, 5:50:05 pm | {"api":"/api/cash-closing-dashboard","event":"CASH_CLOSING_BRANCH_FETCHED","totalBranches":56,"timestamp":"2026-07-07T12:20:05.736Z"}
7/7/2026, 5:50:05 pm | {"api":"/api/cash-closing-dashboard","event":"CASH_CLOSING_DASHBOARD_SUCCESS","totalRecords":56,"filters":{"cluster":"","branch":"","fromDate":"","toDate":"","status":""},"timestamp":"2026-07-07T12:20:05.737Z"}
7/7/2026, 5:50:05 pm | {"api":"/api/cash-closing-dashboard","event":"CASH_CLOSING_DASHBOARD_API_STARTED","filters":{"cluster":"","branch":"","fromDate":"","toDate":"","status":""},"timestamp":"2026-07-07T12:20:05.856Z"}
7/7/2026, 5:50:05 pm | {"api":"/api/cash-closing-dashboard","event":"CASH_CLOSING_DASHBOARD_DB_CONNECTED","timestamp":"2026-07-07T12:20:05.857Z"}
7/7/2026, 5:50:05 pm | {"api":"/api/cash-closing-dashboard","event":"CASH_CLOSING_DASHBOARD_QUERY_STARTED","filters":{"cluster":"","branch":"","fromDate":"","toDate":"","status":""},"timestamp":"2026-07-07T12:20:05.858Z"}
7/7/2026, 5:50:05 pm | {"api":"/api/cash-closing-dashboard","event":"CASH_CLOSING_DASHBOARD_DATA_FETCHED","totalRecords":56,"timestamp":"2026-07-07T12:20:05.865Z"}
7/7/2026, 5:50:05 pm | {"api":"/api/cash-closing-dashboard","event":"CASH_CLOSING_CLUSTER_FETCHED","totalClusters":4,"timestamp":"2026-07-07T12:20:05.868Z"}
7/7/2026, 5:50:05 pm | {"api":"/api/cash-closing-dashboard","event":"CASH_CLOSING_BRANCH_FETCHED","totalBranches":56,"timestamp":"2026-07-07T12:20:05.872Z"}
7/7/2026, 5:50:05 pm | {"api":"/api/cash-closing-dashboard","event":"CASH_CLOSING_DASHBOARD_SUCCESS","totalRecords":56,"filters":{"cluster":"","branch":"","fromDate":"","toDate":"","status":""},"timestamp":"2026-07-07T12:20:05.872Z"}
7/7/2026, 5:50:06 pm | {"api":"/api/cash-closing-dashboard","event":"CASH_CLOSING_DASHBOARD_API_STARTED","filters":{"cluster":"","branch":"","fromDate":"","toDate":"","status":""},"timestamp":"2026-07-07T12:20:06.008Z"}
7/7/2026, 5:50:06 pm | {"api":"/api/cash-closing-dashboard","event":"CASH_CLOSING_DASHBOARD_DB_CONNECTED","timestamp":"2026-07-07T12:20:06.009Z"}
7/7/2026, 5:50:06 pm | {"api":"/api/cash-closing-dashboard","event":"CASH_CLOSING_DASHBOARD_QUERY_STARTED","filters":{"cluster":"","branch":"","fromDate":"","toDate":"","status":""},"timestamp":"2026-07-07T12:20:06.010Z"}
7/7/2026, 5:50:06 pm | {"api":"/api/cash-closing-dashboard","event":"CASH_CLOSING_DASHBOARD_DATA_FETCHED","totalRecords":56,"timestamp":"2026-07-07T12:20:06.017Z"}
7/7/2026, 5:50:06 pm | {"api":"/api/cash-closing-dashboard","event":"CASH_CLOSING_CLUSTER_FETCHED","totalClusters":4,"timestamp":"2026-07-07T12:20:06.020Z"}
7/7/2026, 5:50:06 pm | {"api":"/api/cash-closing-dashboard","event":"CASH_CLOSING_BRANCH_FETCHED","totalBranches":56,"timestamp":"2026-07-07T12:20:06.023Z"}
7/7/2026, 5:50:06 pm | {"api":"/api/cash-closing-dashboard","event":"CASH_CLOSING_DASHBOARD_SUCCESS","totalRecords":56,"filters":{"cluster":"","branch":"","fromDate":"","toDate":"","status":""},"timestamp":"2026-07-07T12:20:06.024Z"}
7/7/2026, 5:50:06 pm | {"api":"/api/cash-closing-dashboard","event":"CASH_CLOSING_DASHBOARD_API_STARTED","filters":{"cluster":"","branch":"","fromDate":"","toDate":"","status":""},"timestamp":"2026-07-07T12:20:06.136Z"}
7/7/2026, 5:50:06 pm | {"api":"/api/cash-closing-dashboard","event":"CASH_CLOSING_DASHBOARD_DB_CONNECTED","timestamp":"2026-07-07T12:20:06.138Z"}
7/7/2026, 5:50:06 pm | {"api":"/api/cash-closing-dashboard","event":"CASH_CLOSING_DASHBOARD_QUERY_STARTED","filters":{"cluster":"","branch":"","fromDate":"","toDate":"","status":""},"timestamp":"2026-07-07T12:20:06.138Z"}
7/7/2026, 5:50:06 pm | {"api":"/api/cash-closing-dashboard","event":"CASH_CLOSING_DASHBOARD_DATA_FETCHED","totalRecords":56,"timestamp":"2026-07-07T12:20:06.147Z"}
7/7/2026, 5:50:06 pm | {"api":"/api/cash-closing-dashboard","event":"CASH_CLOSING_CLUSTER_FETCHED","totalClusters":4,"timestamp":"2026-07-07T12:20:06.151Z"}
7/7/2026, 5:50:06 pm | {"api":"/api/cash-closing-dashboard","event":"CASH_CLOSING_BRANCH_FETCHED","totalBranches":56,"timestamp":"2026-07-07T12:20:06.154Z"}
7/7/2026, 5:50:06 pm | {"api":"/api/cash-closing-dashboard","event":"CASH_CLOSING_DASHBOARD_SUCCESS","totalRecords":56,"filters":{"cluster":"","branch":"","fromDate":"","toDate":"","status":""},"timestamp":"2026-07-07T12:20:06.155Z"}
7/7/2026, 5:50:06 pm | {"api":"/api/cash-closing-dashboard","event":"CASH_CLOSING_DASHBOARD_API_STARTED","filters":{"cluster":"","branch":"","fromDate":"","toDate":"","status":""},"timestamp":"2026-07-07T12:20:06.274Z"}
7/7/2026, 5:50:06 pm | {"api":"/api/cash-closing-dashboard","event":"CASH_CLOSING_DASHBOARD_DB_CONNECTED","timestamp":"2026-07-07T12:20:06.275Z"}
7/7/2026, 5:50:06 pm | {"api":"/api/cash-closing-dashboard","event":"CASH_CLOSING_DASHBOARD_QUERY_STARTED","filters":{"cluster":"","branch":"","fromDate":"","toDate":"","status":""},"timestamp":"2026-07-07T12:20:06.275Z"}
7/7/2026, 5:50:06 pm | {"api":"/api/cash-closing-dashboard","event":"CASH_CLOSING_DASHBOARD_DATA_FETCHED","totalRecords":56,"timestamp":"2026-07-07T12:20:06.282Z"}
7/7/2026, 5:50:06 pm | {"api":"/api/cash-closing-dashboard","event":"CASH_CLOSING_CLUSTER_FETCHED","totalClusters":4,"timestamp":"2026-07-07T12:20:06.286Z"}
7/7/2026, 5:50:06 pm | {"api":"/api/cash-closing-dashboard","event":"CASH_CLOSING_BRANCH_FETCHED","totalBranches":56,"timestamp":"2026-07-07T12:20:06.290Z"}
7/7/2026, 5:50:06 pm | {"api":"/api/cash-closing-dashboard","event":"CASH_CLOSING_DASHBOARD_SUCCESS","totalRecords":56,"filters":{"cluster":"","branch":"","fromDate":"","toDate":"","status":""},"timestamp":"2026-07-07T12:20:06.291Z"}
7/7/2026, 5:50:35 pm | {"api":"/api/cash-closing-dashboard","event":"CASH_CLOSING_DASHBOARD_API_STARTED","filters":{"cluster":"","branch":"","fromDate":"","toDate":"","status":""},"timestamp":"2026-07-07T12:20:35.433Z"}
7/7/2026, 5:50:35 pm | {"api":"/api/cash-closing-dashboard","event":"CASH_CLOSING_DASHBOARD_DB_CONNECTED","timestamp":"2026-07-07T12:20:35.434Z"}
7/7/2026, 5:50:35 pm | {"api":"/api/cash-closing-dashboard","event":"CASH_CLOSING_DASHBOARD_QUERY_STARTED","filters":{"cluster":"","branch":"","fromDate":"","toDate":"","status":""},"timestamp":"2026-07-07T12:20:35.435Z"}
7/7/2026, 5:50:35 pm | {"api":"/api/cash-closing-dashboard","event":"CASH_CLOSING_DASHBOARD_DATA_FETCHED","totalRecords":56,"timestamp":"2026-07-07T12:20:35.441Z"}
7/7/2026, 5:50:35 pm | {"api":"/api/cash-closing-dashboard","event":"CASH_CLOSING_CLUSTER_FETCHED","totalClusters":4,"timestamp":"2026-07-07T12:20:35.445Z"}
7/7/2026, 5:50:35 pm | {"api":"/api/cash-closing-dashboard","event":"CASH_CLOSING_BRANCH_FETCHED","totalBranches":56,"timestamp":"2026-07-07T12:20:35.448Z"}
7/7/2026, 5:50:35 pm | {"api":"/api/cash-closing-dashboard","event":"CASH_CLOSING_DASHBOARD_SUCCESS","totalRecords":56,"filters":{"cluster":"","branch":"","fromDate":"","toDate":"","status":""},"timestamp":"2026-07-07T12:20:35.449Z"}
7/7/2026, 5:50:35 pm | {"api":"/api/cash-closing-dashboard","event":"CASH_CLOSING_DASHBOARD_API_STARTED","filters":{"cluster":"","branch":"","fromDate":"","toDate":"","status":""},"timestamp":"2026-07-07T12:20:35.551Z"}
7/7/2026, 5:50:35 pm | {"api":"/api/cash-closing-dashboard","event":"CASH_CLOSING_DASHBOARD_DB_CONNECTED","timestamp":"2026-07-07T12:20:35.553Z"}
7/7/2026, 5:50:35 pm | {"api":"/api/cash-closing-dashboard","event":"CASH_CLOSING_DASHBOARD_QUERY_STARTED","filters":{"cluster":"","branch":"","fromDate":"","toDate":"","status":""},"timestamp":"2026-07-07T12:20:35.553Z"}
7/7/2026, 5:50:35 pm | {"api":"/api/cash-closing-dashboard","event":"CASH_CLOSING_DASHBOARD_DATA_FETCHED","totalRecords":56,"timestamp":"2026-07-07T12:20:35.560Z"}
7/7/2026, 5:50:35 pm | {"api":"/api/cash-closing-dashboard","event":"CASH_CLOSING_CLUSTER_FETCHED","totalClusters":4,"timestamp":"2026-07-07T12:20:35.564Z"}
7/7/2026, 5:50:35 pm | {"api":"/api/cash-closing-dashboard","event":"CASH_CLOSING_BRANCH_FETCHED","totalBranches":56,"timestamp":"2026-07-07T12:20:35.567Z"}
7/7/2026, 5:50:35 pm | {"api":"/api/cash-closing-dashboard","event":"CASH_CLOSING_DASHBOARD_SUCCESS","totalRecords":56,"filters":{"cluster":"","branch":"","fromDate":"","toDate":"","status":""},"timestamp":"2026-07-07T12:20:35.568Z"}
7/7/2026, 5:50:35 pm | {"api":"/api/cash-closing-dashboard","event":"CASH_CLOSING_DASHBOARD_API_STARTED","filters":{"cluster":"","branch":"","fromDate":"","toDate":"","status":""},"timestamp":"2026-07-07T12:20:35.703Z"}
7/7/2026, 5:50:35 pm | {"api":"/api/cash-closing-dashboard","event":"CASH_CLOSING_DASHBOARD_DB_CONNECTED","timestamp":"2026-07-07T12:20:35.704Z"}
7/7/2026, 5:50:35 pm | {"api":"/api/cash-closing-dashboard","event":"CASH_CLOSING_DASHBOARD_QUERY_STARTED","filters":{"cluster":"","branch":"","fromDate":"","toDate":"","status":""},"timestamp":"2026-07-07T12:20:35.705Z"}
7/7/2026, 5:50:35 pm | {"api":"/api/cash-closing-dashboard","event":"CASH_CLOSING_DASHBOARD_DATA_FETCHED","totalRecords":56,"timestamp":"2026-07-07T12:20:35.712Z"}
7/7/2026, 5:50:35 pm | {"api":"/api/cash-closing-dashboard","event":"CASH_CLOSING_CLUSTER_FETCHED","totalClusters":4,"timestamp":"2026-07-07T12:20:35.715Z"}
7/7/2026, 5:50:35 pm | {"api":"/api/cash-closing-dashboard","event":"CASH_CLOSING_BRANCH_FETCHED","totalBranches":56,"timestamp":"2026-07-07T12:20:35.718Z"}
7/7/2026, 5:50:35 pm | {"api":"/api/cash-closing-dashboard","event":"CASH_CLOSING_DASHBOARD_SUCCESS","totalRecords":56,"filters":{"cluster":"","branch":"","fromDate":"","toDate":"","status":""},"timestamp":"2026-07-07T12:20:35.719Z"}
7/7/2026, 5:50:44 pm | {"api":"/login","event":"LOGIN_API_STARTED","mpin":"1984","deviceId":"1a140709e3404975","timestamp":"2026-07-07T12:20:44.466Z"}
7/7/2026, 5:50:44 pm | {"event":"LOGIN_REQUEST","mpin":"1984","deviceId":"1a140709e3404975","timestamp":"2026-07-07T12:20:44.467Z"}
7/7/2026, 5:50:44 pm | {"api":"/login","event":"LOGIN_DB_QUERY_STARTED","mpin":"1984","timestamp":"2026-07-07T12:20:44.468Z"}
7/7/2026, 5:50:44 pm | {"api":"/login","event":"LOGIN_USER_FOUND","empNo":"318","branch":"Mangalagiri","designation":"Branch Manager","timestamp":"2026-07-07T12:20:44.478Z"}
7/7/2026, 5:50:44 pm | {"api":"/login","event":"LOGIN_DEVICE_CHECK","empNo":"318","savedDevice":"1a140709e3404975","currentDevice":"1a140709e3404975","timestamp":"2026-07-07T12:20:44.479Z"}
7/7/2026, 5:50:44 pm | {"api":"/login","event":"LOGIN_SUCCESS","empNo":"318","branch":"Mangalagiri","designation":"Branch Manager","loginTime":"2026-07-07T12:20:44.488Z"}
7/7/2026, 5:50:44 pm | {"api":"/employee/:empNo","event":"EMPLOYEE_API_STARTED","empNo":"318","timestamp":"2026-07-07T12:20:44.696Z"}
7/7/2026, 5:50:44 pm | {"api":"/employee/:empNo","event":"EMPLOYEE_DB_QUERY_STARTED","empNo":"318","timestamp":"2026-07-07T12:20:44.697Z"}
7/7/2026, 5:50:44 pm | {"api":"/employee/:empNo","event":"EMPLOYEE_FETCH_SUCCESS","empNo":"318","employeeName":"K. Madhu Babu","branch":"Mangalagiri","designation":"Branch Manager","timestamp":"2026-07-07T12:20:44.702Z"}
7/7/2026, 5:50:44 pm | {"api":"/last-submission/:empNo","event":"LAST_SUBMISSION_API_STARTED","empNo":"318","timestamp":"2026-07-07T12:20:44.771Z"}
7/7/2026, 5:50:44 pm | {"api":"/last-submission/:empNo","event":"LAST_SUBMISSION_DB_QUERY_STARTED","empNo":"318","timestamp":"2026-07-07T12:20:44.772Z"}
7/7/2026, 5:50:44 pm | {"api":"/last-submission/:empNo","event":"LAST_SUBMISSION_FETCH_SUCCESS","empNo":"318","amount":801720,"actionAt":"2026-07-06 18:29:33","timestamp":"2026-07-07T12:20:44.778Z"}
7/7/2026, 5:50:44 pm | {"api":"/today-cash/:empNo","event":"TODAY_CASH_API_STARTED","empNo":"318","timestamp":"2026-07-07T12:20:44.968Z"}
7/7/2026, 5:50:44 pm | {"api":"/today-cash/:empNo","event":"TODAY_CASH_DB_QUERY_STARTED","empNo":"318","timestamp":"2026-07-07T12:20:44.969Z"}
7/7/2026, 5:50:44 pm | {"api":"/today-cash/:empNo","event":"TODAY_CASH_NOT_FOUND","empNo":"318","timestamp":"2026-07-07T12:20:44.974Z"}
7/7/2026, 5:50:57 pm | {"api":"/api/cash-closing-dashboard","event":"CASH_CLOSING_DASHBOARD_API_STARTED","filters":{"cluster":"","branch":"","fromDate":"","toDate":"","status":""},"timestamp":"2026-07-07T12:20:57.511Z"}
7/7/2026, 5:50:57 pm | {"api":"/api/cash-closing-dashboard","event":"CASH_CLOSING_DASHBOARD_DB_CONNECTED","timestamp":"2026-07-07T12:20:57.512Z"}
7/7/2026, 5:50:57 pm | {"api":"/api/cash-closing-dashboard","event":"CASH_CLOSING_DASHBOARD_QUERY_STARTED","filters":{"cluster":"","branch":"","fromDate":"","toDate":"","status":""},"timestamp":"2026-07-07T12:20:57.513Z"}
7/7/2026, 5:50:57 pm | {"api":"/api/cash-closing-dashboard","event":"CASH_CLOSING_DASHBOARD_DATA_FETCHED","totalRecords":56,"timestamp":"2026-07-07T12:20:57.520Z"}
7/7/2026, 5:50:57 pm | {"api":"/api/cash-closing-dashboard","event":"CASH_CLOSING_CLUSTER_FETCHED","totalClusters":4,"timestamp":"2026-07-07T12:20:57.525Z"}
7/7/2026, 5:50:57 pm | {"api":"/api/cash-closing-dashboard","event":"CASH_CLOSING_BRANCH_FETCHED","totalBranches":56,"timestamp":"2026-07-07T12:20:57.529Z"}
7/7/2026, 5:50:57 pm | {"api":"/api/cash-closing-dashboard","event":"CASH_CLOSING_DASHBOARD_SUCCESS","totalRecords":56,"filters":{"cluster":"","branch":"","fromDate":"","toDate":"","status":""},"timestamp":"2026-07-07T12:20:57.529Z"}
7/7/2026, 5:50:57 pm | {"api":"/api/cash-closing-dashboard","event":"CASH_CLOSING_DASHBOARD_API_STARTED","filters":{"cluster":"","branch":"","fromDate":"","toDate":"","status":""},"timestamp":"2026-07-07T12:20:57.591Z"}
7/7/2026, 5:50:57 pm | {"api":"/api/cash-closing-dashboard","event":"CASH_CLOSING_DASHBOARD_DB_CONNECTED","timestamp":"2026-07-07T12:20:57.592Z"}
7/7/2026, 5:50:57 pm | {"api":"/api/cash-closing-dashboard","event":"CASH_CLOSING_DASHBOARD_QUERY_STARTED","filters":{"cluster":"","branch":"","fromDate":"","toDate":"","status":""},"timestamp":"2026-07-07T12:20:57.592Z"}
7/7/2026, 5:50:57 pm | {"api":"/api/cash-closing-dashboard","event":"CASH_CLOSING_DASHBOARD_DATA_FETCHED","totalRecords":56,"timestamp":"2026-07-07T12:20:57.600Z"}
7/7/2026, 5:50:57 pm | {"api":"/api/cash-closing-dashboard","event":"CASH_CLOSING_CLUSTER_FETCHED","totalClusters":4,"timestamp":"2026-07-07T12:20:57.603Z"}
7/7/2026, 5:50:57 pm | {"api":"/api/cash-closing-dashboard","event":"CASH_CLOSING_BRANCH_FETCHED","totalBranches":56,"timestamp":"2026-07-07T12:20:57.606Z"}
7/7/2026, 5:50:57 pm | {"api":"/api/cash-closing-dashboard","event":"CASH_CLOSING_DASHBOARD_SUCCESS","totalRecords":56,"filters":{"cluster":"","branch":"","fromDate":"","toDate":"","status":""},"timestamp":"2026-07-07T12:20:57.607Z"}
7/7/2026, 5:50:57 pm | {"api":"/api/cash-closing-dashboard","event":"CASH_CLOSING_DASHBOARD_API_STARTED","filters":{"cluster":"","branch":"","fromDate":"","toDate":"","status":""},"timestamp":"2026-07-07T12:20:57.728Z"}
7/7/2026, 5:50:57 pm | {"api":"/api/cash-closing-dashboard","event":"CASH_CLOSING_DASHBOARD_DB_CONNECTED","timestamp":"2026-07-07T12:20:57.729Z"}
7/7/2026, 5:50:57 pm | {"api":"/api/cash-closing-dashboard","event":"CASH_CLOSING_DASHBOARD_QUERY_STARTED","filters":{"cluster":"","branch":"","fromDate":"","toDate":"","status":""},"timestamp":"2026-07-07T12:20:57.730Z"}
7/7/2026, 5:50:57 pm | {"api":"/api/cash-closing-dashboard","event":"CASH_CLOSING_DASHBOARD_DATA_FETCHED","totalRecords":56,"timestamp":"2026-07-07T12:20:57.737Z"}
7/7/2026, 5:50:57 pm | {"api":"/api/cash-closing-dashboard","event":"CASH_CLOSING_CLUSTER_FETCHED","totalClusters":4,"timestamp":"2026-07-07T12:20:57.742Z"}
7/7/2026, 5:50:57 pm | {"api":"/api/cash-closing-dashboard","event":"CASH_CLOSING_BRANCH_FETCHED","totalBranches":56,"timestamp":"2026-07-07T12:20:57.746Z"}
7/7/2026, 5:50:57 pm | {"api":"/api/cash-closing-dashboard","event":"CASH_CLOSING_DASHBOARD_SUCCESS","totalRecords":56,"filters":{"cluster":"","branch":"","fromDate":"","toDate":"","status":""},"timestamp":"2026-07-07T12:20:57.747Z"}
7/7/2026, 5:50:58 pm | {"api":"/api/cash-closing-dashboard","event":"CASH_CLOSING_DASHBOARD_API_STARTED","filters":{"cluster":"","branch":"","fromDate":"","toDate":"","status":""},"timestamp":"2026-07-07T12:20:58.007Z"}
7/7/2026, 5:50:58 pm | {"api":"/api/cash-closing-dashboard","event":"CASH_CLOSING_DASHBOARD_DB_CONNECTED","timestamp":"2026-07-07T12:20:58.008Z"}
7/7/2026, 5:50:58 pm | {"api":"/api/cash-closing-dashboard","event":"CASH_CLOSING_DASHBOARD_QUERY_STARTED","filters":{"cluster":"","branch":"","fromDate":"","toDate":"","status":""},"timestamp":"2026-07-07T12:20:58.009Z"}
7/7/2026, 5:50:58 pm | {"api":"/api/cash-closing-dashboard","event":"CASH_CLOSING_DASHBOARD_DATA_FETCHED","totalRecords":56,"timestamp":"2026-07-07T12:20:58.016Z"}
7/7/2026, 5:50:58 pm | {"api":"/api/cash-closing-dashboard","event":"CASH_CLOSING_CLUSTER_FETCHED","totalClusters":4,"timestamp":"2026-07-07T12:20:58.019Z"}
7/7/2026, 5:50:58 pm | {"api":"/api/cash-closing-dashboard","event":"CASH_CLOSING_BRANCH_FETCHED","totalBranches":56,"timestamp":"2026-07-07T12:20:58.024Z"}
7/7/2026, 5:50:58 pm | {"api":"/api/cash-closing-dashboard","event":"CASH_CLOSING_DASHBOARD_SUCCESS","totalRecords":56,"filters":{"cluster":"","branch":"","fromDate":"","toDate":"","status":""},"timestamp":"2026-07-07T12:20:58.025Z"}
7/7/2026, 5:50:58 pm | {"api":"/api/cash-closing-dashboard","event":"CASH_CLOSING_DASHBOARD_API_STARTED","filters":{"cluster":"","branch":"","fromDate":"","toDate":"","status":""},"timestamp":"2026-07-07T12:20:58.169Z"}
7/7/2026, 5:50:58 pm | {"api":"/api/cash-closing-dashboard","event":"CASH_CLOSING_DASHBOARD_DB_CONNECTED","timestamp":"2026-07-07T12:20:58.170Z"}
7/7/2026, 5:50:58 pm | {"api":"/api/cash-closing-dashboard","event":"CASH_CLOSING_DASHBOARD_QUERY_STARTED","filters":{"cluster":"","branch":"","fromDate":"","toDate":"","status":""},"timestamp":"2026-07-07T12:20:58.171Z"}
7/7/2026, 5:50:58 pm | {"api":"/api/cash-closing-dashboard","event":"CASH_CLOSING_DASHBOARD_DATA_FETCHED","totalRecords":56,"timestamp":"2026-07-07T12:20:58.177Z"}
7/7/2026, 5:50:58 pm | {"api":"/api/cash-closing-dashboard","event":"CASH_CLOSING_CLUSTER_FETCHED","totalClusters":4,"timestamp":"2026-07-07T12:20:58.180Z"}
7/7/2026, 5:50:58 pm | {"api":"/api/cash-closing-dashboard","event":"CASH_CLOSING_BRANCH_FETCHED","totalBranches":56,"timestamp":"2026-07-07T12:20:58.184Z"}
7/7/2026, 5:50:58 pm | {"api":"/api/cash-closing-dashboard","event":"CASH_CLOSING_DASHBOARD_SUCCESS","totalRecords":56,"filters":{"cluster":"","branch":"","fromDate":"","toDate":"","status":""},"timestamp":"2026-07-07T12:20:58.184Z"}
7/7/2026, 5:50:58 pm | {"api":"/api/cash-closing-dashboard","event":"CASH_CLOSING_DASHBOARD_API_STARTED","filters":{"cluster":"","branch":"","fromDate":"","toDate":"","status":""},"timestamp":"2026-07-07T12:20:58.282Z"}
7/7/2026, 5:50:58 pm | {"api":"/api/cash-closing-dashboard","event":"CASH_CLOSING_DASHBOARD_DB_CONNECTED","timestamp":"2026-07-07T12:20:58.283Z"}
7/7/2026, 5:50:58 pm | {"api":"/api/cash-closing-dashboard","event":"CASH_CLOSING_DASHBOARD_QUERY_STARTED","filters":{"cluster":"","branch":"","fromDate":"","toDate":"","status":""},"timestamp":"2026-07-07T12:20:58.284Z"}
7/7/2026, 5:50:58 pm | {"api":"/api/cash-closing-dashboard","event":"CASH_CLOSING_DASHBOARD_DATA_FETCHED","totalRecords":56,"timestamp":"2026-07-07T12:20:58.289Z"}
7/7/2026, 5:50:58 pm | {"api":"/api/cash-closing-dashboard","event":"CASH_CLOSING_CLUSTER_FETCHED","totalClusters":4,"timestamp":"2026-07-07T12:20:58.293Z"}
7/7/2026, 5:50:58 pm | {"api":"/api/cash-closing-dashboard","event":"CASH_CLOSING_BRANCH_FETCHED","totalBranches":56,"timestamp":"2026-07-07T12:20:58.296Z"}
7/7/2026, 5:50:58 pm | {"api":"/api/cash-closing-dashboard","event":"CASH_CLOSING_DASHBOARD_SUCCESS","totalRecords":56,"filters":{"cluster":"","branch":"","fromDate":"","toDate":"","status":""},"timestamp":"2026-07-07T12:20:58.297Z"}
7/7/2026, 5:50:58 pm | {"api":"/api/cash-closing-dashboard","event":"CASH_CLOSING_DASHBOARD_API_STARTED","filters":{"cluster":"","branch":"","fromDate":"","toDate":"","status":""},"timestamp":"2026-07-07T12:20:58.433Z"}
7/7/2026, 5:50:58 pm | {"api":"/api/cash-closing-dashboard","event":"CASH_CLOSING_DASHBOARD_DB_CONNECTED","timestamp":"2026-07-07T12:20:58.434Z"}
7/7/2026, 5:50:58 pm | {"api":"/api/cash-closing-dashboard","event":"CASH_CLOSING_DASHBOARD_QUERY_STARTED","filters":{"cluster":"","branch":"","fromDate":"","toDate":"","status":""},"timestamp":"2026-07-07T12:20:58.435Z"}
7/7/2026, 5:50:58 pm | {"api":"/api/cash-closing-dashboard","event":"CASH_CLOSING_DASHBOARD_DATA_FETCHED","totalRecords":56,"timestamp":"2026-07-07T12:20:58.443Z"}
7/7/2026, 5:50:58 pm | {"api":"/api/cash-closing-dashboard","event":"CASH_CLOSING_CLUSTER_FETCHED","totalClusters":4,"timestamp":"2026-07-07T12:20:58.446Z"}
7/7/2026, 5:50:58 pm | {"api":"/api/cash-closing-dashboard","event":"CASH_CLOSING_BRANCH_FETCHED","totalBranches":56,"timestamp":"2026-07-07T12:20:58.449Z"}
7/7/2026, 5:50:58 pm | {"api":"/api/cash-closing-dashboard","event":"CASH_CLOSING_DASHBOARD_SUCCESS","totalRecords":56,"filters":{"cluster":"","branch":"","fromDate":"","toDate":"","status":""},"timestamp":"2026-07-07T12:20:58.450Z"}
7/7/2026, 5:50:58 pm | {"api":"/api/cash-closing-dashboard","event":"CASH_CLOSING_DASHBOARD_API_STARTED","filters":{"cluster":"","branch":"","fromDate":"","toDate":"","status":""},"timestamp":"2026-07-07T12:20:58.554Z"}
7/7/2026, 5:50:58 pm | {"api":"/api/cash-closing-dashboard","event":"CASH_CLOSING_DASHBOARD_DB_CONNECTED","timestamp":"2026-07-07T12:20:58.555Z"}
7/7/2026, 5:50:58 pm | {"api":"/api/cash-closing-dashboard","event":"CASH_CLOSING_DASHBOARD_QUERY_STARTED","filters":{"cluster":"","branch":"","fromDate":"","toDate":"","status":""},"timestamp":"2026-07-07T12:20:58.555Z"}
7/7/2026, 5:50:58 pm | {"api":"/api/cash-closing-dashboard","event":"CASH_CLOSING_DASHBOARD_DATA_FETCHED","totalRecords":56,"timestamp":"2026-07-07T12:20:58.560Z"}
7/7/2026, 5:50:58 pm | {"api":"/api/cash-closing-dashboard","event":"CASH_CLOSING_CLUSTER_FETCHED","totalClusters":4,"timestamp":"2026-07-07T12:20:58.563Z"}
7/7/2026, 5:50:58 pm | {"api":"/api/cash-closing-dashboard","event":"CASH_CLOSING_BRANCH_FETCHED","totalBranches":56,"timestamp":"2026-07-07T12:20:58.567Z"}
7/7/2026, 5:50:58 pm | {"api":"/api/cash-closing-dashboard","event":"CASH_CLOSING_DASHBOARD_SUCCESS","totalRecords":56,"filters":{"cluster":"","branch":"","fromDate":"","toDate":"","status":""},"timestamp":"2026-07-07T12:20:58.568Z"}
7/7/2026, 5:50:58 pm | {"api":"/api/cash-closing-dashboard","event":"CASH_CLOSING_DASHBOARD_API_STARTED","filters":{"cluster":"","branch":"","fromDate":"","toDate":"","status":""},"timestamp":"2026-07-07T12:20:58.682Z"}
7/7/2026, 5:50:58 pm | {"api":"/api/cash-closing-dashboard","event":"CASH_CLOSING_DASHBOARD_DB_CONNECTED","timestamp":"2026-07-07T12:20:58.683Z"}
7/7/2026, 5:50:58 pm | {"api":"/api/cash-closing-dashboard","event":"CASH_CLOSING_DASHBOARD_QUERY_STARTED","filters":{"cluster":"","branch":"","fromDate":"","toDate":"","status":""},"timestamp":"2026-07-07T12:20:58.684Z"}
7/7/2026, 5:50:58 pm | {"api":"/api/cash-closing-dashboard","event":"CASH_CLOSING_DASHBOARD_DATA_FETCHED","totalRecords":56,"timestamp":"2026-07-07T12:20:58.689Z"}
7/7/2026, 5:50:58 pm | {"api":"/api/cash-closing-dashboard","event":"CASH_CLOSING_CLUSTER_FETCHED","totalClusters":4,"timestamp":"2026-07-07T12:20:58.693Z"}
7/7/2026, 5:50:58 pm | {"api":"/api/cash-closing-dashboard","event":"CASH_CLOSING_BRANCH_FETCHED","totalBranches":56,"timestamp":"2026-07-07T12:20:58.697Z"}
7/7/2026, 5:50:58 pm | {"api":"/api/cash-closing-dashboard","event":"CASH_CLOSING_DASHBOARD_SUCCESS","totalRecords":56,"filters":{"cluster":"","branch":"","fromDate":"","toDate":"","status":""},"timestamp":"2026-07-07T12:20:58.698Z"}
7/7/2026, 5:51:17 pm | {"api":"/login","event":"LOGIN_API_STARTED","mpin":"1237","deviceId":"15c44e0621dd621c","timestamp":"2026-07-07T12:21:17.017Z"}
7/7/2026, 5:51:17 pm | {"event":"LOGIN_REQUEST","mpin":"1237","deviceId":"15c44e0621dd621c","timestamp":"2026-07-07T12:21:17.018Z"}
7/7/2026, 5:51:17 pm | {"api":"/login","event":"LOGIN_DB_QUERY_STARTED","mpin":"1237","timestamp":"2026-07-07T12:21:17.019Z"}
7/7/2026, 5:51:17 pm | {"api":"/login","event":"LOGIN_USER_FOUND","empNo":"487","branch":"Amalapuram","designation":"Branch Manager","timestamp":"2026-07-07T12:21:17.027Z"}
7/7/2026, 5:51:17 pm | {"api":"/login","event":"LOGIN_DEVICE_CHECK","empNo":"487","savedDevice":"15c44e0621dd621c","currentDevice":"15c44e0621dd621c","timestamp":"2026-07-07T12:21:17.028Z"}
7/7/2026, 5:51:17 pm | {"api":"/login","event":"LOGIN_SUCCESS","empNo":"487","branch":"Amalapuram","designation":"Branch Manager","loginTime":"2026-07-07T12:21:17.037Z"}
7/7/2026, 5:51:17 pm | {"api":"/employee/:empNo","event":"EMPLOYEE_API_STARTED","empNo":"487","timestamp":"2026-07-07T12:21:17.241Z"}
7/7/2026, 5:51:17 pm | {"api":"/employee/:empNo","event":"EMPLOYEE_DB_QUERY_STARTED","empNo":"487","timestamp":"2026-07-07T12:21:17.242Z"}
7/7/2026, 5:51:17 pm | {"api":"/employee/:empNo","event":"EMPLOYEE_FETCH_SUCCESS","empNo":"487","employeeName":"Ch Sivaji","branch":"Amalapuram","designation":"Branch Manager","timestamp":"2026-07-07T12:21:17.246Z"}
7/7/2026, 5:51:17 pm | {"api":"/last-submission/:empNo","event":"LAST_SUBMISSION_API_STARTED","empNo":"487","timestamp":"2026-07-07T12:21:17.303Z"}
7/7/2026, 5:51:17 pm | {"api":"/last-submission/:empNo","event":"LAST_SUBMISSION_DB_QUERY_STARTED","empNo":"487","timestamp":"2026-07-07T12:21:17.304Z"}
7/7/2026, 5:51:17 pm | {"api":"/last-submission/:empNo","event":"LAST_SUBMISSION_FETCH_SUCCESS","empNo":"487","amount":400000,"actionAt":"2026-07-06 18:05:24","timestamp":"2026-07-07T12:21:17.309Z"}
7/7/2026, 5:51:17 pm | {"api":"/today-cash/:empNo","event":"TODAY_CASH_API_STARTED","empNo":"487","timestamp":"2026-07-07T12:21:17.451Z"}
7/7/2026, 5:51:17 pm | {"api":"/today-cash/:empNo","event":"TODAY_CASH_DB_QUERY_STARTED","empNo":"487","timestamp":"2026-07-07T12:21:17.452Z"}
7/7/2026, 5:51:17 pm | {"api":"/today-cash/:empNo","event":"TODAY_CASH_NOT_FOUND","empNo":"487","timestamp":"2026-07-07T12:21:17.456Z"}
7/7/2026, 5:51:22 pm | {"api":"/login","event":"LOGIN_API_STARTED","mpin":"2604","deviceId":"00d675f8d00433da","timestamp":"2026-07-07T12:21:22.543Z"}
7/7/2026, 5:51:22 pm | {"event":"LOGIN_REQUEST","mpin":"2604","deviceId":"00d675f8d00433da","timestamp":"2026-07-07T12:21:22.545Z"}
7/7/2026, 5:51:22 pm | {"api":"/login","event":"LOGIN_DB_QUERY_STARTED","mpin":"2604","timestamp":"2026-07-07T12:21:22.545Z"}
7/7/2026, 5:51:22 pm | {"api":"/login","event":"LOGIN_USER_FOUND","empNo":"743","branch":"Chintalapudi","designation":"Branch Manager","timestamp":"2026-07-07T12:21:22.553Z"}
7/7/2026, 5:51:22 pm | {"api":"/login","event":"LOGIN_DEVICE_CHECK","empNo":"743","savedDevice":"00d675f8d00433da","currentDevice":"00d675f8d00433da","timestamp":"2026-07-07T12:21:22.554Z"}
7/7/2026, 5:51:22 pm | {"api":"/login","event":"LOGIN_SUCCESS","empNo":"743","branch":"Chintalapudi","designation":"Branch Manager","loginTime":"2026-07-07T12:21:22.561Z"}
7/7/2026, 5:51:22 pm | {"api":"/employee/:empNo","event":"EMPLOYEE_API_STARTED","empNo":"743","timestamp":"2026-07-07T12:21:22.795Z"}
7/7/2026, 5:51:22 pm | {"api":"/employee/:empNo","event":"EMPLOYEE_DB_QUERY_STARTED","empNo":"743","timestamp":"2026-07-07T12:21:22.795Z"}
7/7/2026, 5:51:22 pm | {"api":"/employee/:empNo","event":"EMPLOYEE_FETCH_SUCCESS","empNo":"743","employeeName":"Kethavath Chandra Kumar Naik","branch":"Chintalapudi","designation":"Branch Manager","timestamp":"2026-07-07T12:21:22.800Z"}
7/7/2026, 5:51:22 pm | {"api":"/last-submission/:empNo","event":"LAST_SUBMISSION_API_STARTED","empNo":"743","timestamp":"2026-07-07T12:21:22.878Z"}
7/7/2026, 5:51:22 pm | {"api":"/last-submission/:empNo","event":"LAST_SUBMISSION_DB_QUERY_STARTED","empNo":"743","timestamp":"2026-07-07T12:21:22.879Z"}
7/7/2026, 5:51:22 pm | {"api":"/last-submission/:empNo","event":"LAST_SUBMISSION_FETCH_SUCCESS","empNo":"743","amount":2639785,"actionAt":"2026-07-06 17:29:39","timestamp":"2026-07-07T12:21:22.884Z"}
7/7/2026, 5:51:22 pm | {"api":"/today-cash/:empNo","event":"TODAY_CASH_API_STARTED","empNo":"743","timestamp":"2026-07-07T12:21:22.998Z"}
7/7/2026, 5:51:22 pm | {"api":"/today-cash/:empNo","event":"TODAY_CASH_DB_QUERY_STARTED","empNo":"743","timestamp":"2026-07-07T12:21:22.999Z"}
7/7/2026, 5:51:23 pm | {"api":"/today-cash/:empNo","event":"TODAY_CASH_NOT_FOUND","empNo":"743","timestamp":"2026-07-07T12:21:23.005Z"}
7/7/2026, 5:51:23 pm | {"api":"/save-cash-closing","event":"SAVE_CASH_API_STARTED","empNo":"487","amount":"500000","timestamp":"2026-07-07T12:21:23.780Z"}
7/7/2026, 5:51:23 pm | {"api":"/save-cash-closing","event":"PREVIOUS_DAY_RECORD_FOUND","empNo":"487","oldDate":"2026-07-06T00:00:00.000Z","amount":400000,"timestamp":"2026-07-07T12:21:23.787Z"}
7/7/2026, 5:51:23 pm | {"api":"/save-cash-closing","event":"PREVIOUS_DAY_MOVED_TO_HISTORY","empNo":"487","timestamp":"2026-07-07T12:21:23.795Z"}
7/7/2026, 5:51:23 pm | {"api":"/save-cash-closing","event":"PREVIOUS_DAY_DELETED","empNo":"487","timestamp":"2026-07-07T12:21:23.803Z"}
7/7/2026, 5:51:23 pm | {"api":"/save-cash-closing","event":"SAVE_CASH_NEW_ENTRY","empNo":"487","amount":"500000","branch":"Amalapuram","timestamp":"2026-07-07T12:21:23.808Z"}
7/7/2026, 5:51:23 pm | {"api":"/save-cash-closing","event":"SAVE_CASH_HISTORY_INSERTED","empNo":"487","actionType":"ADDED","version":1,"timestamp":"2026-07-07T12:21:23.822Z"}
7/7/2026, 5:51:23 pm | {"api":"/save-cash-closing","event":"SAVE_CASH_SUCCESS","type":"INSERT","empNo":"487","amount":"500000","timestamp":"2026-07-07T12:21:23.823Z"}
7/7/2026, 5:51:35 pm | {"api":"/login","event":"LOGIN_API_STARTED","mpin":"9848","deviceId":"53f7f8e21c740acd","timestamp":"2026-07-07T12:21:35.233Z"}
7/7/2026, 5:51:35 pm | {"event":"LOGIN_REQUEST","mpin":"9848","deviceId":"53f7f8e21c740acd","timestamp":"2026-07-07T12:21:35.234Z"}
7/7/2026, 5:51:35 pm | {"api":"/login","event":"LOGIN_DB_QUERY_STARTED","mpin":"9848","timestamp":"2026-07-07T12:21:35.234Z"}
7/7/2026, 5:51:35 pm | {"api":"/login","event":"LOGIN_USER_FOUND","empNo":"459","branch":"Anakapalli","designation":"Branch Manager","timestamp":"2026-07-07T12:21:35.245Z"}
7/7/2026, 5:51:35 pm | {"api":"/login","event":"LOGIN_DEVICE_CHECK","empNo":"459","savedDevice":"53f7f8e21c740acd","currentDevice":"53f7f8e21c740acd","timestamp":"2026-07-07T12:21:35.246Z"}
7/7/2026, 5:51:35 pm | {"api":"/login","event":"LOGIN_SUCCESS","empNo":"459","branch":"Anakapalli","designation":"Branch Manager","loginTime":"2026-07-07T12:21:35.254Z"}
7/7/2026, 5:51:35 pm | {"api":"/employee/:empNo","event":"EMPLOYEE_API_STARTED","empNo":"459","timestamp":"2026-07-07T12:21:35.451Z"}
7/7/2026, 5:51:35 pm | {"api":"/employee/:empNo","event":"EMPLOYEE_DB_QUERY_STARTED","empNo":"459","timestamp":"2026-07-07T12:21:35.453Z"}
7/7/2026, 5:51:35 pm | {"api":"/employee/:empNo","event":"EMPLOYEE_FETCH_SUCCESS","empNo":"459","employeeName":"U Tulasi Rao","branch":"Anakapalli","designation":"Branch Manager","timestamp":"2026-07-07T12:21:35.457Z"}
7/7/2026, 5:51:35 pm | {"api":"/last-submission/:empNo","event":"LAST_SUBMISSION_API_STARTED","empNo":"459","timestamp":"2026-07-07T12:21:35.520Z"}
7/7/2026, 5:51:35 pm | {"api":"/last-submission/:empNo","event":"LAST_SUBMISSION_DB_QUERY_STARTED","empNo":"459","timestamp":"2026-07-07T12:21:35.521Z"}
7/7/2026, 5:51:35 pm | {"api":"/last-submission/:empNo","event":"LAST_SUBMISSION_FETCH_SUCCESS","empNo":"459","amount":300000,"actionAt":"2026-07-06 17:58:45","timestamp":"2026-07-07T12:21:35.525Z"}
7/7/2026, 5:51:35 pm | {"api":"/today-cash/:empNo","event":"TODAY_CASH_API_STARTED","empNo":"459","timestamp":"2026-07-07T12:21:35.636Z"}
7/7/2026, 5:51:35 pm | {"api":"/today-cash/:empNo","event":"TODAY_CASH_DB_QUERY_STARTED","empNo":"459","timestamp":"2026-07-07T12:21:35.637Z"}
7/7/2026, 5:51:35 pm | {"api":"/today-cash/:empNo","event":"TODAY_CASH_NOT_FOUND","empNo":"459","timestamp":"2026-07-07T12:21:35.646Z"}
7/7/2026, 5:51:36 pm | {"api":"/save-cash-closing","event":"SAVE_CASH_API_STARTED","empNo":"743","amount":"2818040","timestamp":"2026-07-07T12:21:36.972Z"}
7/7/2026, 5:51:36 pm | {"api":"/save-cash-closing","event":"PREVIOUS_DAY_RECORD_FOUND","empNo":"743","oldDate":"2026-07-06T00:00:00.000Z","amount":2639785,"timestamp":"2026-07-07T12:21:36.979Z"}
7/7/2026, 5:51:36 pm | {"api":"/save-cash-closing","event":"PREVIOUS_DAY_MOVED_TO_HISTORY","empNo":"743","timestamp":"2026-07-07T12:21:36.987Z"}
7/7/2026, 5:51:36 pm | {"api":"/save-cash-closing","event":"PREVIOUS_DAY_DELETED","empNo":"743","timestamp":"2026-07-07T12:21:36.995Z"}
7/7/2026, 5:51:36 pm | {"api":"/save-cash-closing","event":"SAVE_CASH_NEW_ENTRY","empNo":"743","amount":"2818040","branch":"Chintalapudi","timestamp":"2026-07-07T12:21:36.998Z"}
7/7/2026, 5:51:37 pm | {"api":"/save-cash-closing","event":"SAVE_CASH_HISTORY_INSERTED","empNo":"743","actionType":"ADDED","version":1,"timestamp":"2026-07-07T12:21:37.012Z"}
7/7/2026, 5:51:37 pm | {"api":"/save-cash-closing","event":"SAVE_CASH_SUCCESS","type":"INSERT","empNo":"743","amount":"2818040","timestamp":"2026-07-07T12:21:37.013Z"}
7/7/2026, 5:51:37 pm | {"api":"/api/cash-closing-dashboard","event":"CASH_CLOSING_DASHBOARD_API_STARTED","filters":{"cluster":"","branch":"","fromDate":"","toDate":"","status":""},"timestamp":"2026-07-07T12:21:37.884Z"}
7/7/2026, 5:51:37 pm | {"api":"/api/cash-closing-dashboard","event":"CASH_CLOSING_DASHBOARD_DB_CONNECTED","timestamp":"2026-07-07T12:21:37.885Z"}
7/7/2026, 5:51:37 pm | {"api":"/api/cash-closing-dashboard","event":"CASH_CLOSING_DASHBOARD_QUERY_STARTED","filters":{"cluster":"","branch":"","fromDate":"","toDate":"","status":""},"timestamp":"2026-07-07T12:21:37.886Z"}
7/7/2026, 5:51:37 pm | {"api":"/api/cash-closing-dashboard","event":"CASH_CLOSING_DASHBOARD_DATA_FETCHED","totalRecords":56,"timestamp":"2026-07-07T12:21:37.891Z"}
7/7/2026, 5:51:37 pm | {"api":"/api/cash-closing-dashboard","event":"CASH_CLOSING_CLUSTER_FETCHED","totalClusters":4,"timestamp":"2026-07-07T12:21:37.895Z"}
7/7/2026, 5:51:37 pm | {"api":"/api/cash-closing-dashboard","event":"CASH_CLOSING_BRANCH_FETCHED","totalBranches":56,"timestamp":"2026-07-07T12:21:37.898Z"}
7/7/2026, 5:51:37 pm | {"api":"/api/cash-closing-dashboard","event":"CASH_CLOSING_DASHBOARD_SUCCESS","totalRecords":56,"filters":{"cluster":"","branch":"","fromDate":"","toDate":"","status":""},"timestamp":"2026-07-07T12:21:37.899Z"}
7/7/2026, 5:51:37 pm | {"api":"/api/cash-closing-dashboard","event":"CASH_CLOSING_DASHBOARD_API_STARTED","filters":{"cluster":"","branch":"","fromDate":"","toDate":"","status":""},"timestamp":"2026-07-07T12:21:37.992Z"}
7/7/2026, 5:51:37 pm | {"api":"/api/cash-closing-dashboard","event":"CASH_CLOSING_DASHBOARD_DB_CONNECTED","timestamp":"2026-07-07T12:21:37.993Z"}
7/7/2026, 5:51:37 pm | {"api":"/api/cash-closing-dashboard","event":"CASH_CLOSING_DASHBOARD_QUERY_STARTED","filters":{"cluster":"","branch":"","fromDate":"","toDate":"","status":""},"timestamp":"2026-07-07T12:21:37.993Z"}
7/7/2026, 5:51:38 pm | {"api":"/api/cash-closing-dashboard","event":"CASH_CLOSING_DASHBOARD_DATA_FETCHED","totalRecords":56,"timestamp":"2026-07-07T12:21:38.000Z"}
7/7/2026, 5:51:38 pm | {"api":"/api/cash-closing-dashboard","event":"CASH_CLOSING_CLUSTER_FETCHED","totalClusters":4,"timestamp":"2026-07-07T12:21:38.004Z"}
7/7/2026, 5:51:38 pm | {"api":"/api/cash-closing-dashboard","event":"CASH_CLOSING_BRANCH_FETCHED","totalBranches":56,"timestamp":"2026-07-07T12:21:38.008Z"}
7/7/2026, 5:51:38 pm | {"api":"/api/cash-closing-dashboard","event":"CASH_CLOSING_DASHBOARD_SUCCESS","totalRecords":56,"filters":{"cluster":"","branch":"","fromDate":"","toDate":"","status":""},"timestamp":"2026-07-07T12:21:38.008Z"}
7/7/2026, 5:51:38 pm | {"api":"/api/cash-closing-dashboard","event":"CASH_CLOSING_DASHBOARD_API_STARTED","filters":{"cluster":"","branch":"","fromDate":"","toDate":"","status":""},"timestamp":"2026-07-07T12:21:38.148Z"}
7/7/2026, 5:51:38 pm | {"api":"/api/cash-closing-dashboard","event":"CASH_CLOSING_DASHBOARD_DB_CONNECTED","timestamp":"2026-07-07T12:21:38.149Z"}
7/7/2026, 5:51:38 pm | {"api":"/api/cash-closing-dashboard","event":"CASH_CLOSING_DASHBOARD_QUERY_STARTED","filters":{"cluster":"","branch":"","fromDate":"","toDate":"","status":""},"timestamp":"2026-07-07T12:21:38.149Z"}
7/7/2026, 5:51:38 pm | {"api":"/api/cash-closing-dashboard","event":"CASH_CLOSING_DASHBOARD_DATA_FETCHED","totalRecords":56,"timestamp":"2026-07-07T12:21:38.155Z"}
7/7/2026, 5:51:38 pm | {"api":"/api/cash-closing-dashboard","event":"CASH_CLOSING_CLUSTER_FETCHED","totalClusters":4,"timestamp":"2026-07-07T12:21:38.159Z"}
7/7/2026, 5:51:38 pm | {"api":"/api/cash-closing-dashboard","event":"CASH_CLOSING_BRANCH_FETCHED","totalBranches":56,"timestamp":"2026-07-07T12:21:38.163Z"}
7/7/2026, 5:51:38 pm | {"api":"/api/cash-closing-dashboard","event":"CASH_CLOSING_DASHBOARD_SUCCESS","totalRecords":56,"filters":{"cluster":"","branch":"","fromDate":"","toDate":"","status":""},"timestamp":"2026-07-07T12:21:38.163Z"}
7/7/2026, 5:51:38 pm | {"api":"/api/cash-closing-dashboard","event":"CASH_CLOSING_DASHBOARD_API_STARTED","filters":{"cluster":"","branch":"","fromDate":"","toDate":"","status":""},"timestamp":"2026-07-07T12:21:38.258Z"}
7/7/2026, 5:51:38 pm | {"api":"/api/cash-closing-dashboard","event":"CASH_CLOSING_DASHBOARD_DB_CONNECTED","timestamp":"2026-07-07T12:21:38.259Z"}
7/7/2026, 5:51:38 pm | {"api":"/api/cash-closing-dashboard","event":"CASH_CLOSING_DASHBOARD_QUERY_STARTED","filters":{"cluster":"","branch":"","fromDate":"","toDate":"","status":""},"timestamp":"2026-07-07T12:21:38.260Z"}
7/7/2026, 5:51:38 pm | {"api":"/api/cash-closing-dashboard","event":"CASH_CLOSING_DASHBOARD_DATA_FETCHED","totalRecords":56,"timestamp":"2026-07-07T12:21:38.265Z"}
7/7/2026, 5:51:38 pm | {"api":"/api/cash-closing-dashboard","event":"CASH_CLOSING_CLUSTER_FETCHED","totalClusters":4,"timestamp":"2026-07-07T12:21:38.269Z"}
7/7/2026, 5:51:38 pm | {"api":"/api/cash-closing-dashboard","event":"CASH_CLOSING_BRANCH_FETCHED","totalBranches":56,"timestamp":"2026-07-07T12:21:38.273Z"}
7/7/2026, 5:51:38 pm | {"api":"/api/cash-closing-dashboard","event":"CASH_CLOSING_DASHBOARD_SUCCESS","totalRecords":56,"filters":{"cluster":"","branch":"","fromDate":"","toDate":"","status":""},"timestamp":"2026-07-07T12:21:38.274Z"}
7/7/2026, 5:51:44 pm | {"api":"/save-cash-closing","event":"SAVE_CASH_API_STARTED","empNo":"459","amount":"300000","timestamp":"2026-07-07T12:21:44.074Z"}
7/7/2026, 5:51:44 pm | {"api":"/save-cash-closing","event":"PREVIOUS_DAY_RECORD_FOUND","empNo":"459","oldDate":"2026-07-06T00:00:00.000Z","amount":300000,"timestamp":"2026-07-07T12:21:44.084Z"}
7/7/2026, 5:51:44 pm | {"api":"/save-cash-closing","event":"PREVIOUS_DAY_MOVED_TO_HISTORY","empNo":"459","timestamp":"2026-07-07T12:21:44.091Z"}
7/7/2026, 5:51:44 pm | {"api":"/save-cash-closing","event":"PREVIOUS_DAY_DELETED","empNo":"459","timestamp":"2026-07-07T12:21:44.099Z"}
7/7/2026, 5:51:44 pm | {"api":"/save-cash-closing","event":"SAVE_CASH_NEW_ENTRY","empNo":"459","amount":"300000","branch":"Anakapalli","timestamp":"2026-07-07T12:21:44.101Z"}
7/7/2026, 5:51:44 pm | {"api":"/save-cash-closing","event":"SAVE_CASH_HISTORY_INSERTED","empNo":"459","actionType":"ADDED","version":1,"timestamp":"2026-07-07T12:21:44.117Z"}
7/7/2026, 5:51:44 pm | {"api":"/save-cash-closing","event":"SAVE_CASH_SUCCESS","type":"INSERT","empNo":"459","amount":"300000","timestamp":"2026-07-07T12:21:44.118Z"}
7/7/2026, 5:51:47 pm | {"api":"/save-cash-closing","event":"SAVE_CASH_API_STARTED","empNo":"459","amount":"300000","timestamp":"2026-07-07T12:21:47.136Z"}
7/7/2026, 5:51:47 pm | {"api":"/save-cash-closing","event":"SAVE_CASH_UPDATE_STARTED","empNo":"459","oldAmount":300000,"newAmount":"300000","currentVersion":1,"nextVersion":2,"timestamp":"2026-07-07T12:21:47.143Z"}
7/7/2026, 5:51:47 pm | {"api":"/save-cash-closing","event":"SAVE_CASH_HISTORY_UPDATED","empNo":"459","version":2,"timestamp":"2026-07-07T12:21:47.158Z"}
7/7/2026, 5:51:47 pm | {"api":"/save-cash-closing","event":"SAVE_CASH_SUCCESS","type":"UPDATE","empNo":"459","amount":"300000","version":2,"timestamp":"2026-07-07T12:21:47.159Z"}
7/7/2026, 5:51:49 pm | {"api":"/login","event":"LOGIN_API_STARTED","mpin":"2604","deviceId":"00d675f8d00433da","timestamp":"2026-07-07T12:21:49.781Z"}
7/7/2026, 5:51:49 pm | {"event":"LOGIN_REQUEST","mpin":"2604","deviceId":"00d675f8d00433da","timestamp":"2026-07-07T12:21:49.782Z"}
7/7/2026, 5:51:49 pm | {"api":"/login","event":"LOGIN_DB_QUERY_STARTED","mpin":"2604","timestamp":"2026-07-07T12:21:49.783Z"}
7/7/2026, 5:51:49 pm | {"api":"/login","event":"LOGIN_USER_FOUND","empNo":"743","branch":"Chintalapudi","designation":"Branch Manager","timestamp":"2026-07-07T12:21:49.791Z"}
7/7/2026, 5:51:49 pm | {"api":"/login","event":"LOGIN_DEVICE_CHECK","empNo":"743","savedDevice":"00d675f8d00433da","currentDevice":"00d675f8d00433da","timestamp":"2026-07-07T12:21:49.792Z"}
7/7/2026, 5:51:49 pm | {"api":"/login","event":"LOGIN_SUCCESS","empNo":"743","branch":"Chintalapudi","designation":"Branch Manager","loginTime":"2026-07-07T12:21:49.802Z"}
7/7/2026, 5:51:50 pm | {"api":"/employee/:empNo","event":"EMPLOYEE_API_STARTED","empNo":"743","timestamp":"2026-07-07T12:21:50.009Z"}
7/7/2026, 5:51:50 pm | {"api":"/employee/:empNo","event":"EMPLOYEE_DB_QUERY_STARTED","empNo":"743","timestamp":"2026-07-07T12:21:50.010Z"}
7/7/2026, 5:51:50 pm | {"api":"/employee/:empNo","event":"EMPLOYEE_FETCH_SUCCESS","empNo":"743","employeeName":"Kethavath Chandra Kumar Naik","branch":"Chintalapudi","designation":"Branch Manager","timestamp":"2026-07-07T12:21:50.014Z"}
7/7/2026, 5:51:50 pm | {"api":"/last-submission/:empNo","event":"LAST_SUBMISSION_API_STARTED","empNo":"743","timestamp":"2026-07-07T12:21:50.127Z"}
7/7/2026, 5:51:50 pm | {"api":"/last-submission/:empNo","event":"LAST_SUBMISSION_DB_QUERY_STARTED","empNo":"743","timestamp":"2026-07-07T12:21:50.128Z"}
7/7/2026, 5:51:50 pm | {"api":"/last-submission/:empNo","event":"LAST_SUBMISSION_FETCH_SUCCESS","empNo":"743","amount":2639785,"actionAt":"2026-07-06 17:29:39","timestamp":"2026-07-07T12:21:50.133Z"}
7/7/2026, 5:51:50 pm | {"api":"/today-cash/:empNo","event":"TODAY_CASH_API_STARTED","empNo":"743","timestamp":"2026-07-07T12:21:50.238Z"}
7/7/2026, 5:51:50 pm | {"api":"/today-cash/:empNo","event":"TODAY_CASH_DB_QUERY_STARTED","empNo":"743","timestamp":"2026-07-07T12:21:50.238Z"}
7/7/2026, 5:51:50 pm | {"api":"/today-cash/:empNo","event":"TODAY_CASH_FETCH_SUCCESS","empNo":"743","amount":2818040,"actionAt":"2026-07-07 17:51:38","timestamp":"2026-07-07T12:21:50.243Z"}
7/7/2026, 5:51:53 pm | {"api":"/api/cash-closing-dashboard","event":"CASH_CLOSING_DASHBOARD_API_STARTED","filters":{"cluster":"","branch":"","fromDate":"","toDate":"","status":""},"timestamp":"2026-07-07T12:21:53.672Z"}
7/7/2026, 5:51:53 pm | {"api":"/api/cash-closing-dashboard","event":"CASH_CLOSING_DASHBOARD_DB_CONNECTED","timestamp":"2026-07-07T12:21:53.673Z"}
7/7/2026, 5:51:53 pm | {"api":"/api/cash-closing-dashboard","event":"CASH_CLOSING_DASHBOARD_QUERY_STARTED","filters":{"cluster":"","branch":"","fromDate":"","toDate":"","status":""},"timestamp":"2026-07-07T12:21:53.674Z"}
7/7/2026, 5:51:53 pm | {"api":"/api/cash-closing-dashboard","event":"CASH_CLOSING_DASHBOARD_DATA_FETCHED","totalRecords":56,"timestamp":"2026-07-07T12:21:53.681Z"}
7/7/2026, 5:51:53 pm | {"api":"/api/cash-closing-dashboard","event":"CASH_CLOSING_CLUSTER_FETCHED","totalClusters":4,"timestamp":"2026-07-07T12:21:53.685Z"}
7/7/2026, 5:51:53 pm | {"api":"/api/cash-closing-dashboard","event":"CASH_CLOSING_BRANCH_FETCHED","totalBranches":56,"timestamp":"2026-07-07T12:21:53.688Z"}
7/7/2026, 5:51:53 pm | {"api":"/api/cash-closing-dashboard","event":"CASH_CLOSING_DASHBOARD_SUCCESS","totalRecords":56,"filters":{"cluster":"","branch":"","fromDate":"","toDate":"","status":""},"timestamp":"2026-07-07T12:21:53.689Z"}
7/7/2026, 5:51:53 pm | {"api":"/api/cash-closing-dashboard","event":"CASH_CLOSING_DASHBOARD_API_STARTED","filters":{"cluster":"","branch":"","fromDate":"","toDate":"","status":""},"timestamp":"2026-07-07T12:21:53.807Z"}
7/7/2026, 5:51:53 pm | {"api":"/api/cash-closing-dashboard","event":"CASH_CLOSING_DASHBOARD_DB_CONNECTED","timestamp":"2026-07-07T12:21:53.808Z"}
7/7/2026, 5:51:53 pm | {"api":"/api/cash-closing-dashboard","event":"CASH_CLOSING_DASHBOARD_QUERY_STARTED","filters":{"cluster":"","branch":"","fromDate":"","toDate":"","status":""},"timestamp":"2026-07-07T12:21:53.809Z"}
7/7/2026, 5:51:53 pm | {"api":"/api/cash-closing-dashboard","event":"CASH_CLOSING_DASHBOARD_DATA_FETCHED","totalRecords":56,"timestamp":"2026-07-07T12:21:53.815Z"}
7/7/2026, 5:51:53 pm | {"api":"/api/cash-closing-dashboard","event":"CASH_CLOSING_CLUSTER_FETCHED","totalClusters":4,"timestamp":"2026-07-07T12:21:53.819Z"}
7/7/2026, 5:51:53 pm | {"api":"/api/cash-closing-dashboard","event":"CASH_CLOSING_BRANCH_FETCHED","totalBranches":56,"timestamp":"2026-07-07T12:21:53.822Z"}
7/7/2026, 5:51:53 pm | {"api":"/api/cash-closing-dashboard","event":"CASH_CLOSING_DASHBOARD_SUCCESS","totalRecords":56,"filters":{"cluster":"","branch":"","fromDate":"","toDate":"","status":""},"timestamp":"2026-07-07T12:21:53.823Z"}
7/7/2026, 5:51:53 pm | {"api":"/api/cash-closing-dashboard","event":"CASH_CLOSING_DASHBOARD_API_STARTED","filters":{"cluster":"","branch":"","fromDate":"","toDate":"","status":""},"timestamp":"2026-07-07T12:21:53.951Z"}
7/7/2026, 5:51:53 pm | {"api":"/api/cash-closing-dashboard","event":"CASH_CLOSING_DASHBOARD_DB_CONNECTED","timestamp":"2026-07-07T12:21:53.952Z"}
7/7/2026, 5:51:53 pm | {"api":"/api/cash-closing-dashboard","event":"CASH_CLOSING_DASHBOARD_QUERY_STARTED","filters":{"cluster":"","branch":"","fromDate":"","toDate":"","status":""},"timestamp":"2026-07-07T12:21:53.953Z"}
7/7/2026, 5:51:53 pm | {"api":"/api/cash-closing-dashboard","event":"CASH_CLOSING_DASHBOARD_DATA_FETCHED","totalRecords":56,"timestamp":"2026-07-07T12:21:53.960Z"}
7/7/2026, 5:51:53 pm | {"api":"/api/cash-closing-dashboard","event":"CASH_CLOSING_CLUSTER_FETCHED","totalClusters":4,"timestamp":"2026-07-07T12:21:53.964Z"}
7/7/2026, 5:51:53 pm | {"api":"/api/cash-closing-dashboard","event":"CASH_CLOSING_BRANCH_FETCHED","totalBranches":56,"timestamp":"2026-07-07T12:21:53.967Z"}
7/7/2026, 5:51:53 pm | {"api":"/api/cash-closing-dashboard","event":"CASH_CLOSING_DASHBOARD_SUCCESS","totalRecords":56,"filters":{"cluster":"","branch":"","fromDate":"","toDate":"","status":""},"timestamp":"2026-07-07T12:21:53.968Z"}
7/7/2026, 5:51:54 pm | {"api":"/api/cash-closing-dashboard","event":"CASH_CLOSING_DASHBOARD_API_STARTED","filters":{"cluster":"","branch":"","fromDate":"","toDate":"","status":""},"timestamp":"2026-07-07T12:21:54.119Z"}
7/7/2026, 5:51:54 pm | {"api":"/api/cash-closing-dashboard","event":"CASH_CLOSING_DASHBOARD_DB_CONNECTED","timestamp":"2026-07-07T12:21:54.120Z"}
7/7/2026, 5:51:54 pm | {"api":"/api/cash-closing-dashboard","event":"CASH_CLOSING_DASHBOARD_QUERY_STARTED","filters":{"cluster":"","branch":"","fromDate":"","toDate":"","status":""},"timestamp":"2026-07-07T12:21:54.121Z"}
7/7/2026, 5:51:54 pm | {"api":"/api/cash-closing-dashboard","event":"CASH_CLOSING_DASHBOARD_DATA_FETCHED","totalRecords":56,"timestamp":"2026-07-07T12:21:54.128Z"}
7/7/2026, 5:51:54 pm | {"api":"/api/cash-closing-dashboard","event":"CASH_CLOSING_CLUSTER_FETCHED","totalClusters":4,"timestamp":"2026-07-07T12:21:54.133Z"}
7/7/2026, 5:51:54 pm | {"api":"/api/cash-closing-dashboard","event":"CASH_CLOSING_BRANCH_FETCHED","totalBranches":56,"timestamp":"2026-07-07T12:21:54.136Z"}
7/7/2026, 5:51:54 pm | {"api":"/api/cash-closing-dashboard","event":"CASH_CLOSING_DASHBOARD_SUCCESS","totalRecords":56,"filters":{"cluster":"","branch":"","fromDate":"","toDate":"","status":""},"timestamp":"2026-07-07T12:21:54.137Z"}
7/7/2026, 5:51:54 pm | {"api":"/api/cash-closing-dashboard","event":"CASH_CLOSING_DASHBOARD_API_STARTED","filters":{"cluster":"","branch":"","fromDate":"","toDate":"","status":""},"timestamp":"2026-07-07T12:21:54.262Z"}
7/7/2026, 5:51:54 pm | {"api":"/api/cash-closing-dashboard","event":"CASH_CLOSING_DASHBOARD_DB_CONNECTED","timestamp":"2026-07-07T12:21:54.264Z"}
7/7/2026, 5:51:54 pm | {"api":"/api/cash-closing-dashboard","event":"CASH_CLOSING_DASHBOARD_QUERY_STARTED","filters":{"cluster":"","branch":"","fromDate":"","toDate":"","status":""},"timestamp":"2026-07-07T12:21:54.264Z"}
7/7/2026, 5:51:54 pm | {"api":"/api/cash-closing-dashboard","event":"CASH_CLOSING_DASHBOARD_DATA_FETCHED","totalRecords":56,"timestamp":"2026-07-07T12:21:54.272Z"}
7/7/2026, 5:51:54 pm | {"api":"/api/cash-closing-dashboard","event":"CASH_CLOSING_CLUSTER_FETCHED","totalClusters":4,"timestamp":"2026-07-07T12:21:54.276Z"}
7/7/2026, 5:51:54 pm | {"api":"/api/cash-closing-dashboard","event":"CASH_CLOSING_BRANCH_FETCHED","totalBranches":56,"timestamp":"2026-07-07T12:21:54.279Z"}
7/7/2026, 5:51:54 pm | {"api":"/api/cash-closing-dashboard","event":"CASH_CLOSING_DASHBOARD_SUCCESS","totalRecords":56,"filters":{"cluster":"","branch":"","fromDate":"","toDate":"","status":""},"timestamp":"2026-07-07T12:21:54.280Z"}
7/7/2026, 5:52:03 pm | {"api":"/api/cash-closing-dashboard","event":"CASH_CLOSING_DASHBOARD_API_STARTED","filters":{"cluster":"","branch":"","fromDate":"","toDate":"","status":""},"timestamp":"2026-07-07T12:22:03.298Z"}
7/7/2026, 5:52:03 pm | {"api":"/api/cash-closing-dashboard","event":"CASH_CLOSING_DASHBOARD_DB_CONNECTED","timestamp":"2026-07-07T12:22:03.299Z"}
7/7/2026, 5:52:03 pm | {"api":"/api/cash-closing-dashboard","event":"CASH_CLOSING_DASHBOARD_QUERY_STARTED","filters":{"cluster":"","branch":"","fromDate":"","toDate":"","status":""},"timestamp":"2026-07-07T12:22:03.300Z"}
7/7/2026, 5:52:03 pm | {"api":"/api/cash-closing-dashboard","event":"CASH_CLOSING_DASHBOARD_DATA_FETCHED","totalRecords":56,"timestamp":"2026-07-07T12:22:03.305Z"}
7/7/2026, 5:52:03 pm | {"api":"/api/cash-closing-dashboard","event":"CASH_CLOSING_CLUSTER_FETCHED","totalClusters":4,"timestamp":"2026-07-07T12:22:03.309Z"}
7/7/2026, 5:52:03 pm | {"api":"/api/cash-closing-dashboard","event":"CASH_CLOSING_BRANCH_FETCHED","totalBranches":56,"timestamp":"2026-07-07T12:22:03.312Z"}
7/7/2026, 5:52:03 pm | {"api":"/api/cash-closing-dashboard","event":"CASH_CLOSING_DASHBOARD_SUCCESS","totalRecords":56,"filters":{"cluster":"","branch":"","fromDate":"","toDate":"","status":""},"timestamp":"2026-07-07T12:22:03.313Z"}
7/7/2026, 5:52:03 pm | {"api":"/api/cash-closing-dashboard","event":"CASH_CLOSING_DASHBOARD_API_STARTED","filters":{"cluster":"","branch":"","fromDate":"","toDate":"","status":""},"timestamp":"2026-07-07T12:22:03.431Z"}
7/7/2026, 5:52:03 pm | {"api":"/api/cash-closing-dashboard","event":"CASH_CLOSING_DASHBOARD_DB_CONNECTED","timestamp":"2026-07-07T12:22:03.432Z"}
7/7/2026, 5:52:03 pm | {"api":"/api/cash-closing-dashboard","event":"CASH_CLOSING_DASHBOARD_QUERY_STARTED","filters":{"cluster":"","branch":"","fromDate":"","toDate":"","status":""},"timestamp":"2026-07-07T12:22:03.433Z"}
7/7/2026, 5:52:03 pm | {"api":"/api/cash-closing-dashboard","event":"CASH_CLOSING_DASHBOARD_DATA_FETCHED","totalRecords":56,"timestamp":"2026-07-07T12:22:03.440Z"}
7/7/2026, 5:52:03 pm | {"api":"/api/cash-closing-dashboard","event":"CASH_CLOSING_CLUSTER_FETCHED","totalClusters":4,"timestamp":"2026-07-07T12:22:03.443Z"}
7/7/2026, 5:52:03 pm | {"api":"/api/cash-closing-dashboard","event":"CASH_CLOSING_BRANCH_FETCHED","totalBranches":56,"timestamp":"2026-07-07T12:22:03.447Z"}
7/7/2026, 5:52:03 pm | {"api":"/api/cash-closing-dashboard","event":"CASH_CLOSING_DASHBOARD_SUCCESS","totalRecords":56,"filters":{"cluster":"","branch":"","fromDate":"","toDate":"","status":""},"timestamp":"2026-07-07T12:22:03.447Z"}
7/7/2026, 5:52:03 pm | {"api":"/api/cash-closing-dashboard","event":"CASH_CLOSING_DASHBOARD_API_STARTED","filters":{"cluster":"","branch":"","fromDate":"","toDate":"","status":""},"timestamp":"2026-07-07T12:22:03.574Z"}
7/7/2026, 5:52:03 pm | {"api":"/api/cash-closing-dashboard","event":"CASH_CLOSING_DASHBOARD_DB_CONNECTED","timestamp":"2026-07-07T12:22:03.576Z"}
7/7/2026, 5:52:03 pm | {"api":"/api/cash-closing-dashboard","event":"CASH_CLOSING_DASHBOARD_QUERY_STARTED","filters":{"cluster":"","branch":"","fromDate":"","toDate":"","status":""},"timestamp":"2026-07-07T12:22:03.576Z"}
7/7/2026, 5:52:03 pm | {"api":"/api/cash-closing-dashboard","event":"CASH_CLOSING_DASHBOARD_DATA_FETCHED","totalRecords":56,"timestamp":"2026-07-07T12:22:03.583Z"}
7/7/2026, 5:52:03 pm | {"api":"/api/cash-closing-dashboard","event":"CASH_CLOSING_CLUSTER_FETCHED","totalClusters":4,"timestamp":"2026-07-07T12:22:03.586Z"}
7/7/2026, 5:52:03 pm | {"api":"/api/cash-closing-dashboard","event":"CASH_CLOSING_BRANCH_FETCHED","totalBranches":56,"timestamp":"2026-07-07T12:22:03.590Z"}
7/7/2026, 5:52:03 pm | {"api":"/api/cash-closing-dashboard","event":"CASH_CLOSING_DASHBOARD_SUCCESS","totalRecords":56,"filters":{"cluster":"","branch":"","fromDate":"","toDate":"","status":""},"timestamp":"2026-07-07T12:22:03.591Z"}
7/7/2026, 5:52:03 pm | {"api":"/api/cash-closing-dashboard","event":"CASH_CLOSING_DASHBOARD_API_STARTED","filters":{"cluster":"","branch":"","fromDate":"","toDate":"","status":""},"timestamp":"2026-07-07T12:22:03.679Z"}
7/7/2026, 5:52:03 pm | {"api":"/api/cash-closing-dashboard","event":"CASH_CLOSING_DASHBOARD_DB_CONNECTED","timestamp":"2026-07-07T12:22:03.680Z"}
7/7/2026, 5:52:03 pm | {"api":"/api/cash-closing-dashboard","event":"CASH_CLOSING_DASHBOARD_QUERY_STARTED","filters":{"cluster":"","branch":"","fromDate":"","toDate":"","status":""},"timestamp":"2026-07-07T12:22:03.681Z"}
7/7/2026, 5:52:03 pm | {"api":"/api/cash-closing-dashboard","event":"CASH_CLOSING_DASHBOARD_DATA_FETCHED","totalRecords":56,"timestamp":"2026-07-07T12:22:03.687Z"}
7/7/2026, 5:52:03 pm | {"api":"/api/cash-closing-dashboard","event":"CASH_CLOSING_CLUSTER_FETCHED","totalClusters":4,"timestamp":"2026-07-07T12:22:03.691Z"}
7/7/2026, 5:52:03 pm | {"api":"/api/cash-closing-dashboard","event":"CASH_CLOSING_BRANCH_FETCHED","totalBranches":56,"timestamp":"2026-07-07T12:22:03.694Z"}
7/7/2026, 5:52:03 pm | {"api":"/api/cash-closing-dashboard","event":"CASH_CLOSING_DASHBOARD_SUCCESS","totalRecords":56,"filters":{"cluster":"","branch":"","fromDate":"","toDate":"","status":""},"timestamp":"2026-07-07T12:22:03.695Z"}
7/7/2026, 5:52:19 pm | {"api":"/api/cash-closing-dashboard","event":"CASH_CLOSING_DASHBOARD_API_STARTED","filters":{"cluster":"","branch":"","fromDate":"","toDate":"","status":""},"timestamp":"2026-07-07T12:22:19.960Z"}
7/7/2026, 5:52:19 pm | {"api":"/api/cash-closing-dashboard","event":"CASH_CLOSING_DASHBOARD_DB_CONNECTED","timestamp":"2026-07-07T12:22:19.961Z"}
7/7/2026, 5:52:19 pm | {"api":"/api/cash-closing-dashboard","event":"CASH_CLOSING_DASHBOARD_QUERY_STARTED","filters":{"cluster":"","branch":"","fromDate":"","toDate":"","status":""},"timestamp":"2026-07-07T12:22:19.962Z"}
7/7/2026, 5:52:19 pm | {"api":"/api/cash-closing-dashboard","event":"CASH_CLOSING_DASHBOARD_DATA_FETCHED","totalRecords":56,"timestamp":"2026-07-07T12:22:19.969Z"}
7/7/2026, 5:52:19 pm | {"api":"/api/cash-closing-dashboard","event":"CASH_CLOSING_CLUSTER_FETCHED","totalClusters":4,"timestamp":"2026-07-07T12:22:19.977Z"}
7/7/2026, 5:52:19 pm | {"api":"/api/cash-closing-dashboard","event":"CASH_CLOSING_BRANCH_FETCHED","totalBranches":56,"timestamp":"2026-07-07T12:22:19.980Z"}
7/7/2026, 5:52:19 pm | {"api":"/api/cash-closing-dashboard","event":"CASH_CLOSING_DASHBOARD_SUCCESS","totalRecords":56,"filters":{"cluster":"","branch":"","fromDate":"","toDate":"","status":""},"timestamp":"2026-07-07T12:22:19.981Z"}
7/7/2026, 5:52:20 pm | {"api":"/api/cash-closing-dashboard","event":"CASH_CLOSING_DASHBOARD_API_STARTED","filters":{"cluster":"","branch":"","fromDate":"","toDate":"","status":""},"timestamp":"2026-07-07T12:22:20.039Z"}
7/7/2026, 5:52:20 pm | {"api":"/api/cash-closing-dashboard","event":"CASH_CLOSING_DASHBOARD_DB_CONNECTED","timestamp":"2026-07-07T12:22:20.040Z"}
7/7/2026, 5:52:20 pm | {"api":"/api/cash-closing-dashboard","event":"CASH_CLOSING_DASHBOARD_QUERY_STARTED","filters":{"cluster":"","branch":"","fromDate":"","toDate":"","status":""},"timestamp":"2026-07-07T12:22:20.041Z"}
7/7/2026, 5:52:20 pm | {"api":"/api/cash-closing-dashboard","event":"CASH_CLOSING_DASHBOARD_DATA_FETCHED","totalRecords":56,"timestamp":"2026-07-07T12:22:20.049Z"}
7/7/2026, 5:52:20 pm | {"api":"/api/cash-closing-dashboard","event":"CASH_CLOSING_CLUSTER_FETCHED","totalClusters":4,"timestamp":"2026-07-07T12:22:20.053Z"}
7/7/2026, 5:52:20 pm | {"api":"/api/cash-closing-dashboard","event":"CASH_CLOSING_BRANCH_FETCHED","totalBranches":56,"timestamp":"2026-07-07T12:22:20.057Z"}
7/7/2026, 5:52:20 pm | {"api":"/api/cash-closing-dashboard","event":"CASH_CLOSING_DASHBOARD_SUCCESS","totalRecords":56,"filters":{"cluster":"","branch":"","fromDate":"","toDate":"","status":""},"timestamp":"2026-07-07T12:22:20.058Z"}
7/7/2026, 5:52:20 pm | {"api":"/api/cash-closing-dashboard","event":"CASH_CLOSING_DASHBOARD_API_STARTED","filters":{"cluster":"","branch":"","fromDate":"","toDate":"","status":""},"timestamp":"2026-07-07T12:22:20.167Z"}
7/7/2026, 5:52:20 pm | {"api":"/api/cash-closing-dashboard","event":"CASH_CLOSING_DASHBOARD_DB_CONNECTED","timestamp":"2026-07-07T12:22:20.168Z"}
7/7/2026, 5:52:20 pm | {"api":"/api/cash-closing-dashboard","event":"CASH_CLOSING_DASHBOARD_QUERY_STARTED","filters":{"cluster":"","branch":"","fromDate":"","toDate":"","status":""},"timestamp":"2026-07-07T12:22:20.169Z"}
7/7/2026, 5:52:20 pm | {"api":"/api/cash-closing-dashboard","event":"CASH_CLOSING_DASHBOARD_DATA_FETCHED","totalRecords":56,"timestamp":"2026-07-07T12:22:20.175Z"}
7/7/2026, 5:52:20 pm | {"api":"/api/cash-closing-dashboard","event":"CASH_CLOSING_CLUSTER_FETCHED","totalClusters":4,"timestamp":"2026-07-07T12:22:20.179Z"}
7/7/2026, 5:52:20 pm | {"api":"/api/cash-closing-dashboard","event":"CASH_CLOSING_BRANCH_FETCHED","totalBranches":56,"timestamp":"2026-07-07T12:22:20.188Z"}
7/7/2026, 5:52:20 pm | {"api":"/api/cash-closing-dashboard","event":"CASH_CLOSING_DASHBOARD_SUCCESS","totalRecords":56,"filters":{"cluster":"","branch":"","fromDate":"","toDate":"","status":""},"timestamp":"2026-07-07T12:22:20.189Z"}
7/7/2026, 5:52:20 pm | {"api":"/api/cash-closing-dashboard","event":"CASH_CLOSING_DASHBOARD_API_STARTED","filters":{"cluster":"","branch":"","fromDate":"","toDate":"","status":""},"timestamp":"2026-07-07T12:22:20.289Z"}
7/7/2026, 5:52:20 pm | {"api":"/api/cash-closing-dashboard","event":"CASH_CLOSING_DASHBOARD_DB_CONNECTED","timestamp":"2026-07-07T12:22:20.290Z"}
7/7/2026, 5:52:20 pm | {"api":"/api/cash-closing-dashboard","event":"CASH_CLOSING_DASHBOARD_QUERY_STARTED","filters":{"cluster":"","branch":"","fromDate":"","toDate":"","status":""},"timestamp":"2026-07-07T12:22:20.291Z"}
7/7/2026, 5:52:20 pm | {"api":"/api/cash-closing-dashboard","event":"CASH_CLOSING_DASHBOARD_DATA_FETCHED","totalRecords":56,"timestamp":"2026-07-07T12:22:20.300Z"}
7/7/2026, 5:52:20 pm | {"api":"/api/cash-closing-dashboard","event":"CASH_CLOSING_CLUSTER_FETCHED","totalClusters":4,"timestamp":"2026-07-07T12:22:20.303Z"}
7/7/2026, 5:52:20 pm | {"api":"/api/cash-closing-dashboard","event":"CASH_CLOSING_BRANCH_FETCHED","totalBranches":56,"timestamp":"2026-07-07T12:22:20.307Z"}
7/7/2026, 5:52:20 pm | {"api":"/api/cash-closing-dashboard","event":"CASH_CLOSING_DASHBOARD_SUCCESS","totalRecords":56,"filters":{"cluster":"","branch":"","fromDate":"","toDate":"","status":""},"timestamp":"2026-07-07T12:22:20.308Z"}
7/7/2026, 5:52:20 pm | {"api":"/api/cash-closing-dashboard","event":"CASH_CLOSING_DASHBOARD_API_STARTED","filters":{"cluster":"","branch":"","fromDate":"","toDate":"","status":""},"timestamp":"2026-07-07T12:22:20.423Z"}
7/7/2026, 5:52:20 pm | {"api":"/api/cash-closing-dashboard","event":"CASH_CLOSING_DASHBOARD_DB_CONNECTED","timestamp":"2026-07-07T12:22:20.424Z"}
7/7/2026, 5:52:20 pm | {"api":"/api/cash-closing-dashboard","event":"CASH_CLOSING_DASHBOARD_QUERY_STARTED","filters":{"cluster":"","branch":"","fromDate":"","toDate":"","status":""},"timestamp":"2026-07-07T12:22:20.427Z"}
7/7/2026, 5:52:20 pm | {"api":"/api/cash-closing-dashboard","event":"CASH_CLOSING_DASHBOARD_DATA_FETCHED","totalRecords":56,"timestamp":"2026-07-07T12:22:20.435Z"}
7/7/2026, 5:52:20 pm | {"api":"/api/cash-closing-dashboard","event":"CASH_CLOSING_CLUSTER_FETCHED","totalClusters":4,"timestamp":"2026-07-07T12:22:20.441Z"}
7/7/2026, 5:52:20 pm | {"api":"/api/cash-closing-dashboard","event":"CASH_CLOSING_BRANCH_FETCHED","totalBranches":56,"timestamp":"2026-07-07T12:22:20.444Z"}
7/7/2026, 5:52:20 pm | {"api":"/api/cash-closing-dashboard","event":"CASH_CLOSING_DASHBOARD_SUCCESS","totalRecords":56,"filters":{"cluster":"","branch":"","fromDate":"","toDate":"","status":""},"timestamp":"2026-07-07T12:22:20.446Z"}
7/7/2026, 5:52:20 pm | {"api":"/api/cash-closing-dashboard","event":"CASH_CLOSING_DASHBOARD_API_STARTED","filters":{"cluster":"","branch":"","fromDate":"","toDate":"","status":""},"timestamp":"2026-07-07T12:22:20.543Z"}
7/7/2026, 5:52:20 pm | {"api":"/api/cash-closing-dashboard","event":"CASH_CLOSING_DASHBOARD_DB_CONNECTED","timestamp":"2026-07-07T12:22:20.544Z"}
7/7/2026, 5:52:20 pm | {"api":"/api/cash-closing-dashboard","event":"CASH_CLOSING_DASHBOARD_QUERY_STARTED","filters":{"cluster":"","branch":"","fromDate":"","toDate":"","status":""},"timestamp":"2026-07-07T12:22:20.544Z"}
7/7/2026, 5:52:20 pm | {"api":"/api/cash-closing-dashboard","event":"CASH_CLOSING_DASHBOARD_DATA_FETCHED","totalRecords":56,"timestamp":"2026-07-07T12:22:20.552Z"}
7/7/2026, 5:52:20 pm | {"api":"/api/cash-closing-dashboard","event":"CASH_CLOSING_CLUSTER_FETCHED","totalClusters":4,"timestamp":"2026-07-07T12:22:20.556Z"}
7/7/2026, 5:52:20 pm | {"api":"/api/cash-closing-dashboard","event":"CASH_CLOSING_BRANCH_FETCHED","totalBranches":56,"timestamp":"2026-07-07T12:22:20.560Z"}
7/7/2026, 5:52:20 pm | {"api":"/api/cash-closing-dashboard","event":"CASH_CLOSING_DASHBOARD_SUCCESS","totalRecords":56,"filters":{"cluster":"","branch":"","fromDate":"","toDate":"","status":""},"timestamp":"2026-07-07T12:22:20.560Z"}
7/7/2026, 5:52:20 pm | {"api":"/api/cash-closing-dashboard","event":"CASH_CLOSING_DASHBOARD_API_STARTED","filters":{"cluster":"","branch":"","fromDate":"","toDate":"","status":""},"timestamp":"2026-07-07T12:22:20.647Z"}
7/7/2026, 5:52:20 pm | {"api":"/api/cash-closing-dashboard","event":"CASH_CLOSING_DASHBOARD_DB_CONNECTED","timestamp":"2026-07-07T12:22:20.648Z"}
7/7/2026, 5:52:20 pm | {"api":"/api/cash-closing-dashboard","event":"CASH_CLOSING_DASHBOARD_QUERY_STARTED","filters":{"cluster":"","branch":"","fromDate":"","toDate":"","status":""},"timestamp":"2026-07-07T12:22:20.649Z"}
7/7/2026, 5:52:20 pm | {"api":"/api/cash-closing-dashboard","event":"CASH_CLOSING_DASHBOARD_DATA_FETCHED","totalRecords":56,"timestamp":"2026-07-07T12:22:20.655Z"}
7/7/2026, 5:52:20 pm | {"api":"/api/cash-closing-dashboard","event":"CASH_CLOSING_CLUSTER_FETCHED","totalClusters":4,"timestamp":"2026-07-07T12:22:20.662Z"}
7/7/2026, 5:52:20 pm | {"api":"/api/cash-closing-dashboard","event":"CASH_CLOSING_BRANCH_FETCHED","totalBranches":56,"timestamp":"2026-07-07T12:22:20.665Z"}
7/7/2026, 5:52:20 pm | {"api":"/api/cash-closing-dashboard","event":"CASH_CLOSING_DASHBOARD_SUCCESS","totalRecords":56,"filters":{"cluster":"","branch":"","fromDate":"","toDate":"","status":""},"timestamp":"2026-07-07T12:22:20.666Z"}
7/7/2026, 5:52:20 pm | {"api":"/api/cash-closing-dashboard","event":"CASH_CLOSING_DASHBOARD_API_STARTED","filters":{"cluster":"","branch":"","fromDate":"","toDate":"","status":""},"timestamp":"2026-07-07T12:22:20.791Z"}
7/7/2026, 5:52:20 pm | {"api":"/api/cash-closing-dashboard","event":"CASH_CLOSING_DASHBOARD_DB_CONNECTED","timestamp":"2026-07-07T12:22:20.792Z"}
7/7/2026, 5:52:20 pm | {"api":"/api/cash-closing-dashboard","event":"CASH_CLOSING_DASHBOARD_QUERY_STARTED","filters":{"cluster":"","branch":"","fromDate":"","toDate":"","status":""},"timestamp":"2026-07-07T12:22:20.793Z"}
7/7/2026, 5:52:20 pm | {"api":"/api/cash-closing-dashboard","event":"CASH_CLOSING_DASHBOARD_DATA_FETCHED","totalRecords":56,"timestamp":"2026-07-07T12:22:20.799Z"}
7/7/2026, 5:52:20 pm | {"api":"/api/cash-closing-dashboard","event":"CASH_CLOSING_CLUSTER_FETCHED","totalClusters":4,"timestamp":"2026-07-07T12:22:20.803Z"}
7/7/2026, 5:52:20 pm | {"api":"/api/cash-closing-dashboard","event":"CASH_CLOSING_BRANCH_FETCHED","totalBranches":56,"timestamp":"2026-07-07T12:22:20.807Z"}
7/7/2026, 5:52:20 pm | {"api":"/api/cash-closing-dashboard","event":"CASH_CLOSING_DASHBOARD_SUCCESS","totalRecords":56,"filters":{"cluster":"","branch":"","fromDate":"","toDate":"","status":""},"timestamp":"2026-07-07T12:22:20.808Z"}
7/7/2026, 5:52:20 pm | {"api":"/api/cash-closing-dashboard","event":"CASH_CLOSING_DASHBOARD_API_STARTED","filters":{"cluster":"","branch":"","fromDate":"","toDate":"","status":""},"timestamp":"2026-07-07T12:22:20.911Z"}
7/7/2026, 5:52:20 pm | {"api":"/api/cash-closing-dashboard","event":"CASH_CLOSING_DASHBOARD_DB_CONNECTED","timestamp":"2026-07-07T12:22:20.912Z"}
7/7/2026, 5:52:20 pm | {"api":"/api/cash-closing-dashboard","event":"CASH_CLOSING_DASHBOARD_QUERY_STARTED","filters":{"cluster":"","branch":"","fromDate":"","toDate":"","status":""},"timestamp":"2026-07-07T12:22:20.913Z"}
7/7/2026, 5:52:20 pm | {"api":"/api/cash-closing-dashboard","event":"CASH_CLOSING_DASHBOARD_DATA_FETCHED","totalRecords":56,"timestamp":"2026-07-07T12:22:20.922Z"}
7/7/2026, 5:52:20 pm | {"api":"/api/cash-closing-dashboard","event":"CASH_CLOSING_CLUSTER_FETCHED","totalClusters":4,"timestamp":"2026-07-07T12:22:20.929Z"}
7/7/2026, 5:52:20 pm | {"api":"/api/cash-closing-dashboard","event":"CASH_CLOSING_BRANCH_FETCHED","totalBranches":56,"timestamp":"2026-07-07T12:22:20.933Z"}
7/7/2026, 5:52:20 pm | {"api":"/api/cash-closing-dashboard","event":"CASH_CLOSING_DASHBOARD_SUCCESS","totalRecords":56,"filters":{"cluster":"","branch":"","fromDate":"","toDate":"","status":""},"timestamp":"2026-07-07T12:22:20.934Z"}
7/7/2026, 5:52:21 pm | {"api":"/api/cash-closing-dashboard","event":"CASH_CLOSING_DASHBOARD_API_STARTED","filters":{"cluster":"","branch":"","fromDate":"","toDate":"","status":""},"timestamp":"2026-07-07T12:22:21.062Z"}
7/7/2026, 5:52:21 pm | {"api":"/api/cash-closing-dashboard","event":"CASH_CLOSING_DASHBOARD_DB_CONNECTED","timestamp":"2026-07-07T12:22:21.064Z"}
7/7/2026, 5:52:21 pm | {"api":"/api/cash-closing-dashboard","event":"CASH_CLOSING_DASHBOARD_QUERY_STARTED","filters":{"cluster":"","branch":"","fromDate":"","toDate":"","status":""},"timestamp":"2026-07-07T12:22:21.064Z"}
7/7/2026, 5:52:21 pm | {"api":"/api/cash-closing-dashboard","event":"CASH_CLOSING_DASHBOARD_DATA_FETCHED","totalRecords":56,"timestamp":"2026-07-07T12:22:21.075Z"}
7/7/2026, 5:52:21 pm | {"api":"/api/cash-closing-dashboard","event":"CASH_CLOSING_CLUSTER_FETCHED","totalClusters":4,"timestamp":"2026-07-07T12:22:21.080Z"}
7/7/2026, 5:52:21 pm | {"api":"/api/cash-closing-dashboard","event":"CASH_CLOSING_BRANCH_FETCHED","totalBranches":56,"timestamp":"2026-07-07T12:22:21.083Z"}
7/7/2026, 5:52:21 pm | {"api":"/api/cash-closing-dashboard","event":"CASH_CLOSING_DASHBOARD_SUCCESS","totalRecords":56,"filters":{"cluster":"","branch":"","fromDate":"","toDate":"","status":""},"timestamp":"2026-07-07T12:22:21.084Z"}
7/7/2026, 5:52:21 pm | {"api":"/api/cash-closing-dashboard","event":"CASH_CLOSING_DASHBOARD_API_STARTED","filters":{"cluster":"","branch":"","fromDate":"","toDate":"","status":""},"timestamp":"2026-07-07T12:22:21.198Z"}
7/7/2026, 5:52:21 pm | {"api":"/api/cash-closing-dashboard","event":"CASH_CLOSING_DASHBOARD_DB_CONNECTED","timestamp":"2026-07-07T12:22:21.199Z"}
7/7/2026, 5:52:21 pm | {"api":"/api/cash-closing-dashboard","event":"CASH_CLOSING_DASHBOARD_QUERY_STARTED","filters":{"cluster":"","branch":"","fromDate":"","toDate":"","status":""},"timestamp":"2026-07-07T12:22:21.200Z"}
7/7/2026, 5:52:21 pm | {"api":"/api/cash-closing-dashboard","event":"CASH_CLOSING_DASHBOARD_DATA_FETCHED","totalRecords":56,"timestamp":"2026-07-07T12:22:21.206Z"}
7/7/2026, 5:52:21 pm | {"api":"/api/cash-closing-dashboard","event":"CASH_CLOSING_CLUSTER_FETCHED","totalClusters":4,"timestamp":"2026-07-07T12:22:21.212Z"}
7/7/2026, 5:52:21 pm | {"api":"/api/cash-closing-dashboard","event":"CASH_CLOSING_BRANCH_FETCHED","totalBranches":56,"timestamp":"2026-07-07T12:22:21.215Z"}
7/7/2026, 5:52:21 pm | {"api":"/api/cash-closing-dashboard","event":"CASH_CLOSING_DASHBOARD_SUCCESS","totalRecords":56,"filters":{"cluster":"","branch":"","fromDate":"","toDate":"","status":""},"timestamp":"2026-07-07T12:22:21.216Z"}
7/7/2026, 5:52:32 pm | {"api":"/api/cash-closing-dashboard","event":"CASH_CLOSING_DASHBOARD_API_STARTED","filters":{"cluster":"","branch":"","fromDate":"","toDate":"","status":""},"timestamp":"2026-07-07T12:22:32.301Z"}
7/7/2026, 5:52:32 pm | {"api":"/api/cash-closing-dashboard","event":"CASH_CLOSING_DASHBOARD_DB_CONNECTED","timestamp":"2026-07-07T12:22:32.303Z"}
7/7/2026, 5:52:32 pm | {"api":"/api/cash-closing-dashboard","event":"CASH_CLOSING_DASHBOARD_QUERY_STARTED","filters":{"cluster":"","branch":"","fromDate":"","toDate":"","status":""},"timestamp":"2026-07-07T12:22:32.303Z"}
7/7/2026, 5:52:32 pm | {"api":"/api/cash-closing-dashboard","event":"CASH_CLOSING_DASHBOARD_DATA_FETCHED","totalRecords":56,"timestamp":"2026-07-07T12:22:32.311Z"}
7/7/2026, 5:52:32 pm | {"api":"/api/cash-closing-dashboard","event":"CASH_CLOSING_CLUSTER_FETCHED","totalClusters":4,"timestamp":"2026-07-07T12:22:32.315Z"}
7/7/2026, 5:52:32 pm | {"api":"/api/cash-closing-dashboard","event":"CASH_CLOSING_BRANCH_FETCHED","totalBranches":56,"timestamp":"2026-07-07T12:22:32.319Z"}
7/7/2026, 5:52:32 pm | {"api":"/api/cash-closing-dashboard","event":"CASH_CLOSING_DASHBOARD_SUCCESS","totalRecords":56,"filters":{"cluster":"","branch":"","fromDate":"","toDate":"","status":""},"timestamp":"2026-07-07T12:22:32.319Z"}
7/7/2026, 5:52:32 pm | {"api":"/api/cash-closing-dashboard","event":"CASH_CLOSING_DASHBOARD_API_STARTED","filters":{"cluster":"","branch":"","fromDate":"","toDate":"","status":""},"timestamp":"2026-07-07T12:22:32.439Z"}
7/7/2026, 5:52:32 pm | {"api":"/api/cash-closing-dashboard","event":"CASH_CLOSING_DASHBOARD_DB_CONNECTED","timestamp":"2026-07-07T12:22:32.440Z"}
7/7/2026, 5:52:32 pm | {"api":"/api/cash-closing-dashboard","event":"CASH_CLOSING_DASHBOARD_QUERY_STARTED","filters":{"cluster":"","branch":"","fromDate":"","toDate":"","status":""},"timestamp":"2026-07-07T12:22:32.441Z"}
7/7/2026, 5:52:32 pm | {"api":"/api/cash-closing-dashboard","event":"CASH_CLOSING_DASHBOARD_DATA_FETCHED","totalRecords":56,"timestamp":"2026-07-07T12:22:32.447Z"}
7/7/2026, 5:52:32 pm | {"api":"/api/cash-closing-dashboard","event":"CASH_CLOSING_CLUSTER_FETCHED","totalClusters":4,"timestamp":"2026-07-07T12:22:32.451Z"}
7/7/2026, 5:52:32 pm | {"api":"/api/cash-closing-dashboard","event":"CASH_CLOSING_BRANCH_FETCHED","totalBranches":56,"timestamp":"2026-07-07T12:22:32.455Z"}
7/7/2026, 5:52:32 pm | {"api":"/api/cash-closing-dashboard","event":"CASH_CLOSING_DASHBOARD_SUCCESS","totalRecords":56,"filters":{"cluster":"","branch":"","fromDate":"","toDate":"","status":""},"timestamp":"2026-07-07T12:22:32.456Z"}
7/7/2026, 5:52:32 pm | {"api":"/api/cash-closing-dashboard","event":"CASH_CLOSING_DASHBOARD_API_STARTED","filters":{"cluster":"","branch":"","fromDate":"","toDate":"","status":""},"timestamp":"2026-07-07T12:22:32.583Z"}
7/7/2026, 5:52:32 pm | {"api":"/api/cash-closing-dashboard","event":"CASH_CLOSING_DASHBOARD_DB_CONNECTED","timestamp":"2026-07-07T12:22:32.584Z"}
7/7/2026, 5:52:32 pm | {"api":"/api/cash-closing-dashboard","event":"CASH_CLOSING_DASHBOARD_QUERY_STARTED","filters":{"cluster":"","branch":"","fromDate":"","toDate":"","status":""},"timestamp":"2026-07-07T12:22:32.585Z"}
7/7/2026, 5:52:32 pm | {"api":"/api/cash-closing-dashboard","event":"CASH_CLOSING_DASHBOARD_DATA_FETCHED","totalRecords":56,"timestamp":"2026-07-07T12:22:32.591Z"}
7/7/2026, 5:52:32 pm | {"api":"/api/cash-closing-dashboard","event":"CASH_CLOSING_CLUSTER_FETCHED","totalClusters":4,"timestamp":"2026-07-07T12:22:32.595Z"}
7/7/2026, 5:52:32 pm | {"api":"/api/cash-closing-dashboard","event":"CASH_CLOSING_BRANCH_FETCHED","totalBranches":56,"timestamp":"2026-07-07T12:22:32.601Z"}
7/7/2026, 5:52:32 pm | {"api":"/api/cash-closing-dashboard","event":"CASH_CLOSING_DASHBOARD_SUCCESS","totalRecords":56,"filters":{"cluster":"","branch":"","fromDate":"","toDate":"","status":""},"timestamp":"2026-07-07T12:22:32.602Z"}
7/7/2026, 5:52:48 pm | {"api":"/api/cash-closing-dashboard","event":"CASH_CLOSING_DASHBOARD_API_STARTED","filters":{"cluster":"","branch":"","fromDate":"","toDate":"","status":""},"timestamp":"2026-07-07T12:22:48.122Z"}
7/7/2026, 5:52:48 pm | {"api":"/api/cash-closing-dashboard","event":"CASH_CLOSING_DASHBOARD_DB_CONNECTED","timestamp":"2026-07-07T12:22:48.123Z"}
7/7/2026, 5:52:48 pm | {"api":"/api/cash-closing-dashboard","event":"CASH_CLOSING_DASHBOARD_QUERY_STARTED","filters":{"cluster":"","branch":"","fromDate":"","toDate":"","status":""},"timestamp":"2026-07-07T12:22:48.124Z"}
7/7/2026, 5:52:48 pm | {"api":"/api/cash-closing-dashboard","event":"CASH_CLOSING_DASHBOARD_DATA_FETCHED","totalRecords":56,"timestamp":"2026-07-07T12:22:48.131Z"}
7/7/2026, 5:52:48 pm | {"api":"/api/cash-closing-dashboard","event":"CASH_CLOSING_CLUSTER_FETCHED","totalClusters":4,"timestamp":"2026-07-07T12:22:48.135Z"}
7/7/2026, 5:52:48 pm | {"api":"/api/cash-closing-dashboard","event":"CASH_CLOSING_BRANCH_FETCHED","totalBranches":56,"timestamp":"2026-07-07T12:22:48.138Z"}
7/7/2026, 5:52:48 pm | {"api":"/api/cash-closing-dashboard","event":"CASH_CLOSING_DASHBOARD_SUCCESS","totalRecords":56,"filters":{"cluster":"","branch":"","fromDate":"","toDate":"","status":""},"timestamp":"2026-07-07T12:22:48.138Z"}
7/7/2026, 5:52:48 pm | {"api":"/api/cash-closing-dashboard","event":"CASH_CLOSING_DASHBOARD_API_STARTED","filters":{"cluster":"","branch":"","fromDate":"","toDate":"","status":""},"timestamp":"2026-07-07T12:22:48.254Z"}
7/7/2026, 5:52:48 pm | {"api":"/api/cash-closing-dashboard","event":"CASH_CLOSING_DASHBOARD_DB_CONNECTED","timestamp":"2026-07-07T12:22:48.255Z"}
7/7/2026, 5:52:48 pm | {"api":"/api/cash-closing-dashboard","event":"CASH_CLOSING_DASHBOARD_QUERY_STARTED","filters":{"cluster":"","branch":"","fromDate":"","toDate":"","status":""},"timestamp":"2026-07-07T12:22:48.256Z"}
7/7/2026, 5:52:48 pm | {"api":"/api/cash-closing-dashboard","event":"CASH_CLOSING_DASHBOARD_DATA_FETCHED","totalRecords":56,"timestamp":"2026-07-07T12:22:48.263Z"}
7/7/2026, 5:52:48 pm | {"api":"/api/cash-closing-dashboard","event":"CASH_CLOSING_CLUSTER_FETCHED","totalClusters":4,"timestamp":"2026-07-07T12:22:48.266Z"}
7/7/2026, 5:52:48 pm | {"api":"/api/cash-closing-dashboard","event":"CASH_CLOSING_BRANCH_FETCHED","totalBranches":56,"timestamp":"2026-07-07T12:22:48.270Z"}
7/7/2026, 5:52:48 pm | {"api":"/api/cash-closing-dashboard","event":"CASH_CLOSING_DASHBOARD_SUCCESS","totalRecords":56,"filters":{"cluster":"","branch":"","fromDate":"","toDate":"","status":""},"timestamp":"2026-07-07T12:22:48.270Z"}
7/7/2026, 5:52:48 pm | {"api":"/api/cash-closing-dashboard","event":"CASH_CLOSING_DASHBOARD_API_STARTED","filters":{"cluster":"","branch":"","fromDate":"","toDate":"","status":""},"timestamp":"2026-07-07T12:22:48.390Z"}
7/7/2026, 5:52:48 pm | {"api":"/api/cash-closing-dashboard","event":"CASH_CLOSING_DASHBOARD_DB_CONNECTED","timestamp":"2026-07-07T12:22:48.391Z"}
7/7/2026, 5:52:48 pm | {"api":"/api/cash-closing-dashboard","event":"CASH_CLOSING_DASHBOARD_QUERY_STARTED","filters":{"cluster":"","branch":"","fromDate":"","toDate":"","status":""},"timestamp":"2026-07-07T12:22:48.392Z"}
7/7/2026, 5:52:48 pm | {"api":"/api/cash-closing-dashboard","event":"CASH_CLOSING_DASHBOARD_DATA_FETCHED","totalRecords":56,"timestamp":"2026-07-07T12:22:48.399Z"}
7/7/2026, 5:52:48 pm | {"api":"/api/cash-closing-dashboard","event":"CASH_CLOSING_CLUSTER_FETCHED","totalClusters":4,"timestamp":"2026-07-07T12:22:48.403Z"}
7/7/2026, 5:52:48 pm | {"api":"/api/cash-closing-dashboard","event":"CASH_CLOSING_BRANCH_FETCHED","totalBranches":56,"timestamp":"2026-07-07T12:22:48.406Z"}
7/7/2026, 5:52:48 pm | {"api":"/api/cash-closing-dashboard","event":"CASH_CLOSING_DASHBOARD_SUCCESS","totalRecords":56,"filters":{"cluster":"","branch":"","fromDate":"","toDate":"","status":""},"timestamp":"2026-07-07T12:22:48.407Z"}
7/7/2026, 5:52:48 pm | {"api":"/api/cash-closing-dashboard","event":"CASH_CLOSING_DASHBOARD_API_STARTED","filters":{"cluster":"","branch":"","fromDate":"","toDate":"","status":""},"timestamp":"2026-07-07T12:22:48.526Z"}
7/7/2026, 5:52:48 pm | {"api":"/api/cash-closing-dashboard","event":"CASH_CLOSING_DASHBOARD_DB_CONNECTED","timestamp":"2026-07-07T12:22:48.527Z"}
7/7/2026, 5:52:48 pm | {"api":"/api/cash-closing-dashboard","event":"CASH_CLOSING_DASHBOARD_QUERY_STARTED","filters":{"cluster":"","branch":"","fromDate":"","toDate":"","status":""},"timestamp":"2026-07-07T12:22:48.528Z"}
7/7/2026, 5:52:48 pm | {"api":"/api/cash-closing-dashboard","event":"CASH_CLOSING_DASHBOARD_DATA_FETCHED","totalRecords":56,"timestamp":"2026-07-07T12:22:48.535Z"}
7/7/2026, 5:52:48 pm | {"api":"/api/cash-closing-dashboard","event":"CASH_CLOSING_CLUSTER_FETCHED","totalClusters":4,"timestamp":"2026-07-07T12:22:48.538Z"}
7/7/2026, 5:52:48 pm | {"api":"/api/cash-closing-dashboard","event":"CASH_CLOSING_BRANCH_FETCHED","totalBranches":56,"timestamp":"2026-07-07T12:22:48.542Z"}
7/7/2026, 5:52:48 pm | {"api":"/api/cash-closing-dashboard","event":"CASH_CLOSING_DASHBOARD_SUCCESS","totalRecords":56,"filters":{"cluster":"","branch":"","fromDate":"","toDate":"","status":""},"timestamp":"2026-07-07T12:22:48.543Z"}
7/7/2026, 5:52:48 pm | {"api":"/api/cash-closing-dashboard","event":"CASH_CLOSING_DASHBOARD_API_STARTED","filters":{"cluster":"","branch":"","fromDate":"","toDate":"","status":""},"timestamp":"2026-07-07T12:22:48.646Z"}
7/7/2026, 5:52:48 pm | {"api":"/api/cash-closing-dashboard","event":"CASH_CLOSING_DASHBOARD_DB_CONNECTED","timestamp":"2026-07-07T12:22:48.647Z"}
7/7/2026, 5:52:48 pm | {"api":"/api/cash-closing-dashboard","event":"CASH_CLOSING_DASHBOARD_QUERY_STARTED","filters":{"cluster":"","branch":"","fromDate":"","toDate":"","status":""},"timestamp":"2026-07-07T12:22:48.647Z"}
7/7/2026, 5:52:48 pm | {"api":"/api/cash-closing-dashboard","event":"CASH_CLOSING_DASHBOARD_DATA_FETCHED","totalRecords":56,"timestamp":"2026-07-07T12:22:48.654Z"}
7/7/2026, 5:52:48 pm | {"api":"/api/cash-closing-dashboard","event":"CASH_CLOSING_CLUSTER_FETCHED","totalClusters":4,"timestamp":"2026-07-07T12:22:48.661Z"}
7/7/2026, 5:52:48 pm | {"api":"/api/cash-closing-dashboard","event":"CASH_CLOSING_BRANCH_FETCHED","totalBranches":56,"timestamp":"2026-07-07T12:22:48.667Z"}
7/7/2026, 5:52:48 pm | {"api":"/api/cash-closing-dashboard","event":"CASH_CLOSING_DASHBOARD_SUCCESS","totalRecords":56,"filters":{"cluster":"","branch":"","fromDate":"","toDate":"","status":""},"timestamp":"2026-07-07T12:22:48.667Z"}
7/7/2026, 5:52:48 pm | {"api":"/api/cash-closing-dashboard","event":"CASH_CLOSING_DASHBOARD_API_STARTED","filters":{"cluster":"","branch":"","fromDate":"","toDate":"","status":""},"timestamp":"2026-07-07T12:22:48.765Z"}
7/7/2026, 5:52:48 pm | {"api":"/api/cash-closing-dashboard","event":"CASH_CLOSING_DASHBOARD_DB_CONNECTED","timestamp":"2026-07-07T12:22:48.767Z"}
7/7/2026, 5:52:48 pm | {"api":"/api/cash-closing-dashboard","event":"CASH_CLOSING_DASHBOARD_QUERY_STARTED","filters":{"cluster":"","branch":"","fromDate":"","toDate":"","status":""},"timestamp":"2026-07-07T12:22:48.767Z"}
7/7/2026, 5:52:48 pm | {"api":"/api/cash-closing-dashboard","event":"CASH_CLOSING_DASHBOARD_DATA_FETCHED","totalRecords":56,"timestamp":"2026-07-07T12:22:48.776Z"}
7/7/2026, 5:52:48 pm | {"api":"/api/cash-closing-dashboard","event":"CASH_CLOSING_CLUSTER_FETCHED","totalClusters":4,"timestamp":"2026-07-07T12:22:48.780Z"}
7/7/2026, 5:52:48 pm | {"api":"/api/cash-closing-dashboard","event":"CASH_CLOSING_BRANCH_FETCHED","totalBranches":56,"timestamp":"2026-07-07T12:22:48.783Z"}
7/7/2026, 5:52:48 pm | {"api":"/api/cash-closing-dashboard","event":"CASH_CLOSING_DASHBOARD_SUCCESS","totalRecords":56,"filters":{"cluster":"","branch":"","fromDate":"","toDate":"","status":""},"timestamp":"2026-07-07T12:22:48.784Z"}
7/7/2026, 5:53:10 pm | {"api":"/api/cash-closing-dashboard","event":"CASH_CLOSING_DASHBOARD_API_STARTED","filters":{"cluster":"","branch":"","fromDate":"","toDate":"","status":""},"timestamp":"2026-07-07T12:23:10.965Z"}
7/7/2026, 5:53:10 pm | {"api":"/api/cash-closing-dashboard","event":"CASH_CLOSING_DASHBOARD_DB_CONNECTED","timestamp":"2026-07-07T12:23:10.966Z"}
7/7/2026, 5:53:10 pm | {"api":"/api/cash-closing-dashboard","event":"CASH_CLOSING_DASHBOARD_QUERY_STARTED","filters":{"cluster":"","branch":"","fromDate":"","toDate":"","status":""},"timestamp":"2026-07-07T12:23:10.967Z"}
7/7/2026, 5:53:10 pm | {"api":"/api/cash-closing-dashboard","event":"CASH_CLOSING_DASHBOARD_DATA_FETCHED","totalRecords":56,"timestamp":"2026-07-07T12:23:10.972Z"}
7/7/2026, 5:53:10 pm | {"api":"/api/cash-closing-dashboard","event":"CASH_CLOSING_CLUSTER_FETCHED","totalClusters":4,"timestamp":"2026-07-07T12:23:10.977Z"}
7/7/2026, 5:53:10 pm | {"api":"/api/cash-closing-dashboard","event":"CASH_CLOSING_BRANCH_FETCHED","totalBranches":56,"timestamp":"2026-07-07T12:23:10.982Z"}
7/7/2026, 5:53:10 pm | {"api":"/api/cash-closing-dashboard","event":"CASH_CLOSING_DASHBOARD_SUCCESS","totalRecords":56,"filters":{"cluster":"","branch":"","fromDate":"","toDate":"","status":""},"timestamp":"2026-07-07T12:23:10.983Z"}
7/7/2026, 5:53:11 pm | {"api":"/api/cash-closing-dashboard","event":"CASH_CLOSING_DASHBOARD_API_STARTED","filters":{"cluster":"","branch":"","fromDate":"","toDate":"","status":""},"timestamp":"2026-07-07T12:23:11.017Z"}
7/7/2026, 5:53:11 pm | {"api":"/api/cash-closing-dashboard","event":"CASH_CLOSING_DASHBOARD_DB_CONNECTED","timestamp":"2026-07-07T12:23:11.018Z"}
7/7/2026, 5:53:11 pm | {"api":"/api/cash-closing-dashboard","event":"CASH_CLOSING_DASHBOARD_QUERY_STARTED","filters":{"cluster":"","branch":"","fromDate":"","toDate":"","status":""},"timestamp":"2026-07-07T12:23:11.019Z"}
7/7/2026, 5:53:11 pm | {"api":"/api/cash-closing-dashboard","event":"CASH_CLOSING_DASHBOARD_DATA_FETCHED","totalRecords":56,"timestamp":"2026-07-07T12:23:11.027Z"}
7/7/2026, 5:53:11 pm | {"api":"/api/cash-closing-dashboard","event":"CASH_CLOSING_CLUSTER_FETCHED","totalClusters":4,"timestamp":"2026-07-07T12:23:11.031Z"}
7/7/2026, 5:53:11 pm | {"api":"/api/cash-closing-dashboard","event":"CASH_CLOSING_BRANCH_FETCHED","totalBranches":56,"timestamp":"2026-07-07T12:23:11.035Z"}
7/7/2026, 5:53:11 pm | {"api":"/api/cash-closing-dashboard","event":"CASH_CLOSING_DASHBOARD_SUCCESS","totalRecords":56,"filters":{"cluster":"","branch":"","fromDate":"","toDate":"","status":""},"timestamp":"2026-07-07T12:23:11.036Z"}
7/7/2026, 5:53:11 pm | {"api":"/api/cash-closing-dashboard","event":"CASH_CLOSING_DASHBOARD_API_STARTED","filters":{"cluster":"","branch":"","fromDate":"","toDate":"","status":""},"timestamp":"2026-07-07T12:23:11.101Z"}
7/7/2026, 5:53:11 pm | {"api":"/api/cash-closing-dashboard","event":"CASH_CLOSING_DASHBOARD_DB_CONNECTED","timestamp":"2026-07-07T12:23:11.102Z"}
7/7/2026, 5:53:11 pm | {"api":"/api/cash-closing-dashboard","event":"CASH_CLOSING_DASHBOARD_QUERY_STARTED","filters":{"cluster":"","branch":"","fromDate":"","toDate":"","status":""},"timestamp":"2026-07-07T12:23:11.103Z"}
7/7/2026, 5:53:11 pm | {"api":"/api/cash-closing-dashboard","event":"CASH_CLOSING_DASHBOARD_DATA_FETCHED","totalRecords":56,"timestamp":"2026-07-07T12:23:11.108Z"}
7/7/2026, 5:53:11 pm | {"api":"/api/cash-closing-dashboard","event":"CASH_CLOSING_CLUSTER_FETCHED","totalClusters":4,"timestamp":"2026-07-07T12:23:11.111Z"}
7/7/2026, 5:53:11 pm | {"api":"/api/cash-closing-dashboard","event":"CASH_CLOSING_BRANCH_FETCHED","totalBranches":56,"timestamp":"2026-07-07T12:23:11.115Z"}
7/7/2026, 5:53:11 pm | {"api":"/api/cash-closing-dashboard","event":"CASH_CLOSING_DASHBOARD_SUCCESS","totalRecords":56,"filters":{"cluster":"","branch":"","fromDate":"","toDate":"","status":""},"timestamp":"2026-07-07T12:23:11.115Z"}
7/7/2026, 5:53:11 pm | {"api":"/api/cash-closing-dashboard","event":"CASH_CLOSING_DASHBOARD_API_STARTED","filters":{"cluster":"","branch":"","fromDate":"","toDate":"","status":""},"timestamp":"2026-07-07T12:23:11.232Z"}
7/7/2026, 5:53:11 pm | {"api":"/api/cash-closing-dashboard","event":"CASH_CLOSING_DASHBOARD_DB_CONNECTED","timestamp":"2026-07-07T12:23:11.233Z"}
7/7/2026, 5:53:11 pm | {"api":"/api/cash-closing-dashboard","event":"CASH_CLOSING_DASHBOARD_QUERY_STARTED","filters":{"cluster":"","branch":"","fromDate":"","toDate":"","status":""},"timestamp":"2026-07-07T12:23:11.233Z"}
7/7/2026, 5:53:11 pm | {"api":"/api/cash-closing-dashboard","event":"CASH_CLOSING_DASHBOARD_DATA_FETCHED","totalRecords":56,"timestamp":"2026-07-07T12:23:11.240Z"}
7/7/2026, 5:53:11 pm | {"api":"/api/cash-closing-dashboard","event":"CASH_CLOSING_CLUSTER_FETCHED","totalClusters":4,"timestamp":"2026-07-07T12:23:11.243Z"}
7/7/2026, 5:53:11 pm | {"api":"/api/cash-closing-dashboard","event":"CASH_CLOSING_BRANCH_FETCHED","totalBranches":56,"timestamp":"2026-07-07T12:23:11.247Z"}
7/7/2026, 5:53:11 pm | {"api":"/api/cash-closing-dashboard","event":"CASH_CLOSING_DASHBOARD_SUCCESS","totalRecords":56,"filters":{"cluster":"","branch":"","fromDate":"","toDate":"","status":""},"timestamp":"2026-07-07T12:23:11.248Z"}
7/7/2026, 5:53:11 pm | {"api":"/api/cash-closing-dashboard","event":"CASH_CLOSING_DASHBOARD_API_STARTED","filters":{"cluster":"","branch":"","fromDate":"","toDate":"","status":""},"timestamp":"2026-07-07T12:23:11.345Z"}
7/7/2026, 5:53:11 pm | {"api":"/api/cash-closing-dashboard","event":"CASH_CLOSING_DASHBOARD_DB_CONNECTED","timestamp":"2026-07-07T12:23:11.346Z"}
7/7/2026, 5:53:11 pm | {"api":"/api/cash-closing-dashboard","event":"CASH_CLOSING_DASHBOARD_QUERY_STARTED","filters":{"cluster":"","branch":"","fromDate":"","toDate":"","status":""},"timestamp":"2026-07-07T12:23:11.347Z"}
7/7/2026, 5:53:11 pm | {"api":"/api/cash-closing-dashboard","event":"CASH_CLOSING_DASHBOARD_DATA_FETCHED","totalRecords":56,"timestamp":"2026-07-07T12:23:11.352Z"}
7/7/2026, 5:53:11 pm | {"api":"/api/cash-closing-dashboard","event":"CASH_CLOSING_CLUSTER_FETCHED","totalClusters":4,"timestamp":"2026-07-07T12:23:11.356Z"}
7/7/2026, 5:53:11 pm | {"api":"/api/cash-closing-dashboard","event":"CASH_CLOSING_BRANCH_FETCHED","totalBranches":56,"timestamp":"2026-07-07T12:23:11.360Z"}
7/7/2026, 5:53:11 pm | {"api":"/api/cash-closing-dashboard","event":"CASH_CLOSING_DASHBOARD_SUCCESS","totalRecords":56,"filters":{"cluster":"","branch":"","fromDate":"","toDate":"","status":""},"timestamp":"2026-07-07T12:23:11.361Z"}
7/7/2026, 5:53:11 pm | {"api":"/api/cash-closing-dashboard","event":"CASH_CLOSING_DASHBOARD_API_STARTED","filters":{"cluster":"","branch":"","fromDate":"","toDate":"","status":""},"timestamp":"2026-07-07T12:23:11.465Z"}
7/7/2026, 5:53:11 pm | {"api":"/api/cash-closing-dashboard","event":"CASH_CLOSING_DASHBOARD_DB_CONNECTED","timestamp":"2026-07-07T12:23:11.466Z"}
7/7/2026, 5:53:11 pm | {"api":"/api/cash-closing-dashboard","event":"CASH_CLOSING_DASHBOARD_QUERY_STARTED","filters":{"cluster":"","branch":"","fromDate":"","toDate":"","status":""},"timestamp":"2026-07-07T12:23:11.466Z"}
7/7/2026, 5:53:11 pm | {"api":"/api/cash-closing-dashboard","event":"CASH_CLOSING_DASHBOARD_DATA_FETCHED","totalRecords":56,"timestamp":"2026-07-07T12:23:11.472Z"}
7/7/2026, 5:53:11 pm | {"api":"/api/cash-closing-dashboard","event":"CASH_CLOSING_CLUSTER_FETCHED","totalClusters":4,"timestamp":"2026-07-07T12:23:11.477Z"}
7/7/2026, 5:53:11 pm | {"api":"/api/cash-closing-dashboard","event":"CASH_CLOSING_BRANCH_FETCHED","totalBranches":56,"timestamp":"2026-07-07T12:23:11.482Z"}
7/7/2026, 5:53:11 pm | {"api":"/api/cash-closing-dashboard","event":"CASH_CLOSING_DASHBOARD_SUCCESS","totalRecords":56,"filters":{"cluster":"","branch":"","fromDate":"","toDate":"","status":""},"timestamp":"2026-07-07T12:23:11.483Z"}
7/7/2026, 5:53:11 pm | {"api":"/api/cash-closing-dashboard","event":"CASH_CLOSING_DASHBOARD_API_STARTED","filters":{"cluster":"","branch":"","fromDate":"","toDate":"","status":""},"timestamp":"2026-07-07T12:23:11.600Z"}
7/7/2026, 5:53:11 pm | {"api":"/api/cash-closing-dashboard","event":"CASH_CLOSING_DASHBOARD_DB_CONNECTED","timestamp":"2026-07-07T12:23:11.601Z"}
7/7/2026, 5:53:11 pm | {"api":"/api/cash-closing-dashboard","event":"CASH_CLOSING_DASHBOARD_QUERY_STARTED","filters":{"cluster":"","branch":"","fromDate":"","toDate":"","status":""},"timestamp":"2026-07-07T12:23:11.601Z"}
7/7/2026, 5:53:11 pm | {"api":"/api/cash-closing-dashboard","event":"CASH_CLOSING_DASHBOARD_DATA_FETCHED","totalRecords":56,"timestamp":"2026-07-07T12:23:11.610Z"}
7/7/2026, 5:53:11 pm | {"api":"/api/cash-closing-dashboard","event":"CASH_CLOSING_CLUSTER_FETCHED","totalClusters":4,"timestamp":"2026-07-07T12:23:11.613Z"}
7/7/2026, 5:53:11 pm | {"api":"/api/cash-closing-dashboard","event":"CASH_CLOSING_BRANCH_FETCHED","totalBranches":56,"timestamp":"2026-07-07T12:23:11.617Z"}
7/7/2026, 5:53:11 pm | {"api":"/api/cash-closing-dashboard","event":"CASH_CLOSING_DASHBOARD_SUCCESS","totalRecords":56,"filters":{"cluster":"","branch":"","fromDate":"","toDate":"","status":""},"timestamp":"2026-07-07T12:23:11.618Z"}
7/7/2026, 5:53:11 pm | {"api":"/api/cash-closing-dashboard","event":"CASH_CLOSING_DASHBOARD_API_STARTED","filters":{"cluster":"","branch":"","fromDate":"","toDate":"","status":""},"timestamp":"2026-07-07T12:23:11.729Z"}
7/7/2026, 5:53:11 pm | {"api":"/api/cash-closing-dashboard","event":"CASH_CLOSING_DASHBOARD_DB_CONNECTED","timestamp":"2026-07-07T12:23:11.729Z"}
7/7/2026, 5:53:11 pm | {"api":"/api/cash-closing-dashboard","event":"CASH_CLOSING_DASHBOARD_QUERY_STARTED","filters":{"cluster":"","branch":"","fromDate":"","toDate":"","status":""},"timestamp":"2026-07-07T12:23:11.730Z"}
7/7/2026, 5:53:11 pm | {"api":"/api/cash-closing-dashboard","event":"CASH_CLOSING_DASHBOARD_DATA_FETCHED","totalRecords":56,"timestamp":"2026-07-07T12:23:11.735Z"}
7/7/2026, 5:53:11 pm | {"api":"/api/cash-closing-dashboard","event":"CASH_CLOSING_CLUSTER_FETCHED","totalClusters":4,"timestamp":"2026-07-07T12:23:11.739Z"}
7/7/2026, 5:53:11 pm | {"api":"/api/cash-closing-dashboard","event":"CASH_CLOSING_BRANCH_FETCHED","totalBranches":56,"timestamp":"2026-07-07T12:23:11.742Z"}
7/7/2026, 5:53:11 pm | {"api":"/api/cash-closing-dashboard","event":"CASH_CLOSING_DASHBOARD_SUCCESS","totalRecords":56,"filters":{"cluster":"","branch":"","fromDate":"","toDate":"","status":""},"timestamp":"2026-07-07T12:23:11.743Z"}
7/7/2026, 5:53:11 pm | {"api":"/api/cash-closing-dashboard","event":"CASH_CLOSING_DASHBOARD_API_STARTED","filters":{"cluster":"","branch":"","fromDate":"","toDate":"","status":""},"timestamp":"2026-07-07T12:23:11.846Z"}
7/7/2026, 5:53:11 pm | {"api":"/api/cash-closing-dashboard","event":"CASH_CLOSING_DASHBOARD_DB_CONNECTED","timestamp":"2026-07-07T12:23:11.848Z"}
7/7/2026, 5:53:11 pm | {"api":"/api/cash-closing-dashboard","event":"CASH_CLOSING_DASHBOARD_QUERY_STARTED","filters":{"cluster":"","branch":"","fromDate":"","toDate":"","status":""},"timestamp":"2026-07-07T12:23:11.848Z"}
7/7/2026, 5:53:11 pm | {"api":"/api/cash-closing-dashboard","event":"CASH_CLOSING_DASHBOARD_DATA_FETCHED","totalRecords":56,"timestamp":"2026-07-07T12:23:11.855Z"}
7/7/2026, 5:53:11 pm | {"api":"/api/cash-closing-dashboard","event":"CASH_CLOSING_CLUSTER_FETCHED","totalClusters":4,"timestamp":"2026-07-07T12:23:11.858Z"}
7/7/2026, 5:53:11 pm | {"api":"/api/cash-closing-dashboard","event":"CASH_CLOSING_BRANCH_FETCHED","totalBranches":56,"timestamp":"2026-07-07T12:23:11.862Z"}
7/7/2026, 5:53:11 pm | {"api":"/api/cash-closing-dashboard","event":"CASH_CLOSING_DASHBOARD_SUCCESS","totalRecords":56,"filters":{"cluster":"","branch":"","fromDate":"","toDate":"","status":""},"timestamp":"2026-07-07T12:23:11.862Z"}
7/7/2026, 5:53:13 pm | {"api":"/login","event":"LOGIN_API_STARTED","mpin":"3033","deviceId":"9038a12f6eb33b33","timestamp":"2026-07-07T12:23:13.398Z"}
7/7/2026, 5:53:13 pm | {"event":"LOGIN_REQUEST","mpin":"3033","deviceId":"9038a12f6eb33b33","timestamp":"2026-07-07T12:23:13.399Z"}
7/7/2026, 5:53:13 pm | {"api":"/login","event":"LOGIN_DB_QUERY_STARTED","mpin":"3033","timestamp":"2026-07-07T12:23:13.400Z"}
7/7/2026, 5:53:13 pm | {"api":"/login","event":"LOGIN_USER_FOUND","empNo":"1037","branch":"Sarpavaram","designation":"Branch Manager","timestamp":"2026-07-07T12:23:13.405Z"}
7/7/2026, 5:53:13 pm | {"api":"/login","event":"LOGIN_DEVICE_CHECK","empNo":"1037","savedDevice":"9038a12f6eb33b33","currentDevice":"9038a12f6eb33b33","timestamp":"2026-07-07T12:23:13.406Z"}
7/7/2026, 5:53:13 pm | {"api":"/login","event":"LOGIN_SUCCESS","empNo":"1037","branch":"Sarpavaram","designation":"Branch Manager","loginTime":"2026-07-07T12:23:13.414Z"}
7/7/2026, 5:53:13 pm | {"api":"/employee/:empNo","event":"EMPLOYEE_API_STARTED","empNo":"1037","timestamp":"2026-07-07T12:23:13.809Z"}
7/7/2026, 5:53:13 pm | {"api":"/employee/:empNo","event":"EMPLOYEE_DB_QUERY_STARTED","empNo":"1037","timestamp":"2026-07-07T12:23:13.810Z"}
7/7/2026, 5:53:13 pm | {"api":"/employee/:empNo","event":"EMPLOYEE_FETCH_SUCCESS","empNo":"1037","employeeName":"N Nageswara Rao","branch":"Sarpavaram","designation":"Branch Manager","timestamp":"2026-07-07T12:23:13.814Z"}
7/7/2026, 5:53:13 pm | {"api":"/last-submission/:empNo","event":"LAST_SUBMISSION_API_STARTED","empNo":"1037","timestamp":"2026-07-07T12:23:13.909Z"}
7/7/2026, 5:53:13 pm | {"api":"/last-submission/:empNo","event":"LAST_SUBMISSION_DB_QUERY_STARTED","empNo":"1037","timestamp":"2026-07-07T12:23:13.911Z"}
7/7/2026, 5:53:13 pm | {"api":"/last-submission/:empNo","event":"LAST_SUBMISSION_FETCH_SUCCESS","empNo":"1037","amount":2150130,"actionAt":"2026-07-06 17:56:57","timestamp":"2026-07-07T12:23:13.916Z"}
7/7/2026, 5:53:14 pm | {"api":"/today-cash/:empNo","event":"TODAY_CASH_API_STARTED","empNo":"1037","timestamp":"2026-07-07T12:23:14.044Z"}
7/7/2026, 5:53:14 pm | {"api":"/today-cash/:empNo","event":"TODAY_CASH_DB_QUERY_STARTED","empNo":"1037","timestamp":"2026-07-07T12:23:14.045Z"}
7/7/2026, 5:53:14 pm | {"api":"/today-cash/:empNo","event":"TODAY_CASH_NOT_FOUND","empNo":"1037","timestamp":"2026-07-07T12:23:14.051Z"}
7/7/2026, 5:53:22 pm | {"api":"/api/cash-closing-dashboard","event":"CASH_CLOSING_DASHBOARD_API_STARTED","filters":{"cluster":"","branch":"","fromDate":"","toDate":"","status":""},"timestamp":"2026-07-07T12:23:22.178Z"}
7/7/2026, 5:53:22 pm | {"api":"/api/cash-closing-dashboard","event":"CASH_CLOSING_DASHBOARD_DB_CONNECTED","timestamp":"2026-07-07T12:23:22.179Z"}
7/7/2026, 5:53:22 pm | {"api":"/api/cash-closing-dashboard","event":"CASH_CLOSING_DASHBOARD_QUERY_STARTED","filters":{"cluster":"","branch":"","fromDate":"","toDate":"","status":""},"timestamp":"2026-07-07T12:23:22.180Z"}
7/7/2026, 5:53:22 pm | {"api":"/api/cash-closing-dashboard","event":"CASH_CLOSING_DASHBOARD_DATA_FETCHED","totalRecords":56,"timestamp":"2026-07-07T12:23:22.187Z"}
7/7/2026, 5:53:22 pm | {"api":"/api/cash-closing-dashboard","event":"CASH_CLOSING_CLUSTER_FETCHED","totalClusters":4,"timestamp":"2026-07-07T12:23:22.191Z"}
7/7/2026, 5:53:22 pm | {"api":"/api/cash-closing-dashboard","event":"CASH_CLOSING_BRANCH_FETCHED","totalBranches":56,"timestamp":"2026-07-07T12:23:22.194Z"}
7/7/2026, 5:53:22 pm | {"api":"/api/cash-closing-dashboard","event":"CASH_CLOSING_DASHBOARD_SUCCESS","totalRecords":56,"filters":{"cluster":"","branch":"","fromDate":"","toDate":"","status":""},"timestamp":"2026-07-07T12:23:22.195Z"}
7/7/2026, 5:53:22 pm | {"api":"/api/cash-closing-dashboard","event":"CASH_CLOSING_DASHBOARD_API_STARTED","filters":{"cluster":"","branch":"","fromDate":"","toDate":"","status":""},"timestamp":"2026-07-07T12:23:22.237Z"}
7/7/2026, 5:53:22 pm | {"api":"/api/cash-closing-dashboard","event":"CASH_CLOSING_DASHBOARD_DB_CONNECTED","timestamp":"2026-07-07T12:23:22.238Z"}
7/7/2026, 5:53:22 pm | {"api":"/api/cash-closing-dashboard","event":"CASH_CLOSING_DASHBOARD_QUERY_STARTED","filters":{"cluster":"","branch":"","fromDate":"","toDate":"","status":""},"timestamp":"2026-07-07T12:23:22.239Z"}
7/7/2026, 5:53:22 pm | {"api":"/api/cash-closing-dashboard","event":"CASH_CLOSING_DASHBOARD_DATA_FETCHED","totalRecords":56,"timestamp":"2026-07-07T12:23:22.245Z"}
7/7/2026, 5:53:22 pm | {"api":"/api/cash-closing-dashboard","event":"CASH_CLOSING_CLUSTER_FETCHED","totalClusters":4,"timestamp":"2026-07-07T12:23:22.250Z"}
7/7/2026, 5:53:22 pm | {"api":"/api/cash-closing-dashboard","event":"CASH_CLOSING_BRANCH_FETCHED","totalBranches":56,"timestamp":"2026-07-07T12:23:22.253Z"}
7/7/2026, 5:53:22 pm | {"api":"/api/cash-closing-dashboard","event":"CASH_CLOSING_DASHBOARD_SUCCESS","totalRecords":56,"filters":{"cluster":"","branch":"","fromDate":"","toDate":"","status":""},"timestamp":"2026-07-07T12:23:22.254Z"}
7/7/2026, 5:53:22 pm | {"api":"/api/cash-closing-dashboard","event":"CASH_CLOSING_DASHBOARD_API_STARTED","filters":{"cluster":"","branch":"","fromDate":"","toDate":"","status":""},"timestamp":"2026-07-07T12:23:22.299Z"}
7/7/2026, 5:53:22 pm | {"api":"/api/cash-closing-dashboard","event":"CASH_CLOSING_DASHBOARD_DB_CONNECTED","timestamp":"2026-07-07T12:23:22.300Z"}
7/7/2026, 5:53:22 pm | {"api":"/api/cash-closing-dashboard","event":"CASH_CLOSING_DASHBOARD_QUERY_STARTED","filters":{"cluster":"","branch":"","fromDate":"","toDate":"","status":""},"timestamp":"2026-07-07T12:23:22.301Z"}
7/7/2026, 5:53:22 pm | {"api":"/api/cash-closing-dashboard","event":"CASH_CLOSING_DASHBOARD_DATA_FETCHED","totalRecords":56,"timestamp":"2026-07-07T12:23:22.308Z"}
7/7/2026, 5:53:22 pm | {"api":"/api/cash-closing-dashboard","event":"CASH_CLOSING_CLUSTER_FETCHED","totalClusters":4,"timestamp":"2026-07-07T12:23:22.312Z"}
7/7/2026, 5:53:22 pm | {"api":"/api/cash-closing-dashboard","event":"CASH_CLOSING_BRANCH_FETCHED","totalBranches":56,"timestamp":"2026-07-07T12:23:22.317Z"}
7/7/2026, 5:53:22 pm | {"api":"/api/cash-closing-dashboard","event":"CASH_CLOSING_DASHBOARD_SUCCESS","totalRecords":56,"filters":{"cluster":"","branch":"","fromDate":"","toDate":"","status":""},"timestamp":"2026-07-07T12:23:22.318Z"}
7/7/2026, 5:53:22 pm | {"api":"/api/cash-closing-dashboard","event":"CASH_CLOSING_DASHBOARD_API_STARTED","filters":{"cluster":"","branch":"","fromDate":"","toDate":"","status":""},"timestamp":"2026-07-07T12:23:22.399Z"}
7/7/2026, 5:53:22 pm | {"api":"/api/cash-closing-dashboard","event":"CASH_CLOSING_DASHBOARD_DB_CONNECTED","timestamp":"2026-07-07T12:23:22.399Z"}
7/7/2026, 5:53:22 pm | {"api":"/api/cash-closing-dashboard","event":"CASH_CLOSING_DASHBOARD_QUERY_STARTED","filters":{"cluster":"","branch":"","fromDate":"","toDate":"","status":""},"timestamp":"2026-07-07T12:23:22.400Z"}
7/7/2026, 5:53:22 pm | {"api":"/api/cash-closing-dashboard","event":"CASH_CLOSING_DASHBOARD_DATA_FETCHED","totalRecords":56,"timestamp":"2026-07-07T12:23:22.406Z"}
7/7/2026, 5:53:22 pm | {"api":"/api/cash-closing-dashboard","event":"CASH_CLOSING_CLUSTER_FETCHED","totalClusters":4,"timestamp":"2026-07-07T12:23:22.409Z"}
7/7/2026, 5:53:22 pm | {"api":"/api/cash-closing-dashboard","event":"CASH_CLOSING_BRANCH_FETCHED","totalBranches":56,"timestamp":"2026-07-07T12:23:22.413Z"}
7/7/2026, 5:53:22 pm | {"api":"/api/cash-closing-dashboard","event":"CASH_CLOSING_DASHBOARD_SUCCESS","totalRecords":56,"filters":{"cluster":"","branch":"","fromDate":"","toDate":"","status":""},"timestamp":"2026-07-07T12:23:22.413Z"}
7/7/2026, 5:53:22 pm | {"api":"/api/cash-closing-dashboard","event":"CASH_CLOSING_DASHBOARD_API_STARTED","filters":{"cluster":"","branch":"","fromDate":"","toDate":"","status":""},"timestamp":"2026-07-07T12:23:22.529Z"}
7/7/2026, 5:53:22 pm | {"api":"/api/cash-closing-dashboard","event":"CASH_CLOSING_DASHBOARD_DB_CONNECTED","timestamp":"2026-07-07T12:23:22.530Z"}
7/7/2026, 5:53:22 pm | {"api":"/api/cash-closing-dashboard","event":"CASH_CLOSING_DASHBOARD_QUERY_STARTED","filters":{"cluster":"","branch":"","fromDate":"","toDate":"","status":""},"timestamp":"2026-07-07T12:23:22.531Z"}
7/7/2026, 5:53:22 pm | {"api":"/api/cash-closing-dashboard","event":"CASH_CLOSING_DASHBOARD_DATA_FETCHED","totalRecords":56,"timestamp":"2026-07-07T12:23:22.537Z"}
7/7/2026, 5:53:22 pm | {"api":"/api/cash-closing-dashboard","event":"CASH_CLOSING_CLUSTER_FETCHED","totalClusters":4,"timestamp":"2026-07-07T12:23:22.542Z"}
7/7/2026, 5:53:22 pm | {"api":"/api/cash-closing-dashboard","event":"CASH_CLOSING_BRANCH_FETCHED","totalBranches":56,"timestamp":"2026-07-07T12:23:22.545Z"}
7/7/2026, 5:53:22 pm | {"api":"/api/cash-closing-dashboard","event":"CASH_CLOSING_DASHBOARD_SUCCESS","totalRecords":56,"filters":{"cluster":"","branch":"","fromDate":"","toDate":"","status":""},"timestamp":"2026-07-07T12:23:22.546Z"}
7/7/2026, 5:53:22 pm | {"api":"/api/cash-closing-dashboard","event":"CASH_CLOSING_DASHBOARD_API_STARTED","filters":{"cluster":"","branch":"","fromDate":"","toDate":"","status":""},"timestamp":"2026-07-07T12:23:22.664Z"}
7/7/2026, 5:53:22 pm | {"api":"/api/cash-closing-dashboard","event":"CASH_CLOSING_DASHBOARD_DB_CONNECTED","timestamp":"2026-07-07T12:23:22.665Z"}
7/7/2026, 5:53:22 pm | {"api":"/api/cash-closing-dashboard","event":"CASH_CLOSING_DASHBOARD_QUERY_STARTED","filters":{"cluster":"","branch":"","fromDate":"","toDate":"","status":""},"timestamp":"2026-07-07T12:23:22.666Z"}
7/7/2026, 5:53:22 pm | {"api":"/api/cash-closing-dashboard","event":"CASH_CLOSING_DASHBOARD_DATA_FETCHED","totalRecords":56,"timestamp":"2026-07-07T12:23:22.671Z"}
7/7/2026, 5:53:22 pm | {"api":"/api/cash-closing-dashboard","event":"CASH_CLOSING_CLUSTER_FETCHED","totalClusters":4,"timestamp":"2026-07-07T12:23:22.675Z"}
7/7/2026, 5:53:22 pm | {"api":"/api/cash-closing-dashboard","event":"CASH_CLOSING_BRANCH_FETCHED","totalBranches":56,"timestamp":"2026-07-07T12:23:22.679Z"}
7/7/2026, 5:53:22 pm | {"api":"/api/cash-closing-dashboard","event":"CASH_CLOSING_DASHBOARD_SUCCESS","totalRecords":56,"filters":{"cluster":"","branch":"","fromDate":"","toDate":"","status":""},"timestamp":"2026-07-07T12:23:22.679Z"}
7/7/2026, 5:53:30 pm | {"api":"/save-cash-closing","event":"SAVE_CASH_API_STARTED","empNo":"1037","amount":"2061080","timestamp":"2026-07-07T12:23:30.270Z"}
7/7/2026, 5:53:30 pm | {"api":"/save-cash-closing","event":"PREVIOUS_DAY_RECORD_FOUND","empNo":"1037","oldDate":"2026-07-06T00:00:00.000Z","amount":2150130,"timestamp":"2026-07-07T12:23:30.276Z"}
7/7/2026, 5:53:30 pm | {"api":"/save-cash-closing","event":"PREVIOUS_DAY_MOVED_TO_HISTORY","empNo":"1037","timestamp":"2026-07-07T12:23:30.284Z"}
7/7/2026, 5:53:30 pm | {"api":"/save-cash-closing","event":"PREVIOUS_DAY_DELETED","empNo":"1037","timestamp":"2026-07-07T12:23:30.292Z"}
7/7/2026, 5:53:30 pm | {"api":"/save-cash-closing","event":"SAVE_CASH_NEW_ENTRY","empNo":"1037","amount":"2061080","branch":"Sarpavaram","timestamp":"2026-07-07T12:23:30.298Z"}
7/7/2026, 5:53:30 pm | {"api":"/save-cash-closing","event":"SAVE_CASH_HISTORY_INSERTED","empNo":"1037","actionType":"ADDED","version":1,"timestamp":"2026-07-07T12:23:30.314Z"}
7/7/2026, 5:53:30 pm | {"api":"/save-cash-closing","event":"SAVE_CASH_SUCCESS","type":"INSERT","empNo":"1037","amount":"2061080","timestamp":"2026-07-07T12:23:30.315Z"}
7/7/2026, 5:53:35 pm | {"api":"/login","event":"LOGIN_API_STARTED","mpin":"3840","deviceId":"f640c6cc02eda4c0","timestamp":"2026-07-07T12:23:35.757Z"}
7/7/2026, 5:53:35 pm | {"event":"LOGIN_REQUEST","mpin":"3840","deviceId":"f640c6cc02eda4c0","timestamp":"2026-07-07T12:23:35.758Z"}
7/7/2026, 5:53:35 pm | {"api":"/login","event":"LOGIN_DB_QUERY_STARTED","mpin":"3840","timestamp":"2026-07-07T12:23:35.759Z"}
7/7/2026, 5:53:35 pm | {"api":"/login","event":"LOGIN_USER_FOUND","empNo":"384","branch":"Gajuwaka","designation":"Branch Manager","timestamp":"2026-07-07T12:23:35.767Z"}
7/7/2026, 5:53:35 pm | {"api":"/login","event":"LOGIN_DEVICE_CHECK","empNo":"384","savedDevice":"f640c6cc02eda4c0","currentDevice":"f640c6cc02eda4c0","timestamp":"2026-07-07T12:23:35.768Z"}
7/7/2026, 5:53:35 pm | {"api":"/login","event":"LOGIN_SUCCESS","empNo":"384","branch":"Gajuwaka","designation":"Branch Manager","loginTime":"2026-07-07T12:23:35.775Z"}
7/7/2026, 5:53:36 pm | {"api":"/employee/:empNo","event":"EMPLOYEE_API_STARTED","empNo":"384","timestamp":"2026-07-07T12:23:36.025Z"}
7/7/2026, 5:53:36 pm | {"api":"/employee/:empNo","event":"EMPLOYEE_DB_QUERY_STARTED","empNo":"384","timestamp":"2026-07-07T12:23:36.026Z"}
7/7/2026, 5:53:36 pm | {"api":"/employee/:empNo","event":"EMPLOYEE_FETCH_SUCCESS","empNo":"384","employeeName":"A.Appala Naidu","branch":"Gajuwaka","designation":"Branch Manager","timestamp":"2026-07-07T12:23:36.030Z"}
7/7/2026, 5:53:36 pm | {"api":"/last-submission/:empNo","event":"LAST_SUBMISSION_API_STARTED","empNo":"384","timestamp":"2026-07-07T12:23:36.143Z"}
7/7/2026, 5:53:36 pm | {"api":"/last-submission/:empNo","event":"LAST_SUBMISSION_DB_QUERY_STARTED","empNo":"384","timestamp":"2026-07-07T12:23:36.144Z"}
7/7/2026, 5:53:36 pm | {"api":"/last-submission/:empNo","event":"LAST_SUBMISSION_FETCH_SUCCESS","empNo":"384","amount":750000,"actionAt":"2026-07-06 18:08:01","timestamp":"2026-07-07T12:23:36.150Z"}
7/7/2026, 5:53:36 pm | {"api":"/today-cash/:empNo","event":"TODAY_CASH_API_STARTED","empNo":"384","timestamp":"2026-07-07T12:23:36.382Z"}
7/7/2026, 5:53:36 pm | {"api":"/today-cash/:empNo","event":"TODAY_CASH_DB_QUERY_STARTED","empNo":"384","timestamp":"2026-07-07T12:23:36.383Z"}
7/7/2026, 5:53:36 pm | {"api":"/today-cash/:empNo","event":"TODAY_CASH_NOT_FOUND","empNo":"384","timestamp":"2026-07-07T12:23:36.387Z"}
7/7/2026, 5:53:36 pm | {"api":"/login","event":"LOGIN_API_STARTED","mpin":"7050","deviceId":"55c99c146c54efde","timestamp":"2026-07-07T12:23:36.542Z"}
7/7/2026, 5:53:36 pm | {"event":"LOGIN_REQUEST","mpin":"7050","deviceId":"55c99c146c54efde","timestamp":"2026-07-07T12:23:36.543Z"}
7/7/2026, 5:53:36 pm | {"api":"/login","event":"LOGIN_DB_QUERY_STARTED","mpin":"7050","timestamp":"2026-07-07T12:23:36.543Z"}
7/7/2026, 5:53:36 pm | {"api":"/login","event":"LOGIN_USER_FOUND","empNo":"441","branch":"Singarayapalem","designation":"Branch Manager","timestamp":"2026-07-07T12:23:36.555Z"}
7/7/2026, 5:53:36 pm | {"api":"/login","event":"LOGIN_DEVICE_CHECK","empNo":"441","savedDevice":"55c99c146c54efde","currentDevice":"55c99c146c54efde","timestamp":"2026-07-07T12:23:36.556Z"}
7/7/2026, 5:53:36 pm | {"api":"/login","event":"LOGIN_SUCCESS","empNo":"441","branch":"Singarayapalem","designation":"Branch Manager","loginTime":"2026-07-07T12:23:36.563Z"}
7/7/2026, 5:53:36 pm | {"api":"/employee/:empNo","event":"EMPLOYEE_API_STARTED","empNo":"441","timestamp":"2026-07-07T12:23:36.702Z"}
7/7/2026, 5:53:36 pm | {"api":"/employee/:empNo","event":"EMPLOYEE_DB_QUERY_STARTED","empNo":"441","timestamp":"2026-07-07T12:23:36.703Z"}
7/7/2026, 5:53:36 pm | {"api":"/employee/:empNo","event":"EMPLOYEE_FETCH_SUCCESS","empNo":"441","employeeName":"V.S.N.L.V.Vara Prasad","branch":"Singarayapalem","designation":"Branch Manager","timestamp":"2026-07-07T12:23:36.708Z"}
7/7/2026, 5:53:36 pm | {"api":"/last-submission/:empNo","event":"LAST_SUBMISSION_API_STARTED","empNo":"441","timestamp":"2026-07-07T12:23:36.751Z"}
7/7/2026, 5:53:36 pm | {"api":"/last-submission/:empNo","event":"LAST_SUBMISSION_DB_QUERY_STARTED","empNo":"441","timestamp":"2026-07-07T12:23:36.752Z"}
7/7/2026, 5:53:36 pm | {"api":"/last-submission/:empNo","event":"LAST_SUBMISSION_FETCH_SUCCESS","empNo":"441","amount":308000,"actionAt":"2026-07-06 17:58:45","timestamp":"2026-07-07T12:23:36.757Z"}
7/7/2026, 5:53:36 pm | {"api":"/today-cash/:empNo","event":"TODAY_CASH_API_STARTED","empNo":"441","timestamp":"2026-07-07T12:23:36.868Z"}
7/7/2026, 5:53:36 pm | {"api":"/today-cash/:empNo","event":"TODAY_CASH_DB_QUERY_STARTED","empNo":"441","timestamp":"2026-07-07T12:23:36.869Z"}
7/7/2026, 5:53:36 pm | {"api":"/today-cash/:empNo","event":"TODAY_CASH_NOT_FOUND","empNo":"441","timestamp":"2026-07-07T12:23:36.873Z"}
7/7/2026, 5:53:45 pm | {"api":"/save-cash-closing","event":"SAVE_CASH_API_STARTED","empNo":"318","amount":"1400000","timestamp":"2026-07-07T12:23:45.369Z"}
7/7/2026, 5:53:45 pm | {"api":"/save-cash-closing","event":"PREVIOUS_DAY_RECORD_FOUND","empNo":"318","oldDate":"2026-07-06T00:00:00.000Z","amount":801720,"timestamp":"2026-07-07T12:23:45.377Z"}
7/7/2026, 5:53:45 pm | {"api":"/save-cash-closing","event":"PREVIOUS_DAY_MOVED_TO_HISTORY","empNo":"318","timestamp":"2026-07-07T12:23:45.384Z"}
7/7/2026, 5:53:45 pm | {"api":"/save-cash-closing","event":"PREVIOUS_DAY_DELETED","empNo":"318","timestamp":"2026-07-07T12:23:45.393Z"}
7/7/2026, 5:53:45 pm | {"api":"/save-cash-closing","event":"SAVE_CASH_NEW_ENTRY","empNo":"318","amount":"1400000","branch":"Mangalagiri","timestamp":"2026-07-07T12:23:45.397Z"}
7/7/2026, 5:53:45 pm | {"api":"/save-cash-closing","event":"SAVE_CASH_HISTORY_INSERTED","empNo":"318","actionType":"ADDED","version":1,"timestamp":"2026-07-07T12:23:45.414Z"}
7/7/2026, 5:53:45 pm | {"api":"/save-cash-closing","event":"SAVE_CASH_SUCCESS","type":"INSERT","empNo":"318","amount":"1400000","timestamp":"2026-07-07T12:23:45.415Z"}
7/7/2026, 5:53:46 pm | {"api":"/login","event":"LOGIN_API_STARTED","mpin":"2523","deviceId":"3033f9c5b22e1dfc","timestamp":"2026-07-07T12:23:46.645Z"}
7/7/2026, 5:53:46 pm | {"event":"LOGIN_REQUEST","mpin":"2523","deviceId":"3033f9c5b22e1dfc","timestamp":"2026-07-07T12:23:46.646Z"}
7/7/2026, 5:53:46 pm | {"api":"/login","event":"LOGIN_DB_QUERY_STARTED","mpin":"2523","timestamp":"2026-07-07T12:23:46.647Z"}
7/7/2026, 5:53:46 pm | {"api":"/login","event":"LOGIN_USER_FOUND","empNo":"41","branch":"Mandadam","designation":"Branch Manager","timestamp":"2026-07-07T12:23:46.656Z"}
7/7/2026, 5:53:46 pm | {"api":"/login","event":"LOGIN_DEVICE_CHECK","empNo":"41","savedDevice":"3033f9c5b22e1dfc","currentDevice":"3033f9c5b22e1dfc","timestamp":"2026-07-07T12:23:46.657Z"}
7/7/2026, 5:53:46 pm | {"api":"/login","event":"LOGIN_SUCCESS","empNo":"41","branch":"Mandadam","designation":"Branch Manager","loginTime":"2026-07-07T12:23:46.666Z"}
7/7/2026, 5:53:46 pm | {"api":"/employee/:empNo","event":"EMPLOYEE_API_STARTED","empNo":"41","timestamp":"2026-07-07T12:23:46.847Z"}
7/7/2026, 5:53:46 pm | {"api":"/employee/:empNo","event":"EMPLOYEE_DB_QUERY_STARTED","empNo":"41","timestamp":"2026-07-07T12:23:46.848Z"}
7/7/2026, 5:53:46 pm | {"api":"/employee/:empNo","event":"EMPLOYEE_FETCH_SUCCESS","empNo":"41","employeeName":"C.V. Phani Kumar","branch":"Mandadam","designation":"Branch Manager","timestamp":"2026-07-07T12:23:46.852Z"}
7/7/2026, 5:53:46 pm | {"api":"/last-submission/:empNo","event":"LAST_SUBMISSION_API_STARTED","empNo":"41","timestamp":"2026-07-07T12:23:46.904Z"}
7/7/2026, 5:53:46 pm | {"api":"/last-submission/:empNo","event":"LAST_SUBMISSION_DB_QUERY_STARTED","empNo":"41","timestamp":"2026-07-07T12:23:46.905Z"}
7/7/2026, 5:53:46 pm | {"api":"/last-submission/:empNo","event":"LAST_SUBMISSION_FETCH_SUCCESS","empNo":"41","amount":1486000,"actionAt":"2026-07-06 17:41:54","timestamp":"2026-07-07T12:23:46.910Z"}
7/7/2026, 5:53:47 pm | {"api":"/today-cash/:empNo","event":"TODAY_CASH_API_STARTED","empNo":"41","timestamp":"2026-07-07T12:23:47.055Z"}
7/7/2026, 5:53:47 pm | {"api":"/today-cash/:empNo","event":"TODAY_CASH_DB_QUERY_STARTED","empNo":"41","timestamp":"2026-07-07T12:23:47.056Z"}
7/7/2026, 5:53:47 pm | {"api":"/today-cash/:empNo","event":"TODAY_CASH_NOT_FOUND","empNo":"41","timestamp":"2026-07-07T12:23:47.062Z"}
7/7/2026, 5:53:48 pm | {"api":"/login","event":"LOGIN_API_STARTED","mpin":"1976","deviceId":"737ffa3c70822aa7","timestamp":"2026-07-07T12:23:48.667Z"}
7/7/2026, 5:53:48 pm | {"event":"LOGIN_REQUEST","mpin":"1976","deviceId":"737ffa3c70822aa7","timestamp":"2026-07-07T12:23:48.668Z"}
7/7/2026, 5:53:48 pm | {"api":"/login","event":"LOGIN_DB_QUERY_STARTED","mpin":"1976","timestamp":"2026-07-07T12:23:48.669Z"}
7/7/2026, 5:53:48 pm | {"api":"/login","event":"LOGIN_USER_FOUND","empNo":"294","branch":"Vijayawada","designation":"Branch Manager","timestamp":"2026-07-07T12:23:48.675Z"}
7/7/2026, 5:53:48 pm | {"api":"/login","event":"LOGIN_DEVICE_CHECK","empNo":"294","savedDevice":"737ffa3c70822aa7","currentDevice":"737ffa3c70822aa7","timestamp":"2026-07-07T12:23:48.676Z"}
7/7/2026, 5:53:48 pm | {"api":"/login","event":"LOGIN_SUCCESS","empNo":"294","branch":"Vijayawada","designation":"Branch Manager","loginTime":"2026-07-07T12:23:48.683Z"}
7/7/2026, 5:53:49 pm | {"api":"/employee/:empNo","event":"EMPLOYEE_API_STARTED","empNo":"294","timestamp":"2026-07-07T12:23:49.022Z"}
7/7/2026, 5:53:49 pm | {"api":"/employee/:empNo","event":"EMPLOYEE_DB_QUERY_STARTED","empNo":"294","timestamp":"2026-07-07T12:23:49.023Z"}
7/7/2026, 5:53:49 pm | {"api":"/employee/:empNo","event":"EMPLOYEE_FETCH_SUCCESS","empNo":"294","employeeName":"D. Vara Prasad","branch":"Vijayawada","designation":"Branch Manager","timestamp":"2026-07-07T12:23:49.027Z"}
7/7/2026, 5:53:49 pm | {"api":"/last-submission/:empNo","event":"LAST_SUBMISSION_API_STARTED","empNo":"294","timestamp":"2026-07-07T12:23:49.066Z"}
7/7/2026, 5:53:49 pm | {"api":"/last-submission/:empNo","event":"LAST_SUBMISSION_DB_QUERY_STARTED","empNo":"294","timestamp":"2026-07-07T12:23:49.067Z"}
7/7/2026, 5:53:49 pm | {"api":"/last-submission/:empNo","event":"LAST_SUBMISSION_FETCH_SUCCESS","empNo":"294","amount":1500000,"actionAt":"2026-07-06 17:46:31","timestamp":"2026-07-07T12:23:49.072Z"}
7/7/2026, 5:53:49 pm | {"api":"/today-cash/:empNo","event":"TODAY_CASH_API_STARTED","empNo":"294","timestamp":"2026-07-07T12:23:49.159Z"}
7/7/2026, 5:53:49 pm | {"api":"/today-cash/:empNo","event":"TODAY_CASH_DB_QUERY_STARTED","empNo":"294","timestamp":"2026-07-07T12:23:49.160Z"}
7/7/2026, 5:53:49 pm | {"api":"/today-cash/:empNo","event":"TODAY_CASH_NOT_FOUND","empNo":"294","timestamp":"2026-07-07T12:23:49.167Z"}
7/7/2026, 5:53:51 pm | {"api":"/save-cash-closing","event":"SAVE_CASH_API_STARTED","empNo":"384","amount":"700000","timestamp":"2026-07-07T12:23:51.249Z"}
7/7/2026, 5:53:51 pm | {"api":"/save-cash-closing","event":"PREVIOUS_DAY_RECORD_FOUND","empNo":"384","oldDate":"2026-07-06T00:00:00.000Z","amount":750000,"timestamp":"2026-07-07T12:23:51.255Z"}
7/7/2026, 5:53:51 pm | {"api":"/save-cash-closing","event":"PREVIOUS_DAY_MOVED_TO_HISTORY","empNo":"384","timestamp":"2026-07-07T12:23:51.262Z"}
7/7/2026, 5:53:51 pm | {"api":"/save-cash-closing","event":"PREVIOUS_DAY_DELETED","empNo":"384","timestamp":"2026-07-07T12:23:51.270Z"}
7/7/2026, 5:53:51 pm | {"api":"/save-cash-closing","event":"SAVE_CASH_NEW_ENTRY","empNo":"384","amount":"700000","branch":"Gajuwaka","timestamp":"2026-07-07T12:23:51.273Z"}
7/7/2026, 5:53:51 pm | {"api":"/save-cash-closing","event":"SAVE_CASH_HISTORY_INSERTED","empNo":"384","actionType":"ADDED","version":1,"timestamp":"2026-07-07T12:23:51.287Z"}
7/7/2026, 5:53:51 pm | {"api":"/save-cash-closing","event":"SAVE_CASH_SUCCESS","type":"INSERT","empNo":"384","amount":"700000","timestamp":"2026-07-07T12:23:51.288Z"}
7/7/2026, 5:53:52 pm | {"api":"/save-cash-closing","event":"SAVE_CASH_API_STARTED","empNo":"441","amount":"408000","timestamp":"2026-07-07T12:23:52.558Z"}
7/7/2026, 5:53:52 pm | {"api":"/save-cash-closing","event":"PREVIOUS_DAY_RECORD_FOUND","empNo":"441","oldDate":"2026-07-06T00:00:00.000Z","amount":308000,"timestamp":"2026-07-07T12:23:52.566Z"}
7/7/2026, 5:53:52 pm | {"api":"/save-cash-closing","event":"PREVIOUS_DAY_MOVED_TO_HISTORY","empNo":"441","timestamp":"2026-07-07T12:23:52.574Z"}
7/7/2026, 5:53:52 pm | {"api":"/save-cash-closing","event":"PREVIOUS_DAY_DELETED","empNo":"441","timestamp":"2026-07-07T12:23:52.581Z"}
7/7/2026, 5:53:52 pm | {"api":"/save-cash-closing","event":"SAVE_CASH_NEW_ENTRY","empNo":"441","amount":"408000","branch":"Singarayapalem","timestamp":"2026-07-07T12:23:52.585Z"}
7/7/2026, 5:53:52 pm | {"api":"/save-cash-closing","event":"SAVE_CASH_HISTORY_INSERTED","empNo":"441","actionType":"ADDED","version":1,"timestamp":"2026-07-07T12:23:52.599Z"}
7/7/2026, 5:53:52 pm | {"api":"/save-cash-closing","event":"SAVE_CASH_SUCCESS","type":"INSERT","empNo":"441","amount":"408000","timestamp":"2026-07-07T12:23:52.600Z"}
7/7/2026, 5:53:53 pm | {"api":"/login","event":"LOGIN_API_STARTED","mpin":"1985","deviceId":"edbb16289756a13f","timestamp":"2026-07-07T12:23:53.730Z"}
7/7/2026, 5:53:53 pm | {"event":"LOGIN_REQUEST","mpin":"1985","deviceId":"edbb16289756a13f","timestamp":"2026-07-07T12:23:53.731Z"}
7/7/2026, 5:53:53 pm | {"api":"/login","event":"LOGIN_DB_QUERY_STARTED","mpin":"1985","timestamp":"2026-07-07T12:23:53.732Z"}
7/7/2026, 5:53:53 pm | {"api":"/login","event":"LOGIN_USER_FOUND","empNo":"305","branch":"Gudivada","designation":"Branch Manager","timestamp":"2026-07-07T12:23:53.737Z"}
7/7/2026, 5:53:53 pm | {"api":"/login","event":"LOGIN_DEVICE_CHECK","empNo":"305","savedDevice":"edbb16289756a13f","currentDevice":"edbb16289756a13f","timestamp":"2026-07-07T12:23:53.738Z"}
7/7/2026, 5:53:53 pm | {"api":"/login","event":"LOGIN_SUCCESS","empNo":"305","branch":"Gudivada","designation":"Branch Manager","loginTime":"2026-07-07T12:23:53.745Z"}
7/7/2026, 5:53:53 pm | {"api":"/employee/:empNo","event":"EMPLOYEE_API_STARTED","empNo":"305","timestamp":"2026-07-07T12:23:53.927Z"}
7/7/2026, 5:53:53 pm | {"api":"/employee/:empNo","event":"EMPLOYEE_DB_QUERY_STARTED","empNo":"305","timestamp":"2026-07-07T12:23:53.928Z"}
7/7/2026, 5:53:53 pm | {"api":"/employee/:empNo","event":"EMPLOYEE_FETCH_SUCCESS","empNo":"305","employeeName":"Rashidunnisha Sk.","branch":"Gudivada","designation":"Branch Manager","timestamp":"2026-07-07T12:23:53.932Z"}
7/7/2026, 5:53:53 pm | {"api":"/last-submission/:empNo","event":"LAST_SUBMISSION_API_STARTED","empNo":"305","timestamp":"2026-07-07T12:23:53.988Z"}
7/7/2026, 5:53:53 pm | {"api":"/last-submission/:empNo","event":"LAST_SUBMISSION_DB_QUERY_STARTED","empNo":"305","timestamp":"2026-07-07T12:23:53.989Z"}
7/7/2026, 5:53:53 pm | {"api":"/last-submission/:empNo","event":"LAST_SUBMISSION_FETCH_SUCCESS","empNo":"305","amount":766345,"actionAt":"2026-07-06 17:57:03","timestamp":"2026-07-07T12:23:53.993Z"}
7/7/2026, 5:53:54 pm | {"api":"/today-cash/:empNo","event":"TODAY_CASH_API_STARTED","empNo":"305","timestamp":"2026-07-07T12:23:54.158Z"}
7/7/2026, 5:53:54 pm | {"api":"/today-cash/:empNo","event":"TODAY_CASH_DB_QUERY_STARTED","empNo":"305","timestamp":"2026-07-07T12:23:54.159Z"}
7/7/2026, 5:53:54 pm | {"api":"/today-cash/:empNo","event":"TODAY_CASH_NOT_FOUND","empNo":"305","timestamp":"2026-07-07T12:23:54.164Z"}
7/7/2026, 5:53:56 pm | {"api":"/save-cash-closing","event":"SAVE_CASH_API_STARTED","empNo":"294","amount":"3800000","timestamp":"2026-07-07T12:23:56.066Z"}
7/7/2026, 5:53:56 pm | {"api":"/save-cash-closing","event":"PREVIOUS_DAY_RECORD_FOUND","empNo":"294","oldDate":"2026-07-06T00:00:00.000Z","amount":1500000,"timestamp":"2026-07-07T12:23:56.072Z"}
7/7/2026, 5:53:56 pm | {"api":"/save-cash-closing","event":"PREVIOUS_DAY_MOVED_TO_HISTORY","empNo":"294","timestamp":"2026-07-07T12:23:56.080Z"}
7/7/2026, 5:53:56 pm | {"api":"/save-cash-closing","event":"PREVIOUS_DAY_DELETED","empNo":"294","timestamp":"2026-07-07T12:23:56.090Z"}
7/7/2026, 5:53:56 pm | {"api":"/save-cash-closing","event":"SAVE_CASH_NEW_ENTRY","empNo":"294","amount":"3800000","branch":"Vijayawada","timestamp":"2026-07-07T12:23:56.093Z"}
7/7/2026, 5:53:56 pm | {"api":"/save-cash-closing","event":"SAVE_CASH_HISTORY_INSERTED","empNo":"294","actionType":"ADDED","version":1,"timestamp":"2026-07-07T12:23:56.107Z"}
7/7/2026, 5:53:56 pm | {"api":"/save-cash-closing","event":"SAVE_CASH_SUCCESS","type":"INSERT","empNo":"294","amount":"3800000","timestamp":"2026-07-07T12:23:56.108Z"}
7/7/2026, 5:53:58 pm | {"api":"/save-cash-closing","event":"SAVE_CASH_API_STARTED","empNo":"294","amount":"3800000","timestamp":"2026-07-07T12:23:58.403Z"}
7/7/2026, 5:53:58 pm | {"api":"/save-cash-closing","event":"SAVE_CASH_UPDATE_STARTED","empNo":"294","oldAmount":3800000,"newAmount":"3800000","currentVersion":1,"nextVersion":2,"timestamp":"2026-07-07T12:23:58.416Z"}
7/7/2026, 5:53:58 pm | {"api":"/save-cash-closing","event":"SAVE_CASH_HISTORY_UPDATED","empNo":"294","version":2,"timestamp":"2026-07-07T12:23:58.431Z"}
7/7/2026, 5:53:58 pm | {"api":"/save-cash-closing","event":"SAVE_CASH_SUCCESS","type":"UPDATE","empNo":"294","amount":"3800000","version":2,"timestamp":"2026-07-07T12:23:58.432Z"}
7/7/2026, 5:53:58 pm | {"api":"/save-cash-closing","event":"SAVE_CASH_API_STARTED","empNo":"318","amount":"1400000","timestamp":"2026-07-07T12:23:58.763Z"}
7/7/2026, 5:53:58 pm | {"api":"/save-cash-closing","event":"SAVE_CASH_UPDATE_STARTED","empNo":"318","oldAmount":1400000,"newAmount":"1400000","currentVersion":1,"nextVersion":2,"timestamp":"2026-07-07T12:23:58.772Z"}
7/7/2026, 5:53:58 pm | {"api":"/save-cash-closing","event":"SAVE_CASH_HISTORY_UPDATED","empNo":"318","version":2,"timestamp":"2026-07-07T12:23:58.787Z"}
7/7/2026, 5:53:58 pm | {"api":"/save-cash-closing","event":"SAVE_CASH_SUCCESS","type":"UPDATE","empNo":"318","amount":"1400000","version":2,"timestamp":"2026-07-07T12:23:58.788Z"}
7/7/2026, 5:53:59 pm | {"api":"/save-cash-closing","event":"SAVE_CASH_API_STARTED","empNo":"441","amount":"408000","timestamp":"2026-07-07T12:23:59.836Z"}
7/7/2026, 5:53:59 pm | {"api":"/save-cash-closing","event":"SAVE_CASH_UPDATE_STARTED","empNo":"441","oldAmount":408000,"newAmount":"408000","currentVersion":1,"nextVersion":2,"timestamp":"2026-07-07T12:23:59.856Z"}
7/7/2026, 5:53:59 pm | {"api":"/save-cash-closing","event":"SAVE_CASH_HISTORY_UPDATED","empNo":"441","version":2,"timestamp":"2026-07-07T12:23:59.872Z"}
7/7/2026, 5:53:59 pm | {"api":"/save-cash-closing","event":"SAVE_CASH_SUCCESS","type":"UPDATE","empNo":"441","amount":"408000","version":2,"timestamp":"2026-07-07T12:23:59.873Z"}
7/7/2026, 5:54:03 pm | {"api":"/save-cash-closing","event":"SAVE_CASH_API_STARTED","empNo":"41","amount":"285000","timestamp":"2026-07-07T12:24:03.654Z"}
7/7/2026, 5:54:03 pm | {"api":"/save-cash-closing","event":"PREVIOUS_DAY_RECORD_FOUND","empNo":"41","oldDate":"2026-07-06T00:00:00.000Z","amount":1486000,"timestamp":"2026-07-07T12:24:03.660Z"}
7/7/2026, 5:54:03 pm | {"api":"/save-cash-closing","event":"PREVIOUS_DAY_MOVED_TO_HISTORY","empNo":"41","timestamp":"2026-07-07T12:24:03.668Z"}
7/7/2026, 5:54:03 pm | {"api":"/save-cash-closing","event":"PREVIOUS_DAY_DELETED","empNo":"41","timestamp":"2026-07-07T12:24:03.676Z"}
7/7/2026, 5:54:03 pm | {"api":"/save-cash-closing","event":"SAVE_CASH_NEW_ENTRY","empNo":"41","amount":"285000","branch":"Mandadam","timestamp":"2026-07-07T12:24:03.679Z"}
7/7/2026, 5:54:03 pm | {"api":"/save-cash-closing","event":"SAVE_CASH_HISTORY_INSERTED","empNo":"41","actionType":"ADDED","version":1,"timestamp":"2026-07-07T12:24:03.694Z"}
7/7/2026, 5:54:03 pm | {"api":"/save-cash-closing","event":"SAVE_CASH_SUCCESS","type":"INSERT","empNo":"41","amount":"285000","timestamp":"2026-07-07T12:24:03.695Z"}
7/7/2026, 5:54:27 pm | {"api":"/save-cash-closing","event":"SAVE_CASH_API_STARTED","empNo":"305","amount":"865945","timestamp":"2026-07-07T12:24:27.305Z"}
7/7/2026, 5:54:27 pm | {"api":"/save-cash-closing","event":"PREVIOUS_DAY_RECORD_FOUND","empNo":"305","oldDate":"2026-07-06T00:00:00.000Z","amount":766345,"timestamp":"2026-07-07T12:24:27.312Z"}
7/7/2026, 5:54:27 pm | {"api":"/save-cash-closing","event":"PREVIOUS_DAY_MOVED_TO_HISTORY","empNo":"305","timestamp":"2026-07-07T12:24:27.320Z"}
7/7/2026, 5:54:27 pm | {"api":"/save-cash-closing","event":"PREVIOUS_DAY_DELETED","empNo":"305","timestamp":"2026-07-07T12:24:27.331Z"}
7/7/2026, 5:54:27 pm | {"api":"/save-cash-closing","event":"SAVE_CASH_NEW_ENTRY","empNo":"305","amount":"865945","branch":"Gudivada","timestamp":"2026-07-07T12:24:27.334Z"}
7/7/2026, 5:54:27 pm | {"api":"/save-cash-closing","event":"SAVE_CASH_HISTORY_INSERTED","empNo":"305","actionType":"ADDED","version":1,"timestamp":"2026-07-07T12:24:27.351Z"}
7/7/2026, 5:54:27 pm | {"api":"/save-cash-closing","event":"SAVE_CASH_SUCCESS","type":"INSERT","empNo":"305","amount":"865945","timestamp":"2026-07-07T12:24:27.352Z"}
7/7/2026, 5:54:29 pm | {"api":"/login","event":"LOGIN_API_STARTED","mpin":"1289","deviceId":"c40c71be0ffdfb7b","timestamp":"2026-07-07T12:24:29.951Z"}
7/7/2026, 5:54:29 pm | {"event":"LOGIN_REQUEST","mpin":"1289","deviceId":"c40c71be0ffdfb7b","timestamp":"2026-07-07T12:24:29.952Z"}
7/7/2026, 5:54:29 pm | {"api":"/login","event":"LOGIN_DB_QUERY_STARTED","mpin":"1289","timestamp":"2026-07-07T12:24:29.953Z"}
7/7/2026, 5:54:29 pm | {"api":"/login","event":"LOGIN_USER_FOUND","empNo":"279","branch":"Vinukonda","designation":"Branch Manager","timestamp":"2026-07-07T12:24:29.963Z"}
7/7/2026, 5:54:29 pm | {"api":"/login","event":"LOGIN_DEVICE_CHECK","empNo":"279","savedDevice":"c40c71be0ffdfb7b","currentDevice":"c40c71be0ffdfb7b","timestamp":"2026-07-07T12:24:29.964Z"}
7/7/2026, 5:54:29 pm | {"api":"/login","event":"LOGIN_SUCCESS","empNo":"279","branch":"Vinukonda","designation":"Branch Manager","loginTime":"2026-07-07T12:24:29.972Z"}
7/7/2026, 5:54:30 pm | {"api":"/employee/:empNo","event":"EMPLOYEE_API_STARTED","empNo":"279","timestamp":"2026-07-07T12:24:30.220Z"}
7/7/2026, 5:54:30 pm | {"api":"/employee/:empNo","event":"EMPLOYEE_DB_QUERY_STARTED","empNo":"279","timestamp":"2026-07-07T12:24:30.222Z"}
7/7/2026, 5:54:30 pm | {"api":"/employee/:empNo","event":"EMPLOYEE_FETCH_SUCCESS","empNo":"279","employeeName":"U. Rubendra Babu","branch":"Vinukonda","designation":"Branch Manager","timestamp":"2026-07-07T12:24:30.225Z"}
7/7/2026, 5:54:30 pm | {"api":"/last-submission/:empNo","event":"LAST_SUBMISSION_API_STARTED","empNo":"279","timestamp":"2026-07-07T12:24:30.324Z"}
7/7/2026, 5:54:30 pm | {"api":"/last-submission/:empNo","event":"LAST_SUBMISSION_DB_QUERY_STARTED","empNo":"279","timestamp":"2026-07-07T12:24:30.325Z"}
7/7/2026, 5:54:30 pm | {"api":"/last-submission/:empNo","event":"LAST_SUBMISSION_FETCH_SUCCESS","empNo":"279","amount":2811924,"actionAt":"2026-07-06 18:04:32","timestamp":"2026-07-07T12:24:30.330Z"}
7/7/2026, 5:54:30 pm | {"api":"/today-cash/:empNo","event":"TODAY_CASH_API_STARTED","empNo":"279","timestamp":"2026-07-07T12:24:30.623Z"}
7/7/2026, 5:54:30 pm | {"api":"/today-cash/:empNo","event":"TODAY_CASH_DB_QUERY_STARTED","empNo":"279","timestamp":"2026-07-07T12:24:30.624Z"}
7/7/2026, 5:54:30 pm | {"api":"/today-cash/:empNo","event":"TODAY_CASH_NOT_FOUND","empNo":"279","timestamp":"2026-07-07T12:24:30.628Z"}
7/7/2026, 5:54:42 pm | {"api":"/save-cash-closing","event":"SAVE_CASH_API_STARTED","empNo":"318","amount":"1400000","timestamp":"2026-07-07T12:24:42.766Z"}
7/7/2026, 5:54:42 pm | {"api":"/save-cash-closing","event":"SAVE_CASH_UPDATE_STARTED","empNo":"318","oldAmount":1400000,"newAmount":"1400000","currentVersion":2,"nextVersion":3,"timestamp":"2026-07-07T12:24:42.774Z"}
7/7/2026, 5:54:42 pm | {"api":"/save-cash-closing","event":"SAVE_CASH_HISTORY_UPDATED","empNo":"318","version":3,"timestamp":"2026-07-07T12:24:42.788Z"}
7/7/2026, 5:54:42 pm | {"api":"/save-cash-closing","event":"SAVE_CASH_SUCCESS","type":"UPDATE","empNo":"318","amount":"1400000","version":3,"timestamp":"2026-07-07T12:24:42.789Z"}
7/7/2026, 5:54:52 pm | {"api":"/login","event":"LOGIN_API_STARTED","mpin":"1435","deviceId":"ba25439295ea5d5f","timestamp":"2026-07-07T12:24:52.387Z"}
7/7/2026, 5:54:52 pm | {"event":"LOGIN_REQUEST","mpin":"1435","deviceId":"ba25439295ea5d5f","timestamp":"2026-07-07T12:24:52.388Z"}
7/7/2026, 5:54:52 pm | {"api":"/login","event":"LOGIN_DB_QUERY_STARTED","mpin":"1435","timestamp":"2026-07-07T12:24:52.389Z"}
7/7/2026, 5:54:52 pm | {"api":"/login","event":"LOGIN_USER_FOUND","empNo":"860","branch":"Duvvada","designation":"Branch Manager","timestamp":"2026-07-07T12:24:52.404Z"}
7/7/2026, 5:54:52 pm | {"api":"/login","event":"LOGIN_DEVICE_CHECK","empNo":"860","savedDevice":"ba25439295ea5d5f","currentDevice":"ba25439295ea5d5f","timestamp":"2026-07-07T12:24:52.405Z"}
7/7/2026, 5:54:52 pm | {"api":"/login","event":"LOGIN_SUCCESS","empNo":"860","branch":"Duvvada","designation":"Branch Manager","loginTime":"2026-07-07T12:24:52.413Z"}
7/7/2026, 5:54:52 pm | {"api":"/employee/:empNo","event":"EMPLOYEE_API_STARTED","empNo":"860","timestamp":"2026-07-07T12:24:52.656Z"}
7/7/2026, 5:54:52 pm | {"api":"/employee/:empNo","event":"EMPLOYEE_DB_QUERY_STARTED","empNo":"860","timestamp":"2026-07-07T12:24:52.657Z"}
7/7/2026, 5:54:52 pm | {"api":"/employee/:empNo","event":"EMPLOYEE_FETCH_SUCCESS","empNo":"860","employeeName":"B Prasada Rao","branch":"Duvvada","designation":"Branch Manager","timestamp":"2026-07-07T12:24:52.661Z"}
7/7/2026, 5:54:52 pm | {"api":"/last-submission/:empNo","event":"LAST_SUBMISSION_API_STARTED","empNo":"860","timestamp":"2026-07-07T12:24:52.769Z"}
7/7/2026, 5:54:52 pm | {"api":"/last-submission/:empNo","event":"LAST_SUBMISSION_DB_QUERY_STARTED","empNo":"860","timestamp":"2026-07-07T12:24:52.770Z"}
7/7/2026, 5:54:52 pm | {"api":"/last-submission/:empNo","event":"LAST_SUBMISSION_FETCH_SUCCESS","empNo":"860","amount":1528954,"actionAt":"2026-07-06 18:17:14","timestamp":"2026-07-07T12:24:52.776Z"}
7/7/2026, 5:54:52 pm | {"api":"/today-cash/:empNo","event":"TODAY_CASH_API_STARTED","empNo":"860","timestamp":"2026-07-07T12:24:52.914Z"}
7/7/2026, 5:54:52 pm | {"api":"/today-cash/:empNo","event":"TODAY_CASH_DB_QUERY_STARTED","empNo":"860","timestamp":"2026-07-07T12:24:52.915Z"}
7/7/2026, 5:54:52 pm | {"api":"/today-cash/:empNo","event":"TODAY_CASH_NOT_FOUND","empNo":"860","timestamp":"2026-07-07T12:24:52.919Z"}
7/7/2026, 5:54:59 pm | {"api":"/save-cash-closing","event":"SAVE_CASH_API_STARTED","empNo":"279","amount":"702037","timestamp":"2026-07-07T12:24:59.661Z"}
7/7/2026, 5:54:59 pm | {"api":"/save-cash-closing","event":"PREVIOUS_DAY_RECORD_FOUND","empNo":"279","oldDate":"2026-07-06T00:00:00.000Z","amount":2811924,"timestamp":"2026-07-07T12:24:59.669Z"}
7/7/2026, 5:54:59 pm | {"api":"/save-cash-closing","event":"PREVIOUS_DAY_MOVED_TO_HISTORY","empNo":"279","timestamp":"2026-07-07T12:24:59.677Z"}
7/7/2026, 5:54:59 pm | {"api":"/save-cash-closing","event":"PREVIOUS_DAY_DELETED","empNo":"279","timestamp":"2026-07-07T12:24:59.686Z"}
7/7/2026, 5:54:59 pm | {"api":"/save-cash-closing","event":"SAVE_CASH_NEW_ENTRY","empNo":"279","amount":"702037","branch":"Vinukonda","timestamp":"2026-07-07T12:24:59.689Z"}
7/7/2026, 5:54:59 pm | {"api":"/save-cash-closing","event":"SAVE_CASH_HISTORY_INSERTED","empNo":"279","actionType":"ADDED","version":1,"timestamp":"2026-07-07T12:24:59.706Z"}
7/7/2026, 5:54:59 pm | {"api":"/save-cash-closing","event":"SAVE_CASH_SUCCESS","type":"INSERT","empNo":"279","amount":"702037","timestamp":"2026-07-07T12:24:59.707Z"}
7/7/2026, 5:55:22 pm | {"api":"/save-cash-closing","event":"SAVE_CASH_API_STARTED","empNo":"860","amount":"508644","timestamp":"2026-07-07T12:25:22.348Z"}
7/7/2026, 5:55:22 pm | {"api":"/save-cash-closing","event":"PREVIOUS_DAY_RECORD_FOUND","empNo":"860","oldDate":"2026-07-06T00:00:00.000Z","amount":1528954,"timestamp":"2026-07-07T12:25:22.355Z"}
7/7/2026, 5:55:22 pm | {"api":"/save-cash-closing","event":"PREVIOUS_DAY_MOVED_TO_HISTORY","empNo":"860","timestamp":"2026-07-07T12:25:22.363Z"}
7/7/2026, 5:55:22 pm | {"api":"/save-cash-closing","event":"PREVIOUS_DAY_DELETED","empNo":"860","timestamp":"2026-07-07T12:25:22.370Z"}
7/7/2026, 5:55:22 pm | {"api":"/save-cash-closing","event":"SAVE_CASH_NEW_ENTRY","empNo":"860","amount":"508644","branch":"Duvvada","timestamp":"2026-07-07T12:25:22.374Z"}
7/7/2026, 5:55:22 pm | {"api":"/save-cash-closing","event":"SAVE_CASH_HISTORY_INSERTED","empNo":"860","actionType":"ADDED","version":1,"timestamp":"2026-07-07T12:25:22.387Z"}
7/7/2026, 5:55:22 pm | {"api":"/save-cash-closing","event":"SAVE_CASH_SUCCESS","type":"INSERT","empNo":"860","amount":"508644","timestamp":"2026-07-07T12:25:22.388Z"}
7/7/2026, 5:55:26 pm | {"api":"/save-cash-closing","event":"SAVE_CASH_API_STARTED","empNo":"860","amount":"508644","timestamp":"2026-07-07T12:25:26.305Z"}
7/7/2026, 5:55:26 pm | {"api":"/save-cash-closing","event":"SAVE_CASH_UPDATE_STARTED","empNo":"860","oldAmount":508644,"newAmount":"508644","currentVersion":1,"nextVersion":2,"timestamp":"2026-07-07T12:25:26.314Z"}
7/7/2026, 5:55:26 pm | {"api":"/save-cash-closing","event":"SAVE_CASH_HISTORY_UPDATED","empNo":"860","version":2,"timestamp":"2026-07-07T12:25:26.329Z"}
7/7/2026, 5:55:26 pm | {"api":"/save-cash-closing","event":"SAVE_CASH_SUCCESS","type":"UPDATE","empNo":"860","amount":"508644","version":2,"timestamp":"2026-07-07T12:25:26.330Z"}
7/7/2026, 5:55:49 pm | {"api":"/login","event":"LOGIN_API_STARTED","mpin":"2025","deviceId":"50bc40e897b06c67","timestamp":"2026-07-07T12:25:49.430Z"}
7/7/2026, 5:55:49 pm | {"event":"LOGIN_REQUEST","mpin":"2025","deviceId":"50bc40e897b06c67","timestamp":"2026-07-07T12:25:49.431Z"}
7/7/2026, 5:55:49 pm | {"api":"/login","event":"LOGIN_DB_QUERY_STARTED","mpin":"2025","timestamp":"2026-07-07T12:25:49.432Z"}
7/7/2026, 5:55:49 pm | {"api":"/login","event":"LOGIN_USER_FOUND","empNo":"640","branch":"Akividu","designation":"Branch Manager","timestamp":"2026-07-07T12:25:49.442Z"}
7/7/2026, 5:55:49 pm | {"api":"/login","event":"LOGIN_DEVICE_CHECK","empNo":"640","savedDevice":"50bc40e897b06c67","currentDevice":"50bc40e897b06c67","timestamp":"2026-07-07T12:25:49.443Z"}
7/7/2026, 5:55:49 pm | {"api":"/login","event":"LOGIN_SUCCESS","empNo":"640","branch":"Akividu","designation":"Branch Manager","loginTime":"2026-07-07T12:25:49.451Z"}
7/7/2026, 5:55:49 pm | {"api":"/employee/:empNo","event":"EMPLOYEE_API_STARTED","empNo":"640","timestamp":"2026-07-07T12:25:49.669Z"}
7/7/2026, 5:55:49 pm | {"api":"/employee/:empNo","event":"EMPLOYEE_DB_QUERY_STARTED","empNo":"640","timestamp":"2026-07-07T12:25:49.670Z"}
7/7/2026, 5:55:49 pm | {"api":"/employee/:empNo","event":"EMPLOYEE_FETCH_SUCCESS","empNo":"640","employeeName":"Ch.Satish Babu","branch":"Akividu","designation":"Branch Manager","timestamp":"2026-07-07T12:25:49.675Z"}
7/7/2026, 5:55:49 pm | {"api":"/last-submission/:empNo","event":"LAST_SUBMISSION_API_STARTED","empNo":"640","timestamp":"2026-07-07T12:25:49.745Z"}
7/7/2026, 5:55:49 pm | {"api":"/last-submission/:empNo","event":"LAST_SUBMISSION_DB_QUERY_STARTED","empNo":"640","timestamp":"2026-07-07T12:25:49.746Z"}
7/7/2026, 5:55:49 pm | {"api":"/last-submission/:empNo","event":"LAST_SUBMISSION_FETCH_SUCCESS","empNo":"640","amount":1250000,"actionAt":"2026-07-06 17:37:16","timestamp":"2026-07-07T12:25:49.752Z"}
7/7/2026, 5:55:49 pm | {"api":"/today-cash/:empNo","event":"TODAY_CASH_API_STARTED","empNo":"640","timestamp":"2026-07-07T12:25:49.958Z"}
7/7/2026, 5:55:49 pm | {"api":"/today-cash/:empNo","event":"TODAY_CASH_DB_QUERY_STARTED","empNo":"640","timestamp":"2026-07-07T12:25:49.960Z"}
7/7/2026, 5:55:49 pm | {"api":"/today-cash/:empNo","event":"TODAY_CASH_NOT_FOUND","empNo":"640","timestamp":"2026-07-07T12:25:49.964Z"}
7/7/2026, 5:55:53 pm | {"api":"/save-cash-closing","event":"SAVE_CASH_API_STARTED","empNo":"41","amount":"285000","timestamp":"2026-07-07T12:25:53.706Z"}
7/7/2026, 5:55:53 pm | {"api":"/save-cash-closing","event":"SAVE_CASH_UPDATE_STARTED","empNo":"41","oldAmount":285000,"newAmount":"285000","currentVersion":1,"nextVersion":2,"timestamp":"2026-07-07T12:25:53.715Z"}
7/7/2026, 5:55:53 pm | {"api":"/save-cash-closing","event":"SAVE_CASH_HISTORY_UPDATED","empNo":"41","version":2,"timestamp":"2026-07-07T12:25:53.732Z"}
7/7/2026, 5:55:53 pm | {"api":"/save-cash-closing","event":"SAVE_CASH_SUCCESS","type":"UPDATE","empNo":"41","amount":"285000","version":2,"timestamp":"2026-07-07T12:25:53.733Z"}
7/7/2026, 5:56:24 pm | {"api":"/login","event":"LOGIN_API_STARTED","mpin":"7019","deviceId":"19f9c9be512579c7","timestamp":"2026-07-07T12:26:24.513Z"}
7/7/2026, 5:56:24 pm | {"event":"LOGIN_REQUEST","mpin":"7019","deviceId":"19f9c9be512579c7","timestamp":"2026-07-07T12:26:24.514Z"}
7/7/2026, 5:56:24 pm | {"api":"/login","event":"LOGIN_DB_QUERY_STARTED","mpin":"7019","timestamp":"2026-07-07T12:26:24.515Z"}
7/7/2026, 5:56:24 pm | {"api":"/login","event":"LOGIN_USER_FOUND","empNo":"823","branch":"Tadepalligudem","designation":"Branch Manager","timestamp":"2026-07-07T12:26:24.529Z"}
7/7/2026, 5:56:24 pm | {"api":"/login","event":"LOGIN_DEVICE_CHECK","empNo":"823","savedDevice":"19f9c9be512579c7","currentDevice":"19f9c9be512579c7","timestamp":"2026-07-07T12:26:24.530Z"}
7/7/2026, 5:56:24 pm | {"api":"/login","event":"LOGIN_SUCCESS","empNo":"823","branch":"Tadepalligudem","designation":"Branch Manager","loginTime":"2026-07-07T12:26:24.538Z"}
7/7/2026, 5:56:24 pm | {"api":"/employee/:empNo","event":"EMPLOYEE_API_STARTED","empNo":"823","timestamp":"2026-07-07T12:26:24.914Z"}
7/7/2026, 5:56:24 pm | {"api":"/employee/:empNo","event":"EMPLOYEE_DB_QUERY_STARTED","empNo":"823","timestamp":"2026-07-07T12:26:24.915Z"}
7/7/2026, 5:56:24 pm | {"api":"/employee/:empNo","event":"EMPLOYEE_FETCH_SUCCESS","empNo":"823","employeeName":"Buravilli Prasad","branch":"Tadepalligudem","designation":"Branch Manager","timestamp":"2026-07-07T12:26:24.919Z"}
7/7/2026, 5:56:25 pm | {"api":"/last-submission/:empNo","event":"LAST_SUBMISSION_API_STARTED","empNo":"823","timestamp":"2026-07-07T12:26:25.017Z"}
7/7/2026, 5:56:25 pm | {"api":"/last-submission/:empNo","event":"LAST_SUBMISSION_DB_QUERY_STARTED","empNo":"823","timestamp":"2026-07-07T12:26:25.018Z"}
7/7/2026, 5:56:25 pm | {"api":"/last-submission/:empNo","event":"LAST_SUBMISSION_FETCH_SUCCESS","empNo":"823","amount":1311000,"actionAt":"2026-07-04 17:50:51","timestamp":"2026-07-07T12:26:25.022Z"}
7/7/2026, 5:56:25 pm | {"api":"/today-cash/:empNo","event":"TODAY_CASH_API_STARTED","empNo":"823","timestamp":"2026-07-07T12:26:25.198Z"}
7/7/2026, 5:56:25 pm | {"api":"/today-cash/:empNo","event":"TODAY_CASH_DB_QUERY_STARTED","empNo":"823","timestamp":"2026-07-07T12:26:25.199Z"}
7/7/2026, 5:56:25 pm | {"api":"/today-cash/:empNo","event":"TODAY_CASH_NOT_FOUND","empNo":"823","timestamp":"2026-07-07T12:26:25.203Z"}
7/7/2026, 5:56:34 pm | {"api":"/save-cash-closing","event":"SAVE_CASH_API_STARTED","empNo":"823","amount":"1769000","timestamp":"2026-07-07T12:26:34.943Z"}
7/7/2026, 5:56:34 pm | {"api":"/save-cash-closing","event":"PREVIOUS_DAY_RECORD_FOUND","empNo":"823","oldDate":"2026-07-04T00:00:00.000Z","amount":1311000,"timestamp":"2026-07-07T12:26:34.950Z"}
7/7/2026, 5:56:34 pm | {"api":"/save-cash-closing","event":"PREVIOUS_DAY_MOVED_TO_HISTORY","empNo":"823","timestamp":"2026-07-07T12:26:34.958Z"}
7/7/2026, 5:56:34 pm | {"api":"/save-cash-closing","event":"PREVIOUS_DAY_DELETED","empNo":"823","timestamp":"2026-07-07T12:26:34.965Z"}
7/7/2026, 5:56:34 pm | {"api":"/save-cash-closing","event":"SAVE_CASH_NEW_ENTRY","empNo":"823","amount":"1769000","branch":"Tadepalligudem","timestamp":"2026-07-07T12:26:34.969Z"}
7/7/2026, 5:56:34 pm | {"api":"/save-cash-closing","event":"SAVE_CASH_HISTORY_INSERTED","empNo":"823","actionType":"ADDED","version":1,"timestamp":"2026-07-07T12:26:34.985Z"}
7/7/2026, 5:56:34 pm | {"api":"/save-cash-closing","event":"SAVE_CASH_SUCCESS","type":"INSERT","empNo":"823","amount":"1769000","timestamp":"2026-07-07T12:26:34.986Z"}
7/7/2026, 5:56:44 pm | {"api":"/save-cash-closing","event":"SAVE_CASH_API_STARTED","empNo":"640","amount":"1463000","timestamp":"2026-07-07T12:26:44.167Z"}
7/7/2026, 5:56:44 pm | {"api":"/save-cash-closing","event":"PREVIOUS_DAY_RECORD_FOUND","empNo":"640","oldDate":"2026-07-06T00:00:00.000Z","amount":1250000,"timestamp":"2026-07-07T12:26:44.175Z"}
7/7/2026, 5:56:44 pm | {"api":"/save-cash-closing","event":"PREVIOUS_DAY_MOVED_TO_HISTORY","empNo":"640","timestamp":"2026-07-07T12:26:44.182Z"}
7/7/2026, 5:56:44 pm | {"api":"/save-cash-closing","event":"PREVIOUS_DAY_DELETED","empNo":"640","timestamp":"2026-07-07T12:26:44.190Z"}
7/7/2026, 5:56:44 pm | {"api":"/save-cash-closing","event":"SAVE_CASH_NEW_ENTRY","empNo":"640","amount":"1463000","branch":"Akividu","timestamp":"2026-07-07T12:26:44.193Z"}
7/7/2026, 5:56:44 pm | {"api":"/save-cash-closing","event":"SAVE_CASH_HISTORY_INSERTED","empNo":"640","actionType":"ADDED","version":1,"timestamp":"2026-07-07T12:26:44.220Z"}
7/7/2026, 5:56:44 pm | {"api":"/save-cash-closing","event":"SAVE_CASH_SUCCESS","type":"INSERT","empNo":"640","amount":"1463000","timestamp":"2026-07-07T12:26:44.221Z"}
7/7/2026, 5:56:53 pm | {"api":"/api/cash-closing-dashboard","event":"CASH_CLOSING_DASHBOARD_API_STARTED","filters":{"cluster":"","branch":"","fromDate":"","toDate":"","status":""},"timestamp":"2026-07-07T12:26:53.659Z"}
7/7/2026, 5:56:53 pm | {"api":"/api/cash-closing-dashboard","event":"CASH_CLOSING_DASHBOARD_DB_CONNECTED","timestamp":"2026-07-07T12:26:53.660Z"}
7/7/2026, 5:56:53 pm | {"api":"/api/cash-closing-dashboard","event":"CASH_CLOSING_DASHBOARD_QUERY_STARTED","filters":{"cluster":"","branch":"","fromDate":"","toDate":"","status":""},"timestamp":"2026-07-07T12:26:53.661Z"}
7/7/2026, 5:56:53 pm | {"api":"/api/cash-closing-dashboard","event":"CASH_CLOSING_DASHBOARD_DATA_FETCHED","totalRecords":56,"timestamp":"2026-07-07T12:26:53.668Z"}
7/7/2026, 5:56:53 pm | {"api":"/api/cash-closing-dashboard","event":"CASH_CLOSING_CLUSTER_FETCHED","totalClusters":4,"timestamp":"2026-07-07T12:26:53.672Z"}
7/7/2026, 5:56:53 pm | {"api":"/api/cash-closing-dashboard","event":"CASH_CLOSING_BRANCH_FETCHED","totalBranches":56,"timestamp":"2026-07-07T12:26:53.676Z"}
7/7/2026, 5:56:53 pm | {"api":"/api/cash-closing-dashboard","event":"CASH_CLOSING_DASHBOARD_SUCCESS","totalRecords":56,"filters":{"cluster":"","branch":"","fromDate":"","toDate":"","status":""},"timestamp":"2026-07-07T12:26:53.677Z"}
7/7/2026, 5:56:53 pm | {"api":"/api/cash-closing-dashboard","event":"CASH_CLOSING_DASHBOARD_API_STARTED","filters":{"cluster":"","branch":"","fromDate":"","toDate":"","status":""},"timestamp":"2026-07-07T12:26:53.736Z"}
7/7/2026, 5:56:53 pm | {"api":"/api/cash-closing-dashboard","event":"CASH_CLOSING_DASHBOARD_DB_CONNECTED","timestamp":"2026-07-07T12:26:53.737Z"}
7/7/2026, 5:56:53 pm | {"api":"/api/cash-closing-dashboard","event":"CASH_CLOSING_DASHBOARD_QUERY_STARTED","filters":{"cluster":"","branch":"","fromDate":"","toDate":"","status":""},"timestamp":"2026-07-07T12:26:53.738Z"}
7/7/2026, 5:56:53 pm | {"api":"/api/cash-closing-dashboard","event":"CASH_CLOSING_DASHBOARD_DATA_FETCHED","totalRecords":56,"timestamp":"2026-07-07T12:26:53.743Z"}
7/7/2026, 5:56:53 pm | {"api":"/api/cash-closing-dashboard","event":"CASH_CLOSING_CLUSTER_FETCHED","totalClusters":4,"timestamp":"2026-07-07T12:26:53.746Z"}
7/7/2026, 5:56:53 pm | {"api":"/api/cash-closing-dashboard","event":"CASH_CLOSING_BRANCH_FETCHED","totalBranches":56,"timestamp":"2026-07-07T12:26:53.750Z"}
7/7/2026, 5:56:53 pm | {"api":"/api/cash-closing-dashboard","event":"CASH_CLOSING_DASHBOARD_SUCCESS","totalRecords":56,"filters":{"cluster":"","branch":"","fromDate":"","toDate":"","status":""},"timestamp":"2026-07-07T12:26:53.751Z"}
7/7/2026, 5:56:53 pm | {"api":"/api/cash-closing-dashboard","event":"CASH_CLOSING_DASHBOARD_API_STARTED","filters":{"cluster":"","branch":"","fromDate":"","toDate":"","status":""},"timestamp":"2026-07-07T12:26:53.863Z"}
7/7/2026, 5:56:53 pm | {"api":"/api/cash-closing-dashboard","event":"CASH_CLOSING_DASHBOARD_DB_CONNECTED","timestamp":"2026-07-07T12:26:53.864Z"}
7/7/2026, 5:56:53 pm | {"api":"/api/cash-closing-dashboard","event":"CASH_CLOSING_DASHBOARD_QUERY_STARTED","filters":{"cluster":"","branch":"","fromDate":"","toDate":"","status":""},"timestamp":"2026-07-07T12:26:53.864Z"}
7/7/2026, 5:56:53 pm | {"api":"/api/cash-closing-dashboard","event":"CASH_CLOSING_DASHBOARD_DATA_FETCHED","totalRecords":56,"timestamp":"2026-07-07T12:26:53.871Z"}
7/7/2026, 5:56:53 pm | {"api":"/api/cash-closing-dashboard","event":"CASH_CLOSING_CLUSTER_FETCHED","totalClusters":4,"timestamp":"2026-07-07T12:26:53.876Z"}
7/7/2026, 5:56:53 pm | {"api":"/api/cash-closing-dashboard","event":"CASH_CLOSING_BRANCH_FETCHED","totalBranches":56,"timestamp":"2026-07-07T12:26:53.880Z"}
7/7/2026, 5:56:53 pm | {"api":"/api/cash-closing-dashboard","event":"CASH_CLOSING_DASHBOARD_SUCCESS","totalRecords":56,"filters":{"cluster":"","branch":"","fromDate":"","toDate":"","status":""},"timestamp":"2026-07-07T12:26:53.881Z"}
7/7/2026, 5:56:53 pm | {"api":"/api/cash-closing-dashboard","event":"CASH_CLOSING_DASHBOARD_API_STARTED","filters":{"cluster":"","branch":"","fromDate":"","toDate":"","status":""},"timestamp":"2026-07-07T12:26:53.997Z"}
7/7/2026, 5:56:53 pm | {"api":"/api/cash-closing-dashboard","event":"CASH_CLOSING_DASHBOARD_DB_CONNECTED","timestamp":"2026-07-07T12:26:53.998Z"}
7/7/2026, 5:56:53 pm | {"api":"/api/cash-closing-dashboard","event":"CASH_CLOSING_DASHBOARD_QUERY_STARTED","filters":{"cluster":"","branch":"","fromDate":"","toDate":"","status":""},"timestamp":"2026-07-07T12:26:53.999Z"}
7/7/2026, 5:56:54 pm | {"api":"/api/cash-closing-dashboard","event":"CASH_CLOSING_DASHBOARD_DATA_FETCHED","totalRecords":56,"timestamp":"2026-07-07T12:26:54.004Z"}
7/7/2026, 5:56:54 pm | {"api":"/api/cash-closing-dashboard","event":"CASH_CLOSING_CLUSTER_FETCHED","totalClusters":4,"timestamp":"2026-07-07T12:26:54.007Z"}
7/7/2026, 5:56:54 pm | {"api":"/api/cash-closing-dashboard","event":"CASH_CLOSING_BRANCH_FETCHED","totalBranches":56,"timestamp":"2026-07-07T12:26:54.010Z"}
7/7/2026, 5:56:54 pm | {"api":"/api/cash-closing-dashboard","event":"CASH_CLOSING_DASHBOARD_SUCCESS","totalRecords":56,"filters":{"cluster":"","branch":"","fromDate":"","toDate":"","status":""},"timestamp":"2026-07-07T12:26:54.011Z"}
7/7/2026, 5:56:54 pm | {"api":"/api/cash-closing-dashboard","event":"CASH_CLOSING_DASHBOARD_API_STARTED","filters":{"cluster":"","branch":"","fromDate":"","toDate":"","status":""},"timestamp":"2026-07-07T12:26:54.244Z"}
7/7/2026, 5:56:54 pm | {"api":"/api/cash-closing-dashboard","event":"CASH_CLOSING_DASHBOARD_DB_CONNECTED","timestamp":"2026-07-07T12:26:54.245Z"}
7/7/2026, 5:56:54 pm | {"api":"/api/cash-closing-dashboard","event":"CASH_CLOSING_DASHBOARD_QUERY_STARTED","filters":{"cluster":"","branch":"","fromDate":"","toDate":"","status":""},"timestamp":"2026-07-07T12:26:54.246Z"}
7/7/2026, 5:56:54 pm | {"api":"/api/cash-closing-dashboard","event":"CASH_CLOSING_DASHBOARD_DATA_FETCHED","totalRecords":56,"timestamp":"2026-07-07T12:26:54.253Z"}
7/7/2026, 5:56:54 pm | {"api":"/api/cash-closing-dashboard","event":"CASH_CLOSING_CLUSTER_FETCHED","totalClusters":4,"timestamp":"2026-07-07T12:26:54.256Z"}
7/7/2026, 5:56:54 pm | {"api":"/api/cash-closing-dashboard","event":"CASH_CLOSING_BRANCH_FETCHED","totalBranches":56,"timestamp":"2026-07-07T12:26:54.260Z"}
7/7/2026, 5:56:54 pm | {"api":"/api/cash-closing-dashboard","event":"CASH_CLOSING_DASHBOARD_SUCCESS","totalRecords":56,"filters":{"cluster":"","branch":"","fromDate":"","toDate":"","status":""},"timestamp":"2026-07-07T12:26:54.261Z"}
7/7/2026, 5:56:54 pm | {"api":"/api/cash-closing-dashboard","event":"CASH_CLOSING_DASHBOARD_API_STARTED","filters":{"cluster":"","branch":"","fromDate":"","toDate":"","status":""},"timestamp":"2026-07-07T12:26:54.436Z"}
7/7/2026, 5:56:54 pm | {"api":"/api/cash-closing-dashboard","event":"CASH_CLOSING_DASHBOARD_DB_CONNECTED","timestamp":"2026-07-07T12:26:54.437Z"}
7/7/2026, 5:56:54 pm | {"api":"/api/cash-closing-dashboard","event":"CASH_CLOSING_DASHBOARD_QUERY_STARTED","filters":{"cluster":"","branch":"","fromDate":"","toDate":"","status":""},"timestamp":"2026-07-07T12:26:54.438Z"}
7/7/2026, 5:56:54 pm | {"api":"/api/cash-closing-dashboard","event":"CASH_CLOSING_DASHBOARD_DATA_FETCHED","totalRecords":56,"timestamp":"2026-07-07T12:26:54.445Z"}
7/7/2026, 5:56:54 pm | {"api":"/api/cash-closing-dashboard","event":"CASH_CLOSING_CLUSTER_FETCHED","totalClusters":4,"timestamp":"2026-07-07T12:26:54.448Z"}
7/7/2026, 5:56:54 pm | {"api":"/api/cash-closing-dashboard","event":"CASH_CLOSING_BRANCH_FETCHED","totalBranches":56,"timestamp":"2026-07-07T12:26:54.452Z"}
7/7/2026, 5:56:54 pm | {"api":"/api/cash-closing-dashboard","event":"CASH_CLOSING_DASHBOARD_SUCCESS","totalRecords":56,"filters":{"cluster":"","branch":"","fromDate":"","toDate":"","status":""},"timestamp":"2026-07-07T12:26:54.453Z"}
7/7/2026, 5:56:54 pm | {"api":"/api/cash-closing-dashboard","event":"CASH_CLOSING_DASHBOARD_API_STARTED","filters":{"cluster":"","branch":"","fromDate":"","toDate":"","status":""},"timestamp":"2026-07-07T12:26:54.581Z"}
7/7/2026, 5:56:54 pm | {"api":"/api/cash-closing-dashboard","event":"CASH_CLOSING_DASHBOARD_DB_CONNECTED","timestamp":"2026-07-07T12:26:54.582Z"}
7/7/2026, 5:56:54 pm | {"api":"/api/cash-closing-dashboard","event":"CASH_CLOSING_DASHBOARD_QUERY_STARTED","filters":{"cluster":"","branch":"","fromDate":"","toDate":"","status":""},"timestamp":"2026-07-07T12:26:54.582Z"}
7/7/2026, 5:56:54 pm | {"api":"/api/cash-closing-dashboard","event":"CASH_CLOSING_DASHBOARD_DATA_FETCHED","totalRecords":56,"timestamp":"2026-07-07T12:26:54.590Z"}
7/7/2026, 5:56:54 pm | {"api":"/api/cash-closing-dashboard","event":"CASH_CLOSING_CLUSTER_FETCHED","totalClusters":4,"timestamp":"2026-07-07T12:26:54.593Z"}
7/7/2026, 5:56:54 pm | {"api":"/api/cash-closing-dashboard","event":"CASH_CLOSING_BRANCH_FETCHED","totalBranches":56,"timestamp":"2026-07-07T12:26:54.598Z"}
7/7/2026, 5:56:54 pm | {"api":"/api/cash-closing-dashboard","event":"CASH_CLOSING_DASHBOARD_SUCCESS","totalRecords":56,"filters":{"cluster":"","branch":"","fromDate":"","toDate":"","status":""},"timestamp":"2026-07-07T12:26:54.598Z"}
7/7/2026, 5:56:54 pm | {"api":"/api/cash-closing-dashboard","event":"CASH_CLOSING_DASHBOARD_API_STARTED","filters":{"cluster":"","branch":"","fromDate":"","toDate":"","status":""},"timestamp":"2026-07-07T12:26:54.732Z"}
7/7/2026, 5:56:54 pm | {"api":"/api/cash-closing-dashboard","event":"CASH_CLOSING_DASHBOARD_DB_CONNECTED","timestamp":"2026-07-07T12:26:54.733Z"}
7/7/2026, 5:56:54 pm | {"api":"/api/cash-closing-dashboard","event":"CASH_CLOSING_DASHBOARD_QUERY_STARTED","filters":{"cluster":"","branch":"","fromDate":"","toDate":"","status":""},"timestamp":"2026-07-07T12:26:54.733Z"}
7/7/2026, 5:56:54 pm | {"api":"/api/cash-closing-dashboard","event":"CASH_CLOSING_DASHBOARD_DATA_FETCHED","totalRecords":56,"timestamp":"2026-07-07T12:26:54.740Z"}
7/7/2026, 5:56:54 pm | {"api":"/api/cash-closing-dashboard","event":"CASH_CLOSING_CLUSTER_FETCHED","totalClusters":4,"timestamp":"2026-07-07T12:26:54.744Z"}
7/7/2026, 5:56:54 pm | {"api":"/api/cash-closing-dashboard","event":"CASH_CLOSING_BRANCH_FETCHED","totalBranches":56,"timestamp":"2026-07-07T12:26:54.747Z"}
7/7/2026, 5:56:54 pm | {"api":"/api/cash-closing-dashboard","event":"CASH_CLOSING_DASHBOARD_SUCCESS","totalRecords":56,"filters":{"cluster":"","branch":"","fromDate":"","toDate":"","status":""},"timestamp":"2026-07-07T12:26:54.748Z"}
7/7/2026, 5:56:54 pm | {"api":"/api/cash-closing-dashboard","event":"CASH_CLOSING_DASHBOARD_API_STARTED","filters":{"cluster":"","branch":"","fromDate":"","toDate":"","status":""},"timestamp":"2026-07-07T12:26:54.868Z"}
7/7/2026, 5:56:54 pm | {"api":"/api/cash-closing-dashboard","event":"CASH_CLOSING_DASHBOARD_DB_CONNECTED","timestamp":"2026-07-07T12:26:54.870Z"}
7/7/2026, 5:56:54 pm | {"api":"/api/cash-closing-dashboard","event":"CASH_CLOSING_DASHBOARD_QUERY_STARTED","filters":{"cluster":"","branch":"","fromDate":"","toDate":"","status":""},"timestamp":"2026-07-07T12:26:54.870Z"}
7/7/2026, 5:56:54 pm | {"api":"/api/cash-closing-dashboard","event":"CASH_CLOSING_DASHBOARD_DATA_FETCHED","totalRecords":56,"timestamp":"2026-07-07T12:26:54.878Z"}
7/7/2026, 5:56:54 pm | {"api":"/api/cash-closing-dashboard","event":"CASH_CLOSING_CLUSTER_FETCHED","totalClusters":4,"timestamp":"2026-07-07T12:26:54.881Z"}
7/7/2026, 5:56:54 pm | {"api":"/api/cash-closing-dashboard","event":"CASH_CLOSING_BRANCH_FETCHED","totalBranches":56,"timestamp":"2026-07-07T12:26:54.884Z"}
7/7/2026, 5:56:54 pm | {"api":"/api/cash-closing-dashboard","event":"CASH_CLOSING_DASHBOARD_SUCCESS","totalRecords":56,"filters":{"cluster":"","branch":"","fromDate":"","toDate":"","status":""},"timestamp":"2026-07-07T12:26:54.885Z"}
7/7/2026, 5:56:55 pm | {"api":"/api/cash-closing-dashboard","event":"CASH_CLOSING_DASHBOARD_API_STARTED","filters":{"cluster":"","branch":"","fromDate":"","toDate":"","status":""},"timestamp":"2026-07-07T12:26:55.004Z"}
7/7/2026, 5:56:55 pm | {"api":"/api/cash-closing-dashboard","event":"CASH_CLOSING_DASHBOARD_DB_CONNECTED","timestamp":"2026-07-07T12:26:55.005Z"}
7/7/2026, 5:56:55 pm | {"api":"/api/cash-closing-dashboard","event":"CASH_CLOSING_DASHBOARD_QUERY_STARTED","filters":{"cluster":"","branch":"","fromDate":"","toDate":"","status":""},"timestamp":"2026-07-07T12:26:55.006Z"}
7/7/2026, 5:56:55 pm | {"api":"/api/cash-closing-dashboard","event":"CASH_CLOSING_DASHBOARD_DATA_FETCHED","totalRecords":56,"timestamp":"2026-07-07T12:26:55.013Z"}
7/7/2026, 5:56:55 pm | {"api":"/api/cash-closing-dashboard","event":"CASH_CLOSING_CLUSTER_FETCHED","totalClusters":4,"timestamp":"2026-07-07T12:26:55.016Z"}
7/7/2026, 5:56:55 pm | {"api":"/api/cash-closing-dashboard","event":"CASH_CLOSING_BRANCH_FETCHED","totalBranches":56,"timestamp":"2026-07-07T12:26:55.020Z"}
7/7/2026, 5:56:55 pm | {"api":"/api/cash-closing-dashboard","event":"CASH_CLOSING_DASHBOARD_SUCCESS","totalRecords":56,"filters":{"cluster":"","branch":"","fromDate":"","toDate":"","status":""},"timestamp":"2026-07-07T12:26:55.020Z"}
7/7/2026, 5:56:55 pm | {"api":"/api/cash-closing-dashboard","event":"CASH_CLOSING_DASHBOARD_API_STARTED","filters":{"cluster":"","branch":"","fromDate":"","toDate":"","status":""},"timestamp":"2026-07-07T12:26:55.139Z"}
7/7/2026, 5:56:55 pm | {"api":"/api/cash-closing-dashboard","event":"CASH_CLOSING_DASHBOARD_DB_CONNECTED","timestamp":"2026-07-07T12:26:55.141Z"}
7/7/2026, 5:56:55 pm | {"api":"/api/cash-closing-dashboard","event":"CASH_CLOSING_DASHBOARD_QUERY_STARTED","filters":{"cluster":"","branch":"","fromDate":"","toDate":"","status":""},"timestamp":"2026-07-07T12:26:55.141Z"}
7/7/2026, 5:56:55 pm | {"api":"/api/cash-closing-dashboard","event":"CASH_CLOSING_DASHBOARD_DATA_FETCHED","totalRecords":56,"timestamp":"2026-07-07T12:26:55.148Z"}
7/7/2026, 5:56:55 pm | {"api":"/api/cash-closing-dashboard","event":"CASH_CLOSING_CLUSTER_FETCHED","totalClusters":4,"timestamp":"2026-07-07T12:26:55.152Z"}
7/7/2026, 5:56:55 pm | {"api":"/api/cash-closing-dashboard","event":"CASH_CLOSING_BRANCH_FETCHED","totalBranches":56,"timestamp":"2026-07-07T12:26:55.156Z"}
7/7/2026, 5:56:55 pm | {"api":"/api/cash-closing-dashboard","event":"CASH_CLOSING_DASHBOARD_SUCCESS","totalRecords":56,"filters":{"cluster":"","branch":"","fromDate":"","toDate":"","status":""},"timestamp":"2026-07-07T12:26:55.156Z"}
7/7/2026, 5:56:59 pm | {"api":"/api/cash-closing-dashboard","event":"CASH_CLOSING_DASHBOARD_API_STARTED","filters":{"cluster":"","branch":"","fromDate":"","toDate":"","status":""},"timestamp":"2026-07-07T12:26:59.667Z"}
7/7/2026, 5:56:59 pm | {"api":"/api/cash-closing-dashboard","event":"CASH_CLOSING_DASHBOARD_DB_CONNECTED","timestamp":"2026-07-07T12:26:59.668Z"}
7/7/2026, 5:56:59 pm | {"api":"/api/cash-closing-dashboard","event":"CASH_CLOSING_DASHBOARD_QUERY_STARTED","filters":{"cluster":"","branch":"","fromDate":"","toDate":"","status":""},"timestamp":"2026-07-07T12:26:59.669Z"}
7/7/2026, 5:56:59 pm | {"api":"/api/cash-closing-dashboard","event":"CASH_CLOSING_DASHBOARD_DATA_FETCHED","totalRecords":56,"timestamp":"2026-07-07T12:26:59.674Z"}
7/7/2026, 5:56:59 pm | {"api":"/api/cash-closing-dashboard","event":"CASH_CLOSING_CLUSTER_FETCHED","totalClusters":4,"timestamp":"2026-07-07T12:26:59.677Z"}
7/7/2026, 5:56:59 pm | {"api":"/api/cash-closing-dashboard","event":"CASH_CLOSING_BRANCH_FETCHED","totalBranches":56,"timestamp":"2026-07-07T12:26:59.681Z"}
7/7/2026, 5:56:59 pm | {"api":"/api/cash-closing-dashboard","event":"CASH_CLOSING_DASHBOARD_SUCCESS","totalRecords":56,"filters":{"cluster":"","branch":"","fromDate":"","toDate":"","status":""},"timestamp":"2026-07-07T12:26:59.682Z"}
7/7/2026, 5:56:59 pm | {"api":"/api/cash-closing-dashboard","event":"CASH_CLOSING_DASHBOARD_API_STARTED","filters":{"cluster":"","branch":"","fromDate":"","toDate":"","status":""},"timestamp":"2026-07-07T12:26:59.934Z"}
7/7/2026, 5:56:59 pm | {"api":"/api/cash-closing-dashboard","event":"CASH_CLOSING_DASHBOARD_DB_CONNECTED","timestamp":"2026-07-07T12:26:59.935Z"}
7/7/2026, 5:56:59 pm | {"api":"/api/cash-closing-dashboard","event":"CASH_CLOSING_DASHBOARD_QUERY_STARTED","filters":{"cluster":"","branch":"","fromDate":"","toDate":"","status":""},"timestamp":"2026-07-07T12:26:59.936Z"}
7/7/2026, 5:56:59 pm | {"api":"/api/cash-closing-dashboard","event":"CASH_CLOSING_DASHBOARD_DATA_FETCHED","totalRecords":56,"timestamp":"2026-07-07T12:26:59.942Z"}
7/7/2026, 5:56:59 pm | {"api":"/api/cash-closing-dashboard","event":"CASH_CLOSING_CLUSTER_FETCHED","totalClusters":4,"timestamp":"2026-07-07T12:26:59.946Z"}
7/7/2026, 5:56:59 pm | {"api":"/api/cash-closing-dashboard","event":"CASH_CLOSING_BRANCH_FETCHED","totalBranches":56,"timestamp":"2026-07-07T12:26:59.950Z"}
7/7/2026, 5:56:59 pm | {"api":"/api/cash-closing-dashboard","event":"CASH_CLOSING_DASHBOARD_SUCCESS","totalRecords":56,"filters":{"cluster":"","branch":"","fromDate":"","toDate":"","status":""},"timestamp":"2026-07-07T12:26:59.950Z"}
7/7/2026, 5:57:00 pm | {"api":"/api/cash-closing-dashboard","event":"CASH_CLOSING_DASHBOARD_API_STARTED","filters":{"cluster":"","branch":"","fromDate":"","toDate":"","status":""},"timestamp":"2026-07-07T12:27:00.094Z"}
7/7/2026, 5:57:00 pm | {"api":"/api/cash-closing-dashboard","event":"CASH_CLOSING_DASHBOARD_DB_CONNECTED","timestamp":"2026-07-07T12:27:00.095Z"}
7/7/2026, 5:57:00 pm | {"api":"/api/cash-closing-dashboard","event":"CASH_CLOSING_DASHBOARD_QUERY_STARTED","filters":{"cluster":"","branch":"","fromDate":"","toDate":"","status":""},"timestamp":"2026-07-07T12:27:00.096Z"}
7/7/2026, 5:57:00 pm | {"api":"/api/cash-closing-dashboard","event":"CASH_CLOSING_DASHBOARD_DATA_FETCHED","totalRecords":56,"timestamp":"2026-07-07T12:27:00.102Z"}
7/7/2026, 5:57:00 pm | {"api":"/api/cash-closing-dashboard","event":"CASH_CLOSING_CLUSTER_FETCHED","totalClusters":4,"timestamp":"2026-07-07T12:27:00.105Z"}
7/7/2026, 5:57:00 pm | {"api":"/api/cash-closing-dashboard","event":"CASH_CLOSING_BRANCH_FETCHED","totalBranches":56,"timestamp":"2026-07-07T12:27:00.108Z"}
7/7/2026, 5:57:00 pm | {"api":"/api/cash-closing-dashboard","event":"CASH_CLOSING_DASHBOARD_SUCCESS","totalRecords":56,"filters":{"cluster":"","branch":"","fromDate":"","toDate":"","status":""},"timestamp":"2026-07-07T12:27:00.109Z"}
7/7/2026, 5:57:12 pm | {"api":"/api/cash-closing-dashboard","event":"CASH_CLOSING_DASHBOARD_API_STARTED","filters":{"cluster":"","branch":"","fromDate":"","toDate":"","status":""},"timestamp":"2026-07-07T12:27:12.844Z"}
7/7/2026, 5:57:12 pm | {"api":"/api/cash-closing-dashboard","event":"CASH_CLOSING_DASHBOARD_DB_CONNECTED","timestamp":"2026-07-07T12:27:12.846Z"}
7/7/2026, 5:57:12 pm | {"api":"/api/cash-closing-dashboard","event":"CASH_CLOSING_DASHBOARD_QUERY_STARTED","filters":{"cluster":"","branch":"","fromDate":"","toDate":"","status":""},"timestamp":"2026-07-07T12:27:12.846Z"}
7/7/2026, 5:57:12 pm | {"api":"/api/cash-closing-dashboard","event":"CASH_CLOSING_DASHBOARD_DATA_FETCHED","totalRecords":56,"timestamp":"2026-07-07T12:27:12.854Z"}
7/7/2026, 5:57:12 pm | {"api":"/api/cash-closing-dashboard","event":"CASH_CLOSING_CLUSTER_FETCHED","totalClusters":4,"timestamp":"2026-07-07T12:27:12.858Z"}
7/7/2026, 5:57:12 pm | {"api":"/api/cash-closing-dashboard","event":"CASH_CLOSING_BRANCH_FETCHED","totalBranches":56,"timestamp":"2026-07-07T12:27:12.862Z"}
7/7/2026, 5:57:12 pm | {"api":"/api/cash-closing-dashboard","event":"CASH_CLOSING_DASHBOARD_SUCCESS","totalRecords":56,"filters":{"cluster":"","branch":"","fromDate":"","toDate":"","status":""},"timestamp":"2026-07-07T12:27:12.862Z"}
7/7/2026, 5:57:12 pm | {"api":"/api/cash-closing-dashboard","event":"CASH_CLOSING_DASHBOARD_API_STARTED","filters":{"cluster":"","branch":"","fromDate":"","toDate":"","status":""},"timestamp":"2026-07-07T12:27:12.930Z"}
7/7/2026, 5:57:12 pm | {"api":"/api/cash-closing-dashboard","event":"CASH_CLOSING_DASHBOARD_DB_CONNECTED","timestamp":"2026-07-07T12:27:12.932Z"}
7/7/2026, 5:57:12 pm | {"api":"/api/cash-closing-dashboard","event":"CASH_CLOSING_DASHBOARD_QUERY_STARTED","filters":{"cluster":"","branch":"","fromDate":"","toDate":"","status":""},"timestamp":"2026-07-07T12:27:12.932Z"}
7/7/2026, 5:57:12 pm | {"api":"/api/cash-closing-dashboard","event":"CASH_CLOSING_DASHBOARD_DATA_FETCHED","totalRecords":56,"timestamp":"2026-07-07T12:27:12.942Z"}
7/7/2026, 5:57:12 pm | {"api":"/api/cash-closing-dashboard","event":"CASH_CLOSING_CLUSTER_FETCHED","totalClusters":4,"timestamp":"2026-07-07T12:27:12.946Z"}
7/7/2026, 5:57:12 pm | {"api":"/api/cash-closing-dashboard","event":"CASH_CLOSING_BRANCH_FETCHED","totalBranches":56,"timestamp":"2026-07-07T12:27:12.950Z"}
7/7/2026, 5:57:12 pm | {"api":"/api/cash-closing-dashboard","event":"CASH_CLOSING_DASHBOARD_SUCCESS","totalRecords":56,"filters":{"cluster":"","branch":"","fromDate":"","toDate":"","status":""},"timestamp":"2026-07-07T12:27:12.951Z"}
7/7/2026, 5:57:13 pm | {"api":"/api/cash-closing-dashboard","event":"CASH_CLOSING_DASHBOARD_API_STARTED","filters":{"cluster":"","branch":"","fromDate":"","toDate":"","status":""},"timestamp":"2026-07-07T12:27:13.067Z"}
7/7/2026, 5:57:13 pm | {"api":"/api/cash-closing-dashboard","event":"CASH_CLOSING_DASHBOARD_DB_CONNECTED","timestamp":"2026-07-07T12:27:13.068Z"}
7/7/2026, 5:57:13 pm | {"api":"/api/cash-closing-dashboard","event":"CASH_CLOSING_DASHBOARD_QUERY_STARTED","filters":{"cluster":"","branch":"","fromDate":"","toDate":"","status":""},"timestamp":"2026-07-07T12:27:13.069Z"}
7/7/2026, 5:57:13 pm | {"api":"/api/cash-closing-dashboard","event":"CASH_CLOSING_DASHBOARD_DATA_FETCHED","totalRecords":56,"timestamp":"2026-07-07T12:27:13.077Z"}
7/7/2026, 5:57:13 pm | {"api":"/api/cash-closing-dashboard","event":"CASH_CLOSING_CLUSTER_FETCHED","totalClusters":4,"timestamp":"2026-07-07T12:27:13.080Z"}
7/7/2026, 5:57:13 pm | {"api":"/api/cash-closing-dashboard","event":"CASH_CLOSING_BRANCH_FETCHED","totalBranches":56,"timestamp":"2026-07-07T12:27:13.083Z"}
7/7/2026, 5:57:13 pm | {"api":"/api/cash-closing-dashboard","event":"CASH_CLOSING_DASHBOARD_SUCCESS","totalRecords":56,"filters":{"cluster":"","branch":"","fromDate":"","toDate":"","status":""},"timestamp":"2026-07-07T12:27:13.084Z"}
7/7/2026, 5:57:13 pm | {"api":"/api/cash-closing-dashboard","event":"CASH_CLOSING_DASHBOARD_API_STARTED","filters":{"cluster":"","branch":"","fromDate":"","toDate":"","status":""},"timestamp":"2026-07-07T12:27:13.211Z"}
7/7/2026, 5:57:13 pm | {"api":"/api/cash-closing-dashboard","event":"CASH_CLOSING_DASHBOARD_DB_CONNECTED","timestamp":"2026-07-07T12:27:13.213Z"}
7/7/2026, 5:57:13 pm | {"api":"/api/cash-closing-dashboard","event":"CASH_CLOSING_DASHBOARD_QUERY_STARTED","filters":{"cluster":"","branch":"","fromDate":"","toDate":"","status":""},"timestamp":"2026-07-07T12:27:13.214Z"}
7/7/2026, 5:57:13 pm | {"api":"/api/cash-closing-dashboard","event":"CASH_CLOSING_DASHBOARD_DATA_FETCHED","totalRecords":56,"timestamp":"2026-07-07T12:27:13.221Z"}
7/7/2026, 5:57:13 pm | {"api":"/api/cash-closing-dashboard","event":"CASH_CLOSING_CLUSTER_FETCHED","totalClusters":4,"timestamp":"2026-07-07T12:27:13.224Z"}
7/7/2026, 5:57:13 pm | {"api":"/api/cash-closing-dashboard","event":"CASH_CLOSING_BRANCH_FETCHED","totalBranches":56,"timestamp":"2026-07-07T12:27:13.227Z"}
7/7/2026, 5:57:13 pm | {"api":"/api/cash-closing-dashboard","event":"CASH_CLOSING_DASHBOARD_SUCCESS","totalRecords":56,"filters":{"cluster":"","branch":"","fromDate":"","toDate":"","status":""},"timestamp":"2026-07-07T12:27:13.228Z"}
7/7/2026, 5:57:13 pm | {"api":"/api/cash-closing-dashboard","event":"CASH_CLOSING_DASHBOARD_API_STARTED","filters":{"cluster":"","branch":"","fromDate":"","toDate":"","status":""},"timestamp":"2026-07-07T12:27:13.347Z"}
7/7/2026, 5:57:13 pm | {"api":"/api/cash-closing-dashboard","event":"CASH_CLOSING_DASHBOARD_DB_CONNECTED","timestamp":"2026-07-07T12:27:13.349Z"}
7/7/2026, 5:57:13 pm | {"api":"/api/cash-closing-dashboard","event":"CASH_CLOSING_DASHBOARD_QUERY_STARTED","filters":{"cluster":"","branch":"","fromDate":"","toDate":"","status":""},"timestamp":"2026-07-07T12:27:13.349Z"}
7/7/2026, 5:57:13 pm | {"api":"/api/cash-closing-dashboard","event":"CASH_CLOSING_DASHBOARD_DATA_FETCHED","totalRecords":56,"timestamp":"2026-07-07T12:27:13.356Z"}
7/7/2026, 5:57:13 pm | {"api":"/api/cash-closing-dashboard","event":"CASH_CLOSING_CLUSTER_FETCHED","totalClusters":4,"timestamp":"2026-07-07T12:27:13.359Z"}
7/7/2026, 5:57:13 pm | {"api":"/api/cash-closing-dashboard","event":"CASH_CLOSING_BRANCH_FETCHED","totalBranches":56,"timestamp":"2026-07-07T12:27:13.363Z"}
7/7/2026, 5:57:13 pm | {"api":"/api/cash-closing-dashboard","event":"CASH_CLOSING_DASHBOARD_SUCCESS","totalRecords":56,"filters":{"cluster":"","branch":"","fromDate":"","toDate":"","status":""},"timestamp":"2026-07-07T12:27:13.364Z"}
7/7/2026, 5:57:36 pm | {"api":"/login","event":"LOGIN_API_STARTED","mpin":"0471","deviceId":"1354e95e001c24ee","timestamp":"2026-07-07T12:27:36.236Z"}
7/7/2026, 5:57:36 pm | {"event":"LOGIN_REQUEST","mpin":"0471","deviceId":"1354e95e001c24ee","timestamp":"2026-07-07T12:27:36.237Z"}
7/7/2026, 5:57:36 pm | {"api":"/login","event":"LOGIN_DB_QUERY_STARTED","mpin":"0471","timestamp":"2026-07-07T12:27:36.238Z"}
7/7/2026, 5:57:36 pm | {"api":"/login","event":"LOGIN_USER_FOUND","empNo":"471","branch":"Nuzvid","designation":"Branch Manager","timestamp":"2026-07-07T12:27:36.242Z"}
7/7/2026, 5:57:36 pm | {"api":"/login","event":"LOGIN_DEVICE_CHECK","empNo":"471","savedDevice":"1354e95e001c24ee","currentDevice":"1354e95e001c24ee","timestamp":"2026-07-07T12:27:36.243Z"}
7/7/2026, 5:57:36 pm | {"api":"/login","event":"LOGIN_SUCCESS","empNo":"471","branch":"Nuzvid","designation":"Branch Manager","loginTime":"2026-07-07T12:27:36.250Z"}
7/7/2026, 5:57:36 pm | {"api":"/employee/:empNo","event":"EMPLOYEE_API_STARTED","empNo":"471","timestamp":"2026-07-07T12:27:36.450Z"}
7/7/2026, 5:57:36 pm | {"api":"/employee/:empNo","event":"EMPLOYEE_DB_QUERY_STARTED","empNo":"471","timestamp":"2026-07-07T12:27:36.451Z"}
7/7/2026, 5:57:36 pm | {"api":"/employee/:empNo","event":"EMPLOYEE_FETCH_SUCCESS","empNo":"471","employeeName":"G Chandra Sekhar","branch":"Nuzvid","designation":"Branch Manager","timestamp":"2026-07-07T12:27:36.457Z"}
7/7/2026, 5:57:36 pm | {"api":"/last-submission/:empNo","event":"LAST_SUBMISSION_API_STARTED","empNo":"471","timestamp":"2026-07-07T12:27:36.516Z"}
7/7/2026, 5:57:36 pm | {"api":"/last-submission/:empNo","event":"LAST_SUBMISSION_DB_QUERY_STARTED","empNo":"471","timestamp":"2026-07-07T12:27:36.517Z"}
7/7/2026, 5:57:36 pm | {"api":"/last-submission/:empNo","event":"LAST_SUBMISSION_FETCH_SUCCESS","empNo":"471","amount":2350000,"actionAt":"2026-07-06 18:15:06","timestamp":"2026-07-07T12:27:36.536Z"}
7/7/2026, 5:57:36 pm | {"api":"/today-cash/:empNo","event":"TODAY_CASH_API_STARTED","empNo":"471","timestamp":"2026-07-07T12:27:36.644Z"}
7/7/2026, 5:57:36 pm | {"api":"/today-cash/:empNo","event":"TODAY_CASH_DB_QUERY_STARTED","empNo":"471","timestamp":"2026-07-07T12:27:36.645Z"}
7/7/2026, 5:57:36 pm | {"api":"/today-cash/:empNo","event":"TODAY_CASH_NOT_FOUND","empNo":"471","timestamp":"2026-07-07T12:27:36.653Z"}
7/7/2026, 5:57:40 pm | {"api":"/api/cash-closing-dashboard","event":"CASH_CLOSING_DASHBOARD_API_STARTED","filters":{"cluster":"","branch":"","fromDate":"","toDate":"","status":""},"timestamp":"2026-07-07T12:27:40.679Z"}
7/7/2026, 5:57:40 pm | {"api":"/api/cash-closing-dashboard","event":"CASH_CLOSING_DASHBOARD_DB_CONNECTED","timestamp":"2026-07-07T12:27:40.680Z"}
7/7/2026, 5:57:40 pm | {"api":"/api/cash-closing-dashboard","event":"CASH_CLOSING_DASHBOARD_QUERY_STARTED","filters":{"cluster":"","branch":"","fromDate":"","toDate":"","status":""},"timestamp":"2026-07-07T12:27:40.681Z"}
7/7/2026, 5:57:40 pm | {"api":"/api/cash-closing-dashboard","event":"CASH_CLOSING_DASHBOARD_DATA_FETCHED","totalRecords":56,"timestamp":"2026-07-07T12:27:40.687Z"}
7/7/2026, 5:57:40 pm | {"api":"/api/cash-closing-dashboard","event":"CASH_CLOSING_CLUSTER_FETCHED","totalClusters":4,"timestamp":"2026-07-07T12:27:40.691Z"}
7/7/2026, 5:57:40 pm | {"api":"/api/cash-closing-dashboard","event":"CASH_CLOSING_BRANCH_FETCHED","totalBranches":56,"timestamp":"2026-07-07T12:27:40.695Z"}
7/7/2026, 5:57:40 pm | {"api":"/api/cash-closing-dashboard","event":"CASH_CLOSING_DASHBOARD_SUCCESS","totalRecords":56,"filters":{"cluster":"","branch":"","fromDate":"","toDate":"","status":""},"timestamp":"2026-07-07T12:27:40.695Z"}
7/7/2026, 5:57:40 pm | {"api":"/api/cash-closing-dashboard","event":"CASH_CLOSING_DASHBOARD_API_STARTED","filters":{"cluster":"","branch":"","fromDate":"","toDate":"","status":""},"timestamp":"2026-07-07T12:27:40.776Z"}
7/7/2026, 5:57:40 pm | {"api":"/api/cash-closing-dashboard","event":"CASH_CLOSING_DASHBOARD_DB_CONNECTED","timestamp":"2026-07-07T12:27:40.777Z"}
7/7/2026, 5:57:40 pm | {"api":"/api/cash-closing-dashboard","event":"CASH_CLOSING_DASHBOARD_QUERY_STARTED","filters":{"cluster":"","branch":"","fromDate":"","toDate":"","status":""},"timestamp":"2026-07-07T12:27:40.777Z"}
7/7/2026, 5:57:40 pm | {"api":"/api/cash-closing-dashboard","event":"CASH_CLOSING_DASHBOARD_DATA_FETCHED","totalRecords":56,"timestamp":"2026-07-07T12:27:40.784Z"}
7/7/2026, 5:57:40 pm | {"api":"/api/cash-closing-dashboard","event":"CASH_CLOSING_CLUSTER_FETCHED","totalClusters":4,"timestamp":"2026-07-07T12:27:40.788Z"}
7/7/2026, 5:57:40 pm | {"api":"/api/cash-closing-dashboard","event":"CASH_CLOSING_BRANCH_FETCHED","totalBranches":56,"timestamp":"2026-07-07T12:27:40.791Z"}
7/7/2026, 5:57:40 pm | {"api":"/api/cash-closing-dashboard","event":"CASH_CLOSING_DASHBOARD_SUCCESS","totalRecords":56,"filters":{"cluster":"","branch":"","fromDate":"","toDate":"","status":""},"timestamp":"2026-07-07T12:27:40.792Z"}
7/7/2026, 5:57:40 pm | {"api":"/api/cash-closing-dashboard","event":"CASH_CLOSING_DASHBOARD_API_STARTED","filters":{"cluster":"","branch":"","fromDate":"","toDate":"","status":""},"timestamp":"2026-07-07T12:27:40.918Z"}
7/7/2026, 5:57:40 pm | {"api":"/api/cash-closing-dashboard","event":"CASH_CLOSING_DASHBOARD_DB_CONNECTED","timestamp":"2026-07-07T12:27:40.919Z"}
7/7/2026, 5:57:40 pm | {"api":"/api/cash-closing-dashboard","event":"CASH_CLOSING_DASHBOARD_QUERY_STARTED","filters":{"cluster":"","branch":"","fromDate":"","toDate":"","status":""},"timestamp":"2026-07-07T12:27:40.920Z"}
7/7/2026, 5:57:40 pm | {"api":"/api/cash-closing-dashboard","event":"CASH_CLOSING_DASHBOARD_DATA_FETCHED","totalRecords":56,"timestamp":"2026-07-07T12:27:40.925Z"}
7/7/2026, 5:57:40 pm | {"api":"/api/cash-closing-dashboard","event":"CASH_CLOSING_CLUSTER_FETCHED","totalClusters":4,"timestamp":"2026-07-07T12:27:40.929Z"}
7/7/2026, 5:57:40 pm | {"api":"/api/cash-closing-dashboard","event":"CASH_CLOSING_BRANCH_FETCHED","totalBranches":56,"timestamp":"2026-07-07T12:27:40.932Z"}
7/7/2026, 5:57:40 pm | {"api":"/api/cash-closing-dashboard","event":"CASH_CLOSING_DASHBOARD_SUCCESS","totalRecords":56,"filters":{"cluster":"","branch":"","fromDate":"","toDate":"","status":""},"timestamp":"2026-07-07T12:27:40.932Z"}
7/7/2026, 5:57:41 pm | {"api":"/api/cash-closing-dashboard","event":"CASH_CLOSING_DASHBOARD_API_STARTED","filters":{"cluster":"","branch":"","fromDate":"","toDate":"","status":""},"timestamp":"2026-07-07T12:27:41.173Z"}
7/7/2026, 5:57:41 pm | {"api":"/api/cash-closing-dashboard","event":"CASH_CLOSING_DASHBOARD_DB_CONNECTED","timestamp":"2026-07-07T12:27:41.174Z"}
7/7/2026, 5:57:41 pm | {"api":"/api/cash-closing-dashboard","event":"CASH_CLOSING_DASHBOARD_QUERY_STARTED","filters":{"cluster":"","branch":"","fromDate":"","toDate":"","status":""},"timestamp":"2026-07-07T12:27:41.174Z"}
7/7/2026, 5:57:41 pm | {"api":"/api/cash-closing-dashboard","event":"CASH_CLOSING_DASHBOARD_DATA_FETCHED","totalRecords":56,"timestamp":"2026-07-07T12:27:41.181Z"}
7/7/2026, 5:57:41 pm | {"api":"/api/cash-closing-dashboard","event":"CASH_CLOSING_CLUSTER_FETCHED","totalClusters":4,"timestamp":"2026-07-07T12:27:41.185Z"}
7/7/2026, 5:57:41 pm | {"api":"/api/cash-closing-dashboard","event":"CASH_CLOSING_BRANCH_FETCHED","totalBranches":56,"timestamp":"2026-07-07T12:27:41.188Z"}
7/7/2026, 5:57:41 pm | {"api":"/api/cash-closing-dashboard","event":"CASH_CLOSING_DASHBOARD_SUCCESS","totalRecords":56,"filters":{"cluster":"","branch":"","fromDate":"","toDate":"","status":""},"timestamp":"2026-07-07T12:27:41.189Z"}
7/7/2026, 5:57:41 pm | {"api":"/api/cash-closing-dashboard","event":"CASH_CLOSING_DASHBOARD_API_STARTED","filters":{"cluster":"","branch":"","fromDate":"","toDate":"","status":""},"timestamp":"2026-07-07T12:27:41.399Z"}
7/7/2026, 5:57:41 pm | {"api":"/api/cash-closing-dashboard","event":"CASH_CLOSING_DASHBOARD_DB_CONNECTED","timestamp":"2026-07-07T12:27:41.399Z"}
7/7/2026, 5:57:41 pm | {"api":"/api/cash-closing-dashboard","event":"CASH_CLOSING_DASHBOARD_QUERY_STARTED","filters":{"cluster":"","branch":"","fromDate":"","toDate":"","status":""},"timestamp":"2026-07-07T12:27:41.400Z"}
7/7/2026, 5:57:41 pm | {"api":"/api/cash-closing-dashboard","event":"CASH_CLOSING_DASHBOARD_DATA_FETCHED","totalRecords":56,"timestamp":"2026-07-07T12:27:41.405Z"}
7/7/2026, 5:57:41 pm | {"api":"/api/cash-closing-dashboard","event":"CASH_CLOSING_CLUSTER_FETCHED","totalClusters":4,"timestamp":"2026-07-07T12:27:41.410Z"}
7/7/2026, 5:57:41 pm | {"api":"/api/cash-closing-dashboard","event":"CASH_CLOSING_BRANCH_FETCHED","totalBranches":56,"timestamp":"2026-07-07T12:27:41.414Z"}
7/7/2026, 5:57:41 pm | {"api":"/api/cash-closing-dashboard","event":"CASH_CLOSING_DASHBOARD_SUCCESS","totalRecords":56,"filters":{"cluster":"","branch":"","fromDate":"","toDate":"","status":""},"timestamp":"2026-07-07T12:27:41.415Z"}
7/7/2026, 5:57:50 pm | {"api":"/api/cash-closing-dashboard","event":"CASH_CLOSING_DASHBOARD_API_STARTED","filters":{"cluster":"","branch":"","fromDate":"","toDate":"","status":""},"timestamp":"2026-07-07T12:27:50.921Z"}
7/7/2026, 5:57:50 pm | {"api":"/api/cash-closing-dashboard","event":"CASH_CLOSING_DASHBOARD_DB_CONNECTED","timestamp":"2026-07-07T12:27:50.922Z"}
7/7/2026, 5:57:50 pm | {"api":"/api/cash-closing-dashboard","event":"CASH_CLOSING_DASHBOARD_QUERY_STARTED","filters":{"cluster":"","branch":"","fromDate":"","toDate":"","status":""},"timestamp":"2026-07-07T12:27:50.923Z"}
7/7/2026, 5:57:50 pm | {"api":"/api/cash-closing-dashboard","event":"CASH_CLOSING_DASHBOARD_DATA_FETCHED","totalRecords":56,"timestamp":"2026-07-07T12:27:50.933Z"}
7/7/2026, 5:57:50 pm | {"api":"/api/cash-closing-dashboard","event":"CASH_CLOSING_CLUSTER_FETCHED","totalClusters":4,"timestamp":"2026-07-07T12:27:50.937Z"}
7/7/2026, 5:57:50 pm | {"api":"/api/cash-closing-dashboard","event":"CASH_CLOSING_BRANCH_FETCHED","totalBranches":56,"timestamp":"2026-07-07T12:27:50.941Z"}
7/7/2026, 5:57:50 pm | {"api":"/api/cash-closing-dashboard","event":"CASH_CLOSING_DASHBOARD_SUCCESS","totalRecords":56,"filters":{"cluster":"","branch":"","fromDate":"","toDate":"","status":""},"timestamp":"2026-07-07T12:27:50.942Z"}
7/7/2026, 5:57:51 pm | {"api":"/api/cash-closing-dashboard","event":"CASH_CLOSING_DASHBOARD_API_STARTED","filters":{"cluster":"","branch":"","fromDate":"","toDate":"","status":""},"timestamp":"2026-07-07T12:27:51.075Z"}
7/7/2026, 5:57:51 pm | {"api":"/api/cash-closing-dashboard","event":"CASH_CLOSING_DASHBOARD_DB_CONNECTED","timestamp":"2026-07-07T12:27:51.077Z"}
7/7/2026, 5:57:51 pm | {"api":"/api/cash-closing-dashboard","event":"CASH_CLOSING_DASHBOARD_QUERY_STARTED","filters":{"cluster":"","branch":"","fromDate":"","toDate":"","status":""},"timestamp":"2026-07-07T12:27:51.077Z"}
7/7/2026, 5:57:51 pm | {"api":"/api/cash-closing-dashboard","event":"CASH_CLOSING_DASHBOARD_DATA_FETCHED","totalRecords":56,"timestamp":"2026-07-07T12:27:51.084Z"}
7/7/2026, 5:57:51 pm | {"api":"/api/cash-closing-dashboard","event":"CASH_CLOSING_CLUSTER_FETCHED","totalClusters":4,"timestamp":"2026-07-07T12:27:51.088Z"}
7/7/2026, 5:57:51 pm | {"api":"/api/cash-closing-dashboard","event":"CASH_CLOSING_BRANCH_FETCHED","totalBranches":56,"timestamp":"2026-07-07T12:27:51.091Z"}
7/7/2026, 5:57:51 pm | {"api":"/api/cash-closing-dashboard","event":"CASH_CLOSING_DASHBOARD_SUCCESS","totalRecords":56,"filters":{"cluster":"","branch":"","fromDate":"","toDate":"","status":""},"timestamp":"2026-07-07T12:27:51.091Z"}
7/7/2026, 5:57:51 pm | {"api":"/api/cash-closing-dashboard","event":"CASH_CLOSING_DASHBOARD_API_STARTED","filters":{"cluster":"","branch":"","fromDate":"","toDate":"","status":""},"timestamp":"2026-07-07T12:27:51.227Z"}
7/7/2026, 5:57:51 pm | {"api":"/api/cash-closing-dashboard","event":"CASH_CLOSING_DASHBOARD_DB_CONNECTED","timestamp":"2026-07-07T12:27:51.229Z"}
7/7/2026, 5:57:51 pm | {"api":"/api/cash-closing-dashboard","event":"CASH_CLOSING_DASHBOARD_QUERY_STARTED","filters":{"cluster":"","branch":"","fromDate":"","toDate":"","status":""},"timestamp":"2026-07-07T12:27:51.229Z"}
7/7/2026, 5:57:51 pm | {"api":"/api/cash-closing-dashboard","event":"CASH_CLOSING_DASHBOARD_DATA_FETCHED","totalRecords":56,"timestamp":"2026-07-07T12:27:51.236Z"}
7/7/2026, 5:57:51 pm | {"api":"/api/cash-closing-dashboard","event":"CASH_CLOSING_CLUSTER_FETCHED","totalClusters":4,"timestamp":"2026-07-07T12:27:51.240Z"}
7/7/2026, 5:57:51 pm | {"api":"/api/cash-closing-dashboard","event":"CASH_CLOSING_BRANCH_FETCHED","totalBranches":56,"timestamp":"2026-07-07T12:27:51.243Z"}
7/7/2026, 5:57:51 pm | {"api":"/api/cash-closing-dashboard","event":"CASH_CLOSING_DASHBOARD_SUCCESS","totalRecords":56,"filters":{"cluster":"","branch":"","fromDate":"","toDate":"","status":""},"timestamp":"2026-07-07T12:27:51.244Z"}
7/7/2026, 5:57:51 pm | {"api":"/api/cash-closing-dashboard","event":"CASH_CLOSING_DASHBOARD_API_STARTED","filters":{"cluster":"","branch":"","fromDate":"","toDate":"","status":""},"timestamp":"2026-07-07T12:27:51.379Z"}
7/7/2026, 5:57:51 pm | {"api":"/api/cash-closing-dashboard","event":"CASH_CLOSING_DASHBOARD_DB_CONNECTED","timestamp":"2026-07-07T12:27:51.381Z"}
7/7/2026, 5:57:51 pm | {"api":"/api/cash-closing-dashboard","event":"CASH_CLOSING_DASHBOARD_QUERY_STARTED","filters":{"cluster":"","branch":"","fromDate":"","toDate":"","status":""},"timestamp":"2026-07-07T12:27:51.381Z"}
7/7/2026, 5:57:51 pm | {"api":"/api/cash-closing-dashboard","event":"CASH_CLOSING_DASHBOARD_DATA_FETCHED","totalRecords":56,"timestamp":"2026-07-07T12:27:51.389Z"}
7/7/2026, 5:57:51 pm | {"api":"/api/cash-closing-dashboard","event":"CASH_CLOSING_CLUSTER_FETCHED","totalClusters":4,"timestamp":"2026-07-07T12:27:51.393Z"}
7/7/2026, 5:57:51 pm | {"api":"/api/cash-closing-dashboard","event":"CASH_CLOSING_BRANCH_FETCHED","totalBranches":56,"timestamp":"2026-07-07T12:27:51.396Z"}
7/7/2026, 5:57:51 pm | {"api":"/api/cash-closing-dashboard","event":"CASH_CLOSING_DASHBOARD_SUCCESS","totalRecords":56,"filters":{"cluster":"","branch":"","fromDate":"","toDate":"","status":""},"timestamp":"2026-07-07T12:27:51.397Z"}
7/7/2026, 5:58:11 pm | {"api":"/api/cash-closing-dashboard","event":"CASH_CLOSING_DASHBOARD_API_STARTED","filters":{"cluster":"","branch":"","fromDate":"","toDate":"","status":""},"timestamp":"2026-07-07T12:28:11.525Z"}
7/7/2026, 5:58:11 pm | {"api":"/api/cash-closing-dashboard","event":"CASH_CLOSING_DASHBOARD_DB_CONNECTED","timestamp":"2026-07-07T12:28:11.526Z"}
7/7/2026, 5:58:11 pm | {"api":"/api/cash-closing-dashboard","event":"CASH_CLOSING_DASHBOARD_QUERY_STARTED","filters":{"cluster":"","branch":"","fromDate":"","toDate":"","status":""},"timestamp":"2026-07-07T12:28:11.527Z"}
7/7/2026, 5:58:11 pm | {"api":"/api/cash-closing-dashboard","event":"CASH_CLOSING_DASHBOARD_DATA_FETCHED","totalRecords":56,"timestamp":"2026-07-07T12:28:11.534Z"}
7/7/2026, 5:58:11 pm | {"api":"/api/cash-closing-dashboard","event":"CASH_CLOSING_CLUSTER_FETCHED","totalClusters":4,"timestamp":"2026-07-07T12:28:11.538Z"}
7/7/2026, 5:58:11 pm | {"api":"/api/cash-closing-dashboard","event":"CASH_CLOSING_BRANCH_FETCHED","totalBranches":56,"timestamp":"2026-07-07T12:28:11.541Z"}
7/7/2026, 5:58:11 pm | {"api":"/api/cash-closing-dashboard","event":"CASH_CLOSING_DASHBOARD_SUCCESS","totalRecords":56,"filters":{"cluster":"","branch":"","fromDate":"","toDate":"","status":""},"timestamp":"2026-07-07T12:28:11.542Z"}
7/7/2026, 5:58:11 pm | {"api":"/api/cash-closing-dashboard","event":"CASH_CLOSING_DASHBOARD_API_STARTED","filters":{"cluster":"","branch":"","fromDate":"","toDate":"","status":""},"timestamp":"2026-07-07T12:28:11.651Z"}
7/7/2026, 5:58:11 pm | {"api":"/api/cash-closing-dashboard","event":"CASH_CLOSING_DASHBOARD_DB_CONNECTED","timestamp":"2026-07-07T12:28:11.652Z"}
7/7/2026, 5:58:11 pm | {"api":"/api/cash-closing-dashboard","event":"CASH_CLOSING_DASHBOARD_QUERY_STARTED","filters":{"cluster":"","branch":"","fromDate":"","toDate":"","status":""},"timestamp":"2026-07-07T12:28:11.653Z"}
7/7/2026, 5:58:11 pm | {"api":"/api/cash-closing-dashboard","event":"CASH_CLOSING_DASHBOARD_DATA_FETCHED","totalRecords":56,"timestamp":"2026-07-07T12:28:11.659Z"}
7/7/2026, 5:58:11 pm | {"api":"/api/cash-closing-dashboard","event":"CASH_CLOSING_CLUSTER_FETCHED","totalClusters":4,"timestamp":"2026-07-07T12:28:11.662Z"}
7/7/2026, 5:58:11 pm | {"api":"/api/cash-closing-dashboard","event":"CASH_CLOSING_BRANCH_FETCHED","totalBranches":56,"timestamp":"2026-07-07T12:28:11.665Z"}
7/7/2026, 5:58:11 pm | {"api":"/api/cash-closing-dashboard","event":"CASH_CLOSING_DASHBOARD_SUCCESS","totalRecords":56,"filters":{"cluster":"","branch":"","fromDate":"","toDate":"","status":""},"timestamp":"2026-07-07T12:28:11.666Z"}
7/7/2026, 5:58:12 pm | {"api":"/api/cash-closing-dashboard","event":"CASH_CLOSING_DASHBOARD_API_STARTED","filters":{"cluster":"","branch":"","fromDate":"","toDate":"","status":""},"timestamp":"2026-07-07T12:28:12.835Z"}
7/7/2026, 5:58:12 pm | {"api":"/api/cash-closing-dashboard","event":"CASH_CLOSING_DASHBOARD_DB_CONNECTED","timestamp":"2026-07-07T12:28:12.836Z"}
7/7/2026, 5:58:12 pm | {"api":"/api/cash-closing-dashboard","event":"CASH_CLOSING_DASHBOARD_QUERY_STARTED","filters":{"cluster":"","branch":"","fromDate":"","toDate":"","status":""},"timestamp":"2026-07-07T12:28:12.837Z"}
7/7/2026, 5:58:12 pm | {"api":"/api/cash-closing-dashboard","event":"CASH_CLOSING_DASHBOARD_DATA_FETCHED","totalRecords":56,"timestamp":"2026-07-07T12:28:12.844Z"}
7/7/2026, 5:58:12 pm | {"api":"/api/cash-closing-dashboard","event":"CASH_CLOSING_CLUSTER_FETCHED","totalClusters":4,"timestamp":"2026-07-07T12:28:12.848Z"}
7/7/2026, 5:58:12 pm | {"api":"/api/cash-closing-dashboard","event":"CASH_CLOSING_BRANCH_FETCHED","totalBranches":56,"timestamp":"2026-07-07T12:28:12.851Z"}
7/7/2026, 5:58:12 pm | {"api":"/api/cash-closing-dashboard","event":"CASH_CLOSING_DASHBOARD_SUCCESS","totalRecords":56,"filters":{"cluster":"","branch":"","fromDate":"","toDate":"","status":""},"timestamp":"2026-07-07T12:28:12.852Z"}
7/7/2026, 5:58:13 pm | {"api":"/api/cash-closing-dashboard","event":"CASH_CLOSING_DASHBOARD_API_STARTED","filters":{"cluster":"","branch":"","fromDate":"","toDate":"","status":""},"timestamp":"2026-07-07T12:28:13.042Z"}
7/7/2026, 5:58:13 pm | {"api":"/api/cash-closing-dashboard","event":"CASH_CLOSING_DASHBOARD_DB_CONNECTED","timestamp":"2026-07-07T12:28:13.044Z"}
7/7/2026, 5:58:13 pm | {"api":"/api/cash-closing-dashboard","event":"CASH_CLOSING_DASHBOARD_QUERY_STARTED","filters":{"cluster":"","branch":"","fromDate":"","toDate":"","status":""},"timestamp":"2026-07-07T12:28:13.045Z"}
7/7/2026, 5:58:13 pm | {"api":"/api/cash-closing-dashboard","event":"CASH_CLOSING_DASHBOARD_DATA_FETCHED","totalRecords":56,"timestamp":"2026-07-07T12:28:13.052Z"}
7/7/2026, 5:58:13 pm | {"api":"/api/cash-closing-dashboard","event":"CASH_CLOSING_CLUSTER_FETCHED","totalClusters":4,"timestamp":"2026-07-07T12:28:13.055Z"}
7/7/2026, 5:58:13 pm | {"api":"/api/cash-closing-dashboard","event":"CASH_CLOSING_BRANCH_FETCHED","totalBranches":56,"timestamp":"2026-07-07T12:28:13.059Z"}
7/7/2026, 5:58:13 pm | {"api":"/api/cash-closing-dashboard","event":"CASH_CLOSING_DASHBOARD_SUCCESS","totalRecords":56,"filters":{"cluster":"","branch":"","fromDate":"","toDate":"","status":""},"timestamp":"2026-07-07T12:28:13.059Z"}
7/7/2026, 5:58:13 pm | {"api":"/api/cash-closing-dashboard","event":"CASH_CLOSING_DASHBOARD_API_STARTED","filters":{"cluster":"","branch":"","fromDate":"","toDate":"","status":""},"timestamp":"2026-07-07T12:28:13.236Z"}
7/7/2026, 5:58:13 pm | {"api":"/api/cash-closing-dashboard","event":"CASH_CLOSING_DASHBOARD_DB_CONNECTED","timestamp":"2026-07-07T12:28:13.237Z"}
7/7/2026, 5:58:13 pm | {"api":"/api/cash-closing-dashboard","event":"CASH_CLOSING_DASHBOARD_QUERY_STARTED","filters":{"cluster":"","branch":"","fromDate":"","toDate":"","status":""},"timestamp":"2026-07-07T12:28:13.238Z"}
7/7/2026, 5:58:13 pm | {"api":"/api/cash-closing-dashboard","event":"CASH_CLOSING_DASHBOARD_DATA_FETCHED","totalRecords":56,"timestamp":"2026-07-07T12:28:13.244Z"}
7/7/2026, 5:58:13 pm | {"api":"/api/cash-closing-dashboard","event":"CASH_CLOSING_CLUSTER_FETCHED","totalClusters":4,"timestamp":"2026-07-07T12:28:13.248Z"}
7/7/2026, 5:58:13 pm | {"api":"/api/cash-closing-dashboard","event":"CASH_CLOSING_BRANCH_FETCHED","totalBranches":56,"timestamp":"2026-07-07T12:28:13.252Z"}
7/7/2026, 5:58:13 pm | {"api":"/api/cash-closing-dashboard","event":"CASH_CLOSING_DASHBOARD_SUCCESS","totalRecords":56,"filters":{"cluster":"","branch":"","fromDate":"","toDate":"","status":""},"timestamp":"2026-07-07T12:28:13.253Z"}
7/7/2026, 5:58:39 pm | {"api":"/save-cash-closing","event":"SAVE_CASH_API_STARTED","empNo":"279","amount":"702037","timestamp":"2026-07-07T12:28:39.891Z"}
7/7/2026, 5:58:39 pm | {"api":"/save-cash-closing","event":"SAVE_CASH_UPDATE_STARTED","empNo":"279","oldAmount":702037,"newAmount":"702037","currentVersion":1,"nextVersion":2,"timestamp":"2026-07-07T12:28:39.901Z"}
7/7/2026, 5:58:39 pm | {"api":"/save-cash-closing","event":"SAVE_CASH_HISTORY_UPDATED","empNo":"279","version":2,"timestamp":"2026-07-07T12:28:39.915Z"}
7/7/2026, 5:58:39 pm | {"api":"/save-cash-closing","event":"SAVE_CASH_SUCCESS","type":"UPDATE","empNo":"279","amount":"702037","version":2,"timestamp":"2026-07-07T12:28:39.916Z"}
7/7/2026, 5:58:40 pm | {"api":"/login","event":"LOGIN_API_STARTED","mpin":"1234","deviceId":"f90cb5af3276f2dc","timestamp":"2026-07-07T12:28:40.120Z"}
7/7/2026, 5:58:40 pm | {"event":"LOGIN_REQUEST","mpin":"1234","deviceId":"f90cb5af3276f2dc","timestamp":"2026-07-07T12:28:40.121Z"}
7/7/2026, 5:58:40 pm | {"api":"/login","event":"LOGIN_DB_QUERY_STARTED","mpin":"1234","timestamp":"2026-07-07T12:28:40.122Z"}
7/7/2026, 5:58:40 pm | {"api":"/login","event":"LOGIN_USER_FOUND","empNo":"194","branch":"Repalle","designation":"Branch Manager","timestamp":"2026-07-07T12:28:40.128Z"}
7/7/2026, 5:58:40 pm | {"api":"/login","event":"LOGIN_DEVICE_CHECK","empNo":"194","savedDevice":"f90cb5af3276f2dc","currentDevice":"f90cb5af3276f2dc","timestamp":"2026-07-07T12:28:40.128Z"}
7/7/2026, 5:58:40 pm | {"api":"/login","event":"LOGIN_SUCCESS","empNo":"194","branch":"Repalle","designation":"Branch Manager","loginTime":"2026-07-07T12:28:40.137Z"}
7/7/2026, 5:58:40 pm | {"api":"/employee/:empNo","event":"EMPLOYEE_API_STARTED","empNo":"194","timestamp":"2026-07-07T12:28:40.289Z"}
7/7/2026, 5:58:40 pm | {"api":"/employee/:empNo","event":"EMPLOYEE_DB_QUERY_STARTED","empNo":"194","timestamp":"2026-07-07T12:28:40.290Z"}
7/7/2026, 5:58:40 pm | {"api":"/employee/:empNo","event":"EMPLOYEE_FETCH_SUCCESS","empNo":"194","employeeName":"M. Pavan Kumar","branch":"Repalle","designation":"Branch Manager","timestamp":"2026-07-07T12:28:40.294Z"}
7/7/2026, 5:58:40 pm | {"api":"/last-submission/:empNo","event":"LAST_SUBMISSION_API_STARTED","empNo":"194","timestamp":"2026-07-07T12:28:40.354Z"}
7/7/2026, 5:58:40 pm | {"api":"/last-submission/:empNo","event":"LAST_SUBMISSION_DB_QUERY_STARTED","empNo":"194","timestamp":"2026-07-07T12:28:40.356Z"}
7/7/2026, 5:58:40 pm | {"api":"/last-submission/:empNo","event":"LAST_SUBMISSION_FETCH_SUCCESS","empNo":"194","amount":1144376,"actionAt":"2026-07-06 17:47:38","timestamp":"2026-07-07T12:28:40.360Z"}
7/7/2026, 5:58:40 pm | {"api":"/today-cash/:empNo","event":"TODAY_CASH_API_STARTED","empNo":"194","timestamp":"2026-07-07T12:28:40.454Z"}
7/7/2026, 5:58:40 pm | {"api":"/today-cash/:empNo","event":"TODAY_CASH_DB_QUERY_STARTED","empNo":"194","timestamp":"2026-07-07T12:28:40.455Z"}
7/7/2026, 5:58:40 pm | {"api":"/today-cash/:empNo","event":"TODAY_CASH_NOT_FOUND","empNo":"194","timestamp":"2026-07-07T12:28:40.459Z"}
7/7/2026, 5:58:58 pm | {"api":"/save-cash-closing","event":"SAVE_CASH_API_STARTED","empNo":"194","amount":"848601","timestamp":"2026-07-07T12:28:58.302Z"}
7/7/2026, 5:58:58 pm | {"api":"/save-cash-closing","event":"PREVIOUS_DAY_RECORD_FOUND","empNo":"194","oldDate":"2026-07-06T00:00:00.000Z","amount":1144376,"timestamp":"2026-07-07T12:28:58.308Z"}
7/7/2026, 5:58:58 pm | {"api":"/save-cash-closing","event":"PREVIOUS_DAY_MOVED_TO_HISTORY","empNo":"194","timestamp":"2026-07-07T12:28:58.315Z"}
7/7/2026, 5:58:58 pm | {"api":"/save-cash-closing","event":"PREVIOUS_DAY_DELETED","empNo":"194","timestamp":"2026-07-07T12:28:58.323Z"}
7/7/2026, 5:58:58 pm | {"api":"/save-cash-closing","event":"SAVE_CASH_NEW_ENTRY","empNo":"194","amount":"848601","branch":"Repalle","timestamp":"2026-07-07T12:28:58.327Z"}
7/7/2026, 5:58:58 pm | {"api":"/save-cash-closing","event":"SAVE_CASH_HISTORY_INSERTED","empNo":"194","actionType":"ADDED","version":1,"timestamp":"2026-07-07T12:28:58.342Z"}
7/7/2026, 5:58:58 pm | {"api":"/save-cash-closing","event":"SAVE_CASH_SUCCESS","type":"INSERT","empNo":"194","amount":"848601","timestamp":"2026-07-07T12:28:58.343Z"}
7/7/2026, 5:59:08 pm | {"api":"/api/cash-closing-dashboard","event":"CASH_CLOSING_DASHBOARD_API_STARTED","filters":{"cluster":"","branch":"","fromDate":"","toDate":"","status":""},"timestamp":"2026-07-07T12:29:08.951Z"}
7/7/2026, 5:59:08 pm | {"api":"/api/cash-closing-dashboard","event":"CASH_CLOSING_DASHBOARD_DB_CONNECTED","timestamp":"2026-07-07T12:29:08.952Z"}
7/7/2026, 5:59:08 pm | {"api":"/api/cash-closing-dashboard","event":"CASH_CLOSING_DASHBOARD_QUERY_STARTED","filters":{"cluster":"","branch":"","fromDate":"","toDate":"","status":""},"timestamp":"2026-07-07T12:29:08.953Z"}
7/7/2026, 5:59:08 pm | {"api":"/api/cash-closing-dashboard","event":"CASH_CLOSING_DASHBOARD_DATA_FETCHED","totalRecords":56,"timestamp":"2026-07-07T12:29:08.959Z"}
7/7/2026, 5:59:08 pm | {"api":"/api/cash-closing-dashboard","event":"CASH_CLOSING_CLUSTER_FETCHED","totalClusters":4,"timestamp":"2026-07-07T12:29:08.962Z"}
7/7/2026, 5:59:08 pm | {"api":"/api/cash-closing-dashboard","event":"CASH_CLOSING_BRANCH_FETCHED","totalBranches":56,"timestamp":"2026-07-07T12:29:08.966Z"}
7/7/2026, 5:59:08 pm | {"api":"/api/cash-closing-dashboard","event":"CASH_CLOSING_DASHBOARD_SUCCESS","totalRecords":56,"filters":{"cluster":"","branch":"","fromDate":"","toDate":"","status":""},"timestamp":"2026-07-07T12:29:08.967Z"}
7/7/2026, 5:59:09 pm | {"api":"/api/cash-closing-dashboard","event":"CASH_CLOSING_DASHBOARD_API_STARTED","filters":{"cluster":"","branch":"","fromDate":"","toDate":"","status":""},"timestamp":"2026-07-07T12:29:09.043Z"}
7/7/2026, 5:59:09 pm | {"api":"/api/cash-closing-dashboard","event":"CASH_CLOSING_DASHBOARD_DB_CONNECTED","timestamp":"2026-07-07T12:29:09.044Z"}
7/7/2026, 5:59:09 pm | {"api":"/api/cash-closing-dashboard","event":"CASH_CLOSING_DASHBOARD_QUERY_STARTED","filters":{"cluster":"","branch":"","fromDate":"","toDate":"","status":""},"timestamp":"2026-07-07T12:29:09.045Z"}
7/7/2026, 5:59:09 pm | {"api":"/api/cash-closing-dashboard","event":"CASH_CLOSING_DASHBOARD_DATA_FETCHED","totalRecords":56,"timestamp":"2026-07-07T12:29:09.051Z"}
7/7/2026, 5:59:09 pm | {"api":"/api/cash-closing-dashboard","event":"CASH_CLOSING_CLUSTER_FETCHED","totalClusters":4,"timestamp":"2026-07-07T12:29:09.055Z"}
7/7/2026, 5:59:09 pm | {"api":"/api/cash-closing-dashboard","event":"CASH_CLOSING_BRANCH_FETCHED","totalBranches":56,"timestamp":"2026-07-07T12:29:09.058Z"}
7/7/2026, 5:59:09 pm | {"api":"/api/cash-closing-dashboard","event":"CASH_CLOSING_DASHBOARD_SUCCESS","totalRecords":56,"filters":{"cluster":"","branch":"","fromDate":"","toDate":"","status":""},"timestamp":"2026-07-07T12:29:09.059Z"}
7/7/2026, 5:59:09 pm | {"api":"/api/cash-closing-dashboard","event":"CASH_CLOSING_DASHBOARD_API_STARTED","filters":{"cluster":"","branch":"","fromDate":"","toDate":"","status":""},"timestamp":"2026-07-07T12:29:09.178Z"}
7/7/2026, 5:59:09 pm | {"api":"/api/cash-closing-dashboard","event":"CASH_CLOSING_DASHBOARD_DB_CONNECTED","timestamp":"2026-07-07T12:29:09.180Z"}
7/7/2026, 5:59:09 pm | {"api":"/api/cash-closing-dashboard","event":"CASH_CLOSING_DASHBOARD_QUERY_STARTED","filters":{"cluster":"","branch":"","fromDate":"","toDate":"","status":""},"timestamp":"2026-07-07T12:29:09.180Z"}
7/7/2026, 5:59:09 pm | {"api":"/api/cash-closing-dashboard","event":"CASH_CLOSING_DASHBOARD_DATA_FETCHED","totalRecords":56,"timestamp":"2026-07-07T12:29:09.187Z"}
7/7/2026, 5:59:09 pm | {"api":"/api/cash-closing-dashboard","event":"CASH_CLOSING_CLUSTER_FETCHED","totalClusters":4,"timestamp":"2026-07-07T12:29:09.191Z"}
7/7/2026, 5:59:09 pm | {"api":"/api/cash-closing-dashboard","event":"CASH_CLOSING_BRANCH_FETCHED","totalBranches":56,"timestamp":"2026-07-07T12:29:09.196Z"}
7/7/2026, 5:59:09 pm | {"api":"/api/cash-closing-dashboard","event":"CASH_CLOSING_DASHBOARD_SUCCESS","totalRecords":56,"filters":{"cluster":"","branch":"","fromDate":"","toDate":"","status":""},"timestamp":"2026-07-07T12:29:09.196Z"}
7/7/2026, 5:59:32 pm | {"api":"/api/cash-closing-dashboard","event":"CASH_CLOSING_DASHBOARD_API_STARTED","filters":{"cluster":"","branch":"","fromDate":"","toDate":"","status":""},"timestamp":"2026-07-07T12:29:32.105Z"}
7/7/2026, 5:59:32 pm | {"api":"/api/cash-closing-dashboard","event":"CASH_CLOSING_DASHBOARD_DB_CONNECTED","timestamp":"2026-07-07T12:29:32.106Z"}
7/7/2026, 5:59:32 pm | {"api":"/api/cash-closing-dashboard","event":"CASH_CLOSING_DASHBOARD_QUERY_STARTED","filters":{"cluster":"","branch":"","fromDate":"","toDate":"","status":""},"timestamp":"2026-07-07T12:29:32.106Z"}
7/7/2026, 5:59:32 pm | {"api":"/api/cash-closing-dashboard","event":"CASH_CLOSING_DASHBOARD_DATA_FETCHED","totalRecords":56,"timestamp":"2026-07-07T12:29:32.112Z"}
7/7/2026, 5:59:32 pm | {"api":"/api/cash-closing-dashboard","event":"CASH_CLOSING_CLUSTER_FETCHED","totalClusters":4,"timestamp":"2026-07-07T12:29:32.115Z"}
7/7/2026, 5:59:32 pm | {"api":"/api/cash-closing-dashboard","event":"CASH_CLOSING_BRANCH_FETCHED","totalBranches":56,"timestamp":"2026-07-07T12:29:32.119Z"}
7/7/2026, 5:59:32 pm | {"api":"/api/cash-closing-dashboard","event":"CASH_CLOSING_DASHBOARD_SUCCESS","totalRecords":56,"filters":{"cluster":"","branch":"","fromDate":"","toDate":"","status":""},"timestamp":"2026-07-07T12:29:32.119Z"}
7/7/2026, 5:59:32 pm | {"api":"/api/cash-closing-dashboard","event":"CASH_CLOSING_DASHBOARD_API_STARTED","filters":{"cluster":"","branch":"","fromDate":"","toDate":"","status":""},"timestamp":"2026-07-07T12:29:32.236Z"}
7/7/2026, 5:59:32 pm | {"api":"/api/cash-closing-dashboard","event":"CASH_CLOSING_DASHBOARD_DB_CONNECTED","timestamp":"2026-07-07T12:29:32.237Z"}
7/7/2026, 5:59:32 pm | {"api":"/api/cash-closing-dashboard","event":"CASH_CLOSING_DASHBOARD_QUERY_STARTED","filters":{"cluster":"","branch":"","fromDate":"","toDate":"","status":""},"timestamp":"2026-07-07T12:29:32.237Z"}
7/7/2026, 5:59:32 pm | {"api":"/api/cash-closing-dashboard","event":"CASH_CLOSING_DASHBOARD_DATA_FETCHED","totalRecords":56,"timestamp":"2026-07-07T12:29:32.243Z"}
7/7/2026, 5:59:32 pm | {"api":"/api/cash-closing-dashboard","event":"CASH_CLOSING_CLUSTER_FETCHED","totalClusters":4,"timestamp":"2026-07-07T12:29:32.247Z"}
7/7/2026, 5:59:32 pm | {"api":"/api/cash-closing-dashboard","event":"CASH_CLOSING_BRANCH_FETCHED","totalBranches":56,"timestamp":"2026-07-07T12:29:32.251Z"}
7/7/2026, 5:59:32 pm | {"api":"/api/cash-closing-dashboard","event":"CASH_CLOSING_DASHBOARD_SUCCESS","totalRecords":56,"filters":{"cluster":"","branch":"","fromDate":"","toDate":"","status":""},"timestamp":"2026-07-07T12:29:32.252Z"}
7/7/2026, 5:59:32 pm | {"api":"/api/cash-closing-dashboard","event":"CASH_CLOSING_DASHBOARD_API_STARTED","filters":{"cluster":"","branch":"","fromDate":"","toDate":"","status":""},"timestamp":"2026-07-07T12:29:32.364Z"}
7/7/2026, 5:59:32 pm | {"api":"/api/cash-closing-dashboard","event":"CASH_CLOSING_DASHBOARD_DB_CONNECTED","timestamp":"2026-07-07T12:29:32.365Z"}
7/7/2026, 5:59:32 pm | {"api":"/api/cash-closing-dashboard","event":"CASH_CLOSING_DASHBOARD_QUERY_STARTED","filters":{"cluster":"","branch":"","fromDate":"","toDate":"","status":""},"timestamp":"2026-07-07T12:29:32.366Z"}
7/7/2026, 5:59:32 pm | {"api":"/api/cash-closing-dashboard","event":"CASH_CLOSING_DASHBOARD_DATA_FETCHED","totalRecords":56,"timestamp":"2026-07-07T12:29:32.371Z"}
7/7/2026, 5:59:32 pm | {"api":"/api/cash-closing-dashboard","event":"CASH_CLOSING_CLUSTER_FETCHED","totalClusters":4,"timestamp":"2026-07-07T12:29:32.374Z"}
7/7/2026, 5:59:32 pm | {"api":"/api/cash-closing-dashboard","event":"CASH_CLOSING_BRANCH_FETCHED","totalBranches":56,"timestamp":"2026-07-07T12:29:32.378Z"}
7/7/2026, 5:59:32 pm | {"api":"/api/cash-closing-dashboard","event":"CASH_CLOSING_DASHBOARD_SUCCESS","totalRecords":56,"filters":{"cluster":"","branch":"","fromDate":"","toDate":"","status":""},"timestamp":"2026-07-07T12:29:32.378Z"}
7/7/2026, 5:59:32 pm | {"api":"/api/cash-closing-dashboard","event":"CASH_CLOSING_DASHBOARD_API_STARTED","filters":{"cluster":"","branch":"","fromDate":"","toDate":"","status":""},"timestamp":"2026-07-07T12:29:32.500Z"}
7/7/2026, 5:59:32 pm | {"api":"/api/cash-closing-dashboard","event":"CASH_CLOSING_DASHBOARD_DB_CONNECTED","timestamp":"2026-07-07T12:29:32.501Z"}
7/7/2026, 5:59:32 pm | {"api":"/api/cash-closing-dashboard","event":"CASH_CLOSING_DASHBOARD_QUERY_STARTED","filters":{"cluster":"","branch":"","fromDate":"","toDate":"","status":""},"timestamp":"2026-07-07T12:29:32.501Z"}
7/7/2026, 5:59:32 pm | {"api":"/api/cash-closing-dashboard","event":"CASH_CLOSING_DASHBOARD_DATA_FETCHED","totalRecords":56,"timestamp":"2026-07-07T12:29:32.507Z"}
7/7/2026, 5:59:32 pm | {"api":"/api/cash-closing-dashboard","event":"CASH_CLOSING_CLUSTER_FETCHED","totalClusters":4,"timestamp":"2026-07-07T12:29:32.510Z"}
7/7/2026, 5:59:32 pm | {"api":"/api/cash-closing-dashboard","event":"CASH_CLOSING_BRANCH_FETCHED","totalBranches":56,"timestamp":"2026-07-07T12:29:32.514Z"}
7/7/2026, 5:59:32 pm | {"api":"/api/cash-closing-dashboard","event":"CASH_CLOSING_DASHBOARD_SUCCESS","totalRecords":56,"filters":{"cluster":"","branch":"","fromDate":"","toDate":"","status":""},"timestamp":"2026-07-07T12:29:32.515Z"}
7/7/2026, 5:59:32 pm | {"api":"/api/cash-closing-dashboard","event":"CASH_CLOSING_DASHBOARD_API_STARTED","filters":{"cluster":"","branch":"","fromDate":"","toDate":"","status":""},"timestamp":"2026-07-07T12:29:32.628Z"}
7/7/2026, 5:59:32 pm | {"api":"/api/cash-closing-dashboard","event":"CASH_CLOSING_DASHBOARD_DB_CONNECTED","timestamp":"2026-07-07T12:29:32.629Z"}
7/7/2026, 5:59:32 pm | {"api":"/api/cash-closing-dashboard","event":"CASH_CLOSING_DASHBOARD_QUERY_STARTED","filters":{"cluster":"","branch":"","fromDate":"","toDate":"","status":""},"timestamp":"2026-07-07T12:29:32.630Z"}
7/7/2026, 5:59:32 pm | {"api":"/api/cash-closing-dashboard","event":"CASH_CLOSING_DASHBOARD_DATA_FETCHED","totalRecords":56,"timestamp":"2026-07-07T12:29:32.636Z"}
7/7/2026, 5:59:32 pm | {"api":"/api/cash-closing-dashboard","event":"CASH_CLOSING_CLUSTER_FETCHED","totalClusters":4,"timestamp":"2026-07-07T12:29:32.639Z"}
7/7/2026, 5:59:32 pm | {"api":"/api/cash-closing-dashboard","event":"CASH_CLOSING_BRANCH_FETCHED","totalBranches":56,"timestamp":"2026-07-07T12:29:32.642Z"}
7/7/2026, 5:59:32 pm | {"api":"/api/cash-closing-dashboard","event":"CASH_CLOSING_DASHBOARD_SUCCESS","totalRecords":56,"filters":{"cluster":"","branch":"","fromDate":"","toDate":"","status":""},"timestamp":"2026-07-07T12:29:32.643Z"}
7/7/2026, 5:59:32 pm | {"api":"/api/cash-closing-dashboard","event":"CASH_CLOSING_DASHBOARD_API_STARTED","filters":{"cluster":"","branch":"","fromDate":"","toDate":"","status":""},"timestamp":"2026-07-07T12:29:32.772Z"}
7/7/2026, 5:59:32 pm | {"api":"/api/cash-closing-dashboard","event":"CASH_CLOSING_DASHBOARD_DB_CONNECTED","timestamp":"2026-07-07T12:29:32.773Z"}
7/7/2026, 5:59:32 pm | {"api":"/api/cash-closing-dashboard","event":"CASH_CLOSING_DASHBOARD_QUERY_STARTED","filters":{"cluster":"","branch":"","fromDate":"","toDate":"","status":""},"timestamp":"2026-07-07T12:29:32.774Z"}
7/7/2026, 5:59:32 pm | {"api":"/api/cash-closing-dashboard","event":"CASH_CLOSING_DASHBOARD_DATA_FETCHED","totalRecords":56,"timestamp":"2026-07-07T12:29:32.779Z"}
7/7/2026, 5:59:32 pm | {"api":"/api/cash-closing-dashboard","event":"CASH_CLOSING_CLUSTER_FETCHED","totalClusters":4,"timestamp":"2026-07-07T12:29:32.783Z"}
7/7/2026, 5:59:32 pm | {"api":"/api/cash-closing-dashboard","event":"CASH_CLOSING_BRANCH_FETCHED","totalBranches":56,"timestamp":"2026-07-07T12:29:32.787Z"}
7/7/2026, 5:59:32 pm | {"api":"/api/cash-closing-dashboard","event":"CASH_CLOSING_DASHBOARD_SUCCESS","totalRecords":56,"filters":{"cluster":"","branch":"","fromDate":"","toDate":"","status":""},"timestamp":"2026-07-07T12:29:32.787Z"}
7/7/2026, 5:59:45 pm | {"api":"/api/cash-closing-dashboard","event":"CASH_CLOSING_DASHBOARD_API_STARTED","filters":{"cluster":"","branch":"","fromDate":"","toDate":"","status":""},"timestamp":"2026-07-07T12:29:45.108Z"}
7/7/2026, 5:59:45 pm | {"api":"/api/cash-closing-dashboard","event":"CASH_CLOSING_DASHBOARD_DB_CONNECTED","timestamp":"2026-07-07T12:29:45.109Z"}
7/7/2026, 5:59:45 pm | {"api":"/api/cash-closing-dashboard","event":"CASH_CLOSING_DASHBOARD_QUERY_STARTED","filters":{"cluster":"","branch":"","fromDate":"","toDate":"","status":""},"timestamp":"2026-07-07T12:29:45.110Z"}
7/7/2026, 5:59:45 pm | {"api":"/api/cash-closing-dashboard","event":"CASH_CLOSING_DASHBOARD_DATA_FETCHED","totalRecords":56,"timestamp":"2026-07-07T12:29:45.115Z"}
7/7/2026, 5:59:45 pm | {"api":"/api/cash-closing-dashboard","event":"CASH_CLOSING_CLUSTER_FETCHED","totalClusters":4,"timestamp":"2026-07-07T12:29:45.121Z"}
7/7/2026, 5:59:45 pm | {"api":"/api/cash-closing-dashboard","event":"CASH_CLOSING_BRANCH_FETCHED","totalBranches":56,"timestamp":"2026-07-07T12:29:45.124Z"}
7/7/2026, 5:59:45 pm | {"api":"/api/cash-closing-dashboard","event":"CASH_CLOSING_DASHBOARD_SUCCESS","totalRecords":56,"filters":{"cluster":"","branch":"","fromDate":"","toDate":"","status":""},"timestamp":"2026-07-07T12:29:45.125Z"}
7/7/2026, 5:59:45 pm | {"api":"/api/cash-closing-dashboard","event":"CASH_CLOSING_DASHBOARD_API_STARTED","filters":{"cluster":"","branch":"","fromDate":"","toDate":"","status":""},"timestamp":"2026-07-07T12:29:45.253Z"}
7/7/2026, 5:59:45 pm | {"api":"/api/cash-closing-dashboard","event":"CASH_CLOSING_DASHBOARD_DB_CONNECTED","timestamp":"2026-07-07T12:29:45.254Z"}
7/7/2026, 5:59:45 pm | {"api":"/api/cash-closing-dashboard","event":"CASH_CLOSING_DASHBOARD_QUERY_STARTED","filters":{"cluster":"","branch":"","fromDate":"","toDate":"","status":""},"timestamp":"2026-07-07T12:29:45.254Z"}
7/7/2026, 5:59:45 pm | {"api":"/api/cash-closing-dashboard","event":"CASH_CLOSING_DASHBOARD_DATA_FETCHED","totalRecords":56,"timestamp":"2026-07-07T12:29:45.260Z"}
7/7/2026, 5:59:45 pm | {"api":"/api/cash-closing-dashboard","event":"CASH_CLOSING_CLUSTER_FETCHED","totalClusters":4,"timestamp":"2026-07-07T12:29:45.263Z"}
7/7/2026, 5:59:45 pm | {"api":"/api/cash-closing-dashboard","event":"CASH_CLOSING_BRANCH_FETCHED","totalBranches":56,"timestamp":"2026-07-07T12:29:45.267Z"}
7/7/2026, 5:59:45 pm | {"api":"/api/cash-closing-dashboard","event":"CASH_CLOSING_DASHBOARD_SUCCESS","totalRecords":56,"filters":{"cluster":"","branch":"","fromDate":"","toDate":"","status":""},"timestamp":"2026-07-07T12:29:45.267Z"}
7/7/2026, 5:59:45 pm | {"api":"/api/cash-closing-dashboard","event":"CASH_CLOSING_DASHBOARD_API_STARTED","filters":{"cluster":"","branch":"","fromDate":"","toDate":"","status":""},"timestamp":"2026-07-07T12:29:45.413Z"}
7/7/2026, 5:59:45 pm | {"api":"/api/cash-closing-dashboard","event":"CASH_CLOSING_DASHBOARD_DB_CONNECTED","timestamp":"2026-07-07T12:29:45.414Z"}
7/7/2026, 5:59:45 pm | {"api":"/api/cash-closing-dashboard","event":"CASH_CLOSING_DASHBOARD_QUERY_STARTED","filters":{"cluster":"","branch":"","fromDate":"","toDate":"","status":""},"timestamp":"2026-07-07T12:29:45.414Z"}
7/7/2026, 5:59:45 pm | {"api":"/api/cash-closing-dashboard","event":"CASH_CLOSING_DASHBOARD_DATA_FETCHED","totalRecords":56,"timestamp":"2026-07-07T12:29:45.420Z"}
7/7/2026, 5:59:45 pm | {"api":"/api/cash-closing-dashboard","event":"CASH_CLOSING_CLUSTER_FETCHED","totalClusters":4,"timestamp":"2026-07-07T12:29:45.425Z"}
7/7/2026, 5:59:45 pm | {"api":"/api/cash-closing-dashboard","event":"CASH_CLOSING_BRANCH_FETCHED","totalBranches":56,"timestamp":"2026-07-07T12:29:45.428Z"}
7/7/2026, 5:59:45 pm | {"api":"/api/cash-closing-dashboard","event":"CASH_CLOSING_DASHBOARD_SUCCESS","totalRecords":56,"filters":{"cluster":"","branch":"","fromDate":"","toDate":"","status":""},"timestamp":"2026-07-07T12:29:45.429Z"}
7/7/2026, 5:59:45 pm | {"api":"/api/cash-closing-dashboard","event":"CASH_CLOSING_DASHBOARD_API_STARTED","filters":{"cluster":"","branch":"","fromDate":"","toDate":"","status":""},"timestamp":"2026-07-07T12:29:45.549Z"}
7/7/2026, 5:59:45 pm | {"api":"/api/cash-closing-dashboard","event":"CASH_CLOSING_DASHBOARD_DB_CONNECTED","timestamp":"2026-07-07T12:29:45.550Z"}
7/7/2026, 5:59:45 pm | {"api":"/api/cash-closing-dashboard","event":"CASH_CLOSING_DASHBOARD_QUERY_STARTED","filters":{"cluster":"","branch":"","fromDate":"","toDate":"","status":""},"timestamp":"2026-07-07T12:29:45.550Z"}
7/7/2026, 5:59:45 pm | {"api":"/api/cash-closing-dashboard","event":"CASH_CLOSING_DASHBOARD_DATA_FETCHED","totalRecords":56,"timestamp":"2026-07-07T12:29:45.559Z"}
7/7/2026, 5:59:45 pm | {"api":"/api/cash-closing-dashboard","event":"CASH_CLOSING_CLUSTER_FETCHED","totalClusters":4,"timestamp":"2026-07-07T12:29:45.566Z"}
7/7/2026, 5:59:45 pm | {"api":"/api/cash-closing-dashboard","event":"CASH_CLOSING_BRANCH_FETCHED","totalBranches":56,"timestamp":"2026-07-07T12:29:45.570Z"}
7/7/2026, 5:59:45 pm | {"api":"/api/cash-closing-dashboard","event":"CASH_CLOSING_DASHBOARD_SUCCESS","totalRecords":56,"filters":{"cluster":"","branch":"","fromDate":"","toDate":"","status":""},"timestamp":"2026-07-07T12:29:45.571Z"}
7/7/2026, 5:59:45 pm | {"api":"/api/cash-closing-dashboard","event":"CASH_CLOSING_DASHBOARD_API_STARTED","filters":{"cluster":"","branch":"","fromDate":"","toDate":"","status":""},"timestamp":"2026-07-07T12:29:45.694Z"}
7/7/2026, 5:59:45 pm | {"api":"/api/cash-closing-dashboard","event":"CASH_CLOSING_DASHBOARD_DB_CONNECTED","timestamp":"2026-07-07T12:29:45.695Z"}
7/7/2026, 5:59:45 pm | {"api":"/api/cash-closing-dashboard","event":"CASH_CLOSING_DASHBOARD_QUERY_STARTED","filters":{"cluster":"","branch":"","fromDate":"","toDate":"","status":""},"timestamp":"2026-07-07T12:29:45.696Z"}
7/7/2026, 5:59:45 pm | {"api":"/api/cash-closing-dashboard","event":"CASH_CLOSING_DASHBOARD_DATA_FETCHED","totalRecords":56,"timestamp":"2026-07-07T12:29:45.703Z"}
7/7/2026, 5:59:45 pm | {"api":"/api/cash-closing-dashboard","event":"CASH_CLOSING_CLUSTER_FETCHED","totalClusters":4,"timestamp":"2026-07-07T12:29:45.706Z"}
7/7/2026, 5:59:45 pm | {"api":"/api/cash-closing-dashboard","event":"CASH_CLOSING_BRANCH_FETCHED","totalBranches":56,"timestamp":"2026-07-07T12:29:45.709Z"}
7/7/2026, 5:59:45 pm | {"api":"/api/cash-closing-dashboard","event":"CASH_CLOSING_DASHBOARD_SUCCESS","totalRecords":56,"filters":{"cluster":"","branch":"","fromDate":"","toDate":"","status":""},"timestamp":"2026-07-07T12:29:45.710Z"}
7/7/2026, 5:59:45 pm | {"api":"/api/cash-closing-dashboard","event":"CASH_CLOSING_DASHBOARD_API_STARTED","filters":{"cluster":"","branch":"","fromDate":"","toDate":"","status":""},"timestamp":"2026-07-07T12:29:45.827Z"}
7/7/2026, 5:59:45 pm | {"api":"/api/cash-closing-dashboard","event":"CASH_CLOSING_DASHBOARD_DB_CONNECTED","timestamp":"2026-07-07T12:29:45.828Z"}
7/7/2026, 5:59:45 pm | {"api":"/api/cash-closing-dashboard","event":"CASH_CLOSING_DASHBOARD_QUERY_STARTED","filters":{"cluster":"","branch":"","fromDate":"","toDate":"","status":""},"timestamp":"2026-07-07T12:29:45.829Z"}
7/7/2026, 5:59:45 pm | {"api":"/api/cash-closing-dashboard","event":"CASH_CLOSING_DASHBOARD_DATA_FETCHED","totalRecords":56,"timestamp":"2026-07-07T12:29:45.837Z"}
7/7/2026, 5:59:45 pm | {"api":"/api/cash-closing-dashboard","event":"CASH_CLOSING_CLUSTER_FETCHED","totalClusters":4,"timestamp":"2026-07-07T12:29:45.840Z"}
7/7/2026, 5:59:45 pm | {"api":"/api/cash-closing-dashboard","event":"CASH_CLOSING_BRANCH_FETCHED","totalBranches":56,"timestamp":"2026-07-07T12:29:45.843Z"}
7/7/2026, 5:59:45 pm | {"api":"/api/cash-closing-dashboard","event":"CASH_CLOSING_DASHBOARD_SUCCESS","totalRecords":56,"filters":{"cluster":"","branch":"","fromDate":"","toDate":"","status":""},"timestamp":"2026-07-07T12:29:45.844Z"}
7/7/2026, 5:59:45 pm | {"api":"/api/cash-closing-dashboard","event":"CASH_CLOSING_DASHBOARD_API_STARTED","filters":{"cluster":"","branch":"","fromDate":"","toDate":"","status":""},"timestamp":"2026-07-07T12:29:45.979Z"}
7/7/2026, 5:59:45 pm | {"api":"/api/cash-closing-dashboard","event":"CASH_CLOSING_DASHBOARD_DB_CONNECTED","timestamp":"2026-07-07T12:29:45.980Z"}
7/7/2026, 5:59:45 pm | {"api":"/api/cash-closing-dashboard","event":"CASH_CLOSING_DASHBOARD_QUERY_STARTED","filters":{"cluster":"","branch":"","fromDate":"","toDate":"","status":""},"timestamp":"2026-07-07T12:29:45.981Z"}
7/7/2026, 5:59:45 pm | {"api":"/api/cash-closing-dashboard","event":"CASH_CLOSING_DASHBOARD_DATA_FETCHED","totalRecords":56,"timestamp":"2026-07-07T12:29:45.989Z"}
7/7/2026, 5:59:45 pm | {"api":"/api/cash-closing-dashboard","event":"CASH_CLOSING_CLUSTER_FETCHED","totalClusters":4,"timestamp":"2026-07-07T12:29:45.992Z"}
7/7/2026, 5:59:45 pm | {"api":"/api/cash-closing-dashboard","event":"CASH_CLOSING_BRANCH_FETCHED","totalBranches":56,"timestamp":"2026-07-07T12:29:45.996Z"}
7/7/2026, 5:59:45 pm | {"api":"/api/cash-closing-dashboard","event":"CASH_CLOSING_DASHBOARD_SUCCESS","totalRecords":56,"filters":{"cluster":"","branch":"","fromDate":"","toDate":"","status":""},"timestamp":"2026-07-07T12:29:45.997Z"}
7/7/2026, 5:59:46 pm | {"api":"/api/cash-closing-dashboard","event":"CASH_CLOSING_DASHBOARD_API_STARTED","filters":{"cluster":"","branch":"","fromDate":"","toDate":"","status":""},"timestamp":"2026-07-07T12:29:46.100Z"}
7/7/2026, 5:59:46 pm | {"api":"/api/cash-closing-dashboard","event":"CASH_CLOSING_DASHBOARD_DB_CONNECTED","timestamp":"2026-07-07T12:29:46.101Z"}
7/7/2026, 5:59:46 pm | {"api":"/api/cash-closing-dashboard","event":"CASH_CLOSING_DASHBOARD_QUERY_STARTED","filters":{"cluster":"","branch":"","fromDate":"","toDate":"","status":""},"timestamp":"2026-07-07T12:29:46.102Z"}
7/7/2026, 5:59:46 pm | {"api":"/api/cash-closing-dashboard","event":"CASH_CLOSING_DASHBOARD_DATA_FETCHED","totalRecords":56,"timestamp":"2026-07-07T12:29:46.107Z"}
7/7/2026, 5:59:46 pm | {"api":"/api/cash-closing-dashboard","event":"CASH_CLOSING_CLUSTER_FETCHED","totalClusters":4,"timestamp":"2026-07-07T12:29:46.111Z"}
7/7/2026, 5:59:46 pm | {"api":"/api/cash-closing-dashboard","event":"CASH_CLOSING_BRANCH_FETCHED","totalBranches":56,"timestamp":"2026-07-07T12:29:46.114Z"}
7/7/2026, 5:59:46 pm | {"api":"/api/cash-closing-dashboard","event":"CASH_CLOSING_DASHBOARD_SUCCESS","totalRecords":56,"filters":{"cluster":"","branch":"","fromDate":"","toDate":"","status":""},"timestamp":"2026-07-07T12:29:46.114Z"}
7/7/2026, 5:59:46 pm | {"api":"/api/cash-closing-dashboard","event":"CASH_CLOSING_DASHBOARD_API_STARTED","filters":{"cluster":"","branch":"","fromDate":"","toDate":"","status":""},"timestamp":"2026-07-07T12:29:46.236Z"}
7/7/2026, 5:59:46 pm | {"api":"/api/cash-closing-dashboard","event":"CASH_CLOSING_DASHBOARD_DB_CONNECTED","timestamp":"2026-07-07T12:29:46.237Z"}
7/7/2026, 5:59:46 pm | {"api":"/api/cash-closing-dashboard","event":"CASH_CLOSING_DASHBOARD_QUERY_STARTED","filters":{"cluster":"","branch":"","fromDate":"","toDate":"","status":""},"timestamp":"2026-07-07T12:29:46.238Z"}
7/7/2026, 5:59:46 pm | {"api":"/api/cash-closing-dashboard","event":"CASH_CLOSING_DASHBOARD_DATA_FETCHED","totalRecords":56,"timestamp":"2026-07-07T12:29:46.244Z"}
7/7/2026, 5:59:46 pm | {"api":"/api/cash-closing-dashboard","event":"CASH_CLOSING_CLUSTER_FETCHED","totalClusters":4,"timestamp":"2026-07-07T12:29:46.247Z"}
7/7/2026, 5:59:46 pm | {"api":"/api/cash-closing-dashboard","event":"CASH_CLOSING_BRANCH_FETCHED","totalBranches":56,"timestamp":"2026-07-07T12:29:46.251Z"}
7/7/2026, 5:59:46 pm | {"api":"/api/cash-closing-dashboard","event":"CASH_CLOSING_DASHBOARD_SUCCESS","totalRecords":56,"filters":{"cluster":"","branch":"","fromDate":"","toDate":"","status":""},"timestamp":"2026-07-07T12:29:46.252Z"}
7/7/2026, 5:59:46 pm | {"api":"/api/cash-closing-dashboard","event":"CASH_CLOSING_DASHBOARD_API_STARTED","filters":{"cluster":"","branch":"","fromDate":"","toDate":"","status":""},"timestamp":"2026-07-07T12:29:46.373Z"}
7/7/2026, 5:59:46 pm | {"api":"/api/cash-closing-dashboard","event":"CASH_CLOSING_DASHBOARD_DB_CONNECTED","timestamp":"2026-07-07T12:29:46.374Z"}
7/7/2026, 5:59:46 pm | {"api":"/api/cash-closing-dashboard","event":"CASH_CLOSING_DASHBOARD_QUERY_STARTED","filters":{"cluster":"","branch":"","fromDate":"","toDate":"","status":""},"timestamp":"2026-07-07T12:29:46.374Z"}
7/7/2026, 5:59:46 pm | {"api":"/api/cash-closing-dashboard","event":"CASH_CLOSING_DASHBOARD_DATA_FETCHED","totalRecords":56,"timestamp":"2026-07-07T12:29:46.381Z"}
7/7/2026, 5:59:46 pm | {"api":"/api/cash-closing-dashboard","event":"CASH_CLOSING_CLUSTER_FETCHED","totalClusters":4,"timestamp":"2026-07-07T12:29:46.385Z"}
7/7/2026, 5:59:46 pm | {"api":"/api/cash-closing-dashboard","event":"CASH_CLOSING_BRANCH_FETCHED","totalBranches":56,"timestamp":"2026-07-07T12:29:46.389Z"}
7/7/2026, 5:59:46 pm | {"api":"/api/cash-closing-dashboard","event":"CASH_CLOSING_DASHBOARD_SUCCESS","totalRecords":56,"filters":{"cluster":"","branch":"","fromDate":"","toDate":"","status":""},"timestamp":"2026-07-07T12:29:46.390Z"}
7/7/2026, 6:00:02 pm | {"api":"/login","event":"LOGIN_API_STARTED","mpin":"0051","deviceId":"59eb5065f5269964","timestamp":"2026-07-07T12:30:02.600Z"}
7/7/2026, 6:00:02 pm | {"event":"LOGIN_REQUEST","mpin":"0051","deviceId":"59eb5065f5269964","timestamp":"2026-07-07T12:30:02.601Z"}
7/7/2026, 6:00:02 pm | {"api":"/login","event":"LOGIN_DB_QUERY_STARTED","mpin":"0051","timestamp":"2026-07-07T12:30:02.602Z"}
7/7/2026, 6:00:02 pm | {"api":"/login","event":"LOGIN_USER_FOUND","empNo":"732","branch":"Machilipatnam","designation":"Branch Manager","timestamp":"2026-07-07T12:30:02.613Z"}
7/7/2026, 6:00:02 pm | {"api":"/login","event":"LOGIN_DEVICE_CHECK","empNo":"732","savedDevice":"59eb5065f5269964","currentDevice":"59eb5065f5269964","timestamp":"2026-07-07T12:30:02.614Z"}
7/7/2026, 6:00:02 pm | {"api":"/login","event":"LOGIN_SUCCESS","empNo":"732","branch":"Machilipatnam","designation":"Branch Manager","loginTime":"2026-07-07T12:30:02.623Z"}
7/7/2026, 6:00:02 pm | {"api":"/employee/:empNo","event":"EMPLOYEE_API_STARTED","empNo":"732","timestamp":"2026-07-07T12:30:02.897Z"}
7/7/2026, 6:00:02 pm | {"api":"/employee/:empNo","event":"EMPLOYEE_DB_QUERY_STARTED","empNo":"732","timestamp":"2026-07-07T12:30:02.898Z"}
7/7/2026, 6:00:02 pm | {"api":"/employee/:empNo","event":"EMPLOYEE_FETCH_SUCCESS","empNo":"732","employeeName":"T V Harihara Reddy","branch":"Machilipatnam","designation":"Branch Manager","timestamp":"2026-07-07T12:30:02.902Z"}
7/7/2026, 6:00:03 pm | {"api":"/last-submission/:empNo","event":"LAST_SUBMISSION_API_STARTED","empNo":"732","timestamp":"2026-07-07T12:30:03.037Z"}
7/7/2026, 6:00:03 pm | {"api":"/last-submission/:empNo","event":"LAST_SUBMISSION_DB_QUERY_STARTED","empNo":"732","timestamp":"2026-07-07T12:30:03.038Z"}
7/7/2026, 6:00:03 pm | {"api":"/last-submission/:empNo","event":"LAST_SUBMISSION_FETCH_SUCCESS","empNo":"732","amount":1493000,"actionAt":"2026-07-06 18:14:03","timestamp":"2026-07-07T12:30:03.043Z"}
7/7/2026, 6:00:03 pm | {"api":"/today-cash/:empNo","event":"TODAY_CASH_API_STARTED","empNo":"732","timestamp":"2026-07-07T12:30:03.303Z"}
7/7/2026, 6:00:03 pm | {"api":"/today-cash/:empNo","event":"TODAY_CASH_DB_QUERY_STARTED","empNo":"732","timestamp":"2026-07-07T12:30:03.304Z"}
7/7/2026, 6:00:03 pm | {"api":"/today-cash/:empNo","event":"TODAY_CASH_NOT_FOUND","empNo":"732","timestamp":"2026-07-07T12:30:03.309Z"}
7/7/2026, 6:00:10 pm | {"api":"/save-cash-closing","event":"SAVE_CASH_API_STARTED","empNo":"732","amount":"925000","timestamp":"2026-07-07T12:30:10.515Z"}
7/7/2026, 6:00:10 pm | {"api":"/save-cash-closing","event":"PREVIOUS_DAY_RECORD_FOUND","empNo":"732","oldDate":"2026-07-06T00:00:00.000Z","amount":1493000,"timestamp":"2026-07-07T12:30:10.521Z"}
7/7/2026, 6:00:10 pm | {"api":"/save-cash-closing","event":"PREVIOUS_DAY_MOVED_TO_HISTORY","empNo":"732","timestamp":"2026-07-07T12:30:10.528Z"}
7/7/2026, 6:00:10 pm | {"api":"/save-cash-closing","event":"PREVIOUS_DAY_DELETED","empNo":"732","timestamp":"2026-07-07T12:30:10.536Z"}
7/7/2026, 6:00:10 pm | {"api":"/save-cash-closing","event":"SAVE_CASH_NEW_ENTRY","empNo":"732","amount":"925000","branch":"Machilipatnam","timestamp":"2026-07-07T12:30:10.540Z"}
7/7/2026, 6:00:10 pm | {"api":"/save-cash-closing","event":"SAVE_CASH_HISTORY_INSERTED","empNo":"732","actionType":"ADDED","version":1,"timestamp":"2026-07-07T12:30:10.556Z"}
7/7/2026, 6:00:10 pm | {"api":"/save-cash-closing","event":"SAVE_CASH_SUCCESS","type":"INSERT","empNo":"732","amount":"925000","timestamp":"2026-07-07T12:30:10.557Z"}
7/7/2026, 6:00:13 pm | {"api":"/save-cash-closing","event":"SAVE_CASH_API_STARTED","empNo":"732","amount":"925000","timestamp":"2026-07-07T12:30:13.260Z"}
7/7/2026, 6:00:13 pm | {"api":"/save-cash-closing","event":"SAVE_CASH_UPDATE_STARTED","empNo":"732","oldAmount":925000,"newAmount":"925000","currentVersion":1,"nextVersion":2,"timestamp":"2026-07-07T12:30:13.268Z"}
7/7/2026, 6:00:13 pm | {"api":"/save-cash-closing","event":"SAVE_CASH_HISTORY_UPDATED","empNo":"732","version":2,"timestamp":"2026-07-07T12:30:13.282Z"}
7/7/2026, 6:00:13 pm | {"api":"/save-cash-closing","event":"SAVE_CASH_SUCCESS","type":"UPDATE","empNo":"732","amount":"925000","version":2,"timestamp":"2026-07-07T12:30:13.283Z"}
7/7/2026, 6:00:13 pm | {"api":"/api/cash-closing-dashboard","event":"CASH_CLOSING_DASHBOARD_API_STARTED","filters":{"cluster":"","branch":"","fromDate":"","toDate":"","status":""},"timestamp":"2026-07-07T12:30:13.878Z"}
7/7/2026, 6:00:13 pm | {"api":"/api/cash-closing-dashboard","event":"CASH_CLOSING_DASHBOARD_DB_CONNECTED","timestamp":"2026-07-07T12:30:13.879Z"}
7/7/2026, 6:00:13 pm | {"api":"/api/cash-closing-dashboard","event":"CASH_CLOSING_DASHBOARD_QUERY_STARTED","filters":{"cluster":"","branch":"","fromDate":"","toDate":"","status":""},"timestamp":"2026-07-07T12:30:13.879Z"}
7/7/2026, 6:00:13 pm | {"api":"/api/cash-closing-dashboard","event":"CASH_CLOSING_DASHBOARD_DATA_FETCHED","totalRecords":56,"timestamp":"2026-07-07T12:30:13.886Z"}
7/7/2026, 6:00:13 pm | {"api":"/api/cash-closing-dashboard","event":"CASH_CLOSING_CLUSTER_FETCHED","totalClusters":4,"timestamp":"2026-07-07T12:30:13.889Z"}
7/7/2026, 6:00:13 pm | {"api":"/api/cash-closing-dashboard","event":"CASH_CLOSING_BRANCH_FETCHED","totalBranches":56,"timestamp":"2026-07-07T12:30:13.892Z"}
7/7/2026, 6:00:13 pm | {"api":"/api/cash-closing-dashboard","event":"CASH_CLOSING_DASHBOARD_SUCCESS","totalRecords":56,"filters":{"cluster":"","branch":"","fromDate":"","toDate":"","status":""},"timestamp":"2026-07-07T12:30:13.893Z"}
7/7/2026, 6:00:13 pm | {"api":"/api/cash-closing-dashboard","event":"CASH_CLOSING_DASHBOARD_API_STARTED","filters":{"cluster":"","branch":"","fromDate":"","toDate":"","status":""},"timestamp":"2026-07-07T12:30:13.987Z"}
7/7/2026, 6:00:13 pm | {"api":"/api/cash-closing-dashboard","event":"CASH_CLOSING_DASHBOARD_DB_CONNECTED","timestamp":"2026-07-07T12:30:13.988Z"}
7/7/2026, 6:00:13 pm | {"api":"/api/cash-closing-dashboard","event":"CASH_CLOSING_DASHBOARD_QUERY_STARTED","filters":{"cluster":"","branch":"","fromDate":"","toDate":"","status":""},"timestamp":"2026-07-07T12:30:13.988Z"}
7/7/2026, 6:00:13 pm | {"api":"/api/cash-closing-dashboard","event":"CASH_CLOSING_DASHBOARD_DATA_FETCHED","totalRecords":56,"timestamp":"2026-07-07T12:30:13.995Z"}
7/7/2026, 6:00:13 pm | {"api":"/api/cash-closing-dashboard","event":"CASH_CLOSING_CLUSTER_FETCHED","totalClusters":4,"timestamp":"2026-07-07T12:30:13.999Z"}
7/7/2026, 6:00:14 pm | {"api":"/api/cash-closing-dashboard","event":"CASH_CLOSING_BRANCH_FETCHED","totalBranches":56,"timestamp":"2026-07-07T12:30:14.002Z"}
7/7/2026, 6:00:14 pm | {"api":"/api/cash-closing-dashboard","event":"CASH_CLOSING_DASHBOARD_SUCCESS","totalRecords":56,"filters":{"cluster":"","branch":"","fromDate":"","toDate":"","status":""},"timestamp":"2026-07-07T12:30:14.003Z"}
7/7/2026, 6:00:14 pm | {"api":"/api/cash-closing-dashboard","event":"CASH_CLOSING_DASHBOARD_API_STARTED","filters":{"cluster":"","branch":"","fromDate":"","toDate":"","status":""},"timestamp":"2026-07-07T12:30:14.123Z"}
7/7/2026, 6:00:14 pm | {"api":"/api/cash-closing-dashboard","event":"CASH_CLOSING_DASHBOARD_DB_CONNECTED","timestamp":"2026-07-07T12:30:14.124Z"}
7/7/2026, 6:00:14 pm | {"api":"/api/cash-closing-dashboard","event":"CASH_CLOSING_DASHBOARD_QUERY_STARTED","filters":{"cluster":"","branch":"","fromDate":"","toDate":"","status":""},"timestamp":"2026-07-07T12:30:14.125Z"}
7/7/2026, 6:00:14 pm | {"api":"/api/cash-closing-dashboard","event":"CASH_CLOSING_DASHBOARD_DATA_FETCHED","totalRecords":56,"timestamp":"2026-07-07T12:30:14.131Z"}
7/7/2026, 6:00:14 pm | {"api":"/api/cash-closing-dashboard","event":"CASH_CLOSING_CLUSTER_FETCHED","totalClusters":4,"timestamp":"2026-07-07T12:30:14.134Z"}
7/7/2026, 6:00:14 pm | {"api":"/api/cash-closing-dashboard","event":"CASH_CLOSING_BRANCH_FETCHED","totalBranches":56,"timestamp":"2026-07-07T12:30:14.138Z"}
7/7/2026, 6:00:14 pm | {"api":"/api/cash-closing-dashboard","event":"CASH_CLOSING_DASHBOARD_SUCCESS","totalRecords":56,"filters":{"cluster":"","branch":"","fromDate":"","toDate":"","status":""},"timestamp":"2026-07-07T12:30:14.139Z"}
7/7/2026, 6:00:14 pm | {"api":"/api/cash-closing-dashboard","event":"CASH_CLOSING_DASHBOARD_API_STARTED","filters":{"cluster":"","branch":"","fromDate":"","toDate":"","status":""},"timestamp":"2026-07-07T12:30:14.267Z"}
7/7/2026, 6:00:14 pm | {"api":"/api/cash-closing-dashboard","event":"CASH_CLOSING_DASHBOARD_DB_CONNECTED","timestamp":"2026-07-07T12:30:14.268Z"}
7/7/2026, 6:00:14 pm | {"api":"/api/cash-closing-dashboard","event":"CASH_CLOSING_DASHBOARD_QUERY_STARTED","filters":{"cluster":"","branch":"","fromDate":"","toDate":"","status":""},"timestamp":"2026-07-07T12:30:14.269Z"}
7/7/2026, 6:00:14 pm | {"api":"/api/cash-closing-dashboard","event":"CASH_CLOSING_DASHBOARD_DATA_FETCHED","totalRecords":56,"timestamp":"2026-07-07T12:30:14.276Z"}
7/7/2026, 6:00:14 pm | {"api":"/api/cash-closing-dashboard","event":"CASH_CLOSING_CLUSTER_FETCHED","totalClusters":4,"timestamp":"2026-07-07T12:30:14.279Z"}
7/7/2026, 6:00:14 pm | {"api":"/api/cash-closing-dashboard","event":"CASH_CLOSING_BRANCH_FETCHED","totalBranches":56,"timestamp":"2026-07-07T12:30:14.282Z"}
7/7/2026, 6:00:14 pm | {"api":"/api/cash-closing-dashboard","event":"CASH_CLOSING_DASHBOARD_SUCCESS","totalRecords":56,"filters":{"cluster":"","branch":"","fromDate":"","toDate":"","status":""},"timestamp":"2026-07-07T12:30:14.283Z"}
7/7/2026, 6:00:14 pm | {"api":"/api/cash-closing-dashboard","event":"CASH_CLOSING_DASHBOARD_API_STARTED","filters":{"cluster":"","branch":"","fromDate":"","toDate":"","status":""},"timestamp":"2026-07-07T12:30:14.395Z"}
7/7/2026, 6:00:14 pm | {"api":"/api/cash-closing-dashboard","event":"CASH_CLOSING_DASHBOARD_DB_CONNECTED","timestamp":"2026-07-07T12:30:14.396Z"}
7/7/2026, 6:00:14 pm | {"api":"/api/cash-closing-dashboard","event":"CASH_CLOSING_DASHBOARD_QUERY_STARTED","filters":{"cluster":"","branch":"","fromDate":"","toDate":"","status":""},"timestamp":"2026-07-07T12:30:14.397Z"}
7/7/2026, 6:00:14 pm | {"api":"/api/cash-closing-dashboard","event":"CASH_CLOSING_DASHBOARD_DATA_FETCHED","totalRecords":56,"timestamp":"2026-07-07T12:30:14.403Z"}
7/7/2026, 6:00:14 pm | {"api":"/api/cash-closing-dashboard","event":"CASH_CLOSING_CLUSTER_FETCHED","totalClusters":4,"timestamp":"2026-07-07T12:30:14.407Z"}
7/7/2026, 6:00:14 pm | {"api":"/api/cash-closing-dashboard","event":"CASH_CLOSING_BRANCH_FETCHED","totalBranches":56,"timestamp":"2026-07-07T12:30:14.411Z"}
7/7/2026, 6:00:14 pm | {"api":"/api/cash-closing-dashboard","event":"CASH_CLOSING_DASHBOARD_SUCCESS","totalRecords":56,"filters":{"cluster":"","branch":"","fromDate":"","toDate":"","status":""},"timestamp":"2026-07-07T12:30:14.412Z"}
7/7/2026, 6:00:14 pm | {"api":"/api/cash-closing-dashboard","event":"CASH_CLOSING_DASHBOARD_API_STARTED","filters":{"cluster":"","branch":"","fromDate":"","toDate":"","status":""},"timestamp":"2026-07-07T12:30:14.515Z"}
7/7/2026, 6:00:14 pm | {"api":"/api/cash-closing-dashboard","event":"CASH_CLOSING_DASHBOARD_DB_CONNECTED","timestamp":"2026-07-07T12:30:14.516Z"}
7/7/2026, 6:00:14 pm | {"api":"/api/cash-closing-dashboard","event":"CASH_CLOSING_DASHBOARD_QUERY_STARTED","filters":{"cluster":"","branch":"","fromDate":"","toDate":"","status":""},"timestamp":"2026-07-07T12:30:14.517Z"}
7/7/2026, 6:00:14 pm | {"api":"/api/cash-closing-dashboard","event":"CASH_CLOSING_DASHBOARD_DATA_FETCHED","totalRecords":56,"timestamp":"2026-07-07T12:30:14.523Z"}
7/7/2026, 6:00:14 pm | {"api":"/api/cash-closing-dashboard","event":"CASH_CLOSING_CLUSTER_FETCHED","totalClusters":4,"timestamp":"2026-07-07T12:30:14.527Z"}
7/7/2026, 6:00:14 pm | {"api":"/api/cash-closing-dashboard","event":"CASH_CLOSING_BRANCH_FETCHED","totalBranches":56,"timestamp":"2026-07-07T12:30:14.530Z"}
7/7/2026, 6:00:14 pm | {"api":"/api/cash-closing-dashboard","event":"CASH_CLOSING_DASHBOARD_SUCCESS","totalRecords":56,"filters":{"cluster":"","branch":"","fromDate":"","toDate":"","status":""},"timestamp":"2026-07-07T12:30:14.531Z"}
7/7/2026, 6:00:14 pm | {"api":"/api/cash-closing-dashboard","event":"CASH_CLOSING_DASHBOARD_API_STARTED","filters":{"cluster":"","branch":"","fromDate":"","toDate":"","status":""},"timestamp":"2026-07-07T12:30:14.633Z"}
7/7/2026, 6:00:14 pm | {"api":"/api/cash-closing-dashboard","event":"CASH_CLOSING_DASHBOARD_DB_CONNECTED","timestamp":"2026-07-07T12:30:14.635Z"}
7/7/2026, 6:00:14 pm | {"api":"/api/cash-closing-dashboard","event":"CASH_CLOSING_DASHBOARD_QUERY_STARTED","filters":{"cluster":"","branch":"","fromDate":"","toDate":"","status":""},"timestamp":"2026-07-07T12:30:14.636Z"}
7/7/2026, 6:00:14 pm | {"api":"/api/cash-closing-dashboard","event":"CASH_CLOSING_DASHBOARD_DATA_FETCHED","totalRecords":56,"timestamp":"2026-07-07T12:30:14.644Z"}
7/7/2026, 6:00:14 pm | {"api":"/api/cash-closing-dashboard","event":"CASH_CLOSING_CLUSTER_FETCHED","totalClusters":4,"timestamp":"2026-07-07T12:30:14.647Z"}
7/7/2026, 6:00:14 pm | {"api":"/api/cash-closing-dashboard","event":"CASH_CLOSING_BRANCH_FETCHED","totalBranches":56,"timestamp":"2026-07-07T12:30:14.650Z"}
7/7/2026, 6:00:14 pm | {"api":"/api/cash-closing-dashboard","event":"CASH_CLOSING_DASHBOARD_SUCCESS","totalRecords":56,"filters":{"cluster":"","branch":"","fromDate":"","toDate":"","status":""},"timestamp":"2026-07-07T12:30:14.651Z"}
7/7/2026, 6:00:23 pm | {"api":"/save-cash-closing","event":"SAVE_CASH_API_STARTED","empNo":"471","amount":"2485000","timestamp":"2026-07-07T12:30:23.463Z"}
7/7/2026, 6:00:23 pm | {"api":"/save-cash-closing","event":"PREVIOUS_DAY_RECORD_FOUND","empNo":"471","oldDate":"2026-07-06T00:00:00.000Z","amount":2350000,"timestamp":"2026-07-07T12:30:23.469Z"}
7/7/2026, 6:00:23 pm | {"api":"/save-cash-closing","event":"PREVIOUS_DAY_MOVED_TO_HISTORY","empNo":"471","timestamp":"2026-07-07T12:30:23.484Z"}
7/7/2026, 6:00:23 pm | {"api":"/save-cash-closing","event":"PREVIOUS_DAY_DELETED","empNo":"471","timestamp":"2026-07-07T12:30:23.492Z"}
7/7/2026, 6:00:23 pm | {"api":"/save-cash-closing","event":"SAVE_CASH_NEW_ENTRY","empNo":"471","amount":"2485000","branch":"Nuzvid","timestamp":"2026-07-07T12:30:23.495Z"}
7/7/2026, 6:00:23 pm | {"api":"/save-cash-closing","event":"SAVE_CASH_HISTORY_INSERTED","empNo":"471","actionType":"ADDED","version":1,"timestamp":"2026-07-07T12:30:23.509Z"}
7/7/2026, 6:00:23 pm | {"api":"/save-cash-closing","event":"SAVE_CASH_SUCCESS","type":"INSERT","empNo":"471","amount":"2485000","timestamp":"2026-07-07T12:30:23.510Z"}
7/7/2026, 6:00:28 pm | {"api":"/api/cash-closing-dashboard","event":"CASH_CLOSING_DASHBOARD_API_STARTED","filters":{"cluster":"","branch":"","fromDate":"","toDate":"","status":""},"timestamp":"2026-07-07T12:30:28.292Z"}
7/7/2026, 6:00:28 pm | {"api":"/api/cash-closing-dashboard","event":"CASH_CLOSING_DASHBOARD_DB_CONNECTED","timestamp":"2026-07-07T12:30:28.293Z"}
7/7/2026, 6:00:28 pm | {"api":"/api/cash-closing-dashboard","event":"CASH_CLOSING_DASHBOARD_QUERY_STARTED","filters":{"cluster":"","branch":"","fromDate":"","toDate":"","status":""},"timestamp":"2026-07-07T12:30:28.294Z"}
7/7/2026, 6:00:28 pm | {"api":"/api/cash-closing-dashboard","event":"CASH_CLOSING_DASHBOARD_DATA_FETCHED","totalRecords":56,"timestamp":"2026-07-07T12:30:28.301Z"}
7/7/2026, 6:00:28 pm | {"api":"/api/cash-closing-dashboard","event":"CASH_CLOSING_CLUSTER_FETCHED","totalClusters":4,"timestamp":"2026-07-07T12:30:28.304Z"}
7/7/2026, 6:00:28 pm | {"api":"/api/cash-closing-dashboard","event":"CASH_CLOSING_BRANCH_FETCHED","totalBranches":56,"timestamp":"2026-07-07T12:30:28.308Z"}
7/7/2026, 6:00:28 pm | {"api":"/api/cash-closing-dashboard","event":"CASH_CLOSING_DASHBOARD_SUCCESS","totalRecords":56,"filters":{"cluster":"","branch":"","fromDate":"","toDate":"","status":""},"timestamp":"2026-07-07T12:30:28.308Z"}
7/7/2026, 6:00:28 pm | {"api":"/api/cash-closing-dashboard","event":"CASH_CLOSING_DASHBOARD_API_STARTED","filters":{"cluster":"","branch":"","fromDate":"","toDate":"","status":""},"timestamp":"2026-07-07T12:30:28.393Z"}
7/7/2026, 6:00:28 pm | {"api":"/api/cash-closing-dashboard","event":"CASH_CLOSING_DASHBOARD_DB_CONNECTED","timestamp":"2026-07-07T12:30:28.394Z"}
7/7/2026, 6:00:28 pm | {"api":"/api/cash-closing-dashboard","event":"CASH_CLOSING_DASHBOARD_QUERY_STARTED","filters":{"cluster":"","branch":"","fromDate":"","toDate":"","status":""},"timestamp":"2026-07-07T12:30:28.395Z"}
7/7/2026, 6:00:28 pm | {"api":"/api/cash-closing-dashboard","event":"CASH_CLOSING_DASHBOARD_DATA_FETCHED","totalRecords":56,"timestamp":"2026-07-07T12:30:28.402Z"}
7/7/2026, 6:00:28 pm | {"api":"/api/cash-closing-dashboard","event":"CASH_CLOSING_CLUSTER_FETCHED","totalClusters":4,"timestamp":"2026-07-07T12:30:28.405Z"}
7/7/2026, 6:00:28 pm | {"api":"/api/cash-closing-dashboard","event":"CASH_CLOSING_BRANCH_FETCHED","totalBranches":56,"timestamp":"2026-07-07T12:30:28.408Z"}
7/7/2026, 6:00:28 pm | {"api":"/api/cash-closing-dashboard","event":"CASH_CLOSING_DASHBOARD_SUCCESS","totalRecords":56,"filters":{"cluster":"","branch":"","fromDate":"","toDate":"","status":""},"timestamp":"2026-07-07T12:30:28.409Z"}
7/7/2026, 6:00:28 pm | {"api":"/api/cash-closing-dashboard","event":"CASH_CLOSING_DASHBOARD_API_STARTED","filters":{"cluster":"","branch":"","fromDate":"","toDate":"","status":""},"timestamp":"2026-07-07T12:30:28.531Z"}
7/7/2026, 6:00:28 pm | {"api":"/api/cash-closing-dashboard","event":"CASH_CLOSING_DASHBOARD_DB_CONNECTED","timestamp":"2026-07-07T12:30:28.534Z"}
7/7/2026, 6:00:28 pm | {"api":"/api/cash-closing-dashboard","event":"CASH_CLOSING_DASHBOARD_QUERY_STARTED","filters":{"cluster":"","branch":"","fromDate":"","toDate":"","status":""},"timestamp":"2026-07-07T12:30:28.536Z"}
7/7/2026, 6:00:28 pm | {"api":"/api/cash-closing-dashboard","event":"CASH_CLOSING_DASHBOARD_DATA_FETCHED","totalRecords":56,"timestamp":"2026-07-07T12:30:28.544Z"}
7/7/2026, 6:00:28 pm | {"api":"/api/cash-closing-dashboard","event":"CASH_CLOSING_CLUSTER_FETCHED","totalClusters":4,"timestamp":"2026-07-07T12:30:28.547Z"}
7/7/2026, 6:00:28 pm | {"api":"/api/cash-closing-dashboard","event":"CASH_CLOSING_BRANCH_FETCHED","totalBranches":56,"timestamp":"2026-07-07T12:30:28.550Z"}
7/7/2026, 6:00:28 pm | {"api":"/api/cash-closing-dashboard","event":"CASH_CLOSING_DASHBOARD_SUCCESS","totalRecords":56,"filters":{"cluster":"","branch":"","fromDate":"","toDate":"","status":""},"timestamp":"2026-07-07T12:30:28.551Z"}
7/7/2026, 6:00:28 pm | {"api":"/api/cash-closing-dashboard","event":"CASH_CLOSING_DASHBOARD_API_STARTED","filters":{"cluster":"","branch":"","fromDate":"","toDate":"","status":""},"timestamp":"2026-07-07T12:30:28.674Z"}
7/7/2026, 6:00:28 pm | {"api":"/api/cash-closing-dashboard","event":"CASH_CLOSING_DASHBOARD_DB_CONNECTED","timestamp":"2026-07-07T12:30:28.675Z"}
7/7/2026, 6:00:28 pm | {"api":"/api/cash-closing-dashboard","event":"CASH_CLOSING_DASHBOARD_QUERY_STARTED","filters":{"cluster":"","branch":"","fromDate":"","toDate":"","status":""},"timestamp":"2026-07-07T12:30:28.676Z"}
7/7/2026, 6:00:28 pm | {"api":"/api/cash-closing-dashboard","event":"CASH_CLOSING_DASHBOARD_DATA_FETCHED","totalRecords":56,"timestamp":"2026-07-07T12:30:28.683Z"}
7/7/2026, 6:00:28 pm | {"api":"/api/cash-closing-dashboard","event":"CASH_CLOSING_CLUSTER_FETCHED","totalClusters":4,"timestamp":"2026-07-07T12:30:28.686Z"}
7/7/2026, 6:00:28 pm | {"api":"/api/cash-closing-dashboard","event":"CASH_CLOSING_BRANCH_FETCHED","totalBranches":56,"timestamp":"2026-07-07T12:30:28.689Z"}
7/7/2026, 6:00:28 pm | {"api":"/api/cash-closing-dashboard","event":"CASH_CLOSING_DASHBOARD_SUCCESS","totalRecords":56,"filters":{"cluster":"","branch":"","fromDate":"","toDate":"","status":""},"timestamp":"2026-07-07T12:30:28.690Z"}
7/7/2026, 6:00:28 pm | {"api":"/api/cash-closing-dashboard","event":"CASH_CLOSING_DASHBOARD_API_STARTED","filters":{"cluster":"","branch":"","fromDate":"","toDate":"","status":""},"timestamp":"2026-07-07T12:30:28.931Z"}
7/7/2026, 6:00:28 pm | {"api":"/api/cash-closing-dashboard","event":"CASH_CLOSING_DASHBOARD_DB_CONNECTED","timestamp":"2026-07-07T12:30:28.932Z"}
7/7/2026, 6:00:28 pm | {"api":"/api/cash-closing-dashboard","event":"CASH_CLOSING_DASHBOARD_QUERY_STARTED","filters":{"cluster":"","branch":"","fromDate":"","toDate":"","status":""},"timestamp":"2026-07-07T12:30:28.933Z"}
7/7/2026, 6:00:28 pm | {"api":"/api/cash-closing-dashboard","event":"CASH_CLOSING_DASHBOARD_DATA_FETCHED","totalRecords":56,"timestamp":"2026-07-07T12:30:28.939Z"}
7/7/2026, 6:00:28 pm | {"api":"/api/cash-closing-dashboard","event":"CASH_CLOSING_CLUSTER_FETCHED","totalClusters":4,"timestamp":"2026-07-07T12:30:28.944Z"}
7/7/2026, 6:00:28 pm | {"api":"/api/cash-closing-dashboard","event":"CASH_CLOSING_BRANCH_FETCHED","totalBranches":56,"timestamp":"2026-07-07T12:30:28.947Z"}
7/7/2026, 6:00:28 pm | {"api":"/api/cash-closing-dashboard","event":"CASH_CLOSING_DASHBOARD_SUCCESS","totalRecords":56,"filters":{"cluster":"","branch":"","fromDate":"","toDate":"","status":""},"timestamp":"2026-07-07T12:30:28.948Z"}
7/7/2026, 6:00:29 pm | {"api":"/api/cash-closing-dashboard","event":"CASH_CLOSING_DASHBOARD_API_STARTED","filters":{"cluster":"","branch":"","fromDate":"","toDate":"","status":""},"timestamp":"2026-07-07T12:30:29.051Z"}
7/7/2026, 6:00:29 pm | {"api":"/api/cash-closing-dashboard","event":"CASH_CLOSING_DASHBOARD_DB_CONNECTED","timestamp":"2026-07-07T12:30:29.052Z"}
7/7/2026, 6:00:29 pm | {"api":"/api/cash-closing-dashboard","event":"CASH_CLOSING_DASHBOARD_QUERY_STARTED","filters":{"cluster":"","branch":"","fromDate":"","toDate":"","status":""},"timestamp":"2026-07-07T12:30:29.053Z"}
7/7/2026, 6:00:29 pm | {"api":"/api/cash-closing-dashboard","event":"CASH_CLOSING_DASHBOARD_DATA_FETCHED","totalRecords":56,"timestamp":"2026-07-07T12:30:29.059Z"}
7/7/2026, 6:00:29 pm | {"api":"/api/cash-closing-dashboard","event":"CASH_CLOSING_CLUSTER_FETCHED","totalClusters":4,"timestamp":"2026-07-07T12:30:29.062Z"}
7/7/2026, 6:00:29 pm | {"api":"/api/cash-closing-dashboard","event":"CASH_CLOSING_BRANCH_FETCHED","totalBranches":56,"timestamp":"2026-07-07T12:30:29.068Z"}
7/7/2026, 6:00:29 pm | {"api":"/api/cash-closing-dashboard","event":"CASH_CLOSING_DASHBOARD_SUCCESS","totalRecords":56,"filters":{"cluster":"","branch":"","fromDate":"","toDate":"","status":""},"timestamp":"2026-07-07T12:30:29.068Z"}
7/7/2026, 6:00:42 pm | {"api":"/login","event":"LOGIN_API_STARTED","mpin":"2233","deviceId":"7d02586137723bb4","timestamp":"2026-07-07T12:30:42.343Z"}
7/7/2026, 6:00:42 pm | {"event":"LOGIN_REQUEST","mpin":"2233","deviceId":"7d02586137723bb4","timestamp":"2026-07-07T12:30:42.344Z"}
7/7/2026, 6:00:42 pm | {"api":"/login","event":"LOGIN_DB_QUERY_STARTED","mpin":"2233","timestamp":"2026-07-07T12:30:42.345Z"}
7/7/2026, 6:00:42 pm | {"api":"/login","event":"LOGIN_USER_FOUND","empNo":"546","branch":"Ramachandrapuram","designation":"Branch Manager","timestamp":"2026-07-07T12:30:42.354Z"}
7/7/2026, 6:00:42 pm | {"api":"/login","event":"LOGIN_DEVICE_CHECK","empNo":"546","savedDevice":"7d02586137723bb4","currentDevice":"7d02586137723bb4","timestamp":"2026-07-07T12:30:42.355Z"}
7/7/2026, 6:00:42 pm | {"api":"/login","event":"LOGIN_SUCCESS","empNo":"546","branch":"Ramachandrapuram","designation":"Branch Manager","loginTime":"2026-07-07T12:30:42.364Z"}
7/7/2026, 6:00:42 pm | {"api":"/employee/:empNo","event":"EMPLOYEE_API_STARTED","empNo":"546","timestamp":"2026-07-07T12:30:42.564Z"}
7/7/2026, 6:00:42 pm | {"api":"/employee/:empNo","event":"EMPLOYEE_DB_QUERY_STARTED","empNo":"546","timestamp":"2026-07-07T12:30:42.565Z"}
7/7/2026, 6:00:42 pm | {"api":"/employee/:empNo","event":"EMPLOYEE_FETCH_SUCCESS","empNo":"546","employeeName":"V Narayana Rao","branch":"Ramachandrapuram","designation":"Branch Manager","timestamp":"2026-07-07T12:30:42.569Z"}
7/7/2026, 6:00:42 pm | {"api":"/last-submission/:empNo","event":"LAST_SUBMISSION_API_STARTED","empNo":"546","timestamp":"2026-07-07T12:30:42.641Z"}
7/7/2026, 6:00:42 pm | {"api":"/last-submission/:empNo","event":"LAST_SUBMISSION_DB_QUERY_STARTED","empNo":"546","timestamp":"2026-07-07T12:30:42.642Z"}
7/7/2026, 6:00:42 pm | {"api":"/last-submission/:empNo","event":"LAST_SUBMISSION_FETCH_SUCCESS","empNo":"546","amount":462865,"actionAt":"2026-07-04 17:53:12","timestamp":"2026-07-07T12:30:42.647Z"}
7/7/2026, 6:00:42 pm | {"api":"/today-cash/:empNo","event":"TODAY_CASH_API_STARTED","empNo":"546","timestamp":"2026-07-07T12:30:42.748Z"}
7/7/2026, 6:00:42 pm | {"api":"/today-cash/:empNo","event":"TODAY_CASH_DB_QUERY_STARTED","empNo":"546","timestamp":"2026-07-07T12:30:42.749Z"}
7/7/2026, 6:00:42 pm | {"api":"/today-cash/:empNo","event":"TODAY_CASH_NOT_FOUND","empNo":"546","timestamp":"2026-07-07T12:30:42.754Z"}
7/7/2026, 6:00:43 pm | {"api":"/api/cash-closing-dashboard","event":"CASH_CLOSING_DASHBOARD_API_STARTED","filters":{"cluster":"","branch":"","fromDate":"","toDate":"","status":""},"timestamp":"2026-07-07T12:30:43.160Z"}
7/7/2026, 6:00:43 pm | {"api":"/api/cash-closing-dashboard","event":"CASH_CLOSING_DASHBOARD_DB_CONNECTED","timestamp":"2026-07-07T12:30:43.161Z"}
7/7/2026, 6:00:43 pm | {"api":"/api/cash-closing-dashboard","event":"CASH_CLOSING_DASHBOARD_QUERY_STARTED","filters":{"cluster":"","branch":"","fromDate":"","toDate":"","status":""},"timestamp":"2026-07-07T12:30:43.161Z"}
7/7/2026, 6:00:43 pm | {"api":"/api/cash-closing-dashboard","event":"CASH_CLOSING_DASHBOARD_DATA_FETCHED","totalRecords":56,"timestamp":"2026-07-07T12:30:43.167Z"}
7/7/2026, 6:00:43 pm | {"api":"/api/cash-closing-dashboard","event":"CASH_CLOSING_CLUSTER_FETCHED","totalClusters":4,"timestamp":"2026-07-07T12:30:43.170Z"}
7/7/2026, 6:00:43 pm | {"api":"/api/cash-closing-dashboard","event":"CASH_CLOSING_BRANCH_FETCHED","totalBranches":56,"timestamp":"2026-07-07T12:30:43.173Z"}
7/7/2026, 6:00:43 pm | {"api":"/api/cash-closing-dashboard","event":"CASH_CLOSING_DASHBOARD_SUCCESS","totalRecords":56,"filters":{"cluster":"","branch":"","fromDate":"","toDate":"","status":""},"timestamp":"2026-07-07T12:30:43.173Z"}
7/7/2026, 6:00:43 pm | {"api":"/api/cash-closing-dashboard","event":"CASH_CLOSING_DASHBOARD_API_STARTED","filters":{"cluster":"","branch":"","fromDate":"","toDate":"","status":""},"timestamp":"2026-07-07T12:30:43.315Z"}
7/7/2026, 6:00:43 pm | {"api":"/api/cash-closing-dashboard","event":"CASH_CLOSING_DASHBOARD_DB_CONNECTED","timestamp":"2026-07-07T12:30:43.316Z"}
7/7/2026, 6:00:43 pm | {"api":"/api/cash-closing-dashboard","event":"CASH_CLOSING_DASHBOARD_QUERY_STARTED","filters":{"cluster":"","branch":"","fromDate":"","toDate":"","status":""},"timestamp":"2026-07-07T12:30:43.316Z"}
7/7/2026, 6:00:43 pm | {"api":"/api/cash-closing-dashboard","event":"CASH_CLOSING_DASHBOARD_DATA_FETCHED","totalRecords":56,"timestamp":"2026-07-07T12:30:43.322Z"}
7/7/2026, 6:00:43 pm | {"api":"/api/cash-closing-dashboard","event":"CASH_CLOSING_CLUSTER_FETCHED","totalClusters":4,"timestamp":"2026-07-07T12:30:43.326Z"}
7/7/2026, 6:00:43 pm | {"api":"/api/cash-closing-dashboard","event":"CASH_CLOSING_BRANCH_FETCHED","totalBranches":56,"timestamp":"2026-07-07T12:30:43.331Z"}
7/7/2026, 6:00:43 pm | {"api":"/api/cash-closing-dashboard","event":"CASH_CLOSING_DASHBOARD_SUCCESS","totalRecords":56,"filters":{"cluster":"","branch":"","fromDate":"","toDate":"","status":""},"timestamp":"2026-07-07T12:30:43.332Z"}
7/7/2026, 6:00:43 pm | {"api":"/api/cash-closing-dashboard","event":"CASH_CLOSING_DASHBOARD_API_STARTED","filters":{"cluster":"","branch":"","fromDate":"","toDate":"","status":""},"timestamp":"2026-07-07T12:30:43.461Z"}
7/7/2026, 6:00:43 pm | {"api":"/api/cash-closing-dashboard","event":"CASH_CLOSING_DASHBOARD_DB_CONNECTED","timestamp":"2026-07-07T12:30:43.462Z"}
7/7/2026, 6:00:43 pm | {"api":"/api/cash-closing-dashboard","event":"CASH_CLOSING_DASHBOARD_QUERY_STARTED","filters":{"cluster":"","branch":"","fromDate":"","toDate":"","status":""},"timestamp":"2026-07-07T12:30:43.462Z"}
7/7/2026, 6:00:43 pm | {"api":"/api/cash-closing-dashboard","event":"CASH_CLOSING_DASHBOARD_DATA_FETCHED","totalRecords":56,"timestamp":"2026-07-07T12:30:43.468Z"}
7/7/2026, 6:00:43 pm | {"api":"/api/cash-closing-dashboard","event":"CASH_CLOSING_CLUSTER_FETCHED","totalClusters":4,"timestamp":"2026-07-07T12:30:43.471Z"}
7/7/2026, 6:00:43 pm | {"api":"/api/cash-closing-dashboard","event":"CASH_CLOSING_BRANCH_FETCHED","totalBranches":56,"timestamp":"2026-07-07T12:30:43.474Z"}
7/7/2026, 6:00:43 pm | {"api":"/api/cash-closing-dashboard","event":"CASH_CLOSING_DASHBOARD_SUCCESS","totalRecords":56,"filters":{"cluster":"","branch":"","fromDate":"","toDate":"","status":""},"timestamp":"2026-07-07T12:30:43.475Z"}
7/7/2026, 6:00:43 pm | {"api":"/api/cash-closing-dashboard","event":"CASH_CLOSING_DASHBOARD_API_STARTED","filters":{"cluster":"","branch":"","fromDate":"","toDate":"","status":""},"timestamp":"2026-07-07T12:30:43.747Z"}
7/7/2026, 6:00:43 pm | {"api":"/api/cash-closing-dashboard","event":"CASH_CLOSING_DASHBOARD_DB_CONNECTED","timestamp":"2026-07-07T12:30:43.748Z"}
7/7/2026, 6:00:43 pm | {"api":"/api/cash-closing-dashboard","event":"CASH_CLOSING_DASHBOARD_QUERY_STARTED","filters":{"cluster":"","branch":"","fromDate":"","toDate":"","status":""},"timestamp":"2026-07-07T12:30:43.749Z"}
7/7/2026, 6:00:43 pm | {"api":"/api/cash-closing-dashboard","event":"CASH_CLOSING_DASHBOARD_DATA_FETCHED","totalRecords":56,"timestamp":"2026-07-07T12:30:43.755Z"}
7/7/2026, 6:00:43 pm | {"api":"/api/cash-closing-dashboard","event":"CASH_CLOSING_CLUSTER_FETCHED","totalClusters":4,"timestamp":"2026-07-07T12:30:43.759Z"}
7/7/2026, 6:00:43 pm | {"api":"/api/cash-closing-dashboard","event":"CASH_CLOSING_BRANCH_FETCHED","totalBranches":56,"timestamp":"2026-07-07T12:30:43.762Z"}
7/7/2026, 6:00:43 pm | {"api":"/api/cash-closing-dashboard","event":"CASH_CLOSING_DASHBOARD_SUCCESS","totalRecords":56,"filters":{"cluster":"","branch":"","fromDate":"","toDate":"","status":""},"timestamp":"2026-07-07T12:30:43.763Z"}
7/7/2026, 6:00:44 pm | {"api":"/api/cash-closing-dashboard","event":"CASH_CLOSING_DASHBOARD_API_STARTED","filters":{"cluster":"","branch":"","fromDate":"","toDate":"","status":""},"timestamp":"2026-07-07T12:30:44.146Z"}
7/7/2026, 6:00:44 pm | {"api":"/api/cash-closing-dashboard","event":"CASH_CLOSING_DASHBOARD_DB_CONNECTED","timestamp":"2026-07-07T12:30:44.147Z"}
7/7/2026, 6:00:44 pm | {"api":"/api/cash-closing-dashboard","event":"CASH_CLOSING_DASHBOARD_QUERY_STARTED","filters":{"cluster":"","branch":"","fromDate":"","toDate":"","status":""},"timestamp":"2026-07-07T12:30:44.148Z"}
7/7/2026, 6:00:44 pm | {"api":"/api/cash-closing-dashboard","event":"CASH_CLOSING_DASHBOARD_DATA_FETCHED","totalRecords":56,"timestamp":"2026-07-07T12:30:44.155Z"}
7/7/2026, 6:00:44 pm | {"api":"/api/cash-closing-dashboard","event":"CASH_CLOSING_CLUSTER_FETCHED","totalClusters":4,"timestamp":"2026-07-07T12:30:44.159Z"}
7/7/2026, 6:00:44 pm | {"api":"/api/cash-closing-dashboard","event":"CASH_CLOSING_BRANCH_FETCHED","totalBranches":56,"timestamp":"2026-07-07T12:30:44.162Z"}
7/7/2026, 6:00:44 pm | {"api":"/api/cash-closing-dashboard","event":"CASH_CLOSING_DASHBOARD_SUCCESS","totalRecords":56,"filters":{"cluster":"","branch":"","fromDate":"","toDate":"","status":""},"timestamp":"2026-07-07T12:30:44.163Z"}
7/7/2026, 6:00:44 pm | {"api":"/api/cash-closing-dashboard","event":"CASH_CLOSING_DASHBOARD_API_STARTED","filters":{"cluster":"","branch":"","fromDate":"","toDate":"","status":""},"timestamp":"2026-07-07T12:30:44.307Z"}
7/7/2026, 6:00:44 pm | {"api":"/api/cash-closing-dashboard","event":"CASH_CLOSING_DASHBOARD_DB_CONNECTED","timestamp":"2026-07-07T12:30:44.308Z"}
7/7/2026, 6:00:44 pm | {"api":"/api/cash-closing-dashboard","event":"CASH_CLOSING_DASHBOARD_QUERY_STARTED","filters":{"cluster":"","branch":"","fromDate":"","toDate":"","status":""},"timestamp":"2026-07-07T12:30:44.309Z"}
7/7/2026, 6:00:44 pm | {"api":"/api/cash-closing-dashboard","event":"CASH_CLOSING_DASHBOARD_DATA_FETCHED","totalRecords":56,"timestamp":"2026-07-07T12:30:44.315Z"}
7/7/2026, 6:00:44 pm | {"api":"/api/cash-closing-dashboard","event":"CASH_CLOSING_CLUSTER_FETCHED","totalClusters":4,"timestamp":"2026-07-07T12:30:44.318Z"}
7/7/2026, 6:00:44 pm | {"api":"/api/cash-closing-dashboard","event":"CASH_CLOSING_BRANCH_FETCHED","totalBranches":56,"timestamp":"2026-07-07T12:30:44.322Z"}
7/7/2026, 6:00:44 pm | {"api":"/api/cash-closing-dashboard","event":"CASH_CLOSING_DASHBOARD_SUCCESS","totalRecords":56,"filters":{"cluster":"","branch":"","fromDate":"","toDate":"","status":""},"timestamp":"2026-07-07T12:30:44.322Z"}
7/7/2026, 6:00:44 pm | {"api":"/api/cash-closing-dashboard","event":"CASH_CLOSING_DASHBOARD_API_STARTED","filters":{"cluster":"","branch":"","fromDate":"","toDate":"","status":""},"timestamp":"2026-07-07T12:30:44.489Z"}
7/7/2026, 6:00:44 pm | {"api":"/api/cash-closing-dashboard","event":"CASH_CLOSING_DASHBOARD_DB_CONNECTED","timestamp":"2026-07-07T12:30:44.491Z"}
7/7/2026, 6:00:44 pm | {"api":"/api/cash-closing-dashboard","event":"CASH_CLOSING_DASHBOARD_QUERY_STARTED","filters":{"cluster":"","branch":"","fromDate":"","toDate":"","status":""},"timestamp":"2026-07-07T12:30:44.492Z"}
7/7/2026, 6:00:44 pm | {"api":"/api/cash-closing-dashboard","event":"CASH_CLOSING_DASHBOARD_DATA_FETCHED","totalRecords":56,"timestamp":"2026-07-07T12:30:44.499Z"}
7/7/2026, 6:00:44 pm | {"api":"/api/cash-closing-dashboard","event":"CASH_CLOSING_CLUSTER_FETCHED","totalClusters":4,"timestamp":"2026-07-07T12:30:44.502Z"}
7/7/2026, 6:00:44 pm | {"api":"/api/cash-closing-dashboard","event":"CASH_CLOSING_BRANCH_FETCHED","totalBranches":56,"timestamp":"2026-07-07T12:30:44.505Z"}
7/7/2026, 6:00:44 pm | {"api":"/api/cash-closing-dashboard","event":"CASH_CLOSING_DASHBOARD_SUCCESS","totalRecords":56,"filters":{"cluster":"","branch":"","fromDate":"","toDate":"","status":""},"timestamp":"2026-07-07T12:30:44.506Z"}
7/7/2026, 6:00:44 pm | {"api":"/api/cash-closing-dashboard","event":"CASH_CLOSING_DASHBOARD_API_STARTED","filters":{"cluster":"","branch":"","fromDate":"","toDate":"","status":""},"timestamp":"2026-07-07T12:30:44.657Z"}
7/7/2026, 6:00:44 pm | {"api":"/api/cash-closing-dashboard","event":"CASH_CLOSING_DASHBOARD_DB_CONNECTED","timestamp":"2026-07-07T12:30:44.659Z"}
7/7/2026, 6:00:44 pm | {"api":"/api/cash-closing-dashboard","event":"CASH_CLOSING_DASHBOARD_QUERY_STARTED","filters":{"cluster":"","branch":"","fromDate":"","toDate":"","status":""},"timestamp":"2026-07-07T12:30:44.659Z"}
7/7/2026, 6:00:44 pm | {"api":"/api/cash-closing-dashboard","event":"CASH_CLOSING_DASHBOARD_DATA_FETCHED","totalRecords":56,"timestamp":"2026-07-07T12:30:44.666Z"}
7/7/2026, 6:00:44 pm | {"api":"/api/cash-closing-dashboard","event":"CASH_CLOSING_CLUSTER_FETCHED","totalClusters":4,"timestamp":"2026-07-07T12:30:44.670Z"}
7/7/2026, 6:00:44 pm | {"api":"/api/cash-closing-dashboard","event":"CASH_CLOSING_BRANCH_FETCHED","totalBranches":56,"timestamp":"2026-07-07T12:30:44.673Z"}
7/7/2026, 6:00:44 pm | {"api":"/api/cash-closing-dashboard","event":"CASH_CLOSING_DASHBOARD_SUCCESS","totalRecords":56,"filters":{"cluster":"","branch":"","fromDate":"","toDate":"","status":""},"timestamp":"2026-07-07T12:30:44.674Z"}
7/7/2026, 6:00:44 pm | {"api":"/api/cash-closing-dashboard","event":"CASH_CLOSING_DASHBOARD_API_STARTED","filters":{"cluster":"","branch":"","fromDate":"","toDate":"","status":""},"timestamp":"2026-07-07T12:30:44.827Z"}
7/7/2026, 6:00:44 pm | {"api":"/api/cash-closing-dashboard","event":"CASH_CLOSING_DASHBOARD_DB_CONNECTED","timestamp":"2026-07-07T12:30:44.828Z"}
7/7/2026, 6:00:44 pm | {"api":"/api/cash-closing-dashboard","event":"CASH_CLOSING_DASHBOARD_QUERY_STARTED","filters":{"cluster":"","branch":"","fromDate":"","toDate":"","status":""},"timestamp":"2026-07-07T12:30:44.829Z"}
7/7/2026, 6:00:44 pm | {"api":"/api/cash-closing-dashboard","event":"CASH_CLOSING_DASHBOARD_DATA_FETCHED","totalRecords":56,"timestamp":"2026-07-07T12:30:44.835Z"}
7/7/2026, 6:00:44 pm | {"api":"/api/cash-closing-dashboard","event":"CASH_CLOSING_CLUSTER_FETCHED","totalClusters":4,"timestamp":"2026-07-07T12:30:44.838Z"}
7/7/2026, 6:00:44 pm | {"api":"/api/cash-closing-dashboard","event":"CASH_CLOSING_BRANCH_FETCHED","totalBranches":56,"timestamp":"2026-07-07T12:30:44.842Z"}
7/7/2026, 6:00:44 pm | {"api":"/api/cash-closing-dashboard","event":"CASH_CLOSING_DASHBOARD_SUCCESS","totalRecords":56,"filters":{"cluster":"","branch":"","fromDate":"","toDate":"","status":""},"timestamp":"2026-07-07T12:30:44.842Z"}
7/7/2026, 6:00:44 pm | {"api":"/api/cash-closing-dashboard","event":"CASH_CLOSING_DASHBOARD_API_STARTED","filters":{"cluster":"","branch":"","fromDate":"","toDate":"","status":""},"timestamp":"2026-07-07T12:30:44.995Z"}
7/7/2026, 6:00:44 pm | {"api":"/api/cash-closing-dashboard","event":"CASH_CLOSING_DASHBOARD_DB_CONNECTED","timestamp":"2026-07-07T12:30:44.996Z"}
7/7/2026, 6:00:44 pm | {"api":"/api/cash-closing-dashboard","event":"CASH_CLOSING_DASHBOARD_QUERY_STARTED","filters":{"cluster":"","branch":"","fromDate":"","toDate":"","status":""},"timestamp":"2026-07-07T12:30:44.997Z"}
7/7/2026, 6:00:45 pm | {"api":"/api/cash-closing-dashboard","event":"CASH_CLOSING_DASHBOARD_DATA_FETCHED","totalRecords":56,"timestamp":"2026-07-07T12:30:45.003Z"}
7/7/2026, 6:00:45 pm | {"api":"/api/cash-closing-dashboard","event":"CASH_CLOSING_CLUSTER_FETCHED","totalClusters":4,"timestamp":"2026-07-07T12:30:45.006Z"}
7/7/2026, 6:00:45 pm | {"api":"/api/cash-closing-dashboard","event":"CASH_CLOSING_BRANCH_FETCHED","totalBranches":56,"timestamp":"2026-07-07T12:30:45.009Z"}
7/7/2026, 6:00:45 pm | {"api":"/api/cash-closing-dashboard","event":"CASH_CLOSING_DASHBOARD_SUCCESS","totalRecords":56,"filters":{"cluster":"","branch":"","fromDate":"","toDate":"","status":""},"timestamp":"2026-07-07T12:30:45.010Z"}
7/7/2026, 6:00:45 pm | {"api":"/api/cash-closing-dashboard","event":"CASH_CLOSING_DASHBOARD_API_STARTED","filters":{"cluster":"","branch":"","fromDate":"","toDate":"","status":""},"timestamp":"2026-07-07T12:30:45.129Z"}
7/7/2026, 6:00:45 pm | {"api":"/api/cash-closing-dashboard","event":"CASH_CLOSING_DASHBOARD_DB_CONNECTED","timestamp":"2026-07-07T12:30:45.130Z"}
7/7/2026, 6:00:45 pm | {"api":"/api/cash-closing-dashboard","event":"CASH_CLOSING_DASHBOARD_QUERY_STARTED","filters":{"cluster":"","branch":"","fromDate":"","toDate":"","status":""},"timestamp":"2026-07-07T12:30:45.131Z"}
7/7/2026, 6:00:45 pm | {"api":"/api/cash-closing-dashboard","event":"CASH_CLOSING_DASHBOARD_DATA_FETCHED","totalRecords":56,"timestamp":"2026-07-07T12:30:45.137Z"}
7/7/2026, 6:00:45 pm | {"api":"/api/cash-closing-dashboard","event":"CASH_CLOSING_CLUSTER_FETCHED","totalClusters":4,"timestamp":"2026-07-07T12:30:45.141Z"}
7/7/2026, 6:00:45 pm | {"api":"/api/cash-closing-dashboard","event":"CASH_CLOSING_BRANCH_FETCHED","totalBranches":56,"timestamp":"2026-07-07T12:30:45.144Z"}
7/7/2026, 6:00:45 pm | {"api":"/api/cash-closing-dashboard","event":"CASH_CLOSING_DASHBOARD_SUCCESS","totalRecords":56,"filters":{"cluster":"","branch":"","fromDate":"","toDate":"","status":""},"timestamp":"2026-07-07T12:30:45.145Z"}
7/7/2026, 6:00:45 pm | {"api":"/api/cash-closing-dashboard","event":"CASH_CLOSING_DASHBOARD_API_STARTED","filters":{"cluster":"","branch":"","fromDate":"","toDate":"","status":""},"timestamp":"2026-07-07T12:30:45.275Z"}
7/7/2026, 6:00:45 pm | {"api":"/api/cash-closing-dashboard","event":"CASH_CLOSING_DASHBOARD_DB_CONNECTED","timestamp":"2026-07-07T12:30:45.276Z"}
7/7/2026, 6:00:45 pm | {"api":"/api/cash-closing-dashboard","event":"CASH_CLOSING_DASHBOARD_QUERY_STARTED","filters":{"cluster":"","branch":"","fromDate":"","toDate":"","status":""},"timestamp":"2026-07-07T12:30:45.276Z"}
7/7/2026, 6:00:45 pm | {"api":"/api/cash-closing-dashboard","event":"CASH_CLOSING_DASHBOARD_DATA_FETCHED","totalRecords":56,"timestamp":"2026-07-07T12:30:45.283Z"}
7/7/2026, 6:00:45 pm | {"api":"/api/cash-closing-dashboard","event":"CASH_CLOSING_CLUSTER_FETCHED","totalClusters":4,"timestamp":"2026-07-07T12:30:45.287Z"}
7/7/2026, 6:00:45 pm | {"api":"/api/cash-closing-dashboard","event":"CASH_CLOSING_BRANCH_FETCHED","totalBranches":56,"timestamp":"2026-07-07T12:30:45.290Z"}
7/7/2026, 6:00:45 pm | {"api":"/api/cash-closing-dashboard","event":"CASH_CLOSING_DASHBOARD_SUCCESS","totalRecords":56,"filters":{"cluster":"","branch":"","fromDate":"","toDate":"","status":""},"timestamp":"2026-07-07T12:30:45.291Z"}
7/7/2026, 6:00:45 pm | {"api":"/api/cash-closing-dashboard","event":"CASH_CLOSING_DASHBOARD_API_STARTED","filters":{"cluster":"","branch":"","fromDate":"","toDate":"","status":""},"timestamp":"2026-07-07T12:30:45.401Z"}
7/7/2026, 6:00:45 pm | {"api":"/api/cash-closing-dashboard","event":"CASH_CLOSING_DASHBOARD_DB_CONNECTED","timestamp":"2026-07-07T12:30:45.402Z"}
7/7/2026, 6:00:45 pm | {"api":"/api/cash-closing-dashboard","event":"CASH_CLOSING_DASHBOARD_QUERY_STARTED","filters":{"cluster":"","branch":"","fromDate":"","toDate":"","status":""},"timestamp":"2026-07-07T12:30:45.403Z"}
7/7/2026, 6:00:45 pm | {"api":"/api/cash-closing-dashboard","event":"CASH_CLOSING_DASHBOARD_DATA_FETCHED","totalRecords":56,"timestamp":"2026-07-07T12:30:45.410Z"}
7/7/2026, 6:00:45 pm | {"api":"/api/cash-closing-dashboard","event":"CASH_CLOSING_CLUSTER_FETCHED","totalClusters":4,"timestamp":"2026-07-07T12:30:45.413Z"}
7/7/2026, 6:00:45 pm | {"api":"/api/cash-closing-dashboard","event":"CASH_CLOSING_BRANCH_FETCHED","totalBranches":56,"timestamp":"2026-07-07T12:30:45.417Z"}
7/7/2026, 6:00:45 pm | {"api":"/api/cash-closing-dashboard","event":"CASH_CLOSING_DASHBOARD_SUCCESS","totalRecords":56,"filters":{"cluster":"","branch":"","fromDate":"","toDate":"","status":""},"timestamp":"2026-07-07T12:30:45.417Z"}
7/7/2026, 6:00:45 pm | {"api":"/api/cash-closing-dashboard","event":"CASH_CLOSING_DASHBOARD_API_STARTED","filters":{"cluster":"","branch":"","fromDate":"","toDate":"","status":""},"timestamp":"2026-07-07T12:30:45.547Z"}
7/7/2026, 6:00:45 pm | {"api":"/api/cash-closing-dashboard","event":"CASH_CLOSING_DASHBOARD_DB_CONNECTED","timestamp":"2026-07-07T12:30:45.548Z"}
7/7/2026, 6:00:45 pm | {"api":"/api/cash-closing-dashboard","event":"CASH_CLOSING_DASHBOARD_QUERY_STARTED","filters":{"cluster":"","branch":"","fromDate":"","toDate":"","status":""},"timestamp":"2026-07-07T12:30:45.548Z"}
7/7/2026, 6:00:45 pm | {"api":"/api/cash-closing-dashboard","event":"CASH_CLOSING_DASHBOARD_DATA_FETCHED","totalRecords":56,"timestamp":"2026-07-07T12:30:45.554Z"}
7/7/2026, 6:00:45 pm | {"api":"/api/cash-closing-dashboard","event":"CASH_CLOSING_CLUSTER_FETCHED","totalClusters":4,"timestamp":"2026-07-07T12:30:45.561Z"}
7/7/2026, 6:00:45 pm | {"api":"/api/cash-closing-dashboard","event":"CASH_CLOSING_BRANCH_FETCHED","totalBranches":56,"timestamp":"2026-07-07T12:30:45.565Z"}
7/7/2026, 6:00:45 pm | {"api":"/api/cash-closing-dashboard","event":"CASH_CLOSING_DASHBOARD_SUCCESS","totalRecords":56,"filters":{"cluster":"","branch":"","fromDate":"","toDate":"","status":""},"timestamp":"2026-07-07T12:30:45.566Z"}
7/7/2026, 6:00:45 pm | {"api":"/api/cash-closing-dashboard","event":"CASH_CLOSING_DASHBOARD_API_STARTED","filters":{"cluster":"","branch":"","fromDate":"","toDate":"","status":""},"timestamp":"2026-07-07T12:30:45.843Z"}
7/7/2026, 6:00:45 pm | {"api":"/api/cash-closing-dashboard","event":"CASH_CLOSING_DASHBOARD_DB_CONNECTED","timestamp":"2026-07-07T12:30:45.844Z"}
7/7/2026, 6:00:45 pm | {"api":"/api/cash-closing-dashboard","event":"CASH_CLOSING_DASHBOARD_QUERY_STARTED","filters":{"cluster":"","branch":"","fromDate":"","toDate":"","status":""},"timestamp":"2026-07-07T12:30:45.845Z"}
7/7/2026, 6:00:45 pm | {"api":"/api/cash-closing-dashboard","event":"CASH_CLOSING_DASHBOARD_DATA_FETCHED","totalRecords":56,"timestamp":"2026-07-07T12:30:45.851Z"}
7/7/2026, 6:00:45 pm | {"api":"/api/cash-closing-dashboard","event":"CASH_CLOSING_CLUSTER_FETCHED","totalClusters":4,"timestamp":"2026-07-07T12:30:45.857Z"}
7/7/2026, 6:00:45 pm | {"api":"/api/cash-closing-dashboard","event":"CASH_CLOSING_BRANCH_FETCHED","totalBranches":56,"timestamp":"2026-07-07T12:30:45.861Z"}
7/7/2026, 6:00:45 pm | {"api":"/api/cash-closing-dashboard","event":"CASH_CLOSING_DASHBOARD_SUCCESS","totalRecords":56,"filters":{"cluster":"","branch":"","fromDate":"","toDate":"","status":""},"timestamp":"2026-07-07T12:30:45.862Z"}
7/7/2026, 6:00:45 pm | {"api":"/api/cash-closing-dashboard","event":"CASH_CLOSING_DASHBOARD_API_STARTED","filters":{"cluster":"","branch":"","fromDate":"","toDate":"","status":""},"timestamp":"2026-07-07T12:30:45.986Z"}
7/7/2026, 6:00:45 pm | {"api":"/api/cash-closing-dashboard","event":"CASH_CLOSING_DASHBOARD_DB_CONNECTED","timestamp":"2026-07-07T12:30:45.987Z"}
7/7/2026, 6:00:45 pm | {"api":"/api/cash-closing-dashboard","event":"CASH_CLOSING_DASHBOARD_QUERY_STARTED","filters":{"cluster":"","branch":"","fromDate":"","toDate":"","status":""},"timestamp":"2026-07-07T12:30:45.988Z"}
7/7/2026, 6:00:45 pm | {"api":"/api/cash-closing-dashboard","event":"CASH_CLOSING_DASHBOARD_DATA_FETCHED","totalRecords":56,"timestamp":"2026-07-07T12:30:45.993Z"}
7/7/2026, 6:00:45 pm | {"api":"/api/cash-closing-dashboard","event":"CASH_CLOSING_CLUSTER_FETCHED","totalClusters":4,"timestamp":"2026-07-07T12:30:45.996Z"}
7/7/2026, 6:00:46 pm | {"api":"/api/cash-closing-dashboard","event":"CASH_CLOSING_BRANCH_FETCHED","totalBranches":56,"timestamp":"2026-07-07T12:30:46.001Z"}
7/7/2026, 6:00:46 pm | {"api":"/api/cash-closing-dashboard","event":"CASH_CLOSING_DASHBOARD_SUCCESS","totalRecords":56,"filters":{"cluster":"","branch":"","fromDate":"","toDate":"","status":""},"timestamp":"2026-07-07T12:30:46.001Z"}
7/7/2026, 6:00:55 pm | {"api":"/login","event":"LOGIN_API_STARTED","mpin":"2002","deviceId":"8440bf7c24e32ebc","timestamp":"2026-07-07T12:30:55.822Z"}
7/7/2026, 6:00:55 pm | {"event":"LOGIN_REQUEST","mpin":"2002","deviceId":"8440bf7c24e32ebc","timestamp":"2026-07-07T12:30:55.823Z"}
7/7/2026, 6:00:55 pm | {"api":"/login","event":"LOGIN_DB_QUERY_STARTED","mpin":"2002","timestamp":"2026-07-07T12:30:55.824Z"}
7/7/2026, 6:00:55 pm | {"api":"/login","event":"LOGIN_USER_FOUND","empNo":"458","branch":"Nizampatnam","designation":"Branch Manager","timestamp":"2026-07-07T12:30:55.831Z"}
7/7/2026, 6:00:55 pm | {"api":"/login","event":"LOGIN_DEVICE_CHECK","empNo":"458","savedDevice":"8440bf7c24e32ebc","currentDevice":"8440bf7c24e32ebc","timestamp":"2026-07-07T12:30:55.831Z"}
7/7/2026, 6:00:55 pm | {"api":"/login","event":"LOGIN_SUCCESS","empNo":"458","branch":"Nizampatnam","designation":"Branch Manager","loginTime":"2026-07-07T12:30:55.840Z"}
7/7/2026, 6:00:56 pm | {"api":"/employee/:empNo","event":"EMPLOYEE_API_STARTED","empNo":"458","timestamp":"2026-07-07T12:30:56.012Z"}
7/7/2026, 6:00:56 pm | {"api":"/employee/:empNo","event":"EMPLOYEE_DB_QUERY_STARTED","empNo":"458","timestamp":"2026-07-07T12:30:56.013Z"}
7/7/2026, 6:00:56 pm | {"api":"/employee/:empNo","event":"EMPLOYEE_FETCH_SUCCESS","empNo":"458","employeeName":"V Murali Mohan","branch":"Nizampatnam","designation":"Branch Manager","timestamp":"2026-07-07T12:30:56.017Z"}
7/7/2026, 6:00:56 pm | {"api":"/last-submission/:empNo","event":"LAST_SUBMISSION_API_STARTED","empNo":"458","timestamp":"2026-07-07T12:30:56.064Z"}
7/7/2026, 6:00:56 pm | {"api":"/last-submission/:empNo","event":"LAST_SUBMISSION_DB_QUERY_STARTED","empNo":"458","timestamp":"2026-07-07T12:30:56.065Z"}
7/7/2026, 6:00:56 pm | {"api":"/last-submission/:empNo","event":"LAST_SUBMISSION_FETCH_SUCCESS","empNo":"458","amount":868000,"actionAt":"2026-07-06 17:52:26","timestamp":"2026-07-07T12:30:56.070Z"}
7/7/2026, 6:00:56 pm | {"api":"/today-cash/:empNo","event":"TODAY_CASH_API_STARTED","empNo":"458","timestamp":"2026-07-07T12:30:56.171Z"}
7/7/2026, 6:00:56 pm | {"api":"/today-cash/:empNo","event":"TODAY_CASH_DB_QUERY_STARTED","empNo":"458","timestamp":"2026-07-07T12:30:56.172Z"}
7/7/2026, 6:00:56 pm | {"api":"/today-cash/:empNo","event":"TODAY_CASH_FETCH_SUCCESS","empNo":"458","amount":561000,"actionAt":"2026-07-07 17:45:14","timestamp":"2026-07-07T12:30:56.177Z"}
7/7/2026, 6:01:00 pm | {"api":"/api/cash-closing-dashboard","event":"CASH_CLOSING_DASHBOARD_API_STARTED","filters":{"cluster":"","branch":"","fromDate":"","toDate":"","status":""},"timestamp":"2026-07-07T12:31:00.845Z"}
7/7/2026, 6:01:00 pm | {"api":"/api/cash-closing-dashboard","event":"CASH_CLOSING_DASHBOARD_DB_CONNECTED","timestamp":"2026-07-07T12:31:00.845Z"}
7/7/2026, 6:01:00 pm | {"api":"/api/cash-closing-dashboard","event":"CASH_CLOSING_DASHBOARD_QUERY_STARTED","filters":{"cluster":"","branch":"","fromDate":"","toDate":"","status":""},"timestamp":"2026-07-07T12:31:00.846Z"}
7/7/2026, 6:01:00 pm | {"api":"/api/cash-closing-dashboard","event":"CASH_CLOSING_DASHBOARD_DATA_FETCHED","totalRecords":56,"timestamp":"2026-07-07T12:31:00.851Z"}
7/7/2026, 6:01:00 pm | {"api":"/api/cash-closing-dashboard","event":"CASH_CLOSING_CLUSTER_FETCHED","totalClusters":4,"timestamp":"2026-07-07T12:31:00.855Z"}
7/7/2026, 6:01:00 pm | {"api":"/api/cash-closing-dashboard","event":"CASH_CLOSING_BRANCH_FETCHED","totalBranches":56,"timestamp":"2026-07-07T12:31:00.858Z"}
7/7/2026, 6:01:00 pm | {"api":"/api/cash-closing-dashboard","event":"CASH_CLOSING_DASHBOARD_SUCCESS","totalRecords":56,"filters":{"cluster":"","branch":"","fromDate":"","toDate":"","status":""},"timestamp":"2026-07-07T12:31:00.858Z"}
7/7/2026, 6:01:00 pm | {"api":"/api/cash-closing-dashboard","event":"CASH_CLOSING_DASHBOARD_API_STARTED","filters":{"cluster":"","branch":"","fromDate":"","toDate":"","status":""},"timestamp":"2026-07-07T12:31:00.947Z"}
7/7/2026, 6:01:00 pm | {"api":"/api/cash-closing-dashboard","event":"CASH_CLOSING_DASHBOARD_DB_CONNECTED","timestamp":"2026-07-07T12:31:00.947Z"}
7/7/2026, 6:01:00 pm | {"api":"/api/cash-closing-dashboard","event":"CASH_CLOSING_DASHBOARD_QUERY_STARTED","filters":{"cluster":"","branch":"","fromDate":"","toDate":"","status":""},"timestamp":"2026-07-07T12:31:00.948Z"}
7/7/2026, 6:01:00 pm | {"api":"/api/cash-closing-dashboard","event":"CASH_CLOSING_DASHBOARD_DATA_FETCHED","totalRecords":56,"timestamp":"2026-07-07T12:31:00.954Z"}
7/7/2026, 6:01:00 pm | {"api":"/api/cash-closing-dashboard","event":"CASH_CLOSING_CLUSTER_FETCHED","totalClusters":4,"timestamp":"2026-07-07T12:31:00.957Z"}
7/7/2026, 6:01:00 pm | {"api":"/api/cash-closing-dashboard","event":"CASH_CLOSING_BRANCH_FETCHED","totalBranches":56,"timestamp":"2026-07-07T12:31:00.960Z"}
7/7/2026, 6:01:00 pm | {"api":"/api/cash-closing-dashboard","event":"CASH_CLOSING_DASHBOARD_SUCCESS","totalRecords":56,"filters":{"cluster":"","branch":"","fromDate":"","toDate":"","status":""},"timestamp":"2026-07-07T12:31:00.961Z"}
7/7/2026, 6:01:01 pm | {"api":"/api/cash-closing-dashboard","event":"CASH_CLOSING_DASHBOARD_API_STARTED","filters":{"cluster":"","branch":"","fromDate":"","toDate":"","status":""},"timestamp":"2026-07-07T12:31:01.091Z"}
7/7/2026, 6:01:01 pm | {"api":"/api/cash-closing-dashboard","event":"CASH_CLOSING_DASHBOARD_DB_CONNECTED","timestamp":"2026-07-07T12:31:01.092Z"}
7/7/2026, 6:01:01 pm | {"api":"/api/cash-closing-dashboard","event":"CASH_CLOSING_DASHBOARD_QUERY_STARTED","filters":{"cluster":"","branch":"","fromDate":"","toDate":"","status":""},"timestamp":"2026-07-07T12:31:01.092Z"}
7/7/2026, 6:01:01 pm | {"api":"/api/cash-closing-dashboard","event":"CASH_CLOSING_DASHBOARD_DATA_FETCHED","totalRecords":56,"timestamp":"2026-07-07T12:31:01.099Z"}
7/7/2026, 6:01:01 pm | {"api":"/api/cash-closing-dashboard","event":"CASH_CLOSING_CLUSTER_FETCHED","totalClusters":4,"timestamp":"2026-07-07T12:31:01.104Z"}
7/7/2026, 6:01:01 pm | {"api":"/api/cash-closing-dashboard","event":"CASH_CLOSING_BRANCH_FETCHED","totalBranches":56,"timestamp":"2026-07-07T12:31:01.107Z"}
7/7/2026, 6:01:01 pm | {"api":"/api/cash-closing-dashboard","event":"CASH_CLOSING_DASHBOARD_SUCCESS","totalRecords":56,"filters":{"cluster":"","branch":"","fromDate":"","toDate":"","status":""},"timestamp":"2026-07-07T12:31:01.108Z"}
7/7/2026, 6:01:01 pm | {"api":"/api/cash-closing-dashboard","event":"CASH_CLOSING_DASHBOARD_API_STARTED","filters":{"cluster":"","branch":"","fromDate":"","toDate":"","status":""},"timestamp":"2026-07-07T12:31:01.235Z"}
7/7/2026, 6:01:01 pm | {"api":"/api/cash-closing-dashboard","event":"CASH_CLOSING_DASHBOARD_DB_CONNECTED","timestamp":"2026-07-07T12:31:01.236Z"}
7/7/2026, 6:01:01 pm | {"api":"/api/cash-closing-dashboard","event":"CASH_CLOSING_DASHBOARD_QUERY_STARTED","filters":{"cluster":"","branch":"","fromDate":"","toDate":"","status":""},"timestamp":"2026-07-07T12:31:01.236Z"}
7/7/2026, 6:01:01 pm | {"api":"/api/cash-closing-dashboard","event":"CASH_CLOSING_DASHBOARD_DATA_FETCHED","totalRecords":56,"timestamp":"2026-07-07T12:31:01.243Z"}
7/7/2026, 6:01:01 pm | {"api":"/api/cash-closing-dashboard","event":"CASH_CLOSING_CLUSTER_FETCHED","totalClusters":4,"timestamp":"2026-07-07T12:31:01.247Z"}
7/7/2026, 6:01:01 pm | {"api":"/api/cash-closing-dashboard","event":"CASH_CLOSING_BRANCH_FETCHED","totalBranches":56,"timestamp":"2026-07-07T12:31:01.250Z"}
7/7/2026, 6:01:01 pm | {"api":"/api/cash-closing-dashboard","event":"CASH_CLOSING_DASHBOARD_SUCCESS","totalRecords":56,"filters":{"cluster":"","branch":"","fromDate":"","toDate":"","status":""},"timestamp":"2026-07-07T12:31:01.251Z"}
7/7/2026, 6:01:01 pm | {"api":"/api/cash-closing-dashboard","event":"CASH_CLOSING_DASHBOARD_API_STARTED","filters":{"cluster":"","branch":"","fromDate":"","toDate":"","status":""},"timestamp":"2026-07-07T12:31:01.971Z"}
7/7/2026, 6:01:01 pm | {"api":"/api/cash-closing-dashboard","event":"CASH_CLOSING_DASHBOARD_DB_CONNECTED","timestamp":"2026-07-07T12:31:01.972Z"}
7/7/2026, 6:01:01 pm | {"api":"/api/cash-closing-dashboard","event":"CASH_CLOSING_DASHBOARD_QUERY_STARTED","filters":{"cluster":"","branch":"","fromDate":"","toDate":"","status":""},"timestamp":"2026-07-07T12:31:01.973Z"}
7/7/2026, 6:01:01 pm | {"api":"/api/cash-closing-dashboard","event":"CASH_CLOSING_DASHBOARD_DATA_FETCHED","totalRecords":56,"timestamp":"2026-07-07T12:31:01.979Z"}
7/7/2026, 6:01:01 pm | {"api":"/api/cash-closing-dashboard","event":"CASH_CLOSING_CLUSTER_FETCHED","totalClusters":4,"timestamp":"2026-07-07T12:31:01.982Z"}
7/7/2026, 6:01:01 pm | {"api":"/api/cash-closing-dashboard","event":"CASH_CLOSING_BRANCH_FETCHED","totalBranches":56,"timestamp":"2026-07-07T12:31:01.985Z"}
7/7/2026, 6:01:01 pm | {"api":"/api/cash-closing-dashboard","event":"CASH_CLOSING_DASHBOARD_SUCCESS","totalRecords":56,"filters":{"cluster":"","branch":"","fromDate":"","toDate":"","status":""},"timestamp":"2026-07-07T12:31:01.986Z"}
7/7/2026, 6:01:02 pm | {"api":"/api/cash-closing-dashboard","event":"CASH_CLOSING_DASHBOARD_API_STARTED","filters":{"cluster":"","branch":"","fromDate":"","toDate":"","status":""},"timestamp":"2026-07-07T12:31:02.307Z"}
7/7/2026, 6:01:02 pm | {"api":"/api/cash-closing-dashboard","event":"CASH_CLOSING_DASHBOARD_DB_CONNECTED","timestamp":"2026-07-07T12:31:02.308Z"}
7/7/2026, 6:01:02 pm | {"api":"/api/cash-closing-dashboard","event":"CASH_CLOSING_DASHBOARD_QUERY_STARTED","filters":{"cluster":"","branch":"","fromDate":"","toDate":"","status":""},"timestamp":"2026-07-07T12:31:02.309Z"}
7/7/2026, 6:01:02 pm | {"api":"/api/cash-closing-dashboard","event":"CASH_CLOSING_DASHBOARD_DATA_FETCHED","totalRecords":56,"timestamp":"2026-07-07T12:31:02.314Z"}
7/7/2026, 6:01:02 pm | {"api":"/api/cash-closing-dashboard","event":"CASH_CLOSING_CLUSTER_FETCHED","totalClusters":4,"timestamp":"2026-07-07T12:31:02.318Z"}
7/7/2026, 6:01:02 pm | {"api":"/api/cash-closing-dashboard","event":"CASH_CLOSING_BRANCH_FETCHED","totalBranches":56,"timestamp":"2026-07-07T12:31:02.322Z"}
7/7/2026, 6:01:02 pm | {"api":"/api/cash-closing-dashboard","event":"CASH_CLOSING_DASHBOARD_SUCCESS","totalRecords":56,"filters":{"cluster":"","branch":"","fromDate":"","toDate":"","status":""},"timestamp":"2026-07-07T12:31:02.322Z"}
7/7/2026, 6:01:02 pm | {"api":"/api/cash-closing-dashboard","event":"CASH_CLOSING_DASHBOARD_API_STARTED","filters":{"cluster":"","branch":"","fromDate":"","toDate":"","status":""},"timestamp":"2026-07-07T12:31:02.578Z"}
7/7/2026, 6:01:02 pm | {"api":"/api/cash-closing-dashboard","event":"CASH_CLOSING_DASHBOARD_DB_CONNECTED","timestamp":"2026-07-07T12:31:02.579Z"}
7/7/2026, 6:01:02 pm | {"api":"/api/cash-closing-dashboard","event":"CASH_CLOSING_DASHBOARD_QUERY_STARTED","filters":{"cluster":"","branch":"","fromDate":"","toDate":"","status":""},"timestamp":"2026-07-07T12:31:02.580Z"}
7/7/2026, 6:01:02 pm | {"api":"/api/cash-closing-dashboard","event":"CASH_CLOSING_DASHBOARD_DATA_FETCHED","totalRecords":56,"timestamp":"2026-07-07T12:31:02.587Z"}
7/7/2026, 6:01:02 pm | {"api":"/api/cash-closing-dashboard","event":"CASH_CLOSING_CLUSTER_FETCHED","totalClusters":4,"timestamp":"2026-07-07T12:31:02.590Z"}
7/7/2026, 6:01:02 pm | {"api":"/api/cash-closing-dashboard","event":"CASH_CLOSING_BRANCH_FETCHED","totalBranches":56,"timestamp":"2026-07-07T12:31:02.594Z"}
7/7/2026, 6:01:02 pm | {"api":"/api/cash-closing-dashboard","event":"CASH_CLOSING_DASHBOARD_SUCCESS","totalRecords":56,"filters":{"cluster":"","branch":"","fromDate":"","toDate":"","status":""},"timestamp":"2026-07-07T12:31:02.594Z"}
7/7/2026, 6:01:02 pm | {"api":"/api/cash-closing-dashboard","event":"CASH_CLOSING_DASHBOARD_API_STARTED","filters":{"cluster":"","branch":"","fromDate":"","toDate":"","status":""},"timestamp":"2026-07-07T12:31:02.716Z"}
7/7/2026, 6:01:02 pm | {"api":"/api/cash-closing-dashboard","event":"CASH_CLOSING_DASHBOARD_DB_CONNECTED","timestamp":"2026-07-07T12:31:02.717Z"}
7/7/2026, 6:01:02 pm | {"api":"/api/cash-closing-dashboard","event":"CASH_CLOSING_DASHBOARD_QUERY_STARTED","filters":{"cluster":"","branch":"","fromDate":"","toDate":"","status":""},"timestamp":"2026-07-07T12:31:02.717Z"}
7/7/2026, 6:01:02 pm | {"api":"/api/cash-closing-dashboard","event":"CASH_CLOSING_DASHBOARD_DATA_FETCHED","totalRecords":56,"timestamp":"2026-07-07T12:31:02.724Z"}
7/7/2026, 6:01:02 pm | {"api":"/api/cash-closing-dashboard","event":"CASH_CLOSING_CLUSTER_FETCHED","totalClusters":4,"timestamp":"2026-07-07T12:31:02.727Z"}
7/7/2026, 6:01:02 pm | {"api":"/api/cash-closing-dashboard","event":"CASH_CLOSING_BRANCH_FETCHED","totalBranches":56,"timestamp":"2026-07-07T12:31:02.730Z"}
7/7/2026, 6:01:02 pm | {"api":"/api/cash-closing-dashboard","event":"CASH_CLOSING_DASHBOARD_SUCCESS","totalRecords":56,"filters":{"cluster":"","branch":"","fromDate":"","toDate":"","status":""},"timestamp":"2026-07-07T12:31:02.730Z"}
7/7/2026, 6:01:02 pm | {"api":"/api/cash-closing-dashboard","event":"CASH_CLOSING_DASHBOARD_API_STARTED","filters":{"cluster":"","branch":"","fromDate":"","toDate":"","status":""},"timestamp":"2026-07-07T12:31:02.835Z"}
7/7/2026, 6:01:02 pm | {"api":"/api/cash-closing-dashboard","event":"CASH_CLOSING_DASHBOARD_DB_CONNECTED","timestamp":"2026-07-07T12:31:02.836Z"}
7/7/2026, 6:01:02 pm | {"api":"/api/cash-closing-dashboard","event":"CASH_CLOSING_DASHBOARD_QUERY_STARTED","filters":{"cluster":"","branch":"","fromDate":"","toDate":"","status":""},"timestamp":"2026-07-07T12:31:02.837Z"}
7/7/2026, 6:01:02 pm | {"api":"/api/cash-closing-dashboard","event":"CASH_CLOSING_DASHBOARD_DATA_FETCHED","totalRecords":56,"timestamp":"2026-07-07T12:31:02.843Z"}
7/7/2026, 6:01:02 pm | {"api":"/api/cash-closing-dashboard","event":"CASH_CLOSING_CLUSTER_FETCHED","totalClusters":4,"timestamp":"2026-07-07T12:31:02.846Z"}
7/7/2026, 6:01:02 pm | {"api":"/api/cash-closing-dashboard","event":"CASH_CLOSING_BRANCH_FETCHED","totalBranches":56,"timestamp":"2026-07-07T12:31:02.850Z"}
7/7/2026, 6:01:02 pm | {"api":"/api/cash-closing-dashboard","event":"CASH_CLOSING_DASHBOARD_SUCCESS","totalRecords":56,"filters":{"cluster":"","branch":"","fromDate":"","toDate":"","status":""},"timestamp":"2026-07-07T12:31:02.850Z"}
7/7/2026, 6:01:11 pm | {"api":"/api/cash-closing-dashboard","event":"CASH_CLOSING_DASHBOARD_API_STARTED","filters":{"cluster":"","branch":"","fromDate":"","toDate":"","status":""},"timestamp":"2026-07-07T12:31:11.293Z"}
7/7/2026, 6:01:11 pm | {"api":"/api/cash-closing-dashboard","event":"CASH_CLOSING_DASHBOARD_DB_CONNECTED","timestamp":"2026-07-07T12:31:11.294Z"}
7/7/2026, 6:01:11 pm | {"api":"/api/cash-closing-dashboard","event":"CASH_CLOSING_DASHBOARD_QUERY_STARTED","filters":{"cluster":"","branch":"","fromDate":"","toDate":"","status":""},"timestamp":"2026-07-07T12:31:11.294Z"}
7/7/2026, 6:01:11 pm | {"api":"/api/cash-closing-dashboard","event":"CASH_CLOSING_DASHBOARD_DATA_FETCHED","totalRecords":56,"timestamp":"2026-07-07T12:31:11.300Z"}
7/7/2026, 6:01:11 pm | {"api":"/api/cash-closing-dashboard","event":"CASH_CLOSING_CLUSTER_FETCHED","totalClusters":4,"timestamp":"2026-07-07T12:31:11.305Z"}
7/7/2026, 6:01:11 pm | {"api":"/api/cash-closing-dashboard","event":"CASH_CLOSING_BRANCH_FETCHED","totalBranches":56,"timestamp":"2026-07-07T12:31:11.308Z"}
7/7/2026, 6:01:11 pm | {"api":"/api/cash-closing-dashboard","event":"CASH_CLOSING_DASHBOARD_SUCCESS","totalRecords":56,"filters":{"cluster":"","branch":"","fromDate":"","toDate":"","status":""},"timestamp":"2026-07-07T12:31:11.309Z"}
7/7/2026, 6:01:11 pm | {"api":"/api/cash-closing-dashboard","event":"CASH_CLOSING_DASHBOARD_API_STARTED","filters":{"cluster":"","branch":"","fromDate":"","toDate":"","status":""},"timestamp":"2026-07-07T12:31:11.425Z"}
7/7/2026, 6:01:11 pm | {"api":"/api/cash-closing-dashboard","event":"CASH_CLOSING_DASHBOARD_DB_CONNECTED","timestamp":"2026-07-07T12:31:11.427Z"}
7/7/2026, 6:01:11 pm | {"api":"/api/cash-closing-dashboard","event":"CASH_CLOSING_DASHBOARD_QUERY_STARTED","filters":{"cluster":"","branch":"","fromDate":"","toDate":"","status":""},"timestamp":"2026-07-07T12:31:11.427Z"}
7/7/2026, 6:01:11 pm | {"api":"/api/cash-closing-dashboard","event":"CASH_CLOSING_DASHBOARD_DATA_FETCHED","totalRecords":56,"timestamp":"2026-07-07T12:31:11.434Z"}
7/7/2026, 6:01:11 pm | {"api":"/api/cash-closing-dashboard","event":"CASH_CLOSING_CLUSTER_FETCHED","totalClusters":4,"timestamp":"2026-07-07T12:31:11.438Z"}
7/7/2026, 6:01:11 pm | {"api":"/api/cash-closing-dashboard","event":"CASH_CLOSING_BRANCH_FETCHED","totalBranches":56,"timestamp":"2026-07-07T12:31:11.441Z"}
7/7/2026, 6:01:11 pm | {"api":"/api/cash-closing-dashboard","event":"CASH_CLOSING_DASHBOARD_SUCCESS","totalRecords":56,"filters":{"cluster":"","branch":"","fromDate":"","toDate":"","status":""},"timestamp":"2026-07-07T12:31:11.442Z"}
7/7/2026, 6:01:11 pm | {"api":"/api/cash-closing-dashboard","event":"CASH_CLOSING_DASHBOARD_API_STARTED","filters":{"cluster":"","branch":"","fromDate":"","toDate":"","status":""},"timestamp":"2026-07-07T12:31:11.577Z"}
7/7/2026, 6:01:11 pm | {"api":"/api/cash-closing-dashboard","event":"CASH_CLOSING_DASHBOARD_DB_CONNECTED","timestamp":"2026-07-07T12:31:11.578Z"}
7/7/2026, 6:01:11 pm | {"api":"/api/cash-closing-dashboard","event":"CASH_CLOSING_DASHBOARD_QUERY_STARTED","filters":{"cluster":"","branch":"","fromDate":"","toDate":"","status":""},"timestamp":"2026-07-07T12:31:11.579Z"}
7/7/2026, 6:01:11 pm | {"api":"/api/cash-closing-dashboard","event":"CASH_CLOSING_DASHBOARD_DATA_FETCHED","totalRecords":56,"timestamp":"2026-07-07T12:31:11.586Z"}
7/7/2026, 6:01:11 pm | {"api":"/api/cash-closing-dashboard","event":"CASH_CLOSING_CLUSTER_FETCHED","totalClusters":4,"timestamp":"2026-07-07T12:31:11.589Z"}
7/7/2026, 6:01:11 pm | {"api":"/api/cash-closing-dashboard","event":"CASH_CLOSING_BRANCH_FETCHED","totalBranches":56,"timestamp":"2026-07-07T12:31:11.593Z"}
7/7/2026, 6:01:11 pm | {"api":"/api/cash-closing-dashboard","event":"CASH_CLOSING_DASHBOARD_SUCCESS","totalRecords":56,"filters":{"cluster":"","branch":"","fromDate":"","toDate":"","status":""},"timestamp":"2026-07-07T12:31:11.593Z"}
7/7/2026, 6:01:11 pm | {"api":"/api/cash-closing-dashboard","event":"CASH_CLOSING_DASHBOARD_API_STARTED","filters":{"cluster":"","branch":"","fromDate":"","toDate":"","status":""},"timestamp":"2026-07-07T12:31:11.729Z"}
7/7/2026, 6:01:11 pm | {"api":"/api/cash-closing-dashboard","event":"CASH_CLOSING_DASHBOARD_DB_CONNECTED","timestamp":"2026-07-07T12:31:11.731Z"}
7/7/2026, 6:01:11 pm | {"api":"/api/cash-closing-dashboard","event":"CASH_CLOSING_DASHBOARD_QUERY_STARTED","filters":{"cluster":"","branch":"","fromDate":"","toDate":"","status":""},"timestamp":"2026-07-07T12:31:11.731Z"}
7/7/2026, 6:01:11 pm | {"api":"/api/cash-closing-dashboard","event":"CASH_CLOSING_DASHBOARD_DATA_FETCHED","totalRecords":56,"timestamp":"2026-07-07T12:31:11.745Z"}
7/7/2026, 6:01:11 pm | {"api":"/api/cash-closing-dashboard","event":"CASH_CLOSING_CLUSTER_FETCHED","totalClusters":4,"timestamp":"2026-07-07T12:31:11.748Z"}
7/7/2026, 6:01:11 pm | {"api":"/api/cash-closing-dashboard","event":"CASH_CLOSING_BRANCH_FETCHED","totalBranches":56,"timestamp":"2026-07-07T12:31:11.752Z"}
7/7/2026, 6:01:11 pm | {"api":"/api/cash-closing-dashboard","event":"CASH_CLOSING_DASHBOARD_SUCCESS","totalRecords":56,"filters":{"cluster":"","branch":"","fromDate":"","toDate":"","status":""},"timestamp":"2026-07-07T12:31:11.753Z"}
7/7/2026, 6:01:11 pm | {"api":"/api/cash-closing-dashboard","event":"CASH_CLOSING_DASHBOARD_API_STARTED","filters":{"cluster":"","branch":"","fromDate":"","toDate":"","status":""},"timestamp":"2026-07-07T12:31:11.857Z"}
7/7/2026, 6:01:11 pm | {"api":"/api/cash-closing-dashboard","event":"CASH_CLOSING_DASHBOARD_DB_CONNECTED","timestamp":"2026-07-07T12:31:11.859Z"}
7/7/2026, 6:01:11 pm | {"api":"/api/cash-closing-dashboard","event":"CASH_CLOSING_DASHBOARD_QUERY_STARTED","filters":{"cluster":"","branch":"","fromDate":"","toDate":"","status":""},"timestamp":"2026-07-07T12:31:11.859Z"}
7/7/2026, 6:01:11 pm | {"api":"/api/cash-closing-dashboard","event":"CASH_CLOSING_DASHBOARD_DATA_FETCHED","totalRecords":56,"timestamp":"2026-07-07T12:31:11.867Z"}
7/7/2026, 6:01:11 pm | {"api":"/api/cash-closing-dashboard","event":"CASH_CLOSING_CLUSTER_FETCHED","totalClusters":4,"timestamp":"2026-07-07T12:31:11.871Z"}
7/7/2026, 6:01:11 pm | {"api":"/api/cash-closing-dashboard","event":"CASH_CLOSING_BRANCH_FETCHED","totalBranches":56,"timestamp":"2026-07-07T12:31:11.874Z"}
7/7/2026, 6:01:11 pm | {"api":"/api/cash-closing-dashboard","event":"CASH_CLOSING_DASHBOARD_SUCCESS","totalRecords":56,"filters":{"cluster":"","branch":"","fromDate":"","toDate":"","status":""},"timestamp":"2026-07-07T12:31:11.875Z"}
7/7/2026, 6:01:12 pm | {"api":"/api/cash-closing-dashboard","event":"CASH_CLOSING_DASHBOARD_API_STARTED","filters":{"cluster":"","branch":"","fromDate":"","toDate":"","status":""},"timestamp":"2026-07-07T12:31:12.151Z"}
7/7/2026, 6:01:12 pm | {"api":"/api/cash-closing-dashboard","event":"CASH_CLOSING_DASHBOARD_DB_CONNECTED","timestamp":"2026-07-07T12:31:12.152Z"}
7/7/2026, 6:01:12 pm | {"api":"/api/cash-closing-dashboard","event":"CASH_CLOSING_DASHBOARD_QUERY_STARTED","filters":{"cluster":"","branch":"","fromDate":"","toDate":"","status":""},"timestamp":"2026-07-07T12:31:12.153Z"}
7/7/2026, 6:01:12 pm | {"api":"/api/cash-closing-dashboard","event":"CASH_CLOSING_DASHBOARD_DATA_FETCHED","totalRecords":56,"timestamp":"2026-07-07T12:31:12.158Z"}
7/7/2026, 6:01:12 pm | {"api":"/api/cash-closing-dashboard","event":"CASH_CLOSING_CLUSTER_FETCHED","totalClusters":4,"timestamp":"2026-07-07T12:31:12.164Z"}
7/7/2026, 6:01:12 pm | {"api":"/api/cash-closing-dashboard","event":"CASH_CLOSING_BRANCH_FETCHED","totalBranches":56,"timestamp":"2026-07-07T12:31:12.168Z"}
7/7/2026, 6:01:12 pm | {"api":"/api/cash-closing-dashboard","event":"CASH_CLOSING_DASHBOARD_SUCCESS","totalRecords":56,"filters":{"cluster":"","branch":"","fromDate":"","toDate":"","status":""},"timestamp":"2026-07-07T12:31:12.169Z"}
7/7/2026, 6:01:12 pm | {"api":"/api/cash-closing-dashboard","event":"CASH_CLOSING_DASHBOARD_API_STARTED","filters":{"cluster":"","branch":"","fromDate":"","toDate":"","status":""},"timestamp":"2026-07-07T12:31:12.314Z"}
7/7/2026, 6:01:12 pm | {"api":"/api/cash-closing-dashboard","event":"CASH_CLOSING_DASHBOARD_DB_CONNECTED","timestamp":"2026-07-07T12:31:12.315Z"}
7/7/2026, 6:01:12 pm | {"api":"/api/cash-closing-dashboard","event":"CASH_CLOSING_DASHBOARD_QUERY_STARTED","filters":{"cluster":"","branch":"","fromDate":"","toDate":"","status":""},"timestamp":"2026-07-07T12:31:12.316Z"}
7/7/2026, 6:01:12 pm | {"api":"/api/cash-closing-dashboard","event":"CASH_CLOSING_DASHBOARD_DATA_FETCHED","totalRecords":56,"timestamp":"2026-07-07T12:31:12.323Z"}
7/7/2026, 6:01:12 pm | {"api":"/api/cash-closing-dashboard","event":"CASH_CLOSING_CLUSTER_FETCHED","totalClusters":4,"timestamp":"2026-07-07T12:31:12.326Z"}
7/7/2026, 6:01:12 pm | {"api":"/api/cash-closing-dashboard","event":"CASH_CLOSING_BRANCH_FETCHED","totalBranches":56,"timestamp":"2026-07-07T12:31:12.330Z"}
7/7/2026, 6:01:12 pm | {"api":"/api/cash-closing-dashboard","event":"CASH_CLOSING_DASHBOARD_SUCCESS","totalRecords":56,"filters":{"cluster":"","branch":"","fromDate":"","toDate":"","status":""},"timestamp":"2026-07-07T12:31:12.331Z"}
7/7/2026, 6:01:12 pm | {"api":"/api/cash-closing-dashboard","event":"CASH_CLOSING_DASHBOARD_API_STARTED","filters":{"cluster":"","branch":"","fromDate":"","toDate":"","status":""},"timestamp":"2026-07-07T12:31:12.434Z"}
7/7/2026, 6:01:12 pm | {"api":"/api/cash-closing-dashboard","event":"CASH_CLOSING_DASHBOARD_DB_CONNECTED","timestamp":"2026-07-07T12:31:12.435Z"}
7/7/2026, 6:01:12 pm | {"api":"/api/cash-closing-dashboard","event":"CASH_CLOSING_DASHBOARD_QUERY_STARTED","filters":{"cluster":"","branch":"","fromDate":"","toDate":"","status":""},"timestamp":"2026-07-07T12:31:12.435Z"}
7/7/2026, 6:01:12 pm | {"api":"/api/cash-closing-dashboard","event":"CASH_CLOSING_DASHBOARD_DATA_FETCHED","totalRecords":56,"timestamp":"2026-07-07T12:31:12.443Z"}
7/7/2026, 6:01:12 pm | {"api":"/api/cash-closing-dashboard","event":"CASH_CLOSING_CLUSTER_FETCHED","totalClusters":4,"timestamp":"2026-07-07T12:31:12.446Z"}
7/7/2026, 6:01:12 pm | {"api":"/api/cash-closing-dashboard","event":"CASH_CLOSING_BRANCH_FETCHED","totalBranches":56,"timestamp":"2026-07-07T12:31:12.449Z"}
7/7/2026, 6:01:12 pm | {"api":"/api/cash-closing-dashboard","event":"CASH_CLOSING_DASHBOARD_SUCCESS","totalRecords":56,"filters":{"cluster":"","branch":"","fromDate":"","toDate":"","status":""},"timestamp":"2026-07-07T12:31:12.450Z"}
7/7/2026, 6:01:13 pm | {"api":"/save-cash-closing","event":"SAVE_CASH_API_STARTED","empNo":"458","amount":"700000","timestamp":"2026-07-07T12:31:13.064Z"}
7/7/2026, 6:01:13 pm | {"api":"/save-cash-closing","event":"SAVE_CASH_UPDATE_STARTED","empNo":"458","oldAmount":561000,"newAmount":"700000","currentVersion":2,"nextVersion":3,"timestamp":"2026-07-07T12:31:13.072Z"}
7/7/2026, 6:01:13 pm | {"api":"/save-cash-closing","event":"SAVE_CASH_HISTORY_UPDATED","empNo":"458","version":3,"timestamp":"2026-07-07T12:31:13.097Z"}
7/7/2026, 6:01:13 pm | {"api":"/save-cash-closing","event":"SAVE_CASH_SUCCESS","type":"UPDATE","empNo":"458","amount":"700000","version":3,"timestamp":"2026-07-07T12:31:13.098Z"}
7/7/2026, 6:01:16 pm | {"api":"/save-cash-closing","event":"SAVE_CASH_API_STARTED","empNo":"458","amount":"700000","timestamp":"2026-07-07T12:31:16.061Z"}
7/7/2026, 6:01:16 pm | {"api":"/save-cash-closing","event":"SAVE_CASH_UPDATE_STARTED","empNo":"458","oldAmount":700000,"newAmount":"700000","currentVersion":3,"nextVersion":4,"timestamp":"2026-07-07T12:31:16.068Z"}
7/7/2026, 6:01:16 pm | {"api":"/save-cash-closing","event":"SAVE_CASH_HISTORY_UPDATED","empNo":"458","version":4,"timestamp":"2026-07-07T12:31:16.081Z"}
7/7/2026, 6:01:16 pm | {"api":"/save-cash-closing","event":"SAVE_CASH_SUCCESS","type":"UPDATE","empNo":"458","amount":"700000","version":4,"timestamp":"2026-07-07T12:31:16.082Z"}
7/7/2026, 6:01:38 pm | {"api":"/api/cash-closing-dashboard","event":"CASH_CLOSING_DASHBOARD_API_STARTED","filters":{"cluster":"","branch":"","fromDate":"","toDate":"","status":""},"timestamp":"2026-07-07T12:31:38.521Z"}
7/7/2026, 6:01:38 pm | {"api":"/api/cash-closing-dashboard","event":"CASH_CLOSING_DASHBOARD_DB_CONNECTED","timestamp":"2026-07-07T12:31:38.522Z"}
7/7/2026, 6:01:38 pm | {"api":"/api/cash-closing-dashboard","event":"CASH_CLOSING_DASHBOARD_QUERY_STARTED","filters":{"cluster":"","branch":"","fromDate":"","toDate":"","status":""},"timestamp":"2026-07-07T12:31:38.522Z"}
7/7/2026, 6:01:38 pm | {"api":"/api/cash-closing-dashboard","event":"CASH_CLOSING_DASHBOARD_DATA_FETCHED","totalRecords":56,"timestamp":"2026-07-07T12:31:38.528Z"}
7/7/2026, 6:01:38 pm | {"api":"/api/cash-closing-dashboard","event":"CASH_CLOSING_CLUSTER_FETCHED","totalClusters":4,"timestamp":"2026-07-07T12:31:38.533Z"}
7/7/2026, 6:01:38 pm | {"api":"/api/cash-closing-dashboard","event":"CASH_CLOSING_BRANCH_FETCHED","totalBranches":56,"timestamp":"2026-07-07T12:31:38.537Z"}
7/7/2026, 6:01:38 pm | {"api":"/api/cash-closing-dashboard","event":"CASH_CLOSING_DASHBOARD_SUCCESS","totalRecords":56,"filters":{"cluster":"","branch":"","fromDate":"","toDate":"","status":""},"timestamp":"2026-07-07T12:31:38.538Z"}
7/7/2026, 6:01:38 pm | {"api":"/api/cash-closing-dashboard","event":"CASH_CLOSING_DASHBOARD_API_STARTED","filters":{"cluster":"","branch":"","fromDate":"","toDate":"","status":""},"timestamp":"2026-07-07T12:31:38.618Z"}
7/7/2026, 6:01:38 pm | {"api":"/api/cash-closing-dashboard","event":"CASH_CLOSING_DASHBOARD_DB_CONNECTED","timestamp":"2026-07-07T12:31:38.619Z"}
7/7/2026, 6:01:38 pm | {"api":"/api/cash-closing-dashboard","event":"CASH_CLOSING_DASHBOARD_QUERY_STARTED","filters":{"cluster":"","branch":"","fromDate":"","toDate":"","status":""},"timestamp":"2026-07-07T12:31:38.619Z"}
7/7/2026, 6:01:38 pm | {"api":"/api/cash-closing-dashboard","event":"CASH_CLOSING_DASHBOARD_DATA_FETCHED","totalRecords":56,"timestamp":"2026-07-07T12:31:38.626Z"}
7/7/2026, 6:01:38 pm | {"api":"/api/cash-closing-dashboard","event":"CASH_CLOSING_CLUSTER_FETCHED","totalClusters":4,"timestamp":"2026-07-07T12:31:38.629Z"}
7/7/2026, 6:01:38 pm | {"api":"/api/cash-closing-dashboard","event":"CASH_CLOSING_BRANCH_FETCHED","totalBranches":56,"timestamp":"2026-07-07T12:31:38.632Z"}
7/7/2026, 6:01:38 pm | {"api":"/api/cash-closing-dashboard","event":"CASH_CLOSING_DASHBOARD_SUCCESS","totalRecords":56,"filters":{"cluster":"","branch":"","fromDate":"","toDate":"","status":""},"timestamp":"2026-07-07T12:31:38.633Z"}
7/7/2026, 6:01:38 pm | {"api":"/api/cash-closing-dashboard","event":"CASH_CLOSING_DASHBOARD_API_STARTED","filters":{"cluster":"","branch":"","fromDate":"","toDate":"","status":""},"timestamp":"2026-07-07T12:31:38.756Z"}
7/7/2026, 6:01:38 pm | {"api":"/api/cash-closing-dashboard","event":"CASH_CLOSING_DASHBOARD_DB_CONNECTED","timestamp":"2026-07-07T12:31:38.757Z"}
7/7/2026, 6:01:38 pm | {"api":"/api/cash-closing-dashboard","event":"CASH_CLOSING_DASHBOARD_QUERY_STARTED","filters":{"cluster":"","branch":"","fromDate":"","toDate":"","status":""},"timestamp":"2026-07-07T12:31:38.757Z"}
7/7/2026, 6:01:38 pm | {"api":"/api/cash-closing-dashboard","event":"CASH_CLOSING_DASHBOARD_DATA_FETCHED","totalRecords":56,"timestamp":"2026-07-07T12:31:38.762Z"}
7/7/2026, 6:01:38 pm | {"api":"/api/cash-closing-dashboard","event":"CASH_CLOSING_CLUSTER_FETCHED","totalClusters":4,"timestamp":"2026-07-07T12:31:38.765Z"}
7/7/2026, 6:01:38 pm | {"api":"/api/cash-closing-dashboard","event":"CASH_CLOSING_BRANCH_FETCHED","totalBranches":56,"timestamp":"2026-07-07T12:31:38.768Z"}
7/7/2026, 6:01:38 pm | {"api":"/api/cash-closing-dashboard","event":"CASH_CLOSING_DASHBOARD_SUCCESS","totalRecords":56,"filters":{"cluster":"","branch":"","fromDate":"","toDate":"","status":""},"timestamp":"2026-07-07T12:31:38.769Z"}
7/7/2026, 6:01:39 pm | {"api":"/api/cash-closing-dashboard","event":"CASH_CLOSING_DASHBOARD_API_STARTED","filters":{"cluster":"","branch":"","fromDate":"","toDate":"","status":""},"timestamp":"2026-07-07T12:31:39.010Z"}
7/7/2026, 6:01:39 pm | {"api":"/api/cash-closing-dashboard","event":"CASH_CLOSING_DASHBOARD_DB_CONNECTED","timestamp":"2026-07-07T12:31:39.011Z"}
7/7/2026, 6:01:39 pm | {"api":"/api/cash-closing-dashboard","event":"CASH_CLOSING_DASHBOARD_QUERY_STARTED","filters":{"cluster":"","branch":"","fromDate":"","toDate":"","status":""},"timestamp":"2026-07-07T12:31:39.012Z"}
7/7/2026, 6:01:39 pm | {"api":"/api/cash-closing-dashboard","event":"CASH_CLOSING_DASHBOARD_DATA_FETCHED","totalRecords":56,"timestamp":"2026-07-07T12:31:39.018Z"}
7/7/2026, 6:01:39 pm | {"api":"/api/cash-closing-dashboard","event":"CASH_CLOSING_CLUSTER_FETCHED","totalClusters":4,"timestamp":"2026-07-07T12:31:39.022Z"}
7/7/2026, 6:01:39 pm | {"api":"/api/cash-closing-dashboard","event":"CASH_CLOSING_BRANCH_FETCHED","totalBranches":56,"timestamp":"2026-07-07T12:31:39.025Z"}
7/7/2026, 6:01:39 pm | {"api":"/api/cash-closing-dashboard","event":"CASH_CLOSING_DASHBOARD_SUCCESS","totalRecords":56,"filters":{"cluster":"","branch":"","fromDate":"","toDate":"","status":""},"timestamp":"2026-07-07T12:31:39.026Z"}
7/7/2026, 6:01:39 pm | {"api":"/api/cash-closing-dashboard","event":"CASH_CLOSING_DASHBOARD_API_STARTED","filters":{"cluster":"","branch":"","fromDate":"","toDate":"","status":""},"timestamp":"2026-07-07T12:31:39.162Z"}
7/7/2026, 6:01:39 pm | {"api":"/api/cash-closing-dashboard","event":"CASH_CLOSING_DASHBOARD_DB_CONNECTED","timestamp":"2026-07-07T12:31:39.163Z"}
7/7/2026, 6:01:39 pm | {"api":"/api/cash-closing-dashboard","event":"CASH_CLOSING_DASHBOARD_QUERY_STARTED","filters":{"cluster":"","branch":"","fromDate":"","toDate":"","status":""},"timestamp":"2026-07-07T12:31:39.164Z"}
7/7/2026, 6:01:39 pm | {"api":"/api/cash-closing-dashboard","event":"CASH_CLOSING_DASHBOARD_DATA_FETCHED","totalRecords":56,"timestamp":"2026-07-07T12:31:39.170Z"}
7/7/2026, 6:01:39 pm | {"api":"/api/cash-closing-dashboard","event":"CASH_CLOSING_CLUSTER_FETCHED","totalClusters":4,"timestamp":"2026-07-07T12:31:39.176Z"}
7/7/2026, 6:01:39 pm | {"api":"/api/cash-closing-dashboard","event":"CASH_CLOSING_BRANCH_FETCHED","totalBranches":56,"timestamp":"2026-07-07T12:31:39.180Z"}
7/7/2026, 6:01:39 pm | {"api":"/api/cash-closing-dashboard","event":"CASH_CLOSING_DASHBOARD_SUCCESS","totalRecords":56,"filters":{"cluster":"","branch":"","fromDate":"","toDate":"","status":""},"timestamp":"2026-07-07T12:31:39.180Z"}
7/7/2026, 6:01:47 pm | {"api":"/api/cash-closing-dashboard","event":"CASH_CLOSING_DASHBOARD_API_STARTED","filters":{"cluster":"","branch":"","fromDate":"","toDate":"","status":""},"timestamp":"2026-07-07T12:31:47.046Z"}
7/7/2026, 6:01:47 pm | {"api":"/api/cash-closing-dashboard","event":"CASH_CLOSING_DASHBOARD_DB_CONNECTED","timestamp":"2026-07-07T12:31:47.047Z"}
7/7/2026, 6:01:47 pm | {"api":"/api/cash-closing-dashboard","event":"CASH_CLOSING_DASHBOARD_QUERY_STARTED","filters":{"cluster":"","branch":"","fromDate":"","toDate":"","status":""},"timestamp":"2026-07-07T12:31:47.048Z"}
7/7/2026, 6:01:47 pm | {"api":"/api/cash-closing-dashboard","event":"CASH_CLOSING_DASHBOARD_DATA_FETCHED","totalRecords":56,"timestamp":"2026-07-07T12:31:47.054Z"}
7/7/2026, 6:01:47 pm | {"api":"/api/cash-closing-dashboard","event":"CASH_CLOSING_CLUSTER_FETCHED","totalClusters":4,"timestamp":"2026-07-07T12:31:47.057Z"}
7/7/2026, 6:01:47 pm | {"api":"/api/cash-closing-dashboard","event":"CASH_CLOSING_BRANCH_FETCHED","totalBranches":56,"timestamp":"2026-07-07T12:31:47.060Z"}
7/7/2026, 6:01:47 pm | {"api":"/api/cash-closing-dashboard","event":"CASH_CLOSING_DASHBOARD_SUCCESS","totalRecords":56,"filters":{"cluster":"","branch":"","fromDate":"","toDate":"","status":""},"timestamp":"2026-07-07T12:31:47.061Z"}
7/7/2026, 6:01:47 pm | {"api":"/api/cash-closing-dashboard","event":"CASH_CLOSING_DASHBOARD_API_STARTED","filters":{"cluster":"","branch":"","fromDate":"","toDate":"","status":""},"timestamp":"2026-07-07T12:31:47.172Z"}
7/7/2026, 6:01:47 pm | {"api":"/api/cash-closing-dashboard","event":"CASH_CLOSING_DASHBOARD_DB_CONNECTED","timestamp":"2026-07-07T12:31:47.173Z"}
7/7/2026, 6:01:47 pm | {"api":"/api/cash-closing-dashboard","event":"CASH_CLOSING_DASHBOARD_QUERY_STARTED","filters":{"cluster":"","branch":"","fromDate":"","toDate":"","status":""},"timestamp":"2026-07-07T12:31:47.173Z"}
7/7/2026, 6:01:47 pm | {"api":"/api/cash-closing-dashboard","event":"CASH_CLOSING_DASHBOARD_DATA_FETCHED","totalRecords":56,"timestamp":"2026-07-07T12:31:47.179Z"}
7/7/2026, 6:01:47 pm | {"api":"/api/cash-closing-dashboard","event":"CASH_CLOSING_CLUSTER_FETCHED","totalClusters":4,"timestamp":"2026-07-07T12:31:47.182Z"}
7/7/2026, 6:01:47 pm | {"api":"/api/cash-closing-dashboard","event":"CASH_CLOSING_BRANCH_FETCHED","totalBranches":56,"timestamp":"2026-07-07T12:31:47.185Z"}
7/7/2026, 6:01:47 pm | {"api":"/api/cash-closing-dashboard","event":"CASH_CLOSING_DASHBOARD_SUCCESS","totalRecords":56,"filters":{"cluster":"","branch":"","fromDate":"","toDate":"","status":""},"timestamp":"2026-07-07T12:31:47.186Z"}
7/7/2026, 6:01:47 pm | {"api":"/api/cash-closing-dashboard","event":"CASH_CLOSING_DASHBOARD_API_STARTED","filters":{"cluster":"","branch":"","fromDate":"","toDate":"","status":""},"timestamp":"2026-07-07T12:31:47.316Z"}
7/7/2026, 6:01:47 pm | {"api":"/api/cash-closing-dashboard","event":"CASH_CLOSING_DASHBOARD_DB_CONNECTED","timestamp":"2026-07-07T12:31:47.317Z"}
7/7/2026, 6:01:47 pm | {"api":"/api/cash-closing-dashboard","event":"CASH_CLOSING_DASHBOARD_QUERY_STARTED","filters":{"cluster":"","branch":"","fromDate":"","toDate":"","status":""},"timestamp":"2026-07-07T12:31:47.317Z"}
7/7/2026, 6:01:47 pm | {"api":"/api/cash-closing-dashboard","event":"CASH_CLOSING_DASHBOARD_DATA_FETCHED","totalRecords":56,"timestamp":"2026-07-07T12:31:47.324Z"}
7/7/2026, 6:01:47 pm | {"api":"/api/cash-closing-dashboard","event":"CASH_CLOSING_CLUSTER_FETCHED","totalClusters":4,"timestamp":"2026-07-07T12:31:47.328Z"}
7/7/2026, 6:01:47 pm | {"api":"/api/cash-closing-dashboard","event":"CASH_CLOSING_BRANCH_FETCHED","totalBranches":56,"timestamp":"2026-07-07T12:31:47.332Z"}
7/7/2026, 6:01:47 pm | {"api":"/api/cash-closing-dashboard","event":"CASH_CLOSING_DASHBOARD_SUCCESS","totalRecords":56,"filters":{"cluster":"","branch":"","fromDate":"","toDate":"","status":""},"timestamp":"2026-07-07T12:31:47.332Z"}
7/7/2026, 6:01:47 pm | {"api":"/api/cash-closing-dashboard","event":"CASH_CLOSING_DASHBOARD_API_STARTED","filters":{"cluster":"","branch":"","fromDate":"","toDate":"","status":""},"timestamp":"2026-07-07T12:31:47.450Z"}
7/7/2026, 6:01:47 pm | {"api":"/api/cash-closing-dashboard","event":"CASH_CLOSING_DASHBOARD_DB_CONNECTED","timestamp":"2026-07-07T12:31:47.451Z"}
7/7/2026, 6:01:47 pm | {"api":"/api/cash-closing-dashboard","event":"CASH_CLOSING_DASHBOARD_QUERY_STARTED","filters":{"cluster":"","branch":"","fromDate":"","toDate":"","status":""},"timestamp":"2026-07-07T12:31:47.451Z"}
7/7/2026, 6:01:47 pm | {"api":"/api/cash-closing-dashboard","event":"CASH_CLOSING_DASHBOARD_DATA_FETCHED","totalRecords":56,"timestamp":"2026-07-07T12:31:47.459Z"}
7/7/2026, 6:01:47 pm | {"api":"/api/cash-closing-dashboard","event":"CASH_CLOSING_CLUSTER_FETCHED","totalClusters":4,"timestamp":"2026-07-07T12:31:47.463Z"}
7/7/2026, 6:01:47 pm | {"api":"/api/cash-closing-dashboard","event":"CASH_CLOSING_BRANCH_FETCHED","totalBranches":56,"timestamp":"2026-07-07T12:31:47.466Z"}
7/7/2026, 6:01:47 pm | {"api":"/api/cash-closing-dashboard","event":"CASH_CLOSING_DASHBOARD_SUCCESS","totalRecords":56,"filters":{"cluster":"","branch":"","fromDate":"","toDate":"","status":""},"timestamp":"2026-07-07T12:31:47.467Z"}
7/7/2026, 6:01:47 pm | {"api":"/api/cash-closing-dashboard","event":"CASH_CLOSING_DASHBOARD_API_STARTED","filters":{"cluster":"","branch":"","fromDate":"","toDate":"","status":""},"timestamp":"2026-07-07T12:31:47.588Z"}
7/7/2026, 6:01:47 pm | {"api":"/api/cash-closing-dashboard","event":"CASH_CLOSING_DASHBOARD_DB_CONNECTED","timestamp":"2026-07-07T12:31:47.589Z"}
7/7/2026, 6:01:47 pm | {"api":"/api/cash-closing-dashboard","event":"CASH_CLOSING_DASHBOARD_QUERY_STARTED","filters":{"cluster":"","branch":"","fromDate":"","toDate":"","status":""},"timestamp":"2026-07-07T12:31:47.590Z"}
7/7/2026, 6:01:47 pm | {"api":"/api/cash-closing-dashboard","event":"CASH_CLOSING_DASHBOARD_DATA_FETCHED","totalRecords":56,"timestamp":"2026-07-07T12:31:47.596Z"}
7/7/2026, 6:01:47 pm | {"api":"/api/cash-closing-dashboard","event":"CASH_CLOSING_CLUSTER_FETCHED","totalClusters":4,"timestamp":"2026-07-07T12:31:47.599Z"}
7/7/2026, 6:01:47 pm | {"api":"/api/cash-closing-dashboard","event":"CASH_CLOSING_BRANCH_FETCHED","totalBranches":56,"timestamp":"2026-07-07T12:31:47.603Z"}
7/7/2026, 6:01:47 pm | {"api":"/api/cash-closing-dashboard","event":"CASH_CLOSING_DASHBOARD_SUCCESS","totalRecords":56,"filters":{"cluster":"","branch":"","fromDate":"","toDate":"","status":""},"timestamp":"2026-07-07T12:31:47.603Z"}
7/7/2026, 6:01:47 pm | {"api":"/api/cash-closing-dashboard","event":"CASH_CLOSING_DASHBOARD_API_STARTED","filters":{"cluster":"","branch":"","fromDate":"","toDate":"","status":""},"timestamp":"2026-07-07T12:31:47.731Z"}
7/7/2026, 6:01:47 pm | {"api":"/api/cash-closing-dashboard","event":"CASH_CLOSING_DASHBOARD_DB_CONNECTED","timestamp":"2026-07-07T12:31:47.732Z"}
7/7/2026, 6:01:47 pm | {"api":"/api/cash-closing-dashboard","event":"CASH_CLOSING_DASHBOARD_QUERY_STARTED","filters":{"cluster":"","branch":"","fromDate":"","toDate":"","status":""},"timestamp":"2026-07-07T12:31:47.732Z"}
7/7/2026, 6:01:47 pm | {"api":"/api/cash-closing-dashboard","event":"CASH_CLOSING_DASHBOARD_DATA_FETCHED","totalRecords":56,"timestamp":"2026-07-07T12:31:47.739Z"}
7/7/2026, 6:01:47 pm | {"api":"/api/cash-closing-dashboard","event":"CASH_CLOSING_CLUSTER_FETCHED","totalClusters":4,"timestamp":"2026-07-07T12:31:47.742Z"}
7/7/2026, 6:01:47 pm | {"api":"/api/cash-closing-dashboard","event":"CASH_CLOSING_BRANCH_FETCHED","totalBranches":56,"timestamp":"2026-07-07T12:31:47.745Z"}
7/7/2026, 6:01:47 pm | {"api":"/api/cash-closing-dashboard","event":"CASH_CLOSING_DASHBOARD_SUCCESS","totalRecords":56,"filters":{"cluster":"","branch":"","fromDate":"","toDate":"","status":""},"timestamp":"2026-07-07T12:31:47.746Z"}
7/7/2026, 6:01:47 pm | {"api":"/api/cash-closing-dashboard","event":"CASH_CLOSING_DASHBOARD_API_STARTED","filters":{"cluster":"","branch":"","fromDate":"","toDate":"","status":""},"timestamp":"2026-07-07T12:31:47.867Z"}
7/7/2026, 6:01:47 pm | {"api":"/api/cash-closing-dashboard","event":"CASH_CLOSING_DASHBOARD_DB_CONNECTED","timestamp":"2026-07-07T12:31:47.868Z"}
7/7/2026, 6:01:47 pm | {"api":"/api/cash-closing-dashboard","event":"CASH_CLOSING_DASHBOARD_QUERY_STARTED","filters":{"cluster":"","branch":"","fromDate":"","toDate":"","status":""},"timestamp":"2026-07-07T12:31:47.869Z"}
7/7/2026, 6:01:47 pm | {"api":"/api/cash-closing-dashboard","event":"CASH_CLOSING_DASHBOARD_DATA_FETCHED","totalRecords":56,"timestamp":"2026-07-07T12:31:47.874Z"}
7/7/2026, 6:01:47 pm | {"api":"/api/cash-closing-dashboard","event":"CASH_CLOSING_CLUSTER_FETCHED","totalClusters":4,"timestamp":"2026-07-07T12:31:47.877Z"}
7/7/2026, 6:01:47 pm | {"api":"/api/cash-closing-dashboard","event":"CASH_CLOSING_BRANCH_FETCHED","totalBranches":56,"timestamp":"2026-07-07T12:31:47.881Z"}
7/7/2026, 6:01:47 pm | {"api":"/api/cash-closing-dashboard","event":"CASH_CLOSING_DASHBOARD_SUCCESS","totalRecords":56,"filters":{"cluster":"","branch":"","fromDate":"","toDate":"","status":""},"timestamp":"2026-07-07T12:31:47.881Z"}
7/7/2026, 6:01:48 pm | {"api":"/api/cash-closing-dashboard","event":"CASH_CLOSING_DASHBOARD_API_STARTED","filters":{"cluster":"","branch":"","fromDate":"","toDate":"","status":""},"timestamp":"2026-07-07T12:31:48.008Z"}
7/7/2026, 6:01:48 pm | {"api":"/api/cash-closing-dashboard","event":"CASH_CLOSING_DASHBOARD_DB_CONNECTED","timestamp":"2026-07-07T12:31:48.009Z"}
7/7/2026, 6:01:48 pm | {"api":"/api/cash-closing-dashboard","event":"CASH_CLOSING_DASHBOARD_QUERY_STARTED","filters":{"cluster":"","branch":"","fromDate":"","toDate":"","status":""},"timestamp":"2026-07-07T12:31:48.010Z"}
7/7/2026, 6:01:48 pm | {"api":"/api/cash-closing-dashboard","event":"CASH_CLOSING_DASHBOARD_DATA_FETCHED","totalRecords":56,"timestamp":"2026-07-07T12:31:48.016Z"}
7/7/2026, 6:01:48 pm | {"api":"/api/cash-closing-dashboard","event":"CASH_CLOSING_CLUSTER_FETCHED","totalClusters":4,"timestamp":"2026-07-07T12:31:48.019Z"}
7/7/2026, 6:01:48 pm | {"api":"/api/cash-closing-dashboard","event":"CASH_CLOSING_BRANCH_FETCHED","totalBranches":56,"timestamp":"2026-07-07T12:31:48.022Z"}
7/7/2026, 6:01:48 pm | {"api":"/api/cash-closing-dashboard","event":"CASH_CLOSING_DASHBOARD_SUCCESS","totalRecords":56,"filters":{"cluster":"","branch":"","fromDate":"","toDate":"","status":""},"timestamp":"2026-07-07T12:31:48.023Z"}
7/7/2026, 6:01:48 pm | {"api":"/api/cash-closing-dashboard","event":"CASH_CLOSING_DASHBOARD_API_STARTED","filters":{"cluster":"","branch":"","fromDate":"","toDate":"","status":""},"timestamp":"2026-07-07T12:31:48.152Z"}
7/7/2026, 6:01:48 pm | {"api":"/api/cash-closing-dashboard","event":"CASH_CLOSING_DASHBOARD_DB_CONNECTED","timestamp":"2026-07-07T12:31:48.154Z"}
7/7/2026, 6:01:48 pm | {"api":"/api/cash-closing-dashboard","event":"CASH_CLOSING_DASHBOARD_QUERY_STARTED","filters":{"cluster":"","branch":"","fromDate":"","toDate":"","status":""},"timestamp":"2026-07-07T12:31:48.154Z"}
7/7/2026, 6:01:48 pm | {"api":"/api/cash-closing-dashboard","event":"CASH_CLOSING_DASHBOARD_DATA_FETCHED","totalRecords":56,"timestamp":"2026-07-07T12:31:48.161Z"}
7/7/2026, 6:01:48 pm | {"api":"/api/cash-closing-dashboard","event":"CASH_CLOSING_CLUSTER_FETCHED","totalClusters":4,"timestamp":"2026-07-07T12:31:48.165Z"}
7/7/2026, 6:01:48 pm | {"api":"/api/cash-closing-dashboard","event":"CASH_CLOSING_BRANCH_FETCHED","totalBranches":56,"timestamp":"2026-07-07T12:31:48.168Z"}
7/7/2026, 6:01:48 pm | {"api":"/api/cash-closing-dashboard","event":"CASH_CLOSING_DASHBOARD_SUCCESS","totalRecords":56,"filters":{"cluster":"","branch":"","fromDate":"","toDate":"","status":""},"timestamp":"2026-07-07T12:31:48.169Z"}
7/7/2026, 6:01:48 pm | {"api":"/api/cash-closing-dashboard","event":"CASH_CLOSING_DASHBOARD_API_STARTED","filters":{"cluster":"","branch":"","fromDate":"","toDate":"","status":""},"timestamp":"2026-07-07T12:31:48.314Z"}
7/7/2026, 6:01:48 pm | {"api":"/api/cash-closing-dashboard","event":"CASH_CLOSING_DASHBOARD_DB_CONNECTED","timestamp":"2026-07-07T12:31:48.315Z"}
7/7/2026, 6:01:48 pm | {"api":"/api/cash-closing-dashboard","event":"CASH_CLOSING_DASHBOARD_QUERY_STARTED","filters":{"cluster":"","branch":"","fromDate":"","toDate":"","status":""},"timestamp":"2026-07-07T12:31:48.315Z"}
7/7/2026, 6:01:48 pm | {"api":"/api/cash-closing-dashboard","event":"CASH_CLOSING_DASHBOARD_DATA_FETCHED","totalRecords":56,"timestamp":"2026-07-07T12:31:48.322Z"}
7/7/2026, 6:01:48 pm | {"api":"/api/cash-closing-dashboard","event":"CASH_CLOSING_CLUSTER_FETCHED","totalClusters":4,"timestamp":"2026-07-07T12:31:48.326Z"}
7/7/2026, 6:01:48 pm | {"api":"/api/cash-closing-dashboard","event":"CASH_CLOSING_BRANCH_FETCHED","totalBranches":56,"timestamp":"2026-07-07T12:31:48.330Z"}
7/7/2026, 6:01:48 pm | {"api":"/api/cash-closing-dashboard","event":"CASH_CLOSING_DASHBOARD_SUCCESS","totalRecords":56,"filters":{"cluster":"","branch":"","fromDate":"","toDate":"","status":""},"timestamp":"2026-07-07T12:31:48.331Z"}
7/7/2026, 6:01:59 pm | {"api":"/api/cash-closing-dashboard","event":"CASH_CLOSING_DASHBOARD_API_STARTED","filters":{"cluster":"","branch":"","fromDate":"","toDate":"","status":""},"timestamp":"2026-07-07T12:31:59.827Z"}
7/7/2026, 6:01:59 pm | {"api":"/api/cash-closing-dashboard","event":"CASH_CLOSING_DASHBOARD_DB_CONNECTED","timestamp":"2026-07-07T12:31:59.829Z"}
7/7/2026, 6:01:59 pm | {"api":"/api/cash-closing-dashboard","event":"CASH_CLOSING_DASHBOARD_QUERY_STARTED","filters":{"cluster":"","branch":"","fromDate":"","toDate":"","status":""},"timestamp":"2026-07-07T12:31:59.830Z"}
7/7/2026, 6:01:59 pm | {"api":"/api/cash-closing-dashboard","event":"CASH_CLOSING_DASHBOARD_DATA_FETCHED","totalRecords":56,"timestamp":"2026-07-07T12:31:59.836Z"}
7/7/2026, 6:01:59 pm | {"api":"/api/cash-closing-dashboard","event":"CASH_CLOSING_CLUSTER_FETCHED","totalClusters":4,"timestamp":"2026-07-07T12:31:59.840Z"}
7/7/2026, 6:01:59 pm | {"api":"/api/cash-closing-dashboard","event":"CASH_CLOSING_BRANCH_FETCHED","totalBranches":56,"timestamp":"2026-07-07T12:31:59.843Z"}
7/7/2026, 6:01:59 pm | {"api":"/api/cash-closing-dashboard","event":"CASH_CLOSING_DASHBOARD_SUCCESS","totalRecords":56,"filters":{"cluster":"","branch":"","fromDate":"","toDate":"","status":""},"timestamp":"2026-07-07T12:31:59.844Z"}
7/7/2026, 6:01:59 pm | {"api":"/api/cash-closing-dashboard","event":"CASH_CLOSING_DASHBOARD_API_STARTED","filters":{"cluster":"","branch":"","fromDate":"","toDate":"","status":""},"timestamp":"2026-07-07T12:31:59.903Z"}
7/7/2026, 6:01:59 pm | {"api":"/api/cash-closing-dashboard","event":"CASH_CLOSING_DASHBOARD_DB_CONNECTED","timestamp":"2026-07-07T12:31:59.904Z"}
7/7/2026, 6:01:59 pm | {"api":"/api/cash-closing-dashboard","event":"CASH_CLOSING_DASHBOARD_QUERY_STARTED","filters":{"cluster":"","branch":"","fromDate":"","toDate":"","status":""},"timestamp":"2026-07-07T12:31:59.905Z"}
7/7/2026, 6:01:59 pm | {"api":"/api/cash-closing-dashboard","event":"CASH_CLOSING_DASHBOARD_DATA_FETCHED","totalRecords":56,"timestamp":"2026-07-07T12:31:59.911Z"}
7/7/2026, 6:01:59 pm | {"api":"/api/cash-closing-dashboard","event":"CASH_CLOSING_CLUSTER_FETCHED","totalClusters":4,"timestamp":"2026-07-07T12:31:59.914Z"}
7/7/2026, 6:01:59 pm | {"api":"/api/cash-closing-dashboard","event":"CASH_CLOSING_BRANCH_FETCHED","totalBranches":56,"timestamp":"2026-07-07T12:31:59.917Z"}
7/7/2026, 6:01:59 pm | {"api":"/api/cash-closing-dashboard","event":"CASH_CLOSING_DASHBOARD_SUCCESS","totalRecords":56,"filters":{"cluster":"","branch":"","fromDate":"","toDate":"","status":""},"timestamp":"2026-07-07T12:31:59.918Z"}
7/7/2026, 6:02:00 pm | {"api":"/api/cash-closing-dashboard","event":"CASH_CLOSING_DASHBOARD_API_STARTED","filters":{"cluster":"","branch":"","fromDate":"","toDate":"","status":""},"timestamp":"2026-07-07T12:32:00.034Z"}
7/7/2026, 6:02:00 pm | {"api":"/api/cash-closing-dashboard","event":"CASH_CLOSING_DASHBOARD_DB_CONNECTED","timestamp":"2026-07-07T12:32:00.035Z"}
7/7/2026, 6:02:00 pm | {"api":"/api/cash-closing-dashboard","event":"CASH_CLOSING_DASHBOARD_QUERY_STARTED","filters":{"cluster":"","branch":"","fromDate":"","toDate":"","status":""},"timestamp":"2026-07-07T12:32:00.036Z"}
7/7/2026, 6:02:00 pm | {"api":"/api/cash-closing-dashboard","event":"CASH_CLOSING_DASHBOARD_DATA_FETCHED","totalRecords":56,"timestamp":"2026-07-07T12:32:00.043Z"}
7/7/2026, 6:02:00 pm | {"api":"/api/cash-closing-dashboard","event":"CASH_CLOSING_CLUSTER_FETCHED","totalClusters":4,"timestamp":"2026-07-07T12:32:00.046Z"}
7/7/2026, 6:02:00 pm | {"api":"/api/cash-closing-dashboard","event":"CASH_CLOSING_BRANCH_FETCHED","totalBranches":56,"timestamp":"2026-07-07T12:32:00.051Z"}
7/7/2026, 6:02:00 pm | {"api":"/api/cash-closing-dashboard","event":"CASH_CLOSING_DASHBOARD_SUCCESS","totalRecords":56,"filters":{"cluster":"","branch":"","fromDate":"","toDate":"","status":""},"timestamp":"2026-07-07T12:32:00.052Z"}
7/7/2026, 6:02:01 pm | {"api":"/login","event":"LOGIN_API_STARTED","mpin":"2468","deviceId":"b56ab923474b0709","timestamp":"2026-07-07T12:32:01.881Z"}
7/7/2026, 6:02:01 pm | {"event":"LOGIN_REQUEST","mpin":"2468","deviceId":"b56ab923474b0709","timestamp":"2026-07-07T12:32:01.882Z"}
7/7/2026, 6:02:01 pm | {"api":"/login","event":"LOGIN_DB_QUERY_STARTED","mpin":"2468","timestamp":"2026-07-07T12:32:01.882Z"}
7/7/2026, 6:02:01 pm | {"api":"/login","event":"LOGIN_USER_FOUND","empNo":"599","branch":"Bhimavaram","designation":"Branch Manager","timestamp":"2026-07-07T12:32:01.888Z"}
7/7/2026, 6:02:01 pm | {"api":"/login","event":"LOGIN_DEVICE_CHECK","empNo":"599","savedDevice":"b56ab923474b0709","currentDevice":"b56ab923474b0709","timestamp":"2026-07-07T12:32:01.889Z"}
7/7/2026, 6:02:01 pm | {"api":"/login","event":"LOGIN_SUCCESS","empNo":"599","branch":"Bhimavaram","designation":"Branch Manager","loginTime":"2026-07-07T12:32:01.898Z"}
7/7/2026, 6:02:02 pm | {"api":"/employee/:empNo","event":"EMPLOYEE_API_STARTED","empNo":"599","timestamp":"2026-07-07T12:32:02.198Z"}
7/7/2026, 6:02:02 pm | {"api":"/employee/:empNo","event":"EMPLOYEE_DB_QUERY_STARTED","empNo":"599","timestamp":"2026-07-07T12:32:02.200Z"}
7/7/2026, 6:02:02 pm | {"api":"/employee/:empNo","event":"EMPLOYEE_FETCH_SUCCESS","empNo":"599","employeeName":"K Avinash","branch":"Bhimavaram","designation":"Branch Manager","timestamp":"2026-07-07T12:32:02.203Z"}
7/7/2026, 6:02:02 pm | {"api":"/last-submission/:empNo","event":"LAST_SUBMISSION_API_STARTED","empNo":"599","timestamp":"2026-07-07T12:32:02.307Z"}
7/7/2026, 6:02:02 pm | {"api":"/last-submission/:empNo","event":"LAST_SUBMISSION_DB_QUERY_STARTED","empNo":"599","timestamp":"2026-07-07T12:32:02.308Z"}
7/7/2026, 6:02:02 pm | {"api":"/last-submission/:empNo","event":"LAST_SUBMISSION_FETCH_SUCCESS","empNo":"599","amount":340000,"actionAt":"2026-07-06 18:00:16","timestamp":"2026-07-07T12:32:02.312Z"}
7/7/2026, 6:02:02 pm | {"api":"/today-cash/:empNo","event":"TODAY_CASH_API_STARTED","empNo":"599","timestamp":"2026-07-07T12:32:02.503Z"}
7/7/2026, 6:02:02 pm | {"api":"/today-cash/:empNo","event":"TODAY_CASH_DB_QUERY_STARTED","empNo":"599","timestamp":"2026-07-07T12:32:02.504Z"}
7/7/2026, 6:02:02 pm | {"api":"/today-cash/:empNo","event":"TODAY_CASH_NOT_FOUND","empNo":"599","timestamp":"2026-07-07T12:32:02.508Z"}
7/7/2026, 6:02:05 pm | {"api":"/api/cash-closing-dashboard","event":"CASH_CLOSING_DASHBOARD_API_STARTED","filters":{"cluster":"","branch":"","fromDate":"","toDate":"","status":""},"timestamp":"2026-07-07T12:32:05.423Z"}
7/7/2026, 6:02:05 pm | {"api":"/api/cash-closing-dashboard","event":"CASH_CLOSING_DASHBOARD_DB_CONNECTED","timestamp":"2026-07-07T12:32:05.424Z"}
7/7/2026, 6:02:05 pm | {"api":"/api/cash-closing-dashboard","event":"CASH_CLOSING_DASHBOARD_QUERY_STARTED","filters":{"cluster":"","branch":"","fromDate":"","toDate":"","status":""},"timestamp":"2026-07-07T12:32:05.425Z"}
7/7/2026, 6:02:05 pm | {"api":"/api/cash-closing-dashboard","event":"CASH_CLOSING_DASHBOARD_DATA_FETCHED","totalRecords":56,"timestamp":"2026-07-07T12:32:05.430Z"}
7/7/2026, 6:02:05 pm | {"api":"/api/cash-closing-dashboard","event":"CASH_CLOSING_CLUSTER_FETCHED","totalClusters":4,"timestamp":"2026-07-07T12:32:05.434Z"}
7/7/2026, 6:02:05 pm | {"api":"/api/cash-closing-dashboard","event":"CASH_CLOSING_BRANCH_FETCHED","totalBranches":56,"timestamp":"2026-07-07T12:32:05.437Z"}
7/7/2026, 6:02:05 pm | {"api":"/api/cash-closing-dashboard","event":"CASH_CLOSING_DASHBOARD_SUCCESS","totalRecords":56,"filters":{"cluster":"","branch":"","fromDate":"","toDate":"","status":""},"timestamp":"2026-07-07T12:32:05.438Z"}
7/7/2026, 6:02:05 pm | {"api":"/api/cash-closing-dashboard","event":"CASH_CLOSING_DASHBOARD_API_STARTED","filters":{"cluster":"","branch":"","fromDate":"","toDate":"","status":""},"timestamp":"2026-07-07T12:32:05.563Z"}
7/7/2026, 6:02:05 pm | {"api":"/api/cash-closing-dashboard","event":"CASH_CLOSING_DASHBOARD_DB_CONNECTED","timestamp":"2026-07-07T12:32:05.564Z"}
7/7/2026, 6:02:05 pm | {"api":"/api/cash-closing-dashboard","event":"CASH_CLOSING_DASHBOARD_QUERY_STARTED","filters":{"cluster":"","branch":"","fromDate":"","toDate":"","status":""},"timestamp":"2026-07-07T12:32:05.564Z"}
7/7/2026, 6:02:05 pm | {"api":"/api/cash-closing-dashboard","event":"CASH_CLOSING_DASHBOARD_DATA_FETCHED","totalRecords":56,"timestamp":"2026-07-07T12:32:05.570Z"}
7/7/2026, 6:02:05 pm | {"api":"/api/cash-closing-dashboard","event":"CASH_CLOSING_CLUSTER_FETCHED","totalClusters":4,"timestamp":"2026-07-07T12:32:05.573Z"}
7/7/2026, 6:02:05 pm | {"api":"/api/cash-closing-dashboard","event":"CASH_CLOSING_BRANCH_FETCHED","totalBranches":56,"timestamp":"2026-07-07T12:32:05.578Z"}
7/7/2026, 6:02:05 pm | {"api":"/api/cash-closing-dashboard","event":"CASH_CLOSING_DASHBOARD_SUCCESS","totalRecords":56,"filters":{"cluster":"","branch":"","fromDate":"","toDate":"","status":""},"timestamp":"2026-07-07T12:32:05.579Z"}
7/7/2026, 6:02:05 pm | {"api":"/api/cash-closing-dashboard","event":"CASH_CLOSING_DASHBOARD_API_STARTED","filters":{"cluster":"","branch":"","fromDate":"","toDate":"","status":""},"timestamp":"2026-07-07T12:32:05.723Z"}
7/7/2026, 6:02:05 pm | {"api":"/api/cash-closing-dashboard","event":"CASH_CLOSING_DASHBOARD_DB_CONNECTED","timestamp":"2026-07-07T12:32:05.724Z"}
7/7/2026, 6:02:05 pm | {"api":"/api/cash-closing-dashboard","event":"CASH_CLOSING_DASHBOARD_QUERY_STARTED","filters":{"cluster":"","branch":"","fromDate":"","toDate":"","status":""},"timestamp":"2026-07-07T12:32:05.725Z"}
7/7/2026, 6:02:05 pm | {"api":"/api/cash-closing-dashboard","event":"CASH_CLOSING_DASHBOARD_DATA_FETCHED","totalRecords":56,"timestamp":"2026-07-07T12:32:05.730Z"}
7/7/2026, 6:02:05 pm | {"api":"/api/cash-closing-dashboard","event":"CASH_CLOSING_CLUSTER_FETCHED","totalClusters":4,"timestamp":"2026-07-07T12:32:05.734Z"}
7/7/2026, 6:02:05 pm | {"api":"/api/cash-closing-dashboard","event":"CASH_CLOSING_BRANCH_FETCHED","totalBranches":56,"timestamp":"2026-07-07T12:32:05.737Z"}
7/7/2026, 6:02:05 pm | {"api":"/api/cash-closing-dashboard","event":"CASH_CLOSING_DASHBOARD_SUCCESS","totalRecords":56,"filters":{"cluster":"","branch":"","fromDate":"","toDate":"","status":""},"timestamp":"2026-07-07T12:32:05.738Z"}
7/7/2026, 6:02:05 pm | {"api":"/api/cash-closing-dashboard","event":"CASH_CLOSING_DASHBOARD_API_STARTED","filters":{"cluster":"","branch":"","fromDate":"","toDate":"","status":""},"timestamp":"2026-07-07T12:32:05.859Z"}
7/7/2026, 6:02:05 pm | {"api":"/api/cash-closing-dashboard","event":"CASH_CLOSING_DASHBOARD_DB_CONNECTED","timestamp":"2026-07-07T12:32:05.860Z"}
7/7/2026, 6:02:05 pm | {"api":"/api/cash-closing-dashboard","event":"CASH_CLOSING_DASHBOARD_QUERY_STARTED","filters":{"cluster":"","branch":"","fromDate":"","toDate":"","status":""},"timestamp":"2026-07-07T12:32:05.861Z"}
7/7/2026, 6:02:05 pm | {"api":"/api/cash-closing-dashboard","event":"CASH_CLOSING_DASHBOARD_DATA_FETCHED","totalRecords":56,"timestamp":"2026-07-07T12:32:05.867Z"}
7/7/2026, 6:02:05 pm | {"api":"/api/cash-closing-dashboard","event":"CASH_CLOSING_CLUSTER_FETCHED","totalClusters":4,"timestamp":"2026-07-07T12:32:05.870Z"}
7/7/2026, 6:02:05 pm | {"api":"/api/cash-closing-dashboard","event":"CASH_CLOSING_BRANCH_FETCHED","totalBranches":56,"timestamp":"2026-07-07T12:32:05.873Z"}
7/7/2026, 6:02:05 pm | {"api":"/api/cash-closing-dashboard","event":"CASH_CLOSING_DASHBOARD_SUCCESS","totalRecords":56,"filters":{"cluster":"","branch":"","fromDate":"","toDate":"","status":""},"timestamp":"2026-07-07T12:32:05.874Z"}
7/7/2026, 6:02:05 pm | {"api":"/api/cash-closing-dashboard","event":"CASH_CLOSING_DASHBOARD_API_STARTED","filters":{"cluster":"","branch":"","fromDate":"","toDate":"","status":""},"timestamp":"2026-07-07T12:32:05.995Z"}
7/7/2026, 6:02:05 pm | {"api":"/api/cash-closing-dashboard","event":"CASH_CLOSING_DASHBOARD_DB_CONNECTED","timestamp":"2026-07-07T12:32:05.996Z"}
7/7/2026, 6:02:05 pm | {"api":"/api/cash-closing-dashboard","event":"CASH_CLOSING_DASHBOARD_QUERY_STARTED","filters":{"cluster":"","branch":"","fromDate":"","toDate":"","status":""},"timestamp":"2026-07-07T12:32:05.996Z"}
7/7/2026, 6:02:06 pm | {"api":"/api/cash-closing-dashboard","event":"CASH_CLOSING_DASHBOARD_DATA_FETCHED","totalRecords":56,"timestamp":"2026-07-07T12:32:06.002Z"}
7/7/2026, 6:02:06 pm | {"api":"/api/cash-closing-dashboard","event":"CASH_CLOSING_CLUSTER_FETCHED","totalClusters":4,"timestamp":"2026-07-07T12:32:06.006Z"}
7/7/2026, 6:02:06 pm | {"api":"/api/cash-closing-dashboard","event":"CASH_CLOSING_BRANCH_FETCHED","totalBranches":56,"timestamp":"2026-07-07T12:32:06.010Z"}
7/7/2026, 6:02:06 pm | {"api":"/api/cash-closing-dashboard","event":"CASH_CLOSING_DASHBOARD_SUCCESS","totalRecords":56,"filters":{"cluster":"","branch":"","fromDate":"","toDate":"","status":""},"timestamp":"2026-07-07T12:32:06.010Z"}
7/7/2026, 6:02:09 pm | {"api":"/save-cash-closing","event":"SAVE_CASH_API_STARTED","empNo":"599","amount":"650000","timestamp":"2026-07-07T12:32:09.897Z"}
7/7/2026, 6:02:09 pm | {"api":"/save-cash-closing","event":"PREVIOUS_DAY_RECORD_FOUND","empNo":"599","oldDate":"2026-07-06T00:00:00.000Z","amount":340000,"timestamp":"2026-07-07T12:32:09.904Z"}
7/7/2026, 6:02:09 pm | {"api":"/save-cash-closing","event":"PREVIOUS_DAY_MOVED_TO_HISTORY","empNo":"599","timestamp":"2026-07-07T12:32:09.912Z"}
7/7/2026, 6:02:09 pm | {"api":"/save-cash-closing","event":"PREVIOUS_DAY_DELETED","empNo":"599","timestamp":"2026-07-07T12:32:09.922Z"}
7/7/2026, 6:02:09 pm | {"api":"/save-cash-closing","event":"SAVE_CASH_NEW_ENTRY","empNo":"599","amount":"650000","branch":"Bhimavaram","timestamp":"2026-07-07T12:32:09.925Z"}
7/7/2026, 6:02:09 pm | {"api":"/save-cash-closing","event":"SAVE_CASH_HISTORY_INSERTED","empNo":"599","actionType":"ADDED","version":1,"timestamp":"2026-07-07T12:32:09.947Z"}
7/7/2026, 6:02:09 pm | {"api":"/save-cash-closing","event":"SAVE_CASH_SUCCESS","type":"INSERT","empNo":"599","amount":"650000","timestamp":"2026-07-07T12:32:09.948Z"}
7/7/2026, 6:02:21 pm | {"api":"/api/cash-closing-dashboard","event":"CASH_CLOSING_DASHBOARD_API_STARTED","filters":{"cluster":"","branch":"","fromDate":"","toDate":"","status":""},"timestamp":"2026-07-07T12:32:21.043Z"}
7/7/2026, 6:02:21 pm | {"api":"/api/cash-closing-dashboard","event":"CASH_CLOSING_DASHBOARD_DB_CONNECTED","timestamp":"2026-07-07T12:32:21.044Z"}
7/7/2026, 6:02:21 pm | {"api":"/api/cash-closing-dashboard","event":"CASH_CLOSING_DASHBOARD_QUERY_STARTED","filters":{"cluster":"","branch":"","fromDate":"","toDate":"","status":""},"timestamp":"2026-07-07T12:32:21.045Z"}
7/7/2026, 6:02:21 pm | {"api":"/api/cash-closing-dashboard","event":"CASH_CLOSING_DASHBOARD_DATA_FETCHED","totalRecords":56,"timestamp":"2026-07-07T12:32:21.053Z"}
7/7/2026, 6:02:21 pm | {"api":"/api/cash-closing-dashboard","event":"CASH_CLOSING_CLUSTER_FETCHED","totalClusters":4,"timestamp":"2026-07-07T12:32:21.056Z"}
7/7/2026, 6:02:21 pm | {"api":"/api/cash-closing-dashboard","event":"CASH_CLOSING_BRANCH_FETCHED","totalBranches":56,"timestamp":"2026-07-07T12:32:21.060Z"}
7/7/2026, 6:02:21 pm | {"api":"/api/cash-closing-dashboard","event":"CASH_CLOSING_DASHBOARD_SUCCESS","totalRecords":56,"filters":{"cluster":"","branch":"","fromDate":"","toDate":"","status":""},"timestamp":"2026-07-07T12:32:21.060Z"}
7/7/2026, 6:02:21 pm | {"api":"/api/cash-closing-dashboard","event":"CASH_CLOSING_DASHBOARD_API_STARTED","filters":{"cluster":"","branch":"","fromDate":"","toDate":"","status":""},"timestamp":"2026-07-07T12:32:21.152Z"}
7/7/2026, 6:02:21 pm | {"api":"/api/cash-closing-dashboard","event":"CASH_CLOSING_DASHBOARD_DB_CONNECTED","timestamp":"2026-07-07T12:32:21.153Z"}
7/7/2026, 6:02:21 pm | {"api":"/api/cash-closing-dashboard","event":"CASH_CLOSING_DASHBOARD_QUERY_STARTED","filters":{"cluster":"","branch":"","fromDate":"","toDate":"","status":""},"timestamp":"2026-07-07T12:32:21.154Z"}
7/7/2026, 6:02:21 pm | {"api":"/api/cash-closing-dashboard","event":"CASH_CLOSING_DASHBOARD_DATA_FETCHED","totalRecords":56,"timestamp":"2026-07-07T12:32:21.162Z"}
7/7/2026, 6:02:21 pm | {"api":"/api/cash-closing-dashboard","event":"CASH_CLOSING_CLUSTER_FETCHED","totalClusters":4,"timestamp":"2026-07-07T12:32:21.165Z"}
7/7/2026, 6:02:21 pm | {"api":"/api/cash-closing-dashboard","event":"CASH_CLOSING_BRANCH_FETCHED","totalBranches":56,"timestamp":"2026-07-07T12:32:21.168Z"}
7/7/2026, 6:02:21 pm | {"api":"/api/cash-closing-dashboard","event":"CASH_CLOSING_DASHBOARD_SUCCESS","totalRecords":56,"filters":{"cluster":"","branch":"","fromDate":"","toDate":"","status":""},"timestamp":"2026-07-07T12:32:21.169Z"}
7/7/2026, 6:02:21 pm | {"api":"/api/cash-closing-dashboard","event":"CASH_CLOSING_DASHBOARD_API_STARTED","filters":{"cluster":"","branch":"","fromDate":"","toDate":"","status":""},"timestamp":"2026-07-07T12:32:21.425Z"}
7/7/2026, 6:02:21 pm | {"api":"/api/cash-closing-dashboard","event":"CASH_CLOSING_DASHBOARD_DB_CONNECTED","timestamp":"2026-07-07T12:32:21.426Z"}
7/7/2026, 6:02:21 pm | {"api":"/api/cash-closing-dashboard","event":"CASH_CLOSING_DASHBOARD_QUERY_STARTED","filters":{"cluster":"","branch":"","fromDate":"","toDate":"","status":""},"timestamp":"2026-07-07T12:32:21.427Z"}
7/7/2026, 6:02:21 pm | {"api":"/api/cash-closing-dashboard","event":"CASH_CLOSING_DASHBOARD_DATA_FETCHED","totalRecords":56,"timestamp":"2026-07-07T12:32:21.434Z"}
7/7/2026, 6:02:21 pm | {"api":"/api/cash-closing-dashboard","event":"CASH_CLOSING_CLUSTER_FETCHED","totalClusters":4,"timestamp":"2026-07-07T12:32:21.437Z"}
7/7/2026, 6:02:21 pm | {"api":"/api/cash-closing-dashboard","event":"CASH_CLOSING_BRANCH_FETCHED","totalBranches":56,"timestamp":"2026-07-07T12:32:21.441Z"}
7/7/2026, 6:02:21 pm | {"api":"/api/cash-closing-dashboard","event":"CASH_CLOSING_DASHBOARD_SUCCESS","totalRecords":56,"filters":{"cluster":"","branch":"","fromDate":"","toDate":"","status":""},"timestamp":"2026-07-07T12:32:21.442Z"}
7/7/2026, 6:02:21 pm | {"api":"/api/cash-closing-dashboard","event":"CASH_CLOSING_DASHBOARD_API_STARTED","filters":{"cluster":"","branch":"","fromDate":"","toDate":"","status":""},"timestamp":"2026-07-07T12:32:21.585Z"}
7/7/2026, 6:02:21 pm | {"api":"/api/cash-closing-dashboard","event":"CASH_CLOSING_DASHBOARD_DB_CONNECTED","timestamp":"2026-07-07T12:32:21.586Z"}
7/7/2026, 6:02:21 pm | {"api":"/api/cash-closing-dashboard","event":"CASH_CLOSING_DASHBOARD_QUERY_STARTED","filters":{"cluster":"","branch":"","fromDate":"","toDate":"","status":""},"timestamp":"2026-07-07T12:32:21.587Z"}
7/7/2026, 6:02:21 pm | {"api":"/api/cash-closing-dashboard","event":"CASH_CLOSING_DASHBOARD_DATA_FETCHED","totalRecords":56,"timestamp":"2026-07-07T12:32:21.592Z"}
7/7/2026, 6:02:21 pm | {"api":"/api/cash-closing-dashboard","event":"CASH_CLOSING_CLUSTER_FETCHED","totalClusters":4,"timestamp":"2026-07-07T12:32:21.596Z"}
7/7/2026, 6:02:21 pm | {"api":"/api/cash-closing-dashboard","event":"CASH_CLOSING_BRANCH_FETCHED","totalBranches":56,"timestamp":"2026-07-07T12:32:21.599Z"}
7/7/2026, 6:02:21 pm | {"api":"/api/cash-closing-dashboard","event":"CASH_CLOSING_DASHBOARD_SUCCESS","totalRecords":56,"filters":{"cluster":"","branch":"","fromDate":"","toDate":"","status":""},"timestamp":"2026-07-07T12:32:21.600Z"}
7/7/2026, 6:02:21 pm | {"api":"/api/cash-closing-dashboard","event":"CASH_CLOSING_DASHBOARD_API_STARTED","filters":{"cluster":"","branch":"","fromDate":"","toDate":"","status":""},"timestamp":"2026-07-07T12:32:21.729Z"}
7/7/2026, 6:02:21 pm | {"api":"/api/cash-closing-dashboard","event":"CASH_CLOSING_DASHBOARD_DB_CONNECTED","timestamp":"2026-07-07T12:32:21.730Z"}
7/7/2026, 6:02:21 pm | {"api":"/api/cash-closing-dashboard","event":"CASH_CLOSING_DASHBOARD_QUERY_STARTED","filters":{"cluster":"","branch":"","fromDate":"","toDate":"","status":""},"timestamp":"2026-07-07T12:32:21.730Z"}
7/7/2026, 6:02:21 pm | {"api":"/api/cash-closing-dashboard","event":"CASH_CLOSING_DASHBOARD_DATA_FETCHED","totalRecords":56,"timestamp":"2026-07-07T12:32:21.737Z"}
7/7/2026, 6:02:21 pm | {"api":"/api/cash-closing-dashboard","event":"CASH_CLOSING_CLUSTER_FETCHED","totalClusters":4,"timestamp":"2026-07-07T12:32:21.741Z"}
7/7/2026, 6:02:21 pm | {"api":"/api/cash-closing-dashboard","event":"CASH_CLOSING_BRANCH_FETCHED","totalBranches":56,"timestamp":"2026-07-07T12:32:21.744Z"}
7/7/2026, 6:02:21 pm | {"api":"/api/cash-closing-dashboard","event":"CASH_CLOSING_DASHBOARD_SUCCESS","totalRecords":56,"filters":{"cluster":"","branch":"","fromDate":"","toDate":"","status":""},"timestamp":"2026-07-07T12:32:21.745Z"}
7/7/2026, 6:02:25 pm | {"api":"/login","event":"LOGIN_API_STARTED","mpin":"2026","deviceId":"4405d0fdd72975ca","timestamp":"2026-07-07T12:32:25.799Z"}
7/7/2026, 6:02:25 pm | {"event":"LOGIN_REQUEST","mpin":"2026","deviceId":"4405d0fdd72975ca","timestamp":"2026-07-07T12:32:25.800Z"}
7/7/2026, 6:02:25 pm | {"api":"/login","event":"LOGIN_DB_QUERY_STARTED","mpin":"2026","timestamp":"2026-07-07T12:32:25.801Z"}
7/7/2026, 6:02:25 pm | {"api":"/login","event":"LOGIN_USER_FOUND","empNo":"282","branch":"Jangareddygudem","designation":"Branch Manager","timestamp":"2026-07-07T12:32:25.806Z"}
7/7/2026, 6:02:25 pm | {"api":"/login","event":"LOGIN_DEVICE_CHECK","empNo":"282","savedDevice":"4405d0fdd72975ca","currentDevice":"4405d0fdd72975ca","timestamp":"2026-07-07T12:32:25.807Z"}
7/7/2026, 6:02:25 pm | {"api":"/login","event":"LOGIN_SUCCESS","empNo":"282","branch":"Jangareddygudem","designation":"Branch Manager","loginTime":"2026-07-07T12:32:25.814Z"}
7/7/2026, 6:02:26 pm | {"api":"/employee/:empNo","event":"EMPLOYEE_API_STARTED","empNo":"282","timestamp":"2026-07-07T12:32:26.902Z"}
7/7/2026, 6:02:26 pm | {"api":"/employee/:empNo","event":"EMPLOYEE_DB_QUERY_STARTED","empNo":"282","timestamp":"2026-07-07T12:32:26.903Z"}
7/7/2026, 6:02:26 pm | {"api":"/employee/:empNo","event":"EMPLOYEE_FETCH_SUCCESS","empNo":"282","employeeName":"S. Yesu Babu","branch":"Jangareddygudem","designation":"Branch Manager","timestamp":"2026-07-07T12:32:26.906Z"}
7/7/2026, 6:02:27 pm | {"api":"/last-submission/:empNo","event":"LAST_SUBMISSION_API_STARTED","empNo":"282","timestamp":"2026-07-07T12:32:27.000Z"}
7/7/2026, 6:02:27 pm | {"api":"/last-submission/:empNo","event":"LAST_SUBMISSION_DB_QUERY_STARTED","empNo":"282","timestamp":"2026-07-07T12:32:27.001Z"}
7/7/2026, 6:02:27 pm | {"api":"/last-submission/:empNo","event":"LAST_SUBMISSION_FETCH_SUCCESS","empNo":"282","amount":4700000,"actionAt":"2026-07-04 17:47:44","timestamp":"2026-07-07T12:32:27.006Z"}
7/7/2026, 6:02:27 pm | {"api":"/today-cash/:empNo","event":"TODAY_CASH_API_STARTED","empNo":"282","timestamp":"2026-07-07T12:32:27.252Z"}
7/7/2026, 6:02:27 pm | {"api":"/today-cash/:empNo","event":"TODAY_CASH_DB_QUERY_STARTED","empNo":"282","timestamp":"2026-07-07T12:32:27.254Z"}
7/7/2026, 6:02:27 pm | {"api":"/today-cash/:empNo","event":"TODAY_CASH_NOT_FOUND","empNo":"282","timestamp":"2026-07-07T12:32:27.258Z"}
7/7/2026, 6:02:29 pm | {"api":"/api/cash-closing-dashboard","event":"CASH_CLOSING_DASHBOARD_API_STARTED","filters":{"cluster":"","branch":"","fromDate":"","toDate":"","status":""},"timestamp":"2026-07-07T12:32:29.788Z"}
7/7/2026, 6:02:29 pm | {"api":"/api/cash-closing-dashboard","event":"CASH_CLOSING_DASHBOARD_DB_CONNECTED","timestamp":"2026-07-07T12:32:29.789Z"}
7/7/2026, 6:02:29 pm | {"api":"/api/cash-closing-dashboard","event":"CASH_CLOSING_DASHBOARD_QUERY_STARTED","filters":{"cluster":"","branch":"","fromDate":"","toDate":"","status":""},"timestamp":"2026-07-07T12:32:29.790Z"}
7/7/2026, 6:02:29 pm | {"api":"/api/cash-closing-dashboard","event":"CASH_CLOSING_DASHBOARD_DATA_FETCHED","totalRecords":56,"timestamp":"2026-07-07T12:32:29.795Z"}
7/7/2026, 6:02:29 pm | {"api":"/api/cash-closing-dashboard","event":"CASH_CLOSING_CLUSTER_FETCHED","totalClusters":4,"timestamp":"2026-07-07T12:32:29.798Z"}
7/7/2026, 6:02:29 pm | {"api":"/api/cash-closing-dashboard","event":"CASH_CLOSING_BRANCH_FETCHED","totalBranches":56,"timestamp":"2026-07-07T12:32:29.802Z"}
7/7/2026, 6:02:29 pm | {"api":"/api/cash-closing-dashboard","event":"CASH_CLOSING_DASHBOARD_SUCCESS","totalRecords":56,"filters":{"cluster":"","branch":"","fromDate":"","toDate":"","status":""},"timestamp":"2026-07-07T12:32:29.803Z"}
7/7/2026, 6:02:29 pm | {"api":"/api/cash-closing-dashboard","event":"CASH_CLOSING_DASHBOARD_API_STARTED","filters":{"cluster":"","branch":"","fromDate":"","toDate":"","status":""},"timestamp":"2026-07-07T12:32:29.904Z"}
7/7/2026, 6:02:29 pm | {"api":"/api/cash-closing-dashboard","event":"CASH_CLOSING_DASHBOARD_DB_CONNECTED","timestamp":"2026-07-07T12:32:29.905Z"}
7/7/2026, 6:02:29 pm | {"api":"/api/cash-closing-dashboard","event":"CASH_CLOSING_DASHBOARD_QUERY_STARTED","filters":{"cluster":"","branch":"","fromDate":"","toDate":"","status":""},"timestamp":"2026-07-07T12:32:29.906Z"}
7/7/2026, 6:02:29 pm | {"api":"/api/cash-closing-dashboard","event":"CASH_CLOSING_DASHBOARD_DATA_FETCHED","totalRecords":56,"timestamp":"2026-07-07T12:32:29.913Z"}
7/7/2026, 6:02:29 pm | {"api":"/api/cash-closing-dashboard","event":"CASH_CLOSING_CLUSTER_FETCHED","totalClusters":4,"timestamp":"2026-07-07T12:32:29.917Z"}
7/7/2026, 6:02:29 pm | {"api":"/api/cash-closing-dashboard","event":"CASH_CLOSING_BRANCH_FETCHED","totalBranches":56,"timestamp":"2026-07-07T12:32:29.920Z"}
7/7/2026, 6:02:29 pm | {"api":"/api/cash-closing-dashboard","event":"CASH_CLOSING_DASHBOARD_SUCCESS","totalRecords":56,"filters":{"cluster":"","branch":"","fromDate":"","toDate":"","status":""},"timestamp":"2026-07-07T12:32:29.920Z"}
7/7/2026, 6:02:30 pm | {"api":"/api/cash-closing-dashboard","event":"CASH_CLOSING_DASHBOARD_API_STARTED","filters":{"cluster":"","branch":"","fromDate":"","toDate":"","status":""},"timestamp":"2026-07-07T12:32:30.217Z"}
7/7/2026, 6:02:30 pm | {"api":"/api/cash-closing-dashboard","event":"CASH_CLOSING_DASHBOARD_DB_CONNECTED","timestamp":"2026-07-07T12:32:30.218Z"}
7/7/2026, 6:02:30 pm | {"api":"/api/cash-closing-dashboard","event":"CASH_CLOSING_DASHBOARD_QUERY_STARTED","filters":{"cluster":"","branch":"","fromDate":"","toDate":"","status":""},"timestamp":"2026-07-07T12:32:30.219Z"}
7/7/2026, 6:02:30 pm | {"api":"/api/cash-closing-dashboard","event":"CASH_CLOSING_DASHBOARD_DATA_FETCHED","totalRecords":56,"timestamp":"2026-07-07T12:32:30.226Z"}
7/7/2026, 6:02:30 pm | {"api":"/api/cash-closing-dashboard","event":"CASH_CLOSING_CLUSTER_FETCHED","totalClusters":4,"timestamp":"2026-07-07T12:32:30.230Z"}
7/7/2026, 6:02:30 pm | {"api":"/api/cash-closing-dashboard","event":"CASH_CLOSING_BRANCH_FETCHED","totalBranches":56,"timestamp":"2026-07-07T12:32:30.234Z"}
7/7/2026, 6:02:30 pm | {"api":"/api/cash-closing-dashboard","event":"CASH_CLOSING_DASHBOARD_SUCCESS","totalRecords":56,"filters":{"cluster":"","branch":"","fromDate":"","toDate":"","status":""},"timestamp":"2026-07-07T12:32:30.235Z"}
7/7/2026, 6:02:30 pm | {"api":"/api/cash-closing-dashboard","event":"CASH_CLOSING_DASHBOARD_API_STARTED","filters":{"cluster":"","branch":"","fromDate":"","toDate":"","status":""},"timestamp":"2026-07-07T12:32:30.377Z"}
7/7/2026, 6:02:30 pm | {"api":"/api/cash-closing-dashboard","event":"CASH_CLOSING_DASHBOARD_DB_CONNECTED","timestamp":"2026-07-07T12:32:30.378Z"}
7/7/2026, 6:02:30 pm | {"api":"/api/cash-closing-dashboard","event":"CASH_CLOSING_DASHBOARD_QUERY_STARTED","filters":{"cluster":"","branch":"","fromDate":"","toDate":"","status":""},"timestamp":"2026-07-07T12:32:30.379Z"}
7/7/2026, 6:02:30 pm | {"api":"/api/cash-closing-dashboard","event":"CASH_CLOSING_DASHBOARD_DATA_FETCHED","totalRecords":56,"timestamp":"2026-07-07T12:32:30.386Z"}
7/7/2026, 6:02:30 pm | {"api":"/api/cash-closing-dashboard","event":"CASH_CLOSING_CLUSTER_FETCHED","totalClusters":4,"timestamp":"2026-07-07T12:32:30.390Z"}
7/7/2026, 6:02:30 pm | {"api":"/api/cash-closing-dashboard","event":"CASH_CLOSING_BRANCH_FETCHED","totalBranches":56,"timestamp":"2026-07-07T12:32:30.395Z"}
7/7/2026, 6:02:30 pm | {"api":"/api/cash-closing-dashboard","event":"CASH_CLOSING_DASHBOARD_SUCCESS","totalRecords":56,"filters":{"cluster":"","branch":"","fromDate":"","toDate":"","status":""},"timestamp":"2026-07-07T12:32:30.396Z"}
7/7/2026, 6:02:30 pm | {"api":"/api/cash-closing-dashboard","event":"CASH_CLOSING_DASHBOARD_API_STARTED","filters":{"cluster":"","branch":"","fromDate":"","toDate":"","status":""},"timestamp":"2026-07-07T12:32:30.529Z"}
7/7/2026, 6:02:30 pm | {"api":"/api/cash-closing-dashboard","event":"CASH_CLOSING_DASHBOARD_DB_CONNECTED","timestamp":"2026-07-07T12:32:30.530Z"}
7/7/2026, 6:02:30 pm | {"api":"/api/cash-closing-dashboard","event":"CASH_CLOSING_DASHBOARD_QUERY_STARTED","filters":{"cluster":"","branch":"","fromDate":"","toDate":"","status":""},"timestamp":"2026-07-07T12:32:30.531Z"}
7/7/2026, 6:02:30 pm | {"api":"/api/cash-closing-dashboard","event":"CASH_CLOSING_DASHBOARD_DATA_FETCHED","totalRecords":56,"timestamp":"2026-07-07T12:32:30.538Z"}
7/7/2026, 6:02:30 pm | {"api":"/api/cash-closing-dashboard","event":"CASH_CLOSING_CLUSTER_FETCHED","totalClusters":4,"timestamp":"2026-07-07T12:32:30.542Z"}
7/7/2026, 6:02:30 pm | {"api":"/api/cash-closing-dashboard","event":"CASH_CLOSING_BRANCH_FETCHED","totalBranches":56,"timestamp":"2026-07-07T12:32:30.545Z"}
7/7/2026, 6:02:30 pm | {"api":"/api/cash-closing-dashboard","event":"CASH_CLOSING_DASHBOARD_SUCCESS","totalRecords":56,"filters":{"cluster":"","branch":"","fromDate":"","toDate":"","status":""},"timestamp":"2026-07-07T12:32:30.546Z"}
7/7/2026, 6:02:35 pm | {"api":"/save-cash-closing","event":"SAVE_CASH_API_STARTED","empNo":"282","amount":"4000000","timestamp":"2026-07-07T12:32:35.250Z"}
7/7/2026, 6:02:35 pm | {"api":"/save-cash-closing","event":"PREVIOUS_DAY_RECORD_FOUND","empNo":"282","oldDate":"2026-07-04T00:00:00.000Z","amount":4700000,"timestamp":"2026-07-07T12:32:35.257Z"}
7/7/2026, 6:02:35 pm | {"api":"/save-cash-closing","event":"PREVIOUS_DAY_MOVED_TO_HISTORY","empNo":"282","timestamp":"2026-07-07T12:32:35.264Z"}
7/7/2026, 6:02:35 pm | {"api":"/save-cash-closing","event":"PREVIOUS_DAY_DELETED","empNo":"282","timestamp":"2026-07-07T12:32:35.272Z"}
7/7/2026, 6:02:35 pm | {"api":"/save-cash-closing","event":"SAVE_CASH_NEW_ENTRY","empNo":"282","amount":"4000000","branch":"Jangareddygudem","timestamp":"2026-07-07T12:32:35.275Z"}
7/7/2026, 6:02:35 pm | {"api":"/save-cash-closing","event":"SAVE_CASH_HISTORY_INSERTED","empNo":"282","actionType":"ADDED","version":1,"timestamp":"2026-07-07T12:32:35.288Z"}
7/7/2026, 6:02:35 pm | {"api":"/save-cash-closing","event":"SAVE_CASH_SUCCESS","type":"INSERT","empNo":"282","amount":"4000000","timestamp":"2026-07-07T12:32:35.289Z"}
7/7/2026, 6:02:36 pm | {"api":"/login","event":"LOGIN_API_STARTED","mpin":"3861","deviceId":"84fb22925116cbf6","timestamp":"2026-07-07T12:32:36.282Z"}
7/7/2026, 6:02:36 pm | {"event":"LOGIN_REQUEST","mpin":"3861","deviceId":"84fb22925116cbf6","timestamp":"2026-07-07T12:32:36.283Z"}
7/7/2026, 6:02:36 pm | {"api":"/login","event":"LOGIN_DB_QUERY_STARTED","mpin":"3861","timestamp":"2026-07-07T12:32:36.284Z"}
7/7/2026, 6:02:36 pm | {"api":"/login","event":"LOGIN_USER_FOUND","empNo":"339","branch":"Tanuku","designation":"Branch Manager","timestamp":"2026-07-07T12:32:36.291Z"}
7/7/2026, 6:02:36 pm | {"api":"/login","event":"LOGIN_DEVICE_CHECK","empNo":"339","savedDevice":"84fb22925116cbf6","currentDevice":"84fb22925116cbf6","timestamp":"2026-07-07T12:32:36.291Z"}
7/7/2026, 6:02:36 pm | {"api":"/login","event":"LOGIN_SUCCESS","empNo":"339","branch":"Tanuku","designation":"Branch Manager","loginTime":"2026-07-07T12:32:36.299Z"}
7/7/2026, 6:02:36 pm | {"api":"/employee/:empNo","event":"EMPLOYEE_API_STARTED","empNo":"339","timestamp":"2026-07-07T12:32:36.435Z"}
7/7/2026, 6:02:36 pm | {"api":"/employee/:empNo","event":"EMPLOYEE_DB_QUERY_STARTED","empNo":"339","timestamp":"2026-07-07T12:32:36.436Z"}
7/7/2026, 6:02:36 pm | {"api":"/employee/:empNo","event":"EMPLOYEE_FETCH_SUCCESS","empNo":"339","employeeName":"D. Surendra Kumar","branch":"Tanuku","designation":"Branch Manager","timestamp":"2026-07-07T12:32:36.440Z"}
7/7/2026, 6:02:36 pm | {"api":"/last-submission/:empNo","event":"LAST_SUBMISSION_API_STARTED","empNo":"339","timestamp":"2026-07-07T12:32:36.486Z"}
7/7/2026, 6:02:36 pm | {"api":"/last-submission/:empNo","event":"LAST_SUBMISSION_DB_QUERY_STARTED","empNo":"339","timestamp":"2026-07-07T12:32:36.486Z"}
7/7/2026, 6:02:36 pm | {"api":"/last-submission/:empNo","event":"LAST_SUBMISSION_FETCH_SUCCESS","empNo":"339","amount":1200000,"actionAt":"2026-07-06 17:59:54","timestamp":"2026-07-07T12:32:36.491Z"}
7/7/2026, 6:02:36 pm | {"api":"/today-cash/:empNo","event":"TODAY_CASH_API_STARTED","empNo":"339","timestamp":"2026-07-07T12:32:36.599Z"}
7/7/2026, 6:02:36 pm | {"api":"/today-cash/:empNo","event":"TODAY_CASH_DB_QUERY_STARTED","empNo":"339","timestamp":"2026-07-07T12:32:36.600Z"}
7/7/2026, 6:02:36 pm | {"api":"/today-cash/:empNo","event":"TODAY_CASH_NOT_FOUND","empNo":"339","timestamp":"2026-07-07T12:32:36.604Z"}
7/7/2026, 6:02:39 pm | {"api":"/save-cash-closing","event":"SAVE_CASH_API_STARTED","empNo":"282","amount":"4000000","timestamp":"2026-07-07T12:32:39.370Z"}
7/7/2026, 6:02:39 pm | {"api":"/save-cash-closing","event":"SAVE_CASH_UPDATE_STARTED","empNo":"282","oldAmount":4000000,"newAmount":"4000000","currentVersion":1,"nextVersion":2,"timestamp":"2026-07-07T12:32:39.380Z"}
7/7/2026, 6:02:39 pm | {"api":"/save-cash-closing","event":"SAVE_CASH_HISTORY_UPDATED","empNo":"282","version":2,"timestamp":"2026-07-07T12:32:39.397Z"}
7/7/2026, 6:02:39 pm | {"api":"/save-cash-closing","event":"SAVE_CASH_SUCCESS","type":"UPDATE","empNo":"282","amount":"4000000","version":2,"timestamp":"2026-07-07T12:32:39.398Z"}
7/7/2026, 6:02:42 pm | {"api":"/login","event":"LOGIN_API_STARTED","mpin":"3117","deviceId":"c07c541ce92469ae","timestamp":"2026-07-07T12:32:42.679Z"}
7/7/2026, 6:02:42 pm | {"event":"LOGIN_REQUEST","mpin":"3117","deviceId":"c07c541ce92469ae","timestamp":"2026-07-07T12:32:42.680Z"}
7/7/2026, 6:02:42 pm | {"api":"/login","event":"LOGIN_DB_QUERY_STARTED","mpin":"3117","timestamp":"2026-07-07T12:32:42.681Z"}
7/7/2026, 6:02:42 pm | {"api":"/login","event":"LOGIN_USER_FOUND","empNo":"117","branch":"Eluru","designation":"Branch Manager","timestamp":"2026-07-07T12:32:42.685Z"}
7/7/2026, 6:02:42 pm | {"api":"/login","event":"LOGIN_DEVICE_CHECK","empNo":"117","savedDevice":"c07c541ce92469ae","currentDevice":"c07c541ce92469ae","timestamp":"2026-07-07T12:32:42.686Z"}
7/7/2026, 6:02:42 pm | {"api":"/login","event":"LOGIN_SUCCESS","empNo":"117","branch":"Eluru","designation":"Branch Manager","loginTime":"2026-07-07T12:32:42.694Z"}
7/7/2026, 6:02:42 pm | {"api":"/employee/:empNo","event":"EMPLOYEE_API_STARTED","empNo":"117","timestamp":"2026-07-07T12:32:42.860Z"}
7/7/2026, 6:02:42 pm | {"api":"/employee/:empNo","event":"EMPLOYEE_DB_QUERY_STARTED","empNo":"117","timestamp":"2026-07-07T12:32:42.861Z"}
7/7/2026, 6:02:42 pm | {"api":"/employee/:empNo","event":"EMPLOYEE_FETCH_SUCCESS","empNo":"117","employeeName":"B.V.L. Madhuri","branch":"Eluru","designation":"Branch Manager","timestamp":"2026-07-07T12:32:42.865Z"}
7/7/2026, 6:02:42 pm | {"api":"/last-submission/:empNo","event":"LAST_SUBMISSION_API_STARTED","empNo":"117","timestamp":"2026-07-07T12:32:42.927Z"}
7/7/2026, 6:02:42 pm | {"api":"/last-submission/:empNo","event":"LAST_SUBMISSION_DB_QUERY_STARTED","empNo":"117","timestamp":"2026-07-07T12:32:42.928Z"}
7/7/2026, 6:02:42 pm | {"api":"/last-submission/:empNo","event":"LAST_SUBMISSION_FETCH_SUCCESS","empNo":"117","amount":1500000,"actionAt":"2026-07-06 17:51:34","timestamp":"2026-07-07T12:32:42.933Z"}
7/7/2026, 6:02:43 pm | {"api":"/today-cash/:empNo","event":"TODAY_CASH_API_STARTED","empNo":"117","timestamp":"2026-07-07T12:32:43.039Z"}
7/7/2026, 6:02:43 pm | {"api":"/today-cash/:empNo","event":"TODAY_CASH_DB_QUERY_STARTED","empNo":"117","timestamp":"2026-07-07T12:32:43.041Z"}
7/7/2026, 6:02:43 pm | {"api":"/today-cash/:empNo","event":"TODAY_CASH_NOT_FOUND","empNo":"117","timestamp":"2026-07-07T12:32:43.045Z"}
7/7/2026, 6:02:44 pm | {"api":"/save-cash-closing","event":"SAVE_CASH_API_STARTED","empNo":"339","amount":"1670000","timestamp":"2026-07-07T12:32:44.566Z"}
7/7/2026, 6:02:44 pm | {"api":"/save-cash-closing","event":"PREVIOUS_DAY_RECORD_FOUND","empNo":"339","oldDate":"2026-07-06T00:00:00.000Z","amount":1200000,"timestamp":"2026-07-07T12:32:44.572Z"}
7/7/2026, 6:02:44 pm | {"api":"/save-cash-closing","event":"PREVIOUS_DAY_MOVED_TO_HISTORY","empNo":"339","timestamp":"2026-07-07T12:32:44.579Z"}
7/7/2026, 6:02:44 pm | {"api":"/save-cash-closing","event":"PREVIOUS_DAY_DELETED","empNo":"339","timestamp":"2026-07-07T12:32:44.591Z"}
7/7/2026, 6:02:44 pm | {"api":"/save-cash-closing","event":"SAVE_CASH_NEW_ENTRY","empNo":"339","amount":"1670000","branch":"Tanuku","timestamp":"2026-07-07T12:32:44.595Z"}
7/7/2026, 6:02:44 pm | {"api":"/save-cash-closing","event":"SAVE_CASH_HISTORY_INSERTED","empNo":"339","actionType":"ADDED","version":1,"timestamp":"2026-07-07T12:32:44.608Z"}
7/7/2026, 6:02:44 pm | {"api":"/save-cash-closing","event":"SAVE_CASH_SUCCESS","type":"INSERT","empNo":"339","amount":"1670000","timestamp":"2026-07-07T12:32:44.609Z"}
7/7/2026, 6:02:47 pm | {"api":"/login","event":"LOGIN_API_STARTED","mpin":"9885","deviceId":"3fc36ee18c84527a","timestamp":"2026-07-07T12:32:47.727Z"}
7/7/2026, 6:02:47 pm | {"event":"LOGIN_REQUEST","mpin":"9885","deviceId":"3fc36ee18c84527a","timestamp":"2026-07-07T12:32:47.728Z"}
7/7/2026, 6:02:47 pm | {"api":"/login","event":"LOGIN_DB_QUERY_STARTED","mpin":"9885","timestamp":"2026-07-07T12:32:47.729Z"}
7/7/2026, 6:02:47 pm | {"api":"/login","event":"LOGIN_USER_FOUND","empNo":"419","branch":"Tadepalli","designation":"Branch Manager","timestamp":"2026-07-07T12:32:47.740Z"}
7/7/2026, 6:02:47 pm | {"api":"/login","event":"LOGIN_DEVICE_CHECK","empNo":"419","savedDevice":"3fc36ee18c84527a","currentDevice":"3fc36ee18c84527a","timestamp":"2026-07-07T12:32:47.741Z"}
7/7/2026, 6:02:47 pm | {"api":"/login","event":"LOGIN_SUCCESS","empNo":"419","branch":"Tadepalli","designation":"Branch Manager","loginTime":"2026-07-07T12:32:47.749Z"}
7/7/2026, 6:02:49 pm | {"api":"/employee/:empNo","event":"EMPLOYEE_API_STARTED","empNo":"419","timestamp":"2026-07-07T12:32:49.976Z"}
7/7/2026, 6:02:49 pm | {"api":"/employee/:empNo","event":"EMPLOYEE_DB_QUERY_STARTED","empNo":"419","timestamp":"2026-07-07T12:32:49.977Z"}
7/7/2026, 6:02:49 pm | {"api":"/employee/:empNo","event":"EMPLOYEE_FETCH_SUCCESS","empNo":"419","employeeName":"K.Anjaneyulu","branch":"Tadepalli","designation":"Branch Manager","timestamp":"2026-07-07T12:32:49.980Z"}
7/7/2026, 6:02:51 pm | {"api":"/save-cash-closing","event":"SAVE_CASH_API_STARTED","empNo":"117","amount":"2300000","timestamp":"2026-07-07T12:32:51.123Z"}
7/7/2026, 6:02:51 pm | {"api":"/save-cash-closing","event":"PREVIOUS_DAY_RECORD_FOUND","empNo":"117","oldDate":"2026-07-06T00:00:00.000Z","amount":1500000,"timestamp":"2026-07-07T12:32:51.130Z"}
7/7/2026, 6:02:51 pm | {"api":"/save-cash-closing","event":"PREVIOUS_DAY_MOVED_TO_HISTORY","empNo":"117","timestamp":"2026-07-07T12:32:51.141Z"}
7/7/2026, 6:02:51 pm | {"api":"/save-cash-closing","event":"PREVIOUS_DAY_DELETED","empNo":"117","timestamp":"2026-07-07T12:32:51.148Z"}
7/7/2026, 6:02:51 pm | {"api":"/save-cash-closing","event":"SAVE_CASH_NEW_ENTRY","empNo":"117","amount":"2300000","branch":"Eluru","timestamp":"2026-07-07T12:32:51.151Z"}
7/7/2026, 6:02:51 pm | {"api":"/save-cash-closing","event":"SAVE_CASH_HISTORY_INSERTED","empNo":"117","actionType":"ADDED","version":1,"timestamp":"2026-07-07T12:32:51.168Z"}
7/7/2026, 6:02:51 pm | {"api":"/save-cash-closing","event":"SAVE_CASH_SUCCESS","type":"INSERT","empNo":"117","amount":"2300000","timestamp":"2026-07-07T12:32:51.168Z"}
7/7/2026, 6:02:51 pm | {"api":"/last-submission/:empNo","event":"LAST_SUBMISSION_API_STARTED","empNo":"419","timestamp":"2026-07-07T12:32:51.267Z"}
7/7/2026, 6:02:51 pm | {"api":"/last-submission/:empNo","event":"LAST_SUBMISSION_DB_QUERY_STARTED","empNo":"419","timestamp":"2026-07-07T12:32:51.268Z"}
7/7/2026, 6:02:51 pm | {"api":"/last-submission/:empNo","event":"LAST_SUBMISSION_FETCH_SUCCESS","empNo":"419","amount":8000,"actionAt":"2026-07-06 17:52:52","timestamp":"2026-07-07T12:32:51.272Z"}
7/7/2026, 6:02:51 pm | {"api":"/today-cash/:empNo","event":"TODAY_CASH_API_STARTED","empNo":"419","timestamp":"2026-07-07T12:32:51.360Z"}
7/7/2026, 6:02:51 pm | {"api":"/today-cash/:empNo","event":"TODAY_CASH_DB_QUERY_STARTED","empNo":"419","timestamp":"2026-07-07T12:32:51.361Z"}
7/7/2026, 6:02:51 pm | {"api":"/today-cash/:empNo","event":"TODAY_CASH_NOT_FOUND","empNo":"419","timestamp":"2026-07-07T12:32:51.365Z"}
7/7/2026, 6:02:51 pm | {"api":"/login","event":"LOGIN_API_STARTED","mpin":"2026","deviceId":"4405d0fdd72975ca","timestamp":"2026-07-07T12:32:51.410Z"}
7/7/2026, 6:02:51 pm | {"event":"LOGIN_REQUEST","mpin":"2026","deviceId":"4405d0fdd72975ca","timestamp":"2026-07-07T12:32:51.411Z"}
7/7/2026, 6:02:51 pm | {"api":"/login","event":"LOGIN_DB_QUERY_STARTED","mpin":"2026","timestamp":"2026-07-07T12:32:51.411Z"}
7/7/2026, 6:02:51 pm | {"api":"/login","event":"LOGIN_USER_FOUND","empNo":"282","branch":"Jangareddygudem","designation":"Branch Manager","timestamp":"2026-07-07T12:32:51.416Z"}
7/7/2026, 6:02:51 pm | {"api":"/login","event":"LOGIN_DEVICE_CHECK","empNo":"282","savedDevice":"4405d0fdd72975ca","currentDevice":"4405d0fdd72975ca","timestamp":"2026-07-07T12:32:51.417Z"}
7/7/2026, 6:02:51 pm | {"api":"/login","event":"LOGIN_SUCCESS","empNo":"282","branch":"Jangareddygudem","designation":"Branch Manager","loginTime":"2026-07-07T12:32:51.427Z"}
7/7/2026, 6:02:51 pm | {"api":"/employee/:empNo","event":"EMPLOYEE_API_STARTED","empNo":"282","timestamp":"2026-07-07T12:32:51.694Z"}
7/7/2026, 6:02:51 pm | {"api":"/employee/:empNo","event":"EMPLOYEE_DB_QUERY_STARTED","empNo":"282","timestamp":"2026-07-07T12:32:51.695Z"}
7/7/2026, 6:02:51 pm | {"api":"/employee/:empNo","event":"EMPLOYEE_FETCH_SUCCESS","empNo":"282","employeeName":"S. Yesu Babu","branch":"Jangareddygudem","designation":"Branch Manager","timestamp":"2026-07-07T12:32:51.699Z"}
7/7/2026, 6:02:51 pm | {"api":"/last-submission/:empNo","event":"LAST_SUBMISSION_API_STARTED","empNo":"282","timestamp":"2026-07-07T12:32:51.776Z"}
7/7/2026, 6:02:51 pm | {"api":"/last-submission/:empNo","event":"LAST_SUBMISSION_DB_QUERY_STARTED","empNo":"282","timestamp":"2026-07-07T12:32:51.777Z"}
7/7/2026, 6:02:51 pm | {"api":"/last-submission/:empNo","event":"LAST_SUBMISSION_FETCH_SUCCESS","empNo":"282","amount":4700000,"actionAt":"2026-07-04 17:47:44","timestamp":"2026-07-07T12:32:51.781Z"}
7/7/2026, 6:02:51 pm | {"api":"/today-cash/:empNo","event":"TODAY_CASH_API_STARTED","empNo":"282","timestamp":"2026-07-07T12:32:51.904Z"}
7/7/2026, 6:02:51 pm | {"api":"/today-cash/:empNo","event":"TODAY_CASH_DB_QUERY_STARTED","empNo":"282","timestamp":"2026-07-07T12:32:51.905Z"}
7/7/2026, 6:02:51 pm | {"api":"/today-cash/:empNo","event":"TODAY_CASH_FETCH_SUCCESS","empNo":"282","amount":4000000,"actionAt":"2026-07-07 18:02:41","timestamp":"2026-07-07T12:32:51.909Z"}
7/7/2026, 6:02:52 pm | {"api":"/api/cash-closing-dashboard","event":"CASH_CLOSING_DASHBOARD_API_STARTED","filters":{"cluster":"","branch":"","fromDate":"","toDate":"","status":""},"timestamp":"2026-07-07T12:32:52.698Z"}
7/7/2026, 6:02:52 pm | {"api":"/api/cash-closing-dashboard","event":"CASH_CLOSING_DASHBOARD_DB_CONNECTED","timestamp":"2026-07-07T12:32:52.699Z"}
7/7/2026, 6:02:52 pm | {"api":"/api/cash-closing-dashboard","event":"CASH_CLOSING_DASHBOARD_QUERY_STARTED","filters":{"cluster":"","branch":"","fromDate":"","toDate":"","status":""},"timestamp":"2026-07-07T12:32:52.700Z"}
7/7/2026, 6:02:52 pm | {"api":"/api/cash-closing-dashboard","event":"CASH_CLOSING_DASHBOARD_DATA_FETCHED","totalRecords":56,"timestamp":"2026-07-07T12:32:52.708Z"}
7/7/2026, 6:02:52 pm | {"api":"/api/cash-closing-dashboard","event":"CASH_CLOSING_CLUSTER_FETCHED","totalClusters":4,"timestamp":"2026-07-07T12:32:52.711Z"}
7/7/2026, 6:02:52 pm | {"api":"/api/cash-closing-dashboard","event":"CASH_CLOSING_BRANCH_FETCHED","totalBranches":56,"timestamp":"2026-07-07T12:32:52.714Z"}
7/7/2026, 6:02:52 pm | {"api":"/api/cash-closing-dashboard","event":"CASH_CLOSING_DASHBOARD_SUCCESS","totalRecords":56,"filters":{"cluster":"","branch":"","fromDate":"","toDate":"","status":""},"timestamp":"2026-07-07T12:32:52.715Z"}
7/7/2026, 6:02:52 pm | {"api":"/api/cash-closing-dashboard","event":"CASH_CLOSING_DASHBOARD_API_STARTED","filters":{"cluster":"","branch":"","fromDate":"","toDate":"","status":""},"timestamp":"2026-07-07T12:32:52.872Z"}
7/7/2026, 6:02:52 pm | {"api":"/api/cash-closing-dashboard","event":"CASH_CLOSING_DASHBOARD_DB_CONNECTED","timestamp":"2026-07-07T12:32:52.873Z"}
7/7/2026, 6:02:52 pm | {"api":"/api/cash-closing-dashboard","event":"CASH_CLOSING_DASHBOARD_QUERY_STARTED","filters":{"cluster":"","branch":"","fromDate":"","toDate":"","status":""},"timestamp":"2026-07-07T12:32:52.874Z"}
7/7/2026, 6:02:52 pm | {"api":"/api/cash-closing-dashboard","event":"CASH_CLOSING_DASHBOARD_DATA_FETCHED","totalRecords":56,"timestamp":"2026-07-07T12:32:52.880Z"}
7/7/2026, 6:02:52 pm | {"api":"/api/cash-closing-dashboard","event":"CASH_CLOSING_CLUSTER_FETCHED","totalClusters":4,"timestamp":"2026-07-07T12:32:52.883Z"}
7/7/2026, 6:02:52 pm | {"api":"/api/cash-closing-dashboard","event":"CASH_CLOSING_BRANCH_FETCHED","totalBranches":56,"timestamp":"2026-07-07T12:32:52.887Z"}
7/7/2026, 6:02:52 pm | {"api":"/api/cash-closing-dashboard","event":"CASH_CLOSING_DASHBOARD_SUCCESS","totalRecords":56,"filters":{"cluster":"","branch":"","fromDate":"","toDate":"","status":""},"timestamp":"2026-07-07T12:32:52.887Z"}
7/7/2026, 6:02:53 pm | {"api":"/api/cash-closing-dashboard","event":"CASH_CLOSING_DASHBOARD_API_STARTED","filters":{"cluster":"","branch":"","fromDate":"","toDate":"","status":""},"timestamp":"2026-07-07T12:32:53.048Z"}
7/7/2026, 6:02:53 pm | {"api":"/api/cash-closing-dashboard","event":"CASH_CLOSING_DASHBOARD_DB_CONNECTED","timestamp":"2026-07-07T12:32:53.049Z"}
7/7/2026, 6:02:53 pm | {"api":"/api/cash-closing-dashboard","event":"CASH_CLOSING_DASHBOARD_QUERY_STARTED","filters":{"cluster":"","branch":"","fromDate":"","toDate":"","status":""},"timestamp":"2026-07-07T12:32:53.050Z"}
7/7/2026, 6:02:53 pm | {"api":"/api/cash-closing-dashboard","event":"CASH_CLOSING_DASHBOARD_DATA_FETCHED","totalRecords":56,"timestamp":"2026-07-07T12:32:53.057Z"}
7/7/2026, 6:02:53 pm | {"api":"/api/cash-closing-dashboard","event":"CASH_CLOSING_CLUSTER_FETCHED","totalClusters":4,"timestamp":"2026-07-07T12:32:53.061Z"}
7/7/2026, 6:02:53 pm | {"api":"/api/cash-closing-dashboard","event":"CASH_CLOSING_BRANCH_FETCHED","totalBranches":56,"timestamp":"2026-07-07T12:32:53.065Z"}
7/7/2026, 6:02:53 pm | {"api":"/api/cash-closing-dashboard","event":"CASH_CLOSING_DASHBOARD_SUCCESS","totalRecords":56,"filters":{"cluster":"","branch":"","fromDate":"","toDate":"","status":""},"timestamp":"2026-07-07T12:32:53.066Z"}
7/7/2026, 6:02:53 pm | {"api":"/api/cash-closing-dashboard","event":"CASH_CLOSING_DASHBOARD_API_STARTED","filters":{"cluster":"","branch":"","fromDate":"","toDate":"","status":""},"timestamp":"2026-07-07T12:32:53.208Z"}
7/7/2026, 6:02:53 pm | {"api":"/api/cash-closing-dashboard","event":"CASH_CLOSING_DASHBOARD_DB_CONNECTED","timestamp":"2026-07-07T12:32:53.209Z"}
7/7/2026, 6:02:53 pm | {"api":"/api/cash-closing-dashboard","event":"CASH_CLOSING_DASHBOARD_QUERY_STARTED","filters":{"cluster":"","branch":"","fromDate":"","toDate":"","status":""},"timestamp":"2026-07-07T12:32:53.210Z"}
7/7/2026, 6:02:53 pm | {"api":"/api/cash-closing-dashboard","event":"CASH_CLOSING_DASHBOARD_DATA_FETCHED","totalRecords":56,"timestamp":"2026-07-07T12:32:53.217Z"}
7/7/2026, 6:02:53 pm | {"api":"/api/cash-closing-dashboard","event":"CASH_CLOSING_CLUSTER_FETCHED","totalClusters":4,"timestamp":"2026-07-07T12:32:53.220Z"}
7/7/2026, 6:02:53 pm | {"api":"/api/cash-closing-dashboard","event":"CASH_CLOSING_BRANCH_FETCHED","totalBranches":56,"timestamp":"2026-07-07T12:32:53.224Z"}
7/7/2026, 6:02:53 pm | {"api":"/api/cash-closing-dashboard","event":"CASH_CLOSING_DASHBOARD_SUCCESS","totalRecords":56,"filters":{"cluster":"","branch":"","fromDate":"","toDate":"","status":""},"timestamp":"2026-07-07T12:32:53.224Z"}
7/7/2026, 6:02:53 pm | {"api":"/api/cash-closing-dashboard","event":"CASH_CLOSING_DASHBOARD_API_STARTED","filters":{"cluster":"","branch":"","fromDate":"","toDate":"","status":""},"timestamp":"2026-07-07T12:32:53.376Z"}
7/7/2026, 6:02:53 pm | {"api":"/api/cash-closing-dashboard","event":"CASH_CLOSING_DASHBOARD_DB_CONNECTED","timestamp":"2026-07-07T12:32:53.377Z"}
7/7/2026, 6:02:53 pm | {"api":"/api/cash-closing-dashboard","event":"CASH_CLOSING_DASHBOARD_QUERY_STARTED","filters":{"cluster":"","branch":"","fromDate":"","toDate":"","status":""},"timestamp":"2026-07-07T12:32:53.378Z"}
7/7/2026, 6:02:53 pm | {"api":"/api/cash-closing-dashboard","event":"CASH_CLOSING_DASHBOARD_DATA_FETCHED","totalRecords":56,"timestamp":"2026-07-07T12:32:53.385Z"}
7/7/2026, 6:02:53 pm | {"api":"/api/cash-closing-dashboard","event":"CASH_CLOSING_CLUSTER_FETCHED","totalClusters":4,"timestamp":"2026-07-07T12:32:53.389Z"}
7/7/2026, 6:02:53 pm | {"api":"/api/cash-closing-dashboard","event":"CASH_CLOSING_BRANCH_FETCHED","totalBranches":56,"timestamp":"2026-07-07T12:32:53.392Z"}
7/7/2026, 6:02:53 pm | {"api":"/api/cash-closing-dashboard","event":"CASH_CLOSING_DASHBOARD_SUCCESS","totalRecords":56,"filters":{"cluster":"","branch":"","fromDate":"","toDate":"","status":""},"timestamp":"2026-07-07T12:32:53.393Z"}
7/7/2026, 6:02:53 pm | {"api":"/api/cash-closing-dashboard","event":"CASH_CLOSING_DASHBOARD_API_STARTED","filters":{"cluster":"","branch":"","fromDate":"","toDate":"","status":""},"timestamp":"2026-07-07T12:32:53.488Z"}
7/7/2026, 6:02:53 pm | {"api":"/api/cash-closing-dashboard","event":"CASH_CLOSING_DASHBOARD_DB_CONNECTED","timestamp":"2026-07-07T12:32:53.490Z"}
7/7/2026, 6:02:53 pm | {"api":"/api/cash-closing-dashboard","event":"CASH_CLOSING_DASHBOARD_QUERY_STARTED","filters":{"cluster":"","branch":"","fromDate":"","toDate":"","status":""},"timestamp":"2026-07-07T12:32:53.490Z"}
7/7/2026, 6:02:53 pm | {"api":"/api/cash-closing-dashboard","event":"CASH_CLOSING_DASHBOARD_DATA_FETCHED","totalRecords":56,"timestamp":"2026-07-07T12:32:53.499Z"}
7/7/2026, 6:02:53 pm | {"api":"/api/cash-closing-dashboard","event":"CASH_CLOSING_CLUSTER_FETCHED","totalClusters":4,"timestamp":"2026-07-07T12:32:53.502Z"}
7/7/2026, 6:02:53 pm | {"api":"/api/cash-closing-dashboard","event":"CASH_CLOSING_BRANCH_FETCHED","totalBranches":56,"timestamp":"2026-07-07T12:32:53.506Z"}
7/7/2026, 6:02:53 pm | {"api":"/api/cash-closing-dashboard","event":"CASH_CLOSING_DASHBOARD_SUCCESS","totalRecords":56,"filters":{"cluster":"","branch":"","fromDate":"","toDate":"","status":""},"timestamp":"2026-07-07T12:32:53.507Z"}
7/7/2026, 6:02:53 pm | {"api":"/api/cash-closing-dashboard","event":"CASH_CLOSING_DASHBOARD_API_STARTED","filters":{"cluster":"","branch":"","fromDate":"","toDate":"","status":""},"timestamp":"2026-07-07T12:32:53.648Z"}
7/7/2026, 6:02:53 pm | {"api":"/api/cash-closing-dashboard","event":"CASH_CLOSING_DASHBOARD_DB_CONNECTED","timestamp":"2026-07-07T12:32:53.650Z"}
7/7/2026, 6:02:53 pm | {"api":"/api/cash-closing-dashboard","event":"CASH_CLOSING_DASHBOARD_QUERY_STARTED","filters":{"cluster":"","branch":"","fromDate":"","toDate":"","status":""},"timestamp":"2026-07-07T12:32:53.650Z"}
7/7/2026, 6:02:53 pm | {"api":"/api/cash-closing-dashboard","event":"CASH_CLOSING_DASHBOARD_DATA_FETCHED","totalRecords":56,"timestamp":"2026-07-07T12:32:53.658Z"}
7/7/2026, 6:02:53 pm | {"api":"/api/cash-closing-dashboard","event":"CASH_CLOSING_CLUSTER_FETCHED","totalClusters":4,"timestamp":"2026-07-07T12:32:53.661Z"}
7/7/2026, 6:02:53 pm | {"api":"/api/cash-closing-dashboard","event":"CASH_CLOSING_BRANCH_FETCHED","totalBranches":56,"timestamp":"2026-07-07T12:32:53.664Z"}
7/7/2026, 6:02:53 pm | {"api":"/api/cash-closing-dashboard","event":"CASH_CLOSING_DASHBOARD_SUCCESS","totalRecords":56,"filters":{"cluster":"","branch":"","fromDate":"","toDate":"","status":""},"timestamp":"2026-07-07T12:32:53.665Z"}
7/7/2026, 6:02:53 pm | {"api":"/api/cash-closing-dashboard","event":"CASH_CLOSING_DASHBOARD_API_STARTED","filters":{"cluster":"","branch":"","fromDate":"","toDate":"","status":""},"timestamp":"2026-07-07T12:32:53.768Z"}
7/7/2026, 6:02:53 pm | {"api":"/api/cash-closing-dashboard","event":"CASH_CLOSING_DASHBOARD_DB_CONNECTED","timestamp":"2026-07-07T12:32:53.769Z"}
7/7/2026, 6:02:53 pm | {"api":"/api/cash-closing-dashboard","event":"CASH_CLOSING_DASHBOARD_QUERY_STARTED","filters":{"cluster":"","branch":"","fromDate":"","toDate":"","status":""},"timestamp":"2026-07-07T12:32:53.770Z"}
7/7/2026, 6:02:53 pm | {"api":"/api/cash-closing-dashboard","event":"CASH_CLOSING_DASHBOARD_DATA_FETCHED","totalRecords":56,"timestamp":"2026-07-07T12:32:53.778Z"}
7/7/2026, 6:02:53 pm | {"api":"/api/cash-closing-dashboard","event":"CASH_CLOSING_CLUSTER_FETCHED","totalClusters":4,"timestamp":"2026-07-07T12:32:53.782Z"}
7/7/2026, 6:02:53 pm | {"api":"/api/cash-closing-dashboard","event":"CASH_CLOSING_BRANCH_FETCHED","totalBranches":56,"timestamp":"2026-07-07T12:32:53.785Z"}
7/7/2026, 6:02:53 pm | {"api":"/api/cash-closing-dashboard","event":"CASH_CLOSING_DASHBOARD_SUCCESS","totalRecords":56,"filters":{"cluster":"","branch":"","fromDate":"","toDate":"","status":""},"timestamp":"2026-07-07T12:32:53.786Z"}
7/7/2026, 6:02:57 pm | {"api":"/save-cash-closing","event":"SAVE_CASH_API_STARTED","empNo":"419","amount":"48000","timestamp":"2026-07-07T12:32:57.352Z"}
7/7/2026, 6:02:57 pm | {"api":"/save-cash-closing","event":"PREVIOUS_DAY_RECORD_FOUND","empNo":"419","oldDate":"2026-07-06T00:00:00.000Z","amount":8000,"timestamp":"2026-07-07T12:32:57.358Z"}
7/7/2026, 6:02:57 pm | {"api":"/save-cash-closing","event":"PREVIOUS_DAY_MOVED_TO_HISTORY","empNo":"419","timestamp":"2026-07-07T12:32:57.365Z"}
7/7/2026, 6:02:57 pm | {"api":"/save-cash-closing","event":"PREVIOUS_DAY_DELETED","empNo":"419","timestamp":"2026-07-07T12:32:57.373Z"}
7/7/2026, 6:02:57 pm | {"api":"/save-cash-closing","event":"SAVE_CASH_NEW_ENTRY","empNo":"419","amount":"48000","branch":"Tadepalli","timestamp":"2026-07-07T12:32:57.376Z"}
7/7/2026, 6:02:57 pm | {"api":"/save-cash-closing","event":"SAVE_CASH_HISTORY_INSERTED","empNo":"419","actionType":"ADDED","version":1,"timestamp":"2026-07-07T12:32:57.390Z"}
7/7/2026, 6:02:57 pm | {"api":"/save-cash-closing","event":"SAVE_CASH_SUCCESS","type":"INSERT","empNo":"419","amount":"48000","timestamp":"2026-07-07T12:32:57.391Z"}
7/7/2026, 6:03:06 pm | {"api":"/api/cash-closing-dashboard","event":"CASH_CLOSING_DASHBOARD_API_STARTED","filters":{"cluster":"","branch":"","fromDate":"","toDate":"","status":""},"timestamp":"2026-07-07T12:33:06.084Z"}
7/7/2026, 6:03:06 pm | {"api":"/api/cash-closing-dashboard","event":"CASH_CLOSING_DASHBOARD_DB_CONNECTED","timestamp":"2026-07-07T12:33:06.085Z"}
7/7/2026, 6:03:06 pm | {"api":"/api/cash-closing-dashboard","event":"CASH_CLOSING_DASHBOARD_QUERY_STARTED","filters":{"cluster":"","branch":"","fromDate":"","toDate":"","status":""},"timestamp":"2026-07-07T12:33:06.086Z"}
7/7/2026, 6:03:06 pm | {"api":"/api/cash-closing-dashboard","event":"CASH_CLOSING_DASHBOARD_DATA_FETCHED","totalRecords":56,"timestamp":"2026-07-07T12:33:06.093Z"}
7/7/2026, 6:03:06 pm | {"api":"/api/cash-closing-dashboard","event":"CASH_CLOSING_CLUSTER_FETCHED","totalClusters":4,"timestamp":"2026-07-07T12:33:06.096Z"}
7/7/2026, 6:03:06 pm | {"api":"/api/cash-closing-dashboard","event":"CASH_CLOSING_BRANCH_FETCHED","totalBranches":56,"timestamp":"2026-07-07T12:33:06.100Z"}
7/7/2026, 6:03:06 pm | {"api":"/api/cash-closing-dashboard","event":"CASH_CLOSING_DASHBOARD_SUCCESS","totalRecords":56,"filters":{"cluster":"","branch":"","fromDate":"","toDate":"","status":""},"timestamp":"2026-07-07T12:33:06.100Z"}
7/7/2026, 6:03:06 pm | {"api":"/api/cash-closing-dashboard","event":"CASH_CLOSING_DASHBOARD_API_STARTED","filters":{"cluster":"","branch":"","fromDate":"","toDate":"","status":""},"timestamp":"2026-07-07T12:33:06.222Z"}
7/7/2026, 6:03:06 pm | {"api":"/api/cash-closing-dashboard","event":"CASH_CLOSING_DASHBOARD_DB_CONNECTED","timestamp":"2026-07-07T12:33:06.222Z"}
7/7/2026, 6:03:06 pm | {"api":"/api/cash-closing-dashboard","event":"CASH_CLOSING_DASHBOARD_QUERY_STARTED","filters":{"cluster":"","branch":"","fromDate":"","toDate":"","status":""},"timestamp":"2026-07-07T12:33:06.223Z"}
7/7/2026, 6:03:06 pm | {"api":"/api/cash-closing-dashboard","event":"CASH_CLOSING_DASHBOARD_DATA_FETCHED","totalRecords":56,"timestamp":"2026-07-07T12:33:06.229Z"}
7/7/2026, 6:03:06 pm | {"api":"/api/cash-closing-dashboard","event":"CASH_CLOSING_CLUSTER_FETCHED","totalClusters":4,"timestamp":"2026-07-07T12:33:06.232Z"}
7/7/2026, 6:03:06 pm | {"api":"/api/cash-closing-dashboard","event":"CASH_CLOSING_BRANCH_FETCHED","totalBranches":56,"timestamp":"2026-07-07T12:33:06.235Z"}
7/7/2026, 6:03:06 pm | {"api":"/api/cash-closing-dashboard","event":"CASH_CLOSING_DASHBOARD_SUCCESS","totalRecords":56,"filters":{"cluster":"","branch":"","fromDate":"","toDate":"","status":""},"timestamp":"2026-07-07T12:33:06.236Z"}
7/7/2026, 6:03:06 pm | {"api":"/api/cash-closing-dashboard","event":"CASH_CLOSING_DASHBOARD_API_STARTED","filters":{"cluster":"","branch":"","fromDate":"","toDate":"","status":""},"timestamp":"2026-07-07T12:33:06.362Z"}
7/7/2026, 6:03:06 pm | {"api":"/api/cash-closing-dashboard","event":"CASH_CLOSING_DASHBOARD_DB_CONNECTED","timestamp":"2026-07-07T12:33:06.363Z"}
7/7/2026, 6:03:06 pm | {"api":"/api/cash-closing-dashboard","event":"CASH_CLOSING_DASHBOARD_QUERY_STARTED","filters":{"cluster":"","branch":"","fromDate":"","toDate":"","status":""},"timestamp":"2026-07-07T12:33:06.363Z"}
7/7/2026, 6:03:06 pm | {"api":"/api/cash-closing-dashboard","event":"CASH_CLOSING_DASHBOARD_DATA_FETCHED","totalRecords":56,"timestamp":"2026-07-07T12:33:06.370Z"}
7/7/2026, 6:03:06 pm | {"api":"/api/cash-closing-dashboard","event":"CASH_CLOSING_CLUSTER_FETCHED","totalClusters":4,"timestamp":"2026-07-07T12:33:06.373Z"}
7/7/2026, 6:03:06 pm | {"api":"/api/cash-closing-dashboard","event":"CASH_CLOSING_BRANCH_FETCHED","totalBranches":56,"timestamp":"2026-07-07T12:33:06.378Z"}
7/7/2026, 6:03:06 pm | {"api":"/api/cash-closing-dashboard","event":"CASH_CLOSING_DASHBOARD_SUCCESS","totalRecords":56,"filters":{"cluster":"","branch":"","fromDate":"","toDate":"","status":""},"timestamp":"2026-07-07T12:33:06.379Z"}
7/7/2026, 6:03:06 pm | {"api":"/api/cash-closing-dashboard","event":"CASH_CLOSING_DASHBOARD_API_STARTED","filters":{"cluster":"","branch":"","fromDate":"","toDate":"","status":""},"timestamp":"2026-07-07T12:33:06.498Z"}
7/7/2026, 6:03:06 pm | {"api":"/api/cash-closing-dashboard","event":"CASH_CLOSING_DASHBOARD_DB_CONNECTED","timestamp":"2026-07-07T12:33:06.498Z"}
7/7/2026, 6:03:06 pm | {"api":"/api/cash-closing-dashboard","event":"CASH_CLOSING_DASHBOARD_QUERY_STARTED","filters":{"cluster":"","branch":"","fromDate":"","toDate":"","status":""},"timestamp":"2026-07-07T12:33:06.499Z"}
7/7/2026, 6:03:06 pm | {"api":"/api/cash-closing-dashboard","event":"CASH_CLOSING_DASHBOARD_DATA_FETCHED","totalRecords":56,"timestamp":"2026-07-07T12:33:06.505Z"}
7/7/2026, 6:03:06 pm | {"api":"/api/cash-closing-dashboard","event":"CASH_CLOSING_CLUSTER_FETCHED","totalClusters":4,"timestamp":"2026-07-07T12:33:06.507Z"}
7/7/2026, 6:03:06 pm | {"api":"/api/cash-closing-dashboard","event":"CASH_CLOSING_BRANCH_FETCHED","totalBranches":56,"timestamp":"2026-07-07T12:33:06.511Z"}
7/7/2026, 6:03:06 pm | {"api":"/api/cash-closing-dashboard","event":"CASH_CLOSING_DASHBOARD_SUCCESS","totalRecords":56,"filters":{"cluster":"","branch":"","fromDate":"","toDate":"","status":""},"timestamp":"2026-07-07T12:33:06.511Z"}
7/7/2026, 6:03:06 pm | {"api":"/api/cash-closing-dashboard","event":"CASH_CLOSING_DASHBOARD_API_STARTED","filters":{"cluster":"","branch":"","fromDate":"","toDate":"","status":""},"timestamp":"2026-07-07T12:33:06.625Z"}
7/7/2026, 6:03:06 pm | {"api":"/api/cash-closing-dashboard","event":"CASH_CLOSING_DASHBOARD_DB_CONNECTED","timestamp":"2026-07-07T12:33:06.626Z"}
7/7/2026, 6:03:06 pm | {"api":"/api/cash-closing-dashboard","event":"CASH_CLOSING_DASHBOARD_QUERY_STARTED","filters":{"cluster":"","branch":"","fromDate":"","toDate":"","status":""},"timestamp":"2026-07-07T12:33:06.627Z"}
7/7/2026, 6:03:06 pm | {"api":"/api/cash-closing-dashboard","event":"CASH_CLOSING_DASHBOARD_DATA_FETCHED","totalRecords":56,"timestamp":"2026-07-07T12:33:06.633Z"}
7/7/2026, 6:03:06 pm | {"api":"/api/cash-closing-dashboard","event":"CASH_CLOSING_CLUSTER_FETCHED","totalClusters":4,"timestamp":"2026-07-07T12:33:06.638Z"}
7/7/2026, 6:03:06 pm | {"api":"/api/cash-closing-dashboard","event":"CASH_CLOSING_BRANCH_FETCHED","totalBranches":56,"timestamp":"2026-07-07T12:33:06.641Z"}
7/7/2026, 6:03:06 pm | {"api":"/api/cash-closing-dashboard","event":"CASH_CLOSING_DASHBOARD_SUCCESS","totalRecords":56,"filters":{"cluster":"","branch":"","fromDate":"","toDate":"","status":""},"timestamp":"2026-07-07T12:33:06.642Z"}
7/7/2026, 6:03:07 pm | {"api":"/api/cash-closing-dashboard","event":"CASH_CLOSING_DASHBOARD_API_STARTED","filters":{"cluster":"","branch":"","fromDate":"","toDate":"","status":""},"timestamp":"2026-07-07T12:33:07.106Z"}
7/7/2026, 6:03:07 pm | {"api":"/api/cash-closing-dashboard","event":"CASH_CLOSING_DASHBOARD_DB_CONNECTED","timestamp":"2026-07-07T12:33:07.107Z"}
7/7/2026, 6:03:07 pm | {"api":"/api/cash-closing-dashboard","event":"CASH_CLOSING_DASHBOARD_QUERY_STARTED","filters":{"cluster":"","branch":"","fromDate":"","toDate":"","status":""},"timestamp":"2026-07-07T12:33:07.107Z"}
7/7/2026, 6:03:07 pm | {"api":"/api/cash-closing-dashboard","event":"CASH_CLOSING_DASHBOARD_DATA_FETCHED","totalRecords":56,"timestamp":"2026-07-07T12:33:07.114Z"}
7/7/2026, 6:03:07 pm | {"api":"/api/cash-closing-dashboard","event":"CASH_CLOSING_CLUSTER_FETCHED","totalClusters":4,"timestamp":"2026-07-07T12:33:07.117Z"}
7/7/2026, 6:03:07 pm | {"api":"/api/cash-closing-dashboard","event":"CASH_CLOSING_BRANCH_FETCHED","totalBranches":56,"timestamp":"2026-07-07T12:33:07.120Z"}
7/7/2026, 6:03:07 pm | {"api":"/api/cash-closing-dashboard","event":"CASH_CLOSING_DASHBOARD_SUCCESS","totalRecords":56,"filters":{"cluster":"","branch":"","fromDate":"","toDate":"","status":""},"timestamp":"2026-07-07T12:33:07.121Z"}
7/7/2026, 6:03:07 pm | {"api":"/api/cash-closing-dashboard","event":"CASH_CLOSING_DASHBOARD_API_STARTED","filters":{"cluster":"","branch":"","fromDate":"","toDate":"","status":""},"timestamp":"2026-07-07T12:33:07.242Z"}
7/7/2026, 6:03:07 pm | {"api":"/api/cash-closing-dashboard","event":"CASH_CLOSING_DASHBOARD_DB_CONNECTED","timestamp":"2026-07-07T12:33:07.243Z"}
7/7/2026, 6:03:07 pm | {"api":"/api/cash-closing-dashboard","event":"CASH_CLOSING_DASHBOARD_QUERY_STARTED","filters":{"cluster":"","branch":"","fromDate":"","toDate":"","status":""},"timestamp":"2026-07-07T12:33:07.244Z"}
7/7/2026, 6:03:07 pm | {"api":"/api/cash-closing-dashboard","event":"CASH_CLOSING_DASHBOARD_DATA_FETCHED","totalRecords":56,"timestamp":"2026-07-07T12:33:07.249Z"}
7/7/2026, 6:03:07 pm | {"api":"/api/cash-closing-dashboard","event":"CASH_CLOSING_CLUSTER_FETCHED","totalClusters":4,"timestamp":"2026-07-07T12:33:07.253Z"}
7/7/2026, 6:03:07 pm | {"api":"/api/cash-closing-dashboard","event":"CASH_CLOSING_BRANCH_FETCHED","totalBranches":56,"timestamp":"2026-07-07T12:33:07.256Z"}
7/7/2026, 6:03:07 pm | {"api":"/api/cash-closing-dashboard","event":"CASH_CLOSING_DASHBOARD_SUCCESS","totalRecords":56,"filters":{"cluster":"","branch":"","fromDate":"","toDate":"","status":""},"timestamp":"2026-07-07T12:33:07.257Z"}
7/7/2026, 6:03:07 pm | {"api":"/api/cash-closing-dashboard","event":"CASH_CLOSING_DASHBOARD_API_STARTED","filters":{"cluster":"","branch":"","fromDate":"","toDate":"","status":""},"timestamp":"2026-07-07T12:33:07.513Z"}
7/7/2026, 6:03:07 pm | {"api":"/api/cash-closing-dashboard","event":"CASH_CLOSING_DASHBOARD_DB_CONNECTED","timestamp":"2026-07-07T12:33:07.514Z"}
7/7/2026, 6:03:07 pm | {"api":"/api/cash-closing-dashboard","event":"CASH_CLOSING_DASHBOARD_QUERY_STARTED","filters":{"cluster":"","branch":"","fromDate":"","toDate":"","status":""},"timestamp":"2026-07-07T12:33:07.515Z"}
7/7/2026, 6:03:07 pm | {"api":"/api/cash-closing-dashboard","event":"CASH_CLOSING_DASHBOARD_DATA_FETCHED","totalRecords":56,"timestamp":"2026-07-07T12:33:07.520Z"}
7/7/2026, 6:03:07 pm | {"api":"/api/cash-closing-dashboard","event":"CASH_CLOSING_CLUSTER_FETCHED","totalClusters":4,"timestamp":"2026-07-07T12:33:07.523Z"}
7/7/2026, 6:03:07 pm | {"api":"/api/cash-closing-dashboard","event":"CASH_CLOSING_BRANCH_FETCHED","totalBranches":56,"timestamp":"2026-07-07T12:33:07.527Z"}
7/7/2026, 6:03:07 pm | {"api":"/api/cash-closing-dashboard","event":"CASH_CLOSING_DASHBOARD_SUCCESS","totalRecords":56,"filters":{"cluster":"","branch":"","fromDate":"","toDate":"","status":""},"timestamp":"2026-07-07T12:33:07.527Z"}
7/7/2026, 6:03:10 pm | {"api":"/save-cash-closing","event":"SAVE_CASH_API_STARTED","empNo":"419","amount":"48000","timestamp":"2026-07-07T12:33:10.628Z"}
7/7/2026, 6:03:10 pm | {"api":"/save-cash-closing","event":"SAVE_CASH_UPDATE_STARTED","empNo":"419","oldAmount":48000,"newAmount":"48000","currentVersion":1,"nextVersion":2,"timestamp":"2026-07-07T12:33:10.638Z"}
7/7/2026, 6:03:10 pm | {"api":"/save-cash-closing","event":"SAVE_CASH_HISTORY_UPDATED","empNo":"419","version":2,"timestamp":"2026-07-07T12:33:10.653Z"}
7/7/2026, 6:03:10 pm | {"api":"/save-cash-closing","event":"SAVE_CASH_SUCCESS","type":"UPDATE","empNo":"419","amount":"48000","version":2,"timestamp":"2026-07-07T12:33:10.654Z"}
7/7/2026, 6:03:13 pm | {"api":"/save-cash-closing","event":"SAVE_CASH_API_STARTED","empNo":"419","amount":"48000","timestamp":"2026-07-07T12:33:13.383Z"}
7/7/2026, 6:03:13 pm | {"api":"/save-cash-closing","event":"SAVE_CASH_UPDATE_STARTED","empNo":"419","oldAmount":48000,"newAmount":"48000","currentVersion":2,"nextVersion":3,"timestamp":"2026-07-07T12:33:13.393Z"}
7/7/2026, 6:03:13 pm | {"api":"/save-cash-closing","event":"SAVE_CASH_HISTORY_UPDATED","empNo":"419","version":3,"timestamp":"2026-07-07T12:33:13.407Z"}
7/7/2026, 6:03:13 pm | {"api":"/save-cash-closing","event":"SAVE_CASH_SUCCESS","type":"UPDATE","empNo":"419","amount":"48000","version":3,"timestamp":"2026-07-07T12:33:13.408Z"}
7/7/2026, 6:03:16 pm | {"api":"/save-cash-closing","event":"SAVE_CASH_API_STARTED","empNo":"419","amount":"48000","timestamp":"2026-07-07T12:33:16.359Z"}
7/7/2026, 6:03:16 pm | {"api":"/save-cash-closing","event":"SAVE_CASH_UPDATE_STARTED","empNo":"419","oldAmount":48000,"newAmount":"48000","currentVersion":3,"nextVersion":4,"timestamp":"2026-07-07T12:33:16.369Z"}
7/7/2026, 6:03:16 pm | {"api":"/save-cash-closing","event":"SAVE_CASH_HISTORY_UPDATED","empNo":"419","version":4,"timestamp":"2026-07-07T12:33:16.384Z"}
7/7/2026, 6:03:16 pm | {"api":"/save-cash-closing","event":"SAVE_CASH_SUCCESS","type":"UPDATE","empNo":"419","amount":"48000","version":4,"timestamp":"2026-07-07T12:33:16.385Z"}
7/7/2026, 6:03:21 pm | {"api":"/api/cash-closing-dashboard","event":"CASH_CLOSING_DASHBOARD_API_STARTED","filters":{"cluster":"","branch":"","fromDate":"","toDate":"","status":""},"timestamp":"2026-07-07T12:33:21.164Z"}
7/7/2026, 6:03:21 pm | {"api":"/api/cash-closing-dashboard","event":"CASH_CLOSING_DASHBOARD_DB_CONNECTED","timestamp":"2026-07-07T12:33:21.165Z"}
7/7/2026, 6:03:21 pm | {"api":"/api/cash-closing-dashboard","event":"CASH_CLOSING_DASHBOARD_QUERY_STARTED","filters":{"cluster":"","branch":"","fromDate":"","toDate":"","status":""},"timestamp":"2026-07-07T12:33:21.166Z"}
7/7/2026, 6:03:21 pm | {"api":"/api/cash-closing-dashboard","event":"CASH_CLOSING_DASHBOARD_DATA_FETCHED","totalRecords":56,"timestamp":"2026-07-07T12:33:21.171Z"}
7/7/2026, 6:03:21 pm | {"api":"/api/cash-closing-dashboard","event":"CASH_CLOSING_CLUSTER_FETCHED","totalClusters":4,"timestamp":"2026-07-07T12:33:21.174Z"}
7/7/2026, 6:03:21 pm | {"api":"/api/cash-closing-dashboard","event":"CASH_CLOSING_BRANCH_FETCHED","totalBranches":56,"timestamp":"2026-07-07T12:33:21.178Z"}
7/7/2026, 6:03:21 pm | {"api":"/api/cash-closing-dashboard","event":"CASH_CLOSING_DASHBOARD_SUCCESS","totalRecords":56,"filters":{"cluster":"","branch":"","fromDate":"","toDate":"","status":""},"timestamp":"2026-07-07T12:33:21.178Z"}
7/7/2026, 6:03:21 pm | {"api":"/api/cash-closing-dashboard","event":"CASH_CLOSING_DASHBOARD_API_STARTED","filters":{"cluster":"","branch":"","fromDate":"","toDate":"","status":""},"timestamp":"2026-07-07T12:33:21.297Z"}
7/7/2026, 6:03:21 pm | {"api":"/api/cash-closing-dashboard","event":"CASH_CLOSING_DASHBOARD_DB_CONNECTED","timestamp":"2026-07-07T12:33:21.298Z"}
7/7/2026, 6:03:21 pm | {"api":"/api/cash-closing-dashboard","event":"CASH_CLOSING_DASHBOARD_QUERY_STARTED","filters":{"cluster":"","branch":"","fromDate":"","toDate":"","status":""},"timestamp":"2026-07-07T12:33:21.299Z"}
7/7/2026, 6:03:21 pm | {"api":"/api/cash-closing-dashboard","event":"CASH_CLOSING_DASHBOARD_DATA_FETCHED","totalRecords":56,"timestamp":"2026-07-07T12:33:21.304Z"}
7/7/2026, 6:03:21 pm | {"api":"/api/cash-closing-dashboard","event":"CASH_CLOSING_CLUSTER_FETCHED","totalClusters":4,"timestamp":"2026-07-07T12:33:21.308Z"}
7/7/2026, 6:03:21 pm | {"api":"/api/cash-closing-dashboard","event":"CASH_CLOSING_BRANCH_FETCHED","totalBranches":56,"timestamp":"2026-07-07T12:33:21.311Z"}
7/7/2026, 6:03:21 pm | {"api":"/api/cash-closing-dashboard","event":"CASH_CLOSING_DASHBOARD_SUCCESS","totalRecords":56,"filters":{"cluster":"","branch":"","fromDate":"","toDate":"","status":""},"timestamp":"2026-07-07T12:33:21.311Z"}
7/7/2026, 6:03:21 pm | {"api":"/api/cash-closing-dashboard","event":"CASH_CLOSING_DASHBOARD_API_STARTED","filters":{"cluster":"","branch":"","fromDate":"","toDate":"","status":""},"timestamp":"2026-07-07T12:33:21.449Z"}
7/7/2026, 6:03:21 pm | {"api":"/api/cash-closing-dashboard","event":"CASH_CLOSING_DASHBOARD_DB_CONNECTED","timestamp":"2026-07-07T12:33:21.450Z"}
7/7/2026, 6:03:21 pm | {"api":"/api/cash-closing-dashboard","event":"CASH_CLOSING_DASHBOARD_QUERY_STARTED","filters":{"cluster":"","branch":"","fromDate":"","toDate":"","status":""},"timestamp":"2026-07-07T12:33:21.451Z"}
7/7/2026, 6:03:21 pm | {"api":"/api/cash-closing-dashboard","event":"CASH_CLOSING_DASHBOARD_DATA_FETCHED","totalRecords":56,"timestamp":"2026-07-07T12:33:21.457Z"}
7/7/2026, 6:03:21 pm | {"api":"/api/cash-closing-dashboard","event":"CASH_CLOSING_CLUSTER_FETCHED","totalClusters":4,"timestamp":"2026-07-07T12:33:21.460Z"}
7/7/2026, 6:03:21 pm | {"api":"/api/cash-closing-dashboard","event":"CASH_CLOSING_BRANCH_FETCHED","totalBranches":56,"timestamp":"2026-07-07T12:33:21.464Z"}
7/7/2026, 6:03:21 pm | {"api":"/api/cash-closing-dashboard","event":"CASH_CLOSING_DASHBOARD_SUCCESS","totalRecords":56,"filters":{"cluster":"","branch":"","fromDate":"","toDate":"","status":""},"timestamp":"2026-07-07T12:33:21.464Z"}
7/7/2026, 6:03:21 pm | {"api":"/api/cash-closing-dashboard","event":"CASH_CLOSING_DASHBOARD_API_STARTED","filters":{"cluster":"","branch":"","fromDate":"","toDate":"","status":""},"timestamp":"2026-07-07T12:33:21.586Z"}
7/7/2026, 6:03:21 pm | {"api":"/api/cash-closing-dashboard","event":"CASH_CLOSING_DASHBOARD_DB_CONNECTED","timestamp":"2026-07-07T12:33:21.587Z"}
7/7/2026, 6:03:21 pm | {"api":"/api/cash-closing-dashboard","event":"CASH_CLOSING_DASHBOARD_QUERY_STARTED","filters":{"cluster":"","branch":"","fromDate":"","toDate":"","status":""},"timestamp":"2026-07-07T12:33:21.587Z"}
7/7/2026, 6:03:21 pm | {"api":"/api/cash-closing-dashboard","event":"CASH_CLOSING_DASHBOARD_DATA_FETCHED","totalRecords":56,"timestamp":"2026-07-07T12:33:21.594Z"}
7/7/2026, 6:03:21 pm | {"api":"/api/cash-closing-dashboard","event":"CASH_CLOSING_CLUSTER_FETCHED","totalClusters":4,"timestamp":"2026-07-07T12:33:21.597Z"}
7/7/2026, 6:03:21 pm | {"api":"/api/cash-closing-dashboard","event":"CASH_CLOSING_BRANCH_FETCHED","totalBranches":56,"timestamp":"2026-07-07T12:33:21.600Z"}
7/7/2026, 6:03:21 pm | {"api":"/api/cash-closing-dashboard","event":"CASH_CLOSING_DASHBOARD_SUCCESS","totalRecords":56,"filters":{"cluster":"","branch":"","fromDate":"","toDate":"","status":""},"timestamp":"2026-07-07T12:33:21.600Z"}
7/7/2026, 6:03:34 pm | {"api":"/api/cash-closing-dashboard","event":"CASH_CLOSING_DASHBOARD_API_STARTED","filters":{"cluster":"","branch":"","fromDate":"","toDate":"","status":""},"timestamp":"2026-07-07T12:33:34.565Z"}
7/7/2026, 6:03:34 pm | {"api":"/api/cash-closing-dashboard","event":"CASH_CLOSING_DASHBOARD_DB_CONNECTED","timestamp":"2026-07-07T12:33:34.565Z"}
7/7/2026, 6:03:34 pm | {"api":"/api/cash-closing-dashboard","event":"CASH_CLOSING_DASHBOARD_QUERY_STARTED","filters":{"cluster":"","branch":"","fromDate":"","toDate":"","status":""},"timestamp":"2026-07-07T12:33:34.566Z"}
7/7/2026, 6:03:34 pm | {"api":"/api/cash-closing-dashboard","event":"CASH_CLOSING_DASHBOARD_DATA_FETCHED","totalRecords":56,"timestamp":"2026-07-07T12:33:34.572Z"}
7/7/2026, 6:03:34 pm | {"api":"/api/cash-closing-dashboard","event":"CASH_CLOSING_CLUSTER_FETCHED","totalClusters":4,"timestamp":"2026-07-07T12:33:34.575Z"}
7/7/2026, 6:03:34 pm | {"api":"/api/cash-closing-dashboard","event":"CASH_CLOSING_BRANCH_FETCHED","totalBranches":56,"timestamp":"2026-07-07T12:33:34.579Z"}
7/7/2026, 6:03:34 pm | {"api":"/api/cash-closing-dashboard","event":"CASH_CLOSING_DASHBOARD_SUCCESS","totalRecords":56,"filters":{"cluster":"","branch":"","fromDate":"","toDate":"","status":""},"timestamp":"2026-07-07T12:33:34.579Z"}
7/7/2026, 6:03:34 pm | {"api":"/api/cash-closing-dashboard","event":"CASH_CLOSING_DASHBOARD_API_STARTED","filters":{"cluster":"","branch":"","fromDate":"","toDate":"","status":""},"timestamp":"2026-07-07T12:33:34.689Z"}
7/7/2026, 6:03:34 pm | {"api":"/api/cash-closing-dashboard","event":"CASH_CLOSING_DASHBOARD_DB_CONNECTED","timestamp":"2026-07-07T12:33:34.690Z"}
7/7/2026, 6:03:34 pm | {"api":"/api/cash-closing-dashboard","event":"CASH_CLOSING_DASHBOARD_QUERY_STARTED","filters":{"cluster":"","branch":"","fromDate":"","toDate":"","status":""},"timestamp":"2026-07-07T12:33:34.690Z"}
7/7/2026, 6:03:34 pm | {"api":"/api/cash-closing-dashboard","event":"CASH_CLOSING_DASHBOARD_DATA_FETCHED","totalRecords":56,"timestamp":"2026-07-07T12:33:34.697Z"}
7/7/2026, 6:03:34 pm | {"api":"/api/cash-closing-dashboard","event":"CASH_CLOSING_CLUSTER_FETCHED","totalClusters":4,"timestamp":"2026-07-07T12:33:34.701Z"}
7/7/2026, 6:03:34 pm | {"api":"/api/cash-closing-dashboard","event":"CASH_CLOSING_BRANCH_FETCHED","totalBranches":56,"timestamp":"2026-07-07T12:33:34.704Z"}
7/7/2026, 6:03:34 pm | {"api":"/api/cash-closing-dashboard","event":"CASH_CLOSING_DASHBOARD_SUCCESS","totalRecords":56,"filters":{"cluster":"","branch":"","fromDate":"","toDate":"","status":""},"timestamp":"2026-07-07T12:33:34.705Z"}
7/7/2026, 6:03:34 pm | {"api":"/api/cash-closing-dashboard","event":"CASH_CLOSING_DASHBOARD_API_STARTED","filters":{"cluster":"","branch":"","fromDate":"","toDate":"","status":""},"timestamp":"2026-07-07T12:33:34.833Z"}
7/7/2026, 6:03:34 pm | {"api":"/api/cash-closing-dashboard","event":"CASH_CLOSING_DASHBOARD_DB_CONNECTED","timestamp":"2026-07-07T12:33:34.834Z"}
7/7/2026, 6:03:34 pm | {"api":"/api/cash-closing-dashboard","event":"CASH_CLOSING_DASHBOARD_QUERY_STARTED","filters":{"cluster":"","branch":"","fromDate":"","toDate":"","status":""},"timestamp":"2026-07-07T12:33:34.835Z"}
7/7/2026, 6:03:34 pm | {"api":"/api/cash-closing-dashboard","event":"CASH_CLOSING_DASHBOARD_DATA_FETCHED","totalRecords":56,"timestamp":"2026-07-07T12:33:34.841Z"}
7/7/2026, 6:03:34 pm | {"api":"/api/cash-closing-dashboard","event":"CASH_CLOSING_CLUSTER_FETCHED","totalClusters":4,"timestamp":"2026-07-07T12:33:34.845Z"}
7/7/2026, 6:03:34 pm | {"api":"/api/cash-closing-dashboard","event":"CASH_CLOSING_BRANCH_FETCHED","totalBranches":56,"timestamp":"2026-07-07T12:33:34.849Z"}
7/7/2026, 6:03:34 pm | {"api":"/api/cash-closing-dashboard","event":"CASH_CLOSING_DASHBOARD_SUCCESS","totalRecords":56,"filters":{"cluster":"","branch":"","fromDate":"","toDate":"","status":""},"timestamp":"2026-07-07T12:33:34.850Z"}
7/7/2026, 6:03:34 pm | {"api":"/api/cash-closing-dashboard","event":"CASH_CLOSING_DASHBOARD_API_STARTED","filters":{"cluster":"","branch":"","fromDate":"","toDate":"","status":""},"timestamp":"2026-07-07T12:33:34.946Z"}
7/7/2026, 6:03:34 pm | {"api":"/api/cash-closing-dashboard","event":"CASH_CLOSING_DASHBOARD_DB_CONNECTED","timestamp":"2026-07-07T12:33:34.947Z"}
7/7/2026, 6:03:34 pm | {"api":"/api/cash-closing-dashboard","event":"CASH_CLOSING_DASHBOARD_QUERY_STARTED","filters":{"cluster":"","branch":"","fromDate":"","toDate":"","status":""},"timestamp":"2026-07-07T12:33:34.948Z"}
7/7/2026, 6:03:34 pm | {"api":"/api/cash-closing-dashboard","event":"CASH_CLOSING_DASHBOARD_DATA_FETCHED","totalRecords":56,"timestamp":"2026-07-07T12:33:34.954Z"}
7/7/2026, 6:03:34 pm | {"api":"/api/cash-closing-dashboard","event":"CASH_CLOSING_CLUSTER_FETCHED","totalClusters":4,"timestamp":"2026-07-07T12:33:34.957Z"}
7/7/2026, 6:03:34 pm | {"api":"/api/cash-closing-dashboard","event":"CASH_CLOSING_BRANCH_FETCHED","totalBranches":56,"timestamp":"2026-07-07T12:33:34.960Z"}
7/7/2026, 6:03:34 pm | {"api":"/api/cash-closing-dashboard","event":"CASH_CLOSING_DASHBOARD_SUCCESS","totalRecords":56,"filters":{"cluster":"","branch":"","fromDate":"","toDate":"","status":""},"timestamp":"2026-07-07T12:33:34.961Z"}
7/7/2026, 6:03:35 pm | {"api":"/api/cash-closing-dashboard","event":"CASH_CLOSING_DASHBOARD_API_STARTED","filters":{"cluster":"","branch":"","fromDate":"","toDate":"","status":""},"timestamp":"2026-07-07T12:33:35.074Z"}
7/7/2026, 6:03:35 pm | {"api":"/api/cash-closing-dashboard","event":"CASH_CLOSING_DASHBOARD_DB_CONNECTED","timestamp":"2026-07-07T12:33:35.075Z"}
7/7/2026, 6:03:35 pm | {"api":"/api/cash-closing-dashboard","event":"CASH_CLOSING_DASHBOARD_QUERY_STARTED","filters":{"cluster":"","branch":"","fromDate":"","toDate":"","status":""},"timestamp":"2026-07-07T12:33:35.075Z"}
7/7/2026, 6:03:35 pm | {"api":"/api/cash-closing-dashboard","event":"CASH_CLOSING_DASHBOARD_DATA_FETCHED","totalRecords":56,"timestamp":"2026-07-07T12:33:35.080Z"}
7/7/2026, 6:03:35 pm | {"api":"/api/cash-closing-dashboard","event":"CASH_CLOSING_CLUSTER_FETCHED","totalClusters":4,"timestamp":"2026-07-07T12:33:35.083Z"}
7/7/2026, 6:03:35 pm | {"api":"/api/cash-closing-dashboard","event":"CASH_CLOSING_BRANCH_FETCHED","totalBranches":56,"timestamp":"2026-07-07T12:33:35.086Z"}
7/7/2026, 6:03:35 pm | {"api":"/api/cash-closing-dashboard","event":"CASH_CLOSING_DASHBOARD_SUCCESS","totalRecords":56,"filters":{"cluster":"","branch":"","fromDate":"","toDate":"","status":""},"timestamp":"2026-07-07T12:33:35.087Z"}
7/7/2026, 6:03:35 pm | {"api":"/api/cash-closing-dashboard","event":"CASH_CLOSING_DASHBOARD_API_STARTED","filters":{"cluster":"","branch":"","fromDate":"","toDate":"","status":""},"timestamp":"2026-07-07T12:33:35.330Z"}
7/7/2026, 6:03:35 pm | {"api":"/api/cash-closing-dashboard","event":"CASH_CLOSING_DASHBOARD_DB_CONNECTED","timestamp":"2026-07-07T12:33:35.331Z"}
7/7/2026, 6:03:35 pm | {"api":"/api/cash-closing-dashboard","event":"CASH_CLOSING_DASHBOARD_QUERY_STARTED","filters":{"cluster":"","branch":"","fromDate":"","toDate":"","status":""},"timestamp":"2026-07-07T12:33:35.332Z"}
7/7/2026, 6:03:35 pm | {"api":"/api/cash-closing-dashboard","event":"CASH_CLOSING_DASHBOARD_DATA_FETCHED","totalRecords":56,"timestamp":"2026-07-07T12:33:35.337Z"}
7/7/2026, 6:03:35 pm | {"api":"/api/cash-closing-dashboard","event":"CASH_CLOSING_CLUSTER_FETCHED","totalClusters":4,"timestamp":"2026-07-07T12:33:35.341Z"}
7/7/2026, 6:03:35 pm | {"api":"/api/cash-closing-dashboard","event":"CASH_CLOSING_BRANCH_FETCHED","totalBranches":56,"timestamp":"2026-07-07T12:33:35.344Z"}
7/7/2026, 6:03:35 pm | {"api":"/api/cash-closing-dashboard","event":"CASH_CLOSING_DASHBOARD_SUCCESS","totalRecords":56,"filters":{"cluster":"","branch":"","fromDate":"","toDate":"","status":""},"timestamp":"2026-07-07T12:33:35.345Z"}
7/7/2026, 6:03:35 pm | {"api":"/api/cash-closing-dashboard","event":"CASH_CLOSING_DASHBOARD_API_STARTED","filters":{"cluster":"","branch":"","fromDate":"","toDate":"","status":""},"timestamp":"2026-07-07T12:33:35.457Z"}
7/7/2026, 6:03:35 pm | {"api":"/api/cash-closing-dashboard","event":"CASH_CLOSING_DASHBOARD_DB_CONNECTED","timestamp":"2026-07-07T12:33:35.458Z"}
7/7/2026, 6:03:35 pm | {"api":"/api/cash-closing-dashboard","event":"CASH_CLOSING_DASHBOARD_QUERY_STARTED","filters":{"cluster":"","branch":"","fromDate":"","toDate":"","status":""},"timestamp":"2026-07-07T12:33:35.458Z"}
7/7/2026, 6:03:35 pm | {"api":"/api/cash-closing-dashboard","event":"CASH_CLOSING_DASHBOARD_DATA_FETCHED","totalRecords":56,"timestamp":"2026-07-07T12:33:35.465Z"}
7/7/2026, 6:03:35 pm | {"api":"/api/cash-closing-dashboard","event":"CASH_CLOSING_CLUSTER_FETCHED","totalClusters":4,"timestamp":"2026-07-07T12:33:35.469Z"}
7/7/2026, 6:03:35 pm | {"api":"/api/cash-closing-dashboard","event":"CASH_CLOSING_BRANCH_FETCHED","totalBranches":56,"timestamp":"2026-07-07T12:33:35.473Z"}
7/7/2026, 6:03:35 pm | {"api":"/api/cash-closing-dashboard","event":"CASH_CLOSING_DASHBOARD_SUCCESS","totalRecords":56,"filters":{"cluster":"","branch":"","fromDate":"","toDate":"","status":""},"timestamp":"2026-07-07T12:33:35.473Z"}
7/7/2026, 6:03:35 pm | {"api":"/api/cash-closing-dashboard","event":"CASH_CLOSING_DASHBOARD_API_STARTED","filters":{"cluster":"","branch":"","fromDate":"","toDate":"","status":""},"timestamp":"2026-07-07T12:33:35.570Z"}
7/7/2026, 6:03:35 pm | {"api":"/api/cash-closing-dashboard","event":"CASH_CLOSING_DASHBOARD_DB_CONNECTED","timestamp":"2026-07-07T12:33:35.571Z"}
7/7/2026, 6:03:35 pm | {"api":"/api/cash-closing-dashboard","event":"CASH_CLOSING_DASHBOARD_QUERY_STARTED","filters":{"cluster":"","branch":"","fromDate":"","toDate":"","status":""},"timestamp":"2026-07-07T12:33:35.572Z"}
7/7/2026, 6:03:35 pm | {"api":"/api/cash-closing-dashboard","event":"CASH_CLOSING_DASHBOARD_DATA_FETCHED","totalRecords":56,"timestamp":"2026-07-07T12:33:35.577Z"}
7/7/2026, 6:03:35 pm | {"api":"/api/cash-closing-dashboard","event":"CASH_CLOSING_CLUSTER_FETCHED","totalClusters":4,"timestamp":"2026-07-07T12:33:35.580Z"}
7/7/2026, 6:03:35 pm | {"api":"/api/cash-closing-dashboard","event":"CASH_CLOSING_BRANCH_FETCHED","totalBranches":56,"timestamp":"2026-07-07T12:33:35.584Z"}
7/7/2026, 6:03:35 pm | {"api":"/api/cash-closing-dashboard","event":"CASH_CLOSING_DASHBOARD_SUCCESS","totalRecords":56,"filters":{"cluster":"","branch":"","fromDate":"","toDate":"","status":""},"timestamp":"2026-07-07T12:33:35.585Z"}
7/7/2026, 6:03:36 pm | {"api":"/api/cash-closing-dashboard","event":"CASH_CLOSING_DASHBOARD_API_STARTED","filters":{"cluster":"","branch":"","fromDate":"","toDate":"","status":""},"timestamp":"2026-07-07T12:33:36.025Z"}
7/7/2026, 6:03:36 pm | {"api":"/api/cash-closing-dashboard","event":"CASH_CLOSING_DASHBOARD_DB_CONNECTED","timestamp":"2026-07-07T12:33:36.026Z"}
7/7/2026, 6:03:36 pm | {"api":"/api/cash-closing-dashboard","event":"CASH_CLOSING_DASHBOARD_QUERY_STARTED","filters":{"cluster":"","branch":"","fromDate":"","toDate":"","status":""},"timestamp":"2026-07-07T12:33:36.027Z"}
7/7/2026, 6:03:36 pm | {"api":"/api/cash-closing-dashboard","event":"CASH_CLOSING_DASHBOARD_DATA_FETCHED","totalRecords":56,"timestamp":"2026-07-07T12:33:36.033Z"}
7/7/2026, 6:03:36 pm | {"api":"/api/cash-closing-dashboard","event":"CASH_CLOSING_CLUSTER_FETCHED","totalClusters":4,"timestamp":"2026-07-07T12:33:36.036Z"}
7/7/2026, 6:03:36 pm | {"api":"/api/cash-closing-dashboard","event":"CASH_CLOSING_BRANCH_FETCHED","totalBranches":56,"timestamp":"2026-07-07T12:33:36.040Z"}
7/7/2026, 6:03:36 pm | {"api":"/api/cash-closing-dashboard","event":"CASH_CLOSING_DASHBOARD_SUCCESS","totalRecords":56,"filters":{"cluster":"","branch":"","fromDate":"","toDate":"","status":""},"timestamp":"2026-07-07T12:33:36.040Z"}
7/7/2026, 6:03:36 pm | {"api":"/api/cash-closing-dashboard","event":"CASH_CLOSING_DASHBOARD_API_STARTED","filters":{"cluster":"","branch":"","fromDate":"","toDate":"","status":""},"timestamp":"2026-07-07T12:33:36.176Z"}
7/7/2026, 6:03:36 pm | {"api":"/api/cash-closing-dashboard","event":"CASH_CLOSING_DASHBOARD_DB_CONNECTED","timestamp":"2026-07-07T12:33:36.177Z"}
7/7/2026, 6:03:36 pm | {"api":"/api/cash-closing-dashboard","event":"CASH_CLOSING_DASHBOARD_QUERY_STARTED","filters":{"cluster":"","branch":"","fromDate":"","toDate":"","status":""},"timestamp":"2026-07-07T12:33:36.178Z"}
7/7/2026, 6:03:36 pm | {"api":"/api/cash-closing-dashboard","event":"CASH_CLOSING_DASHBOARD_DATA_FETCHED","totalRecords":56,"timestamp":"2026-07-07T12:33:36.184Z"}
7/7/2026, 6:03:36 pm | {"api":"/api/cash-closing-dashboard","event":"CASH_CLOSING_CLUSTER_FETCHED","totalClusters":4,"timestamp":"2026-07-07T12:33:36.187Z"}
7/7/2026, 6:03:36 pm | {"api":"/api/cash-closing-dashboard","event":"CASH_CLOSING_BRANCH_FETCHED","totalBranches":56,"timestamp":"2026-07-07T12:33:36.190Z"}
7/7/2026, 6:03:36 pm | {"api":"/api/cash-closing-dashboard","event":"CASH_CLOSING_DASHBOARD_SUCCESS","totalRecords":56,"filters":{"cluster":"","branch":"","fromDate":"","toDate":"","status":""},"timestamp":"2026-07-07T12:33:36.191Z"}
7/7/2026, 6:03:36 pm | {"api":"/api/cash-closing-dashboard","event":"CASH_CLOSING_DASHBOARD_API_STARTED","filters":{"cluster":"","branch":"","fromDate":"","toDate":"","status":""},"timestamp":"2026-07-07T12:33:36.311Z"}
7/7/2026, 6:03:36 pm | {"api":"/api/cash-closing-dashboard","event":"CASH_CLOSING_DASHBOARD_DB_CONNECTED","timestamp":"2026-07-07T12:33:36.313Z"}
7/7/2026, 6:03:36 pm | {"api":"/api/cash-closing-dashboard","event":"CASH_CLOSING_DASHBOARD_QUERY_STARTED","filters":{"cluster":"","branch":"","fromDate":"","toDate":"","status":""},"timestamp":"2026-07-07T12:33:36.314Z"}
7/7/2026, 6:03:36 pm | {"api":"/api/cash-closing-dashboard","event":"CASH_CLOSING_DASHBOARD_DATA_FETCHED","totalRecords":56,"timestamp":"2026-07-07T12:33:36.321Z"}
7/7/2026, 6:03:36 pm | {"api":"/api/cash-closing-dashboard","event":"CASH_CLOSING_CLUSTER_FETCHED","totalClusters":4,"timestamp":"2026-07-07T12:33:36.325Z"}
7/7/2026, 6:03:36 pm | {"api":"/api/cash-closing-dashboard","event":"CASH_CLOSING_BRANCH_FETCHED","totalBranches":56,"timestamp":"2026-07-07T12:33:36.329Z"}
7/7/2026, 6:03:36 pm | {"api":"/api/cash-closing-dashboard","event":"CASH_CLOSING_DASHBOARD_SUCCESS","totalRecords":56,"filters":{"cluster":"","branch":"","fromDate":"","toDate":"","status":""},"timestamp":"2026-07-07T12:33:36.329Z"}
7/7/2026, 6:03:41 pm | {"api":"/api/cash-closing-dashboard","event":"CASH_CLOSING_DASHBOARD_API_STARTED","filters":{"cluster":"","branch":"","fromDate":"","toDate":"","status":""},"timestamp":"2026-07-07T12:33:41.437Z"}
7/7/2026, 6:03:41 pm | {"api":"/api/cash-closing-dashboard","event":"CASH_CLOSING_DASHBOARD_DB_CONNECTED","timestamp":"2026-07-07T12:33:41.438Z"}
7/7/2026, 6:03:41 pm | {"api":"/api/cash-closing-dashboard","event":"CASH_CLOSING_DASHBOARD_QUERY_STARTED","filters":{"cluster":"","branch":"","fromDate":"","toDate":"","status":""},"timestamp":"2026-07-07T12:33:41.439Z"}
7/7/2026, 6:03:41 pm | {"api":"/api/cash-closing-dashboard","event":"CASH_CLOSING_DASHBOARD_DATA_FETCHED","totalRecords":56,"timestamp":"2026-07-07T12:33:41.445Z"}
7/7/2026, 6:03:41 pm | {"api":"/api/cash-closing-dashboard","event":"CASH_CLOSING_CLUSTER_FETCHED","totalClusters":4,"timestamp":"2026-07-07T12:33:41.448Z"}
7/7/2026, 6:03:41 pm | {"api":"/api/cash-closing-dashboard","event":"CASH_CLOSING_BRANCH_FETCHED","totalBranches":56,"timestamp":"2026-07-07T12:33:41.451Z"}
7/7/2026, 6:03:41 pm | {"api":"/api/cash-closing-dashboard","event":"CASH_CLOSING_DASHBOARD_SUCCESS","totalRecords":56,"filters":{"cluster":"","branch":"","fromDate":"","toDate":"","status":""},"timestamp":"2026-07-07T12:33:41.452Z"}
7/7/2026, 6:03:41 pm | {"api":"/api/cash-closing-dashboard","event":"CASH_CLOSING_DASHBOARD_API_STARTED","filters":{"cluster":"","branch":"","fromDate":"","toDate":"","status":""},"timestamp":"2026-07-07T12:33:41.567Z"}
7/7/2026, 6:03:41 pm | {"api":"/api/cash-closing-dashboard","event":"CASH_CLOSING_DASHBOARD_DB_CONNECTED","timestamp":"2026-07-07T12:33:41.568Z"}
7/7/2026, 6:03:41 pm | {"api":"/api/cash-closing-dashboard","event":"CASH_CLOSING_DASHBOARD_QUERY_STARTED","filters":{"cluster":"","branch":"","fromDate":"","toDate":"","status":""},"timestamp":"2026-07-07T12:33:41.569Z"}
7/7/2026, 6:03:41 pm | {"api":"/api/cash-closing-dashboard","event":"CASH_CLOSING_DASHBOARD_DATA_FETCHED","totalRecords":56,"timestamp":"2026-07-07T12:33:41.576Z"}
7/7/2026, 6:03:41 pm | {"api":"/api/cash-closing-dashboard","event":"CASH_CLOSING_CLUSTER_FETCHED","totalClusters":4,"timestamp":"2026-07-07T12:33:41.579Z"}
7/7/2026, 6:03:41 pm | {"api":"/api/cash-closing-dashboard","event":"CASH_CLOSING_BRANCH_FETCHED","totalBranches":56,"timestamp":"2026-07-07T12:33:41.582Z"}
7/7/2026, 6:03:41 pm | {"api":"/api/cash-closing-dashboard","event":"CASH_CLOSING_DASHBOARD_SUCCESS","totalRecords":56,"filters":{"cluster":"","branch":"","fromDate":"","toDate":"","status":""},"timestamp":"2026-07-07T12:33:41.583Z"}
7/7/2026, 6:03:41 pm | {"api":"/api/cash-closing-dashboard","event":"CASH_CLOSING_DASHBOARD_API_STARTED","filters":{"cluster":"","branch":"","fromDate":"","toDate":"","status":""},"timestamp":"2026-07-07T12:33:41.703Z"}
7/7/2026, 6:03:41 pm | {"api":"/api/cash-closing-dashboard","event":"CASH_CLOSING_DASHBOARD_DB_CONNECTED","timestamp":"2026-07-07T12:33:41.704Z"}
7/7/2026, 6:03:41 pm | {"api":"/api/cash-closing-dashboard","event":"CASH_CLOSING_DASHBOARD_QUERY_STARTED","filters":{"cluster":"","branch":"","fromDate":"","toDate":"","status":""},"timestamp":"2026-07-07T12:33:41.705Z"}
7/7/2026, 6:03:41 pm | {"api":"/api/cash-closing-dashboard","event":"CASH_CLOSING_DASHBOARD_DATA_FETCHED","totalRecords":56,"timestamp":"2026-07-07T12:33:41.712Z"}
7/7/2026, 6:03:41 pm | {"api":"/api/cash-closing-dashboard","event":"CASH_CLOSING_CLUSTER_FETCHED","totalClusters":4,"timestamp":"2026-07-07T12:33:41.715Z"}
7/7/2026, 6:03:41 pm | {"api":"/api/cash-closing-dashboard","event":"CASH_CLOSING_BRANCH_FETCHED","totalBranches":56,"timestamp":"2026-07-07T12:33:41.718Z"}
7/7/2026, 6:03:41 pm | {"api":"/api/cash-closing-dashboard","event":"CASH_CLOSING_DASHBOARD_SUCCESS","totalRecords":56,"filters":{"cluster":"","branch":"","fromDate":"","toDate":"","status":""},"timestamp":"2026-07-07T12:33:41.719Z"}
7/7/2026, 6:03:41 pm | {"api":"/api/cash-closing-dashboard","event":"CASH_CLOSING_DASHBOARD_API_STARTED","filters":{"cluster":"","branch":"","fromDate":"","toDate":"","status":""},"timestamp":"2026-07-07T12:33:41.839Z"}
7/7/2026, 6:03:41 pm | {"api":"/api/cash-closing-dashboard","event":"CASH_CLOSING_DASHBOARD_DB_CONNECTED","timestamp":"2026-07-07T12:33:41.840Z"}
7/7/2026, 6:03:41 pm | {"api":"/api/cash-closing-dashboard","event":"CASH_CLOSING_DASHBOARD_QUERY_STARTED","filters":{"cluster":"","branch":"","fromDate":"","toDate":"","status":""},"timestamp":"2026-07-07T12:33:41.841Z"}
7/7/2026, 6:03:41 pm | {"api":"/api/cash-closing-dashboard","event":"CASH_CLOSING_DASHBOARD_DATA_FETCHED","totalRecords":56,"timestamp":"2026-07-07T12:33:41.848Z"}
7/7/2026, 6:03:41 pm | {"api":"/api/cash-closing-dashboard","event":"CASH_CLOSING_CLUSTER_FETCHED","totalClusters":4,"timestamp":"2026-07-07T12:33:41.851Z"}
7/7/2026, 6:03:41 pm | {"api":"/api/cash-closing-dashboard","event":"CASH_CLOSING_BRANCH_FETCHED","totalBranches":56,"timestamp":"2026-07-07T12:33:41.855Z"}
7/7/2026, 6:03:41 pm | {"api":"/api/cash-closing-dashboard","event":"CASH_CLOSING_DASHBOARD_SUCCESS","totalRecords":56,"filters":{"cluster":"","branch":"","fromDate":"","toDate":"","status":""},"timestamp":"2026-07-07T12:33:41.855Z"}
7/7/2026, 6:03:41 pm | {"api":"/api/cash-closing-dashboard","event":"CASH_CLOSING_DASHBOARD_API_STARTED","filters":{"cluster":"","branch":"","fromDate":"","toDate":"","status":""},"timestamp":"2026-07-07T12:33:41.969Z"}
7/7/2026, 6:03:41 pm | {"api":"/api/cash-closing-dashboard","event":"CASH_CLOSING_DASHBOARD_DB_CONNECTED","timestamp":"2026-07-07T12:33:41.970Z"}
7/7/2026, 6:03:41 pm | {"api":"/api/cash-closing-dashboard","event":"CASH_CLOSING_DASHBOARD_QUERY_STARTED","filters":{"cluster":"","branch":"","fromDate":"","toDate":"","status":""},"timestamp":"2026-07-07T12:33:41.971Z"}
7/7/2026, 6:03:41 pm | {"api":"/api/cash-closing-dashboard","event":"CASH_CLOSING_DASHBOARD_DATA_FETCHED","totalRecords":56,"timestamp":"2026-07-07T12:33:41.978Z"}
7/7/2026, 6:03:41 pm | {"api":"/api/cash-closing-dashboard","event":"CASH_CLOSING_CLUSTER_FETCHED","totalClusters":4,"timestamp":"2026-07-07T12:33:41.982Z"}
7/7/2026, 6:03:41 pm | {"api":"/api/cash-closing-dashboard","event":"CASH_CLOSING_BRANCH_FETCHED","totalBranches":56,"timestamp":"2026-07-07T12:33:41.985Z"}
7/7/2026, 6:03:41 pm | {"api":"/api/cash-closing-dashboard","event":"CASH_CLOSING_DASHBOARD_SUCCESS","totalRecords":56,"filters":{"cluster":"","branch":"","fromDate":"","toDate":"","status":""},"timestamp":"2026-07-07T12:33:41.986Z"}
7/7/2026, 6:03:42 pm | {"api":"/api/cash-closing-dashboard","event":"CASH_CLOSING_DASHBOARD_API_STARTED","filters":{"cluster":"","branch":"","fromDate":"","toDate":"","status":""},"timestamp":"2026-07-07T12:33:42.111Z"}
7/7/2026, 6:03:42 pm | {"api":"/api/cash-closing-dashboard","event":"CASH_CLOSING_DASHBOARD_DB_CONNECTED","timestamp":"2026-07-07T12:33:42.112Z"}
7/7/2026, 6:03:42 pm | {"api":"/api/cash-closing-dashboard","event":"CASH_CLOSING_DASHBOARD_QUERY_STARTED","filters":{"cluster":"","branch":"","fromDate":"","toDate":"","status":""},"timestamp":"2026-07-07T12:33:42.113Z"}
7/7/2026, 6:03:42 pm | {"api":"/api/cash-closing-dashboard","event":"CASH_CLOSING_DASHBOARD_DATA_FETCHED","totalRecords":56,"timestamp":"2026-07-07T12:33:42.120Z"}
7/7/2026, 6:03:42 pm | {"api":"/api/cash-closing-dashboard","event":"CASH_CLOSING_CLUSTER_FETCHED","totalClusters":4,"timestamp":"2026-07-07T12:33:42.123Z"}
7/7/2026, 6:03:42 pm | {"api":"/api/cash-closing-dashboard","event":"CASH_CLOSING_BRANCH_FETCHED","totalBranches":56,"timestamp":"2026-07-07T12:33:42.127Z"}
7/7/2026, 6:03:42 pm | {"api":"/api/cash-closing-dashboard","event":"CASH_CLOSING_DASHBOARD_SUCCESS","totalRecords":56,"filters":{"cluster":"","branch":"","fromDate":"","toDate":"","status":""},"timestamp":"2026-07-07T12:33:42.127Z"}
7/7/2026, 6:03:47 pm | {"api":"/api/cash-closing-dashboard","event":"CASH_CLOSING_DASHBOARD_API_STARTED","filters":{"cluster":"","branch":"","fromDate":"","toDate":"","status":""},"timestamp":"2026-07-07T12:33:47.627Z"}
7/7/2026, 6:03:47 pm | {"api":"/api/cash-closing-dashboard","event":"CASH_CLOSING_DASHBOARD_DB_CONNECTED","timestamp":"2026-07-07T12:33:47.628Z"}
7/7/2026, 6:03:47 pm | {"api":"/api/cash-closing-dashboard","event":"CASH_CLOSING_DASHBOARD_QUERY_STARTED","filters":{"cluster":"","branch":"","fromDate":"","toDate":"","status":""},"timestamp":"2026-07-07T12:33:47.628Z"}
7/7/2026, 6:03:47 pm | {"api":"/api/cash-closing-dashboard","event":"CASH_CLOSING_DASHBOARD_DATA_FETCHED","totalRecords":56,"timestamp":"2026-07-07T12:33:47.634Z"}
7/7/2026, 6:03:47 pm | {"api":"/api/cash-closing-dashboard","event":"CASH_CLOSING_CLUSTER_FETCHED","totalClusters":4,"timestamp":"2026-07-07T12:33:47.638Z"}
7/7/2026, 6:03:47 pm | {"api":"/api/cash-closing-dashboard","event":"CASH_CLOSING_BRANCH_FETCHED","totalBranches":56,"timestamp":"2026-07-07T12:33:47.642Z"}
7/7/2026, 6:03:47 pm | {"api":"/api/cash-closing-dashboard","event":"CASH_CLOSING_DASHBOARD_SUCCESS","totalRecords":56,"filters":{"cluster":"","branch":"","fromDate":"","toDate":"","status":""},"timestamp":"2026-07-07T12:33:47.643Z"}
7/7/2026, 6:03:47 pm | {"api":"/api/cash-closing-dashboard","event":"CASH_CLOSING_DASHBOARD_API_STARTED","filters":{"cluster":"","branch":"","fromDate":"","toDate":"","status":""},"timestamp":"2026-07-07T12:33:47.751Z"}
7/7/2026, 6:03:47 pm | {"api":"/api/cash-closing-dashboard","event":"CASH_CLOSING_DASHBOARD_DB_CONNECTED","timestamp":"2026-07-07T12:33:47.753Z"}
7/7/2026, 6:03:47 pm | {"api":"/api/cash-closing-dashboard","event":"CASH_CLOSING_DASHBOARD_QUERY_STARTED","filters":{"cluster":"","branch":"","fromDate":"","toDate":"","status":""},"timestamp":"2026-07-07T12:33:47.753Z"}
7/7/2026, 6:03:47 pm | {"api":"/api/cash-closing-dashboard","event":"CASH_CLOSING_DASHBOARD_DATA_FETCHED","totalRecords":56,"timestamp":"2026-07-07T12:33:47.760Z"}
7/7/2026, 6:03:47 pm | {"api":"/api/cash-closing-dashboard","event":"CASH_CLOSING_CLUSTER_FETCHED","totalClusters":4,"timestamp":"2026-07-07T12:33:47.763Z"}
7/7/2026, 6:03:47 pm | {"api":"/api/cash-closing-dashboard","event":"CASH_CLOSING_BRANCH_FETCHED","totalBranches":56,"timestamp":"2026-07-07T12:33:47.766Z"}
7/7/2026, 6:03:47 pm | {"api":"/api/cash-closing-dashboard","event":"CASH_CLOSING_DASHBOARD_SUCCESS","totalRecords":56,"filters":{"cluster":"","branch":"","fromDate":"","toDate":"","status":""},"timestamp":"2026-07-07T12:33:47.767Z"}
7/7/2026, 6:03:47 pm | {"api":"/api/cash-closing-dashboard","event":"CASH_CLOSING_DASHBOARD_API_STARTED","filters":{"cluster":"","branch":"","fromDate":"","toDate":"","status":""},"timestamp":"2026-07-07T12:33:47.895Z"}
7/7/2026, 6:03:47 pm | {"api":"/api/cash-closing-dashboard","event":"CASH_CLOSING_DASHBOARD_DB_CONNECTED","timestamp":"2026-07-07T12:33:47.896Z"}
7/7/2026, 6:03:47 pm | {"api":"/api/cash-closing-dashboard","event":"CASH_CLOSING_DASHBOARD_QUERY_STARTED","filters":{"cluster":"","branch":"","fromDate":"","toDate":"","status":""},"timestamp":"2026-07-07T12:33:47.897Z"}
7/7/2026, 6:03:47 pm | {"api":"/api/cash-closing-dashboard","event":"CASH_CLOSING_DASHBOARD_DATA_FETCHED","totalRecords":56,"timestamp":"2026-07-07T12:33:47.904Z"}
7/7/2026, 6:03:47 pm | {"api":"/api/cash-closing-dashboard","event":"CASH_CLOSING_CLUSTER_FETCHED","totalClusters":4,"timestamp":"2026-07-07T12:33:47.909Z"}
7/7/2026, 6:03:47 pm | {"api":"/api/cash-closing-dashboard","event":"CASH_CLOSING_BRANCH_FETCHED","totalBranches":56,"timestamp":"2026-07-07T12:33:47.912Z"}
7/7/2026, 6:03:47 pm | {"api":"/api/cash-closing-dashboard","event":"CASH_CLOSING_DASHBOARD_SUCCESS","totalRecords":56,"filters":{"cluster":"","branch":"","fromDate":"","toDate":"","status":""},"timestamp":"2026-07-07T12:33:47.913Z"}
7/7/2026, 6:03:56 pm | {"api":"/login","event":"LOGIN_API_STARTED","mpin":"2700","deviceId":"3169622446f20520","timestamp":"2026-07-07T12:33:56.900Z"}
7/7/2026, 6:03:56 pm | {"event":"LOGIN_REQUEST","mpin":"2700","deviceId":"3169622446f20520","timestamp":"2026-07-07T12:33:56.901Z"}
7/7/2026, 6:03:56 pm | {"api":"/login","event":"LOGIN_DB_QUERY_STARTED","mpin":"2700","timestamp":"2026-07-07T12:33:56.902Z"}
7/7/2026, 6:03:56 pm | {"api":"/login","event":"LOGIN_USER_FOUND","empNo":"270","branch":"Tenali","designation":"Branch Manager","timestamp":"2026-07-07T12:33:56.908Z"}
7/7/2026, 6:03:56 pm | {"api":"/login","event":"LOGIN_DEVICE_CHECK","empNo":"270","savedDevice":"3169622446f20520","currentDevice":"3169622446f20520","timestamp":"2026-07-07T12:33:56.909Z"}
7/7/2026, 6:03:56 pm | {"api":"/login","event":"LOGIN_SUCCESS","empNo":"270","branch":"Tenali","designation":"Branch Manager","loginTime":"2026-07-07T12:33:56.916Z"}
7/7/2026, 6:03:57 pm | {"api":"/employee/:empNo","event":"EMPLOYEE_API_STARTED","empNo":"270","timestamp":"2026-07-07T12:33:57.045Z"}
7/7/2026, 6:03:57 pm | {"api":"/employee/:empNo","event":"EMPLOYEE_DB_QUERY_STARTED","empNo":"270","timestamp":"2026-07-07T12:33:57.046Z"}
7/7/2026, 6:03:57 pm | {"api":"/employee/:empNo","event":"EMPLOYEE_FETCH_SUCCESS","empNo":"270","employeeName":"Ch. Naga Raju","branch":"Tenali","designation":"Branch Manager","timestamp":"2026-07-07T12:33:57.050Z"}
7/7/2026, 6:03:57 pm | {"api":"/last-submission/:empNo","event":"LAST_SUBMISSION_API_STARTED","empNo":"270","timestamp":"2026-07-07T12:33:57.106Z"}
7/7/2026, 6:03:57 pm | {"api":"/last-submission/:empNo","event":"LAST_SUBMISSION_DB_QUERY_STARTED","empNo":"270","timestamp":"2026-07-07T12:33:57.107Z"}
7/7/2026, 6:03:57 pm | {"api":"/last-submission/:empNo","event":"LAST_SUBMISSION_FETCH_SUCCESS","empNo":"270","amount":1959000,"actionAt":"2026-07-06 17:52:21","timestamp":"2026-07-07T12:33:57.112Z"}
7/7/2026, 6:03:57 pm | {"api":"/today-cash/:empNo","event":"TODAY_CASH_API_STARTED","empNo":"270","timestamp":"2026-07-07T12:33:57.190Z"}
7/7/2026, 6:03:57 pm | {"api":"/today-cash/:empNo","event":"TODAY_CASH_DB_QUERY_STARTED","empNo":"270","timestamp":"2026-07-07T12:33:57.191Z"}
7/7/2026, 6:03:57 pm | {"api":"/today-cash/:empNo","event":"TODAY_CASH_NOT_FOUND","empNo":"270","timestamp":"2026-07-07T12:33:57.194Z"}
7/7/2026, 6:03:57 pm | {"api":"/api/cash-closing-dashboard","event":"CASH_CLOSING_DASHBOARD_API_STARTED","filters":{"cluster":"","branch":"","fromDate":"","toDate":"","status":""},"timestamp":"2026-07-07T12:33:57.761Z"}
7/7/2026, 6:03:57 pm | {"api":"/api/cash-closing-dashboard","event":"CASH_CLOSING_DASHBOARD_DB_CONNECTED","timestamp":"2026-07-07T12:33:57.762Z"}
7/7/2026, 6:03:57 pm | {"api":"/api/cash-closing-dashboard","event":"CASH_CLOSING_DASHBOARD_QUERY_STARTED","filters":{"cluster":"","branch":"","fromDate":"","toDate":"","status":""},"timestamp":"2026-07-07T12:33:57.763Z"}
7/7/2026, 6:03:57 pm | {"api":"/api/cash-closing-dashboard","event":"CASH_CLOSING_DASHBOARD_DATA_FETCHED","totalRecords":56,"timestamp":"2026-07-07T12:33:57.769Z"}
7/7/2026, 6:03:57 pm | {"api":"/api/cash-closing-dashboard","event":"CASH_CLOSING_CLUSTER_FETCHED","totalClusters":4,"timestamp":"2026-07-07T12:33:57.772Z"}
7/7/2026, 6:03:57 pm | {"api":"/api/cash-closing-dashboard","event":"CASH_CLOSING_BRANCH_FETCHED","totalBranches":56,"timestamp":"2026-07-07T12:33:57.775Z"}
7/7/2026, 6:03:57 pm | {"api":"/api/cash-closing-dashboard","event":"CASH_CLOSING_DASHBOARD_SUCCESS","totalRecords":56,"filters":{"cluster":"","branch":"","fromDate":"","toDate":"","status":""},"timestamp":"2026-07-07T12:33:57.775Z"}
7/7/2026, 6:03:57 pm | {"api":"/api/cash-closing-dashboard","event":"CASH_CLOSING_DASHBOARD_API_STARTED","filters":{"cluster":"","branch":"","fromDate":"","toDate":"","status":""},"timestamp":"2026-07-07T12:33:57.911Z"}
7/7/2026, 6:03:57 pm | {"api":"/api/cash-closing-dashboard","event":"CASH_CLOSING_DASHBOARD_DB_CONNECTED","timestamp":"2026-07-07T12:33:57.912Z"}
7/7/2026, 6:03:57 pm | {"api":"/api/cash-closing-dashboard","event":"CASH_CLOSING_DASHBOARD_QUERY_STARTED","filters":{"cluster":"","branch":"","fromDate":"","toDate":"","status":""},"timestamp":"2026-07-07T12:33:57.913Z"}
7/7/2026, 6:03:57 pm | {"api":"/api/cash-closing-dashboard","event":"CASH_CLOSING_DASHBOARD_DATA_FETCHED","totalRecords":56,"timestamp":"2026-07-07T12:33:57.920Z"}
7/7/2026, 6:03:57 pm | {"api":"/api/cash-closing-dashboard","event":"CASH_CLOSING_CLUSTER_FETCHED","totalClusters":4,"timestamp":"2026-07-07T12:33:57.926Z"}
7/7/2026, 6:03:57 pm | {"api":"/api/cash-closing-dashboard","event":"CASH_CLOSING_BRANCH_FETCHED","totalBranches":56,"timestamp":"2026-07-07T12:33:57.930Z"}
7/7/2026, 6:03:57 pm | {"api":"/api/cash-closing-dashboard","event":"CASH_CLOSING_DASHBOARD_SUCCESS","totalRecords":56,"filters":{"cluster":"","branch":"","fromDate":"","toDate":"","status":""},"timestamp":"2026-07-07T12:33:57.931Z"}
7/7/2026, 6:04:06 pm | {"api":"/save-cash-closing","event":"SAVE_CASH_API_STARTED","empNo":"270","amount":"1121000","timestamp":"2026-07-07T12:34:06.165Z"}
7/7/2026, 6:04:06 pm | {"api":"/save-cash-closing","event":"PREVIOUS_DAY_RECORD_FOUND","empNo":"270","oldDate":"2026-07-06T00:00:00.000Z","amount":1959000,"timestamp":"2026-07-07T12:34:06.171Z"}
7/7/2026, 6:04:06 pm | {"api":"/save-cash-closing","event":"PREVIOUS_DAY_MOVED_TO_HISTORY","empNo":"270","timestamp":"2026-07-07T12:34:06.179Z"}
7/7/2026, 6:04:06 pm | {"api":"/save-cash-closing","event":"PREVIOUS_DAY_DELETED","empNo":"270","timestamp":"2026-07-07T12:34:06.187Z"}
7/7/2026, 6:04:06 pm | {"api":"/save-cash-closing","event":"SAVE_CASH_NEW_ENTRY","empNo":"270","amount":"1121000","branch":"Tenali","timestamp":"2026-07-07T12:34:06.190Z"}
7/7/2026, 6:04:06 pm | {"api":"/save-cash-closing","event":"SAVE_CASH_HISTORY_INSERTED","empNo":"270","actionType":"ADDED","version":1,"timestamp":"2026-07-07T12:34:06.204Z"}
7/7/2026, 6:04:06 pm | {"api":"/save-cash-closing","event":"SAVE_CASH_SUCCESS","type":"INSERT","empNo":"270","amount":"1121000","timestamp":"2026-07-07T12:34:06.205Z"}
7/7/2026, 6:04:12 pm | {"api":"/save-cash-closing","event":"SAVE_CASH_API_STARTED","empNo":"270","amount":"1121000","timestamp":"2026-07-07T12:34:12.014Z"}
7/7/2026, 6:04:12 pm | {"api":"/save-cash-closing","event":"SAVE_CASH_UPDATE_STARTED","empNo":"270","oldAmount":1121000,"newAmount":"1121000","currentVersion":1,"nextVersion":2,"timestamp":"2026-07-07T12:34:12.024Z"}
7/7/2026, 6:04:12 pm | {"api":"/save-cash-closing","event":"SAVE_CASH_HISTORY_UPDATED","empNo":"270","version":2,"timestamp":"2026-07-07T12:34:12.039Z"}
7/7/2026, 6:04:12 pm | {"api":"/save-cash-closing","event":"SAVE_CASH_SUCCESS","type":"UPDATE","empNo":"270","amount":"1121000","version":2,"timestamp":"2026-07-07T12:34:12.040Z"}
7/7/2026, 6:04:22 pm | {"api":"/api/cash-closing-dashboard","event":"CASH_CLOSING_DASHBOARD_API_STARTED","filters":{"cluster":"","branch":"","fromDate":"","toDate":"","status":""},"timestamp":"2026-07-07T12:34:22.430Z"}
7/7/2026, 6:04:22 pm | {"api":"/api/cash-closing-dashboard","event":"CASH_CLOSING_DASHBOARD_DB_CONNECTED","timestamp":"2026-07-07T12:34:22.431Z"}
7/7/2026, 6:04:22 pm | {"api":"/api/cash-closing-dashboard","event":"CASH_CLOSING_DASHBOARD_QUERY_STARTED","filters":{"cluster":"","branch":"","fromDate":"","toDate":"","status":""},"timestamp":"2026-07-07T12:34:22.432Z"}
7/7/2026, 6:04:22 pm | {"api":"/api/cash-closing-dashboard","event":"CASH_CLOSING_DASHBOARD_DATA_FETCHED","totalRecords":56,"timestamp":"2026-07-07T12:34:22.437Z"}
7/7/2026, 6:04:22 pm | {"api":"/api/cash-closing-dashboard","event":"CASH_CLOSING_CLUSTER_FETCHED","totalClusters":4,"timestamp":"2026-07-07T12:34:22.440Z"}
7/7/2026, 6:04:22 pm | {"api":"/api/cash-closing-dashboard","event":"CASH_CLOSING_BRANCH_FETCHED","totalBranches":56,"timestamp":"2026-07-07T12:34:22.444Z"}
7/7/2026, 6:04:22 pm | {"api":"/api/cash-closing-dashboard","event":"CASH_CLOSING_DASHBOARD_SUCCESS","totalRecords":56,"filters":{"cluster":"","branch":"","fromDate":"","toDate":"","status":""},"timestamp":"2026-07-07T12:34:22.444Z"}
7/7/2026, 6:04:22 pm | {"api":"/api/cash-closing-dashboard","event":"CASH_CLOSING_DASHBOARD_API_STARTED","filters":{"cluster":"","branch":"","fromDate":"","toDate":"","status":""},"timestamp":"2026-07-07T12:34:22.507Z"}
7/7/2026, 6:04:22 pm | {"api":"/api/cash-closing-dashboard","event":"CASH_CLOSING_DASHBOARD_DB_CONNECTED","timestamp":"2026-07-07T12:34:22.507Z"}
7/7/2026, 6:04:22 pm | {"api":"/api/cash-closing-dashboard","event":"CASH_CLOSING_DASHBOARD_QUERY_STARTED","filters":{"cluster":"","branch":"","fromDate":"","toDate":"","status":""},"timestamp":"2026-07-07T12:34:22.508Z"}
7/7/2026, 6:04:22 pm | {"api":"/api/cash-closing-dashboard","event":"CASH_CLOSING_DASHBOARD_DATA_FETCHED","totalRecords":56,"timestamp":"2026-07-07T12:34:22.514Z"}
7/7/2026, 6:04:22 pm | {"api":"/api/cash-closing-dashboard","event":"CASH_CLOSING_CLUSTER_FETCHED","totalClusters":4,"timestamp":"2026-07-07T12:34:22.519Z"}
7/7/2026, 6:04:22 pm | {"api":"/api/cash-closing-dashboard","event":"CASH_CLOSING_BRANCH_FETCHED","totalBranches":56,"timestamp":"2026-07-07T12:34:22.522Z"}
7/7/2026, 6:04:22 pm | {"api":"/api/cash-closing-dashboard","event":"CASH_CLOSING_DASHBOARD_SUCCESS","totalRecords":56,"filters":{"cluster":"","branch":"","fromDate":"","toDate":"","status":""},"timestamp":"2026-07-07T12:34:22.523Z"}
7/7/2026, 6:04:22 pm | {"api":"/api/cash-closing-dashboard","event":"CASH_CLOSING_DASHBOARD_API_STARTED","filters":{"cluster":"","branch":"","fromDate":"","toDate":"","status":""},"timestamp":"2026-07-07T12:34:22.883Z"}
7/7/2026, 6:04:22 pm | {"api":"/api/cash-closing-dashboard","event":"CASH_CLOSING_DASHBOARD_DB_CONNECTED","timestamp":"2026-07-07T12:34:22.884Z"}
7/7/2026, 6:04:22 pm | {"api":"/api/cash-closing-dashboard","event":"CASH_CLOSING_DASHBOARD_QUERY_STARTED","filters":{"cluster":"","branch":"","fromDate":"","toDate":"","status":""},"timestamp":"2026-07-07T12:34:22.885Z"}
7/7/2026, 6:04:22 pm | {"api":"/api/cash-closing-dashboard","event":"CASH_CLOSING_DASHBOARD_DATA_FETCHED","totalRecords":56,"timestamp":"2026-07-07T12:34:22.891Z"}
7/7/2026, 6:04:22 pm | {"api":"/api/cash-closing-dashboard","event":"CASH_CLOSING_CLUSTER_FETCHED","totalClusters":4,"timestamp":"2026-07-07T12:34:22.895Z"}
7/7/2026, 6:04:22 pm | {"api":"/api/cash-closing-dashboard","event":"CASH_CLOSING_BRANCH_FETCHED","totalBranches":56,"timestamp":"2026-07-07T12:34:22.898Z"}
7/7/2026, 6:04:22 pm | {"api":"/api/cash-closing-dashboard","event":"CASH_CLOSING_DASHBOARD_SUCCESS","totalRecords":56,"filters":{"cluster":"","branch":"","fromDate":"","toDate":"","status":""},"timestamp":"2026-07-07T12:34:22.899Z"}
7/7/2026, 6:04:23 pm | {"api":"/api/cash-closing-dashboard","event":"CASH_CLOSING_DASHBOARD_API_STARTED","filters":{"cluster":"","branch":"","fromDate":"","toDate":"","status":""},"timestamp":"2026-07-07T12:34:23.050Z"}
7/7/2026, 6:04:23 pm | {"api":"/api/cash-closing-dashboard","event":"CASH_CLOSING_DASHBOARD_DB_CONNECTED","timestamp":"2026-07-07T12:34:23.051Z"}
7/7/2026, 6:04:23 pm | {"api":"/api/cash-closing-dashboard","event":"CASH_CLOSING_DASHBOARD_QUERY_STARTED","filters":{"cluster":"","branch":"","fromDate":"","toDate":"","status":""},"timestamp":"2026-07-07T12:34:23.052Z"}
7/7/2026, 6:04:23 pm | {"api":"/api/cash-closing-dashboard","event":"CASH_CLOSING_DASHBOARD_DATA_FETCHED","totalRecords":56,"timestamp":"2026-07-07T12:34:23.058Z"}
7/7/2026, 6:04:23 pm | {"api":"/api/cash-closing-dashboard","event":"CASH_CLOSING_CLUSTER_FETCHED","totalClusters":4,"timestamp":"2026-07-07T12:34:23.061Z"}
7/7/2026, 6:04:23 pm | {"api":"/api/cash-closing-dashboard","event":"CASH_CLOSING_BRANCH_FETCHED","totalBranches":56,"timestamp":"2026-07-07T12:34:23.065Z"}
7/7/2026, 6:04:23 pm | {"api":"/api/cash-closing-dashboard","event":"CASH_CLOSING_DASHBOARD_SUCCESS","totalRecords":56,"filters":{"cluster":"","branch":"","fromDate":"","toDate":"","status":""},"timestamp":"2026-07-07T12:34:23.065Z"}
7/7/2026, 6:04:23 pm | {"api":"/api/cash-closing-dashboard","event":"CASH_CLOSING_DASHBOARD_API_STARTED","filters":{"cluster":"","branch":"","fromDate":"","toDate":"","status":""},"timestamp":"2026-07-07T12:34:23.210Z"}
7/7/2026, 6:04:23 pm | {"api":"/api/cash-closing-dashboard","event":"CASH_CLOSING_DASHBOARD_DB_CONNECTED","timestamp":"2026-07-07T12:34:23.211Z"}
7/7/2026, 6:04:23 pm | {"api":"/api/cash-closing-dashboard","event":"CASH_CLOSING_DASHBOARD_QUERY_STARTED","filters":{"cluster":"","branch":"","fromDate":"","toDate":"","status":""},"timestamp":"2026-07-07T12:34:23.212Z"}
7/7/2026, 6:04:23 pm | {"api":"/api/cash-closing-dashboard","event":"CASH_CLOSING_DASHBOARD_DATA_FETCHED","totalRecords":56,"timestamp":"2026-07-07T12:34:23.219Z"}
7/7/2026, 6:04:23 pm | {"api":"/api/cash-closing-dashboard","event":"CASH_CLOSING_CLUSTER_FETCHED","totalClusters":4,"timestamp":"2026-07-07T12:34:23.222Z"}
7/7/2026, 6:04:23 pm | {"api":"/api/cash-closing-dashboard","event":"CASH_CLOSING_BRANCH_FETCHED","totalBranches":56,"timestamp":"2026-07-07T12:34:23.225Z"}
7/7/2026, 6:04:23 pm | {"api":"/api/cash-closing-dashboard","event":"CASH_CLOSING_DASHBOARD_SUCCESS","totalRecords":56,"filters":{"cluster":"","branch":"","fromDate":"","toDate":"","status":""},"timestamp":"2026-07-07T12:34:23.226Z"}
7/7/2026, 6:04:23 pm | {"api":"/api/cash-closing-dashboard","event":"CASH_CLOSING_DASHBOARD_API_STARTED","filters":{"cluster":"","branch":"","fromDate":"","toDate":"","status":""},"timestamp":"2026-07-07T12:34:23.476Z"}
7/7/2026, 6:04:23 pm | {"api":"/api/cash-closing-dashboard","event":"CASH_CLOSING_DASHBOARD_DB_CONNECTED","timestamp":"2026-07-07T12:34:23.477Z"}
7/7/2026, 6:04:23 pm | {"api":"/api/cash-closing-dashboard","event":"CASH_CLOSING_DASHBOARD_QUERY_STARTED","filters":{"cluster":"","branch":"","fromDate":"","toDate":"","status":""},"timestamp":"2026-07-07T12:34:23.478Z"}
7/7/2026, 6:04:23 pm | {"api":"/api/cash-closing-dashboard","event":"CASH_CLOSING_DASHBOARD_DATA_FETCHED","totalRecords":56,"timestamp":"2026-07-07T12:34:23.483Z"}
7/7/2026, 6:04:23 pm | {"api":"/api/cash-closing-dashboard","event":"CASH_CLOSING_CLUSTER_FETCHED","totalClusters":4,"timestamp":"2026-07-07T12:34:23.486Z"}
7/7/2026, 6:04:23 pm | {"api":"/api/cash-closing-dashboard","event":"CASH_CLOSING_BRANCH_FETCHED","totalBranches":56,"timestamp":"2026-07-07T12:34:23.489Z"}
7/7/2026, 6:04:23 pm | {"api":"/api/cash-closing-dashboard","event":"CASH_CLOSING_DASHBOARD_SUCCESS","totalRecords":56,"filters":{"cluster":"","branch":"","fromDate":"","toDate":"","status":""},"timestamp":"2026-07-07T12:34:23.490Z"}
7/7/2026, 6:04:23 pm | {"api":"/api/cash-closing-dashboard","event":"CASH_CLOSING_DASHBOARD_API_STARTED","filters":{"cluster":"","branch":"","fromDate":"","toDate":"","status":""},"timestamp":"2026-07-07T12:34:23.644Z"}
7/7/2026, 6:04:23 pm | {"api":"/api/cash-closing-dashboard","event":"CASH_CLOSING_DASHBOARD_DB_CONNECTED","timestamp":"2026-07-07T12:34:23.645Z"}
7/7/2026, 6:04:23 pm | {"api":"/api/cash-closing-dashboard","event":"CASH_CLOSING_DASHBOARD_QUERY_STARTED","filters":{"cluster":"","branch":"","fromDate":"","toDate":"","status":""},"timestamp":"2026-07-07T12:34:23.645Z"}
7/7/2026, 6:04:23 pm | {"api":"/api/cash-closing-dashboard","event":"CASH_CLOSING_DASHBOARD_DATA_FETCHED","totalRecords":56,"timestamp":"2026-07-07T12:34:23.652Z"}
7/7/2026, 6:04:23 pm | {"api":"/api/cash-closing-dashboard","event":"CASH_CLOSING_CLUSTER_FETCHED","totalClusters":4,"timestamp":"2026-07-07T12:34:23.655Z"}
7/7/2026, 6:04:23 pm | {"api":"/api/cash-closing-dashboard","event":"CASH_CLOSING_BRANCH_FETCHED","totalBranches":56,"timestamp":"2026-07-07T12:34:23.659Z"}
7/7/2026, 6:04:23 pm | {"api":"/api/cash-closing-dashboard","event":"CASH_CLOSING_DASHBOARD_SUCCESS","totalRecords":56,"filters":{"cluster":"","branch":"","fromDate":"","toDate":"","status":""},"timestamp":"2026-07-07T12:34:23.660Z"}
7/7/2026, 6:04:23 pm | {"api":"/api/cash-closing-dashboard","event":"CASH_CLOSING_DASHBOARD_API_STARTED","filters":{"cluster":"","branch":"","fromDate":"","toDate":"","status":""},"timestamp":"2026-07-07T12:34:23.811Z"}
7/7/2026, 6:04:23 pm | {"api":"/api/cash-closing-dashboard","event":"CASH_CLOSING_DASHBOARD_DB_CONNECTED","timestamp":"2026-07-07T12:34:23.812Z"}
7/7/2026, 6:04:23 pm | {"api":"/api/cash-closing-dashboard","event":"CASH_CLOSING_DASHBOARD_QUERY_STARTED","filters":{"cluster":"","branch":"","fromDate":"","toDate":"","status":""},"timestamp":"2026-07-07T12:34:23.813Z"}
7/7/2026, 6:04:23 pm | {"api":"/api/cash-closing-dashboard","event":"CASH_CLOSING_DASHBOARD_DATA_FETCHED","totalRecords":56,"timestamp":"2026-07-07T12:34:23.820Z"}
7/7/2026, 6:04:23 pm | {"api":"/api/cash-closing-dashboard","event":"CASH_CLOSING_CLUSTER_FETCHED","totalClusters":4,"timestamp":"2026-07-07T12:34:23.823Z"}
7/7/2026, 6:04:23 pm | {"api":"/api/cash-closing-dashboard","event":"CASH_CLOSING_BRANCH_FETCHED","totalBranches":56,"timestamp":"2026-07-07T12:34:23.826Z"}
7/7/2026, 6:04:23 pm | {"api":"/api/cash-closing-dashboard","event":"CASH_CLOSING_DASHBOARD_SUCCESS","totalRecords":56,"filters":{"cluster":"","branch":"","fromDate":"","toDate":"","status":""},"timestamp":"2026-07-07T12:34:23.827Z"}
7/7/2026, 6:04:32 pm | {"api":"/api/cash-closing-dashboard","event":"CASH_CLOSING_DASHBOARD_API_STARTED","filters":{"cluster":"","branch":"","fromDate":"","toDate":"","status":""},"timestamp":"2026-07-07T12:34:32.087Z"}
7/7/2026, 6:04:32 pm | {"api":"/api/cash-closing-dashboard","event":"CASH_CLOSING_DASHBOARD_DB_CONNECTED","timestamp":"2026-07-07T12:34:32.088Z"}
7/7/2026, 6:04:32 pm | {"api":"/api/cash-closing-dashboard","event":"CASH_CLOSING_DASHBOARD_QUERY_STARTED","filters":{"cluster":"","branch":"","fromDate":"","toDate":"","status":""},"timestamp":"2026-07-07T12:34:32.089Z"}
7/7/2026, 6:04:32 pm | {"api":"/api/cash-closing-dashboard","event":"CASH_CLOSING_DASHBOARD_DATA_FETCHED","totalRecords":56,"timestamp":"2026-07-07T12:34:32.096Z"}
7/7/2026, 6:04:32 pm | {"api":"/api/cash-closing-dashboard","event":"CASH_CLOSING_CLUSTER_FETCHED","totalClusters":4,"timestamp":"2026-07-07T12:34:32.099Z"}
7/7/2026, 6:04:32 pm | {"api":"/api/cash-closing-dashboard","event":"CASH_CLOSING_BRANCH_FETCHED","totalBranches":56,"timestamp":"2026-07-07T12:34:32.103Z"}
7/7/2026, 6:04:32 pm | {"api":"/api/cash-closing-dashboard","event":"CASH_CLOSING_DASHBOARD_SUCCESS","totalRecords":56,"filters":{"cluster":"","branch":"","fromDate":"","toDate":"","status":""},"timestamp":"2026-07-07T12:34:32.104Z"}
7/7/2026, 6:04:32 pm | {"api":"/api/cash-closing-dashboard","event":"CASH_CLOSING_DASHBOARD_API_STARTED","filters":{"cluster":"","branch":"","fromDate":"","toDate":"","status":""},"timestamp":"2026-07-07T12:34:32.193Z"}
7/7/2026, 6:04:32 pm | {"api":"/api/cash-closing-dashboard","event":"CASH_CLOSING_DASHBOARD_DB_CONNECTED","timestamp":"2026-07-07T12:34:32.194Z"}
7/7/2026, 6:04:32 pm | {"api":"/api/cash-closing-dashboard","event":"CASH_CLOSING_DASHBOARD_QUERY_STARTED","filters":{"cluster":"","branch":"","fromDate":"","toDate":"","status":""},"timestamp":"2026-07-07T12:34:32.195Z"}
7/7/2026, 6:04:32 pm | {"api":"/api/cash-closing-dashboard","event":"CASH_CLOSING_DASHBOARD_DATA_FETCHED","totalRecords":56,"timestamp":"2026-07-07T12:34:32.200Z"}
7/7/2026, 6:04:32 pm | {"api":"/api/cash-closing-dashboard","event":"CASH_CLOSING_CLUSTER_FETCHED","totalClusters":4,"timestamp":"2026-07-07T12:34:32.204Z"}
7/7/2026, 6:04:32 pm | {"api":"/api/cash-closing-dashboard","event":"CASH_CLOSING_BRANCH_FETCHED","totalBranches":56,"timestamp":"2026-07-07T12:34:32.207Z"}
7/7/2026, 6:04:32 pm | {"api":"/api/cash-closing-dashboard","event":"CASH_CLOSING_DASHBOARD_SUCCESS","totalRecords":56,"filters":{"cluster":"","branch":"","fromDate":"","toDate":"","status":""},"timestamp":"2026-07-07T12:34:32.208Z"}
7/7/2026, 6:05:41 pm | {"api":"/api/cash-closing-dashboard","event":"CASH_CLOSING_DASHBOARD_API_STARTED","filters":{"cluster":"","branch":"","fromDate":"","toDate":"","status":""},"timestamp":"2026-07-07T12:35:41.865Z"}
7/7/2026, 6:05:41 pm | {"api":"/api/cash-closing-dashboard","event":"CASH_CLOSING_DASHBOARD_DB_CONNECTED","timestamp":"2026-07-07T12:35:41.866Z"}
7/7/2026, 6:05:41 pm | {"api":"/api/cash-closing-dashboard","event":"CASH_CLOSING_DASHBOARD_QUERY_STARTED","filters":{"cluster":"","branch":"","fromDate":"","toDate":"","status":""},"timestamp":"2026-07-07T12:35:41.867Z"}
7/7/2026, 6:05:41 pm | {"api":"/api/cash-closing-dashboard","event":"CASH_CLOSING_DASHBOARD_DATA_FETCHED","totalRecords":56,"timestamp":"2026-07-07T12:35:41.877Z"}
7/7/2026, 6:05:41 pm | {"api":"/api/cash-closing-dashboard","event":"CASH_CLOSING_CLUSTER_FETCHED","totalClusters":4,"timestamp":"2026-07-07T12:35:41.881Z"}
7/7/2026, 6:05:41 pm | {"api":"/api/cash-closing-dashboard","event":"CASH_CLOSING_BRANCH_FETCHED","totalBranches":56,"timestamp":"2026-07-07T12:35:41.885Z"}
7/7/2026, 6:05:41 pm | {"api":"/api/cash-closing-dashboard","event":"CASH_CLOSING_DASHBOARD_SUCCESS","totalRecords":56,"filters":{"cluster":"","branch":"","fromDate":"","toDate":"","status":""},"timestamp":"2026-07-07T12:35:41.885Z"}
7/7/2026, 6:05:41 pm | {"api":"/api/cash-closing-dashboard","event":"CASH_CLOSING_DASHBOARD_API_STARTED","filters":{"cluster":"","branch":"","fromDate":"","toDate":"","status":""},"timestamp":"2026-07-07T12:35:41.982Z"}
7/7/2026, 6:05:41 pm | {"api":"/api/cash-closing-dashboard","event":"CASH_CLOSING_DASHBOARD_DB_CONNECTED","timestamp":"2026-07-07T12:35:41.983Z"}
7/7/2026, 6:05:41 pm | {"api":"/api/cash-closing-dashboard","event":"CASH_CLOSING_DASHBOARD_QUERY_STARTED","filters":{"cluster":"","branch":"","fromDate":"","toDate":"","status":""},"timestamp":"2026-07-07T12:35:41.984Z"}
7/7/2026, 6:05:41 pm | {"api":"/api/cash-closing-dashboard","event":"CASH_CLOSING_DASHBOARD_DATA_FETCHED","totalRecords":56,"timestamp":"2026-07-07T12:35:41.991Z"}
7/7/2026, 6:05:41 pm | {"api":"/api/cash-closing-dashboard","event":"CASH_CLOSING_CLUSTER_FETCHED","totalClusters":4,"timestamp":"2026-07-07T12:35:41.994Z"}
7/7/2026, 6:05:41 pm | {"api":"/api/cash-closing-dashboard","event":"CASH_CLOSING_BRANCH_FETCHED","totalBranches":56,"timestamp":"2026-07-07T12:35:41.997Z"}
7/7/2026, 6:05:41 pm | {"api":"/api/cash-closing-dashboard","event":"CASH_CLOSING_DASHBOARD_SUCCESS","totalRecords":56,"filters":{"cluster":"","branch":"","fromDate":"","toDate":"","status":""},"timestamp":"2026-07-07T12:35:41.998Z"}
7/7/2026, 6:05:42 pm | {"api":"/api/cash-closing-dashboard","event":"CASH_CLOSING_DASHBOARD_API_STARTED","filters":{"cluster":"","branch":"","fromDate":"","toDate":"","status":""},"timestamp":"2026-07-07T12:35:42.143Z"}
7/7/2026, 6:05:42 pm | {"api":"/api/cash-closing-dashboard","event":"CASH_CLOSING_DASHBOARD_DB_CONNECTED","timestamp":"2026-07-07T12:35:42.144Z"}
7/7/2026, 6:05:42 pm | {"api":"/api/cash-closing-dashboard","event":"CASH_CLOSING_DASHBOARD_QUERY_STARTED","filters":{"cluster":"","branch":"","fromDate":"","toDate":"","status":""},"timestamp":"2026-07-07T12:35:42.145Z"}
7/7/2026, 6:05:42 pm | {"api":"/api/cash-closing-dashboard","event":"CASH_CLOSING_DASHBOARD_DATA_FETCHED","totalRecords":56,"timestamp":"2026-07-07T12:35:42.152Z"}
7/7/2026, 6:05:42 pm | {"api":"/api/cash-closing-dashboard","event":"CASH_CLOSING_CLUSTER_FETCHED","totalClusters":4,"timestamp":"2026-07-07T12:35:42.163Z"}
7/7/2026, 6:05:42 pm | {"api":"/api/cash-closing-dashboard","event":"CASH_CLOSING_BRANCH_FETCHED","totalBranches":56,"timestamp":"2026-07-07T12:35:42.167Z"}
7/7/2026, 6:05:42 pm | {"api":"/api/cash-closing-dashboard","event":"CASH_CLOSING_DASHBOARD_SUCCESS","totalRecords":56,"filters":{"cluster":"","branch":"","fromDate":"","toDate":"","status":""},"timestamp":"2026-07-07T12:35:42.167Z"}
7/7/2026, 6:05:42 pm | {"api":"/api/cash-closing-dashboard","event":"CASH_CLOSING_DASHBOARD_API_STARTED","filters":{"cluster":"","branch":"","fromDate":"","toDate":"","status":""},"timestamp":"2026-07-07T12:35:42.294Z"}
7/7/2026, 6:05:42 pm | {"api":"/api/cash-closing-dashboard","event":"CASH_CLOSING_DASHBOARD_DB_CONNECTED","timestamp":"2026-07-07T12:35:42.295Z"}
7/7/2026, 6:05:42 pm | {"api":"/api/cash-closing-dashboard","event":"CASH_CLOSING_DASHBOARD_QUERY_STARTED","filters":{"cluster":"","branch":"","fromDate":"","toDate":"","status":""},"timestamp":"2026-07-07T12:35:42.296Z"}
7/7/2026, 6:05:42 pm | {"api":"/api/cash-closing-dashboard","event":"CASH_CLOSING_DASHBOARD_DATA_FETCHED","totalRecords":56,"timestamp":"2026-07-07T12:35:42.303Z"}
7/7/2026, 6:05:42 pm | {"api":"/api/cash-closing-dashboard","event":"CASH_CLOSING_CLUSTER_FETCHED","totalClusters":4,"timestamp":"2026-07-07T12:35:42.306Z"}
7/7/2026, 6:05:42 pm | {"api":"/api/cash-closing-dashboard","event":"CASH_CLOSING_BRANCH_FETCHED","totalBranches":56,"timestamp":"2026-07-07T12:35:42.309Z"}
7/7/2026, 6:05:42 pm | {"api":"/api/cash-closing-dashboard","event":"CASH_CLOSING_DASHBOARD_SUCCESS","totalRecords":56,"filters":{"cluster":"","branch":"","fromDate":"","toDate":"","status":""},"timestamp":"2026-07-07T12:35:42.310Z"}
7/7/2026, 6:05:42 pm | {"api":"/api/cash-closing-dashboard","event":"CASH_CLOSING_DASHBOARD_API_STARTED","filters":{"cluster":"","branch":"","fromDate":"","toDate":"","status":""},"timestamp":"2026-07-07T12:35:42.432Z"}
7/7/2026, 6:05:42 pm | {"api":"/api/cash-closing-dashboard","event":"CASH_CLOSING_DASHBOARD_DB_CONNECTED","timestamp":"2026-07-07T12:35:42.432Z"}
7/7/2026, 6:05:42 pm | {"api":"/api/cash-closing-dashboard","event":"CASH_CLOSING_DASHBOARD_QUERY_STARTED","filters":{"cluster":"","branch":"","fromDate":"","toDate":"","status":""},"timestamp":"2026-07-07T12:35:42.433Z"}
7/7/2026, 6:05:42 pm | {"api":"/api/cash-closing-dashboard","event":"CASH_CLOSING_DASHBOARD_DATA_FETCHED","totalRecords":56,"timestamp":"2026-07-07T12:35:42.439Z"}
7/7/2026, 6:05:42 pm | {"api":"/api/cash-closing-dashboard","event":"CASH_CLOSING_CLUSTER_FETCHED","totalClusters":4,"timestamp":"2026-07-07T12:35:42.443Z"}
7/7/2026, 6:05:42 pm | {"api":"/api/cash-closing-dashboard","event":"CASH_CLOSING_BRANCH_FETCHED","totalBranches":56,"timestamp":"2026-07-07T12:35:42.447Z"}
7/7/2026, 6:05:42 pm | {"api":"/api/cash-closing-dashboard","event":"CASH_CLOSING_DASHBOARD_SUCCESS","totalRecords":56,"filters":{"cluster":"","branch":"","fromDate":"","toDate":"","status":""},"timestamp":"2026-07-07T12:35:42.448Z"}
7/7/2026, 6:05:42 pm | {"api":"/api/cash-closing-dashboard","event":"CASH_CLOSING_DASHBOARD_API_STARTED","filters":{"cluster":"","branch":"","fromDate":"","toDate":"","status":""},"timestamp":"2026-07-07T12:35:42.806Z"}
7/7/2026, 6:05:42 pm | {"api":"/api/cash-closing-dashboard","event":"CASH_CLOSING_DASHBOARD_DB_CONNECTED","timestamp":"2026-07-07T12:35:42.808Z"}
7/7/2026, 6:05:42 pm | {"api":"/api/cash-closing-dashboard","event":"CASH_CLOSING_DASHBOARD_QUERY_STARTED","filters":{"cluster":"","branch":"","fromDate":"","toDate":"","status":""},"timestamp":"2026-07-07T12:35:42.809Z"}
7/7/2026, 6:05:42 pm | {"api":"/api/cash-closing-dashboard","event":"CASH_CLOSING_DASHBOARD_DATA_FETCHED","totalRecords":56,"timestamp":"2026-07-07T12:35:42.815Z"}
7/7/2026, 6:05:42 pm | {"api":"/api/cash-closing-dashboard","event":"CASH_CLOSING_CLUSTER_FETCHED","totalClusters":4,"timestamp":"2026-07-07T12:35:42.821Z"}
7/7/2026, 6:05:42 pm | {"api":"/api/cash-closing-dashboard","event":"CASH_CLOSING_BRANCH_FETCHED","totalBranches":56,"timestamp":"2026-07-07T12:35:42.825Z"}
7/7/2026, 6:05:42 pm | {"api":"/api/cash-closing-dashboard","event":"CASH_CLOSING_DASHBOARD_SUCCESS","totalRecords":56,"filters":{"cluster":"","branch":"","fromDate":"","toDate":"","status":""},"timestamp":"2026-07-07T12:35:42.826Z"}
7/7/2026, 6:05:42 pm | {"api":"/api/cash-closing-dashboard","event":"CASH_CLOSING_DASHBOARD_API_STARTED","filters":{"cluster":"","branch":"","fromDate":"","toDate":"","status":""},"timestamp":"2026-07-07T12:35:42.967Z"}
7/7/2026, 6:05:42 pm | {"api":"/api/cash-closing-dashboard","event":"CASH_CLOSING_DASHBOARD_DB_CONNECTED","timestamp":"2026-07-07T12:35:42.968Z"}
7/7/2026, 6:05:42 pm | {"api":"/api/cash-closing-dashboard","event":"CASH_CLOSING_DASHBOARD_QUERY_STARTED","filters":{"cluster":"","branch":"","fromDate":"","toDate":"","status":""},"timestamp":"2026-07-07T12:35:42.969Z"}
7/7/2026, 6:05:42 pm | {"api":"/api/cash-closing-dashboard","event":"CASH_CLOSING_DASHBOARD_DATA_FETCHED","totalRecords":56,"timestamp":"2026-07-07T12:35:42.976Z"}
7/7/2026, 6:05:42 pm | {"api":"/api/cash-closing-dashboard","event":"CASH_CLOSING_CLUSTER_FETCHED","totalClusters":4,"timestamp":"2026-07-07T12:35:42.980Z"}
7/7/2026, 6:05:42 pm | {"api":"/api/cash-closing-dashboard","event":"CASH_CLOSING_BRANCH_FETCHED","totalBranches":56,"timestamp":"2026-07-07T12:35:42.984Z"}
7/7/2026, 6:05:42 pm | {"api":"/api/cash-closing-dashboard","event":"CASH_CLOSING_DASHBOARD_SUCCESS","totalRecords":56,"filters":{"cluster":"","branch":"","fromDate":"","toDate":"","status":""},"timestamp":"2026-07-07T12:35:42.985Z"}
7/7/2026, 6:05:43 pm | {"api":"/api/cash-closing-dashboard","event":"CASH_CLOSING_DASHBOARD_API_STARTED","filters":{"cluster":"","branch":"","fromDate":"","toDate":"","status":""},"timestamp":"2026-07-07T12:35:43.110Z"}
7/7/2026, 6:05:43 pm | {"api":"/api/cash-closing-dashboard","event":"CASH_CLOSING_DASHBOARD_DB_CONNECTED","timestamp":"2026-07-07T12:35:43.111Z"}
7/7/2026, 6:05:43 pm | {"api":"/api/cash-closing-dashboard","event":"CASH_CLOSING_DASHBOARD_QUERY_STARTED","filters":{"cluster":"","branch":"","fromDate":"","toDate":"","status":""},"timestamp":"2026-07-07T12:35:43.112Z"}
7/7/2026, 6:05:43 pm | {"api":"/api/cash-closing-dashboard","event":"CASH_CLOSING_DASHBOARD_DATA_FETCHED","totalRecords":56,"timestamp":"2026-07-07T12:35:43.120Z"}
7/7/2026, 6:05:43 pm | {"api":"/api/cash-closing-dashboard","event":"CASH_CLOSING_CLUSTER_FETCHED","totalClusters":4,"timestamp":"2026-07-07T12:35:43.123Z"}
7/7/2026, 6:05:43 pm | {"api":"/api/cash-closing-dashboard","event":"CASH_CLOSING_BRANCH_FETCHED","totalBranches":56,"timestamp":"2026-07-07T12:35:43.128Z"}
7/7/2026, 6:05:43 pm | {"api":"/api/cash-closing-dashboard","event":"CASH_CLOSING_DASHBOARD_SUCCESS","totalRecords":56,"filters":{"cluster":"","branch":"","fromDate":"","toDate":"","status":""},"timestamp":"2026-07-07T12:35:43.129Z"}
7/7/2026, 6:05:43 pm | {"api":"/api/cash-closing-dashboard","event":"CASH_CLOSING_DASHBOARD_API_STARTED","filters":{"cluster":"","branch":"","fromDate":"","toDate":"","status":""},"timestamp":"2026-07-07T12:35:43.352Z"}
7/7/2026, 6:05:43 pm | {"api":"/api/cash-closing-dashboard","event":"CASH_CLOSING_DASHBOARD_DB_CONNECTED","timestamp":"2026-07-07T12:35:43.353Z"}
7/7/2026, 6:05:43 pm | {"api":"/api/cash-closing-dashboard","event":"CASH_CLOSING_DASHBOARD_QUERY_STARTED","filters":{"cluster":"","branch":"","fromDate":"","toDate":"","status":""},"timestamp":"2026-07-07T12:35:43.353Z"}
7/7/2026, 6:05:43 pm | {"api":"/api/cash-closing-dashboard","event":"CASH_CLOSING_DASHBOARD_DATA_FETCHED","totalRecords":56,"timestamp":"2026-07-07T12:35:43.360Z"}
7/7/2026, 6:05:43 pm | {"api":"/api/cash-closing-dashboard","event":"CASH_CLOSING_CLUSTER_FETCHED","totalClusters":4,"timestamp":"2026-07-07T12:35:43.365Z"}
7/7/2026, 6:05:43 pm | {"api":"/api/cash-closing-dashboard","event":"CASH_CLOSING_BRANCH_FETCHED","totalBranches":56,"timestamp":"2026-07-07T12:35:43.369Z"}
7/7/2026, 6:05:43 pm | {"api":"/api/cash-closing-dashboard","event":"CASH_CLOSING_DASHBOARD_SUCCESS","totalRecords":56,"filters":{"cluster":"","branch":"","fromDate":"","toDate":"","status":""},"timestamp":"2026-07-07T12:35:43.370Z"}
7/7/2026, 6:05:43 pm | {"api":"/api/cash-closing-dashboard","event":"CASH_CLOSING_DASHBOARD_API_STARTED","filters":{"cluster":"","branch":"","fromDate":"","toDate":"","status":""},"timestamp":"2026-07-07T12:35:43.486Z"}
7/7/2026, 6:05:43 pm | {"api":"/api/cash-closing-dashboard","event":"CASH_CLOSING_DASHBOARD_DB_CONNECTED","timestamp":"2026-07-07T12:35:43.487Z"}
7/7/2026, 6:05:43 pm | {"api":"/api/cash-closing-dashboard","event":"CASH_CLOSING_DASHBOARD_QUERY_STARTED","filters":{"cluster":"","branch":"","fromDate":"","toDate":"","status":""},"timestamp":"2026-07-07T12:35:43.488Z"}
7/7/2026, 6:05:43 pm | {"api":"/api/cash-closing-dashboard","event":"CASH_CLOSING_DASHBOARD_DATA_FETCHED","totalRecords":56,"timestamp":"2026-07-07T12:35:43.495Z"}
7/7/2026, 6:05:43 pm | {"api":"/api/cash-closing-dashboard","event":"CASH_CLOSING_CLUSTER_FETCHED","totalClusters":4,"timestamp":"2026-07-07T12:35:43.499Z"}
7/7/2026, 6:05:43 pm | {"api":"/api/cash-closing-dashboard","event":"CASH_CLOSING_BRANCH_FETCHED","totalBranches":56,"timestamp":"2026-07-07T12:35:43.503Z"}
7/7/2026, 6:05:43 pm | {"api":"/api/cash-closing-dashboard","event":"CASH_CLOSING_DASHBOARD_SUCCESS","totalRecords":56,"filters":{"cluster":"","branch":"","fromDate":"","toDate":"","status":""},"timestamp":"2026-07-07T12:35:43.503Z"}
7/7/2026, 6:05:43 pm | {"api":"/api/cash-closing-dashboard","event":"CASH_CLOSING_DASHBOARD_API_STARTED","filters":{"cluster":"","branch":"","fromDate":"","toDate":"","status":""},"timestamp":"2026-07-07T12:35:43.632Z"}
7/7/2026, 6:05:43 pm | {"api":"/api/cash-closing-dashboard","event":"CASH_CLOSING_DASHBOARD_DB_CONNECTED","timestamp":"2026-07-07T12:35:43.633Z"}
7/7/2026, 6:05:43 pm | {"api":"/api/cash-closing-dashboard","event":"CASH_CLOSING_DASHBOARD_QUERY_STARTED","filters":{"cluster":"","branch":"","fromDate":"","toDate":"","status":""},"timestamp":"2026-07-07T12:35:43.633Z"}
7/7/2026, 6:05:43 pm | {"api":"/api/cash-closing-dashboard","event":"CASH_CLOSING_DASHBOARD_DATA_FETCHED","totalRecords":56,"timestamp":"2026-07-07T12:35:43.640Z"}
7/7/2026, 6:05:43 pm | {"api":"/api/cash-closing-dashboard","event":"CASH_CLOSING_CLUSTER_FETCHED","totalClusters":4,"timestamp":"2026-07-07T12:35:43.643Z"}
7/7/2026, 6:05:43 pm | {"api":"/api/cash-closing-dashboard","event":"CASH_CLOSING_BRANCH_FETCHED","totalBranches":56,"timestamp":"2026-07-07T12:35:43.646Z"}
7/7/2026, 6:05:43 pm | {"api":"/api/cash-closing-dashboard","event":"CASH_CLOSING_DASHBOARD_SUCCESS","totalRecords":56,"filters":{"cluster":"","branch":"","fromDate":"","toDate":"","status":""},"timestamp":"2026-07-07T12:35:43.647Z"}
7/7/2026, 6:05:49 pm | {"api":"/login","event":"LOGIN_API_STARTED","mpin":"3456","deviceId":"b374229bdeaa166f","timestamp":"2026-07-07T12:35:49.472Z"}
7/7/2026, 6:05:49 pm | {"event":"LOGIN_REQUEST","mpin":"3456","deviceId":"b374229bdeaa166f","timestamp":"2026-07-07T12:35:49.473Z"}
7/7/2026, 6:05:49 pm | {"api":"/login","event":"LOGIN_DB_QUERY_STARTED","mpin":"3456","timestamp":"2026-07-07T12:35:49.474Z"}
7/7/2026, 6:05:49 pm | {"api":"/login","event":"LOGIN_USER_FOUND","empNo":"129","branch":"Guntur","designation":"Branch Manager","timestamp":"2026-07-07T12:35:49.480Z"}
7/7/2026, 6:05:49 pm | {"api":"/login","event":"LOGIN_DEVICE_CHECK","empNo":"129","savedDevice":"b374229bdeaa166f","currentDevice":"b374229bdeaa166f","timestamp":"2026-07-07T12:35:49.480Z"}
7/7/2026, 6:05:49 pm | {"api":"/login","event":"LOGIN_SUCCESS","empNo":"129","branch":"Guntur","designation":"Branch Manager","loginTime":"2026-07-07T12:35:49.487Z"}
7/7/2026, 6:05:50 pm | {"api":"/employee/:empNo","event":"EMPLOYEE_API_STARTED","empNo":"129","timestamp":"2026-07-07T12:35:50.207Z"}
7/7/2026, 6:05:50 pm | {"api":"/employee/:empNo","event":"EMPLOYEE_DB_QUERY_STARTED","empNo":"129","timestamp":"2026-07-07T12:35:50.209Z"}
7/7/2026, 6:05:50 pm | {"api":"/employee/:empNo","event":"EMPLOYEE_FETCH_SUCCESS","empNo":"129","employeeName":"Sk. Gouse Basha","branch":"Guntur","designation":"Branch Manager","timestamp":"2026-07-07T12:35:50.213Z"}
7/7/2026, 6:05:50 pm | {"api":"/last-submission/:empNo","event":"LAST_SUBMISSION_API_STARTED","empNo":"129","timestamp":"2026-07-07T12:35:50.377Z"}
7/7/2026, 6:05:50 pm | {"api":"/last-submission/:empNo","event":"LAST_SUBMISSION_DB_QUERY_STARTED","empNo":"129","timestamp":"2026-07-07T12:35:50.378Z"}
7/7/2026, 6:05:50 pm | {"api":"/last-submission/:empNo","event":"LAST_SUBMISSION_FETCH_SUCCESS","empNo":"129","amount":1459450,"actionAt":"2026-07-06 18:19:10","timestamp":"2026-07-07T12:35:50.384Z"}
7/7/2026, 6:05:50 pm | {"api":"/today-cash/:empNo","event":"TODAY_CASH_API_STARTED","empNo":"129","timestamp":"2026-07-07T12:35:50.513Z"}
7/7/2026, 6:05:50 pm | {"api":"/today-cash/:empNo","event":"TODAY_CASH_DB_QUERY_STARTED","empNo":"129","timestamp":"2026-07-07T12:35:50.514Z"}
7/7/2026, 6:05:50 pm | {"api":"/today-cash/:empNo","event":"TODAY_CASH_NOT_FOUND","empNo":"129","timestamp":"2026-07-07T12:35:50.519Z"}
7/7/2026, 6:05:52 pm | {"api":"/api/cash-closing-dashboard","event":"CASH_CLOSING_DASHBOARD_API_STARTED","filters":{"cluster":"","branch":"","fromDate":"","toDate":"","status":""},"timestamp":"2026-07-07T12:35:52.381Z"}
7/7/2026, 6:05:52 pm | {"api":"/api/cash-closing-dashboard","event":"CASH_CLOSING_DASHBOARD_DB_CONNECTED","timestamp":"2026-07-07T12:35:52.382Z"}
7/7/2026, 6:05:52 pm | {"api":"/api/cash-closing-dashboard","event":"CASH_CLOSING_DASHBOARD_QUERY_STARTED","filters":{"cluster":"","branch":"","fromDate":"","toDate":"","status":""},"timestamp":"2026-07-07T12:35:52.383Z"}
7/7/2026, 6:05:52 pm | {"api":"/api/cash-closing-dashboard","event":"CASH_CLOSING_DASHBOARD_DATA_FETCHED","totalRecords":56,"timestamp":"2026-07-07T12:35:52.390Z"}
7/7/2026, 6:05:52 pm | {"api":"/api/cash-closing-dashboard","event":"CASH_CLOSING_CLUSTER_FETCHED","totalClusters":4,"timestamp":"2026-07-07T12:35:52.393Z"}
7/7/2026, 6:05:52 pm | {"api":"/api/cash-closing-dashboard","event":"CASH_CLOSING_BRANCH_FETCHED","totalBranches":56,"timestamp":"2026-07-07T12:35:52.397Z"}
7/7/2026, 6:05:52 pm | {"api":"/api/cash-closing-dashboard","event":"CASH_CLOSING_DASHBOARD_SUCCESS","totalRecords":56,"filters":{"cluster":"","branch":"","fromDate":"","toDate":"","status":""},"timestamp":"2026-07-07T12:35:52.397Z"}
7/7/2026, 6:05:52 pm | {"api":"/api/cash-closing-dashboard","event":"CASH_CLOSING_DASHBOARD_API_STARTED","filters":{"cluster":"","branch":"","fromDate":"","toDate":"","status":""},"timestamp":"2026-07-07T12:35:52.510Z"}
7/7/2026, 6:05:52 pm | {"api":"/api/cash-closing-dashboard","event":"CASH_CLOSING_DASHBOARD_DB_CONNECTED","timestamp":"2026-07-07T12:35:52.511Z"}
7/7/2026, 6:05:52 pm | {"api":"/api/cash-closing-dashboard","event":"CASH_CLOSING_DASHBOARD_QUERY_STARTED","filters":{"cluster":"","branch":"","fromDate":"","toDate":"","status":""},"timestamp":"2026-07-07T12:35:52.512Z"}
7/7/2026, 6:05:52 pm | {"api":"/api/cash-closing-dashboard","event":"CASH_CLOSING_DASHBOARD_DATA_FETCHED","totalRecords":56,"timestamp":"2026-07-07T12:35:52.518Z"}
7/7/2026, 6:05:52 pm | {"api":"/api/cash-closing-dashboard","event":"CASH_CLOSING_CLUSTER_FETCHED","totalClusters":4,"timestamp":"2026-07-07T12:35:52.523Z"}
7/7/2026, 6:05:52 pm | {"api":"/api/cash-closing-dashboard","event":"CASH_CLOSING_BRANCH_FETCHED","totalBranches":56,"timestamp":"2026-07-07T12:35:52.526Z"}
7/7/2026, 6:05:52 pm | {"api":"/api/cash-closing-dashboard","event":"CASH_CLOSING_DASHBOARD_SUCCESS","totalRecords":56,"filters":{"cluster":"","branch":"","fromDate":"","toDate":"","status":""},"timestamp":"2026-07-07T12:35:52.527Z"}
7/7/2026, 6:05:52 pm | {"api":"/api/cash-closing-dashboard","event":"CASH_CLOSING_DASHBOARD_API_STARTED","filters":{"cluster":"","branch":"","fromDate":"","toDate":"","status":""},"timestamp":"2026-07-07T12:35:52.712Z"}
7/7/2026, 6:05:52 pm | {"api":"/api/cash-closing-dashboard","event":"CASH_CLOSING_DASHBOARD_DB_CONNECTED","timestamp":"2026-07-07T12:35:52.713Z"}
7/7/2026, 6:05:52 pm | {"api":"/api/cash-closing-dashboard","event":"CASH_CLOSING_DASHBOARD_QUERY_STARTED","filters":{"cluster":"","branch":"","fromDate":"","toDate":"","status":""},"timestamp":"2026-07-07T12:35:52.713Z"}
7/7/2026, 6:05:52 pm | {"api":"/api/cash-closing-dashboard","event":"CASH_CLOSING_DASHBOARD_DATA_FETCHED","totalRecords":56,"timestamp":"2026-07-07T12:35:52.720Z"}
7/7/2026, 6:05:52 pm | {"api":"/api/cash-closing-dashboard","event":"CASH_CLOSING_CLUSTER_FETCHED","totalClusters":4,"timestamp":"2026-07-07T12:35:52.724Z"}
7/7/2026, 6:05:52 pm | {"api":"/api/cash-closing-dashboard","event":"CASH_CLOSING_BRANCH_FETCHED","totalBranches":56,"timestamp":"2026-07-07T12:35:52.727Z"}
7/7/2026, 6:05:52 pm | {"api":"/api/cash-closing-dashboard","event":"CASH_CLOSING_DASHBOARD_SUCCESS","totalRecords":56,"filters":{"cluster":"","branch":"","fromDate":"","toDate":"","status":""},"timestamp":"2026-07-07T12:35:52.728Z"}
7/7/2026, 6:05:52 pm | {"api":"/api/cash-closing-dashboard","event":"CASH_CLOSING_DASHBOARD_API_STARTED","filters":{"cluster":"","branch":"","fromDate":"","toDate":"","status":""},"timestamp":"2026-07-07T12:35:52.878Z"}
7/7/2026, 6:05:52 pm | {"api":"/api/cash-closing-dashboard","event":"CASH_CLOSING_DASHBOARD_DB_CONNECTED","timestamp":"2026-07-07T12:35:52.879Z"}
7/7/2026, 6:05:52 pm | {"api":"/api/cash-closing-dashboard","event":"CASH_CLOSING_DASHBOARD_QUERY_STARTED","filters":{"cluster":"","branch":"","fromDate":"","toDate":"","status":""},"timestamp":"2026-07-07T12:35:52.880Z"}
7/7/2026, 6:05:52 pm | {"api":"/api/cash-closing-dashboard","event":"CASH_CLOSING_DASHBOARD_DATA_FETCHED","totalRecords":56,"timestamp":"2026-07-07T12:35:52.886Z"}
7/7/2026, 6:05:52 pm | {"api":"/api/cash-closing-dashboard","event":"CASH_CLOSING_CLUSTER_FETCHED","totalClusters":4,"timestamp":"2026-07-07T12:35:52.890Z"}
7/7/2026, 6:05:52 pm | {"api":"/api/cash-closing-dashboard","event":"CASH_CLOSING_BRANCH_FETCHED","totalBranches":56,"timestamp":"2026-07-07T12:35:52.893Z"}
7/7/2026, 6:05:52 pm | {"api":"/api/cash-closing-dashboard","event":"CASH_CLOSING_DASHBOARD_SUCCESS","totalRecords":56,"filters":{"cluster":"","branch":"","fromDate":"","toDate":"","status":""},"timestamp":"2026-07-07T12:35:52.894Z"}
7/7/2026, 6:05:53 pm | {"api":"/api/cash-closing-dashboard","event":"CASH_CLOSING_DASHBOARD_API_STARTED","filters":{"cluster":"","branch":"","fromDate":"","toDate":"","status":""},"timestamp":"2026-07-07T12:35:53.040Z"}
7/7/2026, 6:05:53 pm | {"api":"/api/cash-closing-dashboard","event":"CASH_CLOSING_DASHBOARD_DB_CONNECTED","timestamp":"2026-07-07T12:35:53.040Z"}
7/7/2026, 6:05:53 pm | {"api":"/api/cash-closing-dashboard","event":"CASH_CLOSING_DASHBOARD_QUERY_STARTED","filters":{"cluster":"","branch":"","fromDate":"","toDate":"","status":""},"timestamp":"2026-07-07T12:35:53.041Z"}
7/7/2026, 6:05:53 pm | {"api":"/api/cash-closing-dashboard","event":"CASH_CLOSING_DASHBOARD_DATA_FETCHED","totalRecords":56,"timestamp":"2026-07-07T12:35:53.047Z"}
7/7/2026, 6:05:53 pm | {"api":"/api/cash-closing-dashboard","event":"CASH_CLOSING_CLUSTER_FETCHED","totalClusters":4,"timestamp":"2026-07-07T12:35:53.050Z"}
7/7/2026, 6:05:53 pm | {"api":"/api/cash-closing-dashboard","event":"CASH_CLOSING_BRANCH_FETCHED","totalBranches":56,"timestamp":"2026-07-07T12:35:53.053Z"}
7/7/2026, 6:05:53 pm | {"api":"/api/cash-closing-dashboard","event":"CASH_CLOSING_DASHBOARD_SUCCESS","totalRecords":56,"filters":{"cluster":"","branch":"","fromDate":"","toDate":"","status":""},"timestamp":"2026-07-07T12:35:53.054Z"}
7/7/2026, 6:05:53 pm | {"api":"/api/cash-closing-dashboard","event":"CASH_CLOSING_DASHBOARD_API_STARTED","filters":{"cluster":"","branch":"","fromDate":"","toDate":"","status":""},"timestamp":"2026-07-07T12:35:53.182Z"}
7/7/2026, 6:05:53 pm | {"api":"/api/cash-closing-dashboard","event":"CASH_CLOSING_DASHBOARD_DB_CONNECTED","timestamp":"2026-07-07T12:35:53.185Z"}
7/7/2026, 6:05:53 pm | {"api":"/api/cash-closing-dashboard","event":"CASH_CLOSING_DASHBOARD_QUERY_STARTED","filters":{"cluster":"","branch":"","fromDate":"","toDate":"","status":""},"timestamp":"2026-07-07T12:35:53.186Z"}
7/7/2026, 6:05:53 pm | {"api":"/api/cash-closing-dashboard","event":"CASH_CLOSING_DASHBOARD_DATA_FETCHED","totalRecords":56,"timestamp":"2026-07-07T12:35:53.193Z"}
7/7/2026, 6:05:53 pm | {"api":"/api/cash-closing-dashboard","event":"CASH_CLOSING_CLUSTER_FETCHED","totalClusters":4,"timestamp":"2026-07-07T12:35:53.196Z"}
7/7/2026, 6:05:53 pm | {"api":"/api/cash-closing-dashboard","event":"CASH_CLOSING_BRANCH_FETCHED","totalBranches":56,"timestamp":"2026-07-07T12:35:53.200Z"}
7/7/2026, 6:05:53 pm | {"api":"/api/cash-closing-dashboard","event":"CASH_CLOSING_DASHBOARD_SUCCESS","totalRecords":56,"filters":{"cluster":"","branch":"","fromDate":"","toDate":"","status":""},"timestamp":"2026-07-07T12:35:53.201Z"}
7/7/2026, 6:05:53 pm | {"api":"/api/cash-closing-dashboard","event":"CASH_CLOSING_DASHBOARD_API_STARTED","filters":{"cluster":"","branch":"","fromDate":"","toDate":"","status":""},"timestamp":"2026-07-07T12:35:53.326Z"}
7/7/2026, 6:05:53 pm | {"api":"/api/cash-closing-dashboard","event":"CASH_CLOSING_DASHBOARD_DB_CONNECTED","timestamp":"2026-07-07T12:35:53.327Z"}
7/7/2026, 6:05:53 pm | {"api":"/api/cash-closing-dashboard","event":"CASH_CLOSING_DASHBOARD_QUERY_STARTED","filters":{"cluster":"","branch":"","fromDate":"","toDate":"","status":""},"timestamp":"2026-07-07T12:35:53.328Z"}
7/7/2026, 6:05:53 pm | {"api":"/api/cash-closing-dashboard","event":"CASH_CLOSING_DASHBOARD_DATA_FETCHED","totalRecords":56,"timestamp":"2026-07-07T12:35:53.335Z"}
7/7/2026, 6:05:53 pm | {"api":"/api/cash-closing-dashboard","event":"CASH_CLOSING_CLUSTER_FETCHED","totalClusters":4,"timestamp":"2026-07-07T12:35:53.338Z"}
7/7/2026, 6:05:53 pm | {"api":"/api/cash-closing-dashboard","event":"CASH_CLOSING_BRANCH_FETCHED","totalBranches":56,"timestamp":"2026-07-07T12:35:53.342Z"}
7/7/2026, 6:05:53 pm | {"api":"/api/cash-closing-dashboard","event":"CASH_CLOSING_DASHBOARD_SUCCESS","totalRecords":56,"filters":{"cluster":"","branch":"","fromDate":"","toDate":"","status":""},"timestamp":"2026-07-07T12:35:53.343Z"}
7/7/2026, 6:06:06 pm | {"api":"/save-cash-closing","event":"SAVE_CASH_API_STARTED","empNo":"129","amount":"1981783","timestamp":"2026-07-07T12:36:06.908Z"}
7/7/2026, 6:06:06 pm | {"api":"/save-cash-closing","event":"PREVIOUS_DAY_RECORD_FOUND","empNo":"129","oldDate":"2026-07-06T00:00:00.000Z","amount":1459450,"timestamp":"2026-07-07T12:36:06.919Z"}
7/7/2026, 6:06:06 pm | {"api":"/save-cash-closing","event":"PREVIOUS_DAY_MOVED_TO_HISTORY","empNo":"129","timestamp":"2026-07-07T12:36:06.933Z"}
7/7/2026, 6:06:06 pm | {"api":"/save-cash-closing","event":"PREVIOUS_DAY_DELETED","empNo":"129","timestamp":"2026-07-07T12:36:06.941Z"}
7/7/2026, 6:06:06 pm | {"api":"/save-cash-closing","event":"SAVE_CASH_NEW_ENTRY","empNo":"129","amount":"1981783","branch":"Guntur","timestamp":"2026-07-07T12:36:06.944Z"}
7/7/2026, 6:06:06 pm | {"api":"/save-cash-closing","event":"SAVE_CASH_HISTORY_INSERTED","empNo":"129","actionType":"ADDED","version":1,"timestamp":"2026-07-07T12:36:06.957Z"}
7/7/2026, 6:06:06 pm | {"api":"/save-cash-closing","event":"SAVE_CASH_SUCCESS","type":"INSERT","empNo":"129","amount":"1981783","timestamp":"2026-07-07T12:36:06.958Z"}
7/7/2026, 6:06:50 pm | {"api":"/api/cash-closing-dashboard","event":"CASH_CLOSING_DASHBOARD_API_STARTED","filters":{"cluster":"","branch":"","fromDate":"","toDate":"","status":""},"timestamp":"2026-07-07T12:36:50.029Z"}
7/7/2026, 6:06:50 pm | {"api":"/api/cash-closing-dashboard","event":"CASH_CLOSING_DASHBOARD_DB_CONNECTED","timestamp":"2026-07-07T12:36:50.030Z"}
7/7/2026, 6:06:50 pm | {"api":"/api/cash-closing-dashboard","event":"CASH_CLOSING_DASHBOARD_QUERY_STARTED","filters":{"cluster":"","branch":"","fromDate":"","toDate":"","status":""},"timestamp":"2026-07-07T12:36:50.030Z"}
7/7/2026, 6:06:50 pm | {"api":"/api/cash-closing-dashboard","event":"CASH_CLOSING_DASHBOARD_DATA_FETCHED","totalRecords":56,"timestamp":"2026-07-07T12:36:50.042Z"}
7/7/2026, 6:06:50 pm | {"api":"/api/cash-closing-dashboard","event":"CASH_CLOSING_CLUSTER_FETCHED","totalClusters":4,"timestamp":"2026-07-07T12:36:50.045Z"}
7/7/2026, 6:06:50 pm | {"api":"/api/cash-closing-dashboard","event":"CASH_CLOSING_BRANCH_FETCHED","totalBranches":56,"timestamp":"2026-07-07T12:36:50.049Z"}
7/7/2026, 6:06:50 pm | {"api":"/api/cash-closing-dashboard","event":"CASH_CLOSING_DASHBOARD_SUCCESS","totalRecords":56,"filters":{"cluster":"","branch":"","fromDate":"","toDate":"","status":""},"timestamp":"2026-07-07T12:36:50.050Z"}
7/7/2026, 6:06:50 pm | {"api":"/api/cash-closing-dashboard","event":"CASH_CLOSING_DASHBOARD_API_STARTED","filters":{"cluster":"","branch":"","fromDate":"","toDate":"","status":""},"timestamp":"2026-07-07T12:36:50.168Z"}
7/7/2026, 6:06:50 pm | {"api":"/api/cash-closing-dashboard","event":"CASH_CLOSING_DASHBOARD_DB_CONNECTED","timestamp":"2026-07-07T12:36:50.169Z"}
7/7/2026, 6:06:50 pm | {"api":"/api/cash-closing-dashboard","event":"CASH_CLOSING_DASHBOARD_QUERY_STARTED","filters":{"cluster":"","branch":"","fromDate":"","toDate":"","status":""},"timestamp":"2026-07-07T12:36:50.169Z"}
7/7/2026, 6:06:50 pm | {"api":"/api/cash-closing-dashboard","event":"CASH_CLOSING_DASHBOARD_DATA_FETCHED","totalRecords":56,"timestamp":"2026-07-07T12:36:50.176Z"}
7/7/2026, 6:06:50 pm | {"api":"/api/cash-closing-dashboard","event":"CASH_CLOSING_CLUSTER_FETCHED","totalClusters":4,"timestamp":"2026-07-07T12:36:50.179Z"}
7/7/2026, 6:06:50 pm | {"api":"/api/cash-closing-dashboard","event":"CASH_CLOSING_BRANCH_FETCHED","totalBranches":56,"timestamp":"2026-07-07T12:36:50.182Z"}
7/7/2026, 6:06:50 pm | {"api":"/api/cash-closing-dashboard","event":"CASH_CLOSING_DASHBOARD_SUCCESS","totalRecords":56,"filters":{"cluster":"","branch":"","fromDate":"","toDate":"","status":""},"timestamp":"2026-07-07T12:36:50.183Z"}
7/7/2026, 6:06:50 pm | {"api":"/api/cash-closing-dashboard","event":"CASH_CLOSING_DASHBOARD_API_STARTED","filters":{"cluster":"","branch":"","fromDate":"","toDate":"","status":""},"timestamp":"2026-07-07T12:36:50.320Z"}
7/7/2026, 6:06:50 pm | {"api":"/api/cash-closing-dashboard","event":"CASH_CLOSING_DASHBOARD_DB_CONNECTED","timestamp":"2026-07-07T12:36:50.321Z"}
7/7/2026, 6:06:50 pm | {"api":"/api/cash-closing-dashboard","event":"CASH_CLOSING_DASHBOARD_QUERY_STARTED","filters":{"cluster":"","branch":"","fromDate":"","toDate":"","status":""},"timestamp":"2026-07-07T12:36:50.322Z"}
7/7/2026, 6:06:50 pm | {"api":"/api/cash-closing-dashboard","event":"CASH_CLOSING_DASHBOARD_DATA_FETCHED","totalRecords":56,"timestamp":"2026-07-07T12:36:50.328Z"}
7/7/2026, 6:06:50 pm | {"api":"/api/cash-closing-dashboard","event":"CASH_CLOSING_CLUSTER_FETCHED","totalClusters":4,"timestamp":"2026-07-07T12:36:50.331Z"}
7/7/2026, 6:06:50 pm | {"api":"/api/cash-closing-dashboard","event":"CASH_CLOSING_BRANCH_FETCHED","totalBranches":56,"timestamp":"2026-07-07T12:36:50.335Z"}
7/7/2026, 6:06:50 pm | {"api":"/api/cash-closing-dashboard","event":"CASH_CLOSING_DASHBOARD_SUCCESS","totalRecords":56,"filters":{"cluster":"","branch":"","fromDate":"","toDate":"","status":""},"timestamp":"2026-07-07T12:36:50.336Z"}
7/7/2026, 6:07:11 pm | {"api":"/api/cash-closing-dashboard","event":"CASH_CLOSING_DASHBOARD_API_STARTED","filters":{"cluster":"","branch":"","fromDate":"","toDate":"","status":""},"timestamp":"2026-07-07T12:37:11.503Z"}
7/7/2026, 6:07:11 pm | {"api":"/api/cash-closing-dashboard","event":"CASH_CLOSING_DASHBOARD_DB_CONNECTED","timestamp":"2026-07-07T12:37:11.504Z"}
7/7/2026, 6:07:11 pm | {"api":"/api/cash-closing-dashboard","event":"CASH_CLOSING_DASHBOARD_QUERY_STARTED","filters":{"cluster":"","branch":"","fromDate":"","toDate":"","status":""},"timestamp":"2026-07-07T12:37:11.505Z"}
7/7/2026, 6:07:11 pm | {"api":"/api/cash-closing-dashboard","event":"CASH_CLOSING_DASHBOARD_DATA_FETCHED","totalRecords":56,"timestamp":"2026-07-07T12:37:11.511Z"}
7/7/2026, 6:07:11 pm | {"api":"/api/cash-closing-dashboard","event":"CASH_CLOSING_CLUSTER_FETCHED","totalClusters":4,"timestamp":"2026-07-07T12:37:11.515Z"}
7/7/2026, 6:07:11 pm | {"api":"/api/cash-closing-dashboard","event":"CASH_CLOSING_BRANCH_FETCHED","totalBranches":56,"timestamp":"2026-07-07T12:37:11.518Z"}
7/7/2026, 6:07:11 pm | {"api":"/api/cash-closing-dashboard","event":"CASH_CLOSING_DASHBOARD_SUCCESS","totalRecords":56,"filters":{"cluster":"","branch":"","fromDate":"","toDate":"","status":""},"timestamp":"2026-07-07T12:37:11.519Z"}
7/7/2026, 6:07:11 pm | {"api":"/api/cash-closing-dashboard","event":"CASH_CLOSING_DASHBOARD_API_STARTED","filters":{"cluster":"","branch":"","fromDate":"","toDate":"","status":""},"timestamp":"2026-07-07T12:37:11.575Z"}
7/7/2026, 6:07:11 pm | {"api":"/api/cash-closing-dashboard","event":"CASH_CLOSING_DASHBOARD_DB_CONNECTED","timestamp":"2026-07-07T12:37:11.576Z"}
7/7/2026, 6:07:11 pm | {"api":"/api/cash-closing-dashboard","event":"CASH_CLOSING_DASHBOARD_QUERY_STARTED","filters":{"cluster":"","branch":"","fromDate":"","toDate":"","status":""},"timestamp":"2026-07-07T12:37:11.577Z"}
7/7/2026, 6:07:11 pm | {"api":"/api/cash-closing-dashboard","event":"CASH_CLOSING_DASHBOARD_DATA_FETCHED","totalRecords":56,"timestamp":"2026-07-07T12:37:11.582Z"}
7/7/2026, 6:07:11 pm | {"api":"/api/cash-closing-dashboard","event":"CASH_CLOSING_CLUSTER_FETCHED","totalClusters":4,"timestamp":"2026-07-07T12:37:11.586Z"}
7/7/2026, 6:07:11 pm | {"api":"/api/cash-closing-dashboard","event":"CASH_CLOSING_BRANCH_FETCHED","totalBranches":56,"timestamp":"2026-07-07T12:37:11.590Z"}
7/7/2026, 6:07:11 pm | {"api":"/api/cash-closing-dashboard","event":"CASH_CLOSING_DASHBOARD_SUCCESS","totalRecords":56,"filters":{"cluster":"","branch":"","fromDate":"","toDate":"","status":""},"timestamp":"2026-07-07T12:37:11.591Z"}
7/7/2026, 6:07:11 pm | {"api":"/api/cash-closing-dashboard","event":"CASH_CLOSING_DASHBOARD_API_STARTED","filters":{"cluster":"","branch":"","fromDate":"","toDate":"","status":""},"timestamp":"2026-07-07T12:37:11.701Z"}
7/7/2026, 6:07:11 pm | {"api":"/api/cash-closing-dashboard","event":"CASH_CLOSING_DASHBOARD_DB_CONNECTED","timestamp":"2026-07-07T12:37:11.702Z"}
7/7/2026, 6:07:11 pm | {"api":"/api/cash-closing-dashboard","event":"CASH_CLOSING_DASHBOARD_QUERY_STARTED","filters":{"cluster":"","branch":"","fromDate":"","toDate":"","status":""},"timestamp":"2026-07-07T12:37:11.703Z"}
7/7/2026, 6:07:11 pm | {"api":"/api/cash-closing-dashboard","event":"CASH_CLOSING_DASHBOARD_DATA_FETCHED","totalRecords":56,"timestamp":"2026-07-07T12:37:11.710Z"}
7/7/2026, 6:07:11 pm | {"api":"/api/cash-closing-dashboard","event":"CASH_CLOSING_CLUSTER_FETCHED","totalClusters":4,"timestamp":"2026-07-07T12:37:11.713Z"}
7/7/2026, 6:07:11 pm | {"api":"/api/cash-closing-dashboard","event":"CASH_CLOSING_BRANCH_FETCHED","totalBranches":56,"timestamp":"2026-07-07T12:37:11.716Z"}
7/7/2026, 6:07:11 pm | {"api":"/api/cash-closing-dashboard","event":"CASH_CLOSING_DASHBOARD_SUCCESS","totalRecords":56,"filters":{"cluster":"","branch":"","fromDate":"","toDate":"","status":""},"timestamp":"2026-07-07T12:37:11.717Z"}
7/7/2026, 6:07:11 pm | {"api":"/api/cash-closing-dashboard","event":"CASH_CLOSING_DASHBOARD_API_STARTED","filters":{"cluster":"","branch":"","fromDate":"","toDate":"","status":""},"timestamp":"2026-07-07T12:37:11.839Z"}
7/7/2026, 6:07:11 pm | {"api":"/api/cash-closing-dashboard","event":"CASH_CLOSING_DASHBOARD_DB_CONNECTED","timestamp":"2026-07-07T12:37:11.840Z"}
7/7/2026, 6:07:11 pm | {"api":"/api/cash-closing-dashboard","event":"CASH_CLOSING_DASHBOARD_QUERY_STARTED","filters":{"cluster":"","branch":"","fromDate":"","toDate":"","status":""},"timestamp":"2026-07-07T12:37:11.840Z"}
7/7/2026, 6:07:11 pm | {"api":"/api/cash-closing-dashboard","event":"CASH_CLOSING_DASHBOARD_DATA_FETCHED","totalRecords":56,"timestamp":"2026-07-07T12:37:11.848Z"}
7/7/2026, 6:07:11 pm | {"api":"/api/cash-closing-dashboard","event":"CASH_CLOSING_CLUSTER_FETCHED","totalClusters":4,"timestamp":"2026-07-07T12:37:11.851Z"}
7/7/2026, 6:07:11 pm | {"api":"/api/cash-closing-dashboard","event":"CASH_CLOSING_BRANCH_FETCHED","totalBranches":56,"timestamp":"2026-07-07T12:37:11.855Z"}
7/7/2026, 6:07:11 pm | {"api":"/api/cash-closing-dashboard","event":"CASH_CLOSING_DASHBOARD_SUCCESS","totalRecords":56,"filters":{"cluster":"","branch":"","fromDate":"","toDate":"","status":""},"timestamp":"2026-07-07T12:37:11.856Z"}
7/7/2026, 6:07:12 pm | {"api":"/api/cash-closing-dashboard-export","event":"CASH_CLOSING_EXPORT_STARTED","filters":{"cluster":"","branch":"","fromDate":"","toDate":"","status":""},"timestamp":"2026-07-07T12:37:12.295Z"}
7/7/2026, 6:07:12 pm | {"api":"/api/cash-closing-dashboard-export","event":"CASH_CLOSING_EXPORT_DB_CONNECTED","timestamp":"2026-07-07T12:37:12.297Z"}
7/7/2026, 6:07:12 pm | {"api":"/api/cash-closing-dashboard-export","event":"CASH_CLOSING_EXPORT_QUERY_STARTED","filters":{"cluster":"","branch":"","fromDate":"","toDate":"","status":""},"timestamp":"2026-07-07T12:37:12.297Z"}
7/7/2026, 6:07:12 pm | {"api":"/api/cash-closing-dashboard-export","event":"CASH_CLOSING_EXPORT_DATA_FETCHED","totalRecords":56,"timestamp":"2026-07-07T12:37:12.315Z"}
7/7/2026, 6:07:12 pm | {"api":"/api/cash-closing-dashboard-export","event":"CASH_CLOSING_EXPORT_WORKBOOK_CREATED","timestamp":"2026-07-07T12:37:12.317Z"}
7/7/2026, 6:07:12 pm | {"api":"/api/cash-closing-dashboard-export","event":"CASH_CLOSING_EXPORT_FILE_GENERATED","totalRecords":56,"totalAmount":69692407,"timestamp":"2026-07-07T12:37:12.325Z"}
7/7/2026, 6:07:12 pm | {"api":"/api/cash-closing-dashboard-export","event":"CASH_CLOSING_EXPORT_SUCCESS","timestamp":"2026-07-07T12:37:12.398Z"}
7/7/2026, 6:09:13 pm | {"api":"/api/cash-closing-dashboard","event":"CASH_CLOSING_DASHBOARD_API_STARTED","filters":{"cluster":"","branch":"","fromDate":"","toDate":"","status":""},"timestamp":"2026-07-07T12:39:13.996Z"}
7/7/2026, 6:09:13 pm | {"api":"/api/cash-closing-dashboard","event":"CASH_CLOSING_DASHBOARD_DB_CONNECTED","timestamp":"2026-07-07T12:39:13.997Z"}
7/7/2026, 6:09:13 pm | {"api":"/api/cash-closing-dashboard","event":"CASH_CLOSING_DASHBOARD_QUERY_STARTED","filters":{"cluster":"","branch":"","fromDate":"","toDate":"","status":""},"timestamp":"2026-07-07T12:39:13.998Z"}
7/7/2026, 6:09:14 pm | {"api":"/api/cash-closing-dashboard","event":"CASH_CLOSING_DASHBOARD_DATA_FETCHED","totalRecords":56,"timestamp":"2026-07-07T12:39:14.010Z"}
7/7/2026, 6:09:14 pm | {"api":"/api/cash-closing-dashboard","event":"CASH_CLOSING_CLUSTER_FETCHED","totalClusters":4,"timestamp":"2026-07-07T12:39:14.013Z"}
7/7/2026, 6:09:14 pm | {"api":"/api/cash-closing-dashboard","event":"CASH_CLOSING_BRANCH_FETCHED","totalBranches":56,"timestamp":"2026-07-07T12:39:14.017Z"}
7/7/2026, 6:09:14 pm | {"api":"/api/cash-closing-dashboard","event":"CASH_CLOSING_DASHBOARD_SUCCESS","totalRecords":56,"filters":{"cluster":"","branch":"","fromDate":"","toDate":"","status":""},"timestamp":"2026-07-07T12:39:14.017Z"}
7/7/2026, 6:09:16 pm | {"api":"/api/cash-closing-dashboard","event":"CASH_CLOSING_DASHBOARD_API_STARTED","filters":{"cluster":"","branch":"","fromDate":"","toDate":"","status":""},"timestamp":"2026-07-07T12:39:16.149Z"}
7/7/2026, 6:09:16 pm | {"api":"/api/cash-closing-dashboard","event":"CASH_CLOSING_DASHBOARD_DB_CONNECTED","timestamp":"2026-07-07T12:39:16.150Z"}
7/7/2026, 6:09:16 pm | {"api":"/api/cash-closing-dashboard","event":"CASH_CLOSING_DASHBOARD_QUERY_STARTED","filters":{"cluster":"","branch":"","fromDate":"","toDate":"","status":""},"timestamp":"2026-07-07T12:39:16.151Z"}
7/7/2026, 6:09:16 pm | {"api":"/api/cash-closing-dashboard","event":"CASH_CLOSING_DASHBOARD_DATA_FETCHED","totalRecords":56,"timestamp":"2026-07-07T12:39:16.158Z"}
7/7/2026, 6:09:16 pm | {"api":"/api/cash-closing-dashboard","event":"CASH_CLOSING_CLUSTER_FETCHED","totalClusters":4,"timestamp":"2026-07-07T12:39:16.161Z"}
7/7/2026, 6:09:16 pm | {"api":"/api/cash-closing-dashboard","event":"CASH_CLOSING_BRANCH_FETCHED","totalBranches":56,"timestamp":"2026-07-07T12:39:16.164Z"}
7/7/2026, 6:09:16 pm | {"api":"/api/cash-closing-dashboard","event":"CASH_CLOSING_DASHBOARD_SUCCESS","totalRecords":56,"filters":{"cluster":"","branch":"","fromDate":"","toDate":"","status":""},"timestamp":"2026-07-07T12:39:16.165Z"}
7/7/2026, 6:09:16 pm | {"api":"/api/cash-closing-dashboard","event":"CASH_CLOSING_DASHBOARD_API_STARTED","filters":{"cluster":"","branch":"","fromDate":"","toDate":"","status":""},"timestamp":"2026-07-07T12:39:16.308Z"}
7/7/2026, 6:09:16 pm | {"api":"/api/cash-closing-dashboard","event":"CASH_CLOSING_DASHBOARD_DB_CONNECTED","timestamp":"2026-07-07T12:39:16.309Z"}
7/7/2026, 6:09:16 pm | {"api":"/api/cash-closing-dashboard","event":"CASH_CLOSING_DASHBOARD_QUERY_STARTED","filters":{"cluster":"","branch":"","fromDate":"","toDate":"","status":""},"timestamp":"2026-07-07T12:39:16.310Z"}
7/7/2026, 6:09:16 pm | {"api":"/api/cash-closing-dashboard","event":"CASH_CLOSING_DASHBOARD_DATA_FETCHED","totalRecords":56,"timestamp":"2026-07-07T12:39:16.316Z"}
7/7/2026, 6:09:16 pm | {"api":"/api/cash-closing-dashboard","event":"CASH_CLOSING_CLUSTER_FETCHED","totalClusters":4,"timestamp":"2026-07-07T12:39:16.320Z"}
7/7/2026, 6:09:16 pm | {"api":"/api/cash-closing-dashboard","event":"CASH_CLOSING_BRANCH_FETCHED","totalBranches":56,"timestamp":"2026-07-07T12:39:16.323Z"}
7/7/2026, 6:09:16 pm | {"api":"/api/cash-closing-dashboard","event":"CASH_CLOSING_DASHBOARD_SUCCESS","totalRecords":56,"filters":{"cluster":"","branch":"","fromDate":"","toDate":"","status":""},"timestamp":"2026-07-07T12:39:16.324Z"}
7/7/2026, 6:09:16 pm | {"api":"/api/cash-closing-dashboard","event":"CASH_CLOSING_DASHBOARD_API_STARTED","filters":{"cluster":"","branch":"","fromDate":"","toDate":"","status":""},"timestamp":"2026-07-07T12:39:16.444Z"}
7/7/2026, 6:09:16 pm | {"api":"/api/cash-closing-dashboard","event":"CASH_CLOSING_DASHBOARD_DB_CONNECTED","timestamp":"2026-07-07T12:39:16.446Z"}
7/7/2026, 6:09:16 pm | {"api":"/api/cash-closing-dashboard","event":"CASH_CLOSING_DASHBOARD_QUERY_STARTED","filters":{"cluster":"","branch":"","fromDate":"","toDate":"","status":""},"timestamp":"2026-07-07T12:39:16.446Z"}
7/7/2026, 6:09:16 pm | {"api":"/api/cash-closing-dashboard","event":"CASH_CLOSING_DASHBOARD_DATA_FETCHED","totalRecords":56,"timestamp":"2026-07-07T12:39:16.454Z"}
7/7/2026, 6:09:16 pm | {"api":"/api/cash-closing-dashboard","event":"CASH_CLOSING_CLUSTER_FETCHED","totalClusters":4,"timestamp":"2026-07-07T12:39:16.458Z"}
7/7/2026, 6:09:16 pm | {"api":"/api/cash-closing-dashboard","event":"CASH_CLOSING_BRANCH_FETCHED","totalBranches":56,"timestamp":"2026-07-07T12:39:16.462Z"}
7/7/2026, 6:09:16 pm | {"api":"/api/cash-closing-dashboard","event":"CASH_CLOSING_DASHBOARD_SUCCESS","totalRecords":56,"filters":{"cluster":"","branch":"","fromDate":"","toDate":"","status":""},"timestamp":"2026-07-07T12:39:16.462Z"}
7/7/2026, 6:09:16 pm | {"api":"/api/cash-closing-dashboard","event":"CASH_CLOSING_DASHBOARD_API_STARTED","filters":{"cluster":"","branch":"","fromDate":"","toDate":"","status":""},"timestamp":"2026-07-07T12:39:16.573Z"}
7/7/2026, 6:09:16 pm | {"api":"/api/cash-closing-dashboard","event":"CASH_CLOSING_DASHBOARD_DB_CONNECTED","timestamp":"2026-07-07T12:39:16.574Z"}
7/7/2026, 6:09:16 pm | {"api":"/api/cash-closing-dashboard","event":"CASH_CLOSING_DASHBOARD_QUERY_STARTED","filters":{"cluster":"","branch":"","fromDate":"","toDate":"","status":""},"timestamp":"2026-07-07T12:39:16.574Z"}
7/7/2026, 6:09:16 pm | {"api":"/api/cash-closing-dashboard","event":"CASH_CLOSING_DASHBOARD_DATA_FETCHED","totalRecords":56,"timestamp":"2026-07-07T12:39:16.580Z"}
7/7/2026, 6:09:16 pm | {"api":"/api/cash-closing-dashboard","event":"CASH_CLOSING_CLUSTER_FETCHED","totalClusters":4,"timestamp":"2026-07-07T12:39:16.583Z"}
7/7/2026, 6:09:16 pm | {"api":"/api/cash-closing-dashboard","event":"CASH_CLOSING_BRANCH_FETCHED","totalBranches":56,"timestamp":"2026-07-07T12:39:16.589Z"}
7/7/2026, 6:09:16 pm | {"api":"/api/cash-closing-dashboard","event":"CASH_CLOSING_DASHBOARD_SUCCESS","totalRecords":56,"filters":{"cluster":"","branch":"","fromDate":"","toDate":"","status":""},"timestamp":"2026-07-07T12:39:16.589Z"}
7/7/2026, 6:09:16 pm | {"api":"/api/cash-closing-dashboard","event":"CASH_CLOSING_DASHBOARD_API_STARTED","filters":{"cluster":"","branch":"","fromDate":"","toDate":"","status":""},"timestamp":"2026-07-07T12:39:16.693Z"}
7/7/2026, 6:09:16 pm | {"api":"/api/cash-closing-dashboard","event":"CASH_CLOSING_DASHBOARD_DB_CONNECTED","timestamp":"2026-07-07T12:39:16.694Z"}
7/7/2026, 6:09:16 pm | {"api":"/api/cash-closing-dashboard","event":"CASH_CLOSING_DASHBOARD_QUERY_STARTED","filters":{"cluster":"","branch":"","fromDate":"","toDate":"","status":""},"timestamp":"2026-07-07T12:39:16.695Z"}
7/7/2026, 6:09:16 pm | {"api":"/api/cash-closing-dashboard","event":"CASH_CLOSING_DASHBOARD_DATA_FETCHED","totalRecords":56,"timestamp":"2026-07-07T12:39:16.701Z"}
7/7/2026, 6:09:16 pm | {"api":"/api/cash-closing-dashboard","event":"CASH_CLOSING_CLUSTER_FETCHED","totalClusters":4,"timestamp":"2026-07-07T12:39:16.704Z"}
7/7/2026, 6:09:16 pm | {"api":"/api/cash-closing-dashboard","event":"CASH_CLOSING_BRANCH_FETCHED","totalBranches":56,"timestamp":"2026-07-07T12:39:16.707Z"}
7/7/2026, 6:09:16 pm | {"api":"/api/cash-closing-dashboard","event":"CASH_CLOSING_DASHBOARD_SUCCESS","totalRecords":56,"filters":{"cluster":"","branch":"","fromDate":"","toDate":"","status":""},"timestamp":"2026-07-07T12:39:16.708Z"}
7/7/2026, 6:09:16 pm | {"api":"/api/cash-closing-dashboard","event":"CASH_CLOSING_DASHBOARD_API_STARTED","filters":{"cluster":"","branch":"","fromDate":"","toDate":"","status":""},"timestamp":"2026-07-07T12:39:16.972Z"}
7/7/2026, 6:09:16 pm | {"api":"/api/cash-closing-dashboard","event":"CASH_CLOSING_DASHBOARD_DB_CONNECTED","timestamp":"2026-07-07T12:39:16.974Z"}
7/7/2026, 6:09:16 pm | {"api":"/api/cash-closing-dashboard","event":"CASH_CLOSING_DASHBOARD_QUERY_STARTED","filters":{"cluster":"","branch":"","fromDate":"","toDate":"","status":""},"timestamp":"2026-07-07T12:39:16.974Z"}
7/7/2026, 6:09:16 pm | {"api":"/api/cash-closing-dashboard","event":"CASH_CLOSING_DASHBOARD_DATA_FETCHED","totalRecords":56,"timestamp":"2026-07-07T12:39:16.981Z"}
7/7/2026, 6:09:16 pm | {"api":"/api/cash-closing-dashboard","event":"CASH_CLOSING_CLUSTER_FETCHED","totalClusters":4,"timestamp":"2026-07-07T12:39:16.985Z"}
7/7/2026, 6:09:16 pm | {"api":"/api/cash-closing-dashboard","event":"CASH_CLOSING_BRANCH_FETCHED","totalBranches":56,"timestamp":"2026-07-07T12:39:16.988Z"}
7/7/2026, 6:09:16 pm | {"api":"/api/cash-closing-dashboard","event":"CASH_CLOSING_DASHBOARD_SUCCESS","totalRecords":56,"filters":{"cluster":"","branch":"","fromDate":"","toDate":"","status":""},"timestamp":"2026-07-07T12:39:16.989Z"}
7/7/2026, 6:09:17 pm | {"api":"/api/cash-closing-dashboard","event":"CASH_CLOSING_DASHBOARD_API_STARTED","filters":{"cluster":"","branch":"","fromDate":"","toDate":"","status":""},"timestamp":"2026-07-07T12:39:17.111Z"}
7/7/2026, 6:09:17 pm | {"api":"/api/cash-closing-dashboard","event":"CASH_CLOSING_DASHBOARD_DB_CONNECTED","timestamp":"2026-07-07T12:39:17.112Z"}
7/7/2026, 6:09:17 pm | {"api":"/api/cash-closing-dashboard","event":"CASH_CLOSING_DASHBOARD_QUERY_STARTED","filters":{"cluster":"","branch":"","fromDate":"","toDate":"","status":""},"timestamp":"2026-07-07T12:39:17.113Z"}
7/7/2026, 6:09:17 pm | {"api":"/api/cash-closing-dashboard","event":"CASH_CLOSING_DASHBOARD_DATA_FETCHED","totalRecords":56,"timestamp":"2026-07-07T12:39:17.118Z"}
7/7/2026, 6:09:17 pm | {"api":"/api/cash-closing-dashboard","event":"CASH_CLOSING_CLUSTER_FETCHED","totalClusters":4,"timestamp":"2026-07-07T12:39:17.122Z"}
7/7/2026, 6:09:17 pm | {"api":"/api/cash-closing-dashboard","event":"CASH_CLOSING_BRANCH_FETCHED","totalBranches":56,"timestamp":"2026-07-07T12:39:17.125Z"}
7/7/2026, 6:09:17 pm | {"api":"/api/cash-closing-dashboard","event":"CASH_CLOSING_DASHBOARD_SUCCESS","totalRecords":56,"filters":{"cluster":"","branch":"","fromDate":"","toDate":"","status":""},"timestamp":"2026-07-07T12:39:17.126Z"}
7/7/2026, 6:12:38 pm | {"api":"/login","event":"LOGIN_API_STARTED","mpin":"4104","deviceId":"e4d11680cf9c8959","timestamp":"2026-07-07T12:42:38.967Z"}
7/7/2026, 6:12:38 pm | {"event":"LOGIN_REQUEST","mpin":"4104","deviceId":"e4d11680cf9c8959","timestamp":"2026-07-07T12:42:38.968Z"}
7/7/2026, 6:12:38 pm | {"api":"/login","event":"LOGIN_DB_QUERY_STARTED","mpin":"4104","timestamp":"2026-07-07T12:42:38.969Z"}
7/7/2026, 6:12:38 pm | {"api":"/login","event":"LOGIN_USER_FOUND","empNo":"410","branch":"Takkellapadu","designation":"Branch Manager","timestamp":"2026-07-07T12:42:38.982Z"}
7/7/2026, 6:12:38 pm | {"api":"/login","event":"LOGIN_DEVICE_CHECK","empNo":"410","savedDevice":"e4d11680cf9c8959","currentDevice":"e4d11680cf9c8959","timestamp":"2026-07-07T12:42:38.983Z"}
7/7/2026, 6:12:38 pm | {"api":"/login","event":"LOGIN_SUCCESS","empNo":"410","branch":"Takkellapadu","designation":"Branch Manager","loginTime":"2026-07-07T12:42:38.991Z"}
7/7/2026, 6:12:39 pm | {"api":"/employee/:empNo","event":"EMPLOYEE_API_STARTED","empNo":"410","timestamp":"2026-07-07T12:42:39.166Z"}
7/7/2026, 6:12:39 pm | {"api":"/employee/:empNo","event":"EMPLOYEE_DB_QUERY_STARTED","empNo":"410","timestamp":"2026-07-07T12:42:39.167Z"}
7/7/2026, 6:12:39 pm | {"api":"/employee/:empNo","event":"EMPLOYEE_FETCH_SUCCESS","empNo":"410","employeeName":"J N V Veera Babu","branch":"Takkellapadu","designation":"Branch Manager","timestamp":"2026-07-07T12:42:39.177Z"}
7/7/2026, 6:12:39 pm | {"api":"/last-submission/:empNo","event":"LAST_SUBMISSION_API_STARTED","empNo":"410","timestamp":"2026-07-07T12:42:39.245Z"}
7/7/2026, 6:12:39 pm | {"api":"/last-submission/:empNo","event":"LAST_SUBMISSION_DB_QUERY_STARTED","empNo":"410","timestamp":"2026-07-07T12:42:39.246Z"}
7/7/2026, 6:12:39 pm | {"api":"/last-submission/:empNo","event":"LAST_SUBMISSION_FETCH_SUCCESS","empNo":"410","amount":1600000,"actionAt":"2026-07-06 18:42:54","timestamp":"2026-07-07T12:42:39.250Z"}
7/7/2026, 6:12:39 pm | {"api":"/today-cash/:empNo","event":"TODAY_CASH_API_STARTED","empNo":"410","timestamp":"2026-07-07T12:42:39.410Z"}
7/7/2026, 6:12:39 pm | {"api":"/today-cash/:empNo","event":"TODAY_CASH_DB_QUERY_STARTED","empNo":"410","timestamp":"2026-07-07T12:42:39.411Z"}
7/7/2026, 6:12:39 pm | {"api":"/today-cash/:empNo","event":"TODAY_CASH_NOT_FOUND","empNo":"410","timestamp":"2026-07-07T12:42:39.416Z"}
7/7/2026, 6:12:50 pm | {"api":"/save-cash-closing","event":"SAVE_CASH_API_STARTED","empNo":"410","amount":"2100000","timestamp":"2026-07-07T12:42:50.656Z"}
7/7/2026, 6:12:50 pm | {"api":"/save-cash-closing","event":"PREVIOUS_DAY_RECORD_FOUND","empNo":"410","oldDate":"2026-07-06T00:00:00.000Z","amount":1600000,"timestamp":"2026-07-07T12:42:50.663Z"}
7/7/2026, 6:12:50 pm | {"api":"/save-cash-closing","event":"PREVIOUS_DAY_MOVED_TO_HISTORY","empNo":"410","timestamp":"2026-07-07T12:42:50.672Z"}
7/7/2026, 6:12:50 pm | {"api":"/save-cash-closing","event":"PREVIOUS_DAY_DELETED","empNo":"410","timestamp":"2026-07-07T12:42:50.684Z"}
7/7/2026, 6:12:50 pm | {"api":"/save-cash-closing","event":"SAVE_CASH_NEW_ENTRY","empNo":"410","amount":"2100000","branch":"Takkellapadu","timestamp":"2026-07-07T12:42:50.688Z"}
7/7/2026, 6:12:50 pm | {"api":"/save-cash-closing","event":"SAVE_CASH_HISTORY_INSERTED","empNo":"410","actionType":"ADDED","version":1,"timestamp":"2026-07-07T12:42:50.705Z"}
7/7/2026, 6:12:50 pm | {"api":"/save-cash-closing","event":"SAVE_CASH_SUCCESS","type":"INSERT","empNo":"410","amount":"2100000","timestamp":"2026-07-07T12:42:50.706Z"}
7/7/2026, 6:13:29 pm | {"api":"/api/cash-closing-dashboard","event":"CASH_CLOSING_DASHBOARD_API_STARTED","filters":{"cluster":"","branch":"","fromDate":"","toDate":"","status":""},"timestamp":"2026-07-07T12:43:29.772Z"}
7/7/2026, 6:13:29 pm | {"api":"/api/cash-closing-dashboard","event":"CASH_CLOSING_DASHBOARD_DB_CONNECTED","timestamp":"2026-07-07T12:43:29.773Z"}
7/7/2026, 6:13:29 pm | {"api":"/api/cash-closing-dashboard","event":"CASH_CLOSING_DASHBOARD_QUERY_STARTED","filters":{"cluster":"","branch":"","fromDate":"","toDate":"","status":""},"timestamp":"2026-07-07T12:43:29.774Z"}
7/7/2026, 6:13:29 pm | {"api":"/api/cash-closing-dashboard","event":"CASH_CLOSING_DASHBOARD_DATA_FETCHED","totalRecords":56,"timestamp":"2026-07-07T12:43:29.785Z"}
7/7/2026, 6:13:29 pm | {"api":"/api/cash-closing-dashboard","event":"CASH_CLOSING_CLUSTER_FETCHED","totalClusters":4,"timestamp":"2026-07-07T12:43:29.788Z"}
7/7/2026, 6:13:29 pm | {"api":"/api/cash-closing-dashboard","event":"CASH_CLOSING_BRANCH_FETCHED","totalBranches":56,"timestamp":"2026-07-07T12:43:29.791Z"}
7/7/2026, 6:13:29 pm | {"api":"/api/cash-closing-dashboard","event":"CASH_CLOSING_DASHBOARD_SUCCESS","totalRecords":56,"filters":{"cluster":"","branch":"","fromDate":"","toDate":"","status":""},"timestamp":"2026-07-07T12:43:29.792Z"}
7/7/2026, 6:13:31 pm | {"api":"/api/cash-closing-dashboard","event":"CASH_CLOSING_DASHBOARD_API_STARTED","filters":{"cluster":"","branch":"","fromDate":"","toDate":"","status":""},"timestamp":"2026-07-07T12:43:31.909Z"}
7/7/2026, 6:13:31 pm | {"api":"/api/cash-closing-dashboard","event":"CASH_CLOSING_DASHBOARD_DB_CONNECTED","timestamp":"2026-07-07T12:43:31.910Z"}
7/7/2026, 6:13:31 pm | {"api":"/api/cash-closing-dashboard","event":"CASH_CLOSING_DASHBOARD_QUERY_STARTED","filters":{"cluster":"","branch":"","fromDate":"","toDate":"","status":""},"timestamp":"2026-07-07T12:43:31.911Z"}
7/7/2026, 6:13:31 pm | {"api":"/api/cash-closing-dashboard","event":"CASH_CLOSING_DASHBOARD_DATA_FETCHED","totalRecords":56,"timestamp":"2026-07-07T12:43:31.916Z"}
7/7/2026, 6:13:31 pm | {"api":"/api/cash-closing-dashboard","event":"CASH_CLOSING_CLUSTER_FETCHED","totalClusters":4,"timestamp":"2026-07-07T12:43:31.919Z"}
7/7/2026, 6:13:31 pm | {"api":"/api/cash-closing-dashboard","event":"CASH_CLOSING_BRANCH_FETCHED","totalBranches":56,"timestamp":"2026-07-07T12:43:31.922Z"}
7/7/2026, 6:13:31 pm | {"api":"/api/cash-closing-dashboard","event":"CASH_CLOSING_DASHBOARD_SUCCESS","totalRecords":56,"filters":{"cluster":"","branch":"","fromDate":"","toDate":"","status":""},"timestamp":"2026-07-07T12:43:31.923Z"}
7/7/2026, 6:21:50 pm | {"api":"/login","event":"LOGIN_API_STARTED","mpin":"5591","deviceId":"406183a278c74dfc","timestamp":"2026-07-07T12:51:50.388Z"}
7/7/2026, 6:21:50 pm | {"event":"LOGIN_REQUEST","mpin":"5591","deviceId":"406183a278c74dfc","timestamp":"2026-07-07T12:51:50.389Z"}
7/7/2026, 6:21:50 pm | {"api":"/login","event":"LOGIN_DB_QUERY_STARTED","mpin":"5591","timestamp":"2026-07-07T12:51:50.390Z"}
7/7/2026, 6:21:50 pm | {"api":"/login","event":"LOGIN_USER_FOUND","empNo":"394","branch":"Ravulapalem","designation":"Branch Manager","timestamp":"2026-07-07T12:51:50.403Z"}
7/7/2026, 6:21:50 pm | {"api":"/login","event":"LOGIN_DEVICE_CHECK","empNo":"394","savedDevice":"406183a278c74dfc","currentDevice":"406183a278c74dfc","timestamp":"2026-07-07T12:51:50.404Z"}
7/7/2026, 6:21:50 pm | {"api":"/login","event":"LOGIN_SUCCESS","empNo":"394","branch":"Ravulapalem","designation":"Branch Manager","loginTime":"2026-07-07T12:51:50.417Z"}
7/7/2026, 6:21:50 pm | {"api":"/employee/:empNo","event":"EMPLOYEE_API_STARTED","empNo":"394","timestamp":"2026-07-07T12:51:50.600Z"}
7/7/2026, 6:21:50 pm | {"api":"/employee/:empNo","event":"EMPLOYEE_DB_QUERY_STARTED","empNo":"394","timestamp":"2026-07-07T12:51:50.601Z"}
7/7/2026, 6:21:50 pm | {"api":"/employee/:empNo","event":"EMPLOYEE_FETCH_SUCCESS","empNo":"394","employeeName":"Ch.Bala Krishna","branch":"Ravulapalem","designation":"Branch Manager","timestamp":"2026-07-07T12:51:50.605Z"}
7/7/2026, 6:21:50 pm | {"api":"/last-submission/:empNo","event":"LAST_SUBMISSION_API_STARTED","empNo":"394","timestamp":"2026-07-07T12:51:50.670Z"}
7/7/2026, 6:21:50 pm | {"api":"/last-submission/:empNo","event":"LAST_SUBMISSION_DB_QUERY_STARTED","empNo":"394","timestamp":"2026-07-07T12:51:50.671Z"}
7/7/2026, 6:21:50 pm | {"api":"/last-submission/:empNo","event":"LAST_SUBMISSION_FETCH_SUCCESS","empNo":"394","amount":1000000,"actionAt":"2026-07-06 17:49:01","timestamp":"2026-07-07T12:51:50.676Z"}
7/7/2026, 6:21:50 pm | {"api":"/today-cash/:empNo","event":"TODAY_CASH_API_STARTED","empNo":"394","timestamp":"2026-07-07T12:51:50.788Z"}
7/7/2026, 6:21:50 pm | {"api":"/today-cash/:empNo","event":"TODAY_CASH_DB_QUERY_STARTED","empNo":"394","timestamp":"2026-07-07T12:51:50.789Z"}
7/7/2026, 6:21:50 pm | {"api":"/today-cash/:empNo","event":"TODAY_CASH_NOT_FOUND","empNo":"394","timestamp":"2026-07-07T12:51:50.793Z"}
7/7/2026, 6:21:58 pm | {"api":"/save-cash-closing","event":"SAVE_CASH_API_STARTED","empNo":"394","amount":"3400000","timestamp":"2026-07-07T12:51:58.555Z"}
7/7/2026, 6:21:58 pm | {"api":"/save-cash-closing","event":"PREVIOUS_DAY_RECORD_FOUND","empNo":"394","oldDate":"2026-07-06T00:00:00.000Z","amount":1000000,"timestamp":"2026-07-07T12:51:58.562Z"}
7/7/2026, 6:21:58 pm | {"api":"/save-cash-closing","event":"PREVIOUS_DAY_MOVED_TO_HISTORY","empNo":"394","timestamp":"2026-07-07T12:51:58.570Z"}
7/7/2026, 6:21:58 pm | {"api":"/save-cash-closing","event":"PREVIOUS_DAY_DELETED","empNo":"394","timestamp":"2026-07-07T12:51:58.577Z"}
7/7/2026, 6:21:58 pm | {"api":"/save-cash-closing","event":"SAVE_CASH_NEW_ENTRY","empNo":"394","amount":"3400000","branch":"Ravulapalem","timestamp":"2026-07-07T12:51:58.580Z"}
7/7/2026, 6:21:58 pm | {"api":"/save-cash-closing","event":"SAVE_CASH_HISTORY_INSERTED","empNo":"394","actionType":"ADDED","version":1,"timestamp":"2026-07-07T12:51:58.594Z"}
7/7/2026, 6:21:58 pm | {"api":"/save-cash-closing","event":"SAVE_CASH_SUCCESS","type":"INSERT","empNo":"394","amount":"3400000","timestamp":"2026-07-07T12:51:58.595Z"}
7/7/2026, 6:22:35 pm | {"api":"/api/cash-closing-dashboard","event":"CASH_CLOSING_DASHBOARD_API_STARTED","filters":{"cluster":"","branch":"","fromDate":"","toDate":"","status":""},"timestamp":"2026-07-07T12:52:35.155Z"}
7/7/2026, 6:22:35 pm | {"api":"/api/cash-closing-dashboard","event":"CASH_CLOSING_DASHBOARD_DB_CONNECTED","timestamp":"2026-07-07T12:52:35.156Z"}
7/7/2026, 6:22:35 pm | {"api":"/api/cash-closing-dashboard","event":"CASH_CLOSING_DASHBOARD_QUERY_STARTED","filters":{"cluster":"","branch":"","fromDate":"","toDate":"","status":""},"timestamp":"2026-07-07T12:52:35.157Z"}
7/7/2026, 6:22:35 pm | {"api":"/api/cash-closing-dashboard","event":"CASH_CLOSING_DASHBOARD_DATA_FETCHED","totalRecords":56,"timestamp":"2026-07-07T12:52:35.168Z"}
7/7/2026, 6:22:35 pm | {"api":"/api/cash-closing-dashboard","event":"CASH_CLOSING_CLUSTER_FETCHED","totalClusters":4,"timestamp":"2026-07-07T12:52:35.171Z"}
7/7/2026, 6:22:35 pm | {"api":"/api/cash-closing-dashboard","event":"CASH_CLOSING_BRANCH_FETCHED","totalBranches":56,"timestamp":"2026-07-07T12:52:35.175Z"}
7/7/2026, 6:22:35 pm | {"api":"/api/cash-closing-dashboard","event":"CASH_CLOSING_DASHBOARD_SUCCESS","totalRecords":56,"filters":{"cluster":"","branch":"","fromDate":"","toDate":"","status":""},"timestamp":"2026-07-07T12:52:35.175Z"}
7/7/2026, 6:26:05 pm | {"api":"/api/cash-closing-dashboard","event":"CASH_CLOSING_DASHBOARD_API_STARTED","filters":{"cluster":"","branch":"","fromDate":"","toDate":"","status":""},"timestamp":"2026-07-07T12:56:05.036Z"}
7/7/2026, 6:26:05 pm | {"api":"/api/cash-closing-dashboard","event":"CASH_CLOSING_DASHBOARD_DB_CONNECTED","timestamp":"2026-07-07T12:56:05.037Z"}
7/7/2026, 6:26:05 pm | {"api":"/api/cash-closing-dashboard","event":"CASH_CLOSING_DASHBOARD_QUERY_STARTED","filters":{"cluster":"","branch":"","fromDate":"","toDate":"","status":""},"timestamp":"2026-07-07T12:56:05.038Z"}
7/7/2026, 6:26:05 pm | {"api":"/api/cash-closing-dashboard","event":"CASH_CLOSING_DASHBOARD_DATA_FETCHED","totalRecords":56,"timestamp":"2026-07-07T12:56:05.048Z"}
7/7/2026, 6:26:05 pm | {"api":"/api/cash-closing-dashboard","event":"CASH_CLOSING_CLUSTER_FETCHED","totalClusters":4,"timestamp":"2026-07-07T12:56:05.051Z"}
7/7/2026, 6:26:05 pm | {"api":"/api/cash-closing-dashboard","event":"CASH_CLOSING_BRANCH_FETCHED","totalBranches":56,"timestamp":"2026-07-07T12:56:05.055Z"}
7/7/2026, 6:26:05 pm | {"api":"/api/cash-closing-dashboard","event":"CASH_CLOSING_DASHBOARD_SUCCESS","totalRecords":56,"filters":{"cluster":"","branch":"","fromDate":"","toDate":"","status":""},"timestamp":"2026-07-07T12:56:05.056Z"}
7/7/2026, 6:28:15 pm | {"api":"/api/cash-closing-dashboard","event":"CASH_CLOSING_DASHBOARD_API_STARTED","filters":{"cluster":"","branch":"","fromDate":"","toDate":"","status":""},"timestamp":"2026-07-07T12:58:15.166Z"}
7/7/2026, 6:28:15 pm | {"api":"/api/cash-closing-dashboard","event":"CASH_CLOSING_DASHBOARD_DB_CONNECTED","timestamp":"2026-07-07T12:58:15.167Z"}
7/7/2026, 6:28:15 pm | {"api":"/api/cash-closing-dashboard","event":"CASH_CLOSING_DASHBOARD_QUERY_STARTED","filters":{"cluster":"","branch":"","fromDate":"","toDate":"","status":""},"timestamp":"2026-07-07T12:58:15.168Z"}
7/7/2026, 6:28:15 pm | {"api":"/api/cash-closing-dashboard","event":"CASH_CLOSING_DASHBOARD_DATA_FETCHED","totalRecords":56,"timestamp":"2026-07-07T12:58:15.178Z"}
7/7/2026, 6:28:15 pm | {"api":"/api/cash-closing-dashboard","event":"CASH_CLOSING_CLUSTER_FETCHED","totalClusters":4,"timestamp":"2026-07-07T12:58:15.181Z"}
7/7/2026, 6:28:15 pm | {"api":"/api/cash-closing-dashboard","event":"CASH_CLOSING_BRANCH_FETCHED","totalBranches":56,"timestamp":"2026-07-07T12:58:15.185Z"}
7/7/2026, 6:28:15 pm | {"api":"/api/cash-closing-dashboard","event":"CASH_CLOSING_DASHBOARD_SUCCESS","totalRecords":56,"filters":{"cluster":"","branch":"","fromDate":"","toDate":"","status":""},"timestamp":"2026-07-07T12:58:15.185Z"}
7/7/2026, 6:40:00 pm | {"api":"/login","event":"LOGIN_API_STARTED","mpin":"0143","deviceId":"e6ca8319c9275ebb","timestamp":"2026-07-07T13:10:00.868Z"}
7/7/2026, 6:40:00 pm | {"event":"LOGIN_REQUEST","mpin":"0143","deviceId":"e6ca8319c9275ebb","timestamp":"2026-07-07T13:10:00.869Z"}
7/7/2026, 6:40:00 pm | {"api":"/login","event":"LOGIN_DB_QUERY_STARTED","mpin":"0143","timestamp":"2026-07-07T13:10:00.870Z"}
7/7/2026, 6:40:00 pm | {"api":"/login","event":"LOGIN_USER_FOUND","empNo":"519","branch":"Mopidevi","designation":"Branch Manager","timestamp":"2026-07-07T13:10:00.883Z"}
7/7/2026, 6:40:00 pm | {"api":"/login","event":"LOGIN_DEVICE_CHECK","empNo":"519","savedDevice":"e6ca8319c9275ebb","currentDevice":"e6ca8319c9275ebb","timestamp":"2026-07-07T13:10:00.884Z"}
7/7/2026, 6:40:00 pm | {"api":"/login","event":"LOGIN_SUCCESS","empNo":"519","branch":"Mopidevi","designation":"Branch Manager","loginTime":"2026-07-07T13:10:00.895Z"}
7/7/2026, 6:40:01 pm | {"api":"/employee/:empNo","event":"EMPLOYEE_API_STARTED","empNo":"519","timestamp":"2026-07-07T13:10:01.072Z"}
7/7/2026, 6:40:01 pm | {"api":"/employee/:empNo","event":"EMPLOYEE_DB_QUERY_STARTED","empNo":"519","timestamp":"2026-07-07T13:10:01.073Z"}
7/7/2026, 6:40:01 pm | {"api":"/employee/:empNo","event":"EMPLOYEE_FETCH_SUCCESS","empNo":"519","employeeName":"Ch Harish Babu","branch":"Mopidevi","designation":"Branch Manager","timestamp":"2026-07-07T13:10:01.077Z"}
7/7/2026, 6:40:01 pm | {"api":"/last-submission/:empNo","event":"LAST_SUBMISSION_API_STARTED","empNo":"519","timestamp":"2026-07-07T13:10:01.138Z"}
7/7/2026, 6:40:01 pm | {"api":"/last-submission/:empNo","event":"LAST_SUBMISSION_DB_QUERY_STARTED","empNo":"519","timestamp":"2026-07-07T13:10:01.139Z"}
7/7/2026, 6:40:01 pm | {"api":"/last-submission/:empNo","event":"LAST_SUBMISSION_FETCH_SUCCESS","empNo":"519","amount":1740000,"actionAt":"2026-07-06 18:21:36","timestamp":"2026-07-07T13:10:01.144Z"}
7/7/2026, 6:40:01 pm | {"api":"/today-cash/:empNo","event":"TODAY_CASH_API_STARTED","empNo":"519","timestamp":"2026-07-07T13:10:01.204Z"}
7/7/2026, 6:40:01 pm | {"api":"/today-cash/:empNo","event":"TODAY_CASH_DB_QUERY_STARTED","empNo":"519","timestamp":"2026-07-07T13:10:01.205Z"}
7/7/2026, 6:40:01 pm | {"api":"/today-cash/:empNo","event":"TODAY_CASH_FETCH_SUCCESS","empNo":"519","amount":850000,"actionAt":"2026-07-07 17:46:03","timestamp":"2026-07-07T13:10:01.210Z"}
7/7/2026, 6:40:09 pm | {"api":"/save-cash-closing","event":"SAVE_CASH_API_STARTED","empNo":"519","amount":"1154000","timestamp":"2026-07-07T13:10:09.823Z"}
7/7/2026, 6:40:09 pm | {"api":"/save-cash-closing","event":"SAVE_CASH_UPDATE_STARTED","empNo":"519","oldAmount":850000,"newAmount":"1154000","currentVersion":1,"nextVersion":2,"timestamp":"2026-07-07T13:10:09.834Z"}
7/7/2026, 6:40:09 pm | {"api":"/save-cash-closing","event":"SAVE_CASH_HISTORY_UPDATED","empNo":"519","version":2,"timestamp":"2026-07-07T13:10:09.847Z"}
7/7/2026, 6:40:09 pm | {"api":"/save-cash-closing","event":"SAVE_CASH_SUCCESS","type":"UPDATE","empNo":"519","amount":"1154000","version":2,"timestamp":"2026-07-07T13:10:09.848Z"}
7/7/2026, 6:40:13 pm | {"api":"/save-cash-closing","event":"SAVE_CASH_API_STARTED","empNo":"519","amount":"1154000","timestamp":"2026-07-07T13:10:13.745Z"}
7/7/2026, 6:40:13 pm | {"api":"/save-cash-closing","event":"SAVE_CASH_UPDATE_STARTED","empNo":"519","oldAmount":1154000,"newAmount":"1154000","currentVersion":2,"nextVersion":3,"timestamp":"2026-07-07T13:10:13.754Z"}
7/7/2026, 6:40:13 pm | {"api":"/save-cash-closing","event":"SAVE_CASH_HISTORY_UPDATED","empNo":"519","version":3,"timestamp":"2026-07-07T13:10:13.771Z"}
7/7/2026, 6:40:13 pm | {"api":"/save-cash-closing","event":"SAVE_CASH_SUCCESS","type":"UPDATE","empNo":"519","amount":"1154000","version":3,"timestamp":"2026-07-07T13:10:13.772Z"}
7/7/2026, 6:42:41 pm | {"api":"/login","event":"LOGIN_API_STARTED","mpin":"7372","deviceId":"febe72fd01686baa","timestamp":"2026-07-07T13:12:41.126Z"}
7/7/2026, 6:42:41 pm | {"event":"LOGIN_REQUEST","mpin":"7372","deviceId":"febe72fd01686baa","timestamp":"2026-07-07T13:12:41.127Z"}
7/7/2026, 6:42:41 pm | {"api":"/login","event":"LOGIN_DB_QUERY_STARTED","mpin":"7372","timestamp":"2026-07-07T13:12:41.128Z"}
7/7/2026, 6:42:41 pm | {"api":"/login","event":"LOGIN_USER_FOUND","empNo":"547","branch":"Gannavaram","designation":"Branch Manager","timestamp":"2026-07-07T13:12:41.139Z"}
7/7/2026, 6:42:41 pm | {"api":"/login","event":"LOGIN_DEVICE_CHECK","empNo":"547","savedDevice":"febe72fd01686baa","currentDevice":"febe72fd01686baa","timestamp":"2026-07-07T13:12:41.140Z"}
7/7/2026, 6:42:41 pm | {"api":"/login","event":"LOGIN_SUCCESS","empNo":"547","branch":"Gannavaram","designation":"Branch Manager","loginTime":"2026-07-07T13:12:41.147Z"}
7/7/2026, 6:42:41 pm | {"api":"/employee/:empNo","event":"EMPLOYEE_API_STARTED","empNo":"547","timestamp":"2026-07-07T13:12:41.281Z"}
7/7/2026, 6:42:41 pm | {"api":"/employee/:empNo","event":"EMPLOYEE_DB_QUERY_STARTED","empNo":"547","timestamp":"2026-07-07T13:12:41.282Z"}
7/7/2026, 6:42:41 pm | {"api":"/employee/:empNo","event":"EMPLOYEE_FETCH_SUCCESS","empNo":"547","employeeName":"K Anand Gajapathi Raju","branch":"Gannavaram","designation":"Branch Manager","timestamp":"2026-07-07T13:12:41.286Z"}
7/7/2026, 6:42:41 pm | {"api":"/last-submission/:empNo","event":"LAST_SUBMISSION_API_STARTED","empNo":"547","timestamp":"2026-07-07T13:12:41.327Z"}
7/7/2026, 6:42:41 pm | {"api":"/last-submission/:empNo","event":"LAST_SUBMISSION_DB_QUERY_STARTED","empNo":"547","timestamp":"2026-07-07T13:12:41.328Z"}
7/7/2026, 6:42:41 pm | {"api":"/last-submission/:empNo","event":"LAST_SUBMISSION_FETCH_SUCCESS","empNo":"547","amount":754457,"actionAt":"2026-07-06 18:04:38","timestamp":"2026-07-07T13:12:41.332Z"}
7/7/2026, 6:42:41 pm | {"api":"/today-cash/:empNo","event":"TODAY_CASH_API_STARTED","empNo":"547","timestamp":"2026-07-07T13:12:41.490Z"}
7/7/2026, 6:42:41 pm | {"api":"/today-cash/:empNo","event":"TODAY_CASH_DB_QUERY_STARTED","empNo":"547","timestamp":"2026-07-07T13:12:41.491Z"}
7/7/2026, 6:42:41 pm | {"api":"/today-cash/:empNo","event":"TODAY_CASH_FETCH_SUCCESS","empNo":"547","amount":632864,"actionAt":"2026-07-07 17:38:25","timestamp":"2026-07-07T13:12:41.496Z"}
7/7/2026, 6:42:55 pm | {"api":"/save-cash-closing","event":"SAVE_CASH_API_STARTED","empNo":"547","amount":"630964","timestamp":"2026-07-07T13:12:55.990Z"}
7/7/2026, 6:42:55 pm | {"api":"/save-cash-closing","event":"SAVE_CASH_UPDATE_STARTED","empNo":"547","oldAmount":632864,"newAmount":"630964","currentVersion":1,"nextVersion":2,"timestamp":"2026-07-07T13:12:55.997Z"}
7/7/2026, 6:42:56 pm | {"api":"/save-cash-closing","event":"SAVE_CASH_HISTORY_UPDATED","empNo":"547","version":2,"timestamp":"2026-07-07T13:12:56.011Z"}
7/7/2026, 6:42:56 pm | {"api":"/save-cash-closing","event":"SAVE_CASH_SUCCESS","type":"UPDATE","empNo":"547","amount":"630964","version":2,"timestamp":"2026-07-07T13:12:56.012Z"}
7/7/2026, 6:44:38 pm | {"api":"/login","event":"LOGIN_API_STARTED","mpin":"2978","deviceId":"0cc594f412a16de2","timestamp":"2026-07-07T13:14:38.324Z"}
7/7/2026, 6:44:38 pm | {"event":"LOGIN_REQUEST","mpin":"2978","deviceId":"0cc594f412a16de2","timestamp":"2026-07-07T13:14:38.325Z"}
7/7/2026, 6:44:38 pm | {"api":"/login","event":"LOGIN_DB_QUERY_STARTED","mpin":"2978","timestamp":"2026-07-07T13:14:38.325Z"}
7/7/2026, 6:44:38 pm | {"api":"/login","event":"LOGIN_INVALID_MPIN","mpin":"2978","timestamp":"2026-07-07T13:14:38.334Z"}
7/7/2026, 6:44:46 pm | {"api":"/login","event":"LOGIN_API_STARTED","mpin":"1978","deviceId":"0cc594f412a16de2","timestamp":"2026-07-07T13:14:46.853Z"}
7/7/2026, 6:44:46 pm | {"event":"LOGIN_REQUEST","mpin":"1978","deviceId":"0cc594f412a16de2","timestamp":"2026-07-07T13:14:46.854Z"}
7/7/2026, 6:44:46 pm | {"api":"/login","event":"LOGIN_DB_QUERY_STARTED","mpin":"1978","timestamp":"2026-07-07T13:14:46.855Z"}
7/7/2026, 6:44:46 pm | {"api":"/login","event":"LOGIN_USER_FOUND","empNo":"403","branch":"Kanuru","designation":"Branch Manager","timestamp":"2026-07-07T13:14:46.861Z"}
7/7/2026, 6:44:46 pm | {"api":"/login","event":"LOGIN_DEVICE_CHECK","empNo":"403","savedDevice":"0cc594f412a16de2","currentDevice":"0cc594f412a16de2","timestamp":"2026-07-07T13:14:46.861Z"}
7/7/2026, 6:44:46 pm | {"api":"/login","event":"LOGIN_SUCCESS","empNo":"403","branch":"Kanuru","designation":"Branch Manager","loginTime":"2026-07-07T13:14:46.868Z"}
7/7/2026, 6:44:47 pm | {"api":"/employee/:empNo","event":"EMPLOYEE_API_STARTED","empNo":"403","timestamp":"2026-07-07T13:14:47.010Z"}
7/7/2026, 6:44:47 pm | {"api":"/employee/:empNo","event":"EMPLOYEE_DB_QUERY_STARTED","empNo":"403","timestamp":"2026-07-07T13:14:47.011Z"}
7/7/2026, 6:44:47 pm | {"api":"/employee/:empNo","event":"EMPLOYEE_FETCH_SUCCESS","empNo":"403","employeeName":"G.A.G.Prasad","branch":"Kanuru","designation":"Branch Manager","timestamp":"2026-07-07T13:14:47.017Z"}
7/7/2026, 6:44:47 pm | {"api":"/last-submission/:empNo","event":"LAST_SUBMISSION_API_STARTED","empNo":"403","timestamp":"2026-07-07T13:14:47.062Z"}
7/7/2026, 6:44:47 pm | {"api":"/last-submission/:empNo","event":"LAST_SUBMISSION_DB_QUERY_STARTED","empNo":"403","timestamp":"2026-07-07T13:14:47.063Z"}
7/7/2026, 6:44:47 pm | {"api":"/last-submission/:empNo","event":"LAST_SUBMISSION_FETCH_SUCCESS","empNo":"403","amount":3635944,"actionAt":"2026-07-06 17:50:28","timestamp":"2026-07-07T13:14:47.068Z"}
7/7/2026, 6:44:47 pm | {"api":"/today-cash/:empNo","event":"TODAY_CASH_API_STARTED","empNo":"403","timestamp":"2026-07-07T13:14:47.169Z"}
7/7/2026, 6:44:47 pm | {"api":"/today-cash/:empNo","event":"TODAY_CASH_DB_QUERY_STARTED","empNo":"403","timestamp":"2026-07-07T13:14:47.170Z"}
7/7/2026, 6:44:47 pm | {"api":"/today-cash/:empNo","event":"TODAY_CASH_FETCH_SUCCESS","empNo":"403","amount":2761474,"actionAt":"2026-07-07 17:37:14","timestamp":"2026-07-07T13:14:47.175Z"}
7/7/2026, 6:45:18 pm | {"api":"/save-cash-closing","event":"SAVE_CASH_API_STARTED","empNo":"403","amount":"3211317","timestamp":"2026-07-07T13:15:18.013Z"}
7/7/2026, 6:45:18 pm | {"api":"/save-cash-closing","event":"SAVE_CASH_UPDATE_STARTED","empNo":"403","oldAmount":2761474,"newAmount":"3211317","currentVersion":1,"nextVersion":2,"timestamp":"2026-07-07T13:15:18.026Z"}
7/7/2026, 6:45:18 pm | {"api":"/save-cash-closing","event":"SAVE_CASH_HISTORY_UPDATED","empNo":"403","version":2,"timestamp":"2026-07-07T13:15:18.041Z"}
7/7/2026, 6:45:18 pm | {"api":"/save-cash-closing","event":"SAVE_CASH_SUCCESS","type":"UPDATE","empNo":"403","amount":"3211317","version":2,"timestamp":"2026-07-07T13:15:18.042Z"}
