4/8/2026, 5:14:39 pm | {"api":"/login","event":"LOGIN_API_STARTED","mpin":"2025","deviceId":"50bc40e897b06c67","timestamp":"2026-08-04T11:44:39.255Z"}
4/8/2026, 5:14:39 pm | {"event":"LOGIN_REQUEST","mpin":"2025","deviceId":"50bc40e897b06c67","timestamp":"2026-08-04T11:44:39.256Z"}
4/8/2026, 5:14:39 pm | {"api":"/login","event":"LOGIN_DB_QUERY_STARTED","mpin":"2025","timestamp":"2026-08-04T11:44:39.257Z"}
4/8/2026, 5:14:39 pm | {"api":"/login","event":"LOGIN_USER_FOUND","empNo":"640","branch":"Akividu","designation":"Branch Manager","timestamp":"2026-08-04T11:44:39.322Z"}
4/8/2026, 5:14:39 pm | {"api":"/login","event":"LOGIN_DEVICE_CHECK","empNo":"640","savedDevice":"50bc40e897b06c67","currentDevice":"50bc40e897b06c67","timestamp":"2026-08-04T11:44:39.323Z"}
4/8/2026, 5:14:39 pm | {"api":"/login","event":"LOGIN_SUCCESS","empNo":"640","branch":"Akividu","designation":"Branch Manager","loginTime":"2026-08-04T11:44:39.331Z"}
4/8/2026, 5:14:39 pm | {"api":"/employee/:empNo","event":"EMPLOYEE_API_STARTED","empNo":"640","timestamp":"2026-08-04T11:44:39.504Z"}
4/8/2026, 5:14:39 pm | {"api":"/employee/:empNo","event":"EMPLOYEE_DB_QUERY_STARTED","empNo":"640","timestamp":"2026-08-04T11:44:39.505Z"}
4/8/2026, 5:14:39 pm | {"api":"/employee/:empNo","event":"EMPLOYEE_FETCH_SUCCESS","empNo":"640","employeeName":"Ch.Satish Babu","branch":"Akividu","designation":"Branch Manager","timestamp":"2026-08-04T11:44:39.549Z"}
4/8/2026, 5:14:39 pm | {"api":"/last-submission/:empNo","event":"LAST_SUBMISSION_API_STARTED","empNo":"640","timestamp":"2026-08-04T11:44:39.630Z"}
4/8/2026, 5:14:39 pm | {"api":"/last-submission/:empNo","event":"LAST_SUBMISSION_DB_QUERY_STARTED","empNo":"640","timestamp":"2026-08-04T11:44:39.631Z"}
4/8/2026, 5:14:39 pm | {"api":"/last-submission/:empNo","event":"LAST_SUBMISSION_FETCH_SUCCESS","empNo":"640","amount":275000,"actionAt":"2026-08-03 17:44:02","timestamp":"2026-08-04T11:44:39.807Z"}
4/8/2026, 5:14:40 pm | {"api":"/today-cash/:empNo","event":"TODAY_CASH_API_STARTED","empNo":"640","timestamp":"2026-08-04T11:44:40.050Z"}
4/8/2026, 5:14:40 pm | {"api":"/today-cash/:empNo","event":"TODAY_CASH_DB_QUERY_STARTED","empNo":"640","timestamp":"2026-08-04T11:44:40.051Z"}
4/8/2026, 5:14:40 pm | {"api":"/today-cash/:empNo","event":"TODAY_CASH_NOT_FOUND","empNo":"640","timestamp":"2026-08-04T11:44:40.058Z"}
4/8/2026, 5:14:53 pm | {"api":"/save-cash-closing","event":"SAVE_CASH_API_STARTED","empNo":"640","amount":"80000","timestamp":"2026-08-04T11:44:53.063Z"}
4/8/2026, 5:14:53 pm | {"api":"/save-cash-closing","event":"PREVIOUS_DAY_RECORD_FOUND","empNo":"640","oldDate":"2026-08-03T00:00:00.000Z","amount":275000,"timestamp":"2026-08-04T11:44:53.123Z"}
4/8/2026, 5:14:53 pm | {"api":"/save-cash-closing","event":"PREVIOUS_DAY_MOVED_TO_HISTORY","empNo":"640","timestamp":"2026-08-04T11:44:53.132Z"}
4/8/2026, 5:14:53 pm | {"api":"/save-cash-closing","event":"PREVIOUS_DAY_DELETED","empNo":"640","timestamp":"2026-08-04T11:44:53.148Z"}
4/8/2026, 5:14:53 pm | {"api":"/save-cash-closing","event":"SAVE_CASH_NEW_ENTRY","empNo":"640","amount":"80000","branch":"Akividu","timestamp":"2026-08-04T11:44:53.152Z"}
4/8/2026, 5:14:53 pm | {"api":"/save-cash-closing","event":"SAVE_CASH_HISTORY_INSERTED","empNo":"640","actionType":"ADDED","version":1,"timestamp":"2026-08-04T11:44:53.167Z"}
4/8/2026, 5:14:53 pm | {"api":"/save-cash-closing","event":"SAVE_CASH_SUCCESS","type":"INSERT","empNo":"640","amount":"80000","timestamp":"2026-08-04T11:44:53.168Z"}
4/8/2026, 5:24:26 pm | {"api":"/login","event":"LOGIN_API_STARTED","mpin":"0577","deviceId":"bc0b57a8682b129c","timestamp":"2026-08-04T11:54:26.721Z"}
4/8/2026, 5:24:26 pm | {"event":"LOGIN_REQUEST","mpin":"0577","deviceId":"bc0b57a8682b129c","timestamp":"2026-08-04T11:54:26.722Z"}
4/8/2026, 5:24:26 pm | {"api":"/login","event":"LOGIN_DB_QUERY_STARTED","mpin":"0577","timestamp":"2026-08-04T11:54:26.723Z"}
4/8/2026, 5:24:26 pm | {"api":"/login","event":"LOGIN_USER_FOUND","empNo":"219","branch":"Nidadavolu","designation":"Branch Manager","timestamp":"2026-08-04T11:54:26.742Z"}
4/8/2026, 5:24:26 pm | {"api":"/login","event":"LOGIN_DEVICE_CHECK","empNo":"219","savedDevice":"bc0b57a8682b129c","currentDevice":"bc0b57a8682b129c","timestamp":"2026-08-04T11:54:26.743Z"}
4/8/2026, 5:24:26 pm | {"api":"/login","event":"LOGIN_SUCCESS","empNo":"219","branch":"Nidadavolu","designation":"Branch Manager","loginTime":"2026-08-04T11:54:26.750Z"}
4/8/2026, 5:24:26 pm | {"api":"/employee/:empNo","event":"EMPLOYEE_API_STARTED","empNo":"219","timestamp":"2026-08-04T11:54:26.945Z"}
4/8/2026, 5:24:26 pm | {"api":"/employee/:empNo","event":"EMPLOYEE_DB_QUERY_STARTED","empNo":"219","timestamp":"2026-08-04T11:54:26.946Z"}
4/8/2026, 5:24:26 pm | {"api":"/employee/:empNo","event":"EMPLOYEE_FETCH_SUCCESS","empNo":"219","employeeName":"K. Srinivas","branch":"Nidadavolu","designation":"Branch Manager","timestamp":"2026-08-04T11:54:26.951Z"}
4/8/2026, 5:24:27 pm | {"api":"/last-submission/:empNo","event":"LAST_SUBMISSION_API_STARTED","empNo":"219","timestamp":"2026-08-04T11:54:27.022Z"}
4/8/2026, 5:24:27 pm | {"api":"/last-submission/:empNo","event":"LAST_SUBMISSION_DB_QUERY_STARTED","empNo":"219","timestamp":"2026-08-04T11:54:27.023Z"}
4/8/2026, 5:24:27 pm | {"api":"/last-submission/:empNo","event":"LAST_SUBMISSION_FETCH_SUCCESS","empNo":"219","amount":11519,"actionAt":"2026-08-03 17:47:19","timestamp":"2026-08-04T11:54:27.029Z"}
4/8/2026, 5:24:27 pm | {"api":"/today-cash/:empNo","event":"TODAY_CASH_API_STARTED","empNo":"219","timestamp":"2026-08-04T11:54:27.130Z"}
4/8/2026, 5:24:27 pm | {"api":"/today-cash/:empNo","event":"TODAY_CASH_DB_QUERY_STARTED","empNo":"219","timestamp":"2026-08-04T11:54:27.131Z"}
4/8/2026, 5:24:27 pm | {"api":"/today-cash/:empNo","event":"TODAY_CASH_NOT_FOUND","empNo":"219","timestamp":"2026-08-04T11:54:27.136Z"}
4/8/2026, 5:24:34 pm | {"api":"/save-cash-closing","event":"SAVE_CASH_API_STARTED","empNo":"219","amount":"132069","timestamp":"2026-08-04T11:54:34.492Z"}
4/8/2026, 5:24:34 pm | {"api":"/save-cash-closing","event":"PREVIOUS_DAY_RECORD_FOUND","empNo":"219","oldDate":"2026-08-03T00:00:00.000Z","amount":11519,"timestamp":"2026-08-04T11:54:34.499Z"}
4/8/2026, 5:24:34 pm | {"api":"/save-cash-closing","event":"PREVIOUS_DAY_MOVED_TO_HISTORY","empNo":"219","timestamp":"2026-08-04T11:54:34.504Z"}
4/8/2026, 5:24:34 pm | {"api":"/save-cash-closing","event":"PREVIOUS_DAY_DELETED","empNo":"219","timestamp":"2026-08-04T11:54:34.509Z"}
4/8/2026, 5:24:34 pm | {"api":"/save-cash-closing","event":"SAVE_CASH_NEW_ENTRY","empNo":"219","amount":"132069","branch":"Nidadavolu","timestamp":"2026-08-04T11:54:34.512Z"}
4/8/2026, 5:24:34 pm | {"api":"/save-cash-closing","event":"SAVE_CASH_HISTORY_INSERTED","empNo":"219","actionType":"ADDED","version":1,"timestamp":"2026-08-04T11:54:34.523Z"}
4/8/2026, 5:24:34 pm | {"api":"/save-cash-closing","event":"SAVE_CASH_SUCCESS","type":"INSERT","empNo":"219","amount":"132069","timestamp":"2026-08-04T11:54:34.523Z"}
4/8/2026, 5:30:26 pm | {"api":"/login","event":"LOGIN_API_STARTED","mpin":"2255","deviceId":"8b44da9a73e42658","timestamp":"2026-08-04T12:00:26.649Z"}
4/8/2026, 5:30:26 pm | {"event":"LOGIN_REQUEST","mpin":"2255","deviceId":"8b44da9a73e42658","timestamp":"2026-08-04T12:00:26.650Z"}
4/8/2026, 5:30:26 pm | {"api":"/login","event":"LOGIN_DB_QUERY_STARTED","mpin":"2255","timestamp":"2026-08-04T12:00:26.651Z"}
4/8/2026, 5:30:26 pm | {"api":"/login","event":"LOGIN_USER_FOUND","empNo":"774","branch":"Seetharam Puram","designation":"Branch Manager","timestamp":"2026-08-04T12:00:26.668Z"}
4/8/2026, 5:30:26 pm | {"api":"/login","event":"LOGIN_DEVICE_CHECK","empNo":"774","savedDevice":"8b44da9a73e42658","currentDevice":"8b44da9a73e42658","timestamp":"2026-08-04T12:00:26.669Z"}
4/8/2026, 5:30:26 pm | {"api":"/login","event":"LOGIN_SUCCESS","empNo":"774","branch":"Seetharam Puram","designation":"Branch Manager","loginTime":"2026-08-04T12:00:26.675Z"}
4/8/2026, 5:30:26 pm | {"api":"/employee/:empNo","event":"EMPLOYEE_API_STARTED","empNo":"774","timestamp":"2026-08-04T12:00:26.859Z"}
4/8/2026, 5:30:26 pm | {"api":"/employee/:empNo","event":"EMPLOYEE_DB_QUERY_STARTED","empNo":"774","timestamp":"2026-08-04T12:00:26.860Z"}
4/8/2026, 5:30:26 pm | {"api":"/employee/:empNo","event":"EMPLOYEE_FETCH_SUCCESS","empNo":"774","employeeName":"S Bhavani","branch":"Seetharam Puram","designation":"Branch Manager","timestamp":"2026-08-04T12:00:26.864Z"}
4/8/2026, 5:30:26 pm | {"api":"/last-submission/:empNo","event":"LAST_SUBMISSION_API_STARTED","empNo":"774","timestamp":"2026-08-04T12:00:26.917Z"}
4/8/2026, 5:30:26 pm | {"api":"/last-submission/:empNo","event":"LAST_SUBMISSION_DB_QUERY_STARTED","empNo":"774","timestamp":"2026-08-04T12:00:26.918Z"}
4/8/2026, 5:30:26 pm | {"api":"/last-submission/:empNo","event":"LAST_SUBMISSION_FETCH_SUCCESS","empNo":"774","amount":1200000,"actionAt":"2026-08-03 17:31:42","timestamp":"2026-08-04T12:00:26.924Z"}
4/8/2026, 5:30:26 pm | {"api":"/today-cash/:empNo","event":"TODAY_CASH_API_STARTED","empNo":"774","timestamp":"2026-08-04T12:00:26.998Z"}
4/8/2026, 5:30:26 pm | {"api":"/today-cash/:empNo","event":"TODAY_CASH_DB_QUERY_STARTED","empNo":"774","timestamp":"2026-08-04T12:00:26.999Z"}
4/8/2026, 5:30:27 pm | {"api":"/today-cash/:empNo","event":"TODAY_CASH_NOT_FOUND","empNo":"774","timestamp":"2026-08-04T12:00:27.005Z"}
4/8/2026, 5:30:33 pm | {"api":"/save-cash-closing","event":"SAVE_CASH_API_STARTED","empNo":"774","amount":"900000","timestamp":"2026-08-04T12:00:33.281Z"}
4/8/2026, 5:30:33 pm | {"api":"/save-cash-closing","event":"PREVIOUS_DAY_RECORD_FOUND","empNo":"774","oldDate":"2026-08-03T00:00:00.000Z","amount":1200000,"timestamp":"2026-08-04T12:00:33.294Z"}
4/8/2026, 5:30:33 pm | {"api":"/save-cash-closing","event":"PREVIOUS_DAY_MOVED_TO_HISTORY","empNo":"774","timestamp":"2026-08-04T12:00:33.300Z"}
4/8/2026, 5:30:33 pm | {"api":"/save-cash-closing","event":"PREVIOUS_DAY_DELETED","empNo":"774","timestamp":"2026-08-04T12:00:33.305Z"}
4/8/2026, 5:30:33 pm | {"api":"/save-cash-closing","event":"SAVE_CASH_NEW_ENTRY","empNo":"774","amount":"900000","branch":"Seetharam Puram","timestamp":"2026-08-04T12:00:33.308Z"}
4/8/2026, 5:30:33 pm | {"api":"/save-cash-closing","event":"SAVE_CASH_HISTORY_INSERTED","empNo":"774","actionType":"ADDED","version":1,"timestamp":"2026-08-04T12:00:33.318Z"}
4/8/2026, 5:30:33 pm | {"api":"/save-cash-closing","event":"SAVE_CASH_SUCCESS","type":"INSERT","empNo":"774","amount":"900000","timestamp":"2026-08-04T12:00:33.319Z"}
4/8/2026, 5:33:51 pm | {"api":"/login","event":"LOGIN_API_STARTED","mpin":"2604","deviceId":"00d675f8d00433da","timestamp":"2026-08-04T12:03:51.685Z"}
4/8/2026, 5:33:51 pm | {"event":"LOGIN_REQUEST","mpin":"2604","deviceId":"00d675f8d00433da","timestamp":"2026-08-04T12:03:51.686Z"}
4/8/2026, 5:33:51 pm | {"api":"/login","event":"LOGIN_DB_QUERY_STARTED","mpin":"2604","timestamp":"2026-08-04T12:03:51.687Z"}
4/8/2026, 5:33:51 pm | {"api":"/login","event":"LOGIN_USER_FOUND","empNo":"743","branch":"Chintalapudi","designation":"Branch Manager","timestamp":"2026-08-04T12:03:51.706Z"}
4/8/2026, 5:33:51 pm | {"api":"/login","event":"LOGIN_DEVICE_CHECK","empNo":"743","savedDevice":"00d675f8d00433da","currentDevice":"00d675f8d00433da","timestamp":"2026-08-04T12:03:51.707Z"}
4/8/2026, 5:33:51 pm | {"api":"/login","event":"LOGIN_SUCCESS","empNo":"743","branch":"Chintalapudi","designation":"Branch Manager","loginTime":"2026-08-04T12:03:51.712Z"}
4/8/2026, 5:33:51 pm | {"api":"/employee/:empNo","event":"EMPLOYEE_API_STARTED","empNo":"743","timestamp":"2026-08-04T12:03:51.911Z"}
4/8/2026, 5:33:51 pm | {"api":"/employee/:empNo","event":"EMPLOYEE_DB_QUERY_STARTED","empNo":"743","timestamp":"2026-08-04T12:03:51.911Z"}
4/8/2026, 5:33:51 pm | {"api":"/employee/:empNo","event":"EMPLOYEE_FETCH_SUCCESS","empNo":"743","employeeName":"Kethavath Chandra Kumar Naik","branch":"Chintalapudi","designation":"Branch Manager","timestamp":"2026-08-04T12:03:51.917Z"}
4/8/2026, 5:33:51 pm | {"api":"/last-submission/:empNo","event":"LAST_SUBMISSION_API_STARTED","empNo":"743","timestamp":"2026-08-04T12:03:51.983Z"}
4/8/2026, 5:33:51 pm | {"api":"/last-submission/:empNo","event":"LAST_SUBMISSION_DB_QUERY_STARTED","empNo":"743","timestamp":"2026-08-04T12:03:51.984Z"}
4/8/2026, 5:33:51 pm | {"api":"/last-submission/:empNo","event":"LAST_SUBMISSION_FETCH_SUCCESS","empNo":"743","amount":1800000,"actionAt":"2026-08-03 17:35:53","timestamp":"2026-08-04T12:03:51.992Z"}
4/8/2026, 5:33:52 pm | {"api":"/today-cash/:empNo","event":"TODAY_CASH_API_STARTED","empNo":"743","timestamp":"2026-08-04T12:03:52.123Z"}
4/8/2026, 5:33:52 pm | {"api":"/today-cash/:empNo","event":"TODAY_CASH_DB_QUERY_STARTED","empNo":"743","timestamp":"2026-08-04T12:03:52.125Z"}
4/8/2026, 5:33:52 pm | {"api":"/today-cash/:empNo","event":"TODAY_CASH_NOT_FOUND","empNo":"743","timestamp":"2026-08-04T12:03:52.130Z"}
4/8/2026, 5:34:35 pm | {"api":"/login","event":"LOGIN_API_STARTED","mpin":"1977","deviceId":"e7e9d11886e60564","timestamp":"2026-08-04T12:04:35.118Z"}
4/8/2026, 5:34:35 pm | {"event":"LOGIN_REQUEST","mpin":"1977","deviceId":"e7e9d11886e60564","timestamp":"2026-08-04T12:04:35.119Z"}
4/8/2026, 5:34:35 pm | {"api":"/login","event":"LOGIN_DB_QUERY_STARTED","mpin":"1977","timestamp":"2026-08-04T12:04:35.120Z"}
4/8/2026, 5:34:35 pm | {"api":"/login","event":"LOGIN_USER_FOUND","empNo":"413","branch":"One Town","designation":"Branch Manager","timestamp":"2026-08-04T12:04:35.139Z"}
4/8/2026, 5:34:35 pm | {"api":"/login","event":"LOGIN_DEVICE_CHECK","empNo":"413","savedDevice":"e7e9d11886e60564","currentDevice":"e7e9d11886e60564","timestamp":"2026-08-04T12:04:35.140Z"}
4/8/2026, 5:34:35 pm | {"api":"/login","event":"LOGIN_SUCCESS","empNo":"413","branch":"One Town","designation":"Branch Manager","loginTime":"2026-08-04T12:04:35.146Z"}
4/8/2026, 5:34:35 pm | {"api":"/employee/:empNo","event":"EMPLOYEE_API_STARTED","empNo":"413","timestamp":"2026-08-04T12:04:35.278Z"}
4/8/2026, 5:34:35 pm | {"api":"/employee/:empNo","event":"EMPLOYEE_DB_QUERY_STARTED","empNo":"413","timestamp":"2026-08-04T12:04:35.279Z"}
4/8/2026, 5:34:35 pm | {"api":"/employee/:empNo","event":"EMPLOYEE_FETCH_SUCCESS","empNo":"413","employeeName":"A.N.V.Krishna Prasad","branch":"One Town","designation":"Branch Manager","timestamp":"2026-08-04T12:04:35.283Z"}
4/8/2026, 5:34:35 pm | {"api":"/last-submission/:empNo","event":"LAST_SUBMISSION_API_STARTED","empNo":"413","timestamp":"2026-08-04T12:04:35.327Z"}
4/8/2026, 5:34:35 pm | {"api":"/last-submission/:empNo","event":"LAST_SUBMISSION_DB_QUERY_STARTED","empNo":"413","timestamp":"2026-08-04T12:04:35.328Z"}
4/8/2026, 5:34:35 pm | {"api":"/last-submission/:empNo","event":"LAST_SUBMISSION_FETCH_SUCCESS","empNo":"413","amount":1442000,"actionAt":"2026-08-03 18:07:13","timestamp":"2026-08-04T12:04:35.333Z"}
4/8/2026, 5:34:35 pm | {"api":"/today-cash/:empNo","event":"TODAY_CASH_API_STARTED","empNo":"413","timestamp":"2026-08-04T12:04:35.513Z"}
4/8/2026, 5:34:35 pm | {"api":"/today-cash/:empNo","event":"TODAY_CASH_DB_QUERY_STARTED","empNo":"413","timestamp":"2026-08-04T12:04:35.514Z"}
4/8/2026, 5:34:35 pm | {"api":"/today-cash/:empNo","event":"TODAY_CASH_NOT_FOUND","empNo":"413","timestamp":"2026-08-04T12:04:35.519Z"}
4/8/2026, 5:34:50 pm | {"api":"/save-cash-closing","event":"SAVE_CASH_API_STARTED","empNo":"413","amount":"1250000","timestamp":"2026-08-04T12:04:50.602Z"}
4/8/2026, 5:34:50 pm | {"api":"/save-cash-closing","event":"PREVIOUS_DAY_RECORD_FOUND","empNo":"413","oldDate":"2026-08-03T00:00:00.000Z","amount":1442000,"timestamp":"2026-08-04T12:04:50.609Z"}
4/8/2026, 5:34:50 pm | {"api":"/save-cash-closing","event":"PREVIOUS_DAY_MOVED_TO_HISTORY","empNo":"413","timestamp":"2026-08-04T12:04:50.615Z"}
4/8/2026, 5:34:50 pm | {"api":"/save-cash-closing","event":"PREVIOUS_DAY_DELETED","empNo":"413","timestamp":"2026-08-04T12:04:50.620Z"}
4/8/2026, 5:34:50 pm | {"api":"/save-cash-closing","event":"SAVE_CASH_NEW_ENTRY","empNo":"413","amount":"1250000","branch":"One Town","timestamp":"2026-08-04T12:04:50.623Z"}
4/8/2026, 5:34:50 pm | {"api":"/save-cash-closing","event":"SAVE_CASH_HISTORY_INSERTED","empNo":"413","actionType":"ADDED","version":1,"timestamp":"2026-08-04T12:04:50.634Z"}
4/8/2026, 5:34:50 pm | {"api":"/save-cash-closing","event":"SAVE_CASH_SUCCESS","type":"INSERT","empNo":"413","amount":"1250000","timestamp":"2026-08-04T12:04:50.635Z"}
4/8/2026, 5:35:48 pm | {"api":"/login","event":"LOGIN_API_STARTED","mpin":"2026","deviceId":"dec044151185181b","timestamp":"2026-08-04T12:05:48.217Z"}
4/8/2026, 5:35:48 pm | {"event":"LOGIN_REQUEST","mpin":"2026","deviceId":"dec044151185181b","timestamp":"2026-08-04T12:05:48.218Z"}
4/8/2026, 5:35:48 pm | {"api":"/login","event":"LOGIN_DB_QUERY_STARTED","mpin":"2026","timestamp":"2026-08-04T12:05:48.218Z"}
4/8/2026, 5:35:48 pm | {"api":"/login","event":"LOGIN_USER_FOUND","empNo":"282","branch":"Jangareddygudem","designation":"Branch Manager","timestamp":"2026-08-04T12:05:48.229Z"}
4/8/2026, 5:35:48 pm | {"api":"/login","event":"LOGIN_DEVICE_CHECK","empNo":"282","savedDevice":"4405d0fdd72975ca","currentDevice":"dec044151185181b","timestamp":"2026-08-04T12:05:48.230Z"}
4/8/2026, 5:35:48 pm | {"api":"/login","event":"LOGIN_BLOCKED_DEVICE","empNo":"282","savedDevice":"4405d0fdd72975ca","currentDevice":"dec044151185181b","timestamp":"2026-08-04T12:05:48.230Z"}
4/8/2026, 5:36:07 pm | {"api":"/login","event":"LOGIN_API_STARTED","mpin":"0022","deviceId":"dec044151185181b","timestamp":"2026-08-04T12:06:07.651Z"}
4/8/2026, 5:36:07 pm | {"event":"LOGIN_REQUEST","mpin":"0022","deviceId":"dec044151185181b","timestamp":"2026-08-04T12:06:07.652Z"}
4/8/2026, 5:36:07 pm | {"api":"/login","event":"LOGIN_DB_QUERY_STARTED","mpin":"0022","timestamp":"2026-08-04T12:06:07.653Z"}
4/8/2026, 5:36:07 pm | {"api":"/login","event":"LOGIN_USER_FOUND","empNo":"882","branch":"Jaggaiahpet","designation":"Branch Manager","timestamp":"2026-08-04T12:06:07.660Z"}
4/8/2026, 5:36:07 pm | {"api":"/login","event":"LOGIN_DEVICE_CHECK","empNo":"882","savedDevice":"dec044151185181b","currentDevice":"dec044151185181b","timestamp":"2026-08-04T12:06:07.661Z"}
4/8/2026, 5:36:07 pm | {"api":"/login","event":"LOGIN_SUCCESS","empNo":"882","branch":"Jaggaiahpet","designation":"Branch Manager","loginTime":"2026-08-04T12:06:07.667Z"}
4/8/2026, 5:36:07 pm | {"api":"/employee/:empNo","event":"EMPLOYEE_API_STARTED","empNo":"882","timestamp":"2026-08-04T12:06:07.881Z"}
4/8/2026, 5:36:07 pm | {"api":"/employee/:empNo","event":"EMPLOYEE_DB_QUERY_STARTED","empNo":"882","timestamp":"2026-08-04T12:06:07.882Z"}
4/8/2026, 5:36:07 pm | {"api":"/employee/:empNo","event":"EMPLOYEE_FETCH_SUCCESS","empNo":"882","employeeName":"K Brahma Rao","branch":"Jaggaiahpet","designation":"Branch Manager","timestamp":"2026-08-04T12:06:07.886Z"}
4/8/2026, 5:36:08 pm | {"api":"/last-submission/:empNo","event":"LAST_SUBMISSION_API_STARTED","empNo":"882","timestamp":"2026-08-04T12:06:08.000Z"}
4/8/2026, 5:36:08 pm | {"api":"/last-submission/:empNo","event":"LAST_SUBMISSION_DB_QUERY_STARTED","empNo":"882","timestamp":"2026-08-04T12:06:08.001Z"}
4/8/2026, 5:36:08 pm | {"api":"/last-submission/:empNo","event":"LAST_SUBMISSION_FETCH_SUCCESS","empNo":"882","amount":1500000,"actionAt":"2026-08-03 17:37:32","timestamp":"2026-08-04T12:06:08.007Z"}
4/8/2026, 5:36:08 pm | {"api":"/today-cash/:empNo","event":"TODAY_CASH_API_STARTED","empNo":"882","timestamp":"2026-08-04T12:06:08.164Z"}
4/8/2026, 5:36:08 pm | {"api":"/today-cash/:empNo","event":"TODAY_CASH_DB_QUERY_STARTED","empNo":"882","timestamp":"2026-08-04T12:06:08.165Z"}
4/8/2026, 5:36:08 pm | {"api":"/today-cash/:empNo","event":"TODAY_CASH_NOT_FOUND","empNo":"882","timestamp":"2026-08-04T12:06:08.171Z"}
4/8/2026, 5:36:18 pm | {"api":"/save-cash-closing","event":"SAVE_CASH_API_STARTED","empNo":"882","amount":"500000","timestamp":"2026-08-04T12:06:18.890Z"}
4/8/2026, 5:36:18 pm | {"api":"/save-cash-closing","event":"PREVIOUS_DAY_RECORD_FOUND","empNo":"882","oldDate":"2026-08-03T00:00:00.000Z","amount":1500000,"timestamp":"2026-08-04T12:06:18.896Z"}
4/8/2026, 5:36:18 pm | {"api":"/save-cash-closing","event":"PREVIOUS_DAY_MOVED_TO_HISTORY","empNo":"882","timestamp":"2026-08-04T12:06:18.902Z"}
4/8/2026, 5:36:18 pm | {"api":"/save-cash-closing","event":"PREVIOUS_DAY_DELETED","empNo":"882","timestamp":"2026-08-04T12:06:18.908Z"}
4/8/2026, 5:36:18 pm | {"api":"/save-cash-closing","event":"SAVE_CASH_NEW_ENTRY","empNo":"882","amount":"500000","branch":"Jaggaiahpet","timestamp":"2026-08-04T12:06:18.910Z"}
4/8/2026, 5:36:18 pm | {"api":"/save-cash-closing","event":"SAVE_CASH_HISTORY_INSERTED","empNo":"882","actionType":"ADDED","version":1,"timestamp":"2026-08-04T12:06:18.920Z"}
4/8/2026, 5:36:18 pm | {"api":"/save-cash-closing","event":"SAVE_CASH_SUCCESS","type":"INSERT","empNo":"882","amount":"500000","timestamp":"2026-08-04T12:06:18.921Z"}
4/8/2026, 5:36:26 pm | {"api":"/save-cash-closing","event":"SAVE_CASH_API_STARTED","empNo":"882","amount":"500000","timestamp":"2026-08-04T12:06:26.491Z"}
4/8/2026, 5:36:26 pm | {"api":"/save-cash-closing","event":"SAVE_CASH_UPDATE_STARTED","empNo":"882","oldAmount":500000,"newAmount":"500000","currentVersion":1,"nextVersion":2,"timestamp":"2026-08-04T12:06:26.500Z"}
4/8/2026, 5:36:26 pm | {"api":"/save-cash-closing","event":"SAVE_CASH_HISTORY_UPDATED","empNo":"882","version":2,"timestamp":"2026-08-04T12:06:26.514Z"}
4/8/2026, 5:36:26 pm | {"api":"/save-cash-closing","event":"SAVE_CASH_SUCCESS","type":"UPDATE","empNo":"882","amount":"500000","version":2,"timestamp":"2026-08-04T12:06:26.515Z"}
4/8/2026, 5:38:13 pm | {"api":"/login","event":"LOGIN_API_STARTED","mpin":"3495","deviceId":"521554679bb8a1a3","timestamp":"2026-08-04T12:08:13.401Z"}
4/8/2026, 5:38:13 pm | {"event":"LOGIN_REQUEST","mpin":"3495","deviceId":"521554679bb8a1a3","timestamp":"2026-08-04T12:08:13.402Z"}
4/8/2026, 5:38:13 pm | {"api":"/login","event":"LOGIN_DB_QUERY_STARTED","mpin":"3495","timestamp":"2026-08-04T12:08:13.403Z"}
4/8/2026, 5:38:13 pm | {"api":"/login","event":"LOGIN_USER_FOUND","empNo":"741","branch":"Undavalli","designation":"Branch Manager","timestamp":"2026-08-04T12:08:13.418Z"}
4/8/2026, 5:38:13 pm | {"api":"/login","event":"LOGIN_DEVICE_CHECK","empNo":"741","savedDevice":"521554679bb8a1a3","currentDevice":"521554679bb8a1a3","timestamp":"2026-08-04T12:08:13.419Z"}
4/8/2026, 5:38:13 pm | {"api":"/login","event":"LOGIN_SUCCESS","empNo":"741","branch":"Undavalli","designation":"Branch Manager","loginTime":"2026-08-04T12:08:13.425Z"}
4/8/2026, 5:38:13 pm | {"api":"/employee/:empNo","event":"EMPLOYEE_API_STARTED","empNo":"741","timestamp":"2026-08-04T12:08:13.680Z"}
4/8/2026, 5:38:13 pm | {"api":"/employee/:empNo","event":"EMPLOYEE_DB_QUERY_STARTED","empNo":"741","timestamp":"2026-08-04T12:08:13.681Z"}
4/8/2026, 5:38:13 pm | {"api":"/employee/:empNo","event":"EMPLOYEE_FETCH_SUCCESS","empNo":"741","employeeName":"Y Mutyala Naidu","branch":"Undavalli","designation":"Branch Manager","timestamp":"2026-08-04T12:08:13.686Z"}
4/8/2026, 5:38:13 pm | {"api":"/last-submission/:empNo","event":"LAST_SUBMISSION_API_STARTED","empNo":"741","timestamp":"2026-08-04T12:08:13.761Z"}
4/8/2026, 5:38:13 pm | {"api":"/last-submission/:empNo","event":"LAST_SUBMISSION_DB_QUERY_STARTED","empNo":"741","timestamp":"2026-08-04T12:08:13.762Z"}
4/8/2026, 5:38:13 pm | {"api":"/last-submission/:empNo","event":"LAST_SUBMISSION_FETCH_SUCCESS","empNo":"741","amount":1037000,"actionAt":"2026-08-03 17:42:07","timestamp":"2026-08-04T12:08:13.767Z"}
4/8/2026, 5:38:13 pm | {"api":"/today-cash/:empNo","event":"TODAY_CASH_API_STARTED","empNo":"741","timestamp":"2026-08-04T12:08:13.990Z"}
4/8/2026, 5:38:13 pm | {"api":"/today-cash/:empNo","event":"TODAY_CASH_DB_QUERY_STARTED","empNo":"741","timestamp":"2026-08-04T12:08:13.991Z"}
4/8/2026, 5:38:13 pm | {"api":"/today-cash/:empNo","event":"TODAY_CASH_NOT_FOUND","empNo":"741","timestamp":"2026-08-04T12:08:13.996Z"}
4/8/2026, 5:38:27 pm | {"api":"/save-cash-closing","event":"SAVE_CASH_API_STARTED","empNo":"741","amount":"635000","timestamp":"2026-08-04T12:08:27.850Z"}
4/8/2026, 5:38:27 pm | {"api":"/save-cash-closing","event":"PREVIOUS_DAY_RECORD_FOUND","empNo":"741","oldDate":"2026-08-03T00:00:00.000Z","amount":1037000,"timestamp":"2026-08-04T12:08:27.861Z"}
4/8/2026, 5:38:27 pm | {"api":"/save-cash-closing","event":"PREVIOUS_DAY_MOVED_TO_HISTORY","empNo":"741","timestamp":"2026-08-04T12:08:27.870Z"}
4/8/2026, 5:38:27 pm | {"api":"/save-cash-closing","event":"PREVIOUS_DAY_DELETED","empNo":"741","timestamp":"2026-08-04T12:08:27.876Z"}
4/8/2026, 5:38:27 pm | {"api":"/save-cash-closing","event":"SAVE_CASH_NEW_ENTRY","empNo":"741","amount":"635000","branch":"Undavalli","timestamp":"2026-08-04T12:08:27.879Z"}
4/8/2026, 5:38:27 pm | {"api":"/save-cash-closing","event":"SAVE_CASH_HISTORY_INSERTED","empNo":"741","actionType":"ADDED","version":1,"timestamp":"2026-08-04T12:08:27.889Z"}
4/8/2026, 5:38:27 pm | {"api":"/save-cash-closing","event":"SAVE_CASH_SUCCESS","type":"INSERT","empNo":"741","amount":"635000","timestamp":"2026-08-04T12:08:27.890Z"}
4/8/2026, 5:39:35 pm | {"api":"/login","event":"LOGIN_API_STARTED","mpin":"1980","deviceId":"4c2742e394e3e754","timestamp":"2026-08-04T12:09:35.870Z"}
4/8/2026, 5:39:35 pm | {"event":"LOGIN_REQUEST","mpin":"1980","deviceId":"4c2742e394e3e754","timestamp":"2026-08-04T12:09:35.871Z"}
4/8/2026, 5:39:35 pm | {"api":"/login","event":"LOGIN_DB_QUERY_STARTED","mpin":"1980","timestamp":"2026-08-04T12:09:35.872Z"}
4/8/2026, 5:39:35 pm | {"api":"/login","event":"LOGIN_USER_FOUND","empNo":"544","branch":"Lingapuram","designation":"Branch Manager","timestamp":"2026-08-04T12:09:35.890Z"}
4/8/2026, 5:39:35 pm | {"api":"/login","event":"LOGIN_DEVICE_CHECK","empNo":"544","savedDevice":"d99a65c1c671a184","currentDevice":"4c2742e394e3e754","timestamp":"2026-08-04T12:09:35.891Z"}
4/8/2026, 5:39:35 pm | {"api":"/login","event":"LOGIN_BLOCKED_DEVICE","empNo":"544","savedDevice":"d99a65c1c671a184","currentDevice":"4c2742e394e3e754","timestamp":"2026-08-04T12:09:35.892Z"}
4/8/2026, 5:39:42 pm | {"api":"/api/cash-closing-dashboard","event":"CASH_CLOSING_DASHBOARD_API_STARTED","filters":{"cluster":"","branch":"","fromDate":"","toDate":"","status":""},"timestamp":"2026-08-04T12:09:42.105Z"}
4/8/2026, 5:39:42 pm | {"api":"/api/cash-closing-dashboard","event":"CASH_CLOSING_DASHBOARD_DB_CONNECTED","timestamp":"2026-08-04T12:09:42.106Z"}
4/8/2026, 5:39:42 pm | {"api":"/api/cash-closing-dashboard","event":"CASH_CLOSING_DASHBOARD_QUERY_STARTED","filters":{"cluster":"","branch":"","fromDate":"","toDate":"","status":""},"timestamp":"2026-08-04T12:09:42.107Z"}
4/8/2026, 5:39:42 pm | {"api":"/api/cash-closing-dashboard","event":"CASH_CLOSING_DASHBOARD_DATA_FETCHED","totalRecords":56,"timestamp":"2026-08-04T12:09:42.134Z"}
4/8/2026, 5:39:42 pm | {"api":"/api/cash-closing-dashboard","event":"CASH_CLOSING_CLUSTER_FETCHED","totalClusters":5,"timestamp":"2026-08-04T12:09:42.140Z"}
4/8/2026, 5:39:42 pm | {"api":"/api/cash-closing-dashboard","event":"CASH_CLOSING_BRANCH_FETCHED","totalBranches":62,"timestamp":"2026-08-04T12:09:42.146Z"}
4/8/2026, 5:39:42 pm | {"api":"/api/cash-closing-dashboard","event":"CASH_CLOSING_DASHBOARD_SUCCESS","totalRecords":56,"filters":{"cluster":"","branch":"","fromDate":"","toDate":"","status":""},"timestamp":"2026-08-04T12:09:42.147Z"}
4/8/2026, 5:39:44 pm | {"api":"/api/cash-closing-dashboard","event":"CASH_CLOSING_DASHBOARD_API_STARTED","filters":{"cluster":"","branch":"","fromDate":"","toDate":"","status":""},"timestamp":"2026-08-04T12:09:44.562Z"}
4/8/2026, 5:39:44 pm | {"api":"/api/cash-closing-dashboard","event":"CASH_CLOSING_DASHBOARD_DB_CONNECTED","timestamp":"2026-08-04T12:09:44.563Z"}
4/8/2026, 5:39:44 pm | {"api":"/api/cash-closing-dashboard","event":"CASH_CLOSING_DASHBOARD_QUERY_STARTED","filters":{"cluster":"","branch":"","fromDate":"","toDate":"","status":""},"timestamp":"2026-08-04T12:09:44.564Z"}
4/8/2026, 5:39:44 pm | {"api":"/api/cash-closing-dashboard","event":"CASH_CLOSING_DASHBOARD_DATA_FETCHED","totalRecords":56,"timestamp":"2026-08-04T12:09:44.572Z"}
4/8/2026, 5:39:44 pm | {"api":"/api/cash-closing-dashboard","event":"CASH_CLOSING_CLUSTER_FETCHED","totalClusters":5,"timestamp":"2026-08-04T12:09:44.576Z"}
4/8/2026, 5:39:44 pm | {"api":"/api/cash-closing-dashboard","event":"CASH_CLOSING_BRANCH_FETCHED","totalBranches":62,"timestamp":"2026-08-04T12:09:44.579Z"}
4/8/2026, 5:39:44 pm | {"api":"/api/cash-closing-dashboard","event":"CASH_CLOSING_DASHBOARD_SUCCESS","totalRecords":56,"filters":{"cluster":"","branch":"","fromDate":"","toDate":"","status":""},"timestamp":"2026-08-04T12:09:44.580Z"}
4/8/2026, 5:39:44 pm | {"api":"/login","event":"LOGIN_API_STARTED","mpin":"1982","deviceId":"4c2742e394e3e754","timestamp":"2026-08-04T12:09:44.638Z"}
4/8/2026, 5:39:44 pm | {"event":"LOGIN_REQUEST","mpin":"1982","deviceId":"4c2742e394e3e754","timestamp":"2026-08-04T12:09:44.639Z"}
4/8/2026, 5:39:44 pm | {"api":"/login","event":"LOGIN_DB_QUERY_STARTED","mpin":"1982","timestamp":"2026-08-04T12:09:44.640Z"}
4/8/2026, 5:39:44 pm | {"api":"/login","event":"LOGIN_USER_FOUND","empNo":"255","branch":"Gannavaram","designation":"Branch Manager","timestamp":"2026-08-04T12:09:44.647Z"}
4/8/2026, 5:39:44 pm | {"api":"/login","event":"LOGIN_DEVICE_CHECK","empNo":"255","savedDevice":"4c2742e394e3e754","currentDevice":"4c2742e394e3e754","timestamp":"2026-08-04T12:09:44.648Z"}
4/8/2026, 5:39:44 pm | {"api":"/login","event":"LOGIN_SUCCESS","empNo":"255","branch":"Gannavaram","designation":"Branch Manager","loginTime":"2026-08-04T12:09:44.676Z"}
4/8/2026, 5:39:44 pm | {"api":"/employee/:empNo","event":"EMPLOYEE_API_STARTED","empNo":"255","timestamp":"2026-08-04T12:09:44.792Z"}
4/8/2026, 5:39:44 pm | {"api":"/employee/:empNo","event":"EMPLOYEE_DB_QUERY_STARTED","empNo":"255","timestamp":"2026-08-04T12:09:44.793Z"}
4/8/2026, 5:39:44 pm | {"api":"/employee/:empNo","event":"EMPLOYEE_FETCH_SUCCESS","empNo":"255","employeeName":"Rajendra Kumar T","branch":"Gannavaram","designation":"Branch Manager","timestamp":"2026-08-04T12:09:44.799Z"}
4/8/2026, 5:39:44 pm | {"api":"/last-submission/:empNo","event":"LAST_SUBMISSION_API_STARTED","empNo":"255","timestamp":"2026-08-04T12:09:44.844Z"}
4/8/2026, 5:39:44 pm | {"api":"/last-submission/:empNo","event":"LAST_SUBMISSION_DB_QUERY_STARTED","empNo":"255","timestamp":"2026-08-04T12:09:44.844Z"}
4/8/2026, 5:39:44 pm | {"api":"/last-submission/:empNo","event":"LAST_SUBMISSION_FETCH_SUCCESS","empNo":"255","amount":797401,"actionAt":"2026-08-03 17:54:27","timestamp":"2026-08-04T12:09:44.849Z"}
4/8/2026, 5:39:45 pm | {"api":"/today-cash/:empNo","event":"TODAY_CASH_API_STARTED","empNo":"255","timestamp":"2026-08-04T12:09:45.048Z"}
4/8/2026, 5:39:45 pm | {"api":"/today-cash/:empNo","event":"TODAY_CASH_DB_QUERY_STARTED","empNo":"255","timestamp":"2026-08-04T12:09:45.049Z"}
4/8/2026, 5:39:45 pm | {"api":"/today-cash/:empNo","event":"TODAY_CASH_NOT_FOUND","empNo":"255","timestamp":"2026-08-04T12:09:45.059Z"}
4/8/2026, 5:39:57 pm | {"api":"/save-cash-closing","event":"SAVE_CASH_API_STARTED","empNo":"255","amount":"925431","timestamp":"2026-08-04T12:09:57.034Z"}
4/8/2026, 5:39:57 pm | {"api":"/save-cash-closing","event":"PREVIOUS_DAY_RECORD_FOUND","empNo":"255","oldDate":"2026-08-03T00:00:00.000Z","amount":797401,"timestamp":"2026-08-04T12:09:57.041Z"}
4/8/2026, 5:39:57 pm | {"api":"/save-cash-closing","event":"PREVIOUS_DAY_MOVED_TO_HISTORY","empNo":"255","timestamp":"2026-08-04T12:09:57.047Z"}
4/8/2026, 5:39:57 pm | {"api":"/save-cash-closing","event":"PREVIOUS_DAY_DELETED","empNo":"255","timestamp":"2026-08-04T12:09:57.052Z"}
4/8/2026, 5:39:57 pm | {"api":"/save-cash-closing","event":"SAVE_CASH_NEW_ENTRY","empNo":"255","amount":"925431","branch":"Gannavaram","timestamp":"2026-08-04T12:09:57.054Z"}
4/8/2026, 5:39:57 pm | {"api":"/save-cash-closing","event":"SAVE_CASH_HISTORY_INSERTED","empNo":"255","actionType":"ADDED","version":1,"timestamp":"2026-08-04T12:09:57.067Z"}
4/8/2026, 5:39:57 pm | {"api":"/save-cash-closing","event":"SAVE_CASH_SUCCESS","type":"INSERT","empNo":"255","amount":"925431","timestamp":"2026-08-04T12:09:57.068Z"}
4/8/2026, 5:40:50 pm | {"api":"/login","event":"LOGIN_API_STARTED","mpin":"0143","deviceId":"e6ca8319c9275ebb","timestamp":"2026-08-04T12:10:50.168Z"}
4/8/2026, 5:40:50 pm | {"event":"LOGIN_REQUEST","mpin":"0143","deviceId":"e6ca8319c9275ebb","timestamp":"2026-08-04T12:10:50.169Z"}
4/8/2026, 5:40:50 pm | {"api":"/login","event":"LOGIN_DB_QUERY_STARTED","mpin":"0143","timestamp":"2026-08-04T12:10:50.170Z"}
4/8/2026, 5:40:50 pm | {"api":"/login","event":"LOGIN_USER_FOUND","empNo":"519","branch":"Mopidevi","designation":"Branch Manager","timestamp":"2026-08-04T12:10:50.182Z"}
4/8/2026, 5:40:50 pm | {"api":"/login","event":"LOGIN_DEVICE_CHECK","empNo":"519","savedDevice":"e6ca8319c9275ebb","currentDevice":"e6ca8319c9275ebb","timestamp":"2026-08-04T12:10:50.183Z"}
4/8/2026, 5:40:50 pm | {"api":"/login","event":"LOGIN_SUCCESS","empNo":"519","branch":"Mopidevi","designation":"Branch Manager","loginTime":"2026-08-04T12:10:50.188Z"}
4/8/2026, 5:40:50 pm | {"api":"/employee/:empNo","event":"EMPLOYEE_API_STARTED","empNo":"519","timestamp":"2026-08-04T12:10:50.338Z"}
4/8/2026, 5:40:50 pm | {"api":"/employee/:empNo","event":"EMPLOYEE_DB_QUERY_STARTED","empNo":"519","timestamp":"2026-08-04T12:10:50.338Z"}
4/8/2026, 5:40:50 pm | {"api":"/employee/:empNo","event":"EMPLOYEE_FETCH_SUCCESS","empNo":"519","employeeName":"Ch Harish Babu","branch":"Mopidevi","designation":"Branch Manager","timestamp":"2026-08-04T12:10:50.343Z"}
4/8/2026, 5:40:50 pm | {"api":"/last-submission/:empNo","event":"LAST_SUBMISSION_API_STARTED","empNo":"519","timestamp":"2026-08-04T12:10:50.392Z"}
4/8/2026, 5:40:50 pm | {"api":"/last-submission/:empNo","event":"LAST_SUBMISSION_DB_QUERY_STARTED","empNo":"519","timestamp":"2026-08-04T12:10:50.393Z"}
4/8/2026, 5:40:50 pm | {"api":"/last-submission/:empNo","event":"LAST_SUBMISSION_FETCH_SUCCESS","empNo":"519","amount":950000,"actionAt":"2026-08-03 18:03:02","timestamp":"2026-08-04T12:10:50.398Z"}
4/8/2026, 5:40:50 pm | {"api":"/today-cash/:empNo","event":"TODAY_CASH_API_STARTED","empNo":"519","timestamp":"2026-08-04T12:10:50.559Z"}
4/8/2026, 5:40:50 pm | {"api":"/today-cash/:empNo","event":"TODAY_CASH_DB_QUERY_STARTED","empNo":"519","timestamp":"2026-08-04T12:10:50.560Z"}
4/8/2026, 5:40:50 pm | {"api":"/today-cash/:empNo","event":"TODAY_CASH_NOT_FOUND","empNo":"519","timestamp":"2026-08-04T12:10:50.565Z"}
4/8/2026, 5:40:58 pm | {"api":"/save-cash-closing","event":"SAVE_CASH_API_STARTED","empNo":"519","amount":"590000","timestamp":"2026-08-04T12:10:58.941Z"}
4/8/2026, 5:40:58 pm | {"api":"/save-cash-closing","event":"PREVIOUS_DAY_RECORD_FOUND","empNo":"519","oldDate":"2026-08-03T00:00:00.000Z","amount":950000,"timestamp":"2026-08-04T12:10:58.948Z"}
4/8/2026, 5:40:58 pm | {"api":"/save-cash-closing","event":"PREVIOUS_DAY_MOVED_TO_HISTORY","empNo":"519","timestamp":"2026-08-04T12:10:58.954Z"}
4/8/2026, 5:40:58 pm | {"api":"/save-cash-closing","event":"PREVIOUS_DAY_DELETED","empNo":"519","timestamp":"2026-08-04T12:10:58.960Z"}
4/8/2026, 5:40:58 pm | {"api":"/save-cash-closing","event":"SAVE_CASH_NEW_ENTRY","empNo":"519","amount":"590000","branch":"Mopidevi","timestamp":"2026-08-04T12:10:58.963Z"}
4/8/2026, 5:40:58 pm | {"api":"/save-cash-closing","event":"SAVE_CASH_HISTORY_INSERTED","empNo":"519","actionType":"ADDED","version":1,"timestamp":"2026-08-04T12:10:58.980Z"}
4/8/2026, 5:40:58 pm | {"api":"/save-cash-closing","event":"SAVE_CASH_SUCCESS","type":"INSERT","empNo":"519","amount":"590000","timestamp":"2026-08-04T12:10:58.981Z"}
4/8/2026, 5:41:08 pm | {"api":"/save-cash-closing","event":"SAVE_CASH_API_STARTED","empNo":"519","amount":"590000","timestamp":"2026-08-04T12:11:08.436Z"}
4/8/2026, 5:41:08 pm | {"api":"/save-cash-closing","event":"SAVE_CASH_UPDATE_STARTED","empNo":"519","oldAmount":590000,"newAmount":"590000","currentVersion":1,"nextVersion":2,"timestamp":"2026-08-04T12:11:08.444Z"}
4/8/2026, 5:41:08 pm | {"api":"/save-cash-closing","event":"SAVE_CASH_HISTORY_UPDATED","empNo":"519","version":2,"timestamp":"2026-08-04T12:11:08.454Z"}
4/8/2026, 5:41:08 pm | {"api":"/save-cash-closing","event":"SAVE_CASH_SUCCESS","type":"UPDATE","empNo":"519","amount":"590000","version":2,"timestamp":"2026-08-04T12:11:08.454Z"}
4/8/2026, 5:42:01 pm | {"api":"/login","event":"LOGIN_API_STARTED","mpin":"1984","deviceId":"1a140709e3404975","timestamp":"2026-08-04T12:12:01.992Z"}
4/8/2026, 5:42:01 pm | {"event":"LOGIN_REQUEST","mpin":"1984","deviceId":"1a140709e3404975","timestamp":"2026-08-04T12:12:01.993Z"}
4/8/2026, 5:42:01 pm | {"api":"/login","event":"LOGIN_DB_QUERY_STARTED","mpin":"1984","timestamp":"2026-08-04T12:12:01.994Z"}
4/8/2026, 5:42:02 pm | {"api":"/login","event":"LOGIN_USER_FOUND","empNo":"318","branch":"Mangalagiri","designation":"Branch Manager","timestamp":"2026-08-04T12:12:02.011Z"}
4/8/2026, 5:42:02 pm | {"api":"/login","event":"LOGIN_DEVICE_CHECK","empNo":"318","savedDevice":"1a140709e3404975","currentDevice":"1a140709e3404975","timestamp":"2026-08-04T12:12:02.012Z"}
4/8/2026, 5:42:02 pm | {"api":"/login","event":"LOGIN_SUCCESS","empNo":"318","branch":"Mangalagiri","designation":"Branch Manager","loginTime":"2026-08-04T12:12:02.018Z"}
4/8/2026, 5:42:02 pm | {"api":"/employee/:empNo","event":"EMPLOYEE_API_STARTED","empNo":"318","timestamp":"2026-08-04T12:12:02.199Z"}
4/8/2026, 5:42:02 pm | {"api":"/employee/:empNo","event":"EMPLOYEE_DB_QUERY_STARTED","empNo":"318","timestamp":"2026-08-04T12:12:02.200Z"}
4/8/2026, 5:42:02 pm | {"api":"/employee/:empNo","event":"EMPLOYEE_FETCH_SUCCESS","empNo":"318","employeeName":"K. Madhu Babu","branch":"Mangalagiri","designation":"Branch Manager","timestamp":"2026-08-04T12:12:02.204Z"}
4/8/2026, 5:42:02 pm | {"api":"/last-submission/:empNo","event":"LAST_SUBMISSION_API_STARTED","empNo":"318","timestamp":"2026-08-04T12:12:02.271Z"}
4/8/2026, 5:42:02 pm | {"api":"/last-submission/:empNo","event":"LAST_SUBMISSION_DB_QUERY_STARTED","empNo":"318","timestamp":"2026-08-04T12:12:02.272Z"}
4/8/2026, 5:42:02 pm | {"api":"/last-submission/:empNo","event":"LAST_SUBMISSION_FETCH_SUCCESS","empNo":"318","amount":800000,"actionAt":"2026-08-03 17:44:19","timestamp":"2026-08-04T12:12:02.278Z"}
4/8/2026, 5:42:02 pm | {"api":"/today-cash/:empNo","event":"TODAY_CASH_API_STARTED","empNo":"318","timestamp":"2026-08-04T12:12:02.476Z"}
4/8/2026, 5:42:02 pm | {"api":"/today-cash/:empNo","event":"TODAY_CASH_DB_QUERY_STARTED","empNo":"318","timestamp":"2026-08-04T12:12:02.478Z"}
4/8/2026, 5:42:02 pm | {"api":"/today-cash/:empNo","event":"TODAY_CASH_NOT_FOUND","empNo":"318","timestamp":"2026-08-04T12:12:02.483Z"}
4/8/2026, 5:42:11 pm | {"api":"/save-cash-closing","event":"SAVE_CASH_API_STARTED","empNo":"318","amount":"600000","timestamp":"2026-08-04T12:12:11.581Z"}
4/8/2026, 5:42:11 pm | {"api":"/save-cash-closing","event":"PREVIOUS_DAY_RECORD_FOUND","empNo":"318","oldDate":"2026-08-03T00:00:00.000Z","amount":800000,"timestamp":"2026-08-04T12:12:11.588Z"}
4/8/2026, 5:42:11 pm | {"api":"/save-cash-closing","event":"PREVIOUS_DAY_MOVED_TO_HISTORY","empNo":"318","timestamp":"2026-08-04T12:12:11.594Z"}
4/8/2026, 5:42:11 pm | {"api":"/save-cash-closing","event":"PREVIOUS_DAY_DELETED","empNo":"318","timestamp":"2026-08-04T12:12:11.602Z"}
4/8/2026, 5:42:11 pm | {"api":"/save-cash-closing","event":"SAVE_CASH_NEW_ENTRY","empNo":"318","amount":"600000","branch":"Mangalagiri","timestamp":"2026-08-04T12:12:11.605Z"}
4/8/2026, 5:42:11 pm | {"api":"/save-cash-closing","event":"SAVE_CASH_HISTORY_INSERTED","empNo":"318","actionType":"ADDED","version":1,"timestamp":"2026-08-04T12:12:11.616Z"}
4/8/2026, 5:42:11 pm | {"api":"/save-cash-closing","event":"SAVE_CASH_SUCCESS","type":"INSERT","empNo":"318","amount":"600000","timestamp":"2026-08-04T12:12:11.617Z"}
4/8/2026, 5:42:28 pm | {"api":"/save-cash-closing","event":"SAVE_CASH_API_STARTED","empNo":"318","amount":"600000","timestamp":"2026-08-04T12:12:28.518Z"}
4/8/2026, 5:42:28 pm | {"api":"/save-cash-closing","event":"SAVE_CASH_UPDATE_STARTED","empNo":"318","oldAmount":600000,"newAmount":"600000","currentVersion":1,"nextVersion":2,"timestamp":"2026-08-04T12:12:28.526Z"}
4/8/2026, 5:42:28 pm | {"api":"/save-cash-closing","event":"SAVE_CASH_HISTORY_UPDATED","empNo":"318","version":2,"timestamp":"2026-08-04T12:12:28.538Z"}
4/8/2026, 5:42:28 pm | {"api":"/save-cash-closing","event":"SAVE_CASH_SUCCESS","type":"UPDATE","empNo":"318","amount":"600000","version":2,"timestamp":"2026-08-04T12:12:28.538Z"}
4/8/2026, 5:42:34 pm | {"api":"/api/cash-closing-dashboard","event":"CASH_CLOSING_DASHBOARD_API_STARTED","filters":{"cluster":"","branch":"","fromDate":"","toDate":"","status":""},"timestamp":"2026-08-04T12:12:34.625Z"}
4/8/2026, 5:42:34 pm | {"api":"/api/cash-closing-dashboard","event":"CASH_CLOSING_DASHBOARD_DB_CONNECTED","timestamp":"2026-08-04T12:12:34.626Z"}
4/8/2026, 5:42:34 pm | {"api":"/api/cash-closing-dashboard","event":"CASH_CLOSING_DASHBOARD_QUERY_STARTED","filters":{"cluster":"","branch":"","fromDate":"","toDate":"","status":""},"timestamp":"2026-08-04T12:12:34.627Z"}
4/8/2026, 5:42:34 pm | {"api":"/api/cash-closing-dashboard","event":"CASH_CLOSING_DASHBOARD_DATA_FETCHED","totalRecords":56,"timestamp":"2026-08-04T12:12:34.633Z"}
4/8/2026, 5:42:34 pm | {"api":"/api/cash-closing-dashboard","event":"CASH_CLOSING_CLUSTER_FETCHED","totalClusters":5,"timestamp":"2026-08-04T12:12:34.637Z"}
4/8/2026, 5:42:34 pm | {"api":"/api/cash-closing-dashboard","event":"CASH_CLOSING_BRANCH_FETCHED","totalBranches":62,"timestamp":"2026-08-04T12:12:34.640Z"}
4/8/2026, 5:42:34 pm | {"api":"/api/cash-closing-dashboard","event":"CASH_CLOSING_DASHBOARD_SUCCESS","totalRecords":56,"filters":{"cluster":"","branch":"","fromDate":"","toDate":"","status":""},"timestamp":"2026-08-04T12:12:34.641Z"}
4/8/2026, 5:42:47 pm | {"api":"/login","event":"LOGIN_API_STARTED","mpin":"1435","deviceId":"ba25439295ea5d5f","timestamp":"2026-08-04T12:12:47.151Z"}
4/8/2026, 5:42:47 pm | {"event":"LOGIN_REQUEST","mpin":"1435","deviceId":"ba25439295ea5d5f","timestamp":"2026-08-04T12:12:47.152Z"}
4/8/2026, 5:42:47 pm | {"api":"/login","event":"LOGIN_DB_QUERY_STARTED","mpin":"1435","timestamp":"2026-08-04T12:12:47.153Z"}
4/8/2026, 5:42:47 pm | {"api":"/login","event":"LOGIN_USER_FOUND","empNo":"860","branch":"Duvvada","designation":"Branch Manager","timestamp":"2026-08-04T12:12:47.165Z"}
4/8/2026, 5:42:47 pm | {"api":"/login","event":"LOGIN_DEVICE_CHECK","empNo":"860","savedDevice":"ba25439295ea5d5f","currentDevice":"ba25439295ea5d5f","timestamp":"2026-08-04T12:12:47.165Z"}
4/8/2026, 5:42:47 pm | {"api":"/login","event":"LOGIN_SUCCESS","empNo":"860","branch":"Duvvada","designation":"Branch Manager","loginTime":"2026-08-04T12:12:47.171Z"}
4/8/2026, 5:42:47 pm | {"api":"/employee/:empNo","event":"EMPLOYEE_API_STARTED","empNo":"860","timestamp":"2026-08-04T12:12:47.315Z"}
4/8/2026, 5:42:47 pm | {"api":"/employee/:empNo","event":"EMPLOYEE_DB_QUERY_STARTED","empNo":"860","timestamp":"2026-08-04T12:12:47.316Z"}
4/8/2026, 5:42:47 pm | {"api":"/employee/:empNo","event":"EMPLOYEE_FETCH_SUCCESS","empNo":"860","employeeName":"B Prasada Rao","branch":"Duvvada","designation":"Branch Manager","timestamp":"2026-08-04T12:12:47.323Z"}
4/8/2026, 5:42:47 pm | {"api":"/last-submission/:empNo","event":"LAST_SUBMISSION_API_STARTED","empNo":"860","timestamp":"2026-08-04T12:12:47.396Z"}
4/8/2026, 5:42:47 pm | {"api":"/last-submission/:empNo","event":"LAST_SUBMISSION_DB_QUERY_STARTED","empNo":"860","timestamp":"2026-08-04T12:12:47.397Z"}
4/8/2026, 5:42:47 pm | {"api":"/last-submission/:empNo","event":"LAST_SUBMISSION_FETCH_SUCCESS","empNo":"860","amount":978980,"actionAt":"2026-08-03 18:04:12","timestamp":"2026-08-04T12:12:47.402Z"}
4/8/2026, 5:42:47 pm | {"api":"/today-cash/:empNo","event":"TODAY_CASH_API_STARTED","empNo":"860","timestamp":"2026-08-04T12:12:47.491Z"}
4/8/2026, 5:42:47 pm | {"api":"/today-cash/:empNo","event":"TODAY_CASH_DB_QUERY_STARTED","empNo":"860","timestamp":"2026-08-04T12:12:47.492Z"}
4/8/2026, 5:42:47 pm | {"api":"/today-cash/:empNo","event":"TODAY_CASH_NOT_FOUND","empNo":"860","timestamp":"2026-08-04T12:12:47.497Z"}
4/8/2026, 5:42:57 pm | {"api":"/save-cash-closing","event":"SAVE_CASH_API_STARTED","empNo":"860","amount":"302300","timestamp":"2026-08-04T12:12:57.281Z"}
4/8/2026, 5:42:57 pm | {"api":"/save-cash-closing","event":"PREVIOUS_DAY_RECORD_FOUND","empNo":"860","oldDate":"2026-08-03T00:00:00.000Z","amount":978980,"timestamp":"2026-08-04T12:12:57.288Z"}
4/8/2026, 5:42:57 pm | {"api":"/save-cash-closing","event":"PREVIOUS_DAY_MOVED_TO_HISTORY","empNo":"860","timestamp":"2026-08-04T12:12:57.293Z"}
4/8/2026, 5:42:57 pm | {"api":"/save-cash-closing","event":"PREVIOUS_DAY_DELETED","empNo":"860","timestamp":"2026-08-04T12:12:57.299Z"}
4/8/2026, 5:42:57 pm | {"api":"/save-cash-closing","event":"SAVE_CASH_NEW_ENTRY","empNo":"860","amount":"302300","branch":"Duvvada","timestamp":"2026-08-04T12:12:57.301Z"}
4/8/2026, 5:42:57 pm | {"api":"/save-cash-closing","event":"SAVE_CASH_HISTORY_INSERTED","empNo":"860","actionType":"ADDED","version":1,"timestamp":"2026-08-04T12:12:57.311Z"}
4/8/2026, 5:42:57 pm | {"api":"/save-cash-closing","event":"SAVE_CASH_SUCCESS","type":"INSERT","empNo":"860","amount":"302300","timestamp":"2026-08-04T12:12:57.311Z"}
4/8/2026, 5:43:02 pm | {"api":"/save-cash-closing","event":"SAVE_CASH_API_STARTED","empNo":"860","amount":"302300","timestamp":"2026-08-04T12:13:02.276Z"}
4/8/2026, 5:43:02 pm | {"api":"/save-cash-closing","event":"SAVE_CASH_UPDATE_STARTED","empNo":"860","oldAmount":302300,"newAmount":"302300","currentVersion":1,"nextVersion":2,"timestamp":"2026-08-04T12:13:02.285Z"}
4/8/2026, 5:43:02 pm | {"api":"/save-cash-closing","event":"SAVE_CASH_HISTORY_UPDATED","empNo":"860","version":2,"timestamp":"2026-08-04T12:13:02.295Z"}
4/8/2026, 5:43:02 pm | {"api":"/save-cash-closing","event":"SAVE_CASH_SUCCESS","type":"UPDATE","empNo":"860","amount":"302300","version":2,"timestamp":"2026-08-04T12:13:02.296Z"}
4/8/2026, 5:43:03 pm | {"api":"/api/cash-closing-dashboard","event":"CASH_CLOSING_DASHBOARD_API_STARTED","filters":{"cluster":"","branch":"","fromDate":"","toDate":"","status":""},"timestamp":"2026-08-04T12:13:03.800Z"}
4/8/2026, 5:43:03 pm | {"api":"/api/cash-closing-dashboard","event":"CASH_CLOSING_DASHBOARD_DB_CONNECTED","timestamp":"2026-08-04T12:13:03.801Z"}
4/8/2026, 5:43:03 pm | {"api":"/api/cash-closing-dashboard","event":"CASH_CLOSING_DASHBOARD_QUERY_STARTED","filters":{"cluster":"","branch":"","fromDate":"","toDate":"","status":""},"timestamp":"2026-08-04T12:13:03.801Z"}
4/8/2026, 5:43:03 pm | {"api":"/api/cash-closing-dashboard","event":"CASH_CLOSING_DASHBOARD_DATA_FETCHED","totalRecords":56,"timestamp":"2026-08-04T12:13:03.808Z"}
4/8/2026, 5:43:03 pm | {"api":"/api/cash-closing-dashboard","event":"CASH_CLOSING_CLUSTER_FETCHED","totalClusters":5,"timestamp":"2026-08-04T12:13:03.811Z"}
4/8/2026, 5:43:03 pm | {"api":"/api/cash-closing-dashboard","event":"CASH_CLOSING_BRANCH_FETCHED","totalBranches":62,"timestamp":"2026-08-04T12:13:03.815Z"}
4/8/2026, 5:43:03 pm | {"api":"/api/cash-closing-dashboard","event":"CASH_CLOSING_DASHBOARD_SUCCESS","totalRecords":56,"filters":{"cluster":"","branch":"","fromDate":"","toDate":"","status":""},"timestamp":"2026-08-04T12:13:03.815Z"}
4/8/2026, 5:43:05 pm | {"api":"/api/cash-closing-dashboard","event":"CASH_CLOSING_DASHBOARD_API_STARTED","filters":{"cluster":"","branch":"","fromDate":"","toDate":"","status":""},"timestamp":"2026-08-04T12:13:05.487Z"}
4/8/2026, 5:43:05 pm | {"api":"/api/cash-closing-dashboard","event":"CASH_CLOSING_DASHBOARD_DB_CONNECTED","timestamp":"2026-08-04T12:13:05.488Z"}
4/8/2026, 5:43:05 pm | {"api":"/api/cash-closing-dashboard","event":"CASH_CLOSING_DASHBOARD_QUERY_STARTED","filters":{"cluster":"","branch":"","fromDate":"","toDate":"","status":""},"timestamp":"2026-08-04T12:13:05.489Z"}
4/8/2026, 5:43:05 pm | {"api":"/api/cash-closing-dashboard","event":"CASH_CLOSING_DASHBOARD_DATA_FETCHED","totalRecords":56,"timestamp":"2026-08-04T12:13:05.497Z"}
4/8/2026, 5:43:05 pm | {"api":"/api/cash-closing-dashboard","event":"CASH_CLOSING_CLUSTER_FETCHED","totalClusters":5,"timestamp":"2026-08-04T12:13:05.501Z"}
4/8/2026, 5:43:05 pm | {"api":"/api/cash-closing-dashboard","event":"CASH_CLOSING_BRANCH_FETCHED","totalBranches":62,"timestamp":"2026-08-04T12:13:05.505Z"}
4/8/2026, 5:43:05 pm | {"api":"/api/cash-closing-dashboard","event":"CASH_CLOSING_DASHBOARD_SUCCESS","totalRecords":56,"filters":{"cluster":"","branch":"","fromDate":"","toDate":"","status":""},"timestamp":"2026-08-04T12:13:05.506Z"}
4/8/2026, 5:43:05 pm | {"api":"/api/cash-closing-dashboard","event":"CASH_CLOSING_DASHBOARD_API_STARTED","filters":{"cluster":"","branch":"","fromDate":"","toDate":"","status":""},"timestamp":"2026-08-04T12:13:05.686Z"}
4/8/2026, 5:43:05 pm | {"api":"/api/cash-closing-dashboard","event":"CASH_CLOSING_DASHBOARD_DB_CONNECTED","timestamp":"2026-08-04T12:13:05.688Z"}
4/8/2026, 5:43:05 pm | {"api":"/api/cash-closing-dashboard","event":"CASH_CLOSING_DASHBOARD_QUERY_STARTED","filters":{"cluster":"","branch":"","fromDate":"","toDate":"","status":""},"timestamp":"2026-08-04T12:13:05.689Z"}
4/8/2026, 5:43:05 pm | {"api":"/api/cash-closing-dashboard","event":"CASH_CLOSING_DASHBOARD_DATA_FETCHED","totalRecords":56,"timestamp":"2026-08-04T12:13:05.696Z"}
4/8/2026, 5:43:05 pm | {"api":"/api/cash-closing-dashboard","event":"CASH_CLOSING_CLUSTER_FETCHED","totalClusters":5,"timestamp":"2026-08-04T12:13:05.700Z"}
4/8/2026, 5:43:05 pm | {"api":"/api/cash-closing-dashboard","event":"CASH_CLOSING_BRANCH_FETCHED","totalBranches":62,"timestamp":"2026-08-04T12:13:05.704Z"}
4/8/2026, 5:43:05 pm | {"api":"/api/cash-closing-dashboard","event":"CASH_CLOSING_DASHBOARD_SUCCESS","totalRecords":56,"filters":{"cluster":"","branch":"","fromDate":"","toDate":"","status":""},"timestamp":"2026-08-04T12:13:05.705Z"}
4/8/2026, 5:43:21 pm | {"api":"/login","event":"LOGIN_API_STARTED","mpin":"2468","deviceId":"b56ab923474b0709","timestamp":"2026-08-04T12:13:21.868Z"}
4/8/2026, 5:43:21 pm | {"event":"LOGIN_REQUEST","mpin":"2468","deviceId":"b56ab923474b0709","timestamp":"2026-08-04T12:13:21.869Z"}
4/8/2026, 5:43:21 pm | {"api":"/login","event":"LOGIN_DB_QUERY_STARTED","mpin":"2468","timestamp":"2026-08-04T12:13:21.870Z"}
4/8/2026, 5:43:21 pm | {"api":"/login","event":"LOGIN_USER_FOUND","empNo":"599","branch":"Bhimavaram","designation":"Branch Manager","timestamp":"2026-08-04T12:13:21.878Z"}
4/8/2026, 5:43:21 pm | {"api":"/login","event":"LOGIN_DEVICE_CHECK","empNo":"599","savedDevice":"b56ab923474b0709","currentDevice":"b56ab923474b0709","timestamp":"2026-08-04T12:13:21.879Z"}
4/8/2026, 5:43:21 pm | {"api":"/login","event":"LOGIN_SUCCESS","empNo":"599","branch":"Bhimavaram","designation":"Branch Manager","loginTime":"2026-08-04T12:13:21.908Z"}
4/8/2026, 5:43:22 pm | {"api":"/employee/:empNo","event":"EMPLOYEE_API_STARTED","empNo":"599","timestamp":"2026-08-04T12:13:22.054Z"}
4/8/2026, 5:43:22 pm | {"api":"/employee/:empNo","event":"EMPLOYEE_DB_QUERY_STARTED","empNo":"599","timestamp":"2026-08-04T12:13:22.055Z"}
4/8/2026, 5:43:22 pm | {"api":"/employee/:empNo","event":"EMPLOYEE_FETCH_SUCCESS","empNo":"599","employeeName":"K Avinash","branch":"Bhimavaram","designation":"Branch Manager","timestamp":"2026-08-04T12:13:22.059Z"}
4/8/2026, 5:43:22 pm | {"api":"/last-submission/:empNo","event":"LAST_SUBMISSION_API_STARTED","empNo":"599","timestamp":"2026-08-04T12:13:22.152Z"}
4/8/2026, 5:43:22 pm | {"api":"/last-submission/:empNo","event":"LAST_SUBMISSION_DB_QUERY_STARTED","empNo":"599","timestamp":"2026-08-04T12:13:22.153Z"}
4/8/2026, 5:43:22 pm | {"api":"/last-submission/:empNo","event":"LAST_SUBMISSION_FETCH_SUCCESS","empNo":"599","amount":500000,"actionAt":"2026-08-03 18:09:41","timestamp":"2026-08-04T12:13:22.159Z"}
4/8/2026, 5:43:22 pm | {"api":"/today-cash/:empNo","event":"TODAY_CASH_API_STARTED","empNo":"599","timestamp":"2026-08-04T12:13:22.269Z"}
4/8/2026, 5:43:22 pm | {"api":"/today-cash/:empNo","event":"TODAY_CASH_DB_QUERY_STARTED","empNo":"599","timestamp":"2026-08-04T12:13:22.270Z"}
4/8/2026, 5:43:22 pm | {"api":"/today-cash/:empNo","event":"TODAY_CASH_NOT_FOUND","empNo":"599","timestamp":"2026-08-04T12:13:22.277Z"}
4/8/2026, 5:43:29 pm | {"api":"/save-cash-closing","event":"SAVE_CASH_API_STARTED","empNo":"599","amount":"650000","timestamp":"2026-08-04T12:13:29.532Z"}
4/8/2026, 5:43:29 pm | {"api":"/save-cash-closing","event":"PREVIOUS_DAY_RECORD_FOUND","empNo":"599","oldDate":"2026-08-03T00:00:00.000Z","amount":500000,"timestamp":"2026-08-04T12:13:29.539Z"}
4/8/2026, 5:43:29 pm | {"api":"/save-cash-closing","event":"PREVIOUS_DAY_MOVED_TO_HISTORY","empNo":"599","timestamp":"2026-08-04T12:13:29.546Z"}
4/8/2026, 5:43:29 pm | {"api":"/save-cash-closing","event":"PREVIOUS_DAY_DELETED","empNo":"599","timestamp":"2026-08-04T12:13:29.552Z"}
4/8/2026, 5:43:29 pm | {"api":"/save-cash-closing","event":"SAVE_CASH_NEW_ENTRY","empNo":"599","amount":"650000","branch":"Bhimavaram","timestamp":"2026-08-04T12:13:29.556Z"}
4/8/2026, 5:43:29 pm | {"api":"/save-cash-closing","event":"SAVE_CASH_HISTORY_INSERTED","empNo":"599","actionType":"ADDED","version":1,"timestamp":"2026-08-04T12:13:29.567Z"}
4/8/2026, 5:43:29 pm | {"api":"/save-cash-closing","event":"SAVE_CASH_SUCCESS","type":"INSERT","empNo":"599","amount":"650000","timestamp":"2026-08-04T12:13:29.567Z"}
4/8/2026, 5:43:35 pm | {"api":"/login","event":"LOGIN_API_STARTED","mpin":"0517","deviceId":"cadc6a198c0ad99c","timestamp":"2026-08-04T12:13:35.999Z"}
4/8/2026, 5:43:36 pm | {"event":"LOGIN_REQUEST","mpin":"0517","deviceId":"cadc6a198c0ad99c","timestamp":"2026-08-04T12:13:36.000Z"}
4/8/2026, 5:43:36 pm | {"api":"/login","event":"LOGIN_DB_QUERY_STARTED","mpin":"0517","timestamp":"2026-08-04T12:13:36.001Z"}
4/8/2026, 5:43:36 pm | {"api":"/login","event":"LOGIN_USER_FOUND","empNo":"517","branch":"Kothapet","designation":"Branch Manager","timestamp":"2026-08-04T12:13:36.008Z"}
4/8/2026, 5:43:36 pm | {"api":"/login","event":"LOGIN_DEVICE_CHECK","empNo":"517","savedDevice":"cadc6a198c0ad99c","currentDevice":"cadc6a198c0ad99c","timestamp":"2026-08-04T12:13:36.009Z"}
4/8/2026, 5:43:36 pm | {"api":"/login","event":"LOGIN_SUCCESS","empNo":"517","branch":"Kothapet","designation":"Branch Manager","loginTime":"2026-08-04T12:13:36.015Z"}
4/8/2026, 5:43:36 pm | {"api":"/employee/:empNo","event":"EMPLOYEE_API_STARTED","empNo":"517","timestamp":"2026-08-04T12:13:36.375Z"}
4/8/2026, 5:43:36 pm | {"api":"/employee/:empNo","event":"EMPLOYEE_DB_QUERY_STARTED","empNo":"517","timestamp":"2026-08-04T12:13:36.376Z"}
4/8/2026, 5:43:36 pm | {"api":"/employee/:empNo","event":"EMPLOYEE_FETCH_SUCCESS","empNo":"517","employeeName":"Ch Durga Lakshmi Vani","branch":"Kothapet","designation":"Branch Manager","timestamp":"2026-08-04T12:13:36.380Z"}
4/8/2026, 5:43:36 pm | {"api":"/last-submission/:empNo","event":"LAST_SUBMISSION_API_STARTED","empNo":"517","timestamp":"2026-08-04T12:13:36.511Z"}
4/8/2026, 5:43:36 pm | {"api":"/last-submission/:empNo","event":"LAST_SUBMISSION_DB_QUERY_STARTED","empNo":"517","timestamp":"2026-08-04T12:13:36.512Z"}
4/8/2026, 5:43:36 pm | {"api":"/last-submission/:empNo","event":"LAST_SUBMISSION_FETCH_SUCCESS","empNo":"517","amount":456000,"actionAt":"2026-08-03 17:40:53","timestamp":"2026-08-04T12:13:36.518Z"}
4/8/2026, 5:43:36 pm | {"api":"/today-cash/:empNo","event":"TODAY_CASH_API_STARTED","empNo":"517","timestamp":"2026-08-04T12:13:36.898Z"}
4/8/2026, 5:43:36 pm | {"api":"/today-cash/:empNo","event":"TODAY_CASH_DB_QUERY_STARTED","empNo":"517","timestamp":"2026-08-04T12:13:36.898Z"}
4/8/2026, 5:43:36 pm | {"api":"/today-cash/:empNo","event":"TODAY_CASH_NOT_FOUND","empNo":"517","timestamp":"2026-08-04T12:13:36.903Z"}
4/8/2026, 5:43:44 pm | {"api":"/save-cash-closing","event":"SAVE_CASH_API_STARTED","empNo":"517","amount":"1000000","timestamp":"2026-08-04T12:13:44.338Z"}
4/8/2026, 5:43:44 pm | {"api":"/save-cash-closing","event":"PREVIOUS_DAY_RECORD_FOUND","empNo":"517","oldDate":"2026-08-03T00:00:00.000Z","amount":456000,"timestamp":"2026-08-04T12:13:44.346Z"}
4/8/2026, 5:43:44 pm | {"api":"/save-cash-closing","event":"PREVIOUS_DAY_MOVED_TO_HISTORY","empNo":"517","timestamp":"2026-08-04T12:13:44.352Z"}
4/8/2026, 5:43:44 pm | {"api":"/save-cash-closing","event":"PREVIOUS_DAY_DELETED","empNo":"517","timestamp":"2026-08-04T12:13:44.358Z"}
4/8/2026, 5:43:44 pm | {"api":"/save-cash-closing","event":"SAVE_CASH_NEW_ENTRY","empNo":"517","amount":"1000000","branch":"Kothapet","timestamp":"2026-08-04T12:13:44.361Z"}
4/8/2026, 5:43:44 pm | {"api":"/save-cash-closing","event":"SAVE_CASH_HISTORY_INSERTED","empNo":"517","actionType":"ADDED","version":1,"timestamp":"2026-08-04T12:13:44.371Z"}
4/8/2026, 5:43:44 pm | {"api":"/save-cash-closing","event":"SAVE_CASH_SUCCESS","type":"INSERT","empNo":"517","amount":"1000000","timestamp":"2026-08-04T12:13:44.372Z"}
4/8/2026, 5:43:58 pm | {"api":"/login","event":"LOGIN_API_STARTED","mpin":"5591","deviceId":"0d61012a4ddd5867","timestamp":"2026-08-04T12:13:58.194Z"}
4/8/2026, 5:43:58 pm | {"event":"LOGIN_REQUEST","mpin":"5591","deviceId":"0d61012a4ddd5867","timestamp":"2026-08-04T12:13:58.195Z"}
4/8/2026, 5:43:58 pm | {"api":"/login","event":"LOGIN_DB_QUERY_STARTED","mpin":"5591","timestamp":"2026-08-04T12:13:58.196Z"}
4/8/2026, 5:43:58 pm | {"api":"/login","event":"LOGIN_USER_FOUND","empNo":"394","branch":"Ravulapalem","designation":"Branch Manager","timestamp":"2026-08-04T12:13:58.204Z"}
4/8/2026, 5:43:58 pm | {"api":"/login","event":"LOGIN_DEVICE_CHECK","empNo":"394","savedDevice":"0d61012a4ddd5867","currentDevice":"0d61012a4ddd5867","timestamp":"2026-08-04T12:13:58.205Z"}
4/8/2026, 5:43:58 pm | {"api":"/login","event":"LOGIN_SUCCESS","empNo":"394","branch":"Ravulapalem","designation":"Branch Manager","loginTime":"2026-08-04T12:13:58.210Z"}
4/8/2026, 5:43:58 pm | {"api":"/employee/:empNo","event":"EMPLOYEE_API_STARTED","empNo":"394","timestamp":"2026-08-04T12:13:58.407Z"}
4/8/2026, 5:43:58 pm | {"api":"/employee/:empNo","event":"EMPLOYEE_DB_QUERY_STARTED","empNo":"394","timestamp":"2026-08-04T12:13:58.408Z"}
4/8/2026, 5:43:58 pm | {"api":"/employee/:empNo","event":"EMPLOYEE_FETCH_SUCCESS","empNo":"394","employeeName":"Ch.Bala Krishna","branch":"Ravulapalem","designation":"Branch Manager","timestamp":"2026-08-04T12:13:58.412Z"}
4/8/2026, 5:43:58 pm | {"api":"/last-submission/:empNo","event":"LAST_SUBMISSION_API_STARTED","empNo":"394","timestamp":"2026-08-04T12:13:58.470Z"}
4/8/2026, 5:43:58 pm | {"api":"/last-submission/:empNo","event":"LAST_SUBMISSION_DB_QUERY_STARTED","empNo":"394","timestamp":"2026-08-04T12:13:58.471Z"}
4/8/2026, 5:43:58 pm | {"api":"/last-submission/:empNo","event":"LAST_SUBMISSION_FETCH_SUCCESS","empNo":"394","amount":1400000,"actionAt":"2026-08-03 17:41:02","timestamp":"2026-08-04T12:13:58.476Z"}
4/8/2026, 5:43:58 pm | {"api":"/today-cash/:empNo","event":"TODAY_CASH_API_STARTED","empNo":"394","timestamp":"2026-08-04T12:13:58.589Z"}
4/8/2026, 5:43:58 pm | {"api":"/today-cash/:empNo","event":"TODAY_CASH_DB_QUERY_STARTED","empNo":"394","timestamp":"2026-08-04T12:13:58.589Z"}
4/8/2026, 5:43:58 pm | {"api":"/today-cash/:empNo","event":"TODAY_CASH_NOT_FOUND","empNo":"394","timestamp":"2026-08-04T12:13:58.594Z"}
4/8/2026, 5:44:04 pm | {"api":"/save-cash-closing","event":"SAVE_CASH_API_STARTED","empNo":"394","amount":"1800000","timestamp":"2026-08-04T12:14:04.555Z"}
4/8/2026, 5:44:04 pm | {"api":"/save-cash-closing","event":"PREVIOUS_DAY_RECORD_FOUND","empNo":"394","oldDate":"2026-08-03T00:00:00.000Z","amount":1400000,"timestamp":"2026-08-04T12:14:04.561Z"}
4/8/2026, 5:44:04 pm | {"api":"/save-cash-closing","event":"PREVIOUS_DAY_MOVED_TO_HISTORY","empNo":"394","timestamp":"2026-08-04T12:14:04.567Z"}
4/8/2026, 5:44:04 pm | {"api":"/save-cash-closing","event":"PREVIOUS_DAY_DELETED","empNo":"394","timestamp":"2026-08-04T12:14:04.573Z"}
4/8/2026, 5:44:04 pm | {"api":"/save-cash-closing","event":"SAVE_CASH_NEW_ENTRY","empNo":"394","amount":"1800000","branch":"Ravulapalem","timestamp":"2026-08-04T12:14:04.576Z"}
4/8/2026, 5:44:04 pm | {"api":"/save-cash-closing","event":"SAVE_CASH_HISTORY_INSERTED","empNo":"394","actionType":"ADDED","version":1,"timestamp":"2026-08-04T12:14:04.586Z"}
4/8/2026, 5:44:04 pm | {"api":"/save-cash-closing","event":"SAVE_CASH_SUCCESS","type":"INSERT","empNo":"394","amount":"1800000","timestamp":"2026-08-04T12:14:04.586Z"}
4/8/2026, 5:44:26 pm | {"api":"/login","event":"LOGIN_API_STARTED","mpin":"7019","deviceId":"19f9c9be512579c7","timestamp":"2026-08-04T12:14:26.314Z"}
4/8/2026, 5:44:26 pm | {"event":"LOGIN_REQUEST","mpin":"7019","deviceId":"19f9c9be512579c7","timestamp":"2026-08-04T12:14:26.315Z"}
4/8/2026, 5:44:26 pm | {"api":"/login","event":"LOGIN_DB_QUERY_STARTED","mpin":"7019","timestamp":"2026-08-04T12:14:26.316Z"}
4/8/2026, 5:44:26 pm | {"api":"/login","event":"LOGIN_USER_FOUND","empNo":"823","branch":"Tadepalligudem","designation":"Branch Manager","timestamp":"2026-08-04T12:14:26.322Z"}
4/8/2026, 5:44:26 pm | {"api":"/login","event":"LOGIN_DEVICE_CHECK","empNo":"823","savedDevice":"19f9c9be512579c7","currentDevice":"19f9c9be512579c7","timestamp":"2026-08-04T12:14:26.323Z"}
4/8/2026, 5:44:26 pm | {"api":"/login","event":"LOGIN_SUCCESS","empNo":"823","branch":"Tadepalligudem","designation":"Branch Manager","loginTime":"2026-08-04T12:14:26.328Z"}
4/8/2026, 5:44:26 pm | {"api":"/employee/:empNo","event":"EMPLOYEE_API_STARTED","empNo":"823","timestamp":"2026-08-04T12:14:26.637Z"}
4/8/2026, 5:44:26 pm | {"api":"/employee/:empNo","event":"EMPLOYEE_DB_QUERY_STARTED","empNo":"823","timestamp":"2026-08-04T12:14:26.638Z"}
4/8/2026, 5:44:26 pm | {"api":"/employee/:empNo","event":"EMPLOYEE_FETCH_SUCCESS","empNo":"823","employeeName":"Buravilli Prasad","branch":"Tadepalligudem","designation":"Branch Manager","timestamp":"2026-08-04T12:14:26.642Z"}
4/8/2026, 5:44:26 pm | {"api":"/last-submission/:empNo","event":"LAST_SUBMISSION_API_STARTED","empNo":"823","timestamp":"2026-08-04T12:14:26.729Z"}
4/8/2026, 5:44:26 pm | {"api":"/last-submission/:empNo","event":"LAST_SUBMISSION_DB_QUERY_STARTED","empNo":"823","timestamp":"2026-08-04T12:14:26.730Z"}
4/8/2026, 5:44:26 pm | {"api":"/last-submission/:empNo","event":"LAST_SUBMISSION_FETCH_SUCCESS","empNo":"823","amount":1713000,"actionAt":"2026-08-03 18:13:30","timestamp":"2026-08-04T12:14:26.736Z"}
4/8/2026, 5:44:26 pm | {"api":"/today-cash/:empNo","event":"TODAY_CASH_API_STARTED","empNo":"823","timestamp":"2026-08-04T12:14:26.870Z"}
4/8/2026, 5:44:26 pm | {"api":"/today-cash/:empNo","event":"TODAY_CASH_DB_QUERY_STARTED","empNo":"823","timestamp":"2026-08-04T12:14:26.871Z"}
4/8/2026, 5:44:26 pm | {"api":"/today-cash/:empNo","event":"TODAY_CASH_NOT_FOUND","empNo":"823","timestamp":"2026-08-04T12:14:26.876Z"}
4/8/2026, 5:44:30 pm | {"api":"/api/cash-closing-dashboard","event":"CASH_CLOSING_DASHBOARD_API_STARTED","filters":{"cluster":"","branch":"","fromDate":"","toDate":"","status":""},"timestamp":"2026-08-04T12:14:30.991Z"}
4/8/2026, 5:44:30 pm | {"api":"/api/cash-closing-dashboard","event":"CASH_CLOSING_DASHBOARD_DB_CONNECTED","timestamp":"2026-08-04T12:14:30.992Z"}
4/8/2026, 5:44:30 pm | {"api":"/api/cash-closing-dashboard","event":"CASH_CLOSING_DASHBOARD_QUERY_STARTED","filters":{"cluster":"","branch":"","fromDate":"","toDate":"","status":""},"timestamp":"2026-08-04T12:14:30.993Z"}
4/8/2026, 5:44:30 pm | {"api":"/api/cash-closing-dashboard","event":"CASH_CLOSING_DASHBOARD_DATA_FETCHED","totalRecords":56,"timestamp":"2026-08-04T12:14:30.999Z"}
4/8/2026, 5:44:31 pm | {"api":"/api/cash-closing-dashboard","event":"CASH_CLOSING_CLUSTER_FETCHED","totalClusters":5,"timestamp":"2026-08-04T12:14:31.002Z"}
4/8/2026, 5:44:31 pm | {"api":"/api/cash-closing-dashboard","event":"CASH_CLOSING_BRANCH_FETCHED","totalBranches":62,"timestamp":"2026-08-04T12:14:31.006Z"}
4/8/2026, 5:44:31 pm | {"api":"/api/cash-closing-dashboard","event":"CASH_CLOSING_DASHBOARD_SUCCESS","totalRecords":56,"filters":{"cluster":"","branch":"","fromDate":"","toDate":"","status":""},"timestamp":"2026-08-04T12:14:31.006Z"}
4/8/2026, 5:44:31 pm | {"api":"/api/cash-closing-dashboard","event":"CASH_CLOSING_DASHBOARD_API_STARTED","filters":{"cluster":"","branch":"","fromDate":"","toDate":"","status":""},"timestamp":"2026-08-04T12:14:31.078Z"}
4/8/2026, 5:44:31 pm | {"api":"/api/cash-closing-dashboard","event":"CASH_CLOSING_DASHBOARD_DB_CONNECTED","timestamp":"2026-08-04T12:14:31.079Z"}
4/8/2026, 5:44:31 pm | {"api":"/api/cash-closing-dashboard","event":"CASH_CLOSING_DASHBOARD_QUERY_STARTED","filters":{"cluster":"","branch":"","fromDate":"","toDate":"","status":""},"timestamp":"2026-08-04T12:14:31.080Z"}
4/8/2026, 5:44:31 pm | {"api":"/api/cash-closing-dashboard","event":"CASH_CLOSING_DASHBOARD_DATA_FETCHED","totalRecords":56,"timestamp":"2026-08-04T12:14:31.087Z"}
4/8/2026, 5:44:31 pm | {"api":"/api/cash-closing-dashboard","event":"CASH_CLOSING_CLUSTER_FETCHED","totalClusters":5,"timestamp":"2026-08-04T12:14:31.090Z"}
4/8/2026, 5:44:31 pm | {"api":"/api/cash-closing-dashboard","event":"CASH_CLOSING_BRANCH_FETCHED","totalBranches":62,"timestamp":"2026-08-04T12:14:31.094Z"}
4/8/2026, 5:44:31 pm | {"api":"/api/cash-closing-dashboard","event":"CASH_CLOSING_DASHBOARD_SUCCESS","totalRecords":56,"filters":{"cluster":"","branch":"","fromDate":"","toDate":"","status":""},"timestamp":"2026-08-04T12:14:31.095Z"}
4/8/2026, 5:44:31 pm | {"api":"/login","event":"LOGIN_API_STARTED","mpin":"2580","deviceId":"81b65917c9367902","timestamp":"2026-08-04T12:14:31.757Z"}
4/8/2026, 5:44:31 pm | {"event":"LOGIN_REQUEST","mpin":"2580","deviceId":"81b65917c9367902","timestamp":"2026-08-04T12:14:31.758Z"}
4/8/2026, 5:44:31 pm | {"api":"/login","event":"LOGIN_DB_QUERY_STARTED","mpin":"2580","timestamp":"2026-08-04T12:14:31.758Z"}
4/8/2026, 5:44:31 pm | {"api":"/login","event":"LOGIN_USER_FOUND","empNo":"974","branch":"Gopalapatnam","designation":"Branch Manager","timestamp":"2026-08-04T12:14:31.767Z"}
4/8/2026, 5:44:31 pm | {"api":"/login","event":"LOGIN_DEVICE_CHECK","empNo":"974","savedDevice":"81b65917c9367902","currentDevice":"81b65917c9367902","timestamp":"2026-08-04T12:14:31.768Z"}
4/8/2026, 5:44:31 pm | {"api":"/login","event":"LOGIN_SUCCESS","empNo":"974","branch":"Gopalapatnam","designation":"Branch Manager","loginTime":"2026-08-04T12:14:31.774Z"}
4/8/2026, 5:44:31 pm | {"api":"/api/cash-closing-dashboard","event":"CASH_CLOSING_DASHBOARD_API_STARTED","filters":{"cluster":"","branch":"","fromDate":"","toDate":"","status":""},"timestamp":"2026-08-04T12:14:31.863Z"}
4/8/2026, 5:44:31 pm | {"api":"/api/cash-closing-dashboard","event":"CASH_CLOSING_DASHBOARD_DB_CONNECTED","timestamp":"2026-08-04T12:14:31.863Z"}
4/8/2026, 5:44:31 pm | {"api":"/api/cash-closing-dashboard","event":"CASH_CLOSING_DASHBOARD_QUERY_STARTED","filters":{"cluster":"","branch":"","fromDate":"","toDate":"","status":""},"timestamp":"2026-08-04T12:14:31.864Z"}
4/8/2026, 5:44:31 pm | {"api":"/api/cash-closing-dashboard","event":"CASH_CLOSING_DASHBOARD_DATA_FETCHED","totalRecords":56,"timestamp":"2026-08-04T12:14:31.873Z"}
4/8/2026, 5:44:31 pm | {"api":"/api/cash-closing-dashboard","event":"CASH_CLOSING_CLUSTER_FETCHED","totalClusters":5,"timestamp":"2026-08-04T12:14:31.876Z"}
4/8/2026, 5:44:31 pm | {"api":"/api/cash-closing-dashboard","event":"CASH_CLOSING_BRANCH_FETCHED","totalBranches":62,"timestamp":"2026-08-04T12:14:31.880Z"}
4/8/2026, 5:44:31 pm | {"api":"/api/cash-closing-dashboard","event":"CASH_CLOSING_DASHBOARD_SUCCESS","totalRecords":56,"filters":{"cluster":"","branch":"","fromDate":"","toDate":"","status":""},"timestamp":"2026-08-04T12:14:31.880Z"}
4/8/2026, 5:44:31 pm | {"api":"/employee/:empNo","event":"EMPLOYEE_API_STARTED","empNo":"974","timestamp":"2026-08-04T12:14:31.976Z"}
4/8/2026, 5:44:31 pm | {"api":"/employee/:empNo","event":"EMPLOYEE_DB_QUERY_STARTED","empNo":"974","timestamp":"2026-08-04T12:14:31.977Z"}
4/8/2026, 5:44:31 pm | {"api":"/employee/:empNo","event":"EMPLOYEE_FETCH_SUCCESS","empNo":"974","employeeName":"T Sreenivas","branch":"Gopalapatnam","designation":"Branch Manager","timestamp":"2026-08-04T12:14:31.981Z"}
4/8/2026, 5:44:32 pm | {"api":"/last-submission/:empNo","event":"LAST_SUBMISSION_API_STARTED","empNo":"974","timestamp":"2026-08-04T12:14:32.038Z"}
4/8/2026, 5:44:32 pm | {"api":"/last-submission/:empNo","event":"LAST_SUBMISSION_DB_QUERY_STARTED","empNo":"974","timestamp":"2026-08-04T12:14:32.038Z"}
4/8/2026, 5:44:32 pm | {"api":"/last-submission/:empNo","event":"LAST_SUBMISSION_FETCH_SUCCESS","empNo":"974","amount":828037,"actionAt":"2026-08-03 17:37:50","timestamp":"2026-08-04T12:14:32.044Z"}
4/8/2026, 5:44:32 pm | {"api":"/api/cash-closing-dashboard","event":"CASH_CLOSING_DASHBOARD_API_STARTED","filters":{"cluster":"","branch":"","fromDate":"","toDate":"","status":""},"timestamp":"2026-08-04T12:14:32.053Z"}
4/8/2026, 5:44:32 pm | {"api":"/api/cash-closing-dashboard","event":"CASH_CLOSING_DASHBOARD_DB_CONNECTED","timestamp":"2026-08-04T12:14:32.054Z"}
4/8/2026, 5:44:32 pm | {"api":"/api/cash-closing-dashboard","event":"CASH_CLOSING_DASHBOARD_QUERY_STARTED","filters":{"cluster":"","branch":"","fromDate":"","toDate":"","status":""},"timestamp":"2026-08-04T12:14:32.055Z"}
4/8/2026, 5:44:32 pm | {"api":"/api/cash-closing-dashboard","event":"CASH_CLOSING_DASHBOARD_DATA_FETCHED","totalRecords":56,"timestamp":"2026-08-04T12:14:32.061Z"}
4/8/2026, 5:44:32 pm | {"api":"/api/cash-closing-dashboard","event":"CASH_CLOSING_CLUSTER_FETCHED","totalClusters":5,"timestamp":"2026-08-04T12:14:32.065Z"}
4/8/2026, 5:44:32 pm | {"api":"/api/cash-closing-dashboard","event":"CASH_CLOSING_BRANCH_FETCHED","totalBranches":62,"timestamp":"2026-08-04T12:14:32.069Z"}
4/8/2026, 5:44:32 pm | {"api":"/api/cash-closing-dashboard","event":"CASH_CLOSING_DASHBOARD_SUCCESS","totalRecords":56,"filters":{"cluster":"","branch":"","fromDate":"","toDate":"","status":""},"timestamp":"2026-08-04T12:14:32.070Z"}
4/8/2026, 5:44:32 pm | {"api":"/today-cash/:empNo","event":"TODAY_CASH_API_STARTED","empNo":"974","timestamp":"2026-08-04T12:14:32.151Z"}
4/8/2026, 5:44:32 pm | {"api":"/today-cash/:empNo","event":"TODAY_CASH_DB_QUERY_STARTED","empNo":"974","timestamp":"2026-08-04T12:14:32.152Z"}
4/8/2026, 5:44:32 pm | {"api":"/today-cash/:empNo","event":"TODAY_CASH_NOT_FOUND","empNo":"974","timestamp":"2026-08-04T12:14:32.156Z"}
4/8/2026, 5:44:34 pm | {"api":"/save-cash-closing","event":"SAVE_CASH_API_STARTED","empNo":"823","amount":"1894000","timestamp":"2026-08-04T12:14:34.453Z"}
4/8/2026, 5:44:34 pm | {"api":"/save-cash-closing","event":"PREVIOUS_DAY_RECORD_FOUND","empNo":"823","oldDate":"2026-08-03T00:00:00.000Z","amount":1713000,"timestamp":"2026-08-04T12:14:34.460Z"}
4/8/2026, 5:44:34 pm | {"api":"/save-cash-closing","event":"PREVIOUS_DAY_MOVED_TO_HISTORY","empNo":"823","timestamp":"2026-08-04T12:14:34.466Z"}
4/8/2026, 5:44:34 pm | {"api":"/save-cash-closing","event":"PREVIOUS_DAY_DELETED","empNo":"823","timestamp":"2026-08-04T12:14:34.471Z"}
4/8/2026, 5:44:34 pm | {"api":"/save-cash-closing","event":"SAVE_CASH_NEW_ENTRY","empNo":"823","amount":"1894000","branch":"Tadepalligudem","timestamp":"2026-08-04T12:14:34.474Z"}
4/8/2026, 5:44:34 pm | {"api":"/save-cash-closing","event":"SAVE_CASH_HISTORY_INSERTED","empNo":"823","actionType":"ADDED","version":1,"timestamp":"2026-08-04T12:14:34.485Z"}
4/8/2026, 5:44:34 pm | {"api":"/save-cash-closing","event":"SAVE_CASH_SUCCESS","type":"INSERT","empNo":"823","amount":"1894000","timestamp":"2026-08-04T12:14:34.485Z"}
4/8/2026, 5:44:35 pm | {"api":"/login","event":"LOGIN_API_STARTED","mpin":"1983","deviceId":"5204688323f27841","timestamp":"2026-08-04T12:14:35.232Z"}
4/8/2026, 5:44:35 pm | {"event":"LOGIN_REQUEST","mpin":"1983","deviceId":"5204688323f27841","timestamp":"2026-08-04T12:14:35.233Z"}
4/8/2026, 5:44:35 pm | {"api":"/login","event":"LOGIN_DB_QUERY_STARTED","mpin":"1983","timestamp":"2026-08-04T12:14:35.233Z"}
4/8/2026, 5:44:35 pm | {"api":"/login","event":"LOGIN_USER_FOUND","empNo":"928","branch":"Palakol","designation":"Branch Manager","timestamp":"2026-08-04T12:14:35.239Z"}
4/8/2026, 5:44:35 pm | {"api":"/login","event":"LOGIN_DEVICE_CHECK","empNo":"928","savedDevice":"5204688323f27841","currentDevice":"5204688323f27841","timestamp":"2026-08-04T12:14:35.240Z"}
4/8/2026, 5:44:35 pm | {"api":"/login","event":"LOGIN_SUCCESS","empNo":"928","branch":"Palakol","designation":"Branch Manager","loginTime":"2026-08-04T12:14:35.245Z"}
4/8/2026, 5:44:35 pm | {"api":"/employee/:empNo","event":"EMPLOYEE_API_STARTED","empNo":"928","timestamp":"2026-08-04T12:14:35.398Z"}
4/8/2026, 5:44:35 pm | {"api":"/employee/:empNo","event":"EMPLOYEE_DB_QUERY_STARTED","empNo":"928","timestamp":"2026-08-04T12:14:35.399Z"}
4/8/2026, 5:44:35 pm | {"api":"/employee/:empNo","event":"EMPLOYEE_FETCH_SUCCESS","empNo":"928","employeeName":"P Satyanarayana","branch":"Palakol","designation":"Branch Manager","timestamp":"2026-08-04T12:14:35.404Z"}
4/8/2026, 5:44:35 pm | {"api":"/last-submission/:empNo","event":"LAST_SUBMISSION_API_STARTED","empNo":"928","timestamp":"2026-08-04T12:14:35.447Z"}
4/8/2026, 5:44:35 pm | {"api":"/last-submission/:empNo","event":"LAST_SUBMISSION_DB_QUERY_STARTED","empNo":"928","timestamp":"2026-08-04T12:14:35.448Z"}
4/8/2026, 5:44:35 pm | {"api":"/last-submission/:empNo","event":"LAST_SUBMISSION_FETCH_SUCCESS","empNo":"928","amount":1220742,"actionAt":"2026-08-03 17:39:37","timestamp":"2026-08-04T12:14:35.453Z"}
4/8/2026, 5:44:35 pm | {"api":"/today-cash/:empNo","event":"TODAY_CASH_API_STARTED","empNo":"928","timestamp":"2026-08-04T12:14:35.568Z"}
4/8/2026, 5:44:35 pm | {"api":"/today-cash/:empNo","event":"TODAY_CASH_DB_QUERY_STARTED","empNo":"928","timestamp":"2026-08-04T12:14:35.568Z"}
4/8/2026, 5:44:35 pm | {"api":"/today-cash/:empNo","event":"TODAY_CASH_NOT_FOUND","empNo":"928","timestamp":"2026-08-04T12:14:35.574Z"}
4/8/2026, 5:44:35 pm | {"api":"/api/cash-closing-dashboard","event":"CASH_CLOSING_DASHBOARD_API_STARTED","filters":{"cluster":"","branch":"","fromDate":"","toDate":"","status":""},"timestamp":"2026-08-04T12:14:35.925Z"}
4/8/2026, 5:44:35 pm | {"api":"/api/cash-closing-dashboard","event":"CASH_CLOSING_DASHBOARD_DB_CONNECTED","timestamp":"2026-08-04T12:14:35.926Z"}
4/8/2026, 5:44:35 pm | {"api":"/api/cash-closing-dashboard","event":"CASH_CLOSING_DASHBOARD_QUERY_STARTED","filters":{"cluster":"","branch":"","fromDate":"","toDate":"","status":""},"timestamp":"2026-08-04T12:14:35.927Z"}
4/8/2026, 5:44:35 pm | {"api":"/api/cash-closing-dashboard","event":"CASH_CLOSING_DASHBOARD_DATA_FETCHED","totalRecords":56,"timestamp":"2026-08-04T12:14:35.935Z"}
4/8/2026, 5:44:35 pm | {"api":"/api/cash-closing-dashboard","event":"CASH_CLOSING_CLUSTER_FETCHED","totalClusters":5,"timestamp":"2026-08-04T12:14:35.938Z"}
4/8/2026, 5:44:35 pm | {"api":"/api/cash-closing-dashboard","event":"CASH_CLOSING_BRANCH_FETCHED","totalBranches":62,"timestamp":"2026-08-04T12:14:35.941Z"}
4/8/2026, 5:44:35 pm | {"api":"/api/cash-closing-dashboard","event":"CASH_CLOSING_DASHBOARD_SUCCESS","totalRecords":56,"filters":{"cluster":"","branch":"","fromDate":"","toDate":"","status":""},"timestamp":"2026-08-04T12:14:35.942Z"}
4/8/2026, 5:44:36 pm | {"api":"/api/cash-closing-dashboard","event":"CASH_CLOSING_DASHBOARD_API_STARTED","filters":{"cluster":"","branch":"","fromDate":"","toDate":"","status":""},"timestamp":"2026-08-04T12:14:36.134Z"}
4/8/2026, 5:44:36 pm | {"api":"/api/cash-closing-dashboard","event":"CASH_CLOSING_DASHBOARD_DB_CONNECTED","timestamp":"2026-08-04T12:14:36.135Z"}
4/8/2026, 5:44:36 pm | {"api":"/api/cash-closing-dashboard","event":"CASH_CLOSING_DASHBOARD_QUERY_STARTED","filters":{"cluster":"","branch":"","fromDate":"","toDate":"","status":""},"timestamp":"2026-08-04T12:14:36.136Z"}
4/8/2026, 5:44:36 pm | {"api":"/api/cash-closing-dashboard","event":"CASH_CLOSING_DASHBOARD_DATA_FETCHED","totalRecords":56,"timestamp":"2026-08-04T12:14:36.143Z"}
4/8/2026, 5:44:36 pm | {"api":"/api/cash-closing-dashboard","event":"CASH_CLOSING_CLUSTER_FETCHED","totalClusters":5,"timestamp":"2026-08-04T12:14:36.147Z"}
4/8/2026, 5:44:36 pm | {"api":"/api/cash-closing-dashboard","event":"CASH_CLOSING_BRANCH_FETCHED","totalBranches":62,"timestamp":"2026-08-04T12:14:36.150Z"}
4/8/2026, 5:44:36 pm | {"api":"/api/cash-closing-dashboard","event":"CASH_CLOSING_DASHBOARD_SUCCESS","totalRecords":56,"filters":{"cluster":"","branch":"","fromDate":"","toDate":"","status":""},"timestamp":"2026-08-04T12:14:36.151Z"}
4/8/2026, 5:44:39 pm | {"api":"/save-cash-closing","event":"SAVE_CASH_API_STARTED","empNo":"974","amount":"720052","timestamp":"2026-08-04T12:14:39.481Z"}
4/8/2026, 5:44:39 pm | {"api":"/save-cash-closing","event":"PREVIOUS_DAY_RECORD_FOUND","empNo":"974","oldDate":"2026-08-03T00:00:00.000Z","amount":828037,"timestamp":"2026-08-04T12:14:39.488Z"}
4/8/2026, 5:44:39 pm | {"api":"/save-cash-closing","event":"PREVIOUS_DAY_MOVED_TO_HISTORY","empNo":"974","timestamp":"2026-08-04T12:14:39.494Z"}
4/8/2026, 5:44:39 pm | {"api":"/save-cash-closing","event":"PREVIOUS_DAY_DELETED","empNo":"974","timestamp":"2026-08-04T12:14:39.501Z"}
4/8/2026, 5:44:39 pm | {"api":"/save-cash-closing","event":"SAVE_CASH_NEW_ENTRY","empNo":"974","amount":"720052","branch":"Gopalapatnam","timestamp":"2026-08-04T12:14:39.504Z"}
4/8/2026, 5:44:39 pm | {"api":"/save-cash-closing","event":"SAVE_CASH_HISTORY_INSERTED","empNo":"974","actionType":"ADDED","version":1,"timestamp":"2026-08-04T12:14:39.521Z"}
4/8/2026, 5:44:39 pm | {"api":"/save-cash-closing","event":"SAVE_CASH_SUCCESS","type":"INSERT","empNo":"974","amount":"720052","timestamp":"2026-08-04T12:14:39.522Z"}
4/8/2026, 5:44:43 pm | {"api":"/api/cash-closing-dashboard","event":"CASH_CLOSING_DASHBOARD_API_STARTED","filters":{"cluster":"","branch":"","fromDate":"","toDate":"","status":""},"timestamp":"2026-08-04T12:14:43.957Z"}
4/8/2026, 5:44:43 pm | {"api":"/api/cash-closing-dashboard","event":"CASH_CLOSING_DASHBOARD_DB_CONNECTED","timestamp":"2026-08-04T12:14:43.958Z"}
4/8/2026, 5:44:43 pm | {"api":"/api/cash-closing-dashboard","event":"CASH_CLOSING_DASHBOARD_QUERY_STARTED","filters":{"cluster":"","branch":"","fromDate":"","toDate":"","status":""},"timestamp":"2026-08-04T12:14:43.959Z"}
4/8/2026, 5:44:43 pm | {"api":"/api/cash-closing-dashboard","event":"CASH_CLOSING_DASHBOARD_DATA_FETCHED","totalRecords":56,"timestamp":"2026-08-04T12:14:43.966Z"}
4/8/2026, 5:44:43 pm | {"api":"/api/cash-closing-dashboard","event":"CASH_CLOSING_CLUSTER_FETCHED","totalClusters":5,"timestamp":"2026-08-04T12:14:43.970Z"}
4/8/2026, 5:44:43 pm | {"api":"/api/cash-closing-dashboard","event":"CASH_CLOSING_BRANCH_FETCHED","totalBranches":62,"timestamp":"2026-08-04T12:14:43.974Z"}
4/8/2026, 5:44:43 pm | {"api":"/api/cash-closing-dashboard","event":"CASH_CLOSING_DASHBOARD_SUCCESS","totalRecords":56,"filters":{"cluster":"","branch":"","fromDate":"","toDate":"","status":""},"timestamp":"2026-08-04T12:14:43.975Z"}
4/8/2026, 5:44:44 pm | {"api":"/api/cash-closing-dashboard","event":"CASH_CLOSING_DASHBOARD_API_STARTED","filters":{"cluster":"","branch":"","fromDate":"","toDate":"","status":""},"timestamp":"2026-08-04T12:14:44.142Z"}
4/8/2026, 5:44:44 pm | {"api":"/api/cash-closing-dashboard","event":"CASH_CLOSING_DASHBOARD_DB_CONNECTED","timestamp":"2026-08-04T12:14:44.143Z"}
4/8/2026, 5:44:44 pm | {"api":"/api/cash-closing-dashboard","event":"CASH_CLOSING_DASHBOARD_QUERY_STARTED","filters":{"cluster":"","branch":"","fromDate":"","toDate":"","status":""},"timestamp":"2026-08-04T12:14:44.144Z"}
4/8/2026, 5:44:44 pm | {"api":"/api/cash-closing-dashboard","event":"CASH_CLOSING_DASHBOARD_DATA_FETCHED","totalRecords":56,"timestamp":"2026-08-04T12:14:44.152Z"}
4/8/2026, 5:44:44 pm | {"api":"/api/cash-closing-dashboard","event":"CASH_CLOSING_CLUSTER_FETCHED","totalClusters":5,"timestamp":"2026-08-04T12:14:44.156Z"}
4/8/2026, 5:44:44 pm | {"api":"/api/cash-closing-dashboard","event":"CASH_CLOSING_BRANCH_FETCHED","totalBranches":62,"timestamp":"2026-08-04T12:14:44.159Z"}
4/8/2026, 5:44:44 pm | {"api":"/api/cash-closing-dashboard","event":"CASH_CLOSING_DASHBOARD_SUCCESS","totalRecords":56,"filters":{"cluster":"","branch":"","fromDate":"","toDate":"","status":""},"timestamp":"2026-08-04T12:14:44.160Z"}
4/8/2026, 5:44:51 pm | {"api":"/api/cash-closing-dashboard","event":"CASH_CLOSING_DASHBOARD_API_STARTED","filters":{"cluster":"","branch":"","fromDate":"","toDate":"","status":""},"timestamp":"2026-08-04T12:14:51.641Z"}
4/8/2026, 5:44:51 pm | {"api":"/api/cash-closing-dashboard","event":"CASH_CLOSING_DASHBOARD_DB_CONNECTED","timestamp":"2026-08-04T12:14:51.642Z"}
4/8/2026, 5:44:51 pm | {"api":"/api/cash-closing-dashboard","event":"CASH_CLOSING_DASHBOARD_QUERY_STARTED","filters":{"cluster":"","branch":"","fromDate":"","toDate":"","status":""},"timestamp":"2026-08-04T12:14:51.643Z"}
4/8/2026, 5:44:51 pm | {"api":"/api/cash-closing-dashboard","event":"CASH_CLOSING_DASHBOARD_DATA_FETCHED","totalRecords":56,"timestamp":"2026-08-04T12:14:51.649Z"}
4/8/2026, 5:44:51 pm | {"api":"/api/cash-closing-dashboard","event":"CASH_CLOSING_CLUSTER_FETCHED","totalClusters":5,"timestamp":"2026-08-04T12:14:51.653Z"}
4/8/2026, 5:44:51 pm | {"api":"/api/cash-closing-dashboard","event":"CASH_CLOSING_BRANCH_FETCHED","totalBranches":62,"timestamp":"2026-08-04T12:14:51.657Z"}
4/8/2026, 5:44:51 pm | {"api":"/api/cash-closing-dashboard","event":"CASH_CLOSING_DASHBOARD_SUCCESS","totalRecords":56,"filters":{"cluster":"","branch":"","fromDate":"","toDate":"","status":""},"timestamp":"2026-08-04T12:14:51.657Z"}
4/8/2026, 5:44:51 pm | {"api":"/api/cash-closing-dashboard","event":"CASH_CLOSING_DASHBOARD_API_STARTED","filters":{"cluster":"","branch":"","fromDate":"","toDate":"","status":""},"timestamp":"2026-08-04T12:14:51.816Z"}
4/8/2026, 5:44:51 pm | {"api":"/api/cash-closing-dashboard","event":"CASH_CLOSING_DASHBOARD_DB_CONNECTED","timestamp":"2026-08-04T12:14:51.817Z"}
4/8/2026, 5:44:51 pm | {"api":"/api/cash-closing-dashboard","event":"CASH_CLOSING_DASHBOARD_QUERY_STARTED","filters":{"cluster":"","branch":"","fromDate":"","toDate":"","status":""},"timestamp":"2026-08-04T12:14:51.818Z"}
4/8/2026, 5:44:51 pm | {"api":"/api/cash-closing-dashboard","event":"CASH_CLOSING_DASHBOARD_DATA_FETCHED","totalRecords":56,"timestamp":"2026-08-04T12:14:51.825Z"}
4/8/2026, 5:44:51 pm | {"api":"/api/cash-closing-dashboard","event":"CASH_CLOSING_CLUSTER_FETCHED","totalClusters":5,"timestamp":"2026-08-04T12:14:51.828Z"}
4/8/2026, 5:44:51 pm | {"api":"/api/cash-closing-dashboard","event":"CASH_CLOSING_BRANCH_FETCHED","totalBranches":62,"timestamp":"2026-08-04T12:14:51.832Z"}
4/8/2026, 5:44:51 pm | {"api":"/api/cash-closing-dashboard","event":"CASH_CLOSING_DASHBOARD_SUCCESS","totalRecords":56,"filters":{"cluster":"","branch":"","fromDate":"","toDate":"","status":""},"timestamp":"2026-08-04T12:14:51.833Z"}
4/8/2026, 5:44:56 pm | {"api":"/api/cash-closing-dashboard","event":"CASH_CLOSING_DASHBOARD_API_STARTED","filters":{"cluster":"","branch":"","fromDate":"","toDate":"","status":""},"timestamp":"2026-08-04T12:14:56.168Z"}
4/8/2026, 5:44:56 pm | {"api":"/api/cash-closing-dashboard","event":"CASH_CLOSING_DASHBOARD_DB_CONNECTED","timestamp":"2026-08-04T12:14:56.169Z"}
4/8/2026, 5:44:56 pm | {"api":"/api/cash-closing-dashboard","event":"CASH_CLOSING_DASHBOARD_QUERY_STARTED","filters":{"cluster":"","branch":"","fromDate":"","toDate":"","status":""},"timestamp":"2026-08-04T12:14:56.170Z"}
4/8/2026, 5:44:56 pm | {"api":"/api/cash-closing-dashboard","event":"CASH_CLOSING_DASHBOARD_DATA_FETCHED","totalRecords":56,"timestamp":"2026-08-04T12:14:56.176Z"}
4/8/2026, 5:44:56 pm | {"api":"/api/cash-closing-dashboard","event":"CASH_CLOSING_CLUSTER_FETCHED","totalClusters":5,"timestamp":"2026-08-04T12:14:56.179Z"}
4/8/2026, 5:44:56 pm | {"api":"/api/cash-closing-dashboard","event":"CASH_CLOSING_BRANCH_FETCHED","totalBranches":62,"timestamp":"2026-08-04T12:14:56.183Z"}
4/8/2026, 5:44:56 pm | {"api":"/api/cash-closing-dashboard","event":"CASH_CLOSING_DASHBOARD_SUCCESS","totalRecords":56,"filters":{"cluster":"","branch":"","fromDate":"","toDate":"","status":""},"timestamp":"2026-08-04T12:14:56.183Z"}
4/8/2026, 5:44:56 pm | {"api":"/api/cash-closing-dashboard","event":"CASH_CLOSING_DASHBOARD_API_STARTED","filters":{"cluster":"","branch":"","fromDate":"","toDate":"","status":""},"timestamp":"2026-08-04T12:14:56.374Z"}
4/8/2026, 5:44:56 pm | {"api":"/api/cash-closing-dashboard","event":"CASH_CLOSING_DASHBOARD_DB_CONNECTED","timestamp":"2026-08-04T12:14:56.375Z"}
4/8/2026, 5:44:56 pm | {"api":"/api/cash-closing-dashboard","event":"CASH_CLOSING_DASHBOARD_QUERY_STARTED","filters":{"cluster":"","branch":"","fromDate":"","toDate":"","status":""},"timestamp":"2026-08-04T12:14:56.376Z"}
4/8/2026, 5:44:56 pm | {"api":"/api/cash-closing-dashboard","event":"CASH_CLOSING_DASHBOARD_DATA_FETCHED","totalRecords":56,"timestamp":"2026-08-04T12:14:56.385Z"}
4/8/2026, 5:44:56 pm | {"api":"/api/cash-closing-dashboard","event":"CASH_CLOSING_CLUSTER_FETCHED","totalClusters":5,"timestamp":"2026-08-04T12:14:56.388Z"}
4/8/2026, 5:44:56 pm | {"api":"/api/cash-closing-dashboard","event":"CASH_CLOSING_BRANCH_FETCHED","totalBranches":62,"timestamp":"2026-08-04T12:14:56.392Z"}
4/8/2026, 5:44:56 pm | {"api":"/api/cash-closing-dashboard","event":"CASH_CLOSING_DASHBOARD_SUCCESS","totalRecords":56,"filters":{"cluster":"","branch":"","fromDate":"","toDate":"","status":""},"timestamp":"2026-08-04T12:14:56.393Z"}
4/8/2026, 5:44:56 pm | {"api":"/save-cash-closing","event":"SAVE_CASH_API_STARTED","empNo":"928","amount":"1351751","timestamp":"2026-08-04T12:14:56.456Z"}
4/8/2026, 5:44:56 pm | {"api":"/save-cash-closing","event":"PREVIOUS_DAY_RECORD_FOUND","empNo":"928","oldDate":"2026-08-03T00:00:00.000Z","amount":1220742,"timestamp":"2026-08-04T12:14:56.462Z"}
4/8/2026, 5:44:56 pm | {"api":"/save-cash-closing","event":"PREVIOUS_DAY_MOVED_TO_HISTORY","empNo":"928","timestamp":"2026-08-04T12:14:56.473Z"}
4/8/2026, 5:44:56 pm | {"api":"/save-cash-closing","event":"PREVIOUS_DAY_DELETED","empNo":"928","timestamp":"2026-08-04T12:14:56.478Z"}
4/8/2026, 5:44:56 pm | {"api":"/save-cash-closing","event":"SAVE_CASH_NEW_ENTRY","empNo":"928","amount":"1351751","branch":"Palakol","timestamp":"2026-08-04T12:14:56.481Z"}
4/8/2026, 5:44:56 pm | {"api":"/save-cash-closing","event":"SAVE_CASH_HISTORY_INSERTED","empNo":"928","actionType":"ADDED","version":1,"timestamp":"2026-08-04T12:14:56.493Z"}
4/8/2026, 5:44:56 pm | {"api":"/save-cash-closing","event":"SAVE_CASH_SUCCESS","type":"INSERT","empNo":"928","amount":"1351751","timestamp":"2026-08-04T12:14:56.494Z"}
4/8/2026, 5:45:01 pm | {"api":"/api/cash-closing-dashboard","event":"CASH_CLOSING_DASHBOARD_API_STARTED","filters":{"cluster":"","branch":"","fromDate":"","toDate":"","status":""},"timestamp":"2026-08-04T12:15:01.832Z"}
4/8/2026, 5:45:01 pm | {"api":"/api/cash-closing-dashboard","event":"CASH_CLOSING_DASHBOARD_DB_CONNECTED","timestamp":"2026-08-04T12:15:01.833Z"}
4/8/2026, 5:45:01 pm | {"api":"/api/cash-closing-dashboard","event":"CASH_CLOSING_DASHBOARD_QUERY_STARTED","filters":{"cluster":"","branch":"","fromDate":"","toDate":"","status":""},"timestamp":"2026-08-04T12:15:01.834Z"}
4/8/2026, 5:45:01 pm | {"api":"/api/cash-closing-dashboard","event":"CASH_CLOSING_DASHBOARD_DATA_FETCHED","totalRecords":56,"timestamp":"2026-08-04T12:15:01.841Z"}
4/8/2026, 5:45:01 pm | {"api":"/api/cash-closing-dashboard","event":"CASH_CLOSING_CLUSTER_FETCHED","totalClusters":5,"timestamp":"2026-08-04T12:15:01.844Z"}
4/8/2026, 5:45:01 pm | {"api":"/api/cash-closing-dashboard","event":"CASH_CLOSING_BRANCH_FETCHED","totalBranches":62,"timestamp":"2026-08-04T12:15:01.847Z"}
4/8/2026, 5:45:01 pm | {"api":"/api/cash-closing-dashboard","event":"CASH_CLOSING_DASHBOARD_SUCCESS","totalRecords":56,"filters":{"cluster":"","branch":"","fromDate":"","toDate":"","status":""},"timestamp":"2026-08-04T12:15:01.848Z"}
4/8/2026, 5:45:01 pm | {"api":"/api/cash-closing-dashboard","event":"CASH_CLOSING_DASHBOARD_API_STARTED","filters":{"cluster":"","branch":"","fromDate":"","toDate":"","status":""},"timestamp":"2026-08-04T12:15:01.994Z"}
4/8/2026, 5:45:01 pm | {"api":"/api/cash-closing-dashboard","event":"CASH_CLOSING_DASHBOARD_DB_CONNECTED","timestamp":"2026-08-04T12:15:01.995Z"}
4/8/2026, 5:45:01 pm | {"api":"/api/cash-closing-dashboard","event":"CASH_CLOSING_DASHBOARD_QUERY_STARTED","filters":{"cluster":"","branch":"","fromDate":"","toDate":"","status":""},"timestamp":"2026-08-04T12:15:01.996Z"}
4/8/2026, 5:45:02 pm | {"api":"/api/cash-closing-dashboard","event":"CASH_CLOSING_DASHBOARD_DATA_FETCHED","totalRecords":56,"timestamp":"2026-08-04T12:15:02.003Z"}
4/8/2026, 5:45:02 pm | {"api":"/api/cash-closing-dashboard","event":"CASH_CLOSING_CLUSTER_FETCHED","totalClusters":5,"timestamp":"2026-08-04T12:15:02.006Z"}
4/8/2026, 5:45:02 pm | {"api":"/api/cash-closing-dashboard","event":"CASH_CLOSING_BRANCH_FETCHED","totalBranches":62,"timestamp":"2026-08-04T12:15:02.010Z"}
4/8/2026, 5:45:02 pm | {"api":"/api/cash-closing-dashboard","event":"CASH_CLOSING_DASHBOARD_SUCCESS","totalRecords":56,"filters":{"cluster":"","branch":"","fromDate":"","toDate":"","status":""},"timestamp":"2026-08-04T12:15:02.010Z"}
4/8/2026, 5:45:02 pm | {"api":"/api/cash-closing-dashboard","event":"CASH_CLOSING_DASHBOARD_API_STARTED","filters":{"cluster":"","branch":"","fromDate":"","toDate":"","status":""},"timestamp":"2026-08-04T12:15:02.203Z"}
4/8/2026, 5:45:02 pm | {"api":"/api/cash-closing-dashboard","event":"CASH_CLOSING_DASHBOARD_DB_CONNECTED","timestamp":"2026-08-04T12:15:02.204Z"}
4/8/2026, 5:45:02 pm | {"api":"/api/cash-closing-dashboard","event":"CASH_CLOSING_DASHBOARD_QUERY_STARTED","filters":{"cluster":"","branch":"","fromDate":"","toDate":"","status":""},"timestamp":"2026-08-04T12:15:02.205Z"}
4/8/2026, 5:45:02 pm | {"api":"/api/cash-closing-dashboard","event":"CASH_CLOSING_DASHBOARD_DATA_FETCHED","totalRecords":56,"timestamp":"2026-08-04T12:15:02.211Z"}
4/8/2026, 5:45:02 pm | {"api":"/api/cash-closing-dashboard","event":"CASH_CLOSING_CLUSTER_FETCHED","totalClusters":5,"timestamp":"2026-08-04T12:15:02.214Z"}
4/8/2026, 5:45:02 pm | {"api":"/api/cash-closing-dashboard","event":"CASH_CLOSING_BRANCH_FETCHED","totalBranches":62,"timestamp":"2026-08-04T12:15:02.217Z"}
4/8/2026, 5:45:02 pm | {"api":"/api/cash-closing-dashboard","event":"CASH_CLOSING_DASHBOARD_SUCCESS","totalRecords":56,"filters":{"cluster":"","branch":"","fromDate":"","toDate":"","status":""},"timestamp":"2026-08-04T12:15:02.218Z"}
4/8/2026, 5:45:05 pm | {"api":"/api/cash-closing-dashboard","event":"CASH_CLOSING_DASHBOARD_API_STARTED","filters":{"cluster":"","branch":"","fromDate":"","toDate":"","status":""},"timestamp":"2026-08-04T12:15:05.026Z"}
4/8/2026, 5:45:05 pm | {"api":"/api/cash-closing-dashboard","event":"CASH_CLOSING_DASHBOARD_DB_CONNECTED","timestamp":"2026-08-04T12:15:05.028Z"}
4/8/2026, 5:45:05 pm | {"api":"/api/cash-closing-dashboard","event":"CASH_CLOSING_DASHBOARD_QUERY_STARTED","filters":{"cluster":"","branch":"","fromDate":"","toDate":"","status":""},"timestamp":"2026-08-04T12:15:05.028Z"}
4/8/2026, 5:45:05 pm | {"api":"/api/cash-closing-dashboard","event":"CASH_CLOSING_DASHBOARD_DATA_FETCHED","totalRecords":56,"timestamp":"2026-08-04T12:15:05.034Z"}
4/8/2026, 5:45:05 pm | {"api":"/api/cash-closing-dashboard","event":"CASH_CLOSING_CLUSTER_FETCHED","totalClusters":5,"timestamp":"2026-08-04T12:15:05.040Z"}
4/8/2026, 5:45:05 pm | {"api":"/api/cash-closing-dashboard","event":"CASH_CLOSING_BRANCH_FETCHED","totalBranches":62,"timestamp":"2026-08-04T12:15:05.045Z"}
4/8/2026, 5:45:05 pm | {"api":"/api/cash-closing-dashboard","event":"CASH_CLOSING_DASHBOARD_SUCCESS","totalRecords":56,"filters":{"cluster":"","branch":"","fromDate":"","toDate":"","status":""},"timestamp":"2026-08-04T12:15:05.046Z"}
4/8/2026, 5:45:05 pm | {"api":"/api/cash-closing-dashboard","event":"CASH_CLOSING_DASHBOARD_API_STARTED","filters":{"cluster":"","branch":"","fromDate":"","toDate":"","status":""},"timestamp":"2026-08-04T12:15:05.218Z"}
4/8/2026, 5:45:05 pm | {"api":"/api/cash-closing-dashboard","event":"CASH_CLOSING_DASHBOARD_DB_CONNECTED","timestamp":"2026-08-04T12:15:05.220Z"}
4/8/2026, 5:45:05 pm | {"api":"/api/cash-closing-dashboard","event":"CASH_CLOSING_DASHBOARD_QUERY_STARTED","filters":{"cluster":"","branch":"","fromDate":"","toDate":"","status":""},"timestamp":"2026-08-04T12:15:05.220Z"}
4/8/2026, 5:45:05 pm | {"api":"/api/cash-closing-dashboard","event":"CASH_CLOSING_DASHBOARD_DATA_FETCHED","totalRecords":56,"timestamp":"2026-08-04T12:15:05.228Z"}
4/8/2026, 5:45:05 pm | {"api":"/api/cash-closing-dashboard","event":"CASH_CLOSING_CLUSTER_FETCHED","totalClusters":5,"timestamp":"2026-08-04T12:15:05.232Z"}
4/8/2026, 5:45:05 pm | {"api":"/api/cash-closing-dashboard","event":"CASH_CLOSING_BRANCH_FETCHED","totalBranches":62,"timestamp":"2026-08-04T12:15:05.235Z"}
4/8/2026, 5:45:05 pm | {"api":"/api/cash-closing-dashboard","event":"CASH_CLOSING_DASHBOARD_SUCCESS","totalRecords":56,"filters":{"cluster":"","branch":"","fromDate":"","toDate":"","status":""},"timestamp":"2026-08-04T12:15:05.236Z"}
4/8/2026, 5:45:12 pm | {"api":"/login","event":"LOGIN_API_STARTED","mpin":"5591","deviceId":"0d61012a4ddd5867","timestamp":"2026-08-04T12:15:12.366Z"}
4/8/2026, 5:45:12 pm | {"event":"LOGIN_REQUEST","mpin":"5591","deviceId":"0d61012a4ddd5867","timestamp":"2026-08-04T12:15:12.367Z"}
4/8/2026, 5:45:12 pm | {"api":"/login","event":"LOGIN_DB_QUERY_STARTED","mpin":"5591","timestamp":"2026-08-04T12:15:12.368Z"}
4/8/2026, 5:45:12 pm | {"api":"/login","event":"LOGIN_USER_FOUND","empNo":"394","branch":"Ravulapalem","designation":"Branch Manager","timestamp":"2026-08-04T12:15:12.376Z"}
4/8/2026, 5:45:12 pm | {"api":"/login","event":"LOGIN_DEVICE_CHECK","empNo":"394","savedDevice":"0d61012a4ddd5867","currentDevice":"0d61012a4ddd5867","timestamp":"2026-08-04T12:15:12.377Z"}
4/8/2026, 5:45:12 pm | {"api":"/login","event":"LOGIN_SUCCESS","empNo":"394","branch":"Ravulapalem","designation":"Branch Manager","loginTime":"2026-08-04T12:15:12.382Z"}
4/8/2026, 5:45:12 pm | {"api":"/employee/:empNo","event":"EMPLOYEE_API_STARTED","empNo":"394","timestamp":"2026-08-04T12:15:12.551Z"}
4/8/2026, 5:45:12 pm | {"api":"/employee/:empNo","event":"EMPLOYEE_DB_QUERY_STARTED","empNo":"394","timestamp":"2026-08-04T12:15:12.552Z"}
4/8/2026, 5:45:12 pm | {"api":"/employee/:empNo","event":"EMPLOYEE_FETCH_SUCCESS","empNo":"394","employeeName":"Ch.Bala Krishna","branch":"Ravulapalem","designation":"Branch Manager","timestamp":"2026-08-04T12:15:12.556Z"}
4/8/2026, 5:45:12 pm | {"api":"/last-submission/:empNo","event":"LAST_SUBMISSION_API_STARTED","empNo":"394","timestamp":"2026-08-04T12:15:12.629Z"}
4/8/2026, 5:45:12 pm | {"api":"/last-submission/:empNo","event":"LAST_SUBMISSION_DB_QUERY_STARTED","empNo":"394","timestamp":"2026-08-04T12:15:12.630Z"}
4/8/2026, 5:45:12 pm | {"api":"/last-submission/:empNo","event":"LAST_SUBMISSION_FETCH_SUCCESS","empNo":"394","amount":1400000,"actionAt":"2026-08-03 17:41:02","timestamp":"2026-08-04T12:15:12.636Z"}
4/8/2026, 5:45:12 pm | {"api":"/today-cash/:empNo","event":"TODAY_CASH_API_STARTED","empNo":"394","timestamp":"2026-08-04T12:15:12.703Z"}
4/8/2026, 5:45:12 pm | {"api":"/today-cash/:empNo","event":"TODAY_CASH_DB_QUERY_STARTED","empNo":"394","timestamp":"2026-08-04T12:15:12.704Z"}
4/8/2026, 5:45:12 pm | {"api":"/today-cash/:empNo","event":"TODAY_CASH_FETCH_SUCCESS","empNo":"394","amount":1800000,"actionAt":"2026-08-04 17:44:06","timestamp":"2026-08-04T12:15:12.709Z"}
4/8/2026, 5:45:20 pm | {"api":"/save-cash-closing","event":"SAVE_CASH_API_STARTED","empNo":"394","amount":"2000000","timestamp":"2026-08-04T12:15:20.791Z"}
4/8/2026, 5:45:20 pm | {"api":"/save-cash-closing","event":"SAVE_CASH_UPDATE_STARTED","empNo":"394","oldAmount":1800000,"newAmount":"2000000","currentVersion":1,"nextVersion":2,"timestamp":"2026-08-04T12:15:20.811Z"}
4/8/2026, 5:45:20 pm | {"api":"/save-cash-closing","event":"SAVE_CASH_HISTORY_UPDATED","empNo":"394","version":2,"timestamp":"2026-08-04T12:15:20.823Z"}
4/8/2026, 5:45:20 pm | {"api":"/save-cash-closing","event":"SAVE_CASH_SUCCESS","type":"UPDATE","empNo":"394","amount":"2000000","version":2,"timestamp":"2026-08-04T12:15:20.824Z"}
4/8/2026, 5:45:39 pm | {"api":"/login","event":"LOGIN_API_STARTED","mpin":"6181","deviceId":"a1db35a5c9eadee2","timestamp":"2026-08-04T12:15:39.501Z"}
4/8/2026, 5:45:39 pm | {"event":"LOGIN_REQUEST","mpin":"6181","deviceId":"a1db35a5c9eadee2","timestamp":"2026-08-04T12:15:39.502Z"}
4/8/2026, 5:45:39 pm | {"api":"/login","event":"LOGIN_DB_QUERY_STARTED","mpin":"6181","timestamp":"2026-08-04T12:15:39.503Z"}
4/8/2026, 5:45:39 pm | {"api":"/login","event":"LOGIN_USER_FOUND","empNo":"461","branch":"Visakhapatnam","designation":"Branch Manager","timestamp":"2026-08-04T12:15:39.512Z"}
4/8/2026, 5:45:39 pm | {"api":"/login","event":"LOGIN_DEVICE_CHECK","empNo":"461","savedDevice":"a1db35a5c9eadee2","currentDevice":"a1db35a5c9eadee2","timestamp":"2026-08-04T12:15:39.513Z"}
4/8/2026, 5:45:39 pm | {"api":"/login","event":"LOGIN_SUCCESS","empNo":"461","branch":"Visakhapatnam","designation":"Branch Manager","loginTime":"2026-08-04T12:15:39.518Z"}
4/8/2026, 5:45:39 pm | {"api":"/employee/:empNo","event":"EMPLOYEE_API_STARTED","empNo":"461","timestamp":"2026-08-04T12:15:39.725Z"}
4/8/2026, 5:45:39 pm | {"api":"/employee/:empNo","event":"EMPLOYEE_DB_QUERY_STARTED","empNo":"461","timestamp":"2026-08-04T12:15:39.726Z"}
4/8/2026, 5:45:39 pm | {"api":"/employee/:empNo","event":"EMPLOYEE_FETCH_SUCCESS","empNo":"461","employeeName":"B Rama Rao","branch":"Visakhapatnam","designation":"Branch Manager","timestamp":"2026-08-04T12:15:39.730Z"}
4/8/2026, 5:45:39 pm | {"api":"/last-submission/:empNo","event":"LAST_SUBMISSION_API_STARTED","empNo":"461","timestamp":"2026-08-04T12:15:39.804Z"}
4/8/2026, 5:45:39 pm | {"api":"/last-submission/:empNo","event":"LAST_SUBMISSION_DB_QUERY_STARTED","empNo":"461","timestamp":"2026-08-04T12:15:39.805Z"}
4/8/2026, 5:45:39 pm | {"api":"/last-submission/:empNo","event":"LAST_SUBMISSION_FETCH_SUCCESS","empNo":"461","amount":667618,"actionAt":"2026-08-03 17:44:17","timestamp":"2026-08-04T12:15:39.811Z"}
4/8/2026, 5:45:39 pm | {"api":"/today-cash/:empNo","event":"TODAY_CASH_API_STARTED","empNo":"461","timestamp":"2026-08-04T12:15:39.981Z"}
4/8/2026, 5:45:39 pm | {"api":"/today-cash/:empNo","event":"TODAY_CASH_DB_QUERY_STARTED","empNo":"461","timestamp":"2026-08-04T12:15:39.982Z"}
4/8/2026, 5:45:39 pm | {"api":"/today-cash/:empNo","event":"TODAY_CASH_NOT_FOUND","empNo":"461","timestamp":"2026-08-04T12:15:39.987Z"}
4/8/2026, 5:45:50 pm | {"api":"/save-cash-closing","event":"SAVE_CASH_API_STARTED","empNo":"461","amount":"926113","timestamp":"2026-08-04T12:15:50.375Z"}
4/8/2026, 5:45:50 pm | {"api":"/save-cash-closing","event":"PREVIOUS_DAY_RECORD_FOUND","empNo":"461","oldDate":"2026-08-03T00:00:00.000Z","amount":667618,"timestamp":"2026-08-04T12:15:50.383Z"}
4/8/2026, 5:45:50 pm | {"api":"/save-cash-closing","event":"PREVIOUS_DAY_MOVED_TO_HISTORY","empNo":"461","timestamp":"2026-08-04T12:15:50.389Z"}
4/8/2026, 5:45:50 pm | {"api":"/save-cash-closing","event":"PREVIOUS_DAY_DELETED","empNo":"461","timestamp":"2026-08-04T12:15:50.394Z"}
4/8/2026, 5:45:50 pm | {"api":"/save-cash-closing","event":"SAVE_CASH_NEW_ENTRY","empNo":"461","amount":"926113","branch":"Visakhapatnam","timestamp":"2026-08-04T12:15:50.397Z"}
4/8/2026, 5:45:50 pm | {"api":"/save-cash-closing","event":"SAVE_CASH_HISTORY_INSERTED","empNo":"461","actionType":"ADDED","version":1,"timestamp":"2026-08-04T12:15:50.408Z"}
4/8/2026, 5:45:50 pm | {"api":"/save-cash-closing","event":"SAVE_CASH_SUCCESS","type":"INSERT","empNo":"461","amount":"926113","timestamp":"2026-08-04T12:15:50.409Z"}
4/8/2026, 5:45:51 pm | {"api":"/api/cash-closing-dashboard","event":"CASH_CLOSING_DASHBOARD_API_STARTED","filters":{"cluster":"","branch":"","fromDate":"","toDate":"","status":""},"timestamp":"2026-08-04T12:15:51.535Z"}
4/8/2026, 5:45:51 pm | {"api":"/api/cash-closing-dashboard","event":"CASH_CLOSING_DASHBOARD_DB_CONNECTED","timestamp":"2026-08-04T12:15:51.536Z"}
4/8/2026, 5:45:51 pm | {"api":"/api/cash-closing-dashboard","event":"CASH_CLOSING_DASHBOARD_QUERY_STARTED","filters":{"cluster":"","branch":"","fromDate":"","toDate":"","status":""},"timestamp":"2026-08-04T12:15:51.536Z"}
4/8/2026, 5:45:51 pm | {"api":"/api/cash-closing-dashboard","event":"CASH_CLOSING_DASHBOARD_DATA_FETCHED","totalRecords":56,"timestamp":"2026-08-04T12:15:51.542Z"}
4/8/2026, 5:45:51 pm | {"api":"/api/cash-closing-dashboard","event":"CASH_CLOSING_CLUSTER_FETCHED","totalClusters":5,"timestamp":"2026-08-04T12:15:51.546Z"}
4/8/2026, 5:45:51 pm | {"api":"/api/cash-closing-dashboard","event":"CASH_CLOSING_BRANCH_FETCHED","totalBranches":62,"timestamp":"2026-08-04T12:15:51.549Z"}
4/8/2026, 5:45:51 pm | {"api":"/api/cash-closing-dashboard","event":"CASH_CLOSING_DASHBOARD_SUCCESS","totalRecords":56,"filters":{"cluster":"","branch":"","fromDate":"","toDate":"","status":""},"timestamp":"2026-08-04T12:15:51.550Z"}
4/8/2026, 5:45:51 pm | {"api":"/api/cash-closing-dashboard","event":"CASH_CLOSING_DASHBOARD_API_STARTED","filters":{"cluster":"","branch":"","fromDate":"","toDate":"","status":""},"timestamp":"2026-08-04T12:15:51.621Z"}
4/8/2026, 5:45:51 pm | {"api":"/api/cash-closing-dashboard","event":"CASH_CLOSING_DASHBOARD_DB_CONNECTED","timestamp":"2026-08-04T12:15:51.621Z"}
4/8/2026, 5:45:51 pm | {"api":"/api/cash-closing-dashboard","event":"CASH_CLOSING_DASHBOARD_QUERY_STARTED","filters":{"cluster":"","branch":"","fromDate":"","toDate":"","status":""},"timestamp":"2026-08-04T12:15:51.622Z"}
4/8/2026, 5:45:51 pm | {"api":"/api/cash-closing-dashboard","event":"CASH_CLOSING_DASHBOARD_DATA_FETCHED","totalRecords":56,"timestamp":"2026-08-04T12:15:51.629Z"}
4/8/2026, 5:45:51 pm | {"api":"/api/cash-closing-dashboard","event":"CASH_CLOSING_CLUSTER_FETCHED","totalClusters":5,"timestamp":"2026-08-04T12:15:51.632Z"}
4/8/2026, 5:45:51 pm | {"api":"/api/cash-closing-dashboard","event":"CASH_CLOSING_BRANCH_FETCHED","totalBranches":62,"timestamp":"2026-08-04T12:15:51.635Z"}
4/8/2026, 5:45:51 pm | {"api":"/api/cash-closing-dashboard","event":"CASH_CLOSING_DASHBOARD_SUCCESS","totalRecords":56,"filters":{"cluster":"","branch":"","fromDate":"","toDate":"","status":""},"timestamp":"2026-08-04T12:15:51.636Z"}
4/8/2026, 5:45:51 pm | {"api":"/api/cash-closing-dashboard","event":"CASH_CLOSING_DASHBOARD_API_STARTED","filters":{"cluster":"","branch":"","fromDate":"","toDate":"","status":""},"timestamp":"2026-08-04T12:15:51.997Z"}
4/8/2026, 5:45:51 pm | {"api":"/api/cash-closing-dashboard","event":"CASH_CLOSING_DASHBOARD_DB_CONNECTED","timestamp":"2026-08-04T12:15:51.998Z"}
4/8/2026, 5:45:51 pm | {"api":"/api/cash-closing-dashboard","event":"CASH_CLOSING_DASHBOARD_QUERY_STARTED","filters":{"cluster":"","branch":"","fromDate":"","toDate":"","status":""},"timestamp":"2026-08-04T12:15:51.999Z"}
4/8/2026, 5:45:52 pm | {"api":"/api/cash-closing-dashboard","event":"CASH_CLOSING_DASHBOARD_DATA_FETCHED","totalRecords":56,"timestamp":"2026-08-04T12:15:52.005Z"}
4/8/2026, 5:45:52 pm | {"api":"/api/cash-closing-dashboard","event":"CASH_CLOSING_CLUSTER_FETCHED","totalClusters":5,"timestamp":"2026-08-04T12:15:52.008Z"}
4/8/2026, 5:45:52 pm | {"api":"/api/cash-closing-dashboard","event":"CASH_CLOSING_BRANCH_FETCHED","totalBranches":62,"timestamp":"2026-08-04T12:15:52.011Z"}
4/8/2026, 5:45:52 pm | {"api":"/api/cash-closing-dashboard","event":"CASH_CLOSING_DASHBOARD_SUCCESS","totalRecords":56,"filters":{"cluster":"","branch":"","fromDate":"","toDate":"","status":""},"timestamp":"2026-08-04T12:15:52.012Z"}
4/8/2026, 5:45:56 pm | {"api":"/api/cash-closing-dashboard","event":"CASH_CLOSING_DASHBOARD_API_STARTED","filters":{"cluster":"","branch":"","fromDate":"","toDate":"","status":""},"timestamp":"2026-08-04T12:15:56.037Z"}
4/8/2026, 5:45:56 pm | {"api":"/api/cash-closing-dashboard","event":"CASH_CLOSING_DASHBOARD_DB_CONNECTED","timestamp":"2026-08-04T12:15:56.038Z"}
4/8/2026, 5:45:56 pm | {"api":"/api/cash-closing-dashboard","event":"CASH_CLOSING_DASHBOARD_QUERY_STARTED","filters":{"cluster":"","branch":"","fromDate":"","toDate":"","status":""},"timestamp":"2026-08-04T12:15:56.038Z"}
4/8/2026, 5:45:56 pm | {"api":"/api/cash-closing-dashboard","event":"CASH_CLOSING_DASHBOARD_DATA_FETCHED","totalRecords":56,"timestamp":"2026-08-04T12:15:56.046Z"}
4/8/2026, 5:45:56 pm | {"api":"/api/cash-closing-dashboard","event":"CASH_CLOSING_CLUSTER_FETCHED","totalClusters":5,"timestamp":"2026-08-04T12:15:56.050Z"}
4/8/2026, 5:45:56 pm | {"api":"/api/cash-closing-dashboard","event":"CASH_CLOSING_BRANCH_FETCHED","totalBranches":62,"timestamp":"2026-08-04T12:15:56.053Z"}
4/8/2026, 5:45:56 pm | {"api":"/api/cash-closing-dashboard","event":"CASH_CLOSING_DASHBOARD_SUCCESS","totalRecords":56,"filters":{"cluster":"","branch":"","fromDate":"","toDate":"","status":""},"timestamp":"2026-08-04T12:15:56.054Z"}
4/8/2026, 5:45:56 pm | {"api":"/api/cash-closing-dashboard","event":"CASH_CLOSING_DASHBOARD_API_STARTED","filters":{"cluster":"","branch":"","fromDate":"","toDate":"","status":""},"timestamp":"2026-08-04T12:15:56.229Z"}
4/8/2026, 5:45:56 pm | {"api":"/api/cash-closing-dashboard","event":"CASH_CLOSING_DASHBOARD_DB_CONNECTED","timestamp":"2026-08-04T12:15:56.230Z"}
4/8/2026, 5:45:56 pm | {"api":"/api/cash-closing-dashboard","event":"CASH_CLOSING_DASHBOARD_QUERY_STARTED","filters":{"cluster":"","branch":"","fromDate":"","toDate":"","status":""},"timestamp":"2026-08-04T12:15:56.230Z"}
4/8/2026, 5:45:56 pm | {"api":"/api/cash-closing-dashboard","event":"CASH_CLOSING_DASHBOARD_DATA_FETCHED","totalRecords":56,"timestamp":"2026-08-04T12:15:56.236Z"}
4/8/2026, 5:45:56 pm | {"api":"/api/cash-closing-dashboard","event":"CASH_CLOSING_CLUSTER_FETCHED","totalClusters":5,"timestamp":"2026-08-04T12:15:56.240Z"}
4/8/2026, 5:45:56 pm | {"api":"/api/cash-closing-dashboard","event":"CASH_CLOSING_BRANCH_FETCHED","totalBranches":62,"timestamp":"2026-08-04T12:15:56.243Z"}
4/8/2026, 5:45:56 pm | {"api":"/api/cash-closing-dashboard","event":"CASH_CLOSING_DASHBOARD_SUCCESS","totalRecords":56,"filters":{"cluster":"","branch":"","fromDate":"","toDate":"","status":""},"timestamp":"2026-08-04T12:15:56.244Z"}
4/8/2026, 5:45:56 pm | {"api":"/api/cash-closing-dashboard","event":"CASH_CLOSING_DASHBOARD_API_STARTED","filters":{"cluster":"","branch":"","fromDate":"","toDate":"","status":""},"timestamp":"2026-08-04T12:15:56.437Z"}
4/8/2026, 5:45:56 pm | {"api":"/api/cash-closing-dashboard","event":"CASH_CLOSING_DASHBOARD_DB_CONNECTED","timestamp":"2026-08-04T12:15:56.438Z"}
4/8/2026, 5:45:56 pm | {"api":"/api/cash-closing-dashboard","event":"CASH_CLOSING_DASHBOARD_QUERY_STARTED","filters":{"cluster":"","branch":"","fromDate":"","toDate":"","status":""},"timestamp":"2026-08-04T12:15:56.439Z"}
4/8/2026, 5:45:56 pm | {"api":"/api/cash-closing-dashboard","event":"CASH_CLOSING_DASHBOARD_DATA_FETCHED","totalRecords":56,"timestamp":"2026-08-04T12:15:56.444Z"}
4/8/2026, 5:45:56 pm | {"api":"/api/cash-closing-dashboard","event":"CASH_CLOSING_CLUSTER_FETCHED","totalClusters":5,"timestamp":"2026-08-04T12:15:56.448Z"}
4/8/2026, 5:45:56 pm | {"api":"/api/cash-closing-dashboard","event":"CASH_CLOSING_BRANCH_FETCHED","totalBranches":62,"timestamp":"2026-08-04T12:15:56.452Z"}
4/8/2026, 5:45:56 pm | {"api":"/api/cash-closing-dashboard","event":"CASH_CLOSING_DASHBOARD_SUCCESS","totalRecords":56,"filters":{"cluster":"","branch":"","fromDate":"","toDate":"","status":""},"timestamp":"2026-08-04T12:15:56.453Z"}
4/8/2026, 5:45:56 pm | {"api":"/api/cash-closing-dashboard","event":"CASH_CLOSING_DASHBOARD_API_STARTED","filters":{"cluster":"","branch":"","fromDate":"","toDate":"","status":""},"timestamp":"2026-08-04T12:15:56.671Z"}
4/8/2026, 5:45:56 pm | {"api":"/api/cash-closing-dashboard","event":"CASH_CLOSING_DASHBOARD_DB_CONNECTED","timestamp":"2026-08-04T12:15:56.671Z"}
4/8/2026, 5:45:56 pm | {"api":"/api/cash-closing-dashboard","event":"CASH_CLOSING_DASHBOARD_QUERY_STARTED","filters":{"cluster":"","branch":"","fromDate":"","toDate":"","status":""},"timestamp":"2026-08-04T12:15:56.672Z"}
4/8/2026, 5:45:56 pm | {"api":"/api/cash-closing-dashboard","event":"CASH_CLOSING_DASHBOARD_DATA_FETCHED","totalRecords":56,"timestamp":"2026-08-04T12:15:56.679Z"}
4/8/2026, 5:45:56 pm | {"api":"/api/cash-closing-dashboard","event":"CASH_CLOSING_CLUSTER_FETCHED","totalClusters":5,"timestamp":"2026-08-04T12:15:56.682Z"}
4/8/2026, 5:45:56 pm | {"api":"/api/cash-closing-dashboard","event":"CASH_CLOSING_BRANCH_FETCHED","totalBranches":62,"timestamp":"2026-08-04T12:15:56.686Z"}
4/8/2026, 5:45:56 pm | {"api":"/api/cash-closing-dashboard","event":"CASH_CLOSING_DASHBOARD_SUCCESS","totalRecords":56,"filters":{"cluster":"","branch":"","fromDate":"","toDate":"","status":""},"timestamp":"2026-08-04T12:15:56.687Z"}
4/8/2026, 5:45:58 pm | {"api":"/api/cash-closing-dashboard","event":"CASH_CLOSING_DASHBOARD_API_STARTED","filters":{"cluster":"","branch":"","fromDate":"","toDate":"","status":""},"timestamp":"2026-08-04T12:15:58.911Z"}
4/8/2026, 5:45:58 pm | {"api":"/api/cash-closing-dashboard","event":"CASH_CLOSING_DASHBOARD_DB_CONNECTED","timestamp":"2026-08-04T12:15:58.912Z"}
4/8/2026, 5:45:58 pm | {"api":"/api/cash-closing-dashboard","event":"CASH_CLOSING_DASHBOARD_QUERY_STARTED","filters":{"cluster":"","branch":"","fromDate":"","toDate":"","status":""},"timestamp":"2026-08-04T12:15:58.913Z"}
4/8/2026, 5:45:58 pm | {"api":"/api/cash-closing-dashboard","event":"CASH_CLOSING_DASHBOARD_DATA_FETCHED","totalRecords":56,"timestamp":"2026-08-04T12:15:58.918Z"}
4/8/2026, 5:45:58 pm | {"api":"/api/cash-closing-dashboard","event":"CASH_CLOSING_CLUSTER_FETCHED","totalClusters":5,"timestamp":"2026-08-04T12:15:58.923Z"}
4/8/2026, 5:45:58 pm | {"api":"/api/cash-closing-dashboard","event":"CASH_CLOSING_BRANCH_FETCHED","totalBranches":62,"timestamp":"2026-08-04T12:15:58.927Z"}
4/8/2026, 5:45:58 pm | {"api":"/api/cash-closing-dashboard","event":"CASH_CLOSING_DASHBOARD_SUCCESS","totalRecords":56,"filters":{"cluster":"","branch":"","fromDate":"","toDate":"","status":""},"timestamp":"2026-08-04T12:15:58.927Z"}
4/8/2026, 5:45:59 pm | {"api":"/api/cash-closing-dashboard","event":"CASH_CLOSING_DASHBOARD_API_STARTED","filters":{"cluster":"","branch":"","fromDate":"","toDate":"","status":""},"timestamp":"2026-08-04T12:15:59.095Z"}
4/8/2026, 5:45:59 pm | {"api":"/api/cash-closing-dashboard","event":"CASH_CLOSING_DASHBOARD_DB_CONNECTED","timestamp":"2026-08-04T12:15:59.095Z"}
4/8/2026, 5:45:59 pm | {"api":"/api/cash-closing-dashboard","event":"CASH_CLOSING_DASHBOARD_QUERY_STARTED","filters":{"cluster":"","branch":"","fromDate":"","toDate":"","status":""},"timestamp":"2026-08-04T12:15:59.096Z"}
4/8/2026, 5:45:59 pm | {"api":"/api/cash-closing-dashboard","event":"CASH_CLOSING_DASHBOARD_DATA_FETCHED","totalRecords":56,"timestamp":"2026-08-04T12:15:59.102Z"}
4/8/2026, 5:45:59 pm | {"api":"/api/cash-closing-dashboard","event":"CASH_CLOSING_CLUSTER_FETCHED","totalClusters":5,"timestamp":"2026-08-04T12:15:59.106Z"}
4/8/2026, 5:45:59 pm | {"api":"/api/cash-closing-dashboard","event":"CASH_CLOSING_BRANCH_FETCHED","totalBranches":62,"timestamp":"2026-08-04T12:15:59.109Z"}
4/8/2026, 5:45:59 pm | {"api":"/api/cash-closing-dashboard","event":"CASH_CLOSING_DASHBOARD_SUCCESS","totalRecords":56,"filters":{"cluster":"","branch":"","fromDate":"","toDate":"","status":""},"timestamp":"2026-08-04T12:15:59.110Z"}
4/8/2026, 5:46:03 pm | {"api":"/api/cash-closing-dashboard","event":"CASH_CLOSING_DASHBOARD_API_STARTED","filters":{"cluster":"","branch":"","fromDate":"","toDate":"","status":""},"timestamp":"2026-08-04T12:16:03.643Z"}
4/8/2026, 5:46:03 pm | {"api":"/api/cash-closing-dashboard","event":"CASH_CLOSING_DASHBOARD_DB_CONNECTED","timestamp":"2026-08-04T12:16:03.644Z"}
4/8/2026, 5:46:03 pm | {"api":"/api/cash-closing-dashboard","event":"CASH_CLOSING_DASHBOARD_QUERY_STARTED","filters":{"cluster":"","branch":"","fromDate":"","toDate":"","status":""},"timestamp":"2026-08-04T12:16:03.645Z"}
4/8/2026, 5:46:03 pm | {"api":"/api/cash-closing-dashboard","event":"CASH_CLOSING_DASHBOARD_DATA_FETCHED","totalRecords":56,"timestamp":"2026-08-04T12:16:03.651Z"}
4/8/2026, 5:46:03 pm | {"api":"/api/cash-closing-dashboard","event":"CASH_CLOSING_CLUSTER_FETCHED","totalClusters":5,"timestamp":"2026-08-04T12:16:03.655Z"}
4/8/2026, 5:46:03 pm | {"api":"/api/cash-closing-dashboard","event":"CASH_CLOSING_BRANCH_FETCHED","totalBranches":62,"timestamp":"2026-08-04T12:16:03.660Z"}
4/8/2026, 5:46:03 pm | {"api":"/api/cash-closing-dashboard","event":"CASH_CLOSING_DASHBOARD_SUCCESS","totalRecords":56,"filters":{"cluster":"","branch":"","fromDate":"","toDate":"","status":""},"timestamp":"2026-08-04T12:16:03.660Z"}
4/8/2026, 5:46:03 pm | {"api":"/api/cash-closing-dashboard","event":"CASH_CLOSING_DASHBOARD_API_STARTED","filters":{"cluster":"","branch":"","fromDate":"","toDate":"","status":""},"timestamp":"2026-08-04T12:16:03.846Z"}
4/8/2026, 5:46:03 pm | {"api":"/api/cash-closing-dashboard","event":"CASH_CLOSING_DASHBOARD_DB_CONNECTED","timestamp":"2026-08-04T12:16:03.847Z"}
4/8/2026, 5:46:03 pm | {"api":"/api/cash-closing-dashboard","event":"CASH_CLOSING_DASHBOARD_QUERY_STARTED","filters":{"cluster":"","branch":"","fromDate":"","toDate":"","status":""},"timestamp":"2026-08-04T12:16:03.847Z"}
4/8/2026, 5:46:03 pm | {"api":"/api/cash-closing-dashboard","event":"CASH_CLOSING_DASHBOARD_DATA_FETCHED","totalRecords":56,"timestamp":"2026-08-04T12:16:03.853Z"}
4/8/2026, 5:46:03 pm | {"api":"/api/cash-closing-dashboard","event":"CASH_CLOSING_CLUSTER_FETCHED","totalClusters":5,"timestamp":"2026-08-04T12:16:03.856Z"}
4/8/2026, 5:46:03 pm | {"api":"/api/cash-closing-dashboard","event":"CASH_CLOSING_BRANCH_FETCHED","totalBranches":62,"timestamp":"2026-08-04T12:16:03.860Z"}
4/8/2026, 5:46:03 pm | {"api":"/api/cash-closing-dashboard","event":"CASH_CLOSING_DASHBOARD_SUCCESS","totalRecords":56,"filters":{"cluster":"","branch":"","fromDate":"","toDate":"","status":""},"timestamp":"2026-08-04T12:16:03.861Z"}
4/8/2026, 5:46:04 pm | {"api":"/api/cash-closing-dashboard","event":"CASH_CLOSING_DASHBOARD_API_STARTED","filters":{"cluster":"","branch":"","fromDate":"","toDate":"","status":""},"timestamp":"2026-08-04T12:16:04.150Z"}
4/8/2026, 5:46:04 pm | {"api":"/api/cash-closing-dashboard","event":"CASH_CLOSING_DASHBOARD_DB_CONNECTED","timestamp":"2026-08-04T12:16:04.151Z"}
4/8/2026, 5:46:04 pm | {"api":"/api/cash-closing-dashboard","event":"CASH_CLOSING_DASHBOARD_QUERY_STARTED","filters":{"cluster":"","branch":"","fromDate":"","toDate":"","status":""},"timestamp":"2026-08-04T12:16:04.151Z"}
4/8/2026, 5:46:04 pm | {"api":"/api/cash-closing-dashboard","event":"CASH_CLOSING_DASHBOARD_DATA_FETCHED","totalRecords":56,"timestamp":"2026-08-04T12:16:04.158Z"}
4/8/2026, 5:46:04 pm | {"api":"/api/cash-closing-dashboard","event":"CASH_CLOSING_CLUSTER_FETCHED","totalClusters":5,"timestamp":"2026-08-04T12:16:04.162Z"}
4/8/2026, 5:46:04 pm | {"api":"/api/cash-closing-dashboard","event":"CASH_CLOSING_BRANCH_FETCHED","totalBranches":62,"timestamp":"2026-08-04T12:16:04.166Z"}
4/8/2026, 5:46:04 pm | {"api":"/api/cash-closing-dashboard","event":"CASH_CLOSING_DASHBOARD_SUCCESS","totalRecords":56,"filters":{"cluster":"","branch":"","fromDate":"","toDate":"","status":""},"timestamp":"2026-08-04T12:16:04.167Z"}
4/8/2026, 5:46:08 pm | {"api":"/api/cash-closing-dashboard","event":"CASH_CLOSING_DASHBOARD_API_STARTED","filters":{"cluster":"","branch":"","fromDate":"","toDate":"","status":""},"timestamp":"2026-08-04T12:16:08.078Z"}
4/8/2026, 5:46:08 pm | {"api":"/api/cash-closing-dashboard","event":"CASH_CLOSING_DASHBOARD_DB_CONNECTED","timestamp":"2026-08-04T12:16:08.079Z"}
4/8/2026, 5:46:08 pm | {"api":"/api/cash-closing-dashboard","event":"CASH_CLOSING_DASHBOARD_QUERY_STARTED","filters":{"cluster":"","branch":"","fromDate":"","toDate":"","status":""},"timestamp":"2026-08-04T12:16:08.080Z"}
4/8/2026, 5:46:08 pm | {"api":"/api/cash-closing-dashboard","event":"CASH_CLOSING_DASHBOARD_DATA_FETCHED","totalRecords":56,"timestamp":"2026-08-04T12:16:08.086Z"}
4/8/2026, 5:46:08 pm | {"api":"/api/cash-closing-dashboard","event":"CASH_CLOSING_CLUSTER_FETCHED","totalClusters":5,"timestamp":"2026-08-04T12:16:08.090Z"}
4/8/2026, 5:46:08 pm | {"api":"/api/cash-closing-dashboard","event":"CASH_CLOSING_BRANCH_FETCHED","totalBranches":62,"timestamp":"2026-08-04T12:16:08.093Z"}
4/8/2026, 5:46:08 pm | {"api":"/api/cash-closing-dashboard","event":"CASH_CLOSING_DASHBOARD_SUCCESS","totalRecords":56,"filters":{"cluster":"","branch":"","fromDate":"","toDate":"","status":""},"timestamp":"2026-08-04T12:16:08.094Z"}
4/8/2026, 5:46:08 pm | {"api":"/api/cash-closing-dashboard","event":"CASH_CLOSING_DASHBOARD_API_STARTED","filters":{"cluster":"","branch":"","fromDate":"","toDate":"","status":""},"timestamp":"2026-08-04T12:16:08.294Z"}
4/8/2026, 5:46:08 pm | {"api":"/api/cash-closing-dashboard","event":"CASH_CLOSING_DASHBOARD_DB_CONNECTED","timestamp":"2026-08-04T12:16:08.295Z"}
4/8/2026, 5:46:08 pm | {"api":"/api/cash-closing-dashboard","event":"CASH_CLOSING_DASHBOARD_QUERY_STARTED","filters":{"cluster":"","branch":"","fromDate":"","toDate":"","status":""},"timestamp":"2026-08-04T12:16:08.295Z"}
4/8/2026, 5:46:08 pm | {"api":"/api/cash-closing-dashboard","event":"CASH_CLOSING_DASHBOARD_DATA_FETCHED","totalRecords":56,"timestamp":"2026-08-04T12:16:08.302Z"}
4/8/2026, 5:46:08 pm | {"api":"/api/cash-closing-dashboard","event":"CASH_CLOSING_CLUSTER_FETCHED","totalClusters":5,"timestamp":"2026-08-04T12:16:08.308Z"}
4/8/2026, 5:46:08 pm | {"api":"/api/cash-closing-dashboard","event":"CASH_CLOSING_BRANCH_FETCHED","totalBranches":62,"timestamp":"2026-08-04T12:16:08.312Z"}
4/8/2026, 5:46:08 pm | {"api":"/api/cash-closing-dashboard","event":"CASH_CLOSING_DASHBOARD_SUCCESS","totalRecords":56,"filters":{"cluster":"","branch":"","fromDate":"","toDate":"","status":""},"timestamp":"2026-08-04T12:16:08.312Z"}
4/8/2026, 5:46:13 pm | {"api":"/api/cash-closing-dashboard","event":"CASH_CLOSING_DASHBOARD_API_STARTED","filters":{"cluster":"","branch":"","fromDate":"","toDate":"","status":""},"timestamp":"2026-08-04T12:16:13.571Z"}
4/8/2026, 5:46:13 pm | {"api":"/api/cash-closing-dashboard","event":"CASH_CLOSING_DASHBOARD_DB_CONNECTED","timestamp":"2026-08-04T12:16:13.572Z"}
4/8/2026, 5:46:13 pm | {"api":"/api/cash-closing-dashboard","event":"CASH_CLOSING_DASHBOARD_QUERY_STARTED","filters":{"cluster":"","branch":"","fromDate":"","toDate":"","status":""},"timestamp":"2026-08-04T12:16:13.572Z"}
4/8/2026, 5:46:13 pm | {"api":"/api/cash-closing-dashboard","event":"CASH_CLOSING_DASHBOARD_DATA_FETCHED","totalRecords":56,"timestamp":"2026-08-04T12:16:13.578Z"}
4/8/2026, 5:46:13 pm | {"api":"/api/cash-closing-dashboard","event":"CASH_CLOSING_CLUSTER_FETCHED","totalClusters":5,"timestamp":"2026-08-04T12:16:13.582Z"}
4/8/2026, 5:46:13 pm | {"api":"/api/cash-closing-dashboard","event":"CASH_CLOSING_BRANCH_FETCHED","totalBranches":62,"timestamp":"2026-08-04T12:16:13.587Z"}
4/8/2026, 5:46:13 pm | {"api":"/api/cash-closing-dashboard","event":"CASH_CLOSING_DASHBOARD_SUCCESS","totalRecords":56,"filters":{"cluster":"","branch":"","fromDate":"","toDate":"","status":""},"timestamp":"2026-08-04T12:16:13.587Z"}
4/8/2026, 5:46:13 pm | {"api":"/api/cash-closing-dashboard","event":"CASH_CLOSING_DASHBOARD_API_STARTED","filters":{"cluster":"","branch":"","fromDate":"","toDate":"","status":""},"timestamp":"2026-08-04T12:16:13.775Z"}
4/8/2026, 5:46:13 pm | {"api":"/api/cash-closing-dashboard","event":"CASH_CLOSING_DASHBOARD_DB_CONNECTED","timestamp":"2026-08-04T12:16:13.776Z"}
4/8/2026, 5:46:13 pm | {"api":"/api/cash-closing-dashboard","event":"CASH_CLOSING_DASHBOARD_QUERY_STARTED","filters":{"cluster":"","branch":"","fromDate":"","toDate":"","status":""},"timestamp":"2026-08-04T12:16:13.777Z"}
4/8/2026, 5:46:13 pm | {"api":"/api/cash-closing-dashboard","event":"CASH_CLOSING_DASHBOARD_DATA_FETCHED","totalRecords":56,"timestamp":"2026-08-04T12:16:13.783Z"}
4/8/2026, 5:46:13 pm | {"api":"/api/cash-closing-dashboard","event":"CASH_CLOSING_CLUSTER_FETCHED","totalClusters":5,"timestamp":"2026-08-04T12:16:13.787Z"}
4/8/2026, 5:46:13 pm | {"api":"/api/cash-closing-dashboard","event":"CASH_CLOSING_BRANCH_FETCHED","totalBranches":62,"timestamp":"2026-08-04T12:16:13.790Z"}
4/8/2026, 5:46:13 pm | {"api":"/api/cash-closing-dashboard","event":"CASH_CLOSING_DASHBOARD_SUCCESS","totalRecords":56,"filters":{"cluster":"","branch":"","fromDate":"","toDate":"","status":""},"timestamp":"2026-08-04T12:16:13.791Z"}
4/8/2026, 5:46:18 pm | {"api":"/api/cash-closing-dashboard","event":"CASH_CLOSING_DASHBOARD_API_STARTED","filters":{"cluster":"","branch":"","fromDate":"","toDate":"","status":""},"timestamp":"2026-08-04T12:16:18.707Z"}
4/8/2026, 5:46:18 pm | {"api":"/api/cash-closing-dashboard","event":"CASH_CLOSING_DASHBOARD_DB_CONNECTED","timestamp":"2026-08-04T12:16:18.708Z"}
4/8/2026, 5:46:18 pm | {"api":"/api/cash-closing-dashboard","event":"CASH_CLOSING_DASHBOARD_QUERY_STARTED","filters":{"cluster":"","branch":"","fromDate":"","toDate":"","status":""},"timestamp":"2026-08-04T12:16:18.708Z"}
4/8/2026, 5:46:18 pm | {"api":"/api/cash-closing-dashboard","event":"CASH_CLOSING_DASHBOARD_DATA_FETCHED","totalRecords":56,"timestamp":"2026-08-04T12:16:18.714Z"}
4/8/2026, 5:46:18 pm | {"api":"/api/cash-closing-dashboard","event":"CASH_CLOSING_CLUSTER_FETCHED","totalClusters":5,"timestamp":"2026-08-04T12:16:18.720Z"}
4/8/2026, 5:46:18 pm | {"api":"/api/cash-closing-dashboard","event":"CASH_CLOSING_BRANCH_FETCHED","totalBranches":62,"timestamp":"2026-08-04T12:16:18.723Z"}
4/8/2026, 5:46:18 pm | {"api":"/api/cash-closing-dashboard","event":"CASH_CLOSING_DASHBOARD_SUCCESS","totalRecords":56,"filters":{"cluster":"","branch":"","fromDate":"","toDate":"","status":""},"timestamp":"2026-08-04T12:16:18.724Z"}
4/8/2026, 5:46:18 pm | {"api":"/api/cash-closing-dashboard","event":"CASH_CLOSING_DASHBOARD_API_STARTED","filters":{"cluster":"","branch":"","fromDate":"","toDate":"","status":""},"timestamp":"2026-08-04T12:16:18.862Z"}
4/8/2026, 5:46:18 pm | {"api":"/api/cash-closing-dashboard","event":"CASH_CLOSING_DASHBOARD_DB_CONNECTED","timestamp":"2026-08-04T12:16:18.862Z"}
4/8/2026, 5:46:18 pm | {"api":"/api/cash-closing-dashboard","event":"CASH_CLOSING_DASHBOARD_QUERY_STARTED","filters":{"cluster":"","branch":"","fromDate":"","toDate":"","status":""},"timestamp":"2026-08-04T12:16:18.863Z"}
4/8/2026, 5:46:18 pm | {"api":"/api/cash-closing-dashboard","event":"CASH_CLOSING_DASHBOARD_DATA_FETCHED","totalRecords":56,"timestamp":"2026-08-04T12:16:18.869Z"}
4/8/2026, 5:46:18 pm | {"api":"/api/cash-closing-dashboard","event":"CASH_CLOSING_CLUSTER_FETCHED","totalClusters":5,"timestamp":"2026-08-04T12:16:18.872Z"}
4/8/2026, 5:46:18 pm | {"api":"/api/cash-closing-dashboard","event":"CASH_CLOSING_BRANCH_FETCHED","totalBranches":62,"timestamp":"2026-08-04T12:16:18.876Z"}
4/8/2026, 5:46:18 pm | {"api":"/api/cash-closing-dashboard","event":"CASH_CLOSING_DASHBOARD_SUCCESS","totalRecords":56,"filters":{"cluster":"","branch":"","fromDate":"","toDate":"","status":""},"timestamp":"2026-08-04T12:16:18.876Z"}
4/8/2026, 5:46:25 pm | {"api":"/api/cash-closing-dashboard","event":"CASH_CLOSING_DASHBOARD_API_STARTED","filters":{"cluster":"","branch":"","fromDate":"","toDate":"","status":""},"timestamp":"2026-08-04T12:16:25.050Z"}
4/8/2026, 5:46:25 pm | {"api":"/api/cash-closing-dashboard","event":"CASH_CLOSING_DASHBOARD_DB_CONNECTED","timestamp":"2026-08-04T12:16:25.051Z"}
4/8/2026, 5:46:25 pm | {"api":"/api/cash-closing-dashboard","event":"CASH_CLOSING_DASHBOARD_QUERY_STARTED","filters":{"cluster":"","branch":"","fromDate":"","toDate":"","status":""},"timestamp":"2026-08-04T12:16:25.052Z"}
4/8/2026, 5:46:25 pm | {"api":"/api/cash-closing-dashboard","event":"CASH_CLOSING_DASHBOARD_DATA_FETCHED","totalRecords":56,"timestamp":"2026-08-04T12:16:25.058Z"}
4/8/2026, 5:46:25 pm | {"api":"/api/cash-closing-dashboard","event":"CASH_CLOSING_CLUSTER_FETCHED","totalClusters":5,"timestamp":"2026-08-04T12:16:25.062Z"}
4/8/2026, 5:46:25 pm | {"api":"/api/cash-closing-dashboard","event":"CASH_CLOSING_BRANCH_FETCHED","totalBranches":62,"timestamp":"2026-08-04T12:16:25.068Z"}
4/8/2026, 5:46:25 pm | {"api":"/api/cash-closing-dashboard","event":"CASH_CLOSING_DASHBOARD_SUCCESS","totalRecords":56,"filters":{"cluster":"","branch":"","fromDate":"","toDate":"","status":""},"timestamp":"2026-08-04T12:16:25.069Z"}
4/8/2026, 5:46:25 pm | {"api":"/api/cash-closing-dashboard","event":"CASH_CLOSING_DASHBOARD_API_STARTED","filters":{"cluster":"","branch":"","fromDate":"","toDate":"","status":""},"timestamp":"2026-08-04T12:16:25.189Z"}
4/8/2026, 5:46:25 pm | {"api":"/api/cash-closing-dashboard","event":"CASH_CLOSING_DASHBOARD_DB_CONNECTED","timestamp":"2026-08-04T12:16:25.190Z"}
4/8/2026, 5:46:25 pm | {"api":"/api/cash-closing-dashboard","event":"CASH_CLOSING_DASHBOARD_QUERY_STARTED","filters":{"cluster":"","branch":"","fromDate":"","toDate":"","status":""},"timestamp":"2026-08-04T12:16:25.190Z"}
4/8/2026, 5:46:25 pm | {"api":"/api/cash-closing-dashboard","event":"CASH_CLOSING_DASHBOARD_DATA_FETCHED","totalRecords":56,"timestamp":"2026-08-04T12:16:25.196Z"}
4/8/2026, 5:46:25 pm | {"api":"/api/cash-closing-dashboard","event":"CASH_CLOSING_CLUSTER_FETCHED","totalClusters":5,"timestamp":"2026-08-04T12:16:25.200Z"}
4/8/2026, 5:46:25 pm | {"api":"/api/cash-closing-dashboard","event":"CASH_CLOSING_BRANCH_FETCHED","totalBranches":62,"timestamp":"2026-08-04T12:16:25.203Z"}
4/8/2026, 5:46:25 pm | {"api":"/api/cash-closing-dashboard","event":"CASH_CLOSING_DASHBOARD_SUCCESS","totalRecords":56,"filters":{"cluster":"","branch":"","fromDate":"","toDate":"","status":""},"timestamp":"2026-08-04T12:16:25.204Z"}
4/8/2026, 5:46:35 pm | {"api":"/login","event":"LOGIN_API_STARTED","mpin":"1030","deviceId":"cc05aabaa078fe2f","timestamp":"2026-08-04T12:16:35.145Z"}
4/8/2026, 5:46:35 pm | {"event":"LOGIN_REQUEST","mpin":"1030","deviceId":"cc05aabaa078fe2f","timestamp":"2026-08-04T12:16:35.147Z"}
4/8/2026, 5:46:35 pm | {"api":"/login","event":"LOGIN_DB_QUERY_STARTED","mpin":"1030","timestamp":"2026-08-04T12:16:35.147Z"}
4/8/2026, 5:46:35 pm | {"api":"/login","event":"LOGIN_USER_FOUND","empNo":"121","branch":"Narasaraopet","designation":"Branch Manager","timestamp":"2026-08-04T12:16:35.153Z"}
4/8/2026, 5:46:35 pm | {"api":"/login","event":"LOGIN_DEVICE_CHECK","empNo":"121","savedDevice":"cc05aabaa078fe2f","currentDevice":"cc05aabaa078fe2f","timestamp":"2026-08-04T12:16:35.154Z"}
4/8/2026, 5:46:35 pm | {"api":"/login","event":"LOGIN_SUCCESS","empNo":"121","branch":"Narasaraopet","designation":"Branch Manager","loginTime":"2026-08-04T12:16:35.159Z"}
4/8/2026, 5:46:35 pm | {"api":"/employee/:empNo","event":"EMPLOYEE_API_STARTED","empNo":"121","timestamp":"2026-08-04T12:16:35.344Z"}
4/8/2026, 5:46:35 pm | {"api":"/employee/:empNo","event":"EMPLOYEE_DB_QUERY_STARTED","empNo":"121","timestamp":"2026-08-04T12:16:35.345Z"}
4/8/2026, 5:46:35 pm | {"api":"/employee/:empNo","event":"EMPLOYEE_FETCH_SUCCESS","empNo":"121","employeeName":"B. Chandra Sekhar K","branch":"Narasaraopet","designation":"Branch Manager","timestamp":"2026-08-04T12:16:35.349Z"}
4/8/2026, 5:46:35 pm | {"api":"/last-submission/:empNo","event":"LAST_SUBMISSION_API_STARTED","empNo":"121","timestamp":"2026-08-04T12:16:35.407Z"}
4/8/2026, 5:46:35 pm | {"api":"/last-submission/:empNo","event":"LAST_SUBMISSION_DB_QUERY_STARTED","empNo":"121","timestamp":"2026-08-04T12:16:35.408Z"}
4/8/2026, 5:46:35 pm | {"api":"/last-submission/:empNo","event":"LAST_SUBMISSION_FETCH_SUCCESS","empNo":"121","amount":686072,"actionAt":"2026-08-03 17:42:43","timestamp":"2026-08-04T12:16:35.414Z"}
4/8/2026, 5:46:35 pm | {"api":"/today-cash/:empNo","event":"TODAY_CASH_API_STARTED","empNo":"121","timestamp":"2026-08-04T12:16:35.595Z"}
4/8/2026, 5:46:35 pm | {"api":"/today-cash/:empNo","event":"TODAY_CASH_DB_QUERY_STARTED","empNo":"121","timestamp":"2026-08-04T12:16:35.596Z"}
4/8/2026, 5:46:35 pm | {"api":"/today-cash/:empNo","event":"TODAY_CASH_NOT_FOUND","empNo":"121","timestamp":"2026-08-04T12:16:35.601Z"}
4/8/2026, 5:46:53 pm | {"api":"/api/cash-closing-dashboard","event":"CASH_CLOSING_DASHBOARD_API_STARTED","filters":{"cluster":"","branch":"","fromDate":"","toDate":"","status":""},"timestamp":"2026-08-04T12:16:53.308Z"}
4/8/2026, 5:46:53 pm | {"api":"/api/cash-closing-dashboard","event":"CASH_CLOSING_DASHBOARD_DB_CONNECTED","timestamp":"2026-08-04T12:16:53.309Z"}
4/8/2026, 5:46:53 pm | {"api":"/api/cash-closing-dashboard","event":"CASH_CLOSING_DASHBOARD_QUERY_STARTED","filters":{"cluster":"","branch":"","fromDate":"","toDate":"","status":""},"timestamp":"2026-08-04T12:16:53.310Z"}
4/8/2026, 5:46:53 pm | {"api":"/api/cash-closing-dashboard","event":"CASH_CLOSING_DASHBOARD_DATA_FETCHED","totalRecords":56,"timestamp":"2026-08-04T12:16:53.317Z"}
4/8/2026, 5:46:53 pm | {"api":"/api/cash-closing-dashboard","event":"CASH_CLOSING_CLUSTER_FETCHED","totalClusters":5,"timestamp":"2026-08-04T12:16:53.320Z"}
4/8/2026, 5:46:53 pm | {"api":"/api/cash-closing-dashboard","event":"CASH_CLOSING_BRANCH_FETCHED","totalBranches":62,"timestamp":"2026-08-04T12:16:53.323Z"}
4/8/2026, 5:46:53 pm | {"api":"/api/cash-closing-dashboard","event":"CASH_CLOSING_DASHBOARD_SUCCESS","totalRecords":56,"filters":{"cluster":"","branch":"","fromDate":"","toDate":"","status":""},"timestamp":"2026-08-04T12:16:53.324Z"}
4/8/2026, 5:46:53 pm | {"api":"/api/cash-closing-dashboard","event":"CASH_CLOSING_DASHBOARD_API_STARTED","filters":{"cluster":"","branch":"","fromDate":"","toDate":"","status":""},"timestamp":"2026-08-04T12:16:53.442Z"}
4/8/2026, 5:46:53 pm | {"api":"/api/cash-closing-dashboard","event":"CASH_CLOSING_DASHBOARD_DB_CONNECTED","timestamp":"2026-08-04T12:16:53.443Z"}
4/8/2026, 5:46:53 pm | {"api":"/api/cash-closing-dashboard","event":"CASH_CLOSING_DASHBOARD_QUERY_STARTED","filters":{"cluster":"","branch":"","fromDate":"","toDate":"","status":""},"timestamp":"2026-08-04T12:16:53.444Z"}
4/8/2026, 5:46:53 pm | {"api":"/api/cash-closing-dashboard","event":"CASH_CLOSING_DASHBOARD_DATA_FETCHED","totalRecords":56,"timestamp":"2026-08-04T12:16:53.451Z"}
4/8/2026, 5:46:53 pm | {"api":"/api/cash-closing-dashboard","event":"CASH_CLOSING_CLUSTER_FETCHED","totalClusters":5,"timestamp":"2026-08-04T12:16:53.454Z"}
4/8/2026, 5:46:53 pm | {"api":"/api/cash-closing-dashboard","event":"CASH_CLOSING_BRANCH_FETCHED","totalBranches":62,"timestamp":"2026-08-04T12:16:53.458Z"}
4/8/2026, 5:46:53 pm | {"api":"/api/cash-closing-dashboard","event":"CASH_CLOSING_DASHBOARD_SUCCESS","totalRecords":56,"filters":{"cluster":"","branch":"","fromDate":"","toDate":"","status":""},"timestamp":"2026-08-04T12:16:53.459Z"}
4/8/2026, 5:46:53 pm | {"api":"/api/cash-closing-dashboard","event":"CASH_CLOSING_DASHBOARD_API_STARTED","filters":{"cluster":"","branch":"","fromDate":"","toDate":"","status":""},"timestamp":"2026-08-04T12:16:53.947Z"}
4/8/2026, 5:46:53 pm | {"api":"/api/cash-closing-dashboard","event":"CASH_CLOSING_DASHBOARD_DB_CONNECTED","timestamp":"2026-08-04T12:16:53.948Z"}
4/8/2026, 5:46:53 pm | {"api":"/api/cash-closing-dashboard","event":"CASH_CLOSING_DASHBOARD_QUERY_STARTED","filters":{"cluster":"","branch":"","fromDate":"","toDate":"","status":""},"timestamp":"2026-08-04T12:16:53.948Z"}
4/8/2026, 5:46:53 pm | {"api":"/api/cash-closing-dashboard","event":"CASH_CLOSING_DASHBOARD_DATA_FETCHED","totalRecords":56,"timestamp":"2026-08-04T12:16:53.956Z"}
4/8/2026, 5:46:53 pm | {"api":"/api/cash-closing-dashboard","event":"CASH_CLOSING_CLUSTER_FETCHED","totalClusters":5,"timestamp":"2026-08-04T12:16:53.960Z"}
4/8/2026, 5:46:53 pm | {"api":"/api/cash-closing-dashboard","event":"CASH_CLOSING_BRANCH_FETCHED","totalBranches":62,"timestamp":"2026-08-04T12:16:53.963Z"}
4/8/2026, 5:46:53 pm | {"api":"/api/cash-closing-dashboard","event":"CASH_CLOSING_DASHBOARD_SUCCESS","totalRecords":56,"filters":{"cluster":"","branch":"","fromDate":"","toDate":"","status":""},"timestamp":"2026-08-04T12:16:53.964Z"}
4/8/2026, 5:46:54 pm | {"api":"/api/cash-closing-dashboard","event":"CASH_CLOSING_DASHBOARD_API_STARTED","filters":{"cluster":"","branch":"","fromDate":"","toDate":"","status":""},"timestamp":"2026-08-04T12:16:54.131Z"}
4/8/2026, 5:46:54 pm | {"api":"/api/cash-closing-dashboard","event":"CASH_CLOSING_DASHBOARD_DB_CONNECTED","timestamp":"2026-08-04T12:16:54.132Z"}
4/8/2026, 5:46:54 pm | {"api":"/api/cash-closing-dashboard","event":"CASH_CLOSING_DASHBOARD_QUERY_STARTED","filters":{"cluster":"","branch":"","fromDate":"","toDate":"","status":""},"timestamp":"2026-08-04T12:16:54.133Z"}
4/8/2026, 5:46:54 pm | {"api":"/api/cash-closing-dashboard","event":"CASH_CLOSING_DASHBOARD_DATA_FETCHED","totalRecords":56,"timestamp":"2026-08-04T12:16:54.139Z"}
4/8/2026, 5:46:54 pm | {"api":"/api/cash-closing-dashboard","event":"CASH_CLOSING_CLUSTER_FETCHED","totalClusters":5,"timestamp":"2026-08-04T12:16:54.143Z"}
4/8/2026, 5:46:54 pm | {"api":"/api/cash-closing-dashboard","event":"CASH_CLOSING_BRANCH_FETCHED","totalBranches":62,"timestamp":"2026-08-04T12:16:54.146Z"}
4/8/2026, 5:46:54 pm | {"api":"/api/cash-closing-dashboard","event":"CASH_CLOSING_DASHBOARD_SUCCESS","totalRecords":56,"filters":{"cluster":"","branch":"","fromDate":"","toDate":"","status":""},"timestamp":"2026-08-04T12:16:54.147Z"}
4/8/2026, 5:46:54 pm | {"api":"/save-cash-closing","event":"SAVE_CASH_API_STARTED","empNo":"121","amount":"1712562","timestamp":"2026-08-04T12:16:54.356Z"}
4/8/2026, 5:46:54 pm | {"api":"/save-cash-closing","event":"PREVIOUS_DAY_RECORD_FOUND","empNo":"121","oldDate":"2026-08-03T00:00:00.000Z","amount":686072,"timestamp":"2026-08-04T12:16:54.363Z"}
4/8/2026, 5:46:54 pm | {"api":"/api/cash-closing-dashboard","event":"CASH_CLOSING_DASHBOARD_API_STARTED","filters":{"cluster":"","branch":"","fromDate":"","toDate":"","status":""},"timestamp":"2026-08-04T12:16:54.370Z"}
4/8/2026, 5:46:54 pm | {"api":"/api/cash-closing-dashboard","event":"CASH_CLOSING_DASHBOARD_DB_CONNECTED","timestamp":"2026-08-04T12:16:54.371Z"}
4/8/2026, 5:46:54 pm | {"api":"/api/cash-closing-dashboard","event":"CASH_CLOSING_DASHBOARD_QUERY_STARTED","filters":{"cluster":"","branch":"","fromDate":"","toDate":"","status":""},"timestamp":"2026-08-04T12:16:54.372Z"}
4/8/2026, 5:46:54 pm | {"api":"/save-cash-closing","event":"PREVIOUS_DAY_MOVED_TO_HISTORY","empNo":"121","timestamp":"2026-08-04T12:16:54.374Z"}
4/8/2026, 5:46:54 pm | {"api":"/api/cash-closing-dashboard","event":"CASH_CLOSING_DASHBOARD_DATA_FETCHED","totalRecords":56,"timestamp":"2026-08-04T12:16:54.379Z"}
4/8/2026, 5:46:54 pm | {"api":"/api/cash-closing-dashboard","event":"CASH_CLOSING_CLUSTER_FETCHED","totalClusters":5,"timestamp":"2026-08-04T12:16:54.384Z"}
4/8/2026, 5:46:54 pm | {"api":"/save-cash-closing","event":"PREVIOUS_DAY_DELETED","empNo":"121","timestamp":"2026-08-04T12:16:54.386Z"}
4/8/2026, 5:46:54 pm | {"api":"/api/cash-closing-dashboard","event":"CASH_CLOSING_BRANCH_FETCHED","totalBranches":62,"timestamp":"2026-08-04T12:16:54.388Z"}
4/8/2026, 5:46:54 pm | {"api":"/api/cash-closing-dashboard","event":"CASH_CLOSING_DASHBOARD_SUCCESS","totalRecords":56,"filters":{"cluster":"","branch":"","fromDate":"","toDate":"","status":""},"timestamp":"2026-08-04T12:16:54.389Z"}
4/8/2026, 5:46:54 pm | {"api":"/save-cash-closing","event":"SAVE_CASH_NEW_ENTRY","empNo":"121","amount":"1712562","branch":"Narasaraopet","timestamp":"2026-08-04T12:16:54.390Z"}
4/8/2026, 5:46:54 pm | {"api":"/save-cash-closing","event":"SAVE_CASH_HISTORY_INSERTED","empNo":"121","actionType":"ADDED","version":1,"timestamp":"2026-08-04T12:16:54.401Z"}
4/8/2026, 5:46:54 pm | {"api":"/save-cash-closing","event":"SAVE_CASH_SUCCESS","type":"INSERT","empNo":"121","amount":"1712562","timestamp":"2026-08-04T12:16:54.402Z"}
4/8/2026, 5:46:57 pm | {"api":"/api/cash-closing-dashboard","event":"CASH_CLOSING_DASHBOARD_API_STARTED","filters":{"cluster":"","branch":"","fromDate":"","toDate":"","status":""},"timestamp":"2026-08-04T12:16:57.531Z"}
4/8/2026, 5:46:57 pm | {"api":"/api/cash-closing-dashboard","event":"CASH_CLOSING_DASHBOARD_DB_CONNECTED","timestamp":"2026-08-04T12:16:57.532Z"}
4/8/2026, 5:46:57 pm | {"api":"/api/cash-closing-dashboard","event":"CASH_CLOSING_DASHBOARD_QUERY_STARTED","filters":{"cluster":"","branch":"","fromDate":"","toDate":"","status":""},"timestamp":"2026-08-04T12:16:57.533Z"}
4/8/2026, 5:46:57 pm | {"api":"/api/cash-closing-dashboard","event":"CASH_CLOSING_DASHBOARD_DATA_FETCHED","totalRecords":56,"timestamp":"2026-08-04T12:16:57.540Z"}
4/8/2026, 5:46:57 pm | {"api":"/api/cash-closing-dashboard","event":"CASH_CLOSING_CLUSTER_FETCHED","totalClusters":5,"timestamp":"2026-08-04T12:16:57.544Z"}
4/8/2026, 5:46:57 pm | {"api":"/api/cash-closing-dashboard","event":"CASH_CLOSING_BRANCH_FETCHED","totalBranches":62,"timestamp":"2026-08-04T12:16:57.547Z"}
4/8/2026, 5:46:57 pm | {"api":"/api/cash-closing-dashboard","event":"CASH_CLOSING_DASHBOARD_SUCCESS","totalRecords":56,"filters":{"cluster":"","branch":"","fromDate":"","toDate":"","status":""},"timestamp":"2026-08-04T12:16:57.548Z"}
4/8/2026, 5:46:57 pm | {"api":"/api/cash-closing-dashboard","event":"CASH_CLOSING_DASHBOARD_API_STARTED","filters":{"cluster":"","branch":"","fromDate":"","toDate":"","status":""},"timestamp":"2026-08-04T12:16:57.714Z"}
4/8/2026, 5:46:57 pm | {"api":"/api/cash-closing-dashboard","event":"CASH_CLOSING_DASHBOARD_DB_CONNECTED","timestamp":"2026-08-04T12:16:57.715Z"}
4/8/2026, 5:46:57 pm | {"api":"/api/cash-closing-dashboard","event":"CASH_CLOSING_DASHBOARD_QUERY_STARTED","filters":{"cluster":"","branch":"","fromDate":"","toDate":"","status":""},"timestamp":"2026-08-04T12:16:57.716Z"}
4/8/2026, 5:46:57 pm | {"api":"/api/cash-closing-dashboard","event":"CASH_CLOSING_DASHBOARD_DATA_FETCHED","totalRecords":56,"timestamp":"2026-08-04T12:16:57.722Z"}
4/8/2026, 5:46:57 pm | {"api":"/api/cash-closing-dashboard","event":"CASH_CLOSING_CLUSTER_FETCHED","totalClusters":5,"timestamp":"2026-08-04T12:16:57.726Z"}
4/8/2026, 5:46:57 pm | {"api":"/api/cash-closing-dashboard","event":"CASH_CLOSING_BRANCH_FETCHED","totalBranches":62,"timestamp":"2026-08-04T12:16:57.730Z"}
4/8/2026, 5:46:57 pm | {"api":"/api/cash-closing-dashboard","event":"CASH_CLOSING_DASHBOARD_SUCCESS","totalRecords":56,"filters":{"cluster":"","branch":"","fromDate":"","toDate":"","status":""},"timestamp":"2026-08-04T12:16:57.731Z"}
4/8/2026, 5:46:57 pm | {"api":"/api/cash-closing-dashboard","event":"CASH_CLOSING_DASHBOARD_API_STARTED","filters":{"cluster":"","branch":"","fromDate":"","toDate":"","status":""},"timestamp":"2026-08-04T12:16:57.898Z"}
4/8/2026, 5:46:57 pm | {"api":"/api/cash-closing-dashboard","event":"CASH_CLOSING_DASHBOARD_DB_CONNECTED","timestamp":"2026-08-04T12:16:57.899Z"}
4/8/2026, 5:46:57 pm | {"api":"/api/cash-closing-dashboard","event":"CASH_CLOSING_DASHBOARD_QUERY_STARTED","filters":{"cluster":"","branch":"","fromDate":"","toDate":"","status":""},"timestamp":"2026-08-04T12:16:57.900Z"}
4/8/2026, 5:46:57 pm | {"api":"/api/cash-closing-dashboard","event":"CASH_CLOSING_DASHBOARD_DATA_FETCHED","totalRecords":56,"timestamp":"2026-08-04T12:16:57.912Z"}
4/8/2026, 5:46:57 pm | {"api":"/api/cash-closing-dashboard","event":"CASH_CLOSING_CLUSTER_FETCHED","totalClusters":5,"timestamp":"2026-08-04T12:16:57.915Z"}
4/8/2026, 5:46:57 pm | {"api":"/api/cash-closing-dashboard","event":"CASH_CLOSING_BRANCH_FETCHED","totalBranches":62,"timestamp":"2026-08-04T12:16:57.918Z"}
4/8/2026, 5:46:57 pm | {"api":"/api/cash-closing-dashboard","event":"CASH_CLOSING_DASHBOARD_SUCCESS","totalRecords":56,"filters":{"cluster":"","branch":"","fromDate":"","toDate":"","status":""},"timestamp":"2026-08-04T12:16:57.919Z"}
4/8/2026, 5:46:58 pm | {"api":"/api/cash-closing-dashboard","event":"CASH_CLOSING_DASHBOARD_API_STARTED","filters":{"cluster":"","branch":"","fromDate":"","toDate":"","status":""},"timestamp":"2026-08-04T12:16:58.106Z"}
4/8/2026, 5:46:58 pm | {"api":"/api/cash-closing-dashboard","event":"CASH_CLOSING_DASHBOARD_DB_CONNECTED","timestamp":"2026-08-04T12:16:58.107Z"}
4/8/2026, 5:46:58 pm | {"api":"/api/cash-closing-dashboard","event":"CASH_CLOSING_DASHBOARD_QUERY_STARTED","filters":{"cluster":"","branch":"","fromDate":"","toDate":"","status":""},"timestamp":"2026-08-04T12:16:58.108Z"}
4/8/2026, 5:46:58 pm | {"api":"/api/cash-closing-dashboard","event":"CASH_CLOSING_DASHBOARD_DATA_FETCHED","totalRecords":56,"timestamp":"2026-08-04T12:16:58.115Z"}
4/8/2026, 5:46:58 pm | {"api":"/api/cash-closing-dashboard","event":"CASH_CLOSING_CLUSTER_FETCHED","totalClusters":5,"timestamp":"2026-08-04T12:16:58.118Z"}
4/8/2026, 5:46:58 pm | {"api":"/api/cash-closing-dashboard","event":"CASH_CLOSING_BRANCH_FETCHED","totalBranches":62,"timestamp":"2026-08-04T12:16:58.123Z"}
4/8/2026, 5:46:58 pm | {"api":"/api/cash-closing-dashboard","event":"CASH_CLOSING_DASHBOARD_SUCCESS","totalRecords":56,"filters":{"cluster":"","branch":"","fromDate":"","toDate":"","status":""},"timestamp":"2026-08-04T12:16:58.124Z"}
4/8/2026, 5:47:03 pm | {"api":"/api/cash-closing-dashboard","event":"CASH_CLOSING_DASHBOARD_API_STARTED","filters":{"cluster":"","branch":"","fromDate":"","toDate":"","status":""},"timestamp":"2026-08-04T12:17:03.185Z"}
4/8/2026, 5:47:03 pm | {"api":"/api/cash-closing-dashboard","event":"CASH_CLOSING_DASHBOARD_DB_CONNECTED","timestamp":"2026-08-04T12:17:03.186Z"}
4/8/2026, 5:47:03 pm | {"api":"/api/cash-closing-dashboard","event":"CASH_CLOSING_DASHBOARD_QUERY_STARTED","filters":{"cluster":"","branch":"","fromDate":"","toDate":"","status":""},"timestamp":"2026-08-04T12:17:03.187Z"}
4/8/2026, 5:47:03 pm | {"api":"/api/cash-closing-dashboard","event":"CASH_CLOSING_DASHBOARD_DATA_FETCHED","totalRecords":56,"timestamp":"2026-08-04T12:17:03.193Z"}
4/8/2026, 5:47:03 pm | {"api":"/api/cash-closing-dashboard","event":"CASH_CLOSING_CLUSTER_FETCHED","totalClusters":5,"timestamp":"2026-08-04T12:17:03.197Z"}
4/8/2026, 5:47:03 pm | {"api":"/api/cash-closing-dashboard","event":"CASH_CLOSING_BRANCH_FETCHED","totalBranches":62,"timestamp":"2026-08-04T12:17:03.200Z"}
4/8/2026, 5:47:03 pm | {"api":"/api/cash-closing-dashboard","event":"CASH_CLOSING_DASHBOARD_SUCCESS","totalRecords":56,"filters":{"cluster":"","branch":"","fromDate":"","toDate":"","status":""},"timestamp":"2026-08-04T12:17:03.201Z"}
4/8/2026, 5:47:03 pm | {"api":"/api/cash-closing-dashboard","event":"CASH_CLOSING_DASHBOARD_API_STARTED","filters":{"cluster":"","branch":"","fromDate":"","toDate":"","status":""},"timestamp":"2026-08-04T12:17:03.351Z"}
4/8/2026, 5:47:03 pm | {"api":"/api/cash-closing-dashboard","event":"CASH_CLOSING_DASHBOARD_DB_CONNECTED","timestamp":"2026-08-04T12:17:03.352Z"}
4/8/2026, 5:47:03 pm | {"api":"/api/cash-closing-dashboard","event":"CASH_CLOSING_DASHBOARD_QUERY_STARTED","filters":{"cluster":"","branch":"","fromDate":"","toDate":"","status":""},"timestamp":"2026-08-04T12:17:03.352Z"}
4/8/2026, 5:47:03 pm | {"api":"/api/cash-closing-dashboard","event":"CASH_CLOSING_DASHBOARD_DATA_FETCHED","totalRecords":56,"timestamp":"2026-08-04T12:17:03.360Z"}
4/8/2026, 5:47:03 pm | {"api":"/api/cash-closing-dashboard","event":"CASH_CLOSING_CLUSTER_FETCHED","totalClusters":5,"timestamp":"2026-08-04T12:17:03.363Z"}
4/8/2026, 5:47:03 pm | {"api":"/api/cash-closing-dashboard","event":"CASH_CLOSING_BRANCH_FETCHED","totalBranches":62,"timestamp":"2026-08-04T12:17:03.367Z"}
4/8/2026, 5:47:03 pm | {"api":"/api/cash-closing-dashboard","event":"CASH_CLOSING_DASHBOARD_SUCCESS","totalRecords":56,"filters":{"cluster":"","branch":"","fromDate":"","toDate":"","status":""},"timestamp":"2026-08-04T12:17:03.367Z"}
4/8/2026, 5:47:03 pm | {"api":"/api/cash-closing-dashboard","event":"CASH_CLOSING_DASHBOARD_API_STARTED","filters":{"cluster":"","branch":"","fromDate":"","toDate":"","status":""},"timestamp":"2026-08-04T12:17:03.559Z"}
4/8/2026, 5:47:03 pm | {"api":"/api/cash-closing-dashboard","event":"CASH_CLOSING_DASHBOARD_DB_CONNECTED","timestamp":"2026-08-04T12:17:03.560Z"}
4/8/2026, 5:47:03 pm | {"api":"/api/cash-closing-dashboard","event":"CASH_CLOSING_DASHBOARD_QUERY_STARTED","filters":{"cluster":"","branch":"","fromDate":"","toDate":"","status":""},"timestamp":"2026-08-04T12:17:03.560Z"}
4/8/2026, 5:47:03 pm | {"api":"/api/cash-closing-dashboard","event":"CASH_CLOSING_DASHBOARD_DATA_FETCHED","totalRecords":56,"timestamp":"2026-08-04T12:17:03.568Z"}
4/8/2026, 5:47:03 pm | {"api":"/api/cash-closing-dashboard","event":"CASH_CLOSING_CLUSTER_FETCHED","totalClusters":5,"timestamp":"2026-08-04T12:17:03.571Z"}
4/8/2026, 5:47:03 pm | {"api":"/api/cash-closing-dashboard","event":"CASH_CLOSING_BRANCH_FETCHED","totalBranches":62,"timestamp":"2026-08-04T12:17:03.575Z"}
4/8/2026, 5:47:03 pm | {"api":"/api/cash-closing-dashboard","event":"CASH_CLOSING_DASHBOARD_SUCCESS","totalRecords":56,"filters":{"cluster":"","branch":"","fromDate":"","toDate":"","status":""},"timestamp":"2026-08-04T12:17:03.576Z"}
4/8/2026, 5:47:08 pm | {"api":"/api/cash-closing-dashboard","event":"CASH_CLOSING_DASHBOARD_API_STARTED","filters":{"cluster":"","branch":"","fromDate":"","toDate":"","status":""},"timestamp":"2026-08-04T12:17:08.160Z"}
4/8/2026, 5:47:08 pm | {"api":"/api/cash-closing-dashboard","event":"CASH_CLOSING_DASHBOARD_DB_CONNECTED","timestamp":"2026-08-04T12:17:08.161Z"}
4/8/2026, 5:47:08 pm | {"api":"/api/cash-closing-dashboard","event":"CASH_CLOSING_DASHBOARD_QUERY_STARTED","filters":{"cluster":"","branch":"","fromDate":"","toDate":"","status":""},"timestamp":"2026-08-04T12:17:08.162Z"}
4/8/2026, 5:47:08 pm | {"api":"/api/cash-closing-dashboard","event":"CASH_CLOSING_DASHBOARD_DATA_FETCHED","totalRecords":56,"timestamp":"2026-08-04T12:17:08.168Z"}
4/8/2026, 5:47:08 pm | {"api":"/api/cash-closing-dashboard","event":"CASH_CLOSING_CLUSTER_FETCHED","totalClusters":5,"timestamp":"2026-08-04T12:17:08.171Z"}
4/8/2026, 5:47:08 pm | {"api":"/api/cash-closing-dashboard","event":"CASH_CLOSING_BRANCH_FETCHED","totalBranches":62,"timestamp":"2026-08-04T12:17:08.176Z"}
4/8/2026, 5:47:08 pm | {"api":"/api/cash-closing-dashboard","event":"CASH_CLOSING_DASHBOARD_SUCCESS","totalRecords":56,"filters":{"cluster":"","branch":"","fromDate":"","toDate":"","status":""},"timestamp":"2026-08-04T12:17:08.176Z"}
4/8/2026, 5:47:08 pm | {"api":"/api/cash-closing-dashboard","event":"CASH_CLOSING_DASHBOARD_API_STARTED","filters":{"cluster":"","branch":"","fromDate":"","toDate":"","status":""},"timestamp":"2026-08-04T12:17:08.346Z"}
4/8/2026, 5:47:08 pm | {"api":"/api/cash-closing-dashboard","event":"CASH_CLOSING_DASHBOARD_DB_CONNECTED","timestamp":"2026-08-04T12:17:08.348Z"}
4/8/2026, 5:47:08 pm | {"api":"/api/cash-closing-dashboard","event":"CASH_CLOSING_DASHBOARD_QUERY_STARTED","filters":{"cluster":"","branch":"","fromDate":"","toDate":"","status":""},"timestamp":"2026-08-04T12:17:08.348Z"}
4/8/2026, 5:47:08 pm | {"api":"/api/cash-closing-dashboard","event":"CASH_CLOSING_DASHBOARD_DATA_FETCHED","totalRecords":56,"timestamp":"2026-08-04T12:17:08.354Z"}
4/8/2026, 5:47:08 pm | {"api":"/api/cash-closing-dashboard","event":"CASH_CLOSING_CLUSTER_FETCHED","totalClusters":5,"timestamp":"2026-08-04T12:17:08.357Z"}
4/8/2026, 5:47:08 pm | {"api":"/api/cash-closing-dashboard","event":"CASH_CLOSING_BRANCH_FETCHED","totalBranches":62,"timestamp":"2026-08-04T12:17:08.361Z"}
4/8/2026, 5:47:08 pm | {"api":"/api/cash-closing-dashboard","event":"CASH_CLOSING_DASHBOARD_SUCCESS","totalRecords":56,"filters":{"cluster":"","branch":"","fromDate":"","toDate":"","status":""},"timestamp":"2026-08-04T12:17:08.361Z"}
4/8/2026, 5:47:08 pm | {"api":"/api/cash-closing-dashboard","event":"CASH_CLOSING_DASHBOARD_API_STARTED","filters":{"cluster":"","branch":"","fromDate":"","toDate":"","status":""},"timestamp":"2026-08-04T12:17:08.512Z"}
4/8/2026, 5:47:08 pm | {"api":"/api/cash-closing-dashboard","event":"CASH_CLOSING_DASHBOARD_DB_CONNECTED","timestamp":"2026-08-04T12:17:08.513Z"}
4/8/2026, 5:47:08 pm | {"api":"/api/cash-closing-dashboard","event":"CASH_CLOSING_DASHBOARD_QUERY_STARTED","filters":{"cluster":"","branch":"","fromDate":"","toDate":"","status":""},"timestamp":"2026-08-04T12:17:08.514Z"}
4/8/2026, 5:47:08 pm | {"api":"/api/cash-closing-dashboard","event":"CASH_CLOSING_DASHBOARD_DATA_FETCHED","totalRecords":56,"timestamp":"2026-08-04T12:17:08.521Z"}
4/8/2026, 5:47:08 pm | {"api":"/api/cash-closing-dashboard","event":"CASH_CLOSING_CLUSTER_FETCHED","totalClusters":5,"timestamp":"2026-08-04T12:17:08.525Z"}
4/8/2026, 5:47:08 pm | {"api":"/api/cash-closing-dashboard","event":"CASH_CLOSING_BRANCH_FETCHED","totalBranches":62,"timestamp":"2026-08-04T12:17:08.529Z"}
4/8/2026, 5:47:08 pm | {"api":"/api/cash-closing-dashboard","event":"CASH_CLOSING_DASHBOARD_SUCCESS","totalRecords":56,"filters":{"cluster":"","branch":"","fromDate":"","toDate":"","status":""},"timestamp":"2026-08-04T12:17:08.529Z"}
4/8/2026, 5:47:15 pm | {"api":"/api/cash-closing-dashboard","event":"CASH_CLOSING_DASHBOARD_API_STARTED","filters":{"cluster":"","branch":"","fromDate":"","toDate":"","status":""},"timestamp":"2026-08-04T12:17:15.056Z"}
4/8/2026, 5:47:15 pm | {"api":"/api/cash-closing-dashboard","event":"CASH_CLOSING_DASHBOARD_DB_CONNECTED","timestamp":"2026-08-04T12:17:15.058Z"}
4/8/2026, 5:47:15 pm | {"api":"/api/cash-closing-dashboard","event":"CASH_CLOSING_DASHBOARD_QUERY_STARTED","filters":{"cluster":"","branch":"","fromDate":"","toDate":"","status":""},"timestamp":"2026-08-04T12:17:15.058Z"}
4/8/2026, 5:47:15 pm | {"api":"/api/cash-closing-dashboard","event":"CASH_CLOSING_DASHBOARD_DATA_FETCHED","totalRecords":56,"timestamp":"2026-08-04T12:17:15.065Z"}
4/8/2026, 5:47:15 pm | {"api":"/api/cash-closing-dashboard","event":"CASH_CLOSING_CLUSTER_FETCHED","totalClusters":5,"timestamp":"2026-08-04T12:17:15.068Z"}
4/8/2026, 5:47:15 pm | {"api":"/api/cash-closing-dashboard","event":"CASH_CLOSING_BRANCH_FETCHED","totalBranches":62,"timestamp":"2026-08-04T12:17:15.072Z"}
4/8/2026, 5:47:15 pm | {"api":"/api/cash-closing-dashboard","event":"CASH_CLOSING_DASHBOARD_SUCCESS","totalRecords":56,"filters":{"cluster":"","branch":"","fromDate":"","toDate":"","status":""},"timestamp":"2026-08-04T12:17:15.072Z"}
4/8/2026, 5:47:15 pm | {"api":"/api/cash-closing-dashboard","event":"CASH_CLOSING_DASHBOARD_API_STARTED","filters":{"cluster":"","branch":"","fromDate":"","toDate":"","status":""},"timestamp":"2026-08-04T12:17:15.214Z"}
4/8/2026, 5:47:15 pm | {"api":"/api/cash-closing-dashboard","event":"CASH_CLOSING_DASHBOARD_DB_CONNECTED","timestamp":"2026-08-04T12:17:15.215Z"}
4/8/2026, 5:47:15 pm | {"api":"/api/cash-closing-dashboard","event":"CASH_CLOSING_DASHBOARD_QUERY_STARTED","filters":{"cluster":"","branch":"","fromDate":"","toDate":"","status":""},"timestamp":"2026-08-04T12:17:15.216Z"}
4/8/2026, 5:47:15 pm | {"api":"/api/cash-closing-dashboard","event":"CASH_CLOSING_DASHBOARD_DATA_FETCHED","totalRecords":56,"timestamp":"2026-08-04T12:17:15.223Z"}
4/8/2026, 5:47:15 pm | {"api":"/api/cash-closing-dashboard","event":"CASH_CLOSING_CLUSTER_FETCHED","totalClusters":5,"timestamp":"2026-08-04T12:17:15.226Z"}
4/8/2026, 5:47:15 pm | {"api":"/api/cash-closing-dashboard","event":"CASH_CLOSING_BRANCH_FETCHED","totalBranches":62,"timestamp":"2026-08-04T12:17:15.230Z"}
4/8/2026, 5:47:15 pm | {"api":"/api/cash-closing-dashboard","event":"CASH_CLOSING_DASHBOARD_SUCCESS","totalRecords":56,"filters":{"cluster":"","branch":"","fromDate":"","toDate":"","status":""},"timestamp":"2026-08-04T12:17:15.230Z"}
4/8/2026, 5:47:15 pm | {"api":"/api/cash-closing-dashboard","event":"CASH_CLOSING_DASHBOARD_API_STARTED","filters":{"cluster":"","branch":"","fromDate":"","toDate":"","status":""},"timestamp":"2026-08-04T12:17:15.407Z"}
4/8/2026, 5:47:15 pm | {"api":"/api/cash-closing-dashboard","event":"CASH_CLOSING_DASHBOARD_DB_CONNECTED","timestamp":"2026-08-04T12:17:15.408Z"}
4/8/2026, 5:47:15 pm | {"api":"/api/cash-closing-dashboard","event":"CASH_CLOSING_DASHBOARD_QUERY_STARTED","filters":{"cluster":"","branch":"","fromDate":"","toDate":"","status":""},"timestamp":"2026-08-04T12:17:15.409Z"}
4/8/2026, 5:47:15 pm | {"api":"/api/cash-closing-dashboard","event":"CASH_CLOSING_DASHBOARD_DATA_FETCHED","totalRecords":56,"timestamp":"2026-08-04T12:17:15.415Z"}
4/8/2026, 5:47:15 pm | {"api":"/api/cash-closing-dashboard","event":"CASH_CLOSING_CLUSTER_FETCHED","totalClusters":5,"timestamp":"2026-08-04T12:17:15.418Z"}
4/8/2026, 5:47:15 pm | {"api":"/api/cash-closing-dashboard","event":"CASH_CLOSING_BRANCH_FETCHED","totalBranches":62,"timestamp":"2026-08-04T12:17:15.421Z"}
4/8/2026, 5:47:15 pm | {"api":"/api/cash-closing-dashboard","event":"CASH_CLOSING_DASHBOARD_SUCCESS","totalRecords":56,"filters":{"cluster":"","branch":"","fromDate":"","toDate":"","status":""},"timestamp":"2026-08-04T12:17:15.422Z"}
4/8/2026, 5:47:17 pm | {"api":"/login","event":"LOGIN_API_STARTED","mpin":"1976","deviceId":"737ffa3c70822aa7","timestamp":"2026-08-04T12:17:17.595Z"}
4/8/2026, 5:47:17 pm | {"event":"LOGIN_REQUEST","mpin":"1976","deviceId":"737ffa3c70822aa7","timestamp":"2026-08-04T12:17:17.596Z"}
4/8/2026, 5:47:17 pm | {"api":"/login","event":"LOGIN_DB_QUERY_STARTED","mpin":"1976","timestamp":"2026-08-04T12:17:17.597Z"}
4/8/2026, 5:47:17 pm | {"api":"/login","event":"LOGIN_USER_FOUND","empNo":"294","branch":"Vijayawada","designation":"Branch Manager","timestamp":"2026-08-04T12:17:17.602Z"}
4/8/2026, 5:47:17 pm | {"api":"/login","event":"LOGIN_DEVICE_CHECK","empNo":"294","savedDevice":"737ffa3c70822aa7","currentDevice":"737ffa3c70822aa7","timestamp":"2026-08-04T12:17:17.602Z"}
4/8/2026, 5:47:17 pm | {"api":"/login","event":"LOGIN_SUCCESS","empNo":"294","branch":"Vijayawada","designation":"Branch Manager","loginTime":"2026-08-04T12:17:17.608Z"}
4/8/2026, 5:47:17 pm | {"api":"/employee/:empNo","event":"EMPLOYEE_API_STARTED","empNo":"294","timestamp":"2026-08-04T12:17:17.854Z"}
4/8/2026, 5:47:17 pm | {"api":"/employee/:empNo","event":"EMPLOYEE_DB_QUERY_STARTED","empNo":"294","timestamp":"2026-08-04T12:17:17.855Z"}
4/8/2026, 5:47:17 pm | {"api":"/employee/:empNo","event":"EMPLOYEE_FETCH_SUCCESS","empNo":"294","employeeName":"D. Vara Prasad","branch":"Vijayawada","designation":"Branch Manager","timestamp":"2026-08-04T12:17:17.859Z"}
4/8/2026, 5:47:17 pm | {"api":"/last-submission/:empNo","event":"LAST_SUBMISSION_API_STARTED","empNo":"294","timestamp":"2026-08-04T12:17:17.903Z"}
4/8/2026, 5:47:17 pm | {"api":"/last-submission/:empNo","event":"LAST_SUBMISSION_DB_QUERY_STARTED","empNo":"294","timestamp":"2026-08-04T12:17:17.905Z"}
4/8/2026, 5:47:17 pm | {"api":"/last-submission/:empNo","event":"LAST_SUBMISSION_FETCH_SUCCESS","empNo":"294","amount":3500000,"actionAt":"2026-08-03 17:48:06","timestamp":"2026-08-04T12:17:17.917Z"}
4/8/2026, 5:47:17 pm | {"api":"/today-cash/:empNo","event":"TODAY_CASH_API_STARTED","empNo":"294","timestamp":"2026-08-04T12:17:17.992Z"}
4/8/2026, 5:47:17 pm | {"api":"/today-cash/:empNo","event":"TODAY_CASH_DB_QUERY_STARTED","empNo":"294","timestamp":"2026-08-04T12:17:17.994Z"}
4/8/2026, 5:47:17 pm | {"api":"/today-cash/:empNo","event":"TODAY_CASH_NOT_FOUND","empNo":"294","timestamp":"2026-08-04T12:17:17.999Z"}
4/8/2026, 5:47:21 pm | {"api":"/api/cash-closing-dashboard","event":"CASH_CLOSING_DASHBOARD_API_STARTED","filters":{"cluster":"","branch":"","fromDate":"","toDate":"","status":""},"timestamp":"2026-08-04T12:17:21.279Z"}
4/8/2026, 5:47:21 pm | {"api":"/api/cash-closing-dashboard","event":"CASH_CLOSING_DASHBOARD_DB_CONNECTED","timestamp":"2026-08-04T12:17:21.280Z"}
4/8/2026, 5:47:21 pm | {"api":"/api/cash-closing-dashboard","event":"CASH_CLOSING_DASHBOARD_QUERY_STARTED","filters":{"cluster":"","branch":"","fromDate":"","toDate":"","status":""},"timestamp":"2026-08-04T12:17:21.281Z"}
4/8/2026, 5:47:21 pm | {"api":"/api/cash-closing-dashboard","event":"CASH_CLOSING_DASHBOARD_DATA_FETCHED","totalRecords":56,"timestamp":"2026-08-04T12:17:21.287Z"}
4/8/2026, 5:47:21 pm | {"api":"/api/cash-closing-dashboard","event":"CASH_CLOSING_CLUSTER_FETCHED","totalClusters":5,"timestamp":"2026-08-04T12:17:21.291Z"}
4/8/2026, 5:47:21 pm | {"api":"/api/cash-closing-dashboard","event":"CASH_CLOSING_BRANCH_FETCHED","totalBranches":62,"timestamp":"2026-08-04T12:17:21.294Z"}
4/8/2026, 5:47:21 pm | {"api":"/api/cash-closing-dashboard","event":"CASH_CLOSING_DASHBOARD_SUCCESS","totalRecords":56,"filters":{"cluster":"","branch":"","fromDate":"","toDate":"","status":""},"timestamp":"2026-08-04T12:17:21.295Z"}
4/8/2026, 5:47:21 pm | {"api":"/api/cash-closing-dashboard","event":"CASH_CLOSING_DASHBOARD_API_STARTED","filters":{"cluster":"","branch":"","fromDate":"","toDate":"","status":""},"timestamp":"2026-08-04T12:17:21.437Z"}
4/8/2026, 5:47:21 pm | {"api":"/api/cash-closing-dashboard","event":"CASH_CLOSING_DASHBOARD_DB_CONNECTED","timestamp":"2026-08-04T12:17:21.438Z"}
4/8/2026, 5:47:21 pm | {"api":"/api/cash-closing-dashboard","event":"CASH_CLOSING_DASHBOARD_QUERY_STARTED","filters":{"cluster":"","branch":"","fromDate":"","toDate":"","status":""},"timestamp":"2026-08-04T12:17:21.439Z"}
4/8/2026, 5:47:21 pm | {"api":"/api/cash-closing-dashboard","event":"CASH_CLOSING_DASHBOARD_DATA_FETCHED","totalRecords":56,"timestamp":"2026-08-04T12:17:21.446Z"}
4/8/2026, 5:47:21 pm | {"api":"/api/cash-closing-dashboard","event":"CASH_CLOSING_CLUSTER_FETCHED","totalClusters":5,"timestamp":"2026-08-04T12:17:21.449Z"}
4/8/2026, 5:47:21 pm | {"api":"/api/cash-closing-dashboard","event":"CASH_CLOSING_BRANCH_FETCHED","totalBranches":62,"timestamp":"2026-08-04T12:17:21.453Z"}
4/8/2026, 5:47:21 pm | {"api":"/api/cash-closing-dashboard","event":"CASH_CLOSING_DASHBOARD_SUCCESS","totalRecords":56,"filters":{"cluster":"","branch":"","fromDate":"","toDate":"","status":""},"timestamp":"2026-08-04T12:17:21.453Z"}
4/8/2026, 5:47:21 pm | {"api":"/api/cash-closing-dashboard","event":"CASH_CLOSING_DASHBOARD_API_STARTED","filters":{"cluster":"","branch":"","fromDate":"","toDate":"","status":""},"timestamp":"2026-08-04T12:17:21.597Z"}
4/8/2026, 5:47:21 pm | {"api":"/api/cash-closing-dashboard","event":"CASH_CLOSING_DASHBOARD_DB_CONNECTED","timestamp":"2026-08-04T12:17:21.598Z"}
4/8/2026, 5:47:21 pm | {"api":"/api/cash-closing-dashboard","event":"CASH_CLOSING_DASHBOARD_QUERY_STARTED","filters":{"cluster":"","branch":"","fromDate":"","toDate":"","status":""},"timestamp":"2026-08-04T12:17:21.599Z"}
4/8/2026, 5:47:21 pm | {"api":"/api/cash-closing-dashboard","event":"CASH_CLOSING_DASHBOARD_DATA_FETCHED","totalRecords":56,"timestamp":"2026-08-04T12:17:21.606Z"}
4/8/2026, 5:47:21 pm | {"api":"/api/cash-closing-dashboard","event":"CASH_CLOSING_CLUSTER_FETCHED","totalClusters":5,"timestamp":"2026-08-04T12:17:21.609Z"}
4/8/2026, 5:47:21 pm | {"api":"/api/cash-closing-dashboard","event":"CASH_CLOSING_BRANCH_FETCHED","totalBranches":62,"timestamp":"2026-08-04T12:17:21.614Z"}
4/8/2026, 5:47:21 pm | {"api":"/api/cash-closing-dashboard","event":"CASH_CLOSING_DASHBOARD_SUCCESS","totalRecords":56,"filters":{"cluster":"","branch":"","fromDate":"","toDate":"","status":""},"timestamp":"2026-08-04T12:17:21.614Z"}
4/8/2026, 5:47:24 pm | {"api":"/save-cash-closing","event":"SAVE_CASH_API_STARTED","empNo":"294","amount":"2700000","timestamp":"2026-08-04T12:17:24.246Z"}
4/8/2026, 5:47:24 pm | {"api":"/save-cash-closing","event":"PREVIOUS_DAY_RECORD_FOUND","empNo":"294","oldDate":"2026-08-03T00:00:00.000Z","amount":3500000,"timestamp":"2026-08-04T12:17:24.252Z"}
4/8/2026, 5:47:24 pm | {"api":"/save-cash-closing","event":"PREVIOUS_DAY_MOVED_TO_HISTORY","empNo":"294","timestamp":"2026-08-04T12:17:24.259Z"}
4/8/2026, 5:47:24 pm | {"api":"/save-cash-closing","event":"PREVIOUS_DAY_DELETED","empNo":"294","timestamp":"2026-08-04T12:17:24.266Z"}
4/8/2026, 5:47:24 pm | {"api":"/save-cash-closing","event":"SAVE_CASH_NEW_ENTRY","empNo":"294","amount":"2700000","branch":"Vijayawada","timestamp":"2026-08-04T12:17:24.269Z"}
4/8/2026, 5:47:24 pm | {"api":"/save-cash-closing","event":"SAVE_CASH_HISTORY_INSERTED","empNo":"294","actionType":"ADDED","version":1,"timestamp":"2026-08-04T12:17:24.278Z"}
4/8/2026, 5:47:24 pm | {"api":"/save-cash-closing","event":"SAVE_CASH_SUCCESS","type":"INSERT","empNo":"294","amount":"2700000","timestamp":"2026-08-04T12:17:24.279Z"}
4/8/2026, 5:47:26 pm | {"api":"/api/cash-closing-dashboard","event":"CASH_CLOSING_DASHBOARD_API_STARTED","filters":{"cluster":"","branch":"","fromDate":"","toDate":"","status":""},"timestamp":"2026-08-04T12:17:26.487Z"}
4/8/2026, 5:47:26 pm | {"api":"/api/cash-closing-dashboard","event":"CASH_CLOSING_DASHBOARD_DB_CONNECTED","timestamp":"2026-08-04T12:17:26.488Z"}
4/8/2026, 5:47:26 pm | {"api":"/api/cash-closing-dashboard","event":"CASH_CLOSING_DASHBOARD_QUERY_STARTED","filters":{"cluster":"","branch":"","fromDate":"","toDate":"","status":""},"timestamp":"2026-08-04T12:17:26.489Z"}
4/8/2026, 5:47:26 pm | {"api":"/api/cash-closing-dashboard","event":"CASH_CLOSING_DASHBOARD_DATA_FETCHED","totalRecords":56,"timestamp":"2026-08-04T12:17:26.495Z"}
4/8/2026, 5:47:26 pm | {"api":"/api/cash-closing-dashboard","event":"CASH_CLOSING_CLUSTER_FETCHED","totalClusters":5,"timestamp":"2026-08-04T12:17:26.499Z"}
4/8/2026, 5:47:26 pm | {"api":"/api/cash-closing-dashboard","event":"CASH_CLOSING_BRANCH_FETCHED","totalBranches":62,"timestamp":"2026-08-04T12:17:26.503Z"}
4/8/2026, 5:47:26 pm | {"api":"/api/cash-closing-dashboard","event":"CASH_CLOSING_DASHBOARD_SUCCESS","totalRecords":56,"filters":{"cluster":"","branch":"","fromDate":"","toDate":"","status":""},"timestamp":"2026-08-04T12:17:26.504Z"}
4/8/2026, 5:47:26 pm | {"api":"/api/cash-closing-dashboard","event":"CASH_CLOSING_DASHBOARD_API_STARTED","filters":{"cluster":"","branch":"","fromDate":"","toDate":"","status":""},"timestamp":"2026-08-04T12:17:26.636Z"}
4/8/2026, 5:47:26 pm | {"api":"/api/cash-closing-dashboard","event":"CASH_CLOSING_DASHBOARD_DB_CONNECTED","timestamp":"2026-08-04T12:17:26.638Z"}
4/8/2026, 5:47:26 pm | {"api":"/api/cash-closing-dashboard","event":"CASH_CLOSING_DASHBOARD_QUERY_STARTED","filters":{"cluster":"","branch":"","fromDate":"","toDate":"","status":""},"timestamp":"2026-08-04T12:17:26.638Z"}
4/8/2026, 5:47:26 pm | {"api":"/api/cash-closing-dashboard","event":"CASH_CLOSING_DASHBOARD_DATA_FETCHED","totalRecords":56,"timestamp":"2026-08-04T12:17:26.646Z"}
4/8/2026, 5:47:26 pm | {"api":"/api/cash-closing-dashboard","event":"CASH_CLOSING_CLUSTER_FETCHED","totalClusters":5,"timestamp":"2026-08-04T12:17:26.649Z"}
4/8/2026, 5:47:26 pm | {"api":"/api/cash-closing-dashboard","event":"CASH_CLOSING_BRANCH_FETCHED","totalBranches":62,"timestamp":"2026-08-04T12:17:26.652Z"}
4/8/2026, 5:47:26 pm | {"api":"/api/cash-closing-dashboard","event":"CASH_CLOSING_DASHBOARD_SUCCESS","totalRecords":56,"filters":{"cluster":"","branch":"","fromDate":"","toDate":"","status":""},"timestamp":"2026-08-04T12:17:26.653Z"}
4/8/2026, 5:47:26 pm | {"api":"/api/cash-closing-dashboard","event":"CASH_CLOSING_DASHBOARD_API_STARTED","filters":{"cluster":"","branch":"","fromDate":"","toDate":"","status":""},"timestamp":"2026-08-04T12:17:26.836Z"}
4/8/2026, 5:47:26 pm | {"api":"/api/cash-closing-dashboard","event":"CASH_CLOSING_DASHBOARD_DB_CONNECTED","timestamp":"2026-08-04T12:17:26.837Z"}
4/8/2026, 5:47:26 pm | {"api":"/api/cash-closing-dashboard","event":"CASH_CLOSING_DASHBOARD_QUERY_STARTED","filters":{"cluster":"","branch":"","fromDate":"","toDate":"","status":""},"timestamp":"2026-08-04T12:17:26.838Z"}
4/8/2026, 5:47:26 pm | {"api":"/api/cash-closing-dashboard","event":"CASH_CLOSING_DASHBOARD_DATA_FETCHED","totalRecords":56,"timestamp":"2026-08-04T12:17:26.846Z"}
4/8/2026, 5:47:26 pm | {"api":"/api/cash-closing-dashboard","event":"CASH_CLOSING_CLUSTER_FETCHED","totalClusters":5,"timestamp":"2026-08-04T12:17:26.850Z"}
4/8/2026, 5:47:26 pm | {"api":"/api/cash-closing-dashboard","event":"CASH_CLOSING_BRANCH_FETCHED","totalBranches":62,"timestamp":"2026-08-04T12:17:26.853Z"}
4/8/2026, 5:47:26 pm | {"api":"/api/cash-closing-dashboard","event":"CASH_CLOSING_DASHBOARD_SUCCESS","totalRecords":56,"filters":{"cluster":"","branch":"","fromDate":"","toDate":"","status":""},"timestamp":"2026-08-04T12:17:26.854Z"}
4/8/2026, 5:47:31 pm | {"api":"/login","event":"LOGIN_API_STARTED","mpin":"5439","deviceId":"be4ece9305fe11fc","timestamp":"2026-08-04T12:17:31.499Z"}
4/8/2026, 5:47:31 pm | {"event":"LOGIN_REQUEST","mpin":"5439","deviceId":"be4ece9305fe11fc","timestamp":"2026-08-04T12:17:31.500Z"}
4/8/2026, 5:47:31 pm | {"api":"/login","event":"LOGIN_DB_QUERY_STARTED","mpin":"5439","timestamp":"2026-08-04T12:17:31.501Z"}
4/8/2026, 5:47:31 pm | {"api":"/login","event":"LOGIN_USER_FOUND","empNo":"142","branch":"Gollapudi","designation":"Branch Manager","timestamp":"2026-08-04T12:17:31.508Z"}
4/8/2026, 5:47:31 pm | {"api":"/login","event":"LOGIN_DEVICE_CHECK","empNo":"142","savedDevice":"be4ece9305fe11fc","currentDevice":"be4ece9305fe11fc","timestamp":"2026-08-04T12:17:31.508Z"}
4/8/2026, 5:47:31 pm | {"api":"/login","event":"LOGIN_SUCCESS","empNo":"142","branch":"Gollapudi","designation":"Branch Manager","loginTime":"2026-08-04T12:17:31.519Z"}
4/8/2026, 5:47:31 pm | {"api":"/api/cash-closing-dashboard","event":"CASH_CLOSING_DASHBOARD_API_STARTED","filters":{"cluster":"","branch":"","fromDate":"","toDate":"","status":""},"timestamp":"2026-08-04T12:17:31.575Z"}
4/8/2026, 5:47:31 pm | {"api":"/api/cash-closing-dashboard","event":"CASH_CLOSING_DASHBOARD_DB_CONNECTED","timestamp":"2026-08-04T12:17:31.576Z"}
4/8/2026, 5:47:31 pm | {"api":"/api/cash-closing-dashboard","event":"CASH_CLOSING_DASHBOARD_QUERY_STARTED","filters":{"cluster":"","branch":"","fromDate":"","toDate":"","status":""},"timestamp":"2026-08-04T12:17:31.577Z"}
4/8/2026, 5:47:31 pm | {"api":"/api/cash-closing-dashboard","event":"CASH_CLOSING_DASHBOARD_DATA_FETCHED","totalRecords":56,"timestamp":"2026-08-04T12:17:31.584Z"}
4/8/2026, 5:47:31 pm | {"api":"/api/cash-closing-dashboard","event":"CASH_CLOSING_CLUSTER_FETCHED","totalClusters":5,"timestamp":"2026-08-04T12:17:31.588Z"}
4/8/2026, 5:47:31 pm | {"api":"/api/cash-closing-dashboard","event":"CASH_CLOSING_BRANCH_FETCHED","totalBranches":62,"timestamp":"2026-08-04T12:17:31.592Z"}
4/8/2026, 5:47:31 pm | {"api":"/api/cash-closing-dashboard","event":"CASH_CLOSING_DASHBOARD_SUCCESS","totalRecords":56,"filters":{"cluster":"","branch":"","fromDate":"","toDate":"","status":""},"timestamp":"2026-08-04T12:17:31.593Z"}
4/8/2026, 5:47:31 pm | {"api":"/employee/:empNo","event":"EMPLOYEE_API_STARTED","empNo":"142","timestamp":"2026-08-04T12:17:31.668Z"}
4/8/2026, 5:47:31 pm | {"api":"/employee/:empNo","event":"EMPLOYEE_DB_QUERY_STARTED","empNo":"142","timestamp":"2026-08-04T12:17:31.669Z"}
4/8/2026, 5:47:31 pm | {"api":"/employee/:empNo","event":"EMPLOYEE_FETCH_SUCCESS","empNo":"142","employeeName":"T. Mohana Manidhar","branch":"Gollapudi","designation":"Branch Manager","timestamp":"2026-08-04T12:17:31.673Z"}
4/8/2026, 5:47:31 pm | {"api":"/api/cash-closing-dashboard","event":"CASH_CLOSING_DASHBOARD_API_STARTED","filters":{"cluster":"","branch":"","fromDate":"","toDate":"","status":""},"timestamp":"2026-08-04T12:17:31.733Z"}
4/8/2026, 5:47:31 pm | {"api":"/api/cash-closing-dashboard","event":"CASH_CLOSING_DASHBOARD_DB_CONNECTED","timestamp":"2026-08-04T12:17:31.734Z"}
4/8/2026, 5:47:31 pm | {"api":"/api/cash-closing-dashboard","event":"CASH_CLOSING_DASHBOARD_QUERY_STARTED","filters":{"cluster":"","branch":"","fromDate":"","toDate":"","status":""},"timestamp":"2026-08-04T12:17:31.735Z"}
4/8/2026, 5:47:31 pm | {"api":"/api/cash-closing-dashboard","event":"CASH_CLOSING_DASHBOARD_DATA_FETCHED","totalRecords":56,"timestamp":"2026-08-04T12:17:31.747Z"}
4/8/2026, 5:47:31 pm | {"api":"/api/cash-closing-dashboard","event":"CASH_CLOSING_CLUSTER_FETCHED","totalClusters":5,"timestamp":"2026-08-04T12:17:31.751Z"}
4/8/2026, 5:47:31 pm | {"api":"/last-submission/:empNo","event":"LAST_SUBMISSION_API_STARTED","empNo":"142","timestamp":"2026-08-04T12:17:31.755Z"}
4/8/2026, 5:47:31 pm | {"api":"/last-submission/:empNo","event":"LAST_SUBMISSION_DB_QUERY_STARTED","empNo":"142","timestamp":"2026-08-04T12:17:31.757Z"}
4/8/2026, 5:47:31 pm | {"api":"/api/cash-closing-dashboard","event":"CASH_CLOSING_BRANCH_FETCHED","totalBranches":62,"timestamp":"2026-08-04T12:17:31.759Z"}
4/8/2026, 5:47:31 pm | {"api":"/api/cash-closing-dashboard","event":"CASH_CLOSING_DASHBOARD_SUCCESS","totalRecords":56,"filters":{"cluster":"","branch":"","fromDate":"","toDate":"","status":""},"timestamp":"2026-08-04T12:17:31.760Z"}
4/8/2026, 5:47:31 pm | {"api":"/last-submission/:empNo","event":"LAST_SUBMISSION_FETCH_SUCCESS","empNo":"142","amount":750906,"actionAt":"2026-08-03 17:46:28","timestamp":"2026-08-04T12:17:31.765Z"}
4/8/2026, 5:47:31 pm | {"api":"/api/cash-closing-dashboard","event":"CASH_CLOSING_DASHBOARD_API_STARTED","filters":{"cluster":"","branch":"","fromDate":"","toDate":"","status":""},"timestamp":"2026-08-04T12:17:31.924Z"}
4/8/2026, 5:47:31 pm | {"api":"/api/cash-closing-dashboard","event":"CASH_CLOSING_DASHBOARD_DB_CONNECTED","timestamp":"2026-08-04T12:17:31.925Z"}
4/8/2026, 5:47:31 pm | {"api":"/api/cash-closing-dashboard","event":"CASH_CLOSING_DASHBOARD_QUERY_STARTED","filters":{"cluster":"","branch":"","fromDate":"","toDate":"","status":""},"timestamp":"2026-08-04T12:17:31.926Z"}
4/8/2026, 5:47:31 pm | {"api":"/api/cash-closing-dashboard","event":"CASH_CLOSING_DASHBOARD_DATA_FETCHED","totalRecords":56,"timestamp":"2026-08-04T12:17:31.937Z"}
4/8/2026, 5:47:31 pm | {"api":"/api/cash-closing-dashboard","event":"CASH_CLOSING_CLUSTER_FETCHED","totalClusters":5,"timestamp":"2026-08-04T12:17:31.940Z"}
4/8/2026, 5:47:31 pm | {"api":"/api/cash-closing-dashboard","event":"CASH_CLOSING_BRANCH_FETCHED","totalBranches":62,"timestamp":"2026-08-04T12:17:31.944Z"}
4/8/2026, 5:47:31 pm | {"api":"/api/cash-closing-dashboard","event":"CASH_CLOSING_DASHBOARD_SUCCESS","totalRecords":56,"filters":{"cluster":"","branch":"","fromDate":"","toDate":"","status":""},"timestamp":"2026-08-04T12:17:31.945Z"}
4/8/2026, 5:47:32 pm | {"api":"/api/cash-closing-dashboard","event":"CASH_CLOSING_DASHBOARD_API_STARTED","filters":{"cluster":"","branch":"","fromDate":"","toDate":"","status":""},"timestamp":"2026-08-04T12:17:32.116Z"}
4/8/2026, 5:47:32 pm | {"api":"/api/cash-closing-dashboard","event":"CASH_CLOSING_DASHBOARD_DB_CONNECTED","timestamp":"2026-08-04T12:17:32.118Z"}
4/8/2026, 5:47:32 pm | {"api":"/api/cash-closing-dashboard","event":"CASH_CLOSING_DASHBOARD_QUERY_STARTED","filters":{"cluster":"","branch":"","fromDate":"","toDate":"","status":""},"timestamp":"2026-08-04T12:17:32.118Z"}
4/8/2026, 5:47:32 pm | {"api":"/api/cash-closing-dashboard","event":"CASH_CLOSING_DASHBOARD_DATA_FETCHED","totalRecords":56,"timestamp":"2026-08-04T12:17:32.126Z"}
4/8/2026, 5:47:32 pm | {"api":"/api/cash-closing-dashboard","event":"CASH_CLOSING_CLUSTER_FETCHED","totalClusters":5,"timestamp":"2026-08-04T12:17:32.129Z"}
4/8/2026, 5:47:32 pm | {"api":"/api/cash-closing-dashboard","event":"CASH_CLOSING_BRANCH_FETCHED","totalBranches":62,"timestamp":"2026-08-04T12:17:32.132Z"}
4/8/2026, 5:47:32 pm | {"api":"/api/cash-closing-dashboard","event":"CASH_CLOSING_DASHBOARD_SUCCESS","totalRecords":56,"filters":{"cluster":"","branch":"","fromDate":"","toDate":"","status":""},"timestamp":"2026-08-04T12:17:32.133Z"}
4/8/2026, 5:47:32 pm | {"api":"/today-cash/:empNo","event":"TODAY_CASH_API_STARTED","empNo":"142","timestamp":"2026-08-04T12:17:32.459Z"}
4/8/2026, 5:47:32 pm | {"api":"/today-cash/:empNo","event":"TODAY_CASH_DB_QUERY_STARTED","empNo":"142","timestamp":"2026-08-04T12:17:32.460Z"}
4/8/2026, 5:47:32 pm | {"api":"/today-cash/:empNo","event":"TODAY_CASH_NOT_FOUND","empNo":"142","timestamp":"2026-08-04T12:17:32.465Z"}
4/8/2026, 5:47:37 pm | {"api":"/api/cash-closing-dashboard","event":"CASH_CLOSING_DASHBOARD_API_STARTED","filters":{"cluster":"","branch":"","fromDate":"","toDate":"","status":""},"timestamp":"2026-08-04T12:17:37.151Z"}
4/8/2026, 5:47:37 pm | {"api":"/api/cash-closing-dashboard","event":"CASH_CLOSING_DASHBOARD_DB_CONNECTED","timestamp":"2026-08-04T12:17:37.152Z"}
4/8/2026, 5:47:37 pm | {"api":"/api/cash-closing-dashboard","event":"CASH_CLOSING_DASHBOARD_QUERY_STARTED","filters":{"cluster":"","branch":"","fromDate":"","toDate":"","status":""},"timestamp":"2026-08-04T12:17:37.153Z"}
4/8/2026, 5:47:37 pm | {"api":"/api/cash-closing-dashboard","event":"CASH_CLOSING_DASHBOARD_DATA_FETCHED","totalRecords":56,"timestamp":"2026-08-04T12:17:37.160Z"}
4/8/2026, 5:47:37 pm | {"api":"/api/cash-closing-dashboard","event":"CASH_CLOSING_CLUSTER_FETCHED","totalClusters":5,"timestamp":"2026-08-04T12:17:37.163Z"}
4/8/2026, 5:47:37 pm | {"api":"/api/cash-closing-dashboard","event":"CASH_CLOSING_BRANCH_FETCHED","totalBranches":62,"timestamp":"2026-08-04T12:17:37.167Z"}
4/8/2026, 5:47:37 pm | {"api":"/api/cash-closing-dashboard","event":"CASH_CLOSING_DASHBOARD_SUCCESS","totalRecords":56,"filters":{"cluster":"","branch":"","fromDate":"","toDate":"","status":""},"timestamp":"2026-08-04T12:17:37.168Z"}
4/8/2026, 5:47:37 pm | {"api":"/api/cash-closing-dashboard","event":"CASH_CLOSING_DASHBOARD_API_STARTED","filters":{"cluster":"","branch":"","fromDate":"","toDate":"","status":""},"timestamp":"2026-08-04T12:17:37.284Z"}
4/8/2026, 5:47:37 pm | {"api":"/api/cash-closing-dashboard","event":"CASH_CLOSING_DASHBOARD_DB_CONNECTED","timestamp":"2026-08-04T12:17:37.285Z"}
4/8/2026, 5:47:37 pm | {"api":"/api/cash-closing-dashboard","event":"CASH_CLOSING_DASHBOARD_QUERY_STARTED","filters":{"cluster":"","branch":"","fromDate":"","toDate":"","status":""},"timestamp":"2026-08-04T12:17:37.286Z"}
4/8/2026, 5:47:37 pm | {"api":"/api/cash-closing-dashboard","event":"CASH_CLOSING_DASHBOARD_DATA_FETCHED","totalRecords":56,"timestamp":"2026-08-04T12:17:37.294Z"}
4/8/2026, 5:47:37 pm | {"api":"/api/cash-closing-dashboard","event":"CASH_CLOSING_CLUSTER_FETCHED","totalClusters":5,"timestamp":"2026-08-04T12:17:37.297Z"}
4/8/2026, 5:47:37 pm | {"api":"/api/cash-closing-dashboard","event":"CASH_CLOSING_BRANCH_FETCHED","totalBranches":62,"timestamp":"2026-08-04T12:17:37.301Z"}
4/8/2026, 5:47:37 pm | {"api":"/api/cash-closing-dashboard","event":"CASH_CLOSING_DASHBOARD_SUCCESS","totalRecords":56,"filters":{"cluster":"","branch":"","fromDate":"","toDate":"","status":""},"timestamp":"2026-08-04T12:17:37.302Z"}
4/8/2026, 5:47:48 pm | {"api":"/api/cash-closing-dashboard","event":"CASH_CLOSING_DASHBOARD_API_STARTED","filters":{"cluster":"","branch":"","fromDate":"","toDate":"","status":""},"timestamp":"2026-08-04T12:17:48.160Z"}
4/8/2026, 5:47:48 pm | {"api":"/api/cash-closing-dashboard","event":"CASH_CLOSING_DASHBOARD_DB_CONNECTED","timestamp":"2026-08-04T12:17:48.161Z"}
4/8/2026, 5:47:48 pm | {"api":"/api/cash-closing-dashboard","event":"CASH_CLOSING_DASHBOARD_QUERY_STARTED","filters":{"cluster":"","branch":"","fromDate":"","toDate":"","status":""},"timestamp":"2026-08-04T12:17:48.162Z"}
4/8/2026, 5:47:48 pm | {"api":"/api/cash-closing-dashboard","event":"CASH_CLOSING_DASHBOARD_DATA_FETCHED","totalRecords":56,"timestamp":"2026-08-04T12:17:48.170Z"}
4/8/2026, 5:47:48 pm | {"api":"/api/cash-closing-dashboard","event":"CASH_CLOSING_CLUSTER_FETCHED","totalClusters":5,"timestamp":"2026-08-04T12:17:48.174Z"}
4/8/2026, 5:47:48 pm | {"api":"/api/cash-closing-dashboard","event":"CASH_CLOSING_BRANCH_FETCHED","totalBranches":62,"timestamp":"2026-08-04T12:17:48.178Z"}
4/8/2026, 5:47:48 pm | {"api":"/api/cash-closing-dashboard","event":"CASH_CLOSING_DASHBOARD_SUCCESS","totalRecords":56,"filters":{"cluster":"","branch":"","fromDate":"","toDate":"","status":""},"timestamp":"2026-08-04T12:17:48.179Z"}
4/8/2026, 5:47:48 pm | {"api":"/api/cash-closing-dashboard","event":"CASH_CLOSING_DASHBOARD_API_STARTED","filters":{"cluster":"","branch":"","fromDate":"","toDate":"","status":""},"timestamp":"2026-08-04T12:17:48.259Z"}
4/8/2026, 5:47:48 pm | {"api":"/api/cash-closing-dashboard","event":"CASH_CLOSING_DASHBOARD_DB_CONNECTED","timestamp":"2026-08-04T12:17:48.260Z"}
4/8/2026, 5:47:48 pm | {"api":"/api/cash-closing-dashboard","event":"CASH_CLOSING_DASHBOARD_QUERY_STARTED","filters":{"cluster":"","branch":"","fromDate":"","toDate":"","status":""},"timestamp":"2026-08-04T12:17:48.261Z"}
4/8/2026, 5:47:48 pm | {"api":"/api/cash-closing-dashboard","event":"CASH_CLOSING_DASHBOARD_DATA_FETCHED","totalRecords":56,"timestamp":"2026-08-04T12:17:48.268Z"}
4/8/2026, 5:47:48 pm | {"api":"/api/cash-closing-dashboard","event":"CASH_CLOSING_CLUSTER_FETCHED","totalClusters":5,"timestamp":"2026-08-04T12:17:48.271Z"}
4/8/2026, 5:47:48 pm | {"api":"/api/cash-closing-dashboard","event":"CASH_CLOSING_BRANCH_FETCHED","totalBranches":62,"timestamp":"2026-08-04T12:17:48.275Z"}
4/8/2026, 5:47:48 pm | {"api":"/api/cash-closing-dashboard","event":"CASH_CLOSING_DASHBOARD_SUCCESS","totalRecords":56,"filters":{"cluster":"","branch":"","fromDate":"","toDate":"","status":""},"timestamp":"2026-08-04T12:17:48.275Z"}
4/8/2026, 5:47:52 pm | {"api":"/api/cash-closing-dashboard","event":"CASH_CLOSING_DASHBOARD_API_STARTED","filters":{"cluster":"","branch":"","fromDate":"","toDate":"","status":""},"timestamp":"2026-08-04T12:17:52.900Z"}
4/8/2026, 5:47:52 pm | {"api":"/api/cash-closing-dashboard","event":"CASH_CLOSING_DASHBOARD_DB_CONNECTED","timestamp":"2026-08-04T12:17:52.901Z"}
4/8/2026, 5:47:52 pm | {"api":"/api/cash-closing-dashboard","event":"CASH_CLOSING_DASHBOARD_QUERY_STARTED","filters":{"cluster":"","branch":"","fromDate":"","toDate":"","status":""},"timestamp":"2026-08-04T12:17:52.902Z"}
4/8/2026, 5:47:52 pm | {"api":"/api/cash-closing-dashboard","event":"CASH_CLOSING_DASHBOARD_DATA_FETCHED","totalRecords":56,"timestamp":"2026-08-04T12:17:52.910Z"}
4/8/2026, 5:47:52 pm | {"api":"/api/cash-closing-dashboard","event":"CASH_CLOSING_CLUSTER_FETCHED","totalClusters":5,"timestamp":"2026-08-04T12:17:52.913Z"}
4/8/2026, 5:47:52 pm | {"api":"/api/cash-closing-dashboard","event":"CASH_CLOSING_BRANCH_FETCHED","totalBranches":62,"timestamp":"2026-08-04T12:17:52.916Z"}
4/8/2026, 5:47:52 pm | {"api":"/api/cash-closing-dashboard","event":"CASH_CLOSING_DASHBOARD_SUCCESS","totalRecords":56,"filters":{"cluster":"","branch":"","fromDate":"","toDate":"","status":""},"timestamp":"2026-08-04T12:17:52.916Z"}
4/8/2026, 5:47:53 pm | {"api":"/api/cash-closing-dashboard","event":"CASH_CLOSING_DASHBOARD_API_STARTED","filters":{"cluster":"","branch":"","fromDate":"","toDate":"","status":""},"timestamp":"2026-08-04T12:17:53.068Z"}
4/8/2026, 5:47:53 pm | {"api":"/api/cash-closing-dashboard","event":"CASH_CLOSING_DASHBOARD_DB_CONNECTED","timestamp":"2026-08-04T12:17:53.069Z"}
4/8/2026, 5:47:53 pm | {"api":"/api/cash-closing-dashboard","event":"CASH_CLOSING_DASHBOARD_QUERY_STARTED","filters":{"cluster":"","branch":"","fromDate":"","toDate":"","status":""},"timestamp":"2026-08-04T12:17:53.070Z"}
4/8/2026, 5:47:53 pm | {"api":"/api/cash-closing-dashboard","event":"CASH_CLOSING_DASHBOARD_DATA_FETCHED","totalRecords":56,"timestamp":"2026-08-04T12:17:53.079Z"}
4/8/2026, 5:47:53 pm | {"api":"/api/cash-closing-dashboard","event":"CASH_CLOSING_CLUSTER_FETCHED","totalClusters":5,"timestamp":"2026-08-04T12:17:53.082Z"}
4/8/2026, 5:47:53 pm | {"api":"/api/cash-closing-dashboard","event":"CASH_CLOSING_BRANCH_FETCHED","totalBranches":62,"timestamp":"2026-08-04T12:17:53.085Z"}
4/8/2026, 5:47:53 pm | {"api":"/api/cash-closing-dashboard","event":"CASH_CLOSING_DASHBOARD_SUCCESS","totalRecords":56,"filters":{"cluster":"","branch":"","fromDate":"","toDate":"","status":""},"timestamp":"2026-08-04T12:17:53.086Z"}
4/8/2026, 5:47:53 pm | {"api":"/save-cash-closing","event":"SAVE_CASH_API_STARTED","empNo":"142","amount":"732406","timestamp":"2026-08-04T12:17:53.153Z"}
4/8/2026, 5:47:53 pm | {"api":"/save-cash-closing","event":"PREVIOUS_DAY_RECORD_FOUND","empNo":"142","oldDate":"2026-08-03T00:00:00.000Z","amount":750906,"timestamp":"2026-08-04T12:17:53.160Z"}
4/8/2026, 5:47:53 pm | {"api":"/save-cash-closing","event":"PREVIOUS_DAY_MOVED_TO_HISTORY","empNo":"142","timestamp":"2026-08-04T12:17:53.166Z"}
4/8/2026, 5:47:53 pm | {"api":"/save-cash-closing","event":"PREVIOUS_DAY_DELETED","empNo":"142","timestamp":"2026-08-04T12:17:53.171Z"}
4/8/2026, 5:47:53 pm | {"api":"/save-cash-closing","event":"SAVE_CASH_NEW_ENTRY","empNo":"142","amount":"732406","branch":"Gollapudi","timestamp":"2026-08-04T12:17:53.174Z"}
4/8/2026, 5:47:53 pm | {"api":"/save-cash-closing","event":"SAVE_CASH_HISTORY_INSERTED","empNo":"142","actionType":"ADDED","version":1,"timestamp":"2026-08-04T12:17:53.184Z"}
4/8/2026, 5:47:53 pm | {"api":"/save-cash-closing","event":"SAVE_CASH_SUCCESS","type":"INSERT","empNo":"142","amount":"732406","timestamp":"2026-08-04T12:17:53.185Z"}
4/8/2026, 5:47:53 pm | {"api":"/api/cash-closing-dashboard","event":"CASH_CLOSING_DASHBOARD_API_STARTED","filters":{"cluster":"","branch":"","fromDate":"","toDate":"","status":""},"timestamp":"2026-08-04T12:17:53.287Z"}
4/8/2026, 5:47:53 pm | {"api":"/api/cash-closing-dashboard","event":"CASH_CLOSING_DASHBOARD_DB_CONNECTED","timestamp":"2026-08-04T12:17:53.288Z"}
4/8/2026, 5:47:53 pm | {"api":"/api/cash-closing-dashboard","event":"CASH_CLOSING_DASHBOARD_QUERY_STARTED","filters":{"cluster":"","branch":"","fromDate":"","toDate":"","status":""},"timestamp":"2026-08-04T12:17:53.289Z"}
4/8/2026, 5:47:53 pm | {"api":"/api/cash-closing-dashboard","event":"CASH_CLOSING_DASHBOARD_DATA_FETCHED","totalRecords":56,"timestamp":"2026-08-04T12:17:53.297Z"}
4/8/2026, 5:47:53 pm | {"api":"/api/cash-closing-dashboard","event":"CASH_CLOSING_CLUSTER_FETCHED","totalClusters":5,"timestamp":"2026-08-04T12:17:53.299Z"}
4/8/2026, 5:47:53 pm | {"api":"/api/cash-closing-dashboard","event":"CASH_CLOSING_BRANCH_FETCHED","totalBranches":62,"timestamp":"2026-08-04T12:17:53.303Z"}
4/8/2026, 5:47:53 pm | {"api":"/api/cash-closing-dashboard","event":"CASH_CLOSING_DASHBOARD_SUCCESS","totalRecords":56,"filters":{"cluster":"","branch":"","fromDate":"","toDate":"","status":""},"timestamp":"2026-08-04T12:17:53.303Z"}
4/8/2026, 5:47:58 pm | {"api":"/api/cash-closing-dashboard","event":"CASH_CLOSING_DASHBOARD_API_STARTED","filters":{"cluster":"","branch":"","fromDate":"","toDate":"","status":""},"timestamp":"2026-08-04T12:17:58.620Z"}
4/8/2026, 5:47:58 pm | {"api":"/api/cash-closing-dashboard","event":"CASH_CLOSING_DASHBOARD_DB_CONNECTED","timestamp":"2026-08-04T12:17:58.621Z"}
4/8/2026, 5:47:58 pm | {"api":"/api/cash-closing-dashboard","event":"CASH_CLOSING_DASHBOARD_QUERY_STARTED","filters":{"cluster":"","branch":"","fromDate":"","toDate":"","status":""},"timestamp":"2026-08-04T12:17:58.622Z"}
4/8/2026, 5:47:58 pm | {"api":"/api/cash-closing-dashboard","event":"CASH_CLOSING_DASHBOARD_DATA_FETCHED","totalRecords":56,"timestamp":"2026-08-04T12:17:58.628Z"}
4/8/2026, 5:47:58 pm | {"api":"/api/cash-closing-dashboard","event":"CASH_CLOSING_CLUSTER_FETCHED","totalClusters":5,"timestamp":"2026-08-04T12:17:58.631Z"}
4/8/2026, 5:47:58 pm | {"api":"/api/cash-closing-dashboard","event":"CASH_CLOSING_BRANCH_FETCHED","totalBranches":62,"timestamp":"2026-08-04T12:17:58.634Z"}
4/8/2026, 5:47:58 pm | {"api":"/api/cash-closing-dashboard","event":"CASH_CLOSING_DASHBOARD_SUCCESS","totalRecords":56,"filters":{"cluster":"","branch":"","fromDate":"","toDate":"","status":""},"timestamp":"2026-08-04T12:17:58.635Z"}
4/8/2026, 5:47:58 pm | {"api":"/api/cash-closing-dashboard","event":"CASH_CLOSING_DASHBOARD_API_STARTED","filters":{"cluster":"","branch":"","fromDate":"","toDate":"","status":""},"timestamp":"2026-08-04T12:17:58.764Z"}
4/8/2026, 5:47:58 pm | {"api":"/api/cash-closing-dashboard","event":"CASH_CLOSING_DASHBOARD_DB_CONNECTED","timestamp":"2026-08-04T12:17:58.765Z"}
4/8/2026, 5:47:58 pm | {"api":"/api/cash-closing-dashboard","event":"CASH_CLOSING_DASHBOARD_QUERY_STARTED","filters":{"cluster":"","branch":"","fromDate":"","toDate":"","status":""},"timestamp":"2026-08-04T12:17:58.766Z"}
4/8/2026, 5:47:58 pm | {"api":"/api/cash-closing-dashboard","event":"CASH_CLOSING_DASHBOARD_DATA_FETCHED","totalRecords":56,"timestamp":"2026-08-04T12:17:58.782Z"}
4/8/2026, 5:47:58 pm | {"api":"/api/cash-closing-dashboard","event":"CASH_CLOSING_CLUSTER_FETCHED","totalClusters":5,"timestamp":"2026-08-04T12:17:58.787Z"}
4/8/2026, 5:47:58 pm | {"api":"/api/cash-closing-dashboard","event":"CASH_CLOSING_BRANCH_FETCHED","totalBranches":62,"timestamp":"2026-08-04T12:17:58.790Z"}
4/8/2026, 5:47:58 pm | {"api":"/api/cash-closing-dashboard","event":"CASH_CLOSING_DASHBOARD_SUCCESS","totalRecords":56,"filters":{"cluster":"","branch":"","fromDate":"","toDate":"","status":""},"timestamp":"2026-08-04T12:17:58.791Z"}
4/8/2026, 5:47:58 pm | {"api":"/api/cash-closing-dashboard","event":"CASH_CLOSING_DASHBOARD_API_STARTED","filters":{"cluster":"","branch":"","fromDate":"","toDate":"","status":""},"timestamp":"2026-08-04T12:17:58.964Z"}
4/8/2026, 5:47:58 pm | {"api":"/api/cash-closing-dashboard","event":"CASH_CLOSING_DASHBOARD_DB_CONNECTED","timestamp":"2026-08-04T12:17:58.965Z"}
4/8/2026, 5:47:58 pm | {"api":"/api/cash-closing-dashboard","event":"CASH_CLOSING_DASHBOARD_QUERY_STARTED","filters":{"cluster":"","branch":"","fromDate":"","toDate":"","status":""},"timestamp":"2026-08-04T12:17:58.966Z"}
4/8/2026, 5:47:58 pm | {"api":"/api/cash-closing-dashboard","event":"CASH_CLOSING_DASHBOARD_DATA_FETCHED","totalRecords":56,"timestamp":"2026-08-04T12:17:58.974Z"}
4/8/2026, 5:47:58 pm | {"api":"/api/cash-closing-dashboard","event":"CASH_CLOSING_CLUSTER_FETCHED","totalClusters":5,"timestamp":"2026-08-04T12:17:58.978Z"}
4/8/2026, 5:47:58 pm | {"api":"/api/cash-closing-dashboard","event":"CASH_CLOSING_BRANCH_FETCHED","totalBranches":62,"timestamp":"2026-08-04T12:17:58.981Z"}
4/8/2026, 5:47:58 pm | {"api":"/api/cash-closing-dashboard","event":"CASH_CLOSING_DASHBOARD_SUCCESS","totalRecords":56,"filters":{"cluster":"","branch":"","fromDate":"","toDate":"","status":""},"timestamp":"2026-08-04T12:17:58.982Z"}
4/8/2026, 5:47:59 pm | {"api":"/api/cash-closing-dashboard","event":"CASH_CLOSING_DASHBOARD_API_STARTED","filters":{"cluster":"","branch":"","fromDate":"","toDate":"","status":""},"timestamp":"2026-08-04T12:17:59.139Z"}
4/8/2026, 5:47:59 pm | {"api":"/api/cash-closing-dashboard","event":"CASH_CLOSING_DASHBOARD_DB_CONNECTED","timestamp":"2026-08-04T12:17:59.140Z"}
4/8/2026, 5:47:59 pm | {"api":"/api/cash-closing-dashboard","event":"CASH_CLOSING_DASHBOARD_QUERY_STARTED","filters":{"cluster":"","branch":"","fromDate":"","toDate":"","status":""},"timestamp":"2026-08-04T12:17:59.141Z"}
4/8/2026, 5:47:59 pm | {"api":"/api/cash-closing-dashboard","event":"CASH_CLOSING_DASHBOARD_DATA_FETCHED","totalRecords":56,"timestamp":"2026-08-04T12:17:59.154Z"}
4/8/2026, 5:47:59 pm | {"api":"/api/cash-closing-dashboard","event":"CASH_CLOSING_CLUSTER_FETCHED","totalClusters":5,"timestamp":"2026-08-04T12:17:59.157Z"}
4/8/2026, 5:47:59 pm | {"api":"/api/cash-closing-dashboard","event":"CASH_CLOSING_BRANCH_FETCHED","totalBranches":62,"timestamp":"2026-08-04T12:17:59.161Z"}
4/8/2026, 5:47:59 pm | {"api":"/api/cash-closing-dashboard","event":"CASH_CLOSING_DASHBOARD_SUCCESS","totalRecords":56,"filters":{"cluster":"","branch":"","fromDate":"","toDate":"","status":""},"timestamp":"2026-08-04T12:17:59.161Z"}
4/8/2026, 5:48:03 pm | {"api":"/api/cash-closing-dashboard","event":"CASH_CLOSING_DASHBOARD_API_STARTED","filters":{"cluster":"","branch":"","fromDate":"","toDate":"","status":""},"timestamp":"2026-08-04T12:18:03.941Z"}
4/8/2026, 5:48:03 pm | {"api":"/api/cash-closing-dashboard","event":"CASH_CLOSING_DASHBOARD_DB_CONNECTED","timestamp":"2026-08-04T12:18:03.942Z"}
4/8/2026, 5:48:03 pm | {"api":"/api/cash-closing-dashboard","event":"CASH_CLOSING_DASHBOARD_QUERY_STARTED","filters":{"cluster":"","branch":"","fromDate":"","toDate":"","status":""},"timestamp":"2026-08-04T12:18:03.943Z"}
4/8/2026, 5:48:03 pm | {"api":"/api/cash-closing-dashboard","event":"CASH_CLOSING_DASHBOARD_DATA_FETCHED","totalRecords":56,"timestamp":"2026-08-04T12:18:03.949Z"}
4/8/2026, 5:48:03 pm | {"api":"/api/cash-closing-dashboard","event":"CASH_CLOSING_CLUSTER_FETCHED","totalClusters":5,"timestamp":"2026-08-04T12:18:03.952Z"}
4/8/2026, 5:48:03 pm | {"api":"/api/cash-closing-dashboard","event":"CASH_CLOSING_BRANCH_FETCHED","totalBranches":62,"timestamp":"2026-08-04T12:18:03.956Z"}
4/8/2026, 5:48:03 pm | {"api":"/api/cash-closing-dashboard","event":"CASH_CLOSING_DASHBOARD_SUCCESS","totalRecords":56,"filters":{"cluster":"","branch":"","fromDate":"","toDate":"","status":""},"timestamp":"2026-08-04T12:18:03.957Z"}
4/8/2026, 5:48:04 pm | {"api":"/api/cash-closing-dashboard","event":"CASH_CLOSING_DASHBOARD_API_STARTED","filters":{"cluster":"","branch":"","fromDate":"","toDate":"","status":""},"timestamp":"2026-08-04T12:18:04.131Z"}
4/8/2026, 5:48:04 pm | {"api":"/api/cash-closing-dashboard","event":"CASH_CLOSING_DASHBOARD_DB_CONNECTED","timestamp":"2026-08-04T12:18:04.132Z"}
4/8/2026, 5:48:04 pm | {"api":"/api/cash-closing-dashboard","event":"CASH_CLOSING_DASHBOARD_QUERY_STARTED","filters":{"cluster":"","branch":"","fromDate":"","toDate":"","status":""},"timestamp":"2026-08-04T12:18:04.133Z"}
4/8/2026, 5:48:04 pm | {"api":"/api/cash-closing-dashboard","event":"CASH_CLOSING_DASHBOARD_DATA_FETCHED","totalRecords":56,"timestamp":"2026-08-04T12:18:04.141Z"}
4/8/2026, 5:48:04 pm | {"api":"/api/cash-closing-dashboard","event":"CASH_CLOSING_CLUSTER_FETCHED","totalClusters":5,"timestamp":"2026-08-04T12:18:04.144Z"}
4/8/2026, 5:48:04 pm | {"api":"/api/cash-closing-dashboard","event":"CASH_CLOSING_BRANCH_FETCHED","totalBranches":62,"timestamp":"2026-08-04T12:18:04.149Z"}
4/8/2026, 5:48:04 pm | {"api":"/api/cash-closing-dashboard","event":"CASH_CLOSING_DASHBOARD_SUCCESS","totalRecords":56,"filters":{"cluster":"","branch":"","fromDate":"","toDate":"","status":""},"timestamp":"2026-08-04T12:18:04.149Z"}
4/8/2026, 5:48:04 pm | {"api":"/api/cash-closing-dashboard","event":"CASH_CLOSING_DASHBOARD_API_STARTED","filters":{"cluster":"","branch":"","fromDate":"","toDate":"","status":""},"timestamp":"2026-08-04T12:18:04.371Z"}
4/8/2026, 5:48:04 pm | {"api":"/api/cash-closing-dashboard","event":"CASH_CLOSING_DASHBOARD_DB_CONNECTED","timestamp":"2026-08-04T12:18:04.372Z"}
4/8/2026, 5:48:04 pm | {"api":"/api/cash-closing-dashboard","event":"CASH_CLOSING_DASHBOARD_QUERY_STARTED","filters":{"cluster":"","branch":"","fromDate":"","toDate":"","status":""},"timestamp":"2026-08-04T12:18:04.373Z"}
4/8/2026, 5:48:04 pm | {"api":"/api/cash-closing-dashboard","event":"CASH_CLOSING_DASHBOARD_DATA_FETCHED","totalRecords":56,"timestamp":"2026-08-04T12:18:04.380Z"}
4/8/2026, 5:48:04 pm | {"api":"/api/cash-closing-dashboard","event":"CASH_CLOSING_CLUSTER_FETCHED","totalClusters":5,"timestamp":"2026-08-04T12:18:04.383Z"}
4/8/2026, 5:48:04 pm | {"api":"/api/cash-closing-dashboard","event":"CASH_CLOSING_BRANCH_FETCHED","totalBranches":62,"timestamp":"2026-08-04T12:18:04.387Z"}
4/8/2026, 5:48:04 pm | {"api":"/api/cash-closing-dashboard","event":"CASH_CLOSING_DASHBOARD_SUCCESS","totalRecords":56,"filters":{"cluster":"","branch":"","fromDate":"","toDate":"","status":""},"timestamp":"2026-08-04T12:18:04.387Z"}
4/8/2026, 5:48:04 pm | {"api":"/api/cash-closing-dashboard","event":"CASH_CLOSING_DASHBOARD_API_STARTED","filters":{"cluster":"","branch":"","fromDate":"","toDate":"","status":""},"timestamp":"2026-08-04T12:18:04.555Z"}
4/8/2026, 5:48:04 pm | {"api":"/api/cash-closing-dashboard","event":"CASH_CLOSING_DASHBOARD_DB_CONNECTED","timestamp":"2026-08-04T12:18:04.557Z"}
4/8/2026, 5:48:04 pm | {"api":"/api/cash-closing-dashboard","event":"CASH_CLOSING_DASHBOARD_QUERY_STARTED","filters":{"cluster":"","branch":"","fromDate":"","toDate":"","status":""},"timestamp":"2026-08-04T12:18:04.557Z"}
4/8/2026, 5:48:04 pm | {"api":"/api/cash-closing-dashboard","event":"CASH_CLOSING_DASHBOARD_DATA_FETCHED","totalRecords":56,"timestamp":"2026-08-04T12:18:04.565Z"}
4/8/2026, 5:48:04 pm | {"api":"/api/cash-closing-dashboard","event":"CASH_CLOSING_CLUSTER_FETCHED","totalClusters":5,"timestamp":"2026-08-04T12:18:04.569Z"}
4/8/2026, 5:48:04 pm | {"api":"/api/cash-closing-dashboard","event":"CASH_CLOSING_BRANCH_FETCHED","totalBranches":62,"timestamp":"2026-08-04T12:18:04.573Z"}
4/8/2026, 5:48:04 pm | {"api":"/api/cash-closing-dashboard","event":"CASH_CLOSING_DASHBOARD_SUCCESS","totalRecords":56,"filters":{"cluster":"","branch":"","fromDate":"","toDate":"","status":""},"timestamp":"2026-08-04T12:18:04.574Z"}
4/8/2026, 5:48:22 pm | {"api":"/api/cash-closing-dashboard","event":"CASH_CLOSING_DASHBOARD_API_STARTED","filters":{"cluster":"","branch":"","fromDate":"","toDate":"","status":""},"timestamp":"2026-08-04T12:18:22.407Z"}
4/8/2026, 5:48:22 pm | {"api":"/api/cash-closing-dashboard","event":"CASH_CLOSING_DASHBOARD_DB_CONNECTED","timestamp":"2026-08-04T12:18:22.408Z"}
4/8/2026, 5:48:22 pm | {"api":"/api/cash-closing-dashboard","event":"CASH_CLOSING_DASHBOARD_QUERY_STARTED","filters":{"cluster":"","branch":"","fromDate":"","toDate":"","status":""},"timestamp":"2026-08-04T12:18:22.409Z"}
4/8/2026, 5:48:22 pm | {"api":"/api/cash-closing-dashboard","event":"CASH_CLOSING_DASHBOARD_DATA_FETCHED","totalRecords":56,"timestamp":"2026-08-04T12:18:22.416Z"}
4/8/2026, 5:48:22 pm | {"api":"/api/cash-closing-dashboard","event":"CASH_CLOSING_CLUSTER_FETCHED","totalClusters":5,"timestamp":"2026-08-04T12:18:22.419Z"}
4/8/2026, 5:48:22 pm | {"api":"/api/cash-closing-dashboard","event":"CASH_CLOSING_BRANCH_FETCHED","totalBranches":62,"timestamp":"2026-08-04T12:18:22.423Z"}
4/8/2026, 5:48:22 pm | {"api":"/api/cash-closing-dashboard","event":"CASH_CLOSING_DASHBOARD_SUCCESS","totalRecords":56,"filters":{"cluster":"","branch":"","fromDate":"","toDate":"","status":""},"timestamp":"2026-08-04T12:18:22.423Z"}
4/8/2026, 5:48:22 pm | {"api":"/api/cash-closing-dashboard","event":"CASH_CLOSING_DASHBOARD_API_STARTED","filters":{"cluster":"","branch":"","fromDate":"","toDate":"","status":""},"timestamp":"2026-08-04T12:18:22.501Z"}
4/8/2026, 5:48:22 pm | {"api":"/api/cash-closing-dashboard","event":"CASH_CLOSING_DASHBOARD_DB_CONNECTED","timestamp":"2026-08-04T12:18:22.502Z"}
4/8/2026, 5:48:22 pm | {"api":"/api/cash-closing-dashboard","event":"CASH_CLOSING_DASHBOARD_QUERY_STARTED","filters":{"cluster":"","branch":"","fromDate":"","toDate":"","status":""},"timestamp":"2026-08-04T12:18:22.503Z"}
4/8/2026, 5:48:22 pm | {"api":"/api/cash-closing-dashboard","event":"CASH_CLOSING_DASHBOARD_DATA_FETCHED","totalRecords":56,"timestamp":"2026-08-04T12:18:22.510Z"}
4/8/2026, 5:48:22 pm | {"api":"/api/cash-closing-dashboard","event":"CASH_CLOSING_CLUSTER_FETCHED","totalClusters":5,"timestamp":"2026-08-04T12:18:22.514Z"}
4/8/2026, 5:48:22 pm | {"api":"/api/cash-closing-dashboard","event":"CASH_CLOSING_BRANCH_FETCHED","totalBranches":62,"timestamp":"2026-08-04T12:18:22.517Z"}
4/8/2026, 5:48:22 pm | {"api":"/api/cash-closing-dashboard","event":"CASH_CLOSING_DASHBOARD_SUCCESS","totalRecords":56,"filters":{"cluster":"","branch":"","fromDate":"","toDate":"","status":""},"timestamp":"2026-08-04T12:18:22.518Z"}
4/8/2026, 5:48:22 pm | {"api":"/api/cash-closing-dashboard","event":"CASH_CLOSING_DASHBOARD_API_STARTED","filters":{"cluster":"","branch":"","fromDate":"","toDate":"","status":""},"timestamp":"2026-08-04T12:18:22.693Z"}
4/8/2026, 5:48:22 pm | {"api":"/api/cash-closing-dashboard","event":"CASH_CLOSING_DASHBOARD_DB_CONNECTED","timestamp":"2026-08-04T12:18:22.694Z"}
4/8/2026, 5:48:22 pm | {"api":"/api/cash-closing-dashboard","event":"CASH_CLOSING_DASHBOARD_QUERY_STARTED","filters":{"cluster":"","branch":"","fromDate":"","toDate":"","status":""},"timestamp":"2026-08-04T12:18:22.695Z"}
4/8/2026, 5:48:22 pm | {"api":"/api/cash-closing-dashboard","event":"CASH_CLOSING_DASHBOARD_DATA_FETCHED","totalRecords":56,"timestamp":"2026-08-04T12:18:22.702Z"}
4/8/2026, 5:48:22 pm | {"api":"/api/cash-closing-dashboard","event":"CASH_CLOSING_CLUSTER_FETCHED","totalClusters":5,"timestamp":"2026-08-04T12:18:22.707Z"}
4/8/2026, 5:48:22 pm | {"api":"/api/cash-closing-dashboard","event":"CASH_CLOSING_BRANCH_FETCHED","totalBranches":62,"timestamp":"2026-08-04T12:18:22.710Z"}
4/8/2026, 5:48:22 pm | {"api":"/api/cash-closing-dashboard","event":"CASH_CLOSING_DASHBOARD_SUCCESS","totalRecords":56,"filters":{"cluster":"","branch":"","fromDate":"","toDate":"","status":""},"timestamp":"2026-08-04T12:18:22.711Z"}
4/8/2026, 5:48:22 pm | {"api":"/api/cash-closing-dashboard","event":"CASH_CLOSING_DASHBOARD_API_STARTED","filters":{"cluster":"","branch":"","fromDate":"","toDate":"","status":""},"timestamp":"2026-08-04T12:18:22.861Z"}
4/8/2026, 5:48:22 pm | {"api":"/api/cash-closing-dashboard","event":"CASH_CLOSING_DASHBOARD_DB_CONNECTED","timestamp":"2026-08-04T12:18:22.862Z"}
4/8/2026, 5:48:22 pm | {"api":"/api/cash-closing-dashboard","event":"CASH_CLOSING_DASHBOARD_QUERY_STARTED","filters":{"cluster":"","branch":"","fromDate":"","toDate":"","status":""},"timestamp":"2026-08-04T12:18:22.863Z"}
4/8/2026, 5:48:22 pm | {"api":"/api/cash-closing-dashboard","event":"CASH_CLOSING_DASHBOARD_DATA_FETCHED","totalRecords":56,"timestamp":"2026-08-04T12:18:22.870Z"}
4/8/2026, 5:48:22 pm | {"api":"/api/cash-closing-dashboard","event":"CASH_CLOSING_CLUSTER_FETCHED","totalClusters":5,"timestamp":"2026-08-04T12:18:22.874Z"}
4/8/2026, 5:48:22 pm | {"api":"/api/cash-closing-dashboard","event":"CASH_CLOSING_BRANCH_FETCHED","totalBranches":62,"timestamp":"2026-08-04T12:18:22.878Z"}
4/8/2026, 5:48:22 pm | {"api":"/api/cash-closing-dashboard","event":"CASH_CLOSING_DASHBOARD_SUCCESS","totalRecords":56,"filters":{"cluster":"","branch":"","fromDate":"","toDate":"","status":""},"timestamp":"2026-08-04T12:18:22.879Z"}
4/8/2026, 5:48:27 pm | {"api":"/api/cash-closing-dashboard","event":"CASH_CLOSING_DASHBOARD_API_STARTED","filters":{"cluster":"","branch":"","fromDate":"","toDate":"","status":""},"timestamp":"2026-08-04T12:18:27.373Z"}
4/8/2026, 5:48:27 pm | {"api":"/api/cash-closing-dashboard","event":"CASH_CLOSING_DASHBOARD_DB_CONNECTED","timestamp":"2026-08-04T12:18:27.374Z"}
4/8/2026, 5:48:27 pm | {"api":"/api/cash-closing-dashboard","event":"CASH_CLOSING_DASHBOARD_QUERY_STARTED","filters":{"cluster":"","branch":"","fromDate":"","toDate":"","status":""},"timestamp":"2026-08-04T12:18:27.375Z"}
4/8/2026, 5:48:27 pm | {"api":"/api/cash-closing-dashboard","event":"CASH_CLOSING_DASHBOARD_DATA_FETCHED","totalRecords":56,"timestamp":"2026-08-04T12:18:27.381Z"}
4/8/2026, 5:48:27 pm | {"api":"/api/cash-closing-dashboard","event":"CASH_CLOSING_CLUSTER_FETCHED","totalClusters":5,"timestamp":"2026-08-04T12:18:27.384Z"}
4/8/2026, 5:48:27 pm | {"api":"/api/cash-closing-dashboard","event":"CASH_CLOSING_BRANCH_FETCHED","totalBranches":62,"timestamp":"2026-08-04T12:18:27.387Z"}
4/8/2026, 5:48:27 pm | {"api":"/api/cash-closing-dashboard","event":"CASH_CLOSING_DASHBOARD_SUCCESS","totalRecords":56,"filters":{"cluster":"","branch":"","fromDate":"","toDate":"","status":""},"timestamp":"2026-08-04T12:18:27.388Z"}
4/8/2026, 5:48:27 pm | {"api":"/api/cash-closing-dashboard","event":"CASH_CLOSING_DASHBOARD_API_STARTED","filters":{"cluster":"","branch":"","fromDate":"","toDate":"","status":""},"timestamp":"2026-08-04T12:18:27.599Z"}
4/8/2026, 5:48:27 pm | {"api":"/api/cash-closing-dashboard","event":"CASH_CLOSING_DASHBOARD_DB_CONNECTED","timestamp":"2026-08-04T12:18:27.600Z"}
4/8/2026, 5:48:27 pm | {"api":"/api/cash-closing-dashboard","event":"CASH_CLOSING_DASHBOARD_QUERY_STARTED","filters":{"cluster":"","branch":"","fromDate":"","toDate":"","status":""},"timestamp":"2026-08-04T12:18:27.601Z"}
4/8/2026, 5:48:27 pm | {"api":"/api/cash-closing-dashboard","event":"CASH_CLOSING_DASHBOARD_DATA_FETCHED","totalRecords":56,"timestamp":"2026-08-04T12:18:27.607Z"}
4/8/2026, 5:48:27 pm | {"api":"/api/cash-closing-dashboard","event":"CASH_CLOSING_CLUSTER_FETCHED","totalClusters":5,"timestamp":"2026-08-04T12:18:27.610Z"}
4/8/2026, 5:48:27 pm | {"api":"/api/cash-closing-dashboard","event":"CASH_CLOSING_BRANCH_FETCHED","totalBranches":62,"timestamp":"2026-08-04T12:18:27.613Z"}
4/8/2026, 5:48:27 pm | {"api":"/api/cash-closing-dashboard","event":"CASH_CLOSING_DASHBOARD_SUCCESS","totalRecords":56,"filters":{"cluster":"","branch":"","fromDate":"","toDate":"","status":""},"timestamp":"2026-08-04T12:18:27.614Z"}
4/8/2026, 5:48:27 pm | {"api":"/api/cash-closing-dashboard","event":"CASH_CLOSING_DASHBOARD_API_STARTED","filters":{"cluster":"","branch":"","fromDate":"","toDate":"","status":""},"timestamp":"2026-08-04T12:18:27.722Z"}
4/8/2026, 5:48:27 pm | {"api":"/api/cash-closing-dashboard","event":"CASH_CLOSING_DASHBOARD_DB_CONNECTED","timestamp":"2026-08-04T12:18:27.723Z"}
4/8/2026, 5:48:27 pm | {"api":"/api/cash-closing-dashboard","event":"CASH_CLOSING_DASHBOARD_QUERY_STARTED","filters":{"cluster":"","branch":"","fromDate":"","toDate":"","status":""},"timestamp":"2026-08-04T12:18:27.724Z"}
4/8/2026, 5:48:27 pm | {"api":"/api/cash-closing-dashboard","event":"CASH_CLOSING_DASHBOARD_DATA_FETCHED","totalRecords":56,"timestamp":"2026-08-04T12:18:27.730Z"}
4/8/2026, 5:48:27 pm | {"api":"/api/cash-closing-dashboard","event":"CASH_CLOSING_CLUSTER_FETCHED","totalClusters":5,"timestamp":"2026-08-04T12:18:27.734Z"}
4/8/2026, 5:48:27 pm | {"api":"/api/cash-closing-dashboard","event":"CASH_CLOSING_BRANCH_FETCHED","totalBranches":62,"timestamp":"2026-08-04T12:18:27.737Z"}
4/8/2026, 5:48:27 pm | {"api":"/api/cash-closing-dashboard","event":"CASH_CLOSING_DASHBOARD_SUCCESS","totalRecords":56,"filters":{"cluster":"","branch":"","fromDate":"","toDate":"","status":""},"timestamp":"2026-08-04T12:18:27.738Z"}
4/8/2026, 5:48:55 pm | {"api":"/api/cash-closing-dashboard","event":"CASH_CLOSING_DASHBOARD_API_STARTED","filters":{"cluster":"","branch":"","fromDate":"","toDate":"","status":""},"timestamp":"2026-08-04T12:18:55.132Z"}
4/8/2026, 5:48:55 pm | {"api":"/api/cash-closing-dashboard","event":"CASH_CLOSING_DASHBOARD_DB_CONNECTED","timestamp":"2026-08-04T12:18:55.133Z"}
4/8/2026, 5:48:55 pm | {"api":"/api/cash-closing-dashboard","event":"CASH_CLOSING_DASHBOARD_QUERY_STARTED","filters":{"cluster":"","branch":"","fromDate":"","toDate":"","status":""},"timestamp":"2026-08-04T12:18:55.134Z"}
4/8/2026, 5:48:55 pm | {"api":"/api/cash-closing-dashboard","event":"CASH_CLOSING_DASHBOARD_DATA_FETCHED","totalRecords":56,"timestamp":"2026-08-04T12:18:55.140Z"}
4/8/2026, 5:48:55 pm | {"api":"/api/cash-closing-dashboard","event":"CASH_CLOSING_CLUSTER_FETCHED","totalClusters":5,"timestamp":"2026-08-04T12:18:55.143Z"}
4/8/2026, 5:48:55 pm | {"api":"/api/cash-closing-dashboard","event":"CASH_CLOSING_BRANCH_FETCHED","totalBranches":62,"timestamp":"2026-08-04T12:18:55.147Z"}
4/8/2026, 5:48:55 pm | {"api":"/api/cash-closing-dashboard","event":"CASH_CLOSING_DASHBOARD_SUCCESS","totalRecords":56,"filters":{"cluster":"","branch":"","fromDate":"","toDate":"","status":""},"timestamp":"2026-08-04T12:18:55.147Z"}
4/8/2026, 5:48:55 pm | {"api":"/api/cash-closing-dashboard","event":"CASH_CLOSING_DASHBOARD_API_STARTED","filters":{"cluster":"","branch":"","fromDate":"","toDate":"","status":""},"timestamp":"2026-08-04T12:18:55.194Z"}
4/8/2026, 5:48:55 pm | {"api":"/api/cash-closing-dashboard","event":"CASH_CLOSING_DASHBOARD_DB_CONNECTED","timestamp":"2026-08-04T12:18:55.195Z"}
4/8/2026, 5:48:55 pm | {"api":"/api/cash-closing-dashboard","event":"CASH_CLOSING_DASHBOARD_QUERY_STARTED","filters":{"cluster":"","branch":"","fromDate":"","toDate":"","status":""},"timestamp":"2026-08-04T12:18:55.196Z"}
4/8/2026, 5:48:55 pm | {"api":"/api/cash-closing-dashboard","event":"CASH_CLOSING_DASHBOARD_DATA_FETCHED","totalRecords":56,"timestamp":"2026-08-04T12:18:55.204Z"}
4/8/2026, 5:48:55 pm | {"api":"/api/cash-closing-dashboard","event":"CASH_CLOSING_CLUSTER_FETCHED","totalClusters":5,"timestamp":"2026-08-04T12:18:55.208Z"}
4/8/2026, 5:48:55 pm | {"api":"/api/cash-closing-dashboard","event":"CASH_CLOSING_BRANCH_FETCHED","totalBranches":62,"timestamp":"2026-08-04T12:18:55.211Z"}
4/8/2026, 5:48:55 pm | {"api":"/api/cash-closing-dashboard","event":"CASH_CLOSING_DASHBOARD_SUCCESS","totalRecords":56,"filters":{"cluster":"","branch":"","fromDate":"","toDate":"","status":""},"timestamp":"2026-08-04T12:18:55.212Z"}
4/8/2026, 5:48:55 pm | {"api":"/api/cash-closing-dashboard","event":"CASH_CLOSING_DASHBOARD_API_STARTED","filters":{"cluster":"","branch":"","fromDate":"","toDate":"","status":""},"timestamp":"2026-08-04T12:18:55.412Z"}
4/8/2026, 5:48:55 pm | {"api":"/api/cash-closing-dashboard","event":"CASH_CLOSING_DASHBOARD_DB_CONNECTED","timestamp":"2026-08-04T12:18:55.412Z"}
4/8/2026, 5:48:55 pm | {"api":"/api/cash-closing-dashboard","event":"CASH_CLOSING_DASHBOARD_QUERY_STARTED","filters":{"cluster":"","branch":"","fromDate":"","toDate":"","status":""},"timestamp":"2026-08-04T12:18:55.413Z"}
4/8/2026, 5:48:55 pm | {"api":"/api/cash-closing-dashboard","event":"CASH_CLOSING_DASHBOARD_DATA_FETCHED","totalRecords":56,"timestamp":"2026-08-04T12:18:55.420Z"}
4/8/2026, 5:48:55 pm | {"api":"/api/cash-closing-dashboard","event":"CASH_CLOSING_CLUSTER_FETCHED","totalClusters":5,"timestamp":"2026-08-04T12:18:55.423Z"}
4/8/2026, 5:48:55 pm | {"api":"/api/cash-closing-dashboard","event":"CASH_CLOSING_BRANCH_FETCHED","totalBranches":62,"timestamp":"2026-08-04T12:18:55.426Z"}
4/8/2026, 5:48:55 pm | {"api":"/api/cash-closing-dashboard","event":"CASH_CLOSING_DASHBOARD_SUCCESS","totalRecords":56,"filters":{"cluster":"","branch":"","fromDate":"","toDate":"","status":""},"timestamp":"2026-08-04T12:18:55.427Z"}
4/8/2026, 5:48:59 pm | {"api":"/api/cash-closing-dashboard","event":"CASH_CLOSING_DASHBOARD_API_STARTED","filters":{"cluster":"","branch":"","fromDate":"","toDate":"","status":""},"timestamp":"2026-08-04T12:18:59.387Z"}
4/8/2026, 5:48:59 pm | {"api":"/api/cash-closing-dashboard","event":"CASH_CLOSING_DASHBOARD_DB_CONNECTED","timestamp":"2026-08-04T12:18:59.388Z"}
4/8/2026, 5:48:59 pm | {"api":"/api/cash-closing-dashboard","event":"CASH_CLOSING_DASHBOARD_QUERY_STARTED","filters":{"cluster":"","branch":"","fromDate":"","toDate":"","status":""},"timestamp":"2026-08-04T12:18:59.389Z"}
4/8/2026, 5:48:59 pm | {"api":"/api/cash-closing-dashboard","event":"CASH_CLOSING_DASHBOARD_DATA_FETCHED","totalRecords":56,"timestamp":"2026-08-04T12:18:59.395Z"}
4/8/2026, 5:48:59 pm | {"api":"/api/cash-closing-dashboard","event":"CASH_CLOSING_CLUSTER_FETCHED","totalClusters":5,"timestamp":"2026-08-04T12:18:59.399Z"}
4/8/2026, 5:48:59 pm | {"api":"/api/cash-closing-dashboard","event":"CASH_CLOSING_BRANCH_FETCHED","totalBranches":62,"timestamp":"2026-08-04T12:18:59.402Z"}
4/8/2026, 5:48:59 pm | {"api":"/api/cash-closing-dashboard","event":"CASH_CLOSING_DASHBOARD_SUCCESS","totalRecords":56,"filters":{"cluster":"","branch":"","fromDate":"","toDate":"","status":""},"timestamp":"2026-08-04T12:18:59.403Z"}
4/8/2026, 5:48:59 pm | {"api":"/api/cash-closing-dashboard","event":"CASH_CLOSING_DASHBOARD_API_STARTED","filters":{"cluster":"","branch":"","fromDate":"","toDate":"","status":""},"timestamp":"2026-08-04T12:18:59.574Z"}
4/8/2026, 5:48:59 pm | {"api":"/api/cash-closing-dashboard","event":"CASH_CLOSING_DASHBOARD_DB_CONNECTED","timestamp":"2026-08-04T12:18:59.575Z"}
4/8/2026, 5:48:59 pm | {"api":"/api/cash-closing-dashboard","event":"CASH_CLOSING_DASHBOARD_QUERY_STARTED","filters":{"cluster":"","branch":"","fromDate":"","toDate":"","status":""},"timestamp":"2026-08-04T12:18:59.576Z"}
4/8/2026, 5:48:59 pm | {"api":"/api/cash-closing-dashboard","event":"CASH_CLOSING_DASHBOARD_DATA_FETCHED","totalRecords":56,"timestamp":"2026-08-04T12:18:59.582Z"}
4/8/2026, 5:48:59 pm | {"api":"/api/cash-closing-dashboard","event":"CASH_CLOSING_CLUSTER_FETCHED","totalClusters":5,"timestamp":"2026-08-04T12:18:59.585Z"}
4/8/2026, 5:48:59 pm | {"api":"/api/cash-closing-dashboard","event":"CASH_CLOSING_BRANCH_FETCHED","totalBranches":62,"timestamp":"2026-08-04T12:18:59.589Z"}
4/8/2026, 5:48:59 pm | {"api":"/api/cash-closing-dashboard","event":"CASH_CLOSING_DASHBOARD_SUCCESS","totalRecords":56,"filters":{"cluster":"","branch":"","fromDate":"","toDate":"","status":""},"timestamp":"2026-08-04T12:18:59.589Z"}
4/8/2026, 5:48:59 pm | {"api":"/api/cash-closing-dashboard","event":"CASH_CLOSING_DASHBOARD_API_STARTED","filters":{"cluster":"","branch":"","fromDate":"","toDate":"","status":""},"timestamp":"2026-08-04T12:18:59.750Z"}
4/8/2026, 5:48:59 pm | {"api":"/api/cash-closing-dashboard","event":"CASH_CLOSING_DASHBOARD_DB_CONNECTED","timestamp":"2026-08-04T12:18:59.751Z"}
4/8/2026, 5:48:59 pm | {"api":"/api/cash-closing-dashboard","event":"CASH_CLOSING_DASHBOARD_QUERY_STARTED","filters":{"cluster":"","branch":"","fromDate":"","toDate":"","status":""},"timestamp":"2026-08-04T12:18:59.752Z"}
4/8/2026, 5:48:59 pm | {"api":"/api/cash-closing-dashboard","event":"CASH_CLOSING_DASHBOARD_DATA_FETCHED","totalRecords":56,"timestamp":"2026-08-04T12:18:59.758Z"}
4/8/2026, 5:48:59 pm | {"api":"/api/cash-closing-dashboard","event":"CASH_CLOSING_CLUSTER_FETCHED","totalClusters":5,"timestamp":"2026-08-04T12:18:59.764Z"}
4/8/2026, 5:48:59 pm | {"api":"/api/cash-closing-dashboard","event":"CASH_CLOSING_BRANCH_FETCHED","totalBranches":62,"timestamp":"2026-08-04T12:18:59.768Z"}
4/8/2026, 5:48:59 pm | {"api":"/api/cash-closing-dashboard","event":"CASH_CLOSING_DASHBOARD_SUCCESS","totalRecords":56,"filters":{"cluster":"","branch":"","fromDate":"","toDate":"","status":""},"timestamp":"2026-08-04T12:18:59.768Z"}
4/8/2026, 5:49:12 pm | {"api":"/login","event":"LOGIN_API_STARTED","mpin":"2233","deviceId":"7d02586137723bb4","timestamp":"2026-08-04T12:19:12.998Z"}
4/8/2026, 5:49:12 pm | {"event":"LOGIN_REQUEST","mpin":"2233","deviceId":"7d02586137723bb4","timestamp":"2026-08-04T12:19:12.999Z"}
4/8/2026, 5:49:13 pm | {"api":"/login","event":"LOGIN_DB_QUERY_STARTED","mpin":"2233","timestamp":"2026-08-04T12:19:13.000Z"}
4/8/2026, 5:49:13 pm | {"api":"/login","event":"LOGIN_USER_FOUND","empNo":"546","branch":"Rama Chandra Puram","designation":"Branch Manager","timestamp":"2026-08-04T12:19:13.009Z"}
4/8/2026, 5:49:13 pm | {"api":"/login","event":"LOGIN_DEVICE_CHECK","empNo":"546","savedDevice":"7d02586137723bb4","currentDevice":"7d02586137723bb4","timestamp":"2026-08-04T12:19:13.010Z"}
4/8/2026, 5:49:13 pm | {"api":"/login","event":"LOGIN_SUCCESS","empNo":"546","branch":"Rama Chandra Puram","designation":"Branch Manager","loginTime":"2026-08-04T12:19:13.016Z"}
4/8/2026, 5:49:13 pm | {"api":"/employee/:empNo","event":"EMPLOYEE_API_STARTED","empNo":"546","timestamp":"2026-08-04T12:19:13.232Z"}
4/8/2026, 5:49:13 pm | {"api":"/employee/:empNo","event":"EMPLOYEE_DB_QUERY_STARTED","empNo":"546","timestamp":"2026-08-04T12:19:13.233Z"}
4/8/2026, 5:49:13 pm | {"api":"/employee/:empNo","event":"EMPLOYEE_FETCH_SUCCESS","empNo":"546","employeeName":"V Narayana Rao","branch":"Rama Chandra Puram","designation":"Branch Manager","timestamp":"2026-08-04T12:19:13.237Z"}
4/8/2026, 5:49:13 pm | {"api":"/last-submission/:empNo","event":"LAST_SUBMISSION_API_STARTED","empNo":"546","timestamp":"2026-08-04T12:19:13.311Z"}
4/8/2026, 5:49:13 pm | {"api":"/last-submission/:empNo","event":"LAST_SUBMISSION_DB_QUERY_STARTED","empNo":"546","timestamp":"2026-08-04T12:19:13.312Z"}
4/8/2026, 5:49:13 pm | {"api":"/last-submission/:empNo","event":"LAST_SUBMISSION_FETCH_SUCCESS","empNo":"546","amount":675074,"actionAt":"2026-08-03 17:44:28","timestamp":"2026-08-04T12:19:13.318Z"}
4/8/2026, 5:49:13 pm | {"api":"/today-cash/:empNo","event":"TODAY_CASH_API_STARTED","empNo":"546","timestamp":"2026-08-04T12:19:13.419Z"}
4/8/2026, 5:49:13 pm | {"api":"/today-cash/:empNo","event":"TODAY_CASH_DB_QUERY_STARTED","empNo":"546","timestamp":"2026-08-04T12:19:13.419Z"}
4/8/2026, 5:49:13 pm | {"api":"/today-cash/:empNo","event":"TODAY_CASH_NOT_FOUND","empNo":"546","timestamp":"2026-08-04T12:19:13.424Z"}
4/8/2026, 5:49:18 pm | {"api":"/login","event":"LOGIN_API_STARTED","mpin":"0027","deviceId":"9ab88ee8173e3ca2","timestamp":"2026-08-04T12:19:18.864Z"}
4/8/2026, 5:49:18 pm | {"event":"LOGIN_REQUEST","mpin":"0027","deviceId":"9ab88ee8173e3ca2","timestamp":"2026-08-04T12:19:18.865Z"}
4/8/2026, 5:49:18 pm | {"api":"/login","event":"LOGIN_DB_QUERY_STARTED","mpin":"0027","timestamp":"2026-08-04T12:19:18.866Z"}
4/8/2026, 5:49:18 pm | {"api":"/login","event":"LOGIN_USER_FOUND","empNo":"187","branch":"Gorantla","designation":"Branch Manager","timestamp":"2026-08-04T12:19:18.875Z"}
4/8/2026, 5:49:18 pm | {"api":"/login","event":"LOGIN_DEVICE_CHECK","empNo":"187","savedDevice":"9ab88ee8173e3ca2","currentDevice":"9ab88ee8173e3ca2","timestamp":"2026-08-04T12:19:18.876Z"}
4/8/2026, 5:49:18 pm | {"api":"/login","event":"LOGIN_SUCCESS","empNo":"187","branch":"Gorantla","designation":"Branch Manager","loginTime":"2026-08-04T12:19:18.882Z"}
4/8/2026, 5:49:19 pm | {"api":"/employee/:empNo","event":"EMPLOYEE_API_STARTED","empNo":"187","timestamp":"2026-08-04T12:19:19.289Z"}
4/8/2026, 5:49:19 pm | {"api":"/employee/:empNo","event":"EMPLOYEE_DB_QUERY_STARTED","empNo":"187","timestamp":"2026-08-04T12:19:19.290Z"}
4/8/2026, 5:49:19 pm | {"api":"/employee/:empNo","event":"EMPLOYEE_FETCH_SUCCESS","empNo":"187","employeeName":"P. Lakshmi Prasanthi","branch":"Gorantla","designation":"Branch Manager","timestamp":"2026-08-04T12:19:19.296Z"}
4/8/2026, 5:49:19 pm | {"api":"/last-submission/:empNo","event":"LAST_SUBMISSION_API_STARTED","empNo":"187","timestamp":"2026-08-04T12:19:19.372Z"}
4/8/2026, 5:49:19 pm | {"api":"/last-submission/:empNo","event":"LAST_SUBMISSION_DB_QUERY_STARTED","empNo":"187","timestamp":"2026-08-04T12:19:19.372Z"}
4/8/2026, 5:49:19 pm | {"api":"/last-submission/:empNo","event":"LAST_SUBMISSION_FETCH_SUCCESS","empNo":"187","amount":850000,"actionAt":"2026-08-03 17:54:00","timestamp":"2026-08-04T12:19:19.379Z"}
4/8/2026, 5:49:19 pm | {"api":"/today-cash/:empNo","event":"TODAY_CASH_API_STARTED","empNo":"187","timestamp":"2026-08-04T12:19:19.606Z"}
4/8/2026, 5:49:19 pm | {"api":"/today-cash/:empNo","event":"TODAY_CASH_DB_QUERY_STARTED","empNo":"187","timestamp":"2026-08-04T12:19:19.607Z"}
4/8/2026, 5:49:19 pm | {"api":"/today-cash/:empNo","event":"TODAY_CASH_NOT_FOUND","empNo":"187","timestamp":"2026-08-04T12:19:19.612Z"}
4/8/2026, 5:49:20 pm | {"api":"/save-cash-closing","event":"SAVE_CASH_API_STARTED","empNo":"546","amount":"949114","timestamp":"2026-08-04T12:19:20.959Z"}
4/8/2026, 5:49:20 pm | {"api":"/save-cash-closing","event":"PREVIOUS_DAY_RECORD_FOUND","empNo":"546","oldDate":"2026-08-03T00:00:00.000Z","amount":675074,"timestamp":"2026-08-04T12:19:20.967Z"}
4/8/2026, 5:49:20 pm | {"api":"/save-cash-closing","event":"PREVIOUS_DAY_MOVED_TO_HISTORY","empNo":"546","timestamp":"2026-08-04T12:19:20.973Z"}
4/8/2026, 5:49:20 pm | {"api":"/save-cash-closing","event":"PREVIOUS_DAY_DELETED","empNo":"546","timestamp":"2026-08-04T12:19:20.978Z"}
4/8/2026, 5:49:20 pm | {"api":"/save-cash-closing","event":"SAVE_CASH_NEW_ENTRY","empNo":"546","amount":"949114","branch":"Rama Chandra Puram","timestamp":"2026-08-04T12:19:20.980Z"}
4/8/2026, 5:49:20 pm | {"api":"/save-cash-closing","event":"SAVE_CASH_HISTORY_INSERTED","empNo":"546","actionType":"ADDED","version":1,"timestamp":"2026-08-04T12:19:20.991Z"}
4/8/2026, 5:49:20 pm | {"api":"/save-cash-closing","event":"SAVE_CASH_SUCCESS","type":"INSERT","empNo":"546","amount":"949114","timestamp":"2026-08-04T12:19:20.991Z"}
4/8/2026, 5:49:31 pm | {"api":"/save-cash-closing","event":"SAVE_CASH_API_STARTED","empNo":"187","amount":"770000","timestamp":"2026-08-04T12:19:31.385Z"}
4/8/2026, 5:49:31 pm | {"api":"/save-cash-closing","event":"PREVIOUS_DAY_RECORD_FOUND","empNo":"187","oldDate":"2026-08-03T00:00:00.000Z","amount":850000,"timestamp":"2026-08-04T12:19:31.393Z"}
4/8/2026, 5:49:31 pm | {"api":"/save-cash-closing","event":"PREVIOUS_DAY_MOVED_TO_HISTORY","empNo":"187","timestamp":"2026-08-04T12:19:31.400Z"}
4/8/2026, 5:49:31 pm | {"api":"/save-cash-closing","event":"PREVIOUS_DAY_DELETED","empNo":"187","timestamp":"2026-08-04T12:19:31.436Z"}
4/8/2026, 5:49:31 pm | {"api":"/save-cash-closing","event":"SAVE_CASH_NEW_ENTRY","empNo":"187","amount":"770000","branch":"Gorantla","timestamp":"2026-08-04T12:19:31.440Z"}
4/8/2026, 5:49:31 pm | {"api":"/save-cash-closing","event":"SAVE_CASH_HISTORY_INSERTED","empNo":"187","actionType":"ADDED","version":1,"timestamp":"2026-08-04T12:19:31.451Z"}
4/8/2026, 5:49:31 pm | {"api":"/save-cash-closing","event":"SAVE_CASH_SUCCESS","type":"INSERT","empNo":"187","amount":"770000","timestamp":"2026-08-04T12:19:31.452Z"}
4/8/2026, 5:49:49 pm | {"api":"/api/cash-closing-dashboard","event":"CASH_CLOSING_DASHBOARD_API_STARTED","filters":{"cluster":"","branch":"","fromDate":"","toDate":"","status":""},"timestamp":"2026-08-04T12:19:49.690Z"}
4/8/2026, 5:49:49 pm | {"api":"/api/cash-closing-dashboard","event":"CASH_CLOSING_DASHBOARD_DB_CONNECTED","timestamp":"2026-08-04T12:19:49.691Z"}
4/8/2026, 5:49:49 pm | {"api":"/api/cash-closing-dashboard","event":"CASH_CLOSING_DASHBOARD_QUERY_STARTED","filters":{"cluster":"","branch":"","fromDate":"","toDate":"","status":""},"timestamp":"2026-08-04T12:19:49.692Z"}
4/8/2026, 5:49:49 pm | {"api":"/api/cash-closing-dashboard","event":"CASH_CLOSING_DASHBOARD_DATA_FETCHED","totalRecords":56,"timestamp":"2026-08-04T12:19:49.698Z"}
4/8/2026, 5:49:49 pm | {"api":"/api/cash-closing-dashboard","event":"CASH_CLOSING_CLUSTER_FETCHED","totalClusters":5,"timestamp":"2026-08-04T12:19:49.701Z"}
4/8/2026, 5:49:49 pm | {"api":"/api/cash-closing-dashboard","event":"CASH_CLOSING_BRANCH_FETCHED","totalBranches":62,"timestamp":"2026-08-04T12:19:49.704Z"}
4/8/2026, 5:49:49 pm | {"api":"/api/cash-closing-dashboard","event":"CASH_CLOSING_DASHBOARD_SUCCESS","totalRecords":56,"filters":{"cluster":"","branch":"","fromDate":"","toDate":"","status":""},"timestamp":"2026-08-04T12:19:49.705Z"}
4/8/2026, 5:49:49 pm | {"api":"/api/cash-closing-dashboard","event":"CASH_CLOSING_DASHBOARD_API_STARTED","filters":{"cluster":"","branch":"","fromDate":"","toDate":"","status":""},"timestamp":"2026-08-04T12:19:49.830Z"}
4/8/2026, 5:49:49 pm | {"api":"/api/cash-closing-dashboard","event":"CASH_CLOSING_DASHBOARD_DB_CONNECTED","timestamp":"2026-08-04T12:19:49.831Z"}
4/8/2026, 5:49:49 pm | {"api":"/api/cash-closing-dashboard","event":"CASH_CLOSING_DASHBOARD_QUERY_STARTED","filters":{"cluster":"","branch":"","fromDate":"","toDate":"","status":""},"timestamp":"2026-08-04T12:19:49.832Z"}
4/8/2026, 5:49:49 pm | {"api":"/api/cash-closing-dashboard","event":"CASH_CLOSING_DASHBOARD_DATA_FETCHED","totalRecords":56,"timestamp":"2026-08-04T12:19:49.838Z"}
4/8/2026, 5:49:49 pm | {"api":"/api/cash-closing-dashboard","event":"CASH_CLOSING_CLUSTER_FETCHED","totalClusters":5,"timestamp":"2026-08-04T12:19:49.841Z"}
4/8/2026, 5:49:49 pm | {"api":"/api/cash-closing-dashboard","event":"CASH_CLOSING_BRANCH_FETCHED","totalBranches":62,"timestamp":"2026-08-04T12:19:49.844Z"}
4/8/2026, 5:49:49 pm | {"api":"/api/cash-closing-dashboard","event":"CASH_CLOSING_DASHBOARD_SUCCESS","totalRecords":56,"filters":{"cluster":"","branch":"","fromDate":"","toDate":"","status":""},"timestamp":"2026-08-04T12:19:49.845Z"}
4/8/2026, 5:49:50 pm | {"api":"/api/cash-closing-dashboard","event":"CASH_CLOSING_DASHBOARD_API_STARTED","filters":{"cluster":"","branch":"","fromDate":"","toDate":"","status":""},"timestamp":"2026-08-04T12:19:50.006Z"}
4/8/2026, 5:49:50 pm | {"api":"/api/cash-closing-dashboard","event":"CASH_CLOSING_DASHBOARD_DB_CONNECTED","timestamp":"2026-08-04T12:19:50.007Z"}
4/8/2026, 5:49:50 pm | {"api":"/api/cash-closing-dashboard","event":"CASH_CLOSING_DASHBOARD_QUERY_STARTED","filters":{"cluster":"","branch":"","fromDate":"","toDate":"","status":""},"timestamp":"2026-08-04T12:19:50.008Z"}
4/8/2026, 5:49:50 pm | {"api":"/api/cash-closing-dashboard","event":"CASH_CLOSING_DASHBOARD_DATA_FETCHED","totalRecords":56,"timestamp":"2026-08-04T12:19:50.015Z"}
4/8/2026, 5:49:50 pm | {"api":"/api/cash-closing-dashboard","event":"CASH_CLOSING_CLUSTER_FETCHED","totalClusters":5,"timestamp":"2026-08-04T12:19:50.019Z"}
4/8/2026, 5:49:50 pm | {"api":"/api/cash-closing-dashboard","event":"CASH_CLOSING_BRANCH_FETCHED","totalBranches":62,"timestamp":"2026-08-04T12:19:50.023Z"}
4/8/2026, 5:49:50 pm | {"api":"/api/cash-closing-dashboard","event":"CASH_CLOSING_DASHBOARD_SUCCESS","totalRecords":56,"filters":{"cluster":"","branch":"","fromDate":"","toDate":"","status":""},"timestamp":"2026-08-04T12:19:50.024Z"}
4/8/2026, 5:49:54 pm | {"api":"/api/cash-closing-dashboard","event":"CASH_CLOSING_DASHBOARD_API_STARTED","filters":{"cluster":"","branch":"","fromDate":"","toDate":"","status":""},"timestamp":"2026-08-04T12:19:54.835Z"}
4/8/2026, 5:49:54 pm | {"api":"/api/cash-closing-dashboard","event":"CASH_CLOSING_DASHBOARD_DB_CONNECTED","timestamp":"2026-08-04T12:19:54.836Z"}
4/8/2026, 5:49:54 pm | {"api":"/api/cash-closing-dashboard","event":"CASH_CLOSING_DASHBOARD_QUERY_STARTED","filters":{"cluster":"","branch":"","fromDate":"","toDate":"","status":""},"timestamp":"2026-08-04T12:19:54.837Z"}
4/8/2026, 5:49:54 pm | {"api":"/api/cash-closing-dashboard","event":"CASH_CLOSING_DASHBOARD_DATA_FETCHED","totalRecords":56,"timestamp":"2026-08-04T12:19:54.845Z"}
4/8/2026, 5:49:54 pm | {"api":"/api/cash-closing-dashboard","event":"CASH_CLOSING_CLUSTER_FETCHED","totalClusters":5,"timestamp":"2026-08-04T12:19:54.849Z"}
4/8/2026, 5:49:54 pm | {"api":"/api/cash-closing-dashboard","event":"CASH_CLOSING_BRANCH_FETCHED","totalBranches":62,"timestamp":"2026-08-04T12:19:54.852Z"}
4/8/2026, 5:49:54 pm | {"api":"/api/cash-closing-dashboard","event":"CASH_CLOSING_DASHBOARD_SUCCESS","totalRecords":56,"filters":{"cluster":"","branch":"","fromDate":"","toDate":"","status":""},"timestamp":"2026-08-04T12:19:54.853Z"}
4/8/2026, 5:49:54 pm | {"api":"/api/cash-closing-dashboard","event":"CASH_CLOSING_DASHBOARD_API_STARTED","filters":{"cluster":"","branch":"","fromDate":"","toDate":"","status":""},"timestamp":"2026-08-04T12:19:54.973Z"}
4/8/2026, 5:49:54 pm | {"api":"/api/cash-closing-dashboard","event":"CASH_CLOSING_DASHBOARD_DB_CONNECTED","timestamp":"2026-08-04T12:19:54.974Z"}
4/8/2026, 5:49:54 pm | {"api":"/api/cash-closing-dashboard","event":"CASH_CLOSING_DASHBOARD_QUERY_STARTED","filters":{"cluster":"","branch":"","fromDate":"","toDate":"","status":""},"timestamp":"2026-08-04T12:19:54.975Z"}
4/8/2026, 5:49:54 pm | {"api":"/api/cash-closing-dashboard","event":"CASH_CLOSING_DASHBOARD_DATA_FETCHED","totalRecords":56,"timestamp":"2026-08-04T12:19:54.982Z"}
4/8/2026, 5:49:54 pm | {"api":"/api/cash-closing-dashboard","event":"CASH_CLOSING_CLUSTER_FETCHED","totalClusters":5,"timestamp":"2026-08-04T12:19:54.986Z"}
4/8/2026, 5:49:54 pm | {"api":"/api/cash-closing-dashboard","event":"CASH_CLOSING_BRANCH_FETCHED","totalBranches":62,"timestamp":"2026-08-04T12:19:54.989Z"}
4/8/2026, 5:49:54 pm | {"api":"/api/cash-closing-dashboard","event":"CASH_CLOSING_DASHBOARD_SUCCESS","totalRecords":56,"filters":{"cluster":"","branch":"","fromDate":"","toDate":"","status":""},"timestamp":"2026-08-04T12:19:54.990Z"}
4/8/2026, 5:50:01 pm | {"api":"/api/cash-closing-dashboard","event":"CASH_CLOSING_DASHBOARD_API_STARTED","filters":{"cluster":"","branch":"","fromDate":"","toDate":"","status":""},"timestamp":"2026-08-04T12:20:01.678Z"}
4/8/2026, 5:50:01 pm | {"api":"/api/cash-closing-dashboard","event":"CASH_CLOSING_DASHBOARD_DB_CONNECTED","timestamp":"2026-08-04T12:20:01.679Z"}
4/8/2026, 5:50:01 pm | {"api":"/api/cash-closing-dashboard","event":"CASH_CLOSING_DASHBOARD_QUERY_STARTED","filters":{"cluster":"","branch":"","fromDate":"","toDate":"","status":""},"timestamp":"2026-08-04T12:20:01.680Z"}
4/8/2026, 5:50:01 pm | {"api":"/api/cash-closing-dashboard","event":"CASH_CLOSING_DASHBOARD_DATA_FETCHED","totalRecords":56,"timestamp":"2026-08-04T12:20:01.688Z"}
4/8/2026, 5:50:01 pm | {"api":"/api/cash-closing-dashboard","event":"CASH_CLOSING_CLUSTER_FETCHED","totalClusters":5,"timestamp":"2026-08-04T12:20:01.691Z"}
4/8/2026, 5:50:01 pm | {"api":"/api/cash-closing-dashboard","event":"CASH_CLOSING_BRANCH_FETCHED","totalBranches":62,"timestamp":"2026-08-04T12:20:01.695Z"}
4/8/2026, 5:50:01 pm | {"api":"/api/cash-closing-dashboard","event":"CASH_CLOSING_DASHBOARD_SUCCESS","totalRecords":56,"filters":{"cluster":"","branch":"","fromDate":"","toDate":"","status":""},"timestamp":"2026-08-04T12:20:01.695Z"}
4/8/2026, 5:50:01 pm | {"api":"/api/cash-closing-dashboard","event":"CASH_CLOSING_DASHBOARD_API_STARTED","filters":{"cluster":"","branch":"","fromDate":"","toDate":"","status":""},"timestamp":"2026-08-04T12:20:01.769Z"}
4/8/2026, 5:50:01 pm | {"api":"/api/cash-closing-dashboard","event":"CASH_CLOSING_DASHBOARD_DB_CONNECTED","timestamp":"2026-08-04T12:20:01.770Z"}
4/8/2026, 5:50:01 pm | {"api":"/api/cash-closing-dashboard","event":"CASH_CLOSING_DASHBOARD_QUERY_STARTED","filters":{"cluster":"","branch":"","fromDate":"","toDate":"","status":""},"timestamp":"2026-08-04T12:20:01.771Z"}
4/8/2026, 5:50:01 pm | {"api":"/api/cash-closing-dashboard","event":"CASH_CLOSING_DASHBOARD_DATA_FETCHED","totalRecords":56,"timestamp":"2026-08-04T12:20:01.777Z"}
4/8/2026, 5:50:01 pm | {"api":"/api/cash-closing-dashboard","event":"CASH_CLOSING_CLUSTER_FETCHED","totalClusters":5,"timestamp":"2026-08-04T12:20:01.780Z"}
4/8/2026, 5:50:01 pm | {"api":"/api/cash-closing-dashboard","event":"CASH_CLOSING_BRANCH_FETCHED","totalBranches":62,"timestamp":"2026-08-04T12:20:01.783Z"}
4/8/2026, 5:50:01 pm | {"api":"/api/cash-closing-dashboard","event":"CASH_CLOSING_DASHBOARD_SUCCESS","totalRecords":56,"filters":{"cluster":"","branch":"","fromDate":"","toDate":"","status":""},"timestamp":"2026-08-04T12:20:01.784Z"}
4/8/2026, 5:50:02 pm | {"api":"/login","event":"LOGIN_API_STARTED","mpin":"1979","deviceId":"b44f0d6e24fd5d5a","timestamp":"2026-08-04T12:20:02.177Z"}
4/8/2026, 5:50:02 pm | {"event":"LOGIN_REQUEST","mpin":"1979","deviceId":"b44f0d6e24fd5d5a","timestamp":"2026-08-04T12:20:02.179Z"}
4/8/2026, 5:50:02 pm | {"api":"/login","event":"LOGIN_DB_QUERY_STARTED","mpin":"1979","timestamp":"2026-08-04T12:20:02.180Z"}
4/8/2026, 5:50:02 pm | {"api":"/login","event":"LOGIN_USER_FOUND","empNo":"539","branch":"Rajahmundry","designation":"Branch Manager","timestamp":"2026-08-04T12:20:02.188Z"}
4/8/2026, 5:50:02 pm | {"api":"/login","event":"LOGIN_DEVICE_CHECK","empNo":"539","savedDevice":"b44f0d6e24fd5d5a","currentDevice":"b44f0d6e24fd5d5a","timestamp":"2026-08-04T12:20:02.189Z"}
4/8/2026, 5:50:02 pm | {"api":"/login","event":"LOGIN_SUCCESS","empNo":"539","branch":"Rajahmundry","designation":"Branch Manager","loginTime":"2026-08-04T12:20:02.195Z"}
4/8/2026, 5:50:02 pm | {"api":"/employee/:empNo","event":"EMPLOYEE_API_STARTED","empNo":"539","timestamp":"2026-08-04T12:20:02.413Z"}
4/8/2026, 5:50:02 pm | {"api":"/employee/:empNo","event":"EMPLOYEE_DB_QUERY_STARTED","empNo":"539","timestamp":"2026-08-04T12:20:02.414Z"}
4/8/2026, 5:50:02 pm | {"api":"/employee/:empNo","event":"EMPLOYEE_FETCH_SUCCESS","empNo":"539","employeeName":"K Appa Rao","branch":"Rajahmundry","designation":"Branch Manager","timestamp":"2026-08-04T12:20:02.419Z"}
4/8/2026, 5:50:02 pm | {"api":"/last-submission/:empNo","event":"LAST_SUBMISSION_API_STARTED","empNo":"539","timestamp":"2026-08-04T12:20:02.497Z"}
4/8/2026, 5:50:02 pm | {"api":"/last-submission/:empNo","event":"LAST_SUBMISSION_DB_QUERY_STARTED","empNo":"539","timestamp":"2026-08-04T12:20:02.498Z"}
4/8/2026, 5:50:02 pm | {"api":"/last-submission/:empNo","event":"LAST_SUBMISSION_FETCH_SUCCESS","empNo":"539","amount":5965933,"actionAt":"2026-08-03 17:58:14","timestamp":"2026-08-04T12:20:02.504Z"}
4/8/2026, 5:50:02 pm | {"api":"/today-cash/:empNo","event":"TODAY_CASH_API_STARTED","empNo":"539","timestamp":"2026-08-04T12:20:02.677Z"}
4/8/2026, 5:50:02 pm | {"api":"/today-cash/:empNo","event":"TODAY_CASH_DB_QUERY_STARTED","empNo":"539","timestamp":"2026-08-04T12:20:02.678Z"}
4/8/2026, 5:50:02 pm | {"api":"/today-cash/:empNo","event":"TODAY_CASH_NOT_FOUND","empNo":"539","timestamp":"2026-08-04T12:20:02.686Z"}
4/8/2026, 5:50:08 pm | {"api":"/api/cash-closing-dashboard","event":"CASH_CLOSING_DASHBOARD_API_STARTED","filters":{"cluster":"","branch":"","fromDate":"","toDate":"","status":""},"timestamp":"2026-08-04T12:20:08.863Z"}
4/8/2026, 5:50:08 pm | {"api":"/api/cash-closing-dashboard","event":"CASH_CLOSING_DASHBOARD_DB_CONNECTED","timestamp":"2026-08-04T12:20:08.864Z"}
4/8/2026, 5:50:08 pm | {"api":"/api/cash-closing-dashboard","event":"CASH_CLOSING_DASHBOARD_QUERY_STARTED","filters":{"cluster":"","branch":"","fromDate":"","toDate":"","status":""},"timestamp":"2026-08-04T12:20:08.864Z"}
4/8/2026, 5:50:08 pm | {"api":"/api/cash-closing-dashboard","event":"CASH_CLOSING_DASHBOARD_DATA_FETCHED","totalRecords":56,"timestamp":"2026-08-04T12:20:08.891Z"}
4/8/2026, 5:50:08 pm | {"api":"/api/cash-closing-dashboard","event":"CASH_CLOSING_CLUSTER_FETCHED","totalClusters":5,"timestamp":"2026-08-04T12:20:08.895Z"}
4/8/2026, 5:50:08 pm | {"api":"/api/cash-closing-dashboard","event":"CASH_CLOSING_BRANCH_FETCHED","totalBranches":62,"timestamp":"2026-08-04T12:20:08.900Z"}
4/8/2026, 5:50:08 pm | {"api":"/api/cash-closing-dashboard","event":"CASH_CLOSING_DASHBOARD_SUCCESS","totalRecords":56,"filters":{"cluster":"","branch":"","fromDate":"","toDate":"","status":""},"timestamp":"2026-08-04T12:20:08.901Z"}
4/8/2026, 5:50:08 pm | {"api":"/api/cash-closing-dashboard","event":"CASH_CLOSING_DASHBOARD_API_STARTED","filters":{"cluster":"","branch":"","fromDate":"","toDate":"","status":""},"timestamp":"2026-08-04T12:20:08.998Z"}
4/8/2026, 5:50:08 pm | {"api":"/api/cash-closing-dashboard","event":"CASH_CLOSING_DASHBOARD_DB_CONNECTED","timestamp":"2026-08-04T12:20:08.999Z"}
4/8/2026, 5:50:08 pm | {"api":"/api/cash-closing-dashboard","event":"CASH_CLOSING_DASHBOARD_QUERY_STARTED","filters":{"cluster":"","branch":"","fromDate":"","toDate":"","status":""},"timestamp":"2026-08-04T12:20:08.999Z"}
4/8/2026, 5:50:09 pm | {"api":"/api/cash-closing-dashboard","event":"CASH_CLOSING_DASHBOARD_DATA_FETCHED","totalRecords":56,"timestamp":"2026-08-04T12:20:09.005Z"}
4/8/2026, 5:50:09 pm | {"api":"/api/cash-closing-dashboard","event":"CASH_CLOSING_CLUSTER_FETCHED","totalClusters":5,"timestamp":"2026-08-04T12:20:09.008Z"}
4/8/2026, 5:50:09 pm | {"api":"/api/cash-closing-dashboard","event":"CASH_CLOSING_BRANCH_FETCHED","totalBranches":62,"timestamp":"2026-08-04T12:20:09.012Z"}
4/8/2026, 5:50:09 pm | {"api":"/api/cash-closing-dashboard","event":"CASH_CLOSING_DASHBOARD_SUCCESS","totalRecords":56,"filters":{"cluster":"","branch":"","fromDate":"","toDate":"","status":""},"timestamp":"2026-08-04T12:20:09.013Z"}
4/8/2026, 5:50:10 pm | {"api":"/save-cash-closing","event":"SAVE_CASH_API_STARTED","empNo":"539","amount":"2253121","timestamp":"2026-08-04T12:20:10.635Z"}
4/8/2026, 5:50:10 pm | {"api":"/save-cash-closing","event":"PREVIOUS_DAY_RECORD_FOUND","empNo":"539","oldDate":"2026-08-03T00:00:00.000Z","amount":5965933,"timestamp":"2026-08-04T12:20:10.640Z"}
4/8/2026, 5:50:10 pm | {"api":"/save-cash-closing","event":"PREVIOUS_DAY_MOVED_TO_HISTORY","empNo":"539","timestamp":"2026-08-04T12:20:10.647Z"}
4/8/2026, 5:50:10 pm | {"api":"/save-cash-closing","event":"PREVIOUS_DAY_DELETED","empNo":"539","timestamp":"2026-08-04T12:20:10.652Z"}
4/8/2026, 5:50:10 pm | {"api":"/save-cash-closing","event":"SAVE_CASH_NEW_ENTRY","empNo":"539","amount":"2253121","branch":"Rajahmundry","timestamp":"2026-08-04T12:20:10.655Z"}
4/8/2026, 5:50:10 pm | {"api":"/save-cash-closing","event":"SAVE_CASH_HISTORY_INSERTED","empNo":"539","actionType":"ADDED","version":1,"timestamp":"2026-08-04T12:20:10.665Z"}
4/8/2026, 5:50:10 pm | {"api":"/save-cash-closing","event":"SAVE_CASH_SUCCESS","type":"INSERT","empNo":"539","amount":"2253121","timestamp":"2026-08-04T12:20:10.666Z"}
4/8/2026, 5:50:12 pm | {"api":"/api/cash-closing-dashboard","event":"CASH_CLOSING_DASHBOARD_API_STARTED","filters":{"cluster":"","branch":"","fromDate":"","toDate":"","status":""},"timestamp":"2026-08-04T12:20:12.766Z"}
4/8/2026, 5:50:12 pm | {"api":"/api/cash-closing-dashboard","event":"CASH_CLOSING_DASHBOARD_DB_CONNECTED","timestamp":"2026-08-04T12:20:12.767Z"}
4/8/2026, 5:50:12 pm | {"api":"/api/cash-closing-dashboard","event":"CASH_CLOSING_DASHBOARD_QUERY_STARTED","filters":{"cluster":"","branch":"","fromDate":"","toDate":"","status":""},"timestamp":"2026-08-04T12:20:12.768Z"}
4/8/2026, 5:50:12 pm | {"api":"/api/cash-closing-dashboard","event":"CASH_CLOSING_DASHBOARD_DATA_FETCHED","totalRecords":56,"timestamp":"2026-08-04T12:20:12.774Z"}
4/8/2026, 5:50:12 pm | {"api":"/api/cash-closing-dashboard","event":"CASH_CLOSING_CLUSTER_FETCHED","totalClusters":5,"timestamp":"2026-08-04T12:20:12.778Z"}
4/8/2026, 5:50:12 pm | {"api":"/api/cash-closing-dashboard","event":"CASH_CLOSING_BRANCH_FETCHED","totalBranches":62,"timestamp":"2026-08-04T12:20:12.782Z"}
4/8/2026, 5:50:12 pm | {"api":"/api/cash-closing-dashboard","event":"CASH_CLOSING_DASHBOARD_SUCCESS","totalRecords":56,"filters":{"cluster":"","branch":"","fromDate":"","toDate":"","status":""},"timestamp":"2026-08-04T12:20:12.782Z"}
4/8/2026, 5:50:12 pm | {"api":"/api/cash-closing-dashboard","event":"CASH_CLOSING_DASHBOARD_API_STARTED","filters":{"cluster":"","branch":"","fromDate":"","toDate":"","status":""},"timestamp":"2026-08-04T12:20:12.959Z"}
4/8/2026, 5:50:12 pm | {"api":"/api/cash-closing-dashboard","event":"CASH_CLOSING_DASHBOARD_DB_CONNECTED","timestamp":"2026-08-04T12:20:12.960Z"}
4/8/2026, 5:50:12 pm | {"api":"/api/cash-closing-dashboard","event":"CASH_CLOSING_DASHBOARD_QUERY_STARTED","filters":{"cluster":"","branch":"","fromDate":"","toDate":"","status":""},"timestamp":"2026-08-04T12:20:12.960Z"}
4/8/2026, 5:50:12 pm | {"api":"/api/cash-closing-dashboard","event":"CASH_CLOSING_DASHBOARD_DATA_FETCHED","totalRecords":56,"timestamp":"2026-08-04T12:20:12.968Z"}
4/8/2026, 5:50:12 pm | {"api":"/api/cash-closing-dashboard","event":"CASH_CLOSING_CLUSTER_FETCHED","totalClusters":5,"timestamp":"2026-08-04T12:20:12.972Z"}
4/8/2026, 5:50:12 pm | {"api":"/api/cash-closing-dashboard","event":"CASH_CLOSING_BRANCH_FETCHED","totalBranches":62,"timestamp":"2026-08-04T12:20:12.976Z"}
4/8/2026, 5:50:12 pm | {"api":"/api/cash-closing-dashboard","event":"CASH_CLOSING_DASHBOARD_SUCCESS","totalRecords":56,"filters":{"cluster":"","branch":"","fromDate":"","toDate":"","status":""},"timestamp":"2026-08-04T12:20:12.977Z"}
4/8/2026, 5:50:20 pm | {"api":"/api/cash-closing-dashboard","event":"CASH_CLOSING_DASHBOARD_API_STARTED","filters":{"cluster":"","branch":"","fromDate":"","toDate":"","status":""},"timestamp":"2026-08-04T12:20:20.017Z"}
4/8/2026, 5:50:20 pm | {"api":"/api/cash-closing-dashboard","event":"CASH_CLOSING_DASHBOARD_DB_CONNECTED","timestamp":"2026-08-04T12:20:20.018Z"}
4/8/2026, 5:50:20 pm | {"api":"/api/cash-closing-dashboard","event":"CASH_CLOSING_DASHBOARD_QUERY_STARTED","filters":{"cluster":"","branch":"","fromDate":"","toDate":"","status":""},"timestamp":"2026-08-04T12:20:20.019Z"}
4/8/2026, 5:50:20 pm | {"api":"/api/cash-closing-dashboard","event":"CASH_CLOSING_DASHBOARD_DATA_FETCHED","totalRecords":56,"timestamp":"2026-08-04T12:20:20.031Z"}
4/8/2026, 5:50:20 pm | {"api":"/api/cash-closing-dashboard","event":"CASH_CLOSING_CLUSTER_FETCHED","totalClusters":5,"timestamp":"2026-08-04T12:20:20.035Z"}
4/8/2026, 5:50:20 pm | {"api":"/api/cash-closing-dashboard","event":"CASH_CLOSING_BRANCH_FETCHED","totalBranches":62,"timestamp":"2026-08-04T12:20:20.039Z"}
4/8/2026, 5:50:20 pm | {"api":"/api/cash-closing-dashboard","event":"CASH_CLOSING_DASHBOARD_SUCCESS","totalRecords":56,"filters":{"cluster":"","branch":"","fromDate":"","toDate":"","status":""},"timestamp":"2026-08-04T12:20:20.040Z"}
4/8/2026, 5:50:20 pm | {"api":"/api/cash-closing-dashboard","event":"CASH_CLOSING_DASHBOARD_API_STARTED","filters":{"cluster":"","branch":"","fromDate":"","toDate":"","status":""},"timestamp":"2026-08-04T12:20:20.162Z"}
4/8/2026, 5:50:20 pm | {"api":"/api/cash-closing-dashboard","event":"CASH_CLOSING_DASHBOARD_DB_CONNECTED","timestamp":"2026-08-04T12:20:20.163Z"}
4/8/2026, 5:50:20 pm | {"api":"/api/cash-closing-dashboard","event":"CASH_CLOSING_DASHBOARD_QUERY_STARTED","filters":{"cluster":"","branch":"","fromDate":"","toDate":"","status":""},"timestamp":"2026-08-04T12:20:20.163Z"}
4/8/2026, 5:50:20 pm | {"api":"/api/cash-closing-dashboard","event":"CASH_CLOSING_DASHBOARD_DATA_FETCHED","totalRecords":56,"timestamp":"2026-08-04T12:20:20.171Z"}
4/8/2026, 5:50:20 pm | {"api":"/api/cash-closing-dashboard","event":"CASH_CLOSING_CLUSTER_FETCHED","totalClusters":5,"timestamp":"2026-08-04T12:20:20.175Z"}
4/8/2026, 5:50:20 pm | {"api":"/api/cash-closing-dashboard","event":"CASH_CLOSING_BRANCH_FETCHED","totalBranches":62,"timestamp":"2026-08-04T12:20:20.179Z"}
4/8/2026, 5:50:20 pm | {"api":"/api/cash-closing-dashboard","event":"CASH_CLOSING_DASHBOARD_SUCCESS","totalRecords":56,"filters":{"cluster":"","branch":"","fromDate":"","toDate":"","status":""},"timestamp":"2026-08-04T12:20:20.180Z"}
4/8/2026, 5:50:24 pm | {"api":"/api/cash-closing-dashboard","event":"CASH_CLOSING_DASHBOARD_API_STARTED","filters":{"cluster":"","branch":"","fromDate":"","toDate":"","status":""},"timestamp":"2026-08-04T12:20:24.064Z"}
4/8/2026, 5:50:24 pm | {"api":"/api/cash-closing-dashboard","event":"CASH_CLOSING_DASHBOARD_DB_CONNECTED","timestamp":"2026-08-04T12:20:24.065Z"}
4/8/2026, 5:50:24 pm | {"api":"/api/cash-closing-dashboard","event":"CASH_CLOSING_DASHBOARD_QUERY_STARTED","filters":{"cluster":"","branch":"","fromDate":"","toDate":"","status":""},"timestamp":"2026-08-04T12:20:24.066Z"}
4/8/2026, 5:50:24 pm | {"api":"/api/cash-closing-dashboard","event":"CASH_CLOSING_DASHBOARD_DATA_FETCHED","totalRecords":56,"timestamp":"2026-08-04T12:20:24.072Z"}
4/8/2026, 5:50:24 pm | {"api":"/api/cash-closing-dashboard","event":"CASH_CLOSING_CLUSTER_FETCHED","totalClusters":5,"timestamp":"2026-08-04T12:20:24.076Z"}
4/8/2026, 5:50:24 pm | {"api":"/api/cash-closing-dashboard","event":"CASH_CLOSING_BRANCH_FETCHED","totalBranches":62,"timestamp":"2026-08-04T12:20:24.079Z"}
4/8/2026, 5:50:24 pm | {"api":"/api/cash-closing-dashboard","event":"CASH_CLOSING_DASHBOARD_SUCCESS","totalRecords":56,"filters":{"cluster":"","branch":"","fromDate":"","toDate":"","status":""},"timestamp":"2026-08-04T12:20:24.080Z"}
4/8/2026, 5:50:24 pm | {"api":"/api/cash-closing-dashboard","event":"CASH_CLOSING_DASHBOARD_API_STARTED","filters":{"cluster":"","branch":"","fromDate":"","toDate":"","status":""},"timestamp":"2026-08-04T12:20:24.215Z"}
4/8/2026, 5:50:24 pm | {"api":"/api/cash-closing-dashboard","event":"CASH_CLOSING_DASHBOARD_DB_CONNECTED","timestamp":"2026-08-04T12:20:24.216Z"}
4/8/2026, 5:50:24 pm | {"api":"/api/cash-closing-dashboard","event":"CASH_CLOSING_DASHBOARD_QUERY_STARTED","filters":{"cluster":"","branch":"","fromDate":"","toDate":"","status":""},"timestamp":"2026-08-04T12:20:24.217Z"}
4/8/2026, 5:50:24 pm | {"api":"/api/cash-closing-dashboard","event":"CASH_CLOSING_DASHBOARD_DATA_FETCHED","totalRecords":56,"timestamp":"2026-08-04T12:20:24.223Z"}
4/8/2026, 5:50:24 pm | {"api":"/api/cash-closing-dashboard","event":"CASH_CLOSING_CLUSTER_FETCHED","totalClusters":5,"timestamp":"2026-08-04T12:20:24.227Z"}
4/8/2026, 5:50:24 pm | {"api":"/api/cash-closing-dashboard","event":"CASH_CLOSING_BRANCH_FETCHED","totalBranches":62,"timestamp":"2026-08-04T12:20:24.232Z"}
4/8/2026, 5:50:24 pm | {"api":"/api/cash-closing-dashboard","event":"CASH_CLOSING_DASHBOARD_SUCCESS","totalRecords":56,"filters":{"cluster":"","branch":"","fromDate":"","toDate":"","status":""},"timestamp":"2026-08-04T12:20:24.233Z"}
4/8/2026, 5:50:29 pm | {"api":"/login","event":"LOGIN_API_STARTED","mpin":"1237","deviceId":"15c44e0621dd621c","timestamp":"2026-08-04T12:20:29.631Z"}
4/8/2026, 5:50:29 pm | {"event":"LOGIN_REQUEST","mpin":"1237","deviceId":"15c44e0621dd621c","timestamp":"2026-08-04T12:20:29.632Z"}
4/8/2026, 5:50:29 pm | {"api":"/login","event":"LOGIN_DB_QUERY_STARTED","mpin":"1237","timestamp":"2026-08-04T12:20:29.633Z"}
4/8/2026, 5:50:29 pm | {"api":"/login","event":"LOGIN_USER_FOUND","empNo":"487","branch":"Amalapuram","designation":"Branch Manager","timestamp":"2026-08-04T12:20:29.643Z"}
4/8/2026, 5:50:29 pm | {"api":"/login","event":"LOGIN_DEVICE_CHECK","empNo":"487","savedDevice":"15c44e0621dd621c","currentDevice":"15c44e0621dd621c","timestamp":"2026-08-04T12:20:29.644Z"}
4/8/2026, 5:50:29 pm | {"api":"/login","event":"LOGIN_SUCCESS","empNo":"487","branch":"Amalapuram","designation":"Branch Manager","loginTime":"2026-08-04T12:20:29.650Z"}
4/8/2026, 5:50:29 pm | {"api":"/employee/:empNo","event":"EMPLOYEE_API_STARTED","empNo":"487","timestamp":"2026-08-04T12:20:29.855Z"}
4/8/2026, 5:50:29 pm | {"api":"/employee/:empNo","event":"EMPLOYEE_DB_QUERY_STARTED","empNo":"487","timestamp":"2026-08-04T12:20:29.857Z"}
4/8/2026, 5:50:29 pm | {"api":"/employee/:empNo","event":"EMPLOYEE_FETCH_SUCCESS","empNo":"487","employeeName":"Ch Sivaji","branch":"Amalapuram","designation":"Branch Manager","timestamp":"2026-08-04T12:20:29.860Z"}
4/8/2026, 5:50:29 pm | {"api":"/last-submission/:empNo","event":"LAST_SUBMISSION_API_STARTED","empNo":"487","timestamp":"2026-08-04T12:20:29.925Z"}
4/8/2026, 5:50:29 pm | {"api":"/last-submission/:empNo","event":"LAST_SUBMISSION_DB_QUERY_STARTED","empNo":"487","timestamp":"2026-08-04T12:20:29.927Z"}
4/8/2026, 5:50:29 pm | {"api":"/last-submission/:empNo","event":"LAST_SUBMISSION_FETCH_SUCCESS","empNo":"487","amount":1600000,"actionAt":"2026-08-03 18:26:22","timestamp":"2026-08-04T12:20:29.933Z"}
4/8/2026, 5:50:30 pm | {"api":"/today-cash/:empNo","event":"TODAY_CASH_API_STARTED","empNo":"487","timestamp":"2026-08-04T12:20:30.120Z"}
4/8/2026, 5:50:30 pm | {"api":"/today-cash/:empNo","event":"TODAY_CASH_DB_QUERY_STARTED","empNo":"487","timestamp":"2026-08-04T12:20:30.121Z"}
4/8/2026, 5:50:30 pm | {"api":"/today-cash/:empNo","event":"TODAY_CASH_NOT_FOUND","empNo":"487","timestamp":"2026-08-04T12:20:30.128Z"}
4/8/2026, 5:50:36 pm | {"api":"/save-cash-closing","event":"SAVE_CASH_API_STARTED","empNo":"487","amount":"500000","timestamp":"2026-08-04T12:20:36.300Z"}
4/8/2026, 5:50:36 pm | {"api":"/save-cash-closing","event":"PREVIOUS_DAY_RECORD_FOUND","empNo":"487","oldDate":"2026-08-03T00:00:00.000Z","amount":1600000,"timestamp":"2026-08-04T12:20:36.306Z"}
4/8/2026, 5:50:36 pm | {"api":"/save-cash-closing","event":"PREVIOUS_DAY_MOVED_TO_HISTORY","empNo":"487","timestamp":"2026-08-04T12:20:36.313Z"}
4/8/2026, 5:50:36 pm | {"api":"/save-cash-closing","event":"PREVIOUS_DAY_DELETED","empNo":"487","timestamp":"2026-08-04T12:20:36.318Z"}
4/8/2026, 5:50:36 pm | {"api":"/save-cash-closing","event":"SAVE_CASH_NEW_ENTRY","empNo":"487","amount":"500000","branch":"Amalapuram","timestamp":"2026-08-04T12:20:36.321Z"}
4/8/2026, 5:50:36 pm | {"api":"/save-cash-closing","event":"SAVE_CASH_HISTORY_INSERTED","empNo":"487","actionType":"ADDED","version":1,"timestamp":"2026-08-04T12:20:36.333Z"}
4/8/2026, 5:50:36 pm | {"api":"/save-cash-closing","event":"SAVE_CASH_SUCCESS","type":"INSERT","empNo":"487","amount":"500000","timestamp":"2026-08-04T12:20:36.334Z"}
4/8/2026, 5:50:41 pm | {"api":"/login","event":"LOGIN_API_STARTED","mpin":"3861","deviceId":"84fb22925116cbf6","timestamp":"2026-08-04T12:20:41.174Z"}
4/8/2026, 5:50:41 pm | {"event":"LOGIN_REQUEST","mpin":"3861","deviceId":"84fb22925116cbf6","timestamp":"2026-08-04T12:20:41.176Z"}
4/8/2026, 5:50:41 pm | {"api":"/login","event":"LOGIN_DB_QUERY_STARTED","mpin":"3861","timestamp":"2026-08-04T12:20:41.176Z"}
4/8/2026, 5:50:41 pm | {"api":"/login","event":"LOGIN_USER_FOUND","empNo":"339","branch":"Tanuku","designation":"Branch Manager","timestamp":"2026-08-04T12:20:41.183Z"}
4/8/2026, 5:50:41 pm | {"api":"/login","event":"LOGIN_DEVICE_CHECK","empNo":"339","savedDevice":"84fb22925116cbf6","currentDevice":"84fb22925116cbf6","timestamp":"2026-08-04T12:20:41.184Z"}
4/8/2026, 5:50:41 pm | {"api":"/login","event":"LOGIN_SUCCESS","empNo":"339","branch":"Tanuku","designation":"Branch Manager","loginTime":"2026-08-04T12:20:41.190Z"}
4/8/2026, 5:50:41 pm | {"api":"/employee/:empNo","event":"EMPLOYEE_API_STARTED","empNo":"339","timestamp":"2026-08-04T12:20:41.400Z"}
4/8/2026, 5:50:41 pm | {"api":"/employee/:empNo","event":"EMPLOYEE_DB_QUERY_STARTED","empNo":"339","timestamp":"2026-08-04T12:20:41.401Z"}
4/8/2026, 5:50:41 pm | {"api":"/employee/:empNo","event":"EMPLOYEE_FETCH_SUCCESS","empNo":"339","employeeName":"D. Surendra Kumar","branch":"Tanuku","designation":"Branch Manager","timestamp":"2026-08-04T12:20:41.406Z"}
4/8/2026, 5:50:41 pm | {"api":"/last-submission/:empNo","event":"LAST_SUBMISSION_API_STARTED","empNo":"339","timestamp":"2026-08-04T12:20:41.477Z"}
4/8/2026, 5:50:41 pm | {"api":"/last-submission/:empNo","event":"LAST_SUBMISSION_DB_QUERY_STARTED","empNo":"339","timestamp":"2026-08-04T12:20:41.478Z"}
4/8/2026, 5:50:41 pm | {"api":"/last-submission/:empNo","event":"LAST_SUBMISSION_FETCH_SUCCESS","empNo":"339","amount":700000,"actionAt":"2026-08-03 17:33:51","timestamp":"2026-08-04T12:20:41.483Z"}
4/8/2026, 5:50:41 pm | {"api":"/today-cash/:empNo","event":"TODAY_CASH_API_STARTED","empNo":"339","timestamp":"2026-08-04T12:20:41.613Z"}
4/8/2026, 5:50:41 pm | {"api":"/today-cash/:empNo","event":"TODAY_CASH_DB_QUERY_STARTED","empNo":"339","timestamp":"2026-08-04T12:20:41.614Z"}
4/8/2026, 5:50:41 pm | {"api":"/today-cash/:empNo","event":"TODAY_CASH_NOT_FOUND","empNo":"339","timestamp":"2026-08-04T12:20:41.619Z"}
4/8/2026, 5:50:42 pm | {"api":"/api/cash-closing-dashboard","event":"CASH_CLOSING_DASHBOARD_API_STARTED","filters":{"cluster":"","branch":"","fromDate":"","toDate":"","status":""},"timestamp":"2026-08-04T12:20:42.946Z"}
4/8/2026, 5:50:42 pm | {"api":"/api/cash-closing-dashboard","event":"CASH_CLOSING_DASHBOARD_DB_CONNECTED","timestamp":"2026-08-04T12:20:42.947Z"}
4/8/2026, 5:50:42 pm | {"api":"/api/cash-closing-dashboard","event":"CASH_CLOSING_DASHBOARD_QUERY_STARTED","filters":{"cluster":"","branch":"","fromDate":"","toDate":"","status":""},"timestamp":"2026-08-04T12:20:42.948Z"}
4/8/2026, 5:50:42 pm | {"api":"/api/cash-closing-dashboard","event":"CASH_CLOSING_DASHBOARD_DATA_FETCHED","totalRecords":56,"timestamp":"2026-08-04T12:20:42.954Z"}
4/8/2026, 5:50:42 pm | {"api":"/api/cash-closing-dashboard","event":"CASH_CLOSING_CLUSTER_FETCHED","totalClusters":5,"timestamp":"2026-08-04T12:20:42.958Z"}
4/8/2026, 5:50:42 pm | {"api":"/api/cash-closing-dashboard","event":"CASH_CLOSING_BRANCH_FETCHED","totalBranches":62,"timestamp":"2026-08-04T12:20:42.962Z"}
4/8/2026, 5:50:42 pm | {"api":"/api/cash-closing-dashboard","event":"CASH_CLOSING_DASHBOARD_SUCCESS","totalRecords":56,"filters":{"cluster":"","branch":"","fromDate":"","toDate":"","status":""},"timestamp":"2026-08-04T12:20:42.963Z"}
4/8/2026, 5:50:43 pm | {"api":"/api/cash-closing-dashboard","event":"CASH_CLOSING_DASHBOARD_API_STARTED","filters":{"cluster":"","branch":"","fromDate":"","toDate":"","status":""},"timestamp":"2026-08-04T12:20:43.022Z"}
4/8/2026, 5:50:43 pm | {"api":"/api/cash-closing-dashboard","event":"CASH_CLOSING_DASHBOARD_DB_CONNECTED","timestamp":"2026-08-04T12:20:43.023Z"}
4/8/2026, 5:50:43 pm | {"api":"/api/cash-closing-dashboard","event":"CASH_CLOSING_DASHBOARD_QUERY_STARTED","filters":{"cluster":"","branch":"","fromDate":"","toDate":"","status":""},"timestamp":"2026-08-04T12:20:43.023Z"}
4/8/2026, 5:50:43 pm | {"api":"/api/cash-closing-dashboard","event":"CASH_CLOSING_DASHBOARD_DATA_FETCHED","totalRecords":56,"timestamp":"2026-08-04T12:20:43.029Z"}
4/8/2026, 5:50:43 pm | {"api":"/api/cash-closing-dashboard","event":"CASH_CLOSING_CLUSTER_FETCHED","totalClusters":5,"timestamp":"2026-08-04T12:20:43.033Z"}
4/8/2026, 5:50:43 pm | {"api":"/api/cash-closing-dashboard","event":"CASH_CLOSING_BRANCH_FETCHED","totalBranches":62,"timestamp":"2026-08-04T12:20:43.037Z"}
4/8/2026, 5:50:43 pm | {"api":"/api/cash-closing-dashboard","event":"CASH_CLOSING_DASHBOARD_SUCCESS","totalRecords":56,"filters":{"cluster":"","branch":"","fromDate":"","toDate":"","status":""},"timestamp":"2026-08-04T12:20:43.037Z"}
4/8/2026, 5:50:43 pm | {"api":"/api/cash-closing-dashboard","event":"CASH_CLOSING_DASHBOARD_API_STARTED","filters":{"cluster":"","branch":"","fromDate":"","toDate":"","status":""},"timestamp":"2026-08-04T12:20:43.222Z"}
4/8/2026, 5:50:43 pm | {"api":"/api/cash-closing-dashboard","event":"CASH_CLOSING_DASHBOARD_DB_CONNECTED","timestamp":"2026-08-04T12:20:43.223Z"}
4/8/2026, 5:50:43 pm | {"api":"/api/cash-closing-dashboard","event":"CASH_CLOSING_DASHBOARD_QUERY_STARTED","filters":{"cluster":"","branch":"","fromDate":"","toDate":"","status":""},"timestamp":"2026-08-04T12:20:43.224Z"}
4/8/2026, 5:50:43 pm | {"api":"/api/cash-closing-dashboard","event":"CASH_CLOSING_DASHBOARD_DATA_FETCHED","totalRecords":56,"timestamp":"2026-08-04T12:20:43.230Z"}
4/8/2026, 5:50:43 pm | {"api":"/api/cash-closing-dashboard","event":"CASH_CLOSING_CLUSTER_FETCHED","totalClusters":5,"timestamp":"2026-08-04T12:20:43.234Z"}
4/8/2026, 5:50:43 pm | {"api":"/api/cash-closing-dashboard","event":"CASH_CLOSING_BRANCH_FETCHED","totalBranches":62,"timestamp":"2026-08-04T12:20:43.239Z"}
4/8/2026, 5:50:43 pm | {"api":"/api/cash-closing-dashboard","event":"CASH_CLOSING_DASHBOARD_SUCCESS","totalRecords":56,"filters":{"cluster":"","branch":"","fromDate":"","toDate":"","status":""},"timestamp":"2026-08-04T12:20:43.240Z"}
4/8/2026, 5:50:49 pm | {"api":"/save-cash-closing","event":"SAVE_CASH_API_STARTED","empNo":"339","amount":"1500000","timestamp":"2026-08-04T12:20:49.937Z"}
4/8/2026, 5:50:49 pm | {"api":"/save-cash-closing","event":"PREVIOUS_DAY_RECORD_FOUND","empNo":"339","oldDate":"2026-08-03T00:00:00.000Z","amount":700000,"timestamp":"2026-08-04T12:20:49.946Z"}
4/8/2026, 5:50:49 pm | {"api":"/save-cash-closing","event":"PREVIOUS_DAY_MOVED_TO_HISTORY","empNo":"339","timestamp":"2026-08-04T12:20:49.953Z"}
4/8/2026, 5:50:49 pm | {"api":"/save-cash-closing","event":"PREVIOUS_DAY_DELETED","empNo":"339","timestamp":"2026-08-04T12:20:49.959Z"}
4/8/2026, 5:50:49 pm | {"api":"/save-cash-closing","event":"SAVE_CASH_NEW_ENTRY","empNo":"339","amount":"1500000","branch":"Tanuku","timestamp":"2026-08-04T12:20:49.961Z"}
4/8/2026, 5:50:50 pm | {"api":"/save-cash-closing","event":"SAVE_CASH_HISTORY_INSERTED","empNo":"339","actionType":"ADDED","version":1,"timestamp":"2026-08-04T12:20:50.005Z"}
4/8/2026, 5:50:50 pm | {"api":"/save-cash-closing","event":"SAVE_CASH_SUCCESS","type":"INSERT","empNo":"339","amount":"1500000","timestamp":"2026-08-04T12:20:50.006Z"}
4/8/2026, 5:50:53 pm | {"api":"/api/cash-closing-dashboard","event":"CASH_CLOSING_DASHBOARD_API_STARTED","filters":{"cluster":"","branch":"","fromDate":"","toDate":"","status":""},"timestamp":"2026-08-04T12:20:53.111Z"}
4/8/2026, 5:50:53 pm | {"api":"/api/cash-closing-dashboard","event":"CASH_CLOSING_DASHBOARD_DB_CONNECTED","timestamp":"2026-08-04T12:20:53.112Z"}
4/8/2026, 5:50:53 pm | {"api":"/api/cash-closing-dashboard","event":"CASH_CLOSING_DASHBOARD_QUERY_STARTED","filters":{"cluster":"","branch":"","fromDate":"","toDate":"","status":""},"timestamp":"2026-08-04T12:20:53.113Z"}
4/8/2026, 5:50:53 pm | {"api":"/api/cash-closing-dashboard","event":"CASH_CLOSING_DASHBOARD_DATA_FETCHED","totalRecords":56,"timestamp":"2026-08-04T12:20:53.119Z"}
4/8/2026, 5:50:53 pm | {"api":"/api/cash-closing-dashboard","event":"CASH_CLOSING_CLUSTER_FETCHED","totalClusters":5,"timestamp":"2026-08-04T12:20:53.123Z"}
4/8/2026, 5:50:53 pm | {"api":"/api/cash-closing-dashboard","event":"CASH_CLOSING_BRANCH_FETCHED","totalBranches":62,"timestamp":"2026-08-04T12:20:53.126Z"}
4/8/2026, 5:50:53 pm | {"api":"/api/cash-closing-dashboard","event":"CASH_CLOSING_DASHBOARD_SUCCESS","totalRecords":56,"filters":{"cluster":"","branch":"","fromDate":"","toDate":"","status":""},"timestamp":"2026-08-04T12:20:53.127Z"}
4/8/2026, 5:50:53 pm | {"api":"/api/cash-closing-dashboard","event":"CASH_CLOSING_DASHBOARD_API_STARTED","filters":{"cluster":"","branch":"","fromDate":"","toDate":"","status":""},"timestamp":"2026-08-04T12:20:53.277Z"}
4/8/2026, 5:50:53 pm | {"api":"/api/cash-closing-dashboard","event":"CASH_CLOSING_DASHBOARD_DB_CONNECTED","timestamp":"2026-08-04T12:20:53.278Z"}
4/8/2026, 5:50:53 pm | {"api":"/api/cash-closing-dashboard","event":"CASH_CLOSING_DASHBOARD_QUERY_STARTED","filters":{"cluster":"","branch":"","fromDate":"","toDate":"","status":""},"timestamp":"2026-08-04T12:20:53.279Z"}
4/8/2026, 5:50:53 pm | {"api":"/api/cash-closing-dashboard","event":"CASH_CLOSING_DASHBOARD_DATA_FETCHED","totalRecords":56,"timestamp":"2026-08-04T12:20:53.286Z"}
4/8/2026, 5:50:53 pm | {"api":"/api/cash-closing-dashboard","event":"CASH_CLOSING_CLUSTER_FETCHED","totalClusters":5,"timestamp":"2026-08-04T12:20:53.290Z"}
4/8/2026, 5:50:53 pm | {"api":"/api/cash-closing-dashboard","event":"CASH_CLOSING_BRANCH_FETCHED","totalBranches":62,"timestamp":"2026-08-04T12:20:53.294Z"}
4/8/2026, 5:50:53 pm | {"api":"/api/cash-closing-dashboard","event":"CASH_CLOSING_DASHBOARD_SUCCESS","totalRecords":56,"filters":{"cluster":"","branch":"","fromDate":"","toDate":"","status":""},"timestamp":"2026-08-04T12:20:53.294Z"}
4/8/2026, 5:50:53 pm | {"api":"/api/cash-closing-dashboard","event":"CASH_CLOSING_DASHBOARD_API_STARTED","filters":{"cluster":"","branch":"","fromDate":"","toDate":"","status":""},"timestamp":"2026-08-04T12:20:53.469Z"}
4/8/2026, 5:50:53 pm | {"api":"/api/cash-closing-dashboard","event":"CASH_CLOSING_DASHBOARD_DB_CONNECTED","timestamp":"2026-08-04T12:20:53.471Z"}
4/8/2026, 5:50:53 pm | {"api":"/api/cash-closing-dashboard","event":"CASH_CLOSING_DASHBOARD_QUERY_STARTED","filters":{"cluster":"","branch":"","fromDate":"","toDate":"","status":""},"timestamp":"2026-08-04T12:20:53.471Z"}
4/8/2026, 5:50:53 pm | {"api":"/api/cash-closing-dashboard","event":"CASH_CLOSING_DASHBOARD_DATA_FETCHED","totalRecords":56,"timestamp":"2026-08-04T12:20:53.479Z"}
4/8/2026, 5:50:53 pm | {"api":"/api/cash-closing-dashboard","event":"CASH_CLOSING_CLUSTER_FETCHED","totalClusters":5,"timestamp":"2026-08-04T12:20:53.486Z"}
4/8/2026, 5:50:53 pm | {"api":"/api/cash-closing-dashboard","event":"CASH_CLOSING_BRANCH_FETCHED","totalBranches":62,"timestamp":"2026-08-04T12:20:53.489Z"}
4/8/2026, 5:50:53 pm | {"api":"/api/cash-closing-dashboard","event":"CASH_CLOSING_DASHBOARD_SUCCESS","totalRecords":56,"filters":{"cluster":"","branch":"","fromDate":"","toDate":"","status":""},"timestamp":"2026-08-04T12:20:53.490Z"}
4/8/2026, 5:50:53 pm | {"api":"/api/cash-closing-dashboard","event":"CASH_CLOSING_DASHBOARD_API_STARTED","filters":{"cluster":"","branch":"","fromDate":"","toDate":"","status":""},"timestamp":"2026-08-04T12:20:53.686Z"}
4/8/2026, 5:50:53 pm | {"api":"/api/cash-closing-dashboard","event":"CASH_CLOSING_DASHBOARD_DB_CONNECTED","timestamp":"2026-08-04T12:20:53.687Z"}
4/8/2026, 5:50:53 pm | {"api":"/api/cash-closing-dashboard","event":"CASH_CLOSING_DASHBOARD_QUERY_STARTED","filters":{"cluster":"","branch":"","fromDate":"","toDate":"","status":""},"timestamp":"2026-08-04T12:20:53.688Z"}
4/8/2026, 5:50:53 pm | {"api":"/api/cash-closing-dashboard","event":"CASH_CLOSING_DASHBOARD_DATA_FETCHED","totalRecords":56,"timestamp":"2026-08-04T12:20:53.695Z"}
4/8/2026, 5:50:53 pm | {"api":"/api/cash-closing-dashboard","event":"CASH_CLOSING_CLUSTER_FETCHED","totalClusters":5,"timestamp":"2026-08-04T12:20:53.698Z"}
4/8/2026, 5:50:53 pm | {"api":"/api/cash-closing-dashboard","event":"CASH_CLOSING_BRANCH_FETCHED","totalBranches":62,"timestamp":"2026-08-04T12:20:53.702Z"}
4/8/2026, 5:50:53 pm | {"api":"/api/cash-closing-dashboard","event":"CASH_CLOSING_DASHBOARD_SUCCESS","totalRecords":56,"filters":{"cluster":"","branch":"","fromDate":"","toDate":"","status":""},"timestamp":"2026-08-04T12:20:53.703Z"}
4/8/2026, 5:50:58 pm | {"api":"/api/cash-closing-dashboard","event":"CASH_CLOSING_DASHBOARD_API_STARTED","filters":{"cluster":"","branch":"","fromDate":"","toDate":"","status":""},"timestamp":"2026-08-04T12:20:58.061Z"}
4/8/2026, 5:50:58 pm | {"api":"/api/cash-closing-dashboard","event":"CASH_CLOSING_DASHBOARD_DB_CONNECTED","timestamp":"2026-08-04T12:20:58.063Z"}
4/8/2026, 5:50:58 pm | {"api":"/api/cash-closing-dashboard","event":"CASH_CLOSING_DASHBOARD_QUERY_STARTED","filters":{"cluster":"","branch":"","fromDate":"","toDate":"","status":""},"timestamp":"2026-08-04T12:20:58.064Z"}
4/8/2026, 5:50:58 pm | {"api":"/api/cash-closing-dashboard","event":"CASH_CLOSING_DASHBOARD_DATA_FETCHED","totalRecords":56,"timestamp":"2026-08-04T12:20:58.070Z"}
4/8/2026, 5:50:58 pm | {"api":"/api/cash-closing-dashboard","event":"CASH_CLOSING_CLUSTER_FETCHED","totalClusters":5,"timestamp":"2026-08-04T12:20:58.073Z"}
4/8/2026, 5:50:58 pm | {"api":"/api/cash-closing-dashboard","event":"CASH_CLOSING_BRANCH_FETCHED","totalBranches":62,"timestamp":"2026-08-04T12:20:58.077Z"}
4/8/2026, 5:50:58 pm | {"api":"/api/cash-closing-dashboard","event":"CASH_CLOSING_DASHBOARD_SUCCESS","totalRecords":56,"filters":{"cluster":"","branch":"","fromDate":"","toDate":"","status":""},"timestamp":"2026-08-04T12:20:58.077Z"}
4/8/2026, 5:50:58 pm | {"api":"/api/cash-closing-dashboard","event":"CASH_CLOSING_DASHBOARD_API_STARTED","filters":{"cluster":"","branch":"","fromDate":"","toDate":"","status":""},"timestamp":"2026-08-04T12:20:58.263Z"}
4/8/2026, 5:50:58 pm | {"api":"/api/cash-closing-dashboard","event":"CASH_CLOSING_DASHBOARD_DB_CONNECTED","timestamp":"2026-08-04T12:20:58.265Z"}
4/8/2026, 5:50:58 pm | {"api":"/api/cash-closing-dashboard","event":"CASH_CLOSING_DASHBOARD_QUERY_STARTED","filters":{"cluster":"","branch":"","fromDate":"","toDate":"","status":""},"timestamp":"2026-08-04T12:20:58.265Z"}
4/8/2026, 5:50:58 pm | {"api":"/api/cash-closing-dashboard","event":"CASH_CLOSING_DASHBOARD_DATA_FETCHED","totalRecords":56,"timestamp":"2026-08-04T12:20:58.271Z"}
4/8/2026, 5:50:58 pm | {"api":"/api/cash-closing-dashboard","event":"CASH_CLOSING_CLUSTER_FETCHED","totalClusters":5,"timestamp":"2026-08-04T12:20:58.275Z"}
4/8/2026, 5:50:58 pm | {"api":"/api/cash-closing-dashboard","event":"CASH_CLOSING_BRANCH_FETCHED","totalBranches":62,"timestamp":"2026-08-04T12:20:58.279Z"}
4/8/2026, 5:50:58 pm | {"api":"/api/cash-closing-dashboard","event":"CASH_CLOSING_DASHBOARD_SUCCESS","totalRecords":56,"filters":{"cluster":"","branch":"","fromDate":"","toDate":"","status":""},"timestamp":"2026-08-04T12:20:58.279Z"}
4/8/2026, 5:50:58 pm | {"api":"/api/cash-closing-dashboard","event":"CASH_CLOSING_DASHBOARD_API_STARTED","filters":{"cluster":"","branch":"","fromDate":"","toDate":"","status":""},"timestamp":"2026-08-04T12:20:58.422Z"}
4/8/2026, 5:50:58 pm | {"api":"/api/cash-closing-dashboard","event":"CASH_CLOSING_DASHBOARD_DB_CONNECTED","timestamp":"2026-08-04T12:20:58.423Z"}
4/8/2026, 5:50:58 pm | {"api":"/api/cash-closing-dashboard","event":"CASH_CLOSING_DASHBOARD_QUERY_STARTED","filters":{"cluster":"","branch":"","fromDate":"","toDate":"","status":""},"timestamp":"2026-08-04T12:20:58.424Z"}
4/8/2026, 5:50:58 pm | {"api":"/api/cash-closing-dashboard","event":"CASH_CLOSING_DASHBOARD_DATA_FETCHED","totalRecords":56,"timestamp":"2026-08-04T12:20:58.431Z"}
4/8/2026, 5:50:58 pm | {"api":"/api/cash-closing-dashboard","event":"CASH_CLOSING_CLUSTER_FETCHED","totalClusters":5,"timestamp":"2026-08-04T12:20:58.434Z"}
4/8/2026, 5:50:58 pm | {"api":"/api/cash-closing-dashboard","event":"CASH_CLOSING_BRANCH_FETCHED","totalBranches":62,"timestamp":"2026-08-04T12:20:58.437Z"}
4/8/2026, 5:50:58 pm | {"api":"/api/cash-closing-dashboard","event":"CASH_CLOSING_DASHBOARD_SUCCESS","totalRecords":56,"filters":{"cluster":"","branch":"","fromDate":"","toDate":"","status":""},"timestamp":"2026-08-04T12:20:58.438Z"}
4/8/2026, 5:51:11 pm | {"api":"/api/cash-closing-dashboard","event":"CASH_CLOSING_DASHBOARD_API_STARTED","filters":{"cluster":"","branch":"","fromDate":"","toDate":"","status":""},"timestamp":"2026-08-04T12:21:11.921Z"}
4/8/2026, 5:51:11 pm | {"api":"/api/cash-closing-dashboard","event":"CASH_CLOSING_DASHBOARD_DB_CONNECTED","timestamp":"2026-08-04T12:21:11.922Z"}
4/8/2026, 5:51:11 pm | {"api":"/api/cash-closing-dashboard","event":"CASH_CLOSING_DASHBOARD_QUERY_STARTED","filters":{"cluster":"","branch":"","fromDate":"","toDate":"","status":""},"timestamp":"2026-08-04T12:21:11.923Z"}
4/8/2026, 5:51:11 pm | {"api":"/api/cash-closing-dashboard","event":"CASH_CLOSING_DASHBOARD_DATA_FETCHED","totalRecords":56,"timestamp":"2026-08-04T12:21:11.929Z"}
4/8/2026, 5:51:11 pm | {"api":"/api/cash-closing-dashboard","event":"CASH_CLOSING_CLUSTER_FETCHED","totalClusters":5,"timestamp":"2026-08-04T12:21:11.933Z"}
4/8/2026, 5:51:11 pm | {"api":"/api/cash-closing-dashboard","event":"CASH_CLOSING_BRANCH_FETCHED","totalBranches":62,"timestamp":"2026-08-04T12:21:11.937Z"}
4/8/2026, 5:51:11 pm | {"api":"/api/cash-closing-dashboard","event":"CASH_CLOSING_DASHBOARD_SUCCESS","totalRecords":56,"filters":{"cluster":"","branch":"","fromDate":"","toDate":"","status":""},"timestamp":"2026-08-04T12:21:11.938Z"}
4/8/2026, 5:51:12 pm | {"api":"/api/cash-closing-dashboard","event":"CASH_CLOSING_DASHBOARD_API_STARTED","filters":{"cluster":"","branch":"","fromDate":"","toDate":"","status":""},"timestamp":"2026-08-04T12:21:12.007Z"}
4/8/2026, 5:51:12 pm | {"api":"/api/cash-closing-dashboard","event":"CASH_CLOSING_DASHBOARD_DB_CONNECTED","timestamp":"2026-08-04T12:21:12.009Z"}
4/8/2026, 5:51:12 pm | {"api":"/api/cash-closing-dashboard","event":"CASH_CLOSING_DASHBOARD_QUERY_STARTED","filters":{"cluster":"","branch":"","fromDate":"","toDate":"","status":""},"timestamp":"2026-08-04T12:21:12.009Z"}
4/8/2026, 5:51:12 pm | {"api":"/api/cash-closing-dashboard","event":"CASH_CLOSING_DASHBOARD_DATA_FETCHED","totalRecords":56,"timestamp":"2026-08-04T12:21:12.016Z"}
4/8/2026, 5:51:12 pm | {"api":"/api/cash-closing-dashboard","event":"CASH_CLOSING_CLUSTER_FETCHED","totalClusters":5,"timestamp":"2026-08-04T12:21:12.019Z"}
4/8/2026, 5:51:12 pm | {"api":"/api/cash-closing-dashboard","event":"CASH_CLOSING_BRANCH_FETCHED","totalBranches":62,"timestamp":"2026-08-04T12:21:12.023Z"}
4/8/2026, 5:51:12 pm | {"api":"/api/cash-closing-dashboard","event":"CASH_CLOSING_DASHBOARD_SUCCESS","totalRecords":56,"filters":{"cluster":"","branch":"","fromDate":"","toDate":"","status":""},"timestamp":"2026-08-04T12:21:12.024Z"}
4/8/2026, 5:51:50 pm | {"api":"/api/cash-closing-dashboard","event":"CASH_CLOSING_DASHBOARD_API_STARTED","filters":{"cluster":"","branch":"","fromDate":"","toDate":"","status":""},"timestamp":"2026-08-04T12:21:50.594Z"}
4/8/2026, 5:51:50 pm | {"api":"/api/cash-closing-dashboard","event":"CASH_CLOSING_DASHBOARD_DB_CONNECTED","timestamp":"2026-08-04T12:21:50.595Z"}
4/8/2026, 5:51:50 pm | {"api":"/api/cash-closing-dashboard","event":"CASH_CLOSING_DASHBOARD_QUERY_STARTED","filters":{"cluster":"","branch":"","fromDate":"","toDate":"","status":""},"timestamp":"2026-08-04T12:21:50.596Z"}
4/8/2026, 5:51:50 pm | {"api":"/api/cash-closing-dashboard","event":"CASH_CLOSING_DASHBOARD_DATA_FETCHED","totalRecords":56,"timestamp":"2026-08-04T12:21:50.608Z"}
4/8/2026, 5:51:50 pm | {"api":"/api/cash-closing-dashboard","event":"CASH_CLOSING_CLUSTER_FETCHED","totalClusters":5,"timestamp":"2026-08-04T12:21:50.611Z"}
4/8/2026, 5:51:50 pm | {"api":"/api/cash-closing-dashboard","event":"CASH_CLOSING_BRANCH_FETCHED","totalBranches":62,"timestamp":"2026-08-04T12:21:50.615Z"}
4/8/2026, 5:51:50 pm | {"api":"/api/cash-closing-dashboard","event":"CASH_CLOSING_DASHBOARD_SUCCESS","totalRecords":56,"filters":{"cluster":"","branch":"","fromDate":"","toDate":"","status":""},"timestamp":"2026-08-04T12:21:50.615Z"}
4/8/2026, 5:51:50 pm | {"api":"/api/cash-closing-dashboard","event":"CASH_CLOSING_DASHBOARD_API_STARTED","filters":{"cluster":"","branch":"","fromDate":"","toDate":"","status":""},"timestamp":"2026-08-04T12:21:50.709Z"}
4/8/2026, 5:51:50 pm | {"api":"/api/cash-closing-dashboard","event":"CASH_CLOSING_DASHBOARD_DB_CONNECTED","timestamp":"2026-08-04T12:21:50.710Z"}
4/8/2026, 5:51:50 pm | {"api":"/api/cash-closing-dashboard","event":"CASH_CLOSING_DASHBOARD_QUERY_STARTED","filters":{"cluster":"","branch":"","fromDate":"","toDate":"","status":""},"timestamp":"2026-08-04T12:21:50.711Z"}
4/8/2026, 5:51:50 pm | {"api":"/api/cash-closing-dashboard","event":"CASH_CLOSING_DASHBOARD_DATA_FETCHED","totalRecords":56,"timestamp":"2026-08-04T12:21:50.717Z"}
4/8/2026, 5:51:50 pm | {"api":"/api/cash-closing-dashboard","event":"CASH_CLOSING_CLUSTER_FETCHED","totalClusters":5,"timestamp":"2026-08-04T12:21:50.721Z"}
4/8/2026, 5:51:50 pm | {"api":"/api/cash-closing-dashboard","event":"CASH_CLOSING_BRANCH_FETCHED","totalBranches":62,"timestamp":"2026-08-04T12:21:50.724Z"}
4/8/2026, 5:51:50 pm | {"api":"/api/cash-closing-dashboard","event":"CASH_CLOSING_DASHBOARD_SUCCESS","totalRecords":56,"filters":{"cluster":"","branch":"","fromDate":"","toDate":"","status":""},"timestamp":"2026-08-04T12:21:50.724Z"}
4/8/2026, 5:51:50 pm | {"api":"/api/cash-closing-dashboard","event":"CASH_CLOSING_DASHBOARD_API_STARTED","filters":{"cluster":"","branch":"","fromDate":"","toDate":"","status":""},"timestamp":"2026-08-04T12:21:50.884Z"}
4/8/2026, 5:51:50 pm | {"api":"/api/cash-closing-dashboard","event":"CASH_CLOSING_DASHBOARD_DB_CONNECTED","timestamp":"2026-08-04T12:21:50.885Z"}
4/8/2026, 5:51:50 pm | {"api":"/api/cash-closing-dashboard","event":"CASH_CLOSING_DASHBOARD_QUERY_STARTED","filters":{"cluster":"","branch":"","fromDate":"","toDate":"","status":""},"timestamp":"2026-08-04T12:21:50.886Z"}
4/8/2026, 5:51:50 pm | {"api":"/api/cash-closing-dashboard","event":"CASH_CLOSING_DASHBOARD_DATA_FETCHED","totalRecords":56,"timestamp":"2026-08-04T12:21:50.892Z"}
4/8/2026, 5:51:50 pm | {"api":"/api/cash-closing-dashboard","event":"CASH_CLOSING_CLUSTER_FETCHED","totalClusters":5,"timestamp":"2026-08-04T12:21:50.896Z"}
4/8/2026, 5:51:50 pm | {"api":"/api/cash-closing-dashboard","event":"CASH_CLOSING_BRANCH_FETCHED","totalBranches":62,"timestamp":"2026-08-04T12:21:50.899Z"}
4/8/2026, 5:51:50 pm | {"api":"/api/cash-closing-dashboard","event":"CASH_CLOSING_DASHBOARD_SUCCESS","totalRecords":56,"filters":{"cluster":"","branch":"","fromDate":"","toDate":"","status":""},"timestamp":"2026-08-04T12:21:50.899Z"}
4/8/2026, 5:51:53 pm | {"api":"/login","event":"LOGIN_API_STARTED","mpin":"6735","deviceId":"a8480bb3ac923379","timestamp":"2026-08-04T12:21:53.474Z"}
4/8/2026, 5:51:53 pm | {"event":"LOGIN_REQUEST","mpin":"6735","deviceId":"a8480bb3ac923379","timestamp":"2026-08-04T12:21:53.475Z"}
4/8/2026, 5:51:53 pm | {"api":"/login","event":"LOGIN_DB_QUERY_STARTED","mpin":"6735","timestamp":"2026-08-04T12:21:53.476Z"}
4/8/2026, 5:51:53 pm | {"api":"/login","event":"LOGIN_USER_FOUND","empNo":"917","branch":"Kankipadu","designation":"Branch Manager","timestamp":"2026-08-04T12:21:53.487Z"}
4/8/2026, 5:51:53 pm | {"api":"/login","event":"LOGIN_DEVICE_CHECK","empNo":"917","savedDevice":"a8480bb3ac923379","currentDevice":"a8480bb3ac923379","timestamp":"2026-08-04T12:21:53.487Z"}
4/8/2026, 5:51:53 pm | {"api":"/login","event":"LOGIN_SUCCESS","empNo":"917","branch":"Kankipadu","designation":"Branch Manager","loginTime":"2026-08-04T12:21:53.501Z"}
4/8/2026, 5:51:53 pm | {"api":"/employee/:empNo","event":"EMPLOYEE_API_STARTED","empNo":"917","timestamp":"2026-08-04T12:21:53.763Z"}
4/8/2026, 5:51:53 pm | {"api":"/employee/:empNo","event":"EMPLOYEE_DB_QUERY_STARTED","empNo":"917","timestamp":"2026-08-04T12:21:53.764Z"}
4/8/2026, 5:51:53 pm | {"api":"/employee/:empNo","event":"EMPLOYEE_FETCH_SUCCESS","empNo":"917","employeeName":"Vundavalli Rambabu","branch":"Kankipadu","designation":"Branch Manager","timestamp":"2026-08-04T12:21:53.768Z"}
4/8/2026, 5:51:53 pm | {"api":"/last-submission/:empNo","event":"LAST_SUBMISSION_API_STARTED","empNo":"917","timestamp":"2026-08-04T12:21:53.843Z"}
4/8/2026, 5:51:53 pm | {"api":"/last-submission/:empNo","event":"LAST_SUBMISSION_DB_QUERY_STARTED","empNo":"917","timestamp":"2026-08-04T12:21:53.844Z"}
4/8/2026, 5:51:53 pm | {"api":"/last-submission/:empNo","event":"LAST_SUBMISSION_FETCH_SUCCESS","empNo":"917","amount":512000,"actionAt":"2026-08-03 18:14:59","timestamp":"2026-08-04T12:21:53.849Z"}
4/8/2026, 5:51:53 pm | {"api":"/today-cash/:empNo","event":"TODAY_CASH_API_STARTED","empNo":"917","timestamp":"2026-08-04T12:21:53.988Z"}
4/8/2026, 5:51:53 pm | {"api":"/today-cash/:empNo","event":"TODAY_CASH_DB_QUERY_STARTED","empNo":"917","timestamp":"2026-08-04T12:21:53.989Z"}
4/8/2026, 5:51:53 pm | {"api":"/today-cash/:empNo","event":"TODAY_CASH_NOT_FOUND","empNo":"917","timestamp":"2026-08-04T12:21:53.994Z"}
4/8/2026, 5:51:56 pm | {"api":"/login","event":"LOGIN_API_STARTED","mpin":"7050","deviceId":"55c99c146c54efde","timestamp":"2026-08-04T12:21:56.839Z"}
4/8/2026, 5:51:56 pm | {"event":"LOGIN_REQUEST","mpin":"7050","deviceId":"55c99c146c54efde","timestamp":"2026-08-04T12:21:56.840Z"}
4/8/2026, 5:51:56 pm | {"api":"/login","event":"LOGIN_DB_QUERY_STARTED","mpin":"7050","timestamp":"2026-08-04T12:21:56.841Z"}
4/8/2026, 5:51:56 pm | {"api":"/login","event":"LOGIN_USER_FOUND","empNo":"441","branch":"Singarayapalem","designation":"Branch Manager","timestamp":"2026-08-04T12:21:56.852Z"}
4/8/2026, 5:51:56 pm | {"api":"/login","event":"LOGIN_DEVICE_CHECK","empNo":"441","savedDevice":"55c99c146c54efde","currentDevice":"55c99c146c54efde","timestamp":"2026-08-04T12:21:56.853Z"}
4/8/2026, 5:51:56 pm | {"api":"/login","event":"LOGIN_SUCCESS","empNo":"441","branch":"Singarayapalem","designation":"Branch Manager","loginTime":"2026-08-04T12:21:56.859Z"}
4/8/2026, 5:51:57 pm | {"api":"/employee/:empNo","event":"EMPLOYEE_API_STARTED","empNo":"441","timestamp":"2026-08-04T12:21:57.052Z"}
4/8/2026, 5:51:57 pm | {"api":"/employee/:empNo","event":"EMPLOYEE_DB_QUERY_STARTED","empNo":"441","timestamp":"2026-08-04T12:21:57.053Z"}
4/8/2026, 5:51:57 pm | {"api":"/employee/:empNo","event":"EMPLOYEE_FETCH_SUCCESS","empNo":"441","employeeName":"V.S.N.L.V.Vara Prasad","branch":"Singarayapalem","designation":"Branch Manager","timestamp":"2026-08-04T12:21:57.057Z"}
4/8/2026, 5:51:57 pm | {"api":"/last-submission/:empNo","event":"LAST_SUBMISSION_API_STARTED","empNo":"441","timestamp":"2026-08-04T12:21:57.115Z"}
4/8/2026, 5:51:57 pm | {"api":"/last-submission/:empNo","event":"LAST_SUBMISSION_DB_QUERY_STARTED","empNo":"441","timestamp":"2026-08-04T12:21:57.116Z"}
4/8/2026, 5:51:57 pm | {"api":"/last-submission/:empNo","event":"LAST_SUBMISSION_FETCH_SUCCESS","empNo":"441","amount":267000,"actionAt":"2026-08-03 18:05:09","timestamp":"2026-08-04T12:21:57.122Z"}
4/8/2026, 5:51:57 pm | {"api":"/today-cash/:empNo","event":"TODAY_CASH_API_STARTED","empNo":"441","timestamp":"2026-08-04T12:21:57.216Z"}
4/8/2026, 5:51:57 pm | {"api":"/today-cash/:empNo","event":"TODAY_CASH_DB_QUERY_STARTED","empNo":"441","timestamp":"2026-08-04T12:21:57.217Z"}
4/8/2026, 5:51:57 pm | {"api":"/today-cash/:empNo","event":"TODAY_CASH_NOT_FOUND","empNo":"441","timestamp":"2026-08-04T12:21:57.222Z"}
4/8/2026, 5:52:00 pm | {"api":"/save-cash-closing","event":"SAVE_CASH_API_STARTED","empNo":"917","amount":"480000","timestamp":"2026-08-04T12:22:00.305Z"}
4/8/2026, 5:52:00 pm | {"api":"/save-cash-closing","event":"PREVIOUS_DAY_RECORD_FOUND","empNo":"917","oldDate":"2026-08-03T00:00:00.000Z","amount":512000,"timestamp":"2026-08-04T12:22:00.312Z"}
4/8/2026, 5:52:00 pm | {"api":"/save-cash-closing","event":"PREVIOUS_DAY_MOVED_TO_HISTORY","empNo":"917","timestamp":"2026-08-04T12:22:00.317Z"}
4/8/2026, 5:52:00 pm | {"api":"/save-cash-closing","event":"PREVIOUS_DAY_DELETED","empNo":"917","timestamp":"2026-08-04T12:22:00.323Z"}
4/8/2026, 5:52:00 pm | {"api":"/save-cash-closing","event":"SAVE_CASH_NEW_ENTRY","empNo":"917","amount":"480000","branch":"Kankipadu","timestamp":"2026-08-04T12:22:00.326Z"}
4/8/2026, 5:52:00 pm | {"api":"/save-cash-closing","event":"SAVE_CASH_HISTORY_INSERTED","empNo":"917","actionType":"ADDED","version":1,"timestamp":"2026-08-04T12:22:00.337Z"}
4/8/2026, 5:52:00 pm | {"api":"/save-cash-closing","event":"SAVE_CASH_SUCCESS","type":"INSERT","empNo":"917","amount":"480000","timestamp":"2026-08-04T12:22:00.338Z"}
4/8/2026, 5:52:03 pm | {"api":"/save-cash-closing","event":"SAVE_CASH_API_STARTED","empNo":"917","amount":"480000","timestamp":"2026-08-04T12:22:03.130Z"}
4/8/2026, 5:52:03 pm | {"api":"/save-cash-closing","event":"SAVE_CASH_UPDATE_STARTED","empNo":"917","oldAmount":480000,"newAmount":"480000","currentVersion":1,"nextVersion":2,"timestamp":"2026-08-04T12:22:03.140Z"}
4/8/2026, 5:52:03 pm | {"api":"/save-cash-closing","event":"SAVE_CASH_HISTORY_UPDATED","empNo":"917","version":2,"timestamp":"2026-08-04T12:22:03.149Z"}
4/8/2026, 5:52:03 pm | {"api":"/save-cash-closing","event":"SAVE_CASH_SUCCESS","type":"UPDATE","empNo":"917","amount":"480000","version":2,"timestamp":"2026-08-04T12:22:03.150Z"}
4/8/2026, 5:52:05 pm | {"api":"/api/cash-closing-dashboard","event":"CASH_CLOSING_DASHBOARD_API_STARTED","filters":{"cluster":"","branch":"","fromDate":"","toDate":"","status":""},"timestamp":"2026-08-04T12:22:05.561Z"}
4/8/2026, 5:52:05 pm | {"api":"/api/cash-closing-dashboard","event":"CASH_CLOSING_DASHBOARD_DB_CONNECTED","timestamp":"2026-08-04T12:22:05.562Z"}
4/8/2026, 5:52:05 pm | {"api":"/api/cash-closing-dashboard","event":"CASH_CLOSING_DASHBOARD_QUERY_STARTED","filters":{"cluster":"","branch":"","fromDate":"","toDate":"","status":""},"timestamp":"2026-08-04T12:22:05.563Z"}
4/8/2026, 5:52:05 pm | {"api":"/api/cash-closing-dashboard","event":"CASH_CLOSING_DASHBOARD_DATA_FETCHED","totalRecords":56,"timestamp":"2026-08-04T12:22:05.569Z"}
4/8/2026, 5:52:05 pm | {"api":"/api/cash-closing-dashboard","event":"CASH_CLOSING_CLUSTER_FETCHED","totalClusters":5,"timestamp":"2026-08-04T12:22:05.572Z"}
4/8/2026, 5:52:05 pm | {"api":"/api/cash-closing-dashboard","event":"CASH_CLOSING_BRANCH_FETCHED","totalBranches":62,"timestamp":"2026-08-04T12:22:05.576Z"}
4/8/2026, 5:52:05 pm | {"api":"/api/cash-closing-dashboard","event":"CASH_CLOSING_DASHBOARD_SUCCESS","totalRecords":56,"filters":{"cluster":"","branch":"","fromDate":"","toDate":"","status":""},"timestamp":"2026-08-04T12:22:05.577Z"}
4/8/2026, 5:52:05 pm | {"api":"/api/cash-closing-dashboard","event":"CASH_CLOSING_DASHBOARD_API_STARTED","filters":{"cluster":"","branch":"","fromDate":"","toDate":"","status":""},"timestamp":"2026-08-04T12:22:05.643Z"}
4/8/2026, 5:52:05 pm | {"api":"/api/cash-closing-dashboard","event":"CASH_CLOSING_DASHBOARD_DB_CONNECTED","timestamp":"2026-08-04T12:22:05.644Z"}
4/8/2026, 5:52:05 pm | {"api":"/api/cash-closing-dashboard","event":"CASH_CLOSING_DASHBOARD_QUERY_STARTED","filters":{"cluster":"","branch":"","fromDate":"","toDate":"","status":""},"timestamp":"2026-08-04T12:22:05.644Z"}
4/8/2026, 5:52:05 pm | {"api":"/api/cash-closing-dashboard","event":"CASH_CLOSING_DASHBOARD_DATA_FETCHED","totalRecords":56,"timestamp":"2026-08-04T12:22:05.652Z"}
4/8/2026, 5:52:05 pm | {"api":"/api/cash-closing-dashboard","event":"CASH_CLOSING_CLUSTER_FETCHED","totalClusters":5,"timestamp":"2026-08-04T12:22:05.667Z"}
4/8/2026, 5:52:05 pm | {"api":"/api/cash-closing-dashboard","event":"CASH_CLOSING_BRANCH_FETCHED","totalBranches":62,"timestamp":"2026-08-04T12:22:05.671Z"}
4/8/2026, 5:52:05 pm | {"api":"/api/cash-closing-dashboard","event":"CASH_CLOSING_DASHBOARD_SUCCESS","totalRecords":56,"filters":{"cluster":"","branch":"","fromDate":"","toDate":"","status":""},"timestamp":"2026-08-04T12:22:05.672Z"}
4/8/2026, 5:52:05 pm | {"api":"/api/cash-closing-dashboard","event":"CASH_CLOSING_DASHBOARD_API_STARTED","filters":{"cluster":"","branch":"","fromDate":"","toDate":"","status":""},"timestamp":"2026-08-04T12:22:05.824Z"}
4/8/2026, 5:52:05 pm | {"api":"/api/cash-closing-dashboard","event":"CASH_CLOSING_DASHBOARD_DB_CONNECTED","timestamp":"2026-08-04T12:22:05.825Z"}
4/8/2026, 5:52:05 pm | {"api":"/api/cash-closing-dashboard","event":"CASH_CLOSING_DASHBOARD_QUERY_STARTED","filters":{"cluster":"","branch":"","fromDate":"","toDate":"","status":""},"timestamp":"2026-08-04T12:22:05.826Z"}
4/8/2026, 5:52:05 pm | {"api":"/api/cash-closing-dashboard","event":"CASH_CLOSING_DASHBOARD_DATA_FETCHED","totalRecords":56,"timestamp":"2026-08-04T12:22:05.834Z"}
4/8/2026, 5:52:05 pm | {"api":"/api/cash-closing-dashboard","event":"CASH_CLOSING_CLUSTER_FETCHED","totalClusters":5,"timestamp":"2026-08-04T12:22:05.837Z"}
4/8/2026, 5:52:05 pm | {"api":"/api/cash-closing-dashboard","event":"CASH_CLOSING_BRANCH_FETCHED","totalBranches":62,"timestamp":"2026-08-04T12:22:05.841Z"}
4/8/2026, 5:52:05 pm | {"api":"/api/cash-closing-dashboard","event":"CASH_CLOSING_DASHBOARD_SUCCESS","totalRecords":56,"filters":{"cluster":"","branch":"","fromDate":"","toDate":"","status":""},"timestamp":"2026-08-04T12:22:05.841Z"}
4/8/2026, 5:52:05 pm | {"api":"/api/cash-closing-dashboard","event":"CASH_CLOSING_DASHBOARD_API_STARTED","filters":{"cluster":"","branch":"","fromDate":"","toDate":"","status":""},"timestamp":"2026-08-04T12:22:05.978Z"}
4/8/2026, 5:52:05 pm | {"api":"/api/cash-closing-dashboard","event":"CASH_CLOSING_DASHBOARD_DB_CONNECTED","timestamp":"2026-08-04T12:22:05.979Z"}
4/8/2026, 5:52:05 pm | {"api":"/api/cash-closing-dashboard","event":"CASH_CLOSING_DASHBOARD_QUERY_STARTED","filters":{"cluster":"","branch":"","fromDate":"","toDate":"","status":""},"timestamp":"2026-08-04T12:22:05.979Z"}
4/8/2026, 5:52:05 pm | {"api":"/api/cash-closing-dashboard","event":"CASH_CLOSING_DASHBOARD_DATA_FETCHED","totalRecords":56,"timestamp":"2026-08-04T12:22:05.989Z"}
4/8/2026, 5:52:05 pm | {"api":"/api/cash-closing-dashboard","event":"CASH_CLOSING_CLUSTER_FETCHED","totalClusters":5,"timestamp":"2026-08-04T12:22:05.993Z"}
4/8/2026, 5:52:05 pm | {"api":"/api/cash-closing-dashboard","event":"CASH_CLOSING_BRANCH_FETCHED","totalBranches":62,"timestamp":"2026-08-04T12:22:05.997Z"}
4/8/2026, 5:52:05 pm | {"api":"/api/cash-closing-dashboard","event":"CASH_CLOSING_DASHBOARD_SUCCESS","totalRecords":56,"filters":{"cluster":"","branch":"","fromDate":"","toDate":"","status":""},"timestamp":"2026-08-04T12:22:05.998Z"}
4/8/2026, 5:52:06 pm | {"api":"/login","event":"LOGIN_API_STARTED","mpin":"1978","deviceId":"0cc594f412a16de2","timestamp":"2026-08-04T12:22:06.499Z"}
4/8/2026, 5:52:06 pm | {"event":"LOGIN_REQUEST","mpin":"1978","deviceId":"0cc594f412a16de2","timestamp":"2026-08-04T12:22:06.500Z"}
4/8/2026, 5:52:06 pm | {"api":"/login","event":"LOGIN_DB_QUERY_STARTED","mpin":"1978","timestamp":"2026-08-04T12:22:06.501Z"}
4/8/2026, 5:52:06 pm | {"api":"/login","event":"LOGIN_USER_FOUND","empNo":"403","branch":"Kanuru","designation":"Branch Manager","timestamp":"2026-08-04T12:22:06.507Z"}
4/8/2026, 5:52:06 pm | {"api":"/login","event":"LOGIN_DEVICE_CHECK","empNo":"403","savedDevice":"0cc594f412a16de2","currentDevice":"0cc594f412a16de2","timestamp":"2026-08-04T12:22:06.508Z"}
4/8/2026, 5:52:06 pm | {"api":"/login","event":"LOGIN_SUCCESS","empNo":"403","branch":"Kanuru","designation":"Branch Manager","loginTime":"2026-08-04T12:22:06.514Z"}
4/8/2026, 5:52:06 pm | {"api":"/employee/:empNo","event":"EMPLOYEE_API_STARTED","empNo":"403","timestamp":"2026-08-04T12:22:06.705Z"}
4/8/2026, 5:52:06 pm | {"api":"/employee/:empNo","event":"EMPLOYEE_DB_QUERY_STARTED","empNo":"403","timestamp":"2026-08-04T12:22:06.706Z"}
4/8/2026, 5:52:06 pm | {"api":"/employee/:empNo","event":"EMPLOYEE_FETCH_SUCCESS","empNo":"403","employeeName":"G.A.G.Prasad","branch":"Kanuru","designation":"Branch Manager","timestamp":"2026-08-04T12:22:06.709Z"}
4/8/2026, 5:52:06 pm | {"api":"/last-submission/:empNo","event":"LAST_SUBMISSION_API_STARTED","empNo":"403","timestamp":"2026-08-04T12:22:06.789Z"}
4/8/2026, 5:52:06 pm | {"api":"/last-submission/:empNo","event":"LAST_SUBMISSION_DB_QUERY_STARTED","empNo":"403","timestamp":"2026-08-04T12:22:06.790Z"}
4/8/2026, 5:52:06 pm | {"api":"/last-submission/:empNo","event":"LAST_SUBMISSION_FETCH_SUCCESS","empNo":"403","amount":845680,"actionAt":"2026-08-03 18:04:07","timestamp":"2026-08-04T12:22:06.797Z"}
4/8/2026, 5:52:07 pm | {"api":"/today-cash/:empNo","event":"TODAY_CASH_API_STARTED","empNo":"403","timestamp":"2026-08-04T12:22:07.014Z"}
4/8/2026, 5:52:07 pm | {"api":"/today-cash/:empNo","event":"TODAY_CASH_DB_QUERY_STARTED","empNo":"403","timestamp":"2026-08-04T12:22:07.015Z"}
4/8/2026, 5:52:07 pm | {"api":"/today-cash/:empNo","event":"TODAY_CASH_NOT_FOUND","empNo":"403","timestamp":"2026-08-04T12:22:07.020Z"}
4/8/2026, 5:52:08 pm | {"api":"/save-cash-closing","event":"SAVE_CASH_API_STARTED","empNo":"441","amount":"395207","timestamp":"2026-08-04T12:22:08.212Z"}
4/8/2026, 5:52:08 pm | {"api":"/save-cash-closing","event":"PREVIOUS_DAY_RECORD_FOUND","empNo":"441","oldDate":"2026-08-03T00:00:00.000Z","amount":267000,"timestamp":"2026-08-04T12:22:08.219Z"}
4/8/2026, 5:52:08 pm | {"api":"/save-cash-closing","event":"PREVIOUS_DAY_MOVED_TO_HISTORY","empNo":"441","timestamp":"2026-08-04T12:22:08.225Z"}
4/8/2026, 5:52:08 pm | {"api":"/save-cash-closing","event":"PREVIOUS_DAY_DELETED","empNo":"441","timestamp":"2026-08-04T12:22:08.230Z"}
4/8/2026, 5:52:08 pm | {"api":"/save-cash-closing","event":"SAVE_CASH_NEW_ENTRY","empNo":"441","amount":"395207","branch":"Singarayapalem","timestamp":"2026-08-04T12:22:08.234Z"}
4/8/2026, 5:52:08 pm | {"api":"/save-cash-closing","event":"SAVE_CASH_HISTORY_INSERTED","empNo":"441","actionType":"ADDED","version":1,"timestamp":"2026-08-04T12:22:08.244Z"}
4/8/2026, 5:52:08 pm | {"api":"/save-cash-closing","event":"SAVE_CASH_SUCCESS","type":"INSERT","empNo":"441","amount":"395207","timestamp":"2026-08-04T12:22:08.245Z"}
4/8/2026, 5:52:09 pm | {"api":"/login","event":"LOGIN_API_STARTED","mpin":"6735","deviceId":"a8480bb3ac923379","timestamp":"2026-08-04T12:22:09.166Z"}
4/8/2026, 5:52:09 pm | {"event":"LOGIN_REQUEST","mpin":"6735","deviceId":"a8480bb3ac923379","timestamp":"2026-08-04T12:22:09.167Z"}
4/8/2026, 5:52:09 pm | {"api":"/login","event":"LOGIN_DB_QUERY_STARTED","mpin":"6735","timestamp":"2026-08-04T12:22:09.168Z"}
4/8/2026, 5:52:09 pm | {"api":"/login","event":"LOGIN_USER_FOUND","empNo":"917","branch":"Kankipadu","designation":"Branch Manager","timestamp":"2026-08-04T12:22:09.180Z"}
4/8/2026, 5:52:09 pm | {"api":"/login","event":"LOGIN_DEVICE_CHECK","empNo":"917","savedDevice":"a8480bb3ac923379","currentDevice":"a8480bb3ac923379","timestamp":"2026-08-04T12:22:09.181Z"}
4/8/2026, 5:52:09 pm | {"api":"/login","event":"LOGIN_SUCCESS","empNo":"917","branch":"Kankipadu","designation":"Branch Manager","loginTime":"2026-08-04T12:22:09.186Z"}
4/8/2026, 5:52:09 pm | {"api":"/employee/:empNo","event":"EMPLOYEE_API_STARTED","empNo":"917","timestamp":"2026-08-04T12:22:09.359Z"}
4/8/2026, 5:52:09 pm | {"api":"/employee/:empNo","event":"EMPLOYEE_DB_QUERY_STARTED","empNo":"917","timestamp":"2026-08-04T12:22:09.361Z"}
4/8/2026, 5:52:09 pm | {"api":"/employee/:empNo","event":"EMPLOYEE_FETCH_SUCCESS","empNo":"917","employeeName":"Vundavalli Rambabu","branch":"Kankipadu","designation":"Branch Manager","timestamp":"2026-08-04T12:22:09.364Z"}
4/8/2026, 5:52:09 pm | {"api":"/last-submission/:empNo","event":"LAST_SUBMISSION_API_STARTED","empNo":"917","timestamp":"2026-08-04T12:22:09.429Z"}
4/8/2026, 5:52:09 pm | {"api":"/last-submission/:empNo","event":"LAST_SUBMISSION_DB_QUERY_STARTED","empNo":"917","timestamp":"2026-08-04T12:22:09.430Z"}
4/8/2026, 5:52:09 pm | {"api":"/last-submission/:empNo","event":"LAST_SUBMISSION_FETCH_SUCCESS","empNo":"917","amount":512000,"actionAt":"2026-08-03 18:14:59","timestamp":"2026-08-04T12:22:09.436Z"}
4/8/2026, 5:52:09 pm | {"api":"/today-cash/:empNo","event":"TODAY_CASH_API_STARTED","empNo":"917","timestamp":"2026-08-04T12:22:09.519Z"}
4/8/2026, 5:52:09 pm | {"api":"/today-cash/:empNo","event":"TODAY_CASH_DB_QUERY_STARTED","empNo":"917","timestamp":"2026-08-04T12:22:09.520Z"}
4/8/2026, 5:52:09 pm | {"api":"/today-cash/:empNo","event":"TODAY_CASH_FETCH_SUCCESS","empNo":"917","amount":480000,"actionAt":"2026-08-04 17:52:04","timestamp":"2026-08-04T12:22:09.525Z"}
4/8/2026, 5:52:11 pm | {"api":"/api/cash-closing-dashboard","event":"CASH_CLOSING_DASHBOARD_API_STARTED","filters":{"cluster":"","branch":"","fromDate":"","toDate":"","status":""},"timestamp":"2026-08-04T12:22:11.324Z"}
4/8/2026, 5:52:11 pm | {"api":"/api/cash-closing-dashboard","event":"CASH_CLOSING_DASHBOARD_DB_CONNECTED","timestamp":"2026-08-04T12:22:11.325Z"}
4/8/2026, 5:52:11 pm | {"api":"/api/cash-closing-dashboard","event":"CASH_CLOSING_DASHBOARD_QUERY_STARTED","filters":{"cluster":"","branch":"","fromDate":"","toDate":"","status":""},"timestamp":"2026-08-04T12:22:11.326Z"}
4/8/2026, 5:52:11 pm | {"api":"/api/cash-closing-dashboard","event":"CASH_CLOSING_DASHBOARD_DATA_FETCHED","totalRecords":56,"timestamp":"2026-08-04T12:22:11.334Z"}
4/8/2026, 5:52:11 pm | {"api":"/api/cash-closing-dashboard","event":"CASH_CLOSING_CLUSTER_FETCHED","totalClusters":5,"timestamp":"2026-08-04T12:22:11.338Z"}
4/8/2026, 5:52:11 pm | {"api":"/api/cash-closing-dashboard","event":"CASH_CLOSING_BRANCH_FETCHED","totalBranches":62,"timestamp":"2026-08-04T12:22:11.342Z"}
4/8/2026, 5:52:11 pm | {"api":"/api/cash-closing-dashboard","event":"CASH_CLOSING_DASHBOARD_SUCCESS","totalRecords":56,"filters":{"cluster":"","branch":"","fromDate":"","toDate":"","status":""},"timestamp":"2026-08-04T12:22:11.343Z"}
4/8/2026, 5:52:11 pm | {"api":"/api/cash-closing-dashboard","event":"CASH_CLOSING_DASHBOARD_API_STARTED","filters":{"cluster":"","branch":"","fromDate":"","toDate":"","status":""},"timestamp":"2026-08-04T12:22:11.488Z"}
4/8/2026, 5:52:11 pm | {"api":"/api/cash-closing-dashboard","event":"CASH_CLOSING_DASHBOARD_DB_CONNECTED","timestamp":"2026-08-04T12:22:11.489Z"}
4/8/2026, 5:52:11 pm | {"api":"/api/cash-closing-dashboard","event":"CASH_CLOSING_DASHBOARD_QUERY_STARTED","filters":{"cluster":"","branch":"","fromDate":"","toDate":"","status":""},"timestamp":"2026-08-04T12:22:11.490Z"}
4/8/2026, 5:52:11 pm | {"api":"/api/cash-closing-dashboard","event":"CASH_CLOSING_DASHBOARD_DATA_FETCHED","totalRecords":56,"timestamp":"2026-08-04T12:22:11.497Z"}
4/8/2026, 5:52:11 pm | {"api":"/api/cash-closing-dashboard","event":"CASH_CLOSING_CLUSTER_FETCHED","totalClusters":5,"timestamp":"2026-08-04T12:22:11.501Z"}
4/8/2026, 5:52:11 pm | {"api":"/api/cash-closing-dashboard","event":"CASH_CLOSING_BRANCH_FETCHED","totalBranches":62,"timestamp":"2026-08-04T12:22:11.504Z"}
4/8/2026, 5:52:11 pm | {"api":"/api/cash-closing-dashboard","event":"CASH_CLOSING_DASHBOARD_SUCCESS","totalRecords":56,"filters":{"cluster":"","branch":"","fromDate":"","toDate":"","status":""},"timestamp":"2026-08-04T12:22:11.504Z"}
4/8/2026, 5:52:11 pm | {"api":"/api/cash-closing-dashboard","event":"CASH_CLOSING_DASHBOARD_API_STARTED","filters":{"cluster":"","branch":"","fromDate":"","toDate":"","status":""},"timestamp":"2026-08-04T12:22:11.656Z"}
4/8/2026, 5:52:11 pm | {"api":"/api/cash-closing-dashboard","event":"CASH_CLOSING_DASHBOARD_DB_CONNECTED","timestamp":"2026-08-04T12:22:11.657Z"}
4/8/2026, 5:52:11 pm | {"api":"/api/cash-closing-dashboard","event":"CASH_CLOSING_DASHBOARD_QUERY_STARTED","filters":{"cluster":"","branch":"","fromDate":"","toDate":"","status":""},"timestamp":"2026-08-04T12:22:11.658Z"}
4/8/2026, 5:52:11 pm | {"api":"/api/cash-closing-dashboard","event":"CASH_CLOSING_DASHBOARD_DATA_FETCHED","totalRecords":56,"timestamp":"2026-08-04T12:22:11.666Z"}
4/8/2026, 5:52:11 pm | {"api":"/api/cash-closing-dashboard","event":"CASH_CLOSING_CLUSTER_FETCHED","totalClusters":5,"timestamp":"2026-08-04T12:22:11.670Z"}
4/8/2026, 5:52:11 pm | {"api":"/api/cash-closing-dashboard","event":"CASH_CLOSING_BRANCH_FETCHED","totalBranches":62,"timestamp":"2026-08-04T12:22:11.674Z"}
4/8/2026, 5:52:11 pm | {"api":"/api/cash-closing-dashboard","event":"CASH_CLOSING_DASHBOARD_SUCCESS","totalRecords":56,"filters":{"cluster":"","branch":"","fromDate":"","toDate":"","status":""},"timestamp":"2026-08-04T12:22:11.675Z"}
4/8/2026, 5:52:12 pm | {"api":"/api/cash-closing-dashboard","event":"CASH_CLOSING_DASHBOARD_API_STARTED","filters":{"cluster":"","branch":"","fromDate":"","toDate":"","status":""},"timestamp":"2026-08-04T12:22:12.008Z"}
4/8/2026, 5:52:12 pm | {"api":"/api/cash-closing-dashboard","event":"CASH_CLOSING_DASHBOARD_DB_CONNECTED","timestamp":"2026-08-04T12:22:12.009Z"}
4/8/2026, 5:52:12 pm | {"api":"/api/cash-closing-dashboard","event":"CASH_CLOSING_DASHBOARD_QUERY_STARTED","filters":{"cluster":"","branch":"","fromDate":"","toDate":"","status":""},"timestamp":"2026-08-04T12:22:12.010Z"}
4/8/2026, 5:52:12 pm | {"api":"/api/cash-closing-dashboard","event":"CASH_CLOSING_DASHBOARD_DATA_FETCHED","totalRecords":56,"timestamp":"2026-08-04T12:22:12.017Z"}
4/8/2026, 5:52:12 pm | {"api":"/api/cash-closing-dashboard","event":"CASH_CLOSING_CLUSTER_FETCHED","totalClusters":5,"timestamp":"2026-08-04T12:22:12.021Z"}
4/8/2026, 5:52:12 pm | {"api":"/api/cash-closing-dashboard","event":"CASH_CLOSING_BRANCH_FETCHED","totalBranches":62,"timestamp":"2026-08-04T12:22:12.024Z"}
4/8/2026, 5:52:12 pm | {"api":"/api/cash-closing-dashboard","event":"CASH_CLOSING_DASHBOARD_SUCCESS","totalRecords":56,"filters":{"cluster":"","branch":"","fromDate":"","toDate":"","status":""},"timestamp":"2026-08-04T12:22:12.025Z"}
4/8/2026, 5:52:16 pm | {"api":"/save-cash-closing","event":"SAVE_CASH_API_STARTED","empNo":"403","amount":"2565833","timestamp":"2026-08-04T12:22:16.390Z"}
4/8/2026, 5:52:16 pm | {"api":"/save-cash-closing","event":"PREVIOUS_DAY_RECORD_FOUND","empNo":"403","oldDate":"2026-08-03T00:00:00.000Z","amount":845680,"timestamp":"2026-08-04T12:22:16.397Z"}
4/8/2026, 5:52:16 pm | {"api":"/save-cash-closing","event":"PREVIOUS_DAY_MOVED_TO_HISTORY","empNo":"403","timestamp":"2026-08-04T12:22:16.404Z"}
4/8/2026, 5:52:16 pm | {"api":"/save-cash-closing","event":"PREVIOUS_DAY_DELETED","empNo":"403","timestamp":"2026-08-04T12:22:16.412Z"}
4/8/2026, 5:52:16 pm | {"api":"/save-cash-closing","event":"SAVE_CASH_NEW_ENTRY","empNo":"403","amount":"2565833","branch":"Kanuru","timestamp":"2026-08-04T12:22:16.415Z"}
4/8/2026, 5:52:16 pm | {"api":"/save-cash-closing","event":"SAVE_CASH_HISTORY_INSERTED","empNo":"403","actionType":"ADDED","version":1,"timestamp":"2026-08-04T12:22:16.426Z"}
4/8/2026, 5:52:16 pm | {"api":"/save-cash-closing","event":"SAVE_CASH_SUCCESS","type":"INSERT","empNo":"403","amount":"2565833","timestamp":"2026-08-04T12:22:16.427Z"}
4/8/2026, 5:52:17 pm | {"api":"/api/cash-closing-dashboard","event":"CASH_CLOSING_DASHBOARD_API_STARTED","filters":{"cluster":"","branch":"","fromDate":"","toDate":"","status":""},"timestamp":"2026-08-04T12:22:17.045Z"}
4/8/2026, 5:52:17 pm | {"api":"/api/cash-closing-dashboard","event":"CASH_CLOSING_DASHBOARD_DB_CONNECTED","timestamp":"2026-08-04T12:22:17.046Z"}
4/8/2026, 5:52:17 pm | {"api":"/api/cash-closing-dashboard","event":"CASH_CLOSING_DASHBOARD_QUERY_STARTED","filters":{"cluster":"","branch":"","fromDate":"","toDate":"","status":""},"timestamp":"2026-08-04T12:22:17.046Z"}
4/8/2026, 5:52:17 pm | {"api":"/api/cash-closing-dashboard","event":"CASH_CLOSING_DASHBOARD_DATA_FETCHED","totalRecords":56,"timestamp":"2026-08-04T12:22:17.053Z"}
4/8/2026, 5:52:17 pm | {"api":"/api/cash-closing-dashboard","event":"CASH_CLOSING_CLUSTER_FETCHED","totalClusters":5,"timestamp":"2026-08-04T12:22:17.056Z"}
4/8/2026, 5:52:17 pm | {"api":"/api/cash-closing-dashboard","event":"CASH_CLOSING_BRANCH_FETCHED","totalBranches":62,"timestamp":"2026-08-04T12:22:17.060Z"}
4/8/2026, 5:52:17 pm | {"api":"/api/cash-closing-dashboard","event":"CASH_CLOSING_DASHBOARD_SUCCESS","totalRecords":56,"filters":{"cluster":"","branch":"","fromDate":"","toDate":"","status":""},"timestamp":"2026-08-04T12:22:17.061Z"}
4/8/2026, 5:52:17 pm | {"api":"/api/cash-closing-dashboard","event":"CASH_CLOSING_DASHBOARD_API_STARTED","filters":{"cluster":"","branch":"","fromDate":"","toDate":"","status":""},"timestamp":"2026-08-04T12:22:17.184Z"}
4/8/2026, 5:52:17 pm | {"api":"/api/cash-closing-dashboard","event":"CASH_CLOSING_DASHBOARD_DB_CONNECTED","timestamp":"2026-08-04T12:22:17.185Z"}
4/8/2026, 5:52:17 pm | {"api":"/api/cash-closing-dashboard","event":"CASH_CLOSING_DASHBOARD_QUERY_STARTED","filters":{"cluster":"","branch":"","fromDate":"","toDate":"","status":""},"timestamp":"2026-08-04T12:22:17.186Z"}
4/8/2026, 5:52:17 pm | {"api":"/api/cash-closing-dashboard","event":"CASH_CLOSING_DASHBOARD_DATA_FETCHED","totalRecords":56,"timestamp":"2026-08-04T12:22:17.194Z"}
4/8/2026, 5:52:17 pm | {"api":"/api/cash-closing-dashboard","event":"CASH_CLOSING_CLUSTER_FETCHED","totalClusters":5,"timestamp":"2026-08-04T12:22:17.197Z"}
4/8/2026, 5:52:17 pm | {"api":"/api/cash-closing-dashboard","event":"CASH_CLOSING_BRANCH_FETCHED","totalBranches":62,"timestamp":"2026-08-04T12:22:17.201Z"}
4/8/2026, 5:52:17 pm | {"api":"/api/cash-closing-dashboard","event":"CASH_CLOSING_DASHBOARD_SUCCESS","totalRecords":56,"filters":{"cluster":"","branch":"","fromDate":"","toDate":"","status":""},"timestamp":"2026-08-04T12:22:17.202Z"}
4/8/2026, 5:52:22 pm | {"api":"/api/cash-closing-dashboard","event":"CASH_CLOSING_DASHBOARD_API_STARTED","filters":{"cluster":"","branch":"","fromDate":"","toDate":"","status":""},"timestamp":"2026-08-04T12:22:22.208Z"}
4/8/2026, 5:52:22 pm | {"api":"/api/cash-closing-dashboard","event":"CASH_CLOSING_DASHBOARD_DB_CONNECTED","timestamp":"2026-08-04T12:22:22.209Z"}
4/8/2026, 5:52:22 pm | {"api":"/api/cash-closing-dashboard","event":"CASH_CLOSING_DASHBOARD_QUERY_STARTED","filters":{"cluster":"","branch":"","fromDate":"","toDate":"","status":""},"timestamp":"2026-08-04T12:22:22.210Z"}
4/8/2026, 5:52:22 pm | {"api":"/api/cash-closing-dashboard","event":"CASH_CLOSING_DASHBOARD_DATA_FETCHED","totalRecords":56,"timestamp":"2026-08-04T12:22:22.217Z"}
4/8/2026, 5:52:22 pm | {"api":"/api/cash-closing-dashboard","event":"CASH_CLOSING_CLUSTER_FETCHED","totalClusters":5,"timestamp":"2026-08-04T12:22:22.222Z"}
4/8/2026, 5:52:22 pm | {"api":"/api/cash-closing-dashboard","event":"CASH_CLOSING_BRANCH_FETCHED","totalBranches":62,"timestamp":"2026-08-04T12:22:22.227Z"}
4/8/2026, 5:52:22 pm | {"api":"/api/cash-closing-dashboard","event":"CASH_CLOSING_DASHBOARD_SUCCESS","totalRecords":56,"filters":{"cluster":"","branch":"","fromDate":"","toDate":"","status":""},"timestamp":"2026-08-04T12:22:22.228Z"}
4/8/2026, 5:52:22 pm | {"api":"/api/cash-closing-dashboard","event":"CASH_CLOSING_DASHBOARD_API_STARTED","filters":{"cluster":"","branch":"","fromDate":"","toDate":"","status":""},"timestamp":"2026-08-04T12:22:22.344Z"}
4/8/2026, 5:52:22 pm | {"api":"/api/cash-closing-dashboard","event":"CASH_CLOSING_DASHBOARD_DB_CONNECTED","timestamp":"2026-08-04T12:22:22.345Z"}
4/8/2026, 5:52:22 pm | {"api":"/api/cash-closing-dashboard","event":"CASH_CLOSING_DASHBOARD_QUERY_STARTED","filters":{"cluster":"","branch":"","fromDate":"","toDate":"","status":""},"timestamp":"2026-08-04T12:22:22.345Z"}
4/8/2026, 5:52:22 pm | {"api":"/api/cash-closing-dashboard","event":"CASH_CLOSING_DASHBOARD_DATA_FETCHED","totalRecords":56,"timestamp":"2026-08-04T12:22:22.353Z"}
4/8/2026, 5:52:22 pm | {"api":"/api/cash-closing-dashboard","event":"CASH_CLOSING_CLUSTER_FETCHED","totalClusters":5,"timestamp":"2026-08-04T12:22:22.359Z"}
4/8/2026, 5:52:22 pm | {"api":"/api/cash-closing-dashboard","event":"CASH_CLOSING_BRANCH_FETCHED","totalBranches":62,"timestamp":"2026-08-04T12:22:22.363Z"}
4/8/2026, 5:52:22 pm | {"api":"/api/cash-closing-dashboard","event":"CASH_CLOSING_DASHBOARD_SUCCESS","totalRecords":56,"filters":{"cluster":"","branch":"","fromDate":"","toDate":"","status":""},"timestamp":"2026-08-04T12:22:22.364Z"}
4/8/2026, 5:52:29 pm | {"api":"/api/cash-closing-dashboard","event":"CASH_CLOSING_DASHBOARD_API_STARTED","filters":{"cluster":"","branch":"","fromDate":"","toDate":"","status":""},"timestamp":"2026-08-04T12:22:29.081Z"}
4/8/2026, 5:52:29 pm | {"api":"/api/cash-closing-dashboard","event":"CASH_CLOSING_DASHBOARD_DB_CONNECTED","timestamp":"2026-08-04T12:22:29.082Z"}
4/8/2026, 5:52:29 pm | {"api":"/api/cash-closing-dashboard","event":"CASH_CLOSING_DASHBOARD_QUERY_STARTED","filters":{"cluster":"","branch":"","fromDate":"","toDate":"","status":""},"timestamp":"2026-08-04T12:22:29.082Z"}
4/8/2026, 5:52:29 pm | {"api":"/api/cash-closing-dashboard","event":"CASH_CLOSING_DASHBOARD_DATA_FETCHED","totalRecords":56,"timestamp":"2026-08-04T12:22:29.088Z"}
4/8/2026, 5:52:29 pm | {"api":"/api/cash-closing-dashboard","event":"CASH_CLOSING_CLUSTER_FETCHED","totalClusters":5,"timestamp":"2026-08-04T12:22:29.092Z"}
4/8/2026, 5:52:29 pm | {"api":"/api/cash-closing-dashboard","event":"CASH_CLOSING_BRANCH_FETCHED","totalBranches":62,"timestamp":"2026-08-04T12:22:29.096Z"}
4/8/2026, 5:52:29 pm | {"api":"/api/cash-closing-dashboard","event":"CASH_CLOSING_DASHBOARD_SUCCESS","totalRecords":56,"filters":{"cluster":"","branch":"","fromDate":"","toDate":"","status":""},"timestamp":"2026-08-04T12:22:29.096Z"}
4/8/2026, 5:52:29 pm | {"api":"/api/cash-closing-dashboard","event":"CASH_CLOSING_DASHBOARD_API_STARTED","filters":{"cluster":"","branch":"","fromDate":"","toDate":"","status":""},"timestamp":"2026-08-04T12:22:29.240Z"}
4/8/2026, 5:52:29 pm | {"api":"/api/cash-closing-dashboard","event":"CASH_CLOSING_DASHBOARD_DB_CONNECTED","timestamp":"2026-08-04T12:22:29.243Z"}
4/8/2026, 5:52:29 pm | {"api":"/api/cash-closing-dashboard","event":"CASH_CLOSING_DASHBOARD_QUERY_STARTED","filters":{"cluster":"","branch":"","fromDate":"","toDate":"","status":""},"timestamp":"2026-08-04T12:22:29.243Z"}
4/8/2026, 5:52:29 pm | {"api":"/api/cash-closing-dashboard","event":"CASH_CLOSING_DASHBOARD_DATA_FETCHED","totalRecords":56,"timestamp":"2026-08-04T12:22:29.251Z"}
4/8/2026, 5:52:29 pm | {"api":"/api/cash-closing-dashboard","event":"CASH_CLOSING_CLUSTER_FETCHED","totalClusters":5,"timestamp":"2026-08-04T12:22:29.256Z"}
4/8/2026, 5:52:29 pm | {"api":"/api/cash-closing-dashboard","event":"CASH_CLOSING_BRANCH_FETCHED","totalBranches":62,"timestamp":"2026-08-04T12:22:29.259Z"}
4/8/2026, 5:52:29 pm | {"api":"/api/cash-closing-dashboard","event":"CASH_CLOSING_DASHBOARD_SUCCESS","totalRecords":56,"filters":{"cluster":"","branch":"","fromDate":"","toDate":"","status":""},"timestamp":"2026-08-04T12:22:29.260Z"}
4/8/2026, 5:52:34 pm | {"api":"/login","event":"LOGIN_API_STARTED","mpin":"1978","deviceId":"0cc594f412a16de2","timestamp":"2026-08-04T12:22:34.735Z"}
4/8/2026, 5:52:34 pm | {"event":"LOGIN_REQUEST","mpin":"1978","deviceId":"0cc594f412a16de2","timestamp":"2026-08-04T12:22:34.736Z"}
4/8/2026, 5:52:34 pm | {"api":"/login","event":"LOGIN_DB_QUERY_STARTED","mpin":"1978","timestamp":"2026-08-04T12:22:34.737Z"}
4/8/2026, 5:52:34 pm | {"api":"/login","event":"LOGIN_USER_FOUND","empNo":"403","branch":"Kanuru","designation":"Branch Manager","timestamp":"2026-08-04T12:22:34.743Z"}
4/8/2026, 5:52:34 pm | {"api":"/login","event":"LOGIN_DEVICE_CHECK","empNo":"403","savedDevice":"0cc594f412a16de2","currentDevice":"0cc594f412a16de2","timestamp":"2026-08-04T12:22:34.743Z"}
4/8/2026, 5:52:34 pm | {"api":"/login","event":"LOGIN_SUCCESS","empNo":"403","branch":"Kanuru","designation":"Branch Manager","loginTime":"2026-08-04T12:22:34.750Z"}
4/8/2026, 5:52:34 pm | {"api":"/employee/:empNo","event":"EMPLOYEE_API_STARTED","empNo":"403","timestamp":"2026-08-04T12:22:34.975Z"}
4/8/2026, 5:52:34 pm | {"api":"/employee/:empNo","event":"EMPLOYEE_DB_QUERY_STARTED","empNo":"403","timestamp":"2026-08-04T12:22:34.976Z"}
4/8/2026, 5:52:34 pm | {"api":"/employee/:empNo","event":"EMPLOYEE_FETCH_SUCCESS","empNo":"403","employeeName":"G.A.G.Prasad","branch":"Kanuru","designation":"Branch Manager","timestamp":"2026-08-04T12:22:34.980Z"}
4/8/2026, 5:52:35 pm | {"api":"/last-submission/:empNo","event":"LAST_SUBMISSION_API_STARTED","empNo":"403","timestamp":"2026-08-04T12:22:35.061Z"}
4/8/2026, 5:52:35 pm | {"api":"/last-submission/:empNo","event":"LAST_SUBMISSION_DB_QUERY_STARTED","empNo":"403","timestamp":"2026-08-04T12:22:35.062Z"}
4/8/2026, 5:52:35 pm | {"api":"/last-submission/:empNo","event":"LAST_SUBMISSION_FETCH_SUCCESS","empNo":"403","amount":845680,"actionAt":"2026-08-03 18:04:07","timestamp":"2026-08-04T12:22:35.067Z"}
4/8/2026, 5:52:35 pm | {"api":"/today-cash/:empNo","event":"TODAY_CASH_API_STARTED","empNo":"403","timestamp":"2026-08-04T12:22:35.166Z"}
4/8/2026, 5:52:35 pm | {"api":"/today-cash/:empNo","event":"TODAY_CASH_DB_QUERY_STARTED","empNo":"403","timestamp":"2026-08-04T12:22:35.167Z"}
4/8/2026, 5:52:35 pm | {"api":"/today-cash/:empNo","event":"TODAY_CASH_FETCH_SUCCESS","empNo":"403","amount":2565833,"actionAt":"2026-08-04 17:52:17","timestamp":"2026-08-04T12:22:35.172Z"}
4/8/2026, 5:52:39 pm | {"api":"/api/cash-closing-dashboard","event":"CASH_CLOSING_DASHBOARD_API_STARTED","filters":{"cluster":"","branch":"","fromDate":"","toDate":"","status":""},"timestamp":"2026-08-04T12:22:39.578Z"}
4/8/2026, 5:52:39 pm | {"api":"/api/cash-closing-dashboard","event":"CASH_CLOSING_DASHBOARD_DB_CONNECTED","timestamp":"2026-08-04T12:22:39.579Z"}
4/8/2026, 5:52:39 pm | {"api":"/api/cash-closing-dashboard","event":"CASH_CLOSING_DASHBOARD_QUERY_STARTED","filters":{"cluster":"","branch":"","fromDate":"","toDate":"","status":""},"timestamp":"2026-08-04T12:22:39.579Z"}
4/8/2026, 5:52:39 pm | {"api":"/api/cash-closing-dashboard","event":"CASH_CLOSING_DASHBOARD_DATA_FETCHED","totalRecords":56,"timestamp":"2026-08-04T12:22:39.588Z"}
4/8/2026, 5:52:39 pm | {"api":"/api/cash-closing-dashboard","event":"CASH_CLOSING_CLUSTER_FETCHED","totalClusters":5,"timestamp":"2026-08-04T12:22:39.593Z"}
4/8/2026, 5:52:39 pm | {"api":"/api/cash-closing-dashboard","event":"CASH_CLOSING_BRANCH_FETCHED","totalBranches":62,"timestamp":"2026-08-04T12:22:39.597Z"}
4/8/2026, 5:52:39 pm | {"api":"/api/cash-closing-dashboard","event":"CASH_CLOSING_DASHBOARD_SUCCESS","totalRecords":56,"filters":{"cluster":"","branch":"","fromDate":"","toDate":"","status":""},"timestamp":"2026-08-04T12:22:39.597Z"}
4/8/2026, 5:52:39 pm | {"api":"/api/cash-closing-dashboard","event":"CASH_CLOSING_DASHBOARD_API_STARTED","filters":{"cluster":"","branch":"","fromDate":"","toDate":"","status":""},"timestamp":"2026-08-04T12:22:39.654Z"}
4/8/2026, 5:52:39 pm | {"api":"/api/cash-closing-dashboard","event":"CASH_CLOSING_DASHBOARD_DB_CONNECTED","timestamp":"2026-08-04T12:22:39.655Z"}
4/8/2026, 5:52:39 pm | {"api":"/api/cash-closing-dashboard","event":"CASH_CLOSING_DASHBOARD_QUERY_STARTED","filters":{"cluster":"","branch":"","fromDate":"","toDate":"","status":""},"timestamp":"2026-08-04T12:22:39.655Z"}
4/8/2026, 5:52:39 pm | {"api":"/api/cash-closing-dashboard","event":"CASH_CLOSING_DASHBOARD_DATA_FETCHED","totalRecords":56,"timestamp":"2026-08-04T12:22:39.662Z"}
4/8/2026, 5:52:39 pm | {"api":"/api/cash-closing-dashboard","event":"CASH_CLOSING_CLUSTER_FETCHED","totalClusters":5,"timestamp":"2026-08-04T12:22:39.666Z"}
4/8/2026, 5:52:39 pm | {"api":"/api/cash-closing-dashboard","event":"CASH_CLOSING_BRANCH_FETCHED","totalBranches":62,"timestamp":"2026-08-04T12:22:39.670Z"}
4/8/2026, 5:52:39 pm | {"api":"/api/cash-closing-dashboard","event":"CASH_CLOSING_DASHBOARD_SUCCESS","totalRecords":56,"filters":{"cluster":"","branch":"","fromDate":"","toDate":"","status":""},"timestamp":"2026-08-04T12:22:39.671Z"}
4/8/2026, 5:52:40 pm | {"api":"/login","event":"LOGIN_API_STARTED","mpin":"2700","deviceId":"3169622446f20520","timestamp":"2026-08-04T12:22:40.840Z"}
4/8/2026, 5:52:40 pm | {"event":"LOGIN_REQUEST","mpin":"2700","deviceId":"3169622446f20520","timestamp":"2026-08-04T12:22:40.841Z"}
4/8/2026, 5:52:40 pm | {"api":"/login","event":"LOGIN_DB_QUERY_STARTED","mpin":"2700","timestamp":"2026-08-04T12:22:40.841Z"}
4/8/2026, 5:52:40 pm | {"api":"/login","event":"LOGIN_USER_FOUND","empNo":"270","branch":"Tenali","designation":"Branch Manager","timestamp":"2026-08-04T12:22:40.847Z"}
4/8/2026, 5:52:40 pm | {"api":"/login","event":"LOGIN_DEVICE_CHECK","empNo":"270","savedDevice":"3169622446f20520","currentDevice":"3169622446f20520","timestamp":"2026-08-04T12:22:40.848Z"}
4/8/2026, 5:52:40 pm | {"api":"/login","event":"LOGIN_SUCCESS","empNo":"270","branch":"Tenali","designation":"Branch Manager","loginTime":"2026-08-04T12:22:40.855Z"}
4/8/2026, 5:52:40 pm | {"api":"/employee/:empNo","event":"EMPLOYEE_API_STARTED","empNo":"270","timestamp":"2026-08-04T12:22:40.991Z"}
4/8/2026, 5:52:40 pm | {"api":"/employee/:empNo","event":"EMPLOYEE_DB_QUERY_STARTED","empNo":"270","timestamp":"2026-08-04T12:22:40.992Z"}
4/8/2026, 5:52:40 pm | {"api":"/employee/:empNo","event":"EMPLOYEE_FETCH_SUCCESS","empNo":"270","employeeName":"Ch. Naga Raju","branch":"Tenali","designation":"Branch Manager","timestamp":"2026-08-04T12:22:40.997Z"}
4/8/2026, 5:52:41 pm | {"api":"/last-submission/:empNo","event":"LAST_SUBMISSION_API_STARTED","empNo":"270","timestamp":"2026-08-04T12:22:41.050Z"}
4/8/2026, 5:52:41 pm | {"api":"/last-submission/:empNo","event":"LAST_SUBMISSION_DB_QUERY_STARTED","empNo":"270","timestamp":"2026-08-04T12:22:41.051Z"}
4/8/2026, 5:52:41 pm | {"api":"/last-submission/:empNo","event":"LAST_SUBMISSION_FETCH_SUCCESS","empNo":"270","amount":1890000,"actionAt":"2026-08-03 17:50:01","timestamp":"2026-08-04T12:22:41.056Z"}
4/8/2026, 5:52:41 pm | {"api":"/today-cash/:empNo","event":"TODAY_CASH_API_STARTED","empNo":"270","timestamp":"2026-08-04T12:22:41.178Z"}
4/8/2026, 5:52:41 pm | {"api":"/today-cash/:empNo","event":"TODAY_CASH_DB_QUERY_STARTED","empNo":"270","timestamp":"2026-08-04T12:22:41.179Z"}
4/8/2026, 5:52:41 pm | {"api":"/today-cash/:empNo","event":"TODAY_CASH_NOT_FOUND","empNo":"270","timestamp":"2026-08-04T12:22:41.185Z"}
4/8/2026, 5:52:41 pm | {"api":"/login","event":"LOGIN_API_STARTED","mpin":"2849","deviceId":"50372d90b5c12d07","timestamp":"2026-08-04T12:22:41.961Z"}
4/8/2026, 5:52:41 pm | {"event":"LOGIN_REQUEST","mpin":"2849","deviceId":"50372d90b5c12d07","timestamp":"2026-08-04T12:22:41.962Z"}
4/8/2026, 5:52:41 pm | {"api":"/login","event":"LOGIN_DB_QUERY_STARTED","mpin":"2849","timestamp":"2026-08-04T12:22:41.963Z"}
4/8/2026, 5:52:41 pm | {"api":"/login","event":"LOGIN_USER_FOUND","empNo":"494","branch":"Vuyyuru","designation":"Branch Manager","timestamp":"2026-08-04T12:22:41.972Z"}
4/8/2026, 5:52:41 pm | {"api":"/login","event":"LOGIN_DEVICE_CHECK","empNo":"494","savedDevice":"50372d90b5c12d07","currentDevice":"50372d90b5c12d07","timestamp":"2026-08-04T12:22:41.973Z"}
4/8/2026, 5:52:41 pm | {"api":"/login","event":"LOGIN_SUCCESS","empNo":"494","branch":"Vuyyuru","designation":"Branch Manager","loginTime":"2026-08-04T12:22:41.979Z"}
4/8/2026, 5:52:42 pm | {"api":"/employee/:empNo","event":"EMPLOYEE_API_STARTED","empNo":"494","timestamp":"2026-08-04T12:22:42.265Z"}
4/8/2026, 5:52:42 pm | {"api":"/employee/:empNo","event":"EMPLOYEE_DB_QUERY_STARTED","empNo":"494","timestamp":"2026-08-04T12:22:42.265Z"}
4/8/2026, 5:52:42 pm | {"api":"/employee/:empNo","event":"EMPLOYEE_FETCH_SUCCESS","empNo":"494","employeeName":"N Naga Siva Krishna","branch":"Vuyyuru","designation":"Branch Manager","timestamp":"2026-08-04T12:22:42.270Z"}
4/8/2026, 5:52:42 pm | {"api":"/last-submission/:empNo","event":"LAST_SUBMISSION_API_STARTED","empNo":"494","timestamp":"2026-08-04T12:22:42.544Z"}
4/8/2026, 5:52:42 pm | {"api":"/last-submission/:empNo","event":"LAST_SUBMISSION_DB_QUERY_STARTED","empNo":"494","timestamp":"2026-08-04T12:22:42.546Z"}
4/8/2026, 5:52:42 pm | {"api":"/last-submission/:empNo","event":"LAST_SUBMISSION_FETCH_SUCCESS","empNo":"494","amount":1400000,"actionAt":"2026-08-03 17:43:05","timestamp":"2026-08-04T12:22:42.551Z"}
4/8/2026, 5:52:42 pm | {"api":"/today-cash/:empNo","event":"TODAY_CASH_API_STARTED","empNo":"494","timestamp":"2026-08-04T12:22:42.950Z"}
4/8/2026, 5:52:42 pm | {"api":"/today-cash/:empNo","event":"TODAY_CASH_DB_QUERY_STARTED","empNo":"494","timestamp":"2026-08-04T12:22:42.951Z"}
4/8/2026, 5:52:42 pm | {"api":"/today-cash/:empNo","event":"TODAY_CASH_NOT_FOUND","empNo":"494","timestamp":"2026-08-04T12:22:42.958Z"}
4/8/2026, 5:52:44 pm | {"api":"/login","event":"LOGIN_API_STARTED","mpin":"3117","deviceId":"c07c541ce92469ae","timestamp":"2026-08-04T12:22:44.446Z"}
4/8/2026, 5:52:44 pm | {"event":"LOGIN_REQUEST","mpin":"3117","deviceId":"c07c541ce92469ae","timestamp":"2026-08-04T12:22:44.447Z"}
4/8/2026, 5:52:44 pm | {"api":"/login","event":"LOGIN_DB_QUERY_STARTED","mpin":"3117","timestamp":"2026-08-04T12:22:44.448Z"}
4/8/2026, 5:52:44 pm | {"api":"/login","event":"LOGIN_USER_FOUND","empNo":"117","branch":"Eluru","designation":"Branch Manager","timestamp":"2026-08-04T12:22:44.452Z"}
4/8/2026, 5:52:44 pm | {"api":"/login","event":"LOGIN_DEVICE_CHECK","empNo":"117","savedDevice":"c07c541ce92469ae","currentDevice":"c07c541ce92469ae","timestamp":"2026-08-04T12:22:44.452Z"}
4/8/2026, 5:52:44 pm | {"api":"/login","event":"LOGIN_SUCCESS","empNo":"117","branch":"Eluru","designation":"Branch Manager","loginTime":"2026-08-04T12:22:44.457Z"}
4/8/2026, 5:52:44 pm | {"api":"/employee/:empNo","event":"EMPLOYEE_API_STARTED","empNo":"117","timestamp":"2026-08-04T12:22:44.607Z"}
4/8/2026, 5:52:44 pm | {"api":"/employee/:empNo","event":"EMPLOYEE_DB_QUERY_STARTED","empNo":"117","timestamp":"2026-08-04T12:22:44.608Z"}
4/8/2026, 5:52:44 pm | {"api":"/employee/:empNo","event":"EMPLOYEE_FETCH_SUCCESS","empNo":"117","employeeName":"B.V.L. Madhuri","branch":"Eluru","designation":"Branch Manager","timestamp":"2026-08-04T12:22:44.611Z"}
4/8/2026, 5:52:44 pm | {"api":"/last-submission/:empNo","event":"LAST_SUBMISSION_API_STARTED","empNo":"117","timestamp":"2026-08-04T12:22:44.670Z"}
4/8/2026, 5:52:44 pm | {"api":"/last-submission/:empNo","event":"LAST_SUBMISSION_DB_QUERY_STARTED","empNo":"117","timestamp":"2026-08-04T12:22:44.671Z"}
4/8/2026, 5:52:44 pm | {"api":"/last-submission/:empNo","event":"LAST_SUBMISSION_FETCH_SUCCESS","empNo":"117","amount":2000000,"actionAt":"2026-08-03 17:53:28","timestamp":"2026-08-04T12:22:44.676Z"}
4/8/2026, 5:52:44 pm | {"api":"/today-cash/:empNo","event":"TODAY_CASH_API_STARTED","empNo":"117","timestamp":"2026-08-04T12:22:44.787Z"}
4/8/2026, 5:52:44 pm | {"api":"/today-cash/:empNo","event":"TODAY_CASH_DB_QUERY_STARTED","empNo":"117","timestamp":"2026-08-04T12:22:44.788Z"}
4/8/2026, 5:52:44 pm | {"api":"/today-cash/:empNo","event":"TODAY_CASH_NOT_FOUND","empNo":"117","timestamp":"2026-08-04T12:22:44.793Z"}
4/8/2026, 5:52:46 pm | {"api":"/login","event":"LOGIN_API_STARTED","mpin":"0036","deviceId":"5013baa6ee4ee376","timestamp":"2026-08-04T12:22:46.933Z"}
4/8/2026, 5:52:46 pm | {"event":"LOGIN_REQUEST","mpin":"0036","deviceId":"5013baa6ee4ee376","timestamp":"2026-08-04T12:22:46.934Z"}
4/8/2026, 5:52:46 pm | {"api":"/login","event":"LOGIN_DB_QUERY_STARTED","mpin":"0036","timestamp":"2026-08-04T12:22:46.935Z"}
4/8/2026, 5:52:46 pm | {"api":"/login","event":"LOGIN_USER_FOUND","empNo":"218","branch":"Enikepadu","designation":"Branch Manager","timestamp":"2026-08-04T12:22:46.945Z"}
4/8/2026, 5:52:46 pm | {"api":"/login","event":"LOGIN_DEVICE_CHECK","empNo":"218","savedDevice":"5013baa6ee4ee376","currentDevice":"5013baa6ee4ee376","timestamp":"2026-08-04T12:22:46.945Z"}
4/8/2026, 5:52:46 pm | {"api":"/login","event":"LOGIN_SUCCESS","empNo":"218","branch":"Enikepadu","designation":"Branch Manager","loginTime":"2026-08-04T12:22:46.951Z"}
4/8/2026, 5:52:47 pm | {"api":"/employee/:empNo","event":"EMPLOYEE_API_STARTED","empNo":"218","timestamp":"2026-08-04T12:22:47.091Z"}
4/8/2026, 5:52:47 pm | {"api":"/employee/:empNo","event":"EMPLOYEE_DB_QUERY_STARTED","empNo":"218","timestamp":"2026-08-04T12:22:47.092Z"}
4/8/2026, 5:52:47 pm | {"api":"/employee/:empNo","event":"EMPLOYEE_FETCH_SUCCESS","empNo":"218","employeeName":"K. Ravi Prasad","branch":"Enikepadu","designation":"Branch Manager","timestamp":"2026-08-04T12:22:47.096Z"}
4/8/2026, 5:52:47 pm | {"api":"/last-submission/:empNo","event":"LAST_SUBMISSION_API_STARTED","empNo":"218","timestamp":"2026-08-04T12:22:47.146Z"}
4/8/2026, 5:52:47 pm | {"api":"/last-submission/:empNo","event":"LAST_SUBMISSION_DB_QUERY_STARTED","empNo":"218","timestamp":"2026-08-04T12:22:47.147Z"}
4/8/2026, 5:52:47 pm | {"api":"/last-submission/:empNo","event":"LAST_SUBMISSION_FETCH_SUCCESS","empNo":"218","amount":1269123,"actionAt":"2026-08-03 17:48:30","timestamp":"2026-08-04T12:22:47.153Z"}
4/8/2026, 5:52:47 pm | {"api":"/today-cash/:empNo","event":"TODAY_CASH_API_STARTED","empNo":"218","timestamp":"2026-08-04T12:22:47.224Z"}
4/8/2026, 5:52:47 pm | {"api":"/today-cash/:empNo","event":"TODAY_CASH_DB_QUERY_STARTED","empNo":"218","timestamp":"2026-08-04T12:22:47.225Z"}
4/8/2026, 5:52:47 pm | {"api":"/today-cash/:empNo","event":"TODAY_CASH_NOT_FOUND","empNo":"218","timestamp":"2026-08-04T12:22:47.230Z"}
4/8/2026, 5:52:49 pm | {"api":"/login","event":"LOGIN_API_STARTED","mpin":"0125","deviceId":"8ee9b1f9a9989659","timestamp":"2026-08-04T12:22:49.306Z"}
4/8/2026, 5:52:49 pm | {"event":"LOGIN_REQUEST","mpin":"0125","deviceId":"8ee9b1f9a9989659","timestamp":"2026-08-04T12:22:49.307Z"}
4/8/2026, 5:52:49 pm | {"api":"/login","event":"LOGIN_DB_QUERY_STARTED","mpin":"0125","timestamp":"2026-08-04T12:22:49.307Z"}
4/8/2026, 5:52:49 pm | {"api":"/login","event":"LOGIN_USER_FOUND","empNo":"521","branch":"Kommadi","designation":"Branch Manager","timestamp":"2026-08-04T12:22:49.318Z"}
4/8/2026, 5:52:49 pm | {"api":"/login","event":"LOGIN_DEVICE_CHECK","empNo":"521","savedDevice":"8ee9b1f9a9989659","currentDevice":"8ee9b1f9a9989659","timestamp":"2026-08-04T12:22:49.318Z"}
4/8/2026, 5:52:49 pm | {"api":"/login","event":"LOGIN_SUCCESS","empNo":"521","branch":"Kommadi","designation":"Branch Manager","loginTime":"2026-08-04T12:22:49.325Z"}
4/8/2026, 5:52:49 pm | {"api":"/employee/:empNo","event":"EMPLOYEE_API_STARTED","empNo":"521","timestamp":"2026-08-04T12:22:49.529Z"}
4/8/2026, 5:52:49 pm | {"api":"/employee/:empNo","event":"EMPLOYEE_DB_QUERY_STARTED","empNo":"521","timestamp":"2026-08-04T12:22:49.530Z"}
4/8/2026, 5:52:49 pm | {"api":"/employee/:empNo","event":"EMPLOYEE_FETCH_SUCCESS","empNo":"521","employeeName":"Shaik Nazima Firdhoz","branch":"Kommadi","designation":"Branch Manager","timestamp":"2026-08-04T12:22:49.536Z"}
4/8/2026, 5:52:49 pm | {"api":"/last-submission/:empNo","event":"LAST_SUBMISSION_API_STARTED","empNo":"521","timestamp":"2026-08-04T12:22:49.596Z"}
4/8/2026, 5:52:49 pm | {"api":"/last-submission/:empNo","event":"LAST_SUBMISSION_DB_QUERY_STARTED","empNo":"521","timestamp":"2026-08-04T12:22:49.597Z"}
4/8/2026, 5:52:49 pm | {"api":"/last-submission/:empNo","event":"LAST_SUBMISSION_FETCH_SUCCESS","empNo":"521","amount":2477000,"actionAt":"2026-08-03 17:39:09","timestamp":"2026-08-04T12:22:49.603Z"}
4/8/2026, 5:52:49 pm | {"api":"/today-cash/:empNo","event":"TODAY_CASH_API_STARTED","empNo":"521","timestamp":"2026-08-04T12:22:49.710Z"}
4/8/2026, 5:52:49 pm | {"api":"/today-cash/:empNo","event":"TODAY_CASH_DB_QUERY_STARTED","empNo":"521","timestamp":"2026-08-04T12:22:49.711Z"}
4/8/2026, 5:52:49 pm | {"api":"/today-cash/:empNo","event":"TODAY_CASH_NOT_FOUND","empNo":"521","timestamp":"2026-08-04T12:22:49.716Z"}
4/8/2026, 5:52:50 pm | {"api":"/login","event":"LOGIN_API_STARTED","mpin":"3033","deviceId":"9038a12f6eb33b33","timestamp":"2026-08-04T12:22:50.290Z"}
4/8/2026, 5:52:50 pm | {"event":"LOGIN_REQUEST","mpin":"3033","deviceId":"9038a12f6eb33b33","timestamp":"2026-08-04T12:22:50.291Z"}
4/8/2026, 5:52:50 pm | {"api":"/login","event":"LOGIN_DB_QUERY_STARTED","mpin":"3033","timestamp":"2026-08-04T12:22:50.292Z"}
4/8/2026, 5:52:50 pm | {"api":"/login","event":"LOGIN_USER_FOUND","empNo":"1037","branch":"Sarpavaram","designation":"Branch Manager","timestamp":"2026-08-04T12:22:50.301Z"}
4/8/2026, 5:52:50 pm | {"api":"/login","event":"LOGIN_DEVICE_CHECK","empNo":"1037","savedDevice":"9038a12f6eb33b33","currentDevice":"9038a12f6eb33b33","timestamp":"2026-08-04T12:22:50.302Z"}
4/8/2026, 5:52:50 pm | {"api":"/login","event":"LOGIN_SUCCESS","empNo":"1037","branch":"Sarpavaram","designation":"Branch Manager","loginTime":"2026-08-04T12:22:50.307Z"}
4/8/2026, 5:52:50 pm | {"api":"/employee/:empNo","event":"EMPLOYEE_API_STARTED","empNo":"1037","timestamp":"2026-08-04T12:22:50.470Z"}
4/8/2026, 5:52:50 pm | {"api":"/employee/:empNo","event":"EMPLOYEE_DB_QUERY_STARTED","empNo":"1037","timestamp":"2026-08-04T12:22:50.472Z"}
4/8/2026, 5:52:50 pm | {"api":"/employee/:empNo","event":"EMPLOYEE_FETCH_SUCCESS","empNo":"1037","employeeName":"N Nageswara Rao","branch":"Sarpavaram","designation":"Branch Manager","timestamp":"2026-08-04T12:22:50.476Z"}
4/8/2026, 5:52:50 pm | {"api":"/last-submission/:empNo","event":"LAST_SUBMISSION_API_STARTED","empNo":"1037","timestamp":"2026-08-04T12:22:50.528Z"}
4/8/2026, 5:52:50 pm | {"api":"/last-submission/:empNo","event":"LAST_SUBMISSION_DB_QUERY_STARTED","empNo":"1037","timestamp":"2026-08-04T12:22:50.529Z"}
4/8/2026, 5:52:50 pm | {"api":"/last-submission/:empNo","event":"LAST_SUBMISSION_FETCH_SUCCESS","empNo":"1037","amount":1932120,"actionAt":"2026-08-03 18:03:26","timestamp":"2026-08-04T12:22:50.534Z"}
4/8/2026, 5:52:50 pm | {"api":"/today-cash/:empNo","event":"TODAY_CASH_API_STARTED","empNo":"1037","timestamp":"2026-08-04T12:22:50.724Z"}
4/8/2026, 5:52:50 pm | {"api":"/today-cash/:empNo","event":"TODAY_CASH_DB_QUERY_STARTED","empNo":"1037","timestamp":"2026-08-04T12:22:50.725Z"}
4/8/2026, 5:52:50 pm | {"api":"/today-cash/:empNo","event":"TODAY_CASH_NOT_FOUND","empNo":"1037","timestamp":"2026-08-04T12:22:50.730Z"}
4/8/2026, 5:52:51 pm | {"api":"/save-cash-closing","event":"SAVE_CASH_API_STARTED","empNo":"494","amount":"1000000","timestamp":"2026-08-04T12:22:51.984Z"}
4/8/2026, 5:52:51 pm | {"api":"/save-cash-closing","event":"PREVIOUS_DAY_RECORD_FOUND","empNo":"494","oldDate":"2026-08-03T00:00:00.000Z","amount":1400000,"timestamp":"2026-08-04T12:22:51.990Z"}
4/8/2026, 5:52:51 pm | {"api":"/save-cash-closing","event":"PREVIOUS_DAY_MOVED_TO_HISTORY","empNo":"494","timestamp":"2026-08-04T12:22:51.996Z"}
4/8/2026, 5:52:52 pm | {"api":"/save-cash-closing","event":"PREVIOUS_DAY_DELETED","empNo":"494","timestamp":"2026-08-04T12:22:52.001Z"}
4/8/2026, 5:52:52 pm | {"api":"/save-cash-closing","event":"SAVE_CASH_NEW_ENTRY","empNo":"494","amount":"1000000","branch":"Vuyyuru","timestamp":"2026-08-04T12:22:52.004Z"}
4/8/2026, 5:52:52 pm | {"api":"/save-cash-closing","event":"SAVE_CASH_HISTORY_INSERTED","empNo":"494","actionType":"ADDED","version":1,"timestamp":"2026-08-04T12:22:52.013Z"}
4/8/2026, 5:52:52 pm | {"api":"/save-cash-closing","event":"SAVE_CASH_SUCCESS","type":"INSERT","empNo":"494","amount":"1000000","timestamp":"2026-08-04T12:22:52.014Z"}
4/8/2026, 5:52:57 pm | {"api":"/save-cash-closing","event":"SAVE_CASH_API_STARTED","empNo":"218","amount":"973658","timestamp":"2026-08-04T12:22:57.127Z"}
4/8/2026, 5:52:57 pm | {"api":"/save-cash-closing","event":"PREVIOUS_DAY_RECORD_FOUND","empNo":"218","oldDate":"2026-08-03T00:00:00.000Z","amount":1269123,"timestamp":"2026-08-04T12:22:57.136Z"}
4/8/2026, 5:52:57 pm | {"api":"/save-cash-closing","event":"PREVIOUS_DAY_MOVED_TO_HISTORY","empNo":"218","timestamp":"2026-08-04T12:22:57.145Z"}
4/8/2026, 5:52:57 pm | {"api":"/save-cash-closing","event":"PREVIOUS_DAY_DELETED","empNo":"218","timestamp":"2026-08-04T12:22:57.151Z"}
4/8/2026, 5:52:57 pm | {"api":"/save-cash-closing","event":"SAVE_CASH_NEW_ENTRY","empNo":"218","amount":"973658","branch":"Enikepadu","timestamp":"2026-08-04T12:22:57.153Z"}
4/8/2026, 5:52:57 pm | {"api":"/save-cash-closing","event":"SAVE_CASH_HISTORY_INSERTED","empNo":"218","actionType":"ADDED","version":1,"timestamp":"2026-08-04T12:22:57.164Z"}
4/8/2026, 5:52:57 pm | {"api":"/save-cash-closing","event":"SAVE_CASH_SUCCESS","type":"INSERT","empNo":"218","amount":"973658","timestamp":"2026-08-04T12:22:57.165Z"}
4/8/2026, 5:52:58 pm | {"api":"/save-cash-closing","event":"SAVE_CASH_API_STARTED","empNo":"117","amount":"1100000","timestamp":"2026-08-04T12:22:58.593Z"}
4/8/2026, 5:52:58 pm | {"api":"/save-cash-closing","event":"PREVIOUS_DAY_RECORD_FOUND","empNo":"117","oldDate":"2026-08-03T00:00:00.000Z","amount":2000000,"timestamp":"2026-08-04T12:22:58.599Z"}
4/8/2026, 5:52:58 pm | {"api":"/save-cash-closing","event":"PREVIOUS_DAY_MOVED_TO_HISTORY","empNo":"117","timestamp":"2026-08-04T12:22:58.605Z"}
4/8/2026, 5:52:58 pm | {"api":"/save-cash-closing","event":"PREVIOUS_DAY_DELETED","empNo":"117","timestamp":"2026-08-04T12:22:58.610Z"}
4/8/2026, 5:52:58 pm | {"api":"/save-cash-closing","event":"SAVE_CASH_NEW_ENTRY","empNo":"117","amount":"1100000","branch":"Eluru","timestamp":"2026-08-04T12:22:58.613Z"}
4/8/2026, 5:52:58 pm | {"api":"/save-cash-closing","event":"SAVE_CASH_HISTORY_INSERTED","empNo":"117","actionType":"ADDED","version":1,"timestamp":"2026-08-04T12:22:58.623Z"}
4/8/2026, 5:52:58 pm | {"api":"/save-cash-closing","event":"SAVE_CASH_SUCCESS","type":"INSERT","empNo":"117","amount":"1100000","timestamp":"2026-08-04T12:22:58.624Z"}
4/8/2026, 5:52:59 pm | {"api":"/save-cash-closing","event":"SAVE_CASH_API_STARTED","empNo":"494","amount":"1000000","timestamp":"2026-08-04T12:22:59.505Z"}
4/8/2026, 5:52:59 pm | {"api":"/save-cash-closing","event":"SAVE_CASH_UPDATE_STARTED","empNo":"494","oldAmount":1000000,"newAmount":"1000000","currentVersion":1,"nextVersion":2,"timestamp":"2026-08-04T12:22:59.513Z"}
4/8/2026, 5:52:59 pm | {"api":"/save-cash-closing","event":"SAVE_CASH_HISTORY_UPDATED","empNo":"494","version":2,"timestamp":"2026-08-04T12:22:59.523Z"}
4/8/2026, 5:52:59 pm | {"api":"/save-cash-closing","event":"SAVE_CASH_SUCCESS","type":"UPDATE","empNo":"494","amount":"1000000","version":2,"timestamp":"2026-08-04T12:22:59.524Z"}
4/8/2026, 5:53:01 pm | {"api":"/api/cash-closing-dashboard","event":"CASH_CLOSING_DASHBOARD_API_STARTED","filters":{"cluster":"","branch":"","fromDate":"","toDate":"","status":""},"timestamp":"2026-08-04T12:23:01.241Z"}
4/8/2026, 5:53:01 pm | {"api":"/api/cash-closing-dashboard","event":"CASH_CLOSING_DASHBOARD_DB_CONNECTED","timestamp":"2026-08-04T12:23:01.242Z"}
4/8/2026, 5:53:01 pm | {"api":"/api/cash-closing-dashboard","event":"CASH_CLOSING_DASHBOARD_QUERY_STARTED","filters":{"cluster":"","branch":"","fromDate":"","toDate":"","status":""},"timestamp":"2026-08-04T12:23:01.242Z"}
4/8/2026, 5:53:01 pm | {"api":"/api/cash-closing-dashboard","event":"CASH_CLOSING_DASHBOARD_DATA_FETCHED","totalRecords":56,"timestamp":"2026-08-04T12:23:01.248Z"}
4/8/2026, 5:53:01 pm | {"api":"/api/cash-closing-dashboard","event":"CASH_CLOSING_CLUSTER_FETCHED","totalClusters":5,"timestamp":"2026-08-04T12:23:01.252Z"}
4/8/2026, 5:53:01 pm | {"api":"/api/cash-closing-dashboard","event":"CASH_CLOSING_BRANCH_FETCHED","totalBranches":62,"timestamp":"2026-08-04T12:23:01.256Z"}
4/8/2026, 5:53:01 pm | {"api":"/api/cash-closing-dashboard","event":"CASH_CLOSING_DASHBOARD_SUCCESS","totalRecords":56,"filters":{"cluster":"","branch":"","fromDate":"","toDate":"","status":""},"timestamp":"2026-08-04T12:23:01.257Z"}
4/8/2026, 5:53:01 pm | {"api":"/api/cash-closing-dashboard","event":"CASH_CLOSING_DASHBOARD_API_STARTED","filters":{"cluster":"","branch":"","fromDate":"","toDate":"","status":""},"timestamp":"2026-08-04T12:23:01.363Z"}
4/8/2026, 5:53:01 pm | {"api":"/api/cash-closing-dashboard","event":"CASH_CLOSING_DASHBOARD_DB_CONNECTED","timestamp":"2026-08-04T12:23:01.364Z"}
4/8/2026, 5:53:01 pm | {"api":"/api/cash-closing-dashboard","event":"CASH_CLOSING_DASHBOARD_QUERY_STARTED","filters":{"cluster":"","branch":"","fromDate":"","toDate":"","status":""},"timestamp":"2026-08-04T12:23:01.364Z"}
4/8/2026, 5:53:01 pm | {"api":"/api/cash-closing-dashboard","event":"CASH_CLOSING_DASHBOARD_DATA_FETCHED","totalRecords":56,"timestamp":"2026-08-04T12:23:01.373Z"}
4/8/2026, 5:53:01 pm | {"api":"/api/cash-closing-dashboard","event":"CASH_CLOSING_CLUSTER_FETCHED","totalClusters":5,"timestamp":"2026-08-04T12:23:01.376Z"}
4/8/2026, 5:53:01 pm | {"api":"/api/cash-closing-dashboard","event":"CASH_CLOSING_BRANCH_FETCHED","totalBranches":62,"timestamp":"2026-08-04T12:23:01.379Z"}
4/8/2026, 5:53:01 pm | {"api":"/api/cash-closing-dashboard","event":"CASH_CLOSING_DASHBOARD_SUCCESS","totalRecords":56,"filters":{"cluster":"","branch":"","fromDate":"","toDate":"","status":""},"timestamp":"2026-08-04T12:23:01.380Z"}
4/8/2026, 5:53:02 pm | {"api":"/save-cash-closing","event":"SAVE_CASH_API_STARTED","empNo":"1037","amount":"1325310","timestamp":"2026-08-04T12:23:02.760Z"}
4/8/2026, 5:53:02 pm | {"api":"/save-cash-closing","event":"PREVIOUS_DAY_RECORD_FOUND","empNo":"1037","oldDate":"2026-08-03T00:00:00.000Z","amount":1932120,"timestamp":"2026-08-04T12:23:02.766Z"}
4/8/2026, 5:53:02 pm | {"api":"/save-cash-closing","event":"PREVIOUS_DAY_MOVED_TO_HISTORY","empNo":"1037","timestamp":"2026-08-04T12:23:02.771Z"}
4/8/2026, 5:53:02 pm | {"api":"/save-cash-closing","event":"PREVIOUS_DAY_DELETED","empNo":"1037","timestamp":"2026-08-04T12:23:02.778Z"}
4/8/2026, 5:53:02 pm | {"api":"/save-cash-closing","event":"SAVE_CASH_NEW_ENTRY","empNo":"1037","amount":"1325310","branch":"Sarpavaram","timestamp":"2026-08-04T12:23:02.781Z"}
4/8/2026, 5:53:02 pm | {"api":"/save-cash-closing","event":"SAVE_CASH_HISTORY_INSERTED","empNo":"1037","actionType":"ADDED","version":1,"timestamp":"2026-08-04T12:23:02.790Z"}
4/8/2026, 5:53:02 pm | {"api":"/save-cash-closing","event":"SAVE_CASH_SUCCESS","type":"INSERT","empNo":"1037","amount":"1325310","timestamp":"2026-08-04T12:23:02.791Z"}
4/8/2026, 5:53:04 pm | {"api":"/save-cash-closing","event":"SAVE_CASH_API_STARTED","empNo":"270","amount":"1890000","timestamp":"2026-08-04T12:23:04.188Z"}
4/8/2026, 5:53:04 pm | {"api":"/save-cash-closing","event":"PREVIOUS_DAY_RECORD_FOUND","empNo":"270","oldDate":"2026-08-03T00:00:00.000Z","amount":1890000,"timestamp":"2026-08-04T12:23:04.194Z"}
4/8/2026, 5:53:04 pm | {"api":"/save-cash-closing","event":"PREVIOUS_DAY_MOVED_TO_HISTORY","empNo":"270","timestamp":"2026-08-04T12:23:04.200Z"}
4/8/2026, 5:53:04 pm | {"api":"/save-cash-closing","event":"PREVIOUS_DAY_DELETED","empNo":"270","timestamp":"2026-08-04T12:23:04.205Z"}
4/8/2026, 5:53:04 pm | {"api":"/save-cash-closing","event":"SAVE_CASH_NEW_ENTRY","empNo":"270","amount":"1890000","branch":"Tenali","timestamp":"2026-08-04T12:23:04.208Z"}
4/8/2026, 5:53:04 pm | {"api":"/save-cash-closing","event":"SAVE_CASH_HISTORY_INSERTED","empNo":"270","actionType":"ADDED","version":1,"timestamp":"2026-08-04T12:23:04.220Z"}
4/8/2026, 5:53:04 pm | {"api":"/save-cash-closing","event":"SAVE_CASH_SUCCESS","type":"INSERT","empNo":"270","amount":"1890000","timestamp":"2026-08-04T12:23:04.221Z"}
4/8/2026, 5:53:07 pm | {"api":"/save-cash-closing","event":"SAVE_CASH_API_STARTED","empNo":"270","amount":"1890000","timestamp":"2026-08-04T12:23:07.382Z"}
4/8/2026, 5:53:07 pm | {"api":"/save-cash-closing","event":"SAVE_CASH_UPDATE_STARTED","empNo":"270","oldAmount":1890000,"newAmount":"1890000","currentVersion":1,"nextVersion":2,"timestamp":"2026-08-04T12:23:07.391Z"}
4/8/2026, 5:53:07 pm | {"api":"/save-cash-closing","event":"SAVE_CASH_HISTORY_UPDATED","empNo":"270","version":2,"timestamp":"2026-08-04T12:23:07.401Z"}
4/8/2026, 5:53:07 pm | {"api":"/save-cash-closing","event":"SAVE_CASH_SUCCESS","type":"UPDATE","empNo":"270","amount":"1890000","version":2,"timestamp":"2026-08-04T12:23:07.401Z"}
4/8/2026, 5:53:13 pm | {"api":"/login","event":"LOGIN_API_STARTED","mpin":"1980","deviceId":"d99a65c1c671a184","timestamp":"2026-08-04T12:23:13.600Z"}
4/8/2026, 5:53:13 pm | {"event":"LOGIN_REQUEST","mpin":"1980","deviceId":"d99a65c1c671a184","timestamp":"2026-08-04T12:23:13.601Z"}
4/8/2026, 5:53:13 pm | {"api":"/login","event":"LOGIN_DB_QUERY_STARTED","mpin":"1980","timestamp":"2026-08-04T12:23:13.602Z"}
4/8/2026, 5:53:13 pm | {"api":"/login","event":"LOGIN_USER_FOUND","empNo":"544","branch":"Lingapuram","designation":"Branch Manager","timestamp":"2026-08-04T12:23:13.612Z"}
4/8/2026, 5:53:13 pm | {"api":"/login","event":"LOGIN_DEVICE_CHECK","empNo":"544","savedDevice":"d99a65c1c671a184","currentDevice":"d99a65c1c671a184","timestamp":"2026-08-04T12:23:13.613Z"}
4/8/2026, 5:53:13 pm | {"api":"/login","event":"LOGIN_SUCCESS","empNo":"544","branch":"Lingapuram","designation":"Branch Manager","loginTime":"2026-08-04T12:23:13.619Z"}
4/8/2026, 5:53:14 pm | {"api":"/employee/:empNo","event":"EMPLOYEE_API_STARTED","empNo":"544","timestamp":"2026-08-04T12:23:14.062Z"}
4/8/2026, 5:53:14 pm | {"api":"/employee/:empNo","event":"EMPLOYEE_DB_QUERY_STARTED","empNo":"544","timestamp":"2026-08-04T12:23:14.063Z"}
4/8/2026, 5:53:14 pm | {"api":"/employee/:empNo","event":"EMPLOYEE_FETCH_SUCCESS","empNo":"544","employeeName":"P Subba Rao","branch":"Lingapuram","designation":"Branch Manager","timestamp":"2026-08-04T12:23:14.067Z"}
4/8/2026, 5:53:14 pm | {"api":"/last-submission/:empNo","event":"LAST_SUBMISSION_API_STARTED","empNo":"544","timestamp":"2026-08-04T12:23:14.130Z"}
4/8/2026, 5:53:14 pm | {"api":"/last-submission/:empNo","event":"LAST_SUBMISSION_DB_QUERY_STARTED","empNo":"544","timestamp":"2026-08-04T12:23:14.131Z"}
4/8/2026, 5:53:14 pm | {"api":"/last-submission/:empNo","event":"LAST_SUBMISSION_FETCH_SUCCESS","empNo":"544","amount":718081,"actionAt":"2026-08-03 18:13:50","timestamp":"2026-08-04T12:23:14.137Z"}
4/8/2026, 5:53:14 pm | {"api":"/today-cash/:empNo","event":"TODAY_CASH_API_STARTED","empNo":"544","timestamp":"2026-08-04T12:23:14.292Z"}
4/8/2026, 5:53:14 pm | {"api":"/today-cash/:empNo","event":"TODAY_CASH_DB_QUERY_STARTED","empNo":"544","timestamp":"2026-08-04T12:23:14.293Z"}
4/8/2026, 5:53:14 pm | {"api":"/today-cash/:empNo","event":"TODAY_CASH_NOT_FOUND","empNo":"544","timestamp":"2026-08-04T12:23:14.298Z"}
4/8/2026, 5:53:17 pm | {"api":"/save-cash-closing","event":"SAVE_CASH_API_STARTED","empNo":"521","amount":"2000000","timestamp":"2026-08-04T12:23:17.240Z"}
4/8/2026, 5:53:17 pm | {"api":"/save-cash-closing","event":"PREVIOUS_DAY_RECORD_FOUND","empNo":"521","oldDate":"2026-08-03T00:00:00.000Z","amount":2477000,"timestamp":"2026-08-04T12:23:17.247Z"}
4/8/2026, 5:53:17 pm | {"api":"/save-cash-closing","event":"PREVIOUS_DAY_MOVED_TO_HISTORY","empNo":"521","timestamp":"2026-08-04T12:23:17.254Z"}
4/8/2026, 5:53:17 pm | {"api":"/save-cash-closing","event":"PREVIOUS_DAY_DELETED","empNo":"521","timestamp":"2026-08-04T12:23:17.259Z"}
4/8/2026, 5:53:17 pm | {"api":"/save-cash-closing","event":"SAVE_CASH_NEW_ENTRY","empNo":"521","amount":"2000000","branch":"Kommadi","timestamp":"2026-08-04T12:23:17.262Z"}
4/8/2026, 5:53:17 pm | {"api":"/save-cash-closing","event":"SAVE_CASH_HISTORY_INSERTED","empNo":"521","actionType":"ADDED","version":1,"timestamp":"2026-08-04T12:23:17.277Z"}
4/8/2026, 5:53:17 pm | {"api":"/save-cash-closing","event":"SAVE_CASH_SUCCESS","type":"INSERT","empNo":"521","amount":"2000000","timestamp":"2026-08-04T12:23:17.278Z"}
4/8/2026, 5:53:23 pm | {"api":"/save-cash-closing","event":"SAVE_CASH_API_STARTED","empNo":"544","amount":"134881","timestamp":"2026-08-04T12:23:23.428Z"}
4/8/2026, 5:53:23 pm | {"api":"/save-cash-closing","event":"PREVIOUS_DAY_RECORD_FOUND","empNo":"544","oldDate":"2026-08-03T00:00:00.000Z","amount":718081,"timestamp":"2026-08-04T12:23:23.434Z"}
4/8/2026, 5:53:23 pm | {"api":"/save-cash-closing","event":"PREVIOUS_DAY_MOVED_TO_HISTORY","empNo":"544","timestamp":"2026-08-04T12:23:23.440Z"}
4/8/2026, 5:53:23 pm | {"api":"/save-cash-closing","event":"PREVIOUS_DAY_DELETED","empNo":"544","timestamp":"2026-08-04T12:23:23.447Z"}
4/8/2026, 5:53:23 pm | {"api":"/save-cash-closing","event":"SAVE_CASH_NEW_ENTRY","empNo":"544","amount":"134881","branch":"Lingapuram","timestamp":"2026-08-04T12:23:23.450Z"}
4/8/2026, 5:53:23 pm | {"api":"/save-cash-closing","event":"SAVE_CASH_HISTORY_INSERTED","empNo":"544","actionType":"ADDED","version":1,"timestamp":"2026-08-04T12:23:23.460Z"}
4/8/2026, 5:53:23 pm | {"api":"/save-cash-closing","event":"SAVE_CASH_SUCCESS","type":"INSERT","empNo":"544","amount":"134881","timestamp":"2026-08-04T12:23:23.461Z"}
4/8/2026, 5:53:26 pm | {"api":"/api/cash-closing-dashboard","event":"CASH_CLOSING_DASHBOARD_API_STARTED","filters":{"cluster":"","branch":"","fromDate":"","toDate":"","status":""},"timestamp":"2026-08-04T12:23:26.528Z"}
4/8/2026, 5:53:26 pm | {"api":"/api/cash-closing-dashboard","event":"CASH_CLOSING_DASHBOARD_DB_CONNECTED","timestamp":"2026-08-04T12:23:26.529Z"}
4/8/2026, 5:53:26 pm | {"api":"/api/cash-closing-dashboard","event":"CASH_CLOSING_DASHBOARD_QUERY_STARTED","filters":{"cluster":"","branch":"","fromDate":"","toDate":"","status":""},"timestamp":"2026-08-04T12:23:26.530Z"}
4/8/2026, 5:53:26 pm | {"api":"/api/cash-closing-dashboard","event":"CASH_CLOSING_DASHBOARD_DATA_FETCHED","totalRecords":56,"timestamp":"2026-08-04T12:23:26.560Z"}
4/8/2026, 5:53:26 pm | {"api":"/api/cash-closing-dashboard","event":"CASH_CLOSING_CLUSTER_FETCHED","totalClusters":5,"timestamp":"2026-08-04T12:23:26.564Z"}
4/8/2026, 5:53:26 pm | {"api":"/api/cash-closing-dashboard","event":"CASH_CLOSING_BRANCH_FETCHED","totalBranches":62,"timestamp":"2026-08-04T12:23:26.568Z"}
4/8/2026, 5:53:26 pm | {"api":"/api/cash-closing-dashboard","event":"CASH_CLOSING_DASHBOARD_SUCCESS","totalRecords":56,"filters":{"cluster":"","branch":"","fromDate":"","toDate":"","status":""},"timestamp":"2026-08-04T12:23:26.568Z"}
4/8/2026, 5:53:26 pm | {"api":"/api/cash-closing-dashboard","event":"CASH_CLOSING_DASHBOARD_API_STARTED","filters":{"cluster":"","branch":"","fromDate":"","toDate":"","status":""},"timestamp":"2026-08-04T12:23:26.631Z"}
4/8/2026, 5:53:26 pm | {"api":"/api/cash-closing-dashboard","event":"CASH_CLOSING_DASHBOARD_DB_CONNECTED","timestamp":"2026-08-04T12:23:26.632Z"}
4/8/2026, 5:53:26 pm | {"api":"/api/cash-closing-dashboard","event":"CASH_CLOSING_DASHBOARD_QUERY_STARTED","filters":{"cluster":"","branch":"","fromDate":"","toDate":"","status":""},"timestamp":"2026-08-04T12:23:26.633Z"}
4/8/2026, 5:53:26 pm | {"api":"/api/cash-closing-dashboard","event":"CASH_CLOSING_DASHBOARD_DATA_FETCHED","totalRecords":56,"timestamp":"2026-08-04T12:23:26.640Z"}
4/8/2026, 5:53:26 pm | {"api":"/api/cash-closing-dashboard","event":"CASH_CLOSING_CLUSTER_FETCHED","totalClusters":5,"timestamp":"2026-08-04T12:23:26.644Z"}
4/8/2026, 5:53:26 pm | {"api":"/api/cash-closing-dashboard","event":"CASH_CLOSING_BRANCH_FETCHED","totalBranches":62,"timestamp":"2026-08-04T12:23:26.647Z"}
4/8/2026, 5:53:26 pm | {"api":"/api/cash-closing-dashboard","event":"CASH_CLOSING_DASHBOARD_SUCCESS","totalRecords":56,"filters":{"cluster":"","branch":"","fromDate":"","toDate":"","status":""},"timestamp":"2026-08-04T12:23:26.648Z"}
4/8/2026, 5:53:55 pm | {"api":"/api/cash-closing-dashboard","event":"CASH_CLOSING_DASHBOARD_API_STARTED","filters":{"cluster":"","branch":"","fromDate":"","toDate":"","status":""},"timestamp":"2026-08-04T12:23:55.174Z"}
4/8/2026, 5:53:55 pm | {"api":"/api/cash-closing-dashboard","event":"CASH_CLOSING_DASHBOARD_DB_CONNECTED","timestamp":"2026-08-04T12:23:55.175Z"}
4/8/2026, 5:53:55 pm | {"api":"/api/cash-closing-dashboard","event":"CASH_CLOSING_DASHBOARD_QUERY_STARTED","filters":{"cluster":"","branch":"","fromDate":"","toDate":"","status":""},"timestamp":"2026-08-04T12:23:55.176Z"}
4/8/2026, 5:53:55 pm | {"api":"/api/cash-closing-dashboard","event":"CASH_CLOSING_DASHBOARD_DATA_FETCHED","totalRecords":56,"timestamp":"2026-08-04T12:23:55.184Z"}
4/8/2026, 5:53:55 pm | {"api":"/api/cash-closing-dashboard","event":"CASH_CLOSING_CLUSTER_FETCHED","totalClusters":5,"timestamp":"2026-08-04T12:23:55.187Z"}
4/8/2026, 5:53:55 pm | {"api":"/api/cash-closing-dashboard","event":"CASH_CLOSING_BRANCH_FETCHED","totalBranches":62,"timestamp":"2026-08-04T12:23:55.191Z"}
4/8/2026, 5:53:55 pm | {"api":"/api/cash-closing-dashboard","event":"CASH_CLOSING_DASHBOARD_SUCCESS","totalRecords":56,"filters":{"cluster":"","branch":"","fromDate":"","toDate":"","status":""},"timestamp":"2026-08-04T12:23:55.192Z"}
4/8/2026, 5:53:55 pm | {"api":"/api/cash-closing-dashboard","event":"CASH_CLOSING_DASHBOARD_API_STARTED","filters":{"cluster":"","branch":"","fromDate":"","toDate":"","status":""},"timestamp":"2026-08-04T12:23:55.296Z"}
4/8/2026, 5:53:55 pm | {"api":"/api/cash-closing-dashboard","event":"CASH_CLOSING_DASHBOARD_DB_CONNECTED","timestamp":"2026-08-04T12:23:55.297Z"}
4/8/2026, 5:53:55 pm | {"api":"/api/cash-closing-dashboard","event":"CASH_CLOSING_DASHBOARD_QUERY_STARTED","filters":{"cluster":"","branch":"","fromDate":"","toDate":"","status":""},"timestamp":"2026-08-04T12:23:55.298Z"}
4/8/2026, 5:53:55 pm | {"api":"/api/cash-closing-dashboard","event":"CASH_CLOSING_DASHBOARD_DATA_FETCHED","totalRecords":56,"timestamp":"2026-08-04T12:23:55.305Z"}
4/8/2026, 5:53:55 pm | {"api":"/api/cash-closing-dashboard","event":"CASH_CLOSING_CLUSTER_FETCHED","totalClusters":5,"timestamp":"2026-08-04T12:23:55.309Z"}
4/8/2026, 5:53:55 pm | {"api":"/api/cash-closing-dashboard","event":"CASH_CLOSING_BRANCH_FETCHED","totalBranches":62,"timestamp":"2026-08-04T12:23:55.315Z"}
4/8/2026, 5:53:55 pm | {"api":"/api/cash-closing-dashboard","event":"CASH_CLOSING_DASHBOARD_SUCCESS","totalRecords":56,"filters":{"cluster":"","branch":"","fromDate":"","toDate":"","status":""},"timestamp":"2026-08-04T12:23:55.316Z"}
4/8/2026, 5:53:55 pm | {"api":"/api/cash-closing-dashboard","event":"CASH_CLOSING_DASHBOARD_API_STARTED","filters":{"cluster":"","branch":"","fromDate":"","toDate":"","status":""},"timestamp":"2026-08-04T12:23:55.512Z"}
4/8/2026, 5:53:55 pm | {"api":"/api/cash-closing-dashboard","event":"CASH_CLOSING_DASHBOARD_DB_CONNECTED","timestamp":"2026-08-04T12:23:55.513Z"}
4/8/2026, 5:53:55 pm | {"api":"/api/cash-closing-dashboard","event":"CASH_CLOSING_DASHBOARD_QUERY_STARTED","filters":{"cluster":"","branch":"","fromDate":"","toDate":"","status":""},"timestamp":"2026-08-04T12:23:55.514Z"}
4/8/2026, 5:53:55 pm | {"api":"/api/cash-closing-dashboard","event":"CASH_CLOSING_DASHBOARD_DATA_FETCHED","totalRecords":56,"timestamp":"2026-08-04T12:23:55.521Z"}
4/8/2026, 5:53:55 pm | {"api":"/api/cash-closing-dashboard","event":"CASH_CLOSING_CLUSTER_FETCHED","totalClusters":5,"timestamp":"2026-08-04T12:23:55.525Z"}
4/8/2026, 5:53:55 pm | {"api":"/api/cash-closing-dashboard","event":"CASH_CLOSING_BRANCH_FETCHED","totalBranches":62,"timestamp":"2026-08-04T12:23:55.528Z"}
4/8/2026, 5:53:55 pm | {"api":"/api/cash-closing-dashboard","event":"CASH_CLOSING_DASHBOARD_SUCCESS","totalRecords":56,"filters":{"cluster":"","branch":"","fromDate":"","toDate":"","status":""},"timestamp":"2026-08-04T12:23:55.529Z"}
4/8/2026, 5:54:00 pm | {"api":"/api/cash-closing-dashboard","event":"CASH_CLOSING_DASHBOARD_API_STARTED","filters":{"cluster":"","branch":"","fromDate":"","toDate":"","status":""},"timestamp":"2026-08-04T12:24:00.040Z"}
4/8/2026, 5:54:00 pm | {"api":"/api/cash-closing-dashboard","event":"CASH_CLOSING_DASHBOARD_DB_CONNECTED","timestamp":"2026-08-04T12:24:00.041Z"}
4/8/2026, 5:54:00 pm | {"api":"/api/cash-closing-dashboard","event":"CASH_CLOSING_DASHBOARD_QUERY_STARTED","filters":{"cluster":"","branch":"","fromDate":"","toDate":"","status":""},"timestamp":"2026-08-04T12:24:00.042Z"}
4/8/2026, 5:54:00 pm | {"api":"/api/cash-closing-dashboard","event":"CASH_CLOSING_DASHBOARD_DATA_FETCHED","totalRecords":56,"timestamp":"2026-08-04T12:24:00.054Z"}
4/8/2026, 5:54:00 pm | {"api":"/api/cash-closing-dashboard","event":"CASH_CLOSING_CLUSTER_FETCHED","totalClusters":5,"timestamp":"2026-08-04T12:24:00.066Z"}
4/8/2026, 5:54:00 pm | {"api":"/api/cash-closing-dashboard","event":"CASH_CLOSING_BRANCH_FETCHED","totalBranches":62,"timestamp":"2026-08-04T12:24:00.077Z"}
4/8/2026, 5:54:00 pm | {"api":"/api/cash-closing-dashboard","event":"CASH_CLOSING_DASHBOARD_SUCCESS","totalRecords":56,"filters":{"cluster":"","branch":"","fromDate":"","toDate":"","status":""},"timestamp":"2026-08-04T12:24:00.078Z"}
4/8/2026, 5:54:00 pm | {"api":"/api/cash-closing-dashboard","event":"CASH_CLOSING_DASHBOARD_API_STARTED","filters":{"cluster":"","branch":"","fromDate":"","toDate":"","status":""},"timestamp":"2026-08-04T12:24:00.242Z"}
4/8/2026, 5:54:00 pm | {"api":"/api/cash-closing-dashboard","event":"CASH_CLOSING_DASHBOARD_DB_CONNECTED","timestamp":"2026-08-04T12:24:00.243Z"}
4/8/2026, 5:54:00 pm | {"api":"/api/cash-closing-dashboard","event":"CASH_CLOSING_DASHBOARD_QUERY_STARTED","filters":{"cluster":"","branch":"","fromDate":"","toDate":"","status":""},"timestamp":"2026-08-04T12:24:00.243Z"}
4/8/2026, 5:54:00 pm | {"api":"/api/cash-closing-dashboard","event":"CASH_CLOSING_DASHBOARD_DATA_FETCHED","totalRecords":56,"timestamp":"2026-08-04T12:24:00.249Z"}
4/8/2026, 5:54:00 pm | {"api":"/api/cash-closing-dashboard","event":"CASH_CLOSING_CLUSTER_FETCHED","totalClusters":5,"timestamp":"2026-08-04T12:24:00.252Z"}
4/8/2026, 5:54:00 pm | {"api":"/api/cash-closing-dashboard","event":"CASH_CLOSING_BRANCH_FETCHED","totalBranches":62,"timestamp":"2026-08-04T12:24:00.255Z"}
4/8/2026, 5:54:00 pm | {"api":"/api/cash-closing-dashboard","event":"CASH_CLOSING_DASHBOARD_SUCCESS","totalRecords":56,"filters":{"cluster":"","branch":"","fromDate":"","toDate":"","status":""},"timestamp":"2026-08-04T12:24:00.256Z"}
4/8/2026, 5:54:00 pm | {"api":"/api/cash-closing-dashboard","event":"CASH_CLOSING_DASHBOARD_API_STARTED","filters":{"cluster":"","branch":"","fromDate":"","toDate":"","status":""},"timestamp":"2026-08-04T12:24:00.432Z"}
4/8/2026, 5:54:00 pm | {"api":"/api/cash-closing-dashboard","event":"CASH_CLOSING_DASHBOARD_DB_CONNECTED","timestamp":"2026-08-04T12:24:00.433Z"}
4/8/2026, 5:54:00 pm | {"api":"/api/cash-closing-dashboard","event":"CASH_CLOSING_DASHBOARD_QUERY_STARTED","filters":{"cluster":"","branch":"","fromDate":"","toDate":"","status":""},"timestamp":"2026-08-04T12:24:00.434Z"}
4/8/2026, 5:54:00 pm | {"api":"/api/cash-closing-dashboard","event":"CASH_CLOSING_DASHBOARD_DATA_FETCHED","totalRecords":56,"timestamp":"2026-08-04T12:24:00.444Z"}
4/8/2026, 5:54:00 pm | {"api":"/api/cash-closing-dashboard","event":"CASH_CLOSING_CLUSTER_FETCHED","totalClusters":5,"timestamp":"2026-08-04T12:24:00.447Z"}
4/8/2026, 5:54:00 pm | {"api":"/api/cash-closing-dashboard","event":"CASH_CLOSING_BRANCH_FETCHED","totalBranches":62,"timestamp":"2026-08-04T12:24:00.451Z"}
4/8/2026, 5:54:00 pm | {"api":"/api/cash-closing-dashboard","event":"CASH_CLOSING_DASHBOARD_SUCCESS","totalRecords":56,"filters":{"cluster":"","branch":"","fromDate":"","toDate":"","status":""},"timestamp":"2026-08-04T12:24:00.451Z"}
4/8/2026, 5:54:07 pm | {"api":"/api/cash-closing-dashboard","event":"CASH_CLOSING_DASHBOARD_API_STARTED","filters":{"cluster":"","branch":"","fromDate":"","toDate":"","status":""},"timestamp":"2026-08-04T12:24:07.783Z"}
4/8/2026, 5:54:07 pm | {"api":"/api/cash-closing-dashboard","event":"CASH_CLOSING_DASHBOARD_DB_CONNECTED","timestamp":"2026-08-04T12:24:07.784Z"}
4/8/2026, 5:54:07 pm | {"api":"/api/cash-closing-dashboard","event":"CASH_CLOSING_DASHBOARD_QUERY_STARTED","filters":{"cluster":"","branch":"","fromDate":"","toDate":"","status":""},"timestamp":"2026-08-04T12:24:07.785Z"}
4/8/2026, 5:54:07 pm | {"api":"/api/cash-closing-dashboard","event":"CASH_CLOSING_DASHBOARD_DATA_FETCHED","totalRecords":56,"timestamp":"2026-08-04T12:24:07.792Z"}
4/8/2026, 5:54:07 pm | {"api":"/api/cash-closing-dashboard","event":"CASH_CLOSING_CLUSTER_FETCHED","totalClusters":5,"timestamp":"2026-08-04T12:24:07.796Z"}
4/8/2026, 5:54:07 pm | {"api":"/api/cash-closing-dashboard","event":"CASH_CLOSING_BRANCH_FETCHED","totalBranches":62,"timestamp":"2026-08-04T12:24:07.799Z"}
4/8/2026, 5:54:07 pm | {"api":"/api/cash-closing-dashboard","event":"CASH_CLOSING_DASHBOARD_SUCCESS","totalRecords":56,"filters":{"cluster":"","branch":"","fromDate":"","toDate":"","status":""},"timestamp":"2026-08-04T12:24:07.800Z"}
4/8/2026, 5:54:07 pm | {"api":"/api/cash-closing-dashboard","event":"CASH_CLOSING_DASHBOARD_API_STARTED","filters":{"cluster":"","branch":"","fromDate":"","toDate":"","status":""},"timestamp":"2026-08-04T12:24:07.857Z"}
4/8/2026, 5:54:07 pm | {"api":"/api/cash-closing-dashboard","event":"CASH_CLOSING_DASHBOARD_DB_CONNECTED","timestamp":"2026-08-04T12:24:07.858Z"}
4/8/2026, 5:54:07 pm | {"api":"/api/cash-closing-dashboard","event":"CASH_CLOSING_DASHBOARD_QUERY_STARTED","filters":{"cluster":"","branch":"","fromDate":"","toDate":"","status":""},"timestamp":"2026-08-04T12:24:07.859Z"}
4/8/2026, 5:54:07 pm | {"api":"/api/cash-closing-dashboard","event":"CASH_CLOSING_DASHBOARD_DATA_FETCHED","totalRecords":56,"timestamp":"2026-08-04T12:24:07.866Z"}
4/8/2026, 5:54:07 pm | {"api":"/api/cash-closing-dashboard","event":"CASH_CLOSING_CLUSTER_FETCHED","totalClusters":5,"timestamp":"2026-08-04T12:24:07.869Z"}
4/8/2026, 5:54:07 pm | {"api":"/api/cash-closing-dashboard","event":"CASH_CLOSING_BRANCH_FETCHED","totalBranches":62,"timestamp":"2026-08-04T12:24:07.872Z"}
4/8/2026, 5:54:07 pm | {"api":"/api/cash-closing-dashboard","event":"CASH_CLOSING_DASHBOARD_SUCCESS","totalRecords":56,"filters":{"cluster":"","branch":"","fromDate":"","toDate":"","status":""},"timestamp":"2026-08-04T12:24:07.873Z"}
4/8/2026, 5:54:08 pm | {"api":"/api/cash-closing-dashboard","event":"CASH_CLOSING_DASHBOARD_API_STARTED","filters":{"cluster":"","branch":"","fromDate":"","toDate":"","status":""},"timestamp":"2026-08-04T12:24:08.032Z"}
4/8/2026, 5:54:08 pm | {"api":"/api/cash-closing-dashboard","event":"CASH_CLOSING_DASHBOARD_DB_CONNECTED","timestamp":"2026-08-04T12:24:08.033Z"}
4/8/2026, 5:54:08 pm | {"api":"/api/cash-closing-dashboard","event":"CASH_CLOSING_DASHBOARD_QUERY_STARTED","filters":{"cluster":"","branch":"","fromDate":"","toDate":"","status":""},"timestamp":"2026-08-04T12:24:08.034Z"}
4/8/2026, 5:54:08 pm | {"api":"/api/cash-closing-dashboard","event":"CASH_CLOSING_DASHBOARD_DATA_FETCHED","totalRecords":56,"timestamp":"2026-08-04T12:24:08.043Z"}
4/8/2026, 5:54:08 pm | {"api":"/api/cash-closing-dashboard","event":"CASH_CLOSING_CLUSTER_FETCHED","totalClusters":5,"timestamp":"2026-08-04T12:24:08.046Z"}
4/8/2026, 5:54:08 pm | {"api":"/api/cash-closing-dashboard","event":"CASH_CLOSING_BRANCH_FETCHED","totalBranches":62,"timestamp":"2026-08-04T12:24:08.050Z"}
4/8/2026, 5:54:08 pm | {"api":"/api/cash-closing-dashboard","event":"CASH_CLOSING_DASHBOARD_SUCCESS","totalRecords":56,"filters":{"cluster":"","branch":"","fromDate":"","toDate":"","status":""},"timestamp":"2026-08-04T12:24:08.050Z"}
4/8/2026, 5:54:11 pm | {"api":"/api/cash-closing-dashboard","event":"CASH_CLOSING_DASHBOARD_API_STARTED","filters":{"cluster":"","branch":"","fromDate":"","toDate":"","status":""},"timestamp":"2026-08-04T12:24:11.914Z"}
4/8/2026, 5:54:11 pm | {"api":"/api/cash-closing-dashboard","event":"CASH_CLOSING_DASHBOARD_DB_CONNECTED","timestamp":"2026-08-04T12:24:11.915Z"}
4/8/2026, 5:54:11 pm | {"api":"/api/cash-closing-dashboard","event":"CASH_CLOSING_DASHBOARD_QUERY_STARTED","filters":{"cluster":"","branch":"","fromDate":"","toDate":"","status":""},"timestamp":"2026-08-04T12:24:11.915Z"}
4/8/2026, 5:54:11 pm | {"api":"/api/cash-closing-dashboard","event":"CASH_CLOSING_DASHBOARD_DATA_FETCHED","totalRecords":56,"timestamp":"2026-08-04T12:24:11.923Z"}
4/8/2026, 5:54:11 pm | {"api":"/api/cash-closing-dashboard","event":"CASH_CLOSING_CLUSTER_FETCHED","totalClusters":5,"timestamp":"2026-08-04T12:24:11.927Z"}
4/8/2026, 5:54:11 pm | {"api":"/api/cash-closing-dashboard","event":"CASH_CLOSING_BRANCH_FETCHED","totalBranches":62,"timestamp":"2026-08-04T12:24:11.930Z"}
4/8/2026, 5:54:11 pm | {"api":"/api/cash-closing-dashboard","event":"CASH_CLOSING_DASHBOARD_SUCCESS","totalRecords":56,"filters":{"cluster":"","branch":"","fromDate":"","toDate":"","status":""},"timestamp":"2026-08-04T12:24:11.930Z"}
4/8/2026, 5:54:12 pm | {"api":"/api/cash-closing-dashboard","event":"CASH_CLOSING_DASHBOARD_API_STARTED","filters":{"cluster":"","branch":"","fromDate":"","toDate":"","status":""},"timestamp":"2026-08-04T12:24:12.065Z"}
4/8/2026, 5:54:12 pm | {"api":"/api/cash-closing-dashboard","event":"CASH_CLOSING_DASHBOARD_DB_CONNECTED","timestamp":"2026-08-04T12:24:12.066Z"}
4/8/2026, 5:54:12 pm | {"api":"/api/cash-closing-dashboard","event":"CASH_CLOSING_DASHBOARD_QUERY_STARTED","filters":{"cluster":"","branch":"","fromDate":"","toDate":"","status":""},"timestamp":"2026-08-04T12:24:12.067Z"}
4/8/2026, 5:54:12 pm | {"api":"/api/cash-closing-dashboard","event":"CASH_CLOSING_DASHBOARD_DATA_FETCHED","totalRecords":56,"timestamp":"2026-08-04T12:24:12.074Z"}
4/8/2026, 5:54:12 pm | {"api":"/api/cash-closing-dashboard","event":"CASH_CLOSING_CLUSTER_FETCHED","totalClusters":5,"timestamp":"2026-08-04T12:24:12.077Z"}
4/8/2026, 5:54:12 pm | {"api":"/api/cash-closing-dashboard","event":"CASH_CLOSING_BRANCH_FETCHED","totalBranches":62,"timestamp":"2026-08-04T12:24:12.080Z"}
4/8/2026, 5:54:12 pm | {"api":"/api/cash-closing-dashboard","event":"CASH_CLOSING_DASHBOARD_SUCCESS","totalRecords":56,"filters":{"cluster":"","branch":"","fromDate":"","toDate":"","status":""},"timestamp":"2026-08-04T12:24:12.081Z"}
4/8/2026, 5:54:12 pm | {"api":"/api/cash-closing-dashboard","event":"CASH_CLOSING_DASHBOARD_API_STARTED","filters":{"cluster":"","branch":"","fromDate":"","toDate":"","status":""},"timestamp":"2026-08-04T12:24:12.233Z"}
4/8/2026, 5:54:12 pm | {"api":"/api/cash-closing-dashboard","event":"CASH_CLOSING_DASHBOARD_DB_CONNECTED","timestamp":"2026-08-04T12:24:12.234Z"}
4/8/2026, 5:54:12 pm | {"api":"/api/cash-closing-dashboard","event":"CASH_CLOSING_DASHBOARD_QUERY_STARTED","filters":{"cluster":"","branch":"","fromDate":"","toDate":"","status":""},"timestamp":"2026-08-04T12:24:12.235Z"}
4/8/2026, 5:54:12 pm | {"api":"/api/cash-closing-dashboard","event":"CASH_CLOSING_DASHBOARD_DATA_FETCHED","totalRecords":56,"timestamp":"2026-08-04T12:24:12.242Z"}
4/8/2026, 5:54:12 pm | {"api":"/api/cash-closing-dashboard","event":"CASH_CLOSING_CLUSTER_FETCHED","totalClusters":5,"timestamp":"2026-08-04T12:24:12.246Z"}
4/8/2026, 5:54:12 pm | {"api":"/api/cash-closing-dashboard","event":"CASH_CLOSING_BRANCH_FETCHED","totalBranches":62,"timestamp":"2026-08-04T12:24:12.250Z"}
4/8/2026, 5:54:12 pm | {"api":"/api/cash-closing-dashboard","event":"CASH_CLOSING_DASHBOARD_SUCCESS","totalRecords":56,"filters":{"cluster":"","branch":"","fromDate":"","toDate":"","status":""},"timestamp":"2026-08-04T12:24:12.250Z"}
4/8/2026, 5:54:20 pm | {"api":"/api/cash-closing-dashboard","event":"CASH_CLOSING_DASHBOARD_API_STARTED","filters":{"cluster":"","branch":"","fromDate":"","toDate":"","status":""},"timestamp":"2026-08-04T12:24:20.563Z"}
4/8/2026, 5:54:20 pm | {"api":"/api/cash-closing-dashboard","event":"CASH_CLOSING_DASHBOARD_DB_CONNECTED","timestamp":"2026-08-04T12:24:20.565Z"}
4/8/2026, 5:54:20 pm | {"api":"/api/cash-closing-dashboard","event":"CASH_CLOSING_DASHBOARD_QUERY_STARTED","filters":{"cluster":"","branch":"","fromDate":"","toDate":"","status":""},"timestamp":"2026-08-04T12:24:20.565Z"}
4/8/2026, 5:54:20 pm | {"api":"/api/cash-closing-dashboard","event":"CASH_CLOSING_DASHBOARD_DATA_FETCHED","totalRecords":56,"timestamp":"2026-08-04T12:24:20.571Z"}
4/8/2026, 5:54:20 pm | {"api":"/api/cash-closing-dashboard","event":"CASH_CLOSING_CLUSTER_FETCHED","totalClusters":5,"timestamp":"2026-08-04T12:24:20.575Z"}
4/8/2026, 5:54:20 pm | {"api":"/api/cash-closing-dashboard","event":"CASH_CLOSING_BRANCH_FETCHED","totalBranches":62,"timestamp":"2026-08-04T12:24:20.578Z"}
4/8/2026, 5:54:20 pm | {"api":"/api/cash-closing-dashboard","event":"CASH_CLOSING_DASHBOARD_SUCCESS","totalRecords":56,"filters":{"cluster":"","branch":"","fromDate":"","toDate":"","status":""},"timestamp":"2026-08-04T12:24:20.579Z"}
4/8/2026, 5:54:20 pm | {"api":"/api/cash-closing-dashboard","event":"CASH_CLOSING_DASHBOARD_API_STARTED","filters":{"cluster":"","branch":"","fromDate":"","toDate":"","status":""},"timestamp":"2026-08-04T12:24:20.679Z"}
4/8/2026, 5:54:20 pm | {"api":"/api/cash-closing-dashboard","event":"CASH_CLOSING_DASHBOARD_DB_CONNECTED","timestamp":"2026-08-04T12:24:20.680Z"}
4/8/2026, 5:54:20 pm | {"api":"/api/cash-closing-dashboard","event":"CASH_CLOSING_DASHBOARD_QUERY_STARTED","filters":{"cluster":"","branch":"","fromDate":"","toDate":"","status":""},"timestamp":"2026-08-04T12:24:20.681Z"}
4/8/2026, 5:54:20 pm | {"api":"/api/cash-closing-dashboard","event":"CASH_CLOSING_DASHBOARD_DATA_FETCHED","totalRecords":56,"timestamp":"2026-08-04T12:24:20.688Z"}
4/8/2026, 5:54:20 pm | {"api":"/api/cash-closing-dashboard","event":"CASH_CLOSING_CLUSTER_FETCHED","totalClusters":5,"timestamp":"2026-08-04T12:24:20.692Z"}
4/8/2026, 5:54:20 pm | {"api":"/api/cash-closing-dashboard","event":"CASH_CLOSING_BRANCH_FETCHED","totalBranches":62,"timestamp":"2026-08-04T12:24:20.695Z"}
4/8/2026, 5:54:20 pm | {"api":"/api/cash-closing-dashboard","event":"CASH_CLOSING_DASHBOARD_SUCCESS","totalRecords":56,"filters":{"cluster":"","branch":"","fromDate":"","toDate":"","status":""},"timestamp":"2026-08-04T12:24:20.696Z"}
4/8/2026, 5:54:20 pm | {"api":"/api/cash-closing-dashboard","event":"CASH_CLOSING_DASHBOARD_API_STARTED","filters":{"cluster":"","branch":"","fromDate":"","toDate":"","status":""},"timestamp":"2026-08-04T12:24:20.872Z"}
4/8/2026, 5:54:20 pm | {"api":"/api/cash-closing-dashboard","event":"CASH_CLOSING_DASHBOARD_DB_CONNECTED","timestamp":"2026-08-04T12:24:20.873Z"}
4/8/2026, 5:54:20 pm | {"api":"/api/cash-closing-dashboard","event":"CASH_CLOSING_DASHBOARD_QUERY_STARTED","filters":{"cluster":"","branch":"","fromDate":"","toDate":"","status":""},"timestamp":"2026-08-04T12:24:20.874Z"}
4/8/2026, 5:54:20 pm | {"api":"/api/cash-closing-dashboard","event":"CASH_CLOSING_DASHBOARD_DATA_FETCHED","totalRecords":56,"timestamp":"2026-08-04T12:24:20.881Z"}
4/8/2026, 5:54:20 pm | {"api":"/api/cash-closing-dashboard","event":"CASH_CLOSING_CLUSTER_FETCHED","totalClusters":5,"timestamp":"2026-08-04T12:24:20.884Z"}
4/8/2026, 5:54:20 pm | {"api":"/api/cash-closing-dashboard","event":"CASH_CLOSING_BRANCH_FETCHED","totalBranches":62,"timestamp":"2026-08-04T12:24:20.888Z"}
4/8/2026, 5:54:20 pm | {"api":"/api/cash-closing-dashboard","event":"CASH_CLOSING_DASHBOARD_SUCCESS","totalRecords":56,"filters":{"cluster":"","branch":"","fromDate":"","toDate":"","status":""},"timestamp":"2026-08-04T12:24:20.888Z"}
4/8/2026, 5:54:38 pm | {"api":"/api/cash-closing-dashboard","event":"CASH_CLOSING_DASHBOARD_API_STARTED","filters":{"cluster":"","branch":"","fromDate":"","toDate":"","status":""},"timestamp":"2026-08-04T12:24:38.927Z"}
4/8/2026, 5:54:38 pm | {"api":"/api/cash-closing-dashboard","event":"CASH_CLOSING_DASHBOARD_DB_CONNECTED","timestamp":"2026-08-04T12:24:38.928Z"}
4/8/2026, 5:54:38 pm | {"api":"/api/cash-closing-dashboard","event":"CASH_CLOSING_DASHBOARD_QUERY_STARTED","filters":{"cluster":"","branch":"","fromDate":"","toDate":"","status":""},"timestamp":"2026-08-04T12:24:38.928Z"}
4/8/2026, 5:54:38 pm | {"api":"/api/cash-closing-dashboard","event":"CASH_CLOSING_DASHBOARD_DATA_FETCHED","totalRecords":56,"timestamp":"2026-08-04T12:24:38.936Z"}
4/8/2026, 5:54:38 pm | {"api":"/api/cash-closing-dashboard","event":"CASH_CLOSING_CLUSTER_FETCHED","totalClusters":5,"timestamp":"2026-08-04T12:24:38.940Z"}
4/8/2026, 5:54:38 pm | {"api":"/api/cash-closing-dashboard","event":"CASH_CLOSING_BRANCH_FETCHED","totalBranches":62,"timestamp":"2026-08-04T12:24:38.943Z"}
4/8/2026, 5:54:38 pm | {"api":"/api/cash-closing-dashboard","event":"CASH_CLOSING_DASHBOARD_SUCCESS","totalRecords":56,"filters":{"cluster":"","branch":"","fromDate":"","toDate":"","status":""},"timestamp":"2026-08-04T12:24:38.944Z"}
4/8/2026, 5:54:39 pm | {"api":"/api/cash-closing-dashboard","event":"CASH_CLOSING_DASHBOARD_API_STARTED","filters":{"cluster":"","branch":"","fromDate":"","toDate":"","status":""},"timestamp":"2026-08-04T12:24:39.072Z"}
4/8/2026, 5:54:39 pm | {"api":"/api/cash-closing-dashboard","event":"CASH_CLOSING_DASHBOARD_DB_CONNECTED","timestamp":"2026-08-04T12:24:39.073Z"}
4/8/2026, 5:54:39 pm | {"api":"/api/cash-closing-dashboard","event":"CASH_CLOSING_DASHBOARD_QUERY_STARTED","filters":{"cluster":"","branch":"","fromDate":"","toDate":"","status":""},"timestamp":"2026-08-04T12:24:39.074Z"}
4/8/2026, 5:54:39 pm | {"api":"/api/cash-closing-dashboard","event":"CASH_CLOSING_DASHBOARD_DATA_FETCHED","totalRecords":56,"timestamp":"2026-08-04T12:24:39.081Z"}
4/8/2026, 5:54:39 pm | {"api":"/api/cash-closing-dashboard","event":"CASH_CLOSING_CLUSTER_FETCHED","totalClusters":5,"timestamp":"2026-08-04T12:24:39.084Z"}
4/8/2026, 5:54:39 pm | {"api":"/api/cash-closing-dashboard","event":"CASH_CLOSING_BRANCH_FETCHED","totalBranches":62,"timestamp":"2026-08-04T12:24:39.088Z"}
4/8/2026, 5:54:39 pm | {"api":"/api/cash-closing-dashboard","event":"CASH_CLOSING_DASHBOARD_SUCCESS","totalRecords":56,"filters":{"cluster":"","branch":"","fromDate":"","toDate":"","status":""},"timestamp":"2026-08-04T12:24:39.089Z"}
4/8/2026, 5:54:39 pm | {"api":"/api/cash-closing-dashboard","event":"CASH_CLOSING_DASHBOARD_API_STARTED","filters":{"cluster":"","branch":"","fromDate":"","toDate":"","status":""},"timestamp":"2026-08-04T12:24:39.254Z"}
4/8/2026, 5:54:39 pm | {"api":"/api/cash-closing-dashboard","event":"CASH_CLOSING_DASHBOARD_DB_CONNECTED","timestamp":"2026-08-04T12:24:39.256Z"}
4/8/2026, 5:54:39 pm | {"api":"/api/cash-closing-dashboard","event":"CASH_CLOSING_DASHBOARD_QUERY_STARTED","filters":{"cluster":"","branch":"","fromDate":"","toDate":"","status":""},"timestamp":"2026-08-04T12:24:39.256Z"}
4/8/2026, 5:54:39 pm | {"api":"/api/cash-closing-dashboard","event":"CASH_CLOSING_DASHBOARD_DATA_FETCHED","totalRecords":56,"timestamp":"2026-08-04T12:24:39.264Z"}
4/8/2026, 5:54:39 pm | {"api":"/api/cash-closing-dashboard","event":"CASH_CLOSING_CLUSTER_FETCHED","totalClusters":5,"timestamp":"2026-08-04T12:24:39.268Z"}
4/8/2026, 5:54:39 pm | {"api":"/api/cash-closing-dashboard","event":"CASH_CLOSING_BRANCH_FETCHED","totalBranches":62,"timestamp":"2026-08-04T12:24:39.271Z"}
4/8/2026, 5:54:39 pm | {"api":"/api/cash-closing-dashboard","event":"CASH_CLOSING_DASHBOARD_SUCCESS","totalRecords":56,"filters":{"cluster":"","branch":"","fromDate":"","toDate":"","status":""},"timestamp":"2026-08-04T12:24:39.272Z"}
4/8/2026, 5:54:39 pm | {"api":"/api/cash-closing-dashboard","event":"CASH_CLOSING_DASHBOARD_API_STARTED","filters":{"cluster":"","branch":"","fromDate":"","toDate":"","status":""},"timestamp":"2026-08-04T12:24:39.446Z"}
4/8/2026, 5:54:39 pm | {"api":"/api/cash-closing-dashboard","event":"CASH_CLOSING_DASHBOARD_DB_CONNECTED","timestamp":"2026-08-04T12:24:39.447Z"}
4/8/2026, 5:54:39 pm | {"api":"/api/cash-closing-dashboard","event":"CASH_CLOSING_DASHBOARD_QUERY_STARTED","filters":{"cluster":"","branch":"","fromDate":"","toDate":"","status":""},"timestamp":"2026-08-04T12:24:39.448Z"}
4/8/2026, 5:54:39 pm | {"api":"/api/cash-closing-dashboard","event":"CASH_CLOSING_DASHBOARD_DATA_FETCHED","totalRecords":56,"timestamp":"2026-08-04T12:24:39.456Z"}
4/8/2026, 5:54:39 pm | {"api":"/api/cash-closing-dashboard","event":"CASH_CLOSING_CLUSTER_FETCHED","totalClusters":5,"timestamp":"2026-08-04T12:24:39.463Z"}
4/8/2026, 5:54:39 pm | {"api":"/api/cash-closing-dashboard","event":"CASH_CLOSING_BRANCH_FETCHED","totalBranches":62,"timestamp":"2026-08-04T12:24:39.468Z"}
4/8/2026, 5:54:39 pm | {"api":"/api/cash-closing-dashboard","event":"CASH_CLOSING_DASHBOARD_SUCCESS","totalRecords":56,"filters":{"cluster":"","branch":"","fromDate":"","toDate":"","status":""},"timestamp":"2026-08-04T12:24:39.468Z"}
4/8/2026, 5:54:42 pm | {"api":"/api/cash-closing-dashboard","event":"CASH_CLOSING_DASHBOARD_API_STARTED","filters":{"cluster":"","branch":"","fromDate":"","toDate":"","status":""},"timestamp":"2026-08-04T12:24:42.414Z"}
4/8/2026, 5:54:42 pm | {"api":"/api/cash-closing-dashboard","event":"CASH_CLOSING_DASHBOARD_DB_CONNECTED","timestamp":"2026-08-04T12:24:42.415Z"}
4/8/2026, 5:54:42 pm | {"api":"/api/cash-closing-dashboard","event":"CASH_CLOSING_DASHBOARD_QUERY_STARTED","filters":{"cluster":"","branch":"","fromDate":"","toDate":"","status":""},"timestamp":"2026-08-04T12:24:42.416Z"}
4/8/2026, 5:54:42 pm | {"api":"/api/cash-closing-dashboard","event":"CASH_CLOSING_DASHBOARD_DATA_FETCHED","totalRecords":56,"timestamp":"2026-08-04T12:24:42.426Z"}
4/8/2026, 5:54:42 pm | {"api":"/api/cash-closing-dashboard","event":"CASH_CLOSING_CLUSTER_FETCHED","totalClusters":5,"timestamp":"2026-08-04T12:24:42.430Z"}
4/8/2026, 5:54:42 pm | {"api":"/api/cash-closing-dashboard","event":"CASH_CLOSING_BRANCH_FETCHED","totalBranches":62,"timestamp":"2026-08-04T12:24:42.433Z"}
4/8/2026, 5:54:42 pm | {"api":"/api/cash-closing-dashboard","event":"CASH_CLOSING_DASHBOARD_SUCCESS","totalRecords":56,"filters":{"cluster":"","branch":"","fromDate":"","toDate":"","status":""},"timestamp":"2026-08-04T12:24:42.434Z"}
4/8/2026, 5:54:42 pm | {"api":"/api/cash-closing-dashboard","event":"CASH_CLOSING_DASHBOARD_API_STARTED","filters":{"cluster":"","branch":"","fromDate":"","toDate":"","status":""},"timestamp":"2026-08-04T12:24:42.592Z"}
4/8/2026, 5:54:42 pm | {"api":"/api/cash-closing-dashboard","event":"CASH_CLOSING_DASHBOARD_DB_CONNECTED","timestamp":"2026-08-04T12:24:42.593Z"}
4/8/2026, 5:54:42 pm | {"api":"/api/cash-closing-dashboard","event":"CASH_CLOSING_DASHBOARD_QUERY_STARTED","filters":{"cluster":"","branch":"","fromDate":"","toDate":"","status":""},"timestamp":"2026-08-04T12:24:42.593Z"}
4/8/2026, 5:54:42 pm | {"api":"/api/cash-closing-dashboard","event":"CASH_CLOSING_DASHBOARD_DATA_FETCHED","totalRecords":56,"timestamp":"2026-08-04T12:24:42.601Z"}
4/8/2026, 5:54:42 pm | {"api":"/api/cash-closing-dashboard","event":"CASH_CLOSING_CLUSTER_FETCHED","totalClusters":5,"timestamp":"2026-08-04T12:24:42.604Z"}
4/8/2026, 5:54:42 pm | {"api":"/api/cash-closing-dashboard","event":"CASH_CLOSING_BRANCH_FETCHED","totalBranches":62,"timestamp":"2026-08-04T12:24:42.608Z"}
4/8/2026, 5:54:42 pm | {"api":"/api/cash-closing-dashboard","event":"CASH_CLOSING_DASHBOARD_SUCCESS","totalRecords":56,"filters":{"cluster":"","branch":"","fromDate":"","toDate":"","status":""},"timestamp":"2026-08-04T12:24:42.609Z"}
4/8/2026, 5:54:51 pm | {"api":"/api/cash-closing-dashboard","event":"CASH_CLOSING_DASHBOARD_API_STARTED","filters":{"cluster":"","branch":"","fromDate":"","toDate":"","status":""},"timestamp":"2026-08-04T12:24:51.204Z"}
4/8/2026, 5:54:51 pm | {"api":"/api/cash-closing-dashboard","event":"CASH_CLOSING_DASHBOARD_DB_CONNECTED","timestamp":"2026-08-04T12:24:51.205Z"}
4/8/2026, 5:54:51 pm | {"api":"/api/cash-closing-dashboard","event":"CASH_CLOSING_DASHBOARD_QUERY_STARTED","filters":{"cluster":"","branch":"","fromDate":"","toDate":"","status":""},"timestamp":"2026-08-04T12:24:51.206Z"}
4/8/2026, 5:54:51 pm | {"api":"/api/cash-closing-dashboard","event":"CASH_CLOSING_DASHBOARD_DATA_FETCHED","totalRecords":56,"timestamp":"2026-08-04T12:24:51.212Z"}
4/8/2026, 5:54:51 pm | {"api":"/api/cash-closing-dashboard","event":"CASH_CLOSING_CLUSTER_FETCHED","totalClusters":5,"timestamp":"2026-08-04T12:24:51.216Z"}
4/8/2026, 5:54:51 pm | {"api":"/api/cash-closing-dashboard","event":"CASH_CLOSING_BRANCH_FETCHED","totalBranches":62,"timestamp":"2026-08-04T12:24:51.219Z"}
4/8/2026, 5:54:51 pm | {"api":"/api/cash-closing-dashboard","event":"CASH_CLOSING_DASHBOARD_SUCCESS","totalRecords":56,"filters":{"cluster":"","branch":"","fromDate":"","toDate":"","status":""},"timestamp":"2026-08-04T12:24:51.220Z"}
4/8/2026, 5:54:51 pm | {"api":"/api/cash-closing-dashboard","event":"CASH_CLOSING_DASHBOARD_API_STARTED","filters":{"cluster":"","branch":"","fromDate":"","toDate":"","status":""},"timestamp":"2026-08-04T12:24:51.286Z"}
4/8/2026, 5:54:51 pm | {"api":"/api/cash-closing-dashboard","event":"CASH_CLOSING_DASHBOARD_DB_CONNECTED","timestamp":"2026-08-04T12:24:51.287Z"}
4/8/2026, 5:54:51 pm | {"api":"/api/cash-closing-dashboard","event":"CASH_CLOSING_DASHBOARD_QUERY_STARTED","filters":{"cluster":"","branch":"","fromDate":"","toDate":"","status":""},"timestamp":"2026-08-04T12:24:51.288Z"}
4/8/2026, 5:54:51 pm | {"api":"/api/cash-closing-dashboard","event":"CASH_CLOSING_DASHBOARD_DATA_FETCHED","totalRecords":56,"timestamp":"2026-08-04T12:24:51.295Z"}
4/8/2026, 5:54:51 pm | {"api":"/api/cash-closing-dashboard","event":"CASH_CLOSING_CLUSTER_FETCHED","totalClusters":5,"timestamp":"2026-08-04T12:24:51.298Z"}
4/8/2026, 5:54:51 pm | {"api":"/api/cash-closing-dashboard","event":"CASH_CLOSING_BRANCH_FETCHED","totalBranches":62,"timestamp":"2026-08-04T12:24:51.302Z"}
4/8/2026, 5:54:51 pm | {"api":"/api/cash-closing-dashboard","event":"CASH_CLOSING_DASHBOARD_SUCCESS","totalRecords":56,"filters":{"cluster":"","branch":"","fromDate":"","toDate":"","status":""},"timestamp":"2026-08-04T12:24:51.302Z"}
4/8/2026, 5:54:51 pm | {"api":"/api/cash-closing-dashboard","event":"CASH_CLOSING_DASHBOARD_API_STARTED","filters":{"cluster":"","branch":"","fromDate":"","toDate":"","status":""},"timestamp":"2026-08-04T12:24:51.462Z"}
4/8/2026, 5:54:51 pm | {"api":"/api/cash-closing-dashboard","event":"CASH_CLOSING_DASHBOARD_DB_CONNECTED","timestamp":"2026-08-04T12:24:51.463Z"}
4/8/2026, 5:54:51 pm | {"api":"/api/cash-closing-dashboard","event":"CASH_CLOSING_DASHBOARD_QUERY_STARTED","filters":{"cluster":"","branch":"","fromDate":"","toDate":"","status":""},"timestamp":"2026-08-04T12:24:51.464Z"}
4/8/2026, 5:54:51 pm | {"api":"/api/cash-closing-dashboard","event":"CASH_CLOSING_DASHBOARD_DATA_FETCHED","totalRecords":56,"timestamp":"2026-08-04T12:24:51.471Z"}
4/8/2026, 5:54:51 pm | {"api":"/api/cash-closing-dashboard","event":"CASH_CLOSING_CLUSTER_FETCHED","totalClusters":5,"timestamp":"2026-08-04T12:24:51.475Z"}
4/8/2026, 5:54:51 pm | {"api":"/api/cash-closing-dashboard","event":"CASH_CLOSING_BRANCH_FETCHED","totalBranches":62,"timestamp":"2026-08-04T12:24:51.478Z"}
4/8/2026, 5:54:51 pm | {"api":"/api/cash-closing-dashboard","event":"CASH_CLOSING_DASHBOARD_SUCCESS","totalRecords":56,"filters":{"cluster":"","branch":"","fromDate":"","toDate":"","status":""},"timestamp":"2026-08-04T12:24:51.479Z"}
4/8/2026, 5:54:51 pm | {"api":"/api/cash-closing-dashboard","event":"CASH_CLOSING_DASHBOARD_API_STARTED","filters":{"cluster":"","branch":"","fromDate":"","toDate":"","status":""},"timestamp":"2026-08-04T12:24:51.638Z"}
4/8/2026, 5:54:51 pm | {"api":"/api/cash-closing-dashboard","event":"CASH_CLOSING_DASHBOARD_DB_CONNECTED","timestamp":"2026-08-04T12:24:51.639Z"}
4/8/2026, 5:54:51 pm | {"api":"/api/cash-closing-dashboard","event":"CASH_CLOSING_DASHBOARD_QUERY_STARTED","filters":{"cluster":"","branch":"","fromDate":"","toDate":"","status":""},"timestamp":"2026-08-04T12:24:51.640Z"}
4/8/2026, 5:54:51 pm | {"api":"/api/cash-closing-dashboard","event":"CASH_CLOSING_DASHBOARD_DATA_FETCHED","totalRecords":56,"timestamp":"2026-08-04T12:24:51.647Z"}
4/8/2026, 5:54:51 pm | {"api":"/api/cash-closing-dashboard","event":"CASH_CLOSING_CLUSTER_FETCHED","totalClusters":5,"timestamp":"2026-08-04T12:24:51.650Z"}
4/8/2026, 5:54:51 pm | {"api":"/api/cash-closing-dashboard","event":"CASH_CLOSING_BRANCH_FETCHED","totalBranches":62,"timestamp":"2026-08-04T12:24:51.654Z"}
4/8/2026, 5:54:51 pm | {"api":"/api/cash-closing-dashboard","event":"CASH_CLOSING_DASHBOARD_SUCCESS","totalRecords":56,"filters":{"cluster":"","branch":"","fromDate":"","toDate":"","status":""},"timestamp":"2026-08-04T12:24:51.655Z"}
4/8/2026, 5:54:51 pm | {"api":"/api/cash-closing-dashboard","event":"CASH_CLOSING_DASHBOARD_API_STARTED","filters":{"cluster":"","branch":"","fromDate":"","toDate":"","status":""},"timestamp":"2026-08-04T12:24:51.847Z"}
4/8/2026, 5:54:51 pm | {"api":"/api/cash-closing-dashboard","event":"CASH_CLOSING_DASHBOARD_DB_CONNECTED","timestamp":"2026-08-04T12:24:51.848Z"}
4/8/2026, 5:54:51 pm | {"api":"/api/cash-closing-dashboard","event":"CASH_CLOSING_DASHBOARD_QUERY_STARTED","filters":{"cluster":"","branch":"","fromDate":"","toDate":"","status":""},"timestamp":"2026-08-04T12:24:51.849Z"}
4/8/2026, 5:54:51 pm | {"api":"/api/cash-closing-dashboard","event":"CASH_CLOSING_DASHBOARD_DATA_FETCHED","totalRecords":56,"timestamp":"2026-08-04T12:24:51.857Z"}
4/8/2026, 5:54:51 pm | {"api":"/api/cash-closing-dashboard","event":"CASH_CLOSING_CLUSTER_FETCHED","totalClusters":5,"timestamp":"2026-08-04T12:24:51.861Z"}
4/8/2026, 5:54:51 pm | {"api":"/api/cash-closing-dashboard","event":"CASH_CLOSING_BRANCH_FETCHED","totalBranches":62,"timestamp":"2026-08-04T12:24:51.865Z"}
4/8/2026, 5:54:51 pm | {"api":"/api/cash-closing-dashboard","event":"CASH_CLOSING_DASHBOARD_SUCCESS","totalRecords":56,"filters":{"cluster":"","branch":"","fromDate":"","toDate":"","status":""},"timestamp":"2026-08-04T12:24:51.865Z"}
4/8/2026, 5:54:54 pm | {"api":"/api/cash-closing-dashboard","event":"CASH_CLOSING_DASHBOARD_API_STARTED","filters":{"cluster":"","branch":"","fromDate":"","toDate":"","status":""},"timestamp":"2026-08-04T12:24:54.391Z"}
4/8/2026, 5:54:54 pm | {"api":"/api/cash-closing-dashboard","event":"CASH_CLOSING_DASHBOARD_DB_CONNECTED","timestamp":"2026-08-04T12:24:54.392Z"}
4/8/2026, 5:54:54 pm | {"api":"/api/cash-closing-dashboard","event":"CASH_CLOSING_DASHBOARD_QUERY_STARTED","filters":{"cluster":"","branch":"","fromDate":"","toDate":"","status":""},"timestamp":"2026-08-04T12:24:54.393Z"}
4/8/2026, 5:54:54 pm | {"api":"/api/cash-closing-dashboard","event":"CASH_CLOSING_DASHBOARD_DATA_FETCHED","totalRecords":56,"timestamp":"2026-08-04T12:24:54.402Z"}
4/8/2026, 5:54:54 pm | {"api":"/api/cash-closing-dashboard","event":"CASH_CLOSING_CLUSTER_FETCHED","totalClusters":5,"timestamp":"2026-08-04T12:24:54.405Z"}
4/8/2026, 5:54:54 pm | {"api":"/api/cash-closing-dashboard","event":"CASH_CLOSING_BRANCH_FETCHED","totalBranches":62,"timestamp":"2026-08-04T12:24:54.409Z"}
4/8/2026, 5:54:54 pm | {"api":"/api/cash-closing-dashboard","event":"CASH_CLOSING_DASHBOARD_SUCCESS","totalRecords":56,"filters":{"cluster":"","branch":"","fromDate":"","toDate":"","status":""},"timestamp":"2026-08-04T12:24:54.409Z"}
4/8/2026, 5:54:54 pm | {"api":"/api/cash-closing-dashboard","event":"CASH_CLOSING_DASHBOARD_API_STARTED","filters":{"cluster":"","branch":"","fromDate":"","toDate":"","status":""},"timestamp":"2026-08-04T12:24:54.606Z"}
4/8/2026, 5:54:54 pm | {"api":"/api/cash-closing-dashboard","event":"CASH_CLOSING_DASHBOARD_DB_CONNECTED","timestamp":"2026-08-04T12:24:54.608Z"}
4/8/2026, 5:54:54 pm | {"api":"/api/cash-closing-dashboard","event":"CASH_CLOSING_DASHBOARD_QUERY_STARTED","filters":{"cluster":"","branch":"","fromDate":"","toDate":"","status":""},"timestamp":"2026-08-04T12:24:54.609Z"}
4/8/2026, 5:54:54 pm | {"api":"/api/cash-closing-dashboard","event":"CASH_CLOSING_DASHBOARD_DATA_FETCHED","totalRecords":56,"timestamp":"2026-08-04T12:24:54.616Z"}
4/8/2026, 5:54:54 pm | {"api":"/api/cash-closing-dashboard","event":"CASH_CLOSING_CLUSTER_FETCHED","totalClusters":5,"timestamp":"2026-08-04T12:24:54.619Z"}
4/8/2026, 5:54:54 pm | {"api":"/api/cash-closing-dashboard","event":"CASH_CLOSING_BRANCH_FETCHED","totalBranches":62,"timestamp":"2026-08-04T12:24:54.623Z"}
4/8/2026, 5:54:54 pm | {"api":"/api/cash-closing-dashboard","event":"CASH_CLOSING_DASHBOARD_SUCCESS","totalRecords":56,"filters":{"cluster":"","branch":"","fromDate":"","toDate":"","status":""},"timestamp":"2026-08-04T12:24:54.624Z"}
4/8/2026, 5:54:54 pm | {"api":"/api/cash-closing-dashboard","event":"CASH_CLOSING_DASHBOARD_API_STARTED","filters":{"cluster":"","branch":"","fromDate":"","toDate":"","status":""},"timestamp":"2026-08-04T12:24:54.807Z"}
4/8/2026, 5:54:54 pm | {"api":"/api/cash-closing-dashboard","event":"CASH_CLOSING_DASHBOARD_DB_CONNECTED","timestamp":"2026-08-04T12:24:54.808Z"}
4/8/2026, 5:54:54 pm | {"api":"/api/cash-closing-dashboard","event":"CASH_CLOSING_DASHBOARD_QUERY_STARTED","filters":{"cluster":"","branch":"","fromDate":"","toDate":"","status":""},"timestamp":"2026-08-04T12:24:54.809Z"}
4/8/2026, 5:54:54 pm | {"api":"/api/cash-closing-dashboard","event":"CASH_CLOSING_DASHBOARD_DATA_FETCHED","totalRecords":56,"timestamp":"2026-08-04T12:24:54.816Z"}
4/8/2026, 5:54:54 pm | {"api":"/api/cash-closing-dashboard","event":"CASH_CLOSING_CLUSTER_FETCHED","totalClusters":5,"timestamp":"2026-08-04T12:24:54.820Z"}
4/8/2026, 5:54:54 pm | {"api":"/api/cash-closing-dashboard","event":"CASH_CLOSING_BRANCH_FETCHED","totalBranches":62,"timestamp":"2026-08-04T12:24:54.823Z"}
4/8/2026, 5:54:54 pm | {"api":"/api/cash-closing-dashboard","event":"CASH_CLOSING_DASHBOARD_SUCCESS","totalRecords":56,"filters":{"cluster":"","branch":"","fromDate":"","toDate":"","status":""},"timestamp":"2026-08-04T12:24:54.823Z"}
4/8/2026, 5:54:55 pm | {"api":"/api/cash-closing-dashboard","event":"CASH_CLOSING_DASHBOARD_API_STARTED","filters":{"cluster":"","branch":"","fromDate":"","toDate":"","status":""},"timestamp":"2026-08-04T12:24:55.095Z"}
4/8/2026, 5:54:55 pm | {"api":"/api/cash-closing-dashboard","event":"CASH_CLOSING_DASHBOARD_DB_CONNECTED","timestamp":"2026-08-04T12:24:55.096Z"}
4/8/2026, 5:54:55 pm | {"api":"/api/cash-closing-dashboard","event":"CASH_CLOSING_DASHBOARD_QUERY_STARTED","filters":{"cluster":"","branch":"","fromDate":"","toDate":"","status":""},"timestamp":"2026-08-04T12:24:55.097Z"}
4/8/2026, 5:54:55 pm | {"api":"/api/cash-closing-dashboard","event":"CASH_CLOSING_DASHBOARD_DATA_FETCHED","totalRecords":56,"timestamp":"2026-08-04T12:24:55.104Z"}
4/8/2026, 5:54:55 pm | {"api":"/api/cash-closing-dashboard","event":"CASH_CLOSING_CLUSTER_FETCHED","totalClusters":5,"timestamp":"2026-08-04T12:24:55.109Z"}
4/8/2026, 5:54:55 pm | {"api":"/api/cash-closing-dashboard","event":"CASH_CLOSING_BRANCH_FETCHED","totalBranches":62,"timestamp":"2026-08-04T12:24:55.112Z"}
4/8/2026, 5:54:55 pm | {"api":"/api/cash-closing-dashboard","event":"CASH_CLOSING_DASHBOARD_SUCCESS","totalRecords":56,"filters":{"cluster":"","branch":"","fromDate":"","toDate":"","status":""},"timestamp":"2026-08-04T12:24:55.113Z"}
4/8/2026, 5:54:55 pm | {"api":"/api/cash-closing-dashboard","event":"CASH_CLOSING_DASHBOARD_API_STARTED","filters":{"cluster":"","branch":"","fromDate":"","toDate":"","status":""},"timestamp":"2026-08-04T12:24:55.286Z"}
4/8/2026, 5:54:55 pm | {"api":"/api/cash-closing-dashboard","event":"CASH_CLOSING_DASHBOARD_DB_CONNECTED","timestamp":"2026-08-04T12:24:55.288Z"}
4/8/2026, 5:54:55 pm | {"api":"/api/cash-closing-dashboard","event":"CASH_CLOSING_DASHBOARD_QUERY_STARTED","filters":{"cluster":"","branch":"","fromDate":"","toDate":"","status":""},"timestamp":"2026-08-04T12:24:55.288Z"}
4/8/2026, 5:54:55 pm | {"api":"/api/cash-closing-dashboard","event":"CASH_CLOSING_DASHBOARD_DATA_FETCHED","totalRecords":56,"timestamp":"2026-08-04T12:24:55.296Z"}
4/8/2026, 5:54:55 pm | {"api":"/api/cash-closing-dashboard","event":"CASH_CLOSING_CLUSTER_FETCHED","totalClusters":5,"timestamp":"2026-08-04T12:24:55.299Z"}
4/8/2026, 5:54:55 pm | {"api":"/api/cash-closing-dashboard","event":"CASH_CLOSING_BRANCH_FETCHED","totalBranches":62,"timestamp":"2026-08-04T12:24:55.302Z"}
4/8/2026, 5:54:55 pm | {"api":"/api/cash-closing-dashboard","event":"CASH_CLOSING_DASHBOARD_SUCCESS","totalRecords":56,"filters":{"cluster":"","branch":"","fromDate":"","toDate":"","status":""},"timestamp":"2026-08-04T12:24:55.303Z"}
4/8/2026, 5:54:58 pm | {"api":"/api/cash-closing-dashboard","event":"CASH_CLOSING_DASHBOARD_API_STARTED","filters":{"cluster":"","branch":"","fromDate":"","toDate":"","status":""},"timestamp":"2026-08-04T12:24:58.610Z"}
4/8/2026, 5:54:58 pm | {"api":"/api/cash-closing-dashboard","event":"CASH_CLOSING_DASHBOARD_DB_CONNECTED","timestamp":"2026-08-04T12:24:58.611Z"}
4/8/2026, 5:54:58 pm | {"api":"/api/cash-closing-dashboard","event":"CASH_CLOSING_DASHBOARD_QUERY_STARTED","filters":{"cluster":"","branch":"","fromDate":"","toDate":"","status":""},"timestamp":"2026-08-04T12:24:58.612Z"}
4/8/2026, 5:54:58 pm | {"api":"/api/cash-closing-dashboard","event":"CASH_CLOSING_DASHBOARD_DATA_FETCHED","totalRecords":56,"timestamp":"2026-08-04T12:24:58.617Z"}
4/8/2026, 5:54:58 pm | {"api":"/api/cash-closing-dashboard","event":"CASH_CLOSING_CLUSTER_FETCHED","totalClusters":5,"timestamp":"2026-08-04T12:24:58.620Z"}
4/8/2026, 5:54:58 pm | {"api":"/api/cash-closing-dashboard","event":"CASH_CLOSING_BRANCH_FETCHED","totalBranches":62,"timestamp":"2026-08-04T12:24:58.623Z"}
4/8/2026, 5:54:58 pm | {"api":"/api/cash-closing-dashboard","event":"CASH_CLOSING_DASHBOARD_SUCCESS","totalRecords":56,"filters":{"cluster":"","branch":"","fromDate":"","toDate":"","status":""},"timestamp":"2026-08-04T12:24:58.624Z"}
4/8/2026, 5:54:58 pm | {"api":"/api/cash-closing-dashboard","event":"CASH_CLOSING_DASHBOARD_API_STARTED","filters":{"cluster":"","branch":"","fromDate":"","toDate":"","status":""},"timestamp":"2026-08-04T12:24:58.734Z"}
4/8/2026, 5:54:58 pm | {"api":"/api/cash-closing-dashboard","event":"CASH_CLOSING_DASHBOARD_DB_CONNECTED","timestamp":"2026-08-04T12:24:58.735Z"}
4/8/2026, 5:54:58 pm | {"api":"/api/cash-closing-dashboard","event":"CASH_CLOSING_DASHBOARD_QUERY_STARTED","filters":{"cluster":"","branch":"","fromDate":"","toDate":"","status":""},"timestamp":"2026-08-04T12:24:58.736Z"}
4/8/2026, 5:54:58 pm | {"api":"/api/cash-closing-dashboard","event":"CASH_CLOSING_DASHBOARD_DATA_FETCHED","totalRecords":56,"timestamp":"2026-08-04T12:24:58.743Z"}
4/8/2026, 5:54:58 pm | {"api":"/api/cash-closing-dashboard","event":"CASH_CLOSING_CLUSTER_FETCHED","totalClusters":5,"timestamp":"2026-08-04T12:24:58.746Z"}
4/8/2026, 5:54:58 pm | {"api":"/api/cash-closing-dashboard","event":"CASH_CLOSING_BRANCH_FETCHED","totalBranches":62,"timestamp":"2026-08-04T12:24:58.750Z"}
4/8/2026, 5:54:58 pm | {"api":"/api/cash-closing-dashboard","event":"CASH_CLOSING_DASHBOARD_SUCCESS","totalRecords":56,"filters":{"cluster":"","branch":"","fromDate":"","toDate":"","status":""},"timestamp":"2026-08-04T12:24:58.751Z"}
4/8/2026, 5:55:02 pm | {"api":"/login","event":"LOGIN_API_STARTED","mpin":"9623","deviceId":"1229a487866198ab","timestamp":"2026-08-04T12:25:02.117Z"}
4/8/2026, 5:55:02 pm | {"event":"LOGIN_REQUEST","mpin":"9623","deviceId":"1229a487866198ab","timestamp":"2026-08-04T12:25:02.118Z"}
4/8/2026, 5:55:02 pm | {"api":"/login","event":"LOGIN_DB_QUERY_STARTED","mpin":"9623","timestamp":"2026-08-04T12:25:02.118Z"}
4/8/2026, 5:55:02 pm | {"api":"/login","event":"LOGIN_USER_FOUND","empNo":"623","branch":"Thulluru","designation":"Branch Manager","timestamp":"2026-08-04T12:25:02.125Z"}
4/8/2026, 5:55:02 pm | {"api":"/login","event":"LOGIN_DEVICE_CHECK","empNo":"623","savedDevice":"1229a487866198ab","currentDevice":"1229a487866198ab","timestamp":"2026-08-04T12:25:02.125Z"}
4/8/2026, 5:55:02 pm | {"api":"/login","event":"LOGIN_SUCCESS","empNo":"623","branch":"Thulluru","designation":"Branch Manager","loginTime":"2026-08-04T12:25:02.132Z"}
4/8/2026, 5:55:02 pm | {"api":"/employee/:empNo","event":"EMPLOYEE_API_STARTED","empNo":"623","timestamp":"2026-08-04T12:25:02.395Z"}
4/8/2026, 5:55:02 pm | {"api":"/employee/:empNo","event":"EMPLOYEE_DB_QUERY_STARTED","empNo":"623","timestamp":"2026-08-04T12:25:02.396Z"}
4/8/2026, 5:55:02 pm | {"api":"/employee/:empNo","event":"EMPLOYEE_FETCH_SUCCESS","empNo":"623","employeeName":"Sk Mastanvali","branch":"Thulluru","designation":"Branch Manager","timestamp":"2026-08-04T12:25:02.400Z"}
4/8/2026, 5:55:02 pm | {"api":"/last-submission/:empNo","event":"LAST_SUBMISSION_API_STARTED","empNo":"623","timestamp":"2026-08-04T12:25:02.512Z"}
4/8/2026, 5:55:02 pm | {"api":"/last-submission/:empNo","event":"LAST_SUBMISSION_DB_QUERY_STARTED","empNo":"623","timestamp":"2026-08-04T12:25:02.513Z"}
4/8/2026, 5:55:02 pm | {"api":"/last-submission/:empNo","event":"LAST_SUBMISSION_FETCH_SUCCESS","empNo":"623","amount":494633,"actionAt":"2026-08-03 17:57:51","timestamp":"2026-08-04T12:25:02.520Z"}
4/8/2026, 5:55:02 pm | {"api":"/today-cash/:empNo","event":"TODAY_CASH_API_STARTED","empNo":"623","timestamp":"2026-08-04T12:25:02.676Z"}
4/8/2026, 5:55:02 pm | {"api":"/today-cash/:empNo","event":"TODAY_CASH_DB_QUERY_STARTED","empNo":"623","timestamp":"2026-08-04T12:25:02.677Z"}
4/8/2026, 5:55:02 pm | {"api":"/today-cash/:empNo","event":"TODAY_CASH_NOT_FOUND","empNo":"623","timestamp":"2026-08-04T12:25:02.684Z"}
4/8/2026, 5:55:12 pm | {"api":"/save-cash-closing","event":"SAVE_CASH_API_STARTED","empNo":"623","amount":"571688","timestamp":"2026-08-04T12:25:12.914Z"}
4/8/2026, 5:55:12 pm | {"api":"/save-cash-closing","event":"PREVIOUS_DAY_RECORD_FOUND","empNo":"623","oldDate":"2026-08-03T00:00:00.000Z","amount":494633,"timestamp":"2026-08-04T12:25:12.920Z"}
4/8/2026, 5:55:12 pm | {"api":"/save-cash-closing","event":"PREVIOUS_DAY_MOVED_TO_HISTORY","empNo":"623","timestamp":"2026-08-04T12:25:12.930Z"}
4/8/2026, 5:55:12 pm | {"api":"/save-cash-closing","event":"PREVIOUS_DAY_DELETED","empNo":"623","timestamp":"2026-08-04T12:25:12.936Z"}
4/8/2026, 5:55:12 pm | {"api":"/save-cash-closing","event":"SAVE_CASH_NEW_ENTRY","empNo":"623","amount":"571688","branch":"Thulluru","timestamp":"2026-08-04T12:25:12.939Z"}
4/8/2026, 5:55:12 pm | {"api":"/save-cash-closing","event":"SAVE_CASH_HISTORY_INSERTED","empNo":"623","actionType":"ADDED","version":1,"timestamp":"2026-08-04T12:25:12.948Z"}
4/8/2026, 5:55:12 pm | {"api":"/save-cash-closing","event":"SAVE_CASH_SUCCESS","type":"INSERT","empNo":"623","amount":"571688","timestamp":"2026-08-04T12:25:12.949Z"}
4/8/2026, 5:55:18 pm | {"api":"/api/cash-closing-dashboard","event":"CASH_CLOSING_DASHBOARD_API_STARTED","filters":{"cluster":"","branch":"","fromDate":"","toDate":"","status":""},"timestamp":"2026-08-04T12:25:18.608Z"}
4/8/2026, 5:55:18 pm | {"api":"/api/cash-closing-dashboard","event":"CASH_CLOSING_DASHBOARD_DB_CONNECTED","timestamp":"2026-08-04T12:25:18.609Z"}
4/8/2026, 5:55:18 pm | {"api":"/api/cash-closing-dashboard","event":"CASH_CLOSING_DASHBOARD_QUERY_STARTED","filters":{"cluster":"","branch":"","fromDate":"","toDate":"","status":""},"timestamp":"2026-08-04T12:25:18.610Z"}
4/8/2026, 5:55:18 pm | {"api":"/api/cash-closing-dashboard","event":"CASH_CLOSING_DASHBOARD_DATA_FETCHED","totalRecords":56,"timestamp":"2026-08-04T12:25:18.616Z"}
4/8/2026, 5:55:18 pm | {"api":"/api/cash-closing-dashboard","event":"CASH_CLOSING_CLUSTER_FETCHED","totalClusters":5,"timestamp":"2026-08-04T12:25:18.619Z"}
4/8/2026, 5:55:18 pm | {"api":"/api/cash-closing-dashboard","event":"CASH_CLOSING_BRANCH_FETCHED","totalBranches":62,"timestamp":"2026-08-04T12:25:18.621Z"}
4/8/2026, 5:55:18 pm | {"api":"/api/cash-closing-dashboard","event":"CASH_CLOSING_DASHBOARD_SUCCESS","totalRecords":56,"filters":{"cluster":"","branch":"","fromDate":"","toDate":"","status":""},"timestamp":"2026-08-04T12:25:18.622Z"}
4/8/2026, 5:55:19 pm | {"api":"/api/cash-closing-dashboard","event":"CASH_CLOSING_DASHBOARD_API_STARTED","filters":{"cluster":"","branch":"","fromDate":"","toDate":"","status":""},"timestamp":"2026-08-04T12:25:19.184Z"}
4/8/2026, 5:55:19 pm | {"api":"/api/cash-closing-dashboard","event":"CASH_CLOSING_DASHBOARD_DB_CONNECTED","timestamp":"2026-08-04T12:25:19.185Z"}
4/8/2026, 5:55:19 pm | {"api":"/api/cash-closing-dashboard","event":"CASH_CLOSING_DASHBOARD_QUERY_STARTED","filters":{"cluster":"","branch":"","fromDate":"","toDate":"","status":""},"timestamp":"2026-08-04T12:25:19.185Z"}
4/8/2026, 5:55:19 pm | {"api":"/api/cash-closing-dashboard","event":"CASH_CLOSING_DASHBOARD_DATA_FETCHED","totalRecords":56,"timestamp":"2026-08-04T12:25:19.193Z"}
4/8/2026, 5:55:19 pm | {"api":"/api/cash-closing-dashboard","event":"CASH_CLOSING_CLUSTER_FETCHED","totalClusters":5,"timestamp":"2026-08-04T12:25:19.196Z"}
4/8/2026, 5:55:19 pm | {"api":"/api/cash-closing-dashboard","event":"CASH_CLOSING_BRANCH_FETCHED","totalBranches":62,"timestamp":"2026-08-04T12:25:19.200Z"}
4/8/2026, 5:55:19 pm | {"api":"/api/cash-closing-dashboard","event":"CASH_CLOSING_DASHBOARD_SUCCESS","totalRecords":56,"filters":{"cluster":"","branch":"","fromDate":"","toDate":"","status":""},"timestamp":"2026-08-04T12:25:19.201Z"}
4/8/2026, 5:55:19 pm | {"api":"/api/cash-closing-dashboard","event":"CASH_CLOSING_DASHBOARD_API_STARTED","filters":{"cluster":"","branch":"","fromDate":"","toDate":"","status":""},"timestamp":"2026-08-04T12:25:19.350Z"}
4/8/2026, 5:55:19 pm | {"api":"/api/cash-closing-dashboard","event":"CASH_CLOSING_DASHBOARD_DB_CONNECTED","timestamp":"2026-08-04T12:25:19.351Z"}
4/8/2026, 5:55:19 pm | {"api":"/api/cash-closing-dashboard","event":"CASH_CLOSING_DASHBOARD_QUERY_STARTED","filters":{"cluster":"","branch":"","fromDate":"","toDate":"","status":""},"timestamp":"2026-08-04T12:25:19.352Z"}
4/8/2026, 5:55:19 pm | {"api":"/api/cash-closing-dashboard","event":"CASH_CLOSING_DASHBOARD_DATA_FETCHED","totalRecords":56,"timestamp":"2026-08-04T12:25:19.360Z"}
4/8/2026, 5:55:19 pm | {"api":"/api/cash-closing-dashboard","event":"CASH_CLOSING_CLUSTER_FETCHED","totalClusters":5,"timestamp":"2026-08-04T12:25:19.364Z"}
4/8/2026, 5:55:19 pm | {"api":"/api/cash-closing-dashboard","event":"CASH_CLOSING_BRANCH_FETCHED","totalBranches":62,"timestamp":"2026-08-04T12:25:19.368Z"}
4/8/2026, 5:55:19 pm | {"api":"/api/cash-closing-dashboard","event":"CASH_CLOSING_DASHBOARD_SUCCESS","totalRecords":56,"filters":{"cluster":"","branch":"","fromDate":"","toDate":"","status":""},"timestamp":"2026-08-04T12:25:19.369Z"}
4/8/2026, 5:55:23 pm | {"api":"/api/cash-closing-dashboard","event":"CASH_CLOSING_DASHBOARD_API_STARTED","filters":{"cluster":"","branch":"","fromDate":"","toDate":"","status":""},"timestamp":"2026-08-04T12:25:23.574Z"}
4/8/2026, 5:55:23 pm | {"api":"/api/cash-closing-dashboard","event":"CASH_CLOSING_DASHBOARD_DB_CONNECTED","timestamp":"2026-08-04T12:25:23.575Z"}
4/8/2026, 5:55:23 pm | {"api":"/api/cash-closing-dashboard","event":"CASH_CLOSING_DASHBOARD_QUERY_STARTED","filters":{"cluster":"","branch":"","fromDate":"","toDate":"","status":""},"timestamp":"2026-08-04T12:25:23.576Z"}
4/8/2026, 5:55:23 pm | {"api":"/api/cash-closing-dashboard","event":"CASH_CLOSING_DASHBOARD_DATA_FETCHED","totalRecords":56,"timestamp":"2026-08-04T12:25:23.582Z"}
4/8/2026, 5:55:23 pm | {"api":"/api/cash-closing-dashboard","event":"CASH_CLOSING_CLUSTER_FETCHED","totalClusters":5,"timestamp":"2026-08-04T12:25:23.585Z"}
4/8/2026, 5:55:23 pm | {"api":"/api/cash-closing-dashboard","event":"CASH_CLOSING_BRANCH_FETCHED","totalBranches":62,"timestamp":"2026-08-04T12:25:23.588Z"}
4/8/2026, 5:55:23 pm | {"api":"/api/cash-closing-dashboard","event":"CASH_CLOSING_DASHBOARD_SUCCESS","totalRecords":56,"filters":{"cluster":"","branch":"","fromDate":"","toDate":"","status":""},"timestamp":"2026-08-04T12:25:23.589Z"}
4/8/2026, 5:55:23 pm | {"api":"/api/cash-closing-dashboard","event":"CASH_CLOSING_DASHBOARD_API_STARTED","filters":{"cluster":"","branch":"","fromDate":"","toDate":"","status":""},"timestamp":"2026-08-04T12:25:23.767Z"}
4/8/2026, 5:55:23 pm | {"api":"/api/cash-closing-dashboard","event":"CASH_CLOSING_DASHBOARD_DB_CONNECTED","timestamp":"2026-08-04T12:25:23.768Z"}
4/8/2026, 5:55:23 pm | {"api":"/api/cash-closing-dashboard","event":"CASH_CLOSING_DASHBOARD_QUERY_STARTED","filters":{"cluster":"","branch":"","fromDate":"","toDate":"","status":""},"timestamp":"2026-08-04T12:25:23.769Z"}
4/8/2026, 5:55:23 pm | {"api":"/api/cash-closing-dashboard","event":"CASH_CLOSING_DASHBOARD_DATA_FETCHED","totalRecords":56,"timestamp":"2026-08-04T12:25:23.775Z"}
4/8/2026, 5:55:23 pm | {"api":"/api/cash-closing-dashboard","event":"CASH_CLOSING_CLUSTER_FETCHED","totalClusters":5,"timestamp":"2026-08-04T12:25:23.779Z"}
4/8/2026, 5:55:23 pm | {"api":"/api/cash-closing-dashboard","event":"CASH_CLOSING_BRANCH_FETCHED","totalBranches":62,"timestamp":"2026-08-04T12:25:23.783Z"}
4/8/2026, 5:55:23 pm | {"api":"/api/cash-closing-dashboard","event":"CASH_CLOSING_DASHBOARD_SUCCESS","totalRecords":56,"filters":{"cluster":"","branch":"","fromDate":"","toDate":"","status":""},"timestamp":"2026-08-04T12:25:23.783Z"}
4/8/2026, 5:55:23 pm | {"api":"/api/cash-closing-dashboard","event":"CASH_CLOSING_DASHBOARD_API_STARTED","filters":{"cluster":"","branch":"","fromDate":"","toDate":"","status":""},"timestamp":"2026-08-04T12:25:23.909Z"}
4/8/2026, 5:55:23 pm | {"api":"/api/cash-closing-dashboard","event":"CASH_CLOSING_DASHBOARD_DB_CONNECTED","timestamp":"2026-08-04T12:25:23.911Z"}
4/8/2026, 5:55:23 pm | {"api":"/api/cash-closing-dashboard","event":"CASH_CLOSING_DASHBOARD_QUERY_STARTED","filters":{"cluster":"","branch":"","fromDate":"","toDate":"","status":""},"timestamp":"2026-08-04T12:25:23.911Z"}
4/8/2026, 5:55:23 pm | {"api":"/api/cash-closing-dashboard","event":"CASH_CLOSING_DASHBOARD_DATA_FETCHED","totalRecords":56,"timestamp":"2026-08-04T12:25:23.918Z"}
4/8/2026, 5:55:23 pm | {"api":"/api/cash-closing-dashboard","event":"CASH_CLOSING_CLUSTER_FETCHED","totalClusters":5,"timestamp":"2026-08-04T12:25:23.922Z"}
4/8/2026, 5:55:23 pm | {"api":"/api/cash-closing-dashboard","event":"CASH_CLOSING_BRANCH_FETCHED","totalBranches":62,"timestamp":"2026-08-04T12:25:23.926Z"}
4/8/2026, 5:55:23 pm | {"api":"/api/cash-closing-dashboard","event":"CASH_CLOSING_DASHBOARD_SUCCESS","totalRecords":56,"filters":{"cluster":"","branch":"","fromDate":"","toDate":"","status":""},"timestamp":"2026-08-04T12:25:23.927Z"}
4/8/2026, 5:55:24 pm | {"api":"/api/cash-closing-dashboard","event":"CASH_CLOSING_DASHBOARD_API_STARTED","filters":{"cluster":"","branch":"","fromDate":"","toDate":"","status":""},"timestamp":"2026-08-04T12:25:24.117Z"}
4/8/2026, 5:55:24 pm | {"api":"/api/cash-closing-dashboard","event":"CASH_CLOSING_DASHBOARD_DB_CONNECTED","timestamp":"2026-08-04T12:25:24.119Z"}
4/8/2026, 5:55:24 pm | {"api":"/api/cash-closing-dashboard","event":"CASH_CLOSING_DASHBOARD_QUERY_STARTED","filters":{"cluster":"","branch":"","fromDate":"","toDate":"","status":""},"timestamp":"2026-08-04T12:25:24.119Z"}
4/8/2026, 5:55:24 pm | {"api":"/api/cash-closing-dashboard","event":"CASH_CLOSING_DASHBOARD_DATA_FETCHED","totalRecords":56,"timestamp":"2026-08-04T12:25:24.127Z"}
4/8/2026, 5:55:24 pm | {"api":"/api/cash-closing-dashboard","event":"CASH_CLOSING_CLUSTER_FETCHED","totalClusters":5,"timestamp":"2026-08-04T12:25:24.131Z"}
4/8/2026, 5:55:24 pm | {"api":"/api/cash-closing-dashboard","event":"CASH_CLOSING_BRANCH_FETCHED","totalBranches":62,"timestamp":"2026-08-04T12:25:24.134Z"}
4/8/2026, 5:55:24 pm | {"api":"/api/cash-closing-dashboard","event":"CASH_CLOSING_DASHBOARD_SUCCESS","totalRecords":56,"filters":{"cluster":"","branch":"","fromDate":"","toDate":"","status":""},"timestamp":"2026-08-04T12:25:24.135Z"}
4/8/2026, 5:55:27 pm | {"api":"/save-cash-closing","event":"SAVE_CASH_API_STARTED","empNo":"623","amount":"571688","timestamp":"2026-08-04T12:25:27.933Z"}
4/8/2026, 5:55:27 pm | {"api":"/save-cash-closing","event":"SAVE_CASH_UPDATE_STARTED","empNo":"623","oldAmount":571688,"newAmount":"571688","currentVersion":1,"nextVersion":2,"timestamp":"2026-08-04T12:25:27.942Z"}
4/8/2026, 5:55:27 pm | {"api":"/save-cash-closing","event":"SAVE_CASH_HISTORY_UPDATED","empNo":"623","version":2,"timestamp":"2026-08-04T12:25:27.955Z"}
4/8/2026, 5:55:27 pm | {"api":"/save-cash-closing","event":"SAVE_CASH_SUCCESS","type":"UPDATE","empNo":"623","amount":"571688","version":2,"timestamp":"2026-08-04T12:25:27.956Z"}
4/8/2026, 5:55:31 pm | {"api":"/api/cash-closing-dashboard","event":"CASH_CLOSING_DASHBOARD_API_STARTED","filters":{"cluster":"","branch":"","fromDate":"","toDate":"","status":""},"timestamp":"2026-08-04T12:25:31.857Z"}
4/8/2026, 5:55:31 pm | {"api":"/api/cash-closing-dashboard","event":"CASH_CLOSING_DASHBOARD_DB_CONNECTED","timestamp":"2026-08-04T12:25:31.858Z"}
4/8/2026, 5:55:31 pm | {"api":"/api/cash-closing-dashboard","event":"CASH_CLOSING_DASHBOARD_QUERY_STARTED","filters":{"cluster":"","branch":"","fromDate":"","toDate":"","status":""},"timestamp":"2026-08-04T12:25:31.859Z"}
4/8/2026, 5:55:31 pm | {"api":"/api/cash-closing-dashboard","event":"CASH_CLOSING_DASHBOARD_DATA_FETCHED","totalRecords":56,"timestamp":"2026-08-04T12:25:31.866Z"}
4/8/2026, 5:55:31 pm | {"api":"/api/cash-closing-dashboard","event":"CASH_CLOSING_CLUSTER_FETCHED","totalClusters":5,"timestamp":"2026-08-04T12:25:31.870Z"}
4/8/2026, 5:55:31 pm | {"api":"/api/cash-closing-dashboard","event":"CASH_CLOSING_BRANCH_FETCHED","totalBranches":62,"timestamp":"2026-08-04T12:25:31.874Z"}
4/8/2026, 5:55:31 pm | {"api":"/api/cash-closing-dashboard","event":"CASH_CLOSING_DASHBOARD_SUCCESS","totalRecords":56,"filters":{"cluster":"","branch":"","fromDate":"","toDate":"","status":""},"timestamp":"2026-08-04T12:25:31.874Z"}
4/8/2026, 5:55:31 pm | {"api":"/api/cash-closing-dashboard","event":"CASH_CLOSING_DASHBOARD_API_STARTED","filters":{"cluster":"","branch":"","fromDate":"","toDate":"","status":""},"timestamp":"2026-08-04T12:25:31.957Z"}
4/8/2026, 5:55:31 pm | {"api":"/api/cash-closing-dashboard","event":"CASH_CLOSING_DASHBOARD_DB_CONNECTED","timestamp":"2026-08-04T12:25:31.958Z"}
4/8/2026, 5:55:31 pm | {"api":"/api/cash-closing-dashboard","event":"CASH_CLOSING_DASHBOARD_QUERY_STARTED","filters":{"cluster":"","branch":"","fromDate":"","toDate":"","status":""},"timestamp":"2026-08-04T12:25:31.959Z"}
4/8/2026, 5:55:31 pm | {"api":"/api/cash-closing-dashboard","event":"CASH_CLOSING_DASHBOARD_DATA_FETCHED","totalRecords":56,"timestamp":"2026-08-04T12:25:31.966Z"}
4/8/2026, 5:55:31 pm | {"api":"/api/cash-closing-dashboard","event":"CASH_CLOSING_CLUSTER_FETCHED","totalClusters":5,"timestamp":"2026-08-04T12:25:31.970Z"}
4/8/2026, 5:55:31 pm | {"api":"/api/cash-closing-dashboard","event":"CASH_CLOSING_BRANCH_FETCHED","totalBranches":62,"timestamp":"2026-08-04T12:25:31.973Z"}
4/8/2026, 5:55:31 pm | {"api":"/api/cash-closing-dashboard","event":"CASH_CLOSING_DASHBOARD_SUCCESS","totalRecords":56,"filters":{"cluster":"","branch":"","fromDate":"","toDate":"","status":""},"timestamp":"2026-08-04T12:25:31.974Z"}
4/8/2026, 5:55:37 pm | {"api":"/api/cash-closing-dashboard","event":"CASH_CLOSING_DASHBOARD_API_STARTED","filters":{"cluster":"","branch":"","fromDate":"","toDate":"","status":""},"timestamp":"2026-08-04T12:25:37.203Z"}
4/8/2026, 5:55:37 pm | {"api":"/api/cash-closing-dashboard","event":"CASH_CLOSING_DASHBOARD_DB_CONNECTED","timestamp":"2026-08-04T12:25:37.203Z"}
4/8/2026, 5:55:37 pm | {"api":"/api/cash-closing-dashboard","event":"CASH_CLOSING_DASHBOARD_QUERY_STARTED","filters":{"cluster":"","branch":"","fromDate":"","toDate":"","status":""},"timestamp":"2026-08-04T12:25:37.204Z"}
4/8/2026, 5:55:37 pm | {"api":"/api/cash-closing-dashboard","event":"CASH_CLOSING_DASHBOARD_DATA_FETCHED","totalRecords":56,"timestamp":"2026-08-04T12:25:37.210Z"}
4/8/2026, 5:55:37 pm | {"api":"/api/cash-closing-dashboard","event":"CASH_CLOSING_CLUSTER_FETCHED","totalClusters":5,"timestamp":"2026-08-04T12:25:37.213Z"}
4/8/2026, 5:55:37 pm | {"api":"/api/cash-closing-dashboard","event":"CASH_CLOSING_BRANCH_FETCHED","totalBranches":62,"timestamp":"2026-08-04T12:25:37.217Z"}
4/8/2026, 5:55:37 pm | {"api":"/api/cash-closing-dashboard","event":"CASH_CLOSING_DASHBOARD_SUCCESS","totalRecords":56,"filters":{"cluster":"","branch":"","fromDate":"","toDate":"","status":""},"timestamp":"2026-08-04T12:25:37.217Z"}
4/8/2026, 5:55:37 pm | {"api":"/api/cash-closing-dashboard","event":"CASH_CLOSING_DASHBOARD_API_STARTED","filters":{"cluster":"","branch":"","fromDate":"","toDate":"","status":""},"timestamp":"2026-08-04T12:25:37.352Z"}
4/8/2026, 5:55:37 pm | {"api":"/api/cash-closing-dashboard","event":"CASH_CLOSING_DASHBOARD_DB_CONNECTED","timestamp":"2026-08-04T12:25:37.353Z"}
4/8/2026, 5:55:37 pm | {"api":"/api/cash-closing-dashboard","event":"CASH_CLOSING_DASHBOARD_QUERY_STARTED","filters":{"cluster":"","branch":"","fromDate":"","toDate":"","status":""},"timestamp":"2026-08-04T12:25:37.353Z"}
4/8/2026, 5:55:37 pm | {"api":"/api/cash-closing-dashboard","event":"CASH_CLOSING_DASHBOARD_DATA_FETCHED","totalRecords":56,"timestamp":"2026-08-04T12:25:37.361Z"}
4/8/2026, 5:55:37 pm | {"api":"/api/cash-closing-dashboard","event":"CASH_CLOSING_CLUSTER_FETCHED","totalClusters":5,"timestamp":"2026-08-04T12:25:37.364Z"}
4/8/2026, 5:55:37 pm | {"api":"/api/cash-closing-dashboard","event":"CASH_CLOSING_BRANCH_FETCHED","totalBranches":62,"timestamp":"2026-08-04T12:25:37.367Z"}
4/8/2026, 5:55:37 pm | {"api":"/api/cash-closing-dashboard","event":"CASH_CLOSING_DASHBOARD_SUCCESS","totalRecords":56,"filters":{"cluster":"","branch":"","fromDate":"","toDate":"","status":""},"timestamp":"2026-08-04T12:25:37.368Z"}
4/8/2026, 5:55:58 pm | {"api":"/api/cash-closing-dashboard","event":"CASH_CLOSING_DASHBOARD_API_STARTED","filters":{"cluster":"","branch":"","fromDate":"","toDate":"","status":""},"timestamp":"2026-08-04T12:25:58.027Z"}
4/8/2026, 5:55:58 pm | {"api":"/api/cash-closing-dashboard","event":"CASH_CLOSING_DASHBOARD_DB_CONNECTED","timestamp":"2026-08-04T12:25:58.028Z"}
4/8/2026, 5:55:58 pm | {"api":"/api/cash-closing-dashboard","event":"CASH_CLOSING_DASHBOARD_QUERY_STARTED","filters":{"cluster":"","branch":"","fromDate":"","toDate":"","status":""},"timestamp":"2026-08-04T12:25:58.029Z"}
4/8/2026, 5:55:58 pm | {"api":"/api/cash-closing-dashboard","event":"CASH_CLOSING_DASHBOARD_DATA_FETCHED","totalRecords":56,"timestamp":"2026-08-04T12:25:58.036Z"}
4/8/2026, 5:55:58 pm | {"api":"/api/cash-closing-dashboard","event":"CASH_CLOSING_CLUSTER_FETCHED","totalClusters":5,"timestamp":"2026-08-04T12:25:58.040Z"}
4/8/2026, 5:55:58 pm | {"api":"/api/cash-closing-dashboard","event":"CASH_CLOSING_BRANCH_FETCHED","totalBranches":62,"timestamp":"2026-08-04T12:25:58.043Z"}
4/8/2026, 5:55:58 pm | {"api":"/api/cash-closing-dashboard","event":"CASH_CLOSING_DASHBOARD_SUCCESS","totalRecords":56,"filters":{"cluster":"","branch":"","fromDate":"","toDate":"","status":""},"timestamp":"2026-08-04T12:25:58.043Z"}
4/8/2026, 5:55:58 pm | {"api":"/api/cash-closing-dashboard","event":"CASH_CLOSING_DASHBOARD_API_STARTED","filters":{"cluster":"","branch":"","fromDate":"","toDate":"","status":""},"timestamp":"2026-08-04T12:25:58.157Z"}
4/8/2026, 5:55:58 pm | {"api":"/api/cash-closing-dashboard","event":"CASH_CLOSING_DASHBOARD_DB_CONNECTED","timestamp":"2026-08-04T12:25:58.158Z"}
4/8/2026, 5:55:58 pm | {"api":"/api/cash-closing-dashboard","event":"CASH_CLOSING_DASHBOARD_QUERY_STARTED","filters":{"cluster":"","branch":"","fromDate":"","toDate":"","status":""},"timestamp":"2026-08-04T12:25:58.158Z"}
4/8/2026, 5:55:58 pm | {"api":"/api/cash-closing-dashboard","event":"CASH_CLOSING_DASHBOARD_DATA_FETCHED","totalRecords":56,"timestamp":"2026-08-04T12:25:58.166Z"}
4/8/2026, 5:55:58 pm | {"api":"/api/cash-closing-dashboard","event":"CASH_CLOSING_CLUSTER_FETCHED","totalClusters":5,"timestamp":"2026-08-04T12:25:58.170Z"}
4/8/2026, 5:55:58 pm | {"api":"/api/cash-closing-dashboard","event":"CASH_CLOSING_BRANCH_FETCHED","totalBranches":62,"timestamp":"2026-08-04T12:25:58.173Z"}
4/8/2026, 5:55:58 pm | {"api":"/api/cash-closing-dashboard","event":"CASH_CLOSING_DASHBOARD_SUCCESS","totalRecords":56,"filters":{"cluster":"","branch":"","fromDate":"","toDate":"","status":""},"timestamp":"2026-08-04T12:25:58.174Z"}
4/8/2026, 5:55:58 pm | {"api":"/api/cash-closing-dashboard","event":"CASH_CLOSING_DASHBOARD_API_STARTED","filters":{"cluster":"","branch":"","fromDate":"","toDate":"","status":""},"timestamp":"2026-08-04T12:25:58.340Z"}
4/8/2026, 5:55:58 pm | {"api":"/api/cash-closing-dashboard","event":"CASH_CLOSING_DASHBOARD_DB_CONNECTED","timestamp":"2026-08-04T12:25:58.342Z"}
4/8/2026, 5:55:58 pm | {"api":"/api/cash-closing-dashboard","event":"CASH_CLOSING_DASHBOARD_QUERY_STARTED","filters":{"cluster":"","branch":"","fromDate":"","toDate":"","status":""},"timestamp":"2026-08-04T12:25:58.342Z"}
4/8/2026, 5:55:58 pm | {"api":"/api/cash-closing-dashboard","event":"CASH_CLOSING_DASHBOARD_DATA_FETCHED","totalRecords":56,"timestamp":"2026-08-04T12:25:58.352Z"}
4/8/2026, 5:55:58 pm | {"api":"/api/cash-closing-dashboard","event":"CASH_CLOSING_CLUSTER_FETCHED","totalClusters":5,"timestamp":"2026-08-04T12:25:58.355Z"}
4/8/2026, 5:55:58 pm | {"api":"/api/cash-closing-dashboard","event":"CASH_CLOSING_BRANCH_FETCHED","totalBranches":62,"timestamp":"2026-08-04T12:25:58.358Z"}
4/8/2026, 5:55:58 pm | {"api":"/api/cash-closing-dashboard","event":"CASH_CLOSING_DASHBOARD_SUCCESS","totalRecords":56,"filters":{"cluster":"","branch":"","fromDate":"","toDate":"","status":""},"timestamp":"2026-08-04T12:25:58.359Z"}
4/8/2026, 5:56:20 pm | {"api":"/api/cash-closing-dashboard","event":"CASH_CLOSING_DASHBOARD_API_STARTED","filters":{"cluster":"","branch":"","fromDate":"","toDate":"","status":""},"timestamp":"2026-08-04T12:26:20.153Z"}
4/8/2026, 5:56:20 pm | {"api":"/api/cash-closing-dashboard","event":"CASH_CLOSING_DASHBOARD_DB_CONNECTED","timestamp":"2026-08-04T12:26:20.154Z"}
4/8/2026, 5:56:20 pm | {"api":"/api/cash-closing-dashboard","event":"CASH_CLOSING_DASHBOARD_QUERY_STARTED","filters":{"cluster":"","branch":"","fromDate":"","toDate":"","status":""},"timestamp":"2026-08-04T12:26:20.154Z"}
4/8/2026, 5:56:20 pm | {"api":"/api/cash-closing-dashboard","event":"CASH_CLOSING_DASHBOARD_DATA_FETCHED","totalRecords":56,"timestamp":"2026-08-04T12:26:20.162Z"}
4/8/2026, 5:56:20 pm | {"api":"/api/cash-closing-dashboard","event":"CASH_CLOSING_CLUSTER_FETCHED","totalClusters":5,"timestamp":"2026-08-04T12:26:20.166Z"}
4/8/2026, 5:56:20 pm | {"api":"/api/cash-closing-dashboard","event":"CASH_CLOSING_BRANCH_FETCHED","totalBranches":62,"timestamp":"2026-08-04T12:26:20.169Z"}
4/8/2026, 5:56:20 pm | {"api":"/api/cash-closing-dashboard","event":"CASH_CLOSING_DASHBOARD_SUCCESS","totalRecords":56,"filters":{"cluster":"","branch":"","fromDate":"","toDate":"","status":""},"timestamp":"2026-08-04T12:26:20.170Z"}
4/8/2026, 5:56:20 pm | {"api":"/api/cash-closing-dashboard","event":"CASH_CLOSING_DASHBOARD_API_STARTED","filters":{"cluster":"","branch":"","fromDate":"","toDate":"","status":""},"timestamp":"2026-08-04T12:26:20.260Z"}
4/8/2026, 5:56:20 pm | {"api":"/api/cash-closing-dashboard","event":"CASH_CLOSING_DASHBOARD_DB_CONNECTED","timestamp":"2026-08-04T12:26:20.261Z"}
4/8/2026, 5:56:20 pm | {"api":"/api/cash-closing-dashboard","event":"CASH_CLOSING_DASHBOARD_QUERY_STARTED","filters":{"cluster":"","branch":"","fromDate":"","toDate":"","status":""},"timestamp":"2026-08-04T12:26:20.262Z"}
4/8/2026, 5:56:20 pm | {"api":"/api/cash-closing-dashboard","event":"CASH_CLOSING_DASHBOARD_DATA_FETCHED","totalRecords":56,"timestamp":"2026-08-04T12:26:20.269Z"}
4/8/2026, 5:56:20 pm | {"api":"/api/cash-closing-dashboard","event":"CASH_CLOSING_CLUSTER_FETCHED","totalClusters":5,"timestamp":"2026-08-04T12:26:20.272Z"}
4/8/2026, 5:56:20 pm | {"api":"/api/cash-closing-dashboard","event":"CASH_CLOSING_BRANCH_FETCHED","totalBranches":62,"timestamp":"2026-08-04T12:26:20.276Z"}
4/8/2026, 5:56:20 pm | {"api":"/api/cash-closing-dashboard","event":"CASH_CLOSING_DASHBOARD_SUCCESS","totalRecords":56,"filters":{"cluster":"","branch":"","fromDate":"","toDate":"","status":""},"timestamp":"2026-08-04T12:26:20.277Z"}
4/8/2026, 5:56:20 pm | {"api":"/api/cash-closing-dashboard","event":"CASH_CLOSING_DASHBOARD_API_STARTED","filters":{"cluster":"","branch":"","fromDate":"","toDate":"","status":""},"timestamp":"2026-08-04T12:26:20.468Z"}
4/8/2026, 5:56:20 pm | {"api":"/api/cash-closing-dashboard","event":"CASH_CLOSING_DASHBOARD_DB_CONNECTED","timestamp":"2026-08-04T12:26:20.469Z"}
4/8/2026, 5:56:20 pm | {"api":"/api/cash-closing-dashboard","event":"CASH_CLOSING_DASHBOARD_QUERY_STARTED","filters":{"cluster":"","branch":"","fromDate":"","toDate":"","status":""},"timestamp":"2026-08-04T12:26:20.470Z"}
4/8/2026, 5:56:20 pm | {"api":"/api/cash-closing-dashboard","event":"CASH_CLOSING_DASHBOARD_DATA_FETCHED","totalRecords":56,"timestamp":"2026-08-04T12:26:20.478Z"}
4/8/2026, 5:56:20 pm | {"api":"/api/cash-closing-dashboard","event":"CASH_CLOSING_CLUSTER_FETCHED","totalClusters":5,"timestamp":"2026-08-04T12:26:20.481Z"}
4/8/2026, 5:56:20 pm | {"api":"/api/cash-closing-dashboard","event":"CASH_CLOSING_BRANCH_FETCHED","totalBranches":62,"timestamp":"2026-08-04T12:26:20.485Z"}
4/8/2026, 5:56:20 pm | {"api":"/api/cash-closing-dashboard","event":"CASH_CLOSING_DASHBOARD_SUCCESS","totalRecords":56,"filters":{"cluster":"","branch":"","fromDate":"","toDate":"","status":""},"timestamp":"2026-08-04T12:26:20.487Z"}
4/8/2026, 5:56:28 pm | {"api":"/api/cash-closing-dashboard","event":"CASH_CLOSING_DASHBOARD_API_STARTED","filters":{"cluster":"","branch":"","fromDate":"","toDate":"","status":""},"timestamp":"2026-08-04T12:26:28.446Z"}
4/8/2026, 5:56:28 pm | {"api":"/api/cash-closing-dashboard","event":"CASH_CLOSING_DASHBOARD_DB_CONNECTED","timestamp":"2026-08-04T12:26:28.447Z"}
4/8/2026, 5:56:28 pm | {"api":"/api/cash-closing-dashboard","event":"CASH_CLOSING_DASHBOARD_QUERY_STARTED","filters":{"cluster":"","branch":"","fromDate":"","toDate":"","status":""},"timestamp":"2026-08-04T12:26:28.448Z"}
4/8/2026, 5:56:28 pm | {"api":"/api/cash-closing-dashboard","event":"CASH_CLOSING_DASHBOARD_DATA_FETCHED","totalRecords":56,"timestamp":"2026-08-04T12:26:28.454Z"}
4/8/2026, 5:56:28 pm | {"api":"/api/cash-closing-dashboard","event":"CASH_CLOSING_CLUSTER_FETCHED","totalClusters":5,"timestamp":"2026-08-04T12:26:28.457Z"}
4/8/2026, 5:56:28 pm | {"api":"/api/cash-closing-dashboard","event":"CASH_CLOSING_BRANCH_FETCHED","totalBranches":62,"timestamp":"2026-08-04T12:26:28.460Z"}
4/8/2026, 5:56:28 pm | {"api":"/api/cash-closing-dashboard","event":"CASH_CLOSING_DASHBOARD_SUCCESS","totalRecords":56,"filters":{"cluster":"","branch":"","fromDate":"","toDate":"","status":""},"timestamp":"2026-08-04T12:26:28.461Z"}
4/8/2026, 5:56:28 pm | {"api":"/login","event":"LOGIN_API_STARTED","mpin":"2002","deviceId":"8440bf7c24e32ebc","timestamp":"2026-08-04T12:26:28.844Z"}
4/8/2026, 5:56:28 pm | {"event":"LOGIN_REQUEST","mpin":"2002","deviceId":"8440bf7c24e32ebc","timestamp":"2026-08-04T12:26:28.845Z"}
4/8/2026, 5:56:28 pm | {"api":"/login","event":"LOGIN_DB_QUERY_STARTED","mpin":"2002","timestamp":"2026-08-04T12:26:28.846Z"}
4/8/2026, 5:56:28 pm | {"api":"/login","event":"LOGIN_USER_FOUND","empNo":"458","branch":"Nizampatnam","designation":"Branch Manager","timestamp":"2026-08-04T12:26:28.854Z"}
4/8/2026, 5:56:28 pm | {"api":"/login","event":"LOGIN_DEVICE_CHECK","empNo":"458","savedDevice":"8440bf7c24e32ebc","currentDevice":"8440bf7c24e32ebc","timestamp":"2026-08-04T12:26:28.854Z"}
4/8/2026, 5:56:28 pm | {"api":"/login","event":"LOGIN_SUCCESS","empNo":"458","branch":"Nizampatnam","designation":"Branch Manager","loginTime":"2026-08-04T12:26:28.860Z"}
4/8/2026, 5:56:28 pm | {"api":"/employee/:empNo","event":"EMPLOYEE_API_STARTED","empNo":"458","timestamp":"2026-08-04T12:26:28.994Z"}
4/8/2026, 5:56:28 pm | {"api":"/employee/:empNo","event":"EMPLOYEE_DB_QUERY_STARTED","empNo":"458","timestamp":"2026-08-04T12:26:28.994Z"}
4/8/2026, 5:56:28 pm | {"api":"/employee/:empNo","event":"EMPLOYEE_FETCH_SUCCESS","empNo":"458","employeeName":"V Murali Mohan","branch":"Nizampatnam","designation":"Branch Manager","timestamp":"2026-08-04T12:26:28.998Z"}
4/8/2026, 5:56:29 pm | {"api":"/last-submission/:empNo","event":"LAST_SUBMISSION_API_STARTED","empNo":"458","timestamp":"2026-08-04T12:26:29.044Z"}
4/8/2026, 5:56:29 pm | {"api":"/last-submission/:empNo","event":"LAST_SUBMISSION_DB_QUERY_STARTED","empNo":"458","timestamp":"2026-08-04T12:26:29.044Z"}
4/8/2026, 5:56:29 pm | {"api":"/last-submission/:empNo","event":"LAST_SUBMISSION_FETCH_SUCCESS","empNo":"458","amount":400000,"actionAt":"2026-08-03 18:13:32","timestamp":"2026-08-04T12:26:29.049Z"}
4/8/2026, 5:56:29 pm | {"api":"/today-cash/:empNo","event":"TODAY_CASH_API_STARTED","empNo":"458","timestamp":"2026-08-04T12:26:29.161Z"}
4/8/2026, 5:56:29 pm | {"api":"/today-cash/:empNo","event":"TODAY_CASH_DB_QUERY_STARTED","empNo":"458","timestamp":"2026-08-04T12:26:29.162Z"}
4/8/2026, 5:56:29 pm | {"api":"/today-cash/:empNo","event":"TODAY_CASH_NOT_FOUND","empNo":"458","timestamp":"2026-08-04T12:26:29.167Z"}
4/8/2026, 5:56:39 pm | {"api":"/api/cash-closing-dashboard","event":"CASH_CLOSING_DASHBOARD_API_STARTED","filters":{"cluster":"","branch":"","fromDate":"","toDate":"","status":""},"timestamp":"2026-08-04T12:26:39.982Z"}
4/8/2026, 5:56:39 pm | {"api":"/api/cash-closing-dashboard","event":"CASH_CLOSING_DASHBOARD_DB_CONNECTED","timestamp":"2026-08-04T12:26:39.983Z"}
4/8/2026, 5:56:39 pm | {"api":"/api/cash-closing-dashboard","event":"CASH_CLOSING_DASHBOARD_QUERY_STARTED","filters":{"cluster":"","branch":"","fromDate":"","toDate":"","status":""},"timestamp":"2026-08-04T12:26:39.984Z"}
4/8/2026, 5:56:39 pm | {"api":"/api/cash-closing-dashboard","event":"CASH_CLOSING_DASHBOARD_DATA_FETCHED","totalRecords":56,"timestamp":"2026-08-04T12:26:39.990Z"}
4/8/2026, 5:56:39 pm | {"api":"/api/cash-closing-dashboard","event":"CASH_CLOSING_CLUSTER_FETCHED","totalClusters":5,"timestamp":"2026-08-04T12:26:39.993Z"}
4/8/2026, 5:56:39 pm | {"api":"/api/cash-closing-dashboard","event":"CASH_CLOSING_BRANCH_FETCHED","totalBranches":62,"timestamp":"2026-08-04T12:26:39.998Z"}
4/8/2026, 5:56:39 pm | {"api":"/api/cash-closing-dashboard","event":"CASH_CLOSING_DASHBOARD_SUCCESS","totalRecords":56,"filters":{"cluster":"","branch":"","fromDate":"","toDate":"","status":""},"timestamp":"2026-08-04T12:26:39.998Z"}
4/8/2026, 5:56:40 pm | {"api":"/api/cash-closing-dashboard","event":"CASH_CLOSING_DASHBOARD_API_STARTED","filters":{"cluster":"","branch":"","fromDate":"","toDate":"","status":""},"timestamp":"2026-08-04T12:26:40.092Z"}
4/8/2026, 5:56:40 pm | {"api":"/api/cash-closing-dashboard","event":"CASH_CLOSING_DASHBOARD_DB_CONNECTED","timestamp":"2026-08-04T12:26:40.092Z"}
4/8/2026, 5:56:40 pm | {"api":"/api/cash-closing-dashboard","event":"CASH_CLOSING_DASHBOARD_QUERY_STARTED","filters":{"cluster":"","branch":"","fromDate":"","toDate":"","status":""},"timestamp":"2026-08-04T12:26:40.093Z"}
4/8/2026, 5:56:40 pm | {"api":"/api/cash-closing-dashboard","event":"CASH_CLOSING_DASHBOARD_DATA_FETCHED","totalRecords":56,"timestamp":"2026-08-04T12:26:40.100Z"}
4/8/2026, 5:56:40 pm | {"api":"/api/cash-closing-dashboard","event":"CASH_CLOSING_CLUSTER_FETCHED","totalClusters":5,"timestamp":"2026-08-04T12:26:40.103Z"}
4/8/2026, 5:56:40 pm | {"api":"/api/cash-closing-dashboard","event":"CASH_CLOSING_BRANCH_FETCHED","totalBranches":62,"timestamp":"2026-08-04T12:26:40.107Z"}
4/8/2026, 5:56:40 pm | {"api":"/api/cash-closing-dashboard","event":"CASH_CLOSING_DASHBOARD_SUCCESS","totalRecords":56,"filters":{"cluster":"","branch":"","fromDate":"","toDate":"","status":""},"timestamp":"2026-08-04T12:26:40.107Z"}
4/8/2026, 5:56:40 pm | {"api":"/api/cash-closing-dashboard","event":"CASH_CLOSING_DASHBOARD_API_STARTED","filters":{"cluster":"","branch":"","fromDate":"","toDate":"","status":""},"timestamp":"2026-08-04T12:26:40.307Z"}
4/8/2026, 5:56:40 pm | {"api":"/api/cash-closing-dashboard","event":"CASH_CLOSING_DASHBOARD_DB_CONNECTED","timestamp":"2026-08-04T12:26:40.309Z"}
4/8/2026, 5:56:40 pm | {"api":"/api/cash-closing-dashboard","event":"CASH_CLOSING_DASHBOARD_QUERY_STARTED","filters":{"cluster":"","branch":"","fromDate":"","toDate":"","status":""},"timestamp":"2026-08-04T12:26:40.309Z"}
4/8/2026, 5:56:40 pm | {"api":"/api/cash-closing-dashboard","event":"CASH_CLOSING_DASHBOARD_DATA_FETCHED","totalRecords":56,"timestamp":"2026-08-04T12:26:40.317Z"}
4/8/2026, 5:56:40 pm | {"api":"/api/cash-closing-dashboard","event":"CASH_CLOSING_CLUSTER_FETCHED","totalClusters":5,"timestamp":"2026-08-04T12:26:40.320Z"}
4/8/2026, 5:56:40 pm | {"api":"/api/cash-closing-dashboard","event":"CASH_CLOSING_BRANCH_FETCHED","totalBranches":62,"timestamp":"2026-08-04T12:26:40.324Z"}
4/8/2026, 5:56:40 pm | {"api":"/api/cash-closing-dashboard","event":"CASH_CLOSING_DASHBOARD_SUCCESS","totalRecords":56,"filters":{"cluster":"","branch":"","fromDate":"","toDate":"","status":""},"timestamp":"2026-08-04T12:26:40.325Z"}
4/8/2026, 5:56:45 pm | {"api":"/api/cash-closing-dashboard","event":"CASH_CLOSING_DASHBOARD_API_STARTED","filters":{"cluster":"","branch":"","fromDate":"","toDate":"","status":""},"timestamp":"2026-08-04T12:26:45.445Z"}
4/8/2026, 5:56:45 pm | {"api":"/api/cash-closing-dashboard","event":"CASH_CLOSING_DASHBOARD_DB_CONNECTED","timestamp":"2026-08-04T12:26:45.446Z"}
4/8/2026, 5:56:45 pm | {"api":"/api/cash-closing-dashboard","event":"CASH_CLOSING_DASHBOARD_QUERY_STARTED","filters":{"cluster":"","branch":"","fromDate":"","toDate":"","status":""},"timestamp":"2026-08-04T12:26:45.447Z"}
4/8/2026, 5:56:45 pm | {"api":"/api/cash-closing-dashboard","event":"CASH_CLOSING_DASHBOARD_DATA_FETCHED","totalRecords":56,"timestamp":"2026-08-04T12:26:45.455Z"}
4/8/2026, 5:56:45 pm | {"api":"/api/cash-closing-dashboard","event":"CASH_CLOSING_CLUSTER_FETCHED","totalClusters":5,"timestamp":"2026-08-04T12:26:45.458Z"}
4/8/2026, 5:56:45 pm | {"api":"/api/cash-closing-dashboard","event":"CASH_CLOSING_BRANCH_FETCHED","totalBranches":62,"timestamp":"2026-08-04T12:26:45.462Z"}
4/8/2026, 5:56:45 pm | {"api":"/api/cash-closing-dashboard","event":"CASH_CLOSING_DASHBOARD_SUCCESS","totalRecords":56,"filters":{"cluster":"","branch":"","fromDate":"","toDate":"","status":""},"timestamp":"2026-08-04T12:26:45.463Z"}
4/8/2026, 5:56:45 pm | {"api":"/save-cash-closing","event":"SAVE_CASH_API_STARTED","empNo":"458","amount":"30000","timestamp":"2026-08-04T12:26:45.570Z"}
4/8/2026, 5:56:45 pm | {"api":"/save-cash-closing","event":"PREVIOUS_DAY_RECORD_FOUND","empNo":"458","oldDate":"2026-08-03T00:00:00.000Z","amount":400000,"timestamp":"2026-08-04T12:26:45.576Z"}
4/8/2026, 5:56:45 pm | {"api":"/save-cash-closing","event":"PREVIOUS_DAY_MOVED_TO_HISTORY","empNo":"458","timestamp":"2026-08-04T12:26:45.583Z"}
4/8/2026, 5:56:45 pm | {"api":"/save-cash-closing","event":"PREVIOUS_DAY_DELETED","empNo":"458","timestamp":"2026-08-04T12:26:45.590Z"}
4/8/2026, 5:56:45 pm | {"api":"/save-cash-closing","event":"SAVE_CASH_NEW_ENTRY","empNo":"458","amount":"30000","branch":"Nizampatnam","timestamp":"2026-08-04T12:26:45.593Z"}
4/8/2026, 5:56:45 pm | {"api":"/api/cash-closing-dashboard","event":"CASH_CLOSING_DASHBOARD_API_STARTED","filters":{"cluster":"","branch":"","fromDate":"","toDate":"","status":""},"timestamp":"2026-08-04T12:26:45.595Z"}
4/8/2026, 5:56:45 pm | {"api":"/api/cash-closing-dashboard","event":"CASH_CLOSING_DASHBOARD_DB_CONNECTED","timestamp":"2026-08-04T12:26:45.595Z"}
4/8/2026, 5:56:45 pm | {"api":"/api/cash-closing-dashboard","event":"CASH_CLOSING_DASHBOARD_QUERY_STARTED","filters":{"cluster":"","branch":"","fromDate":"","toDate":"","status":""},"timestamp":"2026-08-04T12:26:45.596Z"}
4/8/2026, 5:56:45 pm | {"api":"/api/cash-closing-dashboard","event":"CASH_CLOSING_DASHBOARD_DATA_FETCHED","totalRecords":56,"timestamp":"2026-08-04T12:26:45.608Z"}
4/8/2026, 5:56:45 pm | {"api":"/save-cash-closing","event":"SAVE_CASH_HISTORY_INSERTED","empNo":"458","actionType":"ADDED","version":1,"timestamp":"2026-08-04T12:26:45.611Z"}
4/8/2026, 5:56:45 pm | {"api":"/save-cash-closing","event":"SAVE_CASH_SUCCESS","type":"INSERT","empNo":"458","amount":"30000","timestamp":"2026-08-04T12:26:45.612Z"}
4/8/2026, 5:56:45 pm | {"api":"/api/cash-closing-dashboard","event":"CASH_CLOSING_CLUSTER_FETCHED","totalClusters":5,"timestamp":"2026-08-04T12:26:45.613Z"}
4/8/2026, 5:56:45 pm | {"api":"/api/cash-closing-dashboard","event":"CASH_CLOSING_BRANCH_FETCHED","totalBranches":62,"timestamp":"2026-08-04T12:26:45.616Z"}
4/8/2026, 5:56:45 pm | {"api":"/api/cash-closing-dashboard","event":"CASH_CLOSING_DASHBOARD_SUCCESS","totalRecords":56,"filters":{"cluster":"","branch":"","fromDate":"","toDate":"","status":""},"timestamp":"2026-08-04T12:26:45.617Z"}
4/8/2026, 5:56:45 pm | {"api":"/api/cash-closing-dashboard","event":"CASH_CLOSING_DASHBOARD_API_STARTED","filters":{"cluster":"","branch":"","fromDate":"","toDate":"","status":""},"timestamp":"2026-08-04T12:26:45.771Z"}
4/8/2026, 5:56:45 pm | {"api":"/api/cash-closing-dashboard","event":"CASH_CLOSING_DASHBOARD_DB_CONNECTED","timestamp":"2026-08-04T12:26:45.772Z"}
4/8/2026, 5:56:45 pm | {"api":"/api/cash-closing-dashboard","event":"CASH_CLOSING_DASHBOARD_QUERY_STARTED","filters":{"cluster":"","branch":"","fromDate":"","toDate":"","status":""},"timestamp":"2026-08-04T12:26:45.773Z"}
4/8/2026, 5:56:45 pm | {"api":"/api/cash-closing-dashboard","event":"CASH_CLOSING_DASHBOARD_DATA_FETCHED","totalRecords":56,"timestamp":"2026-08-04T12:26:45.781Z"}
4/8/2026, 5:56:45 pm | {"api":"/api/cash-closing-dashboard","event":"CASH_CLOSING_CLUSTER_FETCHED","totalClusters":5,"timestamp":"2026-08-04T12:26:45.784Z"}
4/8/2026, 5:56:45 pm | {"api":"/api/cash-closing-dashboard","event":"CASH_CLOSING_BRANCH_FETCHED","totalBranches":62,"timestamp":"2026-08-04T12:26:45.788Z"}
4/8/2026, 5:56:45 pm | {"api":"/api/cash-closing-dashboard","event":"CASH_CLOSING_DASHBOARD_SUCCESS","totalRecords":56,"filters":{"cluster":"","branch":"","fromDate":"","toDate":"","status":""},"timestamp":"2026-08-04T12:26:45.788Z"}
4/8/2026, 5:56:45 pm | {"api":"/api/cash-closing-dashboard","event":"CASH_CLOSING_DASHBOARD_API_STARTED","filters":{"cluster":"","branch":"","fromDate":"","toDate":"","status":""},"timestamp":"2026-08-04T12:26:45.970Z"}
4/8/2026, 5:56:45 pm | {"api":"/api/cash-closing-dashboard","event":"CASH_CLOSING_DASHBOARD_DB_CONNECTED","timestamp":"2026-08-04T12:26:45.972Z"}
4/8/2026, 5:56:45 pm | {"api":"/api/cash-closing-dashboard","event":"CASH_CLOSING_DASHBOARD_QUERY_STARTED","filters":{"cluster":"","branch":"","fromDate":"","toDate":"","status":""},"timestamp":"2026-08-04T12:26:45.972Z"}
4/8/2026, 5:56:45 pm | {"api":"/api/cash-closing-dashboard","event":"CASH_CLOSING_DASHBOARD_DATA_FETCHED","totalRecords":56,"timestamp":"2026-08-04T12:26:45.980Z"}
4/8/2026, 5:56:45 pm | {"api":"/api/cash-closing-dashboard","event":"CASH_CLOSING_CLUSTER_FETCHED","totalClusters":5,"timestamp":"2026-08-04T12:26:45.983Z"}
4/8/2026, 5:56:45 pm | {"api":"/api/cash-closing-dashboard","event":"CASH_CLOSING_BRANCH_FETCHED","totalBranches":62,"timestamp":"2026-08-04T12:26:45.987Z"}
4/8/2026, 5:56:45 pm | {"api":"/api/cash-closing-dashboard","event":"CASH_CLOSING_DASHBOARD_SUCCESS","totalRecords":56,"filters":{"cluster":"","branch":"","fromDate":"","toDate":"","status":""},"timestamp":"2026-08-04T12:26:45.987Z"}
4/8/2026, 5:56:49 pm | {"api":"/api/cash-closing-dashboard","event":"CASH_CLOSING_DASHBOARD_API_STARTED","filters":{"cluster":"","branch":"","fromDate":"","toDate":"","status":""},"timestamp":"2026-08-04T12:26:49.843Z"}
4/8/2026, 5:56:49 pm | {"api":"/api/cash-closing-dashboard","event":"CASH_CLOSING_DASHBOARD_DB_CONNECTED","timestamp":"2026-08-04T12:26:49.844Z"}
4/8/2026, 5:56:49 pm | {"api":"/api/cash-closing-dashboard","event":"CASH_CLOSING_DASHBOARD_QUERY_STARTED","filters":{"cluster":"","branch":"","fromDate":"","toDate":"","status":""},"timestamp":"2026-08-04T12:26:49.845Z"}
4/8/2026, 5:56:49 pm | {"api":"/api/cash-closing-dashboard","event":"CASH_CLOSING_DASHBOARD_DATA_FETCHED","totalRecords":56,"timestamp":"2026-08-04T12:26:49.853Z"}
4/8/2026, 5:56:49 pm | {"api":"/api/cash-closing-dashboard","event":"CASH_CLOSING_CLUSTER_FETCHED","totalClusters":5,"timestamp":"2026-08-04T12:26:49.857Z"}
4/8/2026, 5:56:49 pm | {"api":"/api/cash-closing-dashboard","event":"CASH_CLOSING_BRANCH_FETCHED","totalBranches":62,"timestamp":"2026-08-04T12:26:49.860Z"}
4/8/2026, 5:56:49 pm | {"api":"/api/cash-closing-dashboard","event":"CASH_CLOSING_DASHBOARD_SUCCESS","totalRecords":56,"filters":{"cluster":"","branch":"","fromDate":"","toDate":"","status":""},"timestamp":"2026-08-04T12:26:49.861Z"}
4/8/2026, 5:56:50 pm | {"api":"/api/cash-closing-dashboard","event":"CASH_CLOSING_DASHBOARD_API_STARTED","filters":{"cluster":"","branch":"","fromDate":"","toDate":"","status":""},"timestamp":"2026-08-04T12:26:50.027Z"}
4/8/2026, 5:56:50 pm | {"api":"/api/cash-closing-dashboard","event":"CASH_CLOSING_DASHBOARD_DB_CONNECTED","timestamp":"2026-08-04T12:26:50.028Z"}
4/8/2026, 5:56:50 pm | {"api":"/api/cash-closing-dashboard","event":"CASH_CLOSING_DASHBOARD_QUERY_STARTED","filters":{"cluster":"","branch":"","fromDate":"","toDate":"","status":""},"timestamp":"2026-08-04T12:26:50.029Z"}
4/8/2026, 5:56:50 pm | {"api":"/api/cash-closing-dashboard","event":"CASH_CLOSING_DASHBOARD_DATA_FETCHED","totalRecords":56,"timestamp":"2026-08-04T12:26:50.036Z"}
4/8/2026, 5:56:50 pm | {"api":"/api/cash-closing-dashboard","event":"CASH_CLOSING_CLUSTER_FETCHED","totalClusters":5,"timestamp":"2026-08-04T12:26:50.040Z"}
4/8/2026, 5:56:50 pm | {"api":"/api/cash-closing-dashboard","event":"CASH_CLOSING_BRANCH_FETCHED","totalBranches":62,"timestamp":"2026-08-04T12:26:50.043Z"}
4/8/2026, 5:56:50 pm | {"api":"/api/cash-closing-dashboard","event":"CASH_CLOSING_DASHBOARD_SUCCESS","totalRecords":56,"filters":{"cluster":"","branch":"","fromDate":"","toDate":"","status":""},"timestamp":"2026-08-04T12:26:50.044Z"}
4/8/2026, 5:56:50 pm | {"api":"/api/cash-closing-dashboard","event":"CASH_CLOSING_DASHBOARD_API_STARTED","filters":{"cluster":"","branch":"","fromDate":"","toDate":"","status":""},"timestamp":"2026-08-04T12:26:50.210Z"}
4/8/2026, 5:56:50 pm | {"api":"/api/cash-closing-dashboard","event":"CASH_CLOSING_DASHBOARD_DB_CONNECTED","timestamp":"2026-08-04T12:26:50.211Z"}
4/8/2026, 5:56:50 pm | {"api":"/api/cash-closing-dashboard","event":"CASH_CLOSING_DASHBOARD_QUERY_STARTED","filters":{"cluster":"","branch":"","fromDate":"","toDate":"","status":""},"timestamp":"2026-08-04T12:26:50.212Z"}
4/8/2026, 5:56:50 pm | {"api":"/api/cash-closing-dashboard","event":"CASH_CLOSING_DASHBOARD_DATA_FETCHED","totalRecords":56,"timestamp":"2026-08-04T12:26:50.221Z"}
4/8/2026, 5:56:50 pm | {"api":"/api/cash-closing-dashboard","event":"CASH_CLOSING_CLUSTER_FETCHED","totalClusters":5,"timestamp":"2026-08-04T12:26:50.225Z"}
4/8/2026, 5:56:50 pm | {"api":"/api/cash-closing-dashboard","event":"CASH_CLOSING_BRANCH_FETCHED","totalBranches":62,"timestamp":"2026-08-04T12:26:50.228Z"}
4/8/2026, 5:56:50 pm | {"api":"/api/cash-closing-dashboard","event":"CASH_CLOSING_DASHBOARD_SUCCESS","totalRecords":56,"filters":{"cluster":"","branch":"","fromDate":"","toDate":"","status":""},"timestamp":"2026-08-04T12:26:50.229Z"}
4/8/2026, 5:56:50 pm | {"api":"/login","event":"LOGIN_API_STARTED","mpin":"1982","deviceId":"edbb16289756a13f","timestamp":"2026-08-04T12:26:50.338Z"}
4/8/2026, 5:56:50 pm | {"event":"LOGIN_REQUEST","mpin":"1982","deviceId":"edbb16289756a13f","timestamp":"2026-08-04T12:26:50.339Z"}
4/8/2026, 5:56:50 pm | {"api":"/login","event":"LOGIN_DB_QUERY_STARTED","mpin":"1982","timestamp":"2026-08-04T12:26:50.340Z"}
4/8/2026, 5:56:50 pm | {"api":"/login","event":"LOGIN_USER_FOUND","empNo":"255","branch":"Gannavaram","designation":"Branch Manager","timestamp":"2026-08-04T12:26:50.346Z"}
4/8/2026, 5:56:50 pm | {"api":"/login","event":"LOGIN_DEVICE_CHECK","empNo":"255","savedDevice":"4c2742e394e3e754","currentDevice":"edbb16289756a13f","timestamp":"2026-08-04T12:26:50.347Z"}
4/8/2026, 5:56:50 pm | {"api":"/login","event":"LOGIN_BLOCKED_DEVICE","empNo":"255","savedDevice":"4c2742e394e3e754","currentDevice":"edbb16289756a13f","timestamp":"2026-08-04T12:26:50.347Z"}
4/8/2026, 5:56:56 pm | {"api":"/login","event":"LOGIN_API_STARTED","mpin":"2002","deviceId":"8440bf7c24e32ebc","timestamp":"2026-08-04T12:26:56.019Z"}
4/8/2026, 5:56:56 pm | {"event":"LOGIN_REQUEST","mpin":"2002","deviceId":"8440bf7c24e32ebc","timestamp":"2026-08-04T12:26:56.020Z"}
4/8/2026, 5:56:56 pm | {"api":"/login","event":"LOGIN_DB_QUERY_STARTED","mpin":"2002","timestamp":"2026-08-04T12:26:56.021Z"}
4/8/2026, 5:56:56 pm | {"api":"/login","event":"LOGIN_USER_FOUND","empNo":"458","branch":"Nizampatnam","designation":"Branch Manager","timestamp":"2026-08-04T12:26:56.030Z"}
4/8/2026, 5:56:56 pm | {"api":"/login","event":"LOGIN_DEVICE_CHECK","empNo":"458","savedDevice":"8440bf7c24e32ebc","currentDevice":"8440bf7c24e32ebc","timestamp":"2026-08-04T12:26:56.030Z"}
4/8/2026, 5:56:56 pm | {"api":"/login","event":"LOGIN_SUCCESS","empNo":"458","branch":"Nizampatnam","designation":"Branch Manager","loginTime":"2026-08-04T12:26:56.036Z"}
4/8/2026, 5:56:56 pm | {"api":"/employee/:empNo","event":"EMPLOYEE_API_STARTED","empNo":"458","timestamp":"2026-08-04T12:26:56.203Z"}
4/8/2026, 5:56:56 pm | {"api":"/employee/:empNo","event":"EMPLOYEE_DB_QUERY_STARTED","empNo":"458","timestamp":"2026-08-04T12:26:56.204Z"}
4/8/2026, 5:56:56 pm | {"api":"/employee/:empNo","event":"EMPLOYEE_FETCH_SUCCESS","empNo":"458","employeeName":"V Murali Mohan","branch":"Nizampatnam","designation":"Branch Manager","timestamp":"2026-08-04T12:26:56.208Z"}
4/8/2026, 5:56:56 pm | {"api":"/last-submission/:empNo","event":"LAST_SUBMISSION_API_STARTED","empNo":"458","timestamp":"2026-08-04T12:26:56.262Z"}
4/8/2026, 5:56:56 pm | {"api":"/last-submission/:empNo","event":"LAST_SUBMISSION_DB_QUERY_STARTED","empNo":"458","timestamp":"2026-08-04T12:26:56.263Z"}
4/8/2026, 5:56:56 pm | {"api":"/last-submission/:empNo","event":"LAST_SUBMISSION_FETCH_SUCCESS","empNo":"458","amount":400000,"actionAt":"2026-08-03 18:13:32","timestamp":"2026-08-04T12:26:56.268Z"}
4/8/2026, 5:56:56 pm | {"api":"/today-cash/:empNo","event":"TODAY_CASH_API_STARTED","empNo":"458","timestamp":"2026-08-04T12:26:56.327Z"}
4/8/2026, 5:56:56 pm | {"api":"/today-cash/:empNo","event":"TODAY_CASH_DB_QUERY_STARTED","empNo":"458","timestamp":"2026-08-04T12:26:56.328Z"}
4/8/2026, 5:56:56 pm | {"api":"/today-cash/:empNo","event":"TODAY_CASH_FETCH_SUCCESS","empNo":"458","amount":30000,"actionAt":"2026-08-04 17:56:47","timestamp":"2026-08-04T12:26:56.334Z"}
4/8/2026, 5:56:57 pm | {"api":"/api/cash-closing-dashboard","event":"CASH_CLOSING_DASHBOARD_API_STARTED","filters":{"cluster":"","branch":"","fromDate":"","toDate":"","status":""},"timestamp":"2026-08-04T12:26:57.869Z"}
4/8/2026, 5:56:57 pm | {"api":"/api/cash-closing-dashboard","event":"CASH_CLOSING_DASHBOARD_DB_CONNECTED","timestamp":"2026-08-04T12:26:57.870Z"}
4/8/2026, 5:56:57 pm | {"api":"/api/cash-closing-dashboard","event":"CASH_CLOSING_DASHBOARD_QUERY_STARTED","filters":{"cluster":"","branch":"","fromDate":"","toDate":"","status":""},"timestamp":"2026-08-04T12:26:57.871Z"}
4/8/2026, 5:56:57 pm | {"api":"/api/cash-closing-dashboard","event":"CASH_CLOSING_DASHBOARD_DATA_FETCHED","totalRecords":56,"timestamp":"2026-08-04T12:26:57.879Z"}
4/8/2026, 5:56:57 pm | {"api":"/api/cash-closing-dashboard","event":"CASH_CLOSING_CLUSTER_FETCHED","totalClusters":5,"timestamp":"2026-08-04T12:26:57.883Z"}
4/8/2026, 5:56:57 pm | {"api":"/api/cash-closing-dashboard","event":"CASH_CLOSING_BRANCH_FETCHED","totalBranches":62,"timestamp":"2026-08-04T12:26:57.886Z"}
4/8/2026, 5:56:57 pm | {"api":"/api/cash-closing-dashboard","event":"CASH_CLOSING_DASHBOARD_SUCCESS","totalRecords":56,"filters":{"cluster":"","branch":"","fromDate":"","toDate":"","status":""},"timestamp":"2026-08-04T12:26:57.887Z"}
4/8/2026, 5:56:57 pm | {"api":"/api/cash-closing-dashboard","event":"CASH_CLOSING_DASHBOARD_API_STARTED","filters":{"cluster":"","branch":"","fromDate":"","toDate":"","status":""},"timestamp":"2026-08-04T12:26:57.971Z"}
4/8/2026, 5:56:57 pm | {"api":"/api/cash-closing-dashboard","event":"CASH_CLOSING_DASHBOARD_DB_CONNECTED","timestamp":"2026-08-04T12:26:57.972Z"}
4/8/2026, 5:56:57 pm | {"api":"/api/cash-closing-dashboard","event":"CASH_CLOSING_DASHBOARD_QUERY_STARTED","filters":{"cluster":"","branch":"","fromDate":"","toDate":"","status":""},"timestamp":"2026-08-04T12:26:57.973Z"}
4/8/2026, 5:56:57 pm | {"api":"/api/cash-closing-dashboard","event":"CASH_CLOSING_DASHBOARD_DATA_FETCHED","totalRecords":56,"timestamp":"2026-08-04T12:26:57.981Z"}
4/8/2026, 5:56:57 pm | {"api":"/api/cash-closing-dashboard","event":"CASH_CLOSING_CLUSTER_FETCHED","totalClusters":5,"timestamp":"2026-08-04T12:26:57.984Z"}
4/8/2026, 5:56:57 pm | {"api":"/api/cash-closing-dashboard","event":"CASH_CLOSING_BRANCH_FETCHED","totalBranches":62,"timestamp":"2026-08-04T12:26:57.987Z"}
4/8/2026, 5:56:57 pm | {"api":"/api/cash-closing-dashboard","event":"CASH_CLOSING_DASHBOARD_SUCCESS","totalRecords":56,"filters":{"cluster":"","branch":"","fromDate":"","toDate":"","status":""},"timestamp":"2026-08-04T12:26:57.988Z"}
4/8/2026, 5:56:59 pm | {"api":"/api/cash-closing-dashboard","event":"CASH_CLOSING_DASHBOARD_API_STARTED","filters":{"cluster":"","branch":"","fromDate":"","toDate":"","status":""},"timestamp":"2026-08-04T12:26:59.963Z"}
4/8/2026, 5:56:59 pm | {"api":"/api/cash-closing-dashboard","event":"CASH_CLOSING_DASHBOARD_DB_CONNECTED","timestamp":"2026-08-04T12:26:59.964Z"}
4/8/2026, 5:56:59 pm | {"api":"/api/cash-closing-dashboard","event":"CASH_CLOSING_DASHBOARD_QUERY_STARTED","filters":{"cluster":"","branch":"","fromDate":"","toDate":"","status":""},"timestamp":"2026-08-04T12:26:59.964Z"}
4/8/2026, 5:56:59 pm | {"api":"/api/cash-closing-dashboard","event":"CASH_CLOSING_DASHBOARD_DATA_FETCHED","totalRecords":56,"timestamp":"2026-08-04T12:26:59.971Z"}
4/8/2026, 5:56:59 pm | {"api":"/api/cash-closing-dashboard","event":"CASH_CLOSING_CLUSTER_FETCHED","totalClusters":5,"timestamp":"2026-08-04T12:26:59.974Z"}
4/8/2026, 5:56:59 pm | {"api":"/api/cash-closing-dashboard","event":"CASH_CLOSING_BRANCH_FETCHED","totalBranches":62,"timestamp":"2026-08-04T12:26:59.977Z"}
4/8/2026, 5:56:59 pm | {"api":"/api/cash-closing-dashboard","event":"CASH_CLOSING_DASHBOARD_SUCCESS","totalRecords":56,"filters":{"cluster":"","branch":"","fromDate":"","toDate":"","status":""},"timestamp":"2026-08-04T12:26:59.978Z"}
4/8/2026, 5:57:01 pm | {"api":"/login","event":"LOGIN_API_STARTED","mpin":"1985","deviceId":"edbb16289756a13f","timestamp":"2026-08-04T12:27:01.913Z"}
4/8/2026, 5:57:01 pm | {"event":"LOGIN_REQUEST","mpin":"1985","deviceId":"edbb16289756a13f","timestamp":"2026-08-04T12:27:01.914Z"}
4/8/2026, 5:57:01 pm | {"api":"/login","event":"LOGIN_DB_QUERY_STARTED","mpin":"1985","timestamp":"2026-08-04T12:27:01.915Z"}
4/8/2026, 5:57:01 pm | {"api":"/login","event":"LOGIN_USER_FOUND","empNo":"305","branch":"Gudivada","designation":"Branch Manager","timestamp":"2026-08-04T12:27:01.921Z"}
4/8/2026, 5:57:01 pm | {"api":"/login","event":"LOGIN_DEVICE_CHECK","empNo":"305","savedDevice":"edbb16289756a13f","currentDevice":"edbb16289756a13f","timestamp":"2026-08-04T12:27:01.921Z"}
4/8/2026, 5:57:01 pm | {"api":"/login","event":"LOGIN_SUCCESS","empNo":"305","branch":"Gudivada","designation":"Branch Manager","loginTime":"2026-08-04T12:27:01.927Z"}
4/8/2026, 5:57:02 pm | {"api":"/employee/:empNo","event":"EMPLOYEE_API_STARTED","empNo":"305","timestamp":"2026-08-04T12:27:02.121Z"}
4/8/2026, 5:57:02 pm | {"api":"/employee/:empNo","event":"EMPLOYEE_DB_QUERY_STARTED","empNo":"305","timestamp":"2026-08-04T12:27:02.122Z"}
4/8/2026, 5:57:02 pm | {"api":"/employee/:empNo","event":"EMPLOYEE_FETCH_SUCCESS","empNo":"305","employeeName":"Rashidunnisha Sk.","branch":"Gudivada","designation":"Branch Manager","timestamp":"2026-08-04T12:27:02.126Z"}
4/8/2026, 5:57:02 pm | {"api":"/last-submission/:empNo","event":"LAST_SUBMISSION_API_STARTED","empNo":"305","timestamp":"2026-08-04T12:27:02.200Z"}
4/8/2026, 5:57:02 pm | {"api":"/last-submission/:empNo","event":"LAST_SUBMISSION_DB_QUERY_STARTED","empNo":"305","timestamp":"2026-08-04T12:27:02.201Z"}
4/8/2026, 5:57:02 pm | {"api":"/last-submission/:empNo","event":"LAST_SUBMISSION_FETCH_SUCCESS","empNo":"305","amount":1802396,"actionAt":"2026-08-03 18:45:32","timestamp":"2026-08-04T12:27:02.207Z"}
4/8/2026, 5:57:02 pm | {"api":"/today-cash/:empNo","event":"TODAY_CASH_API_STARTED","empNo":"305","timestamp":"2026-08-04T12:27:02.311Z"}
4/8/2026, 5:57:02 pm | {"api":"/today-cash/:empNo","event":"TODAY_CASH_DB_QUERY_STARTED","empNo":"305","timestamp":"2026-08-04T12:27:02.312Z"}
4/8/2026, 5:57:02 pm | {"api":"/today-cash/:empNo","event":"TODAY_CASH_NOT_FOUND","empNo":"305","timestamp":"2026-08-04T12:27:02.319Z"}
4/8/2026, 5:57:03 pm | {"api":"/api/cash-closing-dashboard","event":"CASH_CLOSING_DASHBOARD_API_STARTED","filters":{"cluster":"","branch":"","fromDate":"","toDate":"","status":""},"timestamp":"2026-08-04T12:27:03.784Z"}
4/8/2026, 5:57:03 pm | {"api":"/api/cash-closing-dashboard","event":"CASH_CLOSING_DASHBOARD_DB_CONNECTED","timestamp":"2026-08-04T12:27:03.785Z"}
4/8/2026, 5:57:03 pm | {"api":"/api/cash-closing-dashboard","event":"CASH_CLOSING_DASHBOARD_QUERY_STARTED","filters":{"cluster":"","branch":"","fromDate":"","toDate":"","status":""},"timestamp":"2026-08-04T12:27:03.786Z"}
4/8/2026, 5:57:03 pm | {"api":"/api/cash-closing-dashboard","event":"CASH_CLOSING_DASHBOARD_DATA_FETCHED","totalRecords":56,"timestamp":"2026-08-04T12:27:03.792Z"}
4/8/2026, 5:57:03 pm | {"api":"/api/cash-closing-dashboard","event":"CASH_CLOSING_CLUSTER_FETCHED","totalClusters":5,"timestamp":"2026-08-04T12:27:03.796Z"}
4/8/2026, 5:57:03 pm | {"api":"/api/cash-closing-dashboard","event":"CASH_CLOSING_BRANCH_FETCHED","totalBranches":62,"timestamp":"2026-08-04T12:27:03.799Z"}
4/8/2026, 5:57:03 pm | {"api":"/api/cash-closing-dashboard","event":"CASH_CLOSING_DASHBOARD_SUCCESS","totalRecords":56,"filters":{"cluster":"","branch":"","fromDate":"","toDate":"","status":""},"timestamp":"2026-08-04T12:27:03.799Z"}
4/8/2026, 5:57:03 pm | {"api":"/api/cash-closing-dashboard","event":"CASH_CLOSING_DASHBOARD_API_STARTED","filters":{"cluster":"","branch":"","fromDate":"","toDate":"","status":""},"timestamp":"2026-08-04T12:27:03.926Z"}
4/8/2026, 5:57:03 pm | {"api":"/api/cash-closing-dashboard","event":"CASH_CLOSING_DASHBOARD_DB_CONNECTED","timestamp":"2026-08-04T12:27:03.927Z"}
4/8/2026, 5:57:03 pm | {"api":"/api/cash-closing-dashboard","event":"CASH_CLOSING_DASHBOARD_QUERY_STARTED","filters":{"cluster":"","branch":"","fromDate":"","toDate":"","status":""},"timestamp":"2026-08-04T12:27:03.928Z"}
4/8/2026, 5:57:03 pm | {"api":"/api/cash-closing-dashboard","event":"CASH_CLOSING_DASHBOARD_DATA_FETCHED","totalRecords":56,"timestamp":"2026-08-04T12:27:03.937Z"}
4/8/2026, 5:57:03 pm | {"api":"/api/cash-closing-dashboard","event":"CASH_CLOSING_CLUSTER_FETCHED","totalClusters":5,"timestamp":"2026-08-04T12:27:03.940Z"}
4/8/2026, 5:57:03 pm | {"api":"/api/cash-closing-dashboard","event":"CASH_CLOSING_BRANCH_FETCHED","totalBranches":62,"timestamp":"2026-08-04T12:27:03.944Z"}
4/8/2026, 5:57:03 pm | {"api":"/api/cash-closing-dashboard","event":"CASH_CLOSING_DASHBOARD_SUCCESS","totalRecords":56,"filters":{"cluster":"","branch":"","fromDate":"","toDate":"","status":""},"timestamp":"2026-08-04T12:27:03.944Z"}
4/8/2026, 5:57:04 pm | {"api":"/save-cash-closing","event":"SAVE_CASH_API_STARTED","empNo":"458","amount":"30000","timestamp":"2026-08-04T12:27:04.607Z"}
4/8/2026, 5:57:04 pm | {"api":"/save-cash-closing","event":"SAVE_CASH_UPDATE_STARTED","empNo":"458","oldAmount":30000,"newAmount":"30000","currentVersion":1,"nextVersion":2,"timestamp":"2026-08-04T12:27:04.615Z"}
4/8/2026, 5:57:04 pm | {"api":"/save-cash-closing","event":"SAVE_CASH_HISTORY_UPDATED","empNo":"458","version":2,"timestamp":"2026-08-04T12:27:04.626Z"}
4/8/2026, 5:57:04 pm | {"api":"/save-cash-closing","event":"SAVE_CASH_SUCCESS","type":"UPDATE","empNo":"458","amount":"30000","version":2,"timestamp":"2026-08-04T12:27:04.627Z"}
4/8/2026, 5:57:06 pm | {"api":"/login","event":"LOGIN_API_STARTED","mpin":"9940","deviceId":"20b605890aa7c513","timestamp":"2026-08-04T12:27:06.897Z"}
4/8/2026, 5:57:06 pm | {"event":"LOGIN_REQUEST","mpin":"9940","deviceId":"20b605890aa7c513","timestamp":"2026-08-04T12:27:06.898Z"}
4/8/2026, 5:57:06 pm | {"api":"/login","event":"LOGIN_DB_QUERY_STARTED","mpin":"9940","timestamp":"2026-08-04T12:27:06.899Z"}
4/8/2026, 5:57:06 pm | {"api":"/login","event":"LOGIN_USER_FOUND","empNo":"994","branch":"Chilakaluripet","designation":"Branch Manager","timestamp":"2026-08-04T12:27:06.905Z"}
4/8/2026, 5:57:06 pm | {"api":"/login","event":"LOGIN_DEVICE_CHECK","empNo":"994","savedDevice":"20b605890aa7c513","currentDevice":"20b605890aa7c513","timestamp":"2026-08-04T12:27:06.906Z"}
4/8/2026, 5:57:06 pm | {"api":"/login","event":"LOGIN_SUCCESS","empNo":"994","branch":"Chilakaluripet","designation":"Branch Manager","loginTime":"2026-08-04T12:27:06.912Z"}
4/8/2026, 5:57:07 pm | {"api":"/employee/:empNo","event":"EMPLOYEE_API_STARTED","empNo":"994","timestamp":"2026-08-04T12:27:07.033Z"}
4/8/2026, 5:57:07 pm | {"api":"/employee/:empNo","event":"EMPLOYEE_DB_QUERY_STARTED","empNo":"994","timestamp":"2026-08-04T12:27:07.034Z"}
4/8/2026, 5:57:07 pm | {"api":"/employee/:empNo","event":"EMPLOYEE_FETCH_SUCCESS","empNo":"994","employeeName":"Thota Pavan Kumar","branch":"Chilakaluripet","designation":"Branch Manager","timestamp":"2026-08-04T12:27:07.037Z"}
4/8/2026, 5:57:07 pm | {"api":"/last-submission/:empNo","event":"LAST_SUBMISSION_API_STARTED","empNo":"994","timestamp":"2026-08-04T12:27:07.094Z"}
4/8/2026, 5:57:07 pm | {"api":"/last-submission/:empNo","event":"LAST_SUBMISSION_DB_QUERY_STARTED","empNo":"994","timestamp":"2026-08-04T12:27:07.095Z"}
4/8/2026, 5:57:07 pm | {"api":"/last-submission/:empNo","event":"LAST_SUBMISSION_FETCH_SUCCESS","empNo":"994","amount":1068000,"actionAt":"2026-08-03 17:34:19","timestamp":"2026-08-04T12:27:07.100Z"}
4/8/2026, 5:57:07 pm | {"api":"/today-cash/:empNo","event":"TODAY_CASH_API_STARTED","empNo":"994","timestamp":"2026-08-04T12:27:07.213Z"}
4/8/2026, 5:57:07 pm | {"api":"/today-cash/:empNo","event":"TODAY_CASH_DB_QUERY_STARTED","empNo":"994","timestamp":"2026-08-04T12:27:07.215Z"}
4/8/2026, 5:57:07 pm | {"api":"/today-cash/:empNo","event":"TODAY_CASH_NOT_FOUND","empNo":"994","timestamp":"2026-08-04T12:27:07.221Z"}
4/8/2026, 5:57:07 pm | {"api":"/save-cash-closing","event":"SAVE_CASH_API_STARTED","empNo":"458","amount":"30000","timestamp":"2026-08-04T12:27:07.655Z"}
4/8/2026, 5:57:07 pm | {"api":"/save-cash-closing","event":"SAVE_CASH_UPDATE_STARTED","empNo":"458","oldAmount":30000,"newAmount":"30000","currentVersion":2,"nextVersion":3,"timestamp":"2026-08-04T12:27:07.665Z"}
4/8/2026, 5:57:07 pm | {"api":"/save-cash-closing","event":"SAVE_CASH_HISTORY_UPDATED","empNo":"458","version":3,"timestamp":"2026-08-04T12:27:07.732Z"}
4/8/2026, 5:57:07 pm | {"api":"/save-cash-closing","event":"SAVE_CASH_SUCCESS","type":"UPDATE","empNo":"458","amount":"30000","version":3,"timestamp":"2026-08-04T12:27:07.733Z"}
4/8/2026, 5:57:12 pm | {"api":"/save-cash-closing","event":"SAVE_CASH_API_STARTED","empNo":"305","amount":"854681","timestamp":"2026-08-04T12:27:12.819Z"}
4/8/2026, 5:57:12 pm | {"api":"/save-cash-closing","event":"PREVIOUS_DAY_RECORD_FOUND","empNo":"305","oldDate":"2026-08-03T00:00:00.000Z","amount":1802396,"timestamp":"2026-08-04T12:27:12.828Z"}
4/8/2026, 5:57:12 pm | {"api":"/save-cash-closing","event":"PREVIOUS_DAY_MOVED_TO_HISTORY","empNo":"305","timestamp":"2026-08-04T12:27:12.834Z"}
4/8/2026, 5:57:12 pm | {"api":"/save-cash-closing","event":"PREVIOUS_DAY_DELETED","empNo":"305","timestamp":"2026-08-04T12:27:12.871Z"}
4/8/2026, 5:57:12 pm | {"api":"/save-cash-closing","event":"SAVE_CASH_NEW_ENTRY","empNo":"305","amount":"854681","branch":"Gudivada","timestamp":"2026-08-04T12:27:12.875Z"}
4/8/2026, 5:57:12 pm | {"api":"/save-cash-closing","event":"SAVE_CASH_HISTORY_INSERTED","empNo":"305","actionType":"ADDED","version":1,"timestamp":"2026-08-04T12:27:12.887Z"}
4/8/2026, 5:57:12 pm | {"api":"/save-cash-closing","event":"SAVE_CASH_SUCCESS","type":"INSERT","empNo":"305","amount":"854681","timestamp":"2026-08-04T12:27:12.888Z"}
4/8/2026, 5:57:20 pm | {"api":"/save-cash-closing","event":"SAVE_CASH_API_STARTED","empNo":"994","amount":"905000","timestamp":"2026-08-04T12:27:20.491Z"}
4/8/2026, 5:57:20 pm | {"api":"/save-cash-closing","event":"PREVIOUS_DAY_RECORD_FOUND","empNo":"994","oldDate":"2026-08-03T00:00:00.000Z","amount":1068000,"timestamp":"2026-08-04T12:27:20.498Z"}
4/8/2026, 5:57:20 pm | {"api":"/save-cash-closing","event":"PREVIOUS_DAY_MOVED_TO_HISTORY","empNo":"994","timestamp":"2026-08-04T12:27:20.504Z"}
4/8/2026, 5:57:20 pm | {"api":"/save-cash-closing","event":"PREVIOUS_DAY_DELETED","empNo":"994","timestamp":"2026-08-04T12:27:20.510Z"}
4/8/2026, 5:57:20 pm | {"api":"/save-cash-closing","event":"SAVE_CASH_NEW_ENTRY","empNo":"994","amount":"905000","branch":"Chilakaluripet","timestamp":"2026-08-04T12:27:20.513Z"}
4/8/2026, 5:57:20 pm | {"api":"/save-cash-closing","event":"SAVE_CASH_HISTORY_INSERTED","empNo":"994","actionType":"ADDED","version":1,"timestamp":"2026-08-04T12:27:20.523Z"}
4/8/2026, 5:57:20 pm | {"api":"/save-cash-closing","event":"SAVE_CASH_SUCCESS","type":"INSERT","empNo":"994","amount":"905000","timestamp":"2026-08-04T12:27:20.524Z"}
4/8/2026, 5:57:23 pm | {"api":"/api/cash-closing-dashboard","event":"CASH_CLOSING_DASHBOARD_API_STARTED","filters":{"cluster":"","branch":"","fromDate":"","toDate":"","status":""},"timestamp":"2026-08-04T12:27:23.400Z"}
4/8/2026, 5:57:23 pm | {"api":"/api/cash-closing-dashboard","event":"CASH_CLOSING_DASHBOARD_DB_CONNECTED","timestamp":"2026-08-04T12:27:23.401Z"}
4/8/2026, 5:57:23 pm | {"api":"/api/cash-closing-dashboard","event":"CASH_CLOSING_DASHBOARD_QUERY_STARTED","filters":{"cluster":"","branch":"","fromDate":"","toDate":"","status":""},"timestamp":"2026-08-04T12:27:23.402Z"}
4/8/2026, 5:57:23 pm | {"api":"/api/cash-closing-dashboard","event":"CASH_CLOSING_DASHBOARD_DATA_FETCHED","totalRecords":56,"timestamp":"2026-08-04T12:27:23.409Z"}
4/8/2026, 5:57:23 pm | {"api":"/api/cash-closing-dashboard","event":"CASH_CLOSING_CLUSTER_FETCHED","totalClusters":5,"timestamp":"2026-08-04T12:27:23.412Z"}
4/8/2026, 5:57:23 pm | {"api":"/api/cash-closing-dashboard","event":"CASH_CLOSING_BRANCH_FETCHED","totalBranches":62,"timestamp":"2026-08-04T12:27:23.416Z"}
4/8/2026, 5:57:23 pm | {"api":"/api/cash-closing-dashboard","event":"CASH_CLOSING_DASHBOARD_SUCCESS","totalRecords":56,"filters":{"cluster":"","branch":"","fromDate":"","toDate":"","status":""},"timestamp":"2026-08-04T12:27:23.416Z"}
4/8/2026, 5:57:23 pm | {"api":"/api/cash-closing-dashboard","event":"CASH_CLOSING_DASHBOARD_API_STARTED","filters":{"cluster":"","branch":"","fromDate":"","toDate":"","status":""},"timestamp":"2026-08-04T12:27:23.534Z"}
4/8/2026, 5:57:23 pm | {"api":"/api/cash-closing-dashboard","event":"CASH_CLOSING_DASHBOARD_DB_CONNECTED","timestamp":"2026-08-04T12:27:23.536Z"}
4/8/2026, 5:57:23 pm | {"api":"/api/cash-closing-dashboard","event":"CASH_CLOSING_DASHBOARD_QUERY_STARTED","filters":{"cluster":"","branch":"","fromDate":"","toDate":"","status":""},"timestamp":"2026-08-04T12:27:23.536Z"}
4/8/2026, 5:57:23 pm | {"api":"/api/cash-closing-dashboard","event":"CASH_CLOSING_DASHBOARD_DATA_FETCHED","totalRecords":56,"timestamp":"2026-08-04T12:27:23.544Z"}
4/8/2026, 5:57:23 pm | {"api":"/api/cash-closing-dashboard","event":"CASH_CLOSING_CLUSTER_FETCHED","totalClusters":5,"timestamp":"2026-08-04T12:27:23.548Z"}
4/8/2026, 5:57:23 pm | {"api":"/api/cash-closing-dashboard","event":"CASH_CLOSING_BRANCH_FETCHED","totalBranches":62,"timestamp":"2026-08-04T12:27:23.551Z"}
4/8/2026, 5:57:23 pm | {"api":"/api/cash-closing-dashboard","event":"CASH_CLOSING_DASHBOARD_SUCCESS","totalRecords":56,"filters":{"cluster":"","branch":"","fromDate":"","toDate":"","status":""},"timestamp":"2026-08-04T12:27:23.552Z"}
4/8/2026, 5:57:23 pm | {"api":"/api/cash-closing-dashboard","event":"CASH_CLOSING_DASHBOARD_API_STARTED","filters":{"cluster":"","branch":"","fromDate":"","toDate":"","status":""},"timestamp":"2026-08-04T12:27:23.710Z"}
4/8/2026, 5:57:23 pm | {"api":"/api/cash-closing-dashboard","event":"CASH_CLOSING_DASHBOARD_DB_CONNECTED","timestamp":"2026-08-04T12:27:23.711Z"}
4/8/2026, 5:57:23 pm | {"api":"/api/cash-closing-dashboard","event":"CASH_CLOSING_DASHBOARD_QUERY_STARTED","filters":{"cluster":"","branch":"","fromDate":"","toDate":"","status":""},"timestamp":"2026-08-04T12:27:23.712Z"}
4/8/2026, 5:57:23 pm | {"api":"/api/cash-closing-dashboard","event":"CASH_CLOSING_DASHBOARD_DATA_FETCHED","totalRecords":56,"timestamp":"2026-08-04T12:27:23.720Z"}
4/8/2026, 5:57:23 pm | {"api":"/api/cash-closing-dashboard","event":"CASH_CLOSING_CLUSTER_FETCHED","totalClusters":5,"timestamp":"2026-08-04T12:27:23.724Z"}
4/8/2026, 5:57:23 pm | {"api":"/api/cash-closing-dashboard","event":"CASH_CLOSING_BRANCH_FETCHED","totalBranches":62,"timestamp":"2026-08-04T12:27:23.728Z"}
4/8/2026, 5:57:23 pm | {"api":"/api/cash-closing-dashboard","event":"CASH_CLOSING_DASHBOARD_SUCCESS","totalRecords":56,"filters":{"cluster":"","branch":"","fromDate":"","toDate":"","status":""},"timestamp":"2026-08-04T12:27:23.729Z"}
4/8/2026, 5:57:30 pm | {"api":"/api/cash-closing-dashboard","event":"CASH_CLOSING_DASHBOARD_API_STARTED","filters":{"cluster":"","branch":"","fromDate":"","toDate":"","status":""},"timestamp":"2026-08-04T12:27:30.247Z"}
4/8/2026, 5:57:30 pm | {"api":"/api/cash-closing-dashboard","event":"CASH_CLOSING_DASHBOARD_DB_CONNECTED","timestamp":"2026-08-04T12:27:30.248Z"}
4/8/2026, 5:57:30 pm | {"api":"/api/cash-closing-dashboard","event":"CASH_CLOSING_DASHBOARD_QUERY_STARTED","filters":{"cluster":"","branch":"","fromDate":"","toDate":"","status":""},"timestamp":"2026-08-04T12:27:30.249Z"}
4/8/2026, 5:57:30 pm | {"api":"/api/cash-closing-dashboard","event":"CASH_CLOSING_DASHBOARD_DATA_FETCHED","totalRecords":56,"timestamp":"2026-08-04T12:27:30.257Z"}
4/8/2026, 5:57:30 pm | {"api":"/api/cash-closing-dashboard","event":"CASH_CLOSING_CLUSTER_FETCHED","totalClusters":5,"timestamp":"2026-08-04T12:27:30.260Z"}
4/8/2026, 5:57:30 pm | {"api":"/api/cash-closing-dashboard","event":"CASH_CLOSING_BRANCH_FETCHED","totalBranches":62,"timestamp":"2026-08-04T12:27:30.263Z"}
4/8/2026, 5:57:30 pm | {"api":"/api/cash-closing-dashboard","event":"CASH_CLOSING_DASHBOARD_SUCCESS","totalRecords":56,"filters":{"cluster":"","branch":"","fromDate":"","toDate":"","status":""},"timestamp":"2026-08-04T12:27:30.264Z"}
4/8/2026, 5:57:30 pm | {"api":"/api/cash-closing-dashboard","event":"CASH_CLOSING_DASHBOARD_API_STARTED","filters":{"cluster":"","branch":"","fromDate":"","toDate":"","status":""},"timestamp":"2026-08-04T12:27:30.390Z"}
4/8/2026, 5:57:30 pm | {"api":"/api/cash-closing-dashboard","event":"CASH_CLOSING_DASHBOARD_DB_CONNECTED","timestamp":"2026-08-04T12:27:30.391Z"}
4/8/2026, 5:57:30 pm | {"api":"/api/cash-closing-dashboard","event":"CASH_CLOSING_DASHBOARD_QUERY_STARTED","filters":{"cluster":"","branch":"","fromDate":"","toDate":"","status":""},"timestamp":"2026-08-04T12:27:30.392Z"}
4/8/2026, 5:57:30 pm | {"api":"/api/cash-closing-dashboard","event":"CASH_CLOSING_DASHBOARD_DATA_FETCHED","totalRecords":56,"timestamp":"2026-08-04T12:27:30.400Z"}
4/8/2026, 5:57:30 pm | {"api":"/api/cash-closing-dashboard","event":"CASH_CLOSING_CLUSTER_FETCHED","totalClusters":5,"timestamp":"2026-08-04T12:27:30.403Z"}
4/8/2026, 5:57:30 pm | {"api":"/api/cash-closing-dashboard","event":"CASH_CLOSING_BRANCH_FETCHED","totalBranches":62,"timestamp":"2026-08-04T12:27:30.407Z"}
4/8/2026, 5:57:30 pm | {"api":"/api/cash-closing-dashboard","event":"CASH_CLOSING_DASHBOARD_SUCCESS","totalRecords":56,"filters":{"cluster":"","branch":"","fromDate":"","toDate":"","status":""},"timestamp":"2026-08-04T12:27:30.408Z"}
4/8/2026, 5:57:30 pm | {"api":"/api/cash-closing-dashboard","event":"CASH_CLOSING_DASHBOARD_API_STARTED","filters":{"cluster":"","branch":"","fromDate":"","toDate":"","status":""},"timestamp":"2026-08-04T12:27:30.638Z"}
4/8/2026, 5:57:30 pm | {"api":"/api/cash-closing-dashboard","event":"CASH_CLOSING_DASHBOARD_DB_CONNECTED","timestamp":"2026-08-04T12:27:30.639Z"}
4/8/2026, 5:57:30 pm | {"api":"/api/cash-closing-dashboard","event":"CASH_CLOSING_DASHBOARD_QUERY_STARTED","filters":{"cluster":"","branch":"","fromDate":"","toDate":"","status":""},"timestamp":"2026-08-04T12:27:30.639Z"}
4/8/2026, 5:57:30 pm | {"api":"/api/cash-closing-dashboard","event":"CASH_CLOSING_DASHBOARD_DATA_FETCHED","totalRecords":56,"timestamp":"2026-08-04T12:27:30.647Z"}
4/8/2026, 5:57:30 pm | {"api":"/api/cash-closing-dashboard","event":"CASH_CLOSING_CLUSTER_FETCHED","totalClusters":5,"timestamp":"2026-08-04T12:27:30.655Z"}
4/8/2026, 5:57:30 pm | {"api":"/api/cash-closing-dashboard","event":"CASH_CLOSING_BRANCH_FETCHED","totalBranches":62,"timestamp":"2026-08-04T12:27:30.661Z"}
4/8/2026, 5:57:30 pm | {"api":"/api/cash-closing-dashboard","event":"CASH_CLOSING_DASHBOARD_SUCCESS","totalRecords":56,"filters":{"cluster":"","branch":"","fromDate":"","toDate":"","status":""},"timestamp":"2026-08-04T12:27:30.662Z"}
4/8/2026, 5:57:35 pm | {"api":"/api/cash-closing-dashboard","event":"CASH_CLOSING_DASHBOARD_API_STARTED","filters":{"cluster":"","branch":"","fromDate":"","toDate":"","status":""},"timestamp":"2026-08-04T12:27:35.679Z"}
4/8/2026, 5:57:35 pm | {"api":"/api/cash-closing-dashboard","event":"CASH_CLOSING_DASHBOARD_DB_CONNECTED","timestamp":"2026-08-04T12:27:35.680Z"}
4/8/2026, 5:57:35 pm | {"api":"/api/cash-closing-dashboard","event":"CASH_CLOSING_DASHBOARD_QUERY_STARTED","filters":{"cluster":"","branch":"","fromDate":"","toDate":"","status":""},"timestamp":"2026-08-04T12:27:35.681Z"}
4/8/2026, 5:57:35 pm | {"api":"/api/cash-closing-dashboard","event":"CASH_CLOSING_DASHBOARD_DATA_FETCHED","totalRecords":56,"timestamp":"2026-08-04T12:27:35.687Z"}
4/8/2026, 5:57:35 pm | {"api":"/api/cash-closing-dashboard","event":"CASH_CLOSING_CLUSTER_FETCHED","totalClusters":5,"timestamp":"2026-08-04T12:27:35.690Z"}
4/8/2026, 5:57:35 pm | {"api":"/api/cash-closing-dashboard","event":"CASH_CLOSING_BRANCH_FETCHED","totalBranches":62,"timestamp":"2026-08-04T12:27:35.693Z"}
4/8/2026, 5:57:35 pm | {"api":"/api/cash-closing-dashboard","event":"CASH_CLOSING_DASHBOARD_SUCCESS","totalRecords":56,"filters":{"cluster":"","branch":"","fromDate":"","toDate":"","status":""},"timestamp":"2026-08-04T12:27:35.693Z"}
4/8/2026, 5:57:35 pm | {"api":"/api/cash-closing-dashboard","event":"CASH_CLOSING_DASHBOARD_API_STARTED","filters":{"cluster":"","branch":"","fromDate":"","toDate":"","status":""},"timestamp":"2026-08-04T12:27:35.814Z"}
4/8/2026, 5:57:35 pm | {"api":"/api/cash-closing-dashboard","event":"CASH_CLOSING_DASHBOARD_DB_CONNECTED","timestamp":"2026-08-04T12:27:35.815Z"}
4/8/2026, 5:57:35 pm | {"api":"/api/cash-closing-dashboard","event":"CASH_CLOSING_DASHBOARD_QUERY_STARTED","filters":{"cluster":"","branch":"","fromDate":"","toDate":"","status":""},"timestamp":"2026-08-04T12:27:35.816Z"}
4/8/2026, 5:57:35 pm | {"api":"/api/cash-closing-dashboard","event":"CASH_CLOSING_DASHBOARD_DATA_FETCHED","totalRecords":56,"timestamp":"2026-08-04T12:27:35.824Z"}
4/8/2026, 5:57:35 pm | {"api":"/api/cash-closing-dashboard","event":"CASH_CLOSING_CLUSTER_FETCHED","totalClusters":5,"timestamp":"2026-08-04T12:27:35.827Z"}
4/8/2026, 5:57:35 pm | {"api":"/api/cash-closing-dashboard","event":"CASH_CLOSING_BRANCH_FETCHED","totalBranches":62,"timestamp":"2026-08-04T12:27:35.830Z"}
4/8/2026, 5:57:35 pm | {"api":"/api/cash-closing-dashboard","event":"CASH_CLOSING_DASHBOARD_SUCCESS","totalRecords":56,"filters":{"cluster":"","branch":"","fromDate":"","toDate":"","status":""},"timestamp":"2026-08-04T12:27:35.831Z"}
4/8/2026, 5:57:36 pm | {"api":"/api/cash-closing-dashboard","event":"CASH_CLOSING_DASHBOARD_API_STARTED","filters":{"cluster":"","branch":"","fromDate":"","toDate":"","status":""},"timestamp":"2026-08-04T12:27:36.039Z"}
4/8/2026, 5:57:36 pm | {"api":"/api/cash-closing-dashboard","event":"CASH_CLOSING_DASHBOARD_DB_CONNECTED","timestamp":"2026-08-04T12:27:36.040Z"}
4/8/2026, 5:57:36 pm | {"api":"/api/cash-closing-dashboard","event":"CASH_CLOSING_DASHBOARD_QUERY_STARTED","filters":{"cluster":"","branch":"","fromDate":"","toDate":"","status":""},"timestamp":"2026-08-04T12:27:36.041Z"}
4/8/2026, 5:57:36 pm | {"api":"/api/cash-closing-dashboard","event":"CASH_CLOSING_DASHBOARD_DATA_FETCHED","totalRecords":56,"timestamp":"2026-08-04T12:27:36.049Z"}
4/8/2026, 5:57:36 pm | {"api":"/api/cash-closing-dashboard","event":"CASH_CLOSING_CLUSTER_FETCHED","totalClusters":5,"timestamp":"2026-08-04T12:27:36.052Z"}
4/8/2026, 5:57:36 pm | {"api":"/api/cash-closing-dashboard","event":"CASH_CLOSING_BRANCH_FETCHED","totalBranches":62,"timestamp":"2026-08-04T12:27:36.055Z"}
4/8/2026, 5:57:36 pm | {"api":"/api/cash-closing-dashboard","event":"CASH_CLOSING_DASHBOARD_SUCCESS","totalRecords":56,"filters":{"cluster":"","branch":"","fromDate":"","toDate":"","status":""},"timestamp":"2026-08-04T12:27:36.056Z"}
4/8/2026, 5:57:44 pm | {"api":"/api/cash-closing-dashboard","event":"CASH_CLOSING_DASHBOARD_API_STARTED","filters":{"cluster":"","branch":"","fromDate":"","toDate":"","status":""},"timestamp":"2026-08-04T12:27:44.324Z"}
4/8/2026, 5:57:44 pm | {"api":"/api/cash-closing-dashboard","event":"CASH_CLOSING_DASHBOARD_DB_CONNECTED","timestamp":"2026-08-04T12:27:44.325Z"}
4/8/2026, 5:57:44 pm | {"api":"/api/cash-closing-dashboard","event":"CASH_CLOSING_DASHBOARD_QUERY_STARTED","filters":{"cluster":"","branch":"","fromDate":"","toDate":"","status":""},"timestamp":"2026-08-04T12:27:44.326Z"}
4/8/2026, 5:57:44 pm | {"api":"/api/cash-closing-dashboard","event":"CASH_CLOSING_DASHBOARD_DATA_FETCHED","totalRecords":56,"timestamp":"2026-08-04T12:27:44.333Z"}
4/8/2026, 5:57:44 pm | {"api":"/api/cash-closing-dashboard","event":"CASH_CLOSING_CLUSTER_FETCHED","totalClusters":5,"timestamp":"2026-08-04T12:27:44.338Z"}
4/8/2026, 5:57:44 pm | {"api":"/api/cash-closing-dashboard","event":"CASH_CLOSING_BRANCH_FETCHED","totalBranches":62,"timestamp":"2026-08-04T12:27:44.342Z"}
4/8/2026, 5:57:44 pm | {"api":"/api/cash-closing-dashboard","event":"CASH_CLOSING_DASHBOARD_SUCCESS","totalRecords":56,"filters":{"cluster":"","branch":"","fromDate":"","toDate":"","status":""},"timestamp":"2026-08-04T12:27:44.343Z"}
4/8/2026, 5:57:44 pm | {"api":"/api/cash-closing-dashboard","event":"CASH_CLOSING_DASHBOARD_API_STARTED","filters":{"cluster":"","branch":"","fromDate":"","toDate":"","status":""},"timestamp":"2026-08-04T12:27:44.488Z"}
4/8/2026, 5:57:44 pm | {"api":"/api/cash-closing-dashboard","event":"CASH_CLOSING_DASHBOARD_DB_CONNECTED","timestamp":"2026-08-04T12:27:44.489Z"}
4/8/2026, 5:57:44 pm | {"api":"/api/cash-closing-dashboard","event":"CASH_CLOSING_DASHBOARD_QUERY_STARTED","filters":{"cluster":"","branch":"","fromDate":"","toDate":"","status":""},"timestamp":"2026-08-04T12:27:44.490Z"}
4/8/2026, 5:57:44 pm | {"api":"/api/cash-closing-dashboard","event":"CASH_CLOSING_DASHBOARD_DATA_FETCHED","totalRecords":56,"timestamp":"2026-08-04T12:27:44.496Z"}
4/8/2026, 5:57:44 pm | {"api":"/api/cash-closing-dashboard","event":"CASH_CLOSING_CLUSTER_FETCHED","totalClusters":5,"timestamp":"2026-08-04T12:27:44.499Z"}
4/8/2026, 5:57:44 pm | {"api":"/api/cash-closing-dashboard","event":"CASH_CLOSING_BRANCH_FETCHED","totalBranches":62,"timestamp":"2026-08-04T12:27:44.503Z"}
4/8/2026, 5:57:44 pm | {"api":"/api/cash-closing-dashboard","event":"CASH_CLOSING_DASHBOARD_SUCCESS","totalRecords":56,"filters":{"cluster":"","branch":"","fromDate":"","toDate":"","status":""},"timestamp":"2026-08-04T12:27:44.503Z"}
4/8/2026, 5:57:44 pm | {"api":"/api/cash-closing-dashboard","event":"CASH_CLOSING_DASHBOARD_API_STARTED","filters":{"cluster":"","branch":"","fromDate":"","toDate":"","status":""},"timestamp":"2026-08-04T12:27:44.639Z"}
4/8/2026, 5:57:44 pm | {"api":"/api/cash-closing-dashboard","event":"CASH_CLOSING_DASHBOARD_DB_CONNECTED","timestamp":"2026-08-04T12:27:44.640Z"}
4/8/2026, 5:57:44 pm | {"api":"/api/cash-closing-dashboard","event":"CASH_CLOSING_DASHBOARD_QUERY_STARTED","filters":{"cluster":"","branch":"","fromDate":"","toDate":"","status":""},"timestamp":"2026-08-04T12:27:44.641Z"}
4/8/2026, 5:57:44 pm | {"api":"/api/cash-closing-dashboard","event":"CASH_CLOSING_DASHBOARD_DATA_FETCHED","totalRecords":56,"timestamp":"2026-08-04T12:27:44.647Z"}
4/8/2026, 5:57:44 pm | {"api":"/api/cash-closing-dashboard","event":"CASH_CLOSING_CLUSTER_FETCHED","totalClusters":5,"timestamp":"2026-08-04T12:27:44.650Z"}
4/8/2026, 5:57:44 pm | {"api":"/api/cash-closing-dashboard","event":"CASH_CLOSING_BRANCH_FETCHED","totalBranches":62,"timestamp":"2026-08-04T12:27:44.654Z"}
4/8/2026, 5:57:44 pm | {"api":"/api/cash-closing-dashboard","event":"CASH_CLOSING_DASHBOARD_SUCCESS","totalRecords":56,"filters":{"cluster":"","branch":"","fromDate":"","toDate":"","status":""},"timestamp":"2026-08-04T12:27:44.654Z"}
4/8/2026, 5:57:54 pm | {"api":"/api/cash-closing-dashboard","event":"CASH_CLOSING_DASHBOARD_API_STARTED","filters":{"cluster":"","branch":"","fromDate":"","toDate":"","status":""},"timestamp":"2026-08-04T12:27:54.687Z"}
4/8/2026, 5:57:54 pm | {"api":"/api/cash-closing-dashboard","event":"CASH_CLOSING_DASHBOARD_DB_CONNECTED","timestamp":"2026-08-04T12:27:54.688Z"}
4/8/2026, 5:57:54 pm | {"api":"/api/cash-closing-dashboard","event":"CASH_CLOSING_DASHBOARD_QUERY_STARTED","filters":{"cluster":"","branch":"","fromDate":"","toDate":"","status":""},"timestamp":"2026-08-04T12:27:54.688Z"}
4/8/2026, 5:57:54 pm | {"api":"/api/cash-closing-dashboard","event":"CASH_CLOSING_DASHBOARD_DATA_FETCHED","totalRecords":56,"timestamp":"2026-08-04T12:27:54.694Z"}
4/8/2026, 5:57:54 pm | {"api":"/api/cash-closing-dashboard","event":"CASH_CLOSING_CLUSTER_FETCHED","totalClusters":5,"timestamp":"2026-08-04T12:27:54.697Z"}
4/8/2026, 5:57:54 pm | {"api":"/api/cash-closing-dashboard","event":"CASH_CLOSING_BRANCH_FETCHED","totalBranches":62,"timestamp":"2026-08-04T12:27:54.701Z"}
4/8/2026, 5:57:54 pm | {"api":"/api/cash-closing-dashboard","event":"CASH_CLOSING_DASHBOARD_SUCCESS","totalRecords":56,"filters":{"cluster":"","branch":"","fromDate":"","toDate":"","status":""},"timestamp":"2026-08-04T12:27:54.701Z"}
4/8/2026, 5:57:54 pm | {"api":"/api/cash-closing-dashboard","event":"CASH_CLOSING_DASHBOARD_API_STARTED","filters":{"cluster":"","branch":"","fromDate":"","toDate":"","status":""},"timestamp":"2026-08-04T12:27:54.798Z"}
4/8/2026, 5:57:54 pm | {"api":"/api/cash-closing-dashboard","event":"CASH_CLOSING_DASHBOARD_DB_CONNECTED","timestamp":"2026-08-04T12:27:54.799Z"}
4/8/2026, 5:57:54 pm | {"api":"/api/cash-closing-dashboard","event":"CASH_CLOSING_DASHBOARD_QUERY_STARTED","filters":{"cluster":"","branch":"","fromDate":"","toDate":"","status":""},"timestamp":"2026-08-04T12:27:54.799Z"}
4/8/2026, 5:57:54 pm | {"api":"/api/cash-closing-dashboard","event":"CASH_CLOSING_DASHBOARD_DATA_FETCHED","totalRecords":56,"timestamp":"2026-08-04T12:27:54.807Z"}
4/8/2026, 5:57:54 pm | {"api":"/api/cash-closing-dashboard","event":"CASH_CLOSING_CLUSTER_FETCHED","totalClusters":5,"timestamp":"2026-08-04T12:27:54.810Z"}
4/8/2026, 5:57:54 pm | {"api":"/api/cash-closing-dashboard","event":"CASH_CLOSING_BRANCH_FETCHED","totalBranches":62,"timestamp":"2026-08-04T12:27:54.813Z"}
4/8/2026, 5:57:54 pm | {"api":"/api/cash-closing-dashboard","event":"CASH_CLOSING_DASHBOARD_SUCCESS","totalRecords":56,"filters":{"cluster":"","branch":"","fromDate":"","toDate":"","status":""},"timestamp":"2026-08-04T12:27:54.814Z"}
4/8/2026, 5:57:54 pm | {"api":"/api/cash-closing-dashboard","event":"CASH_CLOSING_DASHBOARD_API_STARTED","filters":{"cluster":"","branch":"","fromDate":"","toDate":"","status":""},"timestamp":"2026-08-04T12:27:54.983Z"}
4/8/2026, 5:57:54 pm | {"api":"/api/cash-closing-dashboard","event":"CASH_CLOSING_DASHBOARD_DB_CONNECTED","timestamp":"2026-08-04T12:27:54.984Z"}
4/8/2026, 5:57:54 pm | {"api":"/api/cash-closing-dashboard","event":"CASH_CLOSING_DASHBOARD_QUERY_STARTED","filters":{"cluster":"","branch":"","fromDate":"","toDate":"","status":""},"timestamp":"2026-08-04T12:27:54.985Z"}
4/8/2026, 5:57:54 pm | {"api":"/api/cash-closing-dashboard","event":"CASH_CLOSING_DASHBOARD_DATA_FETCHED","totalRecords":56,"timestamp":"2026-08-04T12:27:54.992Z"}
4/8/2026, 5:57:54 pm | {"api":"/api/cash-closing-dashboard","event":"CASH_CLOSING_CLUSTER_FETCHED","totalClusters":5,"timestamp":"2026-08-04T12:27:54.995Z"}
4/8/2026, 5:57:54 pm | {"api":"/api/cash-closing-dashboard","event":"CASH_CLOSING_BRANCH_FETCHED","totalBranches":62,"timestamp":"2026-08-04T12:27:54.999Z"}
4/8/2026, 5:57:54 pm | {"api":"/api/cash-closing-dashboard","event":"CASH_CLOSING_DASHBOARD_SUCCESS","totalRecords":56,"filters":{"cluster":"","branch":"","fromDate":"","toDate":"","status":""},"timestamp":"2026-08-04T12:27:54.999Z"}
4/8/2026, 5:57:58 pm | {"api":"/save-cash-closing","event":"SAVE_CASH_API_STARTED","empNo":"117","amount":"650000","timestamp":"2026-08-04T12:27:58.807Z"}
4/8/2026, 5:57:58 pm | {"api":"/save-cash-closing","event":"SAVE_CASH_UPDATE_STARTED","empNo":"117","oldAmount":1100000,"newAmount":"650000","currentVersion":1,"nextVersion":2,"timestamp":"2026-08-04T12:27:58.816Z"}
4/8/2026, 5:57:58 pm | {"api":"/save-cash-closing","event":"SAVE_CASH_HISTORY_UPDATED","empNo":"117","version":2,"timestamp":"2026-08-04T12:27:58.827Z"}
4/8/2026, 5:57:58 pm | {"api":"/save-cash-closing","event":"SAVE_CASH_SUCCESS","type":"UPDATE","empNo":"117","amount":"650000","version":2,"timestamp":"2026-08-04T12:27:58.827Z"}
4/8/2026, 5:58:07 pm | {"api":"/api/cash-closing-dashboard","event":"CASH_CLOSING_DASHBOARD_API_STARTED","filters":{"cluster":"","branch":"","fromDate":"","toDate":"","status":""},"timestamp":"2026-08-04T12:28:07.207Z"}
4/8/2026, 5:58:07 pm | {"api":"/api/cash-closing-dashboard","event":"CASH_CLOSING_DASHBOARD_DB_CONNECTED","timestamp":"2026-08-04T12:28:07.208Z"}
4/8/2026, 5:58:07 pm | {"api":"/api/cash-closing-dashboard","event":"CASH_CLOSING_DASHBOARD_QUERY_STARTED","filters":{"cluster":"","branch":"","fromDate":"","toDate":"","status":""},"timestamp":"2026-08-04T12:28:07.209Z"}
4/8/2026, 5:58:07 pm | {"api":"/api/cash-closing-dashboard","event":"CASH_CLOSING_DASHBOARD_DATA_FETCHED","totalRecords":56,"timestamp":"2026-08-04T12:28:07.216Z"}
4/8/2026, 5:58:07 pm | {"api":"/api/cash-closing-dashboard","event":"CASH_CLOSING_CLUSTER_FETCHED","totalClusters":5,"timestamp":"2026-08-04T12:28:07.219Z"}
4/8/2026, 5:58:07 pm | {"api":"/api/cash-closing-dashboard","event":"CASH_CLOSING_BRANCH_FETCHED","totalBranches":62,"timestamp":"2026-08-04T12:28:07.223Z"}
4/8/2026, 5:58:07 pm | {"api":"/api/cash-closing-dashboard","event":"CASH_CLOSING_DASHBOARD_SUCCESS","totalRecords":56,"filters":{"cluster":"","branch":"","fromDate":"","toDate":"","status":""},"timestamp":"2026-08-04T12:28:07.224Z"}
4/8/2026, 5:58:07 pm | {"api":"/api/cash-closing-dashboard","event":"CASH_CLOSING_DASHBOARD_API_STARTED","filters":{"cluster":"","branch":"","fromDate":"","toDate":"","status":""},"timestamp":"2026-08-04T12:28:07.337Z"}
4/8/2026, 5:58:07 pm | {"api":"/api/cash-closing-dashboard","event":"CASH_CLOSING_DASHBOARD_DB_CONNECTED","timestamp":"2026-08-04T12:28:07.338Z"}
4/8/2026, 5:58:07 pm | {"api":"/api/cash-closing-dashboard","event":"CASH_CLOSING_DASHBOARD_QUERY_STARTED","filters":{"cluster":"","branch":"","fromDate":"","toDate":"","status":""},"timestamp":"2026-08-04T12:28:07.339Z"}
4/8/2026, 5:58:07 pm | {"api":"/api/cash-closing-dashboard","event":"CASH_CLOSING_DASHBOARD_DATA_FETCHED","totalRecords":56,"timestamp":"2026-08-04T12:28:07.346Z"}
4/8/2026, 5:58:07 pm | {"api":"/api/cash-closing-dashboard","event":"CASH_CLOSING_CLUSTER_FETCHED","totalClusters":5,"timestamp":"2026-08-04T12:28:07.349Z"}
4/8/2026, 5:58:07 pm | {"api":"/api/cash-closing-dashboard","event":"CASH_CLOSING_BRANCH_FETCHED","totalBranches":62,"timestamp":"2026-08-04T12:28:07.352Z"}
4/8/2026, 5:58:07 pm | {"api":"/api/cash-closing-dashboard","event":"CASH_CLOSING_DASHBOARD_SUCCESS","totalRecords":56,"filters":{"cluster":"","branch":"","fromDate":"","toDate":"","status":""},"timestamp":"2026-08-04T12:28:07.353Z"}
4/8/2026, 5:58:07 pm | {"api":"/api/cash-closing-dashboard","event":"CASH_CLOSING_DASHBOARD_API_STARTED","filters":{"cluster":"","branch":"","fromDate":"","toDate":"","status":""},"timestamp":"2026-08-04T12:28:07.555Z"}
4/8/2026, 5:58:07 pm | {"api":"/api/cash-closing-dashboard","event":"CASH_CLOSING_DASHBOARD_DB_CONNECTED","timestamp":"2026-08-04T12:28:07.555Z"}
4/8/2026, 5:58:07 pm | {"api":"/api/cash-closing-dashboard","event":"CASH_CLOSING_DASHBOARD_QUERY_STARTED","filters":{"cluster":"","branch":"","fromDate":"","toDate":"","status":""},"timestamp":"2026-08-04T12:28:07.556Z"}
4/8/2026, 5:58:07 pm | {"api":"/api/cash-closing-dashboard","event":"CASH_CLOSING_DASHBOARD_DATA_FETCHED","totalRecords":56,"timestamp":"2026-08-04T12:28:07.563Z"}
4/8/2026, 5:58:07 pm | {"api":"/api/cash-closing-dashboard","event":"CASH_CLOSING_CLUSTER_FETCHED","totalClusters":5,"timestamp":"2026-08-04T12:28:07.566Z"}
4/8/2026, 5:58:07 pm | {"api":"/api/cash-closing-dashboard","event":"CASH_CLOSING_BRANCH_FETCHED","totalBranches":62,"timestamp":"2026-08-04T12:28:07.569Z"}
4/8/2026, 5:58:07 pm | {"api":"/api/cash-closing-dashboard","event":"CASH_CLOSING_DASHBOARD_SUCCESS","totalRecords":56,"filters":{"cluster":"","branch":"","fromDate":"","toDate":"","status":""},"timestamp":"2026-08-04T12:28:07.570Z"}
4/8/2026, 5:58:10 pm | {"api":"/login","event":"LOGIN_API_STARTED","mpin":"0471","deviceId":"1354e95e001c24ee","timestamp":"2026-08-04T12:28:10.310Z"}
4/8/2026, 5:58:10 pm | {"event":"LOGIN_REQUEST","mpin":"0471","deviceId":"1354e95e001c24ee","timestamp":"2026-08-04T12:28:10.311Z"}
4/8/2026, 5:58:10 pm | {"api":"/login","event":"LOGIN_DB_QUERY_STARTED","mpin":"0471","timestamp":"2026-08-04T12:28:10.312Z"}
4/8/2026, 5:58:10 pm | {"api":"/login","event":"LOGIN_USER_FOUND","empNo":"471","branch":"Nuzvid","designation":"Branch Manager","timestamp":"2026-08-04T12:28:10.316Z"}
4/8/2026, 5:58:10 pm | {"api":"/login","event":"LOGIN_DEVICE_CHECK","empNo":"471","savedDevice":"1354e95e001c24ee","currentDevice":"1354e95e001c24ee","timestamp":"2026-08-04T12:28:10.317Z"}
4/8/2026, 5:58:10 pm | {"api":"/login","event":"LOGIN_SUCCESS","empNo":"471","branch":"Nuzvid","designation":"Branch Manager","loginTime":"2026-08-04T12:28:10.322Z"}
4/8/2026, 5:58:10 pm | {"api":"/employee/:empNo","event":"EMPLOYEE_API_STARTED","empNo":"471","timestamp":"2026-08-04T12:28:10.535Z"}
4/8/2026, 5:58:10 pm | {"api":"/employee/:empNo","event":"EMPLOYEE_DB_QUERY_STARTED","empNo":"471","timestamp":"2026-08-04T12:28:10.536Z"}
4/8/2026, 5:58:10 pm | {"api":"/employee/:empNo","event":"EMPLOYEE_FETCH_SUCCESS","empNo":"471","employeeName":"G Chandra Sekhar","branch":"Nuzvid","designation":"Branch Manager","timestamp":"2026-08-04T12:28:10.540Z"}
4/8/2026, 5:58:10 pm | {"api":"/last-submission/:empNo","event":"LAST_SUBMISSION_API_STARTED","empNo":"471","timestamp":"2026-08-04T12:28:10.610Z"}
4/8/2026, 5:58:10 pm | {"api":"/last-submission/:empNo","event":"LAST_SUBMISSION_DB_QUERY_STARTED","empNo":"471","timestamp":"2026-08-04T12:28:10.611Z"}
4/8/2026, 5:58:10 pm | {"api":"/last-submission/:empNo","event":"LAST_SUBMISSION_FETCH_SUCCESS","empNo":"471","amount":1900000,"actionAt":"2026-08-03 17:57:17","timestamp":"2026-08-04T12:28:10.616Z"}
4/8/2026, 5:58:10 pm | {"api":"/today-cash/:empNo","event":"TODAY_CASH_API_STARTED","empNo":"471","timestamp":"2026-08-04T12:28:10.729Z"}
4/8/2026, 5:58:10 pm | {"api":"/today-cash/:empNo","event":"TODAY_CASH_DB_QUERY_STARTED","empNo":"471","timestamp":"2026-08-04T12:28:10.730Z"}
4/8/2026, 5:58:10 pm | {"api":"/today-cash/:empNo","event":"TODAY_CASH_NOT_FOUND","empNo":"471","timestamp":"2026-08-04T12:28:10.735Z"}
4/8/2026, 5:58:11 pm | {"api":"/api/cash-closing-dashboard","event":"CASH_CLOSING_DASHBOARD_API_STARTED","filters":{"cluster":"","branch":"","fromDate":"","toDate":"","status":""},"timestamp":"2026-08-04T12:28:11.488Z"}
4/8/2026, 5:58:11 pm | {"api":"/api/cash-closing-dashboard","event":"CASH_CLOSING_DASHBOARD_DB_CONNECTED","timestamp":"2026-08-04T12:28:11.490Z"}
4/8/2026, 5:58:11 pm | {"api":"/api/cash-closing-dashboard","event":"CASH_CLOSING_DASHBOARD_QUERY_STARTED","filters":{"cluster":"","branch":"","fromDate":"","toDate":"","status":""},"timestamp":"2026-08-04T12:28:11.491Z"}
4/8/2026, 5:58:11 pm | {"api":"/api/cash-closing-dashboard","event":"CASH_CLOSING_DASHBOARD_DATA_FETCHED","totalRecords":56,"timestamp":"2026-08-04T12:28:11.498Z"}
4/8/2026, 5:58:11 pm | {"api":"/api/cash-closing-dashboard","event":"CASH_CLOSING_CLUSTER_FETCHED","totalClusters":5,"timestamp":"2026-08-04T12:28:11.502Z"}
4/8/2026, 5:58:11 pm | {"api":"/api/cash-closing-dashboard","event":"CASH_CLOSING_BRANCH_FETCHED","totalBranches":62,"timestamp":"2026-08-04T12:28:11.505Z"}
4/8/2026, 5:58:11 pm | {"api":"/api/cash-closing-dashboard","event":"CASH_CLOSING_DASHBOARD_SUCCESS","totalRecords":56,"filters":{"cluster":"","branch":"","fromDate":"","toDate":"","status":""},"timestamp":"2026-08-04T12:28:11.506Z"}
4/8/2026, 5:58:11 pm | {"api":"/api/cash-closing-dashboard","event":"CASH_CLOSING_DASHBOARD_API_STARTED","filters":{"cluster":"","branch":"","fromDate":"","toDate":"","status":""},"timestamp":"2026-08-04T12:28:11.673Z"}
4/8/2026, 5:58:11 pm | {"api":"/api/cash-closing-dashboard","event":"CASH_CLOSING_DASHBOARD_DB_CONNECTED","timestamp":"2026-08-04T12:28:11.674Z"}
4/8/2026, 5:58:11 pm | {"api":"/api/cash-closing-dashboard","event":"CASH_CLOSING_DASHBOARD_QUERY_STARTED","filters":{"cluster":"","branch":"","fromDate":"","toDate":"","status":""},"timestamp":"2026-08-04T12:28:11.675Z"}
4/8/2026, 5:58:11 pm | {"api":"/api/cash-closing-dashboard","event":"CASH_CLOSING_DASHBOARD_DATA_FETCHED","totalRecords":56,"timestamp":"2026-08-04T12:28:11.681Z"}
4/8/2026, 5:58:11 pm | {"api":"/api/cash-closing-dashboard","event":"CASH_CLOSING_CLUSTER_FETCHED","totalClusters":5,"timestamp":"2026-08-04T12:28:11.684Z"}
4/8/2026, 5:58:11 pm | {"api":"/api/cash-closing-dashboard","event":"CASH_CLOSING_BRANCH_FETCHED","totalBranches":62,"timestamp":"2026-08-04T12:28:11.688Z"}
4/8/2026, 5:58:11 pm | {"api":"/api/cash-closing-dashboard","event":"CASH_CLOSING_DASHBOARD_SUCCESS","totalRecords":56,"filters":{"cluster":"","branch":"","fromDate":"","toDate":"","status":""},"timestamp":"2026-08-04T12:28:11.689Z"}
4/8/2026, 5:58:17 pm | {"api":"/api/cash-closing-dashboard","event":"CASH_CLOSING_DASHBOARD_API_STARTED","filters":{"cluster":"","branch":"","fromDate":"","toDate":"","status":""},"timestamp":"2026-08-04T12:28:17.824Z"}
4/8/2026, 5:58:17 pm | {"api":"/api/cash-closing-dashboard","event":"CASH_CLOSING_DASHBOARD_DB_CONNECTED","timestamp":"2026-08-04T12:28:17.825Z"}
4/8/2026, 5:58:17 pm | {"api":"/api/cash-closing-dashboard","event":"CASH_CLOSING_DASHBOARD_QUERY_STARTED","filters":{"cluster":"","branch":"","fromDate":"","toDate":"","status":""},"timestamp":"2026-08-04T12:28:17.826Z"}
4/8/2026, 5:58:17 pm | {"api":"/api/cash-closing-dashboard","event":"CASH_CLOSING_DASHBOARD_DATA_FETCHED","totalRecords":56,"timestamp":"2026-08-04T12:28:17.833Z"}
4/8/2026, 5:58:17 pm | {"api":"/api/cash-closing-dashboard","event":"CASH_CLOSING_CLUSTER_FETCHED","totalClusters":5,"timestamp":"2026-08-04T12:28:17.837Z"}
4/8/2026, 5:58:17 pm | {"api":"/api/cash-closing-dashboard","event":"CASH_CLOSING_BRANCH_FETCHED","totalBranches":62,"timestamp":"2026-08-04T12:28:17.840Z"}
4/8/2026, 5:58:17 pm | {"api":"/api/cash-closing-dashboard","event":"CASH_CLOSING_DASHBOARD_SUCCESS","totalRecords":56,"filters":{"cluster":"","branch":"","fromDate":"","toDate":"","status":""},"timestamp":"2026-08-04T12:28:17.841Z"}
4/8/2026, 5:58:18 pm | {"api":"/api/cash-closing-dashboard","event":"CASH_CLOSING_DASHBOARD_API_STARTED","filters":{"cluster":"","branch":"","fromDate":"","toDate":"","status":""},"timestamp":"2026-08-04T12:28:18.040Z"}
4/8/2026, 5:58:18 pm | {"api":"/api/cash-closing-dashboard","event":"CASH_CLOSING_DASHBOARD_DB_CONNECTED","timestamp":"2026-08-04T12:28:18.041Z"}
4/8/2026, 5:58:18 pm | {"api":"/api/cash-closing-dashboard","event":"CASH_CLOSING_DASHBOARD_QUERY_STARTED","filters":{"cluster":"","branch":"","fromDate":"","toDate":"","status":""},"timestamp":"2026-08-04T12:28:18.042Z"}
4/8/2026, 5:58:18 pm | {"api":"/api/cash-closing-dashboard","event":"CASH_CLOSING_DASHBOARD_DATA_FETCHED","totalRecords":56,"timestamp":"2026-08-04T12:28:18.049Z"}
4/8/2026, 5:58:18 pm | {"api":"/api/cash-closing-dashboard","event":"CASH_CLOSING_CLUSTER_FETCHED","totalClusters":5,"timestamp":"2026-08-04T12:28:18.053Z"}
4/8/2026, 5:58:18 pm | {"api":"/api/cash-closing-dashboard","event":"CASH_CLOSING_BRANCH_FETCHED","totalBranches":62,"timestamp":"2026-08-04T12:28:18.056Z"}
4/8/2026, 5:58:18 pm | {"api":"/api/cash-closing-dashboard","event":"CASH_CLOSING_DASHBOARD_SUCCESS","totalRecords":56,"filters":{"cluster":"","branch":"","fromDate":"","toDate":"","status":""},"timestamp":"2026-08-04T12:28:18.057Z"}
4/8/2026, 5:58:24 pm | {"api":"/save-cash-closing","event":"SAVE_CASH_API_STARTED","empNo":"471","amount":"2200000","timestamp":"2026-08-04T12:28:24.029Z"}
4/8/2026, 5:58:24 pm | {"api":"/save-cash-closing","event":"PREVIOUS_DAY_RECORD_FOUND","empNo":"471","oldDate":"2026-08-03T00:00:00.000Z","amount":1900000,"timestamp":"2026-08-04T12:28:24.036Z"}
4/8/2026, 5:58:24 pm | {"api":"/save-cash-closing","event":"PREVIOUS_DAY_MOVED_TO_HISTORY","empNo":"471","timestamp":"2026-08-04T12:28:24.043Z"}
4/8/2026, 5:58:24 pm | {"api":"/save-cash-closing","event":"PREVIOUS_DAY_DELETED","empNo":"471","timestamp":"2026-08-04T12:28:24.050Z"}
4/8/2026, 5:58:24 pm | {"api":"/save-cash-closing","event":"SAVE_CASH_NEW_ENTRY","empNo":"471","amount":"2200000","branch":"Nuzvid","timestamp":"2026-08-04T12:28:24.053Z"}
4/8/2026, 5:58:24 pm | {"api":"/save-cash-closing","event":"SAVE_CASH_HISTORY_INSERTED","empNo":"471","actionType":"ADDED","version":1,"timestamp":"2026-08-04T12:28:24.062Z"}
4/8/2026, 5:58:24 pm | {"api":"/save-cash-closing","event":"SAVE_CASH_SUCCESS","type":"INSERT","empNo":"471","amount":"2200000","timestamp":"2026-08-04T12:28:24.063Z"}
4/8/2026, 5:58:35 pm | {"api":"/api/cash-closing-dashboard","event":"CASH_CLOSING_DASHBOARD_API_STARTED","filters":{"cluster":"","branch":"","fromDate":"","toDate":"","status":""},"timestamp":"2026-08-04T12:28:35.693Z"}
4/8/2026, 5:58:35 pm | {"api":"/api/cash-closing-dashboard","event":"CASH_CLOSING_DASHBOARD_DB_CONNECTED","timestamp":"2026-08-04T12:28:35.694Z"}
4/8/2026, 5:58:35 pm | {"api":"/api/cash-closing-dashboard","event":"CASH_CLOSING_DASHBOARD_QUERY_STARTED","filters":{"cluster":"","branch":"","fromDate":"","toDate":"","status":""},"timestamp":"2026-08-04T12:28:35.695Z"}
4/8/2026, 5:58:35 pm | {"api":"/api/cash-closing-dashboard","event":"CASH_CLOSING_DASHBOARD_DATA_FETCHED","totalRecords":56,"timestamp":"2026-08-04T12:28:35.702Z"}
4/8/2026, 5:58:35 pm | {"api":"/api/cash-closing-dashboard","event":"CASH_CLOSING_CLUSTER_FETCHED","totalClusters":5,"timestamp":"2026-08-04T12:28:35.705Z"}
4/8/2026, 5:58:35 pm | {"api":"/api/cash-closing-dashboard","event":"CASH_CLOSING_BRANCH_FETCHED","totalBranches":62,"timestamp":"2026-08-04T12:28:35.708Z"}
4/8/2026, 5:58:35 pm | {"api":"/api/cash-closing-dashboard","event":"CASH_CLOSING_DASHBOARD_SUCCESS","totalRecords":56,"filters":{"cluster":"","branch":"","fromDate":"","toDate":"","status":""},"timestamp":"2026-08-04T12:28:35.709Z"}
4/8/2026, 5:58:35 pm | {"api":"/api/cash-closing-dashboard","event":"CASH_CLOSING_DASHBOARD_API_STARTED","filters":{"cluster":"","branch":"","fromDate":"","toDate":"","status":""},"timestamp":"2026-08-04T12:28:35.843Z"}
4/8/2026, 5:58:35 pm | {"api":"/api/cash-closing-dashboard","event":"CASH_CLOSING_DASHBOARD_DB_CONNECTED","timestamp":"2026-08-04T12:28:35.844Z"}
4/8/2026, 5:58:35 pm | {"api":"/api/cash-closing-dashboard","event":"CASH_CLOSING_DASHBOARD_QUERY_STARTED","filters":{"cluster":"","branch":"","fromDate":"","toDate":"","status":""},"timestamp":"2026-08-04T12:28:35.845Z"}
4/8/2026, 5:58:35 pm | {"api":"/api/cash-closing-dashboard","event":"CASH_CLOSING_DASHBOARD_DATA_FETCHED","totalRecords":56,"timestamp":"2026-08-04T12:28:35.851Z"}
4/8/2026, 5:58:35 pm | {"api":"/api/cash-closing-dashboard","event":"CASH_CLOSING_CLUSTER_FETCHED","totalClusters":5,"timestamp":"2026-08-04T12:28:35.854Z"}
4/8/2026, 5:58:35 pm | {"api":"/api/cash-closing-dashboard","event":"CASH_CLOSING_BRANCH_FETCHED","totalBranches":62,"timestamp":"2026-08-04T12:28:35.858Z"}
4/8/2026, 5:58:35 pm | {"api":"/api/cash-closing-dashboard","event":"CASH_CLOSING_DASHBOARD_SUCCESS","totalRecords":56,"filters":{"cluster":"","branch":"","fromDate":"","toDate":"","status":""},"timestamp":"2026-08-04T12:28:35.858Z"}
4/8/2026, 5:58:39 pm | {"api":"/api/cash-closing-dashboard","event":"CASH_CLOSING_DASHBOARD_API_STARTED","filters":{"cluster":"","branch":"","fromDate":"","toDate":"","status":""},"timestamp":"2026-08-04T12:28:39.188Z"}
4/8/2026, 5:58:39 pm | {"api":"/api/cash-closing-dashboard","event":"CASH_CLOSING_DASHBOARD_DB_CONNECTED","timestamp":"2026-08-04T12:28:39.188Z"}
4/8/2026, 5:58:39 pm | {"api":"/api/cash-closing-dashboard","event":"CASH_CLOSING_DASHBOARD_QUERY_STARTED","filters":{"cluster":"","branch":"","fromDate":"","toDate":"","status":""},"timestamp":"2026-08-04T12:28:39.189Z"}
4/8/2026, 5:58:39 pm | {"api":"/api/cash-closing-dashboard","event":"CASH_CLOSING_DASHBOARD_DATA_FETCHED","totalRecords":56,"timestamp":"2026-08-04T12:28:39.195Z"}
4/8/2026, 5:58:39 pm | {"api":"/api/cash-closing-dashboard","event":"CASH_CLOSING_CLUSTER_FETCHED","totalClusters":5,"timestamp":"2026-08-04T12:28:39.198Z"}
4/8/2026, 5:58:39 pm | {"api":"/api/cash-closing-dashboard","event":"CASH_CLOSING_BRANCH_FETCHED","totalBranches":62,"timestamp":"2026-08-04T12:28:39.202Z"}
4/8/2026, 5:58:39 pm | {"api":"/api/cash-closing-dashboard","event":"CASH_CLOSING_DASHBOARD_SUCCESS","totalRecords":56,"filters":{"cluster":"","branch":"","fromDate":"","toDate":"","status":""},"timestamp":"2026-08-04T12:28:39.203Z"}
4/8/2026, 5:58:39 pm | {"api":"/api/cash-closing-dashboard","event":"CASH_CLOSING_DASHBOARD_API_STARTED","filters":{"cluster":"","branch":"","fromDate":"","toDate":"","status":""},"timestamp":"2026-08-04T12:28:39.403Z"}
4/8/2026, 5:58:39 pm | {"api":"/api/cash-closing-dashboard","event":"CASH_CLOSING_DASHBOARD_DB_CONNECTED","timestamp":"2026-08-04T12:28:39.404Z"}
4/8/2026, 5:58:39 pm | {"api":"/api/cash-closing-dashboard","event":"CASH_CLOSING_DASHBOARD_QUERY_STARTED","filters":{"cluster":"","branch":"","fromDate":"","toDate":"","status":""},"timestamp":"2026-08-04T12:28:39.404Z"}
4/8/2026, 5:58:39 pm | {"api":"/api/cash-closing-dashboard","event":"CASH_CLOSING_DASHBOARD_DATA_FETCHED","totalRecords":56,"timestamp":"2026-08-04T12:28:39.410Z"}
4/8/2026, 5:58:39 pm | {"api":"/api/cash-closing-dashboard","event":"CASH_CLOSING_CLUSTER_FETCHED","totalClusters":5,"timestamp":"2026-08-04T12:28:39.413Z"}
4/8/2026, 5:58:39 pm | {"api":"/api/cash-closing-dashboard","event":"CASH_CLOSING_BRANCH_FETCHED","totalBranches":62,"timestamp":"2026-08-04T12:28:39.416Z"}
4/8/2026, 5:58:39 pm | {"api":"/api/cash-closing-dashboard","event":"CASH_CLOSING_DASHBOARD_SUCCESS","totalRecords":56,"filters":{"cluster":"","branch":"","fromDate":"","toDate":"","status":""},"timestamp":"2026-08-04T12:28:39.417Z"}
4/8/2026, 5:58:39 pm | {"api":"/login","event":"LOGIN_API_STARTED","mpin":"1289","deviceId":"c40c71be0ffdfb7b","timestamp":"2026-08-04T12:28:39.541Z"}
4/8/2026, 5:58:39 pm | {"event":"LOGIN_REQUEST","mpin":"1289","deviceId":"c40c71be0ffdfb7b","timestamp":"2026-08-04T12:28:39.542Z"}
4/8/2026, 5:58:39 pm | {"api":"/login","event":"LOGIN_DB_QUERY_STARTED","mpin":"1289","timestamp":"2026-08-04T12:28:39.542Z"}
4/8/2026, 5:58:39 pm | {"api":"/login","event":"LOGIN_USER_FOUND","empNo":"279","branch":"Vinukonda","designation":"Branch Manager","timestamp":"2026-08-04T12:28:39.551Z"}
4/8/2026, 5:58:39 pm | {"api":"/login","event":"LOGIN_DEVICE_CHECK","empNo":"279","savedDevice":"c40c71be0ffdfb7b","currentDevice":"c40c71be0ffdfb7b","timestamp":"2026-08-04T12:28:39.552Z"}
4/8/2026, 5:58:39 pm | {"api":"/login","event":"LOGIN_SUCCESS","empNo":"279","branch":"Vinukonda","designation":"Branch Manager","loginTime":"2026-08-04T12:28:39.558Z"}
4/8/2026, 5:58:39 pm | {"api":"/employee/:empNo","event":"EMPLOYEE_API_STARTED","empNo":"279","timestamp":"2026-08-04T12:28:39.691Z"}
4/8/2026, 5:58:39 pm | {"api":"/employee/:empNo","event":"EMPLOYEE_DB_QUERY_STARTED","empNo":"279","timestamp":"2026-08-04T12:28:39.692Z"}
4/8/2026, 5:58:39 pm | {"api":"/employee/:empNo","event":"EMPLOYEE_FETCH_SUCCESS","empNo":"279","employeeName":"U. Rubendra Babu","branch":"Vinukonda","designation":"Branch Manager","timestamp":"2026-08-04T12:28:39.696Z"}
4/8/2026, 5:58:39 pm | {"api":"/last-submission/:empNo","event":"LAST_SUBMISSION_API_STARTED","empNo":"279","timestamp":"2026-08-04T12:28:39.770Z"}
4/8/2026, 5:58:39 pm | {"api":"/last-submission/:empNo","event":"LAST_SUBMISSION_DB_QUERY_STARTED","empNo":"279","timestamp":"2026-08-04T12:28:39.771Z"}
4/8/2026, 5:58:39 pm | {"api":"/last-submission/:empNo","event":"LAST_SUBMISSION_FETCH_SUCCESS","empNo":"279","amount":1448346,"actionAt":"2026-08-03 17:48:59","timestamp":"2026-08-04T12:28:39.777Z"}
4/8/2026, 5:58:39 pm | {"api":"/today-cash/:empNo","event":"TODAY_CASH_API_STARTED","empNo":"279","timestamp":"2026-08-04T12:28:39.986Z"}
4/8/2026, 5:58:39 pm | {"api":"/today-cash/:empNo","event":"TODAY_CASH_DB_QUERY_STARTED","empNo":"279","timestamp":"2026-08-04T12:28:39.987Z"}
4/8/2026, 5:58:39 pm | {"api":"/today-cash/:empNo","event":"TODAY_CASH_NOT_FOUND","empNo":"279","timestamp":"2026-08-04T12:28:39.992Z"}
4/8/2026, 5:58:43 pm | {"api":"/api/cash-closing-dashboard","event":"CASH_CLOSING_DASHBOARD_API_STARTED","filters":{"cluster":"","branch":"","fromDate":"","toDate":"","status":""},"timestamp":"2026-08-04T12:28:43.391Z"}
4/8/2026, 5:58:43 pm | {"api":"/api/cash-closing-dashboard","event":"CASH_CLOSING_DASHBOARD_DB_CONNECTED","timestamp":"2026-08-04T12:28:43.392Z"}
4/8/2026, 5:58:43 pm | {"api":"/api/cash-closing-dashboard","event":"CASH_CLOSING_DASHBOARD_QUERY_STARTED","filters":{"cluster":"","branch":"","fromDate":"","toDate":"","status":""},"timestamp":"2026-08-04T12:28:43.393Z"}
4/8/2026, 5:58:43 pm | {"api":"/api/cash-closing-dashboard","event":"CASH_CLOSING_DASHBOARD_DATA_FETCHED","totalRecords":56,"timestamp":"2026-08-04T12:28:43.424Z"}
4/8/2026, 5:58:43 pm | {"api":"/api/cash-closing-dashboard","event":"CASH_CLOSING_CLUSTER_FETCHED","totalClusters":5,"timestamp":"2026-08-04T12:28:43.435Z"}
4/8/2026, 5:58:43 pm | {"api":"/api/cash-closing-dashboard","event":"CASH_CLOSING_BRANCH_FETCHED","totalBranches":62,"timestamp":"2026-08-04T12:28:43.439Z"}
4/8/2026, 5:58:43 pm | {"api":"/api/cash-closing-dashboard","event":"CASH_CLOSING_DASHBOARD_SUCCESS","totalRecords":56,"filters":{"cluster":"","branch":"","fromDate":"","toDate":"","status":""},"timestamp":"2026-08-04T12:28:43.440Z"}
4/8/2026, 5:58:43 pm | {"api":"/api/cash-closing-dashboard","event":"CASH_CLOSING_DASHBOARD_API_STARTED","filters":{"cluster":"","branch":"","fromDate":"","toDate":"","status":""},"timestamp":"2026-08-04T12:28:43.762Z"}
4/8/2026, 5:58:43 pm | {"api":"/api/cash-closing-dashboard","event":"CASH_CLOSING_DASHBOARD_DB_CONNECTED","timestamp":"2026-08-04T12:28:43.763Z"}
4/8/2026, 5:58:43 pm | {"api":"/api/cash-closing-dashboard","event":"CASH_CLOSING_DASHBOARD_QUERY_STARTED","filters":{"cluster":"","branch":"","fromDate":"","toDate":"","status":""},"timestamp":"2026-08-04T12:28:43.763Z"}
4/8/2026, 5:58:43 pm | {"api":"/api/cash-closing-dashboard","event":"CASH_CLOSING_DASHBOARD_DATA_FETCHED","totalRecords":56,"timestamp":"2026-08-04T12:28:43.771Z"}
4/8/2026, 5:58:43 pm | {"api":"/api/cash-closing-dashboard","event":"CASH_CLOSING_CLUSTER_FETCHED","totalClusters":5,"timestamp":"2026-08-04T12:28:43.774Z"}
4/8/2026, 5:58:43 pm | {"api":"/api/cash-closing-dashboard","event":"CASH_CLOSING_BRANCH_FETCHED","totalBranches":62,"timestamp":"2026-08-04T12:28:43.778Z"}
4/8/2026, 5:58:43 pm | {"api":"/api/cash-closing-dashboard","event":"CASH_CLOSING_DASHBOARD_SUCCESS","totalRecords":56,"filters":{"cluster":"","branch":"","fromDate":"","toDate":"","status":""},"timestamp":"2026-08-04T12:28:43.778Z"}
4/8/2026, 5:58:43 pm | {"api":"/api/cash-closing-dashboard","event":"CASH_CLOSING_DASHBOARD_API_STARTED","filters":{"cluster":"","branch":"","fromDate":"","toDate":"","status":""},"timestamp":"2026-08-04T12:28:43.939Z"}
4/8/2026, 5:58:43 pm | {"api":"/api/cash-closing-dashboard","event":"CASH_CLOSING_DASHBOARD_DB_CONNECTED","timestamp":"2026-08-04T12:28:43.940Z"}
4/8/2026, 5:58:43 pm | {"api":"/api/cash-closing-dashboard","event":"CASH_CLOSING_DASHBOARD_QUERY_STARTED","filters":{"cluster":"","branch":"","fromDate":"","toDate":"","status":""},"timestamp":"2026-08-04T12:28:43.940Z"}
4/8/2026, 5:58:43 pm | {"api":"/api/cash-closing-dashboard","event":"CASH_CLOSING_DASHBOARD_DATA_FETCHED","totalRecords":56,"timestamp":"2026-08-04T12:28:43.946Z"}
4/8/2026, 5:58:43 pm | {"api":"/api/cash-closing-dashboard","event":"CASH_CLOSING_CLUSTER_FETCHED","totalClusters":5,"timestamp":"2026-08-04T12:28:43.949Z"}
4/8/2026, 5:58:43 pm | {"api":"/api/cash-closing-dashboard","event":"CASH_CLOSING_BRANCH_FETCHED","totalBranches":62,"timestamp":"2026-08-04T12:28:43.953Z"}
4/8/2026, 5:58:43 pm | {"api":"/api/cash-closing-dashboard","event":"CASH_CLOSING_DASHBOARD_SUCCESS","totalRecords":56,"filters":{"cluster":"","branch":"","fromDate":"","toDate":"","status":""},"timestamp":"2026-08-04T12:28:43.954Z"}
4/8/2026, 5:58:47 pm | {"api":"/login","event":"LOGIN_API_STARTED","mpin":"9848","deviceId":"53f7f8e21c740acd","timestamp":"2026-08-04T12:28:47.330Z"}
4/8/2026, 5:58:47 pm | {"event":"LOGIN_REQUEST","mpin":"9848","deviceId":"53f7f8e21c740acd","timestamp":"2026-08-04T12:28:47.331Z"}
4/8/2026, 5:58:47 pm | {"api":"/login","event":"LOGIN_DB_QUERY_STARTED","mpin":"9848","timestamp":"2026-08-04T12:28:47.332Z"}
4/8/2026, 5:58:47 pm | {"api":"/login","event":"LOGIN_USER_FOUND","empNo":"459","branch":"Anakapalli","designation":"Branch Manager","timestamp":"2026-08-04T12:28:47.341Z"}
4/8/2026, 5:58:47 pm | {"api":"/login","event":"LOGIN_DEVICE_CHECK","empNo":"459","savedDevice":"53f7f8e21c740acd","currentDevice":"53f7f8e21c740acd","timestamp":"2026-08-04T12:28:47.342Z"}
4/8/2026, 5:58:47 pm | {"api":"/login","event":"LOGIN_SUCCESS","empNo":"459","branch":"Anakapalli","designation":"Branch Manager","loginTime":"2026-08-04T12:28:47.347Z"}
4/8/2026, 5:58:47 pm | {"api":"/employee/:empNo","event":"EMPLOYEE_API_STARTED","empNo":"459","timestamp":"2026-08-04T12:28:47.536Z"}
4/8/2026, 5:58:47 pm | {"api":"/employee/:empNo","event":"EMPLOYEE_DB_QUERY_STARTED","empNo":"459","timestamp":"2026-08-04T12:28:47.537Z"}
4/8/2026, 5:58:47 pm | {"api":"/employee/:empNo","event":"EMPLOYEE_FETCH_SUCCESS","empNo":"459","employeeName":"U Tulasi Rao","branch":"Anakapalli","designation":"Branch Manager","timestamp":"2026-08-04T12:28:47.541Z"}
4/8/2026, 5:58:47 pm | {"api":"/last-submission/:empNo","event":"LAST_SUBMISSION_API_STARTED","empNo":"459","timestamp":"2026-08-04T12:28:47.634Z"}
4/8/2026, 5:58:47 pm | {"api":"/last-submission/:empNo","event":"LAST_SUBMISSION_DB_QUERY_STARTED","empNo":"459","timestamp":"2026-08-04T12:28:47.635Z"}
4/8/2026, 5:58:47 pm | {"api":"/last-submission/:empNo","event":"LAST_SUBMISSION_FETCH_SUCCESS","empNo":"459","amount":160000,"actionAt":"2026-08-03 17:54:57","timestamp":"2026-08-04T12:28:47.641Z"}
4/8/2026, 5:58:47 pm | {"api":"/today-cash/:empNo","event":"TODAY_CASH_API_STARTED","empNo":"459","timestamp":"2026-08-04T12:28:47.762Z"}
4/8/2026, 5:58:47 pm | {"api":"/today-cash/:empNo","event":"TODAY_CASH_DB_QUERY_STARTED","empNo":"459","timestamp":"2026-08-04T12:28:47.763Z"}
4/8/2026, 5:58:47 pm | {"api":"/today-cash/:empNo","event":"TODAY_CASH_NOT_FOUND","empNo":"459","timestamp":"2026-08-04T12:28:47.768Z"}
4/8/2026, 5:58:49 pm | {"api":"/api/cash-closing-dashboard","event":"CASH_CLOSING_DASHBOARD_API_STARTED","filters":{"cluster":"","branch":"","fromDate":"","toDate":"","status":""},"timestamp":"2026-08-04T12:28:49.567Z"}
4/8/2026, 5:58:49 pm | {"api":"/api/cash-closing-dashboard","event":"CASH_CLOSING_DASHBOARD_DB_CONNECTED","timestamp":"2026-08-04T12:28:49.568Z"}
4/8/2026, 5:58:49 pm | {"api":"/api/cash-closing-dashboard","event":"CASH_CLOSING_DASHBOARD_QUERY_STARTED","filters":{"cluster":"","branch":"","fromDate":"","toDate":"","status":""},"timestamp":"2026-08-04T12:28:49.569Z"}
4/8/2026, 5:58:49 pm | {"api":"/api/cash-closing-dashboard","event":"CASH_CLOSING_DASHBOARD_DATA_FETCHED","totalRecords":56,"timestamp":"2026-08-04T12:28:49.575Z"}
4/8/2026, 5:58:49 pm | {"api":"/api/cash-closing-dashboard","event":"CASH_CLOSING_CLUSTER_FETCHED","totalClusters":5,"timestamp":"2026-08-04T12:28:49.579Z"}
4/8/2026, 5:58:49 pm | {"api":"/api/cash-closing-dashboard","event":"CASH_CLOSING_BRANCH_FETCHED","totalBranches":62,"timestamp":"2026-08-04T12:28:49.582Z"}
4/8/2026, 5:58:49 pm | {"api":"/api/cash-closing-dashboard","event":"CASH_CLOSING_DASHBOARD_SUCCESS","totalRecords":56,"filters":{"cluster":"","branch":"","fromDate":"","toDate":"","status":""},"timestamp":"2026-08-04T12:28:49.583Z"}
4/8/2026, 5:58:49 pm | {"api":"/api/cash-closing-dashboard","event":"CASH_CLOSING_DASHBOARD_API_STARTED","filters":{"cluster":"","branch":"","fromDate":"","toDate":"","status":""},"timestamp":"2026-08-04T12:28:49.731Z"}
4/8/2026, 5:58:49 pm | {"api":"/api/cash-closing-dashboard","event":"CASH_CLOSING_DASHBOARD_DB_CONNECTED","timestamp":"2026-08-04T12:28:49.731Z"}
4/8/2026, 5:58:49 pm | {"api":"/api/cash-closing-dashboard","event":"CASH_CLOSING_DASHBOARD_QUERY_STARTED","filters":{"cluster":"","branch":"","fromDate":"","toDate":"","status":""},"timestamp":"2026-08-04T12:28:49.732Z"}
4/8/2026, 5:58:49 pm | {"api":"/api/cash-closing-dashboard","event":"CASH_CLOSING_DASHBOARD_DATA_FETCHED","totalRecords":56,"timestamp":"2026-08-04T12:28:49.738Z"}
4/8/2026, 5:58:49 pm | {"api":"/api/cash-closing-dashboard","event":"CASH_CLOSING_CLUSTER_FETCHED","totalClusters":5,"timestamp":"2026-08-04T12:28:49.741Z"}
4/8/2026, 5:58:49 pm | {"api":"/api/cash-closing-dashboard","event":"CASH_CLOSING_BRANCH_FETCHED","totalBranches":62,"timestamp":"2026-08-04T12:28:49.744Z"}
4/8/2026, 5:58:49 pm | {"api":"/api/cash-closing-dashboard","event":"CASH_CLOSING_DASHBOARD_SUCCESS","totalRecords":56,"filters":{"cluster":"","branch":"","fromDate":"","toDate":"","status":""},"timestamp":"2026-08-04T12:28:49.745Z"}
4/8/2026, 5:58:49 pm | {"api":"/api/cash-closing-dashboard","event":"CASH_CLOSING_DASHBOARD_API_STARTED","filters":{"cluster":"","branch":"","fromDate":"","toDate":"","status":""},"timestamp":"2026-08-04T12:28:49.907Z"}
4/8/2026, 5:58:49 pm | {"api":"/api/cash-closing-dashboard","event":"CASH_CLOSING_DASHBOARD_DB_CONNECTED","timestamp":"2026-08-04T12:28:49.907Z"}
4/8/2026, 5:58:49 pm | {"api":"/api/cash-closing-dashboard","event":"CASH_CLOSING_DASHBOARD_QUERY_STARTED","filters":{"cluster":"","branch":"","fromDate":"","toDate":"","status":""},"timestamp":"2026-08-04T12:28:49.908Z"}
4/8/2026, 5:58:49 pm | {"api":"/api/cash-closing-dashboard","event":"CASH_CLOSING_DASHBOARD_DATA_FETCHED","totalRecords":56,"timestamp":"2026-08-04T12:28:49.914Z"}
4/8/2026, 5:58:49 pm | {"api":"/api/cash-closing-dashboard","event":"CASH_CLOSING_CLUSTER_FETCHED","totalClusters":5,"timestamp":"2026-08-04T12:28:49.918Z"}
4/8/2026, 5:58:49 pm | {"api":"/api/cash-closing-dashboard","event":"CASH_CLOSING_BRANCH_FETCHED","totalBranches":62,"timestamp":"2026-08-04T12:28:49.921Z"}
4/8/2026, 5:58:49 pm | {"api":"/api/cash-closing-dashboard","event":"CASH_CLOSING_DASHBOARD_SUCCESS","totalRecords":56,"filters":{"cluster":"","branch":"","fromDate":"","toDate":"","status":""},"timestamp":"2026-08-04T12:28:49.922Z"}
4/8/2026, 5:58:54 pm | {"api":"/save-cash-closing","event":"SAVE_CASH_API_STARTED","empNo":"279","amount":"1758027","timestamp":"2026-08-04T12:28:54.036Z"}
4/8/2026, 5:58:54 pm | {"api":"/save-cash-closing","event":"PREVIOUS_DAY_RECORD_FOUND","empNo":"279","oldDate":"2026-08-03T00:00:00.000Z","amount":1448346,"timestamp":"2026-08-04T12:28:54.043Z"}
4/8/2026, 5:58:54 pm | {"api":"/save-cash-closing","event":"PREVIOUS_DAY_MOVED_TO_HISTORY","empNo":"279","timestamp":"2026-08-04T12:28:54.049Z"}
4/8/2026, 5:58:54 pm | {"api":"/save-cash-closing","event":"PREVIOUS_DAY_DELETED","empNo":"279","timestamp":"2026-08-04T12:28:54.057Z"}
4/8/2026, 5:58:54 pm | {"api":"/save-cash-closing","event":"SAVE_CASH_NEW_ENTRY","empNo":"279","amount":"1758027","branch":"Vinukonda","timestamp":"2026-08-04T12:28:54.059Z"}
4/8/2026, 5:58:54 pm | {"api":"/save-cash-closing","event":"SAVE_CASH_HISTORY_INSERTED","empNo":"279","actionType":"ADDED","version":1,"timestamp":"2026-08-04T12:28:54.070Z"}
4/8/2026, 5:58:54 pm | {"api":"/save-cash-closing","event":"SAVE_CASH_SUCCESS","type":"INSERT","empNo":"279","amount":"1758027","timestamp":"2026-08-04T12:28:54.070Z"}
4/8/2026, 5:58:54 pm | {"api":"/api/cash-closing-dashboard","event":"CASH_CLOSING_DASHBOARD_API_STARTED","filters":{"cluster":"","branch":"","fromDate":"","toDate":"","status":""},"timestamp":"2026-08-04T12:28:54.115Z"}
4/8/2026, 5:58:54 pm | {"api":"/api/cash-closing-dashboard","event":"CASH_CLOSING_DASHBOARD_DB_CONNECTED","timestamp":"2026-08-04T12:28:54.116Z"}
4/8/2026, 5:58:54 pm | {"api":"/api/cash-closing-dashboard","event":"CASH_CLOSING_DASHBOARD_QUERY_STARTED","filters":{"cluster":"","branch":"","fromDate":"","toDate":"","status":""},"timestamp":"2026-08-04T12:28:54.116Z"}
4/8/2026, 5:58:54 pm | {"api":"/api/cash-closing-dashboard","event":"CASH_CLOSING_DASHBOARD_DATA_FETCHED","totalRecords":56,"timestamp":"2026-08-04T12:28:54.142Z"}
4/8/2026, 5:58:54 pm | {"api":"/api/cash-closing-dashboard","event":"CASH_CLOSING_CLUSTER_FETCHED","totalClusters":5,"timestamp":"2026-08-04T12:28:54.146Z"}
4/8/2026, 5:58:54 pm | {"api":"/api/cash-closing-dashboard","event":"CASH_CLOSING_BRANCH_FETCHED","totalBranches":62,"timestamp":"2026-08-04T12:28:54.149Z"}
4/8/2026, 5:58:54 pm | {"api":"/api/cash-closing-dashboard","event":"CASH_CLOSING_DASHBOARD_SUCCESS","totalRecords":56,"filters":{"cluster":"","branch":"","fromDate":"","toDate":"","status":""},"timestamp":"2026-08-04T12:28:54.150Z"}
4/8/2026, 5:58:54 pm | {"api":"/api/cash-closing-dashboard","event":"CASH_CLOSING_DASHBOARD_API_STARTED","filters":{"cluster":"","branch":"","fromDate":"","toDate":"","status":""},"timestamp":"2026-08-04T12:28:54.314Z"}
4/8/2026, 5:58:54 pm | {"api":"/api/cash-closing-dashboard","event":"CASH_CLOSING_DASHBOARD_DB_CONNECTED","timestamp":"2026-08-04T12:28:54.314Z"}
4/8/2026, 5:58:54 pm | {"api":"/api/cash-closing-dashboard","event":"CASH_CLOSING_DASHBOARD_QUERY_STARTED","filters":{"cluster":"","branch":"","fromDate":"","toDate":"","status":""},"timestamp":"2026-08-04T12:28:54.315Z"}
4/8/2026, 5:58:54 pm | {"api":"/api/cash-closing-dashboard","event":"CASH_CLOSING_DASHBOARD_DATA_FETCHED","totalRecords":56,"timestamp":"2026-08-04T12:28:54.322Z"}
4/8/2026, 5:58:54 pm | {"api":"/api/cash-closing-dashboard","event":"CASH_CLOSING_CLUSTER_FETCHED","totalClusters":5,"timestamp":"2026-08-04T12:28:54.325Z"}
4/8/2026, 5:58:54 pm | {"api":"/api/cash-closing-dashboard","event":"CASH_CLOSING_BRANCH_FETCHED","totalBranches":62,"timestamp":"2026-08-04T12:28:54.329Z"}
4/8/2026, 5:58:54 pm | {"api":"/api/cash-closing-dashboard","event":"CASH_CLOSING_DASHBOARD_SUCCESS","totalRecords":56,"filters":{"cluster":"","branch":"","fromDate":"","toDate":"","status":""},"timestamp":"2026-08-04T12:28:54.330Z"}
4/8/2026, 5:58:54 pm | {"api":"/api/cash-closing-dashboard","event":"CASH_CLOSING_DASHBOARD_API_STARTED","filters":{"cluster":"","branch":"","fromDate":"","toDate":"","status":""},"timestamp":"2026-08-04T12:28:54.621Z"}
4/8/2026, 5:58:54 pm | {"api":"/api/cash-closing-dashboard","event":"CASH_CLOSING_DASHBOARD_DB_CONNECTED","timestamp":"2026-08-04T12:28:54.622Z"}
4/8/2026, 5:58:54 pm | {"api":"/api/cash-closing-dashboard","event":"CASH_CLOSING_DASHBOARD_QUERY_STARTED","filters":{"cluster":"","branch":"","fromDate":"","toDate":"","status":""},"timestamp":"2026-08-04T12:28:54.622Z"}
4/8/2026, 5:58:54 pm | {"api":"/api/cash-closing-dashboard","event":"CASH_CLOSING_DASHBOARD_DATA_FETCHED","totalRecords":56,"timestamp":"2026-08-04T12:28:54.629Z"}
4/8/2026, 5:58:54 pm | {"api":"/api/cash-closing-dashboard","event":"CASH_CLOSING_CLUSTER_FETCHED","totalClusters":5,"timestamp":"2026-08-04T12:28:54.633Z"}
4/8/2026, 5:58:54 pm | {"api":"/api/cash-closing-dashboard","event":"CASH_CLOSING_BRANCH_FETCHED","totalBranches":62,"timestamp":"2026-08-04T12:28:54.637Z"}
4/8/2026, 5:58:54 pm | {"api":"/api/cash-closing-dashboard","event":"CASH_CLOSING_DASHBOARD_SUCCESS","totalRecords":56,"filters":{"cluster":"","branch":"","fromDate":"","toDate":"","status":""},"timestamp":"2026-08-04T12:28:54.638Z"}
4/8/2026, 5:58:55 pm | {"api":"/save-cash-closing","event":"SAVE_CASH_API_STARTED","empNo":"459","amount":"700000","timestamp":"2026-08-04T12:28:55.906Z"}
4/8/2026, 5:58:55 pm | {"api":"/save-cash-closing","event":"PREVIOUS_DAY_RECORD_FOUND","empNo":"459","oldDate":"2026-08-03T00:00:00.000Z","amount":160000,"timestamp":"2026-08-04T12:28:55.911Z"}
4/8/2026, 5:58:55 pm | {"api":"/save-cash-closing","event":"PREVIOUS_DAY_MOVED_TO_HISTORY","empNo":"459","timestamp":"2026-08-04T12:28:55.917Z"}
4/8/2026, 5:58:55 pm | {"api":"/save-cash-closing","event":"PREVIOUS_DAY_DELETED","empNo":"459","timestamp":"2026-08-04T12:28:55.923Z"}
4/8/2026, 5:58:55 pm | {"api":"/save-cash-closing","event":"SAVE_CASH_NEW_ENTRY","empNo":"459","amount":"700000","branch":"Anakapalli","timestamp":"2026-08-04T12:28:55.926Z"}
4/8/2026, 5:58:55 pm | {"api":"/save-cash-closing","event":"SAVE_CASH_HISTORY_INSERTED","empNo":"459","actionType":"ADDED","version":1,"timestamp":"2026-08-04T12:28:55.937Z"}
4/8/2026, 5:58:55 pm | {"api":"/save-cash-closing","event":"SAVE_CASH_SUCCESS","type":"INSERT","empNo":"459","amount":"700000","timestamp":"2026-08-04T12:28:55.938Z"}
4/8/2026, 5:58:58 pm | {"api":"/api/cash-closing-dashboard","event":"CASH_CLOSING_DASHBOARD_API_STARTED","filters":{"cluster":"","branch":"","fromDate":"","toDate":"","status":""},"timestamp":"2026-08-04T12:28:58.347Z"}
4/8/2026, 5:58:58 pm | {"api":"/api/cash-closing-dashboard","event":"CASH_CLOSING_DASHBOARD_DB_CONNECTED","timestamp":"2026-08-04T12:28:58.348Z"}
4/8/2026, 5:58:58 pm | {"api":"/api/cash-closing-dashboard","event":"CASH_CLOSING_DASHBOARD_QUERY_STARTED","filters":{"cluster":"","branch":"","fromDate":"","toDate":"","status":""},"timestamp":"2026-08-04T12:28:58.349Z"}
4/8/2026, 5:58:58 pm | {"api":"/api/cash-closing-dashboard","event":"CASH_CLOSING_DASHBOARD_DATA_FETCHED","totalRecords":56,"timestamp":"2026-08-04T12:28:58.358Z"}
4/8/2026, 5:58:58 pm | {"api":"/api/cash-closing-dashboard","event":"CASH_CLOSING_CLUSTER_FETCHED","totalClusters":5,"timestamp":"2026-08-04T12:28:58.361Z"}
4/8/2026, 5:58:58 pm | {"api":"/api/cash-closing-dashboard","event":"CASH_CLOSING_BRANCH_FETCHED","totalBranches":62,"timestamp":"2026-08-04T12:28:58.365Z"}
4/8/2026, 5:58:58 pm | {"api":"/api/cash-closing-dashboard","event":"CASH_CLOSING_DASHBOARD_SUCCESS","totalRecords":56,"filters":{"cluster":"","branch":"","fromDate":"","toDate":"","status":""},"timestamp":"2026-08-04T12:28:58.365Z"}
4/8/2026, 5:58:58 pm | {"api":"/api/cash-closing-dashboard","event":"CASH_CLOSING_DASHBOARD_API_STARTED","filters":{"cluster":"","branch":"","fromDate":"","toDate":"","status":""},"timestamp":"2026-08-04T12:28:58.529Z"}
4/8/2026, 5:58:58 pm | {"api":"/api/cash-closing-dashboard","event":"CASH_CLOSING_DASHBOARD_DB_CONNECTED","timestamp":"2026-08-04T12:28:58.529Z"}
4/8/2026, 5:58:58 pm | {"api":"/api/cash-closing-dashboard","event":"CASH_CLOSING_DASHBOARD_QUERY_STARTED","filters":{"cluster":"","branch":"","fromDate":"","toDate":"","status":""},"timestamp":"2026-08-04T12:28:58.530Z"}
4/8/2026, 5:58:58 pm | {"api":"/api/cash-closing-dashboard","event":"CASH_CLOSING_DASHBOARD_DATA_FETCHED","totalRecords":56,"timestamp":"2026-08-04T12:28:58.536Z"}
4/8/2026, 5:58:58 pm | {"api":"/api/cash-closing-dashboard","event":"CASH_CLOSING_CLUSTER_FETCHED","totalClusters":5,"timestamp":"2026-08-04T12:28:58.539Z"}
4/8/2026, 5:58:58 pm | {"api":"/api/cash-closing-dashboard","event":"CASH_CLOSING_BRANCH_FETCHED","totalBranches":62,"timestamp":"2026-08-04T12:28:58.542Z"}
4/8/2026, 5:58:58 pm | {"api":"/api/cash-closing-dashboard","event":"CASH_CLOSING_DASHBOARD_SUCCESS","totalRecords":56,"filters":{"cluster":"","branch":"","fromDate":"","toDate":"","status":""},"timestamp":"2026-08-04T12:28:58.543Z"}
4/8/2026, 5:58:58 pm | {"api":"/save-cash-closing","event":"SAVE_CASH_API_STARTED","empNo":"459","amount":"700000","timestamp":"2026-08-04T12:28:58.638Z"}
4/8/2026, 5:58:58 pm | {"api":"/save-cash-closing","event":"SAVE_CASH_UPDATE_STARTED","empNo":"459","oldAmount":700000,"newAmount":"700000","currentVersion":1,"nextVersion":2,"timestamp":"2026-08-04T12:28:58.646Z"}
4/8/2026, 5:58:58 pm | {"api":"/save-cash-closing","event":"SAVE_CASH_HISTORY_UPDATED","empNo":"459","version":2,"timestamp":"2026-08-04T12:28:58.656Z"}
4/8/2026, 5:58:58 pm | {"api":"/save-cash-closing","event":"SAVE_CASH_SUCCESS","type":"UPDATE","empNo":"459","amount":"700000","version":2,"timestamp":"2026-08-04T12:28:58.657Z"}
4/8/2026, 5:58:58 pm | {"api":"/api/cash-closing-dashboard","event":"CASH_CLOSING_DASHBOARD_API_STARTED","filters":{"cluster":"","branch":"","fromDate":"","toDate":"","status":""},"timestamp":"2026-08-04T12:28:58.729Z"}
4/8/2026, 5:58:58 pm | {"api":"/api/cash-closing-dashboard","event":"CASH_CLOSING_DASHBOARD_DB_CONNECTED","timestamp":"2026-08-04T12:28:58.730Z"}
4/8/2026, 5:58:58 pm | {"api":"/api/cash-closing-dashboard","event":"CASH_CLOSING_DASHBOARD_QUERY_STARTED","filters":{"cluster":"","branch":"","fromDate":"","toDate":"","status":""},"timestamp":"2026-08-04T12:28:58.730Z"}
4/8/2026, 5:58:58 pm | {"api":"/api/cash-closing-dashboard","event":"CASH_CLOSING_DASHBOARD_DATA_FETCHED","totalRecords":56,"timestamp":"2026-08-04T12:28:58.738Z"}
4/8/2026, 5:58:58 pm | {"api":"/api/cash-closing-dashboard","event":"CASH_CLOSING_CLUSTER_FETCHED","totalClusters":5,"timestamp":"2026-08-04T12:28:58.741Z"}
4/8/2026, 5:58:58 pm | {"api":"/api/cash-closing-dashboard","event":"CASH_CLOSING_BRANCH_FETCHED","totalBranches":62,"timestamp":"2026-08-04T12:28:58.744Z"}
4/8/2026, 5:58:58 pm | {"api":"/api/cash-closing-dashboard","event":"CASH_CLOSING_DASHBOARD_SUCCESS","totalRecords":56,"filters":{"cluster":"","branch":"","fromDate":"","toDate":"","status":""},"timestamp":"2026-08-04T12:28:58.745Z"}
4/8/2026, 5:59:05 pm | {"api":"/login","event":"LOGIN_API_STARTED","mpin":"2523","deviceId":"3033f9c5b22e1dfc","timestamp":"2026-08-04T12:29:05.316Z"}
4/8/2026, 5:59:05 pm | {"event":"LOGIN_REQUEST","mpin":"2523","deviceId":"3033f9c5b22e1dfc","timestamp":"2026-08-04T12:29:05.317Z"}
4/8/2026, 5:59:05 pm | {"api":"/login","event":"LOGIN_DB_QUERY_STARTED","mpin":"2523","timestamp":"2026-08-04T12:29:05.317Z"}
4/8/2026, 5:59:05 pm | {"api":"/login","event":"LOGIN_USER_FOUND","empNo":"41","branch":"Mandadam","designation":"Branch Manager","timestamp":"2026-08-04T12:29:05.328Z"}
4/8/2026, 5:59:05 pm | {"api":"/login","event":"LOGIN_DEVICE_CHECK","empNo":"41","savedDevice":"3033f9c5b22e1dfc","currentDevice":"3033f9c5b22e1dfc","timestamp":"2026-08-04T12:29:05.329Z"}
4/8/2026, 5:59:05 pm | {"api":"/login","event":"LOGIN_SUCCESS","empNo":"41","branch":"Mandadam","designation":"Branch Manager","loginTime":"2026-08-04T12:29:05.334Z"}
4/8/2026, 5:59:05 pm | {"api":"/employee/:empNo","event":"EMPLOYEE_API_STARTED","empNo":"41","timestamp":"2026-08-04T12:29:05.541Z"}
4/8/2026, 5:59:05 pm | {"api":"/employee/:empNo","event":"EMPLOYEE_DB_QUERY_STARTED","empNo":"41","timestamp":"2026-08-04T12:29:05.542Z"}
4/8/2026, 5:59:05 pm | {"api":"/employee/:empNo","event":"EMPLOYEE_FETCH_SUCCESS","empNo":"41","employeeName":"C.V. Phani Kumar","branch":"Mandadam","designation":"Branch Manager","timestamp":"2026-08-04T12:29:05.545Z"}
4/8/2026, 5:59:05 pm | {"api":"/last-submission/:empNo","event":"LAST_SUBMISSION_API_STARTED","empNo":"41","timestamp":"2026-08-04T12:29:05.601Z"}
4/8/2026, 5:59:05 pm | {"api":"/last-submission/:empNo","event":"LAST_SUBMISSION_DB_QUERY_STARTED","empNo":"41","timestamp":"2026-08-04T12:29:05.602Z"}
4/8/2026, 5:59:05 pm | {"api":"/last-submission/:empNo","event":"LAST_SUBMISSION_FETCH_SUCCESS","empNo":"41","amount":444000,"actionAt":"2026-08-03 17:33:26","timestamp":"2026-08-04T12:29:05.609Z"}
4/8/2026, 5:59:05 pm | {"api":"/today-cash/:empNo","event":"TODAY_CASH_API_STARTED","empNo":"41","timestamp":"2026-08-04T12:29:05.755Z"}
4/8/2026, 5:59:05 pm | {"api":"/today-cash/:empNo","event":"TODAY_CASH_DB_QUERY_STARTED","empNo":"41","timestamp":"2026-08-04T12:29:05.756Z"}
4/8/2026, 5:59:05 pm | {"api":"/today-cash/:empNo","event":"TODAY_CASH_NOT_FOUND","empNo":"41","timestamp":"2026-08-04T12:29:05.761Z"}
4/8/2026, 5:59:06 pm | {"api":"/api/cash-closing-dashboard","event":"CASH_CLOSING_DASHBOARD_API_STARTED","filters":{"cluster":"","branch":"","fromDate":"","toDate":"","status":""},"timestamp":"2026-08-04T12:29:06.136Z"}
4/8/2026, 5:59:06 pm | {"api":"/api/cash-closing-dashboard","event":"CASH_CLOSING_DASHBOARD_DB_CONNECTED","timestamp":"2026-08-04T12:29:06.137Z"}
4/8/2026, 5:59:06 pm | {"api":"/api/cash-closing-dashboard","event":"CASH_CLOSING_DASHBOARD_QUERY_STARTED","filters":{"cluster":"","branch":"","fromDate":"","toDate":"","status":""},"timestamp":"2026-08-04T12:29:06.137Z"}
4/8/2026, 5:59:06 pm | {"api":"/api/cash-closing-dashboard","event":"CASH_CLOSING_DASHBOARD_DATA_FETCHED","totalRecords":56,"timestamp":"2026-08-04T12:29:06.143Z"}
4/8/2026, 5:59:06 pm | {"api":"/api/cash-closing-dashboard","event":"CASH_CLOSING_CLUSTER_FETCHED","totalClusters":5,"timestamp":"2026-08-04T12:29:06.148Z"}
4/8/2026, 5:59:06 pm | {"api":"/api/cash-closing-dashboard","event":"CASH_CLOSING_BRANCH_FETCHED","totalBranches":62,"timestamp":"2026-08-04T12:29:06.151Z"}
4/8/2026, 5:59:06 pm | {"api":"/api/cash-closing-dashboard","event":"CASH_CLOSING_DASHBOARD_SUCCESS","totalRecords":56,"filters":{"cluster":"","branch":"","fromDate":"","toDate":"","status":""},"timestamp":"2026-08-04T12:29:06.152Z"}
4/8/2026, 5:59:06 pm | {"api":"/api/cash-closing-dashboard","event":"CASH_CLOSING_DASHBOARD_API_STARTED","filters":{"cluster":"","branch":"","fromDate":"","toDate":"","status":""},"timestamp":"2026-08-04T12:29:06.290Z"}
4/8/2026, 5:59:06 pm | {"api":"/api/cash-closing-dashboard","event":"CASH_CLOSING_DASHBOARD_DB_CONNECTED","timestamp":"2026-08-04T12:29:06.292Z"}
4/8/2026, 5:59:06 pm | {"api":"/api/cash-closing-dashboard","event":"CASH_CLOSING_DASHBOARD_QUERY_STARTED","filters":{"cluster":"","branch":"","fromDate":"","toDate":"","status":""},"timestamp":"2026-08-04T12:29:06.292Z"}
4/8/2026, 5:59:06 pm | {"api":"/api/cash-closing-dashboard","event":"CASH_CLOSING_DASHBOARD_DATA_FETCHED","totalRecords":56,"timestamp":"2026-08-04T12:29:06.298Z"}
4/8/2026, 5:59:06 pm | {"api":"/api/cash-closing-dashboard","event":"CASH_CLOSING_CLUSTER_FETCHED","totalClusters":5,"timestamp":"2026-08-04T12:29:06.301Z"}
4/8/2026, 5:59:06 pm | {"api":"/api/cash-closing-dashboard","event":"CASH_CLOSING_BRANCH_FETCHED","totalBranches":62,"timestamp":"2026-08-04T12:29:06.304Z"}
4/8/2026, 5:59:06 pm | {"api":"/api/cash-closing-dashboard","event":"CASH_CLOSING_DASHBOARD_SUCCESS","totalRecords":56,"filters":{"cluster":"","branch":"","fromDate":"","toDate":"","status":""},"timestamp":"2026-08-04T12:29:06.305Z"}
4/8/2026, 5:59:06 pm | {"api":"/api/cash-closing-dashboard","event":"CASH_CLOSING_DASHBOARD_API_STARTED","filters":{"cluster":"","branch":"","fromDate":"","toDate":"","status":""},"timestamp":"2026-08-04T12:29:06.457Z"}
4/8/2026, 5:59:06 pm | {"api":"/api/cash-closing-dashboard","event":"CASH_CLOSING_DASHBOARD_DB_CONNECTED","timestamp":"2026-08-04T12:29:06.458Z"}
4/8/2026, 5:59:06 pm | {"api":"/api/cash-closing-dashboard","event":"CASH_CLOSING_DASHBOARD_QUERY_STARTED","filters":{"cluster":"","branch":"","fromDate":"","toDate":"","status":""},"timestamp":"2026-08-04T12:29:06.458Z"}
4/8/2026, 5:59:06 pm | {"api":"/api/cash-closing-dashboard","event":"CASH_CLOSING_DASHBOARD_DATA_FETCHED","totalRecords":56,"timestamp":"2026-08-04T12:29:06.466Z"}
4/8/2026, 5:59:06 pm | {"api":"/api/cash-closing-dashboard","event":"CASH_CLOSING_CLUSTER_FETCHED","totalClusters":5,"timestamp":"2026-08-04T12:29:06.469Z"}
4/8/2026, 5:59:06 pm | {"api":"/api/cash-closing-dashboard","event":"CASH_CLOSING_BRANCH_FETCHED","totalBranches":62,"timestamp":"2026-08-04T12:29:06.472Z"}
4/8/2026, 5:59:06 pm | {"api":"/api/cash-closing-dashboard","event":"CASH_CLOSING_DASHBOARD_SUCCESS","totalRecords":56,"filters":{"cluster":"","branch":"","fromDate":"","toDate":"","status":""},"timestamp":"2026-08-04T12:29:06.473Z"}
4/8/2026, 5:59:13 pm | {"api":"/save-cash-closing","event":"SAVE_CASH_API_STARTED","empNo":"41","amount":"559000","timestamp":"2026-08-04T12:29:13.166Z"}
4/8/2026, 5:59:13 pm | {"api":"/save-cash-closing","event":"PREVIOUS_DAY_RECORD_FOUND","empNo":"41","oldDate":"2026-08-03T00:00:00.000Z","amount":444000,"timestamp":"2026-08-04T12:29:13.172Z"}
4/8/2026, 5:59:13 pm | {"api":"/save-cash-closing","event":"PREVIOUS_DAY_MOVED_TO_HISTORY","empNo":"41","timestamp":"2026-08-04T12:29:13.178Z"}
4/8/2026, 5:59:13 pm | {"api":"/save-cash-closing","event":"PREVIOUS_DAY_DELETED","empNo":"41","timestamp":"2026-08-04T12:29:13.183Z"}
4/8/2026, 5:59:13 pm | {"api":"/save-cash-closing","event":"SAVE_CASH_NEW_ENTRY","empNo":"41","amount":"559000","branch":"Mandadam","timestamp":"2026-08-04T12:29:13.186Z"}
4/8/2026, 5:59:13 pm | {"api":"/save-cash-closing","event":"SAVE_CASH_HISTORY_INSERTED","empNo":"41","actionType":"ADDED","version":1,"timestamp":"2026-08-04T12:29:13.196Z"}
4/8/2026, 5:59:13 pm | {"api":"/save-cash-closing","event":"SAVE_CASH_SUCCESS","type":"INSERT","empNo":"41","amount":"559000","timestamp":"2026-08-04T12:29:13.197Z"}
4/8/2026, 5:59:18 pm | {"api":"/save-cash-closing","event":"SAVE_CASH_API_STARTED","empNo":"41","amount":"559000","timestamp":"2026-08-04T12:29:18.286Z"}
4/8/2026, 5:59:18 pm | {"api":"/save-cash-closing","event":"SAVE_CASH_UPDATE_STARTED","empNo":"41","oldAmount":559000,"newAmount":"559000","currentVersion":1,"nextVersion":2,"timestamp":"2026-08-04T12:29:18.294Z"}
4/8/2026, 5:59:18 pm | {"api":"/save-cash-closing","event":"SAVE_CASH_HISTORY_UPDATED","empNo":"41","version":2,"timestamp":"2026-08-04T12:29:18.311Z"}
4/8/2026, 5:59:18 pm | {"api":"/save-cash-closing","event":"SAVE_CASH_SUCCESS","type":"UPDATE","empNo":"41","amount":"559000","version":2,"timestamp":"2026-08-04T12:29:18.312Z"}
4/8/2026, 5:59:25 pm | {"api":"/api/cash-closing-dashboard","event":"CASH_CLOSING_DASHBOARD_API_STARTED","filters":{"cluster":"","branch":"","fromDate":"","toDate":"","status":""},"timestamp":"2026-08-04T12:29:25.812Z"}
4/8/2026, 5:59:25 pm | {"api":"/api/cash-closing-dashboard","event":"CASH_CLOSING_DASHBOARD_DB_CONNECTED","timestamp":"2026-08-04T12:29:25.813Z"}
4/8/2026, 5:59:25 pm | {"api":"/api/cash-closing-dashboard","event":"CASH_CLOSING_DASHBOARD_QUERY_STARTED","filters":{"cluster":"","branch":"","fromDate":"","toDate":"","status":""},"timestamp":"2026-08-04T12:29:25.814Z"}
4/8/2026, 5:59:25 pm | {"api":"/api/cash-closing-dashboard","event":"CASH_CLOSING_DASHBOARD_DATA_FETCHED","totalRecords":56,"timestamp":"2026-08-04T12:29:25.820Z"}
4/8/2026, 5:59:25 pm | {"api":"/api/cash-closing-dashboard","event":"CASH_CLOSING_CLUSTER_FETCHED","totalClusters":5,"timestamp":"2026-08-04T12:29:25.823Z"}
4/8/2026, 5:59:25 pm | {"api":"/api/cash-closing-dashboard","event":"CASH_CLOSING_BRANCH_FETCHED","totalBranches":62,"timestamp":"2026-08-04T12:29:25.826Z"}
4/8/2026, 5:59:25 pm | {"api":"/api/cash-closing-dashboard","event":"CASH_CLOSING_DASHBOARD_SUCCESS","totalRecords":56,"filters":{"cluster":"","branch":"","fromDate":"","toDate":"","status":""},"timestamp":"2026-08-04T12:29:25.827Z"}
4/8/2026, 5:59:25 pm | {"api":"/api/cash-closing-dashboard","event":"CASH_CLOSING_DASHBOARD_API_STARTED","filters":{"cluster":"","branch":"","fromDate":"","toDate":"","status":""},"timestamp":"2026-08-04T12:29:25.933Z"}
4/8/2026, 5:59:25 pm | {"api":"/api/cash-closing-dashboard","event":"CASH_CLOSING_DASHBOARD_DB_CONNECTED","timestamp":"2026-08-04T12:29:25.934Z"}
4/8/2026, 5:59:25 pm | {"api":"/api/cash-closing-dashboard","event":"CASH_CLOSING_DASHBOARD_QUERY_STARTED","filters":{"cluster":"","branch":"","fromDate":"","toDate":"","status":""},"timestamp":"2026-08-04T12:29:25.935Z"}
4/8/2026, 5:59:25 pm | {"api":"/api/cash-closing-dashboard","event":"CASH_CLOSING_DASHBOARD_DATA_FETCHED","totalRecords":56,"timestamp":"2026-08-04T12:29:25.943Z"}
4/8/2026, 5:59:25 pm | {"api":"/api/cash-closing-dashboard","event":"CASH_CLOSING_CLUSTER_FETCHED","totalClusters":5,"timestamp":"2026-08-04T12:29:25.946Z"}
4/8/2026, 5:59:25 pm | {"api":"/api/cash-closing-dashboard","event":"CASH_CLOSING_BRANCH_FETCHED","totalBranches":62,"timestamp":"2026-08-04T12:29:25.949Z"}
4/8/2026, 5:59:25 pm | {"api":"/api/cash-closing-dashboard","event":"CASH_CLOSING_DASHBOARD_SUCCESS","totalRecords":56,"filters":{"cluster":"","branch":"","fromDate":"","toDate":"","status":""},"timestamp":"2026-08-04T12:29:25.950Z"}
4/8/2026, 5:59:26 pm | {"api":"/api/cash-closing-dashboard","event":"CASH_CLOSING_DASHBOARD_API_STARTED","filters":{"cluster":"","branch":"","fromDate":"","toDate":"","status":""},"timestamp":"2026-08-04T12:29:26.126Z"}
4/8/2026, 5:59:26 pm | {"api":"/api/cash-closing-dashboard","event":"CASH_CLOSING_DASHBOARD_DB_CONNECTED","timestamp":"2026-08-04T12:29:26.127Z"}
4/8/2026, 5:59:26 pm | {"api":"/api/cash-closing-dashboard","event":"CASH_CLOSING_DASHBOARD_QUERY_STARTED","filters":{"cluster":"","branch":"","fromDate":"","toDate":"","status":""},"timestamp":"2026-08-04T12:29:26.128Z"}
4/8/2026, 5:59:26 pm | {"api":"/api/cash-closing-dashboard","event":"CASH_CLOSING_DASHBOARD_DATA_FETCHED","totalRecords":56,"timestamp":"2026-08-04T12:29:26.136Z"}
4/8/2026, 5:59:26 pm | {"api":"/api/cash-closing-dashboard","event":"CASH_CLOSING_CLUSTER_FETCHED","totalClusters":5,"timestamp":"2026-08-04T12:29:26.139Z"}
4/8/2026, 5:59:26 pm | {"api":"/api/cash-closing-dashboard","event":"CASH_CLOSING_BRANCH_FETCHED","totalBranches":62,"timestamp":"2026-08-04T12:29:26.142Z"}
4/8/2026, 5:59:26 pm | {"api":"/api/cash-closing-dashboard","event":"CASH_CLOSING_DASHBOARD_SUCCESS","totalRecords":56,"filters":{"cluster":"","branch":"","fromDate":"","toDate":"","status":""},"timestamp":"2026-08-04T12:29:26.143Z"}
4/8/2026, 5:59:26 pm | {"api":"/api/cash-closing-dashboard","event":"CASH_CLOSING_DASHBOARD_API_STARTED","filters":{"cluster":"","branch":"","fromDate":"","toDate":"","status":""},"timestamp":"2026-08-04T12:29:26.278Z"}
4/8/2026, 5:59:26 pm | {"api":"/api/cash-closing-dashboard","event":"CASH_CLOSING_DASHBOARD_DB_CONNECTED","timestamp":"2026-08-04T12:29:26.279Z"}
4/8/2026, 5:59:26 pm | {"api":"/api/cash-closing-dashboard","event":"CASH_CLOSING_DASHBOARD_QUERY_STARTED","filters":{"cluster":"","branch":"","fromDate":"","toDate":"","status":""},"timestamp":"2026-08-04T12:29:26.280Z"}
4/8/2026, 5:59:26 pm | {"api":"/api/cash-closing-dashboard","event":"CASH_CLOSING_DASHBOARD_DATA_FETCHED","totalRecords":56,"timestamp":"2026-08-04T12:29:26.288Z"}
4/8/2026, 5:59:26 pm | {"api":"/api/cash-closing-dashboard","event":"CASH_CLOSING_CLUSTER_FETCHED","totalClusters":5,"timestamp":"2026-08-04T12:29:26.291Z"}
4/8/2026, 5:59:26 pm | {"api":"/api/cash-closing-dashboard","event":"CASH_CLOSING_BRANCH_FETCHED","totalBranches":62,"timestamp":"2026-08-04T12:29:26.294Z"}
4/8/2026, 5:59:26 pm | {"api":"/api/cash-closing-dashboard","event":"CASH_CLOSING_DASHBOARD_SUCCESS","totalRecords":56,"filters":{"cluster":"","branch":"","fromDate":"","toDate":"","status":""},"timestamp":"2026-08-04T12:29:26.295Z"}
4/8/2026, 5:59:30 pm | {"api":"/api/cash-closing-dashboard","event":"CASH_CLOSING_DASHBOARD_API_STARTED","filters":{"cluster":"","branch":"","fromDate":"","toDate":"","status":""},"timestamp":"2026-08-04T12:29:30.694Z"}
4/8/2026, 5:59:30 pm | {"api":"/api/cash-closing-dashboard","event":"CASH_CLOSING_DASHBOARD_DB_CONNECTED","timestamp":"2026-08-04T12:29:30.695Z"}
4/8/2026, 5:59:30 pm | {"api":"/api/cash-closing-dashboard","event":"CASH_CLOSING_DASHBOARD_QUERY_STARTED","filters":{"cluster":"","branch":"","fromDate":"","toDate":"","status":""},"timestamp":"2026-08-04T12:29:30.696Z"}
4/8/2026, 5:59:30 pm | {"api":"/api/cash-closing-dashboard","event":"CASH_CLOSING_DASHBOARD_DATA_FETCHED","totalRecords":56,"timestamp":"2026-08-04T12:29:30.703Z"}
4/8/2026, 5:59:30 pm | {"api":"/api/cash-closing-dashboard","event":"CASH_CLOSING_CLUSTER_FETCHED","totalClusters":5,"timestamp":"2026-08-04T12:29:30.707Z"}
4/8/2026, 5:59:30 pm | {"api":"/api/cash-closing-dashboard","event":"CASH_CLOSING_BRANCH_FETCHED","totalBranches":62,"timestamp":"2026-08-04T12:29:30.710Z"}
4/8/2026, 5:59:30 pm | {"api":"/api/cash-closing-dashboard","event":"CASH_CLOSING_DASHBOARD_SUCCESS","totalRecords":56,"filters":{"cluster":"","branch":"","fromDate":"","toDate":"","status":""},"timestamp":"2026-08-04T12:29:30.711Z"}
4/8/2026, 5:59:30 pm | {"api":"/api/cash-closing-dashboard","event":"CASH_CLOSING_DASHBOARD_API_STARTED","filters":{"cluster":"","branch":"","fromDate":"","toDate":"","status":""},"timestamp":"2026-08-04T12:29:30.903Z"}
4/8/2026, 5:59:30 pm | {"api":"/api/cash-closing-dashboard","event":"CASH_CLOSING_DASHBOARD_DB_CONNECTED","timestamp":"2026-08-04T12:29:30.904Z"}
4/8/2026, 5:59:30 pm | {"api":"/api/cash-closing-dashboard","event":"CASH_CLOSING_DASHBOARD_QUERY_STARTED","filters":{"cluster":"","branch":"","fromDate":"","toDate":"","status":""},"timestamp":"2026-08-04T12:29:30.904Z"}
4/8/2026, 5:59:30 pm | {"api":"/api/cash-closing-dashboard","event":"CASH_CLOSING_DASHBOARD_DATA_FETCHED","totalRecords":56,"timestamp":"2026-08-04T12:29:30.911Z"}
4/8/2026, 5:59:30 pm | {"api":"/api/cash-closing-dashboard","event":"CASH_CLOSING_CLUSTER_FETCHED","totalClusters":5,"timestamp":"2026-08-04T12:29:30.914Z"}
4/8/2026, 5:59:30 pm | {"api":"/api/cash-closing-dashboard","event":"CASH_CLOSING_BRANCH_FETCHED","totalBranches":62,"timestamp":"2026-08-04T12:29:30.918Z"}
4/8/2026, 5:59:30 pm | {"api":"/api/cash-closing-dashboard","event":"CASH_CLOSING_DASHBOARD_SUCCESS","totalRecords":56,"filters":{"cluster":"","branch":"","fromDate":"","toDate":"","status":""},"timestamp":"2026-08-04T12:29:30.919Z"}
4/8/2026, 5:59:31 pm | {"api":"/api/cash-closing-dashboard","event":"CASH_CLOSING_DASHBOARD_API_STARTED","filters":{"cluster":"","branch":"","fromDate":"","toDate":"","status":""},"timestamp":"2026-08-04T12:29:31.062Z"}
4/8/2026, 5:59:31 pm | {"api":"/api/cash-closing-dashboard","event":"CASH_CLOSING_DASHBOARD_DB_CONNECTED","timestamp":"2026-08-04T12:29:31.063Z"}
4/8/2026, 5:59:31 pm | {"api":"/api/cash-closing-dashboard","event":"CASH_CLOSING_DASHBOARD_QUERY_STARTED","filters":{"cluster":"","branch":"","fromDate":"","toDate":"","status":""},"timestamp":"2026-08-04T12:29:31.064Z"}
4/8/2026, 5:59:31 pm | {"api":"/api/cash-closing-dashboard","event":"CASH_CLOSING_DASHBOARD_DATA_FETCHED","totalRecords":56,"timestamp":"2026-08-04T12:29:31.072Z"}
4/8/2026, 5:59:31 pm | {"api":"/api/cash-closing-dashboard","event":"CASH_CLOSING_CLUSTER_FETCHED","totalClusters":5,"timestamp":"2026-08-04T12:29:31.075Z"}
4/8/2026, 5:59:31 pm | {"api":"/api/cash-closing-dashboard","event":"CASH_CLOSING_BRANCH_FETCHED","totalBranches":62,"timestamp":"2026-08-04T12:29:31.079Z"}
4/8/2026, 5:59:31 pm | {"api":"/api/cash-closing-dashboard","event":"CASH_CLOSING_DASHBOARD_SUCCESS","totalRecords":56,"filters":{"cluster":"","branch":"","fromDate":"","toDate":"","status":""},"timestamp":"2026-08-04T12:29:31.080Z"}
4/8/2026, 5:59:36 pm | {"api":"/api/cash-closing-dashboard","event":"CASH_CLOSING_DASHBOARD_API_STARTED","filters":{"cluster":"","branch":"","fromDate":"","toDate":"","status":""},"timestamp":"2026-08-04T12:29:36.929Z"}
4/8/2026, 5:59:36 pm | {"api":"/api/cash-closing-dashboard","event":"CASH_CLOSING_DASHBOARD_DB_CONNECTED","timestamp":"2026-08-04T12:29:36.930Z"}
4/8/2026, 5:59:36 pm | {"api":"/api/cash-closing-dashboard","event":"CASH_CLOSING_DASHBOARD_QUERY_STARTED","filters":{"cluster":"","branch":"","fromDate":"","toDate":"","status":""},"timestamp":"2026-08-04T12:29:36.931Z"}
4/8/2026, 5:59:36 pm | {"api":"/api/cash-closing-dashboard","event":"CASH_CLOSING_DASHBOARD_DATA_FETCHED","totalRecords":56,"timestamp":"2026-08-04T12:29:36.938Z"}
4/8/2026, 5:59:36 pm | {"api":"/api/cash-closing-dashboard","event":"CASH_CLOSING_CLUSTER_FETCHED","totalClusters":5,"timestamp":"2026-08-04T12:29:36.942Z"}
4/8/2026, 5:59:36 pm | {"api":"/api/cash-closing-dashboard","event":"CASH_CLOSING_BRANCH_FETCHED","totalBranches":62,"timestamp":"2026-08-04T12:29:36.945Z"}
4/8/2026, 5:59:36 pm | {"api":"/api/cash-closing-dashboard","event":"CASH_CLOSING_DASHBOARD_SUCCESS","totalRecords":56,"filters":{"cluster":"","branch":"","fromDate":"","toDate":"","status":""},"timestamp":"2026-08-04T12:29:36.946Z"}
4/8/2026, 5:59:37 pm | {"api":"/api/cash-closing-dashboard","event":"CASH_CLOSING_DASHBOARD_API_STARTED","filters":{"cluster":"","branch":"","fromDate":"","toDate":"","status":""},"timestamp":"2026-08-04T12:29:37.110Z"}
4/8/2026, 5:59:37 pm | {"api":"/api/cash-closing-dashboard","event":"CASH_CLOSING_DASHBOARD_DB_CONNECTED","timestamp":"2026-08-04T12:29:37.112Z"}
4/8/2026, 5:59:37 pm | {"api":"/api/cash-closing-dashboard","event":"CASH_CLOSING_DASHBOARD_QUERY_STARTED","filters":{"cluster":"","branch":"","fromDate":"","toDate":"","status":""},"timestamp":"2026-08-04T12:29:37.112Z"}
4/8/2026, 5:59:37 pm | {"api":"/api/cash-closing-dashboard","event":"CASH_CLOSING_DASHBOARD_DATA_FETCHED","totalRecords":56,"timestamp":"2026-08-04T12:29:37.120Z"}
4/8/2026, 5:59:37 pm | {"api":"/api/cash-closing-dashboard","event":"CASH_CLOSING_CLUSTER_FETCHED","totalClusters":5,"timestamp":"2026-08-04T12:29:37.123Z"}
4/8/2026, 5:59:37 pm | {"api":"/api/cash-closing-dashboard","event":"CASH_CLOSING_BRANCH_FETCHED","totalBranches":62,"timestamp":"2026-08-04T12:29:37.126Z"}
4/8/2026, 5:59:37 pm | {"api":"/api/cash-closing-dashboard","event":"CASH_CLOSING_DASHBOARD_SUCCESS","totalRecords":56,"filters":{"cluster":"","branch":"","fromDate":"","toDate":"","status":""},"timestamp":"2026-08-04T12:29:37.127Z"}
4/8/2026, 5:59:37 pm | {"api":"/api/cash-closing-dashboard","event":"CASH_CLOSING_DASHBOARD_API_STARTED","filters":{"cluster":"","branch":"","fromDate":"","toDate":"","status":""},"timestamp":"2026-08-04T12:29:37.294Z"}
4/8/2026, 5:59:37 pm | {"api":"/api/cash-closing-dashboard","event":"CASH_CLOSING_DASHBOARD_DB_CONNECTED","timestamp":"2026-08-04T12:29:37.295Z"}
4/8/2026, 5:59:37 pm | {"api":"/api/cash-closing-dashboard","event":"CASH_CLOSING_DASHBOARD_QUERY_STARTED","filters":{"cluster":"","branch":"","fromDate":"","toDate":"","status":""},"timestamp":"2026-08-04T12:29:37.295Z"}
4/8/2026, 5:59:37 pm | {"api":"/api/cash-closing-dashboard","event":"CASH_CLOSING_DASHBOARD_DATA_FETCHED","totalRecords":56,"timestamp":"2026-08-04T12:29:37.303Z"}
4/8/2026, 5:59:37 pm | {"api":"/api/cash-closing-dashboard","event":"CASH_CLOSING_CLUSTER_FETCHED","totalClusters":5,"timestamp":"2026-08-04T12:29:37.306Z"}
4/8/2026, 5:59:37 pm | {"api":"/api/cash-closing-dashboard","event":"CASH_CLOSING_BRANCH_FETCHED","totalBranches":62,"timestamp":"2026-08-04T12:29:37.312Z"}
4/8/2026, 5:59:37 pm | {"api":"/api/cash-closing-dashboard","event":"CASH_CLOSING_DASHBOARD_SUCCESS","totalRecords":56,"filters":{"cluster":"","branch":"","fromDate":"","toDate":"","status":""},"timestamp":"2026-08-04T12:29:37.312Z"}
4/8/2026, 5:59:43 pm | {"api":"/api/cash-closing-dashboard","event":"CASH_CLOSING_DASHBOARD_API_STARTED","filters":{"cluster":"","branch":"","fromDate":"","toDate":"","status":""},"timestamp":"2026-08-04T12:29:43.990Z"}
4/8/2026, 5:59:43 pm | {"api":"/api/cash-closing-dashboard","event":"CASH_CLOSING_DASHBOARD_DB_CONNECTED","timestamp":"2026-08-04T12:29:43.991Z"}
4/8/2026, 5:59:43 pm | {"api":"/api/cash-closing-dashboard","event":"CASH_CLOSING_DASHBOARD_QUERY_STARTED","filters":{"cluster":"","branch":"","fromDate":"","toDate":"","status":""},"timestamp":"2026-08-04T12:29:43.992Z"}
4/8/2026, 5:59:43 pm | {"api":"/api/cash-closing-dashboard","event":"CASH_CLOSING_DASHBOARD_DATA_FETCHED","totalRecords":56,"timestamp":"2026-08-04T12:29:43.999Z"}
4/8/2026, 5:59:44 pm | {"api":"/api/cash-closing-dashboard","event":"CASH_CLOSING_CLUSTER_FETCHED","totalClusters":5,"timestamp":"2026-08-04T12:29:44.003Z"}
4/8/2026, 5:59:44 pm | {"api":"/api/cash-closing-dashboard","event":"CASH_CLOSING_BRANCH_FETCHED","totalBranches":62,"timestamp":"2026-08-04T12:29:44.006Z"}
4/8/2026, 5:59:44 pm | {"api":"/api/cash-closing-dashboard","event":"CASH_CLOSING_DASHBOARD_SUCCESS","totalRecords":56,"filters":{"cluster":"","branch":"","fromDate":"","toDate":"","status":""},"timestamp":"2026-08-04T12:29:44.007Z"}
4/8/2026, 5:59:44 pm | {"api":"/api/cash-closing-dashboard","event":"CASH_CLOSING_DASHBOARD_API_STARTED","filters":{"cluster":"","branch":"","fromDate":"","toDate":"","status":""},"timestamp":"2026-08-04T12:29:44.157Z"}
4/8/2026, 5:59:44 pm | {"api":"/api/cash-closing-dashboard","event":"CASH_CLOSING_DASHBOARD_DB_CONNECTED","timestamp":"2026-08-04T12:29:44.158Z"}
4/8/2026, 5:59:44 pm | {"api":"/api/cash-closing-dashboard","event":"CASH_CLOSING_DASHBOARD_QUERY_STARTED","filters":{"cluster":"","branch":"","fromDate":"","toDate":"","status":""},"timestamp":"2026-08-04T12:29:44.159Z"}
4/8/2026, 5:59:44 pm | {"api":"/api/cash-closing-dashboard","event":"CASH_CLOSING_DASHBOARD_DATA_FETCHED","totalRecords":56,"timestamp":"2026-08-04T12:29:44.167Z"}
4/8/2026, 5:59:44 pm | {"api":"/api/cash-closing-dashboard","event":"CASH_CLOSING_CLUSTER_FETCHED","totalClusters":5,"timestamp":"2026-08-04T12:29:44.171Z"}
4/8/2026, 5:59:44 pm | {"api":"/api/cash-closing-dashboard","event":"CASH_CLOSING_BRANCH_FETCHED","totalBranches":62,"timestamp":"2026-08-04T12:29:44.175Z"}
4/8/2026, 5:59:44 pm | {"api":"/api/cash-closing-dashboard","event":"CASH_CLOSING_DASHBOARD_SUCCESS","totalRecords":56,"filters":{"cluster":"","branch":"","fromDate":"","toDate":"","status":""},"timestamp":"2026-08-04T12:29:44.175Z"}
4/8/2026, 5:59:44 pm | {"api":"/api/cash-closing-dashboard","event":"CASH_CLOSING_DASHBOARD_API_STARTED","filters":{"cluster":"","branch":"","fromDate":"","toDate":"","status":""},"timestamp":"2026-08-04T12:29:44.350Z"}
4/8/2026, 5:59:44 pm | {"api":"/api/cash-closing-dashboard","event":"CASH_CLOSING_DASHBOARD_DB_CONNECTED","timestamp":"2026-08-04T12:29:44.351Z"}
4/8/2026, 5:59:44 pm | {"api":"/api/cash-closing-dashboard","event":"CASH_CLOSING_DASHBOARD_QUERY_STARTED","filters":{"cluster":"","branch":"","fromDate":"","toDate":"","status":""},"timestamp":"2026-08-04T12:29:44.352Z"}
4/8/2026, 5:59:44 pm | {"api":"/api/cash-closing-dashboard","event":"CASH_CLOSING_DASHBOARD_DATA_FETCHED","totalRecords":56,"timestamp":"2026-08-04T12:29:44.359Z"}
4/8/2026, 5:59:44 pm | {"api":"/api/cash-closing-dashboard","event":"CASH_CLOSING_CLUSTER_FETCHED","totalClusters":5,"timestamp":"2026-08-04T12:29:44.362Z"}
4/8/2026, 5:59:44 pm | {"api":"/api/cash-closing-dashboard","event":"CASH_CLOSING_BRANCH_FETCHED","totalBranches":62,"timestamp":"2026-08-04T12:29:44.367Z"}
4/8/2026, 5:59:44 pm | {"api":"/api/cash-closing-dashboard","event":"CASH_CLOSING_DASHBOARD_SUCCESS","totalRecords":56,"filters":{"cluster":"","branch":"","fromDate":"","toDate":"","status":""},"timestamp":"2026-08-04T12:29:44.367Z"}
4/8/2026, 5:59:57 pm | {"api":"/api/cash-closing-dashboard","event":"CASH_CLOSING_DASHBOARD_API_STARTED","filters":{"cluster":"","branch":"","fromDate":"","toDate":"","status":""},"timestamp":"2026-08-04T12:29:57.075Z"}
4/8/2026, 5:59:57 pm | {"api":"/api/cash-closing-dashboard","event":"CASH_CLOSING_DASHBOARD_DB_CONNECTED","timestamp":"2026-08-04T12:29:57.076Z"}
4/8/2026, 5:59:57 pm | {"api":"/api/cash-closing-dashboard","event":"CASH_CLOSING_DASHBOARD_QUERY_STARTED","filters":{"cluster":"","branch":"","fromDate":"","toDate":"","status":""},"timestamp":"2026-08-04T12:29:57.076Z"}
4/8/2026, 5:59:57 pm | {"api":"/api/cash-closing-dashboard","event":"CASH_CLOSING_DASHBOARD_DATA_FETCHED","totalRecords":56,"timestamp":"2026-08-04T12:29:57.082Z"}
4/8/2026, 5:59:57 pm | {"api":"/api/cash-closing-dashboard","event":"CASH_CLOSING_CLUSTER_FETCHED","totalClusters":5,"timestamp":"2026-08-04T12:29:57.085Z"}
4/8/2026, 5:59:57 pm | {"api":"/api/cash-closing-dashboard","event":"CASH_CLOSING_BRANCH_FETCHED","totalBranches":62,"timestamp":"2026-08-04T12:29:57.089Z"}
4/8/2026, 5:59:57 pm | {"api":"/api/cash-closing-dashboard","event":"CASH_CLOSING_DASHBOARD_SUCCESS","totalRecords":56,"filters":{"cluster":"","branch":"","fromDate":"","toDate":"","status":""},"timestamp":"2026-08-04T12:29:57.089Z"}
4/8/2026, 5:59:57 pm | {"api":"/api/cash-closing-dashboard","event":"CASH_CLOSING_DASHBOARD_API_STARTED","filters":{"cluster":"","branch":"","fromDate":"","toDate":"","status":""},"timestamp":"2026-08-04T12:29:57.151Z"}
4/8/2026, 5:59:57 pm | {"api":"/api/cash-closing-dashboard","event":"CASH_CLOSING_DASHBOARD_DB_CONNECTED","timestamp":"2026-08-04T12:29:57.152Z"}
4/8/2026, 5:59:57 pm | {"api":"/api/cash-closing-dashboard","event":"CASH_CLOSING_DASHBOARD_QUERY_STARTED","filters":{"cluster":"","branch":"","fromDate":"","toDate":"","status":""},"timestamp":"2026-08-04T12:29:57.152Z"}
4/8/2026, 5:59:57 pm | {"api":"/api/cash-closing-dashboard","event":"CASH_CLOSING_DASHBOARD_DATA_FETCHED","totalRecords":56,"timestamp":"2026-08-04T12:29:57.158Z"}
4/8/2026, 5:59:57 pm | {"api":"/api/cash-closing-dashboard","event":"CASH_CLOSING_CLUSTER_FETCHED","totalClusters":5,"timestamp":"2026-08-04T12:29:57.162Z"}
4/8/2026, 5:59:57 pm | {"api":"/api/cash-closing-dashboard","event":"CASH_CLOSING_BRANCH_FETCHED","totalBranches":62,"timestamp":"2026-08-04T12:29:57.165Z"}
4/8/2026, 5:59:57 pm | {"api":"/api/cash-closing-dashboard","event":"CASH_CLOSING_DASHBOARD_SUCCESS","totalRecords":56,"filters":{"cluster":"","branch":"","fromDate":"","toDate":"","status":""},"timestamp":"2026-08-04T12:29:57.166Z"}
4/8/2026, 5:59:57 pm | {"api":"/api/cash-closing-dashboard","event":"CASH_CLOSING_DASHBOARD_API_STARTED","filters":{"cluster":"","branch":"","fromDate":"","toDate":"","status":""},"timestamp":"2026-08-04T12:29:57.343Z"}
4/8/2026, 5:59:57 pm | {"api":"/api/cash-closing-dashboard","event":"CASH_CLOSING_DASHBOARD_DB_CONNECTED","timestamp":"2026-08-04T12:29:57.344Z"}
4/8/2026, 5:59:57 pm | {"api":"/api/cash-closing-dashboard","event":"CASH_CLOSING_DASHBOARD_QUERY_STARTED","filters":{"cluster":"","branch":"","fromDate":"","toDate":"","status":""},"timestamp":"2026-08-04T12:29:57.344Z"}
4/8/2026, 5:59:57 pm | {"api":"/api/cash-closing-dashboard","event":"CASH_CLOSING_DASHBOARD_DATA_FETCHED","totalRecords":56,"timestamp":"2026-08-04T12:29:57.352Z"}
4/8/2026, 5:59:57 pm | {"api":"/api/cash-closing-dashboard","event":"CASH_CLOSING_CLUSTER_FETCHED","totalClusters":5,"timestamp":"2026-08-04T12:29:57.355Z"}
4/8/2026, 5:59:57 pm | {"api":"/api/cash-closing-dashboard","event":"CASH_CLOSING_BRANCH_FETCHED","totalBranches":62,"timestamp":"2026-08-04T12:29:57.359Z"}
4/8/2026, 5:59:57 pm | {"api":"/api/cash-closing-dashboard","event":"CASH_CLOSING_DASHBOARD_SUCCESS","totalRecords":56,"filters":{"cluster":"","branch":"","fromDate":"","toDate":"","status":""},"timestamp":"2026-08-04T12:29:57.359Z"}
4/8/2026, 6:00:07 pm | {"api":"/api/cash-closing-dashboard","event":"CASH_CLOSING_DASHBOARD_API_STARTED","filters":{"cluster":"","branch":"","fromDate":"","toDate":"","status":""},"timestamp":"2026-08-04T12:30:07.086Z"}
4/8/2026, 6:00:07 pm | {"api":"/api/cash-closing-dashboard","event":"CASH_CLOSING_DASHBOARD_DB_CONNECTED","timestamp":"2026-08-04T12:30:07.087Z"}
4/8/2026, 6:00:07 pm | {"api":"/api/cash-closing-dashboard","event":"CASH_CLOSING_DASHBOARD_QUERY_STARTED","filters":{"cluster":"","branch":"","fromDate":"","toDate":"","status":""},"timestamp":"2026-08-04T12:30:07.088Z"}
4/8/2026, 6:00:07 pm | {"api":"/api/cash-closing-dashboard","event":"CASH_CLOSING_DASHBOARD_DATA_FETCHED","totalRecords":56,"timestamp":"2026-08-04T12:30:07.095Z"}
4/8/2026, 6:00:07 pm | {"api":"/api/cash-closing-dashboard","event":"CASH_CLOSING_CLUSTER_FETCHED","totalClusters":5,"timestamp":"2026-08-04T12:30:07.098Z"}
4/8/2026, 6:00:07 pm | {"api":"/api/cash-closing-dashboard","event":"CASH_CLOSING_BRANCH_FETCHED","totalBranches":62,"timestamp":"2026-08-04T12:30:07.101Z"}
4/8/2026, 6:00:07 pm | {"api":"/api/cash-closing-dashboard","event":"CASH_CLOSING_DASHBOARD_SUCCESS","totalRecords":56,"filters":{"cluster":"","branch":"","fromDate":"","toDate":"","status":""},"timestamp":"2026-08-04T12:30:07.101Z"}
4/8/2026, 6:00:07 pm | {"api":"/api/cash-closing-dashboard","event":"CASH_CLOSING_DASHBOARD_API_STARTED","filters":{"cluster":"","branch":"","fromDate":"","toDate":"","status":""},"timestamp":"2026-08-04T12:30:07.200Z"}
4/8/2026, 6:00:07 pm | {"api":"/api/cash-closing-dashboard","event":"CASH_CLOSING_DASHBOARD_DB_CONNECTED","timestamp":"2026-08-04T12:30:07.200Z"}
4/8/2026, 6:00:07 pm | {"api":"/api/cash-closing-dashboard","event":"CASH_CLOSING_DASHBOARD_QUERY_STARTED","filters":{"cluster":"","branch":"","fromDate":"","toDate":"","status":""},"timestamp":"2026-08-04T12:30:07.201Z"}
4/8/2026, 6:00:07 pm | {"api":"/api/cash-closing-dashboard","event":"CASH_CLOSING_DASHBOARD_DATA_FETCHED","totalRecords":56,"timestamp":"2026-08-04T12:30:07.208Z"}
4/8/2026, 6:00:07 pm | {"api":"/api/cash-closing-dashboard","event":"CASH_CLOSING_CLUSTER_FETCHED","totalClusters":5,"timestamp":"2026-08-04T12:30:07.211Z"}
4/8/2026, 6:00:07 pm | {"api":"/api/cash-closing-dashboard","event":"CASH_CLOSING_BRANCH_FETCHED","totalBranches":62,"timestamp":"2026-08-04T12:30:07.217Z"}
4/8/2026, 6:00:07 pm | {"api":"/api/cash-closing-dashboard","event":"CASH_CLOSING_DASHBOARD_SUCCESS","totalRecords":56,"filters":{"cluster":"","branch":"","fromDate":"","toDate":"","status":""},"timestamp":"2026-08-04T12:30:07.217Z"}
4/8/2026, 6:00:07 pm | {"api":"/api/cash-closing-dashboard","event":"CASH_CLOSING_DASHBOARD_API_STARTED","filters":{"cluster":"","branch":"","fromDate":"","toDate":"","status":""},"timestamp":"2026-08-04T12:30:07.387Z"}
4/8/2026, 6:00:07 pm | {"api":"/api/cash-closing-dashboard","event":"CASH_CLOSING_DASHBOARD_DB_CONNECTED","timestamp":"2026-08-04T12:30:07.388Z"}
4/8/2026, 6:00:07 pm | {"api":"/api/cash-closing-dashboard","event":"CASH_CLOSING_DASHBOARD_QUERY_STARTED","filters":{"cluster":"","branch":"","fromDate":"","toDate":"","status":""},"timestamp":"2026-08-04T12:30:07.389Z"}
4/8/2026, 6:00:07 pm | {"api":"/api/cash-closing-dashboard","event":"CASH_CLOSING_DASHBOARD_DATA_FETCHED","totalRecords":56,"timestamp":"2026-08-04T12:30:07.396Z"}
4/8/2026, 6:00:07 pm | {"api":"/api/cash-closing-dashboard","event":"CASH_CLOSING_CLUSTER_FETCHED","totalClusters":5,"timestamp":"2026-08-04T12:30:07.399Z"}
4/8/2026, 6:00:07 pm | {"api":"/api/cash-closing-dashboard","event":"CASH_CLOSING_BRANCH_FETCHED","totalBranches":62,"timestamp":"2026-08-04T12:30:07.402Z"}
4/8/2026, 6:00:07 pm | {"api":"/api/cash-closing-dashboard","event":"CASH_CLOSING_DASHBOARD_SUCCESS","totalRecords":56,"filters":{"cluster":"","branch":"","fromDate":"","toDate":"","status":""},"timestamp":"2026-08-04T12:30:07.403Z"}
4/8/2026, 6:00:11 pm | {"api":"/login","event":"LOGIN_API_STARTED","mpin":"2026","deviceId":"4405d0fdd72975ca","timestamp":"2026-08-04T12:30:11.918Z"}
4/8/2026, 6:00:11 pm | {"event":"LOGIN_REQUEST","mpin":"2026","deviceId":"4405d0fdd72975ca","timestamp":"2026-08-04T12:30:11.919Z"}
4/8/2026, 6:00:11 pm | {"api":"/login","event":"LOGIN_DB_QUERY_STARTED","mpin":"2026","timestamp":"2026-08-04T12:30:11.920Z"}
4/8/2026, 6:00:11 pm | {"api":"/login","event":"LOGIN_USER_FOUND","empNo":"282","branch":"Jangareddygudem","designation":"Branch Manager","timestamp":"2026-08-04T12:30:11.925Z"}
4/8/2026, 6:00:11 pm | {"api":"/login","event":"LOGIN_DEVICE_CHECK","empNo":"282","savedDevice":"4405d0fdd72975ca","currentDevice":"4405d0fdd72975ca","timestamp":"2026-08-04T12:30:11.925Z"}
4/8/2026, 6:00:11 pm | {"api":"/login","event":"LOGIN_SUCCESS","empNo":"282","branch":"Jangareddygudem","designation":"Branch Manager","loginTime":"2026-08-04T12:30:11.931Z"}
4/8/2026, 6:00:12 pm | {"api":"/employee/:empNo","event":"EMPLOYEE_API_STARTED","empNo":"282","timestamp":"2026-08-04T12:30:12.092Z"}
4/8/2026, 6:00:12 pm | {"api":"/employee/:empNo","event":"EMPLOYEE_DB_QUERY_STARTED","empNo":"282","timestamp":"2026-08-04T12:30:12.092Z"}
4/8/2026, 6:00:12 pm | {"api":"/employee/:empNo","event":"EMPLOYEE_FETCH_SUCCESS","empNo":"282","employeeName":"S. Yesu Babu","branch":"Jangareddygudem","designation":"Branch Manager","timestamp":"2026-08-04T12:30:12.097Z"}
4/8/2026, 6:00:12 pm | {"api":"/last-submission/:empNo","event":"LAST_SUBMISSION_API_STARTED","empNo":"282","timestamp":"2026-08-04T12:30:12.211Z"}
4/8/2026, 6:00:12 pm | {"api":"/last-submission/:empNo","event":"LAST_SUBMISSION_DB_QUERY_STARTED","empNo":"282","timestamp":"2026-08-04T12:30:12.212Z"}
4/8/2026, 6:00:12 pm | {"api":"/last-submission/:empNo","event":"LAST_SUBMISSION_FETCH_SUCCESS","empNo":"282","amount":5200000,"actionAt":"2026-08-03 18:08:55","timestamp":"2026-08-04T12:30:12.217Z"}
4/8/2026, 6:00:12 pm | {"api":"/today-cash/:empNo","event":"TODAY_CASH_API_STARTED","empNo":"282","timestamp":"2026-08-04T12:30:12.334Z"}
4/8/2026, 6:00:12 pm | {"api":"/today-cash/:empNo","event":"TODAY_CASH_DB_QUERY_STARTED","empNo":"282","timestamp":"2026-08-04T12:30:12.335Z"}
4/8/2026, 6:00:12 pm | {"api":"/today-cash/:empNo","event":"TODAY_CASH_NOT_FOUND","empNo":"282","timestamp":"2026-08-04T12:30:12.340Z"}
4/8/2026, 6:00:17 pm | {"api":"/login","event":"LOGIN_API_STARTED","mpin":"4104","deviceId":"e4d11680cf9c8959","timestamp":"2026-08-04T12:30:17.120Z"}
4/8/2026, 6:00:17 pm | {"event":"LOGIN_REQUEST","mpin":"4104","deviceId":"e4d11680cf9c8959","timestamp":"2026-08-04T12:30:17.121Z"}
4/8/2026, 6:00:17 pm | {"api":"/login","event":"LOGIN_DB_QUERY_STARTED","mpin":"4104","timestamp":"2026-08-04T12:30:17.122Z"}
4/8/2026, 6:00:17 pm | {"api":"/login","event":"LOGIN_USER_FOUND","empNo":"410","branch":"Takkellapadu","designation":"Branch Manager","timestamp":"2026-08-04T12:30:17.128Z"}
4/8/2026, 6:00:17 pm | {"api":"/login","event":"LOGIN_DEVICE_CHECK","empNo":"410","savedDevice":"e4d11680cf9c8959","currentDevice":"e4d11680cf9c8959","timestamp":"2026-08-04T12:30:17.129Z"}
4/8/2026, 6:00:17 pm | {"api":"/login","event":"LOGIN_SUCCESS","empNo":"410","branch":"Takkellapadu","designation":"Branch Manager","loginTime":"2026-08-04T12:30:17.135Z"}
4/8/2026, 6:00:17 pm | {"api":"/employee/:empNo","event":"EMPLOYEE_API_STARTED","empNo":"410","timestamp":"2026-08-04T12:30:17.578Z"}
4/8/2026, 6:00:17 pm | {"api":"/employee/:empNo","event":"EMPLOYEE_DB_QUERY_STARTED","empNo":"410","timestamp":"2026-08-04T12:30:17.579Z"}
4/8/2026, 6:00:17 pm | {"api":"/employee/:empNo","event":"EMPLOYEE_FETCH_SUCCESS","empNo":"410","employeeName":"J N V Veera Babu","branch":"Takkellapadu","designation":"Branch Manager","timestamp":"2026-08-04T12:30:17.582Z"}
4/8/2026, 6:00:17 pm | {"api":"/last-submission/:empNo","event":"LAST_SUBMISSION_API_STARTED","empNo":"410","timestamp":"2026-08-04T12:30:17.683Z"}
4/8/2026, 6:00:17 pm | {"api":"/last-submission/:empNo","event":"LAST_SUBMISSION_DB_QUERY_STARTED","empNo":"410","timestamp":"2026-08-04T12:30:17.684Z"}
4/8/2026, 6:00:17 pm | {"api":"/last-submission/:empNo","event":"LAST_SUBMISSION_FETCH_SUCCESS","empNo":"410","amount":1200000,"actionAt":"2026-08-03 18:08:41","timestamp":"2026-08-04T12:30:17.690Z"}
4/8/2026, 6:00:17 pm | {"api":"/today-cash/:empNo","event":"TODAY_CASH_API_STARTED","empNo":"410","timestamp":"2026-08-04T12:30:17.900Z"}
4/8/2026, 6:00:17 pm | {"api":"/today-cash/:empNo","event":"TODAY_CASH_DB_QUERY_STARTED","empNo":"410","timestamp":"2026-08-04T12:30:17.901Z"}
4/8/2026, 6:00:17 pm | {"api":"/today-cash/:empNo","event":"TODAY_CASH_NOT_FOUND","empNo":"410","timestamp":"2026-08-04T12:30:17.906Z"}
4/8/2026, 6:00:19 pm | {"api":"/save-cash-closing","event":"SAVE_CASH_API_STARTED","empNo":"282","amount":"3200000","timestamp":"2026-08-04T12:30:19.076Z"}
4/8/2026, 6:00:19 pm | {"api":"/save-cash-closing","event":"PREVIOUS_DAY_RECORD_FOUND","empNo":"282","oldDate":"2026-08-03T00:00:00.000Z","amount":5200000,"timestamp":"2026-08-04T12:30:19.082Z"}
4/8/2026, 6:00:19 pm | {"api":"/save-cash-closing","event":"PREVIOUS_DAY_MOVED_TO_HISTORY","empNo":"282","timestamp":"2026-08-04T12:30:19.088Z"}
4/8/2026, 6:00:19 pm | {"api":"/save-cash-closing","event":"PREVIOUS_DAY_DELETED","empNo":"282","timestamp":"2026-08-04T12:30:19.094Z"}
4/8/2026, 6:00:19 pm | {"api":"/save-cash-closing","event":"SAVE_CASH_NEW_ENTRY","empNo":"282","amount":"3200000","branch":"Jangareddygudem","timestamp":"2026-08-04T12:30:19.096Z"}
4/8/2026, 6:00:19 pm | {"api":"/save-cash-closing","event":"SAVE_CASH_HISTORY_INSERTED","empNo":"282","actionType":"ADDED","version":1,"timestamp":"2026-08-04T12:30:19.107Z"}
4/8/2026, 6:00:19 pm | {"api":"/save-cash-closing","event":"SAVE_CASH_SUCCESS","type":"INSERT","empNo":"282","amount":"3200000","timestamp":"2026-08-04T12:30:19.107Z"}
4/8/2026, 6:00:23 pm | {"api":"/save-cash-closing","event":"SAVE_CASH_API_STARTED","empNo":"282","amount":"3200000","timestamp":"2026-08-04T12:30:23.360Z"}
4/8/2026, 6:00:23 pm | {"api":"/save-cash-closing","event":"SAVE_CASH_UPDATE_STARTED","empNo":"282","oldAmount":3200000,"newAmount":"3200000","currentVersion":1,"nextVersion":2,"timestamp":"2026-08-04T12:30:23.369Z"}
4/8/2026, 6:00:23 pm | {"api":"/save-cash-closing","event":"SAVE_CASH_HISTORY_UPDATED","empNo":"282","version":2,"timestamp":"2026-08-04T12:30:23.379Z"}
4/8/2026, 6:00:23 pm | {"api":"/save-cash-closing","event":"SAVE_CASH_SUCCESS","type":"UPDATE","empNo":"282","amount":"3200000","version":2,"timestamp":"2026-08-04T12:30:23.380Z"}
4/8/2026, 6:00:25 pm | {"api":"/save-cash-closing","event":"SAVE_CASH_API_STARTED","empNo":"410","amount":"800000","timestamp":"2026-08-04T12:30:25.100Z"}
4/8/2026, 6:00:25 pm | {"api":"/save-cash-closing","event":"PREVIOUS_DAY_RECORD_FOUND","empNo":"410","oldDate":"2026-08-03T00:00:00.000Z","amount":1200000,"timestamp":"2026-08-04T12:30:25.106Z"}
4/8/2026, 6:00:25 pm | {"api":"/save-cash-closing","event":"PREVIOUS_DAY_MOVED_TO_HISTORY","empNo":"410","timestamp":"2026-08-04T12:30:25.111Z"}
4/8/2026, 6:00:25 pm | {"api":"/save-cash-closing","event":"PREVIOUS_DAY_DELETED","empNo":"410","timestamp":"2026-08-04T12:30:25.116Z"}
4/8/2026, 6:00:25 pm | {"api":"/save-cash-closing","event":"SAVE_CASH_NEW_ENTRY","empNo":"410","amount":"800000","branch":"Takkellapadu","timestamp":"2026-08-04T12:30:25.119Z"}
4/8/2026, 6:00:25 pm | {"api":"/save-cash-closing","event":"SAVE_CASH_HISTORY_INSERTED","empNo":"410","actionType":"ADDED","version":1,"timestamp":"2026-08-04T12:30:25.129Z"}
4/8/2026, 6:00:25 pm | {"api":"/save-cash-closing","event":"SAVE_CASH_SUCCESS","type":"INSERT","empNo":"410","amount":"800000","timestamp":"2026-08-04T12:30:25.130Z"}
4/8/2026, 6:00:31 pm | {"api":"/login","event":"LOGIN_API_STARTED","mpin":"2026","deviceId":"4405d0fdd72975ca","timestamp":"2026-08-04T12:30:31.810Z"}
4/8/2026, 6:00:31 pm | {"event":"LOGIN_REQUEST","mpin":"2026","deviceId":"4405d0fdd72975ca","timestamp":"2026-08-04T12:30:31.811Z"}
4/8/2026, 6:00:31 pm | {"api":"/login","event":"LOGIN_DB_QUERY_STARTED","mpin":"2026","timestamp":"2026-08-04T12:30:31.812Z"}
4/8/2026, 6:00:31 pm | {"api":"/login","event":"LOGIN_USER_FOUND","empNo":"282","branch":"Jangareddygudem","designation":"Branch Manager","timestamp":"2026-08-04T12:30:31.819Z"}
4/8/2026, 6:00:31 pm | {"api":"/login","event":"LOGIN_DEVICE_CHECK","empNo":"282","savedDevice":"4405d0fdd72975ca","currentDevice":"4405d0fdd72975ca","timestamp":"2026-08-04T12:30:31.820Z"}
4/8/2026, 6:00:31 pm | {"api":"/login","event":"LOGIN_SUCCESS","empNo":"282","branch":"Jangareddygudem","designation":"Branch Manager","loginTime":"2026-08-04T12:30:31.825Z"}
4/8/2026, 6:00:32 pm | {"api":"/employee/:empNo","event":"EMPLOYEE_API_STARTED","empNo":"282","timestamp":"2026-08-04T12:30:32.063Z"}
4/8/2026, 6:00:32 pm | {"api":"/employee/:empNo","event":"EMPLOYEE_DB_QUERY_STARTED","empNo":"282","timestamp":"2026-08-04T12:30:32.064Z"}
4/8/2026, 6:00:32 pm | {"api":"/employee/:empNo","event":"EMPLOYEE_FETCH_SUCCESS","empNo":"282","employeeName":"S. Yesu Babu","branch":"Jangareddygudem","designation":"Branch Manager","timestamp":"2026-08-04T12:30:32.068Z"}
4/8/2026, 6:00:32 pm | {"api":"/last-submission/:empNo","event":"LAST_SUBMISSION_API_STARTED","empNo":"282","timestamp":"2026-08-04T12:30:32.129Z"}
4/8/2026, 6:00:32 pm | {"api":"/last-submission/:empNo","event":"LAST_SUBMISSION_DB_QUERY_STARTED","empNo":"282","timestamp":"2026-08-04T12:30:32.130Z"}
4/8/2026, 6:00:32 pm | {"api":"/last-submission/:empNo","event":"LAST_SUBMISSION_FETCH_SUCCESS","empNo":"282","amount":5200000,"actionAt":"2026-08-03 18:08:55","timestamp":"2026-08-04T12:30:32.136Z"}
4/8/2026, 6:00:32 pm | {"api":"/today-cash/:empNo","event":"TODAY_CASH_API_STARTED","empNo":"282","timestamp":"2026-08-04T12:30:32.230Z"}
4/8/2026, 6:00:32 pm | {"api":"/today-cash/:empNo","event":"TODAY_CASH_DB_QUERY_STARTED","empNo":"282","timestamp":"2026-08-04T12:30:32.231Z"}
4/8/2026, 6:00:32 pm | {"api":"/today-cash/:empNo","event":"TODAY_CASH_FETCH_SUCCESS","empNo":"282","amount":3200000,"actionAt":"2026-08-04 18:00:24","timestamp":"2026-08-04T12:30:32.238Z"}
4/8/2026, 6:00:35 pm | {"api":"/api/cash-closing-dashboard","event":"CASH_CLOSING_DASHBOARD_API_STARTED","filters":{"cluster":"","branch":"","fromDate":"","toDate":"","status":""},"timestamp":"2026-08-04T12:30:35.520Z"}
4/8/2026, 6:00:35 pm | {"api":"/api/cash-closing-dashboard","event":"CASH_CLOSING_DASHBOARD_DB_CONNECTED","timestamp":"2026-08-04T12:30:35.521Z"}
4/8/2026, 6:00:35 pm | {"api":"/api/cash-closing-dashboard","event":"CASH_CLOSING_DASHBOARD_QUERY_STARTED","filters":{"cluster":"","branch":"","fromDate":"","toDate":"","status":""},"timestamp":"2026-08-04T12:30:35.522Z"}
4/8/2026, 6:00:35 pm | {"api":"/api/cash-closing-dashboard","event":"CASH_CLOSING_DASHBOARD_DATA_FETCHED","totalRecords":56,"timestamp":"2026-08-04T12:30:35.528Z"}
4/8/2026, 6:00:35 pm | {"api":"/api/cash-closing-dashboard","event":"CASH_CLOSING_CLUSTER_FETCHED","totalClusters":5,"timestamp":"2026-08-04T12:30:35.532Z"}
4/8/2026, 6:00:35 pm | {"api":"/api/cash-closing-dashboard","event":"CASH_CLOSING_BRANCH_FETCHED","totalBranches":62,"timestamp":"2026-08-04T12:30:35.535Z"}
4/8/2026, 6:00:35 pm | {"api":"/api/cash-closing-dashboard","event":"CASH_CLOSING_DASHBOARD_SUCCESS","totalRecords":56,"filters":{"cluster":"","branch":"","fromDate":"","toDate":"","status":""},"timestamp":"2026-08-04T12:30:35.536Z"}
4/8/2026, 6:00:35 pm | {"api":"/api/cash-closing-dashboard","event":"CASH_CLOSING_DASHBOARD_API_STARTED","filters":{"cluster":"","branch":"","fromDate":"","toDate":"","status":""},"timestamp":"2026-08-04T12:30:35.603Z"}
4/8/2026, 6:00:35 pm | {"api":"/api/cash-closing-dashboard","event":"CASH_CLOSING_DASHBOARD_DB_CONNECTED","timestamp":"2026-08-04T12:30:35.604Z"}
4/8/2026, 6:00:35 pm | {"api":"/api/cash-closing-dashboard","event":"CASH_CLOSING_DASHBOARD_QUERY_STARTED","filters":{"cluster":"","branch":"","fromDate":"","toDate":"","status":""},"timestamp":"2026-08-04T12:30:35.604Z"}
4/8/2026, 6:00:35 pm | {"api":"/api/cash-closing-dashboard","event":"CASH_CLOSING_DASHBOARD_DATA_FETCHED","totalRecords":56,"timestamp":"2026-08-04T12:30:35.611Z"}
4/8/2026, 6:00:35 pm | {"api":"/api/cash-closing-dashboard","event":"CASH_CLOSING_CLUSTER_FETCHED","totalClusters":5,"timestamp":"2026-08-04T12:30:35.615Z"}
4/8/2026, 6:00:35 pm | {"api":"/api/cash-closing-dashboard","event":"CASH_CLOSING_BRANCH_FETCHED","totalBranches":62,"timestamp":"2026-08-04T12:30:35.618Z"}
4/8/2026, 6:00:35 pm | {"api":"/api/cash-closing-dashboard","event":"CASH_CLOSING_DASHBOARD_SUCCESS","totalRecords":56,"filters":{"cluster":"","branch":"","fromDate":"","toDate":"","status":""},"timestamp":"2026-08-04T12:30:35.619Z"}
4/8/2026, 6:00:35 pm | {"api":"/api/cash-closing-dashboard","event":"CASH_CLOSING_DASHBOARD_API_STARTED","filters":{"cluster":"","branch":"","fromDate":"","toDate":"","status":""},"timestamp":"2026-08-04T12:30:35.804Z"}
4/8/2026, 6:00:35 pm | {"api":"/api/cash-closing-dashboard","event":"CASH_CLOSING_DASHBOARD_DB_CONNECTED","timestamp":"2026-08-04T12:30:35.805Z"}
4/8/2026, 6:00:35 pm | {"api":"/api/cash-closing-dashboard","event":"CASH_CLOSING_DASHBOARD_QUERY_STARTED","filters":{"cluster":"","branch":"","fromDate":"","toDate":"","status":""},"timestamp":"2026-08-04T12:30:35.806Z"}
4/8/2026, 6:00:35 pm | {"api":"/api/cash-closing-dashboard","event":"CASH_CLOSING_DASHBOARD_DATA_FETCHED","totalRecords":56,"timestamp":"2026-08-04T12:30:35.813Z"}
4/8/2026, 6:00:35 pm | {"api":"/api/cash-closing-dashboard","event":"CASH_CLOSING_CLUSTER_FETCHED","totalClusters":5,"timestamp":"2026-08-04T12:30:35.817Z"}
4/8/2026, 6:00:35 pm | {"api":"/api/cash-closing-dashboard","event":"CASH_CLOSING_BRANCH_FETCHED","totalBranches":62,"timestamp":"2026-08-04T12:30:35.821Z"}
4/8/2026, 6:00:35 pm | {"api":"/api/cash-closing-dashboard","event":"CASH_CLOSING_DASHBOARD_SUCCESS","totalRecords":56,"filters":{"cluster":"","branch":"","fromDate":"","toDate":"","status":""},"timestamp":"2026-08-04T12:30:35.822Z"}
4/8/2026, 6:00:39 pm | {"api":"/api/cash-closing-dashboard","event":"CASH_CLOSING_DASHBOARD_API_STARTED","filters":{"cluster":"","branch":"","fromDate":"","toDate":"","status":""},"timestamp":"2026-08-04T12:30:39.916Z"}
4/8/2026, 6:00:39 pm | {"api":"/api/cash-closing-dashboard","event":"CASH_CLOSING_DASHBOARD_DB_CONNECTED","timestamp":"2026-08-04T12:30:39.917Z"}
4/8/2026, 6:00:39 pm | {"api":"/api/cash-closing-dashboard","event":"CASH_CLOSING_DASHBOARD_QUERY_STARTED","filters":{"cluster":"","branch":"","fromDate":"","toDate":"","status":""},"timestamp":"2026-08-04T12:30:39.918Z"}
4/8/2026, 6:00:39 pm | {"api":"/api/cash-closing-dashboard","event":"CASH_CLOSING_DASHBOARD_DATA_FETCHED","totalRecords":56,"timestamp":"2026-08-04T12:30:39.926Z"}
4/8/2026, 6:00:39 pm | {"api":"/api/cash-closing-dashboard","event":"CASH_CLOSING_CLUSTER_FETCHED","totalClusters":5,"timestamp":"2026-08-04T12:30:39.929Z"}
4/8/2026, 6:00:39 pm | {"api":"/api/cash-closing-dashboard","event":"CASH_CLOSING_BRANCH_FETCHED","totalBranches":62,"timestamp":"2026-08-04T12:30:39.932Z"}
4/8/2026, 6:00:39 pm | {"api":"/api/cash-closing-dashboard","event":"CASH_CLOSING_DASHBOARD_SUCCESS","totalRecords":56,"filters":{"cluster":"","branch":"","fromDate":"","toDate":"","status":""},"timestamp":"2026-08-04T12:30:39.933Z"}
4/8/2026, 6:00:40 pm | {"api":"/api/cash-closing-dashboard","event":"CASH_CLOSING_DASHBOARD_API_STARTED","filters":{"cluster":"","branch":"","fromDate":"","toDate":"","status":""},"timestamp":"2026-08-04T12:30:40.107Z"}
4/8/2026, 6:00:40 pm | {"api":"/api/cash-closing-dashboard","event":"CASH_CLOSING_DASHBOARD_DB_CONNECTED","timestamp":"2026-08-04T12:30:40.109Z"}
4/8/2026, 6:00:40 pm | {"api":"/api/cash-closing-dashboard","event":"CASH_CLOSING_DASHBOARD_QUERY_STARTED","filters":{"cluster":"","branch":"","fromDate":"","toDate":"","status":""},"timestamp":"2026-08-04T12:30:40.110Z"}
4/8/2026, 6:00:40 pm | {"api":"/api/cash-closing-dashboard","event":"CASH_CLOSING_DASHBOARD_DATA_FETCHED","totalRecords":56,"timestamp":"2026-08-04T12:30:40.117Z"}
4/8/2026, 6:00:40 pm | {"api":"/api/cash-closing-dashboard","event":"CASH_CLOSING_CLUSTER_FETCHED","totalClusters":5,"timestamp":"2026-08-04T12:30:40.121Z"}
4/8/2026, 6:00:40 pm | {"api":"/api/cash-closing-dashboard","event":"CASH_CLOSING_BRANCH_FETCHED","totalBranches":62,"timestamp":"2026-08-04T12:30:40.123Z"}
4/8/2026, 6:00:40 pm | {"api":"/api/cash-closing-dashboard","event":"CASH_CLOSING_DASHBOARD_SUCCESS","totalRecords":56,"filters":{"cluster":"","branch":"","fromDate":"","toDate":"","status":""},"timestamp":"2026-08-04T12:30:40.124Z"}
4/8/2026, 6:00:40 pm | {"api":"/api/cash-closing-dashboard","event":"CASH_CLOSING_DASHBOARD_API_STARTED","filters":{"cluster":"","branch":"","fromDate":"","toDate":"","status":""},"timestamp":"2026-08-04T12:30:40.332Z"}
4/8/2026, 6:00:40 pm | {"api":"/api/cash-closing-dashboard","event":"CASH_CLOSING_DASHBOARD_DB_CONNECTED","timestamp":"2026-08-04T12:30:40.333Z"}
4/8/2026, 6:00:40 pm | {"api":"/api/cash-closing-dashboard","event":"CASH_CLOSING_DASHBOARD_QUERY_STARTED","filters":{"cluster":"","branch":"","fromDate":"","toDate":"","status":""},"timestamp":"2026-08-04T12:30:40.334Z"}
4/8/2026, 6:00:40 pm | {"api":"/api/cash-closing-dashboard","event":"CASH_CLOSING_DASHBOARD_DATA_FETCHED","totalRecords":56,"timestamp":"2026-08-04T12:30:40.342Z"}
4/8/2026, 6:00:40 pm | {"api":"/api/cash-closing-dashboard","event":"CASH_CLOSING_CLUSTER_FETCHED","totalClusters":5,"timestamp":"2026-08-04T12:30:40.344Z"}
4/8/2026, 6:00:40 pm | {"api":"/api/cash-closing-dashboard","event":"CASH_CLOSING_BRANCH_FETCHED","totalBranches":62,"timestamp":"2026-08-04T12:30:40.347Z"}
4/8/2026, 6:00:40 pm | {"api":"/api/cash-closing-dashboard","event":"CASH_CLOSING_DASHBOARD_SUCCESS","totalRecords":56,"filters":{"cluster":"","branch":"","fromDate":"","toDate":"","status":""},"timestamp":"2026-08-04T12:30:40.348Z"}
4/8/2026, 6:00:45 pm | {"api":"/api/cash-closing-dashboard","event":"CASH_CLOSING_DASHBOARD_API_STARTED","filters":{"cluster":"","branch":"","fromDate":"","toDate":"","status":""},"timestamp":"2026-08-04T12:30:45.549Z"}
4/8/2026, 6:00:45 pm | {"api":"/api/cash-closing-dashboard","event":"CASH_CLOSING_DASHBOARD_DB_CONNECTED","timestamp":"2026-08-04T12:30:45.550Z"}
4/8/2026, 6:00:45 pm | {"api":"/api/cash-closing-dashboard","event":"CASH_CLOSING_DASHBOARD_QUERY_STARTED","filters":{"cluster":"","branch":"","fromDate":"","toDate":"","status":""},"timestamp":"2026-08-04T12:30:45.551Z"}
4/8/2026, 6:00:45 pm | {"api":"/api/cash-closing-dashboard","event":"CASH_CLOSING_DASHBOARD_DATA_FETCHED","totalRecords":56,"timestamp":"2026-08-04T12:30:45.557Z"}
4/8/2026, 6:00:45 pm | {"api":"/api/cash-closing-dashboard","event":"CASH_CLOSING_CLUSTER_FETCHED","totalClusters":5,"timestamp":"2026-08-04T12:30:45.560Z"}
4/8/2026, 6:00:45 pm | {"api":"/api/cash-closing-dashboard","event":"CASH_CLOSING_BRANCH_FETCHED","totalBranches":62,"timestamp":"2026-08-04T12:30:45.563Z"}
4/8/2026, 6:00:45 pm | {"api":"/api/cash-closing-dashboard","event":"CASH_CLOSING_DASHBOARD_SUCCESS","totalRecords":56,"filters":{"cluster":"","branch":"","fromDate":"","toDate":"","status":""},"timestamp":"2026-08-04T12:30:45.564Z"}
4/8/2026, 6:00:45 pm | {"api":"/api/cash-closing-dashboard","event":"CASH_CLOSING_DASHBOARD_API_STARTED","filters":{"cluster":"","branch":"","fromDate":"","toDate":"","status":""},"timestamp":"2026-08-04T12:30:45.667Z"}
4/8/2026, 6:00:45 pm | {"api":"/api/cash-closing-dashboard","event":"CASH_CLOSING_DASHBOARD_DB_CONNECTED","timestamp":"2026-08-04T12:30:45.668Z"}
4/8/2026, 6:00:45 pm | {"api":"/api/cash-closing-dashboard","event":"CASH_CLOSING_DASHBOARD_QUERY_STARTED","filters":{"cluster":"","branch":"","fromDate":"","toDate":"","status":""},"timestamp":"2026-08-04T12:30:45.669Z"}
4/8/2026, 6:00:45 pm | {"api":"/api/cash-closing-dashboard","event":"CASH_CLOSING_DASHBOARD_DATA_FETCHED","totalRecords":56,"timestamp":"2026-08-04T12:30:45.676Z"}
4/8/2026, 6:00:45 pm | {"api":"/api/cash-closing-dashboard","event":"CASH_CLOSING_CLUSTER_FETCHED","totalClusters":5,"timestamp":"2026-08-04T12:30:45.680Z"}
4/8/2026, 6:00:45 pm | {"api":"/api/cash-closing-dashboard","event":"CASH_CLOSING_BRANCH_FETCHED","totalBranches":62,"timestamp":"2026-08-04T12:30:45.683Z"}
4/8/2026, 6:00:45 pm | {"api":"/api/cash-closing-dashboard","event":"CASH_CLOSING_DASHBOARD_SUCCESS","totalRecords":56,"filters":{"cluster":"","branch":"","fromDate":"","toDate":"","status":""},"timestamp":"2026-08-04T12:30:45.684Z"}
4/8/2026, 6:00:53 pm | {"api":"/api/cash-closing-dashboard","event":"CASH_CLOSING_DASHBOARD_API_STARTED","filters":{"cluster":"","branch":"","fromDate":"","toDate":"","status":""},"timestamp":"2026-08-04T12:30:53.806Z"}
4/8/2026, 6:00:53 pm | {"api":"/api/cash-closing-dashboard","event":"CASH_CLOSING_DASHBOARD_DB_CONNECTED","timestamp":"2026-08-04T12:30:53.807Z"}
4/8/2026, 6:00:53 pm | {"api":"/api/cash-closing-dashboard","event":"CASH_CLOSING_DASHBOARD_QUERY_STARTED","filters":{"cluster":"","branch":"","fromDate":"","toDate":"","status":""},"timestamp":"2026-08-04T12:30:53.808Z"}
4/8/2026, 6:00:53 pm | {"api":"/api/cash-closing-dashboard","event":"CASH_CLOSING_DASHBOARD_DATA_FETCHED","totalRecords":56,"timestamp":"2026-08-04T12:30:53.815Z"}
4/8/2026, 6:00:53 pm | {"api":"/api/cash-closing-dashboard","event":"CASH_CLOSING_CLUSTER_FETCHED","totalClusters":5,"timestamp":"2026-08-04T12:30:53.818Z"}
4/8/2026, 6:00:53 pm | {"api":"/api/cash-closing-dashboard","event":"CASH_CLOSING_BRANCH_FETCHED","totalBranches":62,"timestamp":"2026-08-04T12:30:53.821Z"}
4/8/2026, 6:00:53 pm | {"api":"/api/cash-closing-dashboard","event":"CASH_CLOSING_DASHBOARD_SUCCESS","totalRecords":56,"filters":{"cluster":"","branch":"","fromDate":"","toDate":"","status":""},"timestamp":"2026-08-04T12:30:53.822Z"}
4/8/2026, 6:00:53 pm | {"api":"/api/cash-closing-dashboard","event":"CASH_CLOSING_DASHBOARD_API_STARTED","filters":{"cluster":"","branch":"","fromDate":"","toDate":"","status":""},"timestamp":"2026-08-04T12:30:53.963Z"}
4/8/2026, 6:00:53 pm | {"api":"/api/cash-closing-dashboard","event":"CASH_CLOSING_DASHBOARD_DB_CONNECTED","timestamp":"2026-08-04T12:30:53.965Z"}
4/8/2026, 6:00:53 pm | {"api":"/api/cash-closing-dashboard","event":"CASH_CLOSING_DASHBOARD_QUERY_STARTED","filters":{"cluster":"","branch":"","fromDate":"","toDate":"","status":""},"timestamp":"2026-08-04T12:30:53.965Z"}
4/8/2026, 6:00:53 pm | {"api":"/api/cash-closing-dashboard","event":"CASH_CLOSING_DASHBOARD_DATA_FETCHED","totalRecords":56,"timestamp":"2026-08-04T12:30:53.973Z"}
4/8/2026, 6:00:53 pm | {"api":"/api/cash-closing-dashboard","event":"CASH_CLOSING_CLUSTER_FETCHED","totalClusters":5,"timestamp":"2026-08-04T12:30:53.976Z"}
4/8/2026, 6:00:53 pm | {"api":"/api/cash-closing-dashboard","event":"CASH_CLOSING_BRANCH_FETCHED","totalBranches":62,"timestamp":"2026-08-04T12:30:53.979Z"}
4/8/2026, 6:00:53 pm | {"api":"/api/cash-closing-dashboard","event":"CASH_CLOSING_DASHBOARD_SUCCESS","totalRecords":56,"filters":{"cluster":"","branch":"","fromDate":"","toDate":"","status":""},"timestamp":"2026-08-04T12:30:53.980Z"}
4/8/2026, 6:01:41 pm | {"api":"/api/cash-closing-dashboard","event":"CASH_CLOSING_DASHBOARD_API_STARTED","filters":{"cluster":"","branch":"","fromDate":"","toDate":"","status":""},"timestamp":"2026-08-04T12:31:41.237Z"}
4/8/2026, 6:01:41 pm | {"api":"/api/cash-closing-dashboard","event":"CASH_CLOSING_DASHBOARD_DB_CONNECTED","timestamp":"2026-08-04T12:31:41.238Z"}
4/8/2026, 6:01:41 pm | {"api":"/api/cash-closing-dashboard","event":"CASH_CLOSING_DASHBOARD_QUERY_STARTED","filters":{"cluster":"","branch":"","fromDate":"","toDate":"","status":""},"timestamp":"2026-08-04T12:31:41.239Z"}
4/8/2026, 6:01:41 pm | {"api":"/api/cash-closing-dashboard","event":"CASH_CLOSING_DASHBOARD_DATA_FETCHED","totalRecords":56,"timestamp":"2026-08-04T12:31:41.253Z"}
4/8/2026, 6:01:41 pm | {"api":"/api/cash-closing-dashboard","event":"CASH_CLOSING_CLUSTER_FETCHED","totalClusters":5,"timestamp":"2026-08-04T12:31:41.256Z"}
4/8/2026, 6:01:41 pm | {"api":"/api/cash-closing-dashboard","event":"CASH_CLOSING_BRANCH_FETCHED","totalBranches":62,"timestamp":"2026-08-04T12:31:41.260Z"}
4/8/2026, 6:01:41 pm | {"api":"/api/cash-closing-dashboard","event":"CASH_CLOSING_DASHBOARD_SUCCESS","totalRecords":56,"filters":{"cluster":"","branch":"","fromDate":"","toDate":"","status":""},"timestamp":"2026-08-04T12:31:41.260Z"}
4/8/2026, 6:01:41 pm | {"api":"/api/cash-closing-dashboard","event":"CASH_CLOSING_DASHBOARD_API_STARTED","filters":{"cluster":"","branch":"","fromDate":"","toDate":"","status":""},"timestamp":"2026-08-04T12:31:41.323Z"}
4/8/2026, 6:01:41 pm | {"api":"/api/cash-closing-dashboard","event":"CASH_CLOSING_DASHBOARD_DB_CONNECTED","timestamp":"2026-08-04T12:31:41.324Z"}
4/8/2026, 6:01:41 pm | {"api":"/api/cash-closing-dashboard","event":"CASH_CLOSING_DASHBOARD_QUERY_STARTED","filters":{"cluster":"","branch":"","fromDate":"","toDate":"","status":""},"timestamp":"2026-08-04T12:31:41.324Z"}
4/8/2026, 6:01:41 pm | {"api":"/api/cash-closing-dashboard","event":"CASH_CLOSING_DASHBOARD_DATA_FETCHED","totalRecords":56,"timestamp":"2026-08-04T12:31:41.331Z"}
4/8/2026, 6:01:41 pm | {"api":"/api/cash-closing-dashboard","event":"CASH_CLOSING_CLUSTER_FETCHED","totalClusters":5,"timestamp":"2026-08-04T12:31:41.335Z"}
4/8/2026, 6:01:41 pm | {"api":"/api/cash-closing-dashboard","event":"CASH_CLOSING_BRANCH_FETCHED","totalBranches":62,"timestamp":"2026-08-04T12:31:41.338Z"}
4/8/2026, 6:01:41 pm | {"api":"/api/cash-closing-dashboard","event":"CASH_CLOSING_DASHBOARD_SUCCESS","totalRecords":56,"filters":{"cluster":"","branch":"","fromDate":"","toDate":"","status":""},"timestamp":"2026-08-04T12:31:41.339Z"}
4/8/2026, 6:01:41 pm | {"api":"/api/cash-closing-dashboard","event":"CASH_CLOSING_DASHBOARD_API_STARTED","filters":{"cluster":"","branch":"","fromDate":"","toDate":"","status":""},"timestamp":"2026-08-04T12:31:41.467Z"}
4/8/2026, 6:01:41 pm | {"api":"/api/cash-closing-dashboard","event":"CASH_CLOSING_DASHBOARD_DB_CONNECTED","timestamp":"2026-08-04T12:31:41.468Z"}
4/8/2026, 6:01:41 pm | {"api":"/api/cash-closing-dashboard","event":"CASH_CLOSING_DASHBOARD_QUERY_STARTED","filters":{"cluster":"","branch":"","fromDate":"","toDate":"","status":""},"timestamp":"2026-08-04T12:31:41.469Z"}
4/8/2026, 6:01:41 pm | {"api":"/api/cash-closing-dashboard","event":"CASH_CLOSING_DASHBOARD_DATA_FETCHED","totalRecords":56,"timestamp":"2026-08-04T12:31:41.476Z"}
4/8/2026, 6:01:41 pm | {"api":"/api/cash-closing-dashboard","event":"CASH_CLOSING_CLUSTER_FETCHED","totalClusters":5,"timestamp":"2026-08-04T12:31:41.479Z"}
4/8/2026, 6:01:41 pm | {"api":"/api/cash-closing-dashboard","event":"CASH_CLOSING_BRANCH_FETCHED","totalBranches":62,"timestamp":"2026-08-04T12:31:41.483Z"}
4/8/2026, 6:01:41 pm | {"api":"/api/cash-closing-dashboard","event":"CASH_CLOSING_DASHBOARD_SUCCESS","totalRecords":56,"filters":{"cluster":"","branch":"","fromDate":"","toDate":"","status":""},"timestamp":"2026-08-04T12:31:41.484Z"}
4/8/2026, 6:01:41 pm | {"api":"/api/cash-closing-dashboard","event":"CASH_CLOSING_DASHBOARD_API_STARTED","filters":{"cluster":"","branch":"","fromDate":"","toDate":"","status":""},"timestamp":"2026-08-04T12:31:41.612Z"}
4/8/2026, 6:01:41 pm | {"api":"/api/cash-closing-dashboard","event":"CASH_CLOSING_DASHBOARD_DB_CONNECTED","timestamp":"2026-08-04T12:31:41.613Z"}
4/8/2026, 6:01:41 pm | {"api":"/api/cash-closing-dashboard","event":"CASH_CLOSING_DASHBOARD_QUERY_STARTED","filters":{"cluster":"","branch":"","fromDate":"","toDate":"","status":""},"timestamp":"2026-08-04T12:31:41.613Z"}
4/8/2026, 6:01:41 pm | {"api":"/api/cash-closing-dashboard","event":"CASH_CLOSING_DASHBOARD_DATA_FETCHED","totalRecords":56,"timestamp":"2026-08-04T12:31:41.619Z"}
4/8/2026, 6:01:41 pm | {"api":"/api/cash-closing-dashboard","event":"CASH_CLOSING_CLUSTER_FETCHED","totalClusters":5,"timestamp":"2026-08-04T12:31:41.624Z"}
4/8/2026, 6:01:41 pm | {"api":"/api/cash-closing-dashboard","event":"CASH_CLOSING_BRANCH_FETCHED","totalBranches":62,"timestamp":"2026-08-04T12:31:41.628Z"}
4/8/2026, 6:01:41 pm | {"api":"/api/cash-closing-dashboard","event":"CASH_CLOSING_DASHBOARD_SUCCESS","totalRecords":56,"filters":{"cluster":"","branch":"","fromDate":"","toDate":"","status":""},"timestamp":"2026-08-04T12:31:41.628Z"}
4/8/2026, 6:02:29 pm | {"api":"/login","event":"LOGIN_API_STARTED","mpin":"0051","deviceId":"59eb5065f5269964","timestamp":"2026-08-04T12:32:29.789Z"}
4/8/2026, 6:02:29 pm | {"event":"LOGIN_REQUEST","mpin":"0051","deviceId":"59eb5065f5269964","timestamp":"2026-08-04T12:32:29.790Z"}
4/8/2026, 6:02:29 pm | {"api":"/login","event":"LOGIN_DB_QUERY_STARTED","mpin":"0051","timestamp":"2026-08-04T12:32:29.791Z"}
4/8/2026, 6:02:29 pm | {"api":"/login","event":"LOGIN_USER_FOUND","empNo":"732","branch":"Machilipatnam","designation":"Branch Manager","timestamp":"2026-08-04T12:32:29.807Z"}
4/8/2026, 6:02:29 pm | {"api":"/login","event":"LOGIN_DEVICE_CHECK","empNo":"732","savedDevice":"59eb5065f5269964","currentDevice":"59eb5065f5269964","timestamp":"2026-08-04T12:32:29.808Z"}
4/8/2026, 6:02:29 pm | {"api":"/login","event":"LOGIN_SUCCESS","empNo":"732","branch":"Machilipatnam","designation":"Branch Manager","loginTime":"2026-08-04T12:32:29.814Z"}
4/8/2026, 6:02:29 pm | {"api":"/employee/:empNo","event":"EMPLOYEE_API_STARTED","empNo":"732","timestamp":"2026-08-04T12:32:29.948Z"}
4/8/2026, 6:02:29 pm | {"api":"/employee/:empNo","event":"EMPLOYEE_DB_QUERY_STARTED","empNo":"732","timestamp":"2026-08-04T12:32:29.949Z"}
4/8/2026, 6:02:29 pm | {"api":"/employee/:empNo","event":"EMPLOYEE_FETCH_SUCCESS","empNo":"732","employeeName":"T V Harihara Reddy","branch":"Machilipatnam","designation":"Branch Manager","timestamp":"2026-08-04T12:32:29.952Z"}
4/8/2026, 6:02:29 pm | {"api":"/last-submission/:empNo","event":"LAST_SUBMISSION_API_STARTED","empNo":"732","timestamp":"2026-08-04T12:32:29.996Z"}
4/8/2026, 6:02:29 pm | {"api":"/last-submission/:empNo","event":"LAST_SUBMISSION_DB_QUERY_STARTED","empNo":"732","timestamp":"2026-08-04T12:32:29.997Z"}
4/8/2026, 6:02:30 pm | {"api":"/last-submission/:empNo","event":"LAST_SUBMISSION_FETCH_SUCCESS","empNo":"732","amount":460000,"actionAt":"2026-08-03 17:51:40","timestamp":"2026-08-04T12:32:30.003Z"}
4/8/2026, 6:02:30 pm | {"api":"/today-cash/:empNo","event":"TODAY_CASH_API_STARTED","empNo":"732","timestamp":"2026-08-04T12:32:30.100Z"}
4/8/2026, 6:02:30 pm | {"api":"/today-cash/:empNo","event":"TODAY_CASH_DB_QUERY_STARTED","empNo":"732","timestamp":"2026-08-04T12:32:30.101Z"}
4/8/2026, 6:02:30 pm | {"api":"/today-cash/:empNo","event":"TODAY_CASH_NOT_FOUND","empNo":"732","timestamp":"2026-08-04T12:32:30.106Z"}
4/8/2026, 6:02:36 pm | {"api":"/save-cash-closing","event":"SAVE_CASH_API_STARTED","empNo":"732","amount":"463000","timestamp":"2026-08-04T12:32:36.787Z"}
4/8/2026, 6:02:36 pm | {"api":"/save-cash-closing","event":"PREVIOUS_DAY_RECORD_FOUND","empNo":"732","oldDate":"2026-08-03T00:00:00.000Z","amount":460000,"timestamp":"2026-08-04T12:32:36.793Z"}
4/8/2026, 6:02:36 pm | {"api":"/save-cash-closing","event":"PREVIOUS_DAY_MOVED_TO_HISTORY","empNo":"732","timestamp":"2026-08-04T12:32:36.807Z"}
4/8/2026, 6:02:36 pm | {"api":"/save-cash-closing","event":"PREVIOUS_DAY_DELETED","empNo":"732","timestamp":"2026-08-04T12:32:36.814Z"}
4/8/2026, 6:02:36 pm | {"api":"/save-cash-closing","event":"SAVE_CASH_NEW_ENTRY","empNo":"732","amount":"463000","branch":"Machilipatnam","timestamp":"2026-08-04T12:32:36.817Z"}
4/8/2026, 6:02:36 pm | {"api":"/save-cash-closing","event":"SAVE_CASH_HISTORY_INSERTED","empNo":"732","actionType":"ADDED","version":1,"timestamp":"2026-08-04T12:32:36.829Z"}
4/8/2026, 6:02:36 pm | {"api":"/save-cash-closing","event":"SAVE_CASH_SUCCESS","type":"INSERT","empNo":"732","amount":"463000","timestamp":"2026-08-04T12:32:36.830Z"}
4/8/2026, 6:02:39 pm | {"api":"/save-cash-closing","event":"SAVE_CASH_API_STARTED","empNo":"732","amount":"463000","timestamp":"2026-08-04T12:32:39.615Z"}
4/8/2026, 6:02:39 pm | {"api":"/save-cash-closing","event":"SAVE_CASH_UPDATE_STARTED","empNo":"732","oldAmount":463000,"newAmount":"463000","currentVersion":1,"nextVersion":2,"timestamp":"2026-08-04T12:32:39.625Z"}
4/8/2026, 6:02:39 pm | {"api":"/save-cash-closing","event":"SAVE_CASH_HISTORY_UPDATED","empNo":"732","version":2,"timestamp":"2026-08-04T12:32:39.636Z"}
4/8/2026, 6:02:39 pm | {"api":"/save-cash-closing","event":"SAVE_CASH_SUCCESS","type":"UPDATE","empNo":"732","amount":"463000","version":2,"timestamp":"2026-08-04T12:32:39.637Z"}
4/8/2026, 6:03:00 pm | {"api":"/login","event":"LOGIN_API_STARTED","mpin":"1689","deviceId":"f2b383b692d384f6","timestamp":"2026-08-04T12:33:00.731Z"}
4/8/2026, 6:03:00 pm | {"event":"LOGIN_REQUEST","mpin":"1689","deviceId":"f2b383b692d384f6","timestamp":"2026-08-04T12:33:00.732Z"}
4/8/2026, 6:03:00 pm | {"api":"/login","event":"LOGIN_DB_QUERY_STARTED","mpin":"1689","timestamp":"2026-08-04T12:33:00.733Z"}
4/8/2026, 6:03:00 pm | {"api":"/login","event":"LOGIN_USER_FOUND","empNo":"307","branch":"Kolluru","designation":"Branch Manager","timestamp":"2026-08-04T12:33:00.742Z"}
4/8/2026, 6:03:00 pm | {"api":"/login","event":"LOGIN_DEVICE_CHECK","empNo":"307","savedDevice":"f2b383b692d384f6","currentDevice":"f2b383b692d384f6","timestamp":"2026-08-04T12:33:00.743Z"}
4/8/2026, 6:03:00 pm | {"api":"/login","event":"LOGIN_SUCCESS","empNo":"307","branch":"Kolluru","designation":"Branch Manager","loginTime":"2026-08-04T12:33:00.750Z"}
4/8/2026, 6:03:00 pm | {"api":"/employee/:empNo","event":"EMPLOYEE_API_STARTED","empNo":"307","timestamp":"2026-08-04T12:33:00.980Z"}
4/8/2026, 6:03:00 pm | {"api":"/employee/:empNo","event":"EMPLOYEE_DB_QUERY_STARTED","empNo":"307","timestamp":"2026-08-04T12:33:00.980Z"}
4/8/2026, 6:03:00 pm | {"api":"/employee/:empNo","event":"EMPLOYEE_FETCH_SUCCESS","empNo":"307","employeeName":"P.L. Manikanta","branch":"Kolluru","designation":"Branch Manager","timestamp":"2026-08-04T12:33:00.985Z"}
4/8/2026, 6:03:01 pm | {"api":"/last-submission/:empNo","event":"LAST_SUBMISSION_API_STARTED","empNo":"307","timestamp":"2026-08-04T12:33:01.056Z"}
4/8/2026, 6:03:01 pm | {"api":"/last-submission/:empNo","event":"LAST_SUBMISSION_DB_QUERY_STARTED","empNo":"307","timestamp":"2026-08-04T12:33:01.057Z"}
4/8/2026, 6:03:01 pm | {"api":"/last-submission/:empNo","event":"LAST_SUBMISSION_FETCH_SUCCESS","empNo":"307","amount":1570303,"actionAt":"2026-08-03 17:50:38","timestamp":"2026-08-04T12:33:01.064Z"}
4/8/2026, 6:03:01 pm | {"api":"/today-cash/:empNo","event":"TODAY_CASH_API_STARTED","empNo":"307","timestamp":"2026-08-04T12:33:01.172Z"}
4/8/2026, 6:03:01 pm | {"api":"/today-cash/:empNo","event":"TODAY_CASH_DB_QUERY_STARTED","empNo":"307","timestamp":"2026-08-04T12:33:01.173Z"}
4/8/2026, 6:03:01 pm | {"api":"/today-cash/:empNo","event":"TODAY_CASH_NOT_FOUND","empNo":"307","timestamp":"2026-08-04T12:33:01.178Z"}
4/8/2026, 6:03:05 pm | {"api":"/save-cash-closing","event":"SAVE_CASH_API_STARTED","empNo":"307","amount":"1794932","timestamp":"2026-08-04T12:33:05.985Z"}
4/8/2026, 6:03:05 pm | {"api":"/save-cash-closing","event":"PREVIOUS_DAY_RECORD_FOUND","empNo":"307","oldDate":"2026-08-03T00:00:00.000Z","amount":1570303,"timestamp":"2026-08-04T12:33:05.992Z"}
4/8/2026, 6:03:05 pm | {"api":"/save-cash-closing","event":"PREVIOUS_DAY_MOVED_TO_HISTORY","empNo":"307","timestamp":"2026-08-04T12:33:05.998Z"}
4/8/2026, 6:03:06 pm | {"api":"/save-cash-closing","event":"PREVIOUS_DAY_DELETED","empNo":"307","timestamp":"2026-08-04T12:33:06.003Z"}
4/8/2026, 6:03:06 pm | {"api":"/save-cash-closing","event":"SAVE_CASH_NEW_ENTRY","empNo":"307","amount":"1794932","branch":"Kolluru","timestamp":"2026-08-04T12:33:06.006Z"}
4/8/2026, 6:03:06 pm | {"api":"/save-cash-closing","event":"SAVE_CASH_HISTORY_INSERTED","empNo":"307","actionType":"ADDED","version":1,"timestamp":"2026-08-04T12:33:06.015Z"}
4/8/2026, 6:03:06 pm | {"api":"/save-cash-closing","event":"SAVE_CASH_SUCCESS","type":"INSERT","empNo":"307","amount":"1794932","timestamp":"2026-08-04T12:33:06.016Z"}
4/8/2026, 6:03:19 pm | {"api":"/login","event":"LOGIN_API_STARTED","mpin":"6198","deviceId":"98383a37d59d3519","timestamp":"2026-08-04T12:33:19.018Z"}
4/8/2026, 6:03:19 pm | {"event":"LOGIN_REQUEST","mpin":"6198","deviceId":"98383a37d59d3519","timestamp":"2026-08-04T12:33:19.019Z"}
4/8/2026, 6:03:19 pm | {"api":"/login","event":"LOGIN_DB_QUERY_STARTED","mpin":"6198","timestamp":"2026-08-04T12:33:19.020Z"}
4/8/2026, 6:03:19 pm | {"api":"/login","event":"LOGIN_USER_FOUND","empNo":"485","branch":"Gampalagudem","designation":"Branch Manager","timestamp":"2026-08-04T12:33:19.034Z"}
4/8/2026, 6:03:19 pm | {"api":"/login","event":"LOGIN_DEVICE_CHECK","empNo":"485","savedDevice":"98383a37d59d3519","currentDevice":"98383a37d59d3519","timestamp":"2026-08-04T12:33:19.035Z"}
4/8/2026, 6:03:19 pm | {"api":"/login","event":"LOGIN_SUCCESS","empNo":"485","branch":"Gampalagudem","designation":"Branch Manager","loginTime":"2026-08-04T12:33:19.041Z"}
4/8/2026, 6:03:19 pm | {"api":"/employee/:empNo","event":"EMPLOYEE_API_STARTED","empNo":"485","timestamp":"2026-08-04T12:33:19.179Z"}
4/8/2026, 6:03:19 pm | {"api":"/employee/:empNo","event":"EMPLOYEE_DB_QUERY_STARTED","empNo":"485","timestamp":"2026-08-04T12:33:19.180Z"}
4/8/2026, 6:03:19 pm | {"api":"/employee/:empNo","event":"EMPLOYEE_FETCH_SUCCESS","empNo":"485","employeeName":"J Narasimha Rao","branch":"Gampalagudem","designation":"Branch Manager","timestamp":"2026-08-04T12:33:19.186Z"}
4/8/2026, 6:03:19 pm | {"api":"/last-submission/:empNo","event":"LAST_SUBMISSION_API_STARTED","empNo":"485","timestamp":"2026-08-04T12:33:19.352Z"}
4/8/2026, 6:03:19 pm | {"api":"/last-submission/:empNo","event":"LAST_SUBMISSION_DB_QUERY_STARTED","empNo":"485","timestamp":"2026-08-04T12:33:19.353Z"}
4/8/2026, 6:03:19 pm | {"api":"/last-submission/:empNo","event":"LAST_SUBMISSION_FETCH_SUCCESS","empNo":"485","amount":533000,"actionAt":"2026-08-03 17:50:58","timestamp":"2026-08-04T12:33:19.360Z"}
4/8/2026, 6:03:19 pm | {"api":"/today-cash/:empNo","event":"TODAY_CASH_API_STARTED","empNo":"485","timestamp":"2026-08-04T12:33:19.437Z"}
4/8/2026, 6:03:19 pm | {"api":"/today-cash/:empNo","event":"TODAY_CASH_DB_QUERY_STARTED","empNo":"485","timestamp":"2026-08-04T12:33:19.438Z"}
4/8/2026, 6:03:19 pm | {"api":"/today-cash/:empNo","event":"TODAY_CASH_NOT_FOUND","empNo":"485","timestamp":"2026-08-04T12:33:19.443Z"}
4/8/2026, 6:03:24 pm | {"api":"/save-cash-closing","event":"SAVE_CASH_API_STARTED","empNo":"485","amount":"39000","timestamp":"2026-08-04T12:33:24.775Z"}
4/8/2026, 6:03:24 pm | {"api":"/save-cash-closing","event":"PREVIOUS_DAY_RECORD_FOUND","empNo":"485","oldDate":"2026-08-03T00:00:00.000Z","amount":533000,"timestamp":"2026-08-04T12:33:24.781Z"}
4/8/2026, 6:03:24 pm | {"api":"/save-cash-closing","event":"PREVIOUS_DAY_MOVED_TO_HISTORY","empNo":"485","timestamp":"2026-08-04T12:33:24.787Z"}
4/8/2026, 6:03:24 pm | {"api":"/save-cash-closing","event":"PREVIOUS_DAY_DELETED","empNo":"485","timestamp":"2026-08-04T12:33:24.800Z"}
4/8/2026, 6:03:24 pm | {"api":"/save-cash-closing","event":"SAVE_CASH_NEW_ENTRY","empNo":"485","amount":"39000","branch":"Gampalagudem","timestamp":"2026-08-04T12:33:24.804Z"}
4/8/2026, 6:03:24 pm | {"api":"/save-cash-closing","event":"SAVE_CASH_HISTORY_INSERTED","empNo":"485","actionType":"ADDED","version":1,"timestamp":"2026-08-04T12:33:24.815Z"}
4/8/2026, 6:03:24 pm | {"api":"/save-cash-closing","event":"SAVE_CASH_SUCCESS","type":"INSERT","empNo":"485","amount":"39000","timestamp":"2026-08-04T12:33:24.816Z"}
4/8/2026, 6:03:26 pm | {"api":"/login","event":"LOGIN_API_STARTED","mpin":"9885","deviceId":"3fc36ee18c84527a","timestamp":"2026-08-04T12:33:26.760Z"}
4/8/2026, 6:03:26 pm | {"event":"LOGIN_REQUEST","mpin":"9885","deviceId":"3fc36ee18c84527a","timestamp":"2026-08-04T12:33:26.761Z"}
4/8/2026, 6:03:26 pm | {"api":"/login","event":"LOGIN_DB_QUERY_STARTED","mpin":"9885","timestamp":"2026-08-04T12:33:26.762Z"}
4/8/2026, 6:03:26 pm | {"api":"/login","event":"LOGIN_USER_FOUND","empNo":"419","branch":"Tadepalli","designation":"Branch Manager","timestamp":"2026-08-04T12:33:26.775Z"}
4/8/2026, 6:03:26 pm | {"api":"/login","event":"LOGIN_DEVICE_CHECK","empNo":"419","savedDevice":"3fc36ee18c84527a","currentDevice":"3fc36ee18c84527a","timestamp":"2026-08-04T12:33:26.775Z"}
4/8/2026, 6:03:26 pm | {"api":"/login","event":"LOGIN_SUCCESS","empNo":"419","branch":"Tadepalli","designation":"Branch Manager","loginTime":"2026-08-04T12:33:26.781Z"}
4/8/2026, 6:03:26 pm | {"api":"/employee/:empNo","event":"EMPLOYEE_API_STARTED","empNo":"419","timestamp":"2026-08-04T12:33:26.960Z"}
4/8/2026, 6:03:26 pm | {"api":"/employee/:empNo","event":"EMPLOYEE_DB_QUERY_STARTED","empNo":"419","timestamp":"2026-08-04T12:33:26.962Z"}
4/8/2026, 6:03:26 pm | {"api":"/employee/:empNo","event":"EMPLOYEE_FETCH_SUCCESS","empNo":"419","employeeName":"K.Anjaneyulu","branch":"Tadepalli","designation":"Branch Manager","timestamp":"2026-08-04T12:33:26.966Z"}
4/8/2026, 6:03:27 pm | {"api":"/last-submission/:empNo","event":"LAST_SUBMISSION_API_STARTED","empNo":"419","timestamp":"2026-08-04T12:33:27.040Z"}
4/8/2026, 6:03:27 pm | {"api":"/last-submission/:empNo","event":"LAST_SUBMISSION_DB_QUERY_STARTED","empNo":"419","timestamp":"2026-08-04T12:33:27.041Z"}
4/8/2026, 6:03:27 pm | {"api":"/last-submission/:empNo","event":"LAST_SUBMISSION_FETCH_SUCCESS","empNo":"419","amount":150000,"actionAt":"2026-08-01 17:57:53","timestamp":"2026-08-04T12:33:27.046Z"}
4/8/2026, 6:03:27 pm | {"api":"/today-cash/:empNo","event":"TODAY_CASH_API_STARTED","empNo":"419","timestamp":"2026-08-04T12:33:27.155Z"}
4/8/2026, 6:03:27 pm | {"api":"/today-cash/:empNo","event":"TODAY_CASH_DB_QUERY_STARTED","empNo":"419","timestamp":"2026-08-04T12:33:27.156Z"}
4/8/2026, 6:03:27 pm | {"api":"/today-cash/:empNo","event":"TODAY_CASH_NOT_FOUND","empNo":"419","timestamp":"2026-08-04T12:33:27.161Z"}
4/8/2026, 6:03:44 pm | {"api":"/save-cash-closing","event":"SAVE_CASH_API_STARTED","empNo":"419","amount":"235000","timestamp":"2026-08-04T12:33:44.490Z"}
4/8/2026, 6:03:44 pm | {"api":"/save-cash-closing","event":"PREVIOUS_DAY_RECORD_FOUND","empNo":"419","oldDate":"2026-08-01T00:00:00.000Z","amount":150000,"timestamp":"2026-08-04T12:33:44.497Z"}
4/8/2026, 6:03:44 pm | {"api":"/save-cash-closing","event":"PREVIOUS_DAY_MOVED_TO_HISTORY","empNo":"419","timestamp":"2026-08-04T12:33:44.504Z"}
4/8/2026, 6:03:44 pm | {"api":"/save-cash-closing","event":"PREVIOUS_DAY_DELETED","empNo":"419","timestamp":"2026-08-04T12:33:44.509Z"}
4/8/2026, 6:03:44 pm | {"api":"/save-cash-closing","event":"SAVE_CASH_NEW_ENTRY","empNo":"419","amount":"235000","branch":"Tadepalli","timestamp":"2026-08-04T12:33:44.512Z"}
4/8/2026, 6:03:44 pm | {"api":"/save-cash-closing","event":"SAVE_CASH_HISTORY_INSERTED","empNo":"419","actionType":"ADDED","version":1,"timestamp":"2026-08-04T12:33:44.522Z"}
4/8/2026, 6:03:44 pm | {"api":"/save-cash-closing","event":"SAVE_CASH_SUCCESS","type":"INSERT","empNo":"419","amount":"235000","timestamp":"2026-08-04T12:33:44.523Z"}
4/8/2026, 6:03:46 pm | {"api":"/save-cash-closing","event":"SAVE_CASH_API_STARTED","empNo":"419","amount":"235000","timestamp":"2026-08-04T12:33:46.897Z"}
4/8/2026, 6:03:46 pm | {"api":"/save-cash-closing","event":"SAVE_CASH_UPDATE_STARTED","empNo":"419","oldAmount":235000,"newAmount":"235000","currentVersion":1,"nextVersion":2,"timestamp":"2026-08-04T12:33:46.904Z"}
4/8/2026, 6:03:46 pm | {"api":"/save-cash-closing","event":"SAVE_CASH_HISTORY_UPDATED","empNo":"419","version":2,"timestamp":"2026-08-04T12:33:46.915Z"}
4/8/2026, 6:03:46 pm | {"api":"/save-cash-closing","event":"SAVE_CASH_SUCCESS","type":"UPDATE","empNo":"419","amount":"235000","version":2,"timestamp":"2026-08-04T12:33:46.916Z"}
4/8/2026, 6:03:49 pm | {"api":"/save-cash-closing","event":"SAVE_CASH_API_STARTED","empNo":"419","amount":"235000","timestamp":"2026-08-04T12:33:49.395Z"}
4/8/2026, 6:03:49 pm | {"api":"/save-cash-closing","event":"SAVE_CASH_UPDATE_STARTED","empNo":"419","oldAmount":235000,"newAmount":"235000","currentVersion":2,"nextVersion":3,"timestamp":"2026-08-04T12:33:49.405Z"}
4/8/2026, 6:03:49 pm | {"api":"/save-cash-closing","event":"SAVE_CASH_HISTORY_UPDATED","empNo":"419","version":3,"timestamp":"2026-08-04T12:33:49.444Z"}
4/8/2026, 6:03:49 pm | {"api":"/save-cash-closing","event":"SAVE_CASH_SUCCESS","type":"UPDATE","empNo":"419","amount":"235000","version":3,"timestamp":"2026-08-04T12:33:49.445Z"}
4/8/2026, 6:04:42 pm | {"api":"/api/cash-closing-dashboard","event":"CASH_CLOSING_DASHBOARD_API_STARTED","filters":{"cluster":"","branch":"","fromDate":"","toDate":"","status":""},"timestamp":"2026-08-04T12:34:42.750Z"}
4/8/2026, 6:04:42 pm | {"api":"/api/cash-closing-dashboard","event":"CASH_CLOSING_DASHBOARD_DB_CONNECTED","timestamp":"2026-08-04T12:34:42.751Z"}
4/8/2026, 6:04:42 pm | {"api":"/api/cash-closing-dashboard","event":"CASH_CLOSING_DASHBOARD_QUERY_STARTED","filters":{"cluster":"","branch":"","fromDate":"","toDate":"","status":""},"timestamp":"2026-08-04T12:34:42.752Z"}
4/8/2026, 6:04:42 pm | {"api":"/api/cash-closing-dashboard","event":"CASH_CLOSING_DASHBOARD_DATA_FETCHED","totalRecords":56,"timestamp":"2026-08-04T12:34:42.763Z"}
4/8/2026, 6:04:42 pm | {"api":"/api/cash-closing-dashboard","event":"CASH_CLOSING_CLUSTER_FETCHED","totalClusters":5,"timestamp":"2026-08-04T12:34:42.767Z"}
4/8/2026, 6:04:42 pm | {"api":"/api/cash-closing-dashboard","event":"CASH_CLOSING_BRANCH_FETCHED","totalBranches":62,"timestamp":"2026-08-04T12:34:42.770Z"}
4/8/2026, 6:04:42 pm | {"api":"/api/cash-closing-dashboard","event":"CASH_CLOSING_DASHBOARD_SUCCESS","totalRecords":56,"filters":{"cluster":"","branch":"","fromDate":"","toDate":"","status":""},"timestamp":"2026-08-04T12:34:42.770Z"}
4/8/2026, 6:04:43 pm | {"api":"/api/cash-closing-dashboard","event":"CASH_CLOSING_DASHBOARD_API_STARTED","filters":{"cluster":"","branch":"","fromDate":"","toDate":"","status":""},"timestamp":"2026-08-04T12:34:43.985Z"}
4/8/2026, 6:04:43 pm | {"api":"/api/cash-closing-dashboard","event":"CASH_CLOSING_DASHBOARD_DB_CONNECTED","timestamp":"2026-08-04T12:34:43.986Z"}
4/8/2026, 6:04:43 pm | {"api":"/api/cash-closing-dashboard","event":"CASH_CLOSING_DASHBOARD_QUERY_STARTED","filters":{"cluster":"","branch":"","fromDate":"","toDate":"","status":""},"timestamp":"2026-08-04T12:34:43.986Z"}
4/8/2026, 6:04:43 pm | {"api":"/api/cash-closing-dashboard","event":"CASH_CLOSING_DASHBOARD_DATA_FETCHED","totalRecords":56,"timestamp":"2026-08-04T12:34:43.994Z"}
4/8/2026, 6:04:43 pm | {"api":"/api/cash-closing-dashboard","event":"CASH_CLOSING_CLUSTER_FETCHED","totalClusters":5,"timestamp":"2026-08-04T12:34:43.997Z"}
4/8/2026, 6:04:44 pm | {"api":"/api/cash-closing-dashboard","event":"CASH_CLOSING_BRANCH_FETCHED","totalBranches":62,"timestamp":"2026-08-04T12:34:44.001Z"}
4/8/2026, 6:04:44 pm | {"api":"/api/cash-closing-dashboard","event":"CASH_CLOSING_DASHBOARD_SUCCESS","totalRecords":56,"filters":{"cluster":"","branch":"","fromDate":"","toDate":"","status":""},"timestamp":"2026-08-04T12:34:44.001Z"}
4/8/2026, 6:04:44 pm | {"api":"/api/cash-closing-dashboard","event":"CASH_CLOSING_DASHBOARD_API_STARTED","filters":{"cluster":"","branch":"","fromDate":"","toDate":"","status":""},"timestamp":"2026-08-04T12:34:44.134Z"}
4/8/2026, 6:04:44 pm | {"api":"/api/cash-closing-dashboard","event":"CASH_CLOSING_DASHBOARD_DB_CONNECTED","timestamp":"2026-08-04T12:34:44.136Z"}
4/8/2026, 6:04:44 pm | {"api":"/api/cash-closing-dashboard","event":"CASH_CLOSING_DASHBOARD_QUERY_STARTED","filters":{"cluster":"","branch":"","fromDate":"","toDate":"","status":""},"timestamp":"2026-08-04T12:34:44.137Z"}
4/8/2026, 6:04:44 pm | {"api":"/api/cash-closing-dashboard","event":"CASH_CLOSING_DASHBOARD_DATA_FETCHED","totalRecords":56,"timestamp":"2026-08-04T12:34:44.147Z"}
4/8/2026, 6:04:44 pm | {"api":"/api/cash-closing-dashboard","event":"CASH_CLOSING_CLUSTER_FETCHED","totalClusters":5,"timestamp":"2026-08-04T12:34:44.151Z"}
4/8/2026, 6:04:44 pm | {"api":"/api/cash-closing-dashboard","event":"CASH_CLOSING_BRANCH_FETCHED","totalBranches":62,"timestamp":"2026-08-04T12:34:44.154Z"}
4/8/2026, 6:04:44 pm | {"api":"/api/cash-closing-dashboard","event":"CASH_CLOSING_DASHBOARD_SUCCESS","totalRecords":56,"filters":{"cluster":"","branch":"","fromDate":"","toDate":"","status":""},"timestamp":"2026-08-04T12:34:44.154Z"}
4/8/2026, 6:04:44 pm | {"api":"/api/cash-closing-dashboard","event":"CASH_CLOSING_DASHBOARD_API_STARTED","filters":{"cluster":"","branch":"","fromDate":"","toDate":"","status":""},"timestamp":"2026-08-04T12:34:44.295Z"}
4/8/2026, 6:04:44 pm | {"api":"/api/cash-closing-dashboard","event":"CASH_CLOSING_DASHBOARD_DB_CONNECTED","timestamp":"2026-08-04T12:34:44.296Z"}
4/8/2026, 6:04:44 pm | {"api":"/api/cash-closing-dashboard","event":"CASH_CLOSING_DASHBOARD_QUERY_STARTED","filters":{"cluster":"","branch":"","fromDate":"","toDate":"","status":""},"timestamp":"2026-08-04T12:34:44.297Z"}
4/8/2026, 6:04:44 pm | {"api":"/api/cash-closing-dashboard","event":"CASH_CLOSING_DASHBOARD_DATA_FETCHED","totalRecords":56,"timestamp":"2026-08-04T12:34:44.304Z"}
4/8/2026, 6:04:44 pm | {"api":"/api/cash-closing-dashboard","event":"CASH_CLOSING_CLUSTER_FETCHED","totalClusters":5,"timestamp":"2026-08-04T12:34:44.309Z"}
4/8/2026, 6:04:44 pm | {"api":"/api/cash-closing-dashboard","event":"CASH_CLOSING_BRANCH_FETCHED","totalBranches":62,"timestamp":"2026-08-04T12:34:44.312Z"}
4/8/2026, 6:04:44 pm | {"api":"/api/cash-closing-dashboard","event":"CASH_CLOSING_DASHBOARD_SUCCESS","totalRecords":56,"filters":{"cluster":"","branch":"","fromDate":"","toDate":"","status":""},"timestamp":"2026-08-04T12:34:44.313Z"}
4/8/2026, 6:05:18 pm | {"api":"/api/cash-closing-dashboard","event":"CASH_CLOSING_DASHBOARD_API_STARTED","filters":{"cluster":"","branch":"","fromDate":"","toDate":"","status":""},"timestamp":"2026-08-04T12:35:18.419Z"}
4/8/2026, 6:05:18 pm | {"api":"/api/cash-closing-dashboard","event":"CASH_CLOSING_DASHBOARD_DB_CONNECTED","timestamp":"2026-08-04T12:35:18.420Z"}
4/8/2026, 6:05:18 pm | {"api":"/api/cash-closing-dashboard","event":"CASH_CLOSING_DASHBOARD_QUERY_STARTED","filters":{"cluster":"","branch":"","fromDate":"","toDate":"","status":""},"timestamp":"2026-08-04T12:35:18.421Z"}
4/8/2026, 6:05:18 pm | {"api":"/api/cash-closing-dashboard","event":"CASH_CLOSING_DASHBOARD_DATA_FETCHED","totalRecords":56,"timestamp":"2026-08-04T12:35:18.433Z"}
4/8/2026, 6:05:18 pm | {"api":"/api/cash-closing-dashboard","event":"CASH_CLOSING_CLUSTER_FETCHED","totalClusters":5,"timestamp":"2026-08-04T12:35:18.437Z"}
4/8/2026, 6:05:18 pm | {"api":"/api/cash-closing-dashboard","event":"CASH_CLOSING_BRANCH_FETCHED","totalBranches":62,"timestamp":"2026-08-04T12:35:18.440Z"}
4/8/2026, 6:05:18 pm | {"api":"/api/cash-closing-dashboard","event":"CASH_CLOSING_DASHBOARD_SUCCESS","totalRecords":56,"filters":{"cluster":"","branch":"","fromDate":"","toDate":"","status":""},"timestamp":"2026-08-04T12:35:18.441Z"}
4/8/2026, 6:05:18 pm | {"api":"/api/cash-closing-dashboard","event":"CASH_CLOSING_DASHBOARD_API_STARTED","filters":{"cluster":"","branch":"","fromDate":"","toDate":"","status":""},"timestamp":"2026-08-04T12:35:18.508Z"}
4/8/2026, 6:05:18 pm | {"api":"/api/cash-closing-dashboard","event":"CASH_CLOSING_DASHBOARD_DB_CONNECTED","timestamp":"2026-08-04T12:35:18.509Z"}
4/8/2026, 6:05:18 pm | {"api":"/api/cash-closing-dashboard","event":"CASH_CLOSING_DASHBOARD_QUERY_STARTED","filters":{"cluster":"","branch":"","fromDate":"","toDate":"","status":""},"timestamp":"2026-08-04T12:35:18.510Z"}
4/8/2026, 6:05:18 pm | {"api":"/api/cash-closing-dashboard","event":"CASH_CLOSING_DASHBOARD_DATA_FETCHED","totalRecords":56,"timestamp":"2026-08-04T12:35:18.517Z"}
4/8/2026, 6:05:18 pm | {"api":"/api/cash-closing-dashboard","event":"CASH_CLOSING_CLUSTER_FETCHED","totalClusters":5,"timestamp":"2026-08-04T12:35:18.520Z"}
4/8/2026, 6:05:18 pm | {"api":"/api/cash-closing-dashboard","event":"CASH_CLOSING_BRANCH_FETCHED","totalBranches":62,"timestamp":"2026-08-04T12:35:18.523Z"}
4/8/2026, 6:05:18 pm | {"api":"/api/cash-closing-dashboard","event":"CASH_CLOSING_DASHBOARD_SUCCESS","totalRecords":56,"filters":{"cluster":"","branch":"","fromDate":"","toDate":"","status":""},"timestamp":"2026-08-04T12:35:18.524Z"}
4/8/2026, 6:05:18 pm | {"api":"/api/cash-closing-dashboard","event":"CASH_CLOSING_DASHBOARD_API_STARTED","filters":{"cluster":"","branch":"","fromDate":"","toDate":"","status":""},"timestamp":"2026-08-04T12:35:18.742Z"}
4/8/2026, 6:05:18 pm | {"api":"/api/cash-closing-dashboard","event":"CASH_CLOSING_DASHBOARD_DB_CONNECTED","timestamp":"2026-08-04T12:35:18.743Z"}
4/8/2026, 6:05:18 pm | {"api":"/api/cash-closing-dashboard","event":"CASH_CLOSING_DASHBOARD_QUERY_STARTED","filters":{"cluster":"","branch":"","fromDate":"","toDate":"","status":""},"timestamp":"2026-08-04T12:35:18.744Z"}
4/8/2026, 6:05:18 pm | {"api":"/api/cash-closing-dashboard","event":"CASH_CLOSING_DASHBOARD_DATA_FETCHED","totalRecords":56,"timestamp":"2026-08-04T12:35:18.752Z"}
4/8/2026, 6:05:18 pm | {"api":"/api/cash-closing-dashboard","event":"CASH_CLOSING_CLUSTER_FETCHED","totalClusters":5,"timestamp":"2026-08-04T12:35:18.755Z"}
4/8/2026, 6:05:18 pm | {"api":"/api/cash-closing-dashboard","event":"CASH_CLOSING_BRANCH_FETCHED","totalBranches":62,"timestamp":"2026-08-04T12:35:18.758Z"}
4/8/2026, 6:05:18 pm | {"api":"/api/cash-closing-dashboard","event":"CASH_CLOSING_DASHBOARD_SUCCESS","totalRecords":56,"filters":{"cluster":"","branch":"","fromDate":"","toDate":"","status":""},"timestamp":"2026-08-04T12:35:18.759Z"}
4/8/2026, 6:06:09 pm | {"api":"/api/cash-closing-dashboard","event":"CASH_CLOSING_DASHBOARD_API_STARTED","filters":{"cluster":"","branch":"","fromDate":"","toDate":"","status":""},"timestamp":"2026-08-04T12:36:09.422Z"}
4/8/2026, 6:06:09 pm | {"api":"/api/cash-closing-dashboard","event":"CASH_CLOSING_DASHBOARD_DB_CONNECTED","timestamp":"2026-08-04T12:36:09.423Z"}
4/8/2026, 6:06:09 pm | {"api":"/api/cash-closing-dashboard","event":"CASH_CLOSING_DASHBOARD_QUERY_STARTED","filters":{"cluster":"","branch":"","fromDate":"","toDate":"","status":""},"timestamp":"2026-08-04T12:36:09.424Z"}
4/8/2026, 6:06:09 pm | {"api":"/api/cash-closing-dashboard","event":"CASH_CLOSING_DASHBOARD_DATA_FETCHED","totalRecords":56,"timestamp":"2026-08-04T12:36:09.437Z"}
4/8/2026, 6:06:09 pm | {"api":"/api/cash-closing-dashboard","event":"CASH_CLOSING_CLUSTER_FETCHED","totalClusters":5,"timestamp":"2026-08-04T12:36:09.440Z"}
4/8/2026, 6:06:09 pm | {"api":"/api/cash-closing-dashboard","event":"CASH_CLOSING_BRANCH_FETCHED","totalBranches":62,"timestamp":"2026-08-04T12:36:09.444Z"}
4/8/2026, 6:06:09 pm | {"api":"/api/cash-closing-dashboard","event":"CASH_CLOSING_DASHBOARD_SUCCESS","totalRecords":56,"filters":{"cluster":"","branch":"","fromDate":"","toDate":"","status":""},"timestamp":"2026-08-04T12:36:09.444Z"}
4/8/2026, 6:06:09 pm | {"api":"/api/cash-closing-dashboard","event":"CASH_CLOSING_DASHBOARD_API_STARTED","filters":{"cluster":"","branch":"","fromDate":"","toDate":"","status":""},"timestamp":"2026-08-04T12:36:09.501Z"}
4/8/2026, 6:06:09 pm | {"api":"/api/cash-closing-dashboard","event":"CASH_CLOSING_DASHBOARD_DB_CONNECTED","timestamp":"2026-08-04T12:36:09.502Z"}
4/8/2026, 6:06:09 pm | {"api":"/api/cash-closing-dashboard","event":"CASH_CLOSING_DASHBOARD_QUERY_STARTED","filters":{"cluster":"","branch":"","fromDate":"","toDate":"","status":""},"timestamp":"2026-08-04T12:36:09.503Z"}
4/8/2026, 6:06:09 pm | {"api":"/api/cash-closing-dashboard","event":"CASH_CLOSING_DASHBOARD_DATA_FETCHED","totalRecords":56,"timestamp":"2026-08-04T12:36:09.509Z"}
4/8/2026, 6:06:09 pm | {"api":"/api/cash-closing-dashboard","event":"CASH_CLOSING_CLUSTER_FETCHED","totalClusters":5,"timestamp":"2026-08-04T12:36:09.513Z"}
4/8/2026, 6:06:09 pm | {"api":"/api/cash-closing-dashboard","event":"CASH_CLOSING_BRANCH_FETCHED","totalBranches":62,"timestamp":"2026-08-04T12:36:09.517Z"}
4/8/2026, 6:06:09 pm | {"api":"/api/cash-closing-dashboard","event":"CASH_CLOSING_DASHBOARD_SUCCESS","totalRecords":56,"filters":{"cluster":"","branch":"","fromDate":"","toDate":"","status":""},"timestamp":"2026-08-04T12:36:09.517Z"}
4/8/2026, 6:06:09 pm | {"api":"/api/cash-closing-dashboard","event":"CASH_CLOSING_DASHBOARD_API_STARTED","filters":{"cluster":"","branch":"","fromDate":"","toDate":"","status":""},"timestamp":"2026-08-04T12:36:09.645Z"}
4/8/2026, 6:06:09 pm | {"api":"/api/cash-closing-dashboard","event":"CASH_CLOSING_DASHBOARD_DB_CONNECTED","timestamp":"2026-08-04T12:36:09.646Z"}
4/8/2026, 6:06:09 pm | {"api":"/api/cash-closing-dashboard","event":"CASH_CLOSING_DASHBOARD_QUERY_STARTED","filters":{"cluster":"","branch":"","fromDate":"","toDate":"","status":""},"timestamp":"2026-08-04T12:36:09.647Z"}
4/8/2026, 6:06:09 pm | {"api":"/api/cash-closing-dashboard","event":"CASH_CLOSING_DASHBOARD_DATA_FETCHED","totalRecords":56,"timestamp":"2026-08-04T12:36:09.655Z"}
4/8/2026, 6:06:09 pm | {"api":"/api/cash-closing-dashboard","event":"CASH_CLOSING_CLUSTER_FETCHED","totalClusters":5,"timestamp":"2026-08-04T12:36:09.659Z"}
4/8/2026, 6:06:09 pm | {"api":"/api/cash-closing-dashboard","event":"CASH_CLOSING_BRANCH_FETCHED","totalBranches":62,"timestamp":"2026-08-04T12:36:09.663Z"}
4/8/2026, 6:06:09 pm | {"api":"/api/cash-closing-dashboard","event":"CASH_CLOSING_DASHBOARD_SUCCESS","totalRecords":56,"filters":{"cluster":"","branch":"","fromDate":"","toDate":"","status":""},"timestamp":"2026-08-04T12:36:09.664Z"}
4/8/2026, 6:06:09 pm | {"api":"/api/cash-closing-dashboard","event":"CASH_CLOSING_DASHBOARD_API_STARTED","filters":{"cluster":"","branch":"","fromDate":"","toDate":"","status":""},"timestamp":"2026-08-04T12:36:09.917Z"}
4/8/2026, 6:06:09 pm | {"api":"/api/cash-closing-dashboard","event":"CASH_CLOSING_DASHBOARD_DB_CONNECTED","timestamp":"2026-08-04T12:36:09.918Z"}
4/8/2026, 6:06:09 pm | {"api":"/api/cash-closing-dashboard","event":"CASH_CLOSING_DASHBOARD_QUERY_STARTED","filters":{"cluster":"","branch":"","fromDate":"","toDate":"","status":""},"timestamp":"2026-08-04T12:36:09.919Z"}
4/8/2026, 6:06:09 pm | {"api":"/api/cash-closing-dashboard","event":"CASH_CLOSING_DASHBOARD_DATA_FETCHED","totalRecords":56,"timestamp":"2026-08-04T12:36:09.927Z"}
4/8/2026, 6:06:09 pm | {"api":"/api/cash-closing-dashboard","event":"CASH_CLOSING_CLUSTER_FETCHED","totalClusters":5,"timestamp":"2026-08-04T12:36:09.930Z"}
4/8/2026, 6:06:09 pm | {"api":"/api/cash-closing-dashboard","event":"CASH_CLOSING_BRANCH_FETCHED","totalBranches":62,"timestamp":"2026-08-04T12:36:09.933Z"}
4/8/2026, 6:06:09 pm | {"api":"/api/cash-closing-dashboard","event":"CASH_CLOSING_DASHBOARD_SUCCESS","totalRecords":56,"filters":{"cluster":"","branch":"","fromDate":"","toDate":"","status":""},"timestamp":"2026-08-04T12:36:09.934Z"}
4/8/2026, 6:06:10 pm | {"api":"/api/cash-closing-dashboard","event":"CASH_CLOSING_DASHBOARD_API_STARTED","filters":{"cluster":"","branch":"","fromDate":"","toDate":"","status":""},"timestamp":"2026-08-04T12:36:10.076Z"}
4/8/2026, 6:06:10 pm | {"api":"/api/cash-closing-dashboard","event":"CASH_CLOSING_DASHBOARD_DB_CONNECTED","timestamp":"2026-08-04T12:36:10.078Z"}
4/8/2026, 6:06:10 pm | {"api":"/api/cash-closing-dashboard","event":"CASH_CLOSING_DASHBOARD_QUERY_STARTED","filters":{"cluster":"","branch":"","fromDate":"","toDate":"","status":""},"timestamp":"2026-08-04T12:36:10.079Z"}
4/8/2026, 6:06:10 pm | {"api":"/api/cash-closing-dashboard","event":"CASH_CLOSING_DASHBOARD_DATA_FETCHED","totalRecords":56,"timestamp":"2026-08-04T12:36:10.086Z"}
4/8/2026, 6:06:10 pm | {"api":"/api/cash-closing-dashboard","event":"CASH_CLOSING_CLUSTER_FETCHED","totalClusters":5,"timestamp":"2026-08-04T12:36:10.090Z"}
4/8/2026, 6:06:10 pm | {"api":"/api/cash-closing-dashboard","event":"CASH_CLOSING_BRANCH_FETCHED","totalBranches":62,"timestamp":"2026-08-04T12:36:10.094Z"}
4/8/2026, 6:06:10 pm | {"api":"/api/cash-closing-dashboard","event":"CASH_CLOSING_DASHBOARD_SUCCESS","totalRecords":56,"filters":{"cluster":"","branch":"","fromDate":"","toDate":"","status":""},"timestamp":"2026-08-04T12:36:10.094Z"}
4/8/2026, 6:06:24 pm | {"api":"/api/cash-closing-dashboard","event":"CASH_CLOSING_DASHBOARD_API_STARTED","filters":{"cluster":"","branch":"","fromDate":"","toDate":"","status":""},"timestamp":"2026-08-04T12:36:24.033Z"}
4/8/2026, 6:06:24 pm | {"api":"/api/cash-closing-dashboard","event":"CASH_CLOSING_DASHBOARD_DB_CONNECTED","timestamp":"2026-08-04T12:36:24.034Z"}
4/8/2026, 6:06:24 pm | {"api":"/api/cash-closing-dashboard","event":"CASH_CLOSING_DASHBOARD_QUERY_STARTED","filters":{"cluster":"","branch":"","fromDate":"","toDate":"","status":""},"timestamp":"2026-08-04T12:36:24.034Z"}
4/8/2026, 6:06:24 pm | {"api":"/api/cash-closing-dashboard","event":"CASH_CLOSING_DASHBOARD_DATA_FETCHED","totalRecords":56,"timestamp":"2026-08-04T12:36:24.043Z"}
4/8/2026, 6:06:24 pm | {"api":"/api/cash-closing-dashboard","event":"CASH_CLOSING_CLUSTER_FETCHED","totalClusters":5,"timestamp":"2026-08-04T12:36:24.046Z"}
4/8/2026, 6:06:24 pm | {"api":"/api/cash-closing-dashboard","event":"CASH_CLOSING_BRANCH_FETCHED","totalBranches":62,"timestamp":"2026-08-04T12:36:24.049Z"}
4/8/2026, 6:06:24 pm | {"api":"/api/cash-closing-dashboard","event":"CASH_CLOSING_DASHBOARD_SUCCESS","totalRecords":56,"filters":{"cluster":"","branch":"","fromDate":"","toDate":"","status":""},"timestamp":"2026-08-04T12:36:24.050Z"}
4/8/2026, 6:06:24 pm | {"api":"/api/cash-closing-dashboard","event":"CASH_CLOSING_DASHBOARD_API_STARTED","filters":{"cluster":"","branch":"","fromDate":"","toDate":"","status":""},"timestamp":"2026-08-04T12:36:24.181Z"}
4/8/2026, 6:06:24 pm | {"api":"/api/cash-closing-dashboard","event":"CASH_CLOSING_DASHBOARD_DB_CONNECTED","timestamp":"2026-08-04T12:36:24.182Z"}
4/8/2026, 6:06:24 pm | {"api":"/api/cash-closing-dashboard","event":"CASH_CLOSING_DASHBOARD_QUERY_STARTED","filters":{"cluster":"","branch":"","fromDate":"","toDate":"","status":""},"timestamp":"2026-08-04T12:36:24.183Z"}
4/8/2026, 6:06:24 pm | {"api":"/api/cash-closing-dashboard","event":"CASH_CLOSING_DASHBOARD_DATA_FETCHED","totalRecords":56,"timestamp":"2026-08-04T12:36:24.191Z"}
4/8/2026, 6:06:24 pm | {"api":"/api/cash-closing-dashboard","event":"CASH_CLOSING_CLUSTER_FETCHED","totalClusters":5,"timestamp":"2026-08-04T12:36:24.194Z"}
4/8/2026, 6:06:24 pm | {"api":"/api/cash-closing-dashboard","event":"CASH_CLOSING_BRANCH_FETCHED","totalBranches":62,"timestamp":"2026-08-04T12:36:24.198Z"}
4/8/2026, 6:06:24 pm | {"api":"/api/cash-closing-dashboard","event":"CASH_CLOSING_DASHBOARD_SUCCESS","totalRecords":56,"filters":{"cluster":"","branch":"","fromDate":"","toDate":"","status":""},"timestamp":"2026-08-04T12:36:24.198Z"}
4/8/2026, 6:06:24 pm | {"api":"/api/cash-closing-dashboard","event":"CASH_CLOSING_DASHBOARD_API_STARTED","filters":{"cluster":"","branch":"","fromDate":"","toDate":"","status":""},"timestamp":"2026-08-04T12:36:24.350Z"}
4/8/2026, 6:06:24 pm | {"api":"/api/cash-closing-dashboard","event":"CASH_CLOSING_DASHBOARD_DB_CONNECTED","timestamp":"2026-08-04T12:36:24.351Z"}
4/8/2026, 6:06:24 pm | {"api":"/api/cash-closing-dashboard","event":"CASH_CLOSING_DASHBOARD_QUERY_STARTED","filters":{"cluster":"","branch":"","fromDate":"","toDate":"","status":""},"timestamp":"2026-08-04T12:36:24.352Z"}
4/8/2026, 6:06:24 pm | {"api":"/api/cash-closing-dashboard","event":"CASH_CLOSING_DASHBOARD_DATA_FETCHED","totalRecords":56,"timestamp":"2026-08-04T12:36:24.359Z"}
4/8/2026, 6:06:24 pm | {"api":"/api/cash-closing-dashboard","event":"CASH_CLOSING_CLUSTER_FETCHED","totalClusters":5,"timestamp":"2026-08-04T12:36:24.362Z"}
4/8/2026, 6:06:24 pm | {"api":"/api/cash-closing-dashboard","event":"CASH_CLOSING_BRANCH_FETCHED","totalBranches":62,"timestamp":"2026-08-04T12:36:24.366Z"}
4/8/2026, 6:06:24 pm | {"api":"/api/cash-closing-dashboard","event":"CASH_CLOSING_DASHBOARD_SUCCESS","totalRecords":56,"filters":{"cluster":"","branch":"","fromDate":"","toDate":"","status":""},"timestamp":"2026-08-04T12:36:24.366Z"}
4/8/2026, 6:06:24 pm | {"api":"/api/cash-closing-dashboard","event":"CASH_CLOSING_DASHBOARD_API_STARTED","filters":{"cluster":"","branch":"","fromDate":"","toDate":"","status":""},"timestamp":"2026-08-04T12:36:24.461Z"}
4/8/2026, 6:06:24 pm | {"api":"/api/cash-closing-dashboard","event":"CASH_CLOSING_DASHBOARD_DB_CONNECTED","timestamp":"2026-08-04T12:36:24.462Z"}
4/8/2026, 6:06:24 pm | {"api":"/api/cash-closing-dashboard","event":"CASH_CLOSING_DASHBOARD_QUERY_STARTED","filters":{"cluster":"","branch":"","fromDate":"","toDate":"","status":""},"timestamp":"2026-08-04T12:36:24.463Z"}
4/8/2026, 6:06:24 pm | {"api":"/api/cash-closing-dashboard","event":"CASH_CLOSING_DASHBOARD_DATA_FETCHED","totalRecords":56,"timestamp":"2026-08-04T12:36:24.470Z"}
4/8/2026, 6:06:24 pm | {"api":"/api/cash-closing-dashboard","event":"CASH_CLOSING_CLUSTER_FETCHED","totalClusters":5,"timestamp":"2026-08-04T12:36:24.473Z"}
4/8/2026, 6:06:24 pm | {"api":"/api/cash-closing-dashboard","event":"CASH_CLOSING_BRANCH_FETCHED","totalBranches":62,"timestamp":"2026-08-04T12:36:24.476Z"}
4/8/2026, 6:06:24 pm | {"api":"/api/cash-closing-dashboard","event":"CASH_CLOSING_DASHBOARD_SUCCESS","totalRecords":56,"filters":{"cluster":"","branch":"","fromDate":"","toDate":"","status":""},"timestamp":"2026-08-04T12:36:24.477Z"}
4/8/2026, 6:06:24 pm | {"api":"/api/cash-closing-dashboard","event":"CASH_CLOSING_DASHBOARD_API_STARTED","filters":{"cluster":"","branch":"","fromDate":"","toDate":"","status":""},"timestamp":"2026-08-04T12:36:24.597Z"}
4/8/2026, 6:06:24 pm | {"api":"/api/cash-closing-dashboard","event":"CASH_CLOSING_DASHBOARD_DB_CONNECTED","timestamp":"2026-08-04T12:36:24.598Z"}
4/8/2026, 6:06:24 pm | {"api":"/api/cash-closing-dashboard","event":"CASH_CLOSING_DASHBOARD_QUERY_STARTED","filters":{"cluster":"","branch":"","fromDate":"","toDate":"","status":""},"timestamp":"2026-08-04T12:36:24.599Z"}
4/8/2026, 6:06:24 pm | {"api":"/api/cash-closing-dashboard","event":"CASH_CLOSING_DASHBOARD_DATA_FETCHED","totalRecords":56,"timestamp":"2026-08-04T12:36:24.606Z"}
4/8/2026, 6:06:24 pm | {"api":"/api/cash-closing-dashboard","event":"CASH_CLOSING_CLUSTER_FETCHED","totalClusters":5,"timestamp":"2026-08-04T12:36:24.609Z"}
4/8/2026, 6:06:24 pm | {"api":"/api/cash-closing-dashboard","event":"CASH_CLOSING_BRANCH_FETCHED","totalBranches":62,"timestamp":"2026-08-04T12:36:24.613Z"}
4/8/2026, 6:06:24 pm | {"api":"/api/cash-closing-dashboard","event":"CASH_CLOSING_DASHBOARD_SUCCESS","totalRecords":56,"filters":{"cluster":"","branch":"","fromDate":"","toDate":"","status":""},"timestamp":"2026-08-04T12:36:24.613Z"}
4/8/2026, 6:06:24 pm | {"api":"/api/cash-closing-dashboard","event":"CASH_CLOSING_DASHBOARD_API_STARTED","filters":{"cluster":"","branch":"","fromDate":"","toDate":"","status":""},"timestamp":"2026-08-04T12:36:24.743Z"}
4/8/2026, 6:06:24 pm | {"api":"/api/cash-closing-dashboard","event":"CASH_CLOSING_DASHBOARD_DB_CONNECTED","timestamp":"2026-08-04T12:36:24.744Z"}
4/8/2026, 6:06:24 pm | {"api":"/api/cash-closing-dashboard","event":"CASH_CLOSING_DASHBOARD_QUERY_STARTED","filters":{"cluster":"","branch":"","fromDate":"","toDate":"","status":""},"timestamp":"2026-08-04T12:36:24.745Z"}
4/8/2026, 6:06:24 pm | {"api":"/api/cash-closing-dashboard","event":"CASH_CLOSING_DASHBOARD_DATA_FETCHED","totalRecords":56,"timestamp":"2026-08-04T12:36:24.751Z"}
4/8/2026, 6:06:24 pm | {"api":"/api/cash-closing-dashboard","event":"CASH_CLOSING_CLUSTER_FETCHED","totalClusters":5,"timestamp":"2026-08-04T12:36:24.754Z"}
4/8/2026, 6:06:24 pm | {"api":"/api/cash-closing-dashboard","event":"CASH_CLOSING_BRANCH_FETCHED","totalBranches":62,"timestamp":"2026-08-04T12:36:24.758Z"}
4/8/2026, 6:06:24 pm | {"api":"/api/cash-closing-dashboard","event":"CASH_CLOSING_DASHBOARD_SUCCESS","totalRecords":56,"filters":{"cluster":"","branch":"","fromDate":"","toDate":"","status":""},"timestamp":"2026-08-04T12:36:24.758Z"}
4/8/2026, 6:06:24 pm | {"api":"/api/cash-closing-dashboard","event":"CASH_CLOSING_DASHBOARD_API_STARTED","filters":{"cluster":"","branch":"","fromDate":"","toDate":"","status":""},"timestamp":"2026-08-04T12:36:24.870Z"}
4/8/2026, 6:06:24 pm | {"api":"/api/cash-closing-dashboard","event":"CASH_CLOSING_DASHBOARD_DB_CONNECTED","timestamp":"2026-08-04T12:36:24.871Z"}
4/8/2026, 6:06:24 pm | {"api":"/api/cash-closing-dashboard","event":"CASH_CLOSING_DASHBOARD_QUERY_STARTED","filters":{"cluster":"","branch":"","fromDate":"","toDate":"","status":""},"timestamp":"2026-08-04T12:36:24.872Z"}
4/8/2026, 6:06:24 pm | {"api":"/api/cash-closing-dashboard","event":"CASH_CLOSING_DASHBOARD_DATA_FETCHED","totalRecords":56,"timestamp":"2026-08-04T12:36:24.879Z"}
4/8/2026, 6:06:24 pm | {"api":"/api/cash-closing-dashboard","event":"CASH_CLOSING_CLUSTER_FETCHED","totalClusters":5,"timestamp":"2026-08-04T12:36:24.883Z"}
4/8/2026, 6:06:24 pm | {"api":"/api/cash-closing-dashboard","event":"CASH_CLOSING_BRANCH_FETCHED","totalBranches":62,"timestamp":"2026-08-04T12:36:24.886Z"}
4/8/2026, 6:06:24 pm | {"api":"/api/cash-closing-dashboard","event":"CASH_CLOSING_DASHBOARD_SUCCESS","totalRecords":56,"filters":{"cluster":"","branch":"","fromDate":"","toDate":"","status":""},"timestamp":"2026-08-04T12:36:24.887Z"}
4/8/2026, 6:06:25 pm | {"api":"/api/cash-closing-dashboard","event":"CASH_CLOSING_DASHBOARD_API_STARTED","filters":{"cluster":"","branch":"","fromDate":"","toDate":"","status":""},"timestamp":"2026-08-04T12:36:25.031Z"}
4/8/2026, 6:06:25 pm | {"api":"/api/cash-closing-dashboard","event":"CASH_CLOSING_DASHBOARD_DB_CONNECTED","timestamp":"2026-08-04T12:36:25.032Z"}
4/8/2026, 6:06:25 pm | {"api":"/api/cash-closing-dashboard","event":"CASH_CLOSING_DASHBOARD_QUERY_STARTED","filters":{"cluster":"","branch":"","fromDate":"","toDate":"","status":""},"timestamp":"2026-08-04T12:36:25.033Z"}
4/8/2026, 6:06:25 pm | {"api":"/api/cash-closing-dashboard","event":"CASH_CLOSING_DASHBOARD_DATA_FETCHED","totalRecords":56,"timestamp":"2026-08-04T12:36:25.040Z"}
4/8/2026, 6:06:25 pm | {"api":"/api/cash-closing-dashboard","event":"CASH_CLOSING_CLUSTER_FETCHED","totalClusters":5,"timestamp":"2026-08-04T12:36:25.043Z"}
4/8/2026, 6:06:25 pm | {"api":"/api/cash-closing-dashboard","event":"CASH_CLOSING_BRANCH_FETCHED","totalBranches":62,"timestamp":"2026-08-04T12:36:25.046Z"}
4/8/2026, 6:06:25 pm | {"api":"/api/cash-closing-dashboard","event":"CASH_CLOSING_DASHBOARD_SUCCESS","totalRecords":56,"filters":{"cluster":"","branch":"","fromDate":"","toDate":"","status":""},"timestamp":"2026-08-04T12:36:25.047Z"}
4/8/2026, 6:06:25 pm | {"api":"/api/cash-closing-dashboard","event":"CASH_CLOSING_DASHBOARD_API_STARTED","filters":{"cluster":"","branch":"","fromDate":"","toDate":"","status":""},"timestamp":"2026-08-04T12:36:25.174Z"}
4/8/2026, 6:06:25 pm | {"api":"/api/cash-closing-dashboard","event":"CASH_CLOSING_DASHBOARD_DB_CONNECTED","timestamp":"2026-08-04T12:36:25.175Z"}
4/8/2026, 6:06:25 pm | {"api":"/api/cash-closing-dashboard","event":"CASH_CLOSING_DASHBOARD_QUERY_STARTED","filters":{"cluster":"","branch":"","fromDate":"","toDate":"","status":""},"timestamp":"2026-08-04T12:36:25.176Z"}
4/8/2026, 6:06:25 pm | {"api":"/api/cash-closing-dashboard","event":"CASH_CLOSING_DASHBOARD_DATA_FETCHED","totalRecords":56,"timestamp":"2026-08-04T12:36:25.183Z"}
4/8/2026, 6:06:25 pm | {"api":"/api/cash-closing-dashboard","event":"CASH_CLOSING_CLUSTER_FETCHED","totalClusters":5,"timestamp":"2026-08-04T12:36:25.187Z"}
4/8/2026, 6:06:25 pm | {"api":"/api/cash-closing-dashboard","event":"CASH_CLOSING_BRANCH_FETCHED","totalBranches":62,"timestamp":"2026-08-04T12:36:25.191Z"}
4/8/2026, 6:06:25 pm | {"api":"/api/cash-closing-dashboard","event":"CASH_CLOSING_DASHBOARD_SUCCESS","totalRecords":56,"filters":{"cluster":"","branch":"","fromDate":"","toDate":"","status":""},"timestamp":"2026-08-04T12:36:25.192Z"}
4/8/2026, 6:06:25 pm | {"api":"/api/cash-closing-dashboard","event":"CASH_CLOSING_DASHBOARD_API_STARTED","filters":{"cluster":"","branch":"","fromDate":"","toDate":"","status":""},"timestamp":"2026-08-04T12:36:25.295Z"}
4/8/2026, 6:06:25 pm | {"api":"/api/cash-closing-dashboard","event":"CASH_CLOSING_DASHBOARD_DB_CONNECTED","timestamp":"2026-08-04T12:36:25.296Z"}
4/8/2026, 6:06:25 pm | {"api":"/api/cash-closing-dashboard","event":"CASH_CLOSING_DASHBOARD_QUERY_STARTED","filters":{"cluster":"","branch":"","fromDate":"","toDate":"","status":""},"timestamp":"2026-08-04T12:36:25.296Z"}
4/8/2026, 6:06:25 pm | {"api":"/api/cash-closing-dashboard","event":"CASH_CLOSING_DASHBOARD_DATA_FETCHED","totalRecords":56,"timestamp":"2026-08-04T12:36:25.303Z"}
4/8/2026, 6:06:25 pm | {"api":"/api/cash-closing-dashboard","event":"CASH_CLOSING_CLUSTER_FETCHED","totalClusters":5,"timestamp":"2026-08-04T12:36:25.306Z"}
4/8/2026, 6:06:25 pm | {"api":"/api/cash-closing-dashboard","event":"CASH_CLOSING_BRANCH_FETCHED","totalBranches":62,"timestamp":"2026-08-04T12:36:25.310Z"}
4/8/2026, 6:06:25 pm | {"api":"/api/cash-closing-dashboard","event":"CASH_CLOSING_DASHBOARD_SUCCESS","totalRecords":56,"filters":{"cluster":"","branch":"","fromDate":"","toDate":"","status":""},"timestamp":"2026-08-04T12:36:25.311Z"}
4/8/2026, 6:06:40 pm | {"api":"/api/cash-closing-dashboard","event":"CASH_CLOSING_DASHBOARD_API_STARTED","filters":{"cluster":"","branch":"","fromDate":"","toDate":"","status":""},"timestamp":"2026-08-04T12:36:40.202Z"}
4/8/2026, 6:06:40 pm | {"api":"/api/cash-closing-dashboard","event":"CASH_CLOSING_DASHBOARD_DB_CONNECTED","timestamp":"2026-08-04T12:36:40.203Z"}
4/8/2026, 6:06:40 pm | {"api":"/api/cash-closing-dashboard","event":"CASH_CLOSING_DASHBOARD_QUERY_STARTED","filters":{"cluster":"","branch":"","fromDate":"","toDate":"","status":""},"timestamp":"2026-08-04T12:36:40.204Z"}
4/8/2026, 6:06:40 pm | {"api":"/api/cash-closing-dashboard","event":"CASH_CLOSING_DASHBOARD_DATA_FETCHED","totalRecords":56,"timestamp":"2026-08-04T12:36:40.211Z"}
4/8/2026, 6:06:40 pm | {"api":"/api/cash-closing-dashboard","event":"CASH_CLOSING_CLUSTER_FETCHED","totalClusters":5,"timestamp":"2026-08-04T12:36:40.215Z"}
4/8/2026, 6:06:40 pm | {"api":"/api/cash-closing-dashboard","event":"CASH_CLOSING_BRANCH_FETCHED","totalBranches":62,"timestamp":"2026-08-04T12:36:40.218Z"}
4/8/2026, 6:06:40 pm | {"api":"/api/cash-closing-dashboard","event":"CASH_CLOSING_DASHBOARD_SUCCESS","totalRecords":56,"filters":{"cluster":"","branch":"","fromDate":"","toDate":"","status":""},"timestamp":"2026-08-04T12:36:40.219Z"}
4/8/2026, 6:06:40 pm | {"api":"/api/cash-closing-dashboard","event":"CASH_CLOSING_DASHBOARD_API_STARTED","filters":{"cluster":"","branch":"","fromDate":"","toDate":"","status":""},"timestamp":"2026-08-04T12:36:40.301Z"}
4/8/2026, 6:06:40 pm | {"api":"/api/cash-closing-dashboard","event":"CASH_CLOSING_DASHBOARD_DB_CONNECTED","timestamp":"2026-08-04T12:36:40.302Z"}
4/8/2026, 6:06:40 pm | {"api":"/api/cash-closing-dashboard","event":"CASH_CLOSING_DASHBOARD_QUERY_STARTED","filters":{"cluster":"","branch":"","fromDate":"","toDate":"","status":""},"timestamp":"2026-08-04T12:36:40.303Z"}
4/8/2026, 6:06:40 pm | {"api":"/api/cash-closing-dashboard","event":"CASH_CLOSING_DASHBOARD_DATA_FETCHED","totalRecords":56,"timestamp":"2026-08-04T12:36:40.310Z"}
4/8/2026, 6:06:40 pm | {"api":"/api/cash-closing-dashboard","event":"CASH_CLOSING_CLUSTER_FETCHED","totalClusters":5,"timestamp":"2026-08-04T12:36:40.314Z"}
4/8/2026, 6:06:40 pm | {"api":"/api/cash-closing-dashboard","event":"CASH_CLOSING_BRANCH_FETCHED","totalBranches":62,"timestamp":"2026-08-04T12:36:40.317Z"}
4/8/2026, 6:06:40 pm | {"api":"/api/cash-closing-dashboard","event":"CASH_CLOSING_DASHBOARD_SUCCESS","totalRecords":56,"filters":{"cluster":"","branch":"","fromDate":"","toDate":"","status":""},"timestamp":"2026-08-04T12:36:40.318Z"}
4/8/2026, 6:06:40 pm | {"api":"/api/cash-closing-dashboard","event":"CASH_CLOSING_DASHBOARD_API_STARTED","filters":{"cluster":"","branch":"","fromDate":"","toDate":"","status":""},"timestamp":"2026-08-04T12:36:40.448Z"}
4/8/2026, 6:06:40 pm | {"api":"/api/cash-closing-dashboard","event":"CASH_CLOSING_DASHBOARD_DB_CONNECTED","timestamp":"2026-08-04T12:36:40.449Z"}
4/8/2026, 6:06:40 pm | {"api":"/api/cash-closing-dashboard","event":"CASH_CLOSING_DASHBOARD_QUERY_STARTED","filters":{"cluster":"","branch":"","fromDate":"","toDate":"","status":""},"timestamp":"2026-08-04T12:36:40.449Z"}
4/8/2026, 6:06:40 pm | {"api":"/api/cash-closing-dashboard","event":"CASH_CLOSING_DASHBOARD_DATA_FETCHED","totalRecords":56,"timestamp":"2026-08-04T12:36:40.455Z"}
4/8/2026, 6:06:40 pm | {"api":"/api/cash-closing-dashboard","event":"CASH_CLOSING_CLUSTER_FETCHED","totalClusters":5,"timestamp":"2026-08-04T12:36:40.458Z"}
4/8/2026, 6:06:40 pm | {"api":"/api/cash-closing-dashboard","event":"CASH_CLOSING_BRANCH_FETCHED","totalBranches":62,"timestamp":"2026-08-04T12:36:40.461Z"}
4/8/2026, 6:06:40 pm | {"api":"/api/cash-closing-dashboard","event":"CASH_CLOSING_DASHBOARD_SUCCESS","totalRecords":56,"filters":{"cluster":"","branch":"","fromDate":"","toDate":"","status":""},"timestamp":"2026-08-04T12:36:40.462Z"}
4/8/2026, 6:06:51 pm | {"api":"/login","event":"LOGIN_API_STARTED","mpin":"5532","deviceId":"f4ef783cd33635e6","timestamp":"2026-08-04T12:36:51.230Z"}
4/8/2026, 6:06:51 pm | {"event":"LOGIN_REQUEST","mpin":"5532","deviceId":"f4ef783cd33635e6","timestamp":"2026-08-04T12:36:51.231Z"}
4/8/2026, 6:06:51 pm | {"api":"/login","event":"LOGIN_DB_QUERY_STARTED","mpin":"5532","timestamp":"2026-08-04T12:36:51.232Z"}
4/8/2026, 6:06:51 pm | {"api":"/login","event":"LOGIN_USER_FOUND","empNo":"522","branch":"Praja Sakthi Nagar","designation":"Branch Manager","timestamp":"2026-08-04T12:36:51.242Z"}
4/8/2026, 6:06:51 pm | {"api":"/login","event":"LOGIN_DEVICE_CHECK","empNo":"522","savedDevice":"f4ef783cd33635e6","currentDevice":"f4ef783cd33635e6","timestamp":"2026-08-04T12:36:51.243Z"}
4/8/2026, 6:06:51 pm | {"api":"/login","event":"LOGIN_SUCCESS","empNo":"522","branch":"Praja Sakthi Nagar","designation":"Branch Manager","loginTime":"2026-08-04T12:36:51.249Z"}
4/8/2026, 6:06:51 pm | {"api":"/employee/:empNo","event":"EMPLOYEE_API_STARTED","empNo":"522","timestamp":"2026-08-04T12:36:51.389Z"}
4/8/2026, 6:06:51 pm | {"api":"/employee/:empNo","event":"EMPLOYEE_DB_QUERY_STARTED","empNo":"522","timestamp":"2026-08-04T12:36:51.390Z"}
4/8/2026, 6:06:51 pm | {"api":"/employee/:empNo","event":"EMPLOYEE_FETCH_SUCCESS","empNo":"522","employeeName":"Sasanka Madala","branch":"Praja Sakthi Nagar","designation":"Branch Manager","timestamp":"2026-08-04T12:36:51.394Z"}
4/8/2026, 6:06:51 pm | {"api":"/last-submission/:empNo","event":"LAST_SUBMISSION_API_STARTED","empNo":"522","timestamp":"2026-08-04T12:36:51.436Z"}
4/8/2026, 6:06:51 pm | {"api":"/last-submission/:empNo","event":"LAST_SUBMISSION_DB_QUERY_STARTED","empNo":"522","timestamp":"2026-08-04T12:36:51.437Z"}
4/8/2026, 6:06:51 pm | {"api":"/last-submission/:empNo","event":"LAST_SUBMISSION_FETCH_SUCCESS","empNo":"522","amount":1800000,"actionAt":"2026-08-03 18:22:06","timestamp":"2026-08-04T12:36:51.442Z"}
4/8/2026, 6:06:51 pm | {"api":"/today-cash/:empNo","event":"TODAY_CASH_API_STARTED","empNo":"522","timestamp":"2026-08-04T12:36:51.557Z"}
4/8/2026, 6:06:51 pm | {"api":"/today-cash/:empNo","event":"TODAY_CASH_DB_QUERY_STARTED","empNo":"522","timestamp":"2026-08-04T12:36:51.558Z"}
4/8/2026, 6:06:51 pm | {"api":"/today-cash/:empNo","event":"TODAY_CASH_NOT_FOUND","empNo":"522","timestamp":"2026-08-04T12:36:51.562Z"}
4/8/2026, 6:06:59 pm | {"api":"/login","event":"LOGIN_API_STARTED","mpin":"1980","deviceId":"d99a65c1c671a184","timestamp":"2026-08-04T12:36:59.497Z"}
4/8/2026, 6:06:59 pm | {"event":"LOGIN_REQUEST","mpin":"1980","deviceId":"d99a65c1c671a184","timestamp":"2026-08-04T12:36:59.498Z"}
4/8/2026, 6:06:59 pm | {"api":"/login","event":"LOGIN_DB_QUERY_STARTED","mpin":"1980","timestamp":"2026-08-04T12:36:59.499Z"}
4/8/2026, 6:06:59 pm | {"api":"/login","event":"LOGIN_USER_FOUND","empNo":"544","branch":"Lingapuram","designation":"Branch Manager","timestamp":"2026-08-04T12:36:59.510Z"}
4/8/2026, 6:06:59 pm | {"api":"/login","event":"LOGIN_DEVICE_CHECK","empNo":"544","savedDevice":"d99a65c1c671a184","currentDevice":"d99a65c1c671a184","timestamp":"2026-08-04T12:36:59.511Z"}
4/8/2026, 6:06:59 pm | {"api":"/login","event":"LOGIN_SUCCESS","empNo":"544","branch":"Lingapuram","designation":"Branch Manager","loginTime":"2026-08-04T12:36:59.517Z"}
4/8/2026, 6:06:59 pm | {"api":"/employee/:empNo","event":"EMPLOYEE_API_STARTED","empNo":"544","timestamp":"2026-08-04T12:36:59.701Z"}
4/8/2026, 6:06:59 pm | {"api":"/employee/:empNo","event":"EMPLOYEE_DB_QUERY_STARTED","empNo":"544","timestamp":"2026-08-04T12:36:59.702Z"}
4/8/2026, 6:06:59 pm | {"api":"/employee/:empNo","event":"EMPLOYEE_FETCH_SUCCESS","empNo":"544","employeeName":"P Subba Rao","branch":"Lingapuram","designation":"Branch Manager","timestamp":"2026-08-04T12:36:59.706Z"}
4/8/2026, 6:06:59 pm | {"api":"/last-submission/:empNo","event":"LAST_SUBMISSION_API_STARTED","empNo":"544","timestamp":"2026-08-04T12:36:59.778Z"}
4/8/2026, 6:06:59 pm | {"api":"/last-submission/:empNo","event":"LAST_SUBMISSION_DB_QUERY_STARTED","empNo":"544","timestamp":"2026-08-04T12:36:59.779Z"}
4/8/2026, 6:06:59 pm | {"api":"/last-submission/:empNo","event":"LAST_SUBMISSION_FETCH_SUCCESS","empNo":"544","amount":718081,"actionAt":"2026-08-03 18:13:50","timestamp":"2026-08-04T12:36:59.784Z"}
4/8/2026, 6:06:59 pm | {"api":"/today-cash/:empNo","event":"TODAY_CASH_API_STARTED","empNo":"544","timestamp":"2026-08-04T12:36:59.942Z"}
4/8/2026, 6:06:59 pm | {"api":"/today-cash/:empNo","event":"TODAY_CASH_DB_QUERY_STARTED","empNo":"544","timestamp":"2026-08-04T12:36:59.943Z"}
4/8/2026, 6:06:59 pm | {"api":"/today-cash/:empNo","event":"TODAY_CASH_FETCH_SUCCESS","empNo":"544","amount":134881,"actionAt":"2026-08-04 17:53:24","timestamp":"2026-08-04T12:36:59.948Z"}
4/8/2026, 6:07:00 pm | {"api":"/save-cash-closing","event":"SAVE_CASH_API_STARTED","empNo":"522","amount":"1800000","timestamp":"2026-08-04T12:37:00.450Z"}
4/8/2026, 6:07:00 pm | {"api":"/save-cash-closing","event":"PREVIOUS_DAY_RECORD_FOUND","empNo":"522","oldDate":"2026-08-03T00:00:00.000Z","amount":1800000,"timestamp":"2026-08-04T12:37:00.456Z"}
4/8/2026, 6:07:00 pm | {"api":"/save-cash-closing","event":"PREVIOUS_DAY_MOVED_TO_HISTORY","empNo":"522","timestamp":"2026-08-04T12:37:00.462Z"}
4/8/2026, 6:07:00 pm | {"api":"/save-cash-closing","event":"PREVIOUS_DAY_DELETED","empNo":"522","timestamp":"2026-08-04T12:37:00.468Z"}
4/8/2026, 6:07:00 pm | {"api":"/save-cash-closing","event":"SAVE_CASH_NEW_ENTRY","empNo":"522","amount":"1800000","branch":"Praja Sakthi Nagar","timestamp":"2026-08-04T12:37:00.470Z"}
4/8/2026, 6:07:00 pm | {"api":"/save-cash-closing","event":"SAVE_CASH_HISTORY_INSERTED","empNo":"522","actionType":"ADDED","version":1,"timestamp":"2026-08-04T12:37:00.482Z"}
4/8/2026, 6:07:00 pm | {"api":"/save-cash-closing","event":"SAVE_CASH_SUCCESS","type":"INSERT","empNo":"522","amount":"1800000","timestamp":"2026-08-04T12:37:00.482Z"}
4/8/2026, 6:07:38 pm | {"api":"/api/cash-closing-dashboard","event":"CASH_CLOSING_DASHBOARD_API_STARTED","filters":{"cluster":"","branch":"","fromDate":"","toDate":"","status":""},"timestamp":"2026-08-04T12:37:38.611Z"}
4/8/2026, 6:07:38 pm | {"api":"/api/cash-closing-dashboard","event":"CASH_CLOSING_DASHBOARD_DB_CONNECTED","timestamp":"2026-08-04T12:37:38.612Z"}
4/8/2026, 6:07:38 pm | {"api":"/api/cash-closing-dashboard","event":"CASH_CLOSING_DASHBOARD_QUERY_STARTED","filters":{"cluster":"","branch":"","fromDate":"","toDate":"","status":""},"timestamp":"2026-08-04T12:37:38.613Z"}
4/8/2026, 6:07:38 pm | {"api":"/api/cash-closing-dashboard","event":"CASH_CLOSING_DASHBOARD_DATA_FETCHED","totalRecords":56,"timestamp":"2026-08-04T12:37:38.624Z"}
4/8/2026, 6:07:38 pm | {"api":"/api/cash-closing-dashboard","event":"CASH_CLOSING_CLUSTER_FETCHED","totalClusters":5,"timestamp":"2026-08-04T12:37:38.628Z"}
4/8/2026, 6:07:38 pm | {"api":"/api/cash-closing-dashboard","event":"CASH_CLOSING_BRANCH_FETCHED","totalBranches":62,"timestamp":"2026-08-04T12:37:38.632Z"}
4/8/2026, 6:07:38 pm | {"api":"/api/cash-closing-dashboard","event":"CASH_CLOSING_DASHBOARD_SUCCESS","totalRecords":56,"filters":{"cluster":"","branch":"","fromDate":"","toDate":"","status":""},"timestamp":"2026-08-04T12:37:38.632Z"}
4/8/2026, 6:07:38 pm | {"api":"/api/cash-closing-dashboard","event":"CASH_CLOSING_DASHBOARD_API_STARTED","filters":{"cluster":"","branch":"","fromDate":"","toDate":"","status":""},"timestamp":"2026-08-04T12:37:38.725Z"}
4/8/2026, 6:07:38 pm | {"api":"/api/cash-closing-dashboard","event":"CASH_CLOSING_DASHBOARD_DB_CONNECTED","timestamp":"2026-08-04T12:37:38.726Z"}
4/8/2026, 6:07:38 pm | {"api":"/api/cash-closing-dashboard","event":"CASH_CLOSING_DASHBOARD_QUERY_STARTED","filters":{"cluster":"","branch":"","fromDate":"","toDate":"","status":""},"timestamp":"2026-08-04T12:37:38.727Z"}
4/8/2026, 6:07:38 pm | {"api":"/api/cash-closing-dashboard","event":"CASH_CLOSING_DASHBOARD_DATA_FETCHED","totalRecords":56,"timestamp":"2026-08-04T12:37:38.734Z"}
4/8/2026, 6:07:38 pm | {"api":"/api/cash-closing-dashboard","event":"CASH_CLOSING_CLUSTER_FETCHED","totalClusters":5,"timestamp":"2026-08-04T12:37:38.738Z"}
4/8/2026, 6:07:38 pm | {"api":"/api/cash-closing-dashboard","event":"CASH_CLOSING_BRANCH_FETCHED","totalBranches":62,"timestamp":"2026-08-04T12:37:38.741Z"}
4/8/2026, 6:07:38 pm | {"api":"/api/cash-closing-dashboard","event":"CASH_CLOSING_DASHBOARD_SUCCESS","totalRecords":56,"filters":{"cluster":"","branch":"","fromDate":"","toDate":"","status":""},"timestamp":"2026-08-04T12:37:38.742Z"}
4/8/2026, 6:07:38 pm | {"api":"/api/cash-closing-dashboard","event":"CASH_CLOSING_DASHBOARD_API_STARTED","filters":{"cluster":"","branch":"","fromDate":"","toDate":"","status":""},"timestamp":"2026-08-04T12:37:38.868Z"}
4/8/2026, 6:07:38 pm | {"api":"/api/cash-closing-dashboard","event":"CASH_CLOSING_DASHBOARD_DB_CONNECTED","timestamp":"2026-08-04T12:37:38.869Z"}
4/8/2026, 6:07:38 pm | {"api":"/api/cash-closing-dashboard","event":"CASH_CLOSING_DASHBOARD_QUERY_STARTED","filters":{"cluster":"","branch":"","fromDate":"","toDate":"","status":""},"timestamp":"2026-08-04T12:37:38.870Z"}
4/8/2026, 6:07:38 pm | {"api":"/api/cash-closing-dashboard","event":"CASH_CLOSING_DASHBOARD_DATA_FETCHED","totalRecords":56,"timestamp":"2026-08-04T12:37:38.877Z"}
4/8/2026, 6:07:38 pm | {"api":"/api/cash-closing-dashboard","event":"CASH_CLOSING_CLUSTER_FETCHED","totalClusters":5,"timestamp":"2026-08-04T12:37:38.881Z"}
4/8/2026, 6:07:38 pm | {"api":"/api/cash-closing-dashboard","event":"CASH_CLOSING_BRANCH_FETCHED","totalBranches":62,"timestamp":"2026-08-04T12:37:38.885Z"}
4/8/2026, 6:07:38 pm | {"api":"/api/cash-closing-dashboard","event":"CASH_CLOSING_DASHBOARD_SUCCESS","totalRecords":56,"filters":{"cluster":"","branch":"","fromDate":"","toDate":"","status":""},"timestamp":"2026-08-04T12:37:38.885Z"}
4/8/2026, 6:07:39 pm | {"api":"/api/cash-closing-dashboard","event":"CASH_CLOSING_DASHBOARD_API_STARTED","filters":{"cluster":"","branch":"","fromDate":"","toDate":"","status":""},"timestamp":"2026-08-04T12:37:39.124Z"}
4/8/2026, 6:07:39 pm | {"api":"/api/cash-closing-dashboard","event":"CASH_CLOSING_DASHBOARD_DB_CONNECTED","timestamp":"2026-08-04T12:37:39.125Z"}
4/8/2026, 6:07:39 pm | {"api":"/api/cash-closing-dashboard","event":"CASH_CLOSING_DASHBOARD_QUERY_STARTED","filters":{"cluster":"","branch":"","fromDate":"","toDate":"","status":""},"timestamp":"2026-08-04T12:37:39.126Z"}
4/8/2026, 6:07:39 pm | {"api":"/api/cash-closing-dashboard","event":"CASH_CLOSING_DASHBOARD_DATA_FETCHED","totalRecords":56,"timestamp":"2026-08-04T12:37:39.134Z"}
4/8/2026, 6:07:39 pm | {"api":"/api/cash-closing-dashboard","event":"CASH_CLOSING_CLUSTER_FETCHED","totalClusters":5,"timestamp":"2026-08-04T12:37:39.137Z"}
4/8/2026, 6:07:39 pm | {"api":"/api/cash-closing-dashboard","event":"CASH_CLOSING_BRANCH_FETCHED","totalBranches":62,"timestamp":"2026-08-04T12:37:39.141Z"}
4/8/2026, 6:07:39 pm | {"api":"/api/cash-closing-dashboard","event":"CASH_CLOSING_DASHBOARD_SUCCESS","totalRecords":56,"filters":{"cluster":"","branch":"","fromDate":"","toDate":"","status":""},"timestamp":"2026-08-04T12:37:39.142Z"}
4/8/2026, 6:07:39 pm | {"api":"/api/cash-closing-dashboard","event":"CASH_CLOSING_DASHBOARD_API_STARTED","filters":{"cluster":"","branch":"","fromDate":"","toDate":"","status":""},"timestamp":"2026-08-04T12:37:39.261Z"}
4/8/2026, 6:07:39 pm | {"api":"/api/cash-closing-dashboard","event":"CASH_CLOSING_DASHBOARD_DB_CONNECTED","timestamp":"2026-08-04T12:37:39.262Z"}
4/8/2026, 6:07:39 pm | {"api":"/api/cash-closing-dashboard","event":"CASH_CLOSING_DASHBOARD_QUERY_STARTED","filters":{"cluster":"","branch":"","fromDate":"","toDate":"","status":""},"timestamp":"2026-08-04T12:37:39.263Z"}
4/8/2026, 6:07:39 pm | {"api":"/api/cash-closing-dashboard","event":"CASH_CLOSING_DASHBOARD_DATA_FETCHED","totalRecords":56,"timestamp":"2026-08-04T12:37:39.270Z"}
4/8/2026, 6:07:39 pm | {"api":"/api/cash-closing-dashboard","event":"CASH_CLOSING_CLUSTER_FETCHED","totalClusters":5,"timestamp":"2026-08-04T12:37:39.274Z"}
4/8/2026, 6:07:39 pm | {"api":"/api/cash-closing-dashboard","event":"CASH_CLOSING_BRANCH_FETCHED","totalBranches":62,"timestamp":"2026-08-04T12:37:39.277Z"}
4/8/2026, 6:07:39 pm | {"api":"/api/cash-closing-dashboard","event":"CASH_CLOSING_DASHBOARD_SUCCESS","totalRecords":56,"filters":{"cluster":"","branch":"","fromDate":"","toDate":"","status":""},"timestamp":"2026-08-04T12:37:39.277Z"}
4/8/2026, 6:07:47 pm | {"api":"/api/cash-closing-dashboard","event":"CASH_CLOSING_DASHBOARD_API_STARTED","filters":{"cluster":"","branch":"","fromDate":"","toDate":"","status":""},"timestamp":"2026-08-04T12:37:47.839Z"}
4/8/2026, 6:07:47 pm | {"api":"/api/cash-closing-dashboard","event":"CASH_CLOSING_DASHBOARD_DB_CONNECTED","timestamp":"2026-08-04T12:37:47.840Z"}
4/8/2026, 6:07:47 pm | {"api":"/api/cash-closing-dashboard","event":"CASH_CLOSING_DASHBOARD_QUERY_STARTED","filters":{"cluster":"","branch":"","fromDate":"","toDate":"","status":""},"timestamp":"2026-08-04T12:37:47.841Z"}
4/8/2026, 6:07:47 pm | {"api":"/api/cash-closing-dashboard","event":"CASH_CLOSING_DASHBOARD_DATA_FETCHED","totalRecords":56,"timestamp":"2026-08-04T12:37:47.847Z"}
4/8/2026, 6:07:47 pm | {"api":"/api/cash-closing-dashboard","event":"CASH_CLOSING_CLUSTER_FETCHED","totalClusters":5,"timestamp":"2026-08-04T12:37:47.851Z"}
4/8/2026, 6:07:47 pm | {"api":"/api/cash-closing-dashboard","event":"CASH_CLOSING_BRANCH_FETCHED","totalBranches":62,"timestamp":"2026-08-04T12:37:47.854Z"}
4/8/2026, 6:07:47 pm | {"api":"/api/cash-closing-dashboard","event":"CASH_CLOSING_DASHBOARD_SUCCESS","totalRecords":56,"filters":{"cluster":"","branch":"","fromDate":"","toDate":"","status":""},"timestamp":"2026-08-04T12:37:47.854Z"}
4/8/2026, 6:07:47 pm | {"api":"/api/cash-closing-dashboard","event":"CASH_CLOSING_DASHBOARD_API_STARTED","filters":{"cluster":"","branch":"","fromDate":"","toDate":"","status":""},"timestamp":"2026-08-04T12:37:47.998Z"}
4/8/2026, 6:07:47 pm | {"api":"/api/cash-closing-dashboard","event":"CASH_CLOSING_DASHBOARD_DB_CONNECTED","timestamp":"2026-08-04T12:37:47.999Z"}
4/8/2026, 6:07:47 pm | {"api":"/api/cash-closing-dashboard","event":"CASH_CLOSING_DASHBOARD_QUERY_STARTED","filters":{"cluster":"","branch":"","fromDate":"","toDate":"","status":""},"timestamp":"2026-08-04T12:37:47.999Z"}
4/8/2026, 6:07:48 pm | {"api":"/api/cash-closing-dashboard","event":"CASH_CLOSING_DASHBOARD_DATA_FETCHED","totalRecords":56,"timestamp":"2026-08-04T12:37:48.008Z"}
4/8/2026, 6:07:48 pm | {"api":"/api/cash-closing-dashboard","event":"CASH_CLOSING_CLUSTER_FETCHED","totalClusters":5,"timestamp":"2026-08-04T12:37:48.011Z"}
4/8/2026, 6:07:48 pm | {"api":"/api/cash-closing-dashboard","event":"CASH_CLOSING_BRANCH_FETCHED","totalBranches":62,"timestamp":"2026-08-04T12:37:48.015Z"}
4/8/2026, 6:07:48 pm | {"api":"/api/cash-closing-dashboard","event":"CASH_CLOSING_DASHBOARD_SUCCESS","totalRecords":56,"filters":{"cluster":"","branch":"","fromDate":"","toDate":"","status":""},"timestamp":"2026-08-04T12:37:48.016Z"}
4/8/2026, 6:07:48 pm | {"api":"/api/cash-closing-dashboard","event":"CASH_CLOSING_DASHBOARD_API_STARTED","filters":{"cluster":"","branch":"","fromDate":"","toDate":"","status":""},"timestamp":"2026-08-04T12:37:48.182Z"}
4/8/2026, 6:07:48 pm | {"api":"/api/cash-closing-dashboard","event":"CASH_CLOSING_DASHBOARD_DB_CONNECTED","timestamp":"2026-08-04T12:37:48.183Z"}
4/8/2026, 6:07:48 pm | {"api":"/api/cash-closing-dashboard","event":"CASH_CLOSING_DASHBOARD_QUERY_STARTED","filters":{"cluster":"","branch":"","fromDate":"","toDate":"","status":""},"timestamp":"2026-08-04T12:37:48.184Z"}
4/8/2026, 6:07:48 pm | {"api":"/api/cash-closing-dashboard","event":"CASH_CLOSING_DASHBOARD_DATA_FETCHED","totalRecords":56,"timestamp":"2026-08-04T12:37:48.189Z"}
4/8/2026, 6:07:48 pm | {"api":"/api/cash-closing-dashboard","event":"CASH_CLOSING_CLUSTER_FETCHED","totalClusters":5,"timestamp":"2026-08-04T12:37:48.193Z"}
4/8/2026, 6:07:48 pm | {"api":"/api/cash-closing-dashboard","event":"CASH_CLOSING_BRANCH_FETCHED","totalBranches":62,"timestamp":"2026-08-04T12:37:48.198Z"}
4/8/2026, 6:07:48 pm | {"api":"/api/cash-closing-dashboard","event":"CASH_CLOSING_DASHBOARD_SUCCESS","totalRecords":56,"filters":{"cluster":"","branch":"","fromDate":"","toDate":"","status":""},"timestamp":"2026-08-04T12:37:48.199Z"}
4/8/2026, 6:07:48 pm | {"api":"/api/cash-closing-dashboard","event":"CASH_CLOSING_DASHBOARD_API_STARTED","filters":{"cluster":"","branch":"","fromDate":"","toDate":"","status":""},"timestamp":"2026-08-04T12:37:48.588Z"}
4/8/2026, 6:07:48 pm | {"api":"/api/cash-closing-dashboard","event":"CASH_CLOSING_DASHBOARD_DB_CONNECTED","timestamp":"2026-08-04T12:37:48.590Z"}
4/8/2026, 6:07:48 pm | {"api":"/api/cash-closing-dashboard","event":"CASH_CLOSING_DASHBOARD_QUERY_STARTED","filters":{"cluster":"","branch":"","fromDate":"","toDate":"","status":""},"timestamp":"2026-08-04T12:37:48.590Z"}
4/8/2026, 6:07:48 pm | {"api":"/api/cash-closing-dashboard","event":"CASH_CLOSING_DASHBOARD_DATA_FETCHED","totalRecords":56,"timestamp":"2026-08-04T12:37:48.597Z"}
4/8/2026, 6:07:48 pm | {"api":"/api/cash-closing-dashboard","event":"CASH_CLOSING_CLUSTER_FETCHED","totalClusters":5,"timestamp":"2026-08-04T12:37:48.601Z"}
4/8/2026, 6:07:48 pm | {"api":"/api/cash-closing-dashboard","event":"CASH_CLOSING_BRANCH_FETCHED","totalBranches":62,"timestamp":"2026-08-04T12:37:48.604Z"}
4/8/2026, 6:07:48 pm | {"api":"/api/cash-closing-dashboard","event":"CASH_CLOSING_DASHBOARD_SUCCESS","totalRecords":56,"filters":{"cluster":"","branch":"","fromDate":"","toDate":"","status":""},"timestamp":"2026-08-04T12:37:48.605Z"}
4/8/2026, 6:07:48 pm | {"api":"/api/cash-closing-dashboard","event":"CASH_CLOSING_DASHBOARD_API_STARTED","filters":{"cluster":"","branch":"","fromDate":"","toDate":"","status":""},"timestamp":"2026-08-04T12:37:48.774Z"}
4/8/2026, 6:07:48 pm | {"api":"/api/cash-closing-dashboard","event":"CASH_CLOSING_DASHBOARD_DB_CONNECTED","timestamp":"2026-08-04T12:37:48.775Z"}
4/8/2026, 6:07:48 pm | {"api":"/api/cash-closing-dashboard","event":"CASH_CLOSING_DASHBOARD_QUERY_STARTED","filters":{"cluster":"","branch":"","fromDate":"","toDate":"","status":""},"timestamp":"2026-08-04T12:37:48.775Z"}
4/8/2026, 6:07:48 pm | {"api":"/api/cash-closing-dashboard","event":"CASH_CLOSING_DASHBOARD_DATA_FETCHED","totalRecords":56,"timestamp":"2026-08-04T12:37:48.783Z"}
4/8/2026, 6:07:48 pm | {"api":"/api/cash-closing-dashboard","event":"CASH_CLOSING_CLUSTER_FETCHED","totalClusters":5,"timestamp":"2026-08-04T12:37:48.786Z"}
4/8/2026, 6:07:48 pm | {"api":"/api/cash-closing-dashboard","event":"CASH_CLOSING_BRANCH_FETCHED","totalBranches":62,"timestamp":"2026-08-04T12:37:48.789Z"}
4/8/2026, 6:07:48 pm | {"api":"/api/cash-closing-dashboard","event":"CASH_CLOSING_DASHBOARD_SUCCESS","totalRecords":56,"filters":{"cluster":"","branch":"","fromDate":"","toDate":"","status":""},"timestamp":"2026-08-04T12:37:48.790Z"}
4/8/2026, 6:07:48 pm | {"api":"/api/cash-closing-dashboard","event":"CASH_CLOSING_DASHBOARD_API_STARTED","filters":{"cluster":"","branch":"","fromDate":"","toDate":"","status":""},"timestamp":"2026-08-04T12:37:48.926Z"}
4/8/2026, 6:07:48 pm | {"api":"/api/cash-closing-dashboard","event":"CASH_CLOSING_DASHBOARD_DB_CONNECTED","timestamp":"2026-08-04T12:37:48.927Z"}
4/8/2026, 6:07:48 pm | {"api":"/api/cash-closing-dashboard","event":"CASH_CLOSING_DASHBOARD_QUERY_STARTED","filters":{"cluster":"","branch":"","fromDate":"","toDate":"","status":""},"timestamp":"2026-08-04T12:37:48.927Z"}
4/8/2026, 6:07:48 pm | {"api":"/api/cash-closing-dashboard","event":"CASH_CLOSING_DASHBOARD_DATA_FETCHED","totalRecords":56,"timestamp":"2026-08-04T12:37:48.933Z"}
4/8/2026, 6:07:48 pm | {"api":"/api/cash-closing-dashboard","event":"CASH_CLOSING_CLUSTER_FETCHED","totalClusters":5,"timestamp":"2026-08-04T12:37:48.937Z"}
4/8/2026, 6:07:48 pm | {"api":"/api/cash-closing-dashboard","event":"CASH_CLOSING_BRANCH_FETCHED","totalBranches":62,"timestamp":"2026-08-04T12:37:48.940Z"}
4/8/2026, 6:07:48 pm | {"api":"/api/cash-closing-dashboard","event":"CASH_CLOSING_DASHBOARD_SUCCESS","totalRecords":56,"filters":{"cluster":"","branch":"","fromDate":"","toDate":"","status":""},"timestamp":"2026-08-04T12:37:48.941Z"}
4/8/2026, 6:08:06 pm | {"api":"/login","event":"LOGIN_API_STARTED","mpin":"2702","deviceId":"f6a3b291f7315431","timestamp":"2026-08-04T12:38:06.106Z"}
4/8/2026, 6:08:06 pm | {"event":"LOGIN_REQUEST","mpin":"2702","deviceId":"f6a3b291f7315431","timestamp":"2026-08-04T12:38:06.107Z"}
4/8/2026, 6:08:06 pm | {"api":"/login","event":"LOGIN_DB_QUERY_STARTED","mpin":"2702","timestamp":"2026-08-04T12:38:06.108Z"}
4/8/2026, 6:08:06 pm | {"api":"/login","event":"LOGIN_USER_FOUND","empNo":"601","branch":"Tuni","designation":"Branch Manager","timestamp":"2026-08-04T12:38:06.119Z"}
4/8/2026, 6:08:06 pm | {"api":"/login","event":"LOGIN_DEVICE_CHECK","empNo":"601","savedDevice":"f6a3b291f7315431","currentDevice":"f6a3b291f7315431","timestamp":"2026-08-04T12:38:06.120Z"}
4/8/2026, 6:08:06 pm | {"api":"/login","event":"LOGIN_SUCCESS","empNo":"601","branch":"Tuni","designation":"Branch Manager","loginTime":"2026-08-04T12:38:06.125Z"}
4/8/2026, 6:08:06 pm | {"api":"/employee/:empNo","event":"EMPLOYEE_API_STARTED","empNo":"601","timestamp":"2026-08-04T12:38:06.346Z"}
4/8/2026, 6:08:06 pm | {"api":"/employee/:empNo","event":"EMPLOYEE_DB_QUERY_STARTED","empNo":"601","timestamp":"2026-08-04T12:38:06.347Z"}
4/8/2026, 6:08:06 pm | {"api":"/employee/:empNo","event":"EMPLOYEE_FETCH_SUCCESS","empNo":"601","employeeName":"G Divya Raju","branch":"Tuni","designation":"Branch Manager","timestamp":"2026-08-04T12:38:06.352Z"}
4/8/2026, 6:08:06 pm | {"api":"/last-submission/:empNo","event":"LAST_SUBMISSION_API_STARTED","empNo":"601","timestamp":"2026-08-04T12:38:06.424Z"}
4/8/2026, 6:08:06 pm | {"api":"/last-submission/:empNo","event":"LAST_SUBMISSION_DB_QUERY_STARTED","empNo":"601","timestamp":"2026-08-04T12:38:06.425Z"}
4/8/2026, 6:08:06 pm | {"api":"/last-submission/:empNo","event":"LAST_SUBMISSION_FETCH_SUCCESS","empNo":"601","amount":799000,"actionAt":"2026-08-03 17:31:32","timestamp":"2026-08-04T12:38:06.431Z"}
4/8/2026, 6:08:06 pm | {"api":"/today-cash/:empNo","event":"TODAY_CASH_API_STARTED","empNo":"601","timestamp":"2026-08-04T12:38:06.589Z"}
4/8/2026, 6:08:06 pm | {"api":"/today-cash/:empNo","event":"TODAY_CASH_DB_QUERY_STARTED","empNo":"601","timestamp":"2026-08-04T12:38:06.590Z"}
4/8/2026, 6:08:06 pm | {"api":"/today-cash/:empNo","event":"TODAY_CASH_NOT_FOUND","empNo":"601","timestamp":"2026-08-04T12:38:06.595Z"}
4/8/2026, 6:08:13 pm | {"api":"/save-cash-closing","event":"SAVE_CASH_API_STARTED","empNo":"601","amount":"1200000","timestamp":"2026-08-04T12:38:13.703Z"}
4/8/2026, 6:08:13 pm | {"api":"/save-cash-closing","event":"PREVIOUS_DAY_RECORD_FOUND","empNo":"601","oldDate":"2026-08-03T00:00:00.000Z","amount":799000,"timestamp":"2026-08-04T12:38:13.710Z"}
4/8/2026, 6:08:13 pm | {"api":"/save-cash-closing","event":"PREVIOUS_DAY_MOVED_TO_HISTORY","empNo":"601","timestamp":"2026-08-04T12:38:13.716Z"}
4/8/2026, 6:08:13 pm | {"api":"/save-cash-closing","event":"PREVIOUS_DAY_DELETED","empNo":"601","timestamp":"2026-08-04T12:38:13.721Z"}
4/8/2026, 6:08:13 pm | {"api":"/save-cash-closing","event":"SAVE_CASH_NEW_ENTRY","empNo":"601","amount":"1200000","branch":"Tuni","timestamp":"2026-08-04T12:38:13.724Z"}
4/8/2026, 6:08:13 pm | {"api":"/save-cash-closing","event":"SAVE_CASH_HISTORY_INSERTED","empNo":"601","actionType":"ADDED","version":1,"timestamp":"2026-08-04T12:38:13.733Z"}
4/8/2026, 6:08:13 pm | {"api":"/save-cash-closing","event":"SAVE_CASH_SUCCESS","type":"INSERT","empNo":"601","amount":"1200000","timestamp":"2026-08-04T12:38:13.734Z"}
4/8/2026, 6:08:16 pm | {"api":"/save-cash-closing","event":"SAVE_CASH_API_STARTED","empNo":"601","amount":"1200000","timestamp":"2026-08-04T12:38:16.431Z"}
4/8/2026, 6:08:16 pm | {"api":"/save-cash-closing","event":"SAVE_CASH_UPDATE_STARTED","empNo":"601","oldAmount":1200000,"newAmount":"1200000","currentVersion":1,"nextVersion":2,"timestamp":"2026-08-04T12:38:16.438Z"}
4/8/2026, 6:08:16 pm | {"api":"/save-cash-closing","event":"SAVE_CASH_HISTORY_UPDATED","empNo":"601","version":2,"timestamp":"2026-08-04T12:38:16.449Z"}
4/8/2026, 6:08:16 pm | {"api":"/save-cash-closing","event":"SAVE_CASH_SUCCESS","type":"UPDATE","empNo":"601","amount":"1200000","version":2,"timestamp":"2026-08-04T12:38:16.450Z"}
4/8/2026, 6:08:33 pm | {"api":"/api/cash-closing-dashboard","event":"CASH_CLOSING_DASHBOARD_API_STARTED","filters":{"cluster":"","branch":"","fromDate":"","toDate":"","status":""},"timestamp":"2026-08-04T12:38:33.937Z"}
4/8/2026, 6:08:33 pm | {"api":"/api/cash-closing-dashboard","event":"CASH_CLOSING_DASHBOARD_DB_CONNECTED","timestamp":"2026-08-04T12:38:33.938Z"}
4/8/2026, 6:08:33 pm | {"api":"/api/cash-closing-dashboard","event":"CASH_CLOSING_DASHBOARD_QUERY_STARTED","filters":{"cluster":"","branch":"","fromDate":"","toDate":"","status":""},"timestamp":"2026-08-04T12:38:33.938Z"}
4/8/2026, 6:08:33 pm | {"api":"/api/cash-closing-dashboard","event":"CASH_CLOSING_DASHBOARD_DATA_FETCHED","totalRecords":56,"timestamp":"2026-08-04T12:38:33.947Z"}
4/8/2026, 6:08:33 pm | {"api":"/api/cash-closing-dashboard","event":"CASH_CLOSING_CLUSTER_FETCHED","totalClusters":5,"timestamp":"2026-08-04T12:38:33.950Z"}
4/8/2026, 6:08:33 pm | {"api":"/api/cash-closing-dashboard","event":"CASH_CLOSING_BRANCH_FETCHED","totalBranches":62,"timestamp":"2026-08-04T12:38:33.954Z"}
4/8/2026, 6:08:33 pm | {"api":"/api/cash-closing-dashboard","event":"CASH_CLOSING_DASHBOARD_SUCCESS","totalRecords":56,"filters":{"cluster":"","branch":"","fromDate":"","toDate":"","status":""},"timestamp":"2026-08-04T12:38:33.954Z"}
4/8/2026, 6:08:34 pm | {"api":"/api/cash-closing-dashboard","event":"CASH_CLOSING_DASHBOARD_API_STARTED","filters":{"cluster":"","branch":"","fromDate":"","toDate":"","status":""},"timestamp":"2026-08-04T12:38:34.014Z"}
4/8/2026, 6:08:34 pm | {"api":"/api/cash-closing-dashboard","event":"CASH_CLOSING_DASHBOARD_DB_CONNECTED","timestamp":"2026-08-04T12:38:34.015Z"}
4/8/2026, 6:08:34 pm | {"api":"/api/cash-closing-dashboard","event":"CASH_CLOSING_DASHBOARD_QUERY_STARTED","filters":{"cluster":"","branch":"","fromDate":"","toDate":"","status":""},"timestamp":"2026-08-04T12:38:34.015Z"}
4/8/2026, 6:08:34 pm | {"api":"/api/cash-closing-dashboard","event":"CASH_CLOSING_DASHBOARD_DATA_FETCHED","totalRecords":56,"timestamp":"2026-08-04T12:38:34.022Z"}
4/8/2026, 6:08:34 pm | {"api":"/api/cash-closing-dashboard","event":"CASH_CLOSING_CLUSTER_FETCHED","totalClusters":5,"timestamp":"2026-08-04T12:38:34.025Z"}
4/8/2026, 6:08:34 pm | {"api":"/api/cash-closing-dashboard","event":"CASH_CLOSING_BRANCH_FETCHED","totalBranches":62,"timestamp":"2026-08-04T12:38:34.029Z"}
4/8/2026, 6:08:34 pm | {"api":"/api/cash-closing-dashboard","event":"CASH_CLOSING_DASHBOARD_SUCCESS","totalRecords":56,"filters":{"cluster":"","branch":"","fromDate":"","toDate":"","status":""},"timestamp":"2026-08-04T12:38:34.029Z"}
4/8/2026, 6:08:34 pm | {"api":"/api/cash-closing-dashboard","event":"CASH_CLOSING_DASHBOARD_API_STARTED","filters":{"cluster":"","branch":"","fromDate":"","toDate":"","status":""},"timestamp":"2026-08-04T12:38:34.156Z"}
4/8/2026, 6:08:34 pm | {"api":"/api/cash-closing-dashboard","event":"CASH_CLOSING_DASHBOARD_DB_CONNECTED","timestamp":"2026-08-04T12:38:34.157Z"}
4/8/2026, 6:08:34 pm | {"api":"/api/cash-closing-dashboard","event":"CASH_CLOSING_DASHBOARD_QUERY_STARTED","filters":{"cluster":"","branch":"","fromDate":"","toDate":"","status":""},"timestamp":"2026-08-04T12:38:34.157Z"}
4/8/2026, 6:08:34 pm | {"api":"/api/cash-closing-dashboard","event":"CASH_CLOSING_DASHBOARD_DATA_FETCHED","totalRecords":56,"timestamp":"2026-08-04T12:38:34.165Z"}
4/8/2026, 6:08:34 pm | {"api":"/api/cash-closing-dashboard","event":"CASH_CLOSING_CLUSTER_FETCHED","totalClusters":5,"timestamp":"2026-08-04T12:38:34.170Z"}
4/8/2026, 6:08:34 pm | {"api":"/api/cash-closing-dashboard","event":"CASH_CLOSING_BRANCH_FETCHED","totalBranches":62,"timestamp":"2026-08-04T12:38:34.173Z"}
4/8/2026, 6:08:34 pm | {"api":"/api/cash-closing-dashboard","event":"CASH_CLOSING_DASHBOARD_SUCCESS","totalRecords":56,"filters":{"cluster":"","branch":"","fromDate":"","toDate":"","status":""},"timestamp":"2026-08-04T12:38:34.174Z"}
4/8/2026, 6:08:34 pm | {"api":"/api/cash-closing-dashboard","event":"CASH_CLOSING_DASHBOARD_API_STARTED","filters":{"cluster":"","branch":"","fromDate":"","toDate":"","status":""},"timestamp":"2026-08-04T12:38:34.406Z"}
4/8/2026, 6:08:34 pm | {"api":"/api/cash-closing-dashboard","event":"CASH_CLOSING_DASHBOARD_DB_CONNECTED","timestamp":"2026-08-04T12:38:34.407Z"}
4/8/2026, 6:08:34 pm | {"api":"/api/cash-closing-dashboard","event":"CASH_CLOSING_DASHBOARD_QUERY_STARTED","filters":{"cluster":"","branch":"","fromDate":"","toDate":"","status":""},"timestamp":"2026-08-04T12:38:34.408Z"}
4/8/2026, 6:08:34 pm | {"api":"/api/cash-closing-dashboard","event":"CASH_CLOSING_DASHBOARD_DATA_FETCHED","totalRecords":56,"timestamp":"2026-08-04T12:38:34.415Z"}
4/8/2026, 6:08:34 pm | {"api":"/api/cash-closing-dashboard","event":"CASH_CLOSING_CLUSTER_FETCHED","totalClusters":5,"timestamp":"2026-08-04T12:38:34.418Z"}
4/8/2026, 6:08:34 pm | {"api":"/api/cash-closing-dashboard","event":"CASH_CLOSING_BRANCH_FETCHED","totalBranches":62,"timestamp":"2026-08-04T12:38:34.422Z"}
4/8/2026, 6:08:34 pm | {"api":"/api/cash-closing-dashboard","event":"CASH_CLOSING_DASHBOARD_SUCCESS","totalRecords":56,"filters":{"cluster":"","branch":"","fromDate":"","toDate":"","status":""},"timestamp":"2026-08-04T12:38:34.422Z"}
4/8/2026, 6:08:34 pm | {"api":"/api/cash-closing-dashboard","event":"CASH_CLOSING_DASHBOARD_API_STARTED","filters":{"cluster":"","branch":"","fromDate":"","toDate":"","status":""},"timestamp":"2026-08-04T12:38:34.629Z"}
4/8/2026, 6:08:34 pm | {"api":"/api/cash-closing-dashboard","event":"CASH_CLOSING_DASHBOARD_DB_CONNECTED","timestamp":"2026-08-04T12:38:34.630Z"}
4/8/2026, 6:08:34 pm | {"api":"/api/cash-closing-dashboard","event":"CASH_CLOSING_DASHBOARD_QUERY_STARTED","filters":{"cluster":"","branch":"","fromDate":"","toDate":"","status":""},"timestamp":"2026-08-04T12:38:34.631Z"}
4/8/2026, 6:08:34 pm | {"api":"/api/cash-closing-dashboard","event":"CASH_CLOSING_DASHBOARD_DATA_FETCHED","totalRecords":56,"timestamp":"2026-08-04T12:38:34.639Z"}
4/8/2026, 6:08:34 pm | {"api":"/api/cash-closing-dashboard","event":"CASH_CLOSING_CLUSTER_FETCHED","totalClusters":5,"timestamp":"2026-08-04T12:38:34.642Z"}
4/8/2026, 6:08:34 pm | {"api":"/api/cash-closing-dashboard","event":"CASH_CLOSING_BRANCH_FETCHED","totalBranches":62,"timestamp":"2026-08-04T12:38:34.645Z"}
4/8/2026, 6:08:34 pm | {"api":"/api/cash-closing-dashboard","event":"CASH_CLOSING_DASHBOARD_SUCCESS","totalRecords":56,"filters":{"cluster":"","branch":"","fromDate":"","toDate":"","status":""},"timestamp":"2026-08-04T12:38:34.646Z"}
4/8/2026, 6:08:43 pm | {"api":"/api/cash-closing-dashboard","event":"CASH_CLOSING_DASHBOARD_API_STARTED","filters":{"cluster":"","branch":"","fromDate":"","toDate":"","status":""},"timestamp":"2026-08-04T12:38:43.772Z"}
4/8/2026, 6:08:43 pm | {"api":"/api/cash-closing-dashboard","event":"CASH_CLOSING_DASHBOARD_DB_CONNECTED","timestamp":"2026-08-04T12:38:43.773Z"}
4/8/2026, 6:08:43 pm | {"api":"/api/cash-closing-dashboard","event":"CASH_CLOSING_DASHBOARD_QUERY_STARTED","filters":{"cluster":"","branch":"","fromDate":"","toDate":"","status":""},"timestamp":"2026-08-04T12:38:43.774Z"}
4/8/2026, 6:08:43 pm | {"api":"/api/cash-closing-dashboard","event":"CASH_CLOSING_DASHBOARD_DATA_FETCHED","totalRecords":56,"timestamp":"2026-08-04T12:38:43.781Z"}
4/8/2026, 6:08:43 pm | {"api":"/api/cash-closing-dashboard","event":"CASH_CLOSING_CLUSTER_FETCHED","totalClusters":5,"timestamp":"2026-08-04T12:38:43.784Z"}
4/8/2026, 6:08:43 pm | {"api":"/api/cash-closing-dashboard","event":"CASH_CLOSING_BRANCH_FETCHED","totalBranches":62,"timestamp":"2026-08-04T12:38:43.787Z"}
4/8/2026, 6:08:43 pm | {"api":"/api/cash-closing-dashboard","event":"CASH_CLOSING_DASHBOARD_SUCCESS","totalRecords":56,"filters":{"cluster":"","branch":"","fromDate":"","toDate":"","status":""},"timestamp":"2026-08-04T12:38:43.788Z"}
4/8/2026, 6:08:43 pm | {"api":"/api/cash-closing-dashboard","event":"CASH_CLOSING_DASHBOARD_API_STARTED","filters":{"cluster":"","branch":"","fromDate":"","toDate":"","status":""},"timestamp":"2026-08-04T12:38:43.925Z"}
4/8/2026, 6:08:43 pm | {"api":"/api/cash-closing-dashboard","event":"CASH_CLOSING_DASHBOARD_DB_CONNECTED","timestamp":"2026-08-04T12:38:43.925Z"}
4/8/2026, 6:08:43 pm | {"api":"/api/cash-closing-dashboard","event":"CASH_CLOSING_DASHBOARD_QUERY_STARTED","filters":{"cluster":"","branch":"","fromDate":"","toDate":"","status":""},"timestamp":"2026-08-04T12:38:43.926Z"}
4/8/2026, 6:08:43 pm | {"api":"/api/cash-closing-dashboard","event":"CASH_CLOSING_DASHBOARD_DATA_FETCHED","totalRecords":56,"timestamp":"2026-08-04T12:38:43.934Z"}
4/8/2026, 6:08:43 pm | {"api":"/api/cash-closing-dashboard","event":"CASH_CLOSING_CLUSTER_FETCHED","totalClusters":5,"timestamp":"2026-08-04T12:38:43.938Z"}
4/8/2026, 6:08:43 pm | {"api":"/api/cash-closing-dashboard","event":"CASH_CLOSING_BRANCH_FETCHED","totalBranches":62,"timestamp":"2026-08-04T12:38:43.942Z"}
4/8/2026, 6:08:43 pm | {"api":"/api/cash-closing-dashboard","event":"CASH_CLOSING_DASHBOARD_SUCCESS","totalRecords":56,"filters":{"cluster":"","branch":"","fromDate":"","toDate":"","status":""},"timestamp":"2026-08-04T12:38:43.942Z"}
4/8/2026, 6:08:44 pm | {"api":"/api/cash-closing-dashboard","event":"CASH_CLOSING_DASHBOARD_API_STARTED","filters":{"cluster":"","branch":"","fromDate":"","toDate":"","status":""},"timestamp":"2026-08-04T12:38:44.083Z"}
4/8/2026, 6:08:44 pm | {"api":"/api/cash-closing-dashboard","event":"CASH_CLOSING_DASHBOARD_DB_CONNECTED","timestamp":"2026-08-04T12:38:44.085Z"}
4/8/2026, 6:08:44 pm | {"api":"/api/cash-closing-dashboard","event":"CASH_CLOSING_DASHBOARD_QUERY_STARTED","filters":{"cluster":"","branch":"","fromDate":"","toDate":"","status":""},"timestamp":"2026-08-04T12:38:44.088Z"}
4/8/2026, 6:08:44 pm | {"api":"/api/cash-closing-dashboard","event":"CASH_CLOSING_DASHBOARD_DATA_FETCHED","totalRecords":56,"timestamp":"2026-08-04T12:38:44.096Z"}
4/8/2026, 6:08:44 pm | {"api":"/api/cash-closing-dashboard","event":"CASH_CLOSING_CLUSTER_FETCHED","totalClusters":5,"timestamp":"2026-08-04T12:38:44.099Z"}
4/8/2026, 6:08:44 pm | {"api":"/api/cash-closing-dashboard","event":"CASH_CLOSING_BRANCH_FETCHED","totalBranches":62,"timestamp":"2026-08-04T12:38:44.103Z"}
4/8/2026, 6:08:44 pm | {"api":"/api/cash-closing-dashboard","event":"CASH_CLOSING_DASHBOARD_SUCCESS","totalRecords":56,"filters":{"cluster":"","branch":"","fromDate":"","toDate":"","status":""},"timestamp":"2026-08-04T12:38:44.104Z"}
4/8/2026, 6:08:44 pm | {"api":"/api/cash-closing-dashboard","event":"CASH_CLOSING_DASHBOARD_API_STARTED","filters":{"cluster":"","branch":"","fromDate":"","toDate":"","status":""},"timestamp":"2026-08-04T12:38:44.205Z"}
4/8/2026, 6:08:44 pm | {"api":"/api/cash-closing-dashboard","event":"CASH_CLOSING_DASHBOARD_DB_CONNECTED","timestamp":"2026-08-04T12:38:44.206Z"}
4/8/2026, 6:08:44 pm | {"api":"/api/cash-closing-dashboard","event":"CASH_CLOSING_DASHBOARD_QUERY_STARTED","filters":{"cluster":"","branch":"","fromDate":"","toDate":"","status":""},"timestamp":"2026-08-04T12:38:44.206Z"}
4/8/2026, 6:08:44 pm | {"api":"/api/cash-closing-dashboard","event":"CASH_CLOSING_DASHBOARD_DATA_FETCHED","totalRecords":56,"timestamp":"2026-08-04T12:38:44.220Z"}
4/8/2026, 6:08:44 pm | {"api":"/api/cash-closing-dashboard","event":"CASH_CLOSING_CLUSTER_FETCHED","totalClusters":5,"timestamp":"2026-08-04T12:38:44.224Z"}
4/8/2026, 6:08:44 pm | {"api":"/api/cash-closing-dashboard","event":"CASH_CLOSING_BRANCH_FETCHED","totalBranches":62,"timestamp":"2026-08-04T12:38:44.228Z"}
4/8/2026, 6:08:44 pm | {"api":"/api/cash-closing-dashboard","event":"CASH_CLOSING_DASHBOARD_SUCCESS","totalRecords":56,"filters":{"cluster":"","branch":"","fromDate":"","toDate":"","status":""},"timestamp":"2026-08-04T12:38:44.229Z"}
4/8/2026, 6:08:44 pm | {"api":"/api/cash-closing-dashboard","event":"CASH_CLOSING_DASHBOARD_API_STARTED","filters":{"cluster":"","branch":"","fromDate":"","toDate":"","status":""},"timestamp":"2026-08-04T12:38:44.355Z"}
4/8/2026, 6:08:44 pm | {"api":"/api/cash-closing-dashboard","event":"CASH_CLOSING_DASHBOARD_DB_CONNECTED","timestamp":"2026-08-04T12:38:44.356Z"}
4/8/2026, 6:08:44 pm | {"api":"/api/cash-closing-dashboard","event":"CASH_CLOSING_DASHBOARD_QUERY_STARTED","filters":{"cluster":"","branch":"","fromDate":"","toDate":"","status":""},"timestamp":"2026-08-04T12:38:44.357Z"}
4/8/2026, 6:08:44 pm | {"api":"/api/cash-closing-dashboard","event":"CASH_CLOSING_DASHBOARD_DATA_FETCHED","totalRecords":56,"timestamp":"2026-08-04T12:38:44.365Z"}
4/8/2026, 6:08:44 pm | {"api":"/api/cash-closing-dashboard","event":"CASH_CLOSING_CLUSTER_FETCHED","totalClusters":5,"timestamp":"2026-08-04T12:38:44.370Z"}
4/8/2026, 6:08:44 pm | {"api":"/api/cash-closing-dashboard","event":"CASH_CLOSING_BRANCH_FETCHED","totalBranches":62,"timestamp":"2026-08-04T12:38:44.373Z"}
4/8/2026, 6:08:44 pm | {"api":"/api/cash-closing-dashboard","event":"CASH_CLOSING_DASHBOARD_SUCCESS","totalRecords":56,"filters":{"cluster":"","branch":"","fromDate":"","toDate":"","status":""},"timestamp":"2026-08-04T12:38:44.374Z"}
4/8/2026, 6:08:58 pm | {"api":"/api/cash-closing-dashboard","event":"CASH_CLOSING_DASHBOARD_API_STARTED","filters":{"cluster":"","branch":"","fromDate":"","toDate":"","status":""},"timestamp":"2026-08-04T12:38:58.037Z"}
4/8/2026, 6:08:58 pm | {"api":"/api/cash-closing-dashboard","event":"CASH_CLOSING_DASHBOARD_DB_CONNECTED","timestamp":"2026-08-04T12:38:58.038Z"}
4/8/2026, 6:08:58 pm | {"api":"/api/cash-closing-dashboard","event":"CASH_CLOSING_DASHBOARD_QUERY_STARTED","filters":{"cluster":"","branch":"","fromDate":"","toDate":"","status":""},"timestamp":"2026-08-04T12:38:58.039Z"}
4/8/2026, 6:08:58 pm | {"api":"/api/cash-closing-dashboard","event":"CASH_CLOSING_DASHBOARD_DATA_FETCHED","totalRecords":56,"timestamp":"2026-08-04T12:38:58.046Z"}
4/8/2026, 6:08:58 pm | {"api":"/api/cash-closing-dashboard","event":"CASH_CLOSING_CLUSTER_FETCHED","totalClusters":5,"timestamp":"2026-08-04T12:38:58.050Z"}
4/8/2026, 6:08:58 pm | {"api":"/api/cash-closing-dashboard","event":"CASH_CLOSING_BRANCH_FETCHED","totalBranches":62,"timestamp":"2026-08-04T12:38:58.053Z"}
4/8/2026, 6:08:58 pm | {"api":"/api/cash-closing-dashboard","event":"CASH_CLOSING_DASHBOARD_SUCCESS","totalRecords":56,"filters":{"cluster":"","branch":"","fromDate":"","toDate":"","status":""},"timestamp":"2026-08-04T12:38:58.054Z"}
4/8/2026, 6:08:58 pm | {"api":"/api/cash-closing-dashboard","event":"CASH_CLOSING_DASHBOARD_API_STARTED","filters":{"cluster":"","branch":"","fromDate":"","toDate":"","status":""},"timestamp":"2026-08-04T12:38:58.198Z"}
4/8/2026, 6:08:58 pm | {"api":"/api/cash-closing-dashboard","event":"CASH_CLOSING_DASHBOARD_DB_CONNECTED","timestamp":"2026-08-04T12:38:58.199Z"}
4/8/2026, 6:08:58 pm | {"api":"/api/cash-closing-dashboard","event":"CASH_CLOSING_DASHBOARD_QUERY_STARTED","filters":{"cluster":"","branch":"","fromDate":"","toDate":"","status":""},"timestamp":"2026-08-04T12:38:58.199Z"}
4/8/2026, 6:08:58 pm | {"api":"/api/cash-closing-dashboard","event":"CASH_CLOSING_DASHBOARD_DATA_FETCHED","totalRecords":56,"timestamp":"2026-08-04T12:38:58.206Z"}
4/8/2026, 6:08:58 pm | {"api":"/api/cash-closing-dashboard","event":"CASH_CLOSING_CLUSTER_FETCHED","totalClusters":5,"timestamp":"2026-08-04T12:38:58.210Z"}
4/8/2026, 6:08:58 pm | {"api":"/api/cash-closing-dashboard","event":"CASH_CLOSING_BRANCH_FETCHED","totalBranches":62,"timestamp":"2026-08-04T12:38:58.214Z"}
4/8/2026, 6:08:58 pm | {"api":"/api/cash-closing-dashboard","event":"CASH_CLOSING_DASHBOARD_SUCCESS","totalRecords":56,"filters":{"cluster":"","branch":"","fromDate":"","toDate":"","status":""},"timestamp":"2026-08-04T12:38:58.214Z"}
4/8/2026, 6:08:58 pm | {"api":"/api/cash-closing-dashboard","event":"CASH_CLOSING_DASHBOARD_API_STARTED","filters":{"cluster":"","branch":"","fromDate":"","toDate":"","status":""},"timestamp":"2026-08-04T12:38:58.363Z"}
4/8/2026, 6:08:58 pm | {"api":"/api/cash-closing-dashboard","event":"CASH_CLOSING_DASHBOARD_DB_CONNECTED","timestamp":"2026-08-04T12:38:58.364Z"}
4/8/2026, 6:08:58 pm | {"api":"/api/cash-closing-dashboard","event":"CASH_CLOSING_DASHBOARD_QUERY_STARTED","filters":{"cluster":"","branch":"","fromDate":"","toDate":"","status":""},"timestamp":"2026-08-04T12:38:58.365Z"}
4/8/2026, 6:08:58 pm | {"api":"/api/cash-closing-dashboard","event":"CASH_CLOSING_DASHBOARD_DATA_FETCHED","totalRecords":56,"timestamp":"2026-08-04T12:38:58.373Z"}
4/8/2026, 6:08:58 pm | {"api":"/api/cash-closing-dashboard","event":"CASH_CLOSING_CLUSTER_FETCHED","totalClusters":5,"timestamp":"2026-08-04T12:38:58.377Z"}
4/8/2026, 6:08:58 pm | {"api":"/api/cash-closing-dashboard","event":"CASH_CLOSING_BRANCH_FETCHED","totalBranches":62,"timestamp":"2026-08-04T12:38:58.381Z"}
4/8/2026, 6:08:58 pm | {"api":"/api/cash-closing-dashboard","event":"CASH_CLOSING_DASHBOARD_SUCCESS","totalRecords":56,"filters":{"cluster":"","branch":"","fromDate":"","toDate":"","status":""},"timestamp":"2026-08-04T12:38:58.382Z"}
4/8/2026, 6:09:02 pm | {"api":"/api/cash-closing-dashboard","event":"CASH_CLOSING_DASHBOARD_API_STARTED","filters":{"cluster":"","branch":"","fromDate":"","toDate":"","status":""},"timestamp":"2026-08-04T12:39:02.413Z"}
4/8/2026, 6:09:02 pm | {"api":"/api/cash-closing-dashboard","event":"CASH_CLOSING_DASHBOARD_DB_CONNECTED","timestamp":"2026-08-04T12:39:02.414Z"}
4/8/2026, 6:09:02 pm | {"api":"/api/cash-closing-dashboard","event":"CASH_CLOSING_DASHBOARD_QUERY_STARTED","filters":{"cluster":"","branch":"","fromDate":"","toDate":"","status":""},"timestamp":"2026-08-04T12:39:02.415Z"}
4/8/2026, 6:09:02 pm | {"api":"/api/cash-closing-dashboard","event":"CASH_CLOSING_DASHBOARD_DATA_FETCHED","totalRecords":56,"timestamp":"2026-08-04T12:39:02.422Z"}
4/8/2026, 6:09:02 pm | {"api":"/api/cash-closing-dashboard","event":"CASH_CLOSING_CLUSTER_FETCHED","totalClusters":5,"timestamp":"2026-08-04T12:39:02.425Z"}
4/8/2026, 6:09:02 pm | {"api":"/api/cash-closing-dashboard","event":"CASH_CLOSING_BRANCH_FETCHED","totalBranches":62,"timestamp":"2026-08-04T12:39:02.428Z"}
4/8/2026, 6:09:02 pm | {"api":"/api/cash-closing-dashboard","event":"CASH_CLOSING_DASHBOARD_SUCCESS","totalRecords":56,"filters":{"cluster":"","branch":"","fromDate":"","toDate":"","status":""},"timestamp":"2026-08-04T12:39:02.429Z"}
4/8/2026, 6:09:02 pm | {"api":"/api/cash-closing-dashboard","event":"CASH_CLOSING_DASHBOARD_API_STARTED","filters":{"cluster":"","branch":"","fromDate":"","toDate":"","status":""},"timestamp":"2026-08-04T12:39:02.572Z"}
4/8/2026, 6:09:02 pm | {"api":"/api/cash-closing-dashboard","event":"CASH_CLOSING_DASHBOARD_DB_CONNECTED","timestamp":"2026-08-04T12:39:02.573Z"}
4/8/2026, 6:09:02 pm | {"api":"/api/cash-closing-dashboard","event":"CASH_CLOSING_DASHBOARD_QUERY_STARTED","filters":{"cluster":"","branch":"","fromDate":"","toDate":"","status":""},"timestamp":"2026-08-04T12:39:02.574Z"}
4/8/2026, 6:09:02 pm | {"api":"/api/cash-closing-dashboard","event":"CASH_CLOSING_DASHBOARD_DATA_FETCHED","totalRecords":56,"timestamp":"2026-08-04T12:39:02.581Z"}
4/8/2026, 6:09:02 pm | {"api":"/api/cash-closing-dashboard","event":"CASH_CLOSING_CLUSTER_FETCHED","totalClusters":5,"timestamp":"2026-08-04T12:39:02.584Z"}
4/8/2026, 6:09:02 pm | {"api":"/api/cash-closing-dashboard","event":"CASH_CLOSING_BRANCH_FETCHED","totalBranches":62,"timestamp":"2026-08-04T12:39:02.588Z"}
4/8/2026, 6:09:02 pm | {"api":"/api/cash-closing-dashboard","event":"CASH_CLOSING_DASHBOARD_SUCCESS","totalRecords":56,"filters":{"cluster":"","branch":"","fromDate":"","toDate":"","status":""},"timestamp":"2026-08-04T12:39:02.588Z"}
4/8/2026, 6:09:02 pm | {"api":"/api/cash-closing-dashboard","event":"CASH_CLOSING_DASHBOARD_API_STARTED","filters":{"cluster":"","branch":"","fromDate":"","toDate":"","status":""},"timestamp":"2026-08-04T12:39:02.757Z"}
4/8/2026, 6:09:02 pm | {"api":"/api/cash-closing-dashboard","event":"CASH_CLOSING_DASHBOARD_DB_CONNECTED","timestamp":"2026-08-04T12:39:02.758Z"}
4/8/2026, 6:09:02 pm | {"api":"/api/cash-closing-dashboard","event":"CASH_CLOSING_DASHBOARD_QUERY_STARTED","filters":{"cluster":"","branch":"","fromDate":"","toDate":"","status":""},"timestamp":"2026-08-04T12:39:02.758Z"}
4/8/2026, 6:09:02 pm | {"api":"/api/cash-closing-dashboard","event":"CASH_CLOSING_DASHBOARD_DATA_FETCHED","totalRecords":56,"timestamp":"2026-08-04T12:39:02.766Z"}
4/8/2026, 6:09:02 pm | {"api":"/api/cash-closing-dashboard","event":"CASH_CLOSING_CLUSTER_FETCHED","totalClusters":5,"timestamp":"2026-08-04T12:39:02.769Z"}
4/8/2026, 6:09:02 pm | {"api":"/api/cash-closing-dashboard","event":"CASH_CLOSING_BRANCH_FETCHED","totalBranches":62,"timestamp":"2026-08-04T12:39:02.772Z"}
4/8/2026, 6:09:02 pm | {"api":"/api/cash-closing-dashboard","event":"CASH_CLOSING_DASHBOARD_SUCCESS","totalRecords":56,"filters":{"cluster":"","branch":"","fromDate":"","toDate":"","status":""},"timestamp":"2026-08-04T12:39:02.773Z"}
4/8/2026, 6:09:02 pm | {"api":"/api/cash-closing-dashboard","event":"CASH_CLOSING_DASHBOARD_API_STARTED","filters":{"cluster":"","branch":"","fromDate":"","toDate":"","status":""},"timestamp":"2026-08-04T12:39:02.917Z"}
4/8/2026, 6:09:02 pm | {"api":"/api/cash-closing-dashboard","event":"CASH_CLOSING_DASHBOARD_DB_CONNECTED","timestamp":"2026-08-04T12:39:02.918Z"}
4/8/2026, 6:09:02 pm | {"api":"/api/cash-closing-dashboard","event":"CASH_CLOSING_DASHBOARD_QUERY_STARTED","filters":{"cluster":"","branch":"","fromDate":"","toDate":"","status":""},"timestamp":"2026-08-04T12:39:02.918Z"}
4/8/2026, 6:09:02 pm | {"api":"/api/cash-closing-dashboard","event":"CASH_CLOSING_DASHBOARD_DATA_FETCHED","totalRecords":56,"timestamp":"2026-08-04T12:39:02.925Z"}
4/8/2026, 6:09:02 pm | {"api":"/api/cash-closing-dashboard","event":"CASH_CLOSING_CLUSTER_FETCHED","totalClusters":5,"timestamp":"2026-08-04T12:39:02.929Z"}
4/8/2026, 6:09:02 pm | {"api":"/api/cash-closing-dashboard","event":"CASH_CLOSING_BRANCH_FETCHED","totalBranches":62,"timestamp":"2026-08-04T12:39:02.933Z"}
4/8/2026, 6:09:02 pm | {"api":"/api/cash-closing-dashboard","event":"CASH_CLOSING_DASHBOARD_SUCCESS","totalRecords":56,"filters":{"cluster":"","branch":"","fromDate":"","toDate":"","status":""},"timestamp":"2026-08-04T12:39:02.934Z"}
4/8/2026, 6:09:03 pm | {"api":"/api/cash-closing-dashboard","event":"CASH_CLOSING_DASHBOARD_API_STARTED","filters":{"cluster":"","branch":"","fromDate":"","toDate":"","status":""},"timestamp":"2026-08-04T12:39:03.012Z"}
4/8/2026, 6:09:03 pm | {"api":"/api/cash-closing-dashboard","event":"CASH_CLOSING_DASHBOARD_DB_CONNECTED","timestamp":"2026-08-04T12:39:03.012Z"}
4/8/2026, 6:09:03 pm | {"api":"/api/cash-closing-dashboard","event":"CASH_CLOSING_DASHBOARD_QUERY_STARTED","filters":{"cluster":"","branch":"","fromDate":"","toDate":"","status":""},"timestamp":"2026-08-04T12:39:03.013Z"}
4/8/2026, 6:09:03 pm | {"api":"/api/cash-closing-dashboard","event":"CASH_CLOSING_DASHBOARD_DATA_FETCHED","totalRecords":56,"timestamp":"2026-08-04T12:39:03.021Z"}
4/8/2026, 6:09:03 pm | {"api":"/api/cash-closing-dashboard","event":"CASH_CLOSING_CLUSTER_FETCHED","totalClusters":5,"timestamp":"2026-08-04T12:39:03.024Z"}
4/8/2026, 6:09:03 pm | {"api":"/api/cash-closing-dashboard","event":"CASH_CLOSING_BRANCH_FETCHED","totalBranches":62,"timestamp":"2026-08-04T12:39:03.028Z"}
4/8/2026, 6:09:03 pm | {"api":"/api/cash-closing-dashboard","event":"CASH_CLOSING_DASHBOARD_SUCCESS","totalRecords":56,"filters":{"cluster":"","branch":"","fromDate":"","toDate":"","status":""},"timestamp":"2026-08-04T12:39:03.028Z"}
4/8/2026, 6:09:57 pm | {"api":"/api/cash-closing-dashboard","event":"CASH_CLOSING_DASHBOARD_API_STARTED","filters":{"cluster":"","branch":"","fromDate":"","toDate":"","status":""},"timestamp":"2026-08-04T12:39:57.464Z"}
4/8/2026, 6:09:57 pm | {"api":"/api/cash-closing-dashboard","event":"CASH_CLOSING_DASHBOARD_DB_CONNECTED","timestamp":"2026-08-04T12:39:57.465Z"}
4/8/2026, 6:09:57 pm | {"api":"/api/cash-closing-dashboard","event":"CASH_CLOSING_DASHBOARD_QUERY_STARTED","filters":{"cluster":"","branch":"","fromDate":"","toDate":"","status":""},"timestamp":"2026-08-04T12:39:57.466Z"}
4/8/2026, 6:09:57 pm | {"api":"/api/cash-closing-dashboard","event":"CASH_CLOSING_DASHBOARD_DATA_FETCHED","totalRecords":56,"timestamp":"2026-08-04T12:39:57.481Z"}
4/8/2026, 6:09:57 pm | {"api":"/api/cash-closing-dashboard","event":"CASH_CLOSING_CLUSTER_FETCHED","totalClusters":5,"timestamp":"2026-08-04T12:39:57.485Z"}
4/8/2026, 6:09:57 pm | {"api":"/api/cash-closing-dashboard","event":"CASH_CLOSING_BRANCH_FETCHED","totalBranches":62,"timestamp":"2026-08-04T12:39:57.488Z"}
4/8/2026, 6:09:57 pm | {"api":"/api/cash-closing-dashboard","event":"CASH_CLOSING_DASHBOARD_SUCCESS","totalRecords":56,"filters":{"cluster":"","branch":"","fromDate":"","toDate":"","status":""},"timestamp":"2026-08-04T12:39:57.489Z"}
4/8/2026, 6:09:57 pm | {"api":"/api/cash-closing-dashboard","event":"CASH_CLOSING_DASHBOARD_API_STARTED","filters":{"cluster":"","branch":"","fromDate":"","toDate":"","status":""},"timestamp":"2026-08-04T12:39:57.551Z"}
4/8/2026, 6:09:57 pm | {"api":"/api/cash-closing-dashboard","event":"CASH_CLOSING_DASHBOARD_DB_CONNECTED","timestamp":"2026-08-04T12:39:57.552Z"}
4/8/2026, 6:09:57 pm | {"api":"/api/cash-closing-dashboard","event":"CASH_CLOSING_DASHBOARD_QUERY_STARTED","filters":{"cluster":"","branch":"","fromDate":"","toDate":"","status":""},"timestamp":"2026-08-04T12:39:57.553Z"}
4/8/2026, 6:09:57 pm | {"api":"/api/cash-closing-dashboard","event":"CASH_CLOSING_DASHBOARD_DATA_FETCHED","totalRecords":56,"timestamp":"2026-08-04T12:39:57.560Z"}
4/8/2026, 6:09:57 pm | {"api":"/api/cash-closing-dashboard","event":"CASH_CLOSING_CLUSTER_FETCHED","totalClusters":5,"timestamp":"2026-08-04T12:39:57.564Z"}
4/8/2026, 6:09:57 pm | {"api":"/api/cash-closing-dashboard","event":"CASH_CLOSING_BRANCH_FETCHED","totalBranches":62,"timestamp":"2026-08-04T12:39:57.568Z"}
4/8/2026, 6:09:57 pm | {"api":"/api/cash-closing-dashboard","event":"CASH_CLOSING_DASHBOARD_SUCCESS","totalRecords":56,"filters":{"cluster":"","branch":"","fromDate":"","toDate":"","status":""},"timestamp":"2026-08-04T12:39:57.568Z"}
4/8/2026, 6:09:57 pm | {"api":"/api/cash-closing-dashboard","event":"CASH_CLOSING_DASHBOARD_API_STARTED","filters":{"cluster":"","branch":"","fromDate":"","toDate":"","status":""},"timestamp":"2026-08-04T12:39:57.679Z"}
4/8/2026, 6:09:57 pm | {"api":"/api/cash-closing-dashboard","event":"CASH_CLOSING_DASHBOARD_DB_CONNECTED","timestamp":"2026-08-04T12:39:57.680Z"}
4/8/2026, 6:09:57 pm | {"api":"/api/cash-closing-dashboard","event":"CASH_CLOSING_DASHBOARD_QUERY_STARTED","filters":{"cluster":"","branch":"","fromDate":"","toDate":"","status":""},"timestamp":"2026-08-04T12:39:57.680Z"}
4/8/2026, 6:09:57 pm | {"api":"/api/cash-closing-dashboard","event":"CASH_CLOSING_DASHBOARD_DATA_FETCHED","totalRecords":56,"timestamp":"2026-08-04T12:39:57.686Z"}
4/8/2026, 6:09:57 pm | {"api":"/api/cash-closing-dashboard","event":"CASH_CLOSING_CLUSTER_FETCHED","totalClusters":5,"timestamp":"2026-08-04T12:39:57.690Z"}
4/8/2026, 6:09:57 pm | {"api":"/api/cash-closing-dashboard","event":"CASH_CLOSING_BRANCH_FETCHED","totalBranches":62,"timestamp":"2026-08-04T12:39:57.693Z"}
4/8/2026, 6:09:57 pm | {"api":"/api/cash-closing-dashboard","event":"CASH_CLOSING_DASHBOARD_SUCCESS","totalRecords":56,"filters":{"cluster":"","branch":"","fromDate":"","toDate":"","status":""},"timestamp":"2026-08-04T12:39:57.694Z"}
4/8/2026, 6:09:57 pm | {"api":"/api/cash-closing-dashboard","event":"CASH_CLOSING_DASHBOARD_API_STARTED","filters":{"cluster":"","branch":"","fromDate":"","toDate":"","status":""},"timestamp":"2026-08-04T12:39:57.822Z"}
4/8/2026, 6:09:57 pm | {"api":"/api/cash-closing-dashboard","event":"CASH_CLOSING_DASHBOARD_DB_CONNECTED","timestamp":"2026-08-04T12:39:57.823Z"}
4/8/2026, 6:09:57 pm | {"api":"/api/cash-closing-dashboard","event":"CASH_CLOSING_DASHBOARD_QUERY_STARTED","filters":{"cluster":"","branch":"","fromDate":"","toDate":"","status":""},"timestamp":"2026-08-04T12:39:57.824Z"}
4/8/2026, 6:09:57 pm | {"api":"/api/cash-closing-dashboard","event":"CASH_CLOSING_DASHBOARD_DATA_FETCHED","totalRecords":56,"timestamp":"2026-08-04T12:39:57.831Z"}
4/8/2026, 6:09:57 pm | {"api":"/api/cash-closing-dashboard","event":"CASH_CLOSING_CLUSTER_FETCHED","totalClusters":5,"timestamp":"2026-08-04T12:39:57.834Z"}
4/8/2026, 6:09:57 pm | {"api":"/api/cash-closing-dashboard","event":"CASH_CLOSING_BRANCH_FETCHED","totalBranches":62,"timestamp":"2026-08-04T12:39:57.837Z"}
4/8/2026, 6:09:57 pm | {"api":"/api/cash-closing-dashboard","event":"CASH_CLOSING_DASHBOARD_SUCCESS","totalRecords":56,"filters":{"cluster":"","branch":"","fromDate":"","toDate":"","status":""},"timestamp":"2026-08-04T12:39:57.838Z"}
4/8/2026, 6:10:20 pm | {"api":"/api/cash-closing-dashboard","event":"CASH_CLOSING_DASHBOARD_API_STARTED","filters":{"cluster":"","branch":"","fromDate":"","toDate":"","status":""},"timestamp":"2026-08-04T12:40:20.664Z"}
4/8/2026, 6:10:20 pm | {"api":"/api/cash-closing-dashboard","event":"CASH_CLOSING_DASHBOARD_DB_CONNECTED","timestamp":"2026-08-04T12:40:20.665Z"}
4/8/2026, 6:10:20 pm | {"api":"/api/cash-closing-dashboard","event":"CASH_CLOSING_DASHBOARD_QUERY_STARTED","filters":{"cluster":"","branch":"","fromDate":"","toDate":"","status":""},"timestamp":"2026-08-04T12:40:20.666Z"}
4/8/2026, 6:10:20 pm | {"api":"/api/cash-closing-dashboard","event":"CASH_CLOSING_DASHBOARD_DATA_FETCHED","totalRecords":56,"timestamp":"2026-08-04T12:40:20.673Z"}
4/8/2026, 6:10:20 pm | {"api":"/api/cash-closing-dashboard","event":"CASH_CLOSING_CLUSTER_FETCHED","totalClusters":5,"timestamp":"2026-08-04T12:40:20.677Z"}
4/8/2026, 6:10:20 pm | {"api":"/api/cash-closing-dashboard","event":"CASH_CLOSING_BRANCH_FETCHED","totalBranches":62,"timestamp":"2026-08-04T12:40:20.681Z"}
4/8/2026, 6:10:20 pm | {"api":"/api/cash-closing-dashboard","event":"CASH_CLOSING_DASHBOARD_SUCCESS","totalRecords":56,"filters":{"cluster":"","branch":"","fromDate":"","toDate":"","status":""},"timestamp":"2026-08-04T12:40:20.681Z"}
4/8/2026, 6:10:20 pm | {"api":"/api/cash-closing-dashboard","event":"CASH_CLOSING_DASHBOARD_API_STARTED","filters":{"cluster":"","branch":"","fromDate":"","toDate":"","status":""},"timestamp":"2026-08-04T12:40:20.778Z"}
4/8/2026, 6:10:20 pm | {"api":"/api/cash-closing-dashboard","event":"CASH_CLOSING_DASHBOARD_DB_CONNECTED","timestamp":"2026-08-04T12:40:20.780Z"}
4/8/2026, 6:10:20 pm | {"api":"/api/cash-closing-dashboard","event":"CASH_CLOSING_DASHBOARD_QUERY_STARTED","filters":{"cluster":"","branch":"","fromDate":"","toDate":"","status":""},"timestamp":"2026-08-04T12:40:20.780Z"}
4/8/2026, 6:10:20 pm | {"api":"/api/cash-closing-dashboard","event":"CASH_CLOSING_DASHBOARD_DATA_FETCHED","totalRecords":56,"timestamp":"2026-08-04T12:40:20.788Z"}
4/8/2026, 6:10:20 pm | {"api":"/api/cash-closing-dashboard","event":"CASH_CLOSING_CLUSTER_FETCHED","totalClusters":5,"timestamp":"2026-08-04T12:40:20.792Z"}
4/8/2026, 6:10:20 pm | {"api":"/api/cash-closing-dashboard","event":"CASH_CLOSING_BRANCH_FETCHED","totalBranches":62,"timestamp":"2026-08-04T12:40:20.795Z"}
4/8/2026, 6:10:20 pm | {"api":"/api/cash-closing-dashboard","event":"CASH_CLOSING_DASHBOARD_SUCCESS","totalRecords":56,"filters":{"cluster":"","branch":"","fromDate":"","toDate":"","status":""},"timestamp":"2026-08-04T12:40:20.795Z"}
4/8/2026, 6:10:20 pm | {"api":"/api/cash-closing-dashboard","event":"CASH_CLOSING_DASHBOARD_API_STARTED","filters":{"cluster":"","branch":"","fromDate":"","toDate":"","status":""},"timestamp":"2026-08-04T12:40:20.939Z"}
4/8/2026, 6:10:20 pm | {"api":"/api/cash-closing-dashboard","event":"CASH_CLOSING_DASHBOARD_DB_CONNECTED","timestamp":"2026-08-04T12:40:20.940Z"}
4/8/2026, 6:10:20 pm | {"api":"/api/cash-closing-dashboard","event":"CASH_CLOSING_DASHBOARD_QUERY_STARTED","filters":{"cluster":"","branch":"","fromDate":"","toDate":"","status":""},"timestamp":"2026-08-04T12:40:20.941Z"}
4/8/2026, 6:10:20 pm | {"api":"/api/cash-closing-dashboard","event":"CASH_CLOSING_DASHBOARD_DATA_FETCHED","totalRecords":56,"timestamp":"2026-08-04T12:40:20.951Z"}
4/8/2026, 6:10:20 pm | {"api":"/api/cash-closing-dashboard","event":"CASH_CLOSING_CLUSTER_FETCHED","totalClusters":5,"timestamp":"2026-08-04T12:40:20.955Z"}
4/8/2026, 6:10:20 pm | {"api":"/api/cash-closing-dashboard","event":"CASH_CLOSING_BRANCH_FETCHED","totalBranches":62,"timestamp":"2026-08-04T12:40:20.959Z"}
4/8/2026, 6:10:20 pm | {"api":"/api/cash-closing-dashboard","event":"CASH_CLOSING_DASHBOARD_SUCCESS","totalRecords":56,"filters":{"cluster":"","branch":"","fromDate":"","toDate":"","status":""},"timestamp":"2026-08-04T12:40:20.959Z"}
4/8/2026, 6:10:21 pm | {"api":"/api/cash-closing-dashboard","event":"CASH_CLOSING_DASHBOARD_API_STARTED","filters":{"cluster":"","branch":"","fromDate":"","toDate":"","status":""},"timestamp":"2026-08-04T12:40:21.074Z"}
4/8/2026, 6:10:21 pm | {"api":"/api/cash-closing-dashboard","event":"CASH_CLOSING_DASHBOARD_DB_CONNECTED","timestamp":"2026-08-04T12:40:21.075Z"}
4/8/2026, 6:10:21 pm | {"api":"/api/cash-closing-dashboard","event":"CASH_CLOSING_DASHBOARD_QUERY_STARTED","filters":{"cluster":"","branch":"","fromDate":"","toDate":"","status":""},"timestamp":"2026-08-04T12:40:21.076Z"}
4/8/2026, 6:10:21 pm | {"api":"/api/cash-closing-dashboard","event":"CASH_CLOSING_DASHBOARD_DATA_FETCHED","totalRecords":56,"timestamp":"2026-08-04T12:40:21.084Z"}
4/8/2026, 6:10:21 pm | {"api":"/api/cash-closing-dashboard","event":"CASH_CLOSING_CLUSTER_FETCHED","totalClusters":5,"timestamp":"2026-08-04T12:40:21.088Z"}
4/8/2026, 6:10:21 pm | {"api":"/api/cash-closing-dashboard","event":"CASH_CLOSING_BRANCH_FETCHED","totalBranches":62,"timestamp":"2026-08-04T12:40:21.091Z"}
4/8/2026, 6:10:21 pm | {"api":"/api/cash-closing-dashboard","event":"CASH_CLOSING_DASHBOARD_SUCCESS","totalRecords":56,"filters":{"cluster":"","branch":"","fromDate":"","toDate":"","status":""},"timestamp":"2026-08-04T12:40:21.092Z"}
4/8/2026, 6:10:21 pm | {"api":"/api/cash-closing-dashboard","event":"CASH_CLOSING_DASHBOARD_API_STARTED","filters":{"cluster":"","branch":"","fromDate":"","toDate":"","status":""},"timestamp":"2026-08-04T12:40:21.211Z"}
4/8/2026, 6:10:21 pm | {"api":"/api/cash-closing-dashboard","event":"CASH_CLOSING_DASHBOARD_DB_CONNECTED","timestamp":"2026-08-04T12:40:21.212Z"}
4/8/2026, 6:10:21 pm | {"api":"/api/cash-closing-dashboard","event":"CASH_CLOSING_DASHBOARD_QUERY_STARTED","filters":{"cluster":"","branch":"","fromDate":"","toDate":"","status":""},"timestamp":"2026-08-04T12:40:21.212Z"}
4/8/2026, 6:10:21 pm | {"api":"/api/cash-closing-dashboard","event":"CASH_CLOSING_DASHBOARD_DATA_FETCHED","totalRecords":56,"timestamp":"2026-08-04T12:40:21.220Z"}
4/8/2026, 6:10:21 pm | {"api":"/api/cash-closing-dashboard","event":"CASH_CLOSING_CLUSTER_FETCHED","totalClusters":5,"timestamp":"2026-08-04T12:40:21.224Z"}
4/8/2026, 6:10:21 pm | {"api":"/api/cash-closing-dashboard","event":"CASH_CLOSING_BRANCH_FETCHED","totalBranches":62,"timestamp":"2026-08-04T12:40:21.228Z"}
4/8/2026, 6:10:21 pm | {"api":"/api/cash-closing-dashboard","event":"CASH_CLOSING_DASHBOARD_SUCCESS","totalRecords":56,"filters":{"cluster":"","branch":"","fromDate":"","toDate":"","status":""},"timestamp":"2026-08-04T12:40:21.228Z"}
4/8/2026, 6:10:21 pm | {"api":"/api/cash-closing-dashboard","event":"CASH_CLOSING_DASHBOARD_API_STARTED","filters":{"cluster":"","branch":"","fromDate":"","toDate":"","status":""},"timestamp":"2026-08-04T12:40:21.458Z"}
4/8/2026, 6:10:21 pm | {"api":"/api/cash-closing-dashboard","event":"CASH_CLOSING_DASHBOARD_DB_CONNECTED","timestamp":"2026-08-04T12:40:21.459Z"}
4/8/2026, 6:10:21 pm | {"api":"/api/cash-closing-dashboard","event":"CASH_CLOSING_DASHBOARD_QUERY_STARTED","filters":{"cluster":"","branch":"","fromDate":"","toDate":"","status":""},"timestamp":"2026-08-04T12:40:21.460Z"}
4/8/2026, 6:10:21 pm | {"api":"/api/cash-closing-dashboard","event":"CASH_CLOSING_DASHBOARD_DATA_FETCHED","totalRecords":56,"timestamp":"2026-08-04T12:40:21.467Z"}
4/8/2026, 6:10:21 pm | {"api":"/api/cash-closing-dashboard","event":"CASH_CLOSING_CLUSTER_FETCHED","totalClusters":5,"timestamp":"2026-08-04T12:40:21.471Z"}
4/8/2026, 6:10:21 pm | {"api":"/api/cash-closing-dashboard","event":"CASH_CLOSING_BRANCH_FETCHED","totalBranches":62,"timestamp":"2026-08-04T12:40:21.474Z"}
4/8/2026, 6:10:21 pm | {"api":"/api/cash-closing-dashboard","event":"CASH_CLOSING_DASHBOARD_SUCCESS","totalRecords":56,"filters":{"cluster":"","branch":"","fromDate":"","toDate":"","status":""},"timestamp":"2026-08-04T12:40:21.475Z"}
4/8/2026, 6:10:21 pm | {"api":"/api/cash-closing-dashboard","event":"CASH_CLOSING_DASHBOARD_API_STARTED","filters":{"cluster":"","branch":"","fromDate":"","toDate":"","status":""},"timestamp":"2026-08-04T12:40:21.683Z"}
4/8/2026, 6:10:21 pm | {"api":"/api/cash-closing-dashboard","event":"CASH_CLOSING_DASHBOARD_DB_CONNECTED","timestamp":"2026-08-04T12:40:21.684Z"}
4/8/2026, 6:10:21 pm | {"api":"/api/cash-closing-dashboard","event":"CASH_CLOSING_DASHBOARD_QUERY_STARTED","filters":{"cluster":"","branch":"","fromDate":"","toDate":"","status":""},"timestamp":"2026-08-04T12:40:21.684Z"}
4/8/2026, 6:10:21 pm | {"api":"/api/cash-closing-dashboard","event":"CASH_CLOSING_DASHBOARD_DATA_FETCHED","totalRecords":56,"timestamp":"2026-08-04T12:40:21.692Z"}
4/8/2026, 6:10:21 pm | {"api":"/api/cash-closing-dashboard","event":"CASH_CLOSING_CLUSTER_FETCHED","totalClusters":5,"timestamp":"2026-08-04T12:40:21.696Z"}
4/8/2026, 6:10:21 pm | {"api":"/api/cash-closing-dashboard","event":"CASH_CLOSING_BRANCH_FETCHED","totalBranches":62,"timestamp":"2026-08-04T12:40:21.699Z"}
4/8/2026, 6:10:21 pm | {"api":"/api/cash-closing-dashboard","event":"CASH_CLOSING_DASHBOARD_SUCCESS","totalRecords":56,"filters":{"cluster":"","branch":"","fromDate":"","toDate":"","status":""},"timestamp":"2026-08-04T12:40:21.700Z"}
4/8/2026, 6:10:30 pm | {"api":"/api/cash-closing-dashboard","event":"CASH_CLOSING_DASHBOARD_API_STARTED","filters":{"cluster":"","branch":"","fromDate":"","toDate":"","status":""},"timestamp":"2026-08-04T12:40:30.751Z"}
4/8/2026, 6:10:30 pm | {"api":"/api/cash-closing-dashboard","event":"CASH_CLOSING_DASHBOARD_DB_CONNECTED","timestamp":"2026-08-04T12:40:30.752Z"}
4/8/2026, 6:10:30 pm | {"api":"/api/cash-closing-dashboard","event":"CASH_CLOSING_DASHBOARD_QUERY_STARTED","filters":{"cluster":"","branch":"","fromDate":"","toDate":"","status":""},"timestamp":"2026-08-04T12:40:30.753Z"}
4/8/2026, 6:10:30 pm | {"api":"/api/cash-closing-dashboard","event":"CASH_CLOSING_DASHBOARD_DATA_FETCHED","totalRecords":56,"timestamp":"2026-08-04T12:40:30.759Z"}
4/8/2026, 6:10:30 pm | {"api":"/api/cash-closing-dashboard","event":"CASH_CLOSING_CLUSTER_FETCHED","totalClusters":5,"timestamp":"2026-08-04T12:40:30.762Z"}
4/8/2026, 6:10:30 pm | {"api":"/api/cash-closing-dashboard","event":"CASH_CLOSING_BRANCH_FETCHED","totalBranches":62,"timestamp":"2026-08-04T12:40:30.765Z"}
4/8/2026, 6:10:30 pm | {"api":"/api/cash-closing-dashboard","event":"CASH_CLOSING_DASHBOARD_SUCCESS","totalRecords":56,"filters":{"cluster":"","branch":"","fromDate":"","toDate":"","status":""},"timestamp":"2026-08-04T12:40:30.766Z"}
4/8/2026, 6:10:30 pm | {"api":"/api/cash-closing-dashboard","event":"CASH_CLOSING_DASHBOARD_API_STARTED","filters":{"cluster":"","branch":"","fromDate":"","toDate":"","status":""},"timestamp":"2026-08-04T12:40:30.866Z"}
4/8/2026, 6:10:30 pm | {"api":"/api/cash-closing-dashboard","event":"CASH_CLOSING_DASHBOARD_DB_CONNECTED","timestamp":"2026-08-04T12:40:30.867Z"}
4/8/2026, 6:10:30 pm | {"api":"/api/cash-closing-dashboard","event":"CASH_CLOSING_DASHBOARD_QUERY_STARTED","filters":{"cluster":"","branch":"","fromDate":"","toDate":"","status":""},"timestamp":"2026-08-04T12:40:30.868Z"}
4/8/2026, 6:10:30 pm | {"api":"/api/cash-closing-dashboard","event":"CASH_CLOSING_DASHBOARD_DATA_FETCHED","totalRecords":56,"timestamp":"2026-08-04T12:40:30.875Z"}
4/8/2026, 6:10:30 pm | {"api":"/api/cash-closing-dashboard","event":"CASH_CLOSING_CLUSTER_FETCHED","totalClusters":5,"timestamp":"2026-08-04T12:40:30.879Z"}
4/8/2026, 6:10:30 pm | {"api":"/api/cash-closing-dashboard","event":"CASH_CLOSING_BRANCH_FETCHED","totalBranches":62,"timestamp":"2026-08-04T12:40:30.882Z"}
4/8/2026, 6:10:30 pm | {"api":"/api/cash-closing-dashboard","event":"CASH_CLOSING_DASHBOARD_SUCCESS","totalRecords":56,"filters":{"cluster":"","branch":"","fromDate":"","toDate":"","status":""},"timestamp":"2026-08-04T12:40:30.883Z"}
4/8/2026, 6:10:31 pm | {"api":"/api/cash-closing-dashboard","event":"CASH_CLOSING_DASHBOARD_API_STARTED","filters":{"cluster":"","branch":"","fromDate":"","toDate":"","status":""},"timestamp":"2026-08-04T12:40:31.034Z"}
4/8/2026, 6:10:31 pm | {"api":"/api/cash-closing-dashboard","event":"CASH_CLOSING_DASHBOARD_DB_CONNECTED","timestamp":"2026-08-04T12:40:31.035Z"}
4/8/2026, 6:10:31 pm | {"api":"/api/cash-closing-dashboard","event":"CASH_CLOSING_DASHBOARD_QUERY_STARTED","filters":{"cluster":"","branch":"","fromDate":"","toDate":"","status":""},"timestamp":"2026-08-04T12:40:31.036Z"}
4/8/2026, 6:10:31 pm | {"api":"/api/cash-closing-dashboard","event":"CASH_CLOSING_DASHBOARD_DATA_FETCHED","totalRecords":56,"timestamp":"2026-08-04T12:40:31.043Z"}
4/8/2026, 6:10:31 pm | {"api":"/api/cash-closing-dashboard","event":"CASH_CLOSING_CLUSTER_FETCHED","totalClusters":5,"timestamp":"2026-08-04T12:40:31.047Z"}
4/8/2026, 6:10:31 pm | {"api":"/api/cash-closing-dashboard","event":"CASH_CLOSING_BRANCH_FETCHED","totalBranches":62,"timestamp":"2026-08-04T12:40:31.050Z"}
4/8/2026, 6:10:31 pm | {"api":"/api/cash-closing-dashboard","event":"CASH_CLOSING_DASHBOARD_SUCCESS","totalRecords":56,"filters":{"cluster":"","branch":"","fromDate":"","toDate":"","status":""},"timestamp":"2026-08-04T12:40:31.051Z"}
4/8/2026, 6:10:31 pm | {"api":"/api/cash-closing-dashboard","event":"CASH_CLOSING_DASHBOARD_API_STARTED","filters":{"cluster":"","branch":"","fromDate":"","toDate":"","status":""},"timestamp":"2026-08-04T12:40:31.274Z"}
4/8/2026, 6:10:31 pm | {"api":"/api/cash-closing-dashboard","event":"CASH_CLOSING_DASHBOARD_DB_CONNECTED","timestamp":"2026-08-04T12:40:31.276Z"}
4/8/2026, 6:10:31 pm | {"api":"/api/cash-closing-dashboard","event":"CASH_CLOSING_DASHBOARD_QUERY_STARTED","filters":{"cluster":"","branch":"","fromDate":"","toDate":"","status":""},"timestamp":"2026-08-04T12:40:31.276Z"}
4/8/2026, 6:10:31 pm | {"api":"/api/cash-closing-dashboard","event":"CASH_CLOSING_DASHBOARD_DATA_FETCHED","totalRecords":56,"timestamp":"2026-08-04T12:40:31.285Z"}
4/8/2026, 6:10:31 pm | {"api":"/api/cash-closing-dashboard","event":"CASH_CLOSING_CLUSTER_FETCHED","totalClusters":5,"timestamp":"2026-08-04T12:40:31.288Z"}
4/8/2026, 6:10:31 pm | {"api":"/api/cash-closing-dashboard","event":"CASH_CLOSING_BRANCH_FETCHED","totalBranches":62,"timestamp":"2026-08-04T12:40:31.291Z"}
4/8/2026, 6:10:31 pm | {"api":"/api/cash-closing-dashboard","event":"CASH_CLOSING_DASHBOARD_SUCCESS","totalRecords":56,"filters":{"cluster":"","branch":"","fromDate":"","toDate":"","status":""},"timestamp":"2026-08-04T12:40:31.292Z"}
4/8/2026, 6:10:31 pm | {"api":"/api/cash-closing-dashboard","event":"CASH_CLOSING_DASHBOARD_API_STARTED","filters":{"cluster":"","branch":"","fromDate":"","toDate":"","status":""},"timestamp":"2026-08-04T12:40:31.434Z"}
4/8/2026, 6:10:31 pm | {"api":"/api/cash-closing-dashboard","event":"CASH_CLOSING_DASHBOARD_DB_CONNECTED","timestamp":"2026-08-04T12:40:31.436Z"}
4/8/2026, 6:10:31 pm | {"api":"/api/cash-closing-dashboard","event":"CASH_CLOSING_DASHBOARD_QUERY_STARTED","filters":{"cluster":"","branch":"","fromDate":"","toDate":"","status":""},"timestamp":"2026-08-04T12:40:31.436Z"}
4/8/2026, 6:10:31 pm | {"api":"/api/cash-closing-dashboard","event":"CASH_CLOSING_DASHBOARD_DATA_FETCHED","totalRecords":56,"timestamp":"2026-08-04T12:40:31.445Z"}
4/8/2026, 6:10:31 pm | {"api":"/api/cash-closing-dashboard","event":"CASH_CLOSING_CLUSTER_FETCHED","totalClusters":5,"timestamp":"2026-08-04T12:40:31.448Z"}
4/8/2026, 6:10:31 pm | {"api":"/api/cash-closing-dashboard","event":"CASH_CLOSING_BRANCH_FETCHED","totalBranches":62,"timestamp":"2026-08-04T12:40:31.452Z"}
4/8/2026, 6:10:31 pm | {"api":"/api/cash-closing-dashboard","event":"CASH_CLOSING_DASHBOARD_SUCCESS","totalRecords":56,"filters":{"cluster":"","branch":"","fromDate":"","toDate":"","status":""},"timestamp":"2026-08-04T12:40:31.452Z"}
4/8/2026, 6:10:31 pm | {"api":"/api/cash-closing-dashboard","event":"CASH_CLOSING_DASHBOARD_API_STARTED","filters":{"cluster":"","branch":"","fromDate":"","toDate":"","status":""},"timestamp":"2026-08-04T12:40:31.594Z"}
4/8/2026, 6:10:31 pm | {"api":"/api/cash-closing-dashboard","event":"CASH_CLOSING_DASHBOARD_DB_CONNECTED","timestamp":"2026-08-04T12:40:31.596Z"}
4/8/2026, 6:10:31 pm | {"api":"/api/cash-closing-dashboard","event":"CASH_CLOSING_DASHBOARD_QUERY_STARTED","filters":{"cluster":"","branch":"","fromDate":"","toDate":"","status":""},"timestamp":"2026-08-04T12:40:31.596Z"}
4/8/2026, 6:10:31 pm | {"api":"/api/cash-closing-dashboard","event":"CASH_CLOSING_DASHBOARD_DATA_FETCHED","totalRecords":56,"timestamp":"2026-08-04T12:40:31.603Z"}
4/8/2026, 6:10:31 pm | {"api":"/api/cash-closing-dashboard","event":"CASH_CLOSING_CLUSTER_FETCHED","totalClusters":5,"timestamp":"2026-08-04T12:40:31.606Z"}
4/8/2026, 6:10:31 pm | {"api":"/api/cash-closing-dashboard","event":"CASH_CLOSING_BRANCH_FETCHED","totalBranches":62,"timestamp":"2026-08-04T12:40:31.610Z"}
4/8/2026, 6:10:31 pm | {"api":"/api/cash-closing-dashboard","event":"CASH_CLOSING_DASHBOARD_SUCCESS","totalRecords":56,"filters":{"cluster":"","branch":"","fromDate":"","toDate":"","status":""},"timestamp":"2026-08-04T12:40:31.610Z"}
4/8/2026, 6:10:37 pm | {"api":"/api/cash-closing-dashboard","event":"CASH_CLOSING_DASHBOARD_API_STARTED","filters":{"cluster":"","branch":"","fromDate":"","toDate":"","status":""},"timestamp":"2026-08-04T12:40:37.109Z"}
4/8/2026, 6:10:37 pm | {"api":"/api/cash-closing-dashboard","event":"CASH_CLOSING_DASHBOARD_DB_CONNECTED","timestamp":"2026-08-04T12:40:37.110Z"}
4/8/2026, 6:10:37 pm | {"api":"/api/cash-closing-dashboard","event":"CASH_CLOSING_DASHBOARD_QUERY_STARTED","filters":{"cluster":"","branch":"","fromDate":"","toDate":"","status":""},"timestamp":"2026-08-04T12:40:37.111Z"}
4/8/2026, 6:10:37 pm | {"api":"/api/cash-closing-dashboard","event":"CASH_CLOSING_DASHBOARD_DATA_FETCHED","totalRecords":56,"timestamp":"2026-08-04T12:40:37.118Z"}
4/8/2026, 6:10:37 pm | {"api":"/api/cash-closing-dashboard","event":"CASH_CLOSING_CLUSTER_FETCHED","totalClusters":5,"timestamp":"2026-08-04T12:40:37.122Z"}
4/8/2026, 6:10:37 pm | {"api":"/api/cash-closing-dashboard","event":"CASH_CLOSING_BRANCH_FETCHED","totalBranches":62,"timestamp":"2026-08-04T12:40:37.126Z"}
4/8/2026, 6:10:37 pm | {"api":"/api/cash-closing-dashboard","event":"CASH_CLOSING_DASHBOARD_SUCCESS","totalRecords":56,"filters":{"cluster":"","branch":"","fromDate":"","toDate":"","status":""},"timestamp":"2026-08-04T12:40:37.127Z"}
4/8/2026, 6:10:37 pm | {"api":"/api/cash-closing-dashboard","event":"CASH_CLOSING_DASHBOARD_API_STARTED","filters":{"cluster":"","branch":"","fromDate":"","toDate":"","status":""},"timestamp":"2026-08-04T12:40:37.258Z"}
4/8/2026, 6:10:37 pm | {"api":"/api/cash-closing-dashboard","event":"CASH_CLOSING_DASHBOARD_DB_CONNECTED","timestamp":"2026-08-04T12:40:37.259Z"}
4/8/2026, 6:10:37 pm | {"api":"/api/cash-closing-dashboard","event":"CASH_CLOSING_DASHBOARD_QUERY_STARTED","filters":{"cluster":"","branch":"","fromDate":"","toDate":"","status":""},"timestamp":"2026-08-04T12:40:37.260Z"}
4/8/2026, 6:10:37 pm | {"api":"/api/cash-closing-dashboard","event":"CASH_CLOSING_DASHBOARD_DATA_FETCHED","totalRecords":56,"timestamp":"2026-08-04T12:40:37.267Z"}
4/8/2026, 6:10:37 pm | {"api":"/api/cash-closing-dashboard","event":"CASH_CLOSING_CLUSTER_FETCHED","totalClusters":5,"timestamp":"2026-08-04T12:40:37.271Z"}
4/8/2026, 6:10:37 pm | {"api":"/api/cash-closing-dashboard","event":"CASH_CLOSING_BRANCH_FETCHED","totalBranches":62,"timestamp":"2026-08-04T12:40:37.274Z"}
4/8/2026, 6:10:37 pm | {"api":"/api/cash-closing-dashboard","event":"CASH_CLOSING_DASHBOARD_SUCCESS","totalRecords":56,"filters":{"cluster":"","branch":"","fromDate":"","toDate":"","status":""},"timestamp":"2026-08-04T12:40:37.275Z"}
4/8/2026, 6:11:02 pm | {"api":"/api/cash-closing-dashboard","event":"CASH_CLOSING_DASHBOARD_API_STARTED","filters":{"cluster":"","branch":"","fromDate":"","toDate":"","status":""},"timestamp":"2026-08-04T12:41:02.653Z"}
4/8/2026, 6:11:02 pm | {"api":"/api/cash-closing-dashboard","event":"CASH_CLOSING_DASHBOARD_DB_CONNECTED","timestamp":"2026-08-04T12:41:02.654Z"}
4/8/2026, 6:11:02 pm | {"api":"/api/cash-closing-dashboard","event":"CASH_CLOSING_DASHBOARD_QUERY_STARTED","filters":{"cluster":"","branch":"","fromDate":"","toDate":"","status":""},"timestamp":"2026-08-04T12:41:02.654Z"}
4/8/2026, 6:11:02 pm | {"api":"/api/cash-closing-dashboard","event":"CASH_CLOSING_DASHBOARD_DATA_FETCHED","totalRecords":56,"timestamp":"2026-08-04T12:41:02.660Z"}
4/8/2026, 6:11:02 pm | {"api":"/api/cash-closing-dashboard","event":"CASH_CLOSING_CLUSTER_FETCHED","totalClusters":5,"timestamp":"2026-08-04T12:41:02.664Z"}
4/8/2026, 6:11:02 pm | {"api":"/api/cash-closing-dashboard","event":"CASH_CLOSING_BRANCH_FETCHED","totalBranches":62,"timestamp":"2026-08-04T12:41:02.667Z"}
4/8/2026, 6:11:02 pm | {"api":"/api/cash-closing-dashboard","event":"CASH_CLOSING_DASHBOARD_SUCCESS","totalRecords":56,"filters":{"cluster":"","branch":"","fromDate":"","toDate":"","status":""},"timestamp":"2026-08-04T12:41:02.668Z"}
4/8/2026, 6:11:02 pm | {"api":"/api/cash-closing-dashboard","event":"CASH_CLOSING_DASHBOARD_API_STARTED","filters":{"cluster":"","branch":"","fromDate":"","toDate":"","status":""},"timestamp":"2026-08-04T12:41:02.771Z"}
4/8/2026, 6:11:02 pm | {"api":"/api/cash-closing-dashboard","event":"CASH_CLOSING_DASHBOARD_DB_CONNECTED","timestamp":"2026-08-04T12:41:02.772Z"}
4/8/2026, 6:11:02 pm | {"api":"/api/cash-closing-dashboard","event":"CASH_CLOSING_DASHBOARD_QUERY_STARTED","filters":{"cluster":"","branch":"","fromDate":"","toDate":"","status":""},"timestamp":"2026-08-04T12:41:02.773Z"}
4/8/2026, 6:11:02 pm | {"api":"/api/cash-closing-dashboard","event":"CASH_CLOSING_DASHBOARD_DATA_FETCHED","totalRecords":56,"timestamp":"2026-08-04T12:41:02.781Z"}
4/8/2026, 6:11:02 pm | {"api":"/api/cash-closing-dashboard","event":"CASH_CLOSING_CLUSTER_FETCHED","totalClusters":5,"timestamp":"2026-08-04T12:41:02.785Z"}
4/8/2026, 6:11:02 pm | {"api":"/api/cash-closing-dashboard","event":"CASH_CLOSING_BRANCH_FETCHED","totalBranches":62,"timestamp":"2026-08-04T12:41:02.788Z"}
4/8/2026, 6:11:02 pm | {"api":"/api/cash-closing-dashboard","event":"CASH_CLOSING_DASHBOARD_SUCCESS","totalRecords":56,"filters":{"cluster":"","branch":"","fromDate":"","toDate":"","status":""},"timestamp":"2026-08-04T12:41:02.789Z"}
4/8/2026, 6:11:02 pm | {"api":"/api/cash-closing-dashboard","event":"CASH_CLOSING_DASHBOARD_API_STARTED","filters":{"cluster":"","branch":"","fromDate":"","toDate":"","status":""},"timestamp":"2026-08-04T12:41:02.941Z"}
4/8/2026, 6:11:02 pm | {"api":"/api/cash-closing-dashboard","event":"CASH_CLOSING_DASHBOARD_DB_CONNECTED","timestamp":"2026-08-04T12:41:02.942Z"}
4/8/2026, 6:11:02 pm | {"api":"/api/cash-closing-dashboard","event":"CASH_CLOSING_DASHBOARD_QUERY_STARTED","filters":{"cluster":"","branch":"","fromDate":"","toDate":"","status":""},"timestamp":"2026-08-04T12:41:02.943Z"}
4/8/2026, 6:11:02 pm | {"api":"/api/cash-closing-dashboard","event":"CASH_CLOSING_DASHBOARD_DATA_FETCHED","totalRecords":56,"timestamp":"2026-08-04T12:41:02.949Z"}
4/8/2026, 6:11:02 pm | {"api":"/api/cash-closing-dashboard","event":"CASH_CLOSING_CLUSTER_FETCHED","totalClusters":5,"timestamp":"2026-08-04T12:41:02.953Z"}
4/8/2026, 6:11:02 pm | {"api":"/api/cash-closing-dashboard","event":"CASH_CLOSING_BRANCH_FETCHED","totalBranches":62,"timestamp":"2026-08-04T12:41:02.956Z"}
4/8/2026, 6:11:02 pm | {"api":"/api/cash-closing-dashboard","event":"CASH_CLOSING_DASHBOARD_SUCCESS","totalRecords":56,"filters":{"cluster":"","branch":"","fromDate":"","toDate":"","status":""},"timestamp":"2026-08-04T12:41:02.957Z"}
4/8/2026, 6:11:03 pm | {"api":"/api/cash-closing-dashboard","event":"CASH_CLOSING_DASHBOARD_API_STARTED","filters":{"cluster":"","branch":"","fromDate":"","toDate":"","status":""},"timestamp":"2026-08-04T12:41:03.268Z"}
4/8/2026, 6:11:03 pm | {"api":"/api/cash-closing-dashboard","event":"CASH_CLOSING_DASHBOARD_DB_CONNECTED","timestamp":"2026-08-04T12:41:03.269Z"}
4/8/2026, 6:11:03 pm | {"api":"/api/cash-closing-dashboard","event":"CASH_CLOSING_DASHBOARD_QUERY_STARTED","filters":{"cluster":"","branch":"","fromDate":"","toDate":"","status":""},"timestamp":"2026-08-04T12:41:03.270Z"}
4/8/2026, 6:11:03 pm | {"api":"/api/cash-closing-dashboard","event":"CASH_CLOSING_DASHBOARD_DATA_FETCHED","totalRecords":56,"timestamp":"2026-08-04T12:41:03.278Z"}
4/8/2026, 6:11:03 pm | {"api":"/api/cash-closing-dashboard","event":"CASH_CLOSING_CLUSTER_FETCHED","totalClusters":5,"timestamp":"2026-08-04T12:41:03.282Z"}
4/8/2026, 6:11:03 pm | {"api":"/api/cash-closing-dashboard","event":"CASH_CLOSING_BRANCH_FETCHED","totalBranches":62,"timestamp":"2026-08-04T12:41:03.287Z"}
4/8/2026, 6:11:03 pm | {"api":"/api/cash-closing-dashboard","event":"CASH_CLOSING_DASHBOARD_SUCCESS","totalRecords":56,"filters":{"cluster":"","branch":"","fromDate":"","toDate":"","status":""},"timestamp":"2026-08-04T12:41:03.288Z"}
4/8/2026, 6:11:03 pm | {"api":"/api/cash-closing-dashboard","event":"CASH_CLOSING_DASHBOARD_API_STARTED","filters":{"cluster":"","branch":"","fromDate":"","toDate":"","status":""},"timestamp":"2026-08-04T12:41:03.452Z"}
4/8/2026, 6:11:03 pm | {"api":"/api/cash-closing-dashboard","event":"CASH_CLOSING_DASHBOARD_DB_CONNECTED","timestamp":"2026-08-04T12:41:03.453Z"}
4/8/2026, 6:11:03 pm | {"api":"/api/cash-closing-dashboard","event":"CASH_CLOSING_DASHBOARD_QUERY_STARTED","filters":{"cluster":"","branch":"","fromDate":"","toDate":"","status":""},"timestamp":"2026-08-04T12:41:03.453Z"}
4/8/2026, 6:11:03 pm | {"api":"/api/cash-closing-dashboard","event":"CASH_CLOSING_DASHBOARD_DATA_FETCHED","totalRecords":56,"timestamp":"2026-08-04T12:41:03.460Z"}
4/8/2026, 6:11:03 pm | {"api":"/api/cash-closing-dashboard","event":"CASH_CLOSING_CLUSTER_FETCHED","totalClusters":5,"timestamp":"2026-08-04T12:41:03.464Z"}
4/8/2026, 6:11:03 pm | {"api":"/api/cash-closing-dashboard","event":"CASH_CLOSING_BRANCH_FETCHED","totalBranches":62,"timestamp":"2026-08-04T12:41:03.468Z"}
4/8/2026, 6:11:03 pm | {"api":"/api/cash-closing-dashboard","event":"CASH_CLOSING_DASHBOARD_SUCCESS","totalRecords":56,"filters":{"cluster":"","branch":"","fromDate":"","toDate":"","status":""},"timestamp":"2026-08-04T12:41:03.469Z"}
4/8/2026, 6:11:12 pm | {"api":"/save-cash-closing","event":"SAVE_CASH_API_STARTED","empNo":"743","amount":"2500807","timestamp":"2026-08-04T12:41:12.643Z"}
4/8/2026, 6:11:12 pm | {"api":"/save-cash-closing","event":"PREVIOUS_DAY_RECORD_FOUND","empNo":"743","oldDate":"2026-08-03T00:00:00.000Z","amount":1800000,"timestamp":"2026-08-04T12:41:12.650Z"}
4/8/2026, 6:11:12 pm | {"api":"/save-cash-closing","event":"PREVIOUS_DAY_MOVED_TO_HISTORY","empNo":"743","timestamp":"2026-08-04T12:41:12.656Z"}
4/8/2026, 6:11:12 pm | {"api":"/save-cash-closing","event":"PREVIOUS_DAY_DELETED","empNo":"743","timestamp":"2026-08-04T12:41:12.662Z"}
4/8/2026, 6:11:12 pm | {"api":"/save-cash-closing","event":"SAVE_CASH_NEW_ENTRY","empNo":"743","amount":"2500807","branch":"Chintalapudi","timestamp":"2026-08-04T12:41:12.665Z"}
4/8/2026, 6:11:12 pm | {"api":"/save-cash-closing","event":"SAVE_CASH_HISTORY_INSERTED","empNo":"743","actionType":"ADDED","version":1,"timestamp":"2026-08-04T12:41:12.678Z"}
4/8/2026, 6:11:12 pm | {"api":"/save-cash-closing","event":"SAVE_CASH_SUCCESS","type":"INSERT","empNo":"743","amount":"2500807","timestamp":"2026-08-04T12:41:12.678Z"}
4/8/2026, 6:11:23 pm | {"api":"/api/cash-closing-dashboard","event":"CASH_CLOSING_DASHBOARD_API_STARTED","filters":{"cluster":"","branch":"","fromDate":"","toDate":"","status":""},"timestamp":"2026-08-04T12:41:23.174Z"}
4/8/2026, 6:11:23 pm | {"api":"/api/cash-closing-dashboard","event":"CASH_CLOSING_DASHBOARD_DB_CONNECTED","timestamp":"2026-08-04T12:41:23.175Z"}
4/8/2026, 6:11:23 pm | {"api":"/api/cash-closing-dashboard","event":"CASH_CLOSING_DASHBOARD_QUERY_STARTED","filters":{"cluster":"","branch":"","fromDate":"","toDate":"","status":""},"timestamp":"2026-08-04T12:41:23.176Z"}
4/8/2026, 6:11:23 pm | {"api":"/api/cash-closing-dashboard","event":"CASH_CLOSING_DASHBOARD_DATA_FETCHED","totalRecords":56,"timestamp":"2026-08-04T12:41:23.184Z"}
4/8/2026, 6:11:23 pm | {"api":"/api/cash-closing-dashboard","event":"CASH_CLOSING_CLUSTER_FETCHED","totalClusters":5,"timestamp":"2026-08-04T12:41:23.188Z"}
4/8/2026, 6:11:23 pm | {"api":"/api/cash-closing-dashboard","event":"CASH_CLOSING_BRANCH_FETCHED","totalBranches":62,"timestamp":"2026-08-04T12:41:23.192Z"}
4/8/2026, 6:11:23 pm | {"api":"/api/cash-closing-dashboard","event":"CASH_CLOSING_DASHBOARD_SUCCESS","totalRecords":56,"filters":{"cluster":"","branch":"","fromDate":"","toDate":"","status":""},"timestamp":"2026-08-04T12:41:23.193Z"}
4/8/2026, 6:11:23 pm | {"api":"/api/cash-closing-dashboard","event":"CASH_CLOSING_DASHBOARD_API_STARTED","filters":{"cluster":"","branch":"","fromDate":"","toDate":"","status":""},"timestamp":"2026-08-04T12:41:23.321Z"}
4/8/2026, 6:11:23 pm | {"api":"/api/cash-closing-dashboard","event":"CASH_CLOSING_DASHBOARD_DB_CONNECTED","timestamp":"2026-08-04T12:41:23.323Z"}
4/8/2026, 6:11:23 pm | {"api":"/api/cash-closing-dashboard","event":"CASH_CLOSING_DASHBOARD_QUERY_STARTED","filters":{"cluster":"","branch":"","fromDate":"","toDate":"","status":""},"timestamp":"2026-08-04T12:41:23.324Z"}
4/8/2026, 6:11:23 pm | {"api":"/api/cash-closing-dashboard","event":"CASH_CLOSING_DASHBOARD_DATA_FETCHED","totalRecords":56,"timestamp":"2026-08-04T12:41:23.331Z"}
4/8/2026, 6:11:23 pm | {"api":"/api/cash-closing-dashboard","event":"CASH_CLOSING_CLUSTER_FETCHED","totalClusters":5,"timestamp":"2026-08-04T12:41:23.335Z"}
4/8/2026, 6:11:23 pm | {"api":"/api/cash-closing-dashboard","event":"CASH_CLOSING_BRANCH_FETCHED","totalBranches":62,"timestamp":"2026-08-04T12:41:23.339Z"}
4/8/2026, 6:11:23 pm | {"api":"/api/cash-closing-dashboard","event":"CASH_CLOSING_DASHBOARD_SUCCESS","totalRecords":56,"filters":{"cluster":"","branch":"","fromDate":"","toDate":"","status":""},"timestamp":"2026-08-04T12:41:23.340Z"}
4/8/2026, 6:11:23 pm | {"api":"/api/cash-closing-dashboard","event":"CASH_CLOSING_DASHBOARD_API_STARTED","filters":{"cluster":"","branch":"","fromDate":"","toDate":"","status":""},"timestamp":"2026-08-04T12:41:23.458Z"}
4/8/2026, 6:11:23 pm | {"api":"/api/cash-closing-dashboard","event":"CASH_CLOSING_DASHBOARD_DB_CONNECTED","timestamp":"2026-08-04T12:41:23.459Z"}
4/8/2026, 6:11:23 pm | {"api":"/api/cash-closing-dashboard","event":"CASH_CLOSING_DASHBOARD_QUERY_STARTED","filters":{"cluster":"","branch":"","fromDate":"","toDate":"","status":""},"timestamp":"2026-08-04T12:41:23.459Z"}
4/8/2026, 6:11:23 pm | {"api":"/api/cash-closing-dashboard","event":"CASH_CLOSING_DASHBOARD_DATA_FETCHED","totalRecords":56,"timestamp":"2026-08-04T12:41:23.468Z"}
4/8/2026, 6:11:23 pm | {"api":"/api/cash-closing-dashboard","event":"CASH_CLOSING_CLUSTER_FETCHED","totalClusters":5,"timestamp":"2026-08-04T12:41:23.471Z"}
4/8/2026, 6:11:23 pm | {"api":"/api/cash-closing-dashboard","event":"CASH_CLOSING_BRANCH_FETCHED","totalBranches":62,"timestamp":"2026-08-04T12:41:23.475Z"}
4/8/2026, 6:11:23 pm | {"api":"/api/cash-closing-dashboard","event":"CASH_CLOSING_DASHBOARD_SUCCESS","totalRecords":56,"filters":{"cluster":"","branch":"","fromDate":"","toDate":"","status":""},"timestamp":"2026-08-04T12:41:23.475Z"}
4/8/2026, 6:11:23 pm | {"api":"/api/cash-closing-dashboard","event":"CASH_CLOSING_DASHBOARD_API_STARTED","filters":{"cluster":"","branch":"","fromDate":"","toDate":"","status":""},"timestamp":"2026-08-04T12:41:23.834Z"}
4/8/2026, 6:11:23 pm | {"api":"/api/cash-closing-dashboard","event":"CASH_CLOSING_DASHBOARD_DB_CONNECTED","timestamp":"2026-08-04T12:41:23.835Z"}
4/8/2026, 6:11:23 pm | {"api":"/api/cash-closing-dashboard","event":"CASH_CLOSING_DASHBOARD_QUERY_STARTED","filters":{"cluster":"","branch":"","fromDate":"","toDate":"","status":""},"timestamp":"2026-08-04T12:41:23.836Z"}
4/8/2026, 6:11:23 pm | {"api":"/api/cash-closing-dashboard","event":"CASH_CLOSING_DASHBOARD_DATA_FETCHED","totalRecords":56,"timestamp":"2026-08-04T12:41:23.843Z"}
4/8/2026, 6:11:23 pm | {"api":"/api/cash-closing-dashboard","event":"CASH_CLOSING_CLUSTER_FETCHED","totalClusters":5,"timestamp":"2026-08-04T12:41:23.846Z"}
4/8/2026, 6:11:23 pm | {"api":"/api/cash-closing-dashboard","event":"CASH_CLOSING_BRANCH_FETCHED","totalBranches":62,"timestamp":"2026-08-04T12:41:23.850Z"}
4/8/2026, 6:11:23 pm | {"api":"/api/cash-closing-dashboard","event":"CASH_CLOSING_DASHBOARD_SUCCESS","totalRecords":56,"filters":{"cluster":"","branch":"","fromDate":"","toDate":"","status":""},"timestamp":"2026-08-04T12:41:23.850Z"}
4/8/2026, 6:11:23 pm | {"api":"/api/cash-closing-dashboard","event":"CASH_CLOSING_DASHBOARD_API_STARTED","filters":{"cluster":"","branch":"","fromDate":"","toDate":"","status":""},"timestamp":"2026-08-04T12:41:23.969Z"}
4/8/2026, 6:11:23 pm | {"api":"/api/cash-closing-dashboard","event":"CASH_CLOSING_DASHBOARD_DB_CONNECTED","timestamp":"2026-08-04T12:41:23.971Z"}
4/8/2026, 6:11:23 pm | {"api":"/api/cash-closing-dashboard","event":"CASH_CLOSING_DASHBOARD_QUERY_STARTED","filters":{"cluster":"","branch":"","fromDate":"","toDate":"","status":""},"timestamp":"2026-08-04T12:41:23.971Z"}
4/8/2026, 6:11:23 pm | {"api":"/api/cash-closing-dashboard","event":"CASH_CLOSING_DASHBOARD_DATA_FETCHED","totalRecords":56,"timestamp":"2026-08-04T12:41:23.979Z"}
4/8/2026, 6:11:23 pm | {"api":"/api/cash-closing-dashboard","event":"CASH_CLOSING_CLUSTER_FETCHED","totalClusters":5,"timestamp":"2026-08-04T12:41:23.983Z"}
4/8/2026, 6:11:23 pm | {"api":"/api/cash-closing-dashboard","event":"CASH_CLOSING_BRANCH_FETCHED","totalBranches":62,"timestamp":"2026-08-04T12:41:23.987Z"}
4/8/2026, 6:11:23 pm | {"api":"/api/cash-closing-dashboard","event":"CASH_CLOSING_DASHBOARD_SUCCESS","totalRecords":56,"filters":{"cluster":"","branch":"","fromDate":"","toDate":"","status":""},"timestamp":"2026-08-04T12:41:23.988Z"}
4/8/2026, 6:11:24 pm | {"api":"/api/cash-closing-dashboard","event":"CASH_CLOSING_DASHBOARD_API_STARTED","filters":{"cluster":"","branch":"","fromDate":"","toDate":"","status":""},"timestamp":"2026-08-04T12:41:24.066Z"}
4/8/2026, 6:11:24 pm | {"api":"/api/cash-closing-dashboard","event":"CASH_CLOSING_DASHBOARD_DB_CONNECTED","timestamp":"2026-08-04T12:41:24.067Z"}
4/8/2026, 6:11:24 pm | {"api":"/api/cash-closing-dashboard","event":"CASH_CLOSING_DASHBOARD_QUERY_STARTED","filters":{"cluster":"","branch":"","fromDate":"","toDate":"","status":""},"timestamp":"2026-08-04T12:41:24.068Z"}
4/8/2026, 6:11:24 pm | {"api":"/api/cash-closing-dashboard","event":"CASH_CLOSING_DASHBOARD_DATA_FETCHED","totalRecords":56,"timestamp":"2026-08-04T12:41:24.076Z"}
4/8/2026, 6:11:24 pm | {"api":"/api/cash-closing-dashboard","event":"CASH_CLOSING_CLUSTER_FETCHED","totalClusters":5,"timestamp":"2026-08-04T12:41:24.081Z"}
4/8/2026, 6:11:24 pm | {"api":"/api/cash-closing-dashboard","event":"CASH_CLOSING_BRANCH_FETCHED","totalBranches":62,"timestamp":"2026-08-04T12:41:24.084Z"}
4/8/2026, 6:11:24 pm | {"api":"/api/cash-closing-dashboard","event":"CASH_CLOSING_DASHBOARD_SUCCESS","totalRecords":56,"filters":{"cluster":"","branch":"","fromDate":"","toDate":"","status":""},"timestamp":"2026-08-04T12:41:24.085Z"}
4/8/2026, 6:11:37 pm | {"api":"/api/cash-closing-dashboard","event":"CASH_CLOSING_DASHBOARD_API_STARTED","filters":{"cluster":"","branch":"","fromDate":"","toDate":"","status":""},"timestamp":"2026-08-04T12:41:37.201Z"}
4/8/2026, 6:11:37 pm | {"api":"/api/cash-closing-dashboard","event":"CASH_CLOSING_DASHBOARD_DB_CONNECTED","timestamp":"2026-08-04T12:41:37.202Z"}
4/8/2026, 6:11:37 pm | {"api":"/api/cash-closing-dashboard","event":"CASH_CLOSING_DASHBOARD_QUERY_STARTED","filters":{"cluster":"","branch":"","fromDate":"","toDate":"","status":""},"timestamp":"2026-08-04T12:41:37.202Z"}
4/8/2026, 6:11:37 pm | {"api":"/api/cash-closing-dashboard","event":"CASH_CLOSING_DASHBOARD_DATA_FETCHED","totalRecords":56,"timestamp":"2026-08-04T12:41:37.208Z"}
4/8/2026, 6:11:37 pm | {"api":"/api/cash-closing-dashboard","event":"CASH_CLOSING_CLUSTER_FETCHED","totalClusters":5,"timestamp":"2026-08-04T12:41:37.211Z"}
4/8/2026, 6:11:37 pm | {"api":"/api/cash-closing-dashboard","event":"CASH_CLOSING_BRANCH_FETCHED","totalBranches":62,"timestamp":"2026-08-04T12:41:37.215Z"}
4/8/2026, 6:11:37 pm | {"api":"/api/cash-closing-dashboard","event":"CASH_CLOSING_DASHBOARD_SUCCESS","totalRecords":56,"filters":{"cluster":"","branch":"","fromDate":"","toDate":"","status":""},"timestamp":"2026-08-04T12:41:37.216Z"}
4/8/2026, 6:11:37 pm | {"api":"/api/cash-closing-dashboard","event":"CASH_CLOSING_DASHBOARD_API_STARTED","filters":{"cluster":"","branch":"","fromDate":"","toDate":"","status":""},"timestamp":"2026-08-04T12:41:37.298Z"}
4/8/2026, 6:11:37 pm | {"api":"/api/cash-closing-dashboard","event":"CASH_CLOSING_DASHBOARD_DB_CONNECTED","timestamp":"2026-08-04T12:41:37.299Z"}
4/8/2026, 6:11:37 pm | {"api":"/api/cash-closing-dashboard","event":"CASH_CLOSING_DASHBOARD_QUERY_STARTED","filters":{"cluster":"","branch":"","fromDate":"","toDate":"","status":""},"timestamp":"2026-08-04T12:41:37.299Z"}
4/8/2026, 6:11:37 pm | {"api":"/api/cash-closing-dashboard","event":"CASH_CLOSING_DASHBOARD_DATA_FETCHED","totalRecords":56,"timestamp":"2026-08-04T12:41:37.307Z"}
4/8/2026, 6:11:37 pm | {"api":"/api/cash-closing-dashboard","event":"CASH_CLOSING_CLUSTER_FETCHED","totalClusters":5,"timestamp":"2026-08-04T12:41:37.310Z"}
4/8/2026, 6:11:37 pm | {"api":"/api/cash-closing-dashboard","event":"CASH_CLOSING_BRANCH_FETCHED","totalBranches":62,"timestamp":"2026-08-04T12:41:37.314Z"}
4/8/2026, 6:11:37 pm | {"api":"/api/cash-closing-dashboard","event":"CASH_CLOSING_DASHBOARD_SUCCESS","totalRecords":56,"filters":{"cluster":"","branch":"","fromDate":"","toDate":"","status":""},"timestamp":"2026-08-04T12:41:37.315Z"}
4/8/2026, 6:11:37 pm | {"api":"/api/cash-closing-dashboard","event":"CASH_CLOSING_DASHBOARD_API_STARTED","filters":{"cluster":"","branch":"","fromDate":"","toDate":"","status":""},"timestamp":"2026-08-04T12:41:37.474Z"}
4/8/2026, 6:11:37 pm | {"api":"/api/cash-closing-dashboard","event":"CASH_CLOSING_DASHBOARD_DB_CONNECTED","timestamp":"2026-08-04T12:41:37.475Z"}
4/8/2026, 6:11:37 pm | {"api":"/api/cash-closing-dashboard","event":"CASH_CLOSING_DASHBOARD_QUERY_STARTED","filters":{"cluster":"","branch":"","fromDate":"","toDate":"","status":""},"timestamp":"2026-08-04T12:41:37.476Z"}
4/8/2026, 6:11:37 pm | {"api":"/api/cash-closing-dashboard","event":"CASH_CLOSING_DASHBOARD_DATA_FETCHED","totalRecords":56,"timestamp":"2026-08-04T12:41:37.483Z"}
4/8/2026, 6:11:37 pm | {"api":"/api/cash-closing-dashboard","event":"CASH_CLOSING_CLUSTER_FETCHED","totalClusters":5,"timestamp":"2026-08-04T12:41:37.487Z"}
4/8/2026, 6:11:37 pm | {"api":"/api/cash-closing-dashboard","event":"CASH_CLOSING_BRANCH_FETCHED","totalBranches":62,"timestamp":"2026-08-04T12:41:37.490Z"}
4/8/2026, 6:11:37 pm | {"api":"/api/cash-closing-dashboard","event":"CASH_CLOSING_DASHBOARD_SUCCESS","totalRecords":56,"filters":{"cluster":"","branch":"","fromDate":"","toDate":"","status":""},"timestamp":"2026-08-04T12:41:37.491Z"}
4/8/2026, 6:11:49 pm | {"api":"/api/cash-closing-dashboard","event":"CASH_CLOSING_DASHBOARD_API_STARTED","filters":{"cluster":"","branch":"","fromDate":"","toDate":"","status":""},"timestamp":"2026-08-04T12:41:49.624Z"}
4/8/2026, 6:11:49 pm | {"api":"/api/cash-closing-dashboard","event":"CASH_CLOSING_DASHBOARD_DB_CONNECTED","timestamp":"2026-08-04T12:41:49.625Z"}
4/8/2026, 6:11:49 pm | {"api":"/api/cash-closing-dashboard","event":"CASH_CLOSING_DASHBOARD_QUERY_STARTED","filters":{"cluster":"","branch":"","fromDate":"","toDate":"","status":""},"timestamp":"2026-08-04T12:41:49.626Z"}
4/8/2026, 6:11:49 pm | {"api":"/api/cash-closing-dashboard","event":"CASH_CLOSING_DASHBOARD_DATA_FETCHED","totalRecords":56,"timestamp":"2026-08-04T12:41:49.632Z"}
4/8/2026, 6:11:49 pm | {"api":"/api/cash-closing-dashboard","event":"CASH_CLOSING_CLUSTER_FETCHED","totalClusters":5,"timestamp":"2026-08-04T12:41:49.636Z"}
4/8/2026, 6:11:49 pm | {"api":"/api/cash-closing-dashboard","event":"CASH_CLOSING_BRANCH_FETCHED","totalBranches":62,"timestamp":"2026-08-04T12:41:49.639Z"}
4/8/2026, 6:11:49 pm | {"api":"/api/cash-closing-dashboard","event":"CASH_CLOSING_DASHBOARD_SUCCESS","totalRecords":56,"filters":{"cluster":"","branch":"","fromDate":"","toDate":"","status":""},"timestamp":"2026-08-04T12:41:49.639Z"}
4/8/2026, 6:11:49 pm | {"api":"/api/cash-closing-dashboard","event":"CASH_CLOSING_DASHBOARD_API_STARTED","filters":{"cluster":"","branch":"","fromDate":"","toDate":"","status":""},"timestamp":"2026-08-04T12:41:49.715Z"}
4/8/2026, 6:11:49 pm | {"api":"/api/cash-closing-dashboard","event":"CASH_CLOSING_DASHBOARD_DB_CONNECTED","timestamp":"2026-08-04T12:41:49.716Z"}
4/8/2026, 6:11:49 pm | {"api":"/api/cash-closing-dashboard","event":"CASH_CLOSING_DASHBOARD_QUERY_STARTED","filters":{"cluster":"","branch":"","fromDate":"","toDate":"","status":""},"timestamp":"2026-08-04T12:41:49.717Z"}
4/8/2026, 6:11:49 pm | {"api":"/api/cash-closing-dashboard","event":"CASH_CLOSING_DASHBOARD_DATA_FETCHED","totalRecords":56,"timestamp":"2026-08-04T12:41:49.723Z"}
4/8/2026, 6:11:49 pm | {"api":"/api/cash-closing-dashboard","event":"CASH_CLOSING_CLUSTER_FETCHED","totalClusters":5,"timestamp":"2026-08-04T12:41:49.727Z"}
4/8/2026, 6:11:49 pm | {"api":"/api/cash-closing-dashboard","event":"CASH_CLOSING_BRANCH_FETCHED","totalBranches":62,"timestamp":"2026-08-04T12:41:49.731Z"}
4/8/2026, 6:11:49 pm | {"api":"/api/cash-closing-dashboard","event":"CASH_CLOSING_DASHBOARD_SUCCESS","totalRecords":56,"filters":{"cluster":"","branch":"","fromDate":"","toDate":"","status":""},"timestamp":"2026-08-04T12:41:49.731Z"}
4/8/2026, 6:11:49 pm | {"api":"/api/cash-closing-dashboard","event":"CASH_CLOSING_DASHBOARD_API_STARTED","filters":{"cluster":"","branch":"","fromDate":"","toDate":"","status":""},"timestamp":"2026-08-04T12:41:49.971Z"}
4/8/2026, 6:11:49 pm | {"api":"/api/cash-closing-dashboard","event":"CASH_CLOSING_DASHBOARD_DB_CONNECTED","timestamp":"2026-08-04T12:41:49.972Z"}
4/8/2026, 6:11:49 pm | {"api":"/api/cash-closing-dashboard","event":"CASH_CLOSING_DASHBOARD_QUERY_STARTED","filters":{"cluster":"","branch":"","fromDate":"","toDate":"","status":""},"timestamp":"2026-08-04T12:41:49.973Z"}
4/8/2026, 6:11:49 pm | {"api":"/api/cash-closing-dashboard","event":"CASH_CLOSING_DASHBOARD_DATA_FETCHED","totalRecords":56,"timestamp":"2026-08-04T12:41:49.980Z"}
4/8/2026, 6:11:49 pm | {"api":"/api/cash-closing-dashboard","event":"CASH_CLOSING_CLUSTER_FETCHED","totalClusters":5,"timestamp":"2026-08-04T12:41:49.983Z"}
4/8/2026, 6:11:49 pm | {"api":"/api/cash-closing-dashboard","event":"CASH_CLOSING_BRANCH_FETCHED","totalBranches":62,"timestamp":"2026-08-04T12:41:49.986Z"}
4/8/2026, 6:11:49 pm | {"api":"/api/cash-closing-dashboard","event":"CASH_CLOSING_DASHBOARD_SUCCESS","totalRecords":56,"filters":{"cluster":"","branch":"","fromDate":"","toDate":"","status":""},"timestamp":"2026-08-04T12:41:49.987Z"}
4/8/2026, 6:11:50 pm | {"api":"/api/cash-closing-dashboard","event":"CASH_CLOSING_DASHBOARD_API_STARTED","filters":{"cluster":"","branch":"","fromDate":"","toDate":"","status":""},"timestamp":"2026-08-04T12:41:50.091Z"}
4/8/2026, 6:11:50 pm | {"api":"/api/cash-closing-dashboard","event":"CASH_CLOSING_DASHBOARD_DB_CONNECTED","timestamp":"2026-08-04T12:41:50.092Z"}
4/8/2026, 6:11:50 pm | {"api":"/api/cash-closing-dashboard","event":"CASH_CLOSING_DASHBOARD_QUERY_STARTED","filters":{"cluster":"","branch":"","fromDate":"","toDate":"","status":""},"timestamp":"2026-08-04T12:41:50.093Z"}
4/8/2026, 6:11:50 pm | {"api":"/api/cash-closing-dashboard","event":"CASH_CLOSING_DASHBOARD_DATA_FETCHED","totalRecords":56,"timestamp":"2026-08-04T12:41:50.100Z"}
4/8/2026, 6:11:50 pm | {"api":"/api/cash-closing-dashboard","event":"CASH_CLOSING_CLUSTER_FETCHED","totalClusters":5,"timestamp":"2026-08-04T12:41:50.103Z"}
4/8/2026, 6:11:50 pm | {"api":"/api/cash-closing-dashboard","event":"CASH_CLOSING_BRANCH_FETCHED","totalBranches":62,"timestamp":"2026-08-04T12:41:50.107Z"}
4/8/2026, 6:11:50 pm | {"api":"/api/cash-closing-dashboard","event":"CASH_CLOSING_DASHBOARD_SUCCESS","totalRecords":56,"filters":{"cluster":"","branch":"","fromDate":"","toDate":"","status":""},"timestamp":"2026-08-04T12:41:50.107Z"}
4/8/2026, 6:11:50 pm | {"api":"/api/cash-closing-dashboard","event":"CASH_CLOSING_DASHBOARD_API_STARTED","filters":{"cluster":"","branch":"","fromDate":"","toDate":"","status":""},"timestamp":"2026-08-04T12:41:50.211Z"}
4/8/2026, 6:11:50 pm | {"api":"/api/cash-closing-dashboard","event":"CASH_CLOSING_DASHBOARD_DB_CONNECTED","timestamp":"2026-08-04T12:41:50.212Z"}
4/8/2026, 6:11:50 pm | {"api":"/api/cash-closing-dashboard","event":"CASH_CLOSING_DASHBOARD_QUERY_STARTED","filters":{"cluster":"","branch":"","fromDate":"","toDate":"","status":""},"timestamp":"2026-08-04T12:41:50.213Z"}
4/8/2026, 6:11:50 pm | {"api":"/api/cash-closing-dashboard","event":"CASH_CLOSING_DASHBOARD_DATA_FETCHED","totalRecords":56,"timestamp":"2026-08-04T12:41:50.220Z"}
4/8/2026, 6:11:50 pm | {"api":"/api/cash-closing-dashboard","event":"CASH_CLOSING_CLUSTER_FETCHED","totalClusters":5,"timestamp":"2026-08-04T12:41:50.224Z"}
4/8/2026, 6:11:50 pm | {"api":"/api/cash-closing-dashboard","event":"CASH_CLOSING_BRANCH_FETCHED","totalBranches":62,"timestamp":"2026-08-04T12:41:50.228Z"}
4/8/2026, 6:11:50 pm | {"api":"/api/cash-closing-dashboard","event":"CASH_CLOSING_DASHBOARD_SUCCESS","totalRecords":56,"filters":{"cluster":"","branch":"","fromDate":"","toDate":"","status":""},"timestamp":"2026-08-04T12:41:50.228Z"}
4/8/2026, 6:11:50 pm | {"api":"/api/cash-closing-dashboard","event":"CASH_CLOSING_DASHBOARD_API_STARTED","filters":{"cluster":"","branch":"","fromDate":"","toDate":"","status":""},"timestamp":"2026-08-04T12:41:50.358Z"}
4/8/2026, 6:11:50 pm | {"api":"/api/cash-closing-dashboard","event":"CASH_CLOSING_DASHBOARD_DB_CONNECTED","timestamp":"2026-08-04T12:41:50.359Z"}
4/8/2026, 6:11:50 pm | {"api":"/api/cash-closing-dashboard","event":"CASH_CLOSING_DASHBOARD_QUERY_STARTED","filters":{"cluster":"","branch":"","fromDate":"","toDate":"","status":""},"timestamp":"2026-08-04T12:41:50.360Z"}
4/8/2026, 6:11:50 pm | {"api":"/api/cash-closing-dashboard","event":"CASH_CLOSING_DASHBOARD_DATA_FETCHED","totalRecords":56,"timestamp":"2026-08-04T12:41:50.367Z"}
4/8/2026, 6:11:50 pm | {"api":"/api/cash-closing-dashboard","event":"CASH_CLOSING_CLUSTER_FETCHED","totalClusters":5,"timestamp":"2026-08-04T12:41:50.371Z"}
4/8/2026, 6:11:50 pm | {"api":"/api/cash-closing-dashboard","event":"CASH_CLOSING_BRANCH_FETCHED","totalBranches":62,"timestamp":"2026-08-04T12:41:50.374Z"}
4/8/2026, 6:11:50 pm | {"api":"/api/cash-closing-dashboard","event":"CASH_CLOSING_DASHBOARD_SUCCESS","totalRecords":56,"filters":{"cluster":"","branch":"","fromDate":"","toDate":"","status":""},"timestamp":"2026-08-04T12:41:50.375Z"}
4/8/2026, 6:11:50 pm | {"api":"/api/cash-closing-dashboard","event":"CASH_CLOSING_DASHBOARD_API_STARTED","filters":{"cluster":"","branch":"","fromDate":"","toDate":"","status":""},"timestamp":"2026-08-04T12:41:50.491Z"}
4/8/2026, 6:11:50 pm | {"api":"/api/cash-closing-dashboard","event":"CASH_CLOSING_DASHBOARD_DB_CONNECTED","timestamp":"2026-08-04T12:41:50.492Z"}
4/8/2026, 6:11:50 pm | {"api":"/api/cash-closing-dashboard","event":"CASH_CLOSING_DASHBOARD_QUERY_STARTED","filters":{"cluster":"","branch":"","fromDate":"","toDate":"","status":""},"timestamp":"2026-08-04T12:41:50.492Z"}
4/8/2026, 6:11:50 pm | {"api":"/api/cash-closing-dashboard","event":"CASH_CLOSING_DASHBOARD_DATA_FETCHED","totalRecords":56,"timestamp":"2026-08-04T12:41:50.500Z"}
4/8/2026, 6:11:50 pm | {"api":"/api/cash-closing-dashboard","event":"CASH_CLOSING_CLUSTER_FETCHED","totalClusters":5,"timestamp":"2026-08-04T12:41:50.505Z"}
4/8/2026, 6:11:50 pm | {"api":"/api/cash-closing-dashboard","event":"CASH_CLOSING_BRANCH_FETCHED","totalBranches":62,"timestamp":"2026-08-04T12:41:50.508Z"}
4/8/2026, 6:11:50 pm | {"api":"/api/cash-closing-dashboard","event":"CASH_CLOSING_DASHBOARD_SUCCESS","totalRecords":56,"filters":{"cluster":"","branch":"","fromDate":"","toDate":"","status":""},"timestamp":"2026-08-04T12:41:50.509Z"}
4/8/2026, 6:11:50 pm | {"api":"/api/cash-closing-dashboard","event":"CASH_CLOSING_DASHBOARD_API_STARTED","filters":{"cluster":"","branch":"","fromDate":"","toDate":"","status":""},"timestamp":"2026-08-04T12:41:50.627Z"}
4/8/2026, 6:11:50 pm | {"api":"/api/cash-closing-dashboard","event":"CASH_CLOSING_DASHBOARD_DB_CONNECTED","timestamp":"2026-08-04T12:41:50.628Z"}
4/8/2026, 6:11:50 pm | {"api":"/api/cash-closing-dashboard","event":"CASH_CLOSING_DASHBOARD_QUERY_STARTED","filters":{"cluster":"","branch":"","fromDate":"","toDate":"","status":""},"timestamp":"2026-08-04T12:41:50.629Z"}
4/8/2026, 6:11:50 pm | {"api":"/api/cash-closing-dashboard","event":"CASH_CLOSING_DASHBOARD_DATA_FETCHED","totalRecords":56,"timestamp":"2026-08-04T12:41:50.636Z"}
4/8/2026, 6:11:50 pm | {"api":"/api/cash-closing-dashboard","event":"CASH_CLOSING_CLUSTER_FETCHED","totalClusters":5,"timestamp":"2026-08-04T12:41:50.640Z"}
4/8/2026, 6:11:50 pm | {"api":"/api/cash-closing-dashboard","event":"CASH_CLOSING_BRANCH_FETCHED","totalBranches":62,"timestamp":"2026-08-04T12:41:50.644Z"}
4/8/2026, 6:11:50 pm | {"api":"/api/cash-closing-dashboard","event":"CASH_CLOSING_DASHBOARD_SUCCESS","totalRecords":56,"filters":{"cluster":"","branch":"","fromDate":"","toDate":"","status":""},"timestamp":"2026-08-04T12:41:50.644Z"}
4/8/2026, 6:11:50 pm | {"api":"/api/cash-closing-dashboard","event":"CASH_CLOSING_DASHBOARD_API_STARTED","filters":{"cluster":"","branch":"","fromDate":"","toDate":"","status":""},"timestamp":"2026-08-04T12:41:50.883Z"}
4/8/2026, 6:11:50 pm | {"api":"/api/cash-closing-dashboard","event":"CASH_CLOSING_DASHBOARD_DB_CONNECTED","timestamp":"2026-08-04T12:41:50.884Z"}
4/8/2026, 6:11:50 pm | {"api":"/api/cash-closing-dashboard","event":"CASH_CLOSING_DASHBOARD_QUERY_STARTED","filters":{"cluster":"","branch":"","fromDate":"","toDate":"","status":""},"timestamp":"2026-08-04T12:41:50.885Z"}
4/8/2026, 6:11:50 pm | {"api":"/api/cash-closing-dashboard","event":"CASH_CLOSING_DASHBOARD_DATA_FETCHED","totalRecords":56,"timestamp":"2026-08-04T12:41:50.892Z"}
4/8/2026, 6:11:50 pm | {"api":"/api/cash-closing-dashboard","event":"CASH_CLOSING_CLUSTER_FETCHED","totalClusters":5,"timestamp":"2026-08-04T12:41:50.895Z"}
4/8/2026, 6:11:50 pm | {"api":"/api/cash-closing-dashboard","event":"CASH_CLOSING_BRANCH_FETCHED","totalBranches":62,"timestamp":"2026-08-04T12:41:50.899Z"}
4/8/2026, 6:11:50 pm | {"api":"/api/cash-closing-dashboard","event":"CASH_CLOSING_DASHBOARD_SUCCESS","totalRecords":56,"filters":{"cluster":"","branch":"","fromDate":"","toDate":"","status":""},"timestamp":"2026-08-04T12:41:50.899Z"}
4/8/2026, 6:11:51 pm | {"api":"/api/cash-closing-dashboard","event":"CASH_CLOSING_DASHBOARD_API_STARTED","filters":{"cluster":"","branch":"","fromDate":"","toDate":"","status":""},"timestamp":"2026-08-04T12:41:51.156Z"}
4/8/2026, 6:11:51 pm | {"api":"/api/cash-closing-dashboard","event":"CASH_CLOSING_DASHBOARD_DB_CONNECTED","timestamp":"2026-08-04T12:41:51.157Z"}
4/8/2026, 6:11:51 pm | {"api":"/api/cash-closing-dashboard","event":"CASH_CLOSING_DASHBOARD_QUERY_STARTED","filters":{"cluster":"","branch":"","fromDate":"","toDate":"","status":""},"timestamp":"2026-08-04T12:41:51.158Z"}
4/8/2026, 6:11:51 pm | {"api":"/api/cash-closing-dashboard","event":"CASH_CLOSING_DASHBOARD_DATA_FETCHED","totalRecords":56,"timestamp":"2026-08-04T12:41:51.165Z"}
4/8/2026, 6:11:51 pm | {"api":"/api/cash-closing-dashboard","event":"CASH_CLOSING_CLUSTER_FETCHED","totalClusters":5,"timestamp":"2026-08-04T12:41:51.169Z"}
4/8/2026, 6:11:51 pm | {"api":"/api/cash-closing-dashboard","event":"CASH_CLOSING_BRANCH_FETCHED","totalBranches":62,"timestamp":"2026-08-04T12:41:51.172Z"}
4/8/2026, 6:11:51 pm | {"api":"/api/cash-closing-dashboard","event":"CASH_CLOSING_DASHBOARD_SUCCESS","totalRecords":56,"filters":{"cluster":"","branch":"","fromDate":"","toDate":"","status":""},"timestamp":"2026-08-04T12:41:51.173Z"}
4/8/2026, 6:11:51 pm | {"api":"/api/cash-closing-dashboard","event":"CASH_CLOSING_DASHBOARD_API_STARTED","filters":{"cluster":"","branch":"","fromDate":"","toDate":"","status":""},"timestamp":"2026-08-04T12:41:51.283Z"}
4/8/2026, 6:11:51 pm | {"api":"/api/cash-closing-dashboard","event":"CASH_CLOSING_DASHBOARD_DB_CONNECTED","timestamp":"2026-08-04T12:41:51.284Z"}
4/8/2026, 6:11:51 pm | {"api":"/api/cash-closing-dashboard","event":"CASH_CLOSING_DASHBOARD_QUERY_STARTED","filters":{"cluster":"","branch":"","fromDate":"","toDate":"","status":""},"timestamp":"2026-08-04T12:41:51.284Z"}
4/8/2026, 6:11:51 pm | {"api":"/api/cash-closing-dashboard","event":"CASH_CLOSING_DASHBOARD_DATA_FETCHED","totalRecords":56,"timestamp":"2026-08-04T12:41:51.291Z"}
4/8/2026, 6:11:51 pm | {"api":"/api/cash-closing-dashboard","event":"CASH_CLOSING_CLUSTER_FETCHED","totalClusters":5,"timestamp":"2026-08-04T12:41:51.294Z"}
4/8/2026, 6:11:51 pm | {"api":"/api/cash-closing-dashboard","event":"CASH_CLOSING_BRANCH_FETCHED","totalBranches":62,"timestamp":"2026-08-04T12:41:51.298Z"}
4/8/2026, 6:11:51 pm | {"api":"/api/cash-closing-dashboard","event":"CASH_CLOSING_DASHBOARD_SUCCESS","totalRecords":56,"filters":{"cluster":"","branch":"","fromDate":"","toDate":"","status":""},"timestamp":"2026-08-04T12:41:51.299Z"}
4/8/2026, 6:11:51 pm | {"api":"/api/cash-closing-dashboard","event":"CASH_CLOSING_DASHBOARD_API_STARTED","filters":{"cluster":"","branch":"","fromDate":"","toDate":"","status":""},"timestamp":"2026-08-04T12:41:51.427Z"}
4/8/2026, 6:11:51 pm | {"api":"/api/cash-closing-dashboard","event":"CASH_CLOSING_DASHBOARD_DB_CONNECTED","timestamp":"2026-08-04T12:41:51.428Z"}
4/8/2026, 6:11:51 pm | {"api":"/api/cash-closing-dashboard","event":"CASH_CLOSING_DASHBOARD_QUERY_STARTED","filters":{"cluster":"","branch":"","fromDate":"","toDate":"","status":""},"timestamp":"2026-08-04T12:41:51.429Z"}
4/8/2026, 6:11:51 pm | {"api":"/api/cash-closing-dashboard","event":"CASH_CLOSING_DASHBOARD_DATA_FETCHED","totalRecords":56,"timestamp":"2026-08-04T12:41:51.435Z"}
4/8/2026, 6:11:51 pm | {"api":"/api/cash-closing-dashboard","event":"CASH_CLOSING_CLUSTER_FETCHED","totalClusters":5,"timestamp":"2026-08-04T12:41:51.438Z"}
4/8/2026, 6:11:51 pm | {"api":"/api/cash-closing-dashboard","event":"CASH_CLOSING_BRANCH_FETCHED","totalBranches":62,"timestamp":"2026-08-04T12:41:51.442Z"}
4/8/2026, 6:11:51 pm | {"api":"/api/cash-closing-dashboard","event":"CASH_CLOSING_DASHBOARD_SUCCESS","totalRecords":56,"filters":{"cluster":"","branch":"","fromDate":"","toDate":"","status":""},"timestamp":"2026-08-04T12:41:51.443Z"}
4/8/2026, 6:11:51 pm | {"api":"/api/cash-closing-dashboard","event":"CASH_CLOSING_DASHBOARD_API_STARTED","filters":{"cluster":"","branch":"","fromDate":"","toDate":"","status":""},"timestamp":"2026-08-04T12:41:51.555Z"}
4/8/2026, 6:11:51 pm | {"api":"/api/cash-closing-dashboard","event":"CASH_CLOSING_DASHBOARD_DB_CONNECTED","timestamp":"2026-08-04T12:41:51.556Z"}
4/8/2026, 6:11:51 pm | {"api":"/api/cash-closing-dashboard","event":"CASH_CLOSING_DASHBOARD_QUERY_STARTED","filters":{"cluster":"","branch":"","fromDate":"","toDate":"","status":""},"timestamp":"2026-08-04T12:41:51.556Z"}
4/8/2026, 6:11:51 pm | {"api":"/api/cash-closing-dashboard","event":"CASH_CLOSING_DASHBOARD_DATA_FETCHED","totalRecords":56,"timestamp":"2026-08-04T12:41:51.563Z"}
4/8/2026, 6:11:51 pm | {"api":"/api/cash-closing-dashboard","event":"CASH_CLOSING_CLUSTER_FETCHED","totalClusters":5,"timestamp":"2026-08-04T12:41:51.566Z"}
4/8/2026, 6:11:51 pm | {"api":"/api/cash-closing-dashboard","event":"CASH_CLOSING_BRANCH_FETCHED","totalBranches":62,"timestamp":"2026-08-04T12:41:51.569Z"}
4/8/2026, 6:11:51 pm | {"api":"/api/cash-closing-dashboard","event":"CASH_CLOSING_DASHBOARD_SUCCESS","totalRecords":56,"filters":{"cluster":"","branch":"","fromDate":"","toDate":"","status":""},"timestamp":"2026-08-04T12:41:51.570Z"}
4/8/2026, 6:11:51 pm | {"api":"/api/cash-closing-dashboard","event":"CASH_CLOSING_DASHBOARD_API_STARTED","filters":{"cluster":"","branch":"","fromDate":"","toDate":"","status":""},"timestamp":"2026-08-04T12:41:51.683Z"}
4/8/2026, 6:11:51 pm | {"api":"/api/cash-closing-dashboard","event":"CASH_CLOSING_DASHBOARD_DB_CONNECTED","timestamp":"2026-08-04T12:41:51.684Z"}
4/8/2026, 6:11:51 pm | {"api":"/api/cash-closing-dashboard","event":"CASH_CLOSING_DASHBOARD_QUERY_STARTED","filters":{"cluster":"","branch":"","fromDate":"","toDate":"","status":""},"timestamp":"2026-08-04T12:41:51.684Z"}
4/8/2026, 6:11:51 pm | {"api":"/api/cash-closing-dashboard","event":"CASH_CLOSING_DASHBOARD_DATA_FETCHED","totalRecords":56,"timestamp":"2026-08-04T12:41:51.692Z"}
4/8/2026, 6:11:51 pm | {"api":"/api/cash-closing-dashboard","event":"CASH_CLOSING_CLUSTER_FETCHED","totalClusters":5,"timestamp":"2026-08-04T12:41:51.696Z"}
4/8/2026, 6:11:51 pm | {"api":"/api/cash-closing-dashboard","event":"CASH_CLOSING_BRANCH_FETCHED","totalBranches":62,"timestamp":"2026-08-04T12:41:51.700Z"}
4/8/2026, 6:11:51 pm | {"api":"/api/cash-closing-dashboard","event":"CASH_CLOSING_DASHBOARD_SUCCESS","totalRecords":56,"filters":{"cluster":"","branch":"","fromDate":"","toDate":"","status":""},"timestamp":"2026-08-04T12:41:51.700Z"}
4/8/2026, 6:11:51 pm | {"api":"/api/cash-closing-dashboard","event":"CASH_CLOSING_DASHBOARD_API_STARTED","filters":{"cluster":"","branch":"","fromDate":"","toDate":"","status":""},"timestamp":"2026-08-04T12:41:51.803Z"}
4/8/2026, 6:11:51 pm | {"api":"/api/cash-closing-dashboard","event":"CASH_CLOSING_DASHBOARD_DB_CONNECTED","timestamp":"2026-08-04T12:41:51.804Z"}
4/8/2026, 6:11:51 pm | {"api":"/api/cash-closing-dashboard","event":"CASH_CLOSING_DASHBOARD_QUERY_STARTED","filters":{"cluster":"","branch":"","fromDate":"","toDate":"","status":""},"timestamp":"2026-08-04T12:41:51.804Z"}
4/8/2026, 6:11:51 pm | {"api":"/api/cash-closing-dashboard","event":"CASH_CLOSING_DASHBOARD_DATA_FETCHED","totalRecords":56,"timestamp":"2026-08-04T12:41:51.811Z"}
4/8/2026, 6:11:51 pm | {"api":"/api/cash-closing-dashboard","event":"CASH_CLOSING_CLUSTER_FETCHED","totalClusters":5,"timestamp":"2026-08-04T12:41:51.815Z"}
4/8/2026, 6:11:51 pm | {"api":"/api/cash-closing-dashboard","event":"CASH_CLOSING_BRANCH_FETCHED","totalBranches":62,"timestamp":"2026-08-04T12:41:51.818Z"}
4/8/2026, 6:11:51 pm | {"api":"/api/cash-closing-dashboard","event":"CASH_CLOSING_DASHBOARD_SUCCESS","totalRecords":56,"filters":{"cluster":"","branch":"","fromDate":"","toDate":"","status":""},"timestamp":"2026-08-04T12:41:51.819Z"}
4/8/2026, 6:11:51 pm | {"api":"/api/cash-closing-dashboard","event":"CASH_CLOSING_DASHBOARD_API_STARTED","filters":{"cluster":"","branch":"","fromDate":"","toDate":"","status":""},"timestamp":"2026-08-04T12:41:51.924Z"}
4/8/2026, 6:11:51 pm | {"api":"/api/cash-closing-dashboard","event":"CASH_CLOSING_DASHBOARD_DB_CONNECTED","timestamp":"2026-08-04T12:41:51.925Z"}
4/8/2026, 6:11:51 pm | {"api":"/api/cash-closing-dashboard","event":"CASH_CLOSING_DASHBOARD_QUERY_STARTED","filters":{"cluster":"","branch":"","fromDate":"","toDate":"","status":""},"timestamp":"2026-08-04T12:41:51.925Z"}
4/8/2026, 6:11:51 pm | {"api":"/api/cash-closing-dashboard","event":"CASH_CLOSING_DASHBOARD_DATA_FETCHED","totalRecords":56,"timestamp":"2026-08-04T12:41:51.932Z"}
4/8/2026, 6:11:51 pm | {"api":"/api/cash-closing-dashboard","event":"CASH_CLOSING_CLUSTER_FETCHED","totalClusters":5,"timestamp":"2026-08-04T12:41:51.935Z"}
4/8/2026, 6:11:51 pm | {"api":"/api/cash-closing-dashboard","event":"CASH_CLOSING_BRANCH_FETCHED","totalBranches":62,"timestamp":"2026-08-04T12:41:51.938Z"}
4/8/2026, 6:11:51 pm | {"api":"/api/cash-closing-dashboard","event":"CASH_CLOSING_DASHBOARD_SUCCESS","totalRecords":56,"filters":{"cluster":"","branch":"","fromDate":"","toDate":"","status":""},"timestamp":"2026-08-04T12:41:51.939Z"}
4/8/2026, 6:11:52 pm | {"api":"/api/cash-closing-dashboard","event":"CASH_CLOSING_DASHBOARD_API_STARTED","filters":{"cluster":"","branch":"","fromDate":"","toDate":"","status":""},"timestamp":"2026-08-04T12:41:52.027Z"}
4/8/2026, 6:11:52 pm | {"api":"/api/cash-closing-dashboard","event":"CASH_CLOSING_DASHBOARD_DB_CONNECTED","timestamp":"2026-08-04T12:41:52.028Z"}
4/8/2026, 6:11:52 pm | {"api":"/api/cash-closing-dashboard","event":"CASH_CLOSING_DASHBOARD_QUERY_STARTED","filters":{"cluster":"","branch":"","fromDate":"","toDate":"","status":""},"timestamp":"2026-08-04T12:41:52.028Z"}
4/8/2026, 6:11:52 pm | {"api":"/api/cash-closing-dashboard","event":"CASH_CLOSING_DASHBOARD_DATA_FETCHED","totalRecords":56,"timestamp":"2026-08-04T12:41:52.036Z"}
4/8/2026, 6:11:52 pm | {"api":"/api/cash-closing-dashboard","event":"CASH_CLOSING_CLUSTER_FETCHED","totalClusters":5,"timestamp":"2026-08-04T12:41:52.039Z"}
4/8/2026, 6:11:52 pm | {"api":"/api/cash-closing-dashboard","event":"CASH_CLOSING_BRANCH_FETCHED","totalBranches":62,"timestamp":"2026-08-04T12:41:52.043Z"}
4/8/2026, 6:11:52 pm | {"api":"/api/cash-closing-dashboard","event":"CASH_CLOSING_DASHBOARD_SUCCESS","totalRecords":56,"filters":{"cluster":"","branch":"","fromDate":"","toDate":"","status":""},"timestamp":"2026-08-04T12:41:52.044Z"}
4/8/2026, 6:11:56 pm | {"api":"/api/cash-closing-dashboard","event":"CASH_CLOSING_DASHBOARD_API_STARTED","filters":{"cluster":"","branch":"","fromDate":"","toDate":"","status":""},"timestamp":"2026-08-04T12:41:56.991Z"}
4/8/2026, 6:11:56 pm | {"api":"/api/cash-closing-dashboard","event":"CASH_CLOSING_DASHBOARD_DB_CONNECTED","timestamp":"2026-08-04T12:41:56.992Z"}
4/8/2026, 6:11:56 pm | {"api":"/api/cash-closing-dashboard","event":"CASH_CLOSING_DASHBOARD_QUERY_STARTED","filters":{"cluster":"","branch":"","fromDate":"","toDate":"","status":""},"timestamp":"2026-08-04T12:41:56.992Z"}
4/8/2026, 6:11:57 pm | {"api":"/api/cash-closing-dashboard","event":"CASH_CLOSING_DASHBOARD_DATA_FETCHED","totalRecords":56,"timestamp":"2026-08-04T12:41:57.000Z"}
4/8/2026, 6:11:57 pm | {"api":"/api/cash-closing-dashboard","event":"CASH_CLOSING_CLUSTER_FETCHED","totalClusters":5,"timestamp":"2026-08-04T12:41:57.005Z"}
4/8/2026, 6:11:57 pm | {"api":"/api/cash-closing-dashboard","event":"CASH_CLOSING_BRANCH_FETCHED","totalBranches":62,"timestamp":"2026-08-04T12:41:57.009Z"}
4/8/2026, 6:11:57 pm | {"api":"/api/cash-closing-dashboard","event":"CASH_CLOSING_DASHBOARD_SUCCESS","totalRecords":56,"filters":{"cluster":"","branch":"","fromDate":"","toDate":"","status":""},"timestamp":"2026-08-04T12:41:57.010Z"}
4/8/2026, 6:11:57 pm | {"api":"/api/cash-closing-dashboard","event":"CASH_CLOSING_DASHBOARD_API_STARTED","filters":{"cluster":"","branch":"","fromDate":"","toDate":"","status":""},"timestamp":"2026-08-04T12:41:57.123Z"}
4/8/2026, 6:11:57 pm | {"api":"/api/cash-closing-dashboard","event":"CASH_CLOSING_DASHBOARD_DB_CONNECTED","timestamp":"2026-08-04T12:41:57.124Z"}
4/8/2026, 6:11:57 pm | {"api":"/api/cash-closing-dashboard","event":"CASH_CLOSING_DASHBOARD_QUERY_STARTED","filters":{"cluster":"","branch":"","fromDate":"","toDate":"","status":""},"timestamp":"2026-08-04T12:41:57.125Z"}
4/8/2026, 6:11:57 pm | {"api":"/api/cash-closing-dashboard","event":"CASH_CLOSING_DASHBOARD_DATA_FETCHED","totalRecords":56,"timestamp":"2026-08-04T12:41:57.131Z"}
4/8/2026, 6:11:57 pm | {"api":"/api/cash-closing-dashboard","event":"CASH_CLOSING_CLUSTER_FETCHED","totalClusters":5,"timestamp":"2026-08-04T12:41:57.135Z"}
4/8/2026, 6:11:57 pm | {"api":"/api/cash-closing-dashboard","event":"CASH_CLOSING_BRANCH_FETCHED","totalBranches":62,"timestamp":"2026-08-04T12:41:57.139Z"}
4/8/2026, 6:11:57 pm | {"api":"/api/cash-closing-dashboard","event":"CASH_CLOSING_DASHBOARD_SUCCESS","totalRecords":56,"filters":{"cluster":"","branch":"","fromDate":"","toDate":"","status":""},"timestamp":"2026-08-04T12:41:57.139Z"}
4/8/2026, 6:12:33 pm | {"api":"/api/cash-closing-dashboard","event":"CASH_CLOSING_DASHBOARD_API_STARTED","filters":{"cluster":"","branch":"","fromDate":"","toDate":"","status":""},"timestamp":"2026-08-04T12:42:33.633Z"}
4/8/2026, 6:12:33 pm | {"api":"/api/cash-closing-dashboard","event":"CASH_CLOSING_DASHBOARD_DB_CONNECTED","timestamp":"2026-08-04T12:42:33.634Z"}
4/8/2026, 6:12:33 pm | {"api":"/api/cash-closing-dashboard","event":"CASH_CLOSING_DASHBOARD_QUERY_STARTED","filters":{"cluster":"","branch":"","fromDate":"","toDate":"","status":""},"timestamp":"2026-08-04T12:42:33.635Z"}
4/8/2026, 6:12:33 pm | {"api":"/api/cash-closing-dashboard","event":"CASH_CLOSING_DASHBOARD_DATA_FETCHED","totalRecords":56,"timestamp":"2026-08-04T12:42:33.646Z"}
4/8/2026, 6:12:33 pm | {"api":"/api/cash-closing-dashboard","event":"CASH_CLOSING_CLUSTER_FETCHED","totalClusters":5,"timestamp":"2026-08-04T12:42:33.649Z"}
4/8/2026, 6:12:33 pm | {"api":"/api/cash-closing-dashboard","event":"CASH_CLOSING_BRANCH_FETCHED","totalBranches":62,"timestamp":"2026-08-04T12:42:33.654Z"}
4/8/2026, 6:12:33 pm | {"api":"/api/cash-closing-dashboard","event":"CASH_CLOSING_DASHBOARD_SUCCESS","totalRecords":56,"filters":{"cluster":"","branch":"","fromDate":"","toDate":"","status":""},"timestamp":"2026-08-04T12:42:33.654Z"}
4/8/2026, 6:12:33 pm | {"api":"/api/cash-closing-dashboard","event":"CASH_CLOSING_DASHBOARD_API_STARTED","filters":{"cluster":"","branch":"","fromDate":"","toDate":"","status":""},"timestamp":"2026-08-04T12:42:33.745Z"}
4/8/2026, 6:12:33 pm | {"api":"/api/cash-closing-dashboard","event":"CASH_CLOSING_DASHBOARD_DB_CONNECTED","timestamp":"2026-08-04T12:42:33.746Z"}
4/8/2026, 6:12:33 pm | {"api":"/api/cash-closing-dashboard","event":"CASH_CLOSING_DASHBOARD_QUERY_STARTED","filters":{"cluster":"","branch":"","fromDate":"","toDate":"","status":""},"timestamp":"2026-08-04T12:42:33.747Z"}
4/8/2026, 6:12:33 pm | {"api":"/api/cash-closing-dashboard","event":"CASH_CLOSING_DASHBOARD_DATA_FETCHED","totalRecords":56,"timestamp":"2026-08-04T12:42:33.754Z"}
4/8/2026, 6:12:33 pm | {"api":"/api/cash-closing-dashboard","event":"CASH_CLOSING_CLUSTER_FETCHED","totalClusters":5,"timestamp":"2026-08-04T12:42:33.759Z"}
4/8/2026, 6:12:33 pm | {"api":"/api/cash-closing-dashboard","event":"CASH_CLOSING_BRANCH_FETCHED","totalBranches":62,"timestamp":"2026-08-04T12:42:33.763Z"}
4/8/2026, 6:12:33 pm | {"api":"/api/cash-closing-dashboard","event":"CASH_CLOSING_DASHBOARD_SUCCESS","totalRecords":56,"filters":{"cluster":"","branch":"","fromDate":"","toDate":"","status":""},"timestamp":"2026-08-04T12:42:33.764Z"}
4/8/2026, 6:12:33 pm | {"api":"/api/cash-closing-dashboard","event":"CASH_CLOSING_DASHBOARD_API_STARTED","filters":{"cluster":"","branch":"","fromDate":"","toDate":"","status":""},"timestamp":"2026-08-04T12:42:33.889Z"}
4/8/2026, 6:12:33 pm | {"api":"/api/cash-closing-dashboard","event":"CASH_CLOSING_DASHBOARD_DB_CONNECTED","timestamp":"2026-08-04T12:42:33.890Z"}
4/8/2026, 6:12:33 pm | {"api":"/api/cash-closing-dashboard","event":"CASH_CLOSING_DASHBOARD_QUERY_STARTED","filters":{"cluster":"","branch":"","fromDate":"","toDate":"","status":""},"timestamp":"2026-08-04T12:42:33.891Z"}
4/8/2026, 6:12:33 pm | {"api":"/api/cash-closing-dashboard","event":"CASH_CLOSING_DASHBOARD_DATA_FETCHED","totalRecords":56,"timestamp":"2026-08-04T12:42:33.901Z"}
4/8/2026, 6:12:33 pm | {"api":"/api/cash-closing-dashboard","event":"CASH_CLOSING_CLUSTER_FETCHED","totalClusters":5,"timestamp":"2026-08-04T12:42:33.904Z"}
4/8/2026, 6:12:33 pm | {"api":"/api/cash-closing-dashboard","event":"CASH_CLOSING_BRANCH_FETCHED","totalBranches":62,"timestamp":"2026-08-04T12:42:33.908Z"}
4/8/2026, 6:12:33 pm | {"api":"/api/cash-closing-dashboard","event":"CASH_CLOSING_DASHBOARD_SUCCESS","totalRecords":56,"filters":{"cluster":"","branch":"","fromDate":"","toDate":"","status":""},"timestamp":"2026-08-04T12:42:33.909Z"}
4/8/2026, 6:12:34 pm | {"api":"/api/cash-closing-dashboard","event":"CASH_CLOSING_DASHBOARD_API_STARTED","filters":{"cluster":"","branch":"","fromDate":"","toDate":"","status":""},"timestamp":"2026-08-04T12:42:34.025Z"}
4/8/2026, 6:12:34 pm | {"api":"/api/cash-closing-dashboard","event":"CASH_CLOSING_DASHBOARD_DB_CONNECTED","timestamp":"2026-08-04T12:42:34.026Z"}
4/8/2026, 6:12:34 pm | {"api":"/api/cash-closing-dashboard","event":"CASH_CLOSING_DASHBOARD_QUERY_STARTED","filters":{"cluster":"","branch":"","fromDate":"","toDate":"","status":""},"timestamp":"2026-08-04T12:42:34.027Z"}
4/8/2026, 6:12:34 pm | {"api":"/api/cash-closing-dashboard","event":"CASH_CLOSING_DASHBOARD_DATA_FETCHED","totalRecords":56,"timestamp":"2026-08-04T12:42:34.034Z"}
4/8/2026, 6:12:34 pm | {"api":"/api/cash-closing-dashboard","event":"CASH_CLOSING_CLUSTER_FETCHED","totalClusters":5,"timestamp":"2026-08-04T12:42:34.038Z"}
4/8/2026, 6:12:34 pm | {"api":"/api/cash-closing-dashboard","event":"CASH_CLOSING_BRANCH_FETCHED","totalBranches":62,"timestamp":"2026-08-04T12:42:34.042Z"}
4/8/2026, 6:12:34 pm | {"api":"/api/cash-closing-dashboard","event":"CASH_CLOSING_DASHBOARD_SUCCESS","totalRecords":56,"filters":{"cluster":"","branch":"","fromDate":"","toDate":"","status":""},"timestamp":"2026-08-04T12:42:34.042Z"}
4/8/2026, 6:12:34 pm | {"api":"/api/cash-closing-dashboard","event":"CASH_CLOSING_DASHBOARD_API_STARTED","filters":{"cluster":"","branch":"","fromDate":"","toDate":"","status":""},"timestamp":"2026-08-04T12:42:34.145Z"}
4/8/2026, 6:12:34 pm | {"api":"/api/cash-closing-dashboard","event":"CASH_CLOSING_DASHBOARD_DB_CONNECTED","timestamp":"2026-08-04T12:42:34.146Z"}
4/8/2026, 6:12:34 pm | {"api":"/api/cash-closing-dashboard","event":"CASH_CLOSING_DASHBOARD_QUERY_STARTED","filters":{"cluster":"","branch":"","fromDate":"","toDate":"","status":""},"timestamp":"2026-08-04T12:42:34.147Z"}
4/8/2026, 6:12:34 pm | {"api":"/api/cash-closing-dashboard","event":"CASH_CLOSING_DASHBOARD_DATA_FETCHED","totalRecords":56,"timestamp":"2026-08-04T12:42:34.155Z"}
4/8/2026, 6:12:34 pm | {"api":"/api/cash-closing-dashboard","event":"CASH_CLOSING_CLUSTER_FETCHED","totalClusters":5,"timestamp":"2026-08-04T12:42:34.158Z"}
4/8/2026, 6:12:34 pm | {"api":"/api/cash-closing-dashboard","event":"CASH_CLOSING_BRANCH_FETCHED","totalBranches":62,"timestamp":"2026-08-04T12:42:34.162Z"}
4/8/2026, 6:12:34 pm | {"api":"/api/cash-closing-dashboard","event":"CASH_CLOSING_DASHBOARD_SUCCESS","totalRecords":56,"filters":{"cluster":"","branch":"","fromDate":"","toDate":"","status":""},"timestamp":"2026-08-04T12:42:34.163Z"}
4/8/2026, 6:12:42 pm | {"api":"/api/cash-closing-dashboard","event":"CASH_CLOSING_DASHBOARD_API_STARTED","filters":{"cluster":"","branch":"","fromDate":"","toDate":"","status":""},"timestamp":"2026-08-04T12:42:42.383Z"}
4/8/2026, 6:12:42 pm | {"api":"/api/cash-closing-dashboard","event":"CASH_CLOSING_DASHBOARD_DB_CONNECTED","timestamp":"2026-08-04T12:42:42.384Z"}
4/8/2026, 6:12:42 pm | {"api":"/api/cash-closing-dashboard","event":"CASH_CLOSING_DASHBOARD_QUERY_STARTED","filters":{"cluster":"","branch":"","fromDate":"","toDate":"","status":""},"timestamp":"2026-08-04T12:42:42.385Z"}
4/8/2026, 6:12:42 pm | {"api":"/api/cash-closing-dashboard","event":"CASH_CLOSING_DASHBOARD_DATA_FETCHED","totalRecords":56,"timestamp":"2026-08-04T12:42:42.391Z"}
4/8/2026, 6:12:42 pm | {"api":"/api/cash-closing-dashboard","event":"CASH_CLOSING_CLUSTER_FETCHED","totalClusters":5,"timestamp":"2026-08-04T12:42:42.394Z"}
4/8/2026, 6:12:42 pm | {"api":"/api/cash-closing-dashboard","event":"CASH_CLOSING_BRANCH_FETCHED","totalBranches":62,"timestamp":"2026-08-04T12:42:42.398Z"}
4/8/2026, 6:12:42 pm | {"api":"/api/cash-closing-dashboard","event":"CASH_CLOSING_DASHBOARD_SUCCESS","totalRecords":56,"filters":{"cluster":"","branch":"","fromDate":"","toDate":"","status":""},"timestamp":"2026-08-04T12:42:42.399Z"}
4/8/2026, 6:12:42 pm | {"api":"/api/cash-closing-dashboard","event":"CASH_CLOSING_DASHBOARD_API_STARTED","filters":{"cluster":"","branch":"","fromDate":"","toDate":"","status":""},"timestamp":"2026-08-04T12:42:42.545Z"}
4/8/2026, 6:12:42 pm | {"api":"/api/cash-closing-dashboard","event":"CASH_CLOSING_DASHBOARD_DB_CONNECTED","timestamp":"2026-08-04T12:42:42.546Z"}
4/8/2026, 6:12:42 pm | {"api":"/api/cash-closing-dashboard","event":"CASH_CLOSING_DASHBOARD_QUERY_STARTED","filters":{"cluster":"","branch":"","fromDate":"","toDate":"","status":""},"timestamp":"2026-08-04T12:42:42.547Z"}
4/8/2026, 6:12:42 pm | {"api":"/api/cash-closing-dashboard","event":"CASH_CLOSING_DASHBOARD_DATA_FETCHED","totalRecords":56,"timestamp":"2026-08-04T12:42:42.554Z"}
4/8/2026, 6:12:42 pm | {"api":"/api/cash-closing-dashboard","event":"CASH_CLOSING_CLUSTER_FETCHED","totalClusters":5,"timestamp":"2026-08-04T12:42:42.557Z"}
4/8/2026, 6:12:42 pm | {"api":"/api/cash-closing-dashboard","event":"CASH_CLOSING_BRANCH_FETCHED","totalBranches":62,"timestamp":"2026-08-04T12:42:42.561Z"}
4/8/2026, 6:12:42 pm | {"api":"/api/cash-closing-dashboard","event":"CASH_CLOSING_DASHBOARD_SUCCESS","totalRecords":56,"filters":{"cluster":"","branch":"","fromDate":"","toDate":"","status":""},"timestamp":"2026-08-04T12:42:42.561Z"}
4/8/2026, 6:12:42 pm | {"api":"/api/cash-closing-dashboard","event":"CASH_CLOSING_DASHBOARD_API_STARTED","filters":{"cluster":"","branch":"","fromDate":"","toDate":"","status":""},"timestamp":"2026-08-04T12:42:42.705Z"}
4/8/2026, 6:12:42 pm | {"api":"/api/cash-closing-dashboard","event":"CASH_CLOSING_DASHBOARD_DB_CONNECTED","timestamp":"2026-08-04T12:42:42.706Z"}
4/8/2026, 6:12:42 pm | {"api":"/api/cash-closing-dashboard","event":"CASH_CLOSING_DASHBOARD_QUERY_STARTED","filters":{"cluster":"","branch":"","fromDate":"","toDate":"","status":""},"timestamp":"2026-08-04T12:42:42.707Z"}
4/8/2026, 6:12:42 pm | {"api":"/api/cash-closing-dashboard","event":"CASH_CLOSING_DASHBOARD_DATA_FETCHED","totalRecords":56,"timestamp":"2026-08-04T12:42:42.715Z"}
4/8/2026, 6:12:42 pm | {"api":"/api/cash-closing-dashboard","event":"CASH_CLOSING_CLUSTER_FETCHED","totalClusters":5,"timestamp":"2026-08-04T12:42:42.718Z"}
4/8/2026, 6:12:42 pm | {"api":"/api/cash-closing-dashboard","event":"CASH_CLOSING_BRANCH_FETCHED","totalBranches":62,"timestamp":"2026-08-04T12:42:42.721Z"}
4/8/2026, 6:12:42 pm | {"api":"/api/cash-closing-dashboard","event":"CASH_CLOSING_DASHBOARD_SUCCESS","totalRecords":56,"filters":{"cluster":"","branch":"","fromDate":"","toDate":"","status":""},"timestamp":"2026-08-04T12:42:42.722Z"}
4/8/2026, 6:12:42 pm | {"api":"/api/cash-closing-dashboard","event":"CASH_CLOSING_DASHBOARD_API_STARTED","filters":{"cluster":"","branch":"","fromDate":"","toDate":"","status":""},"timestamp":"2026-08-04T12:42:42.857Z"}
4/8/2026, 6:12:42 pm | {"api":"/api/cash-closing-dashboard","event":"CASH_CLOSING_DASHBOARD_DB_CONNECTED","timestamp":"2026-08-04T12:42:42.858Z"}
4/8/2026, 6:12:42 pm | {"api":"/api/cash-closing-dashboard","event":"CASH_CLOSING_DASHBOARD_QUERY_STARTED","filters":{"cluster":"","branch":"","fromDate":"","toDate":"","status":""},"timestamp":"2026-08-04T12:42:42.859Z"}
4/8/2026, 6:12:42 pm | {"api":"/api/cash-closing-dashboard","event":"CASH_CLOSING_DASHBOARD_DATA_FETCHED","totalRecords":56,"timestamp":"2026-08-04T12:42:42.866Z"}
4/8/2026, 6:12:42 pm | {"api":"/api/cash-closing-dashboard","event":"CASH_CLOSING_CLUSTER_FETCHED","totalClusters":5,"timestamp":"2026-08-04T12:42:42.870Z"}
4/8/2026, 6:12:42 pm | {"api":"/api/cash-closing-dashboard","event":"CASH_CLOSING_BRANCH_FETCHED","totalBranches":62,"timestamp":"2026-08-04T12:42:42.875Z"}
4/8/2026, 6:12:42 pm | {"api":"/api/cash-closing-dashboard","event":"CASH_CLOSING_DASHBOARD_SUCCESS","totalRecords":56,"filters":{"cluster":"","branch":"","fromDate":"","toDate":"","status":""},"timestamp":"2026-08-04T12:42:42.875Z"}
4/8/2026, 6:12:43 pm | {"api":"/api/cash-closing-dashboard","event":"CASH_CLOSING_DASHBOARD_API_STARTED","filters":{"cluster":"","branch":"","fromDate":"","toDate":"","status":""},"timestamp":"2026-08-04T12:42:43.057Z"}
4/8/2026, 6:12:43 pm | {"api":"/api/cash-closing-dashboard","event":"CASH_CLOSING_DASHBOARD_DB_CONNECTED","timestamp":"2026-08-04T12:42:43.058Z"}
4/8/2026, 6:12:43 pm | {"api":"/api/cash-closing-dashboard","event":"CASH_CLOSING_DASHBOARD_QUERY_STARTED","filters":{"cluster":"","branch":"","fromDate":"","toDate":"","status":""},"timestamp":"2026-08-04T12:42:43.059Z"}
4/8/2026, 6:12:43 pm | {"api":"/api/cash-closing-dashboard","event":"CASH_CLOSING_DASHBOARD_DATA_FETCHED","totalRecords":56,"timestamp":"2026-08-04T12:42:43.067Z"}
4/8/2026, 6:12:43 pm | {"api":"/api/cash-closing-dashboard","event":"CASH_CLOSING_CLUSTER_FETCHED","totalClusters":5,"timestamp":"2026-08-04T12:42:43.071Z"}
4/8/2026, 6:12:43 pm | {"api":"/api/cash-closing-dashboard","event":"CASH_CLOSING_BRANCH_FETCHED","totalBranches":62,"timestamp":"2026-08-04T12:42:43.074Z"}
4/8/2026, 6:12:43 pm | {"api":"/api/cash-closing-dashboard","event":"CASH_CLOSING_DASHBOARD_SUCCESS","totalRecords":56,"filters":{"cluster":"","branch":"","fromDate":"","toDate":"","status":""},"timestamp":"2026-08-04T12:42:43.075Z"}
4/8/2026, 6:12:43 pm | {"api":"/api/cash-closing-dashboard","event":"CASH_CLOSING_DASHBOARD_API_STARTED","filters":{"cluster":"","branch":"","fromDate":"","toDate":"","status":""},"timestamp":"2026-08-04T12:42:43.217Z"}
4/8/2026, 6:12:43 pm | {"api":"/api/cash-closing-dashboard","event":"CASH_CLOSING_DASHBOARD_DB_CONNECTED","timestamp":"2026-08-04T12:42:43.218Z"}
4/8/2026, 6:12:43 pm | {"api":"/api/cash-closing-dashboard","event":"CASH_CLOSING_DASHBOARD_QUERY_STARTED","filters":{"cluster":"","branch":"","fromDate":"","toDate":"","status":""},"timestamp":"2026-08-04T12:42:43.219Z"}
4/8/2026, 6:12:43 pm | {"api":"/api/cash-closing-dashboard","event":"CASH_CLOSING_DASHBOARD_DATA_FETCHED","totalRecords":56,"timestamp":"2026-08-04T12:42:43.226Z"}
4/8/2026, 6:12:43 pm | {"api":"/api/cash-closing-dashboard","event":"CASH_CLOSING_CLUSTER_FETCHED","totalClusters":5,"timestamp":"2026-08-04T12:42:43.230Z"}
4/8/2026, 6:12:43 pm | {"api":"/api/cash-closing-dashboard","event":"CASH_CLOSING_BRANCH_FETCHED","totalBranches":62,"timestamp":"2026-08-04T12:42:43.233Z"}
4/8/2026, 6:12:43 pm | {"api":"/api/cash-closing-dashboard","event":"CASH_CLOSING_DASHBOARD_SUCCESS","totalRecords":56,"filters":{"cluster":"","branch":"","fromDate":"","toDate":"","status":""},"timestamp":"2026-08-04T12:42:43.234Z"}
4/8/2026, 6:12:43 pm | {"api":"/api/cash-closing-dashboard","event":"CASH_CLOSING_DASHBOARD_API_STARTED","filters":{"cluster":"","branch":"","fromDate":"","toDate":"","status":""},"timestamp":"2026-08-04T12:42:43.385Z"}
4/8/2026, 6:12:43 pm | {"api":"/api/cash-closing-dashboard","event":"CASH_CLOSING_DASHBOARD_DB_CONNECTED","timestamp":"2026-08-04T12:42:43.386Z"}
4/8/2026, 6:12:43 pm | {"api":"/api/cash-closing-dashboard","event":"CASH_CLOSING_DASHBOARD_QUERY_STARTED","filters":{"cluster":"","branch":"","fromDate":"","toDate":"","status":""},"timestamp":"2026-08-04T12:42:43.387Z"}
4/8/2026, 6:12:43 pm | {"api":"/api/cash-closing-dashboard","event":"CASH_CLOSING_DASHBOARD_DATA_FETCHED","totalRecords":56,"timestamp":"2026-08-04T12:42:43.393Z"}
4/8/2026, 6:12:43 pm | {"api":"/api/cash-closing-dashboard","event":"CASH_CLOSING_CLUSTER_FETCHED","totalClusters":5,"timestamp":"2026-08-04T12:42:43.397Z"}
4/8/2026, 6:12:43 pm | {"api":"/api/cash-closing-dashboard","event":"CASH_CLOSING_BRANCH_FETCHED","totalBranches":62,"timestamp":"2026-08-04T12:42:43.400Z"}
4/8/2026, 6:12:43 pm | {"api":"/api/cash-closing-dashboard","event":"CASH_CLOSING_DASHBOARD_SUCCESS","totalRecords":56,"filters":{"cluster":"","branch":"","fromDate":"","toDate":"","status":""},"timestamp":"2026-08-04T12:42:43.401Z"}
4/8/2026, 6:12:43 pm | {"api":"/api/cash-closing-dashboard","event":"CASH_CLOSING_DASHBOARD_API_STARTED","filters":{"cluster":"","branch":"","fromDate":"","toDate":"","status":""},"timestamp":"2026-08-04T12:42:43.529Z"}
4/8/2026, 6:12:43 pm | {"api":"/api/cash-closing-dashboard","event":"CASH_CLOSING_DASHBOARD_DB_CONNECTED","timestamp":"2026-08-04T12:42:43.530Z"}
4/8/2026, 6:12:43 pm | {"api":"/api/cash-closing-dashboard","event":"CASH_CLOSING_DASHBOARD_QUERY_STARTED","filters":{"cluster":"","branch":"","fromDate":"","toDate":"","status":""},"timestamp":"2026-08-04T12:42:43.531Z"}
4/8/2026, 6:12:43 pm | {"api":"/api/cash-closing-dashboard","event":"CASH_CLOSING_DASHBOARD_DATA_FETCHED","totalRecords":56,"timestamp":"2026-08-04T12:42:43.538Z"}
4/8/2026, 6:12:43 pm | {"api":"/api/cash-closing-dashboard","event":"CASH_CLOSING_CLUSTER_FETCHED","totalClusters":5,"timestamp":"2026-08-04T12:42:43.542Z"}
4/8/2026, 6:12:43 pm | {"api":"/api/cash-closing-dashboard","event":"CASH_CLOSING_BRANCH_FETCHED","totalBranches":62,"timestamp":"2026-08-04T12:42:43.545Z"}
4/8/2026, 6:12:43 pm | {"api":"/api/cash-closing-dashboard","event":"CASH_CLOSING_DASHBOARD_SUCCESS","totalRecords":56,"filters":{"cluster":"","branch":"","fromDate":"","toDate":"","status":""},"timestamp":"2026-08-04T12:42:43.546Z"}
4/8/2026, 6:12:43 pm | {"api":"/api/cash-closing-dashboard","event":"CASH_CLOSING_DASHBOARD_API_STARTED","filters":{"cluster":"","branch":"","fromDate":"","toDate":"","status":""},"timestamp":"2026-08-04T12:42:43.665Z"}
4/8/2026, 6:12:43 pm | {"api":"/api/cash-closing-dashboard","event":"CASH_CLOSING_DASHBOARD_DB_CONNECTED","timestamp":"2026-08-04T12:42:43.666Z"}
4/8/2026, 6:12:43 pm | {"api":"/api/cash-closing-dashboard","event":"CASH_CLOSING_DASHBOARD_QUERY_STARTED","filters":{"cluster":"","branch":"","fromDate":"","toDate":"","status":""},"timestamp":"2026-08-04T12:42:43.667Z"}
4/8/2026, 6:12:43 pm | {"api":"/api/cash-closing-dashboard","event":"CASH_CLOSING_DASHBOARD_DATA_FETCHED","totalRecords":56,"timestamp":"2026-08-04T12:42:43.674Z"}
4/8/2026, 6:12:43 pm | {"api":"/api/cash-closing-dashboard","event":"CASH_CLOSING_CLUSTER_FETCHED","totalClusters":5,"timestamp":"2026-08-04T12:42:43.678Z"}
4/8/2026, 6:12:43 pm | {"api":"/api/cash-closing-dashboard","event":"CASH_CLOSING_BRANCH_FETCHED","totalBranches":62,"timestamp":"2026-08-04T12:42:43.682Z"}
4/8/2026, 6:12:43 pm | {"api":"/api/cash-closing-dashboard","event":"CASH_CLOSING_DASHBOARD_SUCCESS","totalRecords":56,"filters":{"cluster":"","branch":"","fromDate":"","toDate":"","status":""},"timestamp":"2026-08-04T12:42:43.682Z"}
4/8/2026, 6:12:43 pm | {"api":"/api/cash-closing-dashboard","event":"CASH_CLOSING_DASHBOARD_API_STARTED","filters":{"cluster":"","branch":"","fromDate":"","toDate":"","status":""},"timestamp":"2026-08-04T12:42:43.801Z"}
4/8/2026, 6:12:43 pm | {"api":"/api/cash-closing-dashboard","event":"CASH_CLOSING_DASHBOARD_DB_CONNECTED","timestamp":"2026-08-04T12:42:43.802Z"}
4/8/2026, 6:12:43 pm | {"api":"/api/cash-closing-dashboard","event":"CASH_CLOSING_DASHBOARD_QUERY_STARTED","filters":{"cluster":"","branch":"","fromDate":"","toDate":"","status":""},"timestamp":"2026-08-04T12:42:43.803Z"}
4/8/2026, 6:12:43 pm | {"api":"/api/cash-closing-dashboard","event":"CASH_CLOSING_DASHBOARD_DATA_FETCHED","totalRecords":56,"timestamp":"2026-08-04T12:42:43.810Z"}
4/8/2026, 6:12:43 pm | {"api":"/api/cash-closing-dashboard","event":"CASH_CLOSING_CLUSTER_FETCHED","totalClusters":5,"timestamp":"2026-08-04T12:42:43.814Z"}
4/8/2026, 6:12:43 pm | {"api":"/api/cash-closing-dashboard","event":"CASH_CLOSING_BRANCH_FETCHED","totalBranches":62,"timestamp":"2026-08-04T12:42:43.817Z"}
4/8/2026, 6:12:43 pm | {"api":"/api/cash-closing-dashboard","event":"CASH_CLOSING_DASHBOARD_SUCCESS","totalRecords":56,"filters":{"cluster":"","branch":"","fromDate":"","toDate":"","status":""},"timestamp":"2026-08-04T12:42:43.818Z"}
4/8/2026, 6:12:43 pm | {"api":"/api/cash-closing-dashboard","event":"CASH_CLOSING_DASHBOARD_API_STARTED","filters":{"cluster":"","branch":"","fromDate":"","toDate":"","status":""},"timestamp":"2026-08-04T12:42:43.937Z"}
4/8/2026, 6:12:43 pm | {"api":"/api/cash-closing-dashboard","event":"CASH_CLOSING_DASHBOARD_DB_CONNECTED","timestamp":"2026-08-04T12:42:43.938Z"}
4/8/2026, 6:12:43 pm | {"api":"/api/cash-closing-dashboard","event":"CASH_CLOSING_DASHBOARD_QUERY_STARTED","filters":{"cluster":"","branch":"","fromDate":"","toDate":"","status":""},"timestamp":"2026-08-04T12:42:43.939Z"}
4/8/2026, 6:12:43 pm | {"api":"/api/cash-closing-dashboard","event":"CASH_CLOSING_DASHBOARD_DATA_FETCHED","totalRecords":56,"timestamp":"2026-08-04T12:42:43.947Z"}
4/8/2026, 6:12:43 pm | {"api":"/api/cash-closing-dashboard","event":"CASH_CLOSING_CLUSTER_FETCHED","totalClusters":5,"timestamp":"2026-08-04T12:42:43.950Z"}
4/8/2026, 6:12:43 pm | {"api":"/api/cash-closing-dashboard","event":"CASH_CLOSING_BRANCH_FETCHED","totalBranches":62,"timestamp":"2026-08-04T12:42:43.954Z"}
4/8/2026, 6:12:43 pm | {"api":"/api/cash-closing-dashboard","event":"CASH_CLOSING_DASHBOARD_SUCCESS","totalRecords":56,"filters":{"cluster":"","branch":"","fromDate":"","toDate":"","status":""},"timestamp":"2026-08-04T12:42:43.955Z"}
4/8/2026, 6:12:44 pm | {"api":"/api/cash-closing-dashboard","event":"CASH_CLOSING_DASHBOARD_API_STARTED","filters":{"cluster":"","branch":"","fromDate":"","toDate":"","status":""},"timestamp":"2026-08-04T12:42:44.081Z"}
4/8/2026, 6:12:44 pm | {"api":"/api/cash-closing-dashboard","event":"CASH_CLOSING_DASHBOARD_DB_CONNECTED","timestamp":"2026-08-04T12:42:44.082Z"}
4/8/2026, 6:12:44 pm | {"api":"/api/cash-closing-dashboard","event":"CASH_CLOSING_DASHBOARD_QUERY_STARTED","filters":{"cluster":"","branch":"","fromDate":"","toDate":"","status":""},"timestamp":"2026-08-04T12:42:44.083Z"}
4/8/2026, 6:12:44 pm | {"api":"/api/cash-closing-dashboard","event":"CASH_CLOSING_DASHBOARD_DATA_FETCHED","totalRecords":56,"timestamp":"2026-08-04T12:42:44.091Z"}
4/8/2026, 6:12:44 pm | {"api":"/api/cash-closing-dashboard","event":"CASH_CLOSING_CLUSTER_FETCHED","totalClusters":5,"timestamp":"2026-08-04T12:42:44.094Z"}
4/8/2026, 6:12:44 pm | {"api":"/api/cash-closing-dashboard","event":"CASH_CLOSING_BRANCH_FETCHED","totalBranches":62,"timestamp":"2026-08-04T12:42:44.097Z"}
4/8/2026, 6:12:44 pm | {"api":"/api/cash-closing-dashboard","event":"CASH_CLOSING_DASHBOARD_SUCCESS","totalRecords":56,"filters":{"cluster":"","branch":"","fromDate":"","toDate":"","status":""},"timestamp":"2026-08-04T12:42:44.098Z"}
4/8/2026, 6:12:44 pm | {"api":"/api/cash-closing-dashboard","event":"CASH_CLOSING_DASHBOARD_API_STARTED","filters":{"cluster":"","branch":"","fromDate":"","toDate":"","status":""},"timestamp":"2026-08-04T12:42:44.217Z"}
4/8/2026, 6:12:44 pm | {"api":"/api/cash-closing-dashboard","event":"CASH_CLOSING_DASHBOARD_DB_CONNECTED","timestamp":"2026-08-04T12:42:44.218Z"}
4/8/2026, 6:12:44 pm | {"api":"/api/cash-closing-dashboard","event":"CASH_CLOSING_DASHBOARD_QUERY_STARTED","filters":{"cluster":"","branch":"","fromDate":"","toDate":"","status":""},"timestamp":"2026-08-04T12:42:44.219Z"}
4/8/2026, 6:12:44 pm | {"api":"/api/cash-closing-dashboard","event":"CASH_CLOSING_DASHBOARD_DATA_FETCHED","totalRecords":56,"timestamp":"2026-08-04T12:42:44.227Z"}
4/8/2026, 6:12:44 pm | {"api":"/api/cash-closing-dashboard","event":"CASH_CLOSING_CLUSTER_FETCHED","totalClusters":5,"timestamp":"2026-08-04T12:42:44.230Z"}
4/8/2026, 6:12:44 pm | {"api":"/api/cash-closing-dashboard","event":"CASH_CLOSING_BRANCH_FETCHED","totalBranches":62,"timestamp":"2026-08-04T12:42:44.234Z"}
4/8/2026, 6:12:44 pm | {"api":"/api/cash-closing-dashboard","event":"CASH_CLOSING_DASHBOARD_SUCCESS","totalRecords":56,"filters":{"cluster":"","branch":"","fromDate":"","toDate":"","status":""},"timestamp":"2026-08-04T12:42:44.234Z"}
4/8/2026, 6:12:44 pm | {"api":"/api/cash-closing-dashboard","event":"CASH_CLOSING_DASHBOARD_API_STARTED","filters":{"cluster":"","branch":"","fromDate":"","toDate":"","status":""},"timestamp":"2026-08-04T12:42:44.473Z"}
4/8/2026, 6:12:44 pm | {"api":"/api/cash-closing-dashboard","event":"CASH_CLOSING_DASHBOARD_DB_CONNECTED","timestamp":"2026-08-04T12:42:44.475Z"}
4/8/2026, 6:12:44 pm | {"api":"/api/cash-closing-dashboard","event":"CASH_CLOSING_DASHBOARD_QUERY_STARTED","filters":{"cluster":"","branch":"","fromDate":"","toDate":"","status":""},"timestamp":"2026-08-04T12:42:44.475Z"}
4/8/2026, 6:12:44 pm | {"api":"/api/cash-closing-dashboard","event":"CASH_CLOSING_DASHBOARD_DATA_FETCHED","totalRecords":56,"timestamp":"2026-08-04T12:42:44.483Z"}
4/8/2026, 6:12:44 pm | {"api":"/api/cash-closing-dashboard","event":"CASH_CLOSING_CLUSTER_FETCHED","totalClusters":5,"timestamp":"2026-08-04T12:42:44.486Z"}
4/8/2026, 6:12:44 pm | {"api":"/api/cash-closing-dashboard","event":"CASH_CLOSING_BRANCH_FETCHED","totalBranches":62,"timestamp":"2026-08-04T12:42:44.490Z"}
4/8/2026, 6:12:44 pm | {"api":"/api/cash-closing-dashboard","event":"CASH_CLOSING_DASHBOARD_SUCCESS","totalRecords":56,"filters":{"cluster":"","branch":"","fromDate":"","toDate":"","status":""},"timestamp":"2026-08-04T12:42:44.491Z"}
4/8/2026, 6:12:44 pm | {"api":"/api/cash-closing-dashboard","event":"CASH_CLOSING_DASHBOARD_API_STARTED","filters":{"cluster":"","branch":"","fromDate":"","toDate":"","status":""},"timestamp":"2026-08-04T12:42:44.617Z"}
4/8/2026, 6:12:44 pm | {"api":"/api/cash-closing-dashboard","event":"CASH_CLOSING_DASHBOARD_DB_CONNECTED","timestamp":"2026-08-04T12:42:44.618Z"}
4/8/2026, 6:12:44 pm | {"api":"/api/cash-closing-dashboard","event":"CASH_CLOSING_DASHBOARD_QUERY_STARTED","filters":{"cluster":"","branch":"","fromDate":"","toDate":"","status":""},"timestamp":"2026-08-04T12:42:44.619Z"}
4/8/2026, 6:12:44 pm | {"api":"/api/cash-closing-dashboard","event":"CASH_CLOSING_DASHBOARD_DATA_FETCHED","totalRecords":56,"timestamp":"2026-08-04T12:42:44.627Z"}
4/8/2026, 6:12:44 pm | {"api":"/api/cash-closing-dashboard","event":"CASH_CLOSING_CLUSTER_FETCHED","totalClusters":5,"timestamp":"2026-08-04T12:42:44.630Z"}
4/8/2026, 6:12:44 pm | {"api":"/api/cash-closing-dashboard","event":"CASH_CLOSING_BRANCH_FETCHED","totalBranches":62,"timestamp":"2026-08-04T12:42:44.634Z"}
4/8/2026, 6:12:44 pm | {"api":"/api/cash-closing-dashboard","event":"CASH_CLOSING_DASHBOARD_SUCCESS","totalRecords":56,"filters":{"cluster":"","branch":"","fromDate":"","toDate":"","status":""},"timestamp":"2026-08-04T12:42:44.634Z"}
4/8/2026, 6:12:44 pm | {"api":"/api/cash-closing-dashboard","event":"CASH_CLOSING_DASHBOARD_API_STARTED","filters":{"cluster":"","branch":"","fromDate":"","toDate":"","status":""},"timestamp":"2026-08-04T12:42:44.769Z"}
4/8/2026, 6:12:44 pm | {"api":"/api/cash-closing-dashboard","event":"CASH_CLOSING_DASHBOARD_DB_CONNECTED","timestamp":"2026-08-04T12:42:44.770Z"}
4/8/2026, 6:12:44 pm | {"api":"/api/cash-closing-dashboard","event":"CASH_CLOSING_DASHBOARD_QUERY_STARTED","filters":{"cluster":"","branch":"","fromDate":"","toDate":"","status":""},"timestamp":"2026-08-04T12:42:44.771Z"}
4/8/2026, 6:12:44 pm | {"api":"/api/cash-closing-dashboard","event":"CASH_CLOSING_DASHBOARD_DATA_FETCHED","totalRecords":56,"timestamp":"2026-08-04T12:42:44.779Z"}
4/8/2026, 6:12:44 pm | {"api":"/api/cash-closing-dashboard","event":"CASH_CLOSING_CLUSTER_FETCHED","totalClusters":5,"timestamp":"2026-08-04T12:42:44.782Z"}
4/8/2026, 6:12:44 pm | {"api":"/api/cash-closing-dashboard","event":"CASH_CLOSING_BRANCH_FETCHED","totalBranches":62,"timestamp":"2026-08-04T12:42:44.785Z"}
4/8/2026, 6:12:44 pm | {"api":"/api/cash-closing-dashboard","event":"CASH_CLOSING_DASHBOARD_SUCCESS","totalRecords":56,"filters":{"cluster":"","branch":"","fromDate":"","toDate":"","status":""},"timestamp":"2026-08-04T12:42:44.786Z"}
4/8/2026, 6:12:44 pm | {"api":"/api/cash-closing-dashboard","event":"CASH_CLOSING_DASHBOARD_API_STARTED","filters":{"cluster":"","branch":"","fromDate":"","toDate":"","status":""},"timestamp":"2026-08-04T12:42:44.921Z"}
4/8/2026, 6:12:44 pm | {"api":"/api/cash-closing-dashboard","event":"CASH_CLOSING_DASHBOARD_DB_CONNECTED","timestamp":"2026-08-04T12:42:44.922Z"}
4/8/2026, 6:12:44 pm | {"api":"/api/cash-closing-dashboard","event":"CASH_CLOSING_DASHBOARD_QUERY_STARTED","filters":{"cluster":"","branch":"","fromDate":"","toDate":"","status":""},"timestamp":"2026-08-04T12:42:44.923Z"}
4/8/2026, 6:12:44 pm | {"api":"/api/cash-closing-dashboard","event":"CASH_CLOSING_DASHBOARD_DATA_FETCHED","totalRecords":56,"timestamp":"2026-08-04T12:42:44.931Z"}
4/8/2026, 6:12:44 pm | {"api":"/api/cash-closing-dashboard","event":"CASH_CLOSING_CLUSTER_FETCHED","totalClusters":5,"timestamp":"2026-08-04T12:42:44.935Z"}
4/8/2026, 6:12:44 pm | {"api":"/api/cash-closing-dashboard","event":"CASH_CLOSING_BRANCH_FETCHED","totalBranches":62,"timestamp":"2026-08-04T12:42:44.939Z"}
4/8/2026, 6:12:44 pm | {"api":"/api/cash-closing-dashboard","event":"CASH_CLOSING_DASHBOARD_SUCCESS","totalRecords":56,"filters":{"cluster":"","branch":"","fromDate":"","toDate":"","status":""},"timestamp":"2026-08-04T12:42:44.939Z"}
4/8/2026, 6:12:45 pm | {"api":"/api/cash-closing-dashboard","event":"CASH_CLOSING_DASHBOARD_API_STARTED","filters":{"cluster":"","branch":"","fromDate":"","toDate":"","status":""},"timestamp":"2026-08-04T12:42:45.057Z"}
4/8/2026, 6:12:45 pm | {"api":"/api/cash-closing-dashboard","event":"CASH_CLOSING_DASHBOARD_DB_CONNECTED","timestamp":"2026-08-04T12:42:45.058Z"}
4/8/2026, 6:12:45 pm | {"api":"/api/cash-closing-dashboard","event":"CASH_CLOSING_DASHBOARD_QUERY_STARTED","filters":{"cluster":"","branch":"","fromDate":"","toDate":"","status":""},"timestamp":"2026-08-04T12:42:45.059Z"}
4/8/2026, 6:12:45 pm | {"api":"/api/cash-closing-dashboard","event":"CASH_CLOSING_DASHBOARD_DATA_FETCHED","totalRecords":56,"timestamp":"2026-08-04T12:42:45.066Z"}
4/8/2026, 6:12:45 pm | {"api":"/api/cash-closing-dashboard","event":"CASH_CLOSING_CLUSTER_FETCHED","totalClusters":5,"timestamp":"2026-08-04T12:42:45.071Z"}
4/8/2026, 6:12:45 pm | {"api":"/api/cash-closing-dashboard","event":"CASH_CLOSING_BRANCH_FETCHED","totalBranches":62,"timestamp":"2026-08-04T12:42:45.074Z"}
4/8/2026, 6:12:45 pm | {"api":"/api/cash-closing-dashboard","event":"CASH_CLOSING_DASHBOARD_SUCCESS","totalRecords":56,"filters":{"cluster":"","branch":"","fromDate":"","toDate":"","status":""},"timestamp":"2026-08-04T12:42:45.074Z"}
4/8/2026, 6:12:45 pm | {"api":"/api/cash-closing-dashboard","event":"CASH_CLOSING_DASHBOARD_API_STARTED","filters":{"cluster":"","branch":"","fromDate":"","toDate":"","status":""},"timestamp":"2026-08-04T12:42:45.381Z"}
4/8/2026, 6:12:45 pm | {"api":"/api/cash-closing-dashboard","event":"CASH_CLOSING_DASHBOARD_DB_CONNECTED","timestamp":"2026-08-04T12:42:45.382Z"}
4/8/2026, 6:12:45 pm | {"api":"/api/cash-closing-dashboard","event":"CASH_CLOSING_DASHBOARD_QUERY_STARTED","filters":{"cluster":"","branch":"","fromDate":"","toDate":"","status":""},"timestamp":"2026-08-04T12:42:45.383Z"}
4/8/2026, 6:12:45 pm | {"api":"/api/cash-closing-dashboard","event":"CASH_CLOSING_DASHBOARD_DATA_FETCHED","totalRecords":56,"timestamp":"2026-08-04T12:42:45.389Z"}
4/8/2026, 6:12:45 pm | {"api":"/api/cash-closing-dashboard","event":"CASH_CLOSING_CLUSTER_FETCHED","totalClusters":5,"timestamp":"2026-08-04T12:42:45.392Z"}
4/8/2026, 6:12:45 pm | {"api":"/api/cash-closing-dashboard","event":"CASH_CLOSING_BRANCH_FETCHED","totalBranches":62,"timestamp":"2026-08-04T12:42:45.396Z"}
4/8/2026, 6:12:45 pm | {"api":"/api/cash-closing-dashboard","event":"CASH_CLOSING_DASHBOARD_SUCCESS","totalRecords":56,"filters":{"cluster":"","branch":"","fromDate":"","toDate":"","status":""},"timestamp":"2026-08-04T12:42:45.397Z"}
4/8/2026, 6:12:45 pm | {"api":"/api/cash-closing-dashboard","event":"CASH_CLOSING_DASHBOARD_API_STARTED","filters":{"cluster":"","branch":"","fromDate":"","toDate":"","status":""},"timestamp":"2026-08-04T12:42:45.553Z"}
4/8/2026, 6:12:45 pm | {"api":"/api/cash-closing-dashboard","event":"CASH_CLOSING_DASHBOARD_DB_CONNECTED","timestamp":"2026-08-04T12:42:45.555Z"}
4/8/2026, 6:12:45 pm | {"api":"/api/cash-closing-dashboard","event":"CASH_CLOSING_DASHBOARD_QUERY_STARTED","filters":{"cluster":"","branch":"","fromDate":"","toDate":"","status":""},"timestamp":"2026-08-04T12:42:45.555Z"}
4/8/2026, 6:12:45 pm | {"api":"/api/cash-closing-dashboard","event":"CASH_CLOSING_DASHBOARD_DATA_FETCHED","totalRecords":56,"timestamp":"2026-08-04T12:42:45.563Z"}
4/8/2026, 6:12:45 pm | {"api":"/api/cash-closing-dashboard","event":"CASH_CLOSING_CLUSTER_FETCHED","totalClusters":5,"timestamp":"2026-08-04T12:42:45.566Z"}
4/8/2026, 6:12:45 pm | {"api":"/api/cash-closing-dashboard","event":"CASH_CLOSING_BRANCH_FETCHED","totalBranches":62,"timestamp":"2026-08-04T12:42:45.570Z"}
4/8/2026, 6:12:45 pm | {"api":"/api/cash-closing-dashboard","event":"CASH_CLOSING_DASHBOARD_SUCCESS","totalRecords":56,"filters":{"cluster":"","branch":"","fromDate":"","toDate":"","status":""},"timestamp":"2026-08-04T12:42:45.570Z"}
4/8/2026, 6:12:45 pm | {"api":"/api/cash-closing-dashboard","event":"CASH_CLOSING_DASHBOARD_API_STARTED","filters":{"cluster":"","branch":"","fromDate":"","toDate":"","status":""},"timestamp":"2026-08-04T12:42:45.713Z"}
4/8/2026, 6:12:45 pm | {"api":"/api/cash-closing-dashboard","event":"CASH_CLOSING_DASHBOARD_DB_CONNECTED","timestamp":"2026-08-04T12:42:45.714Z"}
4/8/2026, 6:12:45 pm | {"api":"/api/cash-closing-dashboard","event":"CASH_CLOSING_DASHBOARD_QUERY_STARTED","filters":{"cluster":"","branch":"","fromDate":"","toDate":"","status":""},"timestamp":"2026-08-04T12:42:45.715Z"}
4/8/2026, 6:12:45 pm | {"api":"/api/cash-closing-dashboard","event":"CASH_CLOSING_DASHBOARD_DATA_FETCHED","totalRecords":56,"timestamp":"2026-08-04T12:42:45.722Z"}
4/8/2026, 6:12:45 pm | {"api":"/api/cash-closing-dashboard","event":"CASH_CLOSING_CLUSTER_FETCHED","totalClusters":5,"timestamp":"2026-08-04T12:42:45.725Z"}
4/8/2026, 6:12:45 pm | {"api":"/api/cash-closing-dashboard","event":"CASH_CLOSING_BRANCH_FETCHED","totalBranches":62,"timestamp":"2026-08-04T12:42:45.728Z"}
4/8/2026, 6:12:45 pm | {"api":"/api/cash-closing-dashboard","event":"CASH_CLOSING_DASHBOARD_SUCCESS","totalRecords":56,"filters":{"cluster":"","branch":"","fromDate":"","toDate":"","status":""},"timestamp":"2026-08-04T12:42:45.729Z"}
4/8/2026, 6:12:45 pm | {"api":"/api/cash-closing-dashboard","event":"CASH_CLOSING_DASHBOARD_API_STARTED","filters":{"cluster":"","branch":"","fromDate":"","toDate":"","status":""},"timestamp":"2026-08-04T12:42:45.881Z"}
4/8/2026, 6:12:45 pm | {"api":"/api/cash-closing-dashboard","event":"CASH_CLOSING_DASHBOARD_DB_CONNECTED","timestamp":"2026-08-04T12:42:45.882Z"}
4/8/2026, 6:12:45 pm | {"api":"/api/cash-closing-dashboard","event":"CASH_CLOSING_DASHBOARD_QUERY_STARTED","filters":{"cluster":"","branch":"","fromDate":"","toDate":"","status":""},"timestamp":"2026-08-04T12:42:45.883Z"}
4/8/2026, 6:12:45 pm | {"api":"/api/cash-closing-dashboard","event":"CASH_CLOSING_DASHBOARD_DATA_FETCHED","totalRecords":56,"timestamp":"2026-08-04T12:42:45.890Z"}
4/8/2026, 6:12:45 pm | {"api":"/api/cash-closing-dashboard","event":"CASH_CLOSING_CLUSTER_FETCHED","totalClusters":5,"timestamp":"2026-08-04T12:42:45.893Z"}
4/8/2026, 6:12:45 pm | {"api":"/api/cash-closing-dashboard","event":"CASH_CLOSING_BRANCH_FETCHED","totalBranches":62,"timestamp":"2026-08-04T12:42:45.896Z"}
4/8/2026, 6:12:45 pm | {"api":"/api/cash-closing-dashboard","event":"CASH_CLOSING_DASHBOARD_SUCCESS","totalRecords":56,"filters":{"cluster":"","branch":"","fromDate":"","toDate":"","status":""},"timestamp":"2026-08-04T12:42:45.897Z"}
4/8/2026, 6:12:57 pm | {"api":"/api/cash-closing-dashboard","event":"CASH_CLOSING_DASHBOARD_API_STARTED","filters":{"cluster":"","branch":"","fromDate":"","toDate":"","status":""},"timestamp":"2026-08-04T12:42:57.102Z"}
4/8/2026, 6:12:57 pm | {"api":"/api/cash-closing-dashboard","event":"CASH_CLOSING_DASHBOARD_DB_CONNECTED","timestamp":"2026-08-04T12:42:57.103Z"}
4/8/2026, 6:12:57 pm | {"api":"/api/cash-closing-dashboard","event":"CASH_CLOSING_DASHBOARD_QUERY_STARTED","filters":{"cluster":"","branch":"","fromDate":"","toDate":"","status":""},"timestamp":"2026-08-04T12:42:57.103Z"}
4/8/2026, 6:12:57 pm | {"api":"/api/cash-closing-dashboard","event":"CASH_CLOSING_DASHBOARD_DATA_FETCHED","totalRecords":56,"timestamp":"2026-08-04T12:42:57.111Z"}
4/8/2026, 6:12:57 pm | {"api":"/api/cash-closing-dashboard","event":"CASH_CLOSING_CLUSTER_FETCHED","totalClusters":5,"timestamp":"2026-08-04T12:42:57.114Z"}
4/8/2026, 6:12:57 pm | {"api":"/api/cash-closing-dashboard","event":"CASH_CLOSING_BRANCH_FETCHED","totalBranches":62,"timestamp":"2026-08-04T12:42:57.118Z"}
4/8/2026, 6:12:57 pm | {"api":"/api/cash-closing-dashboard","event":"CASH_CLOSING_DASHBOARD_SUCCESS","totalRecords":56,"filters":{"cluster":"","branch":"","fromDate":"","toDate":"","status":""},"timestamp":"2026-08-04T12:42:57.119Z"}
4/8/2026, 6:12:57 pm | {"api":"/api/cash-closing-dashboard","event":"CASH_CLOSING_DASHBOARD_API_STARTED","filters":{"cluster":"","branch":"","fromDate":"","toDate":"","status":""},"timestamp":"2026-08-04T12:42:57.345Z"}
4/8/2026, 6:12:57 pm | {"api":"/api/cash-closing-dashboard","event":"CASH_CLOSING_DASHBOARD_DB_CONNECTED","timestamp":"2026-08-04T12:42:57.346Z"}
4/8/2026, 6:12:57 pm | {"api":"/api/cash-closing-dashboard","event":"CASH_CLOSING_DASHBOARD_QUERY_STARTED","filters":{"cluster":"","branch":"","fromDate":"","toDate":"","status":""},"timestamp":"2026-08-04T12:42:57.347Z"}
4/8/2026, 6:12:57 pm | {"api":"/api/cash-closing-dashboard","event":"CASH_CLOSING_DASHBOARD_DATA_FETCHED","totalRecords":56,"timestamp":"2026-08-04T12:42:57.354Z"}
4/8/2026, 6:12:57 pm | {"api":"/api/cash-closing-dashboard","event":"CASH_CLOSING_CLUSTER_FETCHED","totalClusters":5,"timestamp":"2026-08-04T12:42:57.357Z"}
4/8/2026, 6:12:57 pm | {"api":"/api/cash-closing-dashboard","event":"CASH_CLOSING_BRANCH_FETCHED","totalBranches":62,"timestamp":"2026-08-04T12:42:57.361Z"}
4/8/2026, 6:12:57 pm | {"api":"/api/cash-closing-dashboard","event":"CASH_CLOSING_DASHBOARD_SUCCESS","totalRecords":56,"filters":{"cluster":"","branch":"","fromDate":"","toDate":"","status":""},"timestamp":"2026-08-04T12:42:57.362Z"}
4/8/2026, 6:12:57 pm | {"api":"/api/cash-closing-dashboard","event":"CASH_CLOSING_DASHBOARD_API_STARTED","filters":{"cluster":"","branch":"","fromDate":"","toDate":"","status":""},"timestamp":"2026-08-04T12:42:57.489Z"}
4/8/2026, 6:12:57 pm | {"api":"/api/cash-closing-dashboard","event":"CASH_CLOSING_DASHBOARD_DB_CONNECTED","timestamp":"2026-08-04T12:42:57.490Z"}
4/8/2026, 6:12:57 pm | {"api":"/api/cash-closing-dashboard","event":"CASH_CLOSING_DASHBOARD_QUERY_STARTED","filters":{"cluster":"","branch":"","fromDate":"","toDate":"","status":""},"timestamp":"2026-08-04T12:42:57.491Z"}
4/8/2026, 6:12:57 pm | {"api":"/api/cash-closing-dashboard","event":"CASH_CLOSING_DASHBOARD_DATA_FETCHED","totalRecords":56,"timestamp":"2026-08-04T12:42:57.498Z"}
4/8/2026, 6:12:57 pm | {"api":"/api/cash-closing-dashboard","event":"CASH_CLOSING_CLUSTER_FETCHED","totalClusters":5,"timestamp":"2026-08-04T12:42:57.501Z"}
4/8/2026, 6:12:57 pm | {"api":"/api/cash-closing-dashboard","event":"CASH_CLOSING_BRANCH_FETCHED","totalBranches":62,"timestamp":"2026-08-04T12:42:57.505Z"}
4/8/2026, 6:12:57 pm | {"api":"/api/cash-closing-dashboard","event":"CASH_CLOSING_DASHBOARD_SUCCESS","totalRecords":56,"filters":{"cluster":"","branch":"","fromDate":"","toDate":"","status":""},"timestamp":"2026-08-04T12:42:57.505Z"}
4/8/2026, 6:12:57 pm | {"api":"/api/cash-closing-dashboard","event":"CASH_CLOSING_DASHBOARD_API_STARTED","filters":{"cluster":"","branch":"","fromDate":"","toDate":"","status":""},"timestamp":"2026-08-04T12:42:57.641Z"}
4/8/2026, 6:12:57 pm | {"api":"/api/cash-closing-dashboard","event":"CASH_CLOSING_DASHBOARD_DB_CONNECTED","timestamp":"2026-08-04T12:42:57.642Z"}
4/8/2026, 6:12:57 pm | {"api":"/api/cash-closing-dashboard","event":"CASH_CLOSING_DASHBOARD_QUERY_STARTED","filters":{"cluster":"","branch":"","fromDate":"","toDate":"","status":""},"timestamp":"2026-08-04T12:42:57.642Z"}
4/8/2026, 6:12:57 pm | {"api":"/api/cash-closing-dashboard","event":"CASH_CLOSING_DASHBOARD_DATA_FETCHED","totalRecords":56,"timestamp":"2026-08-04T12:42:57.651Z"}
4/8/2026, 6:12:57 pm | {"api":"/api/cash-closing-dashboard","event":"CASH_CLOSING_CLUSTER_FETCHED","totalClusters":5,"timestamp":"2026-08-04T12:42:57.654Z"}
4/8/2026, 6:12:57 pm | {"api":"/api/cash-closing-dashboard","event":"CASH_CLOSING_BRANCH_FETCHED","totalBranches":62,"timestamp":"2026-08-04T12:42:57.657Z"}
4/8/2026, 6:12:57 pm | {"api":"/api/cash-closing-dashboard","event":"CASH_CLOSING_DASHBOARD_SUCCESS","totalRecords":56,"filters":{"cluster":"","branch":"","fromDate":"","toDate":"","status":""},"timestamp":"2026-08-04T12:42:57.658Z"}
4/8/2026, 6:12:57 pm | {"api":"/api/cash-closing-dashboard","event":"CASH_CLOSING_DASHBOARD_API_STARTED","filters":{"cluster":"","branch":"","fromDate":"","toDate":"","status":""},"timestamp":"2026-08-04T12:42:57.761Z"}
4/8/2026, 6:12:57 pm | {"api":"/api/cash-closing-dashboard","event":"CASH_CLOSING_DASHBOARD_DB_CONNECTED","timestamp":"2026-08-04T12:42:57.762Z"}
4/8/2026, 6:12:57 pm | {"api":"/api/cash-closing-dashboard","event":"CASH_CLOSING_DASHBOARD_QUERY_STARTED","filters":{"cluster":"","branch":"","fromDate":"","toDate":"","status":""},"timestamp":"2026-08-04T12:42:57.763Z"}
4/8/2026, 6:12:57 pm | {"api":"/api/cash-closing-dashboard","event":"CASH_CLOSING_DASHBOARD_DATA_FETCHED","totalRecords":56,"timestamp":"2026-08-04T12:42:57.770Z"}
4/8/2026, 6:12:57 pm | {"api":"/api/cash-closing-dashboard","event":"CASH_CLOSING_CLUSTER_FETCHED","totalClusters":5,"timestamp":"2026-08-04T12:42:57.774Z"}
4/8/2026, 6:12:57 pm | {"api":"/api/cash-closing-dashboard","event":"CASH_CLOSING_BRANCH_FETCHED","totalBranches":62,"timestamp":"2026-08-04T12:42:57.778Z"}
4/8/2026, 6:12:57 pm | {"api":"/api/cash-closing-dashboard","event":"CASH_CLOSING_DASHBOARD_SUCCESS","totalRecords":56,"filters":{"cluster":"","branch":"","fromDate":"","toDate":"","status":""},"timestamp":"2026-08-04T12:42:57.779Z"}
4/8/2026, 6:12:57 pm | {"api":"/api/cash-closing-dashboard","event":"CASH_CLOSING_DASHBOARD_API_STARTED","filters":{"cluster":"","branch":"","fromDate":"","toDate":"","status":""},"timestamp":"2026-08-04T12:42:57.913Z"}
4/8/2026, 6:12:57 pm | {"api":"/api/cash-closing-dashboard","event":"CASH_CLOSING_DASHBOARD_DB_CONNECTED","timestamp":"2026-08-04T12:42:57.914Z"}
4/8/2026, 6:12:57 pm | {"api":"/api/cash-closing-dashboard","event":"CASH_CLOSING_DASHBOARD_QUERY_STARTED","filters":{"cluster":"","branch":"","fromDate":"","toDate":"","status":""},"timestamp":"2026-08-04T12:42:57.915Z"}
4/8/2026, 6:12:57 pm | {"api":"/api/cash-closing-dashboard","event":"CASH_CLOSING_DASHBOARD_DATA_FETCHED","totalRecords":56,"timestamp":"2026-08-04T12:42:57.924Z"}
4/8/2026, 6:12:57 pm | {"api":"/api/cash-closing-dashboard","event":"CASH_CLOSING_CLUSTER_FETCHED","totalClusters":5,"timestamp":"2026-08-04T12:42:57.928Z"}
4/8/2026, 6:12:57 pm | {"api":"/api/cash-closing-dashboard","event":"CASH_CLOSING_BRANCH_FETCHED","totalBranches":62,"timestamp":"2026-08-04T12:42:57.931Z"}
4/8/2026, 6:12:57 pm | {"api":"/api/cash-closing-dashboard","event":"CASH_CLOSING_DASHBOARD_SUCCESS","totalRecords":56,"filters":{"cluster":"","branch":"","fromDate":"","toDate":"","status":""},"timestamp":"2026-08-04T12:42:57.932Z"}
4/8/2026, 6:12:58 pm | {"api":"/api/cash-closing-dashboard","event":"CASH_CLOSING_DASHBOARD_API_STARTED","filters":{"cluster":"","branch":"","fromDate":"","toDate":"","status":""},"timestamp":"2026-08-04T12:42:58.033Z"}
4/8/2026, 6:12:58 pm | {"api":"/api/cash-closing-dashboard","event":"CASH_CLOSING_DASHBOARD_DB_CONNECTED","timestamp":"2026-08-04T12:42:58.034Z"}
4/8/2026, 6:12:58 pm | {"api":"/api/cash-closing-dashboard","event":"CASH_CLOSING_DASHBOARD_QUERY_STARTED","filters":{"cluster":"","branch":"","fromDate":"","toDate":"","status":""},"timestamp":"2026-08-04T12:42:58.035Z"}
4/8/2026, 6:12:58 pm | {"api":"/api/cash-closing-dashboard","event":"CASH_CLOSING_DASHBOARD_DATA_FETCHED","totalRecords":56,"timestamp":"2026-08-04T12:42:58.043Z"}
4/8/2026, 6:12:58 pm | {"api":"/api/cash-closing-dashboard","event":"CASH_CLOSING_CLUSTER_FETCHED","totalClusters":5,"timestamp":"2026-08-04T12:42:58.046Z"}
4/8/2026, 6:12:58 pm | {"api":"/api/cash-closing-dashboard","event":"CASH_CLOSING_BRANCH_FETCHED","totalBranches":62,"timestamp":"2026-08-04T12:42:58.049Z"}
4/8/2026, 6:12:58 pm | {"api":"/api/cash-closing-dashboard","event":"CASH_CLOSING_DASHBOARD_SUCCESS","totalRecords":56,"filters":{"cluster":"","branch":"","fromDate":"","toDate":"","status":""},"timestamp":"2026-08-04T12:42:58.050Z"}
4/8/2026, 6:12:58 pm | {"api":"/api/cash-closing-dashboard","event":"CASH_CLOSING_DASHBOARD_API_STARTED","filters":{"cluster":"","branch":"","fromDate":"","toDate":"","status":""},"timestamp":"2026-08-04T12:42:58.329Z"}
4/8/2026, 6:12:58 pm | {"api":"/api/cash-closing-dashboard","event":"CASH_CLOSING_DASHBOARD_DB_CONNECTED","timestamp":"2026-08-04T12:42:58.330Z"}
4/8/2026, 6:12:58 pm | {"api":"/api/cash-closing-dashboard","event":"CASH_CLOSING_DASHBOARD_QUERY_STARTED","filters":{"cluster":"","branch":"","fromDate":"","toDate":"","status":""},"timestamp":"2026-08-04T12:42:58.331Z"}
4/8/2026, 6:12:58 pm | {"api":"/api/cash-closing-dashboard","event":"CASH_CLOSING_DASHBOARD_DATA_FETCHED","totalRecords":56,"timestamp":"2026-08-04T12:42:58.339Z"}
4/8/2026, 6:12:58 pm | {"api":"/api/cash-closing-dashboard","event":"CASH_CLOSING_CLUSTER_FETCHED","totalClusters":5,"timestamp":"2026-08-04T12:42:58.342Z"}
4/8/2026, 6:12:58 pm | {"api":"/api/cash-closing-dashboard","event":"CASH_CLOSING_BRANCH_FETCHED","totalBranches":62,"timestamp":"2026-08-04T12:42:58.346Z"}
4/8/2026, 6:12:58 pm | {"api":"/api/cash-closing-dashboard","event":"CASH_CLOSING_DASHBOARD_SUCCESS","totalRecords":56,"filters":{"cluster":"","branch":"","fromDate":"","toDate":"","status":""},"timestamp":"2026-08-04T12:42:58.346Z"}
4/8/2026, 6:12:58 pm | {"api":"/api/cash-closing-dashboard","event":"CASH_CLOSING_DASHBOARD_API_STARTED","filters":{"cluster":"","branch":"","fromDate":"","toDate":"","status":""},"timestamp":"2026-08-04T12:42:58.497Z"}
4/8/2026, 6:12:58 pm | {"api":"/api/cash-closing-dashboard","event":"CASH_CLOSING_DASHBOARD_DB_CONNECTED","timestamp":"2026-08-04T12:42:58.498Z"}
4/8/2026, 6:12:58 pm | {"api":"/api/cash-closing-dashboard","event":"CASH_CLOSING_DASHBOARD_QUERY_STARTED","filters":{"cluster":"","branch":"","fromDate":"","toDate":"","status":""},"timestamp":"2026-08-04T12:42:58.499Z"}
4/8/2026, 6:12:58 pm | {"api":"/api/cash-closing-dashboard","event":"CASH_CLOSING_DASHBOARD_DATA_FETCHED","totalRecords":56,"timestamp":"2026-08-04T12:42:58.506Z"}
4/8/2026, 6:12:58 pm | {"api":"/api/cash-closing-dashboard","event":"CASH_CLOSING_CLUSTER_FETCHED","totalClusters":5,"timestamp":"2026-08-04T12:42:58.509Z"}
4/8/2026, 6:12:58 pm | {"api":"/api/cash-closing-dashboard","event":"CASH_CLOSING_BRANCH_FETCHED","totalBranches":62,"timestamp":"2026-08-04T12:42:58.513Z"}
4/8/2026, 6:12:58 pm | {"api":"/api/cash-closing-dashboard","event":"CASH_CLOSING_DASHBOARD_SUCCESS","totalRecords":56,"filters":{"cluster":"","branch":"","fromDate":"","toDate":"","status":""},"timestamp":"2026-08-04T12:42:58.514Z"}
4/8/2026, 6:12:58 pm | {"api":"/api/cash-closing-dashboard","event":"CASH_CLOSING_DASHBOARD_API_STARTED","filters":{"cluster":"","branch":"","fromDate":"","toDate":"","status":""},"timestamp":"2026-08-04T12:42:58.658Z"}
4/8/2026, 6:12:58 pm | {"api":"/api/cash-closing-dashboard","event":"CASH_CLOSING_DASHBOARD_DB_CONNECTED","timestamp":"2026-08-04T12:42:58.659Z"}
4/8/2026, 6:12:58 pm | {"api":"/api/cash-closing-dashboard","event":"CASH_CLOSING_DASHBOARD_QUERY_STARTED","filters":{"cluster":"","branch":"","fromDate":"","toDate":"","status":""},"timestamp":"2026-08-04T12:42:58.660Z"}
4/8/2026, 6:12:58 pm | {"api":"/api/cash-closing-dashboard","event":"CASH_CLOSING_DASHBOARD_DATA_FETCHED","totalRecords":56,"timestamp":"2026-08-04T12:42:58.667Z"}
4/8/2026, 6:12:58 pm | {"api":"/api/cash-closing-dashboard","event":"CASH_CLOSING_CLUSTER_FETCHED","totalClusters":5,"timestamp":"2026-08-04T12:42:58.671Z"}
4/8/2026, 6:12:58 pm | {"api":"/api/cash-closing-dashboard","event":"CASH_CLOSING_BRANCH_FETCHED","totalBranches":62,"timestamp":"2026-08-04T12:42:58.675Z"}
4/8/2026, 6:12:58 pm | {"api":"/api/cash-closing-dashboard","event":"CASH_CLOSING_DASHBOARD_SUCCESS","totalRecords":56,"filters":{"cluster":"","branch":"","fromDate":"","toDate":"","status":""},"timestamp":"2026-08-04T12:42:58.675Z"}
4/8/2026, 6:12:58 pm | {"api":"/api/cash-closing-dashboard","event":"CASH_CLOSING_DASHBOARD_API_STARTED","filters":{"cluster":"","branch":"","fromDate":"","toDate":"","status":""},"timestamp":"2026-08-04T12:42:58.808Z"}
4/8/2026, 6:12:58 pm | {"api":"/api/cash-closing-dashboard","event":"CASH_CLOSING_DASHBOARD_DB_CONNECTED","timestamp":"2026-08-04T12:42:58.809Z"}
4/8/2026, 6:12:58 pm | {"api":"/api/cash-closing-dashboard","event":"CASH_CLOSING_DASHBOARD_QUERY_STARTED","filters":{"cluster":"","branch":"","fromDate":"","toDate":"","status":""},"timestamp":"2026-08-04T12:42:58.810Z"}
4/8/2026, 6:12:58 pm | {"api":"/api/cash-closing-dashboard","event":"CASH_CLOSING_DASHBOARD_DATA_FETCHED","totalRecords":56,"timestamp":"2026-08-04T12:42:58.817Z"}
4/8/2026, 6:12:58 pm | {"api":"/api/cash-closing-dashboard","event":"CASH_CLOSING_CLUSTER_FETCHED","totalClusters":5,"timestamp":"2026-08-04T12:42:58.821Z"}
4/8/2026, 6:12:58 pm | {"api":"/api/cash-closing-dashboard","event":"CASH_CLOSING_BRANCH_FETCHED","totalBranches":62,"timestamp":"2026-08-04T12:42:58.825Z"}
4/8/2026, 6:12:58 pm | {"api":"/api/cash-closing-dashboard","event":"CASH_CLOSING_DASHBOARD_SUCCESS","totalRecords":56,"filters":{"cluster":"","branch":"","fromDate":"","toDate":"","status":""},"timestamp":"2026-08-04T12:42:58.825Z"}
4/8/2026, 6:12:58 pm | {"api":"/api/cash-closing-dashboard","event":"CASH_CLOSING_DASHBOARD_API_STARTED","filters":{"cluster":"","branch":"","fromDate":"","toDate":"","status":""},"timestamp":"2026-08-04T12:42:58.960Z"}
4/8/2026, 6:12:58 pm | {"api":"/api/cash-closing-dashboard","event":"CASH_CLOSING_DASHBOARD_DB_CONNECTED","timestamp":"2026-08-04T12:42:58.962Z"}
4/8/2026, 6:12:58 pm | {"api":"/api/cash-closing-dashboard","event":"CASH_CLOSING_DASHBOARD_QUERY_STARTED","filters":{"cluster":"","branch":"","fromDate":"","toDate":"","status":""},"timestamp":"2026-08-04T12:42:58.962Z"}
4/8/2026, 6:12:58 pm | {"api":"/api/cash-closing-dashboard","event":"CASH_CLOSING_DASHBOARD_DATA_FETCHED","totalRecords":56,"timestamp":"2026-08-04T12:42:58.970Z"}
4/8/2026, 6:12:58 pm | {"api":"/api/cash-closing-dashboard","event":"CASH_CLOSING_CLUSTER_FETCHED","totalClusters":5,"timestamp":"2026-08-04T12:42:58.974Z"}
4/8/2026, 6:12:58 pm | {"api":"/api/cash-closing-dashboard","event":"CASH_CLOSING_BRANCH_FETCHED","totalBranches":62,"timestamp":"2026-08-04T12:42:58.977Z"}
4/8/2026, 6:12:58 pm | {"api":"/api/cash-closing-dashboard","event":"CASH_CLOSING_DASHBOARD_SUCCESS","totalRecords":56,"filters":{"cluster":"","branch":"","fromDate":"","toDate":"","status":""},"timestamp":"2026-08-04T12:42:58.978Z"}
4/8/2026, 6:12:59 pm | {"api":"/api/cash-closing-dashboard","event":"CASH_CLOSING_DASHBOARD_API_STARTED","filters":{"cluster":"","branch":"","fromDate":"","toDate":"","status":""},"timestamp":"2026-08-04T12:42:59.097Z"}
4/8/2026, 6:12:59 pm | {"api":"/api/cash-closing-dashboard","event":"CASH_CLOSING_DASHBOARD_DB_CONNECTED","timestamp":"2026-08-04T12:42:59.098Z"}
4/8/2026, 6:12:59 pm | {"api":"/api/cash-closing-dashboard","event":"CASH_CLOSING_DASHBOARD_QUERY_STARTED","filters":{"cluster":"","branch":"","fromDate":"","toDate":"","status":""},"timestamp":"2026-08-04T12:42:59.099Z"}
4/8/2026, 6:12:59 pm | {"api":"/api/cash-closing-dashboard","event":"CASH_CLOSING_DASHBOARD_DATA_FETCHED","totalRecords":56,"timestamp":"2026-08-04T12:42:59.107Z"}
4/8/2026, 6:12:59 pm | {"api":"/api/cash-closing-dashboard","event":"CASH_CLOSING_CLUSTER_FETCHED","totalClusters":5,"timestamp":"2026-08-04T12:42:59.111Z"}
4/8/2026, 6:12:59 pm | {"api":"/api/cash-closing-dashboard","event":"CASH_CLOSING_BRANCH_FETCHED","totalBranches":62,"timestamp":"2026-08-04T12:42:59.115Z"}
4/8/2026, 6:12:59 pm | {"api":"/api/cash-closing-dashboard","event":"CASH_CLOSING_DASHBOARD_SUCCESS","totalRecords":56,"filters":{"cluster":"","branch":"","fromDate":"","toDate":"","status":""},"timestamp":"2026-08-04T12:42:59.115Z"}
4/8/2026, 6:13:07 pm | {"api":"/api/cash-closing-dashboard","event":"CASH_CLOSING_DASHBOARD_API_STARTED","filters":{"cluster":"","branch":"","fromDate":"","toDate":"","status":""},"timestamp":"2026-08-04T12:43:07.263Z"}
4/8/2026, 6:13:07 pm | {"api":"/api/cash-closing-dashboard","event":"CASH_CLOSING_DASHBOARD_DB_CONNECTED","timestamp":"2026-08-04T12:43:07.265Z"}
4/8/2026, 6:13:07 pm | {"api":"/api/cash-closing-dashboard","event":"CASH_CLOSING_DASHBOARD_QUERY_STARTED","filters":{"cluster":"","branch":"","fromDate":"","toDate":"","status":""},"timestamp":"2026-08-04T12:43:07.265Z"}
4/8/2026, 6:13:07 pm | {"api":"/api/cash-closing-dashboard","event":"CASH_CLOSING_DASHBOARD_DATA_FETCHED","totalRecords":56,"timestamp":"2026-08-04T12:43:07.273Z"}
4/8/2026, 6:13:07 pm | {"api":"/api/cash-closing-dashboard","event":"CASH_CLOSING_CLUSTER_FETCHED","totalClusters":5,"timestamp":"2026-08-04T12:43:07.276Z"}
4/8/2026, 6:13:07 pm | {"api":"/api/cash-closing-dashboard","event":"CASH_CLOSING_BRANCH_FETCHED","totalBranches":62,"timestamp":"2026-08-04T12:43:07.279Z"}
4/8/2026, 6:13:07 pm | {"api":"/api/cash-closing-dashboard","event":"CASH_CLOSING_DASHBOARD_SUCCESS","totalRecords":56,"filters":{"cluster":"","branch":"","fromDate":"","toDate":"","status":""},"timestamp":"2026-08-04T12:43:07.280Z"}
4/8/2026, 6:13:07 pm | {"api":"/api/cash-closing-dashboard","event":"CASH_CLOSING_DASHBOARD_API_STARTED","filters":{"cluster":"","branch":"","fromDate":"","toDate":"","status":""},"timestamp":"2026-08-04T12:43:07.400Z"}
4/8/2026, 6:13:07 pm | {"api":"/api/cash-closing-dashboard","event":"CASH_CLOSING_DASHBOARD_DB_CONNECTED","timestamp":"2026-08-04T12:43:07.402Z"}
4/8/2026, 6:13:07 pm | {"api":"/api/cash-closing-dashboard","event":"CASH_CLOSING_DASHBOARD_QUERY_STARTED","filters":{"cluster":"","branch":"","fromDate":"","toDate":"","status":""},"timestamp":"2026-08-04T12:43:07.402Z"}
4/8/2026, 6:13:07 pm | {"api":"/api/cash-closing-dashboard","event":"CASH_CLOSING_DASHBOARD_DATA_FETCHED","totalRecords":56,"timestamp":"2026-08-04T12:43:07.411Z"}
4/8/2026, 6:13:07 pm | {"api":"/api/cash-closing-dashboard","event":"CASH_CLOSING_CLUSTER_FETCHED","totalClusters":5,"timestamp":"2026-08-04T12:43:07.414Z"}
4/8/2026, 6:13:07 pm | {"api":"/api/cash-closing-dashboard","event":"CASH_CLOSING_BRANCH_FETCHED","totalBranches":62,"timestamp":"2026-08-04T12:43:07.418Z"}
4/8/2026, 6:13:07 pm | {"api":"/api/cash-closing-dashboard","event":"CASH_CLOSING_DASHBOARD_SUCCESS","totalRecords":56,"filters":{"cluster":"","branch":"","fromDate":"","toDate":"","status":""},"timestamp":"2026-08-04T12:43:07.418Z"}
4/8/2026, 6:13:07 pm | {"api":"/api/cash-closing-dashboard","event":"CASH_CLOSING_DASHBOARD_API_STARTED","filters":{"cluster":"","branch":"","fromDate":"","toDate":"","status":""},"timestamp":"2026-08-04T12:43:07.696Z"}
4/8/2026, 6:13:07 pm | {"api":"/api/cash-closing-dashboard","event":"CASH_CLOSING_DASHBOARD_DB_CONNECTED","timestamp":"2026-08-04T12:43:07.697Z"}
4/8/2026, 6:13:07 pm | {"api":"/api/cash-closing-dashboard","event":"CASH_CLOSING_DASHBOARD_QUERY_STARTED","filters":{"cluster":"","branch":"","fromDate":"","toDate":"","status":""},"timestamp":"2026-08-04T12:43:07.698Z"}
4/8/2026, 6:13:07 pm | {"api":"/api/cash-closing-dashboard","event":"CASH_CLOSING_DASHBOARD_DATA_FETCHED","totalRecords":56,"timestamp":"2026-08-04T12:43:07.705Z"}
4/8/2026, 6:13:07 pm | {"api":"/api/cash-closing-dashboard","event":"CASH_CLOSING_CLUSTER_FETCHED","totalClusters":5,"timestamp":"2026-08-04T12:43:07.708Z"}
4/8/2026, 6:13:07 pm | {"api":"/api/cash-closing-dashboard","event":"CASH_CLOSING_BRANCH_FETCHED","totalBranches":62,"timestamp":"2026-08-04T12:43:07.711Z"}
4/8/2026, 6:13:07 pm | {"api":"/api/cash-closing-dashboard","event":"CASH_CLOSING_DASHBOARD_SUCCESS","totalRecords":56,"filters":{"cluster":"","branch":"","fromDate":"","toDate":"","status":""},"timestamp":"2026-08-04T12:43:07.712Z"}
4/8/2026, 6:13:07 pm | {"api":"/api/cash-closing-dashboard","event":"CASH_CLOSING_DASHBOARD_API_STARTED","filters":{"cluster":"","branch":"","fromDate":"","toDate":"","status":""},"timestamp":"2026-08-04T12:43:07.874Z"}
4/8/2026, 6:13:07 pm | {"api":"/api/cash-closing-dashboard","event":"CASH_CLOSING_DASHBOARD_DB_CONNECTED","timestamp":"2026-08-04T12:43:07.875Z"}
4/8/2026, 6:13:07 pm | {"api":"/api/cash-closing-dashboard","event":"CASH_CLOSING_DASHBOARD_QUERY_STARTED","filters":{"cluster":"","branch":"","fromDate":"","toDate":"","status":""},"timestamp":"2026-08-04T12:43:07.875Z"}
4/8/2026, 6:13:07 pm | {"api":"/api/cash-closing-dashboard","event":"CASH_CLOSING_DASHBOARD_DATA_FETCHED","totalRecords":56,"timestamp":"2026-08-04T12:43:07.883Z"}
4/8/2026, 6:13:07 pm | {"api":"/api/cash-closing-dashboard","event":"CASH_CLOSING_CLUSTER_FETCHED","totalClusters":5,"timestamp":"2026-08-04T12:43:07.886Z"}
4/8/2026, 6:13:07 pm | {"api":"/api/cash-closing-dashboard","event":"CASH_CLOSING_BRANCH_FETCHED","totalBranches":62,"timestamp":"2026-08-04T12:43:07.890Z"}
4/8/2026, 6:13:07 pm | {"api":"/api/cash-closing-dashboard","event":"CASH_CLOSING_DASHBOARD_SUCCESS","totalRecords":56,"filters":{"cluster":"","branch":"","fromDate":"","toDate":"","status":""},"timestamp":"2026-08-04T12:43:07.891Z"}
4/8/2026, 6:13:07 pm | {"api":"/api/cash-closing-dashboard","event":"CASH_CLOSING_DASHBOARD_API_STARTED","filters":{"cluster":"","branch":"","fromDate":"","toDate":"","status":""},"timestamp":"2026-08-04T12:43:07.992Z"}
4/8/2026, 6:13:07 pm | {"api":"/api/cash-closing-dashboard","event":"CASH_CLOSING_DASHBOARD_DB_CONNECTED","timestamp":"2026-08-04T12:43:07.993Z"}
4/8/2026, 6:13:07 pm | {"api":"/api/cash-closing-dashboard","event":"CASH_CLOSING_DASHBOARD_QUERY_STARTED","filters":{"cluster":"","branch":"","fromDate":"","toDate":"","status":""},"timestamp":"2026-08-04T12:43:07.994Z"}
4/8/2026, 6:13:08 pm | {"api":"/api/cash-closing-dashboard","event":"CASH_CLOSING_DASHBOARD_DATA_FETCHED","totalRecords":56,"timestamp":"2026-08-04T12:43:08.002Z"}
4/8/2026, 6:13:08 pm | {"api":"/api/cash-closing-dashboard","event":"CASH_CLOSING_CLUSTER_FETCHED","totalClusters":5,"timestamp":"2026-08-04T12:43:08.005Z"}
4/8/2026, 6:13:08 pm | {"api":"/api/cash-closing-dashboard","event":"CASH_CLOSING_BRANCH_FETCHED","totalBranches":62,"timestamp":"2026-08-04T12:43:08.009Z"}
4/8/2026, 6:13:08 pm | {"api":"/api/cash-closing-dashboard","event":"CASH_CLOSING_DASHBOARD_SUCCESS","totalRecords":56,"filters":{"cluster":"","branch":"","fromDate":"","toDate":"","status":""},"timestamp":"2026-08-04T12:43:08.010Z"}
4/8/2026, 6:13:08 pm | {"api":"/api/cash-closing-dashboard","event":"CASH_CLOSING_DASHBOARD_API_STARTED","filters":{"cluster":"","branch":"","fromDate":"","toDate":"","status":""},"timestamp":"2026-08-04T12:43:08.160Z"}
4/8/2026, 6:13:08 pm | {"api":"/api/cash-closing-dashboard","event":"CASH_CLOSING_DASHBOARD_DB_CONNECTED","timestamp":"2026-08-04T12:43:08.161Z"}
4/8/2026, 6:13:08 pm | {"api":"/api/cash-closing-dashboard","event":"CASH_CLOSING_DASHBOARD_QUERY_STARTED","filters":{"cluster":"","branch":"","fromDate":"","toDate":"","status":""},"timestamp":"2026-08-04T12:43:08.162Z"}
4/8/2026, 6:13:08 pm | {"api":"/api/cash-closing-dashboard","event":"CASH_CLOSING_DASHBOARD_DATA_FETCHED","totalRecords":56,"timestamp":"2026-08-04T12:43:08.170Z"}
4/8/2026, 6:13:08 pm | {"api":"/api/cash-closing-dashboard","event":"CASH_CLOSING_CLUSTER_FETCHED","totalClusters":5,"timestamp":"2026-08-04T12:43:08.173Z"}
4/8/2026, 6:13:08 pm | {"api":"/api/cash-closing-dashboard","event":"CASH_CLOSING_BRANCH_FETCHED","totalBranches":62,"timestamp":"2026-08-04T12:43:08.176Z"}
4/8/2026, 6:13:08 pm | {"api":"/api/cash-closing-dashboard","event":"CASH_CLOSING_DASHBOARD_SUCCESS","totalRecords":56,"filters":{"cluster":"","branch":"","fromDate":"","toDate":"","status":""},"timestamp":"2026-08-04T12:43:08.177Z"}
4/8/2026, 6:13:08 pm | {"api":"/api/cash-closing-dashboard","event":"CASH_CLOSING_DASHBOARD_API_STARTED","filters":{"cluster":"","branch":"","fromDate":"","toDate":"","status":""},"timestamp":"2026-08-04T12:43:08.296Z"}
4/8/2026, 6:13:08 pm | {"api":"/api/cash-closing-dashboard","event":"CASH_CLOSING_DASHBOARD_DB_CONNECTED","timestamp":"2026-08-04T12:43:08.298Z"}
4/8/2026, 6:13:08 pm | {"api":"/api/cash-closing-dashboard","event":"CASH_CLOSING_DASHBOARD_QUERY_STARTED","filters":{"cluster":"","branch":"","fromDate":"","toDate":"","status":""},"timestamp":"2026-08-04T12:43:08.298Z"}
4/8/2026, 6:13:08 pm | {"api":"/api/cash-closing-dashboard","event":"CASH_CLOSING_DASHBOARD_DATA_FETCHED","totalRecords":56,"timestamp":"2026-08-04T12:43:08.306Z"}
4/8/2026, 6:13:08 pm | {"api":"/api/cash-closing-dashboard","event":"CASH_CLOSING_CLUSTER_FETCHED","totalClusters":5,"timestamp":"2026-08-04T12:43:08.309Z"}
4/8/2026, 6:13:08 pm | {"api":"/api/cash-closing-dashboard","event":"CASH_CLOSING_BRANCH_FETCHED","totalBranches":62,"timestamp":"2026-08-04T12:43:08.313Z"}
4/8/2026, 6:13:08 pm | {"api":"/api/cash-closing-dashboard","event":"CASH_CLOSING_DASHBOARD_SUCCESS","totalRecords":56,"filters":{"cluster":"","branch":"","fromDate":"","toDate":"","status":""},"timestamp":"2026-08-04T12:43:08.313Z"}
4/8/2026, 6:13:08 pm | {"api":"/api/cash-closing-dashboard","event":"CASH_CLOSING_DASHBOARD_API_STARTED","filters":{"cluster":"","branch":"","fromDate":"","toDate":"","status":""},"timestamp":"2026-08-04T12:43:08.450Z"}
4/8/2026, 6:13:08 pm | {"api":"/api/cash-closing-dashboard","event":"CASH_CLOSING_DASHBOARD_DB_CONNECTED","timestamp":"2026-08-04T12:43:08.451Z"}
4/8/2026, 6:13:08 pm | {"api":"/api/cash-closing-dashboard","event":"CASH_CLOSING_DASHBOARD_QUERY_STARTED","filters":{"cluster":"","branch":"","fromDate":"","toDate":"","status":""},"timestamp":"2026-08-04T12:43:08.451Z"}
4/8/2026, 6:13:08 pm | {"api":"/api/cash-closing-dashboard","event":"CASH_CLOSING_DASHBOARD_DATA_FETCHED","totalRecords":56,"timestamp":"2026-08-04T12:43:08.458Z"}
4/8/2026, 6:13:08 pm | {"api":"/api/cash-closing-dashboard","event":"CASH_CLOSING_CLUSTER_FETCHED","totalClusters":5,"timestamp":"2026-08-04T12:43:08.461Z"}
4/8/2026, 6:13:08 pm | {"api":"/api/cash-closing-dashboard","event":"CASH_CLOSING_BRANCH_FETCHED","totalBranches":62,"timestamp":"2026-08-04T12:43:08.464Z"}
4/8/2026, 6:13:08 pm | {"api":"/api/cash-closing-dashboard","event":"CASH_CLOSING_DASHBOARD_SUCCESS","totalRecords":56,"filters":{"cluster":"","branch":"","fromDate":"","toDate":"","status":""},"timestamp":"2026-08-04T12:43:08.465Z"}
4/8/2026, 6:13:38 pm | {"api":"/api/cash-closing-dashboard","event":"CASH_CLOSING_DASHBOARD_API_STARTED","filters":{"cluster":"","branch":"","fromDate":"","toDate":"","status":""},"timestamp":"2026-08-04T12:43:38.336Z"}
4/8/2026, 6:13:38 pm | {"api":"/api/cash-closing-dashboard","event":"CASH_CLOSING_DASHBOARD_DB_CONNECTED","timestamp":"2026-08-04T12:43:38.337Z"}
4/8/2026, 6:13:38 pm | {"api":"/api/cash-closing-dashboard","event":"CASH_CLOSING_DASHBOARD_QUERY_STARTED","filters":{"cluster":"","branch":"","fromDate":"","toDate":"","status":""},"timestamp":"2026-08-04T12:43:38.338Z"}
4/8/2026, 6:13:38 pm | {"api":"/api/cash-closing-dashboard","event":"CASH_CLOSING_DASHBOARD_DATA_FETCHED","totalRecords":56,"timestamp":"2026-08-04T12:43:38.346Z"}
4/8/2026, 6:13:38 pm | {"api":"/api/cash-closing-dashboard","event":"CASH_CLOSING_CLUSTER_FETCHED","totalClusters":5,"timestamp":"2026-08-04T12:43:38.349Z"}
4/8/2026, 6:13:38 pm | {"api":"/api/cash-closing-dashboard","event":"CASH_CLOSING_BRANCH_FETCHED","totalBranches":62,"timestamp":"2026-08-04T12:43:38.353Z"}
4/8/2026, 6:13:38 pm | {"api":"/api/cash-closing-dashboard","event":"CASH_CLOSING_DASHBOARD_SUCCESS","totalRecords":56,"filters":{"cluster":"","branch":"","fromDate":"","toDate":"","status":""},"timestamp":"2026-08-04T12:43:38.353Z"}
4/8/2026, 6:13:38 pm | {"api":"/api/cash-closing-dashboard","event":"CASH_CLOSING_DASHBOARD_API_STARTED","filters":{"cluster":"","branch":"","fromDate":"","toDate":"","status":""},"timestamp":"2026-08-04T12:43:38.418Z"}
4/8/2026, 6:13:38 pm | {"api":"/api/cash-closing-dashboard","event":"CASH_CLOSING_DASHBOARD_DB_CONNECTED","timestamp":"2026-08-04T12:43:38.418Z"}
4/8/2026, 6:13:38 pm | {"api":"/api/cash-closing-dashboard","event":"CASH_CLOSING_DASHBOARD_QUERY_STARTED","filters":{"cluster":"","branch":"","fromDate":"","toDate":"","status":""},"timestamp":"2026-08-04T12:43:38.419Z"}
4/8/2026, 6:13:38 pm | {"api":"/api/cash-closing-dashboard","event":"CASH_CLOSING_DASHBOARD_DATA_FETCHED","totalRecords":56,"timestamp":"2026-08-04T12:43:38.425Z"}
4/8/2026, 6:13:38 pm | {"api":"/api/cash-closing-dashboard","event":"CASH_CLOSING_CLUSTER_FETCHED","totalClusters":5,"timestamp":"2026-08-04T12:43:38.429Z"}
4/8/2026, 6:13:38 pm | {"api":"/api/cash-closing-dashboard","event":"CASH_CLOSING_BRANCH_FETCHED","totalBranches":62,"timestamp":"2026-08-04T12:43:38.432Z"}
4/8/2026, 6:13:38 pm | {"api":"/api/cash-closing-dashboard","event":"CASH_CLOSING_DASHBOARD_SUCCESS","totalRecords":56,"filters":{"cluster":"","branch":"","fromDate":"","toDate":"","status":""},"timestamp":"2026-08-04T12:43:38.433Z"}
4/8/2026, 6:13:38 pm | {"api":"/api/cash-closing-dashboard","event":"CASH_CLOSING_DASHBOARD_API_STARTED","filters":{"cluster":"","branch":"","fromDate":"","toDate":"","status":""},"timestamp":"2026-08-04T12:43:38.600Z"}
4/8/2026, 6:13:38 pm | {"api":"/api/cash-closing-dashboard","event":"CASH_CLOSING_DASHBOARD_DB_CONNECTED","timestamp":"2026-08-04T12:43:38.601Z"}
4/8/2026, 6:13:38 pm | {"api":"/api/cash-closing-dashboard","event":"CASH_CLOSING_DASHBOARD_QUERY_STARTED","filters":{"cluster":"","branch":"","fromDate":"","toDate":"","status":""},"timestamp":"2026-08-04T12:43:38.602Z"}
4/8/2026, 6:13:38 pm | {"api":"/api/cash-closing-dashboard","event":"CASH_CLOSING_DASHBOARD_DATA_FETCHED","totalRecords":56,"timestamp":"2026-08-04T12:43:38.611Z"}
4/8/2026, 6:13:38 pm | {"api":"/api/cash-closing-dashboard","event":"CASH_CLOSING_CLUSTER_FETCHED","totalClusters":5,"timestamp":"2026-08-04T12:43:38.615Z"}
4/8/2026, 6:13:38 pm | {"api":"/api/cash-closing-dashboard","event":"CASH_CLOSING_BRANCH_FETCHED","totalBranches":62,"timestamp":"2026-08-04T12:43:38.618Z"}
4/8/2026, 6:13:38 pm | {"api":"/api/cash-closing-dashboard","event":"CASH_CLOSING_DASHBOARD_SUCCESS","totalRecords":56,"filters":{"cluster":"","branch":"","fromDate":"","toDate":"","status":""},"timestamp":"2026-08-04T12:43:38.619Z"}
4/8/2026, 6:13:38 pm | {"api":"/api/cash-closing-dashboard","event":"CASH_CLOSING_DASHBOARD_API_STARTED","filters":{"cluster":"","branch":"","fromDate":"","toDate":"","status":""},"timestamp":"2026-08-04T12:43:38.768Z"}
4/8/2026, 6:13:38 pm | {"api":"/api/cash-closing-dashboard","event":"CASH_CLOSING_DASHBOARD_DB_CONNECTED","timestamp":"2026-08-04T12:43:38.769Z"}
4/8/2026, 6:13:38 pm | {"api":"/api/cash-closing-dashboard","event":"CASH_CLOSING_DASHBOARD_QUERY_STARTED","filters":{"cluster":"","branch":"","fromDate":"","toDate":"","status":""},"timestamp":"2026-08-04T12:43:38.770Z"}
4/8/2026, 6:13:38 pm | {"api":"/api/cash-closing-dashboard","event":"CASH_CLOSING_DASHBOARD_DATA_FETCHED","totalRecords":56,"timestamp":"2026-08-04T12:43:38.777Z"}
4/8/2026, 6:13:38 pm | {"api":"/api/cash-closing-dashboard","event":"CASH_CLOSING_CLUSTER_FETCHED","totalClusters":5,"timestamp":"2026-08-04T12:43:38.781Z"}
4/8/2026, 6:13:38 pm | {"api":"/api/cash-closing-dashboard","event":"CASH_CLOSING_BRANCH_FETCHED","totalBranches":62,"timestamp":"2026-08-04T12:43:38.785Z"}
4/8/2026, 6:13:38 pm | {"api":"/api/cash-closing-dashboard","event":"CASH_CLOSING_DASHBOARD_SUCCESS","totalRecords":56,"filters":{"cluster":"","branch":"","fromDate":"","toDate":"","status":""},"timestamp":"2026-08-04T12:43:38.786Z"}
4/8/2026, 6:13:38 pm | {"api":"/api/cash-closing-dashboard","event":"CASH_CLOSING_DASHBOARD_API_STARTED","filters":{"cluster":"","branch":"","fromDate":"","toDate":"","status":""},"timestamp":"2026-08-04T12:43:38.952Z"}
4/8/2026, 6:13:38 pm | {"api":"/api/cash-closing-dashboard","event":"CASH_CLOSING_DASHBOARD_DB_CONNECTED","timestamp":"2026-08-04T12:43:38.953Z"}
4/8/2026, 6:13:38 pm | {"api":"/api/cash-closing-dashboard","event":"CASH_CLOSING_DASHBOARD_QUERY_STARTED","filters":{"cluster":"","branch":"","fromDate":"","toDate":"","status":""},"timestamp":"2026-08-04T12:43:38.954Z"}
4/8/2026, 6:13:38 pm | {"api":"/api/cash-closing-dashboard","event":"CASH_CLOSING_DASHBOARD_DATA_FETCHED","totalRecords":56,"timestamp":"2026-08-04T12:43:38.962Z"}
4/8/2026, 6:13:38 pm | {"api":"/api/cash-closing-dashboard","event":"CASH_CLOSING_CLUSTER_FETCHED","totalClusters":5,"timestamp":"2026-08-04T12:43:38.966Z"}
4/8/2026, 6:13:38 pm | {"api":"/api/cash-closing-dashboard","event":"CASH_CLOSING_BRANCH_FETCHED","totalBranches":62,"timestamp":"2026-08-04T12:43:38.970Z"}
4/8/2026, 6:13:38 pm | {"api":"/api/cash-closing-dashboard","event":"CASH_CLOSING_DASHBOARD_SUCCESS","totalRecords":56,"filters":{"cluster":"","branch":"","fromDate":"","toDate":"","status":""},"timestamp":"2026-08-04T12:43:38.971Z"}
4/8/2026, 6:13:39 pm | {"api":"/api/cash-closing-dashboard","event":"CASH_CLOSING_DASHBOARD_API_STARTED","filters":{"cluster":"","branch":"","fromDate":"","toDate":"","status":""},"timestamp":"2026-08-04T12:43:39.160Z"}
4/8/2026, 6:13:39 pm | {"api":"/api/cash-closing-dashboard","event":"CASH_CLOSING_DASHBOARD_DB_CONNECTED","timestamp":"2026-08-04T12:43:39.161Z"}
4/8/2026, 6:13:39 pm | {"api":"/api/cash-closing-dashboard","event":"CASH_CLOSING_DASHBOARD_QUERY_STARTED","filters":{"cluster":"","branch":"","fromDate":"","toDate":"","status":""},"timestamp":"2026-08-04T12:43:39.162Z"}
4/8/2026, 6:13:39 pm | {"api":"/api/cash-closing-dashboard","event":"CASH_CLOSING_DASHBOARD_DATA_FETCHED","totalRecords":56,"timestamp":"2026-08-04T12:43:39.169Z"}
4/8/2026, 6:13:39 pm | {"api":"/api/cash-closing-dashboard","event":"CASH_CLOSING_CLUSTER_FETCHED","totalClusters":5,"timestamp":"2026-08-04T12:43:39.173Z"}
4/8/2026, 6:13:39 pm | {"api":"/api/cash-closing-dashboard","event":"CASH_CLOSING_BRANCH_FETCHED","totalBranches":62,"timestamp":"2026-08-04T12:43:39.176Z"}
4/8/2026, 6:13:39 pm | {"api":"/api/cash-closing-dashboard","event":"CASH_CLOSING_DASHBOARD_SUCCESS","totalRecords":56,"filters":{"cluster":"","branch":"","fromDate":"","toDate":"","status":""},"timestamp":"2026-08-04T12:43:39.176Z"}
4/8/2026, 6:13:44 pm | {"api":"/api/cash-closing-dashboard","event":"CASH_CLOSING_DASHBOARD_API_STARTED","filters":{"cluster":"","branch":"","fromDate":"","toDate":"","status":""},"timestamp":"2026-08-04T12:43:44.903Z"}
4/8/2026, 6:13:44 pm | {"api":"/api/cash-closing-dashboard","event":"CASH_CLOSING_DASHBOARD_DB_CONNECTED","timestamp":"2026-08-04T12:43:44.904Z"}
4/8/2026, 6:13:44 pm | {"api":"/api/cash-closing-dashboard","event":"CASH_CLOSING_DASHBOARD_QUERY_STARTED","filters":{"cluster":"","branch":"","fromDate":"","toDate":"","status":""},"timestamp":"2026-08-04T12:43:44.905Z"}
4/8/2026, 6:13:44 pm | {"api":"/api/cash-closing-dashboard","event":"CASH_CLOSING_DASHBOARD_DATA_FETCHED","totalRecords":56,"timestamp":"2026-08-04T12:43:44.912Z"}
4/8/2026, 6:13:44 pm | {"api":"/api/cash-closing-dashboard","event":"CASH_CLOSING_CLUSTER_FETCHED","totalClusters":5,"timestamp":"2026-08-04T12:43:44.916Z"}
4/8/2026, 6:13:44 pm | {"api":"/api/cash-closing-dashboard","event":"CASH_CLOSING_BRANCH_FETCHED","totalBranches":62,"timestamp":"2026-08-04T12:43:44.919Z"}
4/8/2026, 6:13:44 pm | {"api":"/api/cash-closing-dashboard","event":"CASH_CLOSING_DASHBOARD_SUCCESS","totalRecords":56,"filters":{"cluster":"","branch":"","fromDate":"","toDate":"","status":""},"timestamp":"2026-08-04T12:43:44.920Z"}
4/8/2026, 6:13:45 pm | {"api":"/api/cash-closing-dashboard","event":"CASH_CLOSING_DASHBOARD_API_STARTED","filters":{"cluster":"","branch":"","fromDate":"","toDate":"","status":""},"timestamp":"2026-08-04T12:43:45.067Z"}
4/8/2026, 6:13:45 pm | {"api":"/api/cash-closing-dashboard","event":"CASH_CLOSING_DASHBOARD_DB_CONNECTED","timestamp":"2026-08-04T12:43:45.068Z"}
4/8/2026, 6:13:45 pm | {"api":"/api/cash-closing-dashboard","event":"CASH_CLOSING_DASHBOARD_QUERY_STARTED","filters":{"cluster":"","branch":"","fromDate":"","toDate":"","status":""},"timestamp":"2026-08-04T12:43:45.068Z"}
4/8/2026, 6:13:45 pm | {"api":"/api/cash-closing-dashboard","event":"CASH_CLOSING_DASHBOARD_DATA_FETCHED","totalRecords":56,"timestamp":"2026-08-04T12:43:45.075Z"}
4/8/2026, 6:13:45 pm | {"api":"/api/cash-closing-dashboard","event":"CASH_CLOSING_CLUSTER_FETCHED","totalClusters":5,"timestamp":"2026-08-04T12:43:45.079Z"}
4/8/2026, 6:13:45 pm | {"api":"/api/cash-closing-dashboard","event":"CASH_CLOSING_BRANCH_FETCHED","totalBranches":62,"timestamp":"2026-08-04T12:43:45.082Z"}
4/8/2026, 6:13:45 pm | {"api":"/api/cash-closing-dashboard","event":"CASH_CLOSING_DASHBOARD_SUCCESS","totalRecords":56,"filters":{"cluster":"","branch":"","fromDate":"","toDate":"","status":""},"timestamp":"2026-08-04T12:43:45.083Z"}
4/8/2026, 6:13:45 pm | {"api":"/api/cash-closing-dashboard","event":"CASH_CLOSING_DASHBOARD_API_STARTED","filters":{"cluster":"","branch":"","fromDate":"","toDate":"","status":""},"timestamp":"2026-08-04T12:43:45.227Z"}
4/8/2026, 6:13:45 pm | {"api":"/api/cash-closing-dashboard","event":"CASH_CLOSING_DASHBOARD_DB_CONNECTED","timestamp":"2026-08-04T12:43:45.228Z"}
4/8/2026, 6:13:45 pm | {"api":"/api/cash-closing-dashboard","event":"CASH_CLOSING_DASHBOARD_QUERY_STARTED","filters":{"cluster":"","branch":"","fromDate":"","toDate":"","status":""},"timestamp":"2026-08-04T12:43:45.229Z"}
4/8/2026, 6:13:45 pm | {"api":"/api/cash-closing-dashboard","event":"CASH_CLOSING_DASHBOARD_DATA_FETCHED","totalRecords":56,"timestamp":"2026-08-04T12:43:45.235Z"}
4/8/2026, 6:13:45 pm | {"api":"/api/cash-closing-dashboard","event":"CASH_CLOSING_CLUSTER_FETCHED","totalClusters":5,"timestamp":"2026-08-04T12:43:45.238Z"}
4/8/2026, 6:13:45 pm | {"api":"/api/cash-closing-dashboard","event":"CASH_CLOSING_BRANCH_FETCHED","totalBranches":62,"timestamp":"2026-08-04T12:43:45.242Z"}
4/8/2026, 6:13:45 pm | {"api":"/api/cash-closing-dashboard","event":"CASH_CLOSING_DASHBOARD_SUCCESS","totalRecords":56,"filters":{"cluster":"","branch":"","fromDate":"","toDate":"","status":""},"timestamp":"2026-08-04T12:43:45.243Z"}
4/8/2026, 6:14:05 pm | {"api":"/api/cash-closing-dashboard","event":"CASH_CLOSING_DASHBOARD_API_STARTED","filters":{"cluster":"","branch":"","fromDate":"","toDate":"","status":""},"timestamp":"2026-08-04T12:44:05.718Z"}
4/8/2026, 6:14:05 pm | {"api":"/api/cash-closing-dashboard","event":"CASH_CLOSING_DASHBOARD_DB_CONNECTED","timestamp":"2026-08-04T12:44:05.719Z"}
4/8/2026, 6:14:05 pm | {"api":"/api/cash-closing-dashboard","event":"CASH_CLOSING_DASHBOARD_QUERY_STARTED","filters":{"cluster":"","branch":"","fromDate":"","toDate":"","status":""},"timestamp":"2026-08-04T12:44:05.720Z"}
4/8/2026, 6:14:05 pm | {"api":"/api/cash-closing-dashboard","event":"CASH_CLOSING_DASHBOARD_DATA_FETCHED","totalRecords":56,"timestamp":"2026-08-04T12:44:05.729Z"}
4/8/2026, 6:14:05 pm | {"api":"/api/cash-closing-dashboard","event":"CASH_CLOSING_CLUSTER_FETCHED","totalClusters":5,"timestamp":"2026-08-04T12:44:05.733Z"}
4/8/2026, 6:14:05 pm | {"api":"/api/cash-closing-dashboard","event":"CASH_CLOSING_BRANCH_FETCHED","totalBranches":62,"timestamp":"2026-08-04T12:44:05.736Z"}
4/8/2026, 6:14:05 pm | {"api":"/api/cash-closing-dashboard","event":"CASH_CLOSING_DASHBOARD_SUCCESS","totalRecords":56,"filters":{"cluster":"","branch":"","fromDate":"","toDate":"","status":""},"timestamp":"2026-08-04T12:44:05.737Z"}
4/8/2026, 6:14:05 pm | {"api":"/api/cash-closing-dashboard","event":"CASH_CLOSING_DASHBOARD_API_STARTED","filters":{"cluster":"","branch":"","fromDate":"","toDate":"","status":""},"timestamp":"2026-08-04T12:44:05.815Z"}
4/8/2026, 6:14:05 pm | {"api":"/api/cash-closing-dashboard","event":"CASH_CLOSING_DASHBOARD_DB_CONNECTED","timestamp":"2026-08-04T12:44:05.816Z"}
4/8/2026, 6:14:05 pm | {"api":"/api/cash-closing-dashboard","event":"CASH_CLOSING_DASHBOARD_QUERY_STARTED","filters":{"cluster":"","branch":"","fromDate":"","toDate":"","status":""},"timestamp":"2026-08-04T12:44:05.817Z"}
4/8/2026, 6:14:05 pm | {"api":"/api/cash-closing-dashboard","event":"CASH_CLOSING_DASHBOARD_DATA_FETCHED","totalRecords":56,"timestamp":"2026-08-04T12:44:05.826Z"}
4/8/2026, 6:14:05 pm | {"api":"/api/cash-closing-dashboard","event":"CASH_CLOSING_CLUSTER_FETCHED","totalClusters":5,"timestamp":"2026-08-04T12:44:05.829Z"}
4/8/2026, 6:14:05 pm | {"api":"/api/cash-closing-dashboard","event":"CASH_CLOSING_BRANCH_FETCHED","totalBranches":62,"timestamp":"2026-08-04T12:44:05.833Z"}
4/8/2026, 6:14:05 pm | {"api":"/api/cash-closing-dashboard","event":"CASH_CLOSING_DASHBOARD_SUCCESS","totalRecords":56,"filters":{"cluster":"","branch":"","fromDate":"","toDate":"","status":""},"timestamp":"2026-08-04T12:44:05.833Z"}
4/8/2026, 6:14:06 pm | {"api":"/api/cash-closing-dashboard","event":"CASH_CLOSING_DASHBOARD_API_STARTED","filters":{"cluster":"","branch":"","fromDate":"","toDate":"","status":""},"timestamp":"2026-08-04T12:44:06.201Z"}
4/8/2026, 6:14:06 pm | {"api":"/api/cash-closing-dashboard","event":"CASH_CLOSING_DASHBOARD_DB_CONNECTED","timestamp":"2026-08-04T12:44:06.202Z"}
4/8/2026, 6:14:06 pm | {"api":"/api/cash-closing-dashboard","event":"CASH_CLOSING_DASHBOARD_QUERY_STARTED","filters":{"cluster":"","branch":"","fromDate":"","toDate":"","status":""},"timestamp":"2026-08-04T12:44:06.203Z"}
4/8/2026, 6:14:06 pm | {"api":"/api/cash-closing-dashboard","event":"CASH_CLOSING_DASHBOARD_DATA_FETCHED","totalRecords":56,"timestamp":"2026-08-04T12:44:06.210Z"}
4/8/2026, 6:14:06 pm | {"api":"/api/cash-closing-dashboard","event":"CASH_CLOSING_CLUSTER_FETCHED","totalClusters":5,"timestamp":"2026-08-04T12:44:06.213Z"}
4/8/2026, 6:14:06 pm | {"api":"/api/cash-closing-dashboard","event":"CASH_CLOSING_BRANCH_FETCHED","totalBranches":62,"timestamp":"2026-08-04T12:44:06.217Z"}
4/8/2026, 6:14:06 pm | {"api":"/api/cash-closing-dashboard","event":"CASH_CLOSING_DASHBOARD_SUCCESS","totalRecords":56,"filters":{"cluster":"","branch":"","fromDate":"","toDate":"","status":""},"timestamp":"2026-08-04T12:44:06.218Z"}
4/8/2026, 6:14:06 pm | {"api":"/api/cash-closing-dashboard","event":"CASH_CLOSING_DASHBOARD_API_STARTED","filters":{"cluster":"","branch":"","fromDate":"","toDate":"","status":""},"timestamp":"2026-08-04T12:44:06.375Z"}
4/8/2026, 6:14:06 pm | {"api":"/api/cash-closing-dashboard","event":"CASH_CLOSING_DASHBOARD_DB_CONNECTED","timestamp":"2026-08-04T12:44:06.376Z"}
4/8/2026, 6:14:06 pm | {"api":"/api/cash-closing-dashboard","event":"CASH_CLOSING_DASHBOARD_QUERY_STARTED","filters":{"cluster":"","branch":"","fromDate":"","toDate":"","status":""},"timestamp":"2026-08-04T12:44:06.377Z"}
4/8/2026, 6:14:06 pm | {"api":"/api/cash-closing-dashboard","event":"CASH_CLOSING_DASHBOARD_DATA_FETCHED","totalRecords":56,"timestamp":"2026-08-04T12:44:06.386Z"}
4/8/2026, 6:14:06 pm | {"api":"/api/cash-closing-dashboard","event":"CASH_CLOSING_CLUSTER_FETCHED","totalClusters":5,"timestamp":"2026-08-04T12:44:06.389Z"}
4/8/2026, 6:14:06 pm | {"api":"/api/cash-closing-dashboard","event":"CASH_CLOSING_BRANCH_FETCHED","totalBranches":62,"timestamp":"2026-08-04T12:44:06.394Z"}
4/8/2026, 6:14:06 pm | {"api":"/api/cash-closing-dashboard","event":"CASH_CLOSING_DASHBOARD_SUCCESS","totalRecords":56,"filters":{"cluster":"","branch":"","fromDate":"","toDate":"","status":""},"timestamp":"2026-08-04T12:44:06.394Z"}
4/8/2026, 6:14:06 pm | {"api":"/api/cash-closing-dashboard","event":"CASH_CLOSING_DASHBOARD_API_STARTED","filters":{"cluster":"","branch":"","fromDate":"","toDate":"","status":""},"timestamp":"2026-08-04T12:44:06.544Z"}
4/8/2026, 6:14:06 pm | {"api":"/api/cash-closing-dashboard","event":"CASH_CLOSING_DASHBOARD_DB_CONNECTED","timestamp":"2026-08-04T12:44:06.546Z"}
4/8/2026, 6:14:06 pm | {"api":"/api/cash-closing-dashboard","event":"CASH_CLOSING_DASHBOARD_QUERY_STARTED","filters":{"cluster":"","branch":"","fromDate":"","toDate":"","status":""},"timestamp":"2026-08-04T12:44:06.547Z"}
4/8/2026, 6:14:06 pm | {"api":"/api/cash-closing-dashboard","event":"CASH_CLOSING_DASHBOARD_DATA_FETCHED","totalRecords":56,"timestamp":"2026-08-04T12:44:06.554Z"}
4/8/2026, 6:14:06 pm | {"api":"/api/cash-closing-dashboard","event":"CASH_CLOSING_CLUSTER_FETCHED","totalClusters":5,"timestamp":"2026-08-04T12:44:06.557Z"}
4/8/2026, 6:14:06 pm | {"api":"/api/cash-closing-dashboard","event":"CASH_CLOSING_BRANCH_FETCHED","totalBranches":62,"timestamp":"2026-08-04T12:44:06.560Z"}
4/8/2026, 6:14:06 pm | {"api":"/api/cash-closing-dashboard","event":"CASH_CLOSING_DASHBOARD_SUCCESS","totalRecords":56,"filters":{"cluster":"","branch":"","fromDate":"","toDate":"","status":""},"timestamp":"2026-08-04T12:44:06.561Z"}
4/8/2026, 6:14:06 pm | {"api":"/api/cash-closing-dashboard","event":"CASH_CLOSING_DASHBOARD_API_STARTED","filters":{"cluster":"","branch":"","fromDate":"","toDate":"","status":""},"timestamp":"2026-08-04T12:44:06.703Z"}
4/8/2026, 6:14:06 pm | {"api":"/api/cash-closing-dashboard","event":"CASH_CLOSING_DASHBOARD_DB_CONNECTED","timestamp":"2026-08-04T12:44:06.704Z"}
4/8/2026, 6:14:06 pm | {"api":"/api/cash-closing-dashboard","event":"CASH_CLOSING_DASHBOARD_QUERY_STARTED","filters":{"cluster":"","branch":"","fromDate":"","toDate":"","status":""},"timestamp":"2026-08-04T12:44:06.705Z"}
4/8/2026, 6:14:06 pm | {"api":"/api/cash-closing-dashboard","event":"CASH_CLOSING_DASHBOARD_DATA_FETCHED","totalRecords":56,"timestamp":"2026-08-04T12:44:06.712Z"}
4/8/2026, 6:14:06 pm | {"api":"/api/cash-closing-dashboard","event":"CASH_CLOSING_CLUSTER_FETCHED","totalClusters":5,"timestamp":"2026-08-04T12:44:06.715Z"}
4/8/2026, 6:14:06 pm | {"api":"/api/cash-closing-dashboard","event":"CASH_CLOSING_BRANCH_FETCHED","totalBranches":62,"timestamp":"2026-08-04T12:44:06.719Z"}
4/8/2026, 6:14:06 pm | {"api":"/api/cash-closing-dashboard","event":"CASH_CLOSING_DASHBOARD_SUCCESS","totalRecords":56,"filters":{"cluster":"","branch":"","fromDate":"","toDate":"","status":""},"timestamp":"2026-08-04T12:44:06.719Z"}
4/8/2026, 6:14:06 pm | {"api":"/api/cash-closing-dashboard","event":"CASH_CLOSING_DASHBOARD_API_STARTED","filters":{"cluster":"","branch":"","fromDate":"","toDate":"","status":""},"timestamp":"2026-08-04T12:44:06.856Z"}
4/8/2026, 6:14:06 pm | {"api":"/api/cash-closing-dashboard","event":"CASH_CLOSING_DASHBOARD_DB_CONNECTED","timestamp":"2026-08-04T12:44:06.857Z"}
4/8/2026, 6:14:06 pm | {"api":"/api/cash-closing-dashboard","event":"CASH_CLOSING_DASHBOARD_QUERY_STARTED","filters":{"cluster":"","branch":"","fromDate":"","toDate":"","status":""},"timestamp":"2026-08-04T12:44:06.858Z"}
4/8/2026, 6:14:06 pm | {"api":"/api/cash-closing-dashboard","event":"CASH_CLOSING_DASHBOARD_DATA_FETCHED","totalRecords":56,"timestamp":"2026-08-04T12:44:06.865Z"}
4/8/2026, 6:14:06 pm | {"api":"/api/cash-closing-dashboard","event":"CASH_CLOSING_CLUSTER_FETCHED","totalClusters":5,"timestamp":"2026-08-04T12:44:06.869Z"}
4/8/2026, 6:14:06 pm | {"api":"/api/cash-closing-dashboard","event":"CASH_CLOSING_BRANCH_FETCHED","totalBranches":62,"timestamp":"2026-08-04T12:44:06.873Z"}
4/8/2026, 6:14:06 pm | {"api":"/api/cash-closing-dashboard","event":"CASH_CLOSING_DASHBOARD_SUCCESS","totalRecords":56,"filters":{"cluster":"","branch":"","fromDate":"","toDate":"","status":""},"timestamp":"2026-08-04T12:44:06.874Z"}
4/8/2026, 6:14:07 pm | {"api":"/api/cash-closing-dashboard","event":"CASH_CLOSING_DASHBOARD_API_STARTED","filters":{"cluster":"","branch":"","fromDate":"","toDate":"","status":""},"timestamp":"2026-08-04T12:44:07.006Z"}
4/8/2026, 6:14:07 pm | {"api":"/api/cash-closing-dashboard","event":"CASH_CLOSING_DASHBOARD_DB_CONNECTED","timestamp":"2026-08-04T12:44:07.008Z"}
4/8/2026, 6:14:07 pm | {"api":"/api/cash-closing-dashboard","event":"CASH_CLOSING_DASHBOARD_QUERY_STARTED","filters":{"cluster":"","branch":"","fromDate":"","toDate":"","status":""},"timestamp":"2026-08-04T12:44:07.009Z"}
4/8/2026, 6:14:07 pm | {"api":"/api/cash-closing-dashboard","event":"CASH_CLOSING_DASHBOARD_DATA_FETCHED","totalRecords":56,"timestamp":"2026-08-04T12:44:07.016Z"}
4/8/2026, 6:14:07 pm | {"api":"/api/cash-closing-dashboard","event":"CASH_CLOSING_CLUSTER_FETCHED","totalClusters":5,"timestamp":"2026-08-04T12:44:07.021Z"}
4/8/2026, 6:14:07 pm | {"api":"/api/cash-closing-dashboard","event":"CASH_CLOSING_BRANCH_FETCHED","totalBranches":62,"timestamp":"2026-08-04T12:44:07.024Z"}
4/8/2026, 6:14:07 pm | {"api":"/api/cash-closing-dashboard","event":"CASH_CLOSING_DASHBOARD_SUCCESS","totalRecords":56,"filters":{"cluster":"","branch":"","fromDate":"","toDate":"","status":""},"timestamp":"2026-08-04T12:44:07.025Z"}
4/8/2026, 6:14:07 pm | {"api":"/api/cash-closing-dashboard","event":"CASH_CLOSING_DASHBOARD_API_STARTED","filters":{"cluster":"","branch":"","fromDate":"","toDate":"","status":""},"timestamp":"2026-08-04T12:44:07.141Z"}
4/8/2026, 6:14:07 pm | {"api":"/api/cash-closing-dashboard","event":"CASH_CLOSING_DASHBOARD_DB_CONNECTED","timestamp":"2026-08-04T12:44:07.143Z"}
4/8/2026, 6:14:07 pm | {"api":"/api/cash-closing-dashboard","event":"CASH_CLOSING_DASHBOARD_QUERY_STARTED","filters":{"cluster":"","branch":"","fromDate":"","toDate":"","status":""},"timestamp":"2026-08-04T12:44:07.143Z"}
4/8/2026, 6:14:07 pm | {"api":"/api/cash-closing-dashboard","event":"CASH_CLOSING_DASHBOARD_DATA_FETCHED","totalRecords":56,"timestamp":"2026-08-04T12:44:07.151Z"}
4/8/2026, 6:14:07 pm | {"api":"/api/cash-closing-dashboard","event":"CASH_CLOSING_CLUSTER_FETCHED","totalClusters":5,"timestamp":"2026-08-04T12:44:07.154Z"}
4/8/2026, 6:14:07 pm | {"api":"/api/cash-closing-dashboard","event":"CASH_CLOSING_BRANCH_FETCHED","totalBranches":62,"timestamp":"2026-08-04T12:44:07.158Z"}
4/8/2026, 6:14:07 pm | {"api":"/api/cash-closing-dashboard","event":"CASH_CLOSING_DASHBOARD_SUCCESS","totalRecords":56,"filters":{"cluster":"","branch":"","fromDate":"","toDate":"","status":""},"timestamp":"2026-08-04T12:44:07.159Z"}
4/8/2026, 6:14:07 pm | {"api":"/api/cash-closing-dashboard","event":"CASH_CLOSING_DASHBOARD_API_STARTED","filters":{"cluster":"","branch":"","fromDate":"","toDate":"","status":""},"timestamp":"2026-08-04T12:44:07.286Z"}
4/8/2026, 6:14:07 pm | {"api":"/api/cash-closing-dashboard","event":"CASH_CLOSING_DASHBOARD_DB_CONNECTED","timestamp":"2026-08-04T12:44:07.288Z"}
4/8/2026, 6:14:07 pm | {"api":"/api/cash-closing-dashboard","event":"CASH_CLOSING_DASHBOARD_QUERY_STARTED","filters":{"cluster":"","branch":"","fromDate":"","toDate":"","status":""},"timestamp":"2026-08-04T12:44:07.288Z"}
4/8/2026, 6:14:07 pm | {"api":"/api/cash-closing-dashboard","event":"CASH_CLOSING_DASHBOARD_DATA_FETCHED","totalRecords":56,"timestamp":"2026-08-04T12:44:07.296Z"}
4/8/2026, 6:14:07 pm | {"api":"/api/cash-closing-dashboard","event":"CASH_CLOSING_CLUSTER_FETCHED","totalClusters":5,"timestamp":"2026-08-04T12:44:07.299Z"}
4/8/2026, 6:14:07 pm | {"api":"/api/cash-closing-dashboard","event":"CASH_CLOSING_BRANCH_FETCHED","totalBranches":62,"timestamp":"2026-08-04T12:44:07.303Z"}
4/8/2026, 6:14:07 pm | {"api":"/api/cash-closing-dashboard","event":"CASH_CLOSING_DASHBOARD_SUCCESS","totalRecords":56,"filters":{"cluster":"","branch":"","fromDate":"","toDate":"","status":""},"timestamp":"2026-08-04T12:44:07.304Z"}
4/8/2026, 6:14:07 pm | {"api":"/api/cash-closing-dashboard","event":"CASH_CLOSING_DASHBOARD_API_STARTED","filters":{"cluster":"","branch":"","fromDate":"","toDate":"","status":""},"timestamp":"2026-08-04T12:44:07.461Z"}
4/8/2026, 6:14:07 pm | {"api":"/api/cash-closing-dashboard","event":"CASH_CLOSING_DASHBOARD_DB_CONNECTED","timestamp":"2026-08-04T12:44:07.462Z"}
4/8/2026, 6:14:07 pm | {"api":"/api/cash-closing-dashboard","event":"CASH_CLOSING_DASHBOARD_QUERY_STARTED","filters":{"cluster":"","branch":"","fromDate":"","toDate":"","status":""},"timestamp":"2026-08-04T12:44:07.463Z"}
4/8/2026, 6:14:07 pm | {"api":"/api/cash-closing-dashboard","event":"CASH_CLOSING_DASHBOARD_DATA_FETCHED","totalRecords":56,"timestamp":"2026-08-04T12:44:07.471Z"}
4/8/2026, 6:14:07 pm | {"api":"/api/cash-closing-dashboard","event":"CASH_CLOSING_CLUSTER_FETCHED","totalClusters":5,"timestamp":"2026-08-04T12:44:07.475Z"}
4/8/2026, 6:14:07 pm | {"api":"/api/cash-closing-dashboard","event":"CASH_CLOSING_BRANCH_FETCHED","totalBranches":62,"timestamp":"2026-08-04T12:44:07.478Z"}
4/8/2026, 6:14:07 pm | {"api":"/api/cash-closing-dashboard","event":"CASH_CLOSING_DASHBOARD_SUCCESS","totalRecords":56,"filters":{"cluster":"","branch":"","fromDate":"","toDate":"","status":""},"timestamp":"2026-08-04T12:44:07.479Z"}
4/8/2026, 6:14:07 pm | {"api":"/api/cash-closing-dashboard","event":"CASH_CLOSING_DASHBOARD_API_STARTED","filters":{"cluster":"","branch":"","fromDate":"","toDate":"","status":""},"timestamp":"2026-08-04T12:44:07.639Z"}
4/8/2026, 6:14:07 pm | {"api":"/api/cash-closing-dashboard","event":"CASH_CLOSING_DASHBOARD_DB_CONNECTED","timestamp":"2026-08-04T12:44:07.641Z"}
4/8/2026, 6:14:07 pm | {"api":"/api/cash-closing-dashboard","event":"CASH_CLOSING_DASHBOARD_QUERY_STARTED","filters":{"cluster":"","branch":"","fromDate":"","toDate":"","status":""},"timestamp":"2026-08-04T12:44:07.641Z"}
4/8/2026, 6:14:07 pm | {"api":"/api/cash-closing-dashboard","event":"CASH_CLOSING_DASHBOARD_DATA_FETCHED","totalRecords":56,"timestamp":"2026-08-04T12:44:07.649Z"}
4/8/2026, 6:14:07 pm | {"api":"/api/cash-closing-dashboard","event":"CASH_CLOSING_CLUSTER_FETCHED","totalClusters":5,"timestamp":"2026-08-04T12:44:07.652Z"}
4/8/2026, 6:14:07 pm | {"api":"/api/cash-closing-dashboard","event":"CASH_CLOSING_BRANCH_FETCHED","totalBranches":62,"timestamp":"2026-08-04T12:44:07.656Z"}
4/8/2026, 6:14:07 pm | {"api":"/api/cash-closing-dashboard","event":"CASH_CLOSING_DASHBOARD_SUCCESS","totalRecords":56,"filters":{"cluster":"","branch":"","fromDate":"","toDate":"","status":""},"timestamp":"2026-08-04T12:44:07.657Z"}
4/8/2026, 6:14:14 pm | {"api":"/api/cash-closing-dashboard","event":"CASH_CLOSING_DASHBOARD_API_STARTED","filters":{"cluster":"","branch":"","fromDate":"","toDate":"","status":""},"timestamp":"2026-08-04T12:44:14.194Z"}
4/8/2026, 6:14:14 pm | {"api":"/api/cash-closing-dashboard","event":"CASH_CLOSING_DASHBOARD_DB_CONNECTED","timestamp":"2026-08-04T12:44:14.195Z"}
4/8/2026, 6:14:14 pm | {"api":"/api/cash-closing-dashboard","event":"CASH_CLOSING_DASHBOARD_QUERY_STARTED","filters":{"cluster":"","branch":"","fromDate":"","toDate":"","status":""},"timestamp":"2026-08-04T12:44:14.196Z"}
4/8/2026, 6:14:14 pm | {"api":"/api/cash-closing-dashboard","event":"CASH_CLOSING_DASHBOARD_DATA_FETCHED","totalRecords":56,"timestamp":"2026-08-04T12:44:14.205Z"}
4/8/2026, 6:14:14 pm | {"api":"/api/cash-closing-dashboard","event":"CASH_CLOSING_CLUSTER_FETCHED","totalClusters":5,"timestamp":"2026-08-04T12:44:14.208Z"}
4/8/2026, 6:14:14 pm | {"api":"/api/cash-closing-dashboard","event":"CASH_CLOSING_BRANCH_FETCHED","totalBranches":62,"timestamp":"2026-08-04T12:44:14.212Z"}
4/8/2026, 6:14:14 pm | {"api":"/api/cash-closing-dashboard","event":"CASH_CLOSING_DASHBOARD_SUCCESS","totalRecords":56,"filters":{"cluster":"","branch":"","fromDate":"","toDate":"","status":""},"timestamp":"2026-08-04T12:44:14.212Z"}
4/8/2026, 6:14:14 pm | {"api":"/api/cash-closing-dashboard","event":"CASH_CLOSING_DASHBOARD_API_STARTED","filters":{"cluster":"","branch":"","fromDate":"","toDate":"","status":""},"timestamp":"2026-08-04T12:44:14.286Z"}
4/8/2026, 6:14:14 pm | {"api":"/api/cash-closing-dashboard","event":"CASH_CLOSING_DASHBOARD_DB_CONNECTED","timestamp":"2026-08-04T12:44:14.287Z"}
4/8/2026, 6:14:14 pm | {"api":"/api/cash-closing-dashboard","event":"CASH_CLOSING_DASHBOARD_QUERY_STARTED","filters":{"cluster":"","branch":"","fromDate":"","toDate":"","status":""},"timestamp":"2026-08-04T12:44:14.288Z"}
4/8/2026, 6:14:14 pm | {"api":"/api/cash-closing-dashboard","event":"CASH_CLOSING_DASHBOARD_DATA_FETCHED","totalRecords":56,"timestamp":"2026-08-04T12:44:14.295Z"}
4/8/2026, 6:14:14 pm | {"api":"/api/cash-closing-dashboard","event":"CASH_CLOSING_CLUSTER_FETCHED","totalClusters":5,"timestamp":"2026-08-04T12:44:14.299Z"}
4/8/2026, 6:14:14 pm | {"api":"/api/cash-closing-dashboard","event":"CASH_CLOSING_BRANCH_FETCHED","totalBranches":62,"timestamp":"2026-08-04T12:44:14.302Z"}
4/8/2026, 6:14:14 pm | {"api":"/api/cash-closing-dashboard","event":"CASH_CLOSING_DASHBOARD_SUCCESS","totalRecords":56,"filters":{"cluster":"","branch":"","fromDate":"","toDate":"","status":""},"timestamp":"2026-08-04T12:44:14.303Z"}
4/8/2026, 6:14:14 pm | {"api":"/api/cash-closing-dashboard","event":"CASH_CLOSING_DASHBOARD_API_STARTED","filters":{"cluster":"","branch":"","fromDate":"","toDate":"","status":""},"timestamp":"2026-08-04T12:44:14.439Z"}
4/8/2026, 6:14:14 pm | {"api":"/api/cash-closing-dashboard","event":"CASH_CLOSING_DASHBOARD_DB_CONNECTED","timestamp":"2026-08-04T12:44:14.440Z"}
4/8/2026, 6:14:14 pm | {"api":"/api/cash-closing-dashboard","event":"CASH_CLOSING_DASHBOARD_QUERY_STARTED","filters":{"cluster":"","branch":"","fromDate":"","toDate":"","status":""},"timestamp":"2026-08-04T12:44:14.441Z"}
4/8/2026, 6:14:14 pm | {"api":"/api/cash-closing-dashboard","event":"CASH_CLOSING_DASHBOARD_DATA_FETCHED","totalRecords":56,"timestamp":"2026-08-04T12:44:14.449Z"}
4/8/2026, 6:14:14 pm | {"api":"/api/cash-closing-dashboard","event":"CASH_CLOSING_CLUSTER_FETCHED","totalClusters":5,"timestamp":"2026-08-04T12:44:14.453Z"}
4/8/2026, 6:14:14 pm | {"api":"/api/cash-closing-dashboard","event":"CASH_CLOSING_BRANCH_FETCHED","totalBranches":62,"timestamp":"2026-08-04T12:44:14.456Z"}
4/8/2026, 6:14:14 pm | {"api":"/api/cash-closing-dashboard","event":"CASH_CLOSING_DASHBOARD_SUCCESS","totalRecords":56,"filters":{"cluster":"","branch":"","fromDate":"","toDate":"","status":""},"timestamp":"2026-08-04T12:44:14.456Z"}
4/8/2026, 6:14:14 pm | {"api":"/api/cash-closing-dashboard","event":"CASH_CLOSING_DASHBOARD_API_STARTED","filters":{"cluster":"","branch":"","fromDate":"","toDate":"","status":""},"timestamp":"2026-08-04T12:44:14.573Z"}
4/8/2026, 6:14:14 pm | {"api":"/api/cash-closing-dashboard","event":"CASH_CLOSING_DASHBOARD_DB_CONNECTED","timestamp":"2026-08-04T12:44:14.575Z"}
4/8/2026, 6:14:14 pm | {"api":"/api/cash-closing-dashboard","event":"CASH_CLOSING_DASHBOARD_QUERY_STARTED","filters":{"cluster":"","branch":"","fromDate":"","toDate":"","status":""},"timestamp":"2026-08-04T12:44:14.575Z"}
4/8/2026, 6:14:14 pm | {"api":"/api/cash-closing-dashboard","event":"CASH_CLOSING_DASHBOARD_DATA_FETCHED","totalRecords":56,"timestamp":"2026-08-04T12:44:14.583Z"}
4/8/2026, 6:14:14 pm | {"api":"/api/cash-closing-dashboard","event":"CASH_CLOSING_CLUSTER_FETCHED","totalClusters":5,"timestamp":"2026-08-04T12:44:14.587Z"}
4/8/2026, 6:14:14 pm | {"api":"/api/cash-closing-dashboard","event":"CASH_CLOSING_BRANCH_FETCHED","totalBranches":62,"timestamp":"2026-08-04T12:44:14.591Z"}
4/8/2026, 6:14:14 pm | {"api":"/api/cash-closing-dashboard","event":"CASH_CLOSING_DASHBOARD_SUCCESS","totalRecords":56,"filters":{"cluster":"","branch":"","fromDate":"","toDate":"","status":""},"timestamp":"2026-08-04T12:44:14.592Z"}
4/8/2026, 6:14:14 pm | {"api":"/api/cash-closing-dashboard","event":"CASH_CLOSING_DASHBOARD_API_STARTED","filters":{"cluster":"","branch":"","fromDate":"","toDate":"","status":""},"timestamp":"2026-08-04T12:44:14.999Z"}
4/8/2026, 6:14:15 pm | {"api":"/api/cash-closing-dashboard","event":"CASH_CLOSING_DASHBOARD_DB_CONNECTED","timestamp":"2026-08-04T12:44:15.000Z"}
4/8/2026, 6:14:15 pm | {"api":"/api/cash-closing-dashboard","event":"CASH_CLOSING_DASHBOARD_QUERY_STARTED","filters":{"cluster":"","branch":"","fromDate":"","toDate":"","status":""},"timestamp":"2026-08-04T12:44:15.001Z"}
4/8/2026, 6:14:15 pm | {"api":"/api/cash-closing-dashboard","event":"CASH_CLOSING_DASHBOARD_DATA_FETCHED","totalRecords":56,"timestamp":"2026-08-04T12:44:15.008Z"}
4/8/2026, 6:14:15 pm | {"api":"/api/cash-closing-dashboard","event":"CASH_CLOSING_CLUSTER_FETCHED","totalClusters":5,"timestamp":"2026-08-04T12:44:15.011Z"}
4/8/2026, 6:14:15 pm | {"api":"/api/cash-closing-dashboard","event":"CASH_CLOSING_BRANCH_FETCHED","totalBranches":62,"timestamp":"2026-08-04T12:44:15.015Z"}
4/8/2026, 6:14:15 pm | {"api":"/api/cash-closing-dashboard","event":"CASH_CLOSING_DASHBOARD_SUCCESS","totalRecords":56,"filters":{"cluster":"","branch":"","fromDate":"","toDate":"","status":""},"timestamp":"2026-08-04T12:44:15.015Z"}
4/8/2026, 6:14:19 pm | {"api":"/api/cash-closing-dashboard","event":"CASH_CLOSING_DASHBOARD_API_STARTED","filters":{"cluster":"","branch":"","fromDate":"","toDate":"","status":""},"timestamp":"2026-08-04T12:44:19.965Z"}
4/8/2026, 6:14:19 pm | {"api":"/api/cash-closing-dashboard","event":"CASH_CLOSING_DASHBOARD_DB_CONNECTED","timestamp":"2026-08-04T12:44:19.966Z"}
4/8/2026, 6:14:19 pm | {"api":"/api/cash-closing-dashboard","event":"CASH_CLOSING_DASHBOARD_QUERY_STARTED","filters":{"cluster":"","branch":"","fromDate":"","toDate":"","status":""},"timestamp":"2026-08-04T12:44:19.967Z"}
4/8/2026, 6:14:19 pm | {"api":"/api/cash-closing-dashboard","event":"CASH_CLOSING_DASHBOARD_DATA_FETCHED","totalRecords":56,"timestamp":"2026-08-04T12:44:19.974Z"}
4/8/2026, 6:14:19 pm | {"api":"/api/cash-closing-dashboard","event":"CASH_CLOSING_CLUSTER_FETCHED","totalClusters":5,"timestamp":"2026-08-04T12:44:19.977Z"}
4/8/2026, 6:14:19 pm | {"api":"/api/cash-closing-dashboard","event":"CASH_CLOSING_BRANCH_FETCHED","totalBranches":62,"timestamp":"2026-08-04T12:44:19.981Z"}
4/8/2026, 6:14:19 pm | {"api":"/api/cash-closing-dashboard","event":"CASH_CLOSING_DASHBOARD_SUCCESS","totalRecords":56,"filters":{"cluster":"","branch":"","fromDate":"","toDate":"","status":""},"timestamp":"2026-08-04T12:44:19.981Z"}
4/8/2026, 6:14:20 pm | {"api":"/api/cash-closing-dashboard","event":"CASH_CLOSING_DASHBOARD_API_STARTED","filters":{"cluster":"","branch":"","fromDate":"","toDate":"","status":""},"timestamp":"2026-08-04T12:44:20.175Z"}
4/8/2026, 6:14:20 pm | {"api":"/api/cash-closing-dashboard","event":"CASH_CLOSING_DASHBOARD_DB_CONNECTED","timestamp":"2026-08-04T12:44:20.176Z"}
4/8/2026, 6:14:20 pm | {"api":"/api/cash-closing-dashboard","event":"CASH_CLOSING_DASHBOARD_QUERY_STARTED","filters":{"cluster":"","branch":"","fromDate":"","toDate":"","status":""},"timestamp":"2026-08-04T12:44:20.177Z"}
4/8/2026, 6:14:20 pm | {"api":"/api/cash-closing-dashboard","event":"CASH_CLOSING_DASHBOARD_DATA_FETCHED","totalRecords":56,"timestamp":"2026-08-04T12:44:20.183Z"}
4/8/2026, 6:14:20 pm | {"api":"/api/cash-closing-dashboard","event":"CASH_CLOSING_CLUSTER_FETCHED","totalClusters":5,"timestamp":"2026-08-04T12:44:20.187Z"}
4/8/2026, 6:14:20 pm | {"api":"/api/cash-closing-dashboard","event":"CASH_CLOSING_BRANCH_FETCHED","totalBranches":62,"timestamp":"2026-08-04T12:44:20.190Z"}
4/8/2026, 6:14:20 pm | {"api":"/api/cash-closing-dashboard","event":"CASH_CLOSING_DASHBOARD_SUCCESS","totalRecords":56,"filters":{"cluster":"","branch":"","fromDate":"","toDate":"","status":""},"timestamp":"2026-08-04T12:44:20.191Z"}
4/8/2026, 6:14:20 pm | {"api":"/api/cash-closing-dashboard","event":"CASH_CLOSING_DASHBOARD_API_STARTED","filters":{"cluster":"","branch":"","fromDate":"","toDate":"","status":""},"timestamp":"2026-08-04T12:44:20.335Z"}
4/8/2026, 6:14:20 pm | {"api":"/api/cash-closing-dashboard","event":"CASH_CLOSING_DASHBOARD_DB_CONNECTED","timestamp":"2026-08-04T12:44:20.336Z"}
4/8/2026, 6:14:20 pm | {"api":"/api/cash-closing-dashboard","event":"CASH_CLOSING_DASHBOARD_QUERY_STARTED","filters":{"cluster":"","branch":"","fromDate":"","toDate":"","status":""},"timestamp":"2026-08-04T12:44:20.337Z"}
4/8/2026, 6:14:20 pm | {"api":"/api/cash-closing-dashboard","event":"CASH_CLOSING_DASHBOARD_DATA_FETCHED","totalRecords":56,"timestamp":"2026-08-04T12:44:20.345Z"}
4/8/2026, 6:14:20 pm | {"api":"/api/cash-closing-dashboard","event":"CASH_CLOSING_CLUSTER_FETCHED","totalClusters":5,"timestamp":"2026-08-04T12:44:20.348Z"}
4/8/2026, 6:14:20 pm | {"api":"/api/cash-closing-dashboard","event":"CASH_CLOSING_BRANCH_FETCHED","totalBranches":62,"timestamp":"2026-08-04T12:44:20.352Z"}
4/8/2026, 6:14:20 pm | {"api":"/api/cash-closing-dashboard","event":"CASH_CLOSING_DASHBOARD_SUCCESS","totalRecords":56,"filters":{"cluster":"","branch":"","fromDate":"","toDate":"","status":""},"timestamp":"2026-08-04T12:44:20.353Z"}
4/8/2026, 6:14:20 pm | {"api":"/api/cash-closing-dashboard","event":"CASH_CLOSING_DASHBOARD_API_STARTED","filters":{"cluster":"","branch":"","fromDate":"","toDate":"","status":""},"timestamp":"2026-08-04T12:44:20.504Z"}
4/8/2026, 6:14:20 pm | {"api":"/api/cash-closing-dashboard","event":"CASH_CLOSING_DASHBOARD_DB_CONNECTED","timestamp":"2026-08-04T12:44:20.505Z"}
4/8/2026, 6:14:20 pm | {"api":"/api/cash-closing-dashboard","event":"CASH_CLOSING_DASHBOARD_QUERY_STARTED","filters":{"cluster":"","branch":"","fromDate":"","toDate":"","status":""},"timestamp":"2026-08-04T12:44:20.506Z"}
4/8/2026, 6:14:20 pm | {"api":"/api/cash-closing-dashboard","event":"CASH_CLOSING_DASHBOARD_DATA_FETCHED","totalRecords":56,"timestamp":"2026-08-04T12:44:20.512Z"}
4/8/2026, 6:14:20 pm | {"api":"/api/cash-closing-dashboard","event":"CASH_CLOSING_CLUSTER_FETCHED","totalClusters":5,"timestamp":"2026-08-04T12:44:20.515Z"}
4/8/2026, 6:14:20 pm | {"api":"/api/cash-closing-dashboard","event":"CASH_CLOSING_BRANCH_FETCHED","totalBranches":62,"timestamp":"2026-08-04T12:44:20.519Z"}
4/8/2026, 6:14:20 pm | {"api":"/api/cash-closing-dashboard","event":"CASH_CLOSING_DASHBOARD_SUCCESS","totalRecords":56,"filters":{"cluster":"","branch":"","fromDate":"","toDate":"","status":""},"timestamp":"2026-08-04T12:44:20.519Z"}
4/8/2026, 6:14:20 pm | {"api":"/api/cash-closing-dashboard","event":"CASH_CLOSING_DASHBOARD_API_STARTED","filters":{"cluster":"","branch":"","fromDate":"","toDate":"","status":""},"timestamp":"2026-08-04T12:44:20.646Z"}
4/8/2026, 6:14:20 pm | {"api":"/api/cash-closing-dashboard","event":"CASH_CLOSING_DASHBOARD_DB_CONNECTED","timestamp":"2026-08-04T12:44:20.647Z"}
4/8/2026, 6:14:20 pm | {"api":"/api/cash-closing-dashboard","event":"CASH_CLOSING_DASHBOARD_QUERY_STARTED","filters":{"cluster":"","branch":"","fromDate":"","toDate":"","status":""},"timestamp":"2026-08-04T12:44:20.648Z"}
4/8/2026, 6:14:20 pm | {"api":"/api/cash-closing-dashboard","event":"CASH_CLOSING_DASHBOARD_DATA_FETCHED","totalRecords":56,"timestamp":"2026-08-04T12:44:20.656Z"}
4/8/2026, 6:14:20 pm | {"api":"/api/cash-closing-dashboard","event":"CASH_CLOSING_CLUSTER_FETCHED","totalClusters":5,"timestamp":"2026-08-04T12:44:20.659Z"}
4/8/2026, 6:14:20 pm | {"api":"/api/cash-closing-dashboard","event":"CASH_CLOSING_BRANCH_FETCHED","totalBranches":62,"timestamp":"2026-08-04T12:44:20.662Z"}
4/8/2026, 6:14:20 pm | {"api":"/api/cash-closing-dashboard","event":"CASH_CLOSING_DASHBOARD_SUCCESS","totalRecords":56,"filters":{"cluster":"","branch":"","fromDate":"","toDate":"","status":""},"timestamp":"2026-08-04T12:44:20.663Z"}
4/8/2026, 6:14:20 pm | {"api":"/api/cash-closing-dashboard","event":"CASH_CLOSING_DASHBOARD_API_STARTED","filters":{"cluster":"","branch":"","fromDate":"","toDate":"","status":""},"timestamp":"2026-08-04T12:44:20.781Z"}
4/8/2026, 6:14:20 pm | {"api":"/api/cash-closing-dashboard","event":"CASH_CLOSING_DASHBOARD_DB_CONNECTED","timestamp":"2026-08-04T12:44:20.783Z"}
4/8/2026, 6:14:20 pm | {"api":"/api/cash-closing-dashboard","event":"CASH_CLOSING_DASHBOARD_QUERY_STARTED","filters":{"cluster":"","branch":"","fromDate":"","toDate":"","status":""},"timestamp":"2026-08-04T12:44:20.783Z"}
4/8/2026, 6:14:20 pm | {"api":"/api/cash-closing-dashboard","event":"CASH_CLOSING_DASHBOARD_DATA_FETCHED","totalRecords":56,"timestamp":"2026-08-04T12:44:20.791Z"}
4/8/2026, 6:14:20 pm | {"api":"/api/cash-closing-dashboard","event":"CASH_CLOSING_CLUSTER_FETCHED","totalClusters":5,"timestamp":"2026-08-04T12:44:20.795Z"}
4/8/2026, 6:14:20 pm | {"api":"/api/cash-closing-dashboard","event":"CASH_CLOSING_BRANCH_FETCHED","totalBranches":62,"timestamp":"2026-08-04T12:44:20.798Z"}
4/8/2026, 6:14:20 pm | {"api":"/api/cash-closing-dashboard","event":"CASH_CLOSING_DASHBOARD_SUCCESS","totalRecords":56,"filters":{"cluster":"","branch":"","fromDate":"","toDate":"","status":""},"timestamp":"2026-08-04T12:44:20.799Z"}
4/8/2026, 6:14:20 pm | {"api":"/api/cash-closing-dashboard","event":"CASH_CLOSING_DASHBOARD_API_STARTED","filters":{"cluster":"","branch":"","fromDate":"","toDate":"","status":""},"timestamp":"2026-08-04T12:44:20.920Z"}
4/8/2026, 6:14:20 pm | {"api":"/api/cash-closing-dashboard","event":"CASH_CLOSING_DASHBOARD_DB_CONNECTED","timestamp":"2026-08-04T12:44:20.921Z"}
4/8/2026, 6:14:20 pm | {"api":"/api/cash-closing-dashboard","event":"CASH_CLOSING_DASHBOARD_QUERY_STARTED","filters":{"cluster":"","branch":"","fromDate":"","toDate":"","status":""},"timestamp":"2026-08-04T12:44:20.922Z"}
4/8/2026, 6:14:20 pm | {"api":"/api/cash-closing-dashboard","event":"CASH_CLOSING_DASHBOARD_DATA_FETCHED","totalRecords":56,"timestamp":"2026-08-04T12:44:20.929Z"}
4/8/2026, 6:14:20 pm | {"api":"/api/cash-closing-dashboard","event":"CASH_CLOSING_CLUSTER_FETCHED","totalClusters":5,"timestamp":"2026-08-04T12:44:20.932Z"}
4/8/2026, 6:14:20 pm | {"api":"/api/cash-closing-dashboard","event":"CASH_CLOSING_BRANCH_FETCHED","totalBranches":62,"timestamp":"2026-08-04T12:44:20.935Z"}
4/8/2026, 6:14:20 pm | {"api":"/api/cash-closing-dashboard","event":"CASH_CLOSING_DASHBOARD_SUCCESS","totalRecords":56,"filters":{"cluster":"","branch":"","fromDate":"","toDate":"","status":""},"timestamp":"2026-08-04T12:44:20.936Z"}
4/8/2026, 6:14:21 pm | {"api":"/api/cash-closing-dashboard","event":"CASH_CLOSING_DASHBOARD_API_STARTED","filters":{"cluster":"","branch":"","fromDate":"","toDate":"","status":""},"timestamp":"2026-08-04T12:44:21.071Z"}
4/8/2026, 6:14:21 pm | {"api":"/api/cash-closing-dashboard","event":"CASH_CLOSING_DASHBOARD_DB_CONNECTED","timestamp":"2026-08-04T12:44:21.073Z"}
4/8/2026, 6:14:21 pm | {"api":"/api/cash-closing-dashboard","event":"CASH_CLOSING_DASHBOARD_QUERY_STARTED","filters":{"cluster":"","branch":"","fromDate":"","toDate":"","status":""},"timestamp":"2026-08-04T12:44:21.074Z"}
4/8/2026, 6:14:21 pm | {"api":"/api/cash-closing-dashboard","event":"CASH_CLOSING_DASHBOARD_DATA_FETCHED","totalRecords":56,"timestamp":"2026-08-04T12:44:21.081Z"}
4/8/2026, 6:14:21 pm | {"api":"/api/cash-closing-dashboard","event":"CASH_CLOSING_CLUSTER_FETCHED","totalClusters":5,"timestamp":"2026-08-04T12:44:21.085Z"}
4/8/2026, 6:14:21 pm | {"api":"/api/cash-closing-dashboard","event":"CASH_CLOSING_BRANCH_FETCHED","totalBranches":62,"timestamp":"2026-08-04T12:44:21.089Z"}
4/8/2026, 6:14:21 pm | {"api":"/api/cash-closing-dashboard","event":"CASH_CLOSING_DASHBOARD_SUCCESS","totalRecords":56,"filters":{"cluster":"","branch":"","fromDate":"","toDate":"","status":""},"timestamp":"2026-08-04T12:44:21.089Z"}
4/8/2026, 6:14:21 pm | {"api":"/api/cash-closing-dashboard","event":"CASH_CLOSING_DASHBOARD_API_STARTED","filters":{"cluster":"","branch":"","fromDate":"","toDate":"","status":""},"timestamp":"2026-08-04T12:44:21.206Z"}
4/8/2026, 6:14:21 pm | {"api":"/api/cash-closing-dashboard","event":"CASH_CLOSING_DASHBOARD_DB_CONNECTED","timestamp":"2026-08-04T12:44:21.207Z"}
4/8/2026, 6:14:21 pm | {"api":"/api/cash-closing-dashboard","event":"CASH_CLOSING_DASHBOARD_QUERY_STARTED","filters":{"cluster":"","branch":"","fromDate":"","toDate":"","status":""},"timestamp":"2026-08-04T12:44:21.208Z"}
4/8/2026, 6:14:21 pm | {"api":"/api/cash-closing-dashboard","event":"CASH_CLOSING_DASHBOARD_DATA_FETCHED","totalRecords":56,"timestamp":"2026-08-04T12:44:21.215Z"}
4/8/2026, 6:14:21 pm | {"api":"/api/cash-closing-dashboard","event":"CASH_CLOSING_CLUSTER_FETCHED","totalClusters":5,"timestamp":"2026-08-04T12:44:21.219Z"}
4/8/2026, 6:14:21 pm | {"api":"/api/cash-closing-dashboard","event":"CASH_CLOSING_BRANCH_FETCHED","totalBranches":62,"timestamp":"2026-08-04T12:44:21.223Z"}
4/8/2026, 6:14:21 pm | {"api":"/api/cash-closing-dashboard","event":"CASH_CLOSING_DASHBOARD_SUCCESS","totalRecords":56,"filters":{"cluster":"","branch":"","fromDate":"","toDate":"","status":""},"timestamp":"2026-08-04T12:44:21.223Z"}
4/8/2026, 6:14:21 pm | {"api":"/api/cash-closing-dashboard","event":"CASH_CLOSING_DASHBOARD_API_STARTED","filters":{"cluster":"","branch":"","fromDate":"","toDate":"","status":""},"timestamp":"2026-08-04T12:44:21.352Z"}
4/8/2026, 6:14:21 pm | {"api":"/api/cash-closing-dashboard","event":"CASH_CLOSING_DASHBOARD_DB_CONNECTED","timestamp":"2026-08-04T12:44:21.353Z"}
4/8/2026, 6:14:21 pm | {"api":"/api/cash-closing-dashboard","event":"CASH_CLOSING_DASHBOARD_QUERY_STARTED","filters":{"cluster":"","branch":"","fromDate":"","toDate":"","status":""},"timestamp":"2026-08-04T12:44:21.354Z"}
4/8/2026, 6:14:21 pm | {"api":"/api/cash-closing-dashboard","event":"CASH_CLOSING_DASHBOARD_DATA_FETCHED","totalRecords":56,"timestamp":"2026-08-04T12:44:21.360Z"}
4/8/2026, 6:14:21 pm | {"api":"/api/cash-closing-dashboard","event":"CASH_CLOSING_CLUSTER_FETCHED","totalClusters":5,"timestamp":"2026-08-04T12:44:21.364Z"}
4/8/2026, 6:14:21 pm | {"api":"/api/cash-closing-dashboard","event":"CASH_CLOSING_BRANCH_FETCHED","totalBranches":62,"timestamp":"2026-08-04T12:44:21.367Z"}
4/8/2026, 6:14:21 pm | {"api":"/api/cash-closing-dashboard","event":"CASH_CLOSING_DASHBOARD_SUCCESS","totalRecords":56,"filters":{"cluster":"","branch":"","fromDate":"","toDate":"","status":""},"timestamp":"2026-08-04T12:44:21.368Z"}
4/8/2026, 6:14:21 pm | {"api":"/api/cash-closing-dashboard","event":"CASH_CLOSING_DASHBOARD_API_STARTED","filters":{"cluster":"","branch":"","fromDate":"","toDate":"","status":""},"timestamp":"2026-08-04T12:44:21.662Z"}
4/8/2026, 6:14:21 pm | {"api":"/api/cash-closing-dashboard","event":"CASH_CLOSING_DASHBOARD_DB_CONNECTED","timestamp":"2026-08-04T12:44:21.664Z"}
4/8/2026, 6:14:21 pm | {"api":"/api/cash-closing-dashboard","event":"CASH_CLOSING_DASHBOARD_QUERY_STARTED","filters":{"cluster":"","branch":"","fromDate":"","toDate":"","status":""},"timestamp":"2026-08-04T12:44:21.664Z"}
4/8/2026, 6:14:21 pm | {"api":"/api/cash-closing-dashboard","event":"CASH_CLOSING_DASHBOARD_DATA_FETCHED","totalRecords":56,"timestamp":"2026-08-04T12:44:21.672Z"}
4/8/2026, 6:14:21 pm | {"api":"/api/cash-closing-dashboard","event":"CASH_CLOSING_CLUSTER_FETCHED","totalClusters":5,"timestamp":"2026-08-04T12:44:21.677Z"}
4/8/2026, 6:14:21 pm | {"api":"/api/cash-closing-dashboard","event":"CASH_CLOSING_BRANCH_FETCHED","totalBranches":62,"timestamp":"2026-08-04T12:44:21.680Z"}
4/8/2026, 6:14:21 pm | {"api":"/api/cash-closing-dashboard","event":"CASH_CLOSING_DASHBOARD_SUCCESS","totalRecords":56,"filters":{"cluster":"","branch":"","fromDate":"","toDate":"","status":""},"timestamp":"2026-08-04T12:44:21.681Z"}
4/8/2026, 6:14:21 pm | {"api":"/api/cash-closing-dashboard","event":"CASH_CLOSING_DASHBOARD_API_STARTED","filters":{"cluster":"","branch":"","fromDate":"","toDate":"","status":""},"timestamp":"2026-08-04T12:44:21.839Z"}
4/8/2026, 6:14:21 pm | {"api":"/api/cash-closing-dashboard","event":"CASH_CLOSING_DASHBOARD_DB_CONNECTED","timestamp":"2026-08-04T12:44:21.839Z"}
4/8/2026, 6:14:21 pm | {"api":"/api/cash-closing-dashboard","event":"CASH_CLOSING_DASHBOARD_QUERY_STARTED","filters":{"cluster":"","branch":"","fromDate":"","toDate":"","status":""},"timestamp":"2026-08-04T12:44:21.840Z"}
4/8/2026, 6:14:21 pm | {"api":"/api/cash-closing-dashboard","event":"CASH_CLOSING_DASHBOARD_DATA_FETCHED","totalRecords":56,"timestamp":"2026-08-04T12:44:21.846Z"}
4/8/2026, 6:14:21 pm | {"api":"/api/cash-closing-dashboard","event":"CASH_CLOSING_CLUSTER_FETCHED","totalClusters":5,"timestamp":"2026-08-04T12:44:21.850Z"}
4/8/2026, 6:14:21 pm | {"api":"/api/cash-closing-dashboard","event":"CASH_CLOSING_BRANCH_FETCHED","totalBranches":62,"timestamp":"2026-08-04T12:44:21.854Z"}
4/8/2026, 6:14:21 pm | {"api":"/api/cash-closing-dashboard","event":"CASH_CLOSING_DASHBOARD_SUCCESS","totalRecords":56,"filters":{"cluster":"","branch":"","fromDate":"","toDate":"","status":""},"timestamp":"2026-08-04T12:44:21.855Z"}
4/8/2026, 6:14:21 pm | {"api":"/api/cash-closing-dashboard","event":"CASH_CLOSING_DASHBOARD_API_STARTED","filters":{"cluster":"","branch":"","fromDate":"","toDate":"","status":""},"timestamp":"2026-08-04T12:44:21.998Z"}
4/8/2026, 6:14:21 pm | {"api":"/api/cash-closing-dashboard","event":"CASH_CLOSING_DASHBOARD_DB_CONNECTED","timestamp":"2026-08-04T12:44:21.999Z"}
4/8/2026, 6:14:21 pm | {"api":"/api/cash-closing-dashboard","event":"CASH_CLOSING_DASHBOARD_QUERY_STARTED","filters":{"cluster":"","branch":"","fromDate":"","toDate":"","status":""},"timestamp":"2026-08-04T12:44:21.999Z"}
4/8/2026, 6:14:22 pm | {"api":"/api/cash-closing-dashboard","event":"CASH_CLOSING_DASHBOARD_DATA_FETCHED","totalRecords":56,"timestamp":"2026-08-04T12:44:22.007Z"}
4/8/2026, 6:14:22 pm | {"api":"/api/cash-closing-dashboard","event":"CASH_CLOSING_CLUSTER_FETCHED","totalClusters":5,"timestamp":"2026-08-04T12:44:22.011Z"}
4/8/2026, 6:14:22 pm | {"api":"/api/cash-closing-dashboard","event":"CASH_CLOSING_BRANCH_FETCHED","totalBranches":62,"timestamp":"2026-08-04T12:44:22.014Z"}
4/8/2026, 6:14:22 pm | {"api":"/api/cash-closing-dashboard","event":"CASH_CLOSING_DASHBOARD_SUCCESS","totalRecords":56,"filters":{"cluster":"","branch":"","fromDate":"","toDate":"","status":""},"timestamp":"2026-08-04T12:44:22.015Z"}
4/8/2026, 6:14:22 pm | {"api":"/api/cash-closing-dashboard","event":"CASH_CLOSING_DASHBOARD_API_STARTED","filters":{"cluster":"","branch":"","fromDate":"","toDate":"","status":""},"timestamp":"2026-08-04T12:44:22.143Z"}
4/8/2026, 6:14:22 pm | {"api":"/api/cash-closing-dashboard","event":"CASH_CLOSING_DASHBOARD_DB_CONNECTED","timestamp":"2026-08-04T12:44:22.144Z"}
4/8/2026, 6:14:22 pm | {"api":"/api/cash-closing-dashboard","event":"CASH_CLOSING_DASHBOARD_QUERY_STARTED","filters":{"cluster":"","branch":"","fromDate":"","toDate":"","status":""},"timestamp":"2026-08-04T12:44:22.145Z"}
4/8/2026, 6:14:22 pm | {"api":"/api/cash-closing-dashboard","event":"CASH_CLOSING_DASHBOARD_DATA_FETCHED","totalRecords":56,"timestamp":"2026-08-04T12:44:22.151Z"}
4/8/2026, 6:14:22 pm | {"api":"/api/cash-closing-dashboard","event":"CASH_CLOSING_CLUSTER_FETCHED","totalClusters":5,"timestamp":"2026-08-04T12:44:22.156Z"}
4/8/2026, 6:14:22 pm | {"api":"/api/cash-closing-dashboard","event":"CASH_CLOSING_BRANCH_FETCHED","totalBranches":62,"timestamp":"2026-08-04T12:44:22.159Z"}
4/8/2026, 6:14:22 pm | {"api":"/api/cash-closing-dashboard","event":"CASH_CLOSING_DASHBOARD_SUCCESS","totalRecords":56,"filters":{"cluster":"","branch":"","fromDate":"","toDate":"","status":""},"timestamp":"2026-08-04T12:44:22.160Z"}
4/8/2026, 6:14:25 pm | {"api":"/api/cash-closing-dashboard","event":"CASH_CLOSING_DASHBOARD_API_STARTED","filters":{"cluster":"","branch":"","fromDate":"","toDate":"","status":""},"timestamp":"2026-08-04T12:44:25.447Z"}
4/8/2026, 6:14:25 pm | {"api":"/api/cash-closing-dashboard","event":"CASH_CLOSING_DASHBOARD_DB_CONNECTED","timestamp":"2026-08-04T12:44:25.447Z"}
4/8/2026, 6:14:25 pm | {"api":"/api/cash-closing-dashboard","event":"CASH_CLOSING_DASHBOARD_QUERY_STARTED","filters":{"cluster":"","branch":"","fromDate":"","toDate":"","status":""},"timestamp":"2026-08-04T12:44:25.448Z"}
4/8/2026, 6:14:25 pm | {"api":"/api/cash-closing-dashboard","event":"CASH_CLOSING_DASHBOARD_DATA_FETCHED","totalRecords":56,"timestamp":"2026-08-04T12:44:25.454Z"}
4/8/2026, 6:14:25 pm | {"api":"/api/cash-closing-dashboard","event":"CASH_CLOSING_CLUSTER_FETCHED","totalClusters":5,"timestamp":"2026-08-04T12:44:25.458Z"}
4/8/2026, 6:14:25 pm | {"api":"/api/cash-closing-dashboard","event":"CASH_CLOSING_BRANCH_FETCHED","totalBranches":62,"timestamp":"2026-08-04T12:44:25.462Z"}
4/8/2026, 6:14:25 pm | {"api":"/api/cash-closing-dashboard","event":"CASH_CLOSING_DASHBOARD_SUCCESS","totalRecords":56,"filters":{"cluster":"","branch":"","fromDate":"","toDate":"","status":""},"timestamp":"2026-08-04T12:44:25.463Z"}
4/8/2026, 6:14:27 pm | {"api":"/api/cash-closing-dashboard","event":"CASH_CLOSING_DASHBOARD_API_STARTED","filters":{"cluster":"","branch":"","fromDate":"","toDate":"","status":""},"timestamp":"2026-08-04T12:44:27.846Z"}
4/8/2026, 6:14:27 pm | {"api":"/api/cash-closing-dashboard","event":"CASH_CLOSING_DASHBOARD_DB_CONNECTED","timestamp":"2026-08-04T12:44:27.847Z"}
4/8/2026, 6:14:27 pm | {"api":"/api/cash-closing-dashboard","event":"CASH_CLOSING_DASHBOARD_QUERY_STARTED","filters":{"cluster":"","branch":"","fromDate":"","toDate":"","status":""},"timestamp":"2026-08-04T12:44:27.848Z"}
4/8/2026, 6:14:27 pm | {"api":"/api/cash-closing-dashboard","event":"CASH_CLOSING_DASHBOARD_DATA_FETCHED","totalRecords":56,"timestamp":"2026-08-04T12:44:27.856Z"}
4/8/2026, 6:14:27 pm | {"api":"/api/cash-closing-dashboard","event":"CASH_CLOSING_CLUSTER_FETCHED","totalClusters":5,"timestamp":"2026-08-04T12:44:27.859Z"}
4/8/2026, 6:14:27 pm | {"api":"/api/cash-closing-dashboard","event":"CASH_CLOSING_BRANCH_FETCHED","totalBranches":62,"timestamp":"2026-08-04T12:44:27.862Z"}
4/8/2026, 6:14:27 pm | {"api":"/api/cash-closing-dashboard","event":"CASH_CLOSING_DASHBOARD_SUCCESS","totalRecords":56,"filters":{"cluster":"","branch":"","fromDate":"","toDate":"","status":""},"timestamp":"2026-08-04T12:44:27.863Z"}
4/8/2026, 6:14:27 pm | {"api":"/api/cash-closing-dashboard","event":"CASH_CLOSING_DASHBOARD_API_STARTED","filters":{"cluster":"","branch":"","fromDate":"","toDate":"","status":""},"timestamp":"2026-08-04T12:44:27.981Z"}
4/8/2026, 6:14:27 pm | {"api":"/api/cash-closing-dashboard","event":"CASH_CLOSING_DASHBOARD_DB_CONNECTED","timestamp":"2026-08-04T12:44:27.982Z"}
4/8/2026, 6:14:27 pm | {"api":"/api/cash-closing-dashboard","event":"CASH_CLOSING_DASHBOARD_QUERY_STARTED","filters":{"cluster":"","branch":"","fromDate":"","toDate":"","status":""},"timestamp":"2026-08-04T12:44:27.983Z"}
4/8/2026, 6:14:27 pm | {"api":"/api/cash-closing-dashboard","event":"CASH_CLOSING_DASHBOARD_DATA_FETCHED","totalRecords":56,"timestamp":"2026-08-04T12:44:27.991Z"}
4/8/2026, 6:14:27 pm | {"api":"/api/cash-closing-dashboard","event":"CASH_CLOSING_CLUSTER_FETCHED","totalClusters":5,"timestamp":"2026-08-04T12:44:27.995Z"}
4/8/2026, 6:14:27 pm | {"api":"/api/cash-closing-dashboard","event":"CASH_CLOSING_BRANCH_FETCHED","totalBranches":62,"timestamp":"2026-08-04T12:44:27.998Z"}
4/8/2026, 6:14:27 pm | {"api":"/api/cash-closing-dashboard","event":"CASH_CLOSING_DASHBOARD_SUCCESS","totalRecords":56,"filters":{"cluster":"","branch":"","fromDate":"","toDate":"","status":""},"timestamp":"2026-08-04T12:44:27.999Z"}
4/8/2026, 6:14:28 pm | {"api":"/api/cash-closing-dashboard","event":"CASH_CLOSING_DASHBOARD_API_STARTED","filters":{"cluster":"","branch":"","fromDate":"","toDate":"","status":""},"timestamp":"2026-08-04T12:44:28.134Z"}
4/8/2026, 6:14:28 pm | {"api":"/api/cash-closing-dashboard","event":"CASH_CLOSING_DASHBOARD_DB_CONNECTED","timestamp":"2026-08-04T12:44:28.136Z"}
4/8/2026, 6:14:28 pm | {"api":"/api/cash-closing-dashboard","event":"CASH_CLOSING_DASHBOARD_QUERY_STARTED","filters":{"cluster":"","branch":"","fromDate":"","toDate":"","status":""},"timestamp":"2026-08-04T12:44:28.137Z"}
4/8/2026, 6:14:28 pm | {"api":"/api/cash-closing-dashboard","event":"CASH_CLOSING_DASHBOARD_DATA_FETCHED","totalRecords":56,"timestamp":"2026-08-04T12:44:28.144Z"}
4/8/2026, 6:14:28 pm | {"api":"/api/cash-closing-dashboard","event":"CASH_CLOSING_CLUSTER_FETCHED","totalClusters":5,"timestamp":"2026-08-04T12:44:28.147Z"}
4/8/2026, 6:14:28 pm | {"api":"/api/cash-closing-dashboard","event":"CASH_CLOSING_BRANCH_FETCHED","totalBranches":62,"timestamp":"2026-08-04T12:44:28.151Z"}
4/8/2026, 6:14:28 pm | {"api":"/api/cash-closing-dashboard","event":"CASH_CLOSING_DASHBOARD_SUCCESS","totalRecords":56,"filters":{"cluster":"","branch":"","fromDate":"","toDate":"","status":""},"timestamp":"2026-08-04T12:44:28.151Z"}
4/8/2026, 6:14:28 pm | {"api":"/api/cash-closing-dashboard","event":"CASH_CLOSING_DASHBOARD_API_STARTED","filters":{"cluster":"","branch":"","fromDate":"","toDate":"","status":""},"timestamp":"2026-08-04T12:44:28.271Z"}
4/8/2026, 6:14:28 pm | {"api":"/api/cash-closing-dashboard","event":"CASH_CLOSING_DASHBOARD_DB_CONNECTED","timestamp":"2026-08-04T12:44:28.272Z"}
4/8/2026, 6:14:28 pm | {"api":"/api/cash-closing-dashboard","event":"CASH_CLOSING_DASHBOARD_QUERY_STARTED","filters":{"cluster":"","branch":"","fromDate":"","toDate":"","status":""},"timestamp":"2026-08-04T12:44:28.273Z"}
4/8/2026, 6:14:28 pm | {"api":"/api/cash-closing-dashboard","event":"CASH_CLOSING_DASHBOARD_DATA_FETCHED","totalRecords":56,"timestamp":"2026-08-04T12:44:28.281Z"}
4/8/2026, 6:14:28 pm | {"api":"/api/cash-closing-dashboard","event":"CASH_CLOSING_CLUSTER_FETCHED","totalClusters":5,"timestamp":"2026-08-04T12:44:28.284Z"}
4/8/2026, 6:14:28 pm | {"api":"/api/cash-closing-dashboard","event":"CASH_CLOSING_BRANCH_FETCHED","totalBranches":62,"timestamp":"2026-08-04T12:44:28.287Z"}
4/8/2026, 6:14:28 pm | {"api":"/api/cash-closing-dashboard","event":"CASH_CLOSING_DASHBOARD_SUCCESS","totalRecords":56,"filters":{"cluster":"","branch":"","fromDate":"","toDate":"","status":""},"timestamp":"2026-08-04T12:44:28.288Z"}
4/8/2026, 6:14:28 pm | {"api":"/login","event":"LOGIN_API_STARTED","mpin":"2222","deviceId":"17bb83ca3721b672","timestamp":"2026-08-04T12:44:28.455Z"}
4/8/2026, 6:14:28 pm | {"event":"LOGIN_REQUEST","mpin":"2222","deviceId":"17bb83ca3721b672","timestamp":"2026-08-04T12:44:28.456Z"}
4/8/2026, 6:14:28 pm | {"api":"/login","event":"LOGIN_DB_QUERY_STARTED","mpin":"2222","timestamp":"2026-08-04T12:44:28.457Z"}
4/8/2026, 6:14:28 pm | {"api":"/login","event":"LOGIN_USER_FOUND","empNo":"784","branch":"Devarapalli","designation":"Branch Manager","timestamp":"2026-08-04T12:44:28.464Z"}
4/8/2026, 6:14:28 pm | {"api":"/login","event":"LOGIN_DEVICE_CHECK","empNo":"784","savedDevice":"17bb83ca3721b672","currentDevice":"17bb83ca3721b672","timestamp":"2026-08-04T12:44:28.465Z"}
4/8/2026, 6:14:28 pm | {"api":"/login","event":"LOGIN_SUCCESS","empNo":"784","branch":"Devarapalli","designation":"Branch Manager","loginTime":"2026-08-04T12:44:28.472Z"}
4/8/2026, 6:14:28 pm | {"api":"/api/cash-closing-dashboard","event":"CASH_CLOSING_DASHBOARD_API_STARTED","filters":{"cluster":"","branch":"","fromDate":"","toDate":"","status":""},"timestamp":"2026-08-04T12:44:28.543Z"}
4/8/2026, 6:14:28 pm | {"api":"/api/cash-closing-dashboard","event":"CASH_CLOSING_DASHBOARD_DB_CONNECTED","timestamp":"2026-08-04T12:44:28.543Z"}
4/8/2026, 6:14:28 pm | {"api":"/api/cash-closing-dashboard","event":"CASH_CLOSING_DASHBOARD_QUERY_STARTED","filters":{"cluster":"","branch":"","fromDate":"","toDate":"","status":""},"timestamp":"2026-08-04T12:44:28.544Z"}
4/8/2026, 6:14:28 pm | {"api":"/api/cash-closing-dashboard","event":"CASH_CLOSING_DASHBOARD_DATA_FETCHED","totalRecords":56,"timestamp":"2026-08-04T12:44:28.550Z"}
4/8/2026, 6:14:28 pm | {"api":"/api/cash-closing-dashboard","event":"CASH_CLOSING_CLUSTER_FETCHED","totalClusters":5,"timestamp":"2026-08-04T12:44:28.554Z"}
4/8/2026, 6:14:28 pm | {"api":"/api/cash-closing-dashboard","event":"CASH_CLOSING_BRANCH_FETCHED","totalBranches":62,"timestamp":"2026-08-04T12:44:28.558Z"}
4/8/2026, 6:14:28 pm | {"api":"/api/cash-closing-dashboard","event":"CASH_CLOSING_DASHBOARD_SUCCESS","totalRecords":56,"filters":{"cluster":"","branch":"","fromDate":"","toDate":"","status":""},"timestamp":"2026-08-04T12:44:28.559Z"}
4/8/2026, 6:14:28 pm | {"api":"/api/cash-closing-dashboard","event":"CASH_CLOSING_DASHBOARD_API_STARTED","filters":{"cluster":"","branch":"","fromDate":"","toDate":"","status":""},"timestamp":"2026-08-04T12:44:28.686Z"}
4/8/2026, 6:14:28 pm | {"api":"/api/cash-closing-dashboard","event":"CASH_CLOSING_DASHBOARD_DB_CONNECTED","timestamp":"2026-08-04T12:44:28.687Z"}
4/8/2026, 6:14:28 pm | {"api":"/api/cash-closing-dashboard","event":"CASH_CLOSING_DASHBOARD_QUERY_STARTED","filters":{"cluster":"","branch":"","fromDate":"","toDate":"","status":""},"timestamp":"2026-08-04T12:44:28.688Z"}
4/8/2026, 6:14:28 pm | {"api":"/employee/:empNo","event":"EMPLOYEE_API_STARTED","empNo":"784","timestamp":"2026-08-04T12:44:28.690Z"}
4/8/2026, 6:14:28 pm | {"api":"/employee/:empNo","event":"EMPLOYEE_DB_QUERY_STARTED","empNo":"784","timestamp":"2026-08-04T12:44:28.691Z"}
4/8/2026, 6:14:28 pm | {"api":"/api/cash-closing-dashboard","event":"CASH_CLOSING_DASHBOARD_DATA_FETCHED","totalRecords":56,"timestamp":"2026-08-04T12:44:28.697Z"}
4/8/2026, 6:14:28 pm | {"api":"/employee/:empNo","event":"EMPLOYEE_FETCH_SUCCESS","empNo":"784","employeeName":"KVVN Dinesh","branch":"Devarapalli","designation":"Branch Manager","timestamp":"2026-08-04T12:44:28.700Z"}
4/8/2026, 6:14:28 pm | {"api":"/api/cash-closing-dashboard","event":"CASH_CLOSING_CLUSTER_FETCHED","totalClusters":5,"timestamp":"2026-08-04T12:44:28.703Z"}
4/8/2026, 6:14:28 pm | {"api":"/api/cash-closing-dashboard","event":"CASH_CLOSING_BRANCH_FETCHED","totalBranches":62,"timestamp":"2026-08-04T12:44:28.706Z"}
4/8/2026, 6:14:28 pm | {"api":"/api/cash-closing-dashboard","event":"CASH_CLOSING_DASHBOARD_SUCCESS","totalRecords":56,"filters":{"cluster":"","branch":"","fromDate":"","toDate":"","status":""},"timestamp":"2026-08-04T12:44:28.707Z"}
4/8/2026, 6:14:28 pm | {"api":"/last-submission/:empNo","event":"LAST_SUBMISSION_API_STARTED","empNo":"784","timestamp":"2026-08-04T12:44:28.795Z"}
4/8/2026, 6:14:28 pm | {"api":"/last-submission/:empNo","event":"LAST_SUBMISSION_DB_QUERY_STARTED","empNo":"784","timestamp":"2026-08-04T12:44:28.796Z"}
4/8/2026, 6:14:28 pm | {"api":"/last-submission/:empNo","event":"LAST_SUBMISSION_FETCH_SUCCESS","empNo":"784","amount":3000000,"actionAt":"2026-08-03 18:20:00","timestamp":"2026-08-04T12:44:28.802Z"}
4/8/2026, 6:14:28 pm | {"api":"/today-cash/:empNo","event":"TODAY_CASH_API_STARTED","empNo":"784","timestamp":"2026-08-04T12:44:28.994Z"}
4/8/2026, 6:14:28 pm | {"api":"/today-cash/:empNo","event":"TODAY_CASH_DB_QUERY_STARTED","empNo":"784","timestamp":"2026-08-04T12:44:28.995Z"}
4/8/2026, 6:14:28 pm | {"api":"/api/cash-closing-dashboard","event":"CASH_CLOSING_DASHBOARD_API_STARTED","filters":{"cluster":"","branch":"","fromDate":"","toDate":"","status":""},"timestamp":"2026-08-04T12:44:28.998Z"}
4/8/2026, 6:14:28 pm | {"api":"/api/cash-closing-dashboard","event":"CASH_CLOSING_DASHBOARD_DB_CONNECTED","timestamp":"2026-08-04T12:44:28.999Z"}
4/8/2026, 6:14:29 pm | {"api":"/api/cash-closing-dashboard","event":"CASH_CLOSING_DASHBOARD_QUERY_STARTED","filters":{"cluster":"","branch":"","fromDate":"","toDate":"","status":""},"timestamp":"2026-08-04T12:44:29.000Z"}
4/8/2026, 6:14:29 pm | {"api":"/today-cash/:empNo","event":"TODAY_CASH_NOT_FOUND","empNo":"784","timestamp":"2026-08-04T12:44:29.002Z"}
4/8/2026, 6:14:29 pm | {"api":"/api/cash-closing-dashboard","event":"CASH_CLOSING_DASHBOARD_DATA_FETCHED","totalRecords":56,"timestamp":"2026-08-04T12:44:29.026Z"}
4/8/2026, 6:14:29 pm | {"api":"/api/cash-closing-dashboard","event":"CASH_CLOSING_CLUSTER_FETCHED","totalClusters":5,"timestamp":"2026-08-04T12:44:29.030Z"}
4/8/2026, 6:14:29 pm | {"api":"/api/cash-closing-dashboard","event":"CASH_CLOSING_BRANCH_FETCHED","totalBranches":62,"timestamp":"2026-08-04T12:44:29.034Z"}
4/8/2026, 6:14:29 pm | {"api":"/api/cash-closing-dashboard","event":"CASH_CLOSING_DASHBOARD_SUCCESS","totalRecords":56,"filters":{"cluster":"","branch":"","fromDate":"","toDate":"","status":""},"timestamp":"2026-08-04T12:44:29.034Z"}
4/8/2026, 6:14:29 pm | {"api":"/api/cash-closing-dashboard","event":"CASH_CLOSING_DASHBOARD_API_STARTED","filters":{"cluster":"","branch":"","fromDate":"","toDate":"","status":""},"timestamp":"2026-08-04T12:44:29.175Z"}
4/8/2026, 6:14:29 pm | {"api":"/api/cash-closing-dashboard","event":"CASH_CLOSING_DASHBOARD_DB_CONNECTED","timestamp":"2026-08-04T12:44:29.176Z"}
4/8/2026, 6:14:29 pm | {"api":"/api/cash-closing-dashboard","event":"CASH_CLOSING_DASHBOARD_QUERY_STARTED","filters":{"cluster":"","branch":"","fromDate":"","toDate":"","status":""},"timestamp":"2026-08-04T12:44:29.177Z"}
4/8/2026, 6:14:29 pm | {"api":"/api/cash-closing-dashboard","event":"CASH_CLOSING_DASHBOARD_DATA_FETCHED","totalRecords":56,"timestamp":"2026-08-04T12:44:29.184Z"}
4/8/2026, 6:14:29 pm | {"api":"/api/cash-closing-dashboard","event":"CASH_CLOSING_CLUSTER_FETCHED","totalClusters":5,"timestamp":"2026-08-04T12:44:29.187Z"}
4/8/2026, 6:14:29 pm | {"api":"/api/cash-closing-dashboard","event":"CASH_CLOSING_BRANCH_FETCHED","totalBranches":62,"timestamp":"2026-08-04T12:44:29.191Z"}
4/8/2026, 6:14:29 pm | {"api":"/api/cash-closing-dashboard","event":"CASH_CLOSING_DASHBOARD_SUCCESS","totalRecords":56,"filters":{"cluster":"","branch":"","fromDate":"","toDate":"","status":""},"timestamp":"2026-08-04T12:44:29.192Z"}
4/8/2026, 6:14:29 pm | {"api":"/api/cash-closing-dashboard","event":"CASH_CLOSING_DASHBOARD_API_STARTED","filters":{"cluster":"","branch":"","fromDate":"","toDate":"","status":""},"timestamp":"2026-08-04T12:44:29.358Z"}
4/8/2026, 6:14:29 pm | {"api":"/api/cash-closing-dashboard","event":"CASH_CLOSING_DASHBOARD_DB_CONNECTED","timestamp":"2026-08-04T12:44:29.359Z"}
4/8/2026, 6:14:29 pm | {"api":"/api/cash-closing-dashboard","event":"CASH_CLOSING_DASHBOARD_QUERY_STARTED","filters":{"cluster":"","branch":"","fromDate":"","toDate":"","status":""},"timestamp":"2026-08-04T12:44:29.360Z"}
4/8/2026, 6:14:29 pm | {"api":"/api/cash-closing-dashboard","event":"CASH_CLOSING_DASHBOARD_DATA_FETCHED","totalRecords":56,"timestamp":"2026-08-04T12:44:29.368Z"}
4/8/2026, 6:14:29 pm | {"api":"/api/cash-closing-dashboard","event":"CASH_CLOSING_CLUSTER_FETCHED","totalClusters":5,"timestamp":"2026-08-04T12:44:29.372Z"}
4/8/2026, 6:14:29 pm | {"api":"/api/cash-closing-dashboard","event":"CASH_CLOSING_BRANCH_FETCHED","totalBranches":62,"timestamp":"2026-08-04T12:44:29.377Z"}
4/8/2026, 6:14:29 pm | {"api":"/api/cash-closing-dashboard","event":"CASH_CLOSING_DASHBOARD_SUCCESS","totalRecords":56,"filters":{"cluster":"","branch":"","fromDate":"","toDate":"","status":""},"timestamp":"2026-08-04T12:44:29.378Z"}
4/8/2026, 6:14:29 pm | {"api":"/api/cash-closing-dashboard","event":"CASH_CLOSING_DASHBOARD_API_STARTED","filters":{"cluster":"","branch":"","fromDate":"","toDate":"","status":""},"timestamp":"2026-08-04T12:44:29.541Z"}
4/8/2026, 6:14:29 pm | {"api":"/api/cash-closing-dashboard","event":"CASH_CLOSING_DASHBOARD_DB_CONNECTED","timestamp":"2026-08-04T12:44:29.543Z"}
4/8/2026, 6:14:29 pm | {"api":"/api/cash-closing-dashboard","event":"CASH_CLOSING_DASHBOARD_QUERY_STARTED","filters":{"cluster":"","branch":"","fromDate":"","toDate":"","status":""},"timestamp":"2026-08-04T12:44:29.543Z"}
4/8/2026, 6:14:29 pm | {"api":"/api/cash-closing-dashboard","event":"CASH_CLOSING_DASHBOARD_DATA_FETCHED","totalRecords":56,"timestamp":"2026-08-04T12:44:29.551Z"}
4/8/2026, 6:14:29 pm | {"api":"/api/cash-closing-dashboard","event":"CASH_CLOSING_CLUSTER_FETCHED","totalClusters":5,"timestamp":"2026-08-04T12:44:29.555Z"}
4/8/2026, 6:14:29 pm | {"api":"/api/cash-closing-dashboard","event":"CASH_CLOSING_BRANCH_FETCHED","totalBranches":62,"timestamp":"2026-08-04T12:44:29.559Z"}
4/8/2026, 6:14:29 pm | {"api":"/api/cash-closing-dashboard","event":"CASH_CLOSING_DASHBOARD_SUCCESS","totalRecords":56,"filters":{"cluster":"","branch":"","fromDate":"","toDate":"","status":""},"timestamp":"2026-08-04T12:44:29.560Z"}
4/8/2026, 6:14:29 pm | {"api":"/api/cash-closing-dashboard","event":"CASH_CLOSING_DASHBOARD_API_STARTED","filters":{"cluster":"","branch":"","fromDate":"","toDate":"","status":""},"timestamp":"2026-08-04T12:44:29.719Z"}
4/8/2026, 6:14:29 pm | {"api":"/api/cash-closing-dashboard","event":"CASH_CLOSING_DASHBOARD_DB_CONNECTED","timestamp":"2026-08-04T12:44:29.720Z"}
4/8/2026, 6:14:29 pm | {"api":"/api/cash-closing-dashboard","event":"CASH_CLOSING_DASHBOARD_QUERY_STARTED","filters":{"cluster":"","branch":"","fromDate":"","toDate":"","status":""},"timestamp":"2026-08-04T12:44:29.721Z"}
4/8/2026, 6:14:29 pm | {"api":"/api/cash-closing-dashboard","event":"CASH_CLOSING_DASHBOARD_DATA_FETCHED","totalRecords":56,"timestamp":"2026-08-04T12:44:29.728Z"}
4/8/2026, 6:14:29 pm | {"api":"/api/cash-closing-dashboard","event":"CASH_CLOSING_CLUSTER_FETCHED","totalClusters":5,"timestamp":"2026-08-04T12:44:29.732Z"}
4/8/2026, 6:14:29 pm | {"api":"/api/cash-closing-dashboard","event":"CASH_CLOSING_BRANCH_FETCHED","totalBranches":62,"timestamp":"2026-08-04T12:44:29.736Z"}
4/8/2026, 6:14:29 pm | {"api":"/api/cash-closing-dashboard","event":"CASH_CLOSING_DASHBOARD_SUCCESS","totalRecords":56,"filters":{"cluster":"","branch":"","fromDate":"","toDate":"","status":""},"timestamp":"2026-08-04T12:44:29.737Z"}
4/8/2026, 6:14:29 pm | {"api":"/api/cash-closing-dashboard","event":"CASH_CLOSING_DASHBOARD_API_STARTED","filters":{"cluster":"","branch":"","fromDate":"","toDate":"","status":""},"timestamp":"2026-08-04T12:44:29.904Z"}
4/8/2026, 6:14:29 pm | {"api":"/api/cash-closing-dashboard","event":"CASH_CLOSING_DASHBOARD_DB_CONNECTED","timestamp":"2026-08-04T12:44:29.905Z"}
4/8/2026, 6:14:29 pm | {"api":"/api/cash-closing-dashboard","event":"CASH_CLOSING_DASHBOARD_QUERY_STARTED","filters":{"cluster":"","branch":"","fromDate":"","toDate":"","status":""},"timestamp":"2026-08-04T12:44:29.906Z"}
4/8/2026, 6:14:29 pm | {"api":"/api/cash-closing-dashboard","event":"CASH_CLOSING_DASHBOARD_DATA_FETCHED","totalRecords":56,"timestamp":"2026-08-04T12:44:29.912Z"}
4/8/2026, 6:14:29 pm | {"api":"/api/cash-closing-dashboard","event":"CASH_CLOSING_CLUSTER_FETCHED","totalClusters":5,"timestamp":"2026-08-04T12:44:29.916Z"}
4/8/2026, 6:14:29 pm | {"api":"/api/cash-closing-dashboard","event":"CASH_CLOSING_BRANCH_FETCHED","totalBranches":62,"timestamp":"2026-08-04T12:44:29.920Z"}
4/8/2026, 6:14:29 pm | {"api":"/api/cash-closing-dashboard","event":"CASH_CLOSING_DASHBOARD_SUCCESS","totalRecords":56,"filters":{"cluster":"","branch":"","fromDate":"","toDate":"","status":""},"timestamp":"2026-08-04T12:44:29.921Z"}
4/8/2026, 6:14:30 pm | {"api":"/api/cash-closing-dashboard","event":"CASH_CLOSING_DASHBOARD_API_STARTED","filters":{"cluster":"","branch":"","fromDate":"","toDate":"","status":""},"timestamp":"2026-08-04T12:44:30.119Z"}
4/8/2026, 6:14:30 pm | {"api":"/api/cash-closing-dashboard","event":"CASH_CLOSING_DASHBOARD_DB_CONNECTED","timestamp":"2026-08-04T12:44:30.120Z"}
4/8/2026, 6:14:30 pm | {"api":"/api/cash-closing-dashboard","event":"CASH_CLOSING_DASHBOARD_QUERY_STARTED","filters":{"cluster":"","branch":"","fromDate":"","toDate":"","status":""},"timestamp":"2026-08-04T12:44:30.121Z"}
4/8/2026, 6:14:30 pm | {"api":"/api/cash-closing-dashboard","event":"CASH_CLOSING_DASHBOARD_DATA_FETCHED","totalRecords":56,"timestamp":"2026-08-04T12:44:30.128Z"}
4/8/2026, 6:14:30 pm | {"api":"/api/cash-closing-dashboard","event":"CASH_CLOSING_CLUSTER_FETCHED","totalClusters":5,"timestamp":"2026-08-04T12:44:30.132Z"}
4/8/2026, 6:14:30 pm | {"api":"/api/cash-closing-dashboard","event":"CASH_CLOSING_BRANCH_FETCHED","totalBranches":62,"timestamp":"2026-08-04T12:44:30.136Z"}
4/8/2026, 6:14:30 pm | {"api":"/api/cash-closing-dashboard","event":"CASH_CLOSING_DASHBOARD_SUCCESS","totalRecords":56,"filters":{"cluster":"","branch":"","fromDate":"","toDate":"","status":""},"timestamp":"2026-08-04T12:44:30.137Z"}
4/8/2026, 6:14:30 pm | {"api":"/api/cash-closing-dashboard","event":"CASH_CLOSING_DASHBOARD_API_STARTED","filters":{"cluster":"","branch":"","fromDate":"","toDate":"","status":""},"timestamp":"2026-08-04T12:44:30.312Z"}
4/8/2026, 6:14:30 pm | {"api":"/api/cash-closing-dashboard","event":"CASH_CLOSING_DASHBOARD_DB_CONNECTED","timestamp":"2026-08-04T12:44:30.313Z"}
4/8/2026, 6:14:30 pm | {"api":"/api/cash-closing-dashboard","event":"CASH_CLOSING_DASHBOARD_QUERY_STARTED","filters":{"cluster":"","branch":"","fromDate":"","toDate":"","status":""},"timestamp":"2026-08-04T12:44:30.314Z"}
4/8/2026, 6:14:30 pm | {"api":"/api/cash-closing-dashboard","event":"CASH_CLOSING_DASHBOARD_DATA_FETCHED","totalRecords":56,"timestamp":"2026-08-04T12:44:30.320Z"}
4/8/2026, 6:14:30 pm | {"api":"/api/cash-closing-dashboard","event":"CASH_CLOSING_CLUSTER_FETCHED","totalClusters":5,"timestamp":"2026-08-04T12:44:30.324Z"}
4/8/2026, 6:14:30 pm | {"api":"/api/cash-closing-dashboard","event":"CASH_CLOSING_BRANCH_FETCHED","totalBranches":62,"timestamp":"2026-08-04T12:44:30.328Z"}
4/8/2026, 6:14:30 pm | {"api":"/api/cash-closing-dashboard","event":"CASH_CLOSING_DASHBOARD_SUCCESS","totalRecords":56,"filters":{"cluster":"","branch":"","fromDate":"","toDate":"","status":""},"timestamp":"2026-08-04T12:44:30.328Z"}
4/8/2026, 6:14:30 pm | {"api":"/api/cash-closing-dashboard","event":"CASH_CLOSING_DASHBOARD_API_STARTED","filters":{"cluster":"","branch":"","fromDate":"","toDate":"","status":""},"timestamp":"2026-08-04T12:44:30.493Z"}
4/8/2026, 6:14:30 pm | {"api":"/api/cash-closing-dashboard","event":"CASH_CLOSING_DASHBOARD_DB_CONNECTED","timestamp":"2026-08-04T12:44:30.494Z"}
4/8/2026, 6:14:30 pm | {"api":"/api/cash-closing-dashboard","event":"CASH_CLOSING_DASHBOARD_QUERY_STARTED","filters":{"cluster":"","branch":"","fromDate":"","toDate":"","status":""},"timestamp":"2026-08-04T12:44:30.495Z"}
4/8/2026, 6:14:30 pm | {"api":"/api/cash-closing-dashboard","event":"CASH_CLOSING_DASHBOARD_DATA_FETCHED","totalRecords":56,"timestamp":"2026-08-04T12:44:30.502Z"}
4/8/2026, 6:14:30 pm | {"api":"/api/cash-closing-dashboard","event":"CASH_CLOSING_CLUSTER_FETCHED","totalClusters":5,"timestamp":"2026-08-04T12:44:30.506Z"}
4/8/2026, 6:14:30 pm | {"api":"/api/cash-closing-dashboard","event":"CASH_CLOSING_BRANCH_FETCHED","totalBranches":62,"timestamp":"2026-08-04T12:44:30.509Z"}
4/8/2026, 6:14:30 pm | {"api":"/api/cash-closing-dashboard","event":"CASH_CLOSING_DASHBOARD_SUCCESS","totalRecords":56,"filters":{"cluster":"","branch":"","fromDate":"","toDate":"","status":""},"timestamp":"2026-08-04T12:44:30.510Z"}
4/8/2026, 6:14:30 pm | {"api":"/api/cash-closing-dashboard","event":"CASH_CLOSING_DASHBOARD_API_STARTED","filters":{"cluster":"","branch":"","fromDate":"","toDate":"","status":""},"timestamp":"2026-08-04T12:44:30.662Z"}
4/8/2026, 6:14:30 pm | {"api":"/api/cash-closing-dashboard","event":"CASH_CLOSING_DASHBOARD_DB_CONNECTED","timestamp":"2026-08-04T12:44:30.664Z"}
4/8/2026, 6:14:30 pm | {"api":"/api/cash-closing-dashboard","event":"CASH_CLOSING_DASHBOARD_QUERY_STARTED","filters":{"cluster":"","branch":"","fromDate":"","toDate":"","status":""},"timestamp":"2026-08-04T12:44:30.664Z"}
4/8/2026, 6:14:30 pm | {"api":"/api/cash-closing-dashboard","event":"CASH_CLOSING_DASHBOARD_DATA_FETCHED","totalRecords":56,"timestamp":"2026-08-04T12:44:30.674Z"}
4/8/2026, 6:14:30 pm | {"api":"/api/cash-closing-dashboard","event":"CASH_CLOSING_CLUSTER_FETCHED","totalClusters":5,"timestamp":"2026-08-04T12:44:30.678Z"}
4/8/2026, 6:14:30 pm | {"api":"/api/cash-closing-dashboard","event":"CASH_CLOSING_BRANCH_FETCHED","totalBranches":62,"timestamp":"2026-08-04T12:44:30.682Z"}
4/8/2026, 6:14:30 pm | {"api":"/api/cash-closing-dashboard","event":"CASH_CLOSING_DASHBOARD_SUCCESS","totalRecords":56,"filters":{"cluster":"","branch":"","fromDate":"","toDate":"","status":""},"timestamp":"2026-08-04T12:44:30.683Z"}
4/8/2026, 6:14:30 pm | {"api":"/api/cash-closing-dashboard","event":"CASH_CLOSING_DASHBOARD_API_STARTED","filters":{"cluster":"","branch":"","fromDate":"","toDate":"","status":""},"timestamp":"2026-08-04T12:44:30.886Z"}
4/8/2026, 6:14:30 pm | {"api":"/api/cash-closing-dashboard","event":"CASH_CLOSING_DASHBOARD_DB_CONNECTED","timestamp":"2026-08-04T12:44:30.888Z"}
4/8/2026, 6:14:30 pm | {"api":"/api/cash-closing-dashboard","event":"CASH_CLOSING_DASHBOARD_QUERY_STARTED","filters":{"cluster":"","branch":"","fromDate":"","toDate":"","status":""},"timestamp":"2026-08-04T12:44:30.888Z"}
4/8/2026, 6:14:30 pm | {"api":"/api/cash-closing-dashboard","event":"CASH_CLOSING_DASHBOARD_DATA_FETCHED","totalRecords":56,"timestamp":"2026-08-04T12:44:30.896Z"}
4/8/2026, 6:14:30 pm | {"api":"/api/cash-closing-dashboard","event":"CASH_CLOSING_CLUSTER_FETCHED","totalClusters":5,"timestamp":"2026-08-04T12:44:30.900Z"}
4/8/2026, 6:14:30 pm | {"api":"/api/cash-closing-dashboard","event":"CASH_CLOSING_BRANCH_FETCHED","totalBranches":62,"timestamp":"2026-08-04T12:44:30.904Z"}
4/8/2026, 6:14:30 pm | {"api":"/api/cash-closing-dashboard","event":"CASH_CLOSING_DASHBOARD_SUCCESS","totalRecords":56,"filters":{"cluster":"","branch":"","fromDate":"","toDate":"","status":""},"timestamp":"2026-08-04T12:44:30.905Z"}
4/8/2026, 6:14:31 pm | {"api":"/api/cash-closing-dashboard","event":"CASH_CLOSING_DASHBOARD_API_STARTED","filters":{"cluster":"","branch":"","fromDate":"","toDate":"","status":""},"timestamp":"2026-08-04T12:44:31.078Z"}
4/8/2026, 6:14:31 pm | {"api":"/api/cash-closing-dashboard","event":"CASH_CLOSING_DASHBOARD_DB_CONNECTED","timestamp":"2026-08-04T12:44:31.080Z"}
4/8/2026, 6:14:31 pm | {"api":"/api/cash-closing-dashboard","event":"CASH_CLOSING_DASHBOARD_QUERY_STARTED","filters":{"cluster":"","branch":"","fromDate":"","toDate":"","status":""},"timestamp":"2026-08-04T12:44:31.081Z"}
4/8/2026, 6:14:31 pm | {"api":"/api/cash-closing-dashboard","event":"CASH_CLOSING_DASHBOARD_DATA_FETCHED","totalRecords":56,"timestamp":"2026-08-04T12:44:31.089Z"}
4/8/2026, 6:14:31 pm | {"api":"/api/cash-closing-dashboard","event":"CASH_CLOSING_CLUSTER_FETCHED","totalClusters":5,"timestamp":"2026-08-04T12:44:31.092Z"}
4/8/2026, 6:14:31 pm | {"api":"/api/cash-closing-dashboard","event":"CASH_CLOSING_BRANCH_FETCHED","totalBranches":62,"timestamp":"2026-08-04T12:44:31.096Z"}
4/8/2026, 6:14:31 pm | {"api":"/api/cash-closing-dashboard","event":"CASH_CLOSING_DASHBOARD_SUCCESS","totalRecords":56,"filters":{"cluster":"","branch":"","fromDate":"","toDate":"","status":""},"timestamp":"2026-08-04T12:44:31.096Z"}
4/8/2026, 6:14:31 pm | {"api":"/api/cash-closing-dashboard","event":"CASH_CLOSING_DASHBOARD_API_STARTED","filters":{"cluster":"","branch":"","fromDate":"","toDate":"","status":""},"timestamp":"2026-08-04T12:44:31.264Z"}
4/8/2026, 6:14:31 pm | {"api":"/api/cash-closing-dashboard","event":"CASH_CLOSING_DASHBOARD_DB_CONNECTED","timestamp":"2026-08-04T12:44:31.265Z"}
4/8/2026, 6:14:31 pm | {"api":"/api/cash-closing-dashboard","event":"CASH_CLOSING_DASHBOARD_QUERY_STARTED","filters":{"cluster":"","branch":"","fromDate":"","toDate":"","status":""},"timestamp":"2026-08-04T12:44:31.266Z"}
4/8/2026, 6:14:31 pm | {"api":"/api/cash-closing-dashboard","event":"CASH_CLOSING_DASHBOARD_DATA_FETCHED","totalRecords":56,"timestamp":"2026-08-04T12:44:31.273Z"}
4/8/2026, 6:14:31 pm | {"api":"/api/cash-closing-dashboard","event":"CASH_CLOSING_CLUSTER_FETCHED","totalClusters":5,"timestamp":"2026-08-04T12:44:31.277Z"}
4/8/2026, 6:14:31 pm | {"api":"/api/cash-closing-dashboard","event":"CASH_CLOSING_BRANCH_FETCHED","totalBranches":62,"timestamp":"2026-08-04T12:44:31.280Z"}
4/8/2026, 6:14:31 pm | {"api":"/api/cash-closing-dashboard","event":"CASH_CLOSING_DASHBOARD_SUCCESS","totalRecords":56,"filters":{"cluster":"","branch":"","fromDate":"","toDate":"","status":""},"timestamp":"2026-08-04T12:44:31.281Z"}
4/8/2026, 6:14:31 pm | {"api":"/api/cash-closing-dashboard","event":"CASH_CLOSING_DASHBOARD_API_STARTED","filters":{"cluster":"","branch":"","fromDate":"","toDate":"","status":""},"timestamp":"2026-08-04T12:44:31.423Z"}
4/8/2026, 6:14:31 pm | {"api":"/api/cash-closing-dashboard","event":"CASH_CLOSING_DASHBOARD_DB_CONNECTED","timestamp":"2026-08-04T12:44:31.424Z"}
4/8/2026, 6:14:31 pm | {"api":"/api/cash-closing-dashboard","event":"CASH_CLOSING_DASHBOARD_QUERY_STARTED","filters":{"cluster":"","branch":"","fromDate":"","toDate":"","status":""},"timestamp":"2026-08-04T12:44:31.425Z"}
4/8/2026, 6:14:31 pm | {"api":"/api/cash-closing-dashboard","event":"CASH_CLOSING_DASHBOARD_DATA_FETCHED","totalRecords":56,"timestamp":"2026-08-04T12:44:31.433Z"}
4/8/2026, 6:14:31 pm | {"api":"/api/cash-closing-dashboard","event":"CASH_CLOSING_CLUSTER_FETCHED","totalClusters":5,"timestamp":"2026-08-04T12:44:31.439Z"}
4/8/2026, 6:14:31 pm | {"api":"/api/cash-closing-dashboard","event":"CASH_CLOSING_BRANCH_FETCHED","totalBranches":62,"timestamp":"2026-08-04T12:44:31.442Z"}
4/8/2026, 6:14:31 pm | {"api":"/api/cash-closing-dashboard","event":"CASH_CLOSING_DASHBOARD_SUCCESS","totalRecords":56,"filters":{"cluster":"","branch":"","fromDate":"","toDate":"","status":""},"timestamp":"2026-08-04T12:44:31.443Z"}
4/8/2026, 6:14:31 pm | {"api":"/api/cash-closing-dashboard","event":"CASH_CLOSING_DASHBOARD_API_STARTED","filters":{"cluster":"","branch":"","fromDate":"","toDate":"","status":""},"timestamp":"2026-08-04T12:44:31.582Z"}
4/8/2026, 6:14:31 pm | {"api":"/api/cash-closing-dashboard","event":"CASH_CLOSING_DASHBOARD_DB_CONNECTED","timestamp":"2026-08-04T12:44:31.583Z"}
4/8/2026, 6:14:31 pm | {"api":"/api/cash-closing-dashboard","event":"CASH_CLOSING_DASHBOARD_QUERY_STARTED","filters":{"cluster":"","branch":"","fromDate":"","toDate":"","status":""},"timestamp":"2026-08-04T12:44:31.583Z"}
4/8/2026, 6:14:31 pm | {"api":"/api/cash-closing-dashboard","event":"CASH_CLOSING_DASHBOARD_DATA_FETCHED","totalRecords":56,"timestamp":"2026-08-04T12:44:31.591Z"}
4/8/2026, 6:14:31 pm | {"api":"/api/cash-closing-dashboard","event":"CASH_CLOSING_CLUSTER_FETCHED","totalClusters":5,"timestamp":"2026-08-04T12:44:31.597Z"}
4/8/2026, 6:14:31 pm | {"api":"/api/cash-closing-dashboard","event":"CASH_CLOSING_BRANCH_FETCHED","totalBranches":62,"timestamp":"2026-08-04T12:44:31.601Z"}
4/8/2026, 6:14:31 pm | {"api":"/api/cash-closing-dashboard","event":"CASH_CLOSING_DASHBOARD_SUCCESS","totalRecords":56,"filters":{"cluster":"","branch":"","fromDate":"","toDate":"","status":""},"timestamp":"2026-08-04T12:44:31.602Z"}
4/8/2026, 6:14:31 pm | {"api":"/api/cash-closing-dashboard","event":"CASH_CLOSING_DASHBOARD_API_STARTED","filters":{"cluster":"","branch":"","fromDate":"","toDate":"","status":""},"timestamp":"2026-08-04T12:44:31.776Z"}
4/8/2026, 6:14:31 pm | {"api":"/api/cash-closing-dashboard","event":"CASH_CLOSING_DASHBOARD_DB_CONNECTED","timestamp":"2026-08-04T12:44:31.777Z"}
4/8/2026, 6:14:31 pm | {"api":"/api/cash-closing-dashboard","event":"CASH_CLOSING_DASHBOARD_QUERY_STARTED","filters":{"cluster":"","branch":"","fromDate":"","toDate":"","status":""},"timestamp":"2026-08-04T12:44:31.778Z"}
4/8/2026, 6:14:31 pm | {"api":"/api/cash-closing-dashboard","event":"CASH_CLOSING_DASHBOARD_DATA_FETCHED","totalRecords":56,"timestamp":"2026-08-04T12:44:31.786Z"}
4/8/2026, 6:14:31 pm | {"api":"/api/cash-closing-dashboard","event":"CASH_CLOSING_CLUSTER_FETCHED","totalClusters":5,"timestamp":"2026-08-04T12:44:31.790Z"}
4/8/2026, 6:14:31 pm | {"api":"/api/cash-closing-dashboard","event":"CASH_CLOSING_BRANCH_FETCHED","totalBranches":62,"timestamp":"2026-08-04T12:44:31.793Z"}
4/8/2026, 6:14:31 pm | {"api":"/api/cash-closing-dashboard","event":"CASH_CLOSING_DASHBOARD_SUCCESS","totalRecords":56,"filters":{"cluster":"","branch":"","fromDate":"","toDate":"","status":""},"timestamp":"2026-08-04T12:44:31.794Z"}
4/8/2026, 6:14:31 pm | {"api":"/api/cash-closing-dashboard","event":"CASH_CLOSING_DASHBOARD_API_STARTED","filters":{"cluster":"","branch":"","fromDate":"","toDate":"","status":""},"timestamp":"2026-08-04T12:44:31.991Z"}
4/8/2026, 6:14:31 pm | {"api":"/api/cash-closing-dashboard","event":"CASH_CLOSING_DASHBOARD_DB_CONNECTED","timestamp":"2026-08-04T12:44:31.992Z"}
4/8/2026, 6:14:31 pm | {"api":"/api/cash-closing-dashboard","event":"CASH_CLOSING_DASHBOARD_QUERY_STARTED","filters":{"cluster":"","branch":"","fromDate":"","toDate":"","status":""},"timestamp":"2026-08-04T12:44:31.992Z"}
4/8/2026, 6:14:32 pm | {"api":"/api/cash-closing-dashboard","event":"CASH_CLOSING_DASHBOARD_DATA_FETCHED","totalRecords":56,"timestamp":"2026-08-04T12:44:32.000Z"}
4/8/2026, 6:14:32 pm | {"api":"/api/cash-closing-dashboard","event":"CASH_CLOSING_CLUSTER_FETCHED","totalClusters":5,"timestamp":"2026-08-04T12:44:32.004Z"}
4/8/2026, 6:14:32 pm | {"api":"/api/cash-closing-dashboard","event":"CASH_CLOSING_BRANCH_FETCHED","totalBranches":62,"timestamp":"2026-08-04T12:44:32.008Z"}
4/8/2026, 6:14:32 pm | {"api":"/api/cash-closing-dashboard","event":"CASH_CLOSING_DASHBOARD_SUCCESS","totalRecords":56,"filters":{"cluster":"","branch":"","fromDate":"","toDate":"","status":""},"timestamp":"2026-08-04T12:44:32.008Z"}
4/8/2026, 6:14:32 pm | {"api":"/api/cash-closing-dashboard","event":"CASH_CLOSING_DASHBOARD_API_STARTED","filters":{"cluster":"","branch":"","fromDate":"","toDate":"","status":""},"timestamp":"2026-08-04T12:44:32.168Z"}
4/8/2026, 6:14:32 pm | {"api":"/api/cash-closing-dashboard","event":"CASH_CLOSING_DASHBOARD_DB_CONNECTED","timestamp":"2026-08-04T12:44:32.169Z"}
4/8/2026, 6:14:32 pm | {"api":"/api/cash-closing-dashboard","event":"CASH_CLOSING_DASHBOARD_QUERY_STARTED","filters":{"cluster":"","branch":"","fromDate":"","toDate":"","status":""},"timestamp":"2026-08-04T12:44:32.170Z"}
4/8/2026, 6:14:32 pm | {"api":"/api/cash-closing-dashboard","event":"CASH_CLOSING_DASHBOARD_DATA_FETCHED","totalRecords":56,"timestamp":"2026-08-04T12:44:32.176Z"}
4/8/2026, 6:14:32 pm | {"api":"/api/cash-closing-dashboard","event":"CASH_CLOSING_CLUSTER_FETCHED","totalClusters":5,"timestamp":"2026-08-04T12:44:32.180Z"}
4/8/2026, 6:14:32 pm | {"api":"/api/cash-closing-dashboard","event":"CASH_CLOSING_BRANCH_FETCHED","totalBranches":62,"timestamp":"2026-08-04T12:44:32.183Z"}
4/8/2026, 6:14:32 pm | {"api":"/api/cash-closing-dashboard","event":"CASH_CLOSING_DASHBOARD_SUCCESS","totalRecords":56,"filters":{"cluster":"","branch":"","fromDate":"","toDate":"","status":""},"timestamp":"2026-08-04T12:44:32.184Z"}
4/8/2026, 6:14:32 pm | {"api":"/api/cash-closing-dashboard","event":"CASH_CLOSING_DASHBOARD_API_STARTED","filters":{"cluster":"","branch":"","fromDate":"","toDate":"","status":""},"timestamp":"2026-08-04T12:44:32.358Z"}
4/8/2026, 6:14:32 pm | {"api":"/api/cash-closing-dashboard","event":"CASH_CLOSING_DASHBOARD_DB_CONNECTED","timestamp":"2026-08-04T12:44:32.359Z"}
4/8/2026, 6:14:32 pm | {"api":"/api/cash-closing-dashboard","event":"CASH_CLOSING_DASHBOARD_QUERY_STARTED","filters":{"cluster":"","branch":"","fromDate":"","toDate":"","status":""},"timestamp":"2026-08-04T12:44:32.360Z"}
4/8/2026, 6:14:32 pm | {"api":"/api/cash-closing-dashboard","event":"CASH_CLOSING_DASHBOARD_DATA_FETCHED","totalRecords":56,"timestamp":"2026-08-04T12:44:32.368Z"}
4/8/2026, 6:14:32 pm | {"api":"/api/cash-closing-dashboard","event":"CASH_CLOSING_CLUSTER_FETCHED","totalClusters":5,"timestamp":"2026-08-04T12:44:32.371Z"}
4/8/2026, 6:14:32 pm | {"api":"/api/cash-closing-dashboard","event":"CASH_CLOSING_BRANCH_FETCHED","totalBranches":62,"timestamp":"2026-08-04T12:44:32.376Z"}
4/8/2026, 6:14:32 pm | {"api":"/api/cash-closing-dashboard","event":"CASH_CLOSING_DASHBOARD_SUCCESS","totalRecords":56,"filters":{"cluster":"","branch":"","fromDate":"","toDate":"","status":""},"timestamp":"2026-08-04T12:44:32.377Z"}
4/8/2026, 6:14:32 pm | {"api":"/api/cash-closing-dashboard","event":"CASH_CLOSING_DASHBOARD_API_STARTED","filters":{"cluster":"","branch":"","fromDate":"","toDate":"","status":""},"timestamp":"2026-08-04T12:44:32.600Z"}
4/8/2026, 6:14:32 pm | {"api":"/api/cash-closing-dashboard","event":"CASH_CLOSING_DASHBOARD_DB_CONNECTED","timestamp":"2026-08-04T12:44:32.601Z"}
4/8/2026, 6:14:32 pm | {"api":"/api/cash-closing-dashboard","event":"CASH_CLOSING_DASHBOARD_QUERY_STARTED","filters":{"cluster":"","branch":"","fromDate":"","toDate":"","status":""},"timestamp":"2026-08-04T12:44:32.601Z"}
4/8/2026, 6:14:32 pm | {"api":"/api/cash-closing-dashboard","event":"CASH_CLOSING_DASHBOARD_DATA_FETCHED","totalRecords":56,"timestamp":"2026-08-04T12:44:32.608Z"}
4/8/2026, 6:14:32 pm | {"api":"/api/cash-closing-dashboard","event":"CASH_CLOSING_CLUSTER_FETCHED","totalClusters":5,"timestamp":"2026-08-04T12:44:32.611Z"}
4/8/2026, 6:14:32 pm | {"api":"/api/cash-closing-dashboard","event":"CASH_CLOSING_BRANCH_FETCHED","totalBranches":62,"timestamp":"2026-08-04T12:44:32.615Z"}
4/8/2026, 6:14:32 pm | {"api":"/api/cash-closing-dashboard","event":"CASH_CLOSING_DASHBOARD_SUCCESS","totalRecords":56,"filters":{"cluster":"","branch":"","fromDate":"","toDate":"","status":""},"timestamp":"2026-08-04T12:44:32.615Z"}
4/8/2026, 6:14:32 pm | {"api":"/api/cash-closing-dashboard","event":"CASH_CLOSING_DASHBOARD_API_STARTED","filters":{"cluster":"","branch":"","fromDate":"","toDate":"","status":""},"timestamp":"2026-08-04T12:44:32.935Z"}
4/8/2026, 6:14:32 pm | {"api":"/api/cash-closing-dashboard","event":"CASH_CLOSING_DASHBOARD_DB_CONNECTED","timestamp":"2026-08-04T12:44:32.936Z"}
4/8/2026, 6:14:32 pm | {"api":"/api/cash-closing-dashboard","event":"CASH_CLOSING_DASHBOARD_QUERY_STARTED","filters":{"cluster":"","branch":"","fromDate":"","toDate":"","status":""},"timestamp":"2026-08-04T12:44:32.936Z"}
4/8/2026, 6:14:32 pm | {"api":"/api/cash-closing-dashboard","event":"CASH_CLOSING_DASHBOARD_DATA_FETCHED","totalRecords":56,"timestamp":"2026-08-04T12:44:32.943Z"}
4/8/2026, 6:14:32 pm | {"api":"/api/cash-closing-dashboard","event":"CASH_CLOSING_CLUSTER_FETCHED","totalClusters":5,"timestamp":"2026-08-04T12:44:32.950Z"}
4/8/2026, 6:14:32 pm | {"api":"/api/cash-closing-dashboard","event":"CASH_CLOSING_BRANCH_FETCHED","totalBranches":62,"timestamp":"2026-08-04T12:44:32.953Z"}
4/8/2026, 6:14:32 pm | {"api":"/api/cash-closing-dashboard","event":"CASH_CLOSING_DASHBOARD_SUCCESS","totalRecords":56,"filters":{"cluster":"","branch":"","fromDate":"","toDate":"","status":""},"timestamp":"2026-08-04T12:44:32.954Z"}
4/8/2026, 6:14:40 pm | {"api":"/api/cash-closing-dashboard","event":"CASH_CLOSING_DASHBOARD_API_STARTED","filters":{"cluster":"","branch":"","fromDate":"","toDate":"","status":""},"timestamp":"2026-08-04T12:44:40.846Z"}
4/8/2026, 6:14:40 pm | {"api":"/api/cash-closing-dashboard","event":"CASH_CLOSING_DASHBOARD_DB_CONNECTED","timestamp":"2026-08-04T12:44:40.847Z"}
4/8/2026, 6:14:40 pm | {"api":"/api/cash-closing-dashboard","event":"CASH_CLOSING_DASHBOARD_QUERY_STARTED","filters":{"cluster":"","branch":"","fromDate":"","toDate":"","status":""},"timestamp":"2026-08-04T12:44:40.848Z"}
4/8/2026, 6:14:40 pm | {"api":"/api/cash-closing-dashboard","event":"CASH_CLOSING_DASHBOARD_DATA_FETCHED","totalRecords":56,"timestamp":"2026-08-04T12:44:40.854Z"}
4/8/2026, 6:14:40 pm | {"api":"/api/cash-closing-dashboard","event":"CASH_CLOSING_CLUSTER_FETCHED","totalClusters":5,"timestamp":"2026-08-04T12:44:40.860Z"}
4/8/2026, 6:14:40 pm | {"api":"/api/cash-closing-dashboard","event":"CASH_CLOSING_BRANCH_FETCHED","totalBranches":62,"timestamp":"2026-08-04T12:44:40.863Z"}
4/8/2026, 6:14:40 pm | {"api":"/api/cash-closing-dashboard","event":"CASH_CLOSING_DASHBOARD_SUCCESS","totalRecords":56,"filters":{"cluster":"","branch":"","fromDate":"","toDate":"","status":""},"timestamp":"2026-08-04T12:44:40.864Z"}
4/8/2026, 6:14:40 pm | {"api":"/api/cash-closing-dashboard","event":"CASH_CLOSING_DASHBOARD_API_STARTED","filters":{"cluster":"","branch":"","fromDate":"","toDate":"","status":""},"timestamp":"2026-08-04T12:44:40.993Z"}
4/8/2026, 6:14:40 pm | {"api":"/api/cash-closing-dashboard","event":"CASH_CLOSING_DASHBOARD_DB_CONNECTED","timestamp":"2026-08-04T12:44:40.994Z"}
4/8/2026, 6:14:40 pm | {"api":"/api/cash-closing-dashboard","event":"CASH_CLOSING_DASHBOARD_QUERY_STARTED","filters":{"cluster":"","branch":"","fromDate":"","toDate":"","status":""},"timestamp":"2026-08-04T12:44:40.995Z"}
4/8/2026, 6:14:41 pm | {"api":"/api/cash-closing-dashboard","event":"CASH_CLOSING_DASHBOARD_DATA_FETCHED","totalRecords":56,"timestamp":"2026-08-04T12:44:41.002Z"}
4/8/2026, 6:14:41 pm | {"api":"/api/cash-closing-dashboard","event":"CASH_CLOSING_CLUSTER_FETCHED","totalClusters":5,"timestamp":"2026-08-04T12:44:41.005Z"}
4/8/2026, 6:14:41 pm | {"api":"/api/cash-closing-dashboard","event":"CASH_CLOSING_BRANCH_FETCHED","totalBranches":62,"timestamp":"2026-08-04T12:44:41.009Z"}
4/8/2026, 6:14:41 pm | {"api":"/api/cash-closing-dashboard","event":"CASH_CLOSING_DASHBOARD_SUCCESS","totalRecords":56,"filters":{"cluster":"","branch":"","fromDate":"","toDate":"","status":""},"timestamp":"2026-08-04T12:44:41.010Z"}
4/8/2026, 6:14:41 pm | {"api":"/api/cash-closing-dashboard","event":"CASH_CLOSING_DASHBOARD_API_STARTED","filters":{"cluster":"","branch":"","fromDate":"","toDate":"","status":""},"timestamp":"2026-08-04T12:44:41.250Z"}
4/8/2026, 6:14:41 pm | {"api":"/api/cash-closing-dashboard","event":"CASH_CLOSING_DASHBOARD_DB_CONNECTED","timestamp":"2026-08-04T12:44:41.251Z"}
4/8/2026, 6:14:41 pm | {"api":"/api/cash-closing-dashboard","event":"CASH_CLOSING_DASHBOARD_QUERY_STARTED","filters":{"cluster":"","branch":"","fromDate":"","toDate":"","status":""},"timestamp":"2026-08-04T12:44:41.252Z"}
4/8/2026, 6:14:41 pm | {"api":"/api/cash-closing-dashboard","event":"CASH_CLOSING_DASHBOARD_DATA_FETCHED","totalRecords":56,"timestamp":"2026-08-04T12:44:41.258Z"}
4/8/2026, 6:14:41 pm | {"api":"/api/cash-closing-dashboard","event":"CASH_CLOSING_CLUSTER_FETCHED","totalClusters":5,"timestamp":"2026-08-04T12:44:41.262Z"}
4/8/2026, 6:14:41 pm | {"api":"/api/cash-closing-dashboard","event":"CASH_CLOSING_BRANCH_FETCHED","totalBranches":62,"timestamp":"2026-08-04T12:44:41.265Z"}
4/8/2026, 6:14:41 pm | {"api":"/api/cash-closing-dashboard","event":"CASH_CLOSING_DASHBOARD_SUCCESS","totalRecords":56,"filters":{"cluster":"","branch":"","fromDate":"","toDate":"","status":""},"timestamp":"2026-08-04T12:44:41.266Z"}
4/8/2026, 6:14:44 pm | {"api":"/api/cash-closing-dashboard","event":"CASH_CLOSING_DASHBOARD_API_STARTED","filters":{"cluster":"","branch":"","fromDate":"","toDate":"","status":""},"timestamp":"2026-08-04T12:44:44.809Z"}
4/8/2026, 6:14:44 pm | {"api":"/api/cash-closing-dashboard","event":"CASH_CLOSING_DASHBOARD_DB_CONNECTED","timestamp":"2026-08-04T12:44:44.810Z"}
4/8/2026, 6:14:44 pm | {"api":"/api/cash-closing-dashboard","event":"CASH_CLOSING_DASHBOARD_QUERY_STARTED","filters":{"cluster":"","branch":"","fromDate":"","toDate":"","status":""},"timestamp":"2026-08-04T12:44:44.810Z"}
4/8/2026, 6:14:44 pm | {"api":"/api/cash-closing-dashboard","event":"CASH_CLOSING_DASHBOARD_DATA_FETCHED","totalRecords":56,"timestamp":"2026-08-04T12:44:44.817Z"}
4/8/2026, 6:14:44 pm | {"api":"/api/cash-closing-dashboard","event":"CASH_CLOSING_CLUSTER_FETCHED","totalClusters":5,"timestamp":"2026-08-04T12:44:44.820Z"}
4/8/2026, 6:14:44 pm | {"api":"/api/cash-closing-dashboard","event":"CASH_CLOSING_BRANCH_FETCHED","totalBranches":62,"timestamp":"2026-08-04T12:44:44.823Z"}
4/8/2026, 6:14:44 pm | {"api":"/api/cash-closing-dashboard","event":"CASH_CLOSING_DASHBOARD_SUCCESS","totalRecords":56,"filters":{"cluster":"","branch":"","fromDate":"","toDate":"","status":""},"timestamp":"2026-08-04T12:44:44.824Z"}
4/8/2026, 6:14:47 pm | {"api":"/save-cash-closing","event":"SAVE_CASH_API_STARTED","empNo":"784","amount":"4000000","timestamp":"2026-08-04T12:44:47.415Z"}
4/8/2026, 6:14:47 pm | {"api":"/save-cash-closing","event":"PREVIOUS_DAY_RECORD_FOUND","empNo":"784","oldDate":"2026-08-03T00:00:00.000Z","amount":3000000,"timestamp":"2026-08-04T12:44:47.422Z"}
4/8/2026, 6:14:47 pm | {"api":"/save-cash-closing","event":"PREVIOUS_DAY_MOVED_TO_HISTORY","empNo":"784","timestamp":"2026-08-04T12:44:47.428Z"}
4/8/2026, 6:14:47 pm | {"api":"/save-cash-closing","event":"PREVIOUS_DAY_DELETED","empNo":"784","timestamp":"2026-08-04T12:44:47.433Z"}
4/8/2026, 6:14:47 pm | {"api":"/save-cash-closing","event":"SAVE_CASH_NEW_ENTRY","empNo":"784","amount":"4000000","branch":"Devarapalli","timestamp":"2026-08-04T12:44:47.436Z"}
4/8/2026, 6:14:47 pm | {"api":"/save-cash-closing","event":"SAVE_CASH_HISTORY_INSERTED","empNo":"784","actionType":"ADDED","version":1,"timestamp":"2026-08-04T12:44:47.454Z"}
4/8/2026, 6:14:47 pm | {"api":"/save-cash-closing","event":"SAVE_CASH_SUCCESS","type":"INSERT","empNo":"784","amount":"4000000","timestamp":"2026-08-04T12:44:47.455Z"}
4/8/2026, 6:14:58 pm | {"api":"/api/cash-closing-dashboard","event":"CASH_CLOSING_DASHBOARD_API_STARTED","filters":{"cluster":"","branch":"","fromDate":"","toDate":"","status":""},"timestamp":"2026-08-04T12:44:58.013Z"}
4/8/2026, 6:14:58 pm | {"api":"/api/cash-closing-dashboard","event":"CASH_CLOSING_DASHBOARD_DB_CONNECTED","timestamp":"2026-08-04T12:44:58.014Z"}
4/8/2026, 6:14:58 pm | {"api":"/api/cash-closing-dashboard","event":"CASH_CLOSING_DASHBOARD_QUERY_STARTED","filters":{"cluster":"","branch":"","fromDate":"","toDate":"","status":""},"timestamp":"2026-08-04T12:44:58.015Z"}
4/8/2026, 6:14:58 pm | {"api":"/api/cash-closing-dashboard","event":"CASH_CLOSING_DASHBOARD_DATA_FETCHED","totalRecords":56,"timestamp":"2026-08-04T12:44:58.057Z"}
4/8/2026, 6:14:58 pm | {"api":"/api/cash-closing-dashboard","event":"CASH_CLOSING_CLUSTER_FETCHED","totalClusters":5,"timestamp":"2026-08-04T12:44:58.061Z"}
4/8/2026, 6:14:58 pm | {"api":"/api/cash-closing-dashboard","event":"CASH_CLOSING_BRANCH_FETCHED","totalBranches":62,"timestamp":"2026-08-04T12:44:58.065Z"}
4/8/2026, 6:14:58 pm | {"api":"/api/cash-closing-dashboard","event":"CASH_CLOSING_DASHBOARD_SUCCESS","totalRecords":56,"filters":{"cluster":"","branch":"","fromDate":"","toDate":"","status":""},"timestamp":"2026-08-04T12:44:58.066Z"}
4/8/2026, 6:14:58 pm | {"api":"/api/cash-closing-dashboard","event":"CASH_CLOSING_DASHBOARD_API_STARTED","filters":{"cluster":"","branch":"","fromDate":"","toDate":"","status":""},"timestamp":"2026-08-04T12:44:58.157Z"}
4/8/2026, 6:14:58 pm | {"api":"/api/cash-closing-dashboard","event":"CASH_CLOSING_DASHBOARD_DB_CONNECTED","timestamp":"2026-08-04T12:44:58.158Z"}
4/8/2026, 6:14:58 pm | {"api":"/api/cash-closing-dashboard","event":"CASH_CLOSING_DASHBOARD_QUERY_STARTED","filters":{"cluster":"","branch":"","fromDate":"","toDate":"","status":""},"timestamp":"2026-08-04T12:44:58.159Z"}
4/8/2026, 6:14:58 pm | {"api":"/api/cash-closing-dashboard","event":"CASH_CLOSING_DASHBOARD_DATA_FETCHED","totalRecords":56,"timestamp":"2026-08-04T12:44:58.166Z"}
4/8/2026, 6:14:58 pm | {"api":"/api/cash-closing-dashboard","event":"CASH_CLOSING_CLUSTER_FETCHED","totalClusters":5,"timestamp":"2026-08-04T12:44:58.169Z"}
4/8/2026, 6:14:58 pm | {"api":"/api/cash-closing-dashboard","event":"CASH_CLOSING_BRANCH_FETCHED","totalBranches":62,"timestamp":"2026-08-04T12:44:58.173Z"}
4/8/2026, 6:14:58 pm | {"api":"/api/cash-closing-dashboard","event":"CASH_CLOSING_DASHBOARD_SUCCESS","totalRecords":56,"filters":{"cluster":"","branch":"","fromDate":"","toDate":"","status":""},"timestamp":"2026-08-04T12:44:58.174Z"}
4/8/2026, 6:14:58 pm | {"api":"/api/cash-closing-dashboard","event":"CASH_CLOSING_DASHBOARD_API_STARTED","filters":{"cluster":"","branch":"","fromDate":"","toDate":"","status":""},"timestamp":"2026-08-04T12:44:58.309Z"}
4/8/2026, 6:14:58 pm | {"api":"/api/cash-closing-dashboard","event":"CASH_CLOSING_DASHBOARD_DB_CONNECTED","timestamp":"2026-08-04T12:44:58.310Z"}
4/8/2026, 6:14:58 pm | {"api":"/api/cash-closing-dashboard","event":"CASH_CLOSING_DASHBOARD_QUERY_STARTED","filters":{"cluster":"","branch":"","fromDate":"","toDate":"","status":""},"timestamp":"2026-08-04T12:44:58.311Z"}
4/8/2026, 6:14:58 pm | {"api":"/api/cash-closing-dashboard","event":"CASH_CLOSING_DASHBOARD_DATA_FETCHED","totalRecords":56,"timestamp":"2026-08-04T12:44:58.320Z"}
4/8/2026, 6:14:58 pm | {"api":"/api/cash-closing-dashboard","event":"CASH_CLOSING_CLUSTER_FETCHED","totalClusters":5,"timestamp":"2026-08-04T12:44:58.326Z"}
4/8/2026, 6:14:58 pm | {"api":"/api/cash-closing-dashboard","event":"CASH_CLOSING_BRANCH_FETCHED","totalBranches":62,"timestamp":"2026-08-04T12:44:58.330Z"}
4/8/2026, 6:14:58 pm | {"api":"/api/cash-closing-dashboard","event":"CASH_CLOSING_DASHBOARD_SUCCESS","totalRecords":56,"filters":{"cluster":"","branch":"","fromDate":"","toDate":"","status":""},"timestamp":"2026-08-04T12:44:58.330Z"}
4/8/2026, 6:14:58 pm | {"api":"/api/cash-closing-dashboard","event":"CASH_CLOSING_DASHBOARD_API_STARTED","filters":{"cluster":"","branch":"","fromDate":"","toDate":"","status":""},"timestamp":"2026-08-04T12:44:58.461Z"}
4/8/2026, 6:14:58 pm | {"api":"/api/cash-closing-dashboard","event":"CASH_CLOSING_DASHBOARD_DB_CONNECTED","timestamp":"2026-08-04T12:44:58.462Z"}
4/8/2026, 6:14:58 pm | {"api":"/api/cash-closing-dashboard","event":"CASH_CLOSING_DASHBOARD_QUERY_STARTED","filters":{"cluster":"","branch":"","fromDate":"","toDate":"","status":""},"timestamp":"2026-08-04T12:44:58.463Z"}
4/8/2026, 6:14:58 pm | {"api":"/api/cash-closing-dashboard","event":"CASH_CLOSING_DASHBOARD_DATA_FETCHED","totalRecords":56,"timestamp":"2026-08-04T12:44:58.472Z"}
4/8/2026, 6:14:58 pm | {"api":"/api/cash-closing-dashboard","event":"CASH_CLOSING_CLUSTER_FETCHED","totalClusters":5,"timestamp":"2026-08-04T12:44:58.476Z"}
4/8/2026, 6:14:58 pm | {"api":"/api/cash-closing-dashboard","event":"CASH_CLOSING_BRANCH_FETCHED","totalBranches":62,"timestamp":"2026-08-04T12:44:58.487Z"}
4/8/2026, 6:14:58 pm | {"api":"/api/cash-closing-dashboard","event":"CASH_CLOSING_DASHBOARD_SUCCESS","totalRecords":56,"filters":{"cluster":"","branch":"","fromDate":"","toDate":"","status":""},"timestamp":"2026-08-04T12:44:58.488Z"}
4/8/2026, 6:14:58 pm | {"api":"/api/cash-closing-dashboard","event":"CASH_CLOSING_DASHBOARD_API_STARTED","filters":{"cluster":"","branch":"","fromDate":"","toDate":"","status":""},"timestamp":"2026-08-04T12:44:58.615Z"}
4/8/2026, 6:14:58 pm | {"api":"/api/cash-closing-dashboard","event":"CASH_CLOSING_DASHBOARD_DB_CONNECTED","timestamp":"2026-08-04T12:44:58.616Z"}
4/8/2026, 6:14:58 pm | {"api":"/api/cash-closing-dashboard","event":"CASH_CLOSING_DASHBOARD_QUERY_STARTED","filters":{"cluster":"","branch":"","fromDate":"","toDate":"","status":""},"timestamp":"2026-08-04T12:44:58.617Z"}
4/8/2026, 6:14:58 pm | {"api":"/api/cash-closing-dashboard","event":"CASH_CLOSING_DASHBOARD_DATA_FETCHED","totalRecords":56,"timestamp":"2026-08-04T12:44:58.625Z"}
4/8/2026, 6:14:58 pm | {"api":"/api/cash-closing-dashboard","event":"CASH_CLOSING_CLUSTER_FETCHED","totalClusters":5,"timestamp":"2026-08-04T12:44:58.628Z"}
4/8/2026, 6:14:58 pm | {"api":"/api/cash-closing-dashboard","event":"CASH_CLOSING_BRANCH_FETCHED","totalBranches":62,"timestamp":"2026-08-04T12:44:58.633Z"}
4/8/2026, 6:14:58 pm | {"api":"/api/cash-closing-dashboard","event":"CASH_CLOSING_DASHBOARD_SUCCESS","totalRecords":56,"filters":{"cluster":"","branch":"","fromDate":"","toDate":"","status":""},"timestamp":"2026-08-04T12:44:58.633Z"}
4/8/2026, 6:14:58 pm | {"api":"/api/cash-closing-dashboard","event":"CASH_CLOSING_DASHBOARD_API_STARTED","filters":{"cluster":"","branch":"","fromDate":"","toDate":"","status":""},"timestamp":"2026-08-04T12:44:58.757Z"}
4/8/2026, 6:14:58 pm | {"api":"/api/cash-closing-dashboard","event":"CASH_CLOSING_DASHBOARD_DB_CONNECTED","timestamp":"2026-08-04T12:44:58.758Z"}
4/8/2026, 6:14:58 pm | {"api":"/api/cash-closing-dashboard","event":"CASH_CLOSING_DASHBOARD_QUERY_STARTED","filters":{"cluster":"","branch":"","fromDate":"","toDate":"","status":""},"timestamp":"2026-08-04T12:44:58.759Z"}
4/8/2026, 6:14:58 pm | {"api":"/api/cash-closing-dashboard","event":"CASH_CLOSING_DASHBOARD_DATA_FETCHED","totalRecords":56,"timestamp":"2026-08-04T12:44:58.766Z"}
4/8/2026, 6:14:58 pm | {"api":"/api/cash-closing-dashboard","event":"CASH_CLOSING_CLUSTER_FETCHED","totalClusters":5,"timestamp":"2026-08-04T12:44:58.770Z"}
4/8/2026, 6:14:58 pm | {"api":"/api/cash-closing-dashboard","event":"CASH_CLOSING_BRANCH_FETCHED","totalBranches":62,"timestamp":"2026-08-04T12:44:58.775Z"}
4/8/2026, 6:14:58 pm | {"api":"/api/cash-closing-dashboard","event":"CASH_CLOSING_DASHBOARD_SUCCESS","totalRecords":56,"filters":{"cluster":"","branch":"","fromDate":"","toDate":"","status":""},"timestamp":"2026-08-04T12:44:58.775Z"}
4/8/2026, 6:15:04 pm | {"api":"/api/cash-closing-dashboard","event":"CASH_CLOSING_DASHBOARD_API_STARTED","filters":{"cluster":"","branch":"","fromDate":"","toDate":"","status":""},"timestamp":"2026-08-04T12:45:04.058Z"}
4/8/2026, 6:15:04 pm | {"api":"/api/cash-closing-dashboard","event":"CASH_CLOSING_DASHBOARD_DB_CONNECTED","timestamp":"2026-08-04T12:45:04.060Z"}
4/8/2026, 6:15:04 pm | {"api":"/api/cash-closing-dashboard","event":"CASH_CLOSING_DASHBOARD_QUERY_STARTED","filters":{"cluster":"","branch":"","fromDate":"","toDate":"","status":""},"timestamp":"2026-08-04T12:45:04.060Z"}
4/8/2026, 6:15:04 pm | {"api":"/api/cash-closing-dashboard","event":"CASH_CLOSING_DASHBOARD_DATA_FETCHED","totalRecords":56,"timestamp":"2026-08-04T12:45:04.068Z"}
4/8/2026, 6:15:04 pm | {"api":"/api/cash-closing-dashboard","event":"CASH_CLOSING_CLUSTER_FETCHED","totalClusters":5,"timestamp":"2026-08-04T12:45:04.071Z"}
4/8/2026, 6:15:04 pm | {"api":"/api/cash-closing-dashboard","event":"CASH_CLOSING_BRANCH_FETCHED","totalBranches":62,"timestamp":"2026-08-04T12:45:04.074Z"}
4/8/2026, 6:15:04 pm | {"api":"/api/cash-closing-dashboard","event":"CASH_CLOSING_DASHBOARD_SUCCESS","totalRecords":56,"filters":{"cluster":"","branch":"","fromDate":"","toDate":"","status":""},"timestamp":"2026-08-04T12:45:04.075Z"}
4/8/2026, 6:15:04 pm | {"api":"/api/cash-closing-dashboard","event":"CASH_CLOSING_DASHBOARD_API_STARTED","filters":{"cluster":"","branch":"","fromDate":"","toDate":"","status":""},"timestamp":"2026-08-04T12:45:04.205Z"}
4/8/2026, 6:15:04 pm | {"api":"/api/cash-closing-dashboard","event":"CASH_CLOSING_DASHBOARD_DB_CONNECTED","timestamp":"2026-08-04T12:45:04.206Z"}
4/8/2026, 6:15:04 pm | {"api":"/api/cash-closing-dashboard","event":"CASH_CLOSING_DASHBOARD_QUERY_STARTED","filters":{"cluster":"","branch":"","fromDate":"","toDate":"","status":""},"timestamp":"2026-08-04T12:45:04.207Z"}
4/8/2026, 6:15:04 pm | {"api":"/api/cash-closing-dashboard","event":"CASH_CLOSING_DASHBOARD_DATA_FETCHED","totalRecords":56,"timestamp":"2026-08-04T12:45:04.215Z"}
4/8/2026, 6:15:04 pm | {"api":"/api/cash-closing-dashboard","event":"CASH_CLOSING_CLUSTER_FETCHED","totalClusters":5,"timestamp":"2026-08-04T12:45:04.218Z"}
4/8/2026, 6:15:04 pm | {"api":"/api/cash-closing-dashboard","event":"CASH_CLOSING_BRANCH_FETCHED","totalBranches":62,"timestamp":"2026-08-04T12:45:04.221Z"}
4/8/2026, 6:15:04 pm | {"api":"/api/cash-closing-dashboard","event":"CASH_CLOSING_DASHBOARD_SUCCESS","totalRecords":56,"filters":{"cluster":"","branch":"","fromDate":"","toDate":"","status":""},"timestamp":"2026-08-04T12:45:04.222Z"}
4/8/2026, 6:15:04 pm | {"api":"/api/cash-closing-dashboard","event":"CASH_CLOSING_DASHBOARD_API_STARTED","filters":{"cluster":"","branch":"","fromDate":"","toDate":"","status":""},"timestamp":"2026-08-04T12:45:04.383Z"}
4/8/2026, 6:15:04 pm | {"api":"/api/cash-closing-dashboard","event":"CASH_CLOSING_DASHBOARD_DB_CONNECTED","timestamp":"2026-08-04T12:45:04.384Z"}
4/8/2026, 6:15:04 pm | {"api":"/api/cash-closing-dashboard","event":"CASH_CLOSING_DASHBOARD_QUERY_STARTED","filters":{"cluster":"","branch":"","fromDate":"","toDate":"","status":""},"timestamp":"2026-08-04T12:45:04.385Z"}
4/8/2026, 6:15:04 pm | {"api":"/api/cash-closing-dashboard","event":"CASH_CLOSING_DASHBOARD_DATA_FETCHED","totalRecords":56,"timestamp":"2026-08-04T12:45:04.393Z"}
4/8/2026, 6:15:04 pm | {"api":"/api/cash-closing-dashboard","event":"CASH_CLOSING_CLUSTER_FETCHED","totalClusters":5,"timestamp":"2026-08-04T12:45:04.397Z"}
4/8/2026, 6:15:04 pm | {"api":"/api/cash-closing-dashboard","event":"CASH_CLOSING_BRANCH_FETCHED","totalBranches":62,"timestamp":"2026-08-04T12:45:04.400Z"}
4/8/2026, 6:15:04 pm | {"api":"/api/cash-closing-dashboard","event":"CASH_CLOSING_DASHBOARD_SUCCESS","totalRecords":56,"filters":{"cluster":"","branch":"","fromDate":"","toDate":"","status":""},"timestamp":"2026-08-04T12:45:04.401Z"}
4/8/2026, 6:15:04 pm | {"api":"/api/cash-closing-dashboard","event":"CASH_CLOSING_DASHBOARD_API_STARTED","filters":{"cluster":"","branch":"","fromDate":"","toDate":"","status":""},"timestamp":"2026-08-04T12:45:04.512Z"}
4/8/2026, 6:15:04 pm | {"api":"/api/cash-closing-dashboard","event":"CASH_CLOSING_DASHBOARD_DB_CONNECTED","timestamp":"2026-08-04T12:45:04.513Z"}
4/8/2026, 6:15:04 pm | {"api":"/api/cash-closing-dashboard","event":"CASH_CLOSING_DASHBOARD_QUERY_STARTED","filters":{"cluster":"","branch":"","fromDate":"","toDate":"","status":""},"timestamp":"2026-08-04T12:45:04.513Z"}
4/8/2026, 6:15:04 pm | {"api":"/api/cash-closing-dashboard","event":"CASH_CLOSING_DASHBOARD_DATA_FETCHED","totalRecords":56,"timestamp":"2026-08-04T12:45:04.527Z"}
4/8/2026, 6:15:04 pm | {"api":"/api/cash-closing-dashboard","event":"CASH_CLOSING_CLUSTER_FETCHED","totalClusters":5,"timestamp":"2026-08-04T12:45:04.531Z"}
4/8/2026, 6:15:04 pm | {"api":"/api/cash-closing-dashboard","event":"CASH_CLOSING_BRANCH_FETCHED","totalBranches":62,"timestamp":"2026-08-04T12:45:04.535Z"}
4/8/2026, 6:15:04 pm | {"api":"/api/cash-closing-dashboard","event":"CASH_CLOSING_DASHBOARD_SUCCESS","totalRecords":56,"filters":{"cluster":"","branch":"","fromDate":"","toDate":"","status":""},"timestamp":"2026-08-04T12:45:04.536Z"}
4/8/2026, 6:15:04 pm | {"api":"/api/cash-closing-dashboard","event":"CASH_CLOSING_DASHBOARD_API_STARTED","filters":{"cluster":"","branch":"","fromDate":"","toDate":"","status":""},"timestamp":"2026-08-04T12:45:04.841Z"}
4/8/2026, 6:15:04 pm | {"api":"/api/cash-closing-dashboard","event":"CASH_CLOSING_DASHBOARD_DB_CONNECTED","timestamp":"2026-08-04T12:45:04.842Z"}
4/8/2026, 6:15:04 pm | {"api":"/api/cash-closing-dashboard","event":"CASH_CLOSING_DASHBOARD_QUERY_STARTED","filters":{"cluster":"","branch":"","fromDate":"","toDate":"","status":""},"timestamp":"2026-08-04T12:45:04.843Z"}
4/8/2026, 6:15:04 pm | {"api":"/api/cash-closing-dashboard","event":"CASH_CLOSING_DASHBOARD_DATA_FETCHED","totalRecords":56,"timestamp":"2026-08-04T12:45:04.849Z"}
4/8/2026, 6:15:04 pm | {"api":"/api/cash-closing-dashboard","event":"CASH_CLOSING_CLUSTER_FETCHED","totalClusters":5,"timestamp":"2026-08-04T12:45:04.853Z"}
4/8/2026, 6:15:04 pm | {"api":"/api/cash-closing-dashboard","event":"CASH_CLOSING_BRANCH_FETCHED","totalBranches":62,"timestamp":"2026-08-04T12:45:04.856Z"}
4/8/2026, 6:15:04 pm | {"api":"/api/cash-closing-dashboard","event":"CASH_CLOSING_DASHBOARD_SUCCESS","totalRecords":56,"filters":{"cluster":"","branch":"","fromDate":"","toDate":"","status":""},"timestamp":"2026-08-04T12:45:04.857Z"}
4/8/2026, 6:15:05 pm | {"api":"/api/cash-closing-dashboard","event":"CASH_CLOSING_DASHBOARD_API_STARTED","filters":{"cluster":"","branch":"","fromDate":"","toDate":"","status":""},"timestamp":"2026-08-04T12:45:05.001Z"}
4/8/2026, 6:15:05 pm | {"api":"/api/cash-closing-dashboard","event":"CASH_CLOSING_DASHBOARD_DB_CONNECTED","timestamp":"2026-08-04T12:45:05.002Z"}
4/8/2026, 6:15:05 pm | {"api":"/api/cash-closing-dashboard","event":"CASH_CLOSING_DASHBOARD_QUERY_STARTED","filters":{"cluster":"","branch":"","fromDate":"","toDate":"","status":""},"timestamp":"2026-08-04T12:45:05.003Z"}
4/8/2026, 6:15:05 pm | {"api":"/api/cash-closing-dashboard","event":"CASH_CLOSING_DASHBOARD_DATA_FETCHED","totalRecords":56,"timestamp":"2026-08-04T12:45:05.009Z"}
4/8/2026, 6:15:05 pm | {"api":"/api/cash-closing-dashboard","event":"CASH_CLOSING_CLUSTER_FETCHED","totalClusters":5,"timestamp":"2026-08-04T12:45:05.012Z"}
4/8/2026, 6:15:05 pm | {"api":"/api/cash-closing-dashboard","event":"CASH_CLOSING_BRANCH_FETCHED","totalBranches":62,"timestamp":"2026-08-04T12:45:05.016Z"}
4/8/2026, 6:15:05 pm | {"api":"/api/cash-closing-dashboard","event":"CASH_CLOSING_DASHBOARD_SUCCESS","totalRecords":56,"filters":{"cluster":"","branch":"","fromDate":"","toDate":"","status":""},"timestamp":"2026-08-04T12:45:05.017Z"}
4/8/2026, 6:15:05 pm | {"api":"/api/cash-closing-dashboard","event":"CASH_CLOSING_DASHBOARD_API_STARTED","filters":{"cluster":"","branch":"","fromDate":"","toDate":"","status":""},"timestamp":"2026-08-04T12:45:05.168Z"}
4/8/2026, 6:15:05 pm | {"api":"/api/cash-closing-dashboard","event":"CASH_CLOSING_DASHBOARD_DB_CONNECTED","timestamp":"2026-08-04T12:45:05.169Z"}
4/8/2026, 6:15:05 pm | {"api":"/api/cash-closing-dashboard","event":"CASH_CLOSING_DASHBOARD_QUERY_STARTED","filters":{"cluster":"","branch":"","fromDate":"","toDate":"","status":""},"timestamp":"2026-08-04T12:45:05.170Z"}
4/8/2026, 6:15:05 pm | {"api":"/api/cash-closing-dashboard","event":"CASH_CLOSING_DASHBOARD_DATA_FETCHED","totalRecords":56,"timestamp":"2026-08-04T12:45:05.176Z"}
4/8/2026, 6:15:05 pm | {"api":"/api/cash-closing-dashboard","event":"CASH_CLOSING_CLUSTER_FETCHED","totalClusters":5,"timestamp":"2026-08-04T12:45:05.180Z"}
4/8/2026, 6:15:05 pm | {"api":"/api/cash-closing-dashboard","event":"CASH_CLOSING_BRANCH_FETCHED","totalBranches":62,"timestamp":"2026-08-04T12:45:05.183Z"}
4/8/2026, 6:15:05 pm | {"api":"/api/cash-closing-dashboard","event":"CASH_CLOSING_DASHBOARD_SUCCESS","totalRecords":56,"filters":{"cluster":"","branch":"","fromDate":"","toDate":"","status":""},"timestamp":"2026-08-04T12:45:05.184Z"}
4/8/2026, 6:15:13 pm | {"api":"/api/cash-closing-dashboard","event":"CASH_CLOSING_DASHBOARD_API_STARTED","filters":{"cluster":"","branch":"","fromDate":"","toDate":"","status":""},"timestamp":"2026-08-04T12:45:13.734Z"}
4/8/2026, 6:15:13 pm | {"api":"/api/cash-closing-dashboard","event":"CASH_CLOSING_DASHBOARD_DB_CONNECTED","timestamp":"2026-08-04T12:45:13.735Z"}
4/8/2026, 6:15:13 pm | {"api":"/api/cash-closing-dashboard","event":"CASH_CLOSING_DASHBOARD_QUERY_STARTED","filters":{"cluster":"","branch":"","fromDate":"","toDate":"","status":""},"timestamp":"2026-08-04T12:45:13.736Z"}
4/8/2026, 6:15:13 pm | {"api":"/api/cash-closing-dashboard","event":"CASH_CLOSING_DASHBOARD_DATA_FETCHED","totalRecords":56,"timestamp":"2026-08-04T12:45:13.742Z"}
4/8/2026, 6:15:13 pm | {"api":"/api/cash-closing-dashboard","event":"CASH_CLOSING_CLUSTER_FETCHED","totalClusters":5,"timestamp":"2026-08-04T12:45:13.746Z"}
4/8/2026, 6:15:13 pm | {"api":"/api/cash-closing-dashboard","event":"CASH_CLOSING_BRANCH_FETCHED","totalBranches":62,"timestamp":"2026-08-04T12:45:13.749Z"}
4/8/2026, 6:15:13 pm | {"api":"/api/cash-closing-dashboard","event":"CASH_CLOSING_DASHBOARD_SUCCESS","totalRecords":56,"filters":{"cluster":"","branch":"","fromDate":"","toDate":"","status":""},"timestamp":"2026-08-04T12:45:13.750Z"}
4/8/2026, 6:15:13 pm | {"api":"/api/cash-closing-dashboard","event":"CASH_CLOSING_DASHBOARD_API_STARTED","filters":{"cluster":"","branch":"","fromDate":"","toDate":"","status":""},"timestamp":"2026-08-04T12:45:13.882Z"}
4/8/2026, 6:15:13 pm | {"api":"/api/cash-closing-dashboard","event":"CASH_CLOSING_DASHBOARD_DB_CONNECTED","timestamp":"2026-08-04T12:45:13.883Z"}
4/8/2026, 6:15:13 pm | {"api":"/api/cash-closing-dashboard","event":"CASH_CLOSING_DASHBOARD_QUERY_STARTED","filters":{"cluster":"","branch":"","fromDate":"","toDate":"","status":""},"timestamp":"2026-08-04T12:45:13.884Z"}
4/8/2026, 6:15:13 pm | {"api":"/api/cash-closing-dashboard","event":"CASH_CLOSING_DASHBOARD_DATA_FETCHED","totalRecords":56,"timestamp":"2026-08-04T12:45:13.890Z"}
4/8/2026, 6:15:13 pm | {"api":"/api/cash-closing-dashboard","event":"CASH_CLOSING_CLUSTER_FETCHED","totalClusters":5,"timestamp":"2026-08-04T12:45:13.894Z"}
4/8/2026, 6:15:13 pm | {"api":"/api/cash-closing-dashboard","event":"CASH_CLOSING_BRANCH_FETCHED","totalBranches":62,"timestamp":"2026-08-04T12:45:13.897Z"}
4/8/2026, 6:15:13 pm | {"api":"/api/cash-closing-dashboard","event":"CASH_CLOSING_DASHBOARD_SUCCESS","totalRecords":56,"filters":{"cluster":"","branch":"","fromDate":"","toDate":"","status":""},"timestamp":"2026-08-04T12:45:13.898Z"}
4/8/2026, 6:15:14 pm | {"api":"/api/cash-closing-dashboard","event":"CASH_CLOSING_DASHBOARD_API_STARTED","filters":{"cluster":"","branch":"","fromDate":"","toDate":"","status":""},"timestamp":"2026-08-04T12:45:14.036Z"}
4/8/2026, 6:15:14 pm | {"api":"/api/cash-closing-dashboard","event":"CASH_CLOSING_DASHBOARD_DB_CONNECTED","timestamp":"2026-08-04T12:45:14.036Z"}
4/8/2026, 6:15:14 pm | {"api":"/api/cash-closing-dashboard","event":"CASH_CLOSING_DASHBOARD_QUERY_STARTED","filters":{"cluster":"","branch":"","fromDate":"","toDate":"","status":""},"timestamp":"2026-08-04T12:45:14.037Z"}
4/8/2026, 6:15:14 pm | {"api":"/api/cash-closing-dashboard","event":"CASH_CLOSING_DASHBOARD_DATA_FETCHED","totalRecords":56,"timestamp":"2026-08-04T12:45:14.044Z"}
4/8/2026, 6:15:14 pm | {"api":"/api/cash-closing-dashboard","event":"CASH_CLOSING_CLUSTER_FETCHED","totalClusters":5,"timestamp":"2026-08-04T12:45:14.048Z"}
4/8/2026, 6:15:14 pm | {"api":"/api/cash-closing-dashboard","event":"CASH_CLOSING_BRANCH_FETCHED","totalBranches":62,"timestamp":"2026-08-04T12:45:14.051Z"}
4/8/2026, 6:15:14 pm | {"api":"/api/cash-closing-dashboard","event":"CASH_CLOSING_DASHBOARD_SUCCESS","totalRecords":56,"filters":{"cluster":"","branch":"","fromDate":"","toDate":"","status":""},"timestamp":"2026-08-04T12:45:14.052Z"}
4/8/2026, 6:15:14 pm | {"api":"/api/cash-closing-dashboard","event":"CASH_CLOSING_DASHBOARD_API_STARTED","filters":{"cluster":"","branch":"","fromDate":"","toDate":"","status":""},"timestamp":"2026-08-04T12:45:14.305Z"}
4/8/2026, 6:15:14 pm | {"api":"/api/cash-closing-dashboard","event":"CASH_CLOSING_DASHBOARD_DB_CONNECTED","timestamp":"2026-08-04T12:45:14.306Z"}
4/8/2026, 6:15:14 pm | {"api":"/api/cash-closing-dashboard","event":"CASH_CLOSING_DASHBOARD_QUERY_STARTED","filters":{"cluster":"","branch":"","fromDate":"","toDate":"","status":""},"timestamp":"2026-08-04T12:45:14.306Z"}
4/8/2026, 6:15:14 pm | {"api":"/api/cash-closing-dashboard","event":"CASH_CLOSING_DASHBOARD_DATA_FETCHED","totalRecords":56,"timestamp":"2026-08-04T12:45:14.314Z"}
4/8/2026, 6:15:14 pm | {"api":"/api/cash-closing-dashboard","event":"CASH_CLOSING_CLUSTER_FETCHED","totalClusters":5,"timestamp":"2026-08-04T12:45:14.317Z"}
4/8/2026, 6:15:14 pm | {"api":"/api/cash-closing-dashboard","event":"CASH_CLOSING_BRANCH_FETCHED","totalBranches":62,"timestamp":"2026-08-04T12:45:14.321Z"}
4/8/2026, 6:15:14 pm | {"api":"/api/cash-closing-dashboard","event":"CASH_CLOSING_DASHBOARD_SUCCESS","totalRecords":56,"filters":{"cluster":"","branch":"","fromDate":"","toDate":"","status":""},"timestamp":"2026-08-04T12:45:14.322Z"}
4/8/2026, 6:15:14 pm | {"api":"/api/cash-closing-dashboard","event":"CASH_CLOSING_DASHBOARD_API_STARTED","filters":{"cluster":"","branch":"","fromDate":"","toDate":"","status":""},"timestamp":"2026-08-04T12:45:14.490Z"}
4/8/2026, 6:15:14 pm | {"api":"/api/cash-closing-dashboard","event":"CASH_CLOSING_DASHBOARD_DB_CONNECTED","timestamp":"2026-08-04T12:45:14.491Z"}
4/8/2026, 6:15:14 pm | {"api":"/api/cash-closing-dashboard","event":"CASH_CLOSING_DASHBOARD_QUERY_STARTED","filters":{"cluster":"","branch":"","fromDate":"","toDate":"","status":""},"timestamp":"2026-08-04T12:45:14.491Z"}
4/8/2026, 6:15:14 pm | {"api":"/api/cash-closing-dashboard","event":"CASH_CLOSING_DASHBOARD_DATA_FETCHED","totalRecords":56,"timestamp":"2026-08-04T12:45:14.499Z"}
4/8/2026, 6:15:14 pm | {"api":"/api/cash-closing-dashboard","event":"CASH_CLOSING_CLUSTER_FETCHED","totalClusters":5,"timestamp":"2026-08-04T12:45:14.502Z"}
4/8/2026, 6:15:14 pm | {"api":"/api/cash-closing-dashboard","event":"CASH_CLOSING_BRANCH_FETCHED","totalBranches":62,"timestamp":"2026-08-04T12:45:14.506Z"}
4/8/2026, 6:15:14 pm | {"api":"/api/cash-closing-dashboard","event":"CASH_CLOSING_DASHBOARD_SUCCESS","totalRecords":56,"filters":{"cluster":"","branch":"","fromDate":"","toDate":"","status":""},"timestamp":"2026-08-04T12:45:14.507Z"}
4/8/2026, 6:15:16 pm | {"api":"/api/cash-closing-dashboard-export","event":"CASH_CLOSING_EXPORT_STARTED","filters":{"cluster":"","branch":"","fromDate":"","toDate":"","status":""},"timestamp":"2026-08-04T12:45:16.231Z"}
4/8/2026, 6:15:16 pm | {"api":"/api/cash-closing-dashboard-export","event":"CASH_CLOSING_EXPORT_DB_CONNECTED","timestamp":"2026-08-04T12:45:16.233Z"}
4/8/2026, 6:15:16 pm | {"api":"/api/cash-closing-dashboard-export","event":"CASH_CLOSING_EXPORT_QUERY_STARTED","filters":{"cluster":"","branch":"","fromDate":"","toDate":"","status":""},"timestamp":"2026-08-04T12:45:16.233Z"}
4/8/2026, 6:15:16 pm | {"api":"/api/cash-closing-dashboard-export","event":"CASH_CLOSING_EXPORT_DATA_FETCHED","totalRecords":56,"timestamp":"2026-08-04T12:45:16.248Z"}
4/8/2026, 6:15:16 pm | {"api":"/api/cash-closing-dashboard-export","event":"CASH_CLOSING_EXPORT_WORKBOOK_CREATED","timestamp":"2026-08-04T12:45:16.249Z"}
4/8/2026, 6:15:16 pm | {"api":"/api/cash-closing-dashboard-export","event":"CASH_CLOSING_EXPORT_FILE_GENERATED","totalRecords":56,"totalAmount":60599943,"timestamp":"2026-08-04T12:45:16.252Z"}
4/8/2026, 6:15:16 pm | {"api":"/api/cash-closing-dashboard-export","event":"CASH_CLOSING_EXPORT_SUCCESS","timestamp":"2026-08-04T12:45:16.279Z"}
4/8/2026, 6:17:20 pm | {"api":"/login","event":"LOGIN_API_STARTED","mpin":"3840","deviceId":"f640c6cc02eda4c0","timestamp":"2026-08-04T12:47:20.588Z"}
4/8/2026, 6:17:20 pm | {"event":"LOGIN_REQUEST","mpin":"3840","deviceId":"f640c6cc02eda4c0","timestamp":"2026-08-04T12:47:20.589Z"}
4/8/2026, 6:17:20 pm | {"api":"/login","event":"LOGIN_DB_QUERY_STARTED","mpin":"3840","timestamp":"2026-08-04T12:47:20.590Z"}
4/8/2026, 6:17:20 pm | {"api":"/login","event":"LOGIN_USER_FOUND","empNo":"384","branch":"Gajuwaka","designation":"Branch Manager","timestamp":"2026-08-04T12:47:20.605Z"}
4/8/2026, 6:17:20 pm | {"api":"/login","event":"LOGIN_DEVICE_CHECK","empNo":"384","savedDevice":"f640c6cc02eda4c0","currentDevice":"f640c6cc02eda4c0","timestamp":"2026-08-04T12:47:20.606Z"}
4/8/2026, 6:17:20 pm | {"api":"/login","event":"LOGIN_SUCCESS","empNo":"384","branch":"Gajuwaka","designation":"Branch Manager","loginTime":"2026-08-04T12:47:20.611Z"}
4/8/2026, 6:17:21 pm | {"api":"/employee/:empNo","event":"EMPLOYEE_API_STARTED","empNo":"384","timestamp":"2026-08-04T12:47:21.344Z"}
4/8/2026, 6:17:21 pm | {"api":"/employee/:empNo","event":"EMPLOYEE_DB_QUERY_STARTED","empNo":"384","timestamp":"2026-08-04T12:47:21.346Z"}
4/8/2026, 6:17:21 pm | {"api":"/employee/:empNo","event":"EMPLOYEE_FETCH_SUCCESS","empNo":"384","employeeName":"A.Appala Naidu","branch":"Gajuwaka","designation":"Branch Manager","timestamp":"2026-08-04T12:47:21.350Z"}
4/8/2026, 6:17:21 pm | {"api":"/last-submission/:empNo","event":"LAST_SUBMISSION_API_STARTED","empNo":"384","timestamp":"2026-08-04T12:47:21.564Z"}
4/8/2026, 6:17:21 pm | {"api":"/last-submission/:empNo","event":"LAST_SUBMISSION_DB_QUERY_STARTED","empNo":"384","timestamp":"2026-08-04T12:47:21.565Z"}
4/8/2026, 6:17:21 pm | {"api":"/last-submission/:empNo","event":"LAST_SUBMISSION_FETCH_SUCCESS","empNo":"384","amount":20000,"actionAt":"2026-08-03 17:58:56","timestamp":"2026-08-04T12:47:21.575Z"}
4/8/2026, 6:17:21 pm | {"api":"/today-cash/:empNo","event":"TODAY_CASH_API_STARTED","empNo":"384","timestamp":"2026-08-04T12:47:21.868Z"}
4/8/2026, 6:17:21 pm | {"api":"/today-cash/:empNo","event":"TODAY_CASH_DB_QUERY_STARTED","empNo":"384","timestamp":"2026-08-04T12:47:21.869Z"}
4/8/2026, 6:17:21 pm | {"api":"/today-cash/:empNo","event":"TODAY_CASH_NOT_FOUND","empNo":"384","timestamp":"2026-08-04T12:47:21.874Z"}
4/8/2026, 6:17:32 pm | {"api":"/save-cash-closing","event":"SAVE_CASH_API_STARTED","empNo":"384","amount":"400000","timestamp":"2026-08-04T12:47:32.691Z"}
4/8/2026, 6:17:32 pm | {"api":"/save-cash-closing","event":"PREVIOUS_DAY_RECORD_FOUND","empNo":"384","oldDate":"2026-08-03T00:00:00.000Z","amount":20000,"timestamp":"2026-08-04T12:47:32.697Z"}
4/8/2026, 6:17:32 pm | {"api":"/save-cash-closing","event":"PREVIOUS_DAY_MOVED_TO_HISTORY","empNo":"384","timestamp":"2026-08-04T12:47:32.702Z"}
4/8/2026, 6:17:32 pm | {"api":"/save-cash-closing","event":"PREVIOUS_DAY_DELETED","empNo":"384","timestamp":"2026-08-04T12:47:32.707Z"}
4/8/2026, 6:17:32 pm | {"api":"/save-cash-closing","event":"SAVE_CASH_NEW_ENTRY","empNo":"384","amount":"400000","branch":"Gajuwaka","timestamp":"2026-08-04T12:47:32.710Z"}
4/8/2026, 6:17:32 pm | {"api":"/save-cash-closing","event":"SAVE_CASH_HISTORY_INSERTED","empNo":"384","actionType":"ADDED","version":1,"timestamp":"2026-08-04T12:47:32.720Z"}
4/8/2026, 6:17:32 pm | {"api":"/save-cash-closing","event":"SAVE_CASH_SUCCESS","type":"INSERT","empNo":"384","amount":"400000","timestamp":"2026-08-04T12:47:32.721Z"}
4/8/2026, 6:18:11 pm | {"api":"/api/cash-closing-dashboard","event":"CASH_CLOSING_DASHBOARD_API_STARTED","filters":{"cluster":"","branch":"","fromDate":"","toDate":"","status":""},"timestamp":"2026-08-04T12:48:11.792Z"}
4/8/2026, 6:18:11 pm | {"api":"/api/cash-closing-dashboard","event":"CASH_CLOSING_DASHBOARD_DB_CONNECTED","timestamp":"2026-08-04T12:48:11.793Z"}
4/8/2026, 6:18:11 pm | {"api":"/api/cash-closing-dashboard","event":"CASH_CLOSING_DASHBOARD_QUERY_STARTED","filters":{"cluster":"","branch":"","fromDate":"","toDate":"","status":""},"timestamp":"2026-08-04T12:48:11.794Z"}
4/8/2026, 6:18:11 pm | {"api":"/api/cash-closing-dashboard","event":"CASH_CLOSING_DASHBOARD_DATA_FETCHED","totalRecords":56,"timestamp":"2026-08-04T12:48:11.804Z"}
4/8/2026, 6:18:11 pm | {"api":"/api/cash-closing-dashboard","event":"CASH_CLOSING_CLUSTER_FETCHED","totalClusters":5,"timestamp":"2026-08-04T12:48:11.807Z"}
4/8/2026, 6:18:11 pm | {"api":"/api/cash-closing-dashboard","event":"CASH_CLOSING_BRANCH_FETCHED","totalBranches":62,"timestamp":"2026-08-04T12:48:11.810Z"}
4/8/2026, 6:18:11 pm | {"api":"/api/cash-closing-dashboard","event":"CASH_CLOSING_DASHBOARD_SUCCESS","totalRecords":56,"filters":{"cluster":"","branch":"","fromDate":"","toDate":"","status":""},"timestamp":"2026-08-04T12:48:11.811Z"}
4/8/2026, 6:18:15 pm | {"api":"/api/cash-closing-dashboard","event":"CASH_CLOSING_DASHBOARD_API_STARTED","filters":{"cluster":"","branch":"","fromDate":"","toDate":"","status":""},"timestamp":"2026-08-04T12:48:15.857Z"}
4/8/2026, 6:18:15 pm | {"api":"/api/cash-closing-dashboard","event":"CASH_CLOSING_DASHBOARD_DB_CONNECTED","timestamp":"2026-08-04T12:48:15.858Z"}
4/8/2026, 6:18:15 pm | {"api":"/api/cash-closing-dashboard","event":"CASH_CLOSING_DASHBOARD_QUERY_STARTED","filters":{"cluster":"","branch":"","fromDate":"","toDate":"","status":""},"timestamp":"2026-08-04T12:48:15.859Z"}
4/8/2026, 6:18:15 pm | {"api":"/api/cash-closing-dashboard","event":"CASH_CLOSING_DASHBOARD_DATA_FETCHED","totalRecords":56,"timestamp":"2026-08-04T12:48:15.865Z"}
4/8/2026, 6:18:15 pm | {"api":"/api/cash-closing-dashboard","event":"CASH_CLOSING_CLUSTER_FETCHED","totalClusters":5,"timestamp":"2026-08-04T12:48:15.868Z"}
4/8/2026, 6:18:15 pm | {"api":"/api/cash-closing-dashboard","event":"CASH_CLOSING_BRANCH_FETCHED","totalBranches":62,"timestamp":"2026-08-04T12:48:15.871Z"}
4/8/2026, 6:18:15 pm | {"api":"/api/cash-closing-dashboard","event":"CASH_CLOSING_DASHBOARD_SUCCESS","totalRecords":56,"filters":{"cluster":"","branch":"","fromDate":"","toDate":"","status":""},"timestamp":"2026-08-04T12:48:15.872Z"}
4/8/2026, 6:18:33 pm | {"api":"/api/cash-closing-dashboard","event":"CASH_CLOSING_DASHBOARD_API_STARTED","filters":{"cluster":"","branch":"","fromDate":"","toDate":"","status":""},"timestamp":"2026-08-04T12:48:33.919Z"}
4/8/2026, 6:18:33 pm | {"api":"/api/cash-closing-dashboard","event":"CASH_CLOSING_DASHBOARD_DB_CONNECTED","timestamp":"2026-08-04T12:48:33.920Z"}
4/8/2026, 6:18:33 pm | {"api":"/api/cash-closing-dashboard","event":"CASH_CLOSING_DASHBOARD_QUERY_STARTED","filters":{"cluster":"","branch":"","fromDate":"","toDate":"","status":""},"timestamp":"2026-08-04T12:48:33.921Z"}
4/8/2026, 6:18:33 pm | {"api":"/api/cash-closing-dashboard","event":"CASH_CLOSING_DASHBOARD_DATA_FETCHED","totalRecords":56,"timestamp":"2026-08-04T12:48:33.927Z"}
4/8/2026, 6:18:33 pm | {"api":"/api/cash-closing-dashboard","event":"CASH_CLOSING_CLUSTER_FETCHED","totalClusters":5,"timestamp":"2026-08-04T12:48:33.930Z"}
4/8/2026, 6:18:33 pm | {"api":"/api/cash-closing-dashboard","event":"CASH_CLOSING_BRANCH_FETCHED","totalBranches":62,"timestamp":"2026-08-04T12:48:33.935Z"}
4/8/2026, 6:18:33 pm | {"api":"/api/cash-closing-dashboard","event":"CASH_CLOSING_DASHBOARD_SUCCESS","totalRecords":56,"filters":{"cluster":"","branch":"","fromDate":"","toDate":"","status":""},"timestamp":"2026-08-04T12:48:33.936Z"}
