28/7/2026, 4:55:10 pm | {"api":"/login","event":"LOGIN_API_STARTED","mpin":"2849","deviceId":"50372d90b5c12d07","timestamp":"2026-07-28T11:25:10.846Z"}
28/7/2026, 4:55:10 pm | {"event":"LOGIN_REQUEST","mpin":"2849","deviceId":"50372d90b5c12d07","timestamp":"2026-07-28T11:25:10.848Z"}
28/7/2026, 4:55:10 pm | {"api":"/login","event":"LOGIN_DB_QUERY_STARTED","mpin":"2849","timestamp":"2026-07-28T11:25:10.849Z"}
28/7/2026, 4:55:10 pm | {"api":"/login","event":"LOGIN_USER_FOUND","empNo":"494","branch":"Vuyyuru","designation":"Branch Manager","timestamp":"2026-07-28T11:25:10.980Z"}
28/7/2026, 4:55:10 pm | {"api":"/login","event":"LOGIN_DEVICE_CHECK","empNo":"494","savedDevice":"50372d90b5c12d07","currentDevice":"50372d90b5c12d07","timestamp":"2026-07-28T11:25:10.981Z"}
28/7/2026, 4:55:10 pm | {"api":"/login","event":"LOGIN_SUCCESS","empNo":"494","branch":"Vuyyuru","designation":"Branch Manager","loginTime":"2026-07-28T11:25:10.991Z"}
28/7/2026, 4:55:11 pm | {"api":"/employee/:empNo","event":"EMPLOYEE_API_STARTED","empNo":"494","timestamp":"2026-07-28T11:25:11.161Z"}
28/7/2026, 4:55:11 pm | {"api":"/employee/:empNo","event":"EMPLOYEE_DB_QUERY_STARTED","empNo":"494","timestamp":"2026-07-28T11:25:11.162Z"}
28/7/2026, 4:55:11 pm | {"api":"/employee/:empNo","event":"EMPLOYEE_FETCH_SUCCESS","empNo":"494","employeeName":"N Naga Siva Krishna","branch":"Vuyyuru","designation":"Branch Manager","timestamp":"2026-07-28T11:25:11.206Z"}
28/7/2026, 4:55:11 pm | {"api":"/last-submission/:empNo","event":"LAST_SUBMISSION_API_STARTED","empNo":"494","timestamp":"2026-07-28T11:25:11.286Z"}
28/7/2026, 4:55:11 pm | {"api":"/last-submission/:empNo","event":"LAST_SUBMISSION_DB_QUERY_STARTED","empNo":"494","timestamp":"2026-07-28T11:25:11.287Z"}
28/7/2026, 4:55:11 pm | {"api":"/last-submission/:empNo","event":"LAST_SUBMISSION_FETCH_SUCCESS","empNo":"494","amount":400000,"actionAt":"2026-07-27 17:40:06","timestamp":"2026-07-28T11:25:11.385Z"}
28/7/2026, 4:55:11 pm | {"api":"/today-cash/:empNo","event":"TODAY_CASH_API_STARTED","empNo":"494","timestamp":"2026-07-28T11:25:11.583Z"}
28/7/2026, 4:55:11 pm | {"api":"/today-cash/:empNo","event":"TODAY_CASH_DB_QUERY_STARTED","empNo":"494","timestamp":"2026-07-28T11:25:11.584Z"}
28/7/2026, 4:55:11 pm | {"api":"/today-cash/:empNo","event":"TODAY_CASH_NOT_FOUND","empNo":"494","timestamp":"2026-07-28T11:25:11.590Z"}
28/7/2026, 4:55:22 pm | {"api":"/save-cash-closing","event":"SAVE_CASH_API_STARTED","empNo":"494","amount":"1200000","timestamp":"2026-07-28T11:25:22.491Z"}
28/7/2026, 4:55:22 pm | {"api":"/save-cash-closing","event":"PREVIOUS_DAY_RECORD_FOUND","empNo":"494","oldDate":"2026-07-27T00:00:00.000Z","amount":400000,"timestamp":"2026-07-28T11:25:22.536Z"}
28/7/2026, 4:55:22 pm | {"api":"/save-cash-closing","event":"PREVIOUS_DAY_MOVED_TO_HISTORY","empNo":"494","timestamp":"2026-07-28T11:25:22.546Z"}
28/7/2026, 4:55:22 pm | {"api":"/save-cash-closing","event":"PREVIOUS_DAY_DELETED","empNo":"494","timestamp":"2026-07-28T11:25:22.567Z"}
28/7/2026, 4:55:22 pm | {"api":"/save-cash-closing","event":"SAVE_CASH_NEW_ENTRY","empNo":"494","amount":"1200000","branch":"Vuyyuru","timestamp":"2026-07-28T11:25:22.571Z"}
28/7/2026, 4:55:22 pm | {"api":"/save-cash-closing","event":"SAVE_CASH_HISTORY_INSERTED","empNo":"494","actionType":"ADDED","version":1,"timestamp":"2026-07-28T11:25:22.588Z"}
28/7/2026, 4:55:22 pm | {"api":"/save-cash-closing","event":"SAVE_CASH_SUCCESS","type":"INSERT","empNo":"494","amount":"1200000","timestamp":"2026-07-28T11:25:22.589Z"}
28/7/2026, 4:55:25 pm | {"api":"/save-cash-closing","event":"SAVE_CASH_API_STARTED","empNo":"494","amount":"1200000","timestamp":"2026-07-28T11:25:25.611Z"}
28/7/2026, 4:55:25 pm | {"api":"/save-cash-closing","event":"SAVE_CASH_UPDATE_STARTED","empNo":"494","oldAmount":1200000,"newAmount":"1200000","currentVersion":1,"nextVersion":2,"timestamp":"2026-07-28T11:25:25.618Z"}
28/7/2026, 4:55:25 pm | {"api":"/save-cash-closing","event":"SAVE_CASH_HISTORY_UPDATED","empNo":"494","version":2,"timestamp":"2026-07-28T11:25:25.635Z"}
28/7/2026, 4:55:25 pm | {"api":"/save-cash-closing","event":"SAVE_CASH_SUCCESS","type":"UPDATE","empNo":"494","amount":"1200000","version":2,"timestamp":"2026-07-28T11:25:25.636Z"}
28/7/2026, 5:17:42 pm | {"api":"/login","event":"LOGIN_API_STARTED","mpin":"2468","deviceId":"b56ab923474b0709","timestamp":"2026-07-28T11:47:42.009Z"}
28/7/2026, 5:17:42 pm | {"event":"LOGIN_REQUEST","mpin":"2468","deviceId":"b56ab923474b0709","timestamp":"2026-07-28T11:47:42.010Z"}
28/7/2026, 5:17:42 pm | {"api":"/login","event":"LOGIN_DB_QUERY_STARTED","mpin":"2468","timestamp":"2026-07-28T11:47:42.011Z"}
28/7/2026, 5:17:42 pm | {"api":"/login","event":"LOGIN_USER_FOUND","empNo":"599","branch":"Bhimavaram","designation":"Branch Manager","timestamp":"2026-07-28T11:47:42.022Z"}
28/7/2026, 5:17:42 pm | {"api":"/login","event":"LOGIN_DEVICE_CHECK","empNo":"599","savedDevice":"b56ab923474b0709","currentDevice":"b56ab923474b0709","timestamp":"2026-07-28T11:47:42.022Z"}
28/7/2026, 5:17:42 pm | {"api":"/login","event":"LOGIN_SUCCESS","empNo":"599","branch":"Bhimavaram","designation":"Branch Manager","loginTime":"2026-07-28T11:47:42.029Z"}
28/7/2026, 5:17:42 pm | {"api":"/employee/:empNo","event":"EMPLOYEE_API_STARTED","empNo":"599","timestamp":"2026-07-28T11:47:42.212Z"}
28/7/2026, 5:17:42 pm | {"api":"/employee/:empNo","event":"EMPLOYEE_DB_QUERY_STARTED","empNo":"599","timestamp":"2026-07-28T11:47:42.213Z"}
28/7/2026, 5:17:42 pm | {"api":"/employee/:empNo","event":"EMPLOYEE_FETCH_SUCCESS","empNo":"599","employeeName":"K Avinash","branch":"Bhimavaram","designation":"Branch Manager","timestamp":"2026-07-28T11:47:42.217Z"}
28/7/2026, 5:17:42 pm | {"api":"/last-submission/:empNo","event":"LAST_SUBMISSION_API_STARTED","empNo":"599","timestamp":"2026-07-28T11:47:42.284Z"}
28/7/2026, 5:17:42 pm | {"api":"/last-submission/:empNo","event":"LAST_SUBMISSION_DB_QUERY_STARTED","empNo":"599","timestamp":"2026-07-28T11:47:42.285Z"}
28/7/2026, 5:17:42 pm | {"api":"/last-submission/:empNo","event":"LAST_SUBMISSION_FETCH_SUCCESS","empNo":"599","amount":1200000,"actionAt":"2026-07-27 17:36:03","timestamp":"2026-07-28T11:47:42.290Z"}
28/7/2026, 5:17:42 pm | {"api":"/today-cash/:empNo","event":"TODAY_CASH_API_STARTED","empNo":"599","timestamp":"2026-07-28T11:47:42.414Z"}
28/7/2026, 5:17:42 pm | {"api":"/today-cash/:empNo","event":"TODAY_CASH_DB_QUERY_STARTED","empNo":"599","timestamp":"2026-07-28T11:47:42.416Z"}
28/7/2026, 5:17:42 pm | {"api":"/today-cash/:empNo","event":"TODAY_CASH_NOT_FOUND","empNo":"599","timestamp":"2026-07-28T11:47:42.420Z"}
28/7/2026, 5:17:53 pm | {"api":"/save-cash-closing","event":"SAVE_CASH_API_STARTED","empNo":"599","amount":"500000","timestamp":"2026-07-28T11:47:53.138Z"}
28/7/2026, 5:17:53 pm | {"api":"/save-cash-closing","event":"PREVIOUS_DAY_RECORD_FOUND","empNo":"599","oldDate":"2026-07-27T00:00:00.000Z","amount":1200000,"timestamp":"2026-07-28T11:47:53.145Z"}
28/7/2026, 5:17:53 pm | {"api":"/save-cash-closing","event":"PREVIOUS_DAY_MOVED_TO_HISTORY","empNo":"599","timestamp":"2026-07-28T11:47:53.153Z"}
28/7/2026, 5:17:53 pm | {"api":"/save-cash-closing","event":"PREVIOUS_DAY_DELETED","empNo":"599","timestamp":"2026-07-28T11:47:53.160Z"}
28/7/2026, 5:17:53 pm | {"api":"/save-cash-closing","event":"SAVE_CASH_NEW_ENTRY","empNo":"599","amount":"500000","branch":"Bhimavaram","timestamp":"2026-07-28T11:47:53.162Z"}
28/7/2026, 5:17:53 pm | {"api":"/save-cash-closing","event":"SAVE_CASH_HISTORY_INSERTED","empNo":"599","actionType":"ADDED","version":1,"timestamp":"2026-07-28T11:47:53.174Z"}
28/7/2026, 5:17:53 pm | {"api":"/save-cash-closing","event":"SAVE_CASH_SUCCESS","type":"INSERT","empNo":"599","amount":"500000","timestamp":"2026-07-28T11:47:53.175Z"}
28/7/2026, 5:28:02 pm | {"api":"/login","event":"LOGIN_API_STARTED","mpin":"9940","deviceId":"20b605890aa7c513","timestamp":"2026-07-28T11:58:02.599Z"}
28/7/2026, 5:28:02 pm | {"event":"LOGIN_REQUEST","mpin":"9940","deviceId":"20b605890aa7c513","timestamp":"2026-07-28T11:58:02.599Z"}
28/7/2026, 5:28:02 pm | {"api":"/login","event":"LOGIN_DB_QUERY_STARTED","mpin":"9940","timestamp":"2026-07-28T11:58:02.600Z"}
28/7/2026, 5:28:02 pm | {"api":"/login","event":"LOGIN_USER_FOUND","empNo":"994","branch":"Chilakaluripet","designation":"Branch Manager","timestamp":"2026-07-28T11:58:02.612Z"}
28/7/2026, 5:28:02 pm | {"api":"/login","event":"LOGIN_DEVICE_CHECK","empNo":"994","savedDevice":"20b605890aa7c513","currentDevice":"20b605890aa7c513","timestamp":"2026-07-28T11:58:02.613Z"}
28/7/2026, 5:28:02 pm | {"api":"/login","event":"LOGIN_SUCCESS","empNo":"994","branch":"Chilakaluripet","designation":"Branch Manager","loginTime":"2026-07-28T11:58:02.619Z"}
28/7/2026, 5:28:02 pm | {"api":"/employee/:empNo","event":"EMPLOYEE_API_STARTED","empNo":"994","timestamp":"2026-07-28T11:58:02.738Z"}
28/7/2026, 5:28:02 pm | {"api":"/employee/:empNo","event":"EMPLOYEE_DB_QUERY_STARTED","empNo":"994","timestamp":"2026-07-28T11:58:02.738Z"}
28/7/2026, 5:28:02 pm | {"api":"/employee/:empNo","event":"EMPLOYEE_FETCH_SUCCESS","empNo":"994","employeeName":"Thota Pavan Kumar","branch":"Chilakaluripet","designation":"Branch Manager","timestamp":"2026-07-28T11:58:02.742Z"}
28/7/2026, 5:28:02 pm | {"api":"/last-submission/:empNo","event":"LAST_SUBMISSION_API_STARTED","empNo":"994","timestamp":"2026-07-28T11:58:02.806Z"}
28/7/2026, 5:28:02 pm | {"api":"/last-submission/:empNo","event":"LAST_SUBMISSION_DB_QUERY_STARTED","empNo":"994","timestamp":"2026-07-28T11:58:02.807Z"}
28/7/2026, 5:28:02 pm | {"api":"/last-submission/:empNo","event":"LAST_SUBMISSION_FETCH_SUCCESS","empNo":"994","amount":650630,"actionAt":"2026-07-27 17:36:50","timestamp":"2026-07-28T11:58:02.812Z"}
28/7/2026, 5:28:02 pm | {"api":"/today-cash/:empNo","event":"TODAY_CASH_API_STARTED","empNo":"994","timestamp":"2026-07-28T11:58:02.920Z"}
28/7/2026, 5:28:02 pm | {"api":"/today-cash/:empNo","event":"TODAY_CASH_DB_QUERY_STARTED","empNo":"994","timestamp":"2026-07-28T11:58:02.921Z"}
28/7/2026, 5:28:02 pm | {"api":"/today-cash/:empNo","event":"TODAY_CASH_NOT_FOUND","empNo":"994","timestamp":"2026-07-28T11:58:02.926Z"}
28/7/2026, 5:28:25 pm | {"api":"/save-cash-closing","event":"SAVE_CASH_API_STARTED","empNo":"994","amount":"835000","timestamp":"2026-07-28T11:58:25.327Z"}
28/7/2026, 5:28:25 pm | {"api":"/save-cash-closing","event":"PREVIOUS_DAY_RECORD_FOUND","empNo":"994","oldDate":"2026-07-27T00:00:00.000Z","amount":650630,"timestamp":"2026-07-28T11:58:25.333Z"}
28/7/2026, 5:28:25 pm | {"api":"/save-cash-closing","event":"PREVIOUS_DAY_MOVED_TO_HISTORY","empNo":"994","timestamp":"2026-07-28T11:58:25.342Z"}
28/7/2026, 5:28:25 pm | {"api":"/save-cash-closing","event":"PREVIOUS_DAY_DELETED","empNo":"994","timestamp":"2026-07-28T11:58:25.349Z"}
28/7/2026, 5:28:25 pm | {"api":"/save-cash-closing","event":"SAVE_CASH_NEW_ENTRY","empNo":"994","amount":"835000","branch":"Chilakaluripet","timestamp":"2026-07-28T11:58:25.351Z"}
28/7/2026, 5:28:25 pm | {"api":"/save-cash-closing","event":"SAVE_CASH_HISTORY_INSERTED","empNo":"994","actionType":"ADDED","version":1,"timestamp":"2026-07-28T11:58:25.364Z"}
28/7/2026, 5:28:25 pm | {"api":"/save-cash-closing","event":"SAVE_CASH_SUCCESS","type":"INSERT","empNo":"994","amount":"835000","timestamp":"2026-07-28T11:58:25.364Z"}
28/7/2026, 5:28:39 pm | {"api":"/login","event":"LOGIN_API_STARTED","mpin":"2700","deviceId":"3169622446f20520","timestamp":"2026-07-28T11:58:39.204Z"}
28/7/2026, 5:28:39 pm | {"event":"LOGIN_REQUEST","mpin":"2700","deviceId":"3169622446f20520","timestamp":"2026-07-28T11:58:39.205Z"}
28/7/2026, 5:28:39 pm | {"api":"/login","event":"LOGIN_DB_QUERY_STARTED","mpin":"2700","timestamp":"2026-07-28T11:58:39.206Z"}
28/7/2026, 5:28:39 pm | {"api":"/login","event":"LOGIN_USER_FOUND","empNo":"270","branch":"Tenali","designation":"Branch Manager","timestamp":"2026-07-28T11:58:39.212Z"}
28/7/2026, 5:28:39 pm | {"api":"/login","event":"LOGIN_DEVICE_CHECK","empNo":"270","savedDevice":"3169622446f20520","currentDevice":"3169622446f20520","timestamp":"2026-07-28T11:58:39.213Z"}
28/7/2026, 5:28:39 pm | {"api":"/login","event":"LOGIN_SUCCESS","empNo":"270","branch":"Tenali","designation":"Branch Manager","loginTime":"2026-07-28T11:58:39.220Z"}
28/7/2026, 5:28:39 pm | {"api":"/employee/:empNo","event":"EMPLOYEE_API_STARTED","empNo":"270","timestamp":"2026-07-28T11:58:39.461Z"}
28/7/2026, 5:28:39 pm | {"api":"/employee/:empNo","event":"EMPLOYEE_DB_QUERY_STARTED","empNo":"270","timestamp":"2026-07-28T11:58:39.462Z"}
28/7/2026, 5:28:39 pm | {"api":"/employee/:empNo","event":"EMPLOYEE_FETCH_SUCCESS","empNo":"270","employeeName":"Ch. Naga Raju","branch":"Tenali","designation":"Branch Manager","timestamp":"2026-07-28T11:58:39.466Z"}
28/7/2026, 5:28:39 pm | {"api":"/last-submission/:empNo","event":"LAST_SUBMISSION_API_STARTED","empNo":"270","timestamp":"2026-07-28T11:58:39.552Z"}
28/7/2026, 5:28:39 pm | {"api":"/last-submission/:empNo","event":"LAST_SUBMISSION_DB_QUERY_STARTED","empNo":"270","timestamp":"2026-07-28T11:58:39.553Z"}
28/7/2026, 5:28:39 pm | {"api":"/last-submission/:empNo","event":"LAST_SUBMISSION_FETCH_SUCCESS","empNo":"270","amount":870000,"actionAt":"2026-07-27 17:40:43","timestamp":"2026-07-28T11:58:39.559Z"}
28/7/2026, 5:28:39 pm | {"api":"/today-cash/:empNo","event":"TODAY_CASH_API_STARTED","empNo":"270","timestamp":"2026-07-28T11:58:39.661Z"}
28/7/2026, 5:28:39 pm | {"api":"/today-cash/:empNo","event":"TODAY_CASH_DB_QUERY_STARTED","empNo":"270","timestamp":"2026-07-28T11:58:39.662Z"}
28/7/2026, 5:28:39 pm | {"api":"/today-cash/:empNo","event":"TODAY_CASH_NOT_FOUND","empNo":"270","timestamp":"2026-07-28T11:58:39.667Z"}
28/7/2026, 5:29:23 pm | {"api":"/save-cash-closing","event":"SAVE_CASH_API_STARTED","empNo":"270","amount":"1600000","timestamp":"2026-07-28T11:59:23.930Z"}
28/7/2026, 5:29:23 pm | {"api":"/save-cash-closing","event":"PREVIOUS_DAY_RECORD_FOUND","empNo":"270","oldDate":"2026-07-27T00:00:00.000Z","amount":870000,"timestamp":"2026-07-28T11:59:23.943Z"}
28/7/2026, 5:29:23 pm | {"api":"/save-cash-closing","event":"PREVIOUS_DAY_MOVED_TO_HISTORY","empNo":"270","timestamp":"2026-07-28T11:59:23.950Z"}
28/7/2026, 5:29:23 pm | {"api":"/save-cash-closing","event":"PREVIOUS_DAY_DELETED","empNo":"270","timestamp":"2026-07-28T11:59:23.956Z"}
28/7/2026, 5:29:23 pm | {"api":"/save-cash-closing","event":"SAVE_CASH_NEW_ENTRY","empNo":"270","amount":"1600000","branch":"Tenali","timestamp":"2026-07-28T11:59:23.959Z"}
28/7/2026, 5:29:23 pm | {"api":"/save-cash-closing","event":"SAVE_CASH_HISTORY_INSERTED","empNo":"270","actionType":"ADDED","version":1,"timestamp":"2026-07-28T11:59:23.972Z"}
28/7/2026, 5:29:23 pm | {"api":"/save-cash-closing","event":"SAVE_CASH_SUCCESS","type":"INSERT","empNo":"270","amount":"1600000","timestamp":"2026-07-28T11:59:23.973Z"}
28/7/2026, 5:29:29 pm | {"api":"/save-cash-closing","event":"SAVE_CASH_API_STARTED","empNo":"270","amount":"1600000","timestamp":"2026-07-28T11:59:29.000Z"}
28/7/2026, 5:29:29 pm | {"api":"/save-cash-closing","event":"SAVE_CASH_UPDATE_STARTED","empNo":"270","oldAmount":1600000,"newAmount":"1600000","currentVersion":1,"nextVersion":2,"timestamp":"2026-07-28T11:59:29.009Z"}
28/7/2026, 5:29:29 pm | {"api":"/save-cash-closing","event":"SAVE_CASH_HISTORY_UPDATED","empNo":"270","version":2,"timestamp":"2026-07-28T11:59:29.024Z"}
28/7/2026, 5:29:29 pm | {"api":"/save-cash-closing","event":"SAVE_CASH_SUCCESS","type":"UPDATE","empNo":"270","amount":"1600000","version":2,"timestamp":"2026-07-28T11:59:29.025Z"}
28/7/2026, 5:29:36 pm | {"api":"/login","event":"LOGIN_API_STARTED","mpin":"1977","deviceId":"e7e9d11886e60564","timestamp":"2026-07-28T11:59:36.482Z"}
28/7/2026, 5:29:36 pm | {"event":"LOGIN_REQUEST","mpin":"1977","deviceId":"e7e9d11886e60564","timestamp":"2026-07-28T11:59:36.483Z"}
28/7/2026, 5:29:36 pm | {"api":"/login","event":"LOGIN_DB_QUERY_STARTED","mpin":"1977","timestamp":"2026-07-28T11:59:36.484Z"}
28/7/2026, 5:29:36 pm | {"api":"/login","event":"LOGIN_USER_FOUND","empNo":"413","branch":"One Town","designation":"Branch Manager","timestamp":"2026-07-28T11:59:36.496Z"}
28/7/2026, 5:29:36 pm | {"api":"/login","event":"LOGIN_DEVICE_CHECK","empNo":"413","savedDevice":"e7e9d11886e60564","currentDevice":"e7e9d11886e60564","timestamp":"2026-07-28T11:59:36.496Z"}
28/7/2026, 5:29:36 pm | {"api":"/login","event":"LOGIN_SUCCESS","empNo":"413","branch":"One Town","designation":"Branch Manager","loginTime":"2026-07-28T11:59:36.504Z"}
28/7/2026, 5:29:36 pm | {"api":"/employee/:empNo","event":"EMPLOYEE_API_STARTED","empNo":"413","timestamp":"2026-07-28T11:59:36.758Z"}
28/7/2026, 5:29:36 pm | {"api":"/employee/:empNo","event":"EMPLOYEE_DB_QUERY_STARTED","empNo":"413","timestamp":"2026-07-28T11:59:36.759Z"}
28/7/2026, 5:29:36 pm | {"api":"/employee/:empNo","event":"EMPLOYEE_FETCH_SUCCESS","empNo":"413","employeeName":"A.N.V.Krishna Prasad","branch":"One Town","designation":"Branch Manager","timestamp":"2026-07-28T11:59:36.764Z"}
28/7/2026, 5:29:36 pm | {"api":"/last-submission/:empNo","event":"LAST_SUBMISSION_API_STARTED","empNo":"413","timestamp":"2026-07-28T11:59:36.815Z"}
28/7/2026, 5:29:36 pm | {"api":"/last-submission/:empNo","event":"LAST_SUBMISSION_DB_QUERY_STARTED","empNo":"413","timestamp":"2026-07-28T11:59:36.816Z"}
28/7/2026, 5:29:36 pm | {"api":"/last-submission/:empNo","event":"LAST_SUBMISSION_FETCH_SUCCESS","empNo":"413","amount":1320000,"actionAt":"2026-07-27 17:43:47","timestamp":"2026-07-28T11:59:36.820Z"}
28/7/2026, 5:29:36 pm | {"api":"/today-cash/:empNo","event":"TODAY_CASH_API_STARTED","empNo":"413","timestamp":"2026-07-28T11:59:36.992Z"}
28/7/2026, 5:29:36 pm | {"api":"/today-cash/:empNo","event":"TODAY_CASH_DB_QUERY_STARTED","empNo":"413","timestamp":"2026-07-28T11:59:36.993Z"}
28/7/2026, 5:29:36 pm | {"api":"/today-cash/:empNo","event":"TODAY_CASH_NOT_FOUND","empNo":"413","timestamp":"2026-07-28T11:59:36.998Z"}
28/7/2026, 5:29:46 pm | {"api":"/save-cash-closing","event":"SAVE_CASH_API_STARTED","empNo":"270","amount":"1600000","timestamp":"2026-07-28T11:59:46.295Z"}
28/7/2026, 5:29:46 pm | {"api":"/save-cash-closing","event":"SAVE_CASH_UPDATE_STARTED","empNo":"270","oldAmount":1600000,"newAmount":"1600000","currentVersion":2,"nextVersion":3,"timestamp":"2026-07-28T11:59:46.302Z"}
28/7/2026, 5:29:46 pm | {"api":"/save-cash-closing","event":"SAVE_CASH_HISTORY_UPDATED","empNo":"270","version":3,"timestamp":"2026-07-28T11:59:46.316Z"}
28/7/2026, 5:29:46 pm | {"api":"/save-cash-closing","event":"SAVE_CASH_SUCCESS","type":"UPDATE","empNo":"270","amount":"1600000","version":3,"timestamp":"2026-07-28T11:59:46.317Z"}
28/7/2026, 5:29:53 pm | {"api":"/save-cash-closing","event":"SAVE_CASH_API_STARTED","empNo":"413","amount":"1375000","timestamp":"2026-07-28T11:59:53.088Z"}
28/7/2026, 5:29:53 pm | {"api":"/save-cash-closing","event":"PREVIOUS_DAY_RECORD_FOUND","empNo":"413","oldDate":"2026-07-27T00:00:00.000Z","amount":1320000,"timestamp":"2026-07-28T11:59:53.100Z"}
28/7/2026, 5:29:53 pm | {"api":"/save-cash-closing","event":"PREVIOUS_DAY_MOVED_TO_HISTORY","empNo":"413","timestamp":"2026-07-28T11:59:53.107Z"}
28/7/2026, 5:29:53 pm | {"api":"/save-cash-closing","event":"PREVIOUS_DAY_DELETED","empNo":"413","timestamp":"2026-07-28T11:59:53.114Z"}
28/7/2026, 5:29:53 pm | {"api":"/save-cash-closing","event":"SAVE_CASH_NEW_ENTRY","empNo":"413","amount":"1375000","branch":"One Town","timestamp":"2026-07-28T11:59:53.117Z"}
28/7/2026, 5:29:53 pm | {"api":"/save-cash-closing","event":"SAVE_CASH_HISTORY_INSERTED","empNo":"413","actionType":"ADDED","version":1,"timestamp":"2026-07-28T11:59:53.130Z"}
28/7/2026, 5:29:53 pm | {"api":"/save-cash-closing","event":"SAVE_CASH_SUCCESS","type":"INSERT","empNo":"413","amount":"1375000","timestamp":"2026-07-28T11:59:53.131Z"}
28/7/2026, 5:30:01 pm | {"api":"/save-cash-closing","event":"SAVE_CASH_API_STARTED","empNo":"413","amount":"1375000","timestamp":"2026-07-28T12:00:01.668Z"}
28/7/2026, 5:30:01 pm | {"api":"/save-cash-closing","event":"SAVE_CASH_UPDATE_STARTED","empNo":"413","oldAmount":1375000,"newAmount":"1375000","currentVersion":1,"nextVersion":2,"timestamp":"2026-07-28T12:00:01.676Z"}
28/7/2026, 5:30:01 pm | {"api":"/save-cash-closing","event":"SAVE_CASH_HISTORY_UPDATED","empNo":"413","version":2,"timestamp":"2026-07-28T12:00:01.694Z"}
28/7/2026, 5:30:01 pm | {"api":"/save-cash-closing","event":"SAVE_CASH_SUCCESS","type":"UPDATE","empNo":"413","amount":"1375000","version":2,"timestamp":"2026-07-28T12:00:01.695Z"}
28/7/2026, 5:33:45 pm | {"api":"/login","event":"LOGIN_API_STARTED","mpin":"2702","deviceId":"f6a3b291f7315431","timestamp":"2026-07-28T12:03:45.506Z"}
28/7/2026, 5:33:45 pm | {"event":"LOGIN_REQUEST","mpin":"2702","deviceId":"f6a3b291f7315431","timestamp":"2026-07-28T12:03:45.507Z"}
28/7/2026, 5:33:45 pm | {"api":"/login","event":"LOGIN_DB_QUERY_STARTED","mpin":"2702","timestamp":"2026-07-28T12:03:45.508Z"}
28/7/2026, 5:33:45 pm | {"api":"/login","event":"LOGIN_USER_FOUND","empNo":"601","branch":"Tuni","designation":"Branch Manager","timestamp":"2026-07-28T12:03:45.524Z"}
28/7/2026, 5:33:45 pm | {"api":"/login","event":"LOGIN_DEVICE_CHECK","empNo":"601","savedDevice":"f6a3b291f7315431","currentDevice":"f6a3b291f7315431","timestamp":"2026-07-28T12:03:45.525Z"}
28/7/2026, 5:33:45 pm | {"api":"/login","event":"LOGIN_SUCCESS","empNo":"601","branch":"Tuni","designation":"Branch Manager","loginTime":"2026-07-28T12:03:45.532Z"}
28/7/2026, 5:33:46 pm | {"api":"/employee/:empNo","event":"EMPLOYEE_API_STARTED","empNo":"601","timestamp":"2026-07-28T12:03:46.088Z"}
28/7/2026, 5:33:46 pm | {"api":"/employee/:empNo","event":"EMPLOYEE_DB_QUERY_STARTED","empNo":"601","timestamp":"2026-07-28T12:03:46.089Z"}
28/7/2026, 5:33:46 pm | {"api":"/employee/:empNo","event":"EMPLOYEE_FETCH_SUCCESS","empNo":"601","employeeName":"G Divya Raju","branch":"Tuni","designation":"Branch Manager","timestamp":"2026-07-28T12:03:46.094Z"}
28/7/2026, 5:33:46 pm | {"api":"/last-submission/:empNo","event":"LAST_SUBMISSION_API_STARTED","empNo":"601","timestamp":"2026-07-28T12:03:46.230Z"}
28/7/2026, 5:33:46 pm | {"api":"/last-submission/:empNo","event":"LAST_SUBMISSION_DB_QUERY_STARTED","empNo":"601","timestamp":"2026-07-28T12:03:46.231Z"}
28/7/2026, 5:33:46 pm | {"api":"/last-submission/:empNo","event":"LAST_SUBMISSION_FETCH_SUCCESS","empNo":"601","amount":800000,"actionAt":"2026-07-27 17:50:58","timestamp":"2026-07-28T12:03:46.237Z"}
28/7/2026, 5:33:46 pm | {"api":"/today-cash/:empNo","event":"TODAY_CASH_API_STARTED","empNo":"601","timestamp":"2026-07-28T12:03:46.540Z"}
28/7/2026, 5:33:46 pm | {"api":"/today-cash/:empNo","event":"TODAY_CASH_DB_QUERY_STARTED","empNo":"601","timestamp":"2026-07-28T12:03:46.541Z"}
28/7/2026, 5:33:46 pm | {"api":"/today-cash/:empNo","event":"TODAY_CASH_NOT_FOUND","empNo":"601","timestamp":"2026-07-28T12:03:46.546Z"}
28/7/2026, 5:33:55 pm | {"api":"/save-cash-closing","event":"SAVE_CASH_API_STARTED","empNo":"601","amount":"400000","timestamp":"2026-07-28T12:03:55.423Z"}
28/7/2026, 5:33:55 pm | {"api":"/save-cash-closing","event":"PREVIOUS_DAY_RECORD_FOUND","empNo":"601","oldDate":"2026-07-27T00:00:00.000Z","amount":800000,"timestamp":"2026-07-28T12:03:55.429Z"}
28/7/2026, 5:33:55 pm | {"api":"/save-cash-closing","event":"PREVIOUS_DAY_MOVED_TO_HISTORY","empNo":"601","timestamp":"2026-07-28T12:03:55.437Z"}
28/7/2026, 5:33:55 pm | {"api":"/save-cash-closing","event":"PREVIOUS_DAY_DELETED","empNo":"601","timestamp":"2026-07-28T12:03:55.443Z"}
28/7/2026, 5:33:55 pm | {"api":"/save-cash-closing","event":"SAVE_CASH_NEW_ENTRY","empNo":"601","amount":"400000","branch":"Tuni","timestamp":"2026-07-28T12:03:55.445Z"}
28/7/2026, 5:33:55 pm | {"api":"/save-cash-closing","event":"SAVE_CASH_HISTORY_INSERTED","empNo":"601","actionType":"ADDED","version":1,"timestamp":"2026-07-28T12:03:55.459Z"}
28/7/2026, 5:33:55 pm | {"api":"/save-cash-closing","event":"SAVE_CASH_SUCCESS","type":"INSERT","empNo":"601","amount":"400000","timestamp":"2026-07-28T12:03:55.460Z"}
28/7/2026, 5:33:58 pm | {"api":"/save-cash-closing","event":"SAVE_CASH_API_STARTED","empNo":"601","amount":"400000","timestamp":"2026-07-28T12:03:58.237Z"}
28/7/2026, 5:33:58 pm | {"api":"/save-cash-closing","event":"SAVE_CASH_UPDATE_STARTED","empNo":"601","oldAmount":400000,"newAmount":"400000","currentVersion":1,"nextVersion":2,"timestamp":"2026-07-28T12:03:58.244Z"}
28/7/2026, 5:33:58 pm | {"api":"/save-cash-closing","event":"SAVE_CASH_HISTORY_UPDATED","empNo":"601","version":2,"timestamp":"2026-07-28T12:03:58.260Z"}
28/7/2026, 5:33:58 pm | {"api":"/save-cash-closing","event":"SAVE_CASH_SUCCESS","type":"UPDATE","empNo":"601","amount":"400000","version":2,"timestamp":"2026-07-28T12:03:58.261Z"}
28/7/2026, 5:35:24 pm | {"api":"/api/cash-closing-dashboard","event":"CASH_CLOSING_DASHBOARD_API_STARTED","filters":{"cluster":"","branch":"","fromDate":"","toDate":"","status":""},"timestamp":"2026-07-28T12:05:24.357Z"}
28/7/2026, 5:35:24 pm | {"api":"/api/cash-closing-dashboard","event":"CASH_CLOSING_DASHBOARD_DB_CONNECTED","timestamp":"2026-07-28T12:05:24.358Z"}
28/7/2026, 5:35:24 pm | {"api":"/api/cash-closing-dashboard","event":"CASH_CLOSING_DASHBOARD_QUERY_STARTED","filters":{"cluster":"","branch":"","fromDate":"","toDate":"","status":""},"timestamp":"2026-07-28T12:05:24.359Z"}
28/7/2026, 5:35:24 pm | {"api":"/api/cash-closing-dashboard","event":"CASH_CLOSING_DASHBOARD_DATA_FETCHED","totalRecords":56,"timestamp":"2026-07-28T12:05:24.377Z"}
28/7/2026, 5:35:24 pm | {"api":"/api/cash-closing-dashboard","event":"CASH_CLOSING_CLUSTER_FETCHED","totalClusters":4,"timestamp":"2026-07-28T12:05:24.382Z"}
28/7/2026, 5:35:24 pm | {"api":"/api/cash-closing-dashboard","event":"CASH_CLOSING_BRANCH_FETCHED","totalBranches":56,"timestamp":"2026-07-28T12:05:24.387Z"}
28/7/2026, 5:35:24 pm | {"api":"/api/cash-closing-dashboard","event":"CASH_CLOSING_DASHBOARD_SUCCESS","totalRecords":56,"filters":{"cluster":"","branch":"","fromDate":"","toDate":"","status":""},"timestamp":"2026-07-28T12:05:24.388Z"}
28/7/2026, 5:35:26 pm | {"api":"/api/cash-closing-dashboard","event":"CASH_CLOSING_DASHBOARD_API_STARTED","filters":{"cluster":"","branch":"","fromDate":"","toDate":"","status":""},"timestamp":"2026-07-28T12:05:26.840Z"}
28/7/2026, 5:35:26 pm | {"api":"/api/cash-closing-dashboard","event":"CASH_CLOSING_DASHBOARD_DB_CONNECTED","timestamp":"2026-07-28T12:05:26.841Z"}
28/7/2026, 5:35:26 pm | {"api":"/api/cash-closing-dashboard","event":"CASH_CLOSING_DASHBOARD_QUERY_STARTED","filters":{"cluster":"","branch":"","fromDate":"","toDate":"","status":""},"timestamp":"2026-07-28T12:05:26.841Z"}
28/7/2026, 5:35:26 pm | {"api":"/api/cash-closing-dashboard","event":"CASH_CLOSING_DASHBOARD_DATA_FETCHED","totalRecords":56,"timestamp":"2026-07-28T12:05:26.847Z"}
28/7/2026, 5:35:26 pm | {"api":"/api/cash-closing-dashboard","event":"CASH_CLOSING_CLUSTER_FETCHED","totalClusters":4,"timestamp":"2026-07-28T12:05:26.850Z"}
28/7/2026, 5:35:26 pm | {"api":"/api/cash-closing-dashboard","event":"CASH_CLOSING_BRANCH_FETCHED","totalBranches":56,"timestamp":"2026-07-28T12:05:26.853Z"}
28/7/2026, 5:35:26 pm | {"api":"/api/cash-closing-dashboard","event":"CASH_CLOSING_DASHBOARD_SUCCESS","totalRecords":56,"filters":{"cluster":"","branch":"","fromDate":"","toDate":"","status":""},"timestamp":"2026-07-28T12:05:26.854Z"}
28/7/2026, 5:35:27 pm | {"api":"/api/cash-closing-dashboard","event":"CASH_CLOSING_DASHBOARD_API_STARTED","filters":{"cluster":"","branch":"","fromDate":"","toDate":"","status":""},"timestamp":"2026-07-28T12:05:27.038Z"}
28/7/2026, 5:35:27 pm | {"api":"/api/cash-closing-dashboard","event":"CASH_CLOSING_DASHBOARD_DB_CONNECTED","timestamp":"2026-07-28T12:05:27.039Z"}
28/7/2026, 5:35:27 pm | {"api":"/api/cash-closing-dashboard","event":"CASH_CLOSING_DASHBOARD_QUERY_STARTED","filters":{"cluster":"","branch":"","fromDate":"","toDate":"","status":""},"timestamp":"2026-07-28T12:05:27.040Z"}
28/7/2026, 5:35:27 pm | {"api":"/api/cash-closing-dashboard","event":"CASH_CLOSING_DASHBOARD_DATA_FETCHED","totalRecords":56,"timestamp":"2026-07-28T12:05:27.046Z"}
28/7/2026, 5:35:27 pm | {"api":"/api/cash-closing-dashboard","event":"CASH_CLOSING_CLUSTER_FETCHED","totalClusters":4,"timestamp":"2026-07-28T12:05:27.049Z"}
28/7/2026, 5:35:27 pm | {"api":"/api/cash-closing-dashboard","event":"CASH_CLOSING_BRANCH_FETCHED","totalBranches":56,"timestamp":"2026-07-28T12:05:27.052Z"}
28/7/2026, 5:35:27 pm | {"api":"/api/cash-closing-dashboard","event":"CASH_CLOSING_DASHBOARD_SUCCESS","totalRecords":56,"filters":{"cluster":"","branch":"","fromDate":"","toDate":"","status":""},"timestamp":"2026-07-28T12:05:27.053Z"}
28/7/2026, 5:36:22 pm | {"api":"/login","event":"LOGIN_API_STARTED","mpin":"0051","deviceId":"59eb5065f5269964","timestamp":"2026-07-28T12:06:22.604Z"}
28/7/2026, 5:36:22 pm | {"event":"LOGIN_REQUEST","mpin":"0051","deviceId":"59eb5065f5269964","timestamp":"2026-07-28T12:06:22.605Z"}
28/7/2026, 5:36:22 pm | {"api":"/login","event":"LOGIN_DB_QUERY_STARTED","mpin":"0051","timestamp":"2026-07-28T12:06:22.606Z"}
28/7/2026, 5:36:22 pm | {"api":"/login","event":"LOGIN_USER_FOUND","empNo":"732","branch":"Machilipatnam","designation":"Branch Manager","timestamp":"2026-07-28T12:06:22.622Z"}
28/7/2026, 5:36:22 pm | {"api":"/login","event":"LOGIN_DEVICE_CHECK","empNo":"732","savedDevice":"59eb5065f5269964","currentDevice":"59eb5065f5269964","timestamp":"2026-07-28T12:06:22.623Z"}
28/7/2026, 5:36:22 pm | {"api":"/login","event":"LOGIN_SUCCESS","empNo":"732","branch":"Machilipatnam","designation":"Branch Manager","loginTime":"2026-07-28T12:06:22.630Z"}
28/7/2026, 5:36:22 pm | {"api":"/employee/:empNo","event":"EMPLOYEE_API_STARTED","empNo":"732","timestamp":"2026-07-28T12:06:22.828Z"}
28/7/2026, 5:36:22 pm | {"api":"/employee/:empNo","event":"EMPLOYEE_DB_QUERY_STARTED","empNo":"732","timestamp":"2026-07-28T12:06:22.829Z"}
28/7/2026, 5:36:22 pm | {"api":"/employee/:empNo","event":"EMPLOYEE_FETCH_SUCCESS","empNo":"732","employeeName":"T V Harihara Reddy","branch":"Machilipatnam","designation":"Branch Manager","timestamp":"2026-07-28T12:06:22.833Z"}
28/7/2026, 5:36:22 pm | {"api":"/last-submission/:empNo","event":"LAST_SUBMISSION_API_STARTED","empNo":"732","timestamp":"2026-07-28T12:06:22.912Z"}
28/7/2026, 5:36:22 pm | {"api":"/last-submission/:empNo","event":"LAST_SUBMISSION_DB_QUERY_STARTED","empNo":"732","timestamp":"2026-07-28T12:06:22.912Z"}
28/7/2026, 5:36:22 pm | {"api":"/last-submission/:empNo","event":"LAST_SUBMISSION_FETCH_SUCCESS","empNo":"732","amount":432000,"actionAt":"2026-07-27 17:37:39","timestamp":"2026-07-28T12:06:22.917Z"}
28/7/2026, 5:36:23 pm | {"api":"/today-cash/:empNo","event":"TODAY_CASH_API_STARTED","empNo":"732","timestamp":"2026-07-28T12:06:23.133Z"}
28/7/2026, 5:36:23 pm | {"api":"/today-cash/:empNo","event":"TODAY_CASH_DB_QUERY_STARTED","empNo":"732","timestamp":"2026-07-28T12:06:23.134Z"}
28/7/2026, 5:36:23 pm | {"api":"/today-cash/:empNo","event":"TODAY_CASH_NOT_FOUND","empNo":"732","timestamp":"2026-07-28T12:06:23.139Z"}
28/7/2026, 5:36:32 pm | {"api":"/save-cash-closing","event":"SAVE_CASH_API_STARTED","empNo":"732","amount":"433000","timestamp":"2026-07-28T12:06:32.872Z"}
28/7/2026, 5:36:32 pm | {"api":"/save-cash-closing","event":"PREVIOUS_DAY_RECORD_FOUND","empNo":"732","oldDate":"2026-07-27T00:00:00.000Z","amount":432000,"timestamp":"2026-07-28T12:06:32.879Z"}
28/7/2026, 5:36:32 pm | {"api":"/save-cash-closing","event":"PREVIOUS_DAY_MOVED_TO_HISTORY","empNo":"732","timestamp":"2026-07-28T12:06:32.909Z"}
28/7/2026, 5:36:32 pm | {"api":"/save-cash-closing","event":"PREVIOUS_DAY_DELETED","empNo":"732","timestamp":"2026-07-28T12:06:32.916Z"}
28/7/2026, 5:36:32 pm | {"api":"/save-cash-closing","event":"SAVE_CASH_NEW_ENTRY","empNo":"732","amount":"433000","branch":"Machilipatnam","timestamp":"2026-07-28T12:06:32.919Z"}
28/7/2026, 5:36:32 pm | {"api":"/save-cash-closing","event":"SAVE_CASH_HISTORY_INSERTED","empNo":"732","actionType":"ADDED","version":1,"timestamp":"2026-07-28T12:06:32.930Z"}
28/7/2026, 5:36:32 pm | {"api":"/save-cash-closing","event":"SAVE_CASH_SUCCESS","type":"INSERT","empNo":"732","amount":"433000","timestamp":"2026-07-28T12:06:32.931Z"}
28/7/2026, 5:36:35 pm | {"api":"/save-cash-closing","event":"SAVE_CASH_API_STARTED","empNo":"732","amount":"433000","timestamp":"2026-07-28T12:06:35.706Z"}
28/7/2026, 5:36:35 pm | {"api":"/save-cash-closing","event":"SAVE_CASH_UPDATE_STARTED","empNo":"732","oldAmount":433000,"newAmount":"433000","currentVersion":1,"nextVersion":2,"timestamp":"2026-07-28T12:06:35.714Z"}
28/7/2026, 5:36:35 pm | {"api":"/save-cash-closing","event":"SAVE_CASH_HISTORY_UPDATED","empNo":"732","version":2,"timestamp":"2026-07-28T12:06:35.726Z"}
28/7/2026, 5:36:35 pm | {"api":"/save-cash-closing","event":"SAVE_CASH_SUCCESS","type":"UPDATE","empNo":"732","amount":"433000","version":2,"timestamp":"2026-07-28T12:06:35.727Z"}
28/7/2026, 5:37:34 pm | {"api":"/login","event":"LOGIN_API_STARTED","mpin":"6198","deviceId":"98383a37d59d3519","timestamp":"2026-07-28T12:07:34.159Z"}
28/7/2026, 5:37:34 pm | {"event":"LOGIN_REQUEST","mpin":"6198","deviceId":"98383a37d59d3519","timestamp":"2026-07-28T12:07:34.162Z"}
28/7/2026, 5:37:34 pm | {"api":"/login","event":"LOGIN_DB_QUERY_STARTED","mpin":"6198","timestamp":"2026-07-28T12:07:34.163Z"}
28/7/2026, 5:37:34 pm | {"api":"/login","event":"LOGIN_USER_FOUND","empNo":"485","branch":"Gampalagudem","designation":"Branch Manager","timestamp":"2026-07-28T12:07:34.177Z"}
28/7/2026, 5:37:34 pm | {"api":"/login","event":"LOGIN_DEVICE_CHECK","empNo":"485","savedDevice":"98383a37d59d3519","currentDevice":"98383a37d59d3519","timestamp":"2026-07-28T12:07:34.178Z"}
28/7/2026, 5:37:34 pm | {"api":"/login","event":"LOGIN_SUCCESS","empNo":"485","branch":"Gampalagudem","designation":"Branch Manager","loginTime":"2026-07-28T12:07:34.184Z"}
28/7/2026, 5:37:34 pm | {"api":"/employee/:empNo","event":"EMPLOYEE_API_STARTED","empNo":"485","timestamp":"2026-07-28T12:07:34.346Z"}
28/7/2026, 5:37:34 pm | {"api":"/employee/:empNo","event":"EMPLOYEE_DB_QUERY_STARTED","empNo":"485","timestamp":"2026-07-28T12:07:34.347Z"}
28/7/2026, 5:37:34 pm | {"api":"/employee/:empNo","event":"EMPLOYEE_FETCH_SUCCESS","empNo":"485","employeeName":"J Narasimha Rao","branch":"Gampalagudem","designation":"Branch Manager","timestamp":"2026-07-28T12:07:34.351Z"}
28/7/2026, 5:37:34 pm | {"api":"/last-submission/:empNo","event":"LAST_SUBMISSION_API_STARTED","empNo":"485","timestamp":"2026-07-28T12:07:34.399Z"}
28/7/2026, 5:37:34 pm | {"api":"/last-submission/:empNo","event":"LAST_SUBMISSION_DB_QUERY_STARTED","empNo":"485","timestamp":"2026-07-28T12:07:34.400Z"}
28/7/2026, 5:37:34 pm | {"api":"/last-submission/:empNo","event":"LAST_SUBMISSION_FETCH_SUCCESS","empNo":"485","amount":927000,"actionAt":"2026-07-27 18:00:10","timestamp":"2026-07-28T12:07:34.406Z"}
28/7/2026, 5:37:34 pm | {"api":"/today-cash/:empNo","event":"TODAY_CASH_API_STARTED","empNo":"485","timestamp":"2026-07-28T12:07:34.517Z"}
28/7/2026, 5:37:34 pm | {"api":"/today-cash/:empNo","event":"TODAY_CASH_DB_QUERY_STARTED","empNo":"485","timestamp":"2026-07-28T12:07:34.518Z"}
28/7/2026, 5:37:34 pm | {"api":"/today-cash/:empNo","event":"TODAY_CASH_NOT_FOUND","empNo":"485","timestamp":"2026-07-28T12:07:34.523Z"}
28/7/2026, 5:37:47 pm | {"api":"/save-cash-closing","event":"SAVE_CASH_API_STARTED","empNo":"485","amount":"2266000","timestamp":"2026-07-28T12:07:47.779Z"}
28/7/2026, 5:37:47 pm | {"api":"/save-cash-closing","event":"PREVIOUS_DAY_RECORD_FOUND","empNo":"485","oldDate":"2026-07-27T00:00:00.000Z","amount":927000,"timestamp":"2026-07-28T12:07:47.785Z"}
28/7/2026, 5:37:47 pm | {"api":"/save-cash-closing","event":"PREVIOUS_DAY_MOVED_TO_HISTORY","empNo":"485","timestamp":"2026-07-28T12:07:47.792Z"}
28/7/2026, 5:37:47 pm | {"api":"/save-cash-closing","event":"PREVIOUS_DAY_DELETED","empNo":"485","timestamp":"2026-07-28T12:07:47.798Z"}
28/7/2026, 5:37:47 pm | {"api":"/save-cash-closing","event":"SAVE_CASH_NEW_ENTRY","empNo":"485","amount":"2266000","branch":"Gampalagudem","timestamp":"2026-07-28T12:07:47.801Z"}
28/7/2026, 5:37:47 pm | {"api":"/save-cash-closing","event":"SAVE_CASH_HISTORY_INSERTED","empNo":"485","actionType":"ADDED","version":1,"timestamp":"2026-07-28T12:07:47.813Z"}
28/7/2026, 5:37:47 pm | {"api":"/save-cash-closing","event":"SAVE_CASH_SUCCESS","type":"INSERT","empNo":"485","amount":"2266000","timestamp":"2026-07-28T12:07:47.813Z"}
28/7/2026, 5:37:57 pm | {"api":"/login","event":"LOGIN_API_STARTED","mpin":"1980","deviceId":"d99a65c1c671a184","timestamp":"2026-07-28T12:07:57.519Z"}
28/7/2026, 5:37:57 pm | {"event":"LOGIN_REQUEST","mpin":"1980","deviceId":"d99a65c1c671a184","timestamp":"2026-07-28T12:07:57.519Z"}
28/7/2026, 5:37:57 pm | {"api":"/login","event":"LOGIN_DB_QUERY_STARTED","mpin":"1980","timestamp":"2026-07-28T12:07:57.520Z"}
28/7/2026, 5:37:57 pm | {"api":"/login","event":"LOGIN_USER_FOUND","empNo":"544","branch":"Lingapuram","designation":"Branch Manager","timestamp":"2026-07-28T12:07:57.532Z"}
28/7/2026, 5:37:57 pm | {"api":"/login","event":"LOGIN_DEVICE_CHECK","empNo":"544","savedDevice":"d99a65c1c671a184","currentDevice":"d99a65c1c671a184","timestamp":"2026-07-28T12:07:57.533Z"}
28/7/2026, 5:37:57 pm | {"api":"/login","event":"LOGIN_SUCCESS","empNo":"544","branch":"Lingapuram","designation":"Branch Manager","loginTime":"2026-07-28T12:07:57.540Z"}
28/7/2026, 5:37:57 pm | {"api":"/employee/:empNo","event":"EMPLOYEE_API_STARTED","empNo":"544","timestamp":"2026-07-28T12:07:57.961Z"}
28/7/2026, 5:37:57 pm | {"api":"/employee/:empNo","event":"EMPLOYEE_DB_QUERY_STARTED","empNo":"544","timestamp":"2026-07-28T12:07:57.962Z"}
28/7/2026, 5:37:57 pm | {"api":"/employee/:empNo","event":"EMPLOYEE_FETCH_SUCCESS","empNo":"544","employeeName":"P Subba Rao","branch":"Lingapuram","designation":"Branch Manager","timestamp":"2026-07-28T12:07:57.966Z"}
28/7/2026, 5:37:58 pm | {"api":"/last-submission/:empNo","event":"LAST_SUBMISSION_API_STARTED","empNo":"544","timestamp":"2026-07-28T12:07:58.027Z"}
28/7/2026, 5:37:58 pm | {"api":"/last-submission/:empNo","event":"LAST_SUBMISSION_DB_QUERY_STARTED","empNo":"544","timestamp":"2026-07-28T12:07:58.028Z"}
28/7/2026, 5:37:58 pm | {"api":"/last-submission/:empNo","event":"LAST_SUBMISSION_FETCH_SUCCESS","empNo":"544","amount":139551,"actionAt":"2026-07-27 17:48:09","timestamp":"2026-07-28T12:07:58.033Z"}
28/7/2026, 5:37:58 pm | {"api":"/today-cash/:empNo","event":"TODAY_CASH_API_STARTED","empNo":"544","timestamp":"2026-07-28T12:07:58.236Z"}
28/7/2026, 5:37:58 pm | {"api":"/today-cash/:empNo","event":"TODAY_CASH_DB_QUERY_STARTED","empNo":"544","timestamp":"2026-07-28T12:07:58.237Z"}
28/7/2026, 5:37:58 pm | {"api":"/today-cash/:empNo","event":"TODAY_CASH_NOT_FOUND","empNo":"544","timestamp":"2026-07-28T12:07:58.242Z"}
28/7/2026, 5:38:10 pm | {"api":"/save-cash-closing","event":"SAVE_CASH_API_STARTED","empNo":"544","amount":"187151","timestamp":"2026-07-28T12:08:10.164Z"}
28/7/2026, 5:38:10 pm | {"api":"/save-cash-closing","event":"PREVIOUS_DAY_RECORD_FOUND","empNo":"544","oldDate":"2026-07-27T00:00:00.000Z","amount":139551,"timestamp":"2026-07-28T12:08:10.171Z"}
28/7/2026, 5:38:10 pm | {"api":"/save-cash-closing","event":"PREVIOUS_DAY_MOVED_TO_HISTORY","empNo":"544","timestamp":"2026-07-28T12:08:10.178Z"}
28/7/2026, 5:38:10 pm | {"api":"/save-cash-closing","event":"PREVIOUS_DAY_DELETED","empNo":"544","timestamp":"2026-07-28T12:08:10.184Z"}
28/7/2026, 5:38:10 pm | {"api":"/save-cash-closing","event":"SAVE_CASH_NEW_ENTRY","empNo":"544","amount":"187151","branch":"Lingapuram","timestamp":"2026-07-28T12:08:10.186Z"}
28/7/2026, 5:38:10 pm | {"api":"/save-cash-closing","event":"SAVE_CASH_HISTORY_INSERTED","empNo":"544","actionType":"ADDED","version":1,"timestamp":"2026-07-28T12:08:10.198Z"}
28/7/2026, 5:38:10 pm | {"api":"/save-cash-closing","event":"SAVE_CASH_SUCCESS","type":"INSERT","empNo":"544","amount":"187151","timestamp":"2026-07-28T12:08:10.198Z"}
28/7/2026, 5:38:32 pm | {"api":"/login","event":"LOGIN_API_STARTED","mpin":"2523","deviceId":"3033f9c5b22e1dfc","timestamp":"2026-07-28T12:08:32.676Z"}
28/7/2026, 5:38:32 pm | {"event":"LOGIN_REQUEST","mpin":"2523","deviceId":"3033f9c5b22e1dfc","timestamp":"2026-07-28T12:08:32.677Z"}
28/7/2026, 5:38:32 pm | {"api":"/login","event":"LOGIN_DB_QUERY_STARTED","mpin":"2523","timestamp":"2026-07-28T12:08:32.678Z"}
28/7/2026, 5:38:32 pm | {"api":"/login","event":"LOGIN_USER_FOUND","empNo":"41","branch":"Mandadam","designation":"Branch Manager","timestamp":"2026-07-28T12:08:32.688Z"}
28/7/2026, 5:38:32 pm | {"api":"/login","event":"LOGIN_DEVICE_CHECK","empNo":"41","savedDevice":"3033f9c5b22e1dfc","currentDevice":"3033f9c5b22e1dfc","timestamp":"2026-07-28T12:08:32.689Z"}
28/7/2026, 5:38:32 pm | {"api":"/login","event":"LOGIN_SUCCESS","empNo":"41","branch":"Mandadam","designation":"Branch Manager","loginTime":"2026-07-28T12:08:32.696Z"}
28/7/2026, 5:38:32 pm | {"api":"/employee/:empNo","event":"EMPLOYEE_API_STARTED","empNo":"41","timestamp":"2026-07-28T12:08:32.844Z"}
28/7/2026, 5:38:32 pm | {"api":"/employee/:empNo","event":"EMPLOYEE_DB_QUERY_STARTED","empNo":"41","timestamp":"2026-07-28T12:08:32.845Z"}
28/7/2026, 5:38:32 pm | {"api":"/employee/:empNo","event":"EMPLOYEE_FETCH_SUCCESS","empNo":"41","employeeName":"C.V. Phani Kumar","branch":"Mandadam","designation":"Branch Manager","timestamp":"2026-07-28T12:08:32.849Z"}
28/7/2026, 5:38:32 pm | {"api":"/last-submission/:empNo","event":"LAST_SUBMISSION_API_STARTED","empNo":"41","timestamp":"2026-07-28T12:08:32.911Z"}
28/7/2026, 5:38:32 pm | {"api":"/last-submission/:empNo","event":"LAST_SUBMISSION_DB_QUERY_STARTED","empNo":"41","timestamp":"2026-07-28T12:08:32.912Z"}
28/7/2026, 5:38:32 pm | {"api":"/last-submission/:empNo","event":"LAST_SUBMISSION_FETCH_SUCCESS","empNo":"41","amount":908000,"actionAt":"2026-07-27 17:53:04","timestamp":"2026-07-28T12:08:32.917Z"}
28/7/2026, 5:38:33 pm | {"api":"/today-cash/:empNo","event":"TODAY_CASH_API_STARTED","empNo":"41","timestamp":"2026-07-28T12:08:33.025Z"}
28/7/2026, 5:38:33 pm | {"api":"/today-cash/:empNo","event":"TODAY_CASH_DB_QUERY_STARTED","empNo":"41","timestamp":"2026-07-28T12:08:33.026Z"}
28/7/2026, 5:38:33 pm | {"api":"/today-cash/:empNo","event":"TODAY_CASH_NOT_FOUND","empNo":"41","timestamp":"2026-07-28T12:08:33.031Z"}
28/7/2026, 5:38:49 pm | {"api":"/save-cash-closing","event":"SAVE_CASH_API_STARTED","empNo":"41","amount":"678000","timestamp":"2026-07-28T12:08:49.786Z"}
28/7/2026, 5:38:49 pm | {"api":"/save-cash-closing","event":"PREVIOUS_DAY_RECORD_FOUND","empNo":"41","oldDate":"2026-07-27T00:00:00.000Z","amount":908000,"timestamp":"2026-07-28T12:08:49.792Z"}
28/7/2026, 5:38:49 pm | {"api":"/save-cash-closing","event":"PREVIOUS_DAY_MOVED_TO_HISTORY","empNo":"41","timestamp":"2026-07-28T12:08:49.798Z"}
28/7/2026, 5:38:49 pm | {"api":"/save-cash-closing","event":"PREVIOUS_DAY_DELETED","empNo":"41","timestamp":"2026-07-28T12:08:49.805Z"}
28/7/2026, 5:38:49 pm | {"api":"/save-cash-closing","event":"SAVE_CASH_NEW_ENTRY","empNo":"41","amount":"678000","branch":"Mandadam","timestamp":"2026-07-28T12:08:49.807Z"}
28/7/2026, 5:38:49 pm | {"api":"/save-cash-closing","event":"SAVE_CASH_HISTORY_INSERTED","empNo":"41","actionType":"ADDED","version":1,"timestamp":"2026-07-28T12:08:49.819Z"}
28/7/2026, 5:38:49 pm | {"api":"/save-cash-closing","event":"SAVE_CASH_SUCCESS","type":"INSERT","empNo":"41","amount":"678000","timestamp":"2026-07-28T12:08:49.819Z"}
28/7/2026, 5:38:54 pm | {"api":"/save-cash-closing","event":"SAVE_CASH_API_STARTED","empNo":"41","amount":"678000","timestamp":"2026-07-28T12:08:54.851Z"}
28/7/2026, 5:38:54 pm | {"api":"/save-cash-closing","event":"SAVE_CASH_UPDATE_STARTED","empNo":"41","oldAmount":678000,"newAmount":"678000","currentVersion":1,"nextVersion":2,"timestamp":"2026-07-28T12:08:54.859Z"}
28/7/2026, 5:38:54 pm | {"api":"/save-cash-closing","event":"SAVE_CASH_HISTORY_UPDATED","empNo":"41","version":2,"timestamp":"2026-07-28T12:08:54.870Z"}
28/7/2026, 5:38:54 pm | {"api":"/save-cash-closing","event":"SAVE_CASH_SUCCESS","type":"UPDATE","empNo":"41","amount":"678000","version":2,"timestamp":"2026-07-28T12:08:54.871Z"}
28/7/2026, 5:41:00 pm | {"api":"/login","event":"LOGIN_API_STARTED","mpin":"1982","deviceId":"4c2742e394e3e754","timestamp":"2026-07-28T12:11:00.613Z"}
28/7/2026, 5:41:00 pm | {"event":"LOGIN_REQUEST","mpin":"1982","deviceId":"4c2742e394e3e754","timestamp":"2026-07-28T12:11:00.614Z"}
28/7/2026, 5:41:00 pm | {"api":"/login","event":"LOGIN_DB_QUERY_STARTED","mpin":"1982","timestamp":"2026-07-28T12:11:00.615Z"}
28/7/2026, 5:41:00 pm | {"api":"/login","event":"LOGIN_USER_FOUND","empNo":"255","branch":"Gannavaram","designation":"Branch Manager","timestamp":"2026-07-28T12:11:00.631Z"}
28/7/2026, 5:41:00 pm | {"api":"/login","event":"LOGIN_DEVICE_CHECK","empNo":"255","savedDevice":"4c2742e394e3e754","currentDevice":"4c2742e394e3e754","timestamp":"2026-07-28T12:11:00.632Z"}
28/7/2026, 5:41:00 pm | {"api":"/login","event":"LOGIN_SUCCESS","empNo":"255","branch":"Gannavaram","designation":"Branch Manager","loginTime":"2026-07-28T12:11:00.639Z"}
28/7/2026, 5:41:01 pm | {"api":"/employee/:empNo","event":"EMPLOYEE_API_STARTED","empNo":"255","timestamp":"2026-07-28T12:11:01.005Z"}
28/7/2026, 5:41:01 pm | {"api":"/employee/:empNo","event":"EMPLOYEE_DB_QUERY_STARTED","empNo":"255","timestamp":"2026-07-28T12:11:01.006Z"}
28/7/2026, 5:41:01 pm | {"api":"/employee/:empNo","event":"EMPLOYEE_FETCH_SUCCESS","empNo":"255","employeeName":"Rajendra Kumar T","branch":"Gannavaram","designation":"Branch Manager","timestamp":"2026-07-28T12:11:01.010Z"}
28/7/2026, 5:41:01 pm | {"api":"/last-submission/:empNo","event":"LAST_SUBMISSION_API_STARTED","empNo":"255","timestamp":"2026-07-28T12:11:01.120Z"}
28/7/2026, 5:41:01 pm | {"api":"/last-submission/:empNo","event":"LAST_SUBMISSION_DB_QUERY_STARTED","empNo":"255","timestamp":"2026-07-28T12:11:01.120Z"}
28/7/2026, 5:41:01 pm | {"api":"/last-submission/:empNo","event":"LAST_SUBMISSION_FETCH_SUCCESS","empNo":"255","amount":1259193,"actionAt":"2026-07-27 17:59:17","timestamp":"2026-07-28T12:11:01.125Z"}
28/7/2026, 5:41:01 pm | {"api":"/today-cash/:empNo","event":"TODAY_CASH_API_STARTED","empNo":"255","timestamp":"2026-07-28T12:11:01.377Z"}
28/7/2026, 5:41:01 pm | {"api":"/today-cash/:empNo","event":"TODAY_CASH_DB_QUERY_STARTED","empNo":"255","timestamp":"2026-07-28T12:11:01.378Z"}
28/7/2026, 5:41:01 pm | {"api":"/today-cash/:empNo","event":"TODAY_CASH_NOT_FOUND","empNo":"255","timestamp":"2026-07-28T12:11:01.383Z"}
28/7/2026, 5:41:16 pm | {"api":"/save-cash-closing","event":"SAVE_CASH_API_STARTED","empNo":"255","amount":"886793","timestamp":"2026-07-28T12:11:16.532Z"}
28/7/2026, 5:41:16 pm | {"api":"/save-cash-closing","event":"PREVIOUS_DAY_RECORD_FOUND","empNo":"255","oldDate":"2026-07-27T00:00:00.000Z","amount":1259193,"timestamp":"2026-07-28T12:11:16.538Z"}
28/7/2026, 5:41:16 pm | {"api":"/save-cash-closing","event":"PREVIOUS_DAY_MOVED_TO_HISTORY","empNo":"255","timestamp":"2026-07-28T12:11:16.545Z"}
28/7/2026, 5:41:16 pm | {"api":"/save-cash-closing","event":"PREVIOUS_DAY_DELETED","empNo":"255","timestamp":"2026-07-28T12:11:16.551Z"}
28/7/2026, 5:41:16 pm | {"api":"/save-cash-closing","event":"SAVE_CASH_NEW_ENTRY","empNo":"255","amount":"886793","branch":"Gannavaram","timestamp":"2026-07-28T12:11:16.554Z"}
28/7/2026, 5:41:16 pm | {"api":"/save-cash-closing","event":"SAVE_CASH_HISTORY_INSERTED","empNo":"255","actionType":"ADDED","version":1,"timestamp":"2026-07-28T12:11:16.570Z"}
28/7/2026, 5:41:16 pm | {"api":"/save-cash-closing","event":"SAVE_CASH_SUCCESS","type":"INSERT","empNo":"255","amount":"886793","timestamp":"2026-07-28T12:11:16.571Z"}
28/7/2026, 5:41:20 pm | {"api":"/login","event":"LOGIN_API_STARTED","mpin":"3117","deviceId":"c07c541ce92469ae","timestamp":"2026-07-28T12:11:20.232Z"}
28/7/2026, 5:41:20 pm | {"event":"LOGIN_REQUEST","mpin":"3117","deviceId":"c07c541ce92469ae","timestamp":"2026-07-28T12:11:20.233Z"}
28/7/2026, 5:41:20 pm | {"api":"/login","event":"LOGIN_DB_QUERY_STARTED","mpin":"3117","timestamp":"2026-07-28T12:11:20.233Z"}
28/7/2026, 5:41:20 pm | {"api":"/login","event":"LOGIN_USER_FOUND","empNo":"117","branch":"Eluru","designation":"Branch Manager","timestamp":"2026-07-28T12:11:20.238Z"}
28/7/2026, 5:41:20 pm | {"api":"/login","event":"LOGIN_DEVICE_CHECK","empNo":"117","savedDevice":"c07c541ce92469ae","currentDevice":"c07c541ce92469ae","timestamp":"2026-07-28T12:11:20.239Z"}
28/7/2026, 5:41:20 pm | {"api":"/login","event":"LOGIN_SUCCESS","empNo":"117","branch":"Eluru","designation":"Branch Manager","loginTime":"2026-07-28T12:11:20.246Z"}
28/7/2026, 5:41:20 pm | {"api":"/employee/:empNo","event":"EMPLOYEE_API_STARTED","empNo":"117","timestamp":"2026-07-28T12:11:20.474Z"}
28/7/2026, 5:41:20 pm | {"api":"/employee/:empNo","event":"EMPLOYEE_DB_QUERY_STARTED","empNo":"117","timestamp":"2026-07-28T12:11:20.475Z"}
28/7/2026, 5:41:20 pm | {"api":"/employee/:empNo","event":"EMPLOYEE_FETCH_SUCCESS","empNo":"117","employeeName":"B.V.L. Madhuri","branch":"Eluru","designation":"Branch Manager","timestamp":"2026-07-28T12:11:20.480Z"}
28/7/2026, 5:41:20 pm | {"api":"/last-submission/:empNo","event":"LAST_SUBMISSION_API_STARTED","empNo":"117","timestamp":"2026-07-28T12:11:20.563Z"}
28/7/2026, 5:41:20 pm | {"api":"/last-submission/:empNo","event":"LAST_SUBMISSION_DB_QUERY_STARTED","empNo":"117","timestamp":"2026-07-28T12:11:20.564Z"}
28/7/2026, 5:41:20 pm | {"api":"/last-submission/:empNo","event":"LAST_SUBMISSION_FETCH_SUCCESS","empNo":"117","amount":1900000,"actionAt":"2026-07-27 17:51:57","timestamp":"2026-07-28T12:11:20.570Z"}
28/7/2026, 5:41:20 pm | {"api":"/today-cash/:empNo","event":"TODAY_CASH_API_STARTED","empNo":"117","timestamp":"2026-07-28T12:11:20.747Z"}
28/7/2026, 5:41:20 pm | {"api":"/today-cash/:empNo","event":"TODAY_CASH_DB_QUERY_STARTED","empNo":"117","timestamp":"2026-07-28T12:11:20.748Z"}
28/7/2026, 5:41:20 pm | {"api":"/today-cash/:empNo","event":"TODAY_CASH_NOT_FOUND","empNo":"117","timestamp":"2026-07-28T12:11:20.753Z"}
28/7/2026, 5:41:22 pm | {"api":"/login","event":"LOGIN_API_STARTED","mpin":"1984","deviceId":"1a140709e3404975","timestamp":"2026-07-28T12:11:22.230Z"}
28/7/2026, 5:41:22 pm | {"event":"LOGIN_REQUEST","mpin":"1984","deviceId":"1a140709e3404975","timestamp":"2026-07-28T12:11:22.231Z"}
28/7/2026, 5:41:22 pm | {"api":"/login","event":"LOGIN_DB_QUERY_STARTED","mpin":"1984","timestamp":"2026-07-28T12:11:22.232Z"}
28/7/2026, 5:41:22 pm | {"api":"/login","event":"LOGIN_USER_FOUND","empNo":"318","branch":"Mangalagiri","designation":"Branch Manager","timestamp":"2026-07-28T12:11:22.243Z"}
28/7/2026, 5:41:22 pm | {"api":"/login","event":"LOGIN_DEVICE_CHECK","empNo":"318","savedDevice":"1a140709e3404975","currentDevice":"1a140709e3404975","timestamp":"2026-07-28T12:11:22.244Z"}
28/7/2026, 5:41:22 pm | {"api":"/login","event":"LOGIN_SUCCESS","empNo":"318","branch":"Mangalagiri","designation":"Branch Manager","loginTime":"2026-07-28T12:11:22.250Z"}
28/7/2026, 5:41:22 pm | {"api":"/employee/:empNo","event":"EMPLOYEE_API_STARTED","empNo":"318","timestamp":"2026-07-28T12:11:22.551Z"}
28/7/2026, 5:41:22 pm | {"api":"/employee/:empNo","event":"EMPLOYEE_DB_QUERY_STARTED","empNo":"318","timestamp":"2026-07-28T12:11:22.552Z"}
28/7/2026, 5:41:22 pm | {"api":"/employee/:empNo","event":"EMPLOYEE_FETCH_SUCCESS","empNo":"318","employeeName":"K. Madhu Babu","branch":"Mangalagiri","designation":"Branch Manager","timestamp":"2026-07-28T12:11:22.556Z"}
28/7/2026, 5:41:22 pm | {"api":"/last-submission/:empNo","event":"LAST_SUBMISSION_API_STARTED","empNo":"318","timestamp":"2026-07-28T12:11:22.670Z"}
28/7/2026, 5:41:22 pm | {"api":"/last-submission/:empNo","event":"LAST_SUBMISSION_DB_QUERY_STARTED","empNo":"318","timestamp":"2026-07-28T12:11:22.671Z"}
28/7/2026, 5:41:22 pm | {"api":"/last-submission/:empNo","event":"LAST_SUBMISSION_FETCH_SUCCESS","empNo":"318","amount":500000,"actionAt":"2026-07-27 17:40:50","timestamp":"2026-07-28T12:11:22.676Z"}
28/7/2026, 5:41:22 pm | {"api":"/today-cash/:empNo","event":"TODAY_CASH_API_STARTED","empNo":"318","timestamp":"2026-07-28T12:11:22.921Z"}
28/7/2026, 5:41:22 pm | {"api":"/today-cash/:empNo","event":"TODAY_CASH_DB_QUERY_STARTED","empNo":"318","timestamp":"2026-07-28T12:11:22.922Z"}
28/7/2026, 5:41:22 pm | {"api":"/today-cash/:empNo","event":"TODAY_CASH_NOT_FOUND","empNo":"318","timestamp":"2026-07-28T12:11:22.927Z"}
28/7/2026, 5:41:38 pm | {"api":"/api/cash-closing-dashboard","event":"CASH_CLOSING_DASHBOARD_API_STARTED","filters":{"cluster":"","branch":"","fromDate":"","toDate":"","status":""},"timestamp":"2026-07-28T12:11:38.614Z"}
28/7/2026, 5:41:38 pm | {"api":"/api/cash-closing-dashboard","event":"CASH_CLOSING_DASHBOARD_DB_CONNECTED","timestamp":"2026-07-28T12:11:38.615Z"}
28/7/2026, 5:41:38 pm | {"api":"/api/cash-closing-dashboard","event":"CASH_CLOSING_DASHBOARD_QUERY_STARTED","filters":{"cluster":"","branch":"","fromDate":"","toDate":"","status":""},"timestamp":"2026-07-28T12:11:38.616Z"}
28/7/2026, 5:41:38 pm | {"api":"/api/cash-closing-dashboard","event":"CASH_CLOSING_DASHBOARD_DATA_FETCHED","totalRecords":56,"timestamp":"2026-07-28T12:11:38.625Z"}
28/7/2026, 5:41:38 pm | {"api":"/api/cash-closing-dashboard","event":"CASH_CLOSING_CLUSTER_FETCHED","totalClusters":4,"timestamp":"2026-07-28T12:11:38.629Z"}
28/7/2026, 5:41:38 pm | {"api":"/api/cash-closing-dashboard","event":"CASH_CLOSING_BRANCH_FETCHED","totalBranches":56,"timestamp":"2026-07-28T12:11:38.632Z"}
28/7/2026, 5:41:38 pm | {"api":"/api/cash-closing-dashboard","event":"CASH_CLOSING_DASHBOARD_SUCCESS","totalRecords":56,"filters":{"cluster":"","branch":"","fromDate":"","toDate":"","status":""},"timestamp":"2026-07-28T12:11:38.633Z"}
28/7/2026, 5:41:38 pm | {"api":"/api/cash-closing-dashboard","event":"CASH_CLOSING_DASHBOARD_API_STARTED","filters":{"cluster":"","branch":"","fromDate":"","toDate":"","status":""},"timestamp":"2026-07-28T12:11:38.710Z"}
28/7/2026, 5:41:38 pm | {"api":"/api/cash-closing-dashboard","event":"CASH_CLOSING_DASHBOARD_DB_CONNECTED","timestamp":"2026-07-28T12:11:38.711Z"}
28/7/2026, 5:41:38 pm | {"api":"/api/cash-closing-dashboard","event":"CASH_CLOSING_DASHBOARD_QUERY_STARTED","filters":{"cluster":"","branch":"","fromDate":"","toDate":"","status":""},"timestamp":"2026-07-28T12:11:38.712Z"}
28/7/2026, 5:41:38 pm | {"api":"/api/cash-closing-dashboard","event":"CASH_CLOSING_DASHBOARD_DATA_FETCHED","totalRecords":56,"timestamp":"2026-07-28T12:11:38.719Z"}
28/7/2026, 5:41:38 pm | {"api":"/api/cash-closing-dashboard","event":"CASH_CLOSING_CLUSTER_FETCHED","totalClusters":4,"timestamp":"2026-07-28T12:11:38.722Z"}
28/7/2026, 5:41:38 pm | {"api":"/api/cash-closing-dashboard","event":"CASH_CLOSING_BRANCH_FETCHED","totalBranches":56,"timestamp":"2026-07-28T12:11:38.726Z"}
28/7/2026, 5:41:38 pm | {"api":"/api/cash-closing-dashboard","event":"CASH_CLOSING_DASHBOARD_SUCCESS","totalRecords":56,"filters":{"cluster":"","branch":"","fromDate":"","toDate":"","status":""},"timestamp":"2026-07-28T12:11:38.726Z"}
28/7/2026, 5:41:38 pm | {"api":"/api/cash-closing-dashboard","event":"CASH_CLOSING_DASHBOARD_API_STARTED","filters":{"cluster":"","branch":"","fromDate":"","toDate":"","status":""},"timestamp":"2026-07-28T12:11:38.879Z"}
28/7/2026, 5:41:38 pm | {"api":"/api/cash-closing-dashboard","event":"CASH_CLOSING_DASHBOARD_DB_CONNECTED","timestamp":"2026-07-28T12:11:38.880Z"}
28/7/2026, 5:41:38 pm | {"api":"/api/cash-closing-dashboard","event":"CASH_CLOSING_DASHBOARD_QUERY_STARTED","filters":{"cluster":"","branch":"","fromDate":"","toDate":"","status":""},"timestamp":"2026-07-28T12:11:38.881Z"}
28/7/2026, 5:41:38 pm | {"api":"/api/cash-closing-dashboard","event":"CASH_CLOSING_DASHBOARD_DATA_FETCHED","totalRecords":56,"timestamp":"2026-07-28T12:11:38.886Z"}
28/7/2026, 5:41:38 pm | {"api":"/api/cash-closing-dashboard","event":"CASH_CLOSING_CLUSTER_FETCHED","totalClusters":4,"timestamp":"2026-07-28T12:11:38.889Z"}
28/7/2026, 5:41:38 pm | {"api":"/api/cash-closing-dashboard","event":"CASH_CLOSING_BRANCH_FETCHED","totalBranches":56,"timestamp":"2026-07-28T12:11:38.892Z"}
28/7/2026, 5:41:38 pm | {"api":"/api/cash-closing-dashboard","event":"CASH_CLOSING_DASHBOARD_SUCCESS","totalRecords":56,"filters":{"cluster":"","branch":"","fromDate":"","toDate":"","status":""},"timestamp":"2026-07-28T12:11:38.893Z"}
28/7/2026, 5:41:39 pm | {"api":"/api/cash-closing-dashboard","event":"CASH_CLOSING_DASHBOARD_API_STARTED","filters":{"cluster":"","branch":"","fromDate":"","toDate":"","status":""},"timestamp":"2026-07-28T12:11:39.015Z"}
28/7/2026, 5:41:39 pm | {"api":"/api/cash-closing-dashboard","event":"CASH_CLOSING_DASHBOARD_DB_CONNECTED","timestamp":"2026-07-28T12:11:39.016Z"}
28/7/2026, 5:41:39 pm | {"api":"/api/cash-closing-dashboard","event":"CASH_CLOSING_DASHBOARD_QUERY_STARTED","filters":{"cluster":"","branch":"","fromDate":"","toDate":"","status":""},"timestamp":"2026-07-28T12:11:39.017Z"}
28/7/2026, 5:41:39 pm | {"api":"/api/cash-closing-dashboard","event":"CASH_CLOSING_DASHBOARD_DATA_FETCHED","totalRecords":56,"timestamp":"2026-07-28T12:11:39.024Z"}
28/7/2026, 5:41:39 pm | {"api":"/api/cash-closing-dashboard","event":"CASH_CLOSING_CLUSTER_FETCHED","totalClusters":4,"timestamp":"2026-07-28T12:11:39.026Z"}
28/7/2026, 5:41:39 pm | {"api":"/api/cash-closing-dashboard","event":"CASH_CLOSING_BRANCH_FETCHED","totalBranches":56,"timestamp":"2026-07-28T12:11:39.030Z"}
28/7/2026, 5:41:39 pm | {"api":"/api/cash-closing-dashboard","event":"CASH_CLOSING_DASHBOARD_SUCCESS","totalRecords":56,"filters":{"cluster":"","branch":"","fromDate":"","toDate":"","status":""},"timestamp":"2026-07-28T12:11:39.031Z"}
28/7/2026, 5:41:39 pm | {"api":"/api/cash-closing-dashboard","event":"CASH_CLOSING_DASHBOARD_API_STARTED","filters":{"cluster":"","branch":"","fromDate":"","toDate":"","status":""},"timestamp":"2026-07-28T12:11:39.159Z"}
28/7/2026, 5:41:39 pm | {"api":"/api/cash-closing-dashboard","event":"CASH_CLOSING_DASHBOARD_DB_CONNECTED","timestamp":"2026-07-28T12:11:39.160Z"}
28/7/2026, 5:41:39 pm | {"api":"/api/cash-closing-dashboard","event":"CASH_CLOSING_DASHBOARD_QUERY_STARTED","filters":{"cluster":"","branch":"","fromDate":"","toDate":"","status":""},"timestamp":"2026-07-28T12:11:39.161Z"}
28/7/2026, 5:41:39 pm | {"api":"/api/cash-closing-dashboard","event":"CASH_CLOSING_DASHBOARD_DATA_FETCHED","totalRecords":56,"timestamp":"2026-07-28T12:11:39.168Z"}
28/7/2026, 5:41:39 pm | {"api":"/api/cash-closing-dashboard","event":"CASH_CLOSING_CLUSTER_FETCHED","totalClusters":4,"timestamp":"2026-07-28T12:11:39.171Z"}
28/7/2026, 5:41:39 pm | {"api":"/api/cash-closing-dashboard","event":"CASH_CLOSING_BRANCH_FETCHED","totalBranches":56,"timestamp":"2026-07-28T12:11:39.175Z"}
28/7/2026, 5:41:39 pm | {"api":"/api/cash-closing-dashboard","event":"CASH_CLOSING_DASHBOARD_SUCCESS","totalRecords":56,"filters":{"cluster":"","branch":"","fromDate":"","toDate":"","status":""},"timestamp":"2026-07-28T12:11:39.175Z"}
28/7/2026, 5:41:39 pm | {"api":"/api/cash-closing-dashboard","event":"CASH_CLOSING_DASHBOARD_API_STARTED","filters":{"cluster":"","branch":"","fromDate":"","toDate":"","status":""},"timestamp":"2026-07-28T12:11:39.295Z"}
28/7/2026, 5:41:39 pm | {"api":"/api/cash-closing-dashboard","event":"CASH_CLOSING_DASHBOARD_DB_CONNECTED","timestamp":"2026-07-28T12:11:39.296Z"}
28/7/2026, 5:41:39 pm | {"api":"/api/cash-closing-dashboard","event":"CASH_CLOSING_DASHBOARD_QUERY_STARTED","filters":{"cluster":"","branch":"","fromDate":"","toDate":"","status":""},"timestamp":"2026-07-28T12:11:39.297Z"}
28/7/2026, 5:41:39 pm | {"api":"/api/cash-closing-dashboard","event":"CASH_CLOSING_DASHBOARD_DATA_FETCHED","totalRecords":56,"timestamp":"2026-07-28T12:11:39.304Z"}
28/7/2026, 5:41:39 pm | {"api":"/api/cash-closing-dashboard","event":"CASH_CLOSING_CLUSTER_FETCHED","totalClusters":4,"timestamp":"2026-07-28T12:11:39.307Z"}
28/7/2026, 5:41:39 pm | {"api":"/api/cash-closing-dashboard","event":"CASH_CLOSING_BRANCH_FETCHED","totalBranches":56,"timestamp":"2026-07-28T12:11:39.311Z"}
28/7/2026, 5:41:39 pm | {"api":"/api/cash-closing-dashboard","event":"CASH_CLOSING_DASHBOARD_SUCCESS","totalRecords":56,"filters":{"cluster":"","branch":"","fromDate":"","toDate":"","status":""},"timestamp":"2026-07-28T12:11:39.311Z"}
28/7/2026, 5:41:39 pm | {"api":"/api/cash-closing-dashboard","event":"CASH_CLOSING_DASHBOARD_API_STARTED","filters":{"cluster":"","branch":"","fromDate":"","toDate":"","status":""},"timestamp":"2026-07-28T12:11:39.425Z"}
28/7/2026, 5:41:39 pm | {"api":"/api/cash-closing-dashboard","event":"CASH_CLOSING_DASHBOARD_DB_CONNECTED","timestamp":"2026-07-28T12:11:39.426Z"}
28/7/2026, 5:41:39 pm | {"api":"/api/cash-closing-dashboard","event":"CASH_CLOSING_DASHBOARD_QUERY_STARTED","filters":{"cluster":"","branch":"","fromDate":"","toDate":"","status":""},"timestamp":"2026-07-28T12:11:39.426Z"}
28/7/2026, 5:41:39 pm | {"api":"/api/cash-closing-dashboard","event":"CASH_CLOSING_DASHBOARD_DATA_FETCHED","totalRecords":56,"timestamp":"2026-07-28T12:11:39.433Z"}
28/7/2026, 5:41:39 pm | {"api":"/api/cash-closing-dashboard","event":"CASH_CLOSING_CLUSTER_FETCHED","totalClusters":4,"timestamp":"2026-07-28T12:11:39.436Z"}
28/7/2026, 5:41:39 pm | {"api":"/api/cash-closing-dashboard","event":"CASH_CLOSING_BRANCH_FETCHED","totalBranches":56,"timestamp":"2026-07-28T12:11:39.440Z"}
28/7/2026, 5:41:39 pm | {"api":"/api/cash-closing-dashboard","event":"CASH_CLOSING_DASHBOARD_SUCCESS","totalRecords":56,"filters":{"cluster":"","branch":"","fromDate":"","toDate":"","status":""},"timestamp":"2026-07-28T12:11:39.440Z"}
28/7/2026, 5:41:45 pm | {"api":"/save-cash-closing","event":"SAVE_CASH_API_STARTED","empNo":"318","amount":"400000","timestamp":"2026-07-28T12:11:45.976Z"}
28/7/2026, 5:41:45 pm | {"api":"/save-cash-closing","event":"PREVIOUS_DAY_RECORD_FOUND","empNo":"318","oldDate":"2026-07-27T00:00:00.000Z","amount":500000,"timestamp":"2026-07-28T12:11:45.983Z"}
28/7/2026, 5:41:45 pm | {"api":"/save-cash-closing","event":"PREVIOUS_DAY_MOVED_TO_HISTORY","empNo":"318","timestamp":"2026-07-28T12:11:45.990Z"}
28/7/2026, 5:41:45 pm | {"api":"/save-cash-closing","event":"PREVIOUS_DAY_DELETED","empNo":"318","timestamp":"2026-07-28T12:11:45.996Z"}
28/7/2026, 5:41:45 pm | {"api":"/save-cash-closing","event":"SAVE_CASH_NEW_ENTRY","empNo":"318","amount":"400000","branch":"Mangalagiri","timestamp":"2026-07-28T12:11:45.999Z"}
28/7/2026, 5:41:46 pm | {"api":"/save-cash-closing","event":"SAVE_CASH_HISTORY_INSERTED","empNo":"318","actionType":"ADDED","version":1,"timestamp":"2026-07-28T12:11:46.011Z"}
28/7/2026, 5:41:46 pm | {"api":"/save-cash-closing","event":"SAVE_CASH_SUCCESS","type":"INSERT","empNo":"318","amount":"400000","timestamp":"2026-07-28T12:11:46.011Z"}
28/7/2026, 5:41:49 pm | {"api":"/save-cash-closing","event":"SAVE_CASH_API_STARTED","empNo":"318","amount":"400000","timestamp":"2026-07-28T12:11:49.579Z"}
28/7/2026, 5:41:49 pm | {"api":"/save-cash-closing","event":"SAVE_CASH_UPDATE_STARTED","empNo":"318","oldAmount":400000,"newAmount":"400000","currentVersion":1,"nextVersion":2,"timestamp":"2026-07-28T12:11:49.587Z"}
28/7/2026, 5:41:49 pm | {"api":"/save-cash-closing","event":"SAVE_CASH_HISTORY_UPDATED","empNo":"318","version":2,"timestamp":"2026-07-28T12:11:49.601Z"}
28/7/2026, 5:41:49 pm | {"api":"/save-cash-closing","event":"SAVE_CASH_SUCCESS","type":"UPDATE","empNo":"318","amount":"400000","version":2,"timestamp":"2026-07-28T12:11:49.602Z"}
28/7/2026, 5:41:59 pm | {"api":"/api/cash-closing-dashboard","event":"CASH_CLOSING_DASHBOARD_API_STARTED","filters":{"cluster":"","branch":"","fromDate":"","toDate":"","status":""},"timestamp":"2026-07-28T12:11:59.557Z"}
28/7/2026, 5:41:59 pm | {"api":"/api/cash-closing-dashboard","event":"CASH_CLOSING_DASHBOARD_DB_CONNECTED","timestamp":"2026-07-28T12:11:59.558Z"}
28/7/2026, 5:41:59 pm | {"api":"/api/cash-closing-dashboard","event":"CASH_CLOSING_DASHBOARD_QUERY_STARTED","filters":{"cluster":"","branch":"","fromDate":"","toDate":"","status":""},"timestamp":"2026-07-28T12:11:59.559Z"}
28/7/2026, 5:41:59 pm | {"api":"/api/cash-closing-dashboard","event":"CASH_CLOSING_DASHBOARD_DATA_FETCHED","totalRecords":56,"timestamp":"2026-07-28T12:11:59.564Z"}
28/7/2026, 5:41:59 pm | {"api":"/api/cash-closing-dashboard","event":"CASH_CLOSING_CLUSTER_FETCHED","totalClusters":4,"timestamp":"2026-07-28T12:11:59.568Z"}
28/7/2026, 5:41:59 pm | {"api":"/api/cash-closing-dashboard","event":"CASH_CLOSING_BRANCH_FETCHED","totalBranches":56,"timestamp":"2026-07-28T12:11:59.575Z"}
28/7/2026, 5:41:59 pm | {"api":"/api/cash-closing-dashboard","event":"CASH_CLOSING_DASHBOARD_SUCCESS","totalRecords":56,"filters":{"cluster":"","branch":"","fromDate":"","toDate":"","status":""},"timestamp":"2026-07-28T12:11:59.576Z"}
28/7/2026, 5:41:59 pm | {"api":"/api/cash-closing-dashboard","event":"CASH_CLOSING_DASHBOARD_API_STARTED","filters":{"cluster":"","branch":"","fromDate":"","toDate":"","status":""},"timestamp":"2026-07-28T12:11:59.655Z"}
28/7/2026, 5:41:59 pm | {"api":"/api/cash-closing-dashboard","event":"CASH_CLOSING_DASHBOARD_DB_CONNECTED","timestamp":"2026-07-28T12:11:59.656Z"}
28/7/2026, 5:41:59 pm | {"api":"/api/cash-closing-dashboard","event":"CASH_CLOSING_DASHBOARD_QUERY_STARTED","filters":{"cluster":"","branch":"","fromDate":"","toDate":"","status":""},"timestamp":"2026-07-28T12:11:59.657Z"}
28/7/2026, 5:41:59 pm | {"api":"/api/cash-closing-dashboard","event":"CASH_CLOSING_DASHBOARD_DATA_FETCHED","totalRecords":56,"timestamp":"2026-07-28T12:11:59.663Z"}
28/7/2026, 5:41:59 pm | {"api":"/api/cash-closing-dashboard","event":"CASH_CLOSING_CLUSTER_FETCHED","totalClusters":4,"timestamp":"2026-07-28T12:11:59.666Z"}
28/7/2026, 5:41:59 pm | {"api":"/api/cash-closing-dashboard","event":"CASH_CLOSING_BRANCH_FETCHED","totalBranches":56,"timestamp":"2026-07-28T12:11:59.670Z"}
28/7/2026, 5:41:59 pm | {"api":"/api/cash-closing-dashboard","event":"CASH_CLOSING_DASHBOARD_SUCCESS","totalRecords":56,"filters":{"cluster":"","branch":"","fromDate":"","toDate":"","status":""},"timestamp":"2026-07-28T12:11:59.671Z"}
28/7/2026, 5:42:03 pm | {"api":"/api/cash-closing-dashboard","event":"CASH_CLOSING_DASHBOARD_API_STARTED","filters":{"cluster":"","branch":"","fromDate":"","toDate":"","status":""},"timestamp":"2026-07-28T12:12:03.228Z"}
28/7/2026, 5:42:03 pm | {"api":"/api/cash-closing-dashboard","event":"CASH_CLOSING_DASHBOARD_DB_CONNECTED","timestamp":"2026-07-28T12:12:03.228Z"}
28/7/2026, 5:42:03 pm | {"api":"/api/cash-closing-dashboard","event":"CASH_CLOSING_DASHBOARD_QUERY_STARTED","filters":{"cluster":"","branch":"","fromDate":"","toDate":"","status":""},"timestamp":"2026-07-28T12:12:03.229Z"}
28/7/2026, 5:42:03 pm | {"api":"/api/cash-closing-dashboard","event":"CASH_CLOSING_DASHBOARD_DATA_FETCHED","totalRecords":56,"timestamp":"2026-07-28T12:12:03.235Z"}
28/7/2026, 5:42:03 pm | {"api":"/api/cash-closing-dashboard","event":"CASH_CLOSING_CLUSTER_FETCHED","totalClusters":4,"timestamp":"2026-07-28T12:12:03.238Z"}
28/7/2026, 5:42:03 pm | {"api":"/api/cash-closing-dashboard","event":"CASH_CLOSING_BRANCH_FETCHED","totalBranches":56,"timestamp":"2026-07-28T12:12:03.242Z"}
28/7/2026, 5:42:03 pm | {"api":"/api/cash-closing-dashboard","event":"CASH_CLOSING_DASHBOARD_SUCCESS","totalRecords":56,"filters":{"cluster":"","branch":"","fromDate":"","toDate":"","status":""},"timestamp":"2026-07-28T12:12:03.243Z"}
28/7/2026, 5:42:03 pm | {"api":"/api/cash-closing-dashboard","event":"CASH_CLOSING_DASHBOARD_API_STARTED","filters":{"cluster":"","branch":"","fromDate":"","toDate":"","status":""},"timestamp":"2026-07-28T12:12:03.419Z"}
28/7/2026, 5:42:03 pm | {"api":"/api/cash-closing-dashboard","event":"CASH_CLOSING_DASHBOARD_DB_CONNECTED","timestamp":"2026-07-28T12:12:03.420Z"}
28/7/2026, 5:42:03 pm | {"api":"/api/cash-closing-dashboard","event":"CASH_CLOSING_DASHBOARD_QUERY_STARTED","filters":{"cluster":"","branch":"","fromDate":"","toDate":"","status":""},"timestamp":"2026-07-28T12:12:03.421Z"}
28/7/2026, 5:42:03 pm | {"api":"/api/cash-closing-dashboard","event":"CASH_CLOSING_DASHBOARD_DATA_FETCHED","totalRecords":56,"timestamp":"2026-07-28T12:12:03.428Z"}
28/7/2026, 5:42:03 pm | {"api":"/api/cash-closing-dashboard","event":"CASH_CLOSING_CLUSTER_FETCHED","totalClusters":4,"timestamp":"2026-07-28T12:12:03.432Z"}
28/7/2026, 5:42:03 pm | {"api":"/api/cash-closing-dashboard","event":"CASH_CLOSING_BRANCH_FETCHED","totalBranches":56,"timestamp":"2026-07-28T12:12:03.435Z"}
28/7/2026, 5:42:03 pm | {"api":"/api/cash-closing-dashboard","event":"CASH_CLOSING_DASHBOARD_SUCCESS","totalRecords":56,"filters":{"cluster":"","branch":"","fromDate":"","toDate":"","status":""},"timestamp":"2026-07-28T12:12:03.436Z"}
28/7/2026, 5:42:03 pm | {"api":"/api/cash-closing-dashboard","event":"CASH_CLOSING_DASHBOARD_API_STARTED","filters":{"cluster":"","branch":"","fromDate":"","toDate":"","status":""},"timestamp":"2026-07-28T12:12:03.636Z"}
28/7/2026, 5:42:03 pm | {"api":"/api/cash-closing-dashboard","event":"CASH_CLOSING_DASHBOARD_DB_CONNECTED","timestamp":"2026-07-28T12:12:03.637Z"}
28/7/2026, 5:42:03 pm | {"api":"/api/cash-closing-dashboard","event":"CASH_CLOSING_DASHBOARD_QUERY_STARTED","filters":{"cluster":"","branch":"","fromDate":"","toDate":"","status":""},"timestamp":"2026-07-28T12:12:03.638Z"}
28/7/2026, 5:42:03 pm | {"api":"/api/cash-closing-dashboard","event":"CASH_CLOSING_DASHBOARD_DATA_FETCHED","totalRecords":56,"timestamp":"2026-07-28T12:12:03.643Z"}
28/7/2026, 5:42:03 pm | {"api":"/api/cash-closing-dashboard","event":"CASH_CLOSING_CLUSTER_FETCHED","totalClusters":4,"timestamp":"2026-07-28T12:12:03.646Z"}
28/7/2026, 5:42:03 pm | {"api":"/api/cash-closing-dashboard","event":"CASH_CLOSING_BRANCH_FETCHED","totalBranches":56,"timestamp":"2026-07-28T12:12:03.649Z"}
28/7/2026, 5:42:03 pm | {"api":"/api/cash-closing-dashboard","event":"CASH_CLOSING_DASHBOARD_SUCCESS","totalRecords":56,"filters":{"cluster":"","branch":"","fromDate":"","toDate":"","status":""},"timestamp":"2026-07-28T12:12:03.650Z"}
28/7/2026, 5:42:03 pm | {"api":"/api/cash-closing-dashboard","event":"CASH_CLOSING_DASHBOARD_API_STARTED","filters":{"cluster":"","branch":"","fromDate":"","toDate":"","status":""},"timestamp":"2026-07-28T12:12:03.835Z"}
28/7/2026, 5:42:03 pm | {"api":"/api/cash-closing-dashboard","event":"CASH_CLOSING_DASHBOARD_DB_CONNECTED","timestamp":"2026-07-28T12:12:03.836Z"}
28/7/2026, 5:42:03 pm | {"api":"/api/cash-closing-dashboard","event":"CASH_CLOSING_DASHBOARD_QUERY_STARTED","filters":{"cluster":"","branch":"","fromDate":"","toDate":"","status":""},"timestamp":"2026-07-28T12:12:03.836Z"}
28/7/2026, 5:42:03 pm | {"api":"/api/cash-closing-dashboard","event":"CASH_CLOSING_DASHBOARD_DATA_FETCHED","totalRecords":56,"timestamp":"2026-07-28T12:12:03.843Z"}
28/7/2026, 5:42:03 pm | {"api":"/api/cash-closing-dashboard","event":"CASH_CLOSING_CLUSTER_FETCHED","totalClusters":4,"timestamp":"2026-07-28T12:12:03.846Z"}
28/7/2026, 5:42:03 pm | {"api":"/api/cash-closing-dashboard","event":"CASH_CLOSING_BRANCH_FETCHED","totalBranches":56,"timestamp":"2026-07-28T12:12:03.851Z"}
28/7/2026, 5:42:03 pm | {"api":"/api/cash-closing-dashboard","event":"CASH_CLOSING_DASHBOARD_SUCCESS","totalRecords":56,"filters":{"cluster":"","branch":"","fromDate":"","toDate":"","status":""},"timestamp":"2026-07-28T12:12:03.851Z"}
28/7/2026, 5:42:05 pm | {"api":"/api/cash-closing-dashboard","event":"CASH_CLOSING_DASHBOARD_API_STARTED","filters":{"cluster":"","branch":"","fromDate":"","toDate":"","status":""},"timestamp":"2026-07-28T12:12:05.723Z"}
28/7/2026, 5:42:05 pm | {"api":"/api/cash-closing-dashboard","event":"CASH_CLOSING_DASHBOARD_DB_CONNECTED","timestamp":"2026-07-28T12:12:05.723Z"}
28/7/2026, 5:42:05 pm | {"api":"/api/cash-closing-dashboard","event":"CASH_CLOSING_DASHBOARD_QUERY_STARTED","filters":{"cluster":"","branch":"","fromDate":"","toDate":"","status":""},"timestamp":"2026-07-28T12:12:05.724Z"}
28/7/2026, 5:42:05 pm | {"api":"/api/cash-closing-dashboard","event":"CASH_CLOSING_DASHBOARD_DATA_FETCHED","totalRecords":56,"timestamp":"2026-07-28T12:12:05.730Z"}
28/7/2026, 5:42:05 pm | {"api":"/api/cash-closing-dashboard","event":"CASH_CLOSING_CLUSTER_FETCHED","totalClusters":4,"timestamp":"2026-07-28T12:12:05.733Z"}
28/7/2026, 5:42:05 pm | {"api":"/api/cash-closing-dashboard","event":"CASH_CLOSING_BRANCH_FETCHED","totalBranches":56,"timestamp":"2026-07-28T12:12:05.737Z"}
28/7/2026, 5:42:05 pm | {"api":"/api/cash-closing-dashboard","event":"CASH_CLOSING_DASHBOARD_SUCCESS","totalRecords":56,"filters":{"cluster":"","branch":"","fromDate":"","toDate":"","status":""},"timestamp":"2026-07-28T12:12:05.738Z"}
28/7/2026, 5:42:06 pm | {"api":"/api/cash-closing-dashboard","event":"CASH_CLOSING_DASHBOARD_API_STARTED","filters":{"cluster":"","branch":"","fromDate":"","toDate":"","status":""},"timestamp":"2026-07-28T12:12:06.851Z"}
28/7/2026, 5:42:06 pm | {"api":"/api/cash-closing-dashboard","event":"CASH_CLOSING_DASHBOARD_DB_CONNECTED","timestamp":"2026-07-28T12:12:06.852Z"}
28/7/2026, 5:42:06 pm | {"api":"/api/cash-closing-dashboard","event":"CASH_CLOSING_DASHBOARD_QUERY_STARTED","filters":{"cluster":"","branch":"","fromDate":"","toDate":"","status":""},"timestamp":"2026-07-28T12:12:06.853Z"}
28/7/2026, 5:42:06 pm | {"api":"/api/cash-closing-dashboard","event":"CASH_CLOSING_DASHBOARD_DATA_FETCHED","totalRecords":56,"timestamp":"2026-07-28T12:12:06.858Z"}
28/7/2026, 5:42:06 pm | {"api":"/api/cash-closing-dashboard","event":"CASH_CLOSING_CLUSTER_FETCHED","totalClusters":4,"timestamp":"2026-07-28T12:12:06.861Z"}
28/7/2026, 5:42:06 pm | {"api":"/api/cash-closing-dashboard","event":"CASH_CLOSING_BRANCH_FETCHED","totalBranches":56,"timestamp":"2026-07-28T12:12:06.865Z"}
28/7/2026, 5:42:06 pm | {"api":"/api/cash-closing-dashboard","event":"CASH_CLOSING_DASHBOARD_SUCCESS","totalRecords":56,"filters":{"cluster":"","branch":"","fromDate":"","toDate":"","status":""},"timestamp":"2026-07-28T12:12:06.865Z"}
28/7/2026, 5:42:06 pm | {"api":"/api/cash-closing-dashboard","event":"CASH_CLOSING_DASHBOARD_API_STARTED","filters":{"cluster":"","branch":"","fromDate":"","toDate":"","status":""},"timestamp":"2026-07-28T12:12:06.986Z"}
28/7/2026, 5:42:06 pm | {"api":"/api/cash-closing-dashboard","event":"CASH_CLOSING_DASHBOARD_DB_CONNECTED","timestamp":"2026-07-28T12:12:06.987Z"}
28/7/2026, 5:42:06 pm | {"api":"/api/cash-closing-dashboard","event":"CASH_CLOSING_DASHBOARD_QUERY_STARTED","filters":{"cluster":"","branch":"","fromDate":"","toDate":"","status":""},"timestamp":"2026-07-28T12:12:06.988Z"}
28/7/2026, 5:42:06 pm | {"api":"/api/cash-closing-dashboard","event":"CASH_CLOSING_DASHBOARD_DATA_FETCHED","totalRecords":56,"timestamp":"2026-07-28T12:12:06.994Z"}
28/7/2026, 5:42:06 pm | {"api":"/api/cash-closing-dashboard","event":"CASH_CLOSING_CLUSTER_FETCHED","totalClusters":4,"timestamp":"2026-07-28T12:12:06.998Z"}
28/7/2026, 5:42:07 pm | {"api":"/api/cash-closing-dashboard","event":"CASH_CLOSING_BRANCH_FETCHED","totalBranches":56,"timestamp":"2026-07-28T12:12:07.006Z"}
28/7/2026, 5:42:07 pm | {"api":"/api/cash-closing-dashboard","event":"CASH_CLOSING_DASHBOARD_SUCCESS","totalRecords":56,"filters":{"cluster":"","branch":"","fromDate":"","toDate":"","status":""},"timestamp":"2026-07-28T12:12:07.007Z"}
28/7/2026, 5:42:07 pm | {"api":"/api/cash-closing-dashboard","event":"CASH_CLOSING_DASHBOARD_API_STARTED","filters":{"cluster":"","branch":"","fromDate":"","toDate":"","status":""},"timestamp":"2026-07-28T12:12:07.195Z"}
28/7/2026, 5:42:07 pm | {"api":"/api/cash-closing-dashboard","event":"CASH_CLOSING_DASHBOARD_DB_CONNECTED","timestamp":"2026-07-28T12:12:07.196Z"}
28/7/2026, 5:42:07 pm | {"api":"/api/cash-closing-dashboard","event":"CASH_CLOSING_DASHBOARD_QUERY_STARTED","filters":{"cluster":"","branch":"","fromDate":"","toDate":"","status":""},"timestamp":"2026-07-28T12:12:07.196Z"}
28/7/2026, 5:42:07 pm | {"api":"/api/cash-closing-dashboard","event":"CASH_CLOSING_DASHBOARD_DATA_FETCHED","totalRecords":56,"timestamp":"2026-07-28T12:12:07.202Z"}
28/7/2026, 5:42:07 pm | {"api":"/api/cash-closing-dashboard","event":"CASH_CLOSING_CLUSTER_FETCHED","totalClusters":4,"timestamp":"2026-07-28T12:12:07.205Z"}
28/7/2026, 5:42:07 pm | {"api":"/api/cash-closing-dashboard","event":"CASH_CLOSING_BRANCH_FETCHED","totalBranches":56,"timestamp":"2026-07-28T12:12:07.208Z"}
28/7/2026, 5:42:07 pm | {"api":"/api/cash-closing-dashboard","event":"CASH_CLOSING_DASHBOARD_SUCCESS","totalRecords":56,"filters":{"cluster":"","branch":"","fromDate":"","toDate":"","status":""},"timestamp":"2026-07-28T12:12:07.209Z"}
28/7/2026, 5:42:07 pm | {"api":"/api/cash-closing-dashboard","event":"CASH_CLOSING_DASHBOARD_API_STARTED","filters":{"cluster":"","branch":"","fromDate":"","toDate":"","status":""},"timestamp":"2026-07-28T12:12:07.409Z"}
28/7/2026, 5:42:07 pm | {"api":"/api/cash-closing-dashboard","event":"CASH_CLOSING_DASHBOARD_DB_CONNECTED","timestamp":"2026-07-28T12:12:07.410Z"}
28/7/2026, 5:42:07 pm | {"api":"/api/cash-closing-dashboard","event":"CASH_CLOSING_DASHBOARD_QUERY_STARTED","filters":{"cluster":"","branch":"","fromDate":"","toDate":"","status":""},"timestamp":"2026-07-28T12:12:07.411Z"}
28/7/2026, 5:42:07 pm | {"api":"/api/cash-closing-dashboard","event":"CASH_CLOSING_DASHBOARD_DATA_FETCHED","totalRecords":56,"timestamp":"2026-07-28T12:12:07.418Z"}
28/7/2026, 5:42:07 pm | {"api":"/api/cash-closing-dashboard","event":"CASH_CLOSING_CLUSTER_FETCHED","totalClusters":4,"timestamp":"2026-07-28T12:12:07.422Z"}
28/7/2026, 5:42:07 pm | {"api":"/api/cash-closing-dashboard","event":"CASH_CLOSING_BRANCH_FETCHED","totalBranches":56,"timestamp":"2026-07-28T12:12:07.426Z"}
28/7/2026, 5:42:07 pm | {"api":"/api/cash-closing-dashboard","event":"CASH_CLOSING_DASHBOARD_SUCCESS","totalRecords":56,"filters":{"cluster":"","branch":"","fromDate":"","toDate":"","status":""},"timestamp":"2026-07-28T12:12:07.427Z"}
28/7/2026, 5:42:07 pm | {"api":"/api/cash-closing-dashboard","event":"CASH_CLOSING_DASHBOARD_API_STARTED","filters":{"cluster":"","branch":"","fromDate":"","toDate":"","status":""},"timestamp":"2026-07-28T12:12:07.602Z"}
28/7/2026, 5:42:07 pm | {"api":"/api/cash-closing-dashboard","event":"CASH_CLOSING_DASHBOARD_DB_CONNECTED","timestamp":"2026-07-28T12:12:07.603Z"}
28/7/2026, 5:42:07 pm | {"api":"/api/cash-closing-dashboard","event":"CASH_CLOSING_DASHBOARD_QUERY_STARTED","filters":{"cluster":"","branch":"","fromDate":"","toDate":"","status":""},"timestamp":"2026-07-28T12:12:07.604Z"}
28/7/2026, 5:42:07 pm | {"api":"/api/cash-closing-dashboard","event":"CASH_CLOSING_DASHBOARD_DATA_FETCHED","totalRecords":56,"timestamp":"2026-07-28T12:12:07.611Z"}
28/7/2026, 5:42:07 pm | {"api":"/api/cash-closing-dashboard","event":"CASH_CLOSING_CLUSTER_FETCHED","totalClusters":4,"timestamp":"2026-07-28T12:12:07.614Z"}
28/7/2026, 5:42:07 pm | {"api":"/api/cash-closing-dashboard","event":"CASH_CLOSING_BRANCH_FETCHED","totalBranches":56,"timestamp":"2026-07-28T12:12:07.617Z"}
28/7/2026, 5:42:07 pm | {"api":"/api/cash-closing-dashboard","event":"CASH_CLOSING_DASHBOARD_SUCCESS","totalRecords":56,"filters":{"cluster":"","branch":"","fromDate":"","toDate":"","status":""},"timestamp":"2026-07-28T12:12:07.618Z"}
28/7/2026, 5:42:14 pm | {"api":"/api/cash-closing-dashboard","event":"CASH_CLOSING_DASHBOARD_API_STARTED","filters":{"cluster":"","branch":"","fromDate":"","toDate":"","status":""},"timestamp":"2026-07-28T12:12:14.219Z"}
28/7/2026, 5:42:14 pm | {"api":"/api/cash-closing-dashboard","event":"CASH_CLOSING_DASHBOARD_DB_CONNECTED","timestamp":"2026-07-28T12:12:14.220Z"}
28/7/2026, 5:42:14 pm | {"api":"/api/cash-closing-dashboard","event":"CASH_CLOSING_DASHBOARD_QUERY_STARTED","filters":{"cluster":"","branch":"","fromDate":"","toDate":"","status":""},"timestamp":"2026-07-28T12:12:14.221Z"}
28/7/2026, 5:42:14 pm | {"api":"/api/cash-closing-dashboard","event":"CASH_CLOSING_DASHBOARD_DATA_FETCHED","totalRecords":56,"timestamp":"2026-07-28T12:12:14.227Z"}
28/7/2026, 5:42:14 pm | {"api":"/api/cash-closing-dashboard","event":"CASH_CLOSING_CLUSTER_FETCHED","totalClusters":4,"timestamp":"2026-07-28T12:12:14.230Z"}
28/7/2026, 5:42:14 pm | {"api":"/api/cash-closing-dashboard","event":"CASH_CLOSING_BRANCH_FETCHED","totalBranches":56,"timestamp":"2026-07-28T12:12:14.233Z"}
28/7/2026, 5:42:14 pm | {"api":"/api/cash-closing-dashboard","event":"CASH_CLOSING_DASHBOARD_SUCCESS","totalRecords":56,"filters":{"cluster":"","branch":"","fromDate":"","toDate":"","status":""},"timestamp":"2026-07-28T12:12:14.234Z"}
28/7/2026, 5:42:14 pm | {"api":"/api/cash-closing-dashboard","event":"CASH_CLOSING_DASHBOARD_API_STARTED","filters":{"cluster":"","branch":"","fromDate":"","toDate":"","status":""},"timestamp":"2026-07-28T12:12:14.339Z"}
28/7/2026, 5:42:14 pm | {"api":"/api/cash-closing-dashboard","event":"CASH_CLOSING_DASHBOARD_DB_CONNECTED","timestamp":"2026-07-28T12:12:14.340Z"}
28/7/2026, 5:42:14 pm | {"api":"/api/cash-closing-dashboard","event":"CASH_CLOSING_DASHBOARD_QUERY_STARTED","filters":{"cluster":"","branch":"","fromDate":"","toDate":"","status":""},"timestamp":"2026-07-28T12:12:14.340Z"}
28/7/2026, 5:42:14 pm | {"api":"/api/cash-closing-dashboard","event":"CASH_CLOSING_DASHBOARD_DATA_FETCHED","totalRecords":56,"timestamp":"2026-07-28T12:12:14.347Z"}
28/7/2026, 5:42:14 pm | {"api":"/api/cash-closing-dashboard","event":"CASH_CLOSING_CLUSTER_FETCHED","totalClusters":4,"timestamp":"2026-07-28T12:12:14.351Z"}
28/7/2026, 5:42:14 pm | {"api":"/api/cash-closing-dashboard","event":"CASH_CLOSING_BRANCH_FETCHED","totalBranches":56,"timestamp":"2026-07-28T12:12:14.356Z"}
28/7/2026, 5:42:14 pm | {"api":"/api/cash-closing-dashboard","event":"CASH_CLOSING_DASHBOARD_SUCCESS","totalRecords":56,"filters":{"cluster":"","branch":"","fromDate":"","toDate":"","status":""},"timestamp":"2026-07-28T12:12:14.356Z"}
28/7/2026, 5:42:14 pm | {"api":"/api/cash-closing-dashboard","event":"CASH_CLOSING_DASHBOARD_API_STARTED","filters":{"cluster":"","branch":"","fromDate":"","toDate":"","status":""},"timestamp":"2026-07-28T12:12:14.529Z"}
28/7/2026, 5:42:14 pm | {"api":"/api/cash-closing-dashboard","event":"CASH_CLOSING_DASHBOARD_DB_CONNECTED","timestamp":"2026-07-28T12:12:14.530Z"}
28/7/2026, 5:42:14 pm | {"api":"/api/cash-closing-dashboard","event":"CASH_CLOSING_DASHBOARD_QUERY_STARTED","filters":{"cluster":"","branch":"","fromDate":"","toDate":"","status":""},"timestamp":"2026-07-28T12:12:14.531Z"}
28/7/2026, 5:42:14 pm | {"api":"/api/cash-closing-dashboard","event":"CASH_CLOSING_DASHBOARD_DATA_FETCHED","totalRecords":56,"timestamp":"2026-07-28T12:12:14.538Z"}
28/7/2026, 5:42:14 pm | {"api":"/api/cash-closing-dashboard","event":"CASH_CLOSING_CLUSTER_FETCHED","totalClusters":4,"timestamp":"2026-07-28T12:12:14.542Z"}
28/7/2026, 5:42:14 pm | {"api":"/api/cash-closing-dashboard","event":"CASH_CLOSING_BRANCH_FETCHED","totalBranches":56,"timestamp":"2026-07-28T12:12:14.545Z"}
28/7/2026, 5:42:14 pm | {"api":"/api/cash-closing-dashboard","event":"CASH_CLOSING_DASHBOARD_SUCCESS","totalRecords":56,"filters":{"cluster":"","branch":"","fromDate":"","toDate":"","status":""},"timestamp":"2026-07-28T12:12:14.546Z"}
28/7/2026, 5:42:20 pm | {"api":"/api/cash-closing-dashboard","event":"CASH_CLOSING_DASHBOARD_API_STARTED","filters":{"cluster":"","branch":"","fromDate":"","toDate":"","status":""},"timestamp":"2026-07-28T12:12:20.859Z"}
28/7/2026, 5:42:20 pm | {"api":"/api/cash-closing-dashboard","event":"CASH_CLOSING_DASHBOARD_DB_CONNECTED","timestamp":"2026-07-28T12:12:20.860Z"}
28/7/2026, 5:42:20 pm | {"api":"/api/cash-closing-dashboard","event":"CASH_CLOSING_DASHBOARD_QUERY_STARTED","filters":{"cluster":"","branch":"","fromDate":"","toDate":"","status":""},"timestamp":"2026-07-28T12:12:20.861Z"}
28/7/2026, 5:42:20 pm | {"api":"/api/cash-closing-dashboard","event":"CASH_CLOSING_DASHBOARD_DATA_FETCHED","totalRecords":56,"timestamp":"2026-07-28T12:12:20.867Z"}
28/7/2026, 5:42:20 pm | {"api":"/api/cash-closing-dashboard","event":"CASH_CLOSING_CLUSTER_FETCHED","totalClusters":4,"timestamp":"2026-07-28T12:12:20.870Z"}
28/7/2026, 5:42:20 pm | {"api":"/api/cash-closing-dashboard","event":"CASH_CLOSING_BRANCH_FETCHED","totalBranches":56,"timestamp":"2026-07-28T12:12:20.873Z"}
28/7/2026, 5:42:20 pm | {"api":"/api/cash-closing-dashboard","event":"CASH_CLOSING_DASHBOARD_SUCCESS","totalRecords":56,"filters":{"cluster":"","branch":"","fromDate":"","toDate":"","status":""},"timestamp":"2026-07-28T12:12:20.874Z"}
28/7/2026, 5:42:21 pm | {"api":"/api/cash-closing-dashboard","event":"CASH_CLOSING_DASHBOARD_API_STARTED","filters":{"cluster":"","branch":"","fromDate":"","toDate":"","status":""},"timestamp":"2026-07-28T12:12:21.009Z"}
28/7/2026, 5:42:21 pm | {"api":"/api/cash-closing-dashboard","event":"CASH_CLOSING_DASHBOARD_DB_CONNECTED","timestamp":"2026-07-28T12:12:21.010Z"}
28/7/2026, 5:42:21 pm | {"api":"/api/cash-closing-dashboard","event":"CASH_CLOSING_DASHBOARD_QUERY_STARTED","filters":{"cluster":"","branch":"","fromDate":"","toDate":"","status":""},"timestamp":"2026-07-28T12:12:21.011Z"}
28/7/2026, 5:42:21 pm | {"api":"/api/cash-closing-dashboard","event":"CASH_CLOSING_DASHBOARD_DATA_FETCHED","totalRecords":56,"timestamp":"2026-07-28T12:12:21.018Z"}
28/7/2026, 5:42:21 pm | {"api":"/api/cash-closing-dashboard","event":"CASH_CLOSING_CLUSTER_FETCHED","totalClusters":4,"timestamp":"2026-07-28T12:12:21.022Z"}
28/7/2026, 5:42:21 pm | {"api":"/api/cash-closing-dashboard","event":"CASH_CLOSING_BRANCH_FETCHED","totalBranches":56,"timestamp":"2026-07-28T12:12:21.026Z"}
28/7/2026, 5:42:21 pm | {"api":"/api/cash-closing-dashboard","event":"CASH_CLOSING_DASHBOARD_SUCCESS","totalRecords":56,"filters":{"cluster":"","branch":"","fromDate":"","toDate":"","status":""},"timestamp":"2026-07-28T12:12:21.026Z"}
28/7/2026, 5:42:21 pm | {"api":"/api/cash-closing-dashboard","event":"CASH_CLOSING_DASHBOARD_API_STARTED","filters":{"cluster":"","branch":"","fromDate":"","toDate":"","status":""},"timestamp":"2026-07-28T12:12:21.209Z"}
28/7/2026, 5:42:21 pm | {"api":"/api/cash-closing-dashboard","event":"CASH_CLOSING_DASHBOARD_DB_CONNECTED","timestamp":"2026-07-28T12:12:21.210Z"}
28/7/2026, 5:42:21 pm | {"api":"/api/cash-closing-dashboard","event":"CASH_CLOSING_DASHBOARD_QUERY_STARTED","filters":{"cluster":"","branch":"","fromDate":"","toDate":"","status":""},"timestamp":"2026-07-28T12:12:21.211Z"}
28/7/2026, 5:42:21 pm | {"api":"/api/cash-closing-dashboard","event":"CASH_CLOSING_DASHBOARD_DATA_FETCHED","totalRecords":56,"timestamp":"2026-07-28T12:12:21.218Z"}
28/7/2026, 5:42:21 pm | {"api":"/api/cash-closing-dashboard","event":"CASH_CLOSING_CLUSTER_FETCHED","totalClusters":4,"timestamp":"2026-07-28T12:12:21.221Z"}
28/7/2026, 5:42:21 pm | {"api":"/api/cash-closing-dashboard","event":"CASH_CLOSING_BRANCH_FETCHED","totalBranches":56,"timestamp":"2026-07-28T12:12:21.224Z"}
28/7/2026, 5:42:21 pm | {"api":"/api/cash-closing-dashboard","event":"CASH_CLOSING_DASHBOARD_SUCCESS","totalRecords":56,"filters":{"cluster":"","branch":"","fromDate":"","toDate":"","status":""},"timestamp":"2026-07-28T12:12:21.224Z"}
28/7/2026, 5:42:21 pm | {"api":"/api/cash-closing-dashboard","event":"CASH_CLOSING_DASHBOARD_API_STARTED","filters":{"cluster":"","branch":"","fromDate":"","toDate":"","status":""},"timestamp":"2026-07-28T12:12:21.392Z"}
28/7/2026, 5:42:21 pm | {"api":"/api/cash-closing-dashboard","event":"CASH_CLOSING_DASHBOARD_DB_CONNECTED","timestamp":"2026-07-28T12:12:21.393Z"}
28/7/2026, 5:42:21 pm | {"api":"/api/cash-closing-dashboard","event":"CASH_CLOSING_DASHBOARD_QUERY_STARTED","filters":{"cluster":"","branch":"","fromDate":"","toDate":"","status":""},"timestamp":"2026-07-28T12:12:21.394Z"}
28/7/2026, 5:42:21 pm | {"api":"/api/cash-closing-dashboard","event":"CASH_CLOSING_DASHBOARD_DATA_FETCHED","totalRecords":56,"timestamp":"2026-07-28T12:12:21.402Z"}
28/7/2026, 5:42:21 pm | {"api":"/api/cash-closing-dashboard","event":"CASH_CLOSING_CLUSTER_FETCHED","totalClusters":4,"timestamp":"2026-07-28T12:12:21.405Z"}
28/7/2026, 5:42:21 pm | {"api":"/api/cash-closing-dashboard","event":"CASH_CLOSING_BRANCH_FETCHED","totalBranches":56,"timestamp":"2026-07-28T12:12:21.408Z"}
28/7/2026, 5:42:21 pm | {"api":"/api/cash-closing-dashboard","event":"CASH_CLOSING_DASHBOARD_SUCCESS","totalRecords":56,"filters":{"cluster":"","branch":"","fromDate":"","toDate":"","status":""},"timestamp":"2026-07-28T12:12:21.408Z"}
28/7/2026, 5:42:21 pm | {"api":"/api/cash-closing-dashboard","event":"CASH_CLOSING_DASHBOARD_API_STARTED","filters":{"cluster":"","branch":"","fromDate":"","toDate":"","status":""},"timestamp":"2026-07-28T12:12:21.593Z"}
28/7/2026, 5:42:21 pm | {"api":"/api/cash-closing-dashboard","event":"CASH_CLOSING_DASHBOARD_DB_CONNECTED","timestamp":"2026-07-28T12:12:21.594Z"}
28/7/2026, 5:42:21 pm | {"api":"/api/cash-closing-dashboard","event":"CASH_CLOSING_DASHBOARD_QUERY_STARTED","filters":{"cluster":"","branch":"","fromDate":"","toDate":"","status":""},"timestamp":"2026-07-28T12:12:21.595Z"}
28/7/2026, 5:42:21 pm | {"api":"/api/cash-closing-dashboard","event":"CASH_CLOSING_DASHBOARD_DATA_FETCHED","totalRecords":56,"timestamp":"2026-07-28T12:12:21.602Z"}
28/7/2026, 5:42:21 pm | {"api":"/api/cash-closing-dashboard","event":"CASH_CLOSING_CLUSTER_FETCHED","totalClusters":4,"timestamp":"2026-07-28T12:12:21.605Z"}
28/7/2026, 5:42:21 pm | {"api":"/api/cash-closing-dashboard","event":"CASH_CLOSING_BRANCH_FETCHED","totalBranches":56,"timestamp":"2026-07-28T12:12:21.616Z"}
28/7/2026, 5:42:21 pm | {"api":"/api/cash-closing-dashboard","event":"CASH_CLOSING_DASHBOARD_SUCCESS","totalRecords":56,"filters":{"cluster":"","branch":"","fromDate":"","toDate":"","status":""},"timestamp":"2026-07-28T12:12:21.617Z"}
28/7/2026, 5:42:26 pm | {"api":"/api/cash-closing-dashboard","event":"CASH_CLOSING_DASHBOARD_API_STARTED","filters":{"cluster":"","branch":"","fromDate":"","toDate":"","status":""},"timestamp":"2026-07-28T12:12:26.180Z"}
28/7/2026, 5:42:26 pm | {"api":"/api/cash-closing-dashboard","event":"CASH_CLOSING_DASHBOARD_DB_CONNECTED","timestamp":"2026-07-28T12:12:26.181Z"}
28/7/2026, 5:42:26 pm | {"api":"/api/cash-closing-dashboard","event":"CASH_CLOSING_DASHBOARD_QUERY_STARTED","filters":{"cluster":"","branch":"","fromDate":"","toDate":"","status":""},"timestamp":"2026-07-28T12:12:26.181Z"}
28/7/2026, 5:42:26 pm | {"api":"/api/cash-closing-dashboard","event":"CASH_CLOSING_DASHBOARD_DATA_FETCHED","totalRecords":56,"timestamp":"2026-07-28T12:12:26.188Z"}
28/7/2026, 5:42:26 pm | {"api":"/api/cash-closing-dashboard","event":"CASH_CLOSING_CLUSTER_FETCHED","totalClusters":4,"timestamp":"2026-07-28T12:12:26.191Z"}
28/7/2026, 5:42:26 pm | {"api":"/api/cash-closing-dashboard","event":"CASH_CLOSING_BRANCH_FETCHED","totalBranches":56,"timestamp":"2026-07-28T12:12:26.195Z"}
28/7/2026, 5:42:26 pm | {"api":"/api/cash-closing-dashboard","event":"CASH_CLOSING_DASHBOARD_SUCCESS","totalRecords":56,"filters":{"cluster":"","branch":"","fromDate":"","toDate":"","status":""},"timestamp":"2026-07-28T12:12:26.195Z"}
28/7/2026, 5:42:26 pm | {"api":"/api/cash-closing-dashboard","event":"CASH_CLOSING_DASHBOARD_API_STARTED","filters":{"cluster":"","branch":"","fromDate":"","toDate":"","status":""},"timestamp":"2026-07-28T12:12:26.355Z"}
28/7/2026, 5:42:26 pm | {"api":"/api/cash-closing-dashboard","event":"CASH_CLOSING_DASHBOARD_DB_CONNECTED","timestamp":"2026-07-28T12:12:26.356Z"}
28/7/2026, 5:42:26 pm | {"api":"/api/cash-closing-dashboard","event":"CASH_CLOSING_DASHBOARD_QUERY_STARTED","filters":{"cluster":"","branch":"","fromDate":"","toDate":"","status":""},"timestamp":"2026-07-28T12:12:26.356Z"}
28/7/2026, 5:42:26 pm | {"api":"/api/cash-closing-dashboard","event":"CASH_CLOSING_DASHBOARD_DATA_FETCHED","totalRecords":56,"timestamp":"2026-07-28T12:12:26.362Z"}
28/7/2026, 5:42:26 pm | {"api":"/api/cash-closing-dashboard","event":"CASH_CLOSING_CLUSTER_FETCHED","totalClusters":4,"timestamp":"2026-07-28T12:12:26.366Z"}
28/7/2026, 5:42:26 pm | {"api":"/api/cash-closing-dashboard","event":"CASH_CLOSING_BRANCH_FETCHED","totalBranches":56,"timestamp":"2026-07-28T12:12:26.369Z"}
28/7/2026, 5:42:26 pm | {"api":"/api/cash-closing-dashboard","event":"CASH_CLOSING_DASHBOARD_SUCCESS","totalRecords":56,"filters":{"cluster":"","branch":"","fromDate":"","toDate":"","status":""},"timestamp":"2026-07-28T12:12:26.370Z"}
28/7/2026, 5:42:32 pm | {"api":"/api/cash-closing-dashboard","event":"CASH_CLOSING_DASHBOARD_API_STARTED","filters":{"cluster":"","branch":"","fromDate":"","toDate":"","status":""},"timestamp":"2026-07-28T12:12:32.355Z"}
28/7/2026, 5:42:32 pm | {"api":"/api/cash-closing-dashboard","event":"CASH_CLOSING_DASHBOARD_DB_CONNECTED","timestamp":"2026-07-28T12:12:32.356Z"}
28/7/2026, 5:42:32 pm | {"api":"/api/cash-closing-dashboard","event":"CASH_CLOSING_DASHBOARD_QUERY_STARTED","filters":{"cluster":"","branch":"","fromDate":"","toDate":"","status":""},"timestamp":"2026-07-28T12:12:32.356Z"}
28/7/2026, 5:42:32 pm | {"api":"/api/cash-closing-dashboard","event":"CASH_CLOSING_DASHBOARD_DATA_FETCHED","totalRecords":56,"timestamp":"2026-07-28T12:12:32.363Z"}
28/7/2026, 5:42:32 pm | {"api":"/api/cash-closing-dashboard","event":"CASH_CLOSING_CLUSTER_FETCHED","totalClusters":4,"timestamp":"2026-07-28T12:12:32.366Z"}
28/7/2026, 5:42:32 pm | {"api":"/api/cash-closing-dashboard","event":"CASH_CLOSING_BRANCH_FETCHED","totalBranches":56,"timestamp":"2026-07-28T12:12:32.369Z"}
28/7/2026, 5:42:32 pm | {"api":"/api/cash-closing-dashboard","event":"CASH_CLOSING_DASHBOARD_SUCCESS","totalRecords":56,"filters":{"cluster":"","branch":"","fromDate":"","toDate":"","status":""},"timestamp":"2026-07-28T12:12:32.370Z"}
28/7/2026, 5:42:32 pm | {"api":"/api/cash-closing-dashboard","event":"CASH_CLOSING_DASHBOARD_API_STARTED","filters":{"cluster":"","branch":"","fromDate":"","toDate":"","status":""},"timestamp":"2026-07-28T12:12:32.555Z"}
28/7/2026, 5:42:32 pm | {"api":"/api/cash-closing-dashboard","event":"CASH_CLOSING_DASHBOARD_DB_CONNECTED","timestamp":"2026-07-28T12:12:32.556Z"}
28/7/2026, 5:42:32 pm | {"api":"/api/cash-closing-dashboard","event":"CASH_CLOSING_DASHBOARD_QUERY_STARTED","filters":{"cluster":"","branch":"","fromDate":"","toDate":"","status":""},"timestamp":"2026-07-28T12:12:32.556Z"}
28/7/2026, 5:42:32 pm | {"api":"/api/cash-closing-dashboard","event":"CASH_CLOSING_DASHBOARD_DATA_FETCHED","totalRecords":56,"timestamp":"2026-07-28T12:12:32.561Z"}
28/7/2026, 5:42:32 pm | {"api":"/api/cash-closing-dashboard","event":"CASH_CLOSING_CLUSTER_FETCHED","totalClusters":4,"timestamp":"2026-07-28T12:12:32.565Z"}
28/7/2026, 5:42:32 pm | {"api":"/api/cash-closing-dashboard","event":"CASH_CLOSING_BRANCH_FETCHED","totalBranches":56,"timestamp":"2026-07-28T12:12:32.568Z"}
28/7/2026, 5:42:32 pm | {"api":"/api/cash-closing-dashboard","event":"CASH_CLOSING_DASHBOARD_SUCCESS","totalRecords":56,"filters":{"cluster":"","branch":"","fromDate":"","toDate":"","status":""},"timestamp":"2026-07-28T12:12:32.569Z"}
28/7/2026, 5:42:33 pm | {"api":"/api/cash-closing-dashboard","event":"CASH_CLOSING_DASHBOARD_API_STARTED","filters":{"cluster":"","branch":"","fromDate":"","toDate":"","status":""},"timestamp":"2026-07-28T12:12:33.451Z"}
28/7/2026, 5:42:33 pm | {"api":"/api/cash-closing-dashboard","event":"CASH_CLOSING_DASHBOARD_DB_CONNECTED","timestamp":"2026-07-28T12:12:33.452Z"}
28/7/2026, 5:42:33 pm | {"api":"/api/cash-closing-dashboard","event":"CASH_CLOSING_DASHBOARD_QUERY_STARTED","filters":{"cluster":"","branch":"","fromDate":"","toDate":"","status":""},"timestamp":"2026-07-28T12:12:33.452Z"}
28/7/2026, 5:42:33 pm | {"api":"/api/cash-closing-dashboard","event":"CASH_CLOSING_DASHBOARD_DATA_FETCHED","totalRecords":56,"timestamp":"2026-07-28T12:12:33.459Z"}
28/7/2026, 5:42:33 pm | {"api":"/api/cash-closing-dashboard","event":"CASH_CLOSING_CLUSTER_FETCHED","totalClusters":4,"timestamp":"2026-07-28T12:12:33.462Z"}
28/7/2026, 5:42:33 pm | {"api":"/api/cash-closing-dashboard","event":"CASH_CLOSING_BRANCH_FETCHED","totalBranches":56,"timestamp":"2026-07-28T12:12:33.465Z"}
28/7/2026, 5:42:33 pm | {"api":"/api/cash-closing-dashboard","event":"CASH_CLOSING_DASHBOARD_SUCCESS","totalRecords":56,"filters":{"cluster":"","branch":"","fromDate":"","toDate":"","status":""},"timestamp":"2026-07-28T12:12:33.466Z"}
28/7/2026, 5:42:33 pm | {"api":"/api/cash-closing-dashboard","event":"CASH_CLOSING_DASHBOARD_API_STARTED","filters":{"cluster":"","branch":"","fromDate":"","toDate":"","status":""},"timestamp":"2026-07-28T12:12:33.659Z"}
28/7/2026, 5:42:33 pm | {"api":"/api/cash-closing-dashboard","event":"CASH_CLOSING_DASHBOARD_DB_CONNECTED","timestamp":"2026-07-28T12:12:33.660Z"}
28/7/2026, 5:42:33 pm | {"api":"/api/cash-closing-dashboard","event":"CASH_CLOSING_DASHBOARD_QUERY_STARTED","filters":{"cluster":"","branch":"","fromDate":"","toDate":"","status":""},"timestamp":"2026-07-28T12:12:33.661Z"}
28/7/2026, 5:42:33 pm | {"api":"/api/cash-closing-dashboard","event":"CASH_CLOSING_DASHBOARD_DATA_FETCHED","totalRecords":56,"timestamp":"2026-07-28T12:12:33.667Z"}
28/7/2026, 5:42:33 pm | {"api":"/api/cash-closing-dashboard","event":"CASH_CLOSING_CLUSTER_FETCHED","totalClusters":4,"timestamp":"2026-07-28T12:12:33.671Z"}
28/7/2026, 5:42:33 pm | {"api":"/api/cash-closing-dashboard","event":"CASH_CLOSING_BRANCH_FETCHED","totalBranches":56,"timestamp":"2026-07-28T12:12:33.674Z"}
28/7/2026, 5:42:33 pm | {"api":"/api/cash-closing-dashboard","event":"CASH_CLOSING_DASHBOARD_SUCCESS","totalRecords":56,"filters":{"cluster":"","branch":"","fromDate":"","toDate":"","status":""},"timestamp":"2026-07-28T12:12:33.675Z"}
28/7/2026, 5:42:38 pm | {"api":"/api/cash-closing-dashboard","event":"CASH_CLOSING_DASHBOARD_API_STARTED","filters":{"cluster":"","branch":"","fromDate":"","toDate":"","status":""},"timestamp":"2026-07-28T12:12:38.918Z"}
28/7/2026, 5:42:38 pm | {"api":"/api/cash-closing-dashboard","event":"CASH_CLOSING_DASHBOARD_DB_CONNECTED","timestamp":"2026-07-28T12:12:38.919Z"}
28/7/2026, 5:42:38 pm | {"api":"/api/cash-closing-dashboard","event":"CASH_CLOSING_DASHBOARD_QUERY_STARTED","filters":{"cluster":"","branch":"","fromDate":"","toDate":"","status":""},"timestamp":"2026-07-28T12:12:38.920Z"}
28/7/2026, 5:42:38 pm | {"api":"/api/cash-closing-dashboard","event":"CASH_CLOSING_DASHBOARD_DATA_FETCHED","totalRecords":56,"timestamp":"2026-07-28T12:12:38.925Z"}
28/7/2026, 5:42:38 pm | {"api":"/api/cash-closing-dashboard","event":"CASH_CLOSING_CLUSTER_FETCHED","totalClusters":4,"timestamp":"2026-07-28T12:12:38.929Z"}
28/7/2026, 5:42:38 pm | {"api":"/api/cash-closing-dashboard","event":"CASH_CLOSING_BRANCH_FETCHED","totalBranches":56,"timestamp":"2026-07-28T12:12:38.932Z"}
28/7/2026, 5:42:38 pm | {"api":"/api/cash-closing-dashboard","event":"CASH_CLOSING_DASHBOARD_SUCCESS","totalRecords":56,"filters":{"cluster":"","branch":"","fromDate":"","toDate":"","status":""},"timestamp":"2026-07-28T12:12:38.933Z"}
28/7/2026, 5:42:39 pm | {"api":"/api/cash-closing-dashboard","event":"CASH_CLOSING_DASHBOARD_API_STARTED","filters":{"cluster":"","branch":"","fromDate":"","toDate":"","status":""},"timestamp":"2026-07-28T12:12:39.084Z"}
28/7/2026, 5:42:39 pm | {"api":"/api/cash-closing-dashboard","event":"CASH_CLOSING_DASHBOARD_DB_CONNECTED","timestamp":"2026-07-28T12:12:39.085Z"}
28/7/2026, 5:42:39 pm | {"api":"/api/cash-closing-dashboard","event":"CASH_CLOSING_DASHBOARD_QUERY_STARTED","filters":{"cluster":"","branch":"","fromDate":"","toDate":"","status":""},"timestamp":"2026-07-28T12:12:39.086Z"}
28/7/2026, 5:42:39 pm | {"api":"/api/cash-closing-dashboard","event":"CASH_CLOSING_DASHBOARD_DATA_FETCHED","totalRecords":56,"timestamp":"2026-07-28T12:12:39.091Z"}
28/7/2026, 5:42:39 pm | {"api":"/api/cash-closing-dashboard","event":"CASH_CLOSING_CLUSTER_FETCHED","totalClusters":4,"timestamp":"2026-07-28T12:12:39.095Z"}
28/7/2026, 5:42:39 pm | {"api":"/api/cash-closing-dashboard","event":"CASH_CLOSING_BRANCH_FETCHED","totalBranches":56,"timestamp":"2026-07-28T12:12:39.099Z"}
28/7/2026, 5:42:39 pm | {"api":"/api/cash-closing-dashboard","event":"CASH_CLOSING_DASHBOARD_SUCCESS","totalRecords":56,"filters":{"cluster":"","branch":"","fromDate":"","toDate":"","status":""},"timestamp":"2026-07-28T12:12:39.099Z"}
28/7/2026, 5:42:42 pm | {"api":"/api/cash-closing-dashboard","event":"CASH_CLOSING_DASHBOARD_API_STARTED","filters":{"cluster":"","branch":"","fromDate":"","toDate":"","status":""},"timestamp":"2026-07-28T12:12:42.643Z"}
28/7/2026, 5:42:42 pm | {"api":"/api/cash-closing-dashboard","event":"CASH_CLOSING_DASHBOARD_DB_CONNECTED","timestamp":"2026-07-28T12:12:42.644Z"}
28/7/2026, 5:42:42 pm | {"api":"/api/cash-closing-dashboard","event":"CASH_CLOSING_DASHBOARD_QUERY_STARTED","filters":{"cluster":"","branch":"","fromDate":"","toDate":"","status":""},"timestamp":"2026-07-28T12:12:42.645Z"}
28/7/2026, 5:42:42 pm | {"api":"/api/cash-closing-dashboard","event":"CASH_CLOSING_DASHBOARD_DATA_FETCHED","totalRecords":56,"timestamp":"2026-07-28T12:12:42.652Z"}
28/7/2026, 5:42:42 pm | {"api":"/api/cash-closing-dashboard","event":"CASH_CLOSING_CLUSTER_FETCHED","totalClusters":4,"timestamp":"2026-07-28T12:12:42.655Z"}
28/7/2026, 5:42:42 pm | {"api":"/api/cash-closing-dashboard","event":"CASH_CLOSING_BRANCH_FETCHED","totalBranches":56,"timestamp":"2026-07-28T12:12:42.658Z"}
28/7/2026, 5:42:42 pm | {"api":"/api/cash-closing-dashboard","event":"CASH_CLOSING_DASHBOARD_SUCCESS","totalRecords":56,"filters":{"cluster":"","branch":"","fromDate":"","toDate":"","status":""},"timestamp":"2026-07-28T12:12:42.660Z"}
28/7/2026, 5:42:42 pm | {"api":"/api/cash-closing-dashboard","event":"CASH_CLOSING_DASHBOARD_API_STARTED","filters":{"cluster":"","branch":"","fromDate":"","toDate":"","status":""},"timestamp":"2026-07-28T12:12:42.843Z"}
28/7/2026, 5:42:42 pm | {"api":"/api/cash-closing-dashboard","event":"CASH_CLOSING_DASHBOARD_DB_CONNECTED","timestamp":"2026-07-28T12:12:42.844Z"}
28/7/2026, 5:42:42 pm | {"api":"/api/cash-closing-dashboard","event":"CASH_CLOSING_DASHBOARD_QUERY_STARTED","filters":{"cluster":"","branch":"","fromDate":"","toDate":"","status":""},"timestamp":"2026-07-28T12:12:42.845Z"}
28/7/2026, 5:42:42 pm | {"api":"/api/cash-closing-dashboard","event":"CASH_CLOSING_DASHBOARD_DATA_FETCHED","totalRecords":56,"timestamp":"2026-07-28T12:12:42.851Z"}
28/7/2026, 5:42:42 pm | {"api":"/api/cash-closing-dashboard","event":"CASH_CLOSING_CLUSTER_FETCHED","totalClusters":4,"timestamp":"2026-07-28T12:12:42.854Z"}
28/7/2026, 5:42:42 pm | {"api":"/api/cash-closing-dashboard","event":"CASH_CLOSING_BRANCH_FETCHED","totalBranches":56,"timestamp":"2026-07-28T12:12:42.858Z"}
28/7/2026, 5:42:42 pm | {"api":"/api/cash-closing-dashboard","event":"CASH_CLOSING_DASHBOARD_SUCCESS","totalRecords":56,"filters":{"cluster":"","branch":"","fromDate":"","toDate":"","status":""},"timestamp":"2026-07-28T12:12:42.858Z"}
28/7/2026, 5:42:43 pm | {"api":"/api/cash-closing-dashboard","event":"CASH_CLOSING_DASHBOARD_API_STARTED","filters":{"cluster":"","branch":"","fromDate":"","toDate":"","status":""},"timestamp":"2026-07-28T12:12:43.060Z"}
28/7/2026, 5:42:43 pm | {"api":"/api/cash-closing-dashboard","event":"CASH_CLOSING_DASHBOARD_DB_CONNECTED","timestamp":"2026-07-28T12:12:43.061Z"}
28/7/2026, 5:42:43 pm | {"api":"/api/cash-closing-dashboard","event":"CASH_CLOSING_DASHBOARD_QUERY_STARTED","filters":{"cluster":"","branch":"","fromDate":"","toDate":"","status":""},"timestamp":"2026-07-28T12:12:43.061Z"}
28/7/2026, 5:42:43 pm | {"api":"/api/cash-closing-dashboard","event":"CASH_CLOSING_DASHBOARD_DATA_FETCHED","totalRecords":56,"timestamp":"2026-07-28T12:12:43.067Z"}
28/7/2026, 5:42:43 pm | {"api":"/api/cash-closing-dashboard","event":"CASH_CLOSING_CLUSTER_FETCHED","totalClusters":4,"timestamp":"2026-07-28T12:12:43.073Z"}
28/7/2026, 5:42:43 pm | {"api":"/api/cash-closing-dashboard","event":"CASH_CLOSING_BRANCH_FETCHED","totalBranches":56,"timestamp":"2026-07-28T12:12:43.076Z"}
28/7/2026, 5:42:43 pm | {"api":"/api/cash-closing-dashboard","event":"CASH_CLOSING_DASHBOARD_SUCCESS","totalRecords":56,"filters":{"cluster":"","branch":"","fromDate":"","toDate":"","status":""},"timestamp":"2026-07-28T12:12:43.077Z"}
28/7/2026, 5:42:43 pm | {"api":"/login","event":"LOGIN_API_STARTED","mpin":"0125","deviceId":"8ee9b1f9a9989659","timestamp":"2026-07-28T12:12:43.256Z"}
28/7/2026, 5:42:43 pm | {"event":"LOGIN_REQUEST","mpin":"0125","deviceId":"8ee9b1f9a9989659","timestamp":"2026-07-28T12:12:43.257Z"}
28/7/2026, 5:42:43 pm | {"api":"/login","event":"LOGIN_DB_QUERY_STARTED","mpin":"0125","timestamp":"2026-07-28T12:12:43.258Z"}
28/7/2026, 5:42:43 pm | {"api":"/login","event":"LOGIN_USER_FOUND","empNo":"521","branch":"Kommadi","designation":"Branch Manager","timestamp":"2026-07-28T12:12:43.268Z"}
28/7/2026, 5:42:43 pm | {"api":"/login","event":"LOGIN_DEVICE_CHECK","empNo":"521","savedDevice":"8ee9b1f9a9989659","currentDevice":"8ee9b1f9a9989659","timestamp":"2026-07-28T12:12:43.269Z"}
28/7/2026, 5:42:43 pm | {"api":"/login","event":"LOGIN_SUCCESS","empNo":"521","branch":"Kommadi","designation":"Branch Manager","loginTime":"2026-07-28T12:12:43.276Z"}
28/7/2026, 5:42:43 pm | {"api":"/employee/:empNo","event":"EMPLOYEE_API_STARTED","empNo":"521","timestamp":"2026-07-28T12:12:43.494Z"}
28/7/2026, 5:42:43 pm | {"api":"/employee/:empNo","event":"EMPLOYEE_DB_QUERY_STARTED","empNo":"521","timestamp":"2026-07-28T12:12:43.495Z"}
28/7/2026, 5:42:43 pm | {"api":"/employee/:empNo","event":"EMPLOYEE_FETCH_SUCCESS","empNo":"521","employeeName":"Shaik Nazima Firdhoz","branch":"Kommadi","designation":"Branch Manager","timestamp":"2026-07-28T12:12:43.499Z"}
28/7/2026, 5:42:43 pm | {"api":"/last-submission/:empNo","event":"LAST_SUBMISSION_API_STARTED","empNo":"521","timestamp":"2026-07-28T12:12:43.569Z"}
28/7/2026, 5:42:43 pm | {"api":"/last-submission/:empNo","event":"LAST_SUBMISSION_DB_QUERY_STARTED","empNo":"521","timestamp":"2026-07-28T12:12:43.570Z"}
28/7/2026, 5:42:43 pm | {"api":"/last-submission/:empNo","event":"LAST_SUBMISSION_FETCH_SUCCESS","empNo":"521","amount":4400000,"actionAt":"2026-07-27 17:54:58","timestamp":"2026-07-28T12:12:43.575Z"}
28/7/2026, 5:42:43 pm | {"api":"/today-cash/:empNo","event":"TODAY_CASH_API_STARTED","empNo":"521","timestamp":"2026-07-28T12:12:43.679Z"}
28/7/2026, 5:42:43 pm | {"api":"/today-cash/:empNo","event":"TODAY_CASH_DB_QUERY_STARTED","empNo":"521","timestamp":"2026-07-28T12:12:43.680Z"}
28/7/2026, 5:42:43 pm | {"api":"/today-cash/:empNo","event":"TODAY_CASH_NOT_FOUND","empNo":"521","timestamp":"2026-07-28T12:12:43.684Z"}
28/7/2026, 5:42:58 pm | {"api":"/login","event":"LOGIN_API_STARTED","mpin":"1976","deviceId":"737ffa3c70822aa7","timestamp":"2026-07-28T12:12:58.928Z"}
28/7/2026, 5:42:58 pm | {"event":"LOGIN_REQUEST","mpin":"1976","deviceId":"737ffa3c70822aa7","timestamp":"2026-07-28T12:12:58.929Z"}
28/7/2026, 5:42:58 pm | {"api":"/login","event":"LOGIN_DB_QUERY_STARTED","mpin":"1976","timestamp":"2026-07-28T12:12:58.930Z"}
28/7/2026, 5:42:58 pm | {"api":"/login","event":"LOGIN_USER_FOUND","empNo":"294","branch":"Vijayawada","designation":"Branch Manager","timestamp":"2026-07-28T12:12:58.934Z"}
28/7/2026, 5:42:58 pm | {"api":"/login","event":"LOGIN_DEVICE_CHECK","empNo":"294","savedDevice":"737ffa3c70822aa7","currentDevice":"737ffa3c70822aa7","timestamp":"2026-07-28T12:12:58.934Z"}
28/7/2026, 5:42:58 pm | {"api":"/login","event":"LOGIN_SUCCESS","empNo":"294","branch":"Vijayawada","designation":"Branch Manager","loginTime":"2026-07-28T12:12:58.942Z"}
28/7/2026, 5:42:59 pm | {"api":"/employee/:empNo","event":"EMPLOYEE_API_STARTED","empNo":"294","timestamp":"2026-07-28T12:12:59.223Z"}
28/7/2026, 5:42:59 pm | {"api":"/employee/:empNo","event":"EMPLOYEE_DB_QUERY_STARTED","empNo":"294","timestamp":"2026-07-28T12:12:59.225Z"}
28/7/2026, 5:42:59 pm | {"api":"/employee/:empNo","event":"EMPLOYEE_FETCH_SUCCESS","empNo":"294","employeeName":"D. Vara Prasad","branch":"Vijayawada","designation":"Branch Manager","timestamp":"2026-07-28T12:12:59.229Z"}
28/7/2026, 5:42:59 pm | {"api":"/last-submission/:empNo","event":"LAST_SUBMISSION_API_STARTED","empNo":"294","timestamp":"2026-07-28T12:12:59.271Z"}
28/7/2026, 5:42:59 pm | {"api":"/last-submission/:empNo","event":"LAST_SUBMISSION_DB_QUERY_STARTED","empNo":"294","timestamp":"2026-07-28T12:12:59.271Z"}
28/7/2026, 5:42:59 pm | {"api":"/last-submission/:empNo","event":"LAST_SUBMISSION_FETCH_SUCCESS","empNo":"294","amount":2600000,"actionAt":"2026-07-27 17:50:03","timestamp":"2026-07-28T12:12:59.276Z"}
28/7/2026, 5:42:59 pm | {"api":"/today-cash/:empNo","event":"TODAY_CASH_API_STARTED","empNo":"294","timestamp":"2026-07-28T12:12:59.365Z"}
28/7/2026, 5:42:59 pm | {"api":"/today-cash/:empNo","event":"TODAY_CASH_DB_QUERY_STARTED","empNo":"294","timestamp":"2026-07-28T12:12:59.367Z"}
28/7/2026, 5:42:59 pm | {"api":"/today-cash/:empNo","event":"TODAY_CASH_NOT_FOUND","empNo":"294","timestamp":"2026-07-28T12:12:59.372Z"}
28/7/2026, 5:43:04 pm | {"api":"/save-cash-closing","event":"SAVE_CASH_API_STARTED","empNo":"521","amount":"2800000","timestamp":"2026-07-28T12:13:04.885Z"}
28/7/2026, 5:43:04 pm | {"api":"/save-cash-closing","event":"PREVIOUS_DAY_RECORD_FOUND","empNo":"521","oldDate":"2026-07-27T00:00:00.000Z","amount":4400000,"timestamp":"2026-07-28T12:13:04.891Z"}
28/7/2026, 5:43:04 pm | {"api":"/save-cash-closing","event":"PREVIOUS_DAY_MOVED_TO_HISTORY","empNo":"521","timestamp":"2026-07-28T12:13:04.898Z"}
28/7/2026, 5:43:04 pm | {"api":"/save-cash-closing","event":"PREVIOUS_DAY_DELETED","empNo":"521","timestamp":"2026-07-28T12:13:04.904Z"}
28/7/2026, 5:43:04 pm | {"api":"/save-cash-closing","event":"SAVE_CASH_NEW_ENTRY","empNo":"521","amount":"2800000","branch":"Kommadi","timestamp":"2026-07-28T12:13:04.907Z"}
28/7/2026, 5:43:04 pm | {"api":"/save-cash-closing","event":"SAVE_CASH_HISTORY_INSERTED","empNo":"521","actionType":"ADDED","version":1,"timestamp":"2026-07-28T12:13:04.919Z"}
28/7/2026, 5:43:04 pm | {"api":"/save-cash-closing","event":"SAVE_CASH_SUCCESS","type":"INSERT","empNo":"521","amount":"2800000","timestamp":"2026-07-28T12:13:04.920Z"}
28/7/2026, 5:43:05 pm | {"api":"/save-cash-closing","event":"SAVE_CASH_API_STARTED","empNo":"294","amount":"2500000","timestamp":"2026-07-28T12:13:05.984Z"}
28/7/2026, 5:43:05 pm | {"api":"/save-cash-closing","event":"PREVIOUS_DAY_RECORD_FOUND","empNo":"294","oldDate":"2026-07-27T00:00:00.000Z","amount":2600000,"timestamp":"2026-07-28T12:13:05.990Z"}
28/7/2026, 5:43:05 pm | {"api":"/save-cash-closing","event":"PREVIOUS_DAY_MOVED_TO_HISTORY","empNo":"294","timestamp":"2026-07-28T12:13:05.997Z"}
28/7/2026, 5:43:06 pm | {"api":"/save-cash-closing","event":"PREVIOUS_DAY_DELETED","empNo":"294","timestamp":"2026-07-28T12:13:06.003Z"}
28/7/2026, 5:43:06 pm | {"api":"/save-cash-closing","event":"SAVE_CASH_NEW_ENTRY","empNo":"294","amount":"2500000","branch":"Vijayawada","timestamp":"2026-07-28T12:13:06.006Z"}
28/7/2026, 5:43:06 pm | {"api":"/save-cash-closing","event":"SAVE_CASH_HISTORY_INSERTED","empNo":"294","actionType":"ADDED","version":1,"timestamp":"2026-07-28T12:13:06.018Z"}
28/7/2026, 5:43:06 pm | {"api":"/save-cash-closing","event":"SAVE_CASH_SUCCESS","type":"INSERT","empNo":"294","amount":"2500000","timestamp":"2026-07-28T12:13:06.019Z"}
28/7/2026, 5:43:08 pm | {"api":"/save-cash-closing","event":"SAVE_CASH_API_STARTED","empNo":"294","amount":"2500000","timestamp":"2026-07-28T12:13:08.777Z"}
28/7/2026, 5:43:08 pm | {"api":"/save-cash-closing","event":"SAVE_CASH_UPDATE_STARTED","empNo":"294","oldAmount":2500000,"newAmount":"2500000","currentVersion":1,"nextVersion":2,"timestamp":"2026-07-28T12:13:08.786Z"}
28/7/2026, 5:43:08 pm | {"api":"/save-cash-closing","event":"SAVE_CASH_HISTORY_UPDATED","empNo":"294","version":2,"timestamp":"2026-07-28T12:13:08.798Z"}
28/7/2026, 5:43:08 pm | {"api":"/save-cash-closing","event":"SAVE_CASH_SUCCESS","type":"UPDATE","empNo":"294","amount":"2500000","version":2,"timestamp":"2026-07-28T12:13:08.799Z"}
28/7/2026, 5:43:18 pm | {"api":"/save-cash-closing","event":"SAVE_CASH_API_STARTED","empNo":"117","amount":"2100000","timestamp":"2026-07-28T12:13:18.962Z"}
28/7/2026, 5:43:18 pm | {"api":"/save-cash-closing","event":"PREVIOUS_DAY_RECORD_FOUND","empNo":"117","oldDate":"2026-07-27T00:00:00.000Z","amount":1900000,"timestamp":"2026-07-28T12:13:18.970Z"}
28/7/2026, 5:43:18 pm | {"api":"/save-cash-closing","event":"PREVIOUS_DAY_MOVED_TO_HISTORY","empNo":"117","timestamp":"2026-07-28T12:13:18.979Z"}
28/7/2026, 5:43:18 pm | {"api":"/save-cash-closing","event":"PREVIOUS_DAY_DELETED","empNo":"117","timestamp":"2026-07-28T12:13:18.986Z"}
28/7/2026, 5:43:18 pm | {"api":"/save-cash-closing","event":"SAVE_CASH_NEW_ENTRY","empNo":"117","amount":"2100000","branch":"Eluru","timestamp":"2026-07-28T12:13:18.989Z"}
28/7/2026, 5:43:19 pm | {"api":"/save-cash-closing","event":"SAVE_CASH_HISTORY_INSERTED","empNo":"117","actionType":"ADDED","version":1,"timestamp":"2026-07-28T12:13:19.001Z"}
28/7/2026, 5:43:19 pm | {"api":"/save-cash-closing","event":"SAVE_CASH_SUCCESS","type":"INSERT","empNo":"117","amount":"2100000","timestamp":"2026-07-28T12:13:19.002Z"}
28/7/2026, 5:43:59 pm | {"api":"/login","event":"LOGIN_API_STARTED","mpin":"1983","deviceId":"5204688323f27841","timestamp":"2026-07-28T12:13:59.574Z"}
28/7/2026, 5:43:59 pm | {"event":"LOGIN_REQUEST","mpin":"1983","deviceId":"5204688323f27841","timestamp":"2026-07-28T12:13:59.575Z"}
28/7/2026, 5:43:59 pm | {"api":"/login","event":"LOGIN_DB_QUERY_STARTED","mpin":"1983","timestamp":"2026-07-28T12:13:59.576Z"}
28/7/2026, 5:43:59 pm | {"api":"/login","event":"LOGIN_USER_FOUND","empNo":"928","branch":"Palakol","designation":"Branch Manager","timestamp":"2026-07-28T12:13:59.588Z"}
28/7/2026, 5:43:59 pm | {"api":"/login","event":"LOGIN_DEVICE_CHECK","empNo":"928","savedDevice":"5204688323f27841","currentDevice":"5204688323f27841","timestamp":"2026-07-28T12:13:59.589Z"}
28/7/2026, 5:43:59 pm | {"api":"/login","event":"LOGIN_SUCCESS","empNo":"928","branch":"Palakol","designation":"Branch Manager","loginTime":"2026-07-28T12:13:59.595Z"}
28/7/2026, 5:44:00 pm | {"api":"/employee/:empNo","event":"EMPLOYEE_API_STARTED","empNo":"928","timestamp":"2026-07-28T12:14:00.158Z"}
28/7/2026, 5:44:00 pm | {"api":"/employee/:empNo","event":"EMPLOYEE_DB_QUERY_STARTED","empNo":"928","timestamp":"2026-07-28T12:14:00.159Z"}
28/7/2026, 5:44:00 pm | {"api":"/employee/:empNo","event":"EMPLOYEE_FETCH_SUCCESS","empNo":"928","employeeName":"P Satyanarayana","branch":"Palakol","designation":"Branch Manager","timestamp":"2026-07-28T12:14:00.164Z"}
28/7/2026, 5:44:00 pm | {"api":"/last-submission/:empNo","event":"LAST_SUBMISSION_API_STARTED","empNo":"928","timestamp":"2026-07-28T12:14:00.298Z"}
28/7/2026, 5:44:00 pm | {"api":"/last-submission/:empNo","event":"LAST_SUBMISSION_DB_QUERY_STARTED","empNo":"928","timestamp":"2026-07-28T12:14:00.299Z"}
28/7/2026, 5:44:00 pm | {"api":"/last-submission/:empNo","event":"LAST_SUBMISSION_FETCH_SUCCESS","empNo":"928","amount":269657,"actionAt":"2026-07-27 17:48:34","timestamp":"2026-07-28T12:14:00.304Z"}
28/7/2026, 5:44:00 pm | {"api":"/today-cash/:empNo","event":"TODAY_CASH_API_STARTED","empNo":"928","timestamp":"2026-07-28T12:14:00.538Z"}
28/7/2026, 5:44:00 pm | {"api":"/today-cash/:empNo","event":"TODAY_CASH_DB_QUERY_STARTED","empNo":"928","timestamp":"2026-07-28T12:14:00.539Z"}
28/7/2026, 5:44:00 pm | {"api":"/today-cash/:empNo","event":"TODAY_CASH_NOT_FOUND","empNo":"928","timestamp":"2026-07-28T12:14:00.543Z"}
28/7/2026, 5:44:13 pm | {"api":"/save-cash-closing","event":"SAVE_CASH_API_STARTED","empNo":"928","amount":"651538","timestamp":"2026-07-28T12:14:13.878Z"}
28/7/2026, 5:44:13 pm | {"api":"/save-cash-closing","event":"PREVIOUS_DAY_RECORD_FOUND","empNo":"928","oldDate":"2026-07-27T00:00:00.000Z","amount":269657,"timestamp":"2026-07-28T12:14:13.884Z"}
28/7/2026, 5:44:13 pm | {"api":"/save-cash-closing","event":"PREVIOUS_DAY_MOVED_TO_HISTORY","empNo":"928","timestamp":"2026-07-28T12:14:13.891Z"}
28/7/2026, 5:44:13 pm | {"api":"/save-cash-closing","event":"PREVIOUS_DAY_DELETED","empNo":"928","timestamp":"2026-07-28T12:14:13.897Z"}
28/7/2026, 5:44:13 pm | {"api":"/save-cash-closing","event":"SAVE_CASH_NEW_ENTRY","empNo":"928","amount":"651538","branch":"Palakol","timestamp":"2026-07-28T12:14:13.900Z"}
28/7/2026, 5:44:13 pm | {"api":"/save-cash-closing","event":"SAVE_CASH_HISTORY_INSERTED","empNo":"928","actionType":"ADDED","version":1,"timestamp":"2026-07-28T12:14:13.911Z"}
28/7/2026, 5:44:13 pm | {"api":"/save-cash-closing","event":"SAVE_CASH_SUCCESS","type":"INSERT","empNo":"928","amount":"651538","timestamp":"2026-07-28T12:14:13.912Z"}
28/7/2026, 5:44:15 pm | {"api":"/api/cash-closing-dashboard","event":"CASH_CLOSING_DASHBOARD_API_STARTED","filters":{"cluster":"","branch":"","fromDate":"","toDate":"","status":""},"timestamp":"2026-07-28T12:14:15.962Z"}
28/7/2026, 5:44:15 pm | {"api":"/api/cash-closing-dashboard","event":"CASH_CLOSING_DASHBOARD_DB_CONNECTED","timestamp":"2026-07-28T12:14:15.963Z"}
28/7/2026, 5:44:15 pm | {"api":"/api/cash-closing-dashboard","event":"CASH_CLOSING_DASHBOARD_QUERY_STARTED","filters":{"cluster":"","branch":"","fromDate":"","toDate":"","status":""},"timestamp":"2026-07-28T12:14:15.963Z"}
28/7/2026, 5:44:15 pm | {"api":"/api/cash-closing-dashboard","event":"CASH_CLOSING_DASHBOARD_DATA_FETCHED","totalRecords":56,"timestamp":"2026-07-28T12:14:15.990Z"}
28/7/2026, 5:44:15 pm | {"api":"/api/cash-closing-dashboard","event":"CASH_CLOSING_CLUSTER_FETCHED","totalClusters":4,"timestamp":"2026-07-28T12:14:15.994Z"}
28/7/2026, 5:44:15 pm | {"api":"/api/cash-closing-dashboard","event":"CASH_CLOSING_BRANCH_FETCHED","totalBranches":56,"timestamp":"2026-07-28T12:14:15.998Z"}
28/7/2026, 5:44:15 pm | {"api":"/api/cash-closing-dashboard","event":"CASH_CLOSING_DASHBOARD_SUCCESS","totalRecords":56,"filters":{"cluster":"","branch":"","fromDate":"","toDate":"","status":""},"timestamp":"2026-07-28T12:14:15.998Z"}
28/7/2026, 5:44:16 pm | {"api":"/api/cash-closing-dashboard","event":"CASH_CLOSING_DASHBOARD_API_STARTED","filters":{"cluster":"","branch":"","fromDate":"","toDate":"","status":""},"timestamp":"2026-07-28T12:14:16.071Z"}
28/7/2026, 5:44:16 pm | {"api":"/api/cash-closing-dashboard","event":"CASH_CLOSING_DASHBOARD_DB_CONNECTED","timestamp":"2026-07-28T12:14:16.072Z"}
28/7/2026, 5:44:16 pm | {"api":"/api/cash-closing-dashboard","event":"CASH_CLOSING_DASHBOARD_QUERY_STARTED","filters":{"cluster":"","branch":"","fromDate":"","toDate":"","status":""},"timestamp":"2026-07-28T12:14:16.072Z"}
28/7/2026, 5:44:16 pm | {"api":"/api/cash-closing-dashboard","event":"CASH_CLOSING_DASHBOARD_DATA_FETCHED","totalRecords":56,"timestamp":"2026-07-28T12:14:16.081Z"}
28/7/2026, 5:44:16 pm | {"api":"/api/cash-closing-dashboard","event":"CASH_CLOSING_CLUSTER_FETCHED","totalClusters":4,"timestamp":"2026-07-28T12:14:16.084Z"}
28/7/2026, 5:44:16 pm | {"api":"/api/cash-closing-dashboard","event":"CASH_CLOSING_BRANCH_FETCHED","totalBranches":56,"timestamp":"2026-07-28T12:14:16.088Z"}
28/7/2026, 5:44:16 pm | {"api":"/api/cash-closing-dashboard","event":"CASH_CLOSING_DASHBOARD_SUCCESS","totalRecords":56,"filters":{"cluster":"","branch":"","fromDate":"","toDate":"","status":""},"timestamp":"2026-07-28T12:14:16.088Z"}
28/7/2026, 5:44:16 pm | {"api":"/api/cash-closing-dashboard","event":"CASH_CLOSING_DASHBOARD_API_STARTED","filters":{"cluster":"","branch":"","fromDate":"","toDate":"","status":""},"timestamp":"2026-07-28T12:14:16.253Z"}
28/7/2026, 5:44:16 pm | {"api":"/api/cash-closing-dashboard","event":"CASH_CLOSING_DASHBOARD_DB_CONNECTED","timestamp":"2026-07-28T12:14:16.254Z"}
28/7/2026, 5:44:16 pm | {"api":"/api/cash-closing-dashboard","event":"CASH_CLOSING_DASHBOARD_QUERY_STARTED","filters":{"cluster":"","branch":"","fromDate":"","toDate":"","status":""},"timestamp":"2026-07-28T12:14:16.255Z"}
28/7/2026, 5:44:16 pm | {"api":"/api/cash-closing-dashboard","event":"CASH_CLOSING_DASHBOARD_DATA_FETCHED","totalRecords":56,"timestamp":"2026-07-28T12:14:16.261Z"}
28/7/2026, 5:44:16 pm | {"api":"/api/cash-closing-dashboard","event":"CASH_CLOSING_CLUSTER_FETCHED","totalClusters":4,"timestamp":"2026-07-28T12:14:16.265Z"}
28/7/2026, 5:44:16 pm | {"api":"/api/cash-closing-dashboard","event":"CASH_CLOSING_BRANCH_FETCHED","totalBranches":56,"timestamp":"2026-07-28T12:14:16.270Z"}
28/7/2026, 5:44:16 pm | {"api":"/api/cash-closing-dashboard","event":"CASH_CLOSING_DASHBOARD_SUCCESS","totalRecords":56,"filters":{"cluster":"","branch":"","fromDate":"","toDate":"","status":""},"timestamp":"2026-07-28T12:14:16.270Z"}
28/7/2026, 5:44:16 pm | {"api":"/api/cash-closing-dashboard","event":"CASH_CLOSING_DASHBOARD_API_STARTED","filters":{"cluster":"","branch":"","fromDate":"","toDate":"","status":""},"timestamp":"2026-07-28T12:14:16.451Z"}
28/7/2026, 5:44:16 pm | {"api":"/api/cash-closing-dashboard","event":"CASH_CLOSING_DASHBOARD_DB_CONNECTED","timestamp":"2026-07-28T12:14:16.453Z"}
28/7/2026, 5:44:16 pm | {"api":"/api/cash-closing-dashboard","event":"CASH_CLOSING_DASHBOARD_QUERY_STARTED","filters":{"cluster":"","branch":"","fromDate":"","toDate":"","status":""},"timestamp":"2026-07-28T12:14:16.453Z"}
28/7/2026, 5:44:16 pm | {"api":"/api/cash-closing-dashboard","event":"CASH_CLOSING_DASHBOARD_DATA_FETCHED","totalRecords":56,"timestamp":"2026-07-28T12:14:16.460Z"}
28/7/2026, 5:44:16 pm | {"api":"/api/cash-closing-dashboard","event":"CASH_CLOSING_CLUSTER_FETCHED","totalClusters":4,"timestamp":"2026-07-28T12:14:16.469Z"}
28/7/2026, 5:44:16 pm | {"api":"/api/cash-closing-dashboard","event":"CASH_CLOSING_BRANCH_FETCHED","totalBranches":56,"timestamp":"2026-07-28T12:14:16.473Z"}
28/7/2026, 5:44:16 pm | {"api":"/api/cash-closing-dashboard","event":"CASH_CLOSING_DASHBOARD_SUCCESS","totalRecords":56,"filters":{"cluster":"","branch":"","fromDate":"","toDate":"","status":""},"timestamp":"2026-07-28T12:14:16.473Z"}
28/7/2026, 5:44:16 pm | {"api":"/api/cash-closing-dashboard","event":"CASH_CLOSING_DASHBOARD_API_STARTED","filters":{"cluster":"","branch":"","fromDate":"","toDate":"","status":""},"timestamp":"2026-07-28T12:14:16.677Z"}
28/7/2026, 5:44:16 pm | {"api":"/api/cash-closing-dashboard","event":"CASH_CLOSING_DASHBOARD_DB_CONNECTED","timestamp":"2026-07-28T12:14:16.678Z"}
28/7/2026, 5:44:16 pm | {"api":"/api/cash-closing-dashboard","event":"CASH_CLOSING_DASHBOARD_QUERY_STARTED","filters":{"cluster":"","branch":"","fromDate":"","toDate":"","status":""},"timestamp":"2026-07-28T12:14:16.679Z"}
28/7/2026, 5:44:16 pm | {"api":"/api/cash-closing-dashboard","event":"CASH_CLOSING_DASHBOARD_DATA_FETCHED","totalRecords":56,"timestamp":"2026-07-28T12:14:16.687Z"}
28/7/2026, 5:44:16 pm | {"api":"/api/cash-closing-dashboard","event":"CASH_CLOSING_CLUSTER_FETCHED","totalClusters":4,"timestamp":"2026-07-28T12:14:16.690Z"}
28/7/2026, 5:44:16 pm | {"api":"/api/cash-closing-dashboard","event":"CASH_CLOSING_BRANCH_FETCHED","totalBranches":56,"timestamp":"2026-07-28T12:14:16.693Z"}
28/7/2026, 5:44:16 pm | {"api":"/api/cash-closing-dashboard","event":"CASH_CLOSING_DASHBOARD_SUCCESS","totalRecords":56,"filters":{"cluster":"","branch":"","fromDate":"","toDate":"","status":""},"timestamp":"2026-07-28T12:14:16.694Z"}
28/7/2026, 5:44:19 pm | {"api":"/api/cash-closing-dashboard","event":"CASH_CLOSING_DASHBOARD_API_STARTED","filters":{"cluster":"","branch":"","fromDate":"","toDate":"","status":""},"timestamp":"2026-07-28T12:14:19.933Z"}
28/7/2026, 5:44:19 pm | {"api":"/api/cash-closing-dashboard","event":"CASH_CLOSING_DASHBOARD_DB_CONNECTED","timestamp":"2026-07-28T12:14:19.934Z"}
28/7/2026, 5:44:19 pm | {"api":"/api/cash-closing-dashboard","event":"CASH_CLOSING_DASHBOARD_QUERY_STARTED","filters":{"cluster":"","branch":"","fromDate":"","toDate":"","status":""},"timestamp":"2026-07-28T12:14:19.935Z"}
28/7/2026, 5:44:19 pm | {"api":"/api/cash-closing-dashboard","event":"CASH_CLOSING_DASHBOARD_DATA_FETCHED","totalRecords":56,"timestamp":"2026-07-28T12:14:19.942Z"}
28/7/2026, 5:44:19 pm | {"api":"/api/cash-closing-dashboard","event":"CASH_CLOSING_CLUSTER_FETCHED","totalClusters":4,"timestamp":"2026-07-28T12:14:19.945Z"}
28/7/2026, 5:44:19 pm | {"api":"/api/cash-closing-dashboard","event":"CASH_CLOSING_BRANCH_FETCHED","totalBranches":56,"timestamp":"2026-07-28T12:14:19.948Z"}
28/7/2026, 5:44:19 pm | {"api":"/api/cash-closing-dashboard","event":"CASH_CLOSING_DASHBOARD_SUCCESS","totalRecords":56,"filters":{"cluster":"","branch":"","fromDate":"","toDate":"","status":""},"timestamp":"2026-07-28T12:14:19.949Z"}
28/7/2026, 5:44:20 pm | {"api":"/api/cash-closing-dashboard","event":"CASH_CLOSING_DASHBOARD_API_STARTED","filters":{"cluster":"","branch":"","fromDate":"","toDate":"","status":""},"timestamp":"2026-07-28T12:14:20.139Z"}
28/7/2026, 5:44:20 pm | {"api":"/api/cash-closing-dashboard","event":"CASH_CLOSING_DASHBOARD_DB_CONNECTED","timestamp":"2026-07-28T12:14:20.140Z"}
28/7/2026, 5:44:20 pm | {"api":"/api/cash-closing-dashboard","event":"CASH_CLOSING_DASHBOARD_QUERY_STARTED","filters":{"cluster":"","branch":"","fromDate":"","toDate":"","status":""},"timestamp":"2026-07-28T12:14:20.141Z"}
28/7/2026, 5:44:20 pm | {"api":"/api/cash-closing-dashboard","event":"CASH_CLOSING_DASHBOARD_DATA_FETCHED","totalRecords":56,"timestamp":"2026-07-28T12:14:20.149Z"}
28/7/2026, 5:44:20 pm | {"api":"/api/cash-closing-dashboard","event":"CASH_CLOSING_CLUSTER_FETCHED","totalClusters":4,"timestamp":"2026-07-28T12:14:20.152Z"}
28/7/2026, 5:44:20 pm | {"api":"/api/cash-closing-dashboard","event":"CASH_CLOSING_BRANCH_FETCHED","totalBranches":56,"timestamp":"2026-07-28T12:14:20.155Z"}
28/7/2026, 5:44:20 pm | {"api":"/api/cash-closing-dashboard","event":"CASH_CLOSING_DASHBOARD_SUCCESS","totalRecords":56,"filters":{"cluster":"","branch":"","fromDate":"","toDate":"","status":""},"timestamp":"2026-07-28T12:14:20.155Z"}
28/7/2026, 5:44:20 pm | {"api":"/api/cash-closing-dashboard","event":"CASH_CLOSING_DASHBOARD_API_STARTED","filters":{"cluster":"","branch":"","fromDate":"","toDate":"","status":""},"timestamp":"2026-07-28T12:14:20.373Z"}
28/7/2026, 5:44:20 pm | {"api":"/api/cash-closing-dashboard","event":"CASH_CLOSING_DASHBOARD_DB_CONNECTED","timestamp":"2026-07-28T12:14:20.374Z"}
28/7/2026, 5:44:20 pm | {"api":"/api/cash-closing-dashboard","event":"CASH_CLOSING_DASHBOARD_QUERY_STARTED","filters":{"cluster":"","branch":"","fromDate":"","toDate":"","status":""},"timestamp":"2026-07-28T12:14:20.375Z"}
28/7/2026, 5:44:20 pm | {"api":"/api/cash-closing-dashboard","event":"CASH_CLOSING_DASHBOARD_DATA_FETCHED","totalRecords":56,"timestamp":"2026-07-28T12:14:20.382Z"}
28/7/2026, 5:44:20 pm | {"api":"/api/cash-closing-dashboard","event":"CASH_CLOSING_CLUSTER_FETCHED","totalClusters":4,"timestamp":"2026-07-28T12:14:20.385Z"}
28/7/2026, 5:44:20 pm | {"api":"/api/cash-closing-dashboard","event":"CASH_CLOSING_BRANCH_FETCHED","totalBranches":56,"timestamp":"2026-07-28T12:14:20.388Z"}
28/7/2026, 5:44:20 pm | {"api":"/api/cash-closing-dashboard","event":"CASH_CLOSING_DASHBOARD_SUCCESS","totalRecords":56,"filters":{"cluster":"","branch":"","fromDate":"","toDate":"","status":""},"timestamp":"2026-07-28T12:14:20.389Z"}
28/7/2026, 5:44:20 pm | {"api":"/login","event":"LOGIN_API_STARTED","mpin":"3117","deviceId":"c07c541ce92469ae","timestamp":"2026-07-28T12:14:20.610Z"}
28/7/2026, 5:44:20 pm | {"event":"LOGIN_REQUEST","mpin":"3117","deviceId":"c07c541ce92469ae","timestamp":"2026-07-28T12:14:20.611Z"}
28/7/2026, 5:44:20 pm | {"api":"/login","event":"LOGIN_DB_QUERY_STARTED","mpin":"3117","timestamp":"2026-07-28T12:14:20.612Z"}
28/7/2026, 5:44:20 pm | {"api":"/login","event":"LOGIN_USER_FOUND","empNo":"117","branch":"Eluru","designation":"Branch Manager","timestamp":"2026-07-28T12:14:20.616Z"}
28/7/2026, 5:44:20 pm | {"api":"/login","event":"LOGIN_DEVICE_CHECK","empNo":"117","savedDevice":"c07c541ce92469ae","currentDevice":"c07c541ce92469ae","timestamp":"2026-07-28T12:14:20.616Z"}
28/7/2026, 5:44:20 pm | {"api":"/login","event":"LOGIN_SUCCESS","empNo":"117","branch":"Eluru","designation":"Branch Manager","loginTime":"2026-07-28T12:14:20.624Z"}
28/7/2026, 5:44:20 pm | {"api":"/employee/:empNo","event":"EMPLOYEE_API_STARTED","empNo":"117","timestamp":"2026-07-28T12:14:20.963Z"}
28/7/2026, 5:44:20 pm | {"api":"/employee/:empNo","event":"EMPLOYEE_DB_QUERY_STARTED","empNo":"117","timestamp":"2026-07-28T12:14:20.964Z"}
28/7/2026, 5:44:20 pm | {"api":"/employee/:empNo","event":"EMPLOYEE_FETCH_SUCCESS","empNo":"117","employeeName":"B.V.L. Madhuri","branch":"Eluru","designation":"Branch Manager","timestamp":"2026-07-28T12:14:20.968Z"}
28/7/2026, 5:44:21 pm | {"api":"/last-submission/:empNo","event":"LAST_SUBMISSION_API_STARTED","empNo":"117","timestamp":"2026-07-28T12:14:21.067Z"}
28/7/2026, 5:44:21 pm | {"api":"/last-submission/:empNo","event":"LAST_SUBMISSION_DB_QUERY_STARTED","empNo":"117","timestamp":"2026-07-28T12:14:21.067Z"}
28/7/2026, 5:44:21 pm | {"api":"/last-submission/:empNo","event":"LAST_SUBMISSION_FETCH_SUCCESS","empNo":"117","amount":1900000,"actionAt":"2026-07-27 17:51:57","timestamp":"2026-07-28T12:14:21.072Z"}
28/7/2026, 5:44:21 pm | {"api":"/today-cash/:empNo","event":"TODAY_CASH_API_STARTED","empNo":"117","timestamp":"2026-07-28T12:14:21.182Z"}
28/7/2026, 5:44:21 pm | {"api":"/today-cash/:empNo","event":"TODAY_CASH_DB_QUERY_STARTED","empNo":"117","timestamp":"2026-07-28T12:14:21.183Z"}
28/7/2026, 5:44:21 pm | {"api":"/today-cash/:empNo","event":"TODAY_CASH_FETCH_SUCCESS","empNo":"117","amount":2100000,"actionAt":"2026-07-28 17:43:20","timestamp":"2026-07-28T12:14:21.188Z"}
28/7/2026, 5:44:25 pm | {"api":"/api/cash-closing-dashboard","event":"CASH_CLOSING_DASHBOARD_API_STARTED","filters":{"cluster":"","branch":"","fromDate":"","toDate":"","status":""},"timestamp":"2026-07-28T12:14:25.558Z"}
28/7/2026, 5:44:25 pm | {"api":"/api/cash-closing-dashboard","event":"CASH_CLOSING_DASHBOARD_DB_CONNECTED","timestamp":"2026-07-28T12:14:25.559Z"}
28/7/2026, 5:44:25 pm | {"api":"/api/cash-closing-dashboard","event":"CASH_CLOSING_DASHBOARD_QUERY_STARTED","filters":{"cluster":"","branch":"","fromDate":"","toDate":"","status":""},"timestamp":"2026-07-28T12:14:25.560Z"}
28/7/2026, 5:44:25 pm | {"api":"/api/cash-closing-dashboard","event":"CASH_CLOSING_DASHBOARD_DATA_FETCHED","totalRecords":56,"timestamp":"2026-07-28T12:14:25.602Z"}
28/7/2026, 5:44:25 pm | {"api":"/api/cash-closing-dashboard","event":"CASH_CLOSING_CLUSTER_FETCHED","totalClusters":4,"timestamp":"2026-07-28T12:14:25.606Z"}
28/7/2026, 5:44:25 pm | {"api":"/api/cash-closing-dashboard","event":"CASH_CLOSING_BRANCH_FETCHED","totalBranches":56,"timestamp":"2026-07-28T12:14:25.609Z"}
28/7/2026, 5:44:25 pm | {"api":"/api/cash-closing-dashboard","event":"CASH_CLOSING_DASHBOARD_SUCCESS","totalRecords":56,"filters":{"cluster":"","branch":"","fromDate":"","toDate":"","status":""},"timestamp":"2026-07-28T12:14:25.610Z"}
28/7/2026, 5:44:55 pm | {"api":"/login","event":"LOGIN_API_STARTED","mpin":"3840","deviceId":"f640c6cc02eda4c0","timestamp":"2026-07-28T12:14:55.813Z"}
28/7/2026, 5:44:55 pm | {"event":"LOGIN_REQUEST","mpin":"3840","deviceId":"f640c6cc02eda4c0","timestamp":"2026-07-28T12:14:55.814Z"}
28/7/2026, 5:44:55 pm | {"api":"/login","event":"LOGIN_DB_QUERY_STARTED","mpin":"3840","timestamp":"2026-07-28T12:14:55.815Z"}
28/7/2026, 5:44:55 pm | {"api":"/login","event":"LOGIN_USER_FOUND","empNo":"384","branch":"Gajuwaka","designation":"Branch Manager","timestamp":"2026-07-28T12:14:55.825Z"}
28/7/2026, 5:44:55 pm | {"api":"/login","event":"LOGIN_DEVICE_CHECK","empNo":"384","savedDevice":"f640c6cc02eda4c0","currentDevice":"f640c6cc02eda4c0","timestamp":"2026-07-28T12:14:55.826Z"}
28/7/2026, 5:44:55 pm | {"api":"/login","event":"LOGIN_SUCCESS","empNo":"384","branch":"Gajuwaka","designation":"Branch Manager","loginTime":"2026-07-28T12:14:55.833Z"}
28/7/2026, 5:44:56 pm | {"api":"/employee/:empNo","event":"EMPLOYEE_API_STARTED","empNo":"384","timestamp":"2026-07-28T12:14:56.061Z"}
28/7/2026, 5:44:56 pm | {"api":"/employee/:empNo","event":"EMPLOYEE_DB_QUERY_STARTED","empNo":"384","timestamp":"2026-07-28T12:14:56.062Z"}
28/7/2026, 5:44:56 pm | {"api":"/employee/:empNo","event":"EMPLOYEE_FETCH_SUCCESS","empNo":"384","employeeName":"A.Appala Naidu","branch":"Gajuwaka","designation":"Branch Manager","timestamp":"2026-07-28T12:14:56.069Z"}
28/7/2026, 5:44:56 pm | {"api":"/last-submission/:empNo","event":"LAST_SUBMISSION_API_STARTED","empNo":"384","timestamp":"2026-07-28T12:14:56.191Z"}
28/7/2026, 5:44:56 pm | {"api":"/last-submission/:empNo","event":"LAST_SUBMISSION_DB_QUERY_STARTED","empNo":"384","timestamp":"2026-07-28T12:14:56.192Z"}
28/7/2026, 5:44:56 pm | {"api":"/last-submission/:empNo","event":"LAST_SUBMISSION_FETCH_SUCCESS","empNo":"384","amount":32000,"actionAt":"2026-07-27 17:56:00","timestamp":"2026-07-28T12:14:56.197Z"}
28/7/2026, 5:44:56 pm | {"api":"/today-cash/:empNo","event":"TODAY_CASH_API_STARTED","empNo":"384","timestamp":"2026-07-28T12:14:56.441Z"}
28/7/2026, 5:44:56 pm | {"api":"/today-cash/:empNo","event":"TODAY_CASH_DB_QUERY_STARTED","empNo":"384","timestamp":"2026-07-28T12:14:56.442Z"}
28/7/2026, 5:44:56 pm | {"api":"/today-cash/:empNo","event":"TODAY_CASH_NOT_FOUND","empNo":"384","timestamp":"2026-07-28T12:14:56.449Z"}
28/7/2026, 5:45:07 pm | {"api":"/save-cash-closing","event":"SAVE_CASH_API_STARTED","empNo":"384","amount":"400000","timestamp":"2026-07-28T12:15:07.253Z"}
28/7/2026, 5:45:07 pm | {"api":"/save-cash-closing","event":"PREVIOUS_DAY_RECORD_FOUND","empNo":"384","oldDate":"2026-07-27T00:00:00.000Z","amount":32000,"timestamp":"2026-07-28T12:15:07.260Z"}
28/7/2026, 5:45:07 pm | {"api":"/save-cash-closing","event":"PREVIOUS_DAY_MOVED_TO_HISTORY","empNo":"384","timestamp":"2026-07-28T12:15:07.266Z"}
28/7/2026, 5:45:07 pm | {"api":"/save-cash-closing","event":"PREVIOUS_DAY_DELETED","empNo":"384","timestamp":"2026-07-28T12:15:07.274Z"}
28/7/2026, 5:45:07 pm | {"api":"/save-cash-closing","event":"SAVE_CASH_NEW_ENTRY","empNo":"384","amount":"400000","branch":"Gajuwaka","timestamp":"2026-07-28T12:15:07.277Z"}
28/7/2026, 5:45:07 pm | {"api":"/save-cash-closing","event":"SAVE_CASH_HISTORY_INSERTED","empNo":"384","actionType":"ADDED","version":1,"timestamp":"2026-07-28T12:15:07.289Z"}
28/7/2026, 5:45:07 pm | {"api":"/save-cash-closing","event":"SAVE_CASH_SUCCESS","type":"INSERT","empNo":"384","amount":"400000","timestamp":"2026-07-28T12:15:07.289Z"}
28/7/2026, 5:45:07 pm | {"api":"/login","event":"LOGIN_API_STARTED","mpin":"1979","deviceId":"b44f0d6e24fd5d5a","timestamp":"2026-07-28T12:15:07.550Z"}
28/7/2026, 5:45:07 pm | {"event":"LOGIN_REQUEST","mpin":"1979","deviceId":"b44f0d6e24fd5d5a","timestamp":"2026-07-28T12:15:07.551Z"}
28/7/2026, 5:45:07 pm | {"api":"/login","event":"LOGIN_DB_QUERY_STARTED","mpin":"1979","timestamp":"2026-07-28T12:15:07.552Z"}
28/7/2026, 5:45:07 pm | {"api":"/login","event":"LOGIN_USER_FOUND","empNo":"539","branch":"Rajahmundry","designation":"Branch Manager","timestamp":"2026-07-28T12:15:07.560Z"}
28/7/2026, 5:45:07 pm | {"api":"/login","event":"LOGIN_DEVICE_CHECK","empNo":"539","savedDevice":"b44f0d6e24fd5d5a","currentDevice":"b44f0d6e24fd5d5a","timestamp":"2026-07-28T12:15:07.560Z"}
28/7/2026, 5:45:07 pm | {"api":"/login","event":"LOGIN_SUCCESS","empNo":"539","branch":"Rajahmundry","designation":"Branch Manager","loginTime":"2026-07-28T12:15:07.569Z"}
28/7/2026, 5:45:07 pm | {"api":"/api/cash-closing-dashboard","event":"CASH_CLOSING_DASHBOARD_API_STARTED","filters":{"cluster":"","branch":"","fromDate":"","toDate":"","status":""},"timestamp":"2026-07-28T12:15:07.702Z"}
28/7/2026, 5:45:07 pm | {"api":"/api/cash-closing-dashboard","event":"CASH_CLOSING_DASHBOARD_DB_CONNECTED","timestamp":"2026-07-28T12:15:07.703Z"}
28/7/2026, 5:45:07 pm | {"api":"/api/cash-closing-dashboard","event":"CASH_CLOSING_DASHBOARD_QUERY_STARTED","filters":{"cluster":"","branch":"","fromDate":"","toDate":"","status":""},"timestamp":"2026-07-28T12:15:07.704Z"}
28/7/2026, 5:45:07 pm | {"api":"/api/cash-closing-dashboard","event":"CASH_CLOSING_DASHBOARD_DATA_FETCHED","totalRecords":56,"timestamp":"2026-07-28T12:15:07.744Z"}
28/7/2026, 5:45:07 pm | {"api":"/api/cash-closing-dashboard","event":"CASH_CLOSING_CLUSTER_FETCHED","totalClusters":4,"timestamp":"2026-07-28T12:15:07.748Z"}
28/7/2026, 5:45:07 pm | {"api":"/api/cash-closing-dashboard","event":"CASH_CLOSING_BRANCH_FETCHED","totalBranches":56,"timestamp":"2026-07-28T12:15:07.752Z"}
28/7/2026, 5:45:07 pm | {"api":"/api/cash-closing-dashboard","event":"CASH_CLOSING_DASHBOARD_SUCCESS","totalRecords":56,"filters":{"cluster":"","branch":"","fromDate":"","toDate":"","status":""},"timestamp":"2026-07-28T12:15:07.752Z"}
28/7/2026, 5:45:07 pm | {"api":"/api/cash-closing-dashboard","event":"CASH_CLOSING_DASHBOARD_API_STARTED","filters":{"cluster":"","branch":"","fromDate":"","toDate":"","status":""},"timestamp":"2026-07-28T12:15:07.802Z"}
28/7/2026, 5:45:07 pm | {"api":"/api/cash-closing-dashboard","event":"CASH_CLOSING_DASHBOARD_DB_CONNECTED","timestamp":"2026-07-28T12:15:07.803Z"}
28/7/2026, 5:45:07 pm | {"api":"/api/cash-closing-dashboard","event":"CASH_CLOSING_DASHBOARD_QUERY_STARTED","filters":{"cluster":"","branch":"","fromDate":"","toDate":"","status":""},"timestamp":"2026-07-28T12:15:07.804Z"}
28/7/2026, 5:45:07 pm | {"api":"/api/cash-closing-dashboard","event":"CASH_CLOSING_DASHBOARD_DATA_FETCHED","totalRecords":56,"timestamp":"2026-07-28T12:15:07.811Z"}
28/7/2026, 5:45:07 pm | {"api":"/api/cash-closing-dashboard","event":"CASH_CLOSING_CLUSTER_FETCHED","totalClusters":4,"timestamp":"2026-07-28T12:15:07.814Z"}
28/7/2026, 5:45:07 pm | {"api":"/api/cash-closing-dashboard","event":"CASH_CLOSING_BRANCH_FETCHED","totalBranches":56,"timestamp":"2026-07-28T12:15:07.818Z"}
28/7/2026, 5:45:07 pm | {"api":"/api/cash-closing-dashboard","event":"CASH_CLOSING_DASHBOARD_SUCCESS","totalRecords":56,"filters":{"cluster":"","branch":"","fromDate":"","toDate":"","status":""},"timestamp":"2026-07-28T12:15:07.818Z"}
28/7/2026, 5:45:07 pm | {"api":"/employee/:empNo","event":"EMPLOYEE_API_STARTED","empNo":"539","timestamp":"2026-07-28T12:15:07.880Z"}
28/7/2026, 5:45:07 pm | {"api":"/employee/:empNo","event":"EMPLOYEE_DB_QUERY_STARTED","empNo":"539","timestamp":"2026-07-28T12:15:07.881Z"}
28/7/2026, 5:45:07 pm | {"api":"/employee/:empNo","event":"EMPLOYEE_FETCH_SUCCESS","empNo":"539","employeeName":"K Appa Rao","branch":"Rajahmundry","designation":"Branch Manager","timestamp":"2026-07-28T12:15:07.885Z"}
28/7/2026, 5:45:07 pm | {"api":"/last-submission/:empNo","event":"LAST_SUBMISSION_API_STARTED","empNo":"539","timestamp":"2026-07-28T12:15:07.969Z"}
28/7/2026, 5:45:07 pm | {"api":"/last-submission/:empNo","event":"LAST_SUBMISSION_DB_QUERY_STARTED","empNo":"539","timestamp":"2026-07-28T12:15:07.970Z"}
28/7/2026, 5:45:07 pm | {"api":"/last-submission/:empNo","event":"LAST_SUBMISSION_FETCH_SUCCESS","empNo":"539","amount":4318050,"actionAt":"2026-07-27 17:59:11","timestamp":"2026-07-28T12:15:07.976Z"}
28/7/2026, 5:45:08 pm | {"api":"/api/cash-closing-dashboard","event":"CASH_CLOSING_DASHBOARD_API_STARTED","filters":{"cluster":"","branch":"","fromDate":"","toDate":"","status":""},"timestamp":"2026-07-28T12:15:08.043Z"}
28/7/2026, 5:45:08 pm | {"api":"/api/cash-closing-dashboard","event":"CASH_CLOSING_DASHBOARD_DB_CONNECTED","timestamp":"2026-07-28T12:15:08.044Z"}
28/7/2026, 5:45:08 pm | {"api":"/api/cash-closing-dashboard","event":"CASH_CLOSING_DASHBOARD_QUERY_STARTED","filters":{"cluster":"","branch":"","fromDate":"","toDate":"","status":""},"timestamp":"2026-07-28T12:15:08.045Z"}
28/7/2026, 5:45:08 pm | {"api":"/api/cash-closing-dashboard","event":"CASH_CLOSING_DASHBOARD_DATA_FETCHED","totalRecords":56,"timestamp":"2026-07-28T12:15:08.071Z"}
28/7/2026, 5:45:08 pm | {"api":"/api/cash-closing-dashboard","event":"CASH_CLOSING_CLUSTER_FETCHED","totalClusters":4,"timestamp":"2026-07-28T12:15:08.076Z"}
28/7/2026, 5:45:08 pm | {"api":"/api/cash-closing-dashboard","event":"CASH_CLOSING_BRANCH_FETCHED","totalBranches":56,"timestamp":"2026-07-28T12:15:08.079Z"}
28/7/2026, 5:45:08 pm | {"api":"/api/cash-closing-dashboard","event":"CASH_CLOSING_DASHBOARD_SUCCESS","totalRecords":56,"filters":{"cluster":"","branch":"","fromDate":"","toDate":"","status":""},"timestamp":"2026-07-28T12:15:08.080Z"}
28/7/2026, 5:45:08 pm | {"api":"/today-cash/:empNo","event":"TODAY_CASH_API_STARTED","empNo":"539","timestamp":"2026-07-28T12:15:08.147Z"}
28/7/2026, 5:45:08 pm | {"api":"/today-cash/:empNo","event":"TODAY_CASH_DB_QUERY_STARTED","empNo":"539","timestamp":"2026-07-28T12:15:08.148Z"}
28/7/2026, 5:45:08 pm | {"api":"/today-cash/:empNo","event":"TODAY_CASH_NOT_FOUND","empNo":"539","timestamp":"2026-07-28T12:15:08.153Z"}
28/7/2026, 5:45:08 pm | {"api":"/api/cash-closing-dashboard","event":"CASH_CLOSING_DASHBOARD_API_STARTED","filters":{"cluster":"","branch":"","fromDate":"","toDate":"","status":""},"timestamp":"2026-07-28T12:15:08.326Z"}
28/7/2026, 5:45:08 pm | {"api":"/api/cash-closing-dashboard","event":"CASH_CLOSING_DASHBOARD_DB_CONNECTED","timestamp":"2026-07-28T12:15:08.327Z"}
28/7/2026, 5:45:08 pm | {"api":"/api/cash-closing-dashboard","event":"CASH_CLOSING_DASHBOARD_QUERY_STARTED","filters":{"cluster":"","branch":"","fromDate":"","toDate":"","status":""},"timestamp":"2026-07-28T12:15:08.328Z"}
28/7/2026, 5:45:08 pm | {"api":"/api/cash-closing-dashboard","event":"CASH_CLOSING_DASHBOARD_DATA_FETCHED","totalRecords":56,"timestamp":"2026-07-28T12:15:08.368Z"}
28/7/2026, 5:45:08 pm | {"api":"/api/cash-closing-dashboard","event":"CASH_CLOSING_CLUSTER_FETCHED","totalClusters":4,"timestamp":"2026-07-28T12:15:08.372Z"}
28/7/2026, 5:45:08 pm | {"api":"/api/cash-closing-dashboard","event":"CASH_CLOSING_BRANCH_FETCHED","totalBranches":56,"timestamp":"2026-07-28T12:15:08.377Z"}
28/7/2026, 5:45:08 pm | {"api":"/api/cash-closing-dashboard","event":"CASH_CLOSING_DASHBOARD_SUCCESS","totalRecords":56,"filters":{"cluster":"","branch":"","fromDate":"","toDate":"","status":""},"timestamp":"2026-07-28T12:15:08.378Z"}
28/7/2026, 5:45:14 pm | {"api":"/save-cash-closing","event":"SAVE_CASH_API_STARTED","empNo":"539","amount":"4405750","timestamp":"2026-07-28T12:15:14.641Z"}
28/7/2026, 5:45:14 pm | {"api":"/save-cash-closing","event":"PREVIOUS_DAY_RECORD_FOUND","empNo":"539","oldDate":"2026-07-27T00:00:00.000Z","amount":4318050,"timestamp":"2026-07-28T12:15:14.651Z"}
28/7/2026, 5:45:14 pm | {"api":"/save-cash-closing","event":"PREVIOUS_DAY_MOVED_TO_HISTORY","empNo":"539","timestamp":"2026-07-28T12:15:14.659Z"}
28/7/2026, 5:45:14 pm | {"api":"/save-cash-closing","event":"PREVIOUS_DAY_DELETED","empNo":"539","timestamp":"2026-07-28T12:15:14.666Z"}
28/7/2026, 5:45:14 pm | {"api":"/save-cash-closing","event":"SAVE_CASH_NEW_ENTRY","empNo":"539","amount":"4405750","branch":"Rajahmundry","timestamp":"2026-07-28T12:15:14.669Z"}
28/7/2026, 5:45:14 pm | {"api":"/save-cash-closing","event":"SAVE_CASH_HISTORY_INSERTED","empNo":"539","actionType":"ADDED","version":1,"timestamp":"2026-07-28T12:15:14.681Z"}
28/7/2026, 5:45:14 pm | {"api":"/save-cash-closing","event":"SAVE_CASH_SUCCESS","type":"INSERT","empNo":"539","amount":"4405750","timestamp":"2026-07-28T12:15:14.682Z"}
28/7/2026, 5:45:16 pm | {"api":"/api/cash-closing-dashboard","event":"CASH_CLOSING_DASHBOARD_API_STARTED","filters":{"cluster":"","branch":"","fromDate":"","toDate":"","status":""},"timestamp":"2026-07-28T12:15:16.920Z"}
28/7/2026, 5:45:16 pm | {"api":"/api/cash-closing-dashboard","event":"CASH_CLOSING_DASHBOARD_DB_CONNECTED","timestamp":"2026-07-28T12:15:16.921Z"}
28/7/2026, 5:45:16 pm | {"api":"/api/cash-closing-dashboard","event":"CASH_CLOSING_DASHBOARD_QUERY_STARTED","filters":{"cluster":"","branch":"","fromDate":"","toDate":"","status":""},"timestamp":"2026-07-28T12:15:16.922Z"}
28/7/2026, 5:45:16 pm | {"api":"/api/cash-closing-dashboard","event":"CASH_CLOSING_DASHBOARD_DATA_FETCHED","totalRecords":56,"timestamp":"2026-07-28T12:15:16.963Z"}
28/7/2026, 5:45:16 pm | {"api":"/api/cash-closing-dashboard","event":"CASH_CLOSING_DASHBOARD_API_STARTED","filters":{"cluster":"","branch":"","fromDate":"","toDate":"","status":""},"timestamp":"2026-07-28T12:15:16.964Z"}
28/7/2026, 5:45:16 pm | {"api":"/api/cash-closing-dashboard","event":"CASH_CLOSING_DASHBOARD_DB_CONNECTED","timestamp":"2026-07-28T12:15:16.965Z"}
28/7/2026, 5:45:16 pm | {"api":"/api/cash-closing-dashboard","event":"CASH_CLOSING_DASHBOARD_QUERY_STARTED","filters":{"cluster":"","branch":"","fromDate":"","toDate":"","status":""},"timestamp":"2026-07-28T12:15:16.965Z"}
28/7/2026, 5:45:16 pm | {"api":"/api/cash-closing-dashboard","event":"CASH_CLOSING_CLUSTER_FETCHED","totalClusters":4,"timestamp":"2026-07-28T12:15:16.969Z"}
28/7/2026, 5:45:16 pm | {"api":"/api/cash-closing-dashboard","event":"CASH_CLOSING_DASHBOARD_DATA_FETCHED","totalRecords":56,"timestamp":"2026-07-28T12:15:16.975Z"}
28/7/2026, 5:45:16 pm | {"api":"/api/cash-closing-dashboard","event":"CASH_CLOSING_BRANCH_FETCHED","totalBranches":56,"timestamp":"2026-07-28T12:15:16.977Z"}
28/7/2026, 5:45:16 pm | {"api":"/api/cash-closing-dashboard","event":"CASH_CLOSING_DASHBOARD_SUCCESS","totalRecords":56,"filters":{"cluster":"","branch":"","fromDate":"","toDate":"","status":""},"timestamp":"2026-07-28T12:15:16.978Z"}
28/7/2026, 5:45:16 pm | {"api":"/api/cash-closing-dashboard","event":"CASH_CLOSING_CLUSTER_FETCHED","totalClusters":4,"timestamp":"2026-07-28T12:15:16.981Z"}
28/7/2026, 5:45:16 pm | {"api":"/api/cash-closing-dashboard","event":"CASH_CLOSING_BRANCH_FETCHED","totalBranches":56,"timestamp":"2026-07-28T12:15:16.984Z"}
28/7/2026, 5:45:16 pm | {"api":"/api/cash-closing-dashboard","event":"CASH_CLOSING_DASHBOARD_SUCCESS","totalRecords":56,"filters":{"cluster":"","branch":"","fromDate":"","toDate":"","status":""},"timestamp":"2026-07-28T12:15:16.985Z"}
28/7/2026, 5:45:17 pm | {"api":"/api/cash-closing-dashboard","event":"CASH_CLOSING_DASHBOARD_API_STARTED","filters":{"cluster":"","branch":"","fromDate":"","toDate":"","status":""},"timestamp":"2026-07-28T12:15:17.155Z"}
28/7/2026, 5:45:17 pm | {"api":"/api/cash-closing-dashboard","event":"CASH_CLOSING_DASHBOARD_DB_CONNECTED","timestamp":"2026-07-28T12:15:17.156Z"}
28/7/2026, 5:45:17 pm | {"api":"/api/cash-closing-dashboard","event":"CASH_CLOSING_DASHBOARD_QUERY_STARTED","filters":{"cluster":"","branch":"","fromDate":"","toDate":"","status":""},"timestamp":"2026-07-28T12:15:17.157Z"}
28/7/2026, 5:45:17 pm | {"api":"/api/cash-closing-dashboard","event":"CASH_CLOSING_DASHBOARD_DATA_FETCHED","totalRecords":56,"timestamp":"2026-07-28T12:15:17.164Z"}
28/7/2026, 5:45:17 pm | {"api":"/api/cash-closing-dashboard","event":"CASH_CLOSING_CLUSTER_FETCHED","totalClusters":4,"timestamp":"2026-07-28T12:15:17.168Z"}
28/7/2026, 5:45:17 pm | {"api":"/api/cash-closing-dashboard","event":"CASH_CLOSING_BRANCH_FETCHED","totalBranches":56,"timestamp":"2026-07-28T12:15:17.172Z"}
28/7/2026, 5:45:17 pm | {"api":"/api/cash-closing-dashboard","event":"CASH_CLOSING_DASHBOARD_SUCCESS","totalRecords":56,"filters":{"cluster":"","branch":"","fromDate":"","toDate":"","status":""},"timestamp":"2026-07-28T12:15:17.172Z"}
28/7/2026, 5:45:17 pm | {"api":"/api/cash-closing-dashboard","event":"CASH_CLOSING_DASHBOARD_API_STARTED","filters":{"cluster":"","branch":"","fromDate":"","toDate":"","status":""},"timestamp":"2026-07-28T12:15:17.372Z"}
28/7/2026, 5:45:17 pm | {"api":"/api/cash-closing-dashboard","event":"CASH_CLOSING_DASHBOARD_DB_CONNECTED","timestamp":"2026-07-28T12:15:17.373Z"}
28/7/2026, 5:45:17 pm | {"api":"/api/cash-closing-dashboard","event":"CASH_CLOSING_DASHBOARD_QUERY_STARTED","filters":{"cluster":"","branch":"","fromDate":"","toDate":"","status":""},"timestamp":"2026-07-28T12:15:17.374Z"}
28/7/2026, 5:45:17 pm | {"api":"/api/cash-closing-dashboard","event":"CASH_CLOSING_DASHBOARD_DATA_FETCHED","totalRecords":56,"timestamp":"2026-07-28T12:15:17.381Z"}
28/7/2026, 5:45:17 pm | {"api":"/api/cash-closing-dashboard","event":"CASH_CLOSING_CLUSTER_FETCHED","totalClusters":4,"timestamp":"2026-07-28T12:15:17.384Z"}
28/7/2026, 5:45:17 pm | {"api":"/api/cash-closing-dashboard","event":"CASH_CLOSING_BRANCH_FETCHED","totalBranches":56,"timestamp":"2026-07-28T12:15:17.387Z"}
28/7/2026, 5:45:17 pm | {"api":"/api/cash-closing-dashboard","event":"CASH_CLOSING_DASHBOARD_SUCCESS","totalRecords":56,"filters":{"cluster":"","branch":"","fromDate":"","toDate":"","status":""},"timestamp":"2026-07-28T12:15:17.388Z"}
28/7/2026, 5:45:19 pm | {"api":"/login","event":"LOGIN_API_STARTED","mpin":"2233","deviceId":"7d02586137723bb4","timestamp":"2026-07-28T12:15:19.127Z"}
28/7/2026, 5:45:19 pm | {"event":"LOGIN_REQUEST","mpin":"2233","deviceId":"7d02586137723bb4","timestamp":"2026-07-28T12:15:19.128Z"}
28/7/2026, 5:45:19 pm | {"api":"/login","event":"LOGIN_DB_QUERY_STARTED","mpin":"2233","timestamp":"2026-07-28T12:15:19.129Z"}
28/7/2026, 5:45:19 pm | {"api":"/login","event":"LOGIN_USER_FOUND","empNo":"546","branch":"Ramachandrapuram","designation":"Branch Manager","timestamp":"2026-07-28T12:15:19.138Z"}
28/7/2026, 5:45:19 pm | {"api":"/login","event":"LOGIN_DEVICE_CHECK","empNo":"546","savedDevice":"7d02586137723bb4","currentDevice":"7d02586137723bb4","timestamp":"2026-07-28T12:15:19.139Z"}
28/7/2026, 5:45:19 pm | {"api":"/login","event":"LOGIN_SUCCESS","empNo":"546","branch":"Ramachandrapuram","designation":"Branch Manager","loginTime":"2026-07-28T12:15:19.146Z"}
28/7/2026, 5:45:19 pm | {"api":"/employee/:empNo","event":"EMPLOYEE_API_STARTED","empNo":"546","timestamp":"2026-07-28T12:15:19.323Z"}
28/7/2026, 5:45:19 pm | {"api":"/employee/:empNo","event":"EMPLOYEE_DB_QUERY_STARTED","empNo":"546","timestamp":"2026-07-28T12:15:19.323Z"}
28/7/2026, 5:45:19 pm | {"api":"/employee/:empNo","event":"EMPLOYEE_FETCH_SUCCESS","empNo":"546","employeeName":"V Narayana Rao","branch":"Ramachandrapuram","designation":"Branch Manager","timestamp":"2026-07-28T12:15:19.327Z"}
28/7/2026, 5:45:19 pm | {"api":"/last-submission/:empNo","event":"LAST_SUBMISSION_API_STARTED","empNo":"546","timestamp":"2026-07-28T12:15:19.390Z"}
28/7/2026, 5:45:19 pm | {"api":"/last-submission/:empNo","event":"LAST_SUBMISSION_DB_QUERY_STARTED","empNo":"546","timestamp":"2026-07-28T12:15:19.391Z"}
28/7/2026, 5:45:19 pm | {"api":"/last-submission/:empNo","event":"LAST_SUBMISSION_FETCH_SUCCESS","empNo":"546","amount":409626,"actionAt":"2026-07-27 17:51:56","timestamp":"2026-07-28T12:15:19.396Z"}
28/7/2026, 5:45:19 pm | {"api":"/today-cash/:empNo","event":"TODAY_CASH_API_STARTED","empNo":"546","timestamp":"2026-07-28T12:15:19.501Z"}
28/7/2026, 5:45:19 pm | {"api":"/today-cash/:empNo","event":"TODAY_CASH_DB_QUERY_STARTED","empNo":"546","timestamp":"2026-07-28T12:15:19.502Z"}
28/7/2026, 5:45:19 pm | {"api":"/today-cash/:empNo","event":"TODAY_CASH_NOT_FOUND","empNo":"546","timestamp":"2026-07-28T12:15:19.507Z"}
28/7/2026, 5:45:19 pm | {"api":"/save-cash-closing","event":"SAVE_CASH_API_STARTED","empNo":"384","amount":"400000","timestamp":"2026-07-28T12:15:19.782Z"}
28/7/2026, 5:45:19 pm | {"api":"/save-cash-closing","event":"SAVE_CASH_UPDATE_STARTED","empNo":"384","oldAmount":400000,"newAmount":"400000","currentVersion":1,"nextVersion":2,"timestamp":"2026-07-28T12:15:19.790Z"}
28/7/2026, 5:45:19 pm | {"api":"/save-cash-closing","event":"SAVE_CASH_HISTORY_UPDATED","empNo":"384","version":2,"timestamp":"2026-07-28T12:15:19.803Z"}
28/7/2026, 5:45:19 pm | {"api":"/save-cash-closing","event":"SAVE_CASH_SUCCESS","type":"UPDATE","empNo":"384","amount":"400000","version":2,"timestamp":"2026-07-28T12:15:19.804Z"}
28/7/2026, 5:45:20 pm | {"api":"/api/cash-closing-dashboard","event":"CASH_CLOSING_DASHBOARD_API_STARTED","filters":{"cluster":"","branch":"","fromDate":"","toDate":"","status":""},"timestamp":"2026-07-28T12:15:20.445Z"}
28/7/2026, 5:45:20 pm | {"api":"/api/cash-closing-dashboard","event":"CASH_CLOSING_DASHBOARD_DB_CONNECTED","timestamp":"2026-07-28T12:15:20.446Z"}
28/7/2026, 5:45:20 pm | {"api":"/api/cash-closing-dashboard","event":"CASH_CLOSING_DASHBOARD_QUERY_STARTED","filters":{"cluster":"","branch":"","fromDate":"","toDate":"","status":""},"timestamp":"2026-07-28T12:15:20.447Z"}
28/7/2026, 5:45:20 pm | {"api":"/api/cash-closing-dashboard","event":"CASH_CLOSING_DASHBOARD_DATA_FETCHED","totalRecords":56,"timestamp":"2026-07-28T12:15:20.477Z"}
28/7/2026, 5:45:20 pm | {"api":"/api/cash-closing-dashboard","event":"CASH_CLOSING_CLUSTER_FETCHED","totalClusters":4,"timestamp":"2026-07-28T12:15:20.482Z"}
28/7/2026, 5:45:20 pm | {"api":"/api/cash-closing-dashboard","event":"CASH_CLOSING_BRANCH_FETCHED","totalBranches":56,"timestamp":"2026-07-28T12:15:20.485Z"}
28/7/2026, 5:45:20 pm | {"api":"/api/cash-closing-dashboard","event":"CASH_CLOSING_DASHBOARD_SUCCESS","totalRecords":56,"filters":{"cluster":"","branch":"","fromDate":"","toDate":"","status":""},"timestamp":"2026-07-28T12:15:20.486Z"}
28/7/2026, 5:45:20 pm | {"api":"/api/cash-closing-dashboard","event":"CASH_CLOSING_DASHBOARD_API_STARTED","filters":{"cluster":"","branch":"","fromDate":"","toDate":"","status":""},"timestamp":"2026-07-28T12:15:20.629Z"}
28/7/2026, 5:45:20 pm | {"api":"/api/cash-closing-dashboard","event":"CASH_CLOSING_DASHBOARD_DB_CONNECTED","timestamp":"2026-07-28T12:15:20.631Z"}
28/7/2026, 5:45:20 pm | {"api":"/api/cash-closing-dashboard","event":"CASH_CLOSING_DASHBOARD_QUERY_STARTED","filters":{"cluster":"","branch":"","fromDate":"","toDate":"","status":""},"timestamp":"2026-07-28T12:15:20.631Z"}
28/7/2026, 5:45:20 pm | {"api":"/api/cash-closing-dashboard","event":"CASH_CLOSING_DASHBOARD_DATA_FETCHED","totalRecords":56,"timestamp":"2026-07-28T12:15:20.638Z"}
28/7/2026, 5:45:20 pm | {"api":"/api/cash-closing-dashboard","event":"CASH_CLOSING_CLUSTER_FETCHED","totalClusters":4,"timestamp":"2026-07-28T12:15:20.640Z"}
28/7/2026, 5:45:20 pm | {"api":"/api/cash-closing-dashboard","event":"CASH_CLOSING_BRANCH_FETCHED","totalBranches":56,"timestamp":"2026-07-28T12:15:20.646Z"}
28/7/2026, 5:45:20 pm | {"api":"/api/cash-closing-dashboard","event":"CASH_CLOSING_DASHBOARD_SUCCESS","totalRecords":56,"filters":{"cluster":"","branch":"","fromDate":"","toDate":"","status":""},"timestamp":"2026-07-28T12:15:20.646Z"}
28/7/2026, 5:45:20 pm | {"api":"/api/cash-closing-dashboard","event":"CASH_CLOSING_DASHBOARD_API_STARTED","filters":{"cluster":"","branch":"","fromDate":"","toDate":"","status":""},"timestamp":"2026-07-28T12:15:20.852Z"}
28/7/2026, 5:45:20 pm | {"api":"/api/cash-closing-dashboard","event":"CASH_CLOSING_DASHBOARD_DB_CONNECTED","timestamp":"2026-07-28T12:15:20.853Z"}
28/7/2026, 5:45:20 pm | {"api":"/api/cash-closing-dashboard","event":"CASH_CLOSING_DASHBOARD_QUERY_STARTED","filters":{"cluster":"","branch":"","fromDate":"","toDate":"","status":""},"timestamp":"2026-07-28T12:15:20.854Z"}
28/7/2026, 5:45:20 pm | {"api":"/api/cash-closing-dashboard","event":"CASH_CLOSING_DASHBOARD_DATA_FETCHED","totalRecords":56,"timestamp":"2026-07-28T12:15:20.862Z"}
28/7/2026, 5:45:20 pm | {"api":"/api/cash-closing-dashboard","event":"CASH_CLOSING_CLUSTER_FETCHED","totalClusters":4,"timestamp":"2026-07-28T12:15:20.866Z"}
28/7/2026, 5:45:20 pm | {"api":"/api/cash-closing-dashboard","event":"CASH_CLOSING_BRANCH_FETCHED","totalBranches":56,"timestamp":"2026-07-28T12:15:20.870Z"}
28/7/2026, 5:45:20 pm | {"api":"/api/cash-closing-dashboard","event":"CASH_CLOSING_DASHBOARD_SUCCESS","totalRecords":56,"filters":{"cluster":"","branch":"","fromDate":"","toDate":"","status":""},"timestamp":"2026-07-28T12:15:20.870Z"}
28/7/2026, 5:45:22 pm | {"api":"/api/cash-closing-dashboard","event":"CASH_CLOSING_DASHBOARD_API_STARTED","filters":{"cluster":"","branch":"","fromDate":"","toDate":"","status":""},"timestamp":"2026-07-28T12:15:22.680Z"}
28/7/2026, 5:45:22 pm | {"api":"/api/cash-closing-dashboard","event":"CASH_CLOSING_DASHBOARD_DB_CONNECTED","timestamp":"2026-07-28T12:15:22.680Z"}
28/7/2026, 5:45:22 pm | {"api":"/api/cash-closing-dashboard","event":"CASH_CLOSING_DASHBOARD_QUERY_STARTED","filters":{"cluster":"","branch":"","fromDate":"","toDate":"","status":""},"timestamp":"2026-07-28T12:15:22.681Z"}
28/7/2026, 5:45:22 pm | {"api":"/api/cash-closing-dashboard","event":"CASH_CLOSING_DASHBOARD_DATA_FETCHED","totalRecords":56,"timestamp":"2026-07-28T12:15:22.687Z"}
28/7/2026, 5:45:22 pm | {"api":"/api/cash-closing-dashboard","event":"CASH_CLOSING_CLUSTER_FETCHED","totalClusters":4,"timestamp":"2026-07-28T12:15:22.690Z"}
28/7/2026, 5:45:22 pm | {"api":"/api/cash-closing-dashboard","event":"CASH_CLOSING_BRANCH_FETCHED","totalBranches":56,"timestamp":"2026-07-28T12:15:22.694Z"}
28/7/2026, 5:45:22 pm | {"api":"/api/cash-closing-dashboard","event":"CASH_CLOSING_DASHBOARD_SUCCESS","totalRecords":56,"filters":{"cluster":"","branch":"","fromDate":"","toDate":"","status":""},"timestamp":"2026-07-28T12:15:22.694Z"}
28/7/2026, 5:45:22 pm | {"api":"/api/cash-closing-dashboard","event":"CASH_CLOSING_DASHBOARD_API_STARTED","filters":{"cluster":"","branch":"","fromDate":"","toDate":"","status":""},"timestamp":"2026-07-28T12:15:22.868Z"}
28/7/2026, 5:45:22 pm | {"api":"/api/cash-closing-dashboard","event":"CASH_CLOSING_DASHBOARD_DB_CONNECTED","timestamp":"2026-07-28T12:15:22.869Z"}
28/7/2026, 5:45:22 pm | {"api":"/api/cash-closing-dashboard","event":"CASH_CLOSING_DASHBOARD_QUERY_STARTED","filters":{"cluster":"","branch":"","fromDate":"","toDate":"","status":""},"timestamp":"2026-07-28T12:15:22.870Z"}
28/7/2026, 5:45:22 pm | {"api":"/api/cash-closing-dashboard","event":"CASH_CLOSING_DASHBOARD_DATA_FETCHED","totalRecords":56,"timestamp":"2026-07-28T12:15:22.877Z"}
28/7/2026, 5:45:22 pm | {"api":"/api/cash-closing-dashboard","event":"CASH_CLOSING_CLUSTER_FETCHED","totalClusters":4,"timestamp":"2026-07-28T12:15:22.883Z"}
28/7/2026, 5:45:22 pm | {"api":"/api/cash-closing-dashboard","event":"CASH_CLOSING_BRANCH_FETCHED","totalBranches":56,"timestamp":"2026-07-28T12:15:22.889Z"}
28/7/2026, 5:45:22 pm | {"api":"/api/cash-closing-dashboard","event":"CASH_CLOSING_DASHBOARD_SUCCESS","totalRecords":56,"filters":{"cluster":"","branch":"","fromDate":"","toDate":"","status":""},"timestamp":"2026-07-28T12:15:22.890Z"}
28/7/2026, 5:45:25 pm | {"api":"/api/cash-closing-dashboard","event":"CASH_CLOSING_DASHBOARD_API_STARTED","filters":{"cluster":"","branch":"","fromDate":"","toDate":"","status":""},"timestamp":"2026-07-28T12:15:25.846Z"}
28/7/2026, 5:45:25 pm | {"api":"/api/cash-closing-dashboard","event":"CASH_CLOSING_DASHBOARD_DB_CONNECTED","timestamp":"2026-07-28T12:15:25.847Z"}
28/7/2026, 5:45:25 pm | {"api":"/api/cash-closing-dashboard","event":"CASH_CLOSING_DASHBOARD_QUERY_STARTED","filters":{"cluster":"","branch":"","fromDate":"","toDate":"","status":""},"timestamp":"2026-07-28T12:15:25.847Z"}
28/7/2026, 5:45:25 pm | {"api":"/api/cash-closing-dashboard","event":"CASH_CLOSING_DASHBOARD_DATA_FETCHED","totalRecords":56,"timestamp":"2026-07-28T12:15:25.853Z"}
28/7/2026, 5:45:25 pm | {"api":"/api/cash-closing-dashboard","event":"CASH_CLOSING_CLUSTER_FETCHED","totalClusters":4,"timestamp":"2026-07-28T12:15:25.856Z"}
28/7/2026, 5:45:25 pm | {"api":"/api/cash-closing-dashboard","event":"CASH_CLOSING_BRANCH_FETCHED","totalBranches":56,"timestamp":"2026-07-28T12:15:25.859Z"}
28/7/2026, 5:45:25 pm | {"api":"/api/cash-closing-dashboard","event":"CASH_CLOSING_DASHBOARD_SUCCESS","totalRecords":56,"filters":{"cluster":"","branch":"","fromDate":"","toDate":"","status":""},"timestamp":"2026-07-28T12:15:25.859Z"}
28/7/2026, 5:45:26 pm | {"api":"/api/cash-closing-dashboard","event":"CASH_CLOSING_DASHBOARD_API_STARTED","filters":{"cluster":"","branch":"","fromDate":"","toDate":"","status":""},"timestamp":"2026-07-28T12:15:26.051Z"}
28/7/2026, 5:45:26 pm | {"api":"/api/cash-closing-dashboard","event":"CASH_CLOSING_DASHBOARD_DB_CONNECTED","timestamp":"2026-07-28T12:15:26.052Z"}
28/7/2026, 5:45:26 pm | {"api":"/api/cash-closing-dashboard","event":"CASH_CLOSING_DASHBOARD_QUERY_STARTED","filters":{"cluster":"","branch":"","fromDate":"","toDate":"","status":""},"timestamp":"2026-07-28T12:15:26.053Z"}
28/7/2026, 5:45:26 pm | {"api":"/api/cash-closing-dashboard","event":"CASH_CLOSING_DASHBOARD_DATA_FETCHED","totalRecords":56,"timestamp":"2026-07-28T12:15:26.060Z"}
28/7/2026, 5:45:26 pm | {"api":"/api/cash-closing-dashboard","event":"CASH_CLOSING_CLUSTER_FETCHED","totalClusters":4,"timestamp":"2026-07-28T12:15:26.063Z"}
28/7/2026, 5:45:26 pm | {"api":"/api/cash-closing-dashboard","event":"CASH_CLOSING_BRANCH_FETCHED","totalBranches":56,"timestamp":"2026-07-28T12:15:26.066Z"}
28/7/2026, 5:45:26 pm | {"api":"/api/cash-closing-dashboard","event":"CASH_CLOSING_DASHBOARD_SUCCESS","totalRecords":56,"filters":{"cluster":"","branch":"","fromDate":"","toDate":"","status":""},"timestamp":"2026-07-28T12:15:26.067Z"}
28/7/2026, 5:45:28 pm | {"api":"/save-cash-closing","event":"SAVE_CASH_API_STARTED","empNo":"546","amount":"621489","timestamp":"2026-07-28T12:15:28.213Z"}
28/7/2026, 5:45:28 pm | {"api":"/save-cash-closing","event":"PREVIOUS_DAY_RECORD_FOUND","empNo":"546","oldDate":"2026-07-27T00:00:00.000Z","amount":409626,"timestamp":"2026-07-28T12:15:28.219Z"}
28/7/2026, 5:45:28 pm | {"api":"/save-cash-closing","event":"PREVIOUS_DAY_MOVED_TO_HISTORY","empNo":"546","timestamp":"2026-07-28T12:15:28.225Z"}
28/7/2026, 5:45:28 pm | {"api":"/save-cash-closing","event":"PREVIOUS_DAY_DELETED","empNo":"546","timestamp":"2026-07-28T12:15:28.232Z"}
28/7/2026, 5:45:28 pm | {"api":"/save-cash-closing","event":"SAVE_CASH_NEW_ENTRY","empNo":"546","amount":"621489","branch":"Ramachandrapuram","timestamp":"2026-07-28T12:15:28.234Z"}
28/7/2026, 5:45:28 pm | {"api":"/save-cash-closing","event":"SAVE_CASH_HISTORY_INSERTED","empNo":"546","actionType":"ADDED","version":1,"timestamp":"2026-07-28T12:15:28.246Z"}
28/7/2026, 5:45:28 pm | {"api":"/save-cash-closing","event":"SAVE_CASH_SUCCESS","type":"INSERT","empNo":"546","amount":"621489","timestamp":"2026-07-28T12:15:28.247Z"}
28/7/2026, 5:45:30 pm | {"api":"/api/cash-closing-dashboard","event":"CASH_CLOSING_DASHBOARD_API_STARTED","filters":{"cluster":"","branch":"","fromDate":"","toDate":"","status":""},"timestamp":"2026-07-28T12:15:30.000Z"}
28/7/2026, 5:45:30 pm | {"api":"/api/cash-closing-dashboard","event":"CASH_CLOSING_DASHBOARD_DB_CONNECTED","timestamp":"2026-07-28T12:15:30.001Z"}
28/7/2026, 5:45:30 pm | {"api":"/api/cash-closing-dashboard","event":"CASH_CLOSING_DASHBOARD_QUERY_STARTED","filters":{"cluster":"","branch":"","fromDate":"","toDate":"","status":""},"timestamp":"2026-07-28T12:15:30.001Z"}
28/7/2026, 5:45:30 pm | {"api":"/api/cash-closing-dashboard","event":"CASH_CLOSING_DASHBOARD_DATA_FETCHED","totalRecords":56,"timestamp":"2026-07-28T12:15:30.040Z"}
28/7/2026, 5:45:30 pm | {"api":"/api/cash-closing-dashboard","event":"CASH_CLOSING_CLUSTER_FETCHED","totalClusters":4,"timestamp":"2026-07-28T12:15:30.047Z"}
28/7/2026, 5:45:30 pm | {"api":"/api/cash-closing-dashboard","event":"CASH_CLOSING_BRANCH_FETCHED","totalBranches":56,"timestamp":"2026-07-28T12:15:30.051Z"}
28/7/2026, 5:45:30 pm | {"api":"/api/cash-closing-dashboard","event":"CASH_CLOSING_DASHBOARD_SUCCESS","totalRecords":56,"filters":{"cluster":"","branch":"","fromDate":"","toDate":"","status":""},"timestamp":"2026-07-28T12:15:30.052Z"}
28/7/2026, 5:45:30 pm | {"api":"/api/cash-closing-dashboard","event":"CASH_CLOSING_DASHBOARD_API_STARTED","filters":{"cluster":"","branch":"","fromDate":"","toDate":"","status":""},"timestamp":"2026-07-28T12:15:30.163Z"}
28/7/2026, 5:45:30 pm | {"api":"/api/cash-closing-dashboard","event":"CASH_CLOSING_DASHBOARD_DB_CONNECTED","timestamp":"2026-07-28T12:15:30.164Z"}
28/7/2026, 5:45:30 pm | {"api":"/api/cash-closing-dashboard","event":"CASH_CLOSING_DASHBOARD_QUERY_STARTED","filters":{"cluster":"","branch":"","fromDate":"","toDate":"","status":""},"timestamp":"2026-07-28T12:15:30.164Z"}
28/7/2026, 5:45:30 pm | {"api":"/api/cash-closing-dashboard","event":"CASH_CLOSING_DASHBOARD_DATA_FETCHED","totalRecords":56,"timestamp":"2026-07-28T12:15:30.171Z"}
28/7/2026, 5:45:30 pm | {"api":"/api/cash-closing-dashboard","event":"CASH_CLOSING_CLUSTER_FETCHED","totalClusters":4,"timestamp":"2026-07-28T12:15:30.176Z"}
28/7/2026, 5:45:30 pm | {"api":"/api/cash-closing-dashboard","event":"CASH_CLOSING_BRANCH_FETCHED","totalBranches":56,"timestamp":"2026-07-28T12:15:30.179Z"}
28/7/2026, 5:45:30 pm | {"api":"/api/cash-closing-dashboard","event":"CASH_CLOSING_DASHBOARD_SUCCESS","totalRecords":56,"filters":{"cluster":"","branch":"","fromDate":"","toDate":"","status":""},"timestamp":"2026-07-28T12:15:30.179Z"}
28/7/2026, 5:45:35 pm | {"api":"/api/cash-closing-dashboard","event":"CASH_CLOSING_DASHBOARD_API_STARTED","filters":{"cluster":"","branch":"","fromDate":"","toDate":"","status":""},"timestamp":"2026-07-28T12:15:35.662Z"}
28/7/2026, 5:45:35 pm | {"api":"/api/cash-closing-dashboard","event":"CASH_CLOSING_DASHBOARD_DB_CONNECTED","timestamp":"2026-07-28T12:15:35.663Z"}
28/7/2026, 5:45:35 pm | {"api":"/api/cash-closing-dashboard","event":"CASH_CLOSING_DASHBOARD_QUERY_STARTED","filters":{"cluster":"","branch":"","fromDate":"","toDate":"","status":""},"timestamp":"2026-07-28T12:15:35.664Z"}
28/7/2026, 5:45:35 pm | {"api":"/api/cash-closing-dashboard","event":"CASH_CLOSING_DASHBOARD_DATA_FETCHED","totalRecords":56,"timestamp":"2026-07-28T12:15:35.671Z"}
28/7/2026, 5:45:35 pm | {"api":"/api/cash-closing-dashboard","event":"CASH_CLOSING_CLUSTER_FETCHED","totalClusters":4,"timestamp":"2026-07-28T12:15:35.674Z"}
28/7/2026, 5:45:35 pm | {"api":"/api/cash-closing-dashboard","event":"CASH_CLOSING_BRANCH_FETCHED","totalBranches":56,"timestamp":"2026-07-28T12:15:35.678Z"}
28/7/2026, 5:45:35 pm | {"api":"/api/cash-closing-dashboard","event":"CASH_CLOSING_DASHBOARD_SUCCESS","totalRecords":56,"filters":{"cluster":"","branch":"","fromDate":"","toDate":"","status":""},"timestamp":"2026-07-28T12:15:35.678Z"}
28/7/2026, 5:45:35 pm | {"api":"/api/cash-closing-dashboard","event":"CASH_CLOSING_DASHBOARD_API_STARTED","filters":{"cluster":"","branch":"","fromDate":"","toDate":"","status":""},"timestamp":"2026-07-28T12:15:35.843Z"}
28/7/2026, 5:45:35 pm | {"api":"/api/cash-closing-dashboard","event":"CASH_CLOSING_DASHBOARD_DB_CONNECTED","timestamp":"2026-07-28T12:15:35.844Z"}
28/7/2026, 5:45:35 pm | {"api":"/api/cash-closing-dashboard","event":"CASH_CLOSING_DASHBOARD_QUERY_STARTED","filters":{"cluster":"","branch":"","fromDate":"","toDate":"","status":""},"timestamp":"2026-07-28T12:15:35.845Z"}
28/7/2026, 5:45:35 pm | {"api":"/api/cash-closing-dashboard","event":"CASH_CLOSING_DASHBOARD_DATA_FETCHED","totalRecords":56,"timestamp":"2026-07-28T12:15:35.852Z"}
28/7/2026, 5:45:35 pm | {"api":"/api/cash-closing-dashboard","event":"CASH_CLOSING_CLUSTER_FETCHED","totalClusters":4,"timestamp":"2026-07-28T12:15:35.855Z"}
28/7/2026, 5:45:35 pm | {"api":"/api/cash-closing-dashboard","event":"CASH_CLOSING_BRANCH_FETCHED","totalBranches":56,"timestamp":"2026-07-28T12:15:35.858Z"}
28/7/2026, 5:45:35 pm | {"api":"/api/cash-closing-dashboard","event":"CASH_CLOSING_DASHBOARD_SUCCESS","totalRecords":56,"filters":{"cluster":"","branch":"","fromDate":"","toDate":"","status":""},"timestamp":"2026-07-28T12:15:35.859Z"}
28/7/2026, 5:45:36 pm | {"api":"/api/cash-closing-dashboard","event":"CASH_CLOSING_DASHBOARD_API_STARTED","filters":{"cluster":"","branch":"","fromDate":"","toDate":"","status":""},"timestamp":"2026-07-28T12:15:36.261Z"}
28/7/2026, 5:45:36 pm | {"api":"/api/cash-closing-dashboard","event":"CASH_CLOSING_DASHBOARD_DB_CONNECTED","timestamp":"2026-07-28T12:15:36.262Z"}
28/7/2026, 5:45:36 pm | {"api":"/api/cash-closing-dashboard","event":"CASH_CLOSING_DASHBOARD_QUERY_STARTED","filters":{"cluster":"","branch":"","fromDate":"","toDate":"","status":""},"timestamp":"2026-07-28T12:15:36.262Z"}
28/7/2026, 5:45:36 pm | {"api":"/api/cash-closing-dashboard","event":"CASH_CLOSING_DASHBOARD_DATA_FETCHED","totalRecords":56,"timestamp":"2026-07-28T12:15:36.268Z"}
28/7/2026, 5:45:36 pm | {"api":"/api/cash-closing-dashboard","event":"CASH_CLOSING_CLUSTER_FETCHED","totalClusters":4,"timestamp":"2026-07-28T12:15:36.272Z"}
28/7/2026, 5:45:36 pm | {"api":"/api/cash-closing-dashboard","event":"CASH_CLOSING_BRANCH_FETCHED","totalBranches":56,"timestamp":"2026-07-28T12:15:36.275Z"}
28/7/2026, 5:45:36 pm | {"api":"/api/cash-closing-dashboard","event":"CASH_CLOSING_DASHBOARD_SUCCESS","totalRecords":56,"filters":{"cluster":"","branch":"","fromDate":"","toDate":"","status":""},"timestamp":"2026-07-28T12:15:36.276Z"}
28/7/2026, 5:45:39 pm | {"api":"/api/cash-closing-dashboard","event":"CASH_CLOSING_DASHBOARD_API_STARTED","filters":{"cluster":"","branch":"","fromDate":"","toDate":"","status":""},"timestamp":"2026-07-28T12:15:39.587Z"}
28/7/2026, 5:45:39 pm | {"api":"/api/cash-closing-dashboard","event":"CASH_CLOSING_DASHBOARD_DB_CONNECTED","timestamp":"2026-07-28T12:15:39.588Z"}
28/7/2026, 5:45:39 pm | {"api":"/api/cash-closing-dashboard","event":"CASH_CLOSING_DASHBOARD_QUERY_STARTED","filters":{"cluster":"","branch":"","fromDate":"","toDate":"","status":""},"timestamp":"2026-07-28T12:15:39.589Z"}
28/7/2026, 5:45:39 pm | {"api":"/api/cash-closing-dashboard","event":"CASH_CLOSING_DASHBOARD_DATA_FETCHED","totalRecords":56,"timestamp":"2026-07-28T12:15:39.596Z"}
28/7/2026, 5:45:39 pm | {"api":"/api/cash-closing-dashboard","event":"CASH_CLOSING_CLUSTER_FETCHED","totalClusters":4,"timestamp":"2026-07-28T12:15:39.600Z"}
28/7/2026, 5:45:39 pm | {"api":"/api/cash-closing-dashboard","event":"CASH_CLOSING_BRANCH_FETCHED","totalBranches":56,"timestamp":"2026-07-28T12:15:39.606Z"}
28/7/2026, 5:45:39 pm | {"api":"/api/cash-closing-dashboard","event":"CASH_CLOSING_DASHBOARD_SUCCESS","totalRecords":56,"filters":{"cluster":"","branch":"","fromDate":"","toDate":"","status":""},"timestamp":"2026-07-28T12:15:39.606Z"}
28/7/2026, 5:45:39 pm | {"api":"/api/cash-closing-dashboard","event":"CASH_CLOSING_DASHBOARD_API_STARTED","filters":{"cluster":"","branch":"","fromDate":"","toDate":"","status":""},"timestamp":"2026-07-28T12:15:39.763Z"}
28/7/2026, 5:45:39 pm | {"api":"/api/cash-closing-dashboard","event":"CASH_CLOSING_DASHBOARD_DB_CONNECTED","timestamp":"2026-07-28T12:15:39.764Z"}
28/7/2026, 5:45:39 pm | {"api":"/api/cash-closing-dashboard","event":"CASH_CLOSING_DASHBOARD_QUERY_STARTED","filters":{"cluster":"","branch":"","fromDate":"","toDate":"","status":""},"timestamp":"2026-07-28T12:15:39.765Z"}
28/7/2026, 5:45:39 pm | {"api":"/api/cash-closing-dashboard","event":"CASH_CLOSING_DASHBOARD_DATA_FETCHED","totalRecords":56,"timestamp":"2026-07-28T12:15:39.772Z"}
28/7/2026, 5:45:39 pm | {"api":"/api/cash-closing-dashboard","event":"CASH_CLOSING_CLUSTER_FETCHED","totalClusters":4,"timestamp":"2026-07-28T12:15:39.775Z"}
28/7/2026, 5:45:39 pm | {"api":"/api/cash-closing-dashboard","event":"CASH_CLOSING_BRANCH_FETCHED","totalBranches":56,"timestamp":"2026-07-28T12:15:39.778Z"}
28/7/2026, 5:45:39 pm | {"api":"/api/cash-closing-dashboard","event":"CASH_CLOSING_DASHBOARD_SUCCESS","totalRecords":56,"filters":{"cluster":"","branch":"","fromDate":"","toDate":"","status":""},"timestamp":"2026-07-28T12:15:39.779Z"}
28/7/2026, 5:45:39 pm | {"api":"/api/cash-closing-dashboard","event":"CASH_CLOSING_DASHBOARD_API_STARTED","filters":{"cluster":"","branch":"","fromDate":"","toDate":"","status":""},"timestamp":"2026-07-28T12:15:39.987Z"}
28/7/2026, 5:45:39 pm | {"api":"/api/cash-closing-dashboard","event":"CASH_CLOSING_DASHBOARD_DB_CONNECTED","timestamp":"2026-07-28T12:15:39.988Z"}
28/7/2026, 5:45:39 pm | {"api":"/api/cash-closing-dashboard","event":"CASH_CLOSING_DASHBOARD_QUERY_STARTED","filters":{"cluster":"","branch":"","fromDate":"","toDate":"","status":""},"timestamp":"2026-07-28T12:15:39.989Z"}
28/7/2026, 5:45:39 pm | {"api":"/api/cash-closing-dashboard","event":"CASH_CLOSING_DASHBOARD_DATA_FETCHED","totalRecords":56,"timestamp":"2026-07-28T12:15:39.996Z"}
28/7/2026, 5:45:39 pm | {"api":"/api/cash-closing-dashboard","event":"CASH_CLOSING_CLUSTER_FETCHED","totalClusters":4,"timestamp":"2026-07-28T12:15:39.999Z"}
28/7/2026, 5:45:40 pm | {"api":"/api/cash-closing-dashboard","event":"CASH_CLOSING_BRANCH_FETCHED","totalBranches":56,"timestamp":"2026-07-28T12:15:40.002Z"}
28/7/2026, 5:45:40 pm | {"api":"/api/cash-closing-dashboard","event":"CASH_CLOSING_DASHBOARD_SUCCESS","totalRecords":56,"filters":{"cluster":"","branch":"","fromDate":"","toDate":"","status":""},"timestamp":"2026-07-28T12:15:40.003Z"}
28/7/2026, 5:45:45 pm | {"api":"/api/cash-closing-dashboard","event":"CASH_CLOSING_DASHBOARD_API_STARTED","filters":{"cluster":"","branch":"","fromDate":"","toDate":"","status":""},"timestamp":"2026-07-28T12:15:45.095Z"}
28/7/2026, 5:45:45 pm | {"api":"/api/cash-closing-dashboard","event":"CASH_CLOSING_DASHBOARD_DB_CONNECTED","timestamp":"2026-07-28T12:15:45.096Z"}
28/7/2026, 5:45:45 pm | {"api":"/api/cash-closing-dashboard","event":"CASH_CLOSING_DASHBOARD_QUERY_STARTED","filters":{"cluster":"","branch":"","fromDate":"","toDate":"","status":""},"timestamp":"2026-07-28T12:15:45.096Z"}
28/7/2026, 5:45:45 pm | {"api":"/api/cash-closing-dashboard","event":"CASH_CLOSING_DASHBOARD_DATA_FETCHED","totalRecords":56,"timestamp":"2026-07-28T12:15:45.102Z"}
28/7/2026, 5:45:45 pm | {"api":"/api/cash-closing-dashboard","event":"CASH_CLOSING_CLUSTER_FETCHED","totalClusters":4,"timestamp":"2026-07-28T12:15:45.106Z"}
28/7/2026, 5:45:45 pm | {"api":"/api/cash-closing-dashboard","event":"CASH_CLOSING_BRANCH_FETCHED","totalBranches":56,"timestamp":"2026-07-28T12:15:45.110Z"}
28/7/2026, 5:45:45 pm | {"api":"/api/cash-closing-dashboard","event":"CASH_CLOSING_DASHBOARD_SUCCESS","totalRecords":56,"filters":{"cluster":"","branch":"","fromDate":"","toDate":"","status":""},"timestamp":"2026-07-28T12:15:45.111Z"}
28/7/2026, 5:45:45 pm | {"api":"/api/cash-closing-dashboard","event":"CASH_CLOSING_DASHBOARD_API_STARTED","filters":{"cluster":"","branch":"","fromDate":"","toDate":"","status":""},"timestamp":"2026-07-28T12:15:45.229Z"}
28/7/2026, 5:45:45 pm | {"api":"/api/cash-closing-dashboard","event":"CASH_CLOSING_DASHBOARD_DB_CONNECTED","timestamp":"2026-07-28T12:15:45.230Z"}
28/7/2026, 5:45:45 pm | {"api":"/api/cash-closing-dashboard","event":"CASH_CLOSING_DASHBOARD_QUERY_STARTED","filters":{"cluster":"","branch":"","fromDate":"","toDate":"","status":""},"timestamp":"2026-07-28T12:15:45.231Z"}
28/7/2026, 5:45:45 pm | {"api":"/api/cash-closing-dashboard","event":"CASH_CLOSING_DASHBOARD_DATA_FETCHED","totalRecords":56,"timestamp":"2026-07-28T12:15:45.237Z"}
28/7/2026, 5:45:45 pm | {"api":"/api/cash-closing-dashboard","event":"CASH_CLOSING_CLUSTER_FETCHED","totalClusters":4,"timestamp":"2026-07-28T12:15:45.240Z"}
28/7/2026, 5:45:45 pm | {"api":"/api/cash-closing-dashboard","event":"CASH_CLOSING_BRANCH_FETCHED","totalBranches":56,"timestamp":"2026-07-28T12:15:45.243Z"}
28/7/2026, 5:45:45 pm | {"api":"/api/cash-closing-dashboard","event":"CASH_CLOSING_DASHBOARD_SUCCESS","totalRecords":56,"filters":{"cluster":"","branch":"","fromDate":"","toDate":"","status":""},"timestamp":"2026-07-28T12:15:45.244Z"}
28/7/2026, 5:45:45 pm | {"api":"/api/cash-closing-dashboard","event":"CASH_CLOSING_DASHBOARD_API_STARTED","filters":{"cluster":"","branch":"","fromDate":"","toDate":"","status":""},"timestamp":"2026-07-28T12:15:45.446Z"}
28/7/2026, 5:45:45 pm | {"api":"/api/cash-closing-dashboard","event":"CASH_CLOSING_DASHBOARD_DB_CONNECTED","timestamp":"2026-07-28T12:15:45.447Z"}
28/7/2026, 5:45:45 pm | {"api":"/api/cash-closing-dashboard","event":"CASH_CLOSING_DASHBOARD_QUERY_STARTED","filters":{"cluster":"","branch":"","fromDate":"","toDate":"","status":""},"timestamp":"2026-07-28T12:15:45.447Z"}
28/7/2026, 5:45:45 pm | {"api":"/api/cash-closing-dashboard","event":"CASH_CLOSING_DASHBOARD_DATA_FETCHED","totalRecords":56,"timestamp":"2026-07-28T12:15:45.453Z"}
28/7/2026, 5:45:45 pm | {"api":"/api/cash-closing-dashboard","event":"CASH_CLOSING_CLUSTER_FETCHED","totalClusters":4,"timestamp":"2026-07-28T12:15:45.457Z"}
28/7/2026, 5:45:45 pm | {"api":"/api/cash-closing-dashboard","event":"CASH_CLOSING_BRANCH_FETCHED","totalBranches":56,"timestamp":"2026-07-28T12:15:45.460Z"}
28/7/2026, 5:45:45 pm | {"api":"/api/cash-closing-dashboard","event":"CASH_CLOSING_DASHBOARD_SUCCESS","totalRecords":56,"filters":{"cluster":"","branch":"","fromDate":"","toDate":"","status":""},"timestamp":"2026-07-28T12:15:45.460Z"}
28/7/2026, 5:45:50 pm | {"api":"/api/cash-closing-dashboard","event":"CASH_CLOSING_DASHBOARD_API_STARTED","filters":{"cluster":"","branch":"","fromDate":"","toDate":"","status":""},"timestamp":"2026-07-28T12:15:50.180Z"}
28/7/2026, 5:45:50 pm | {"api":"/api/cash-closing-dashboard","event":"CASH_CLOSING_DASHBOARD_DB_CONNECTED","timestamp":"2026-07-28T12:15:50.182Z"}
28/7/2026, 5:45:50 pm | {"api":"/api/cash-closing-dashboard","event":"CASH_CLOSING_DASHBOARD_QUERY_STARTED","filters":{"cluster":"","branch":"","fromDate":"","toDate":"","status":""},"timestamp":"2026-07-28T12:15:50.182Z"}
28/7/2026, 5:45:50 pm | {"api":"/api/cash-closing-dashboard","event":"CASH_CLOSING_DASHBOARD_DATA_FETCHED","totalRecords":56,"timestamp":"2026-07-28T12:15:50.189Z"}
28/7/2026, 5:45:50 pm | {"api":"/api/cash-closing-dashboard","event":"CASH_CLOSING_CLUSTER_FETCHED","totalClusters":4,"timestamp":"2026-07-28T12:15:50.193Z"}
28/7/2026, 5:45:50 pm | {"api":"/api/cash-closing-dashboard","event":"CASH_CLOSING_BRANCH_FETCHED","totalBranches":56,"timestamp":"2026-07-28T12:15:50.197Z"}
28/7/2026, 5:45:50 pm | {"api":"/api/cash-closing-dashboard","event":"CASH_CLOSING_DASHBOARD_SUCCESS","totalRecords":56,"filters":{"cluster":"","branch":"","fromDate":"","toDate":"","status":""},"timestamp":"2026-07-28T12:15:50.198Z"}
28/7/2026, 5:45:50 pm | {"api":"/api/cash-closing-dashboard","event":"CASH_CLOSING_DASHBOARD_API_STARTED","filters":{"cluster":"","branch":"","fromDate":"","toDate":"","status":""},"timestamp":"2026-07-28T12:15:50.338Z"}
28/7/2026, 5:45:50 pm | {"api":"/api/cash-closing-dashboard","event":"CASH_CLOSING_DASHBOARD_DB_CONNECTED","timestamp":"2026-07-28T12:15:50.340Z"}
28/7/2026, 5:45:50 pm | {"api":"/api/cash-closing-dashboard","event":"CASH_CLOSING_DASHBOARD_QUERY_STARTED","filters":{"cluster":"","branch":"","fromDate":"","toDate":"","status":""},"timestamp":"2026-07-28T12:15:50.340Z"}
28/7/2026, 5:45:50 pm | {"api":"/api/cash-closing-dashboard","event":"CASH_CLOSING_DASHBOARD_DATA_FETCHED","totalRecords":56,"timestamp":"2026-07-28T12:15:50.347Z"}
28/7/2026, 5:45:50 pm | {"api":"/api/cash-closing-dashboard","event":"CASH_CLOSING_CLUSTER_FETCHED","totalClusters":4,"timestamp":"2026-07-28T12:15:50.351Z"}
28/7/2026, 5:45:50 pm | {"api":"/api/cash-closing-dashboard","event":"CASH_CLOSING_BRANCH_FETCHED","totalBranches":56,"timestamp":"2026-07-28T12:15:50.355Z"}
28/7/2026, 5:45:50 pm | {"api":"/api/cash-closing-dashboard","event":"CASH_CLOSING_DASHBOARD_SUCCESS","totalRecords":56,"filters":{"cluster":"","branch":"","fromDate":"","toDate":"","status":""},"timestamp":"2026-07-28T12:15:50.356Z"}
28/7/2026, 5:45:50 pm | {"api":"/api/cash-closing-dashboard","event":"CASH_CLOSING_DASHBOARD_API_STARTED","filters":{"cluster":"","branch":"","fromDate":"","toDate":"","status":""},"timestamp":"2026-07-28T12:15:50.514Z"}
28/7/2026, 5:45:50 pm | {"api":"/api/cash-closing-dashboard","event":"CASH_CLOSING_DASHBOARD_DB_CONNECTED","timestamp":"2026-07-28T12:15:50.515Z"}
28/7/2026, 5:45:50 pm | {"api":"/api/cash-closing-dashboard","event":"CASH_CLOSING_DASHBOARD_QUERY_STARTED","filters":{"cluster":"","branch":"","fromDate":"","toDate":"","status":""},"timestamp":"2026-07-28T12:15:50.516Z"}
28/7/2026, 5:45:50 pm | {"api":"/api/cash-closing-dashboard","event":"CASH_CLOSING_DASHBOARD_DATA_FETCHED","totalRecords":56,"timestamp":"2026-07-28T12:15:50.523Z"}
28/7/2026, 5:45:50 pm | {"api":"/api/cash-closing-dashboard","event":"CASH_CLOSING_CLUSTER_FETCHED","totalClusters":4,"timestamp":"2026-07-28T12:15:50.526Z"}
28/7/2026, 5:45:50 pm | {"api":"/api/cash-closing-dashboard","event":"CASH_CLOSING_BRANCH_FETCHED","totalBranches":56,"timestamp":"2026-07-28T12:15:50.529Z"}
28/7/2026, 5:45:50 pm | {"api":"/api/cash-closing-dashboard","event":"CASH_CLOSING_DASHBOARD_SUCCESS","totalRecords":56,"filters":{"cluster":"","branch":"","fromDate":"","toDate":"","status":""},"timestamp":"2026-07-28T12:15:50.530Z"}
28/7/2026, 5:45:50 pm | {"api":"/api/cash-closing-dashboard","event":"CASH_CLOSING_DASHBOARD_API_STARTED","filters":{"cluster":"","branch":"","fromDate":"","toDate":"","status":""},"timestamp":"2026-07-28T12:15:50.722Z"}
28/7/2026, 5:45:50 pm | {"api":"/api/cash-closing-dashboard","event":"CASH_CLOSING_DASHBOARD_DB_CONNECTED","timestamp":"2026-07-28T12:15:50.724Z"}
28/7/2026, 5:45:50 pm | {"api":"/api/cash-closing-dashboard","event":"CASH_CLOSING_DASHBOARD_QUERY_STARTED","filters":{"cluster":"","branch":"","fromDate":"","toDate":"","status":""},"timestamp":"2026-07-28T12:15:50.724Z"}
28/7/2026, 5:45:50 pm | {"api":"/api/cash-closing-dashboard","event":"CASH_CLOSING_DASHBOARD_DATA_FETCHED","totalRecords":56,"timestamp":"2026-07-28T12:15:50.731Z"}
28/7/2026, 5:45:50 pm | {"api":"/api/cash-closing-dashboard","event":"CASH_CLOSING_CLUSTER_FETCHED","totalClusters":4,"timestamp":"2026-07-28T12:15:50.735Z"}
28/7/2026, 5:45:50 pm | {"api":"/api/cash-closing-dashboard","event":"CASH_CLOSING_BRANCH_FETCHED","totalBranches":56,"timestamp":"2026-07-28T12:15:50.741Z"}
28/7/2026, 5:45:50 pm | {"api":"/api/cash-closing-dashboard","event":"CASH_CLOSING_DASHBOARD_SUCCESS","totalRecords":56,"filters":{"cluster":"","branch":"","fromDate":"","toDate":"","status":""},"timestamp":"2026-07-28T12:15:50.742Z"}
28/7/2026, 5:45:51 pm | {"api":"/login","event":"LOGIN_API_STARTED","mpin":"6181","deviceId":"a1db35a5c9eadee2","timestamp":"2026-07-28T12:15:51.377Z"}
28/7/2026, 5:45:51 pm | {"event":"LOGIN_REQUEST","mpin":"6181","deviceId":"a1db35a5c9eadee2","timestamp":"2026-07-28T12:15:51.378Z"}
28/7/2026, 5:45:51 pm | {"api":"/login","event":"LOGIN_DB_QUERY_STARTED","mpin":"6181","timestamp":"2026-07-28T12:15:51.379Z"}
28/7/2026, 5:45:51 pm | {"api":"/login","event":"LOGIN_USER_FOUND","empNo":"461","branch":"Visakhapatnam","designation":"Branch Manager","timestamp":"2026-07-28T12:15:51.389Z"}
28/7/2026, 5:45:51 pm | {"api":"/login","event":"LOGIN_DEVICE_CHECK","empNo":"461","savedDevice":"a1db35a5c9eadee2","currentDevice":"a1db35a5c9eadee2","timestamp":"2026-07-28T12:15:51.390Z"}
28/7/2026, 5:45:51 pm | {"api":"/login","event":"LOGIN_SUCCESS","empNo":"461","branch":"Visakhapatnam","designation":"Branch Manager","loginTime":"2026-07-28T12:15:51.427Z"}
28/7/2026, 5:45:51 pm | {"api":"/employee/:empNo","event":"EMPLOYEE_API_STARTED","empNo":"461","timestamp":"2026-07-28T12:15:51.640Z"}
28/7/2026, 5:45:51 pm | {"api":"/employee/:empNo","event":"EMPLOYEE_DB_QUERY_STARTED","empNo":"461","timestamp":"2026-07-28T12:15:51.641Z"}
28/7/2026, 5:45:51 pm | {"api":"/employee/:empNo","event":"EMPLOYEE_FETCH_SUCCESS","empNo":"461","employeeName":"B Rama Rao","branch":"Visakhapatnam","designation":"Branch Manager","timestamp":"2026-07-28T12:15:51.647Z"}
28/7/2026, 5:45:51 pm | {"api":"/last-submission/:empNo","event":"LAST_SUBMISSION_API_STARTED","empNo":"461","timestamp":"2026-07-28T12:15:51.710Z"}
28/7/2026, 5:45:51 pm | {"api":"/last-submission/:empNo","event":"LAST_SUBMISSION_DB_QUERY_STARTED","empNo":"461","timestamp":"2026-07-28T12:15:51.711Z"}
28/7/2026, 5:45:51 pm | {"api":"/last-submission/:empNo","event":"LAST_SUBMISSION_FETCH_SUCCESS","empNo":"461","amount":978178,"actionAt":"2026-07-27 17:47:08","timestamp":"2026-07-28T12:15:51.718Z"}
28/7/2026, 5:45:51 pm | {"api":"/today-cash/:empNo","event":"TODAY_CASH_API_STARTED","empNo":"461","timestamp":"2026-07-28T12:15:51.832Z"}
28/7/2026, 5:45:51 pm | {"api":"/today-cash/:empNo","event":"TODAY_CASH_DB_QUERY_STARTED","empNo":"461","timestamp":"2026-07-28T12:15:51.833Z"}
28/7/2026, 5:45:51 pm | {"api":"/today-cash/:empNo","event":"TODAY_CASH_NOT_FOUND","empNo":"461","timestamp":"2026-07-28T12:15:51.839Z"}
28/7/2026, 5:45:53 pm | {"api":"/login","event":"LOGIN_API_STARTED","mpin":"5591","deviceId":"0d61012a4ddd5867","timestamp":"2026-07-28T12:15:53.248Z"}
28/7/2026, 5:45:53 pm | {"event":"LOGIN_REQUEST","mpin":"5591","deviceId":"0d61012a4ddd5867","timestamp":"2026-07-28T12:15:53.249Z"}
28/7/2026, 5:45:53 pm | {"api":"/login","event":"LOGIN_DB_QUERY_STARTED","mpin":"5591","timestamp":"2026-07-28T12:15:53.250Z"}
28/7/2026, 5:45:53 pm | {"api":"/login","event":"LOGIN_USER_FOUND","empNo":"394","branch":"Ravulapalem","designation":"Branch Manager","timestamp":"2026-07-28T12:15:53.259Z"}
28/7/2026, 5:45:53 pm | {"api":"/login","event":"LOGIN_DEVICE_CHECK","empNo":"394","savedDevice":"0d61012a4ddd5867","currentDevice":"0d61012a4ddd5867","timestamp":"2026-07-28T12:15:53.259Z"}
28/7/2026, 5:45:53 pm | {"api":"/login","event":"LOGIN_SUCCESS","empNo":"394","branch":"Ravulapalem","designation":"Branch Manager","loginTime":"2026-07-28T12:15:53.266Z"}
28/7/2026, 5:45:53 pm | {"api":"/employee/:empNo","event":"EMPLOYEE_API_STARTED","empNo":"394","timestamp":"2026-07-28T12:15:53.508Z"}
28/7/2026, 5:45:53 pm | {"api":"/employee/:empNo","event":"EMPLOYEE_DB_QUERY_STARTED","empNo":"394","timestamp":"2026-07-28T12:15:53.509Z"}
28/7/2026, 5:45:53 pm | {"api":"/employee/:empNo","event":"EMPLOYEE_FETCH_SUCCESS","empNo":"394","employeeName":"Ch.Bala Krishna","branch":"Ravulapalem","designation":"Branch Manager","timestamp":"2026-07-28T12:15:53.513Z"}
28/7/2026, 5:45:53 pm | {"api":"/last-submission/:empNo","event":"LAST_SUBMISSION_API_STARTED","empNo":"394","timestamp":"2026-07-28T12:15:53.597Z"}
28/7/2026, 5:45:53 pm | {"api":"/last-submission/:empNo","event":"LAST_SUBMISSION_DB_QUERY_STARTED","empNo":"394","timestamp":"2026-07-28T12:15:53.598Z"}
28/7/2026, 5:45:53 pm | {"api":"/last-submission/:empNo","event":"LAST_SUBMISSION_FETCH_SUCCESS","empNo":"394","amount":5500000,"actionAt":"2026-07-27 17:43:05","timestamp":"2026-07-28T12:15:53.603Z"}
28/7/2026, 5:45:53 pm | {"api":"/today-cash/:empNo","event":"TODAY_CASH_API_STARTED","empNo":"394","timestamp":"2026-07-28T12:15:53.787Z"}
28/7/2026, 5:45:53 pm | {"api":"/today-cash/:empNo","event":"TODAY_CASH_DB_QUERY_STARTED","empNo":"394","timestamp":"2026-07-28T12:15:53.788Z"}
28/7/2026, 5:45:53 pm | {"api":"/today-cash/:empNo","event":"TODAY_CASH_NOT_FOUND","empNo":"394","timestamp":"2026-07-28T12:15:53.793Z"}
28/7/2026, 5:45:55 pm | {"api":"/api/cash-closing-dashboard","event":"CASH_CLOSING_DASHBOARD_API_STARTED","filters":{"cluster":"","branch":"","fromDate":"","toDate":"","status":""},"timestamp":"2026-07-28T12:15:55.100Z"}
28/7/2026, 5:45:55 pm | {"api":"/api/cash-closing-dashboard","event":"CASH_CLOSING_DASHBOARD_DB_CONNECTED","timestamp":"2026-07-28T12:15:55.101Z"}
28/7/2026, 5:45:55 pm | {"api":"/api/cash-closing-dashboard","event":"CASH_CLOSING_DASHBOARD_QUERY_STARTED","filters":{"cluster":"","branch":"","fromDate":"","toDate":"","status":""},"timestamp":"2026-07-28T12:15:55.102Z"}
28/7/2026, 5:45:55 pm | {"api":"/api/cash-closing-dashboard","event":"CASH_CLOSING_DASHBOARD_DATA_FETCHED","totalRecords":56,"timestamp":"2026-07-28T12:15:55.133Z"}
28/7/2026, 5:45:55 pm | {"api":"/api/cash-closing-dashboard","event":"CASH_CLOSING_CLUSTER_FETCHED","totalClusters":4,"timestamp":"2026-07-28T12:15:55.137Z"}
28/7/2026, 5:45:55 pm | {"api":"/api/cash-closing-dashboard","event":"CASH_CLOSING_BRANCH_FETCHED","totalBranches":56,"timestamp":"2026-07-28T12:15:55.141Z"}
28/7/2026, 5:45:55 pm | {"api":"/api/cash-closing-dashboard","event":"CASH_CLOSING_DASHBOARD_SUCCESS","totalRecords":56,"filters":{"cluster":"","branch":"","fromDate":"","toDate":"","status":""},"timestamp":"2026-07-28T12:15:55.141Z"}
28/7/2026, 5:45:55 pm | {"api":"/api/cash-closing-dashboard","event":"CASH_CLOSING_DASHBOARD_API_STARTED","filters":{"cluster":"","branch":"","fromDate":"","toDate":"","status":""},"timestamp":"2026-07-28T12:15:55.316Z"}
28/7/2026, 5:45:55 pm | {"api":"/api/cash-closing-dashboard","event":"CASH_CLOSING_DASHBOARD_DB_CONNECTED","timestamp":"2026-07-28T12:15:55.317Z"}
28/7/2026, 5:45:55 pm | {"api":"/api/cash-closing-dashboard","event":"CASH_CLOSING_DASHBOARD_QUERY_STARTED","filters":{"cluster":"","branch":"","fromDate":"","toDate":"","status":""},"timestamp":"2026-07-28T12:15:55.318Z"}
28/7/2026, 5:45:55 pm | {"api":"/api/cash-closing-dashboard","event":"CASH_CLOSING_DASHBOARD_DATA_FETCHED","totalRecords":56,"timestamp":"2026-07-28T12:15:55.323Z"}
28/7/2026, 5:45:55 pm | {"api":"/api/cash-closing-dashboard","event":"CASH_CLOSING_CLUSTER_FETCHED","totalClusters":4,"timestamp":"2026-07-28T12:15:55.326Z"}
28/7/2026, 5:45:55 pm | {"api":"/api/cash-closing-dashboard","event":"CASH_CLOSING_BRANCH_FETCHED","totalBranches":56,"timestamp":"2026-07-28T12:15:55.330Z"}
28/7/2026, 5:45:55 pm | {"api":"/api/cash-closing-dashboard","event":"CASH_CLOSING_DASHBOARD_SUCCESS","totalRecords":56,"filters":{"cluster":"","branch":"","fromDate":"","toDate":"","status":""},"timestamp":"2026-07-28T12:15:55.330Z"}
28/7/2026, 5:45:55 pm | {"api":"/api/cash-closing-dashboard","event":"CASH_CLOSING_DASHBOARD_API_STARTED","filters":{"cluster":"","branch":"","fromDate":"","toDate":"","status":""},"timestamp":"2026-07-28T12:15:55.508Z"}
28/7/2026, 5:45:55 pm | {"api":"/api/cash-closing-dashboard","event":"CASH_CLOSING_DASHBOARD_DB_CONNECTED","timestamp":"2026-07-28T12:15:55.509Z"}
28/7/2026, 5:45:55 pm | {"api":"/api/cash-closing-dashboard","event":"CASH_CLOSING_DASHBOARD_QUERY_STARTED","filters":{"cluster":"","branch":"","fromDate":"","toDate":"","status":""},"timestamp":"2026-07-28T12:15:55.510Z"}
28/7/2026, 5:45:55 pm | {"api":"/api/cash-closing-dashboard","event":"CASH_CLOSING_DASHBOARD_DATA_FETCHED","totalRecords":56,"timestamp":"2026-07-28T12:15:55.516Z"}
28/7/2026, 5:45:55 pm | {"api":"/api/cash-closing-dashboard","event":"CASH_CLOSING_CLUSTER_FETCHED","totalClusters":4,"timestamp":"2026-07-28T12:15:55.519Z"}
28/7/2026, 5:45:55 pm | {"api":"/api/cash-closing-dashboard","event":"CASH_CLOSING_BRANCH_FETCHED","totalBranches":56,"timestamp":"2026-07-28T12:15:55.523Z"}
28/7/2026, 5:45:55 pm | {"api":"/api/cash-closing-dashboard","event":"CASH_CLOSING_DASHBOARD_SUCCESS","totalRecords":56,"filters":{"cluster":"","branch":"","fromDate":"","toDate":"","status":""},"timestamp":"2026-07-28T12:15:55.523Z"}
28/7/2026, 5:45:55 pm | {"api":"/api/cash-closing-dashboard","event":"CASH_CLOSING_DASHBOARD_API_STARTED","filters":{"cluster":"","branch":"","fromDate":"","toDate":"","status":""},"timestamp":"2026-07-28T12:15:55.683Z"}
28/7/2026, 5:45:55 pm | {"api":"/api/cash-closing-dashboard","event":"CASH_CLOSING_DASHBOARD_DB_CONNECTED","timestamp":"2026-07-28T12:15:55.684Z"}
28/7/2026, 5:45:55 pm | {"api":"/api/cash-closing-dashboard","event":"CASH_CLOSING_DASHBOARD_QUERY_STARTED","filters":{"cluster":"","branch":"","fromDate":"","toDate":"","status":""},"timestamp":"2026-07-28T12:15:55.685Z"}
28/7/2026, 5:45:55 pm | {"api":"/api/cash-closing-dashboard","event":"CASH_CLOSING_DASHBOARD_DATA_FETCHED","totalRecords":56,"timestamp":"2026-07-28T12:15:55.691Z"}
28/7/2026, 5:45:55 pm | {"api":"/api/cash-closing-dashboard","event":"CASH_CLOSING_CLUSTER_FETCHED","totalClusters":4,"timestamp":"2026-07-28T12:15:55.694Z"}
28/7/2026, 5:45:55 pm | {"api":"/api/cash-closing-dashboard","event":"CASH_CLOSING_BRANCH_FETCHED","totalBranches":56,"timestamp":"2026-07-28T12:15:55.698Z"}
28/7/2026, 5:45:55 pm | {"api":"/api/cash-closing-dashboard","event":"CASH_CLOSING_DASHBOARD_SUCCESS","totalRecords":56,"filters":{"cluster":"","branch":"","fromDate":"","toDate":"","status":""},"timestamp":"2026-07-28T12:15:55.698Z"}
28/7/2026, 5:45:57 pm | {"api":"/api/cash-closing-dashboard","event":"CASH_CLOSING_DASHBOARD_API_STARTED","filters":{"cluster":"","branch":"","fromDate":"","toDate":"","status":""},"timestamp":"2026-07-28T12:15:57.877Z"}
28/7/2026, 5:45:57 pm | {"api":"/api/cash-closing-dashboard","event":"CASH_CLOSING_DASHBOARD_DB_CONNECTED","timestamp":"2026-07-28T12:15:57.878Z"}
28/7/2026, 5:45:57 pm | {"api":"/api/cash-closing-dashboard","event":"CASH_CLOSING_DASHBOARD_QUERY_STARTED","filters":{"cluster":"","branch":"","fromDate":"","toDate":"","status":""},"timestamp":"2026-07-28T12:15:57.878Z"}
28/7/2026, 5:45:57 pm | {"api":"/api/cash-closing-dashboard","event":"CASH_CLOSING_DASHBOARD_DATA_FETCHED","totalRecords":56,"timestamp":"2026-07-28T12:15:57.885Z"}
28/7/2026, 5:45:57 pm | {"api":"/api/cash-closing-dashboard","event":"CASH_CLOSING_CLUSTER_FETCHED","totalClusters":4,"timestamp":"2026-07-28T12:15:57.888Z"}
28/7/2026, 5:45:57 pm | {"api":"/api/cash-closing-dashboard","event":"CASH_CLOSING_BRANCH_FETCHED","totalBranches":56,"timestamp":"2026-07-28T12:15:57.891Z"}
28/7/2026, 5:45:57 pm | {"api":"/api/cash-closing-dashboard","event":"CASH_CLOSING_DASHBOARD_SUCCESS","totalRecords":56,"filters":{"cluster":"","branch":"","fromDate":"","toDate":"","status":""},"timestamp":"2026-07-28T12:15:57.892Z"}
28/7/2026, 5:45:58 pm | {"api":"/api/cash-closing-dashboard","event":"CASH_CLOSING_DASHBOARD_API_STARTED","filters":{"cluster":"","branch":"","fromDate":"","toDate":"","status":""},"timestamp":"2026-07-28T12:15:58.075Z"}
28/7/2026, 5:45:58 pm | {"api":"/api/cash-closing-dashboard","event":"CASH_CLOSING_DASHBOARD_DB_CONNECTED","timestamp":"2026-07-28T12:15:58.076Z"}
28/7/2026, 5:45:58 pm | {"api":"/api/cash-closing-dashboard","event":"CASH_CLOSING_DASHBOARD_QUERY_STARTED","filters":{"cluster":"","branch":"","fromDate":"","toDate":"","status":""},"timestamp":"2026-07-28T12:15:58.077Z"}
28/7/2026, 5:45:58 pm | {"api":"/api/cash-closing-dashboard","event":"CASH_CLOSING_DASHBOARD_DATA_FETCHED","totalRecords":56,"timestamp":"2026-07-28T12:15:58.083Z"}
28/7/2026, 5:45:58 pm | {"api":"/api/cash-closing-dashboard","event":"CASH_CLOSING_CLUSTER_FETCHED","totalClusters":4,"timestamp":"2026-07-28T12:15:58.086Z"}
28/7/2026, 5:45:58 pm | {"api":"/api/cash-closing-dashboard","event":"CASH_CLOSING_BRANCH_FETCHED","totalBranches":56,"timestamp":"2026-07-28T12:15:58.089Z"}
28/7/2026, 5:45:58 pm | {"api":"/api/cash-closing-dashboard","event":"CASH_CLOSING_DASHBOARD_SUCCESS","totalRecords":56,"filters":{"cluster":"","branch":"","fromDate":"","toDate":"","status":""},"timestamp":"2026-07-28T12:15:58.090Z"}
28/7/2026, 5:46:00 pm | {"api":"/save-cash-closing","event":"SAVE_CASH_API_STARTED","empNo":"394","amount":"2500000","timestamp":"2026-07-28T12:16:00.883Z"}
28/7/2026, 5:46:00 pm | {"api":"/save-cash-closing","event":"PREVIOUS_DAY_RECORD_FOUND","empNo":"394","oldDate":"2026-07-27T00:00:00.000Z","amount":5500000,"timestamp":"2026-07-28T12:16:00.890Z"}
28/7/2026, 5:46:00 pm | {"api":"/save-cash-closing","event":"PREVIOUS_DAY_MOVED_TO_HISTORY","empNo":"394","timestamp":"2026-07-28T12:16:00.897Z"}
28/7/2026, 5:46:00 pm | {"api":"/save-cash-closing","event":"PREVIOUS_DAY_DELETED","empNo":"394","timestamp":"2026-07-28T12:16:00.904Z"}
28/7/2026, 5:46:00 pm | {"api":"/save-cash-closing","event":"SAVE_CASH_NEW_ENTRY","empNo":"394","amount":"2500000","branch":"Ravulapalem","timestamp":"2026-07-28T12:16:00.907Z"}
28/7/2026, 5:46:00 pm | {"api":"/save-cash-closing","event":"SAVE_CASH_HISTORY_INSERTED","empNo":"394","actionType":"ADDED","version":1,"timestamp":"2026-07-28T12:16:00.924Z"}
28/7/2026, 5:46:00 pm | {"api":"/save-cash-closing","event":"SAVE_CASH_SUCCESS","type":"INSERT","empNo":"394","amount":"2500000","timestamp":"2026-07-28T12:16:00.927Z"}
28/7/2026, 5:46:01 pm | {"api":"/api/cash-closing-dashboard","event":"CASH_CLOSING_DASHBOARD_API_STARTED","filters":{"cluster":"","branch":"","fromDate":"","toDate":"","status":""},"timestamp":"2026-07-28T12:16:01.286Z"}
28/7/2026, 5:46:01 pm | {"api":"/api/cash-closing-dashboard","event":"CASH_CLOSING_DASHBOARD_DB_CONNECTED","timestamp":"2026-07-28T12:16:01.287Z"}
28/7/2026, 5:46:01 pm | {"api":"/api/cash-closing-dashboard","event":"CASH_CLOSING_DASHBOARD_QUERY_STARTED","filters":{"cluster":"","branch":"","fromDate":"","toDate":"","status":""},"timestamp":"2026-07-28T12:16:01.287Z"}
28/7/2026, 5:46:01 pm | {"api":"/api/cash-closing-dashboard","event":"CASH_CLOSING_DASHBOARD_DATA_FETCHED","totalRecords":56,"timestamp":"2026-07-28T12:16:01.321Z"}
28/7/2026, 5:46:01 pm | {"api":"/api/cash-closing-dashboard","event":"CASH_CLOSING_CLUSTER_FETCHED","totalClusters":4,"timestamp":"2026-07-28T12:16:01.325Z"}
28/7/2026, 5:46:01 pm | {"api":"/api/cash-closing-dashboard","event":"CASH_CLOSING_BRANCH_FETCHED","totalBranches":56,"timestamp":"2026-07-28T12:16:01.328Z"}
28/7/2026, 5:46:01 pm | {"api":"/api/cash-closing-dashboard","event":"CASH_CLOSING_DASHBOARD_SUCCESS","totalRecords":56,"filters":{"cluster":"","branch":"","fromDate":"","toDate":"","status":""},"timestamp":"2026-07-28T12:16:01.329Z"}
28/7/2026, 5:46:01 pm | {"api":"/api/cash-closing-dashboard","event":"CASH_CLOSING_DASHBOARD_API_STARTED","filters":{"cluster":"","branch":"","fromDate":"","toDate":"","status":""},"timestamp":"2026-07-28T12:16:01.452Z"}
28/7/2026, 5:46:01 pm | {"api":"/api/cash-closing-dashboard","event":"CASH_CLOSING_DASHBOARD_DB_CONNECTED","timestamp":"2026-07-28T12:16:01.453Z"}
28/7/2026, 5:46:01 pm | {"api":"/api/cash-closing-dashboard","event":"CASH_CLOSING_DASHBOARD_QUERY_STARTED","filters":{"cluster":"","branch":"","fromDate":"","toDate":"","status":""},"timestamp":"2026-07-28T12:16:01.453Z"}
28/7/2026, 5:46:01 pm | {"api":"/api/cash-closing-dashboard","event":"CASH_CLOSING_DASHBOARD_DATA_FETCHED","totalRecords":56,"timestamp":"2026-07-28T12:16:01.460Z"}
28/7/2026, 5:46:01 pm | {"api":"/api/cash-closing-dashboard","event":"CASH_CLOSING_CLUSTER_FETCHED","totalClusters":4,"timestamp":"2026-07-28T12:16:01.465Z"}
28/7/2026, 5:46:01 pm | {"api":"/api/cash-closing-dashboard","event":"CASH_CLOSING_BRANCH_FETCHED","totalBranches":56,"timestamp":"2026-07-28T12:16:01.469Z"}
28/7/2026, 5:46:01 pm | {"api":"/api/cash-closing-dashboard","event":"CASH_CLOSING_DASHBOARD_SUCCESS","totalRecords":56,"filters":{"cluster":"","branch":"","fromDate":"","toDate":"","status":""},"timestamp":"2026-07-28T12:16:01.469Z"}
28/7/2026, 5:46:01 pm | {"api":"/api/cash-closing-dashboard","event":"CASH_CLOSING_DASHBOARD_API_STARTED","filters":{"cluster":"","branch":"","fromDate":"","toDate":"","status":""},"timestamp":"2026-07-28T12:16:01.693Z"}
28/7/2026, 5:46:01 pm | {"api":"/api/cash-closing-dashboard","event":"CASH_CLOSING_DASHBOARD_DB_CONNECTED","timestamp":"2026-07-28T12:16:01.694Z"}
28/7/2026, 5:46:01 pm | {"api":"/api/cash-closing-dashboard","event":"CASH_CLOSING_DASHBOARD_QUERY_STARTED","filters":{"cluster":"","branch":"","fromDate":"","toDate":"","status":""},"timestamp":"2026-07-28T12:16:01.695Z"}
28/7/2026, 5:46:01 pm | {"api":"/api/cash-closing-dashboard","event":"CASH_CLOSING_DASHBOARD_DATA_FETCHED","totalRecords":56,"timestamp":"2026-07-28T12:16:01.700Z"}
28/7/2026, 5:46:01 pm | {"api":"/api/cash-closing-dashboard","event":"CASH_CLOSING_CLUSTER_FETCHED","totalClusters":4,"timestamp":"2026-07-28T12:16:01.703Z"}
28/7/2026, 5:46:01 pm | {"api":"/api/cash-closing-dashboard","event":"CASH_CLOSING_BRANCH_FETCHED","totalBranches":56,"timestamp":"2026-07-28T12:16:01.706Z"}
28/7/2026, 5:46:01 pm | {"api":"/api/cash-closing-dashboard","event":"CASH_CLOSING_DASHBOARD_SUCCESS","totalRecords":56,"filters":{"cluster":"","branch":"","fromDate":"","toDate":"","status":""},"timestamp":"2026-07-28T12:16:01.707Z"}
28/7/2026, 5:46:04 pm | {"api":"/save-cash-closing","event":"SAVE_CASH_API_STARTED","empNo":"461","amount":"680978","timestamp":"2026-07-28T12:16:04.509Z"}
28/7/2026, 5:46:04 pm | {"api":"/save-cash-closing","event":"PREVIOUS_DAY_RECORD_FOUND","empNo":"461","oldDate":"2026-07-27T00:00:00.000Z","amount":978178,"timestamp":"2026-07-28T12:16:04.517Z"}
28/7/2026, 5:46:04 pm | {"api":"/save-cash-closing","event":"PREVIOUS_DAY_MOVED_TO_HISTORY","empNo":"461","timestamp":"2026-07-28T12:16:04.524Z"}
28/7/2026, 5:46:04 pm | {"api":"/save-cash-closing","event":"PREVIOUS_DAY_DELETED","empNo":"461","timestamp":"2026-07-28T12:16:04.531Z"}
28/7/2026, 5:46:04 pm | {"api":"/save-cash-closing","event":"SAVE_CASH_NEW_ENTRY","empNo":"461","amount":"680978","branch":"Visakhapatnam","timestamp":"2026-07-28T12:16:04.534Z"}
28/7/2026, 5:46:04 pm | {"api":"/save-cash-closing","event":"SAVE_CASH_HISTORY_INSERTED","empNo":"461","actionType":"ADDED","version":1,"timestamp":"2026-07-28T12:16:04.548Z"}
28/7/2026, 5:46:04 pm | {"api":"/save-cash-closing","event":"SAVE_CASH_SUCCESS","type":"INSERT","empNo":"461","amount":"680978","timestamp":"2026-07-28T12:16:04.548Z"}
28/7/2026, 5:46:05 pm | {"api":"/api/cash-closing-dashboard","event":"CASH_CLOSING_DASHBOARD_API_STARTED","filters":{"cluster":"","branch":"","fromDate":"","toDate":"","status":""},"timestamp":"2026-07-28T12:16:05.894Z"}
28/7/2026, 5:46:05 pm | {"api":"/api/cash-closing-dashboard","event":"CASH_CLOSING_DASHBOARD_DB_CONNECTED","timestamp":"2026-07-28T12:16:05.895Z"}
28/7/2026, 5:46:05 pm | {"api":"/api/cash-closing-dashboard","event":"CASH_CLOSING_DASHBOARD_QUERY_STARTED","filters":{"cluster":"","branch":"","fromDate":"","toDate":"","status":""},"timestamp":"2026-07-28T12:16:05.896Z"}
28/7/2026, 5:46:05 pm | {"api":"/api/cash-closing-dashboard","event":"CASH_CLOSING_DASHBOARD_DATA_FETCHED","totalRecords":56,"timestamp":"2026-07-28T12:16:05.930Z"}
28/7/2026, 5:46:05 pm | {"api":"/api/cash-closing-dashboard","event":"CASH_CLOSING_CLUSTER_FETCHED","totalClusters":4,"timestamp":"2026-07-28T12:16:05.935Z"}
28/7/2026, 5:46:05 pm | {"api":"/api/cash-closing-dashboard","event":"CASH_CLOSING_BRANCH_FETCHED","totalBranches":56,"timestamp":"2026-07-28T12:16:05.938Z"}
28/7/2026, 5:46:05 pm | {"api":"/api/cash-closing-dashboard","event":"CASH_CLOSING_DASHBOARD_SUCCESS","totalRecords":56,"filters":{"cluster":"","branch":"","fromDate":"","toDate":"","status":""},"timestamp":"2026-07-28T12:16:05.939Z"}
28/7/2026, 5:46:06 pm | {"api":"/api/cash-closing-dashboard","event":"CASH_CLOSING_DASHBOARD_API_STARTED","filters":{"cluster":"","branch":"","fromDate":"","toDate":"","status":""},"timestamp":"2026-07-28T12:16:06.093Z"}
28/7/2026, 5:46:06 pm | {"api":"/api/cash-closing-dashboard","event":"CASH_CLOSING_DASHBOARD_DB_CONNECTED","timestamp":"2026-07-28T12:16:06.093Z"}
28/7/2026, 5:46:06 pm | {"api":"/api/cash-closing-dashboard","event":"CASH_CLOSING_DASHBOARD_QUERY_STARTED","filters":{"cluster":"","branch":"","fromDate":"","toDate":"","status":""},"timestamp":"2026-07-28T12:16:06.094Z"}
28/7/2026, 5:46:06 pm | {"api":"/api/cash-closing-dashboard","event":"CASH_CLOSING_DASHBOARD_DATA_FETCHED","totalRecords":56,"timestamp":"2026-07-28T12:16:06.099Z"}
28/7/2026, 5:46:06 pm | {"api":"/api/cash-closing-dashboard","event":"CASH_CLOSING_CLUSTER_FETCHED","totalClusters":4,"timestamp":"2026-07-28T12:16:06.102Z"}
28/7/2026, 5:46:06 pm | {"api":"/api/cash-closing-dashboard","event":"CASH_CLOSING_BRANCH_FETCHED","totalBranches":56,"timestamp":"2026-07-28T12:16:06.105Z"}
28/7/2026, 5:46:06 pm | {"api":"/api/cash-closing-dashboard","event":"CASH_CLOSING_DASHBOARD_SUCCESS","totalRecords":56,"filters":{"cluster":"","branch":"","fromDate":"","toDate":"","status":""},"timestamp":"2026-07-28T12:16:06.106Z"}
28/7/2026, 5:46:06 pm | {"api":"/api/cash-closing-dashboard","event":"CASH_CLOSING_DASHBOARD_API_STARTED","filters":{"cluster":"","branch":"","fromDate":"","toDate":"","status":""},"timestamp":"2026-07-28T12:16:06.341Z"}
28/7/2026, 5:46:06 pm | {"api":"/api/cash-closing-dashboard","event":"CASH_CLOSING_DASHBOARD_DB_CONNECTED","timestamp":"2026-07-28T12:16:06.342Z"}
28/7/2026, 5:46:06 pm | {"api":"/api/cash-closing-dashboard","event":"CASH_CLOSING_DASHBOARD_QUERY_STARTED","filters":{"cluster":"","branch":"","fromDate":"","toDate":"","status":""},"timestamp":"2026-07-28T12:16:06.342Z"}
28/7/2026, 5:46:06 pm | {"api":"/api/cash-closing-dashboard","event":"CASH_CLOSING_DASHBOARD_DATA_FETCHED","totalRecords":56,"timestamp":"2026-07-28T12:16:06.349Z"}
28/7/2026, 5:46:06 pm | {"api":"/api/cash-closing-dashboard","event":"CASH_CLOSING_CLUSTER_FETCHED","totalClusters":4,"timestamp":"2026-07-28T12:16:06.352Z"}
28/7/2026, 5:46:06 pm | {"api":"/api/cash-closing-dashboard","event":"CASH_CLOSING_BRANCH_FETCHED","totalBranches":56,"timestamp":"2026-07-28T12:16:06.356Z"}
28/7/2026, 5:46:06 pm | {"api":"/api/cash-closing-dashboard","event":"CASH_CLOSING_DASHBOARD_SUCCESS","totalRecords":56,"filters":{"cluster":"","branch":"","fromDate":"","toDate":"","status":""},"timestamp":"2026-07-28T12:16:06.356Z"}
28/7/2026, 5:46:06 pm | {"api":"/api/cash-closing-dashboard","event":"CASH_CLOSING_DASHBOARD_API_STARTED","filters":{"cluster":"","branch":"","fromDate":"","toDate":"","status":""},"timestamp":"2026-07-28T12:16:06.515Z"}
28/7/2026, 5:46:06 pm | {"api":"/api/cash-closing-dashboard","event":"CASH_CLOSING_DASHBOARD_DB_CONNECTED","timestamp":"2026-07-28T12:16:06.516Z"}
28/7/2026, 5:46:06 pm | {"api":"/api/cash-closing-dashboard","event":"CASH_CLOSING_DASHBOARD_QUERY_STARTED","filters":{"cluster":"","branch":"","fromDate":"","toDate":"","status":""},"timestamp":"2026-07-28T12:16:06.517Z"}
28/7/2026, 5:46:06 pm | {"api":"/api/cash-closing-dashboard","event":"CASH_CLOSING_DASHBOARD_DATA_FETCHED","totalRecords":56,"timestamp":"2026-07-28T12:16:06.524Z"}
28/7/2026, 5:46:06 pm | {"api":"/api/cash-closing-dashboard","event":"CASH_CLOSING_CLUSTER_FETCHED","totalClusters":4,"timestamp":"2026-07-28T12:16:06.527Z"}
28/7/2026, 5:46:06 pm | {"api":"/api/cash-closing-dashboard","event":"CASH_CLOSING_BRANCH_FETCHED","totalBranches":56,"timestamp":"2026-07-28T12:16:06.530Z"}
28/7/2026, 5:46:06 pm | {"api":"/api/cash-closing-dashboard","event":"CASH_CLOSING_DASHBOARD_SUCCESS","totalRecords":56,"filters":{"cluster":"","branch":"","fromDate":"","toDate":"","status":""},"timestamp":"2026-07-28T12:16:06.531Z"}
28/7/2026, 5:46:08 pm | {"api":"/api/cash-closing-dashboard","event":"CASH_CLOSING_DASHBOARD_API_STARTED","filters":{"cluster":"","branch":"","fromDate":"","toDate":"","status":""},"timestamp":"2026-07-28T12:16:08.981Z"}
28/7/2026, 5:46:08 pm | {"api":"/api/cash-closing-dashboard","event":"CASH_CLOSING_DASHBOARD_DB_CONNECTED","timestamp":"2026-07-28T12:16:08.982Z"}
28/7/2026, 5:46:08 pm | {"api":"/api/cash-closing-dashboard","event":"CASH_CLOSING_DASHBOARD_QUERY_STARTED","filters":{"cluster":"","branch":"","fromDate":"","toDate":"","status":""},"timestamp":"2026-07-28T12:16:08.982Z"}
28/7/2026, 5:46:08 pm | {"api":"/api/cash-closing-dashboard","event":"CASH_CLOSING_DASHBOARD_DATA_FETCHED","totalRecords":56,"timestamp":"2026-07-28T12:16:08.989Z"}
28/7/2026, 5:46:08 pm | {"api":"/api/cash-closing-dashboard","event":"CASH_CLOSING_CLUSTER_FETCHED","totalClusters":4,"timestamp":"2026-07-28T12:16:08.993Z"}
28/7/2026, 5:46:08 pm | {"api":"/api/cash-closing-dashboard","event":"CASH_CLOSING_BRANCH_FETCHED","totalBranches":56,"timestamp":"2026-07-28T12:16:08.997Z"}
28/7/2026, 5:46:08 pm | {"api":"/api/cash-closing-dashboard","event":"CASH_CLOSING_DASHBOARD_SUCCESS","totalRecords":56,"filters":{"cluster":"","branch":"","fromDate":"","toDate":"","status":""},"timestamp":"2026-07-28T12:16:08.997Z"}
28/7/2026, 5:46:09 pm | {"api":"/api/cash-closing-dashboard","event":"CASH_CLOSING_DASHBOARD_API_STARTED","filters":{"cluster":"","branch":"","fromDate":"","toDate":"","status":""},"timestamp":"2026-07-28T12:16:09.179Z"}
28/7/2026, 5:46:09 pm | {"api":"/api/cash-closing-dashboard","event":"CASH_CLOSING_DASHBOARD_DB_CONNECTED","timestamp":"2026-07-28T12:16:09.180Z"}
28/7/2026, 5:46:09 pm | {"api":"/api/cash-closing-dashboard","event":"CASH_CLOSING_DASHBOARD_QUERY_STARTED","filters":{"cluster":"","branch":"","fromDate":"","toDate":"","status":""},"timestamp":"2026-07-28T12:16:09.181Z"}
28/7/2026, 5:46:09 pm | {"api":"/api/cash-closing-dashboard","event":"CASH_CLOSING_DASHBOARD_DATA_FETCHED","totalRecords":56,"timestamp":"2026-07-28T12:16:09.187Z"}
28/7/2026, 5:46:09 pm | {"api":"/api/cash-closing-dashboard","event":"CASH_CLOSING_CLUSTER_FETCHED","totalClusters":4,"timestamp":"2026-07-28T12:16:09.192Z"}
28/7/2026, 5:46:09 pm | {"api":"/api/cash-closing-dashboard","event":"CASH_CLOSING_BRANCH_FETCHED","totalBranches":56,"timestamp":"2026-07-28T12:16:09.196Z"}
28/7/2026, 5:46:09 pm | {"api":"/api/cash-closing-dashboard","event":"CASH_CLOSING_DASHBOARD_SUCCESS","totalRecords":56,"filters":{"cluster":"","branch":"","fromDate":"","toDate":"","status":""},"timestamp":"2026-07-28T12:16:09.196Z"}
28/7/2026, 5:46:09 pm | {"api":"/api/cash-closing-dashboard","event":"CASH_CLOSING_DASHBOARD_API_STARTED","filters":{"cluster":"","branch":"","fromDate":"","toDate":"","status":""},"timestamp":"2026-07-28T12:16:09.388Z"}
28/7/2026, 5:46:09 pm | {"api":"/api/cash-closing-dashboard","event":"CASH_CLOSING_DASHBOARD_DB_CONNECTED","timestamp":"2026-07-28T12:16:09.389Z"}
28/7/2026, 5:46:09 pm | {"api":"/api/cash-closing-dashboard","event":"CASH_CLOSING_DASHBOARD_QUERY_STARTED","filters":{"cluster":"","branch":"","fromDate":"","toDate":"","status":""},"timestamp":"2026-07-28T12:16:09.389Z"}
28/7/2026, 5:46:09 pm | {"api":"/api/cash-closing-dashboard","event":"CASH_CLOSING_DASHBOARD_DATA_FETCHED","totalRecords":56,"timestamp":"2026-07-28T12:16:09.396Z"}
28/7/2026, 5:46:09 pm | {"api":"/api/cash-closing-dashboard","event":"CASH_CLOSING_CLUSTER_FETCHED","totalClusters":4,"timestamp":"2026-07-28T12:16:09.400Z"}
28/7/2026, 5:46:09 pm | {"api":"/api/cash-closing-dashboard","event":"CASH_CLOSING_BRANCH_FETCHED","totalBranches":56,"timestamp":"2026-07-28T12:16:09.403Z"}
28/7/2026, 5:46:09 pm | {"api":"/api/cash-closing-dashboard","event":"CASH_CLOSING_DASHBOARD_SUCCESS","totalRecords":56,"filters":{"cluster":"","branch":"","fromDate":"","toDate":"","status":""},"timestamp":"2026-07-28T12:16:09.404Z"}
28/7/2026, 5:46:09 pm | {"api":"/api/cash-closing-dashboard","event":"CASH_CLOSING_DASHBOARD_API_STARTED","filters":{"cluster":"","branch":"","fromDate":"","toDate":"","status":""},"timestamp":"2026-07-28T12:16:09.611Z"}
28/7/2026, 5:46:09 pm | {"api":"/api/cash-closing-dashboard","event":"CASH_CLOSING_DASHBOARD_DB_CONNECTED","timestamp":"2026-07-28T12:16:09.612Z"}
28/7/2026, 5:46:09 pm | {"api":"/api/cash-closing-dashboard","event":"CASH_CLOSING_DASHBOARD_QUERY_STARTED","filters":{"cluster":"","branch":"","fromDate":"","toDate":"","status":""},"timestamp":"2026-07-28T12:16:09.613Z"}
28/7/2026, 5:46:09 pm | {"api":"/api/cash-closing-dashboard","event":"CASH_CLOSING_DASHBOARD_DATA_FETCHED","totalRecords":56,"timestamp":"2026-07-28T12:16:09.620Z"}
28/7/2026, 5:46:09 pm | {"api":"/api/cash-closing-dashboard","event":"CASH_CLOSING_CLUSTER_FETCHED","totalClusters":4,"timestamp":"2026-07-28T12:16:09.623Z"}
28/7/2026, 5:46:09 pm | {"api":"/api/cash-closing-dashboard","event":"CASH_CLOSING_BRANCH_FETCHED","totalBranches":56,"timestamp":"2026-07-28T12:16:09.627Z"}
28/7/2026, 5:46:09 pm | {"api":"/api/cash-closing-dashboard","event":"CASH_CLOSING_DASHBOARD_SUCCESS","totalRecords":56,"filters":{"cluster":"","branch":"","fromDate":"","toDate":"","status":""},"timestamp":"2026-07-28T12:16:09.627Z"}
28/7/2026, 5:46:13 pm | {"api":"/api/cash-closing-dashboard","event":"CASH_CLOSING_DASHBOARD_API_STARTED","filters":{"cluster":"","branch":"","fromDate":"","toDate":"","status":""},"timestamp":"2026-07-28T12:16:13.996Z"}
28/7/2026, 5:46:13 pm | {"api":"/api/cash-closing-dashboard","event":"CASH_CLOSING_DASHBOARD_DB_CONNECTED","timestamp":"2026-07-28T12:16:13.997Z"}
28/7/2026, 5:46:13 pm | {"api":"/api/cash-closing-dashboard","event":"CASH_CLOSING_DASHBOARD_QUERY_STARTED","filters":{"cluster":"","branch":"","fromDate":"","toDate":"","status":""},"timestamp":"2026-07-28T12:16:13.998Z"}
28/7/2026, 5:46:14 pm | {"api":"/api/cash-closing-dashboard","event":"CASH_CLOSING_DASHBOARD_DATA_FETCHED","totalRecords":56,"timestamp":"2026-07-28T12:16:14.005Z"}
28/7/2026, 5:46:14 pm | {"api":"/api/cash-closing-dashboard","event":"CASH_CLOSING_CLUSTER_FETCHED","totalClusters":4,"timestamp":"2026-07-28T12:16:14.008Z"}
28/7/2026, 5:46:14 pm | {"api":"/api/cash-closing-dashboard","event":"CASH_CLOSING_BRANCH_FETCHED","totalBranches":56,"timestamp":"2026-07-28T12:16:14.011Z"}
28/7/2026, 5:46:14 pm | {"api":"/api/cash-closing-dashboard","event":"CASH_CLOSING_DASHBOARD_SUCCESS","totalRecords":56,"filters":{"cluster":"","branch":"","fromDate":"","toDate":"","status":""},"timestamp":"2026-07-28T12:16:14.012Z"}
28/7/2026, 5:46:14 pm | {"api":"/api/cash-closing-dashboard","event":"CASH_CLOSING_DASHBOARD_API_STARTED","filters":{"cluster":"","branch":"","fromDate":"","toDate":"","status":""},"timestamp":"2026-07-28T12:16:14.148Z"}
28/7/2026, 5:46:14 pm | {"api":"/api/cash-closing-dashboard","event":"CASH_CLOSING_DASHBOARD_DB_CONNECTED","timestamp":"2026-07-28T12:16:14.149Z"}
28/7/2026, 5:46:14 pm | {"api":"/api/cash-closing-dashboard","event":"CASH_CLOSING_DASHBOARD_QUERY_STARTED","filters":{"cluster":"","branch":"","fromDate":"","toDate":"","status":""},"timestamp":"2026-07-28T12:16:14.149Z"}
28/7/2026, 5:46:14 pm | {"api":"/api/cash-closing-dashboard","event":"CASH_CLOSING_DASHBOARD_DATA_FETCHED","totalRecords":56,"timestamp":"2026-07-28T12:16:14.156Z"}
28/7/2026, 5:46:14 pm | {"api":"/api/cash-closing-dashboard","event":"CASH_CLOSING_CLUSTER_FETCHED","totalClusters":4,"timestamp":"2026-07-28T12:16:14.159Z"}
28/7/2026, 5:46:14 pm | {"api":"/api/cash-closing-dashboard","event":"CASH_CLOSING_BRANCH_FETCHED","totalBranches":56,"timestamp":"2026-07-28T12:16:14.166Z"}
28/7/2026, 5:46:14 pm | {"api":"/api/cash-closing-dashboard","event":"CASH_CLOSING_DASHBOARD_SUCCESS","totalRecords":56,"filters":{"cluster":"","branch":"","fromDate":"","toDate":"","status":""},"timestamp":"2026-07-28T12:16:14.167Z"}
28/7/2026, 5:46:14 pm | {"api":"/api/cash-closing-dashboard","event":"CASH_CLOSING_DASHBOARD_API_STARTED","filters":{"cluster":"","branch":"","fromDate":"","toDate":"","status":""},"timestamp":"2026-07-28T12:16:14.386Z"}
28/7/2026, 5:46:14 pm | {"api":"/api/cash-closing-dashboard","event":"CASH_CLOSING_DASHBOARD_DB_CONNECTED","timestamp":"2026-07-28T12:16:14.387Z"}
28/7/2026, 5:46:14 pm | {"api":"/api/cash-closing-dashboard","event":"CASH_CLOSING_DASHBOARD_QUERY_STARTED","filters":{"cluster":"","branch":"","fromDate":"","toDate":"","status":""},"timestamp":"2026-07-28T12:16:14.388Z"}
28/7/2026, 5:46:14 pm | {"api":"/api/cash-closing-dashboard","event":"CASH_CLOSING_DASHBOARD_DATA_FETCHED","totalRecords":56,"timestamp":"2026-07-28T12:16:14.395Z"}
28/7/2026, 5:46:14 pm | {"api":"/api/cash-closing-dashboard","event":"CASH_CLOSING_CLUSTER_FETCHED","totalClusters":4,"timestamp":"2026-07-28T12:16:14.399Z"}
28/7/2026, 5:46:14 pm | {"api":"/api/cash-closing-dashboard","event":"CASH_CLOSING_BRANCH_FETCHED","totalBranches":56,"timestamp":"2026-07-28T12:16:14.402Z"}
28/7/2026, 5:46:14 pm | {"api":"/api/cash-closing-dashboard","event":"CASH_CLOSING_DASHBOARD_SUCCESS","totalRecords":56,"filters":{"cluster":"","branch":"","fromDate":"","toDate":"","status":""},"timestamp":"2026-07-28T12:16:14.403Z"}
28/7/2026, 5:46:14 pm | {"api":"/api/cash-closing-dashboard","event":"CASH_CLOSING_DASHBOARD_API_STARTED","filters":{"cluster":"","branch":"","fromDate":"","toDate":"","status":""},"timestamp":"2026-07-28T12:16:14.610Z"}
28/7/2026, 5:46:14 pm | {"api":"/api/cash-closing-dashboard","event":"CASH_CLOSING_DASHBOARD_DB_CONNECTED","timestamp":"2026-07-28T12:16:14.612Z"}
28/7/2026, 5:46:14 pm | {"api":"/api/cash-closing-dashboard","event":"CASH_CLOSING_DASHBOARD_QUERY_STARTED","filters":{"cluster":"","branch":"","fromDate":"","toDate":"","status":""},"timestamp":"2026-07-28T12:16:14.612Z"}
28/7/2026, 5:46:14 pm | {"api":"/api/cash-closing-dashboard","event":"CASH_CLOSING_DASHBOARD_DATA_FETCHED","totalRecords":56,"timestamp":"2026-07-28T12:16:14.620Z"}
28/7/2026, 5:46:14 pm | {"api":"/api/cash-closing-dashboard","event":"CASH_CLOSING_CLUSTER_FETCHED","totalClusters":4,"timestamp":"2026-07-28T12:16:14.623Z"}
28/7/2026, 5:46:14 pm | {"api":"/api/cash-closing-dashboard","event":"CASH_CLOSING_BRANCH_FETCHED","totalBranches":56,"timestamp":"2026-07-28T12:16:14.626Z"}
28/7/2026, 5:46:14 pm | {"api":"/api/cash-closing-dashboard","event":"CASH_CLOSING_DASHBOARD_SUCCESS","totalRecords":56,"filters":{"cluster":"","branch":"","fromDate":"","toDate":"","status":""},"timestamp":"2026-07-28T12:16:14.627Z"}
28/7/2026, 5:46:16 pm | {"api":"/api/cash-closing-dashboard","event":"CASH_CLOSING_DASHBOARD_API_STARTED","filters":{"cluster":"","branch":"","fromDate":"","toDate":"","status":""},"timestamp":"2026-07-28T12:16:16.284Z"}
28/7/2026, 5:46:16 pm | {"api":"/api/cash-closing-dashboard","event":"CASH_CLOSING_DASHBOARD_DB_CONNECTED","timestamp":"2026-07-28T12:16:16.285Z"}
28/7/2026, 5:46:16 pm | {"api":"/api/cash-closing-dashboard","event":"CASH_CLOSING_DASHBOARD_QUERY_STARTED","filters":{"cluster":"","branch":"","fromDate":"","toDate":"","status":""},"timestamp":"2026-07-28T12:16:16.286Z"}
28/7/2026, 5:46:16 pm | {"api":"/api/cash-closing-dashboard","event":"CASH_CLOSING_DASHBOARD_DATA_FETCHED","totalRecords":56,"timestamp":"2026-07-28T12:16:16.292Z"}
28/7/2026, 5:46:16 pm | {"api":"/api/cash-closing-dashboard","event":"CASH_CLOSING_CLUSTER_FETCHED","totalClusters":4,"timestamp":"2026-07-28T12:16:16.295Z"}
28/7/2026, 5:46:16 pm | {"api":"/api/cash-closing-dashboard","event":"CASH_CLOSING_BRANCH_FETCHED","totalBranches":56,"timestamp":"2026-07-28T12:16:16.298Z"}
28/7/2026, 5:46:16 pm | {"api":"/api/cash-closing-dashboard","event":"CASH_CLOSING_DASHBOARD_SUCCESS","totalRecords":56,"filters":{"cluster":"","branch":"","fromDate":"","toDate":"","status":""},"timestamp":"2026-07-28T12:16:16.299Z"}
28/7/2026, 5:46:16 pm | {"api":"/api/cash-closing-dashboard","event":"CASH_CLOSING_DASHBOARD_API_STARTED","filters":{"cluster":"","branch":"","fromDate":"","toDate":"","status":""},"timestamp":"2026-07-28T12:16:16.500Z"}
28/7/2026, 5:46:16 pm | {"api":"/api/cash-closing-dashboard","event":"CASH_CLOSING_DASHBOARD_DB_CONNECTED","timestamp":"2026-07-28T12:16:16.501Z"}
28/7/2026, 5:46:16 pm | {"api":"/api/cash-closing-dashboard","event":"CASH_CLOSING_DASHBOARD_QUERY_STARTED","filters":{"cluster":"","branch":"","fromDate":"","toDate":"","status":""},"timestamp":"2026-07-28T12:16:16.502Z"}
28/7/2026, 5:46:16 pm | {"api":"/api/cash-closing-dashboard","event":"CASH_CLOSING_DASHBOARD_DATA_FETCHED","totalRecords":56,"timestamp":"2026-07-28T12:16:16.509Z"}
28/7/2026, 5:46:16 pm | {"api":"/api/cash-closing-dashboard","event":"CASH_CLOSING_CLUSTER_FETCHED","totalClusters":4,"timestamp":"2026-07-28T12:16:16.512Z"}
28/7/2026, 5:46:16 pm | {"api":"/api/cash-closing-dashboard","event":"CASH_CLOSING_BRANCH_FETCHED","totalBranches":56,"timestamp":"2026-07-28T12:16:16.516Z"}
28/7/2026, 5:46:16 pm | {"api":"/api/cash-closing-dashboard","event":"CASH_CLOSING_DASHBOARD_SUCCESS","totalRecords":56,"filters":{"cluster":"","branch":"","fromDate":"","toDate":"","status":""},"timestamp":"2026-07-28T12:16:16.517Z"}
28/7/2026, 5:46:16 pm | {"api":"/api/cash-closing-dashboard","event":"CASH_CLOSING_DASHBOARD_API_STARTED","filters":{"cluster":"","branch":"","fromDate":"","toDate":"","status":""},"timestamp":"2026-07-28T12:16:16.724Z"}
28/7/2026, 5:46:16 pm | {"api":"/api/cash-closing-dashboard","event":"CASH_CLOSING_DASHBOARD_DB_CONNECTED","timestamp":"2026-07-28T12:16:16.725Z"}
28/7/2026, 5:46:16 pm | {"api":"/api/cash-closing-dashboard","event":"CASH_CLOSING_DASHBOARD_QUERY_STARTED","filters":{"cluster":"","branch":"","fromDate":"","toDate":"","status":""},"timestamp":"2026-07-28T12:16:16.726Z"}
28/7/2026, 5:46:16 pm | {"api":"/api/cash-closing-dashboard","event":"CASH_CLOSING_DASHBOARD_DATA_FETCHED","totalRecords":56,"timestamp":"2026-07-28T12:16:16.732Z"}
28/7/2026, 5:46:16 pm | {"api":"/api/cash-closing-dashboard","event":"CASH_CLOSING_CLUSTER_FETCHED","totalClusters":4,"timestamp":"2026-07-28T12:16:16.735Z"}
28/7/2026, 5:46:16 pm | {"api":"/api/cash-closing-dashboard","event":"CASH_CLOSING_BRANCH_FETCHED","totalBranches":56,"timestamp":"2026-07-28T12:16:16.739Z"}
28/7/2026, 5:46:16 pm | {"api":"/api/cash-closing-dashboard","event":"CASH_CLOSING_DASHBOARD_SUCCESS","totalRecords":56,"filters":{"cluster":"","branch":"","fromDate":"","toDate":"","status":""},"timestamp":"2026-07-28T12:16:16.739Z"}
28/7/2026, 5:46:18 pm | {"api":"/api/cash-closing-dashboard","event":"CASH_CLOSING_DASHBOARD_API_STARTED","filters":{"cluster":"","branch":"","fromDate":"","toDate":"","status":""},"timestamp":"2026-07-28T12:16:18.947Z"}
28/7/2026, 5:46:18 pm | {"api":"/api/cash-closing-dashboard","event":"CASH_CLOSING_DASHBOARD_DB_CONNECTED","timestamp":"2026-07-28T12:16:18.948Z"}
28/7/2026, 5:46:18 pm | {"api":"/api/cash-closing-dashboard","event":"CASH_CLOSING_DASHBOARD_QUERY_STARTED","filters":{"cluster":"","branch":"","fromDate":"","toDate":"","status":""},"timestamp":"2026-07-28T12:16:18.949Z"}
28/7/2026, 5:46:18 pm | {"api":"/api/cash-closing-dashboard","event":"CASH_CLOSING_DASHBOARD_DATA_FETCHED","totalRecords":56,"timestamp":"2026-07-28T12:16:18.956Z"}
28/7/2026, 5:46:18 pm | {"api":"/api/cash-closing-dashboard","event":"CASH_CLOSING_CLUSTER_FETCHED","totalClusters":4,"timestamp":"2026-07-28T12:16:18.959Z"}
28/7/2026, 5:46:18 pm | {"api":"/api/cash-closing-dashboard","event":"CASH_CLOSING_BRANCH_FETCHED","totalBranches":56,"timestamp":"2026-07-28T12:16:18.962Z"}
28/7/2026, 5:46:18 pm | {"api":"/api/cash-closing-dashboard","event":"CASH_CLOSING_DASHBOARD_SUCCESS","totalRecords":56,"filters":{"cluster":"","branch":"","fromDate":"","toDate":"","status":""},"timestamp":"2026-07-28T12:16:18.963Z"}
28/7/2026, 5:46:19 pm | {"api":"/api/cash-closing-dashboard","event":"CASH_CLOSING_DASHBOARD_API_STARTED","filters":{"cluster":"","branch":"","fromDate":"","toDate":"","status":""},"timestamp":"2026-07-28T12:16:19.180Z"}
28/7/2026, 5:46:19 pm | {"api":"/api/cash-closing-dashboard","event":"CASH_CLOSING_DASHBOARD_DB_CONNECTED","timestamp":"2026-07-28T12:16:19.181Z"}
28/7/2026, 5:46:19 pm | {"api":"/api/cash-closing-dashboard","event":"CASH_CLOSING_DASHBOARD_QUERY_STARTED","filters":{"cluster":"","branch":"","fromDate":"","toDate":"","status":""},"timestamp":"2026-07-28T12:16:19.182Z"}
28/7/2026, 5:46:19 pm | {"api":"/api/cash-closing-dashboard","event":"CASH_CLOSING_DASHBOARD_DATA_FETCHED","totalRecords":56,"timestamp":"2026-07-28T12:16:19.187Z"}
28/7/2026, 5:46:19 pm | {"api":"/api/cash-closing-dashboard","event":"CASH_CLOSING_CLUSTER_FETCHED","totalClusters":4,"timestamp":"2026-07-28T12:16:19.192Z"}
28/7/2026, 5:46:19 pm | {"api":"/api/cash-closing-dashboard","event":"CASH_CLOSING_BRANCH_FETCHED","totalBranches":56,"timestamp":"2026-07-28T12:16:19.197Z"}
28/7/2026, 5:46:19 pm | {"api":"/api/cash-closing-dashboard","event":"CASH_CLOSING_DASHBOARD_SUCCESS","totalRecords":56,"filters":{"cluster":"","branch":"","fromDate":"","toDate":"","status":""},"timestamp":"2026-07-28T12:16:19.198Z"}
28/7/2026, 5:46:19 pm | {"api":"/api/cash-closing-dashboard","event":"CASH_CLOSING_DASHBOARD_API_STARTED","filters":{"cluster":"","branch":"","fromDate":"","toDate":"","status":""},"timestamp":"2026-07-28T12:16:19.340Z"}
28/7/2026, 5:46:19 pm | {"api":"/api/cash-closing-dashboard","event":"CASH_CLOSING_DASHBOARD_DB_CONNECTED","timestamp":"2026-07-28T12:16:19.341Z"}
28/7/2026, 5:46:19 pm | {"api":"/api/cash-closing-dashboard","event":"CASH_CLOSING_DASHBOARD_QUERY_STARTED","filters":{"cluster":"","branch":"","fromDate":"","toDate":"","status":""},"timestamp":"2026-07-28T12:16:19.342Z"}
28/7/2026, 5:46:19 pm | {"api":"/api/cash-closing-dashboard","event":"CASH_CLOSING_DASHBOARD_DATA_FETCHED","totalRecords":56,"timestamp":"2026-07-28T12:16:19.350Z"}
28/7/2026, 5:46:19 pm | {"api":"/api/cash-closing-dashboard","event":"CASH_CLOSING_CLUSTER_FETCHED","totalClusters":4,"timestamp":"2026-07-28T12:16:19.353Z"}
28/7/2026, 5:46:19 pm | {"api":"/api/cash-closing-dashboard","event":"CASH_CLOSING_BRANCH_FETCHED","totalBranches":56,"timestamp":"2026-07-28T12:16:19.356Z"}
28/7/2026, 5:46:19 pm | {"api":"/api/cash-closing-dashboard","event":"CASH_CLOSING_DASHBOARD_SUCCESS","totalRecords":56,"filters":{"cluster":"","branch":"","fromDate":"","toDate":"","status":""},"timestamp":"2026-07-28T12:16:19.357Z"}
28/7/2026, 5:46:21 pm | {"api":"/api/cash-closing-dashboard","event":"CASH_CLOSING_DASHBOARD_API_STARTED","filters":{"cluster":"","branch":"","fromDate":"","toDate":"","status":""},"timestamp":"2026-07-28T12:16:21.259Z"}
28/7/2026, 5:46:21 pm | {"api":"/api/cash-closing-dashboard","event":"CASH_CLOSING_DASHBOARD_DB_CONNECTED","timestamp":"2026-07-28T12:16:21.260Z"}
28/7/2026, 5:46:21 pm | {"api":"/api/cash-closing-dashboard","event":"CASH_CLOSING_DASHBOARD_QUERY_STARTED","filters":{"cluster":"","branch":"","fromDate":"","toDate":"","status":""},"timestamp":"2026-07-28T12:16:21.261Z"}
28/7/2026, 5:46:21 pm | {"api":"/api/cash-closing-dashboard","event":"CASH_CLOSING_DASHBOARD_DATA_FETCHED","totalRecords":56,"timestamp":"2026-07-28T12:16:21.268Z"}
28/7/2026, 5:46:21 pm | {"api":"/api/cash-closing-dashboard","event":"CASH_CLOSING_CLUSTER_FETCHED","totalClusters":4,"timestamp":"2026-07-28T12:16:21.271Z"}
28/7/2026, 5:46:21 pm | {"api":"/api/cash-closing-dashboard","event":"CASH_CLOSING_BRANCH_FETCHED","totalBranches":56,"timestamp":"2026-07-28T12:16:21.274Z"}
28/7/2026, 5:46:21 pm | {"api":"/api/cash-closing-dashboard","event":"CASH_CLOSING_DASHBOARD_SUCCESS","totalRecords":56,"filters":{"cluster":"","branch":"","fromDate":"","toDate":"","status":""},"timestamp":"2026-07-28T12:16:21.275Z"}
28/7/2026, 5:46:21 pm | {"api":"/api/cash-closing-dashboard","event":"CASH_CLOSING_DASHBOARD_API_STARTED","filters":{"cluster":"","branch":"","fromDate":"","toDate":"","status":""},"timestamp":"2026-07-28T12:16:21.483Z"}
28/7/2026, 5:46:21 pm | {"api":"/api/cash-closing-dashboard","event":"CASH_CLOSING_DASHBOARD_DB_CONNECTED","timestamp":"2026-07-28T12:16:21.484Z"}
28/7/2026, 5:46:21 pm | {"api":"/api/cash-closing-dashboard","event":"CASH_CLOSING_DASHBOARD_QUERY_STARTED","filters":{"cluster":"","branch":"","fromDate":"","toDate":"","status":""},"timestamp":"2026-07-28T12:16:21.485Z"}
28/7/2026, 5:46:21 pm | {"api":"/api/cash-closing-dashboard","event":"CASH_CLOSING_DASHBOARD_DATA_FETCHED","totalRecords":56,"timestamp":"2026-07-28T12:16:21.495Z"}
28/7/2026, 5:46:21 pm | {"api":"/api/cash-closing-dashboard","event":"CASH_CLOSING_CLUSTER_FETCHED","totalClusters":4,"timestamp":"2026-07-28T12:16:21.498Z"}
28/7/2026, 5:46:21 pm | {"api":"/api/cash-closing-dashboard","event":"CASH_CLOSING_BRANCH_FETCHED","totalBranches":56,"timestamp":"2026-07-28T12:16:21.502Z"}
28/7/2026, 5:46:21 pm | {"api":"/api/cash-closing-dashboard","event":"CASH_CLOSING_DASHBOARD_SUCCESS","totalRecords":56,"filters":{"cluster":"","branch":"","fromDate":"","toDate":"","status":""},"timestamp":"2026-07-28T12:16:21.502Z"}
28/7/2026, 5:46:35 pm | {"api":"/login","event":"LOGIN_API_STARTED","mpin":"0022","deviceId":"dec044151185181b","timestamp":"2026-07-28T12:16:35.056Z"}
28/7/2026, 5:46:35 pm | {"event":"LOGIN_REQUEST","mpin":"0022","deviceId":"dec044151185181b","timestamp":"2026-07-28T12:16:35.057Z"}
28/7/2026, 5:46:35 pm | {"api":"/login","event":"LOGIN_DB_QUERY_STARTED","mpin":"0022","timestamp":"2026-07-28T12:16:35.058Z"}
28/7/2026, 5:46:35 pm | {"api":"/login","event":"LOGIN_USER_FOUND","empNo":"882","branch":"Jaggaiahpet","designation":"Branch Manager","timestamp":"2026-07-28T12:16:35.066Z"}
28/7/2026, 5:46:35 pm | {"api":"/login","event":"LOGIN_DEVICE_CHECK","empNo":"882","savedDevice":"dec044151185181b","currentDevice":"dec044151185181b","timestamp":"2026-07-28T12:16:35.066Z"}
28/7/2026, 5:46:35 pm | {"api":"/login","event":"LOGIN_SUCCESS","empNo":"882","branch":"Jaggaiahpet","designation":"Branch Manager","loginTime":"2026-07-28T12:16:35.073Z"}
28/7/2026, 5:46:35 pm | {"api":"/employee/:empNo","event":"EMPLOYEE_API_STARTED","empNo":"882","timestamp":"2026-07-28T12:16:35.280Z"}
28/7/2026, 5:46:35 pm | {"api":"/employee/:empNo","event":"EMPLOYEE_DB_QUERY_STARTED","empNo":"882","timestamp":"2026-07-28T12:16:35.281Z"}
28/7/2026, 5:46:35 pm | {"api":"/employee/:empNo","event":"EMPLOYEE_FETCH_SUCCESS","empNo":"882","employeeName":"K Brahma Rao","branch":"Jaggaiahpet","designation":"Branch Manager","timestamp":"2026-07-28T12:16:35.285Z"}
28/7/2026, 5:46:35 pm | {"api":"/last-submission/:empNo","event":"LAST_SUBMISSION_API_STARTED","empNo":"882","timestamp":"2026-07-28T12:16:35.373Z"}
28/7/2026, 5:46:35 pm | {"api":"/last-submission/:empNo","event":"LAST_SUBMISSION_DB_QUERY_STARTED","empNo":"882","timestamp":"2026-07-28T12:16:35.374Z"}
28/7/2026, 5:46:35 pm | {"api":"/last-submission/:empNo","event":"LAST_SUBMISSION_FETCH_SUCCESS","empNo":"882","amount":890000,"actionAt":"2026-07-27 17:44:18","timestamp":"2026-07-28T12:16:35.380Z"}
28/7/2026, 5:46:35 pm | {"api":"/today-cash/:empNo","event":"TODAY_CASH_API_STARTED","empNo":"882","timestamp":"2026-07-28T12:16:35.551Z"}
28/7/2026, 5:46:35 pm | {"api":"/today-cash/:empNo","event":"TODAY_CASH_DB_QUERY_STARTED","empNo":"882","timestamp":"2026-07-28T12:16:35.552Z"}
28/7/2026, 5:46:35 pm | {"api":"/today-cash/:empNo","event":"TODAY_CASH_NOT_FOUND","empNo":"882","timestamp":"2026-07-28T12:16:35.558Z"}
28/7/2026, 5:46:40 pm | {"api":"/api/cash-closing-dashboard","event":"CASH_CLOSING_DASHBOARD_API_STARTED","filters":{"cluster":"","branch":"","fromDate":"","toDate":"","status":""},"timestamp":"2026-07-28T12:16:40.742Z"}
28/7/2026, 5:46:40 pm | {"api":"/api/cash-closing-dashboard","event":"CASH_CLOSING_DASHBOARD_DB_CONNECTED","timestamp":"2026-07-28T12:16:40.743Z"}
28/7/2026, 5:46:40 pm | {"api":"/api/cash-closing-dashboard","event":"CASH_CLOSING_DASHBOARD_QUERY_STARTED","filters":{"cluster":"","branch":"","fromDate":"","toDate":"","status":""},"timestamp":"2026-07-28T12:16:40.744Z"}
28/7/2026, 5:46:40 pm | {"api":"/api/cash-closing-dashboard","event":"CASH_CLOSING_DASHBOARD_DATA_FETCHED","totalRecords":56,"timestamp":"2026-07-28T12:16:40.774Z"}
28/7/2026, 5:46:40 pm | {"api":"/api/cash-closing-dashboard","event":"CASH_CLOSING_CLUSTER_FETCHED","totalClusters":4,"timestamp":"2026-07-28T12:16:40.778Z"}
28/7/2026, 5:46:40 pm | {"api":"/api/cash-closing-dashboard","event":"CASH_CLOSING_BRANCH_FETCHED","totalBranches":56,"timestamp":"2026-07-28T12:16:40.782Z"}
28/7/2026, 5:46:40 pm | {"api":"/api/cash-closing-dashboard","event":"CASH_CLOSING_DASHBOARD_SUCCESS","totalRecords":56,"filters":{"cluster":"","branch":"","fromDate":"","toDate":"","status":""},"timestamp":"2026-07-28T12:16:40.783Z"}
28/7/2026, 5:46:40 pm | {"api":"/api/cash-closing-dashboard","event":"CASH_CLOSING_DASHBOARD_API_STARTED","filters":{"cluster":"","branch":"","fromDate":"","toDate":"","status":""},"timestamp":"2026-07-28T12:16:40.870Z"}
28/7/2026, 5:46:40 pm | {"api":"/api/cash-closing-dashboard","event":"CASH_CLOSING_DASHBOARD_DB_CONNECTED","timestamp":"2026-07-28T12:16:40.871Z"}
28/7/2026, 5:46:40 pm | {"api":"/api/cash-closing-dashboard","event":"CASH_CLOSING_DASHBOARD_QUERY_STARTED","filters":{"cluster":"","branch":"","fromDate":"","toDate":"","status":""},"timestamp":"2026-07-28T12:16:40.872Z"}
28/7/2026, 5:46:40 pm | {"api":"/api/cash-closing-dashboard","event":"CASH_CLOSING_DASHBOARD_DATA_FETCHED","totalRecords":56,"timestamp":"2026-07-28T12:16:40.879Z"}
28/7/2026, 5:46:40 pm | {"api":"/api/cash-closing-dashboard","event":"CASH_CLOSING_CLUSTER_FETCHED","totalClusters":4,"timestamp":"2026-07-28T12:16:40.882Z"}
28/7/2026, 5:46:40 pm | {"api":"/api/cash-closing-dashboard","event":"CASH_CLOSING_BRANCH_FETCHED","totalBranches":56,"timestamp":"2026-07-28T12:16:40.887Z"}
28/7/2026, 5:46:40 pm | {"api":"/api/cash-closing-dashboard","event":"CASH_CLOSING_DASHBOARD_SUCCESS","totalRecords":56,"filters":{"cluster":"","branch":"","fromDate":"","toDate":"","status":""},"timestamp":"2026-07-28T12:16:40.887Z"}
28/7/2026, 5:46:41 pm | {"api":"/api/cash-closing-dashboard","event":"CASH_CLOSING_DASHBOARD_API_STARTED","filters":{"cluster":"","branch":"","fromDate":"","toDate":"","status":""},"timestamp":"2026-07-28T12:16:41.230Z"}
28/7/2026, 5:46:41 pm | {"api":"/api/cash-closing-dashboard","event":"CASH_CLOSING_DASHBOARD_DB_CONNECTED","timestamp":"2026-07-28T12:16:41.231Z"}
28/7/2026, 5:46:41 pm | {"api":"/api/cash-closing-dashboard","event":"CASH_CLOSING_DASHBOARD_QUERY_STARTED","filters":{"cluster":"","branch":"","fromDate":"","toDate":"","status":""},"timestamp":"2026-07-28T12:16:41.232Z"}
28/7/2026, 5:46:41 pm | {"api":"/api/cash-closing-dashboard","event":"CASH_CLOSING_DASHBOARD_DATA_FETCHED","totalRecords":56,"timestamp":"2026-07-28T12:16:41.240Z"}
28/7/2026, 5:46:41 pm | {"api":"/api/cash-closing-dashboard","event":"CASH_CLOSING_CLUSTER_FETCHED","totalClusters":4,"timestamp":"2026-07-28T12:16:41.243Z"}
28/7/2026, 5:46:41 pm | {"api":"/api/cash-closing-dashboard","event":"CASH_CLOSING_BRANCH_FETCHED","totalBranches":56,"timestamp":"2026-07-28T12:16:41.246Z"}
28/7/2026, 5:46:41 pm | {"api":"/api/cash-closing-dashboard","event":"CASH_CLOSING_DASHBOARD_SUCCESS","totalRecords":56,"filters":{"cluster":"","branch":"","fromDate":"","toDate":"","status":""},"timestamp":"2026-07-28T12:16:41.247Z"}
28/7/2026, 5:46:41 pm | {"api":"/api/cash-closing-dashboard","event":"CASH_CLOSING_DASHBOARD_API_STARTED","filters":{"cluster":"","branch":"","fromDate":"","toDate":"","status":""},"timestamp":"2026-07-28T12:16:41.454Z"}
28/7/2026, 5:46:41 pm | {"api":"/api/cash-closing-dashboard","event":"CASH_CLOSING_DASHBOARD_DB_CONNECTED","timestamp":"2026-07-28T12:16:41.456Z"}
28/7/2026, 5:46:41 pm | {"api":"/api/cash-closing-dashboard","event":"CASH_CLOSING_DASHBOARD_QUERY_STARTED","filters":{"cluster":"","branch":"","fromDate":"","toDate":"","status":""},"timestamp":"2026-07-28T12:16:41.456Z"}
28/7/2026, 5:46:41 pm | {"api":"/api/cash-closing-dashboard","event":"CASH_CLOSING_DASHBOARD_DATA_FETCHED","totalRecords":56,"timestamp":"2026-07-28T12:16:41.464Z"}
28/7/2026, 5:46:41 pm | {"api":"/api/cash-closing-dashboard","event":"CASH_CLOSING_CLUSTER_FETCHED","totalClusters":4,"timestamp":"2026-07-28T12:16:41.468Z"}
28/7/2026, 5:46:41 pm | {"api":"/api/cash-closing-dashboard","event":"CASH_CLOSING_BRANCH_FETCHED","totalBranches":56,"timestamp":"2026-07-28T12:16:41.471Z"}
28/7/2026, 5:46:41 pm | {"api":"/api/cash-closing-dashboard","event":"CASH_CLOSING_DASHBOARD_SUCCESS","totalRecords":56,"filters":{"cluster":"","branch":"","fromDate":"","toDate":"","status":""},"timestamp":"2026-07-28T12:16:41.472Z"}
28/7/2026, 5:46:48 pm | {"api":"/save-cash-closing","event":"SAVE_CASH_API_STARTED","empNo":"882","amount":"900000","timestamp":"2026-07-28T12:16:48.821Z"}
28/7/2026, 5:46:48 pm | {"api":"/save-cash-closing","event":"PREVIOUS_DAY_RECORD_FOUND","empNo":"882","oldDate":"2026-07-27T00:00:00.000Z","amount":890000,"timestamp":"2026-07-28T12:16:48.828Z"}
28/7/2026, 5:46:48 pm | {"api":"/save-cash-closing","event":"PREVIOUS_DAY_MOVED_TO_HISTORY","empNo":"882","timestamp":"2026-07-28T12:16:48.836Z"}
28/7/2026, 5:46:48 pm | {"api":"/save-cash-closing","event":"PREVIOUS_DAY_DELETED","empNo":"882","timestamp":"2026-07-28T12:16:48.842Z"}
28/7/2026, 5:46:48 pm | {"api":"/save-cash-closing","event":"SAVE_CASH_NEW_ENTRY","empNo":"882","amount":"900000","branch":"Jaggaiahpet","timestamp":"2026-07-28T12:16:48.845Z"}
28/7/2026, 5:46:48 pm | {"api":"/save-cash-closing","event":"SAVE_CASH_HISTORY_INSERTED","empNo":"882","actionType":"ADDED","version":1,"timestamp":"2026-07-28T12:16:48.858Z"}
28/7/2026, 5:46:48 pm | {"api":"/save-cash-closing","event":"SAVE_CASH_SUCCESS","type":"INSERT","empNo":"882","amount":"900000","timestamp":"2026-07-28T12:16:48.859Z"}
28/7/2026, 5:46:54 pm | {"api":"/api/cash-closing-dashboard","event":"CASH_CLOSING_DASHBOARD_API_STARTED","filters":{"cluster":"","branch":"","fromDate":"","toDate":"","status":""},"timestamp":"2026-07-28T12:16:54.600Z"}
28/7/2026, 5:46:54 pm | {"api":"/api/cash-closing-dashboard","event":"CASH_CLOSING_DASHBOARD_DB_CONNECTED","timestamp":"2026-07-28T12:16:54.601Z"}
28/7/2026, 5:46:54 pm | {"api":"/api/cash-closing-dashboard","event":"CASH_CLOSING_DASHBOARD_QUERY_STARTED","filters":{"cluster":"","branch":"","fromDate":"","toDate":"","status":""},"timestamp":"2026-07-28T12:16:54.602Z"}
28/7/2026, 5:46:54 pm | {"api":"/api/cash-closing-dashboard","event":"CASH_CLOSING_DASHBOARD_DATA_FETCHED","totalRecords":56,"timestamp":"2026-07-28T12:16:54.634Z"}
28/7/2026, 5:46:54 pm | {"api":"/api/cash-closing-dashboard","event":"CASH_CLOSING_CLUSTER_FETCHED","totalClusters":4,"timestamp":"2026-07-28T12:16:54.637Z"}
28/7/2026, 5:46:54 pm | {"api":"/api/cash-closing-dashboard","event":"CASH_CLOSING_BRANCH_FETCHED","totalBranches":56,"timestamp":"2026-07-28T12:16:54.641Z"}
28/7/2026, 5:46:54 pm | {"api":"/api/cash-closing-dashboard","event":"CASH_CLOSING_DASHBOARD_SUCCESS","totalRecords":56,"filters":{"cluster":"","branch":"","fromDate":"","toDate":"","status":""},"timestamp":"2026-07-28T12:16:54.641Z"}
28/7/2026, 5:46:57 pm | {"api":"/save-cash-closing","event":"SAVE_CASH_API_STARTED","empNo":"882","amount":"900000","timestamp":"2026-07-28T12:16:57.470Z"}
28/7/2026, 5:46:57 pm | {"api":"/save-cash-closing","event":"SAVE_CASH_UPDATE_STARTED","empNo":"882","oldAmount":900000,"newAmount":"900000","currentVersion":1,"nextVersion":2,"timestamp":"2026-07-28T12:16:57.477Z"}
28/7/2026, 5:46:57 pm | {"api":"/save-cash-closing","event":"SAVE_CASH_HISTORY_UPDATED","empNo":"882","version":2,"timestamp":"2026-07-28T12:16:57.489Z"}
28/7/2026, 5:46:57 pm | {"api":"/save-cash-closing","event":"SAVE_CASH_SUCCESS","type":"UPDATE","empNo":"882","amount":"900000","version":2,"timestamp":"2026-07-28T12:16:57.490Z"}
28/7/2026, 5:46:59 pm | {"api":"/api/cash-closing-dashboard","event":"CASH_CLOSING_DASHBOARD_API_STARTED","filters":{"cluster":"","branch":"","fromDate":"","toDate":"","status":""},"timestamp":"2026-07-28T12:16:59.564Z"}
28/7/2026, 5:46:59 pm | {"api":"/api/cash-closing-dashboard","event":"CASH_CLOSING_DASHBOARD_DB_CONNECTED","timestamp":"2026-07-28T12:16:59.565Z"}
28/7/2026, 5:46:59 pm | {"api":"/api/cash-closing-dashboard","event":"CASH_CLOSING_DASHBOARD_QUERY_STARTED","filters":{"cluster":"","branch":"","fromDate":"","toDate":"","status":""},"timestamp":"2026-07-28T12:16:59.566Z"}
28/7/2026, 5:46:59 pm | {"api":"/api/cash-closing-dashboard","event":"CASH_CLOSING_DASHBOARD_DATA_FETCHED","totalRecords":56,"timestamp":"2026-07-28T12:16:59.602Z"}
28/7/2026, 5:46:59 pm | {"api":"/api/cash-closing-dashboard","event":"CASH_CLOSING_CLUSTER_FETCHED","totalClusters":4,"timestamp":"2026-07-28T12:16:59.609Z"}
28/7/2026, 5:46:59 pm | {"api":"/api/cash-closing-dashboard","event":"CASH_CLOSING_BRANCH_FETCHED","totalBranches":56,"timestamp":"2026-07-28T12:16:59.613Z"}
28/7/2026, 5:46:59 pm | {"api":"/api/cash-closing-dashboard","event":"CASH_CLOSING_DASHBOARD_SUCCESS","totalRecords":56,"filters":{"cluster":"","branch":"","fromDate":"","toDate":"","status":""},"timestamp":"2026-07-28T12:16:59.614Z"}
28/7/2026, 5:46:59 pm | {"api":"/api/cash-closing-dashboard","event":"CASH_CLOSING_DASHBOARD_API_STARTED","filters":{"cluster":"","branch":"","fromDate":"","toDate":"","status":""},"timestamp":"2026-07-28T12:16:59.743Z"}
28/7/2026, 5:46:59 pm | {"api":"/api/cash-closing-dashboard","event":"CASH_CLOSING_DASHBOARD_DB_CONNECTED","timestamp":"2026-07-28T12:16:59.744Z"}
28/7/2026, 5:46:59 pm | {"api":"/api/cash-closing-dashboard","event":"CASH_CLOSING_DASHBOARD_QUERY_STARTED","filters":{"cluster":"","branch":"","fromDate":"","toDate":"","status":""},"timestamp":"2026-07-28T12:16:59.745Z"}
28/7/2026, 5:46:59 pm | {"api":"/api/cash-closing-dashboard","event":"CASH_CLOSING_DASHBOARD_DATA_FETCHED","totalRecords":56,"timestamp":"2026-07-28T12:16:59.751Z"}
28/7/2026, 5:46:59 pm | {"api":"/api/cash-closing-dashboard","event":"CASH_CLOSING_CLUSTER_FETCHED","totalClusters":4,"timestamp":"2026-07-28T12:16:59.755Z"}
28/7/2026, 5:46:59 pm | {"api":"/api/cash-closing-dashboard","event":"CASH_CLOSING_BRANCH_FETCHED","totalBranches":56,"timestamp":"2026-07-28T12:16:59.760Z"}
28/7/2026, 5:46:59 pm | {"api":"/api/cash-closing-dashboard","event":"CASH_CLOSING_DASHBOARD_SUCCESS","totalRecords":56,"filters":{"cluster":"","branch":"","fromDate":"","toDate":"","status":""},"timestamp":"2026-07-28T12:16:59.761Z"}
28/7/2026, 5:47:03 pm | {"api":"/api/cash-closing-dashboard","event":"CASH_CLOSING_DASHBOARD_API_STARTED","filters":{"cluster":"","branch":"","fromDate":"","toDate":"","status":""},"timestamp":"2026-07-28T12:17:03.471Z"}
28/7/2026, 5:47:03 pm | {"api":"/api/cash-closing-dashboard","event":"CASH_CLOSING_DASHBOARD_DB_CONNECTED","timestamp":"2026-07-28T12:17:03.472Z"}
28/7/2026, 5:47:03 pm | {"api":"/api/cash-closing-dashboard","event":"CASH_CLOSING_DASHBOARD_QUERY_STARTED","filters":{"cluster":"","branch":"","fromDate":"","toDate":"","status":""},"timestamp":"2026-07-28T12:17:03.473Z"}
28/7/2026, 5:47:03 pm | {"api":"/api/cash-closing-dashboard","event":"CASH_CLOSING_DASHBOARD_DATA_FETCHED","totalRecords":56,"timestamp":"2026-07-28T12:17:03.480Z"}
28/7/2026, 5:47:03 pm | {"api":"/api/cash-closing-dashboard","event":"CASH_CLOSING_CLUSTER_FETCHED","totalClusters":4,"timestamp":"2026-07-28T12:17:03.483Z"}
28/7/2026, 5:47:03 pm | {"api":"/api/cash-closing-dashboard","event":"CASH_CLOSING_BRANCH_FETCHED","totalBranches":56,"timestamp":"2026-07-28T12:17:03.487Z"}
28/7/2026, 5:47:03 pm | {"api":"/api/cash-closing-dashboard","event":"CASH_CLOSING_DASHBOARD_SUCCESS","totalRecords":56,"filters":{"cluster":"","branch":"","fromDate":"","toDate":"","status":""},"timestamp":"2026-07-28T12:17:03.487Z"}
28/7/2026, 5:47:03 pm | {"api":"/api/cash-closing-dashboard","event":"CASH_CLOSING_DASHBOARD_API_STARTED","filters":{"cluster":"","branch":"","fromDate":"","toDate":"","status":""},"timestamp":"2026-07-28T12:17:03.671Z"}
28/7/2026, 5:47:03 pm | {"api":"/api/cash-closing-dashboard","event":"CASH_CLOSING_DASHBOARD_DB_CONNECTED","timestamp":"2026-07-28T12:17:03.672Z"}
28/7/2026, 5:47:03 pm | {"api":"/api/cash-closing-dashboard","event":"CASH_CLOSING_DASHBOARD_QUERY_STARTED","filters":{"cluster":"","branch":"","fromDate":"","toDate":"","status":""},"timestamp":"2026-07-28T12:17:03.672Z"}
28/7/2026, 5:47:03 pm | {"api":"/api/cash-closing-dashboard","event":"CASH_CLOSING_DASHBOARD_DATA_FETCHED","totalRecords":56,"timestamp":"2026-07-28T12:17:03.680Z"}
28/7/2026, 5:47:03 pm | {"api":"/api/cash-closing-dashboard","event":"CASH_CLOSING_CLUSTER_FETCHED","totalClusters":4,"timestamp":"2026-07-28T12:17:03.683Z"}
28/7/2026, 5:47:03 pm | {"api":"/api/cash-closing-dashboard","event":"CASH_CLOSING_BRANCH_FETCHED","totalBranches":56,"timestamp":"2026-07-28T12:17:03.686Z"}
28/7/2026, 5:47:03 pm | {"api":"/api/cash-closing-dashboard","event":"CASH_CLOSING_DASHBOARD_SUCCESS","totalRecords":56,"filters":{"cluster":"","branch":"","fromDate":"","toDate":"","status":""},"timestamp":"2026-07-28T12:17:03.687Z"}
28/7/2026, 5:47:03 pm | {"api":"/api/cash-closing-dashboard","event":"CASH_CLOSING_DASHBOARD_API_STARTED","filters":{"cluster":"","branch":"","fromDate":"","toDate":"","status":""},"timestamp":"2026-07-28T12:17:03.866Z"}
28/7/2026, 5:47:03 pm | {"api":"/api/cash-closing-dashboard","event":"CASH_CLOSING_DASHBOARD_DB_CONNECTED","timestamp":"2026-07-28T12:17:03.867Z"}
28/7/2026, 5:47:03 pm | {"api":"/api/cash-closing-dashboard","event":"CASH_CLOSING_DASHBOARD_QUERY_STARTED","filters":{"cluster":"","branch":"","fromDate":"","toDate":"","status":""},"timestamp":"2026-07-28T12:17:03.868Z"}
28/7/2026, 5:47:03 pm | {"api":"/api/cash-closing-dashboard","event":"CASH_CLOSING_DASHBOARD_DATA_FETCHED","totalRecords":56,"timestamp":"2026-07-28T12:17:03.876Z"}
28/7/2026, 5:47:03 pm | {"api":"/api/cash-closing-dashboard","event":"CASH_CLOSING_CLUSTER_FETCHED","totalClusters":4,"timestamp":"2026-07-28T12:17:03.879Z"}
28/7/2026, 5:47:03 pm | {"api":"/api/cash-closing-dashboard","event":"CASH_CLOSING_BRANCH_FETCHED","totalBranches":56,"timestamp":"2026-07-28T12:17:03.882Z"}
28/7/2026, 5:47:03 pm | {"api":"/api/cash-closing-dashboard","event":"CASH_CLOSING_DASHBOARD_SUCCESS","totalRecords":56,"filters":{"cluster":"","branch":"","fromDate":"","toDate":"","status":""},"timestamp":"2026-07-28T12:17:03.883Z"}
28/7/2026, 5:47:03 pm | {"api":"/save-cash-closing","event":"SAVE_CASH_API_STARTED","empNo":"882","amount":"900000","timestamp":"2026-07-28T12:17:03.929Z"}
28/7/2026, 5:47:03 pm | {"api":"/save-cash-closing","event":"SAVE_CASH_UPDATE_STARTED","empNo":"882","oldAmount":900000,"newAmount":"900000","currentVersion":2,"nextVersion":3,"timestamp":"2026-07-28T12:17:03.938Z"}
28/7/2026, 5:47:03 pm | {"api":"/save-cash-closing","event":"SAVE_CASH_HISTORY_UPDATED","empNo":"882","version":3,"timestamp":"2026-07-28T12:17:03.951Z"}
28/7/2026, 5:47:03 pm | {"api":"/save-cash-closing","event":"SAVE_CASH_SUCCESS","type":"UPDATE","empNo":"882","amount":"900000","version":3,"timestamp":"2026-07-28T12:17:03.952Z"}
28/7/2026, 5:47:06 pm | {"api":"/api/cash-closing-dashboard","event":"CASH_CLOSING_DASHBOARD_API_STARTED","filters":{"cluster":"","branch":"","fromDate":"","toDate":"","status":""},"timestamp":"2026-07-28T12:17:06.061Z"}
28/7/2026, 5:47:06 pm | {"api":"/api/cash-closing-dashboard","event":"CASH_CLOSING_DASHBOARD_DB_CONNECTED","timestamp":"2026-07-28T12:17:06.063Z"}
28/7/2026, 5:47:06 pm | {"api":"/api/cash-closing-dashboard","event":"CASH_CLOSING_DASHBOARD_QUERY_STARTED","filters":{"cluster":"","branch":"","fromDate":"","toDate":"","status":""},"timestamp":"2026-07-28T12:17:06.063Z"}
28/7/2026, 5:47:06 pm | {"api":"/api/cash-closing-dashboard","event":"CASH_CLOSING_DASHBOARD_DATA_FETCHED","totalRecords":56,"timestamp":"2026-07-28T12:17:06.102Z"}
28/7/2026, 5:47:06 pm | {"api":"/api/cash-closing-dashboard","event":"CASH_CLOSING_CLUSTER_FETCHED","totalClusters":4,"timestamp":"2026-07-28T12:17:06.106Z"}
28/7/2026, 5:47:06 pm | {"api":"/api/cash-closing-dashboard","event":"CASH_CLOSING_BRANCH_FETCHED","totalBranches":56,"timestamp":"2026-07-28T12:17:06.109Z"}
28/7/2026, 5:47:06 pm | {"api":"/api/cash-closing-dashboard","event":"CASH_CLOSING_DASHBOARD_SUCCESS","totalRecords":56,"filters":{"cluster":"","branch":"","fromDate":"","toDate":"","status":""},"timestamp":"2026-07-28T12:17:06.110Z"}
28/7/2026, 5:47:06 pm | {"api":"/api/cash-closing-dashboard","event":"CASH_CLOSING_DASHBOARD_API_STARTED","filters":{"cluster":"","branch":"","fromDate":"","toDate":"","status":""},"timestamp":"2026-07-28T12:17:06.217Z"}
28/7/2026, 5:47:06 pm | {"api":"/api/cash-closing-dashboard","event":"CASH_CLOSING_DASHBOARD_DB_CONNECTED","timestamp":"2026-07-28T12:17:06.218Z"}
28/7/2026, 5:47:06 pm | {"api":"/api/cash-closing-dashboard","event":"CASH_CLOSING_DASHBOARD_QUERY_STARTED","filters":{"cluster":"","branch":"","fromDate":"","toDate":"","status":""},"timestamp":"2026-07-28T12:17:06.219Z"}
28/7/2026, 5:47:06 pm | {"api":"/api/cash-closing-dashboard","event":"CASH_CLOSING_DASHBOARD_DATA_FETCHED","totalRecords":56,"timestamp":"2026-07-28T12:17:06.226Z"}
28/7/2026, 5:47:06 pm | {"api":"/api/cash-closing-dashboard","event":"CASH_CLOSING_CLUSTER_FETCHED","totalClusters":4,"timestamp":"2026-07-28T12:17:06.230Z"}
28/7/2026, 5:47:06 pm | {"api":"/api/cash-closing-dashboard","event":"CASH_CLOSING_BRANCH_FETCHED","totalBranches":56,"timestamp":"2026-07-28T12:17:06.234Z"}
28/7/2026, 5:47:06 pm | {"api":"/api/cash-closing-dashboard","event":"CASH_CLOSING_DASHBOARD_SUCCESS","totalRecords":56,"filters":{"cluster":"","branch":"","fromDate":"","toDate":"","status":""},"timestamp":"2026-07-28T12:17:06.234Z"}
28/7/2026, 5:47:06 pm | {"api":"/api/cash-closing-dashboard","event":"CASH_CLOSING_DASHBOARD_API_STARTED","filters":{"cluster":"","branch":"","fromDate":"","toDate":"","status":""},"timestamp":"2026-07-28T12:17:06.417Z"}
28/7/2026, 5:47:06 pm | {"api":"/api/cash-closing-dashboard","event":"CASH_CLOSING_DASHBOARD_DB_CONNECTED","timestamp":"2026-07-28T12:17:06.418Z"}
28/7/2026, 5:47:06 pm | {"api":"/api/cash-closing-dashboard","event":"CASH_CLOSING_DASHBOARD_QUERY_STARTED","filters":{"cluster":"","branch":"","fromDate":"","toDate":"","status":""},"timestamp":"2026-07-28T12:17:06.419Z"}
28/7/2026, 5:47:06 pm | {"api":"/api/cash-closing-dashboard","event":"CASH_CLOSING_DASHBOARD_DATA_FETCHED","totalRecords":56,"timestamp":"2026-07-28T12:17:06.424Z"}
28/7/2026, 5:47:06 pm | {"api":"/api/cash-closing-dashboard","event":"CASH_CLOSING_CLUSTER_FETCHED","totalClusters":4,"timestamp":"2026-07-28T12:17:06.427Z"}
28/7/2026, 5:47:06 pm | {"api":"/api/cash-closing-dashboard","event":"CASH_CLOSING_BRANCH_FETCHED","totalBranches":56,"timestamp":"2026-07-28T12:17:06.431Z"}
28/7/2026, 5:47:06 pm | {"api":"/api/cash-closing-dashboard","event":"CASH_CLOSING_DASHBOARD_SUCCESS","totalRecords":56,"filters":{"cluster":"","branch":"","fromDate":"","toDate":"","status":""},"timestamp":"2026-07-28T12:17:06.431Z"}
28/7/2026, 5:47:06 pm | {"api":"/api/cash-closing-dashboard","event":"CASH_CLOSING_DASHBOARD_API_STARTED","filters":{"cluster":"","branch":"","fromDate":"","toDate":"","status":""},"timestamp":"2026-07-28T12:17:06.619Z"}
28/7/2026, 5:47:06 pm | {"api":"/api/cash-closing-dashboard","event":"CASH_CLOSING_DASHBOARD_DB_CONNECTED","timestamp":"2026-07-28T12:17:06.620Z"}
28/7/2026, 5:47:06 pm | {"api":"/api/cash-closing-dashboard","event":"CASH_CLOSING_DASHBOARD_QUERY_STARTED","filters":{"cluster":"","branch":"","fromDate":"","toDate":"","status":""},"timestamp":"2026-07-28T12:17:06.620Z"}
28/7/2026, 5:47:06 pm | {"api":"/api/cash-closing-dashboard","event":"CASH_CLOSING_DASHBOARD_DATA_FETCHED","totalRecords":56,"timestamp":"2026-07-28T12:17:06.626Z"}
28/7/2026, 5:47:06 pm | {"api":"/api/cash-closing-dashboard","event":"CASH_CLOSING_CLUSTER_FETCHED","totalClusters":4,"timestamp":"2026-07-28T12:17:06.629Z"}
28/7/2026, 5:47:06 pm | {"api":"/api/cash-closing-dashboard","event":"CASH_CLOSING_BRANCH_FETCHED","totalBranches":56,"timestamp":"2026-07-28T12:17:06.632Z"}
28/7/2026, 5:47:06 pm | {"api":"/api/cash-closing-dashboard","event":"CASH_CLOSING_DASHBOARD_SUCCESS","totalRecords":56,"filters":{"cluster":"","branch":"","fromDate":"","toDate":"","status":""},"timestamp":"2026-07-28T12:17:06.633Z"}
28/7/2026, 5:47:06 pm | {"api":"/api/cash-closing-dashboard","event":"CASH_CLOSING_DASHBOARD_API_STARTED","filters":{"cluster":"","branch":"","fromDate":"","toDate":"","status":""},"timestamp":"2026-07-28T12:17:06.835Z"}
28/7/2026, 5:47:06 pm | {"api":"/api/cash-closing-dashboard","event":"CASH_CLOSING_DASHBOARD_DB_CONNECTED","timestamp":"2026-07-28T12:17:06.836Z"}
28/7/2026, 5:47:06 pm | {"api":"/api/cash-closing-dashboard","event":"CASH_CLOSING_DASHBOARD_QUERY_STARTED","filters":{"cluster":"","branch":"","fromDate":"","toDate":"","status":""},"timestamp":"2026-07-28T12:17:06.836Z"}
28/7/2026, 5:47:06 pm | {"api":"/api/cash-closing-dashboard","event":"CASH_CLOSING_DASHBOARD_DATA_FETCHED","totalRecords":56,"timestamp":"2026-07-28T12:17:06.841Z"}
28/7/2026, 5:47:06 pm | {"api":"/api/cash-closing-dashboard","event":"CASH_CLOSING_CLUSTER_FETCHED","totalClusters":4,"timestamp":"2026-07-28T12:17:06.845Z"}
28/7/2026, 5:47:06 pm | {"api":"/api/cash-closing-dashboard","event":"CASH_CLOSING_BRANCH_FETCHED","totalBranches":56,"timestamp":"2026-07-28T12:17:06.848Z"}
28/7/2026, 5:47:06 pm | {"api":"/api/cash-closing-dashboard","event":"CASH_CLOSING_DASHBOARD_SUCCESS","totalRecords":56,"filters":{"cluster":"","branch":"","fromDate":"","toDate":"","status":""},"timestamp":"2026-07-28T12:17:06.849Z"}
28/7/2026, 5:47:07 pm | {"api":"/api/cash-closing-dashboard","event":"CASH_CLOSING_DASHBOARD_API_STARTED","filters":{"cluster":"","branch":"","fromDate":"","toDate":"","status":""},"timestamp":"2026-07-28T12:17:07.043Z"}
28/7/2026, 5:47:07 pm | {"api":"/api/cash-closing-dashboard","event":"CASH_CLOSING_DASHBOARD_DB_CONNECTED","timestamp":"2026-07-28T12:17:07.044Z"}
28/7/2026, 5:47:07 pm | {"api":"/api/cash-closing-dashboard","event":"CASH_CLOSING_DASHBOARD_QUERY_STARTED","filters":{"cluster":"","branch":"","fromDate":"","toDate":"","status":""},"timestamp":"2026-07-28T12:17:07.044Z"}
28/7/2026, 5:47:07 pm | {"api":"/api/cash-closing-dashboard","event":"CASH_CLOSING_DASHBOARD_DATA_FETCHED","totalRecords":56,"timestamp":"2026-07-28T12:17:07.050Z"}
28/7/2026, 5:47:07 pm | {"api":"/api/cash-closing-dashboard","event":"CASH_CLOSING_CLUSTER_FETCHED","totalClusters":4,"timestamp":"2026-07-28T12:17:07.053Z"}
28/7/2026, 5:47:07 pm | {"api":"/api/cash-closing-dashboard","event":"CASH_CLOSING_BRANCH_FETCHED","totalBranches":56,"timestamp":"2026-07-28T12:17:07.057Z"}
28/7/2026, 5:47:07 pm | {"api":"/api/cash-closing-dashboard","event":"CASH_CLOSING_DASHBOARD_SUCCESS","totalRecords":56,"filters":{"cluster":"","branch":"","fromDate":"","toDate":"","status":""},"timestamp":"2026-07-28T12:17:07.057Z"}
28/7/2026, 5:47:15 pm | {"api":"/api/cash-closing-dashboard","event":"CASH_CLOSING_DASHBOARD_API_STARTED","filters":{"cluster":"","branch":"","fromDate":"","toDate":"","status":""},"timestamp":"2026-07-28T12:17:15.552Z"}
28/7/2026, 5:47:15 pm | {"api":"/api/cash-closing-dashboard","event":"CASH_CLOSING_DASHBOARD_DB_CONNECTED","timestamp":"2026-07-28T12:17:15.553Z"}
28/7/2026, 5:47:15 pm | {"api":"/api/cash-closing-dashboard","event":"CASH_CLOSING_DASHBOARD_QUERY_STARTED","filters":{"cluster":"","branch":"","fromDate":"","toDate":"","status":""},"timestamp":"2026-07-28T12:17:15.554Z"}
28/7/2026, 5:47:15 pm | {"api":"/api/cash-closing-dashboard","event":"CASH_CLOSING_DASHBOARD_DATA_FETCHED","totalRecords":56,"timestamp":"2026-07-28T12:17:15.561Z"}
28/7/2026, 5:47:15 pm | {"api":"/api/cash-closing-dashboard","event":"CASH_CLOSING_CLUSTER_FETCHED","totalClusters":4,"timestamp":"2026-07-28T12:17:15.564Z"}
28/7/2026, 5:47:15 pm | {"api":"/api/cash-closing-dashboard","event":"CASH_CLOSING_BRANCH_FETCHED","totalBranches":56,"timestamp":"2026-07-28T12:17:15.569Z"}
28/7/2026, 5:47:15 pm | {"api":"/api/cash-closing-dashboard","event":"CASH_CLOSING_DASHBOARD_SUCCESS","totalRecords":56,"filters":{"cluster":"","branch":"","fromDate":"","toDate":"","status":""},"timestamp":"2026-07-28T12:17:15.569Z"}
28/7/2026, 5:47:15 pm | {"api":"/api/cash-closing-dashboard","event":"CASH_CLOSING_DASHBOARD_API_STARTED","filters":{"cluster":"","branch":"","fromDate":"","toDate":"","status":""},"timestamp":"2026-07-28T12:17:15.666Z"}
28/7/2026, 5:47:15 pm | {"api":"/api/cash-closing-dashboard","event":"CASH_CLOSING_DASHBOARD_DB_CONNECTED","timestamp":"2026-07-28T12:17:15.667Z"}
28/7/2026, 5:47:15 pm | {"api":"/api/cash-closing-dashboard","event":"CASH_CLOSING_DASHBOARD_QUERY_STARTED","filters":{"cluster":"","branch":"","fromDate":"","toDate":"","status":""},"timestamp":"2026-07-28T12:17:15.667Z"}
28/7/2026, 5:47:15 pm | {"api":"/api/cash-closing-dashboard","event":"CASH_CLOSING_DASHBOARD_DATA_FETCHED","totalRecords":56,"timestamp":"2026-07-28T12:17:15.673Z"}
28/7/2026, 5:47:15 pm | {"api":"/api/cash-closing-dashboard","event":"CASH_CLOSING_CLUSTER_FETCHED","totalClusters":4,"timestamp":"2026-07-28T12:17:15.677Z"}
28/7/2026, 5:47:15 pm | {"api":"/api/cash-closing-dashboard","event":"CASH_CLOSING_BRANCH_FETCHED","totalBranches":56,"timestamp":"2026-07-28T12:17:15.682Z"}
28/7/2026, 5:47:15 pm | {"api":"/api/cash-closing-dashboard","event":"CASH_CLOSING_DASHBOARD_SUCCESS","totalRecords":56,"filters":{"cluster":"","branch":"","fromDate":"","toDate":"","status":""},"timestamp":"2026-07-28T12:17:15.683Z"}
28/7/2026, 5:47:15 pm | {"api":"/api/cash-closing-dashboard","event":"CASH_CLOSING_DASHBOARD_API_STARTED","filters":{"cluster":"","branch":"","fromDate":"","toDate":"","status":""},"timestamp":"2026-07-28T12:17:15.858Z"}
28/7/2026, 5:47:15 pm | {"api":"/api/cash-closing-dashboard","event":"CASH_CLOSING_DASHBOARD_DB_CONNECTED","timestamp":"2026-07-28T12:17:15.859Z"}
28/7/2026, 5:47:15 pm | {"api":"/api/cash-closing-dashboard","event":"CASH_CLOSING_DASHBOARD_QUERY_STARTED","filters":{"cluster":"","branch":"","fromDate":"","toDate":"","status":""},"timestamp":"2026-07-28T12:17:15.860Z"}
28/7/2026, 5:47:15 pm | {"api":"/api/cash-closing-dashboard","event":"CASH_CLOSING_DASHBOARD_DATA_FETCHED","totalRecords":56,"timestamp":"2026-07-28T12:17:15.865Z"}
28/7/2026, 5:47:15 pm | {"api":"/api/cash-closing-dashboard","event":"CASH_CLOSING_CLUSTER_FETCHED","totalClusters":4,"timestamp":"2026-07-28T12:17:15.869Z"}
28/7/2026, 5:47:15 pm | {"api":"/api/cash-closing-dashboard","event":"CASH_CLOSING_BRANCH_FETCHED","totalBranches":56,"timestamp":"2026-07-28T12:17:15.872Z"}
28/7/2026, 5:47:15 pm | {"api":"/api/cash-closing-dashboard","event":"CASH_CLOSING_DASHBOARD_SUCCESS","totalRecords":56,"filters":{"cluster":"","branch":"","fromDate":"","toDate":"","status":""},"timestamp":"2026-07-28T12:17:15.873Z"}
28/7/2026, 5:47:18 pm | {"api":"/api/cash-closing-dashboard","event":"CASH_CLOSING_DASHBOARD_API_STARTED","filters":{"cluster":"","branch":"","fromDate":"","toDate":"","status":""},"timestamp":"2026-07-28T12:17:18.803Z"}
28/7/2026, 5:47:18 pm | {"api":"/api/cash-closing-dashboard","event":"CASH_CLOSING_DASHBOARD_DB_CONNECTED","timestamp":"2026-07-28T12:17:18.803Z"}
28/7/2026, 5:47:18 pm | {"api":"/api/cash-closing-dashboard","event":"CASH_CLOSING_DASHBOARD_QUERY_STARTED","filters":{"cluster":"","branch":"","fromDate":"","toDate":"","status":""},"timestamp":"2026-07-28T12:17:18.804Z"}
28/7/2026, 5:47:18 pm | {"api":"/api/cash-closing-dashboard","event":"CASH_CLOSING_DASHBOARD_DATA_FETCHED","totalRecords":56,"timestamp":"2026-07-28T12:17:18.810Z"}
28/7/2026, 5:47:18 pm | {"api":"/api/cash-closing-dashboard","event":"CASH_CLOSING_CLUSTER_FETCHED","totalClusters":4,"timestamp":"2026-07-28T12:17:18.813Z"}
28/7/2026, 5:47:18 pm | {"api":"/api/cash-closing-dashboard","event":"CASH_CLOSING_BRANCH_FETCHED","totalBranches":56,"timestamp":"2026-07-28T12:17:18.816Z"}
28/7/2026, 5:47:18 pm | {"api":"/api/cash-closing-dashboard","event":"CASH_CLOSING_DASHBOARD_SUCCESS","totalRecords":56,"filters":{"cluster":"","branch":"","fromDate":"","toDate":"","status":""},"timestamp":"2026-07-28T12:17:18.817Z"}
28/7/2026, 5:47:18 pm | {"api":"/api/cash-closing-dashboard","event":"CASH_CLOSING_DASHBOARD_API_STARTED","filters":{"cluster":"","branch":"","fromDate":"","toDate":"","status":""},"timestamp":"2026-07-28T12:17:18.986Z"}
28/7/2026, 5:47:18 pm | {"api":"/api/cash-closing-dashboard","event":"CASH_CLOSING_DASHBOARD_DB_CONNECTED","timestamp":"2026-07-28T12:17:18.987Z"}
28/7/2026, 5:47:18 pm | {"api":"/api/cash-closing-dashboard","event":"CASH_CLOSING_DASHBOARD_QUERY_STARTED","filters":{"cluster":"","branch":"","fromDate":"","toDate":"","status":""},"timestamp":"2026-07-28T12:17:18.988Z"}
28/7/2026, 5:47:18 pm | {"api":"/api/cash-closing-dashboard","event":"CASH_CLOSING_DASHBOARD_DATA_FETCHED","totalRecords":56,"timestamp":"2026-07-28T12:17:18.993Z"}
28/7/2026, 5:47:18 pm | {"api":"/api/cash-closing-dashboard","event":"CASH_CLOSING_CLUSTER_FETCHED","totalClusters":4,"timestamp":"2026-07-28T12:17:18.996Z"}
28/7/2026, 5:47:19 pm | {"api":"/api/cash-closing-dashboard","event":"CASH_CLOSING_BRANCH_FETCHED","totalBranches":56,"timestamp":"2026-07-28T12:17:19.000Z"}
28/7/2026, 5:47:19 pm | {"api":"/api/cash-closing-dashboard","event":"CASH_CLOSING_DASHBOARD_SUCCESS","totalRecords":56,"filters":{"cluster":"","branch":"","fromDate":"","toDate":"","status":""},"timestamp":"2026-07-28T12:17:19.000Z"}
28/7/2026, 5:47:22 pm | {"api":"/api/cash-closing-dashboard","event":"CASH_CLOSING_DASHBOARD_API_STARTED","filters":{"cluster":"","branch":"","fromDate":"","toDate":"","status":""},"timestamp":"2026-07-28T12:17:22.651Z"}
28/7/2026, 5:47:22 pm | {"api":"/api/cash-closing-dashboard","event":"CASH_CLOSING_DASHBOARD_DB_CONNECTED","timestamp":"2026-07-28T12:17:22.652Z"}
28/7/2026, 5:47:22 pm | {"api":"/api/cash-closing-dashboard","event":"CASH_CLOSING_DASHBOARD_QUERY_STARTED","filters":{"cluster":"","branch":"","fromDate":"","toDate":"","status":""},"timestamp":"2026-07-28T12:17:22.653Z"}
28/7/2026, 5:47:22 pm | {"api":"/api/cash-closing-dashboard","event":"CASH_CLOSING_DASHBOARD_DATA_FETCHED","totalRecords":56,"timestamp":"2026-07-28T12:17:22.659Z"}
28/7/2026, 5:47:22 pm | {"api":"/api/cash-closing-dashboard","event":"CASH_CLOSING_CLUSTER_FETCHED","totalClusters":4,"timestamp":"2026-07-28T12:17:22.663Z"}
28/7/2026, 5:47:22 pm | {"api":"/api/cash-closing-dashboard","event":"CASH_CLOSING_BRANCH_FETCHED","totalBranches":56,"timestamp":"2026-07-28T12:17:22.667Z"}
28/7/2026, 5:47:22 pm | {"api":"/api/cash-closing-dashboard","event":"CASH_CLOSING_DASHBOARD_SUCCESS","totalRecords":56,"filters":{"cluster":"","branch":"","fromDate":"","toDate":"","status":""},"timestamp":"2026-07-28T12:17:22.668Z"}
28/7/2026, 5:47:22 pm | {"api":"/api/cash-closing-dashboard","event":"CASH_CLOSING_DASHBOARD_API_STARTED","filters":{"cluster":"","branch":"","fromDate":"","toDate":"","status":""},"timestamp":"2026-07-28T12:17:22.833Z"}
28/7/2026, 5:47:22 pm | {"api":"/api/cash-closing-dashboard","event":"CASH_CLOSING_DASHBOARD_DB_CONNECTED","timestamp":"2026-07-28T12:17:22.834Z"}
28/7/2026, 5:47:22 pm | {"api":"/api/cash-closing-dashboard","event":"CASH_CLOSING_DASHBOARD_QUERY_STARTED","filters":{"cluster":"","branch":"","fromDate":"","toDate":"","status":""},"timestamp":"2026-07-28T12:17:22.835Z"}
28/7/2026, 5:47:22 pm | {"api":"/api/cash-closing-dashboard","event":"CASH_CLOSING_DASHBOARD_DATA_FETCHED","totalRecords":56,"timestamp":"2026-07-28T12:17:22.841Z"}
28/7/2026, 5:47:22 pm | {"api":"/api/cash-closing-dashboard","event":"CASH_CLOSING_CLUSTER_FETCHED","totalClusters":4,"timestamp":"2026-07-28T12:17:22.844Z"}
28/7/2026, 5:47:22 pm | {"api":"/api/cash-closing-dashboard","event":"CASH_CLOSING_BRANCH_FETCHED","totalBranches":56,"timestamp":"2026-07-28T12:17:22.848Z"}
28/7/2026, 5:47:22 pm | {"api":"/api/cash-closing-dashboard","event":"CASH_CLOSING_DASHBOARD_SUCCESS","totalRecords":56,"filters":{"cluster":"","branch":"","fromDate":"","toDate":"","status":""},"timestamp":"2026-07-28T12:17:22.848Z"}
28/7/2026, 5:47:25 pm | {"api":"/api/cash-closing-dashboard","event":"CASH_CLOSING_DASHBOARD_API_STARTED","filters":{"cluster":"","branch":"","fromDate":"","toDate":"","status":""},"timestamp":"2026-07-28T12:17:25.194Z"}
28/7/2026, 5:47:25 pm | {"api":"/api/cash-closing-dashboard","event":"CASH_CLOSING_DASHBOARD_DB_CONNECTED","timestamp":"2026-07-28T12:17:25.195Z"}
28/7/2026, 5:47:25 pm | {"api":"/api/cash-closing-dashboard","event":"CASH_CLOSING_DASHBOARD_QUERY_STARTED","filters":{"cluster":"","branch":"","fromDate":"","toDate":"","status":""},"timestamp":"2026-07-28T12:17:25.196Z"}
28/7/2026, 5:47:25 pm | {"api":"/api/cash-closing-dashboard","event":"CASH_CLOSING_DASHBOARD_DATA_FETCHED","totalRecords":56,"timestamp":"2026-07-28T12:17:25.201Z"}
28/7/2026, 5:47:25 pm | {"api":"/api/cash-closing-dashboard","event":"CASH_CLOSING_CLUSTER_FETCHED","totalClusters":4,"timestamp":"2026-07-28T12:17:25.204Z"}
28/7/2026, 5:47:25 pm | {"api":"/api/cash-closing-dashboard","event":"CASH_CLOSING_BRANCH_FETCHED","totalBranches":56,"timestamp":"2026-07-28T12:17:25.207Z"}
28/7/2026, 5:47:25 pm | {"api":"/api/cash-closing-dashboard","event":"CASH_CLOSING_DASHBOARD_SUCCESS","totalRecords":56,"filters":{"cluster":"","branch":"","fromDate":"","toDate":"","status":""},"timestamp":"2026-07-28T12:17:25.208Z"}
28/7/2026, 5:47:25 pm | {"api":"/api/cash-closing-dashboard","event":"CASH_CLOSING_DASHBOARD_API_STARTED","filters":{"cluster":"","branch":"","fromDate":"","toDate":"","status":""},"timestamp":"2026-07-28T12:17:25.386Z"}
28/7/2026, 5:47:25 pm | {"api":"/api/cash-closing-dashboard","event":"CASH_CLOSING_DASHBOARD_DB_CONNECTED","timestamp":"2026-07-28T12:17:25.387Z"}
28/7/2026, 5:47:25 pm | {"api":"/api/cash-closing-dashboard","event":"CASH_CLOSING_DASHBOARD_QUERY_STARTED","filters":{"cluster":"","branch":"","fromDate":"","toDate":"","status":""},"timestamp":"2026-07-28T12:17:25.387Z"}
28/7/2026, 5:47:25 pm | {"api":"/api/cash-closing-dashboard","event":"CASH_CLOSING_DASHBOARD_DATA_FETCHED","totalRecords":56,"timestamp":"2026-07-28T12:17:25.393Z"}
28/7/2026, 5:47:25 pm | {"api":"/api/cash-closing-dashboard","event":"CASH_CLOSING_CLUSTER_FETCHED","totalClusters":4,"timestamp":"2026-07-28T12:17:25.396Z"}
28/7/2026, 5:47:25 pm | {"api":"/api/cash-closing-dashboard","event":"CASH_CLOSING_BRANCH_FETCHED","totalBranches":56,"timestamp":"2026-07-28T12:17:25.400Z"}
28/7/2026, 5:47:25 pm | {"api":"/api/cash-closing-dashboard","event":"CASH_CLOSING_DASHBOARD_SUCCESS","totalRecords":56,"filters":{"cluster":"","branch":"","fromDate":"","toDate":"","status":""},"timestamp":"2026-07-28T12:17:25.400Z"}
28/7/2026, 5:47:28 pm | {"api":"/api/cash-closing-dashboard","event":"CASH_CLOSING_DASHBOARD_API_STARTED","filters":{"cluster":"","branch":"","fromDate":"","toDate":"","status":""},"timestamp":"2026-07-28T12:17:28.948Z"}
28/7/2026, 5:47:28 pm | {"api":"/api/cash-closing-dashboard","event":"CASH_CLOSING_DASHBOARD_DB_CONNECTED","timestamp":"2026-07-28T12:17:28.949Z"}
28/7/2026, 5:47:28 pm | {"api":"/api/cash-closing-dashboard","event":"CASH_CLOSING_DASHBOARD_QUERY_STARTED","filters":{"cluster":"","branch":"","fromDate":"","toDate":"","status":""},"timestamp":"2026-07-28T12:17:28.950Z"}
28/7/2026, 5:47:28 pm | {"api":"/api/cash-closing-dashboard","event":"CASH_CLOSING_DASHBOARD_DATA_FETCHED","totalRecords":56,"timestamp":"2026-07-28T12:17:28.955Z"}
28/7/2026, 5:47:28 pm | {"api":"/api/cash-closing-dashboard","event":"CASH_CLOSING_CLUSTER_FETCHED","totalClusters":4,"timestamp":"2026-07-28T12:17:28.958Z"}
28/7/2026, 5:47:28 pm | {"api":"/api/cash-closing-dashboard","event":"CASH_CLOSING_BRANCH_FETCHED","totalBranches":56,"timestamp":"2026-07-28T12:17:28.962Z"}
28/7/2026, 5:47:28 pm | {"api":"/api/cash-closing-dashboard","event":"CASH_CLOSING_DASHBOARD_SUCCESS","totalRecords":56,"filters":{"cluster":"","branch":"","fromDate":"","toDate":"","status":""},"timestamp":"2026-07-28T12:17:28.963Z"}
28/7/2026, 5:47:29 pm | {"api":"/api/cash-closing-dashboard","event":"CASH_CLOSING_DASHBOARD_API_STARTED","filters":{"cluster":"","branch":"","fromDate":"","toDate":"","status":""},"timestamp":"2026-07-28T12:17:29.114Z"}
28/7/2026, 5:47:29 pm | {"api":"/api/cash-closing-dashboard","event":"CASH_CLOSING_DASHBOARD_DB_CONNECTED","timestamp":"2026-07-28T12:17:29.115Z"}
28/7/2026, 5:47:29 pm | {"api":"/api/cash-closing-dashboard","event":"CASH_CLOSING_DASHBOARD_QUERY_STARTED","filters":{"cluster":"","branch":"","fromDate":"","toDate":"","status":""},"timestamp":"2026-07-28T12:17:29.116Z"}
28/7/2026, 5:47:29 pm | {"api":"/api/cash-closing-dashboard","event":"CASH_CLOSING_DASHBOARD_DATA_FETCHED","totalRecords":56,"timestamp":"2026-07-28T12:17:29.122Z"}
28/7/2026, 5:47:29 pm | {"api":"/api/cash-closing-dashboard","event":"CASH_CLOSING_CLUSTER_FETCHED","totalClusters":4,"timestamp":"2026-07-28T12:17:29.125Z"}
28/7/2026, 5:47:29 pm | {"api":"/api/cash-closing-dashboard","event":"CASH_CLOSING_BRANCH_FETCHED","totalBranches":56,"timestamp":"2026-07-28T12:17:29.128Z"}
28/7/2026, 5:47:29 pm | {"api":"/api/cash-closing-dashboard","event":"CASH_CLOSING_DASHBOARD_SUCCESS","totalRecords":56,"filters":{"cluster":"","branch":"","fromDate":"","toDate":"","status":""},"timestamp":"2026-07-28T12:17:29.129Z"}
28/7/2026, 5:47:29 pm | {"api":"/api/cash-closing-dashboard","event":"CASH_CLOSING_DASHBOARD_API_STARTED","filters":{"cluster":"","branch":"","fromDate":"","toDate":"","status":""},"timestamp":"2026-07-28T12:17:29.322Z"}
28/7/2026, 5:47:29 pm | {"api":"/api/cash-closing-dashboard","event":"CASH_CLOSING_DASHBOARD_DB_CONNECTED","timestamp":"2026-07-28T12:17:29.323Z"}
28/7/2026, 5:47:29 pm | {"api":"/api/cash-closing-dashboard","event":"CASH_CLOSING_DASHBOARD_QUERY_STARTED","filters":{"cluster":"","branch":"","fromDate":"","toDate":"","status":""},"timestamp":"2026-07-28T12:17:29.324Z"}
28/7/2026, 5:47:29 pm | {"api":"/api/cash-closing-dashboard","event":"CASH_CLOSING_DASHBOARD_DATA_FETCHED","totalRecords":56,"timestamp":"2026-07-28T12:17:29.330Z"}
28/7/2026, 5:47:29 pm | {"api":"/api/cash-closing-dashboard","event":"CASH_CLOSING_CLUSTER_FETCHED","totalClusters":4,"timestamp":"2026-07-28T12:17:29.333Z"}
28/7/2026, 5:47:29 pm | {"api":"/api/cash-closing-dashboard","event":"CASH_CLOSING_BRANCH_FETCHED","totalBranches":56,"timestamp":"2026-07-28T12:17:29.336Z"}
28/7/2026, 5:47:29 pm | {"api":"/api/cash-closing-dashboard","event":"CASH_CLOSING_DASHBOARD_SUCCESS","totalRecords":56,"filters":{"cluster":"","branch":"","fromDate":"","toDate":"","status":""},"timestamp":"2026-07-28T12:17:29.337Z"}
28/7/2026, 5:47:32 pm | {"api":"/api/cash-closing-dashboard","event":"CASH_CLOSING_DASHBOARD_API_STARTED","filters":{"cluster":"","branch":"","fromDate":"","toDate":"","status":""},"timestamp":"2026-07-28T12:17:32.314Z"}
28/7/2026, 5:47:32 pm | {"api":"/api/cash-closing-dashboard","event":"CASH_CLOSING_DASHBOARD_DB_CONNECTED","timestamp":"2026-07-28T12:17:32.314Z"}
28/7/2026, 5:47:32 pm | {"api":"/api/cash-closing-dashboard","event":"CASH_CLOSING_DASHBOARD_QUERY_STARTED","filters":{"cluster":"","branch":"","fromDate":"","toDate":"","status":""},"timestamp":"2026-07-28T12:17:32.315Z"}
28/7/2026, 5:47:32 pm | {"api":"/api/cash-closing-dashboard","event":"CASH_CLOSING_DASHBOARD_DATA_FETCHED","totalRecords":56,"timestamp":"2026-07-28T12:17:32.321Z"}
28/7/2026, 5:47:32 pm | {"api":"/api/cash-closing-dashboard","event":"CASH_CLOSING_CLUSTER_FETCHED","totalClusters":4,"timestamp":"2026-07-28T12:17:32.325Z"}
28/7/2026, 5:47:32 pm | {"api":"/api/cash-closing-dashboard","event":"CASH_CLOSING_BRANCH_FETCHED","totalBranches":56,"timestamp":"2026-07-28T12:17:32.328Z"}
28/7/2026, 5:47:32 pm | {"api":"/api/cash-closing-dashboard","event":"CASH_CLOSING_DASHBOARD_SUCCESS","totalRecords":56,"filters":{"cluster":"","branch":"","fromDate":"","toDate":"","status":""},"timestamp":"2026-07-28T12:17:32.329Z"}
28/7/2026, 5:47:32 pm | {"api":"/api/cash-closing-dashboard","event":"CASH_CLOSING_DASHBOARD_API_STARTED","filters":{"cluster":"","branch":"","fromDate":"","toDate":"","status":""},"timestamp":"2026-07-28T12:17:32.521Z"}
28/7/2026, 5:47:32 pm | {"api":"/api/cash-closing-dashboard","event":"CASH_CLOSING_DASHBOARD_DB_CONNECTED","timestamp":"2026-07-28T12:17:32.522Z"}
28/7/2026, 5:47:32 pm | {"api":"/api/cash-closing-dashboard","event":"CASH_CLOSING_DASHBOARD_QUERY_STARTED","filters":{"cluster":"","branch":"","fromDate":"","toDate":"","status":""},"timestamp":"2026-07-28T12:17:32.523Z"}
28/7/2026, 5:47:32 pm | {"api":"/api/cash-closing-dashboard","event":"CASH_CLOSING_DASHBOARD_DATA_FETCHED","totalRecords":56,"timestamp":"2026-07-28T12:17:32.530Z"}
28/7/2026, 5:47:32 pm | {"api":"/api/cash-closing-dashboard","event":"CASH_CLOSING_CLUSTER_FETCHED","totalClusters":4,"timestamp":"2026-07-28T12:17:32.534Z"}
28/7/2026, 5:47:32 pm | {"api":"/api/cash-closing-dashboard","event":"CASH_CLOSING_BRANCH_FETCHED","totalBranches":56,"timestamp":"2026-07-28T12:17:32.538Z"}
28/7/2026, 5:47:32 pm | {"api":"/api/cash-closing-dashboard","event":"CASH_CLOSING_DASHBOARD_SUCCESS","totalRecords":56,"filters":{"cluster":"","branch":"","fromDate":"","toDate":"","status":""},"timestamp":"2026-07-28T12:17:32.538Z"}
28/7/2026, 5:47:37 pm | {"api":"/login","event":"LOGIN_API_STARTED","mpin":"3033","deviceId":"9038a12f6eb33b33","timestamp":"2026-07-28T12:17:37.931Z"}
28/7/2026, 5:47:37 pm | {"event":"LOGIN_REQUEST","mpin":"3033","deviceId":"9038a12f6eb33b33","timestamp":"2026-07-28T12:17:37.932Z"}
28/7/2026, 5:47:37 pm | {"api":"/login","event":"LOGIN_DB_QUERY_STARTED","mpin":"3033","timestamp":"2026-07-28T12:17:37.933Z"}
28/7/2026, 5:47:37 pm | {"api":"/login","event":"LOGIN_USER_FOUND","empNo":"1037","branch":"Sarpavaram","designation":"Branch Manager","timestamp":"2026-07-28T12:17:37.937Z"}
28/7/2026, 5:47:37 pm | {"api":"/login","event":"LOGIN_DEVICE_CHECK","empNo":"1037","savedDevice":"9038a12f6eb33b33","currentDevice":"9038a12f6eb33b33","timestamp":"2026-07-28T12:17:37.938Z"}
28/7/2026, 5:47:37 pm | {"api":"/login","event":"LOGIN_SUCCESS","empNo":"1037","branch":"Sarpavaram","designation":"Branch Manager","loginTime":"2026-07-28T12:17:37.946Z"}
28/7/2026, 5:47:38 pm | {"api":"/employee/:empNo","event":"EMPLOYEE_API_STARTED","empNo":"1037","timestamp":"2026-07-28T12:17:38.792Z"}
28/7/2026, 5:47:38 pm | {"api":"/employee/:empNo","event":"EMPLOYEE_DB_QUERY_STARTED","empNo":"1037","timestamp":"2026-07-28T12:17:38.793Z"}
28/7/2026, 5:47:38 pm | {"api":"/employee/:empNo","event":"EMPLOYEE_FETCH_SUCCESS","empNo":"1037","employeeName":"N Nageswara Rao","branch":"Sarpavaram","designation":"Branch Manager","timestamp":"2026-07-28T12:17:38.796Z"}
28/7/2026, 5:47:38 pm | {"api":"/last-submission/:empNo","event":"LAST_SUBMISSION_API_STARTED","empNo":"1037","timestamp":"2026-07-28T12:17:38.862Z"}
28/7/2026, 5:47:38 pm | {"api":"/last-submission/:empNo","event":"LAST_SUBMISSION_DB_QUERY_STARTED","empNo":"1037","timestamp":"2026-07-28T12:17:38.863Z"}
28/7/2026, 5:47:38 pm | {"api":"/last-submission/:empNo","event":"LAST_SUBMISSION_FETCH_SUCCESS","empNo":"1037","amount":468000,"actionAt":"2026-07-27 17:53:26","timestamp":"2026-07-28T12:17:38.868Z"}
28/7/2026, 5:47:39 pm | {"api":"/today-cash/:empNo","event":"TODAY_CASH_API_STARTED","empNo":"1037","timestamp":"2026-07-28T12:17:39.023Z"}
28/7/2026, 5:47:39 pm | {"api":"/today-cash/:empNo","event":"TODAY_CASH_DB_QUERY_STARTED","empNo":"1037","timestamp":"2026-07-28T12:17:39.024Z"}
28/7/2026, 5:47:39 pm | {"api":"/today-cash/:empNo","event":"TODAY_CASH_NOT_FOUND","empNo":"1037","timestamp":"2026-07-28T12:17:39.028Z"}
28/7/2026, 5:47:44 pm | {"api":"/login","event":"LOGIN_API_STARTED","mpin":"0143","deviceId":"e6ca8319c9275ebb","timestamp":"2026-07-28T12:17:44.510Z"}
28/7/2026, 5:47:44 pm | {"event":"LOGIN_REQUEST","mpin":"0143","deviceId":"e6ca8319c9275ebb","timestamp":"2026-07-28T12:17:44.511Z"}
28/7/2026, 5:47:44 pm | {"api":"/login","event":"LOGIN_DB_QUERY_STARTED","mpin":"0143","timestamp":"2026-07-28T12:17:44.512Z"}
28/7/2026, 5:47:44 pm | {"api":"/login","event":"LOGIN_USER_FOUND","empNo":"519","branch":"Mopidevi","designation":"Branch Manager","timestamp":"2026-07-28T12:17:44.520Z"}
28/7/2026, 5:47:44 pm | {"api":"/login","event":"LOGIN_DEVICE_CHECK","empNo":"519","savedDevice":"e6ca8319c9275ebb","currentDevice":"e6ca8319c9275ebb","timestamp":"2026-07-28T12:17:44.521Z"}
28/7/2026, 5:47:44 pm | {"api":"/login","event":"LOGIN_SUCCESS","empNo":"519","branch":"Mopidevi","designation":"Branch Manager","loginTime":"2026-07-28T12:17:44.527Z"}
28/7/2026, 5:47:44 pm | {"api":"/employee/:empNo","event":"EMPLOYEE_API_STARTED","empNo":"519","timestamp":"2026-07-28T12:17:44.774Z"}
28/7/2026, 5:47:44 pm | {"api":"/employee/:empNo","event":"EMPLOYEE_DB_QUERY_STARTED","empNo":"519","timestamp":"2026-07-28T12:17:44.775Z"}
28/7/2026, 5:47:44 pm | {"api":"/employee/:empNo","event":"EMPLOYEE_FETCH_SUCCESS","empNo":"519","employeeName":"Ch Harish Babu","branch":"Mopidevi","designation":"Branch Manager","timestamp":"2026-07-28T12:17:44.779Z"}
28/7/2026, 5:47:44 pm | {"api":"/last-submission/:empNo","event":"LAST_SUBMISSION_API_STARTED","empNo":"519","timestamp":"2026-07-28T12:17:44.859Z"}
28/7/2026, 5:47:44 pm | {"api":"/last-submission/:empNo","event":"LAST_SUBMISSION_DB_QUERY_STARTED","empNo":"519","timestamp":"2026-07-28T12:17:44.860Z"}
28/7/2026, 5:47:44 pm | {"api":"/last-submission/:empNo","event":"LAST_SUBMISSION_FETCH_SUCCESS","empNo":"519","amount":840000,"actionAt":"2026-07-27 17:47:27","timestamp":"2026-07-28T12:17:44.865Z"}
28/7/2026, 5:47:44 pm | {"api":"/today-cash/:empNo","event":"TODAY_CASH_API_STARTED","empNo":"519","timestamp":"2026-07-28T12:17:44.984Z"}
28/7/2026, 5:47:44 pm | {"api":"/today-cash/:empNo","event":"TODAY_CASH_DB_QUERY_STARTED","empNo":"519","timestamp":"2026-07-28T12:17:44.985Z"}
28/7/2026, 5:47:44 pm | {"api":"/today-cash/:empNo","event":"TODAY_CASH_NOT_FOUND","empNo":"519","timestamp":"2026-07-28T12:17:44.989Z"}
28/7/2026, 5:47:59 pm | {"api":"/save-cash-closing","event":"SAVE_CASH_API_STARTED","empNo":"519","amount":"1036000","timestamp":"2026-07-28T12:17:59.209Z"}
28/7/2026, 5:47:59 pm | {"api":"/save-cash-closing","event":"PREVIOUS_DAY_RECORD_FOUND","empNo":"519","oldDate":"2026-07-27T00:00:00.000Z","amount":840000,"timestamp":"2026-07-28T12:17:59.215Z"}
28/7/2026, 5:47:59 pm | {"api":"/save-cash-closing","event":"PREVIOUS_DAY_MOVED_TO_HISTORY","empNo":"519","timestamp":"2026-07-28T12:17:59.222Z"}
28/7/2026, 5:47:59 pm | {"api":"/save-cash-closing","event":"PREVIOUS_DAY_DELETED","empNo":"519","timestamp":"2026-07-28T12:17:59.229Z"}
28/7/2026, 5:47:59 pm | {"api":"/save-cash-closing","event":"SAVE_CASH_NEW_ENTRY","empNo":"519","amount":"1036000","branch":"Mopidevi","timestamp":"2026-07-28T12:17:59.234Z"}
28/7/2026, 5:47:59 pm | {"api":"/save-cash-closing","event":"SAVE_CASH_HISTORY_INSERTED","empNo":"519","actionType":"ADDED","version":1,"timestamp":"2026-07-28T12:17:59.248Z"}
28/7/2026, 5:47:59 pm | {"api":"/save-cash-closing","event":"SAVE_CASH_SUCCESS","type":"INSERT","empNo":"519","amount":"1036000","timestamp":"2026-07-28T12:17:59.249Z"}
28/7/2026, 5:48:01 pm | {"api":"/save-cash-closing","event":"SAVE_CASH_API_STARTED","empNo":"1037","amount":"560250","timestamp":"2026-07-28T12:18:01.121Z"}
28/7/2026, 5:48:01 pm | {"api":"/save-cash-closing","event":"PREVIOUS_DAY_RECORD_FOUND","empNo":"1037","oldDate":"2026-07-27T00:00:00.000Z","amount":468000,"timestamp":"2026-07-28T12:18:01.128Z"}
28/7/2026, 5:48:01 pm | {"api":"/save-cash-closing","event":"PREVIOUS_DAY_MOVED_TO_HISTORY","empNo":"1037","timestamp":"2026-07-28T12:18:01.135Z"}
28/7/2026, 5:48:01 pm | {"api":"/save-cash-closing","event":"PREVIOUS_DAY_DELETED","empNo":"1037","timestamp":"2026-07-28T12:18:01.161Z"}
28/7/2026, 5:48:01 pm | {"api":"/save-cash-closing","event":"SAVE_CASH_NEW_ENTRY","empNo":"1037","amount":"560250","branch":"Sarpavaram","timestamp":"2026-07-28T12:18:01.164Z"}
28/7/2026, 5:48:01 pm | {"api":"/save-cash-closing","event":"SAVE_CASH_HISTORY_INSERTED","empNo":"1037","actionType":"ADDED","version":1,"timestamp":"2026-07-28T12:18:01.176Z"}
28/7/2026, 5:48:01 pm | {"api":"/save-cash-closing","event":"SAVE_CASH_SUCCESS","type":"INSERT","empNo":"1037","amount":"560250","timestamp":"2026-07-28T12:18:01.176Z"}
28/7/2026, 5:48:03 pm | {"api":"/save-cash-closing","event":"SAVE_CASH_API_STARTED","empNo":"519","amount":"1036000","timestamp":"2026-07-28T12:18:03.484Z"}
28/7/2026, 5:48:03 pm | {"api":"/save-cash-closing","event":"SAVE_CASH_UPDATE_STARTED","empNo":"519","oldAmount":1036000,"newAmount":"1036000","currentVersion":1,"nextVersion":2,"timestamp":"2026-07-28T12:18:03.493Z"}
28/7/2026, 5:48:03 pm | {"api":"/save-cash-closing","event":"SAVE_CASH_HISTORY_UPDATED","empNo":"519","version":2,"timestamp":"2026-07-28T12:18:03.505Z"}
28/7/2026, 5:48:03 pm | {"api":"/save-cash-closing","event":"SAVE_CASH_SUCCESS","type":"UPDATE","empNo":"519","amount":"1036000","version":2,"timestamp":"2026-07-28T12:18:03.506Z"}
28/7/2026, 5:48:06 pm | {"api":"/api/cash-closing-dashboard","event":"CASH_CLOSING_DASHBOARD_API_STARTED","filters":{"cluster":"","branch":"","fromDate":"","toDate":"","status":""},"timestamp":"2026-07-28T12:18:06.564Z"}
28/7/2026, 5:48:06 pm | {"api":"/api/cash-closing-dashboard","event":"CASH_CLOSING_DASHBOARD_DB_CONNECTED","timestamp":"2026-07-28T12:18:06.566Z"}
28/7/2026, 5:48:06 pm | {"api":"/api/cash-closing-dashboard","event":"CASH_CLOSING_DASHBOARD_QUERY_STARTED","filters":{"cluster":"","branch":"","fromDate":"","toDate":"","status":""},"timestamp":"2026-07-28T12:18:06.567Z"}
28/7/2026, 5:48:06 pm | {"api":"/api/cash-closing-dashboard","event":"CASH_CLOSING_DASHBOARD_DATA_FETCHED","totalRecords":56,"timestamp":"2026-07-28T12:18:06.602Z"}
28/7/2026, 5:48:06 pm | {"api":"/api/cash-closing-dashboard","event":"CASH_CLOSING_CLUSTER_FETCHED","totalClusters":4,"timestamp":"2026-07-28T12:18:06.606Z"}
28/7/2026, 5:48:06 pm | {"api":"/api/cash-closing-dashboard","event":"CASH_CLOSING_BRANCH_FETCHED","totalBranches":56,"timestamp":"2026-07-28T12:18:06.610Z"}
28/7/2026, 5:48:06 pm | {"api":"/api/cash-closing-dashboard","event":"CASH_CLOSING_DASHBOARD_SUCCESS","totalRecords":56,"filters":{"cluster":"","branch":"","fromDate":"","toDate":"","status":""},"timestamp":"2026-07-28T12:18:06.611Z"}
28/7/2026, 5:48:06 pm | {"api":"/api/cash-closing-dashboard","event":"CASH_CLOSING_DASHBOARD_API_STARTED","filters":{"cluster":"","branch":"","fromDate":"","toDate":"","status":""},"timestamp":"2026-07-28T12:18:06.706Z"}
28/7/2026, 5:48:06 pm | {"api":"/api/cash-closing-dashboard","event":"CASH_CLOSING_DASHBOARD_DB_CONNECTED","timestamp":"2026-07-28T12:18:06.707Z"}
28/7/2026, 5:48:06 pm | {"api":"/api/cash-closing-dashboard","event":"CASH_CLOSING_DASHBOARD_QUERY_STARTED","filters":{"cluster":"","branch":"","fromDate":"","toDate":"","status":""},"timestamp":"2026-07-28T12:18:06.708Z"}
28/7/2026, 5:48:06 pm | {"api":"/api/cash-closing-dashboard","event":"CASH_CLOSING_DASHBOARD_DATA_FETCHED","totalRecords":56,"timestamp":"2026-07-28T12:18:06.714Z"}
28/7/2026, 5:48:06 pm | {"api":"/api/cash-closing-dashboard","event":"CASH_CLOSING_CLUSTER_FETCHED","totalClusters":4,"timestamp":"2026-07-28T12:18:06.717Z"}
28/7/2026, 5:48:06 pm | {"api":"/api/cash-closing-dashboard","event":"CASH_CLOSING_BRANCH_FETCHED","totalBranches":56,"timestamp":"2026-07-28T12:18:06.720Z"}
28/7/2026, 5:48:06 pm | {"api":"/api/cash-closing-dashboard","event":"CASH_CLOSING_DASHBOARD_SUCCESS","totalRecords":56,"filters":{"cluster":"","branch":"","fromDate":"","toDate":"","status":""},"timestamp":"2026-07-28T12:18:06.720Z"}
28/7/2026, 5:48:06 pm | {"api":"/api/cash-closing-dashboard","event":"CASH_CLOSING_DASHBOARD_API_STARTED","filters":{"cluster":"","branch":"","fromDate":"","toDate":"","status":""},"timestamp":"2026-07-28T12:18:06.947Z"}
28/7/2026, 5:48:06 pm | {"api":"/api/cash-closing-dashboard","event":"CASH_CLOSING_DASHBOARD_DB_CONNECTED","timestamp":"2026-07-28T12:18:06.948Z"}
28/7/2026, 5:48:06 pm | {"api":"/api/cash-closing-dashboard","event":"CASH_CLOSING_DASHBOARD_QUERY_STARTED","filters":{"cluster":"","branch":"","fromDate":"","toDate":"","status":""},"timestamp":"2026-07-28T12:18:06.948Z"}
28/7/2026, 5:48:06 pm | {"api":"/api/cash-closing-dashboard","event":"CASH_CLOSING_DASHBOARD_DATA_FETCHED","totalRecords":56,"timestamp":"2026-07-28T12:18:06.955Z"}
28/7/2026, 5:48:06 pm | {"api":"/api/cash-closing-dashboard","event":"CASH_CLOSING_CLUSTER_FETCHED","totalClusters":4,"timestamp":"2026-07-28T12:18:06.958Z"}
28/7/2026, 5:48:06 pm | {"api":"/api/cash-closing-dashboard","event":"CASH_CLOSING_BRANCH_FETCHED","totalBranches":56,"timestamp":"2026-07-28T12:18:06.963Z"}
28/7/2026, 5:48:06 pm | {"api":"/api/cash-closing-dashboard","event":"CASH_CLOSING_DASHBOARD_SUCCESS","totalRecords":56,"filters":{"cluster":"","branch":"","fromDate":"","toDate":"","status":""},"timestamp":"2026-07-28T12:18:06.963Z"}
28/7/2026, 5:48:10 pm | {"api":"/api/cash-closing-dashboard","event":"CASH_CLOSING_DASHBOARD_API_STARTED","filters":{"cluster":"","branch":"","fromDate":"","toDate":"","status":""},"timestamp":"2026-07-28T12:18:10.188Z"}
28/7/2026, 5:48:10 pm | {"api":"/api/cash-closing-dashboard","event":"CASH_CLOSING_DASHBOARD_DB_CONNECTED","timestamp":"2026-07-28T12:18:10.189Z"}
28/7/2026, 5:48:10 pm | {"api":"/api/cash-closing-dashboard","event":"CASH_CLOSING_DASHBOARD_QUERY_STARTED","filters":{"cluster":"","branch":"","fromDate":"","toDate":"","status":""},"timestamp":"2026-07-28T12:18:10.189Z"}
28/7/2026, 5:48:10 pm | {"api":"/api/cash-closing-dashboard","event":"CASH_CLOSING_DASHBOARD_DATA_FETCHED","totalRecords":56,"timestamp":"2026-07-28T12:18:10.198Z"}
28/7/2026, 5:48:10 pm | {"api":"/api/cash-closing-dashboard","event":"CASH_CLOSING_CLUSTER_FETCHED","totalClusters":4,"timestamp":"2026-07-28T12:18:10.201Z"}
28/7/2026, 5:48:10 pm | {"api":"/api/cash-closing-dashboard","event":"CASH_CLOSING_BRANCH_FETCHED","totalBranches":56,"timestamp":"2026-07-28T12:18:10.204Z"}
28/7/2026, 5:48:10 pm | {"api":"/api/cash-closing-dashboard","event":"CASH_CLOSING_DASHBOARD_SUCCESS","totalRecords":56,"filters":{"cluster":"","branch":"","fromDate":"","toDate":"","status":""},"timestamp":"2026-07-28T12:18:10.205Z"}
28/7/2026, 5:48:10 pm | {"api":"/api/cash-closing-dashboard","event":"CASH_CLOSING_DASHBOARD_API_STARTED","filters":{"cluster":"","branch":"","fromDate":"","toDate":"","status":""},"timestamp":"2026-07-28T12:18:10.395Z"}
28/7/2026, 5:48:10 pm | {"api":"/api/cash-closing-dashboard","event":"CASH_CLOSING_DASHBOARD_DB_CONNECTED","timestamp":"2026-07-28T12:18:10.396Z"}
28/7/2026, 5:48:10 pm | {"api":"/api/cash-closing-dashboard","event":"CASH_CLOSING_DASHBOARD_QUERY_STARTED","filters":{"cluster":"","branch":"","fromDate":"","toDate":"","status":""},"timestamp":"2026-07-28T12:18:10.397Z"}
28/7/2026, 5:48:10 pm | {"api":"/api/cash-closing-dashboard","event":"CASH_CLOSING_DASHBOARD_DATA_FETCHED","totalRecords":56,"timestamp":"2026-07-28T12:18:10.404Z"}
28/7/2026, 5:48:10 pm | {"api":"/api/cash-closing-dashboard","event":"CASH_CLOSING_CLUSTER_FETCHED","totalClusters":4,"timestamp":"2026-07-28T12:18:10.409Z"}
28/7/2026, 5:48:10 pm | {"api":"/api/cash-closing-dashboard","event":"CASH_CLOSING_BRANCH_FETCHED","totalBranches":56,"timestamp":"2026-07-28T12:18:10.413Z"}
28/7/2026, 5:48:10 pm | {"api":"/api/cash-closing-dashboard","event":"CASH_CLOSING_DASHBOARD_SUCCESS","totalRecords":56,"filters":{"cluster":"","branch":"","fromDate":"","toDate":"","status":""},"timestamp":"2026-07-28T12:18:10.414Z"}
28/7/2026, 5:48:10 pm | {"api":"/api/cash-closing-dashboard","event":"CASH_CLOSING_DASHBOARD_API_STARTED","filters":{"cluster":"","branch":"","fromDate":"","toDate":"","status":""},"timestamp":"2026-07-28T12:18:10.603Z"}
28/7/2026, 5:48:10 pm | {"api":"/api/cash-closing-dashboard","event":"CASH_CLOSING_DASHBOARD_DB_CONNECTED","timestamp":"2026-07-28T12:18:10.604Z"}
28/7/2026, 5:48:10 pm | {"api":"/api/cash-closing-dashboard","event":"CASH_CLOSING_DASHBOARD_QUERY_STARTED","filters":{"cluster":"","branch":"","fromDate":"","toDate":"","status":""},"timestamp":"2026-07-28T12:18:10.605Z"}
28/7/2026, 5:48:10 pm | {"api":"/api/cash-closing-dashboard","event":"CASH_CLOSING_DASHBOARD_DATA_FETCHED","totalRecords":56,"timestamp":"2026-07-28T12:18:10.611Z"}
28/7/2026, 5:48:10 pm | {"api":"/api/cash-closing-dashboard","event":"CASH_CLOSING_CLUSTER_FETCHED","totalClusters":4,"timestamp":"2026-07-28T12:18:10.617Z"}
28/7/2026, 5:48:10 pm | {"api":"/api/cash-closing-dashboard","event":"CASH_CLOSING_BRANCH_FETCHED","totalBranches":56,"timestamp":"2026-07-28T12:18:10.621Z"}
28/7/2026, 5:48:10 pm | {"api":"/api/cash-closing-dashboard","event":"CASH_CLOSING_DASHBOARD_SUCCESS","totalRecords":56,"filters":{"cluster":"","branch":"","fromDate":"","toDate":"","status":""},"timestamp":"2026-07-28T12:18:10.622Z"}
28/7/2026, 5:48:10 pm | {"api":"/api/cash-closing-dashboard","event":"CASH_CLOSING_DASHBOARD_API_STARTED","filters":{"cluster":"","branch":"","fromDate":"","toDate":"","status":""},"timestamp":"2026-07-28T12:18:10.811Z"}
28/7/2026, 5:48:10 pm | {"api":"/api/cash-closing-dashboard","event":"CASH_CLOSING_DASHBOARD_DB_CONNECTED","timestamp":"2026-07-28T12:18:10.812Z"}
28/7/2026, 5:48:10 pm | {"api":"/api/cash-closing-dashboard","event":"CASH_CLOSING_DASHBOARD_QUERY_STARTED","filters":{"cluster":"","branch":"","fromDate":"","toDate":"","status":""},"timestamp":"2026-07-28T12:18:10.812Z"}
28/7/2026, 5:48:10 pm | {"api":"/api/cash-closing-dashboard","event":"CASH_CLOSING_DASHBOARD_DATA_FETCHED","totalRecords":56,"timestamp":"2026-07-28T12:18:10.819Z"}
28/7/2026, 5:48:10 pm | {"api":"/api/cash-closing-dashboard","event":"CASH_CLOSING_CLUSTER_FETCHED","totalClusters":4,"timestamp":"2026-07-28T12:18:10.823Z"}
28/7/2026, 5:48:10 pm | {"api":"/api/cash-closing-dashboard","event":"CASH_CLOSING_BRANCH_FETCHED","totalBranches":56,"timestamp":"2026-07-28T12:18:10.827Z"}
28/7/2026, 5:48:10 pm | {"api":"/api/cash-closing-dashboard","event":"CASH_CLOSING_DASHBOARD_SUCCESS","totalRecords":56,"filters":{"cluster":"","branch":"","fromDate":"","toDate":"","status":""},"timestamp":"2026-07-28T12:18:10.827Z"}
28/7/2026, 5:48:12 pm | {"api":"/api/cash-closing-dashboard","event":"CASH_CLOSING_DASHBOARD_API_STARTED","filters":{"cluster":"","branch":"","fromDate":"","toDate":"","status":""},"timestamp":"2026-07-28T12:18:12.632Z"}
28/7/2026, 5:48:12 pm | {"api":"/api/cash-closing-dashboard","event":"CASH_CLOSING_DASHBOARD_DB_CONNECTED","timestamp":"2026-07-28T12:18:12.633Z"}
28/7/2026, 5:48:12 pm | {"api":"/api/cash-closing-dashboard","event":"CASH_CLOSING_DASHBOARD_QUERY_STARTED","filters":{"cluster":"","branch":"","fromDate":"","toDate":"","status":""},"timestamp":"2026-07-28T12:18:12.634Z"}
28/7/2026, 5:48:12 pm | {"api":"/api/cash-closing-dashboard","event":"CASH_CLOSING_DASHBOARD_DATA_FETCHED","totalRecords":56,"timestamp":"2026-07-28T12:18:12.644Z"}
28/7/2026, 5:48:12 pm | {"api":"/api/cash-closing-dashboard","event":"CASH_CLOSING_CLUSTER_FETCHED","totalClusters":4,"timestamp":"2026-07-28T12:18:12.647Z"}
28/7/2026, 5:48:12 pm | {"api":"/api/cash-closing-dashboard","event":"CASH_CLOSING_BRANCH_FETCHED","totalBranches":56,"timestamp":"2026-07-28T12:18:12.651Z"}
28/7/2026, 5:48:12 pm | {"api":"/api/cash-closing-dashboard","event":"CASH_CLOSING_DASHBOARD_SUCCESS","totalRecords":56,"filters":{"cluster":"","branch":"","fromDate":"","toDate":"","status":""},"timestamp":"2026-07-28T12:18:12.651Z"}
28/7/2026, 5:48:12 pm | {"api":"/api/cash-closing-dashboard","event":"CASH_CLOSING_DASHBOARD_API_STARTED","filters":{"cluster":"","branch":"","fromDate":"","toDate":"","status":""},"timestamp":"2026-07-28T12:18:12.819Z"}
28/7/2026, 5:48:12 pm | {"api":"/api/cash-closing-dashboard","event":"CASH_CLOSING_DASHBOARD_DB_CONNECTED","timestamp":"2026-07-28T12:18:12.820Z"}
28/7/2026, 5:48:12 pm | {"api":"/api/cash-closing-dashboard","event":"CASH_CLOSING_DASHBOARD_QUERY_STARTED","filters":{"cluster":"","branch":"","fromDate":"","toDate":"","status":""},"timestamp":"2026-07-28T12:18:12.821Z"}
28/7/2026, 5:48:12 pm | {"api":"/api/cash-closing-dashboard","event":"CASH_CLOSING_DASHBOARD_DATA_FETCHED","totalRecords":56,"timestamp":"2026-07-28T12:18:12.827Z"}
28/7/2026, 5:48:12 pm | {"api":"/api/cash-closing-dashboard","event":"CASH_CLOSING_CLUSTER_FETCHED","totalClusters":4,"timestamp":"2026-07-28T12:18:12.831Z"}
28/7/2026, 5:48:12 pm | {"api":"/api/cash-closing-dashboard","event":"CASH_CLOSING_BRANCH_FETCHED","totalBranches":56,"timestamp":"2026-07-28T12:18:12.834Z"}
28/7/2026, 5:48:12 pm | {"api":"/api/cash-closing-dashboard","event":"CASH_CLOSING_DASHBOARD_SUCCESS","totalRecords":56,"filters":{"cluster":"","branch":"","fromDate":"","toDate":"","status":""},"timestamp":"2026-07-28T12:18:12.835Z"}
28/7/2026, 5:48:13 pm | {"api":"/api/cash-closing-dashboard","event":"CASH_CLOSING_DASHBOARD_API_STARTED","filters":{"cluster":"","branch":"","fromDate":"","toDate":"","status":""},"timestamp":"2026-07-28T12:18:13.059Z"}
28/7/2026, 5:48:13 pm | {"api":"/api/cash-closing-dashboard","event":"CASH_CLOSING_DASHBOARD_DB_CONNECTED","timestamp":"2026-07-28T12:18:13.060Z"}
28/7/2026, 5:48:13 pm | {"api":"/api/cash-closing-dashboard","event":"CASH_CLOSING_DASHBOARD_QUERY_STARTED","filters":{"cluster":"","branch":"","fromDate":"","toDate":"","status":""},"timestamp":"2026-07-28T12:18:13.061Z"}
28/7/2026, 5:48:13 pm | {"api":"/api/cash-closing-dashboard","event":"CASH_CLOSING_DASHBOARD_DATA_FETCHED","totalRecords":56,"timestamp":"2026-07-28T12:18:13.067Z"}
28/7/2026, 5:48:13 pm | {"api":"/api/cash-closing-dashboard","event":"CASH_CLOSING_CLUSTER_FETCHED","totalClusters":4,"timestamp":"2026-07-28T12:18:13.071Z"}
28/7/2026, 5:48:13 pm | {"api":"/api/cash-closing-dashboard","event":"CASH_CLOSING_BRANCH_FETCHED","totalBranches":56,"timestamp":"2026-07-28T12:18:13.074Z"}
28/7/2026, 5:48:13 pm | {"api":"/api/cash-closing-dashboard","event":"CASH_CLOSING_DASHBOARD_SUCCESS","totalRecords":56,"filters":{"cluster":"","branch":"","fromDate":"","toDate":"","status":""},"timestamp":"2026-07-28T12:18:13.075Z"}
28/7/2026, 5:48:16 pm | {"api":"/api/cash-closing-dashboard","event":"CASH_CLOSING_DASHBOARD_API_STARTED","filters":{"cluster":"","branch":"","fromDate":"","toDate":"","status":""},"timestamp":"2026-07-28T12:18:16.604Z"}
28/7/2026, 5:48:16 pm | {"api":"/api/cash-closing-dashboard","event":"CASH_CLOSING_DASHBOARD_DB_CONNECTED","timestamp":"2026-07-28T12:18:16.605Z"}
28/7/2026, 5:48:16 pm | {"api":"/api/cash-closing-dashboard","event":"CASH_CLOSING_DASHBOARD_QUERY_STARTED","filters":{"cluster":"","branch":"","fromDate":"","toDate":"","status":""},"timestamp":"2026-07-28T12:18:16.605Z"}
28/7/2026, 5:48:16 pm | {"api":"/api/cash-closing-dashboard","event":"CASH_CLOSING_DASHBOARD_DATA_FETCHED","totalRecords":56,"timestamp":"2026-07-28T12:18:16.613Z"}
28/7/2026, 5:48:16 pm | {"api":"/api/cash-closing-dashboard","event":"CASH_CLOSING_CLUSTER_FETCHED","totalClusters":4,"timestamp":"2026-07-28T12:18:16.617Z"}
28/7/2026, 5:48:16 pm | {"api":"/api/cash-closing-dashboard","event":"CASH_CLOSING_BRANCH_FETCHED","totalBranches":56,"timestamp":"2026-07-28T12:18:16.621Z"}
28/7/2026, 5:48:16 pm | {"api":"/api/cash-closing-dashboard","event":"CASH_CLOSING_DASHBOARD_SUCCESS","totalRecords":56,"filters":{"cluster":"","branch":"","fromDate":"","toDate":"","status":""},"timestamp":"2026-07-28T12:18:16.622Z"}
28/7/2026, 5:48:16 pm | {"api":"/api/cash-closing-dashboard","event":"CASH_CLOSING_DASHBOARD_API_STARTED","filters":{"cluster":"","branch":"","fromDate":"","toDate":"","status":""},"timestamp":"2026-07-28T12:18:16.793Z"}
28/7/2026, 5:48:16 pm | {"api":"/api/cash-closing-dashboard","event":"CASH_CLOSING_DASHBOARD_DB_CONNECTED","timestamp":"2026-07-28T12:18:16.795Z"}
28/7/2026, 5:48:16 pm | {"api":"/api/cash-closing-dashboard","event":"CASH_CLOSING_DASHBOARD_QUERY_STARTED","filters":{"cluster":"","branch":"","fromDate":"","toDate":"","status":""},"timestamp":"2026-07-28T12:18:16.795Z"}
28/7/2026, 5:48:16 pm | {"api":"/api/cash-closing-dashboard","event":"CASH_CLOSING_DASHBOARD_DATA_FETCHED","totalRecords":56,"timestamp":"2026-07-28T12:18:16.802Z"}
28/7/2026, 5:48:16 pm | {"api":"/api/cash-closing-dashboard","event":"CASH_CLOSING_CLUSTER_FETCHED","totalClusters":4,"timestamp":"2026-07-28T12:18:16.806Z"}
28/7/2026, 5:48:16 pm | {"api":"/api/cash-closing-dashboard","event":"CASH_CLOSING_BRANCH_FETCHED","totalBranches":56,"timestamp":"2026-07-28T12:18:16.809Z"}
28/7/2026, 5:48:16 pm | {"api":"/api/cash-closing-dashboard","event":"CASH_CLOSING_DASHBOARD_SUCCESS","totalRecords":56,"filters":{"cluster":"","branch":"","fromDate":"","toDate":"","status":""},"timestamp":"2026-07-28T12:18:16.809Z"}
28/7/2026, 5:48:16 pm | {"api":"/api/cash-closing-dashboard","event":"CASH_CLOSING_DASHBOARD_API_STARTED","filters":{"cluster":"","branch":"","fromDate":"","toDate":"","status":""},"timestamp":"2026-07-28T12:18:16.980Z"}
28/7/2026, 5:48:16 pm | {"api":"/api/cash-closing-dashboard","event":"CASH_CLOSING_DASHBOARD_DB_CONNECTED","timestamp":"2026-07-28T12:18:16.981Z"}
28/7/2026, 5:48:16 pm | {"api":"/api/cash-closing-dashboard","event":"CASH_CLOSING_DASHBOARD_QUERY_STARTED","filters":{"cluster":"","branch":"","fromDate":"","toDate":"","status":""},"timestamp":"2026-07-28T12:18:16.982Z"}
28/7/2026, 5:48:16 pm | {"api":"/api/cash-closing-dashboard","event":"CASH_CLOSING_DASHBOARD_DATA_FETCHED","totalRecords":56,"timestamp":"2026-07-28T12:18:16.987Z"}
28/7/2026, 5:48:16 pm | {"api":"/api/cash-closing-dashboard","event":"CASH_CLOSING_CLUSTER_FETCHED","totalClusters":4,"timestamp":"2026-07-28T12:18:16.991Z"}
28/7/2026, 5:48:16 pm | {"api":"/api/cash-closing-dashboard","event":"CASH_CLOSING_BRANCH_FETCHED","totalBranches":56,"timestamp":"2026-07-28T12:18:16.994Z"}
28/7/2026, 5:48:16 pm | {"api":"/api/cash-closing-dashboard","event":"CASH_CLOSING_DASHBOARD_SUCCESS","totalRecords":56,"filters":{"cluster":"","branch":"","fromDate":"","toDate":"","status":""},"timestamp":"2026-07-28T12:18:16.995Z"}
28/7/2026, 5:48:20 pm | {"api":"/api/cash-closing-dashboard","event":"CASH_CLOSING_DASHBOARD_API_STARTED","filters":{"cluster":"","branch":"","fromDate":"","toDate":"","status":""},"timestamp":"2026-07-28T12:18:20.252Z"}
28/7/2026, 5:48:20 pm | {"api":"/api/cash-closing-dashboard","event":"CASH_CLOSING_DASHBOARD_DB_CONNECTED","timestamp":"2026-07-28T12:18:20.253Z"}
28/7/2026, 5:48:20 pm | {"api":"/api/cash-closing-dashboard","event":"CASH_CLOSING_DASHBOARD_QUERY_STARTED","filters":{"cluster":"","branch":"","fromDate":"","toDate":"","status":""},"timestamp":"2026-07-28T12:18:20.254Z"}
28/7/2026, 5:48:20 pm | {"api":"/api/cash-closing-dashboard","event":"CASH_CLOSING_DASHBOARD_DATA_FETCHED","totalRecords":56,"timestamp":"2026-07-28T12:18:20.260Z"}
28/7/2026, 5:48:20 pm | {"api":"/api/cash-closing-dashboard","event":"CASH_CLOSING_CLUSTER_FETCHED","totalClusters":4,"timestamp":"2026-07-28T12:18:20.263Z"}
28/7/2026, 5:48:20 pm | {"api":"/api/cash-closing-dashboard","event":"CASH_CLOSING_BRANCH_FETCHED","totalBranches":56,"timestamp":"2026-07-28T12:18:20.270Z"}
28/7/2026, 5:48:20 pm | {"api":"/api/cash-closing-dashboard","event":"CASH_CLOSING_DASHBOARD_SUCCESS","totalRecords":56,"filters":{"cluster":"","branch":"","fromDate":"","toDate":"","status":""},"timestamp":"2026-07-28T12:18:20.271Z"}
28/7/2026, 5:48:20 pm | {"api":"/api/cash-closing-dashboard","event":"CASH_CLOSING_DASHBOARD_API_STARTED","filters":{"cluster":"","branch":"","fromDate":"","toDate":"","status":""},"timestamp":"2026-07-28T12:18:20.393Z"}
28/7/2026, 5:48:20 pm | {"api":"/api/cash-closing-dashboard","event":"CASH_CLOSING_DASHBOARD_DB_CONNECTED","timestamp":"2026-07-28T12:18:20.394Z"}
28/7/2026, 5:48:20 pm | {"api":"/api/cash-closing-dashboard","event":"CASH_CLOSING_DASHBOARD_QUERY_STARTED","filters":{"cluster":"","branch":"","fromDate":"","toDate":"","status":""},"timestamp":"2026-07-28T12:18:20.395Z"}
28/7/2026, 5:48:20 pm | {"api":"/api/cash-closing-dashboard","event":"CASH_CLOSING_DASHBOARD_DATA_FETCHED","totalRecords":56,"timestamp":"2026-07-28T12:18:20.402Z"}
28/7/2026, 5:48:20 pm | {"api":"/api/cash-closing-dashboard","event":"CASH_CLOSING_CLUSTER_FETCHED","totalClusters":4,"timestamp":"2026-07-28T12:18:20.405Z"}
28/7/2026, 5:48:20 pm | {"api":"/api/cash-closing-dashboard","event":"CASH_CLOSING_BRANCH_FETCHED","totalBranches":56,"timestamp":"2026-07-28T12:18:20.410Z"}
28/7/2026, 5:48:20 pm | {"api":"/api/cash-closing-dashboard","event":"CASH_CLOSING_DASHBOARD_SUCCESS","totalRecords":56,"filters":{"cluster":"","branch":"","fromDate":"","toDate":"","status":""},"timestamp":"2026-07-28T12:18:20.411Z"}
28/7/2026, 5:48:20 pm | {"api":"/api/cash-closing-dashboard","event":"CASH_CLOSING_DASHBOARD_API_STARTED","filters":{"cluster":"","branch":"","fromDate":"","toDate":"","status":""},"timestamp":"2026-07-28T12:18:20.577Z"}
28/7/2026, 5:48:20 pm | {"api":"/api/cash-closing-dashboard","event":"CASH_CLOSING_DASHBOARD_DB_CONNECTED","timestamp":"2026-07-28T12:18:20.578Z"}
28/7/2026, 5:48:20 pm | {"api":"/api/cash-closing-dashboard","event":"CASH_CLOSING_DASHBOARD_QUERY_STARTED","filters":{"cluster":"","branch":"","fromDate":"","toDate":"","status":""},"timestamp":"2026-07-28T12:18:20.579Z"}
28/7/2026, 5:48:20 pm | {"api":"/api/cash-closing-dashboard","event":"CASH_CLOSING_DASHBOARD_DATA_FETCHED","totalRecords":56,"timestamp":"2026-07-28T12:18:20.586Z"}
28/7/2026, 5:48:20 pm | {"api":"/api/cash-closing-dashboard","event":"CASH_CLOSING_CLUSTER_FETCHED","totalClusters":4,"timestamp":"2026-07-28T12:18:20.590Z"}
28/7/2026, 5:48:20 pm | {"api":"/api/cash-closing-dashboard","event":"CASH_CLOSING_BRANCH_FETCHED","totalBranches":56,"timestamp":"2026-07-28T12:18:20.594Z"}
28/7/2026, 5:48:20 pm | {"api":"/api/cash-closing-dashboard","event":"CASH_CLOSING_DASHBOARD_SUCCESS","totalRecords":56,"filters":{"cluster":"","branch":"","fromDate":"","toDate":"","status":""},"timestamp":"2026-07-28T12:18:20.594Z"}
28/7/2026, 5:48:20 pm | {"api":"/api/cash-closing-dashboard","event":"CASH_CLOSING_DASHBOARD_API_STARTED","filters":{"cluster":"","branch":"","fromDate":"","toDate":"","status":""},"timestamp":"2026-07-28T12:18:20.793Z"}
28/7/2026, 5:48:20 pm | {"api":"/api/cash-closing-dashboard","event":"CASH_CLOSING_DASHBOARD_DB_CONNECTED","timestamp":"2026-07-28T12:18:20.795Z"}
28/7/2026, 5:48:20 pm | {"api":"/api/cash-closing-dashboard","event":"CASH_CLOSING_DASHBOARD_QUERY_STARTED","filters":{"cluster":"","branch":"","fromDate":"","toDate":"","status":""},"timestamp":"2026-07-28T12:18:20.795Z"}
28/7/2026, 5:48:20 pm | {"api":"/api/cash-closing-dashboard","event":"CASH_CLOSING_DASHBOARD_DATA_FETCHED","totalRecords":56,"timestamp":"2026-07-28T12:18:20.803Z"}
28/7/2026, 5:48:20 pm | {"api":"/api/cash-closing-dashboard","event":"CASH_CLOSING_CLUSTER_FETCHED","totalClusters":4,"timestamp":"2026-07-28T12:18:20.805Z"}
28/7/2026, 5:48:20 pm | {"api":"/api/cash-closing-dashboard","event":"CASH_CLOSING_BRANCH_FETCHED","totalBranches":56,"timestamp":"2026-07-28T12:18:20.809Z"}
28/7/2026, 5:48:20 pm | {"api":"/api/cash-closing-dashboard","event":"CASH_CLOSING_DASHBOARD_SUCCESS","totalRecords":56,"filters":{"cluster":"","branch":"","fromDate":"","toDate":"","status":""},"timestamp":"2026-07-28T12:18:20.809Z"}
28/7/2026, 5:48:30 pm | {"api":"/api/cash-closing-dashboard","event":"CASH_CLOSING_DASHBOARD_API_STARTED","filters":{"cluster":"","branch":"","fromDate":"","toDate":"","status":""},"timestamp":"2026-07-28T12:18:30.960Z"}
28/7/2026, 5:48:30 pm | {"api":"/api/cash-closing-dashboard","event":"CASH_CLOSING_DASHBOARD_DB_CONNECTED","timestamp":"2026-07-28T12:18:30.961Z"}
28/7/2026, 5:48:30 pm | {"api":"/api/cash-closing-dashboard","event":"CASH_CLOSING_DASHBOARD_QUERY_STARTED","filters":{"cluster":"","branch":"","fromDate":"","toDate":"","status":""},"timestamp":"2026-07-28T12:18:30.962Z"}
28/7/2026, 5:48:30 pm | {"api":"/api/cash-closing-dashboard","event":"CASH_CLOSING_DASHBOARD_DATA_FETCHED","totalRecords":56,"timestamp":"2026-07-28T12:18:30.969Z"}
28/7/2026, 5:48:30 pm | {"api":"/api/cash-closing-dashboard","event":"CASH_CLOSING_CLUSTER_FETCHED","totalClusters":4,"timestamp":"2026-07-28T12:18:30.972Z"}
28/7/2026, 5:48:30 pm | {"api":"/api/cash-closing-dashboard","event":"CASH_CLOSING_BRANCH_FETCHED","totalBranches":56,"timestamp":"2026-07-28T12:18:30.975Z"}
28/7/2026, 5:48:30 pm | {"api":"/api/cash-closing-dashboard","event":"CASH_CLOSING_DASHBOARD_SUCCESS","totalRecords":56,"filters":{"cluster":"","branch":"","fromDate":"","toDate":"","status":""},"timestamp":"2026-07-28T12:18:30.976Z"}
28/7/2026, 5:48:31 pm | {"api":"/api/cash-closing-dashboard","event":"CASH_CLOSING_DASHBOARD_API_STARTED","filters":{"cluster":"","branch":"","fromDate":"","toDate":"","status":""},"timestamp":"2026-07-28T12:18:31.521Z"}
28/7/2026, 5:48:31 pm | {"api":"/api/cash-closing-dashboard","event":"CASH_CLOSING_DASHBOARD_DB_CONNECTED","timestamp":"2026-07-28T12:18:31.522Z"}
28/7/2026, 5:48:31 pm | {"api":"/api/cash-closing-dashboard","event":"CASH_CLOSING_DASHBOARD_QUERY_STARTED","filters":{"cluster":"","branch":"","fromDate":"","toDate":"","status":""},"timestamp":"2026-07-28T12:18:31.523Z"}
28/7/2026, 5:48:31 pm | {"api":"/api/cash-closing-dashboard","event":"CASH_CLOSING_DASHBOARD_DATA_FETCHED","totalRecords":56,"timestamp":"2026-07-28T12:18:31.530Z"}
28/7/2026, 5:48:31 pm | {"api":"/api/cash-closing-dashboard","event":"CASH_CLOSING_CLUSTER_FETCHED","totalClusters":4,"timestamp":"2026-07-28T12:18:31.533Z"}
28/7/2026, 5:48:31 pm | {"api":"/api/cash-closing-dashboard","event":"CASH_CLOSING_BRANCH_FETCHED","totalBranches":56,"timestamp":"2026-07-28T12:18:31.537Z"}
28/7/2026, 5:48:31 pm | {"api":"/api/cash-closing-dashboard","event":"CASH_CLOSING_DASHBOARD_SUCCESS","totalRecords":56,"filters":{"cluster":"","branch":"","fromDate":"","toDate":"","status":""},"timestamp":"2026-07-28T12:18:31.538Z"}
28/7/2026, 5:48:31 pm | {"api":"/api/cash-closing-dashboard","event":"CASH_CLOSING_DASHBOARD_API_STARTED","filters":{"cluster":"","branch":"","fromDate":"","toDate":"","status":""},"timestamp":"2026-07-28T12:18:31.697Z"}
28/7/2026, 5:48:31 pm | {"api":"/api/cash-closing-dashboard","event":"CASH_CLOSING_DASHBOARD_DB_CONNECTED","timestamp":"2026-07-28T12:18:31.698Z"}
28/7/2026, 5:48:31 pm | {"api":"/api/cash-closing-dashboard","event":"CASH_CLOSING_DASHBOARD_QUERY_STARTED","filters":{"cluster":"","branch":"","fromDate":"","toDate":"","status":""},"timestamp":"2026-07-28T12:18:31.699Z"}
28/7/2026, 5:48:31 pm | {"api":"/api/cash-closing-dashboard","event":"CASH_CLOSING_DASHBOARD_DATA_FETCHED","totalRecords":56,"timestamp":"2026-07-28T12:18:31.706Z"}
28/7/2026, 5:48:31 pm | {"api":"/api/cash-closing-dashboard","event":"CASH_CLOSING_CLUSTER_FETCHED","totalClusters":4,"timestamp":"2026-07-28T12:18:31.712Z"}
28/7/2026, 5:48:31 pm | {"api":"/api/cash-closing-dashboard","event":"CASH_CLOSING_BRANCH_FETCHED","totalBranches":56,"timestamp":"2026-07-28T12:18:31.715Z"}
28/7/2026, 5:48:31 pm | {"api":"/api/cash-closing-dashboard","event":"CASH_CLOSING_DASHBOARD_SUCCESS","totalRecords":56,"filters":{"cluster":"","branch":"","fromDate":"","toDate":"","status":""},"timestamp":"2026-07-28T12:18:31.716Z"}
28/7/2026, 5:48:31 pm | {"api":"/api/cash-closing-dashboard","event":"CASH_CLOSING_DASHBOARD_API_STARTED","filters":{"cluster":"","branch":"","fromDate":"","toDate":"","status":""},"timestamp":"2026-07-28T12:18:31.851Z"}
28/7/2026, 5:48:31 pm | {"api":"/api/cash-closing-dashboard","event":"CASH_CLOSING_DASHBOARD_DB_CONNECTED","timestamp":"2026-07-28T12:18:31.851Z"}
28/7/2026, 5:48:31 pm | {"api":"/api/cash-closing-dashboard","event":"CASH_CLOSING_DASHBOARD_QUERY_STARTED","filters":{"cluster":"","branch":"","fromDate":"","toDate":"","status":""},"timestamp":"2026-07-28T12:18:31.852Z"}
28/7/2026, 5:48:31 pm | {"api":"/api/cash-closing-dashboard","event":"CASH_CLOSING_DASHBOARD_DATA_FETCHED","totalRecords":56,"timestamp":"2026-07-28T12:18:31.859Z"}
28/7/2026, 5:48:31 pm | {"api":"/api/cash-closing-dashboard","event":"CASH_CLOSING_CLUSTER_FETCHED","totalClusters":4,"timestamp":"2026-07-28T12:18:31.862Z"}
28/7/2026, 5:48:31 pm | {"api":"/api/cash-closing-dashboard","event":"CASH_CLOSING_BRANCH_FETCHED","totalBranches":56,"timestamp":"2026-07-28T12:18:31.865Z"}
28/7/2026, 5:48:31 pm | {"api":"/api/cash-closing-dashboard","event":"CASH_CLOSING_DASHBOARD_SUCCESS","totalRecords":56,"filters":{"cluster":"","branch":"","fromDate":"","toDate":"","status":""},"timestamp":"2026-07-28T12:18:31.866Z"}
28/7/2026, 5:48:31 pm | {"api":"/api/cash-closing-dashboard","event":"CASH_CLOSING_DASHBOARD_API_STARTED","filters":{"cluster":"","branch":"","fromDate":"","toDate":"","status":""},"timestamp":"2026-07-28T12:18:31.980Z"}
28/7/2026, 5:48:31 pm | {"api":"/api/cash-closing-dashboard","event":"CASH_CLOSING_DASHBOARD_DB_CONNECTED","timestamp":"2026-07-28T12:18:31.981Z"}
28/7/2026, 5:48:31 pm | {"api":"/api/cash-closing-dashboard","event":"CASH_CLOSING_DASHBOARD_QUERY_STARTED","filters":{"cluster":"","branch":"","fromDate":"","toDate":"","status":""},"timestamp":"2026-07-28T12:18:31.982Z"}
28/7/2026, 5:48:31 pm | {"api":"/api/cash-closing-dashboard","event":"CASH_CLOSING_DASHBOARD_DATA_FETCHED","totalRecords":56,"timestamp":"2026-07-28T12:18:31.987Z"}
28/7/2026, 5:48:31 pm | {"api":"/api/cash-closing-dashboard","event":"CASH_CLOSING_CLUSTER_FETCHED","totalClusters":4,"timestamp":"2026-07-28T12:18:31.990Z"}
28/7/2026, 5:48:31 pm | {"api":"/api/cash-closing-dashboard","event":"CASH_CLOSING_BRANCH_FETCHED","totalBranches":56,"timestamp":"2026-07-28T12:18:31.994Z"}
28/7/2026, 5:48:31 pm | {"api":"/api/cash-closing-dashboard","event":"CASH_CLOSING_DASHBOARD_SUCCESS","totalRecords":56,"filters":{"cluster":"","branch":"","fromDate":"","toDate":"","status":""},"timestamp":"2026-07-28T12:18:31.994Z"}
28/7/2026, 5:48:32 pm | {"api":"/api/cash-closing-dashboard","event":"CASH_CLOSING_DASHBOARD_API_STARTED","filters":{"cluster":"","branch":"","fromDate":"","toDate":"","status":""},"timestamp":"2026-07-28T12:18:32.122Z"}
28/7/2026, 5:48:32 pm | {"api":"/api/cash-closing-dashboard","event":"CASH_CLOSING_DASHBOARD_DB_CONNECTED","timestamp":"2026-07-28T12:18:32.123Z"}
28/7/2026, 5:48:32 pm | {"api":"/api/cash-closing-dashboard","event":"CASH_CLOSING_DASHBOARD_QUERY_STARTED","filters":{"cluster":"","branch":"","fromDate":"","toDate":"","status":""},"timestamp":"2026-07-28T12:18:32.124Z"}
28/7/2026, 5:48:32 pm | {"api":"/api/cash-closing-dashboard","event":"CASH_CLOSING_DASHBOARD_DATA_FETCHED","totalRecords":56,"timestamp":"2026-07-28T12:18:32.130Z"}
28/7/2026, 5:48:32 pm | {"api":"/api/cash-closing-dashboard","event":"CASH_CLOSING_CLUSTER_FETCHED","totalClusters":4,"timestamp":"2026-07-28T12:18:32.133Z"}
28/7/2026, 5:48:32 pm | {"api":"/api/cash-closing-dashboard","event":"CASH_CLOSING_BRANCH_FETCHED","totalBranches":56,"timestamp":"2026-07-28T12:18:32.137Z"}
28/7/2026, 5:48:32 pm | {"api":"/api/cash-closing-dashboard","event":"CASH_CLOSING_DASHBOARD_SUCCESS","totalRecords":56,"filters":{"cluster":"","branch":"","fromDate":"","toDate":"","status":""},"timestamp":"2026-07-28T12:18:32.137Z"}
28/7/2026, 5:48:35 pm | {"api":"/api/cash-closing-dashboard","event":"CASH_CLOSING_DASHBOARD_API_STARTED","filters":{"cluster":"","branch":"","fromDate":"","toDate":"","status":""},"timestamp":"2026-07-28T12:18:35.884Z"}
28/7/2026, 5:48:35 pm | {"api":"/api/cash-closing-dashboard","event":"CASH_CLOSING_DASHBOARD_DB_CONNECTED","timestamp":"2026-07-28T12:18:35.885Z"}
28/7/2026, 5:48:35 pm | {"api":"/api/cash-closing-dashboard","event":"CASH_CLOSING_DASHBOARD_QUERY_STARTED","filters":{"cluster":"","branch":"","fromDate":"","toDate":"","status":""},"timestamp":"2026-07-28T12:18:35.886Z"}
28/7/2026, 5:48:35 pm | {"api":"/api/cash-closing-dashboard","event":"CASH_CLOSING_DASHBOARD_DATA_FETCHED","totalRecords":56,"timestamp":"2026-07-28T12:18:35.892Z"}
28/7/2026, 5:48:35 pm | {"api":"/api/cash-closing-dashboard","event":"CASH_CLOSING_CLUSTER_FETCHED","totalClusters":4,"timestamp":"2026-07-28T12:18:35.895Z"}
28/7/2026, 5:48:35 pm | {"api":"/api/cash-closing-dashboard","event":"CASH_CLOSING_BRANCH_FETCHED","totalBranches":56,"timestamp":"2026-07-28T12:18:35.898Z"}
28/7/2026, 5:48:35 pm | {"api":"/api/cash-closing-dashboard","event":"CASH_CLOSING_DASHBOARD_SUCCESS","totalRecords":56,"filters":{"cluster":"","branch":"","fromDate":"","toDate":"","status":""},"timestamp":"2026-07-28T12:18:35.899Z"}
28/7/2026, 5:48:47 pm | {"api":"/login","event":"LOGIN_API_STARTED","mpin":"0471","deviceId":"1354e95e001c24ee","timestamp":"2026-07-28T12:18:47.794Z"}
28/7/2026, 5:48:47 pm | {"event":"LOGIN_REQUEST","mpin":"0471","deviceId":"1354e95e001c24ee","timestamp":"2026-07-28T12:18:47.795Z"}
28/7/2026, 5:48:47 pm | {"api":"/login","event":"LOGIN_DB_QUERY_STARTED","mpin":"0471","timestamp":"2026-07-28T12:18:47.796Z"}
28/7/2026, 5:48:47 pm | {"api":"/login","event":"LOGIN_USER_FOUND","empNo":"471","branch":"Nuzvid","designation":"Branch Manager","timestamp":"2026-07-28T12:18:47.800Z"}
28/7/2026, 5:48:47 pm | {"api":"/login","event":"LOGIN_DEVICE_CHECK","empNo":"471","savedDevice":"1354e95e001c24ee","currentDevice":"1354e95e001c24ee","timestamp":"2026-07-28T12:18:47.801Z"}
28/7/2026, 5:48:47 pm | {"api":"/login","event":"LOGIN_SUCCESS","empNo":"471","branch":"Nuzvid","designation":"Branch Manager","loginTime":"2026-07-28T12:18:47.807Z"}
28/7/2026, 5:48:48 pm | {"api":"/employee/:empNo","event":"EMPLOYEE_API_STARTED","empNo":"471","timestamp":"2026-07-28T12:18:48.015Z"}
28/7/2026, 5:48:48 pm | {"api":"/employee/:empNo","event":"EMPLOYEE_DB_QUERY_STARTED","empNo":"471","timestamp":"2026-07-28T12:18:48.015Z"}
28/7/2026, 5:48:48 pm | {"api":"/employee/:empNo","event":"EMPLOYEE_FETCH_SUCCESS","empNo":"471","employeeName":"G Chandra Sekhar","branch":"Nuzvid","designation":"Branch Manager","timestamp":"2026-07-28T12:18:48.019Z"}
28/7/2026, 5:48:48 pm | {"api":"/last-submission/:empNo","event":"LAST_SUBMISSION_API_STARTED","empNo":"471","timestamp":"2026-07-28T12:18:48.135Z"}
28/7/2026, 5:48:48 pm | {"api":"/last-submission/:empNo","event":"LAST_SUBMISSION_DB_QUERY_STARTED","empNo":"471","timestamp":"2026-07-28T12:18:48.137Z"}
28/7/2026, 5:48:48 pm | {"api":"/last-submission/:empNo","event":"LAST_SUBMISSION_FETCH_SUCCESS","empNo":"471","amount":1020000,"actionAt":"2026-07-27 17:49:14","timestamp":"2026-07-28T12:18:48.141Z"}
28/7/2026, 5:48:48 pm | {"api":"/today-cash/:empNo","event":"TODAY_CASH_API_STARTED","empNo":"471","timestamp":"2026-07-28T12:18:48.272Z"}
28/7/2026, 5:48:48 pm | {"api":"/today-cash/:empNo","event":"TODAY_CASH_DB_QUERY_STARTED","empNo":"471","timestamp":"2026-07-28T12:18:48.273Z"}
28/7/2026, 5:48:48 pm | {"api":"/today-cash/:empNo","event":"TODAY_CASH_NOT_FOUND","empNo":"471","timestamp":"2026-07-28T12:18:48.278Z"}
28/7/2026, 5:48:54 pm | {"api":"/login","event":"LOGIN_API_STARTED","mpin":"7050","deviceId":"55c99c146c54efde","timestamp":"2026-07-28T12:18:54.559Z"}
28/7/2026, 5:48:54 pm | {"event":"LOGIN_REQUEST","mpin":"7050","deviceId":"55c99c146c54efde","timestamp":"2026-07-28T12:18:54.561Z"}
28/7/2026, 5:48:54 pm | {"api":"/login","event":"LOGIN_DB_QUERY_STARTED","mpin":"7050","timestamp":"2026-07-28T12:18:54.561Z"}
28/7/2026, 5:48:54 pm | {"api":"/login","event":"LOGIN_USER_FOUND","empNo":"441","branch":"Singarayapalem","designation":"Branch Manager","timestamp":"2026-07-28T12:18:54.573Z"}
28/7/2026, 5:48:54 pm | {"api":"/login","event":"LOGIN_DEVICE_CHECK","empNo":"441","savedDevice":"55c99c146c54efde","currentDevice":"55c99c146c54efde","timestamp":"2026-07-28T12:18:54.574Z"}
28/7/2026, 5:48:54 pm | {"api":"/login","event":"LOGIN_SUCCESS","empNo":"441","branch":"Singarayapalem","designation":"Branch Manager","loginTime":"2026-07-28T12:18:54.581Z"}
28/7/2026, 5:48:54 pm | {"api":"/employee/:empNo","event":"EMPLOYEE_API_STARTED","empNo":"441","timestamp":"2026-07-28T12:18:54.779Z"}
28/7/2026, 5:48:54 pm | {"api":"/employee/:empNo","event":"EMPLOYEE_DB_QUERY_STARTED","empNo":"441","timestamp":"2026-07-28T12:18:54.780Z"}
28/7/2026, 5:48:54 pm | {"api":"/employee/:empNo","event":"EMPLOYEE_FETCH_SUCCESS","empNo":"441","employeeName":"V.S.N.L.V.Vara Prasad","branch":"Singarayapalem","designation":"Branch Manager","timestamp":"2026-07-28T12:18:54.784Z"}
28/7/2026, 5:48:54 pm | {"api":"/last-submission/:empNo","event":"LAST_SUBMISSION_API_STARTED","empNo":"441","timestamp":"2026-07-28T12:18:54.848Z"}
28/7/2026, 5:48:54 pm | {"api":"/last-submission/:empNo","event":"LAST_SUBMISSION_DB_QUERY_STARTED","empNo":"441","timestamp":"2026-07-28T12:18:54.849Z"}
28/7/2026, 5:48:54 pm | {"api":"/last-submission/:empNo","event":"LAST_SUBMISSION_FETCH_SUCCESS","empNo":"441","amount":920000,"actionAt":"2026-07-27 17:45:05","timestamp":"2026-07-28T12:18:54.855Z"}
28/7/2026, 5:48:54 pm | {"api":"/today-cash/:empNo","event":"TODAY_CASH_API_STARTED","empNo":"441","timestamp":"2026-07-28T12:18:54.962Z"}
28/7/2026, 5:48:54 pm | {"api":"/today-cash/:empNo","event":"TODAY_CASH_DB_QUERY_STARTED","empNo":"441","timestamp":"2026-07-28T12:18:54.963Z"}
28/7/2026, 5:48:54 pm | {"api":"/today-cash/:empNo","event":"TODAY_CASH_NOT_FOUND","empNo":"441","timestamp":"2026-07-28T12:18:54.968Z"}
28/7/2026, 5:49:03 pm | {"api":"/login","event":"LOGIN_API_STARTED","mpin":"0036","deviceId":"5013baa6ee4ee376","timestamp":"2026-07-28T12:19:03.492Z"}
28/7/2026, 5:49:03 pm | {"event":"LOGIN_REQUEST","mpin":"0036","deviceId":"5013baa6ee4ee376","timestamp":"2026-07-28T12:19:03.493Z"}
28/7/2026, 5:49:03 pm | {"api":"/login","event":"LOGIN_DB_QUERY_STARTED","mpin":"0036","timestamp":"2026-07-28T12:19:03.493Z"}
28/7/2026, 5:49:03 pm | {"api":"/login","event":"LOGIN_USER_FOUND","empNo":"218","branch":"Enikepadu","designation":"Branch Manager","timestamp":"2026-07-28T12:19:03.503Z"}
28/7/2026, 5:49:03 pm | {"api":"/login","event":"LOGIN_DEVICE_CHECK","empNo":"218","savedDevice":"5013baa6ee4ee376","currentDevice":"5013baa6ee4ee376","timestamp":"2026-07-28T12:19:03.504Z"}
28/7/2026, 5:49:03 pm | {"api":"/login","event":"LOGIN_SUCCESS","empNo":"218","branch":"Enikepadu","designation":"Branch Manager","loginTime":"2026-07-28T12:19:03.511Z"}
28/7/2026, 5:49:03 pm | {"api":"/employee/:empNo","event":"EMPLOYEE_API_STARTED","empNo":"218","timestamp":"2026-07-28T12:19:03.653Z"}
28/7/2026, 5:49:03 pm | {"api":"/employee/:empNo","event":"EMPLOYEE_DB_QUERY_STARTED","empNo":"218","timestamp":"2026-07-28T12:19:03.654Z"}
28/7/2026, 5:49:03 pm | {"api":"/employee/:empNo","event":"EMPLOYEE_FETCH_SUCCESS","empNo":"218","employeeName":"K. Ravi Prasad","branch":"Enikepadu","designation":"Branch Manager","timestamp":"2026-07-28T12:19:03.658Z"}
28/7/2026, 5:49:03 pm | {"api":"/last-submission/:empNo","event":"LAST_SUBMISSION_API_STARTED","empNo":"218","timestamp":"2026-07-28T12:19:03.716Z"}
28/7/2026, 5:49:03 pm | {"api":"/last-submission/:empNo","event":"LAST_SUBMISSION_DB_QUERY_STARTED","empNo":"218","timestamp":"2026-07-28T12:19:03.716Z"}
28/7/2026, 5:49:03 pm | {"api":"/last-submission/:empNo","event":"LAST_SUBMISSION_FETCH_SUCCESS","empNo":"218","amount":1267636,"actionAt":"2026-07-27 17:50:35","timestamp":"2026-07-28T12:19:03.721Z"}
28/7/2026, 5:49:03 pm | {"api":"/today-cash/:empNo","event":"TODAY_CASH_API_STARTED","empNo":"218","timestamp":"2026-07-28T12:19:03.831Z"}
28/7/2026, 5:49:03 pm | {"api":"/today-cash/:empNo","event":"TODAY_CASH_DB_QUERY_STARTED","empNo":"218","timestamp":"2026-07-28T12:19:03.832Z"}
28/7/2026, 5:49:03 pm | {"api":"/today-cash/:empNo","event":"TODAY_CASH_NOT_FOUND","empNo":"218","timestamp":"2026-07-28T12:19:03.836Z"}
28/7/2026, 5:49:08 pm | {"api":"/save-cash-closing","event":"SAVE_CASH_API_STARTED","empNo":"471","amount":"2200000","timestamp":"2026-07-28T12:19:08.158Z"}
28/7/2026, 5:49:08 pm | {"api":"/save-cash-closing","event":"PREVIOUS_DAY_RECORD_FOUND","empNo":"471","oldDate":"2026-07-27T00:00:00.000Z","amount":1020000,"timestamp":"2026-07-28T12:19:08.164Z"}
28/7/2026, 5:49:08 pm | {"api":"/save-cash-closing","event":"PREVIOUS_DAY_MOVED_TO_HISTORY","empNo":"471","timestamp":"2026-07-28T12:19:08.171Z"}
28/7/2026, 5:49:08 pm | {"api":"/save-cash-closing","event":"PREVIOUS_DAY_DELETED","empNo":"471","timestamp":"2026-07-28T12:19:08.208Z"}
28/7/2026, 5:49:08 pm | {"api":"/save-cash-closing","event":"SAVE_CASH_NEW_ENTRY","empNo":"471","amount":"2200000","branch":"Nuzvid","timestamp":"2026-07-28T12:19:08.211Z"}
28/7/2026, 5:49:08 pm | {"api":"/save-cash-closing","event":"SAVE_CASH_HISTORY_INSERTED","empNo":"471","actionType":"ADDED","version":1,"timestamp":"2026-07-28T12:19:08.223Z"}
28/7/2026, 5:49:08 pm | {"api":"/save-cash-closing","event":"SAVE_CASH_SUCCESS","type":"INSERT","empNo":"471","amount":"2200000","timestamp":"2026-07-28T12:19:08.224Z"}
28/7/2026, 5:49:08 pm | {"api":"/save-cash-closing","event":"SAVE_CASH_API_STARTED","empNo":"441","amount":"1192000","timestamp":"2026-07-28T12:19:08.389Z"}
28/7/2026, 5:49:08 pm | {"api":"/save-cash-closing","event":"PREVIOUS_DAY_RECORD_FOUND","empNo":"441","oldDate":"2026-07-27T00:00:00.000Z","amount":920000,"timestamp":"2026-07-28T12:19:08.395Z"}
28/7/2026, 5:49:08 pm | {"api":"/save-cash-closing","event":"PREVIOUS_DAY_MOVED_TO_HISTORY","empNo":"441","timestamp":"2026-07-28T12:19:08.402Z"}
28/7/2026, 5:49:08 pm | {"api":"/save-cash-closing","event":"PREVIOUS_DAY_DELETED","empNo":"441","timestamp":"2026-07-28T12:19:08.411Z"}
28/7/2026, 5:49:08 pm | {"api":"/save-cash-closing","event":"SAVE_CASH_NEW_ENTRY","empNo":"441","amount":"1192000","branch":"Singarayapalem","timestamp":"2026-07-28T12:19:08.414Z"}
28/7/2026, 5:49:08 pm | {"api":"/save-cash-closing","event":"SAVE_CASH_HISTORY_INSERTED","empNo":"441","actionType":"ADDED","version":1,"timestamp":"2026-07-28T12:19:08.426Z"}
28/7/2026, 5:49:08 pm | {"api":"/save-cash-closing","event":"SAVE_CASH_SUCCESS","type":"INSERT","empNo":"441","amount":"1192000","timestamp":"2026-07-28T12:19:08.427Z"}
28/7/2026, 5:49:28 pm | {"api":"/save-cash-closing","event":"SAVE_CASH_API_STARTED","empNo":"218","amount":"1393531","timestamp":"2026-07-28T12:19:28.905Z"}
28/7/2026, 5:49:28 pm | {"api":"/save-cash-closing","event":"PREVIOUS_DAY_RECORD_FOUND","empNo":"218","oldDate":"2026-07-27T00:00:00.000Z","amount":1267636,"timestamp":"2026-07-28T12:19:28.911Z"}
28/7/2026, 5:49:28 pm | {"api":"/save-cash-closing","event":"PREVIOUS_DAY_MOVED_TO_HISTORY","empNo":"218","timestamp":"2026-07-28T12:19:28.918Z"}
28/7/2026, 5:49:28 pm | {"api":"/save-cash-closing","event":"PREVIOUS_DAY_DELETED","empNo":"218","timestamp":"2026-07-28T12:19:28.925Z"}
28/7/2026, 5:49:28 pm | {"api":"/save-cash-closing","event":"SAVE_CASH_NEW_ENTRY","empNo":"218","amount":"1393531","branch":"Enikepadu","timestamp":"2026-07-28T12:19:28.930Z"}
28/7/2026, 5:49:28 pm | {"api":"/save-cash-closing","event":"SAVE_CASH_HISTORY_INSERTED","empNo":"218","actionType":"ADDED","version":1,"timestamp":"2026-07-28T12:19:28.941Z"}
28/7/2026, 5:49:28 pm | {"api":"/save-cash-closing","event":"SAVE_CASH_SUCCESS","type":"INSERT","empNo":"218","amount":"1393531","timestamp":"2026-07-28T12:19:28.942Z"}
28/7/2026, 5:49:30 pm | {"api":"/api/cash-closing-dashboard","event":"CASH_CLOSING_DASHBOARD_API_STARTED","filters":{"cluster":"","branch":"","fromDate":"","toDate":"","status":""},"timestamp":"2026-07-28T12:19:30.076Z"}
28/7/2026, 5:49:30 pm | {"api":"/api/cash-closing-dashboard","event":"CASH_CLOSING_DASHBOARD_DB_CONNECTED","timestamp":"2026-07-28T12:19:30.076Z"}
28/7/2026, 5:49:30 pm | {"api":"/api/cash-closing-dashboard","event":"CASH_CLOSING_DASHBOARD_QUERY_STARTED","filters":{"cluster":"","branch":"","fromDate":"","toDate":"","status":""},"timestamp":"2026-07-28T12:19:30.077Z"}
28/7/2026, 5:49:30 pm | {"api":"/api/cash-closing-dashboard","event":"CASH_CLOSING_DASHBOARD_DATA_FETCHED","totalRecords":56,"timestamp":"2026-07-28T12:19:30.102Z"}
28/7/2026, 5:49:30 pm | {"api":"/api/cash-closing-dashboard","event":"CASH_CLOSING_CLUSTER_FETCHED","totalClusters":4,"timestamp":"2026-07-28T12:19:30.105Z"}
28/7/2026, 5:49:30 pm | {"api":"/api/cash-closing-dashboard","event":"CASH_CLOSING_BRANCH_FETCHED","totalBranches":56,"timestamp":"2026-07-28T12:19:30.111Z"}
28/7/2026, 5:49:30 pm | {"api":"/api/cash-closing-dashboard","event":"CASH_CLOSING_DASHBOARD_SUCCESS","totalRecords":56,"filters":{"cluster":"","branch":"","fromDate":"","toDate":"","status":""},"timestamp":"2026-07-28T12:19:30.111Z"}
28/7/2026, 5:49:30 pm | {"api":"/api/cash-closing-dashboard","event":"CASH_CLOSING_DASHBOARD_API_STARTED","filters":{"cluster":"","branch":"","fromDate":"","toDate":"","status":""},"timestamp":"2026-07-28T12:19:30.176Z"}
28/7/2026, 5:49:30 pm | {"api":"/api/cash-closing-dashboard","event":"CASH_CLOSING_DASHBOARD_DB_CONNECTED","timestamp":"2026-07-28T12:19:30.177Z"}
28/7/2026, 5:49:30 pm | {"api":"/api/cash-closing-dashboard","event":"CASH_CLOSING_DASHBOARD_QUERY_STARTED","filters":{"cluster":"","branch":"","fromDate":"","toDate":"","status":""},"timestamp":"2026-07-28T12:19:30.178Z"}
28/7/2026, 5:49:30 pm | {"api":"/api/cash-closing-dashboard","event":"CASH_CLOSING_DASHBOARD_DATA_FETCHED","totalRecords":56,"timestamp":"2026-07-28T12:19:30.183Z"}
28/7/2026, 5:49:30 pm | {"api":"/api/cash-closing-dashboard","event":"CASH_CLOSING_CLUSTER_FETCHED","totalClusters":4,"timestamp":"2026-07-28T12:19:30.187Z"}
28/7/2026, 5:49:30 pm | {"api":"/api/cash-closing-dashboard","event":"CASH_CLOSING_BRANCH_FETCHED","totalBranches":56,"timestamp":"2026-07-28T12:19:30.190Z"}
28/7/2026, 5:49:30 pm | {"api":"/api/cash-closing-dashboard","event":"CASH_CLOSING_DASHBOARD_SUCCESS","totalRecords":56,"filters":{"cluster":"","branch":"","fromDate":"","toDate":"","status":""},"timestamp":"2026-07-28T12:19:30.191Z"}
28/7/2026, 5:49:30 pm | {"api":"/api/cash-closing-dashboard","event":"CASH_CLOSING_DASHBOARD_API_STARTED","filters":{"cluster":"","branch":"","fromDate":"","toDate":"","status":""},"timestamp":"2026-07-28T12:19:30.322Z"}
28/7/2026, 5:49:30 pm | {"api":"/api/cash-closing-dashboard","event":"CASH_CLOSING_DASHBOARD_DB_CONNECTED","timestamp":"2026-07-28T12:19:30.323Z"}
28/7/2026, 5:49:30 pm | {"api":"/api/cash-closing-dashboard","event":"CASH_CLOSING_DASHBOARD_QUERY_STARTED","filters":{"cluster":"","branch":"","fromDate":"","toDate":"","status":""},"timestamp":"2026-07-28T12:19:30.323Z"}
28/7/2026, 5:49:30 pm | {"api":"/api/cash-closing-dashboard","event":"CASH_CLOSING_DASHBOARD_DATA_FETCHED","totalRecords":56,"timestamp":"2026-07-28T12:19:30.329Z"}
28/7/2026, 5:49:30 pm | {"api":"/api/cash-closing-dashboard","event":"CASH_CLOSING_CLUSTER_FETCHED","totalClusters":4,"timestamp":"2026-07-28T12:19:30.332Z"}
28/7/2026, 5:49:30 pm | {"api":"/api/cash-closing-dashboard","event":"CASH_CLOSING_BRANCH_FETCHED","totalBranches":56,"timestamp":"2026-07-28T12:19:30.337Z"}
28/7/2026, 5:49:30 pm | {"api":"/api/cash-closing-dashboard","event":"CASH_CLOSING_DASHBOARD_SUCCESS","totalRecords":56,"filters":{"cluster":"","branch":"","fromDate":"","toDate":"","status":""},"timestamp":"2026-07-28T12:19:30.338Z"}
28/7/2026, 5:49:30 pm | {"api":"/api/cash-closing-dashboard","event":"CASH_CLOSING_DASHBOARD_API_STARTED","filters":{"cluster":"","branch":"","fromDate":"","toDate":"","status":""},"timestamp":"2026-07-28T12:19:30.483Z"}
28/7/2026, 5:49:30 pm | {"api":"/api/cash-closing-dashboard","event":"CASH_CLOSING_DASHBOARD_DB_CONNECTED","timestamp":"2026-07-28T12:19:30.484Z"}
28/7/2026, 5:49:30 pm | {"api":"/api/cash-closing-dashboard","event":"CASH_CLOSING_DASHBOARD_QUERY_STARTED","filters":{"cluster":"","branch":"","fromDate":"","toDate":"","status":""},"timestamp":"2026-07-28T12:19:30.485Z"}
28/7/2026, 5:49:30 pm | {"api":"/api/cash-closing-dashboard","event":"CASH_CLOSING_DASHBOARD_DATA_FETCHED","totalRecords":56,"timestamp":"2026-07-28T12:19:30.491Z"}
28/7/2026, 5:49:30 pm | {"api":"/api/cash-closing-dashboard","event":"CASH_CLOSING_CLUSTER_FETCHED","totalClusters":4,"timestamp":"2026-07-28T12:19:30.495Z"}
28/7/2026, 5:49:30 pm | {"api":"/api/cash-closing-dashboard","event":"CASH_CLOSING_BRANCH_FETCHED","totalBranches":56,"timestamp":"2026-07-28T12:19:30.498Z"}
28/7/2026, 5:49:30 pm | {"api":"/api/cash-closing-dashboard","event":"CASH_CLOSING_DASHBOARD_SUCCESS","totalRecords":56,"filters":{"cluster":"","branch":"","fromDate":"","toDate":"","status":""},"timestamp":"2026-07-28T12:19:30.499Z"}
28/7/2026, 5:49:30 pm | {"api":"/api/cash-closing-dashboard","event":"CASH_CLOSING_DASHBOARD_API_STARTED","filters":{"cluster":"","branch":"","fromDate":"","toDate":"","status":""},"timestamp":"2026-07-28T12:19:30.592Z"}
28/7/2026, 5:49:30 pm | {"api":"/api/cash-closing-dashboard","event":"CASH_CLOSING_DASHBOARD_DB_CONNECTED","timestamp":"2026-07-28T12:19:30.593Z"}
28/7/2026, 5:49:30 pm | {"api":"/api/cash-closing-dashboard","event":"CASH_CLOSING_DASHBOARD_QUERY_STARTED","filters":{"cluster":"","branch":"","fromDate":"","toDate":"","status":""},"timestamp":"2026-07-28T12:19:30.594Z"}
28/7/2026, 5:49:30 pm | {"api":"/api/cash-closing-dashboard","event":"CASH_CLOSING_DASHBOARD_DATA_FETCHED","totalRecords":56,"timestamp":"2026-07-28T12:19:30.601Z"}
28/7/2026, 5:49:30 pm | {"api":"/api/cash-closing-dashboard","event":"CASH_CLOSING_CLUSTER_FETCHED","totalClusters":4,"timestamp":"2026-07-28T12:19:30.605Z"}
28/7/2026, 5:49:30 pm | {"api":"/api/cash-closing-dashboard","event":"CASH_CLOSING_BRANCH_FETCHED","totalBranches":56,"timestamp":"2026-07-28T12:19:30.608Z"}
28/7/2026, 5:49:30 pm | {"api":"/api/cash-closing-dashboard","event":"CASH_CLOSING_DASHBOARD_SUCCESS","totalRecords":56,"filters":{"cluster":"","branch":"","fromDate":"","toDate":"","status":""},"timestamp":"2026-07-28T12:19:30.608Z"}
28/7/2026, 5:49:35 pm | {"api":"/api/cash-closing-dashboard","event":"CASH_CLOSING_DASHBOARD_API_STARTED","filters":{"cluster":"","branch":"","fromDate":"","toDate":"","status":""},"timestamp":"2026-07-28T12:19:35.590Z"}
28/7/2026, 5:49:35 pm | {"api":"/api/cash-closing-dashboard","event":"CASH_CLOSING_DASHBOARD_DB_CONNECTED","timestamp":"2026-07-28T12:19:35.591Z"}
28/7/2026, 5:49:35 pm | {"api":"/api/cash-closing-dashboard","event":"CASH_CLOSING_DASHBOARD_QUERY_STARTED","filters":{"cluster":"","branch":"","fromDate":"","toDate":"","status":""},"timestamp":"2026-07-28T12:19:35.592Z"}
28/7/2026, 5:49:35 pm | {"api":"/api/cash-closing-dashboard","event":"CASH_CLOSING_DASHBOARD_DATA_FETCHED","totalRecords":56,"timestamp":"2026-07-28T12:19:35.598Z"}
28/7/2026, 5:49:35 pm | {"api":"/api/cash-closing-dashboard","event":"CASH_CLOSING_CLUSTER_FETCHED","totalClusters":4,"timestamp":"2026-07-28T12:19:35.601Z"}
28/7/2026, 5:49:35 pm | {"api":"/api/cash-closing-dashboard","event":"CASH_CLOSING_BRANCH_FETCHED","totalBranches":56,"timestamp":"2026-07-28T12:19:35.605Z"}
28/7/2026, 5:49:35 pm | {"api":"/api/cash-closing-dashboard","event":"CASH_CLOSING_DASHBOARD_SUCCESS","totalRecords":56,"filters":{"cluster":"","branch":"","fromDate":"","toDate":"","status":""},"timestamp":"2026-07-28T12:19:35.605Z"}
28/7/2026, 5:49:35 pm | {"api":"/api/cash-closing-dashboard","event":"CASH_CLOSING_DASHBOARD_API_STARTED","filters":{"cluster":"","branch":"","fromDate":"","toDate":"","status":""},"timestamp":"2026-07-28T12:19:35.704Z"}
28/7/2026, 5:49:35 pm | {"api":"/api/cash-closing-dashboard","event":"CASH_CLOSING_DASHBOARD_DB_CONNECTED","timestamp":"2026-07-28T12:19:35.705Z"}
28/7/2026, 5:49:35 pm | {"api":"/api/cash-closing-dashboard","event":"CASH_CLOSING_DASHBOARD_QUERY_STARTED","filters":{"cluster":"","branch":"","fromDate":"","toDate":"","status":""},"timestamp":"2026-07-28T12:19:35.706Z"}
28/7/2026, 5:49:35 pm | {"api":"/api/cash-closing-dashboard","event":"CASH_CLOSING_DASHBOARD_DATA_FETCHED","totalRecords":56,"timestamp":"2026-07-28T12:19:35.713Z"}
28/7/2026, 5:49:35 pm | {"api":"/api/cash-closing-dashboard","event":"CASH_CLOSING_CLUSTER_FETCHED","totalClusters":4,"timestamp":"2026-07-28T12:19:35.717Z"}
28/7/2026, 5:49:35 pm | {"api":"/api/cash-closing-dashboard","event":"CASH_CLOSING_BRANCH_FETCHED","totalBranches":56,"timestamp":"2026-07-28T12:19:35.720Z"}
28/7/2026, 5:49:35 pm | {"api":"/api/cash-closing-dashboard","event":"CASH_CLOSING_DASHBOARD_SUCCESS","totalRecords":56,"filters":{"cluster":"","branch":"","fromDate":"","toDate":"","status":""},"timestamp":"2026-07-28T12:19:35.720Z"}
28/7/2026, 5:49:35 pm | {"api":"/api/cash-closing-dashboard","event":"CASH_CLOSING_DASHBOARD_API_STARTED","filters":{"cluster":"","branch":"","fromDate":"","toDate":"","status":""},"timestamp":"2026-07-28T12:19:35.856Z"}
28/7/2026, 5:49:35 pm | {"api":"/api/cash-closing-dashboard","event":"CASH_CLOSING_DASHBOARD_DB_CONNECTED","timestamp":"2026-07-28T12:19:35.858Z"}
28/7/2026, 5:49:35 pm | {"api":"/api/cash-closing-dashboard","event":"CASH_CLOSING_DASHBOARD_QUERY_STARTED","filters":{"cluster":"","branch":"","fromDate":"","toDate":"","status":""},"timestamp":"2026-07-28T12:19:35.858Z"}
28/7/2026, 5:49:35 pm | {"api":"/api/cash-closing-dashboard","event":"CASH_CLOSING_DASHBOARD_DATA_FETCHED","totalRecords":56,"timestamp":"2026-07-28T12:19:35.866Z"}
28/7/2026, 5:49:35 pm | {"api":"/api/cash-closing-dashboard","event":"CASH_CLOSING_CLUSTER_FETCHED","totalClusters":4,"timestamp":"2026-07-28T12:19:35.869Z"}
28/7/2026, 5:49:35 pm | {"api":"/api/cash-closing-dashboard","event":"CASH_CLOSING_BRANCH_FETCHED","totalBranches":56,"timestamp":"2026-07-28T12:19:35.872Z"}
28/7/2026, 5:49:35 pm | {"api":"/api/cash-closing-dashboard","event":"CASH_CLOSING_DASHBOARD_SUCCESS","totalRecords":56,"filters":{"cluster":"","branch":"","fromDate":"","toDate":"","status":""},"timestamp":"2026-07-28T12:19:35.872Z"}
28/7/2026, 5:49:35 pm | {"api":"/api/cash-closing-dashboard","event":"CASH_CLOSING_DASHBOARD_API_STARTED","filters":{"cluster":"","branch":"","fromDate":"","toDate":"","status":""},"timestamp":"2026-07-28T12:19:35.984Z"}
28/7/2026, 5:49:35 pm | {"api":"/api/cash-closing-dashboard","event":"CASH_CLOSING_DASHBOARD_DB_CONNECTED","timestamp":"2026-07-28T12:19:35.986Z"}
28/7/2026, 5:49:35 pm | {"api":"/api/cash-closing-dashboard","event":"CASH_CLOSING_DASHBOARD_QUERY_STARTED","filters":{"cluster":"","branch":"","fromDate":"","toDate":"","status":""},"timestamp":"2026-07-28T12:19:35.986Z"}
28/7/2026, 5:49:35 pm | {"api":"/api/cash-closing-dashboard","event":"CASH_CLOSING_DASHBOARD_DATA_FETCHED","totalRecords":56,"timestamp":"2026-07-28T12:19:35.993Z"}
28/7/2026, 5:49:35 pm | {"api":"/api/cash-closing-dashboard","event":"CASH_CLOSING_CLUSTER_FETCHED","totalClusters":4,"timestamp":"2026-07-28T12:19:35.997Z"}
28/7/2026, 5:49:36 pm | {"api":"/api/cash-closing-dashboard","event":"CASH_CLOSING_BRANCH_FETCHED","totalBranches":56,"timestamp":"2026-07-28T12:19:36.000Z"}
28/7/2026, 5:49:36 pm | {"api":"/api/cash-closing-dashboard","event":"CASH_CLOSING_DASHBOARD_SUCCESS","totalRecords":56,"filters":{"cluster":"","branch":"","fromDate":"","toDate":"","status":""},"timestamp":"2026-07-28T12:19:36.001Z"}
28/7/2026, 5:49:36 pm | {"api":"/api/cash-closing-dashboard","event":"CASH_CLOSING_DASHBOARD_API_STARTED","filters":{"cluster":"","branch":"","fromDate":"","toDate":"","status":""},"timestamp":"2026-07-28T12:19:36.088Z"}
28/7/2026, 5:49:36 pm | {"api":"/api/cash-closing-dashboard","event":"CASH_CLOSING_DASHBOARD_DB_CONNECTED","timestamp":"2026-07-28T12:19:36.089Z"}
28/7/2026, 5:49:36 pm | {"api":"/api/cash-closing-dashboard","event":"CASH_CLOSING_DASHBOARD_QUERY_STARTED","filters":{"cluster":"","branch":"","fromDate":"","toDate":"","status":""},"timestamp":"2026-07-28T12:19:36.090Z"}
28/7/2026, 5:49:36 pm | {"api":"/api/cash-closing-dashboard","event":"CASH_CLOSING_DASHBOARD_DATA_FETCHED","totalRecords":56,"timestamp":"2026-07-28T12:19:36.100Z"}
28/7/2026, 5:49:36 pm | {"api":"/api/cash-closing-dashboard","event":"CASH_CLOSING_CLUSTER_FETCHED","totalClusters":4,"timestamp":"2026-07-28T12:19:36.103Z"}
28/7/2026, 5:49:36 pm | {"api":"/api/cash-closing-dashboard","event":"CASH_CLOSING_BRANCH_FETCHED","totalBranches":56,"timestamp":"2026-07-28T12:19:36.106Z"}
28/7/2026, 5:49:36 pm | {"api":"/api/cash-closing-dashboard","event":"CASH_CLOSING_DASHBOARD_SUCCESS","totalRecords":56,"filters":{"cluster":"","branch":"","fromDate":"","toDate":"","status":""},"timestamp":"2026-07-28T12:19:36.107Z"}
28/7/2026, 5:49:45 pm | {"api":"/login","event":"LOGIN_API_STARTED","mpin":"5439","deviceId":"be4ece9305fe11fc","timestamp":"2026-07-28T12:19:45.710Z"}
28/7/2026, 5:49:45 pm | {"event":"LOGIN_REQUEST","mpin":"5439","deviceId":"be4ece9305fe11fc","timestamp":"2026-07-28T12:19:45.711Z"}
28/7/2026, 5:49:45 pm | {"api":"/login","event":"LOGIN_DB_QUERY_STARTED","mpin":"5439","timestamp":"2026-07-28T12:19:45.712Z"}
28/7/2026, 5:49:45 pm | {"api":"/login","event":"LOGIN_USER_FOUND","empNo":"142","branch":"Gollapudi","designation":"Branch Manager","timestamp":"2026-07-28T12:19:45.719Z"}
28/7/2026, 5:49:45 pm | {"api":"/login","event":"LOGIN_DEVICE_CHECK","empNo":"142","savedDevice":"be4ece9305fe11fc","currentDevice":"be4ece9305fe11fc","timestamp":"2026-07-28T12:19:45.719Z"}
28/7/2026, 5:49:45 pm | {"api":"/login","event":"LOGIN_SUCCESS","empNo":"142","branch":"Gollapudi","designation":"Branch Manager","loginTime":"2026-07-28T12:19:45.725Z"}
28/7/2026, 5:49:45 pm | {"api":"/employee/:empNo","event":"EMPLOYEE_API_STARTED","empNo":"142","timestamp":"2026-07-28T12:19:45.987Z"}
28/7/2026, 5:49:45 pm | {"api":"/employee/:empNo","event":"EMPLOYEE_DB_QUERY_STARTED","empNo":"142","timestamp":"2026-07-28T12:19:45.988Z"}
28/7/2026, 5:49:45 pm | {"api":"/employee/:empNo","event":"EMPLOYEE_FETCH_SUCCESS","empNo":"142","employeeName":"T. Mohana Manidhar","branch":"Gollapudi","designation":"Branch Manager","timestamp":"2026-07-28T12:19:45.991Z"}
28/7/2026, 5:49:46 pm | {"api":"/last-submission/:empNo","event":"LAST_SUBMISSION_API_STARTED","empNo":"142","timestamp":"2026-07-28T12:19:46.076Z"}
28/7/2026, 5:49:46 pm | {"api":"/last-submission/:empNo","event":"LAST_SUBMISSION_DB_QUERY_STARTED","empNo":"142","timestamp":"2026-07-28T12:19:46.078Z"}
28/7/2026, 5:49:46 pm | {"api":"/last-submission/:empNo","event":"LAST_SUBMISSION_FETCH_SUCCESS","empNo":"142","amount":472561,"actionAt":"2026-07-27 17:46:25","timestamp":"2026-07-28T12:19:46.083Z"}
28/7/2026, 5:49:46 pm | {"api":"/today-cash/:empNo","event":"TODAY_CASH_API_STARTED","empNo":"142","timestamp":"2026-07-28T12:19:46.272Z"}
28/7/2026, 5:49:46 pm | {"api":"/today-cash/:empNo","event":"TODAY_CASH_DB_QUERY_STARTED","empNo":"142","timestamp":"2026-07-28T12:19:46.273Z"}
28/7/2026, 5:49:46 pm | {"api":"/today-cash/:empNo","event":"TODAY_CASH_NOT_FOUND","empNo":"142","timestamp":"2026-07-28T12:19:46.279Z"}
28/7/2026, 5:49:54 pm | {"api":"/save-cash-closing","event":"SAVE_CASH_API_STARTED","empNo":"142","amount":"787271","timestamp":"2026-07-28T12:19:54.987Z"}
28/7/2026, 5:49:54 pm | {"api":"/save-cash-closing","event":"PREVIOUS_DAY_RECORD_FOUND","empNo":"142","oldDate":"2026-07-27T00:00:00.000Z","amount":472561,"timestamp":"2026-07-28T12:19:54.993Z"}
28/7/2026, 5:49:55 pm | {"api":"/save-cash-closing","event":"PREVIOUS_DAY_MOVED_TO_HISTORY","empNo":"142","timestamp":"2026-07-28T12:19:55.001Z"}
28/7/2026, 5:49:55 pm | {"api":"/save-cash-closing","event":"PREVIOUS_DAY_DELETED","empNo":"142","timestamp":"2026-07-28T12:19:55.007Z"}
28/7/2026, 5:49:55 pm | {"api":"/save-cash-closing","event":"SAVE_CASH_NEW_ENTRY","empNo":"142","amount":"787271","branch":"Gollapudi","timestamp":"2026-07-28T12:19:55.011Z"}
28/7/2026, 5:49:55 pm | {"api":"/save-cash-closing","event":"SAVE_CASH_HISTORY_INSERTED","empNo":"142","actionType":"ADDED","version":1,"timestamp":"2026-07-28T12:19:55.023Z"}
28/7/2026, 5:49:55 pm | {"api":"/save-cash-closing","event":"SAVE_CASH_SUCCESS","type":"INSERT","empNo":"142","amount":"787271","timestamp":"2026-07-28T12:19:55.024Z"}
28/7/2026, 5:49:59 pm | {"api":"/save-cash-closing","event":"SAVE_CASH_API_STARTED","empNo":"142","amount":"787271","timestamp":"2026-07-28T12:19:59.078Z"}
28/7/2026, 5:49:59 pm | {"api":"/save-cash-closing","event":"SAVE_CASH_UPDATE_STARTED","empNo":"142","oldAmount":787271,"newAmount":"787271","currentVersion":1,"nextVersion":2,"timestamp":"2026-07-28T12:19:59.087Z"}
28/7/2026, 5:49:59 pm | {"api":"/save-cash-closing","event":"SAVE_CASH_HISTORY_UPDATED","empNo":"142","version":2,"timestamp":"2026-07-28T12:19:59.099Z"}
28/7/2026, 5:49:59 pm | {"api":"/save-cash-closing","event":"SAVE_CASH_SUCCESS","type":"UPDATE","empNo":"142","amount":"787271","version":2,"timestamp":"2026-07-28T12:19:59.100Z"}
28/7/2026, 5:50:00 pm | {"api":"/api/cash-closing-dashboard","event":"CASH_CLOSING_DASHBOARD_API_STARTED","filters":{"cluster":"","branch":"","fromDate":"","toDate":"","status":""},"timestamp":"2026-07-28T12:20:00.073Z"}
28/7/2026, 5:50:00 pm | {"api":"/api/cash-closing-dashboard","event":"CASH_CLOSING_DASHBOARD_DB_CONNECTED","timestamp":"2026-07-28T12:20:00.074Z"}
28/7/2026, 5:50:00 pm | {"api":"/api/cash-closing-dashboard","event":"CASH_CLOSING_DASHBOARD_QUERY_STARTED","filters":{"cluster":"","branch":"","fromDate":"","toDate":"","status":""},"timestamp":"2026-07-28T12:20:00.075Z"}
28/7/2026, 5:50:00 pm | {"api":"/api/cash-closing-dashboard","event":"CASH_CLOSING_DASHBOARD_DATA_FETCHED","totalRecords":56,"timestamp":"2026-07-28T12:20:00.104Z"}
28/7/2026, 5:50:00 pm | {"api":"/api/cash-closing-dashboard","event":"CASH_CLOSING_CLUSTER_FETCHED","totalClusters":4,"timestamp":"2026-07-28T12:20:00.108Z"}
28/7/2026, 5:50:00 pm | {"api":"/api/cash-closing-dashboard","event":"CASH_CLOSING_BRANCH_FETCHED","totalBranches":56,"timestamp":"2026-07-28T12:20:00.112Z"}
28/7/2026, 5:50:00 pm | {"api":"/api/cash-closing-dashboard","event":"CASH_CLOSING_DASHBOARD_SUCCESS","totalRecords":56,"filters":{"cluster":"","branch":"","fromDate":"","toDate":"","status":""},"timestamp":"2026-07-28T12:20:00.113Z"}
28/7/2026, 5:50:00 pm | {"api":"/api/cash-closing-dashboard","event":"CASH_CLOSING_DASHBOARD_API_STARTED","filters":{"cluster":"","branch":"","fromDate":"","toDate":"","status":""},"timestamp":"2026-07-28T12:20:00.155Z"}
28/7/2026, 5:50:00 pm | {"api":"/api/cash-closing-dashboard","event":"CASH_CLOSING_DASHBOARD_DB_CONNECTED","timestamp":"2026-07-28T12:20:00.156Z"}
28/7/2026, 5:50:00 pm | {"api":"/api/cash-closing-dashboard","event":"CASH_CLOSING_DASHBOARD_QUERY_STARTED","filters":{"cluster":"","branch":"","fromDate":"","toDate":"","status":""},"timestamp":"2026-07-28T12:20:00.157Z"}
28/7/2026, 5:50:00 pm | {"api":"/api/cash-closing-dashboard","event":"CASH_CLOSING_DASHBOARD_DATA_FETCHED","totalRecords":56,"timestamp":"2026-07-28T12:20:00.163Z"}
28/7/2026, 5:50:00 pm | {"api":"/api/cash-closing-dashboard","event":"CASH_CLOSING_CLUSTER_FETCHED","totalClusters":4,"timestamp":"2026-07-28T12:20:00.167Z"}
28/7/2026, 5:50:00 pm | {"api":"/api/cash-closing-dashboard","event":"CASH_CLOSING_BRANCH_FETCHED","totalBranches":56,"timestamp":"2026-07-28T12:20:00.171Z"}
28/7/2026, 5:50:00 pm | {"api":"/api/cash-closing-dashboard","event":"CASH_CLOSING_DASHBOARD_SUCCESS","totalRecords":56,"filters":{"cluster":"","branch":"","fromDate":"","toDate":"","status":""},"timestamp":"2026-07-28T12:20:00.171Z"}
28/7/2026, 5:50:00 pm | {"api":"/api/cash-closing-dashboard","event":"CASH_CLOSING_DASHBOARD_API_STARTED","filters":{"cluster":"","branch":"","fromDate":"","toDate":"","status":""},"timestamp":"2026-07-28T12:20:00.316Z"}
28/7/2026, 5:50:00 pm | {"api":"/api/cash-closing-dashboard","event":"CASH_CLOSING_DASHBOARD_DB_CONNECTED","timestamp":"2026-07-28T12:20:00.316Z"}
28/7/2026, 5:50:00 pm | {"api":"/api/cash-closing-dashboard","event":"CASH_CLOSING_DASHBOARD_QUERY_STARTED","filters":{"cluster":"","branch":"","fromDate":"","toDate":"","status":""},"timestamp":"2026-07-28T12:20:00.317Z"}
28/7/2026, 5:50:00 pm | {"api":"/api/cash-closing-dashboard","event":"CASH_CLOSING_DASHBOARD_DATA_FETCHED","totalRecords":56,"timestamp":"2026-07-28T12:20:00.323Z"}
28/7/2026, 5:50:00 pm | {"api":"/api/cash-closing-dashboard","event":"CASH_CLOSING_CLUSTER_FETCHED","totalClusters":4,"timestamp":"2026-07-28T12:20:00.331Z"}
28/7/2026, 5:50:00 pm | {"api":"/api/cash-closing-dashboard","event":"CASH_CLOSING_BRANCH_FETCHED","totalBranches":56,"timestamp":"2026-07-28T12:20:00.336Z"}
28/7/2026, 5:50:00 pm | {"api":"/api/cash-closing-dashboard","event":"CASH_CLOSING_DASHBOARD_SUCCESS","totalRecords":56,"filters":{"cluster":"","branch":"","fromDate":"","toDate":"","status":""},"timestamp":"2026-07-28T12:20:00.337Z"}
28/7/2026, 5:50:00 pm | {"api":"/api/cash-closing-dashboard","event":"CASH_CLOSING_DASHBOARD_API_STARTED","filters":{"cluster":"","branch":"","fromDate":"","toDate":"","status":""},"timestamp":"2026-07-28T12:20:00.476Z"}
28/7/2026, 5:50:00 pm | {"api":"/api/cash-closing-dashboard","event":"CASH_CLOSING_DASHBOARD_DB_CONNECTED","timestamp":"2026-07-28T12:20:00.476Z"}
28/7/2026, 5:50:00 pm | {"api":"/api/cash-closing-dashboard","event":"CASH_CLOSING_DASHBOARD_QUERY_STARTED","filters":{"cluster":"","branch":"","fromDate":"","toDate":"","status":""},"timestamp":"2026-07-28T12:20:00.477Z"}
28/7/2026, 5:50:00 pm | {"api":"/api/cash-closing-dashboard","event":"CASH_CLOSING_DASHBOARD_DATA_FETCHED","totalRecords":56,"timestamp":"2026-07-28T12:20:00.483Z"}
28/7/2026, 5:50:00 pm | {"api":"/api/cash-closing-dashboard","event":"CASH_CLOSING_CLUSTER_FETCHED","totalClusters":4,"timestamp":"2026-07-28T12:20:00.486Z"}
28/7/2026, 5:50:00 pm | {"api":"/api/cash-closing-dashboard","event":"CASH_CLOSING_BRANCH_FETCHED","totalBranches":56,"timestamp":"2026-07-28T12:20:00.490Z"}
28/7/2026, 5:50:00 pm | {"api":"/api/cash-closing-dashboard","event":"CASH_CLOSING_DASHBOARD_SUCCESS","totalRecords":56,"filters":{"cluster":"","branch":"","fromDate":"","toDate":"","status":""},"timestamp":"2026-07-28T12:20:00.490Z"}
28/7/2026, 5:50:00 pm | {"api":"/api/cash-closing-dashboard","event":"CASH_CLOSING_DASHBOARD_API_STARTED","filters":{"cluster":"","branch":"","fromDate":"","toDate":"","status":""},"timestamp":"2026-07-28T12:20:00.611Z"}
28/7/2026, 5:50:00 pm | {"api":"/api/cash-closing-dashboard","event":"CASH_CLOSING_DASHBOARD_DB_CONNECTED","timestamp":"2026-07-28T12:20:00.612Z"}
28/7/2026, 5:50:00 pm | {"api":"/api/cash-closing-dashboard","event":"CASH_CLOSING_DASHBOARD_QUERY_STARTED","filters":{"cluster":"","branch":"","fromDate":"","toDate":"","status":""},"timestamp":"2026-07-28T12:20:00.613Z"}
28/7/2026, 5:50:00 pm | {"api":"/api/cash-closing-dashboard","event":"CASH_CLOSING_DASHBOARD_DATA_FETCHED","totalRecords":56,"timestamp":"2026-07-28T12:20:00.618Z"}
28/7/2026, 5:50:00 pm | {"api":"/api/cash-closing-dashboard","event":"CASH_CLOSING_CLUSTER_FETCHED","totalClusters":4,"timestamp":"2026-07-28T12:20:00.622Z"}
28/7/2026, 5:50:00 pm | {"api":"/api/cash-closing-dashboard","event":"CASH_CLOSING_BRANCH_FETCHED","totalBranches":56,"timestamp":"2026-07-28T12:20:00.625Z"}
28/7/2026, 5:50:00 pm | {"api":"/api/cash-closing-dashboard","event":"CASH_CLOSING_DASHBOARD_SUCCESS","totalRecords":56,"filters":{"cluster":"","branch":"","fromDate":"","toDate":"","status":""},"timestamp":"2026-07-28T12:20:00.626Z"}
28/7/2026, 5:50:00 pm | {"api":"/api/cash-closing-dashboard","event":"CASH_CLOSING_DASHBOARD_API_STARTED","filters":{"cluster":"","branch":"","fromDate":"","toDate":"","status":""},"timestamp":"2026-07-28T12:20:00.768Z"}
28/7/2026, 5:50:00 pm | {"api":"/api/cash-closing-dashboard","event":"CASH_CLOSING_DASHBOARD_DB_CONNECTED","timestamp":"2026-07-28T12:20:00.769Z"}
28/7/2026, 5:50:00 pm | {"api":"/api/cash-closing-dashboard","event":"CASH_CLOSING_DASHBOARD_QUERY_STARTED","filters":{"cluster":"","branch":"","fromDate":"","toDate":"","status":""},"timestamp":"2026-07-28T12:20:00.770Z"}
28/7/2026, 5:50:00 pm | {"api":"/api/cash-closing-dashboard","event":"CASH_CLOSING_DASHBOARD_DATA_FETCHED","totalRecords":56,"timestamp":"2026-07-28T12:20:00.777Z"}
28/7/2026, 5:50:00 pm | {"api":"/api/cash-closing-dashboard","event":"CASH_CLOSING_CLUSTER_FETCHED","totalClusters":4,"timestamp":"2026-07-28T12:20:00.780Z"}
28/7/2026, 5:50:00 pm | {"api":"/api/cash-closing-dashboard","event":"CASH_CLOSING_BRANCH_FETCHED","totalBranches":56,"timestamp":"2026-07-28T12:20:00.783Z"}
28/7/2026, 5:50:00 pm | {"api":"/api/cash-closing-dashboard","event":"CASH_CLOSING_DASHBOARD_SUCCESS","totalRecords":56,"filters":{"cluster":"","branch":"","fromDate":"","toDate":"","status":""},"timestamp":"2026-07-28T12:20:00.784Z"}
28/7/2026, 5:50:04 pm | {"api":"/api/cash-closing-dashboard","event":"CASH_CLOSING_DASHBOARD_API_STARTED","filters":{"cluster":"","branch":"","fromDate":"","toDate":"","status":""},"timestamp":"2026-07-28T12:20:04.729Z"}
28/7/2026, 5:50:04 pm | {"api":"/api/cash-closing-dashboard","event":"CASH_CLOSING_DASHBOARD_DB_CONNECTED","timestamp":"2026-07-28T12:20:04.730Z"}
28/7/2026, 5:50:04 pm | {"api":"/api/cash-closing-dashboard","event":"CASH_CLOSING_DASHBOARD_QUERY_STARTED","filters":{"cluster":"","branch":"","fromDate":"","toDate":"","status":""},"timestamp":"2026-07-28T12:20:04.731Z"}
28/7/2026, 5:50:04 pm | {"api":"/api/cash-closing-dashboard","event":"CASH_CLOSING_DASHBOARD_DATA_FETCHED","totalRecords":56,"timestamp":"2026-07-28T12:20:04.737Z"}
28/7/2026, 5:50:04 pm | {"api":"/api/cash-closing-dashboard","event":"CASH_CLOSING_CLUSTER_FETCHED","totalClusters":4,"timestamp":"2026-07-28T12:20:04.740Z"}
28/7/2026, 5:50:04 pm | {"api":"/api/cash-closing-dashboard","event":"CASH_CLOSING_BRANCH_FETCHED","totalBranches":56,"timestamp":"2026-07-28T12:20:04.743Z"}
28/7/2026, 5:50:04 pm | {"api":"/api/cash-closing-dashboard","event":"CASH_CLOSING_DASHBOARD_SUCCESS","totalRecords":56,"filters":{"cluster":"","branch":"","fromDate":"","toDate":"","status":""},"timestamp":"2026-07-28T12:20:04.744Z"}
28/7/2026, 5:50:04 pm | {"api":"/api/cash-closing-dashboard","event":"CASH_CLOSING_DASHBOARD_API_STARTED","filters":{"cluster":"","branch":"","fromDate":"","toDate":"","status":""},"timestamp":"2026-07-28T12:20:04.904Z"}
28/7/2026, 5:50:04 pm | {"api":"/api/cash-closing-dashboard","event":"CASH_CLOSING_DASHBOARD_DB_CONNECTED","timestamp":"2026-07-28T12:20:04.905Z"}
28/7/2026, 5:50:04 pm | {"api":"/api/cash-closing-dashboard","event":"CASH_CLOSING_DASHBOARD_QUERY_STARTED","filters":{"cluster":"","branch":"","fromDate":"","toDate":"","status":""},"timestamp":"2026-07-28T12:20:04.906Z"}
28/7/2026, 5:50:04 pm | {"api":"/api/cash-closing-dashboard","event":"CASH_CLOSING_DASHBOARD_DATA_FETCHED","totalRecords":56,"timestamp":"2026-07-28T12:20:04.915Z"}
28/7/2026, 5:50:04 pm | {"api":"/api/cash-closing-dashboard","event":"CASH_CLOSING_CLUSTER_FETCHED","totalClusters":4,"timestamp":"2026-07-28T12:20:04.918Z"}
28/7/2026, 5:50:04 pm | {"api":"/api/cash-closing-dashboard","event":"CASH_CLOSING_BRANCH_FETCHED","totalBranches":56,"timestamp":"2026-07-28T12:20:04.921Z"}
28/7/2026, 5:50:04 pm | {"api":"/api/cash-closing-dashboard","event":"CASH_CLOSING_DASHBOARD_SUCCESS","totalRecords":56,"filters":{"cluster":"","branch":"","fromDate":"","toDate":"","status":""},"timestamp":"2026-07-28T12:20:04.922Z"}
28/7/2026, 5:50:15 pm | {"api":"/api/cash-closing-dashboard","event":"CASH_CLOSING_DASHBOARD_API_STARTED","filters":{"cluster":"","branch":"","fromDate":"","toDate":"","status":""},"timestamp":"2026-07-28T12:20:15.599Z"}
28/7/2026, 5:50:15 pm | {"api":"/api/cash-closing-dashboard","event":"CASH_CLOSING_DASHBOARD_DB_CONNECTED","timestamp":"2026-07-28T12:20:15.600Z"}
28/7/2026, 5:50:15 pm | {"api":"/api/cash-closing-dashboard","event":"CASH_CLOSING_DASHBOARD_QUERY_STARTED","filters":{"cluster":"","branch":"","fromDate":"","toDate":"","status":""},"timestamp":"2026-07-28T12:20:15.600Z"}
28/7/2026, 5:50:15 pm | {"api":"/api/cash-closing-dashboard","event":"CASH_CLOSING_DASHBOARD_DATA_FETCHED","totalRecords":56,"timestamp":"2026-07-28T12:20:15.606Z"}
28/7/2026, 5:50:15 pm | {"api":"/api/cash-closing-dashboard","event":"CASH_CLOSING_CLUSTER_FETCHED","totalClusters":4,"timestamp":"2026-07-28T12:20:15.609Z"}
28/7/2026, 5:50:15 pm | {"api":"/api/cash-closing-dashboard","event":"CASH_CLOSING_BRANCH_FETCHED","totalBranches":56,"timestamp":"2026-07-28T12:20:15.612Z"}
28/7/2026, 5:50:15 pm | {"api":"/api/cash-closing-dashboard","event":"CASH_CLOSING_DASHBOARD_SUCCESS","totalRecords":56,"filters":{"cluster":"","branch":"","fromDate":"","toDate":"","status":""},"timestamp":"2026-07-28T12:20:15.612Z"}
28/7/2026, 5:50:19 pm | {"api":"/api/cash-closing-dashboard","event":"CASH_CLOSING_DASHBOARD_API_STARTED","filters":{"cluster":"","branch":"","fromDate":"","toDate":"","status":""},"timestamp":"2026-07-28T12:20:19.810Z"}
28/7/2026, 5:50:19 pm | {"api":"/api/cash-closing-dashboard","event":"CASH_CLOSING_DASHBOARD_DB_CONNECTED","timestamp":"2026-07-28T12:20:19.811Z"}
28/7/2026, 5:50:19 pm | {"api":"/api/cash-closing-dashboard","event":"CASH_CLOSING_DASHBOARD_QUERY_STARTED","filters":{"cluster":"","branch":"","fromDate":"","toDate":"","status":""},"timestamp":"2026-07-28T12:20:19.812Z"}
28/7/2026, 5:50:19 pm | {"api":"/api/cash-closing-dashboard","event":"CASH_CLOSING_DASHBOARD_DATA_FETCHED","totalRecords":56,"timestamp":"2026-07-28T12:20:19.818Z"}
28/7/2026, 5:50:19 pm | {"api":"/api/cash-closing-dashboard","event":"CASH_CLOSING_CLUSTER_FETCHED","totalClusters":4,"timestamp":"2026-07-28T12:20:19.822Z"}
28/7/2026, 5:50:19 pm | {"api":"/api/cash-closing-dashboard","event":"CASH_CLOSING_BRANCH_FETCHED","totalBranches":56,"timestamp":"2026-07-28T12:20:19.826Z"}
28/7/2026, 5:50:19 pm | {"api":"/api/cash-closing-dashboard","event":"CASH_CLOSING_DASHBOARD_SUCCESS","totalRecords":56,"filters":{"cluster":"","branch":"","fromDate":"","toDate":"","status":""},"timestamp":"2026-07-28T12:20:19.827Z"}
28/7/2026, 5:50:19 pm | {"api":"/api/cash-closing-dashboard","event":"CASH_CLOSING_DASHBOARD_API_STARTED","filters":{"cluster":"","branch":"","fromDate":"","toDate":"","status":""},"timestamp":"2026-07-28T12:20:19.928Z"}
28/7/2026, 5:50:19 pm | {"api":"/api/cash-closing-dashboard","event":"CASH_CLOSING_DASHBOARD_DB_CONNECTED","timestamp":"2026-07-28T12:20:19.929Z"}
28/7/2026, 5:50:19 pm | {"api":"/api/cash-closing-dashboard","event":"CASH_CLOSING_DASHBOARD_QUERY_STARTED","filters":{"cluster":"","branch":"","fromDate":"","toDate":"","status":""},"timestamp":"2026-07-28T12:20:19.930Z"}
28/7/2026, 5:50:19 pm | {"api":"/api/cash-closing-dashboard","event":"CASH_CLOSING_DASHBOARD_DATA_FETCHED","totalRecords":56,"timestamp":"2026-07-28T12:20:19.937Z"}
28/7/2026, 5:50:19 pm | {"api":"/api/cash-closing-dashboard","event":"CASH_CLOSING_CLUSTER_FETCHED","totalClusters":4,"timestamp":"2026-07-28T12:20:19.942Z"}
28/7/2026, 5:50:19 pm | {"api":"/api/cash-closing-dashboard","event":"CASH_CLOSING_BRANCH_FETCHED","totalBranches":56,"timestamp":"2026-07-28T12:20:19.945Z"}
28/7/2026, 5:50:19 pm | {"api":"/api/cash-closing-dashboard","event":"CASH_CLOSING_DASHBOARD_SUCCESS","totalRecords":56,"filters":{"cluster":"","branch":"","fromDate":"","toDate":"","status":""},"timestamp":"2026-07-28T12:20:19.945Z"}
28/7/2026, 5:50:20 pm | {"api":"/api/cash-closing-dashboard","event":"CASH_CLOSING_DASHBOARD_API_STARTED","filters":{"cluster":"","branch":"","fromDate":"","toDate":"","status":""},"timestamp":"2026-07-28T12:20:20.076Z"}
28/7/2026, 5:50:20 pm | {"api":"/api/cash-closing-dashboard","event":"CASH_CLOSING_DASHBOARD_DB_CONNECTED","timestamp":"2026-07-28T12:20:20.076Z"}
28/7/2026, 5:50:20 pm | {"api":"/api/cash-closing-dashboard","event":"CASH_CLOSING_DASHBOARD_QUERY_STARTED","filters":{"cluster":"","branch":"","fromDate":"","toDate":"","status":""},"timestamp":"2026-07-28T12:20:20.077Z"}
28/7/2026, 5:50:20 pm | {"api":"/api/cash-closing-dashboard","event":"CASH_CLOSING_DASHBOARD_DATA_FETCHED","totalRecords":56,"timestamp":"2026-07-28T12:20:20.083Z"}
28/7/2026, 5:50:20 pm | {"api":"/api/cash-closing-dashboard","event":"CASH_CLOSING_CLUSTER_FETCHED","totalClusters":4,"timestamp":"2026-07-28T12:20:20.087Z"}
28/7/2026, 5:50:20 pm | {"api":"/api/cash-closing-dashboard","event":"CASH_CLOSING_BRANCH_FETCHED","totalBranches":56,"timestamp":"2026-07-28T12:20:20.090Z"}
28/7/2026, 5:50:20 pm | {"api":"/api/cash-closing-dashboard","event":"CASH_CLOSING_DASHBOARD_SUCCESS","totalRecords":56,"filters":{"cluster":"","branch":"","fromDate":"","toDate":"","status":""},"timestamp":"2026-07-28T12:20:20.091Z"}
28/7/2026, 5:50:20 pm | {"api":"/api/cash-closing-dashboard","event":"CASH_CLOSING_DASHBOARD_API_STARTED","filters":{"cluster":"","branch":"","fromDate":"","toDate":"","status":""},"timestamp":"2026-07-28T12:20:20.248Z"}
28/7/2026, 5:50:20 pm | {"api":"/api/cash-closing-dashboard","event":"CASH_CLOSING_DASHBOARD_DB_CONNECTED","timestamp":"2026-07-28T12:20:20.249Z"}
28/7/2026, 5:50:20 pm | {"api":"/api/cash-closing-dashboard","event":"CASH_CLOSING_DASHBOARD_QUERY_STARTED","filters":{"cluster":"","branch":"","fromDate":"","toDate":"","status":""},"timestamp":"2026-07-28T12:20:20.250Z"}
28/7/2026, 5:50:20 pm | {"api":"/api/cash-closing-dashboard","event":"CASH_CLOSING_DASHBOARD_DATA_FETCHED","totalRecords":56,"timestamp":"2026-07-28T12:20:20.257Z"}
28/7/2026, 5:50:20 pm | {"api":"/api/cash-closing-dashboard","event":"CASH_CLOSING_CLUSTER_FETCHED","totalClusters":4,"timestamp":"2026-07-28T12:20:20.261Z"}
28/7/2026, 5:50:20 pm | {"api":"/api/cash-closing-dashboard","event":"CASH_CLOSING_BRANCH_FETCHED","totalBranches":56,"timestamp":"2026-07-28T12:20:20.265Z"}
28/7/2026, 5:50:20 pm | {"api":"/api/cash-closing-dashboard","event":"CASH_CLOSING_DASHBOARD_SUCCESS","totalRecords":56,"filters":{"cluster":"","branch":"","fromDate":"","toDate":"","status":""},"timestamp":"2026-07-28T12:20:20.266Z"}
28/7/2026, 5:50:20 pm | {"api":"/api/cash-closing-dashboard","event":"CASH_CLOSING_DASHBOARD_API_STARTED","filters":{"cluster":"","branch":"","fromDate":"","toDate":"","status":""},"timestamp":"2026-07-28T12:20:20.416Z"}
28/7/2026, 5:50:20 pm | {"api":"/api/cash-closing-dashboard","event":"CASH_CLOSING_DASHBOARD_DB_CONNECTED","timestamp":"2026-07-28T12:20:20.417Z"}
28/7/2026, 5:50:20 pm | {"api":"/api/cash-closing-dashboard","event":"CASH_CLOSING_DASHBOARD_QUERY_STARTED","filters":{"cluster":"","branch":"","fromDate":"","toDate":"","status":""},"timestamp":"2026-07-28T12:20:20.418Z"}
28/7/2026, 5:50:20 pm | {"api":"/api/cash-closing-dashboard","event":"CASH_CLOSING_DASHBOARD_DATA_FETCHED","totalRecords":56,"timestamp":"2026-07-28T12:20:20.426Z"}
28/7/2026, 5:50:20 pm | {"api":"/api/cash-closing-dashboard","event":"CASH_CLOSING_CLUSTER_FETCHED","totalClusters":4,"timestamp":"2026-07-28T12:20:20.429Z"}
28/7/2026, 5:50:20 pm | {"api":"/api/cash-closing-dashboard","event":"CASH_CLOSING_BRANCH_FETCHED","totalBranches":56,"timestamp":"2026-07-28T12:20:20.432Z"}
28/7/2026, 5:50:20 pm | {"api":"/api/cash-closing-dashboard","event":"CASH_CLOSING_DASHBOARD_SUCCESS","totalRecords":56,"filters":{"cluster":"","branch":"","fromDate":"","toDate":"","status":""},"timestamp":"2026-07-28T12:20:20.433Z"}
28/7/2026, 5:50:20 pm | {"api":"/api/cash-closing-dashboard","event":"CASH_CLOSING_DASHBOARD_API_STARTED","filters":{"cluster":"","branch":"","fromDate":"","toDate":"","status":""},"timestamp":"2026-07-28T12:20:20.581Z"}
28/7/2026, 5:50:20 pm | {"api":"/api/cash-closing-dashboard","event":"CASH_CLOSING_DASHBOARD_DB_CONNECTED","timestamp":"2026-07-28T12:20:20.582Z"}
28/7/2026, 5:50:20 pm | {"api":"/api/cash-closing-dashboard","event":"CASH_CLOSING_DASHBOARD_QUERY_STARTED","filters":{"cluster":"","branch":"","fromDate":"","toDate":"","status":""},"timestamp":"2026-07-28T12:20:20.583Z"}
28/7/2026, 5:50:20 pm | {"api":"/api/cash-closing-dashboard","event":"CASH_CLOSING_DASHBOARD_DATA_FETCHED","totalRecords":56,"timestamp":"2026-07-28T12:20:20.590Z"}
28/7/2026, 5:50:20 pm | {"api":"/api/cash-closing-dashboard","event":"CASH_CLOSING_CLUSTER_FETCHED","totalClusters":4,"timestamp":"2026-07-28T12:20:20.593Z"}
28/7/2026, 5:50:20 pm | {"api":"/api/cash-closing-dashboard","event":"CASH_CLOSING_BRANCH_FETCHED","totalBranches":56,"timestamp":"2026-07-28T12:20:20.597Z"}
28/7/2026, 5:50:20 pm | {"api":"/api/cash-closing-dashboard","event":"CASH_CLOSING_DASHBOARD_SUCCESS","totalRecords":56,"filters":{"cluster":"","branch":"","fromDate":"","toDate":"","status":""},"timestamp":"2026-07-28T12:20:20.598Z"}
28/7/2026, 5:50:20 pm | {"api":"/api/cash-closing-dashboard","event":"CASH_CLOSING_DASHBOARD_API_STARTED","filters":{"cluster":"","branch":"","fromDate":"","toDate":"","status":""},"timestamp":"2026-07-28T12:20:20.708Z"}
28/7/2026, 5:50:20 pm | {"api":"/api/cash-closing-dashboard","event":"CASH_CLOSING_DASHBOARD_DB_CONNECTED","timestamp":"2026-07-28T12:20:20.709Z"}
28/7/2026, 5:50:20 pm | {"api":"/api/cash-closing-dashboard","event":"CASH_CLOSING_DASHBOARD_QUERY_STARTED","filters":{"cluster":"","branch":"","fromDate":"","toDate":"","status":""},"timestamp":"2026-07-28T12:20:20.710Z"}
28/7/2026, 5:50:20 pm | {"api":"/api/cash-closing-dashboard","event":"CASH_CLOSING_DASHBOARD_DATA_FETCHED","totalRecords":56,"timestamp":"2026-07-28T12:20:20.717Z"}
28/7/2026, 5:50:20 pm | {"api":"/api/cash-closing-dashboard","event":"CASH_CLOSING_CLUSTER_FETCHED","totalClusters":4,"timestamp":"2026-07-28T12:20:20.721Z"}
28/7/2026, 5:50:20 pm | {"api":"/api/cash-closing-dashboard","event":"CASH_CLOSING_BRANCH_FETCHED","totalBranches":56,"timestamp":"2026-07-28T12:20:20.724Z"}
28/7/2026, 5:50:20 pm | {"api":"/api/cash-closing-dashboard","event":"CASH_CLOSING_DASHBOARD_SUCCESS","totalRecords":56,"filters":{"cluster":"","branch":"","fromDate":"","toDate":"","status":""},"timestamp":"2026-07-28T12:20:20.725Z"}
28/7/2026, 5:50:26 pm | {"api":"/api/cash-closing-dashboard","event":"CASH_CLOSING_DASHBOARD_API_STARTED","filters":{"cluster":"","branch":"","fromDate":"","toDate":"","status":""},"timestamp":"2026-07-28T12:20:26.658Z"}
28/7/2026, 5:50:26 pm | {"api":"/api/cash-closing-dashboard","event":"CASH_CLOSING_DASHBOARD_DB_CONNECTED","timestamp":"2026-07-28T12:20:26.659Z"}
28/7/2026, 5:50:26 pm | {"api":"/api/cash-closing-dashboard","event":"CASH_CLOSING_DASHBOARD_QUERY_STARTED","filters":{"cluster":"","branch":"","fromDate":"","toDate":"","status":""},"timestamp":"2026-07-28T12:20:26.660Z"}
28/7/2026, 5:50:26 pm | {"api":"/api/cash-closing-dashboard","event":"CASH_CLOSING_DASHBOARD_DATA_FETCHED","totalRecords":56,"timestamp":"2026-07-28T12:20:26.667Z"}
28/7/2026, 5:50:26 pm | {"api":"/api/cash-closing-dashboard","event":"CASH_CLOSING_CLUSTER_FETCHED","totalClusters":4,"timestamp":"2026-07-28T12:20:26.670Z"}
28/7/2026, 5:50:26 pm | {"api":"/api/cash-closing-dashboard","event":"CASH_CLOSING_BRANCH_FETCHED","totalBranches":56,"timestamp":"2026-07-28T12:20:26.673Z"}
28/7/2026, 5:50:26 pm | {"api":"/api/cash-closing-dashboard","event":"CASH_CLOSING_DASHBOARD_SUCCESS","totalRecords":56,"filters":{"cluster":"","branch":"","fromDate":"","toDate":"","status":""},"timestamp":"2026-07-28T12:20:26.673Z"}
28/7/2026, 5:50:26 pm | {"api":"/api/cash-closing-dashboard","event":"CASH_CLOSING_DASHBOARD_API_STARTED","filters":{"cluster":"","branch":"","fromDate":"","toDate":"","status":""},"timestamp":"2026-07-28T12:20:26.800Z"}
28/7/2026, 5:50:26 pm | {"api":"/api/cash-closing-dashboard","event":"CASH_CLOSING_DASHBOARD_DB_CONNECTED","timestamp":"2026-07-28T12:20:26.801Z"}
28/7/2026, 5:50:26 pm | {"api":"/api/cash-closing-dashboard","event":"CASH_CLOSING_DASHBOARD_QUERY_STARTED","filters":{"cluster":"","branch":"","fromDate":"","toDate":"","status":""},"timestamp":"2026-07-28T12:20:26.802Z"}
28/7/2026, 5:50:26 pm | {"api":"/api/cash-closing-dashboard","event":"CASH_CLOSING_DASHBOARD_DATA_FETCHED","totalRecords":56,"timestamp":"2026-07-28T12:20:26.808Z"}
28/7/2026, 5:50:26 pm | {"api":"/api/cash-closing-dashboard","event":"CASH_CLOSING_CLUSTER_FETCHED","totalClusters":4,"timestamp":"2026-07-28T12:20:26.812Z"}
28/7/2026, 5:50:26 pm | {"api":"/api/cash-closing-dashboard","event":"CASH_CLOSING_BRANCH_FETCHED","totalBranches":56,"timestamp":"2026-07-28T12:20:26.816Z"}
28/7/2026, 5:50:26 pm | {"api":"/api/cash-closing-dashboard","event":"CASH_CLOSING_DASHBOARD_SUCCESS","totalRecords":56,"filters":{"cluster":"","branch":"","fromDate":"","toDate":"","status":""},"timestamp":"2026-07-28T12:20:26.816Z"}
28/7/2026, 5:50:27 pm | {"api":"/api/cash-closing-dashboard","event":"CASH_CLOSING_DASHBOARD_API_STARTED","filters":{"cluster":"","branch":"","fromDate":"","toDate":"","status":""},"timestamp":"2026-07-28T12:20:27.097Z"}
28/7/2026, 5:50:27 pm | {"api":"/api/cash-closing-dashboard","event":"CASH_CLOSING_DASHBOARD_DB_CONNECTED","timestamp":"2026-07-28T12:20:27.098Z"}
28/7/2026, 5:50:27 pm | {"api":"/api/cash-closing-dashboard","event":"CASH_CLOSING_DASHBOARD_QUERY_STARTED","filters":{"cluster":"","branch":"","fromDate":"","toDate":"","status":""},"timestamp":"2026-07-28T12:20:27.099Z"}
28/7/2026, 5:50:27 pm | {"api":"/api/cash-closing-dashboard","event":"CASH_CLOSING_DASHBOARD_DATA_FETCHED","totalRecords":56,"timestamp":"2026-07-28T12:20:27.106Z"}
28/7/2026, 5:50:27 pm | {"api":"/api/cash-closing-dashboard","event":"CASH_CLOSING_CLUSTER_FETCHED","totalClusters":4,"timestamp":"2026-07-28T12:20:27.109Z"}
28/7/2026, 5:50:27 pm | {"api":"/api/cash-closing-dashboard","event":"CASH_CLOSING_BRANCH_FETCHED","totalBranches":56,"timestamp":"2026-07-28T12:20:27.113Z"}
28/7/2026, 5:50:27 pm | {"api":"/api/cash-closing-dashboard","event":"CASH_CLOSING_DASHBOARD_SUCCESS","totalRecords":56,"filters":{"cluster":"","branch":"","fromDate":"","toDate":"","status":""},"timestamp":"2026-07-28T12:20:27.114Z"}
28/7/2026, 5:50:27 pm | {"api":"/api/cash-closing-dashboard","event":"CASH_CLOSING_DASHBOARD_API_STARTED","filters":{"cluster":"","branch":"","fromDate":"","toDate":"","status":""},"timestamp":"2026-07-28T12:20:27.260Z"}
28/7/2026, 5:50:27 pm | {"api":"/api/cash-closing-dashboard","event":"CASH_CLOSING_DASHBOARD_DB_CONNECTED","timestamp":"2026-07-28T12:20:27.262Z"}
28/7/2026, 5:50:27 pm | {"api":"/api/cash-closing-dashboard","event":"CASH_CLOSING_DASHBOARD_QUERY_STARTED","filters":{"cluster":"","branch":"","fromDate":"","toDate":"","status":""},"timestamp":"2026-07-28T12:20:27.262Z"}
28/7/2026, 5:50:27 pm | {"api":"/api/cash-closing-dashboard","event":"CASH_CLOSING_DASHBOARD_DATA_FETCHED","totalRecords":56,"timestamp":"2026-07-28T12:20:27.269Z"}
28/7/2026, 5:50:27 pm | {"api":"/api/cash-closing-dashboard","event":"CASH_CLOSING_CLUSTER_FETCHED","totalClusters":4,"timestamp":"2026-07-28T12:20:27.273Z"}
28/7/2026, 5:50:27 pm | {"api":"/api/cash-closing-dashboard","event":"CASH_CLOSING_BRANCH_FETCHED","totalBranches":56,"timestamp":"2026-07-28T12:20:27.276Z"}
28/7/2026, 5:50:27 pm | {"api":"/api/cash-closing-dashboard","event":"CASH_CLOSING_DASHBOARD_SUCCESS","totalRecords":56,"filters":{"cluster":"","branch":"","fromDate":"","toDate":"","status":""},"timestamp":"2026-07-28T12:20:27.277Z"}
28/7/2026, 5:50:43 pm | {"api":"/api/cash-closing-dashboard","event":"CASH_CLOSING_DASHBOARD_API_STARTED","filters":{"cluster":"","branch":"","fromDate":"","toDate":"","status":""},"timestamp":"2026-07-28T12:20:43.037Z"}
28/7/2026, 5:50:43 pm | {"api":"/api/cash-closing-dashboard","event":"CASH_CLOSING_DASHBOARD_DB_CONNECTED","timestamp":"2026-07-28T12:20:43.038Z"}
28/7/2026, 5:50:43 pm | {"api":"/api/cash-closing-dashboard","event":"CASH_CLOSING_DASHBOARD_QUERY_STARTED","filters":{"cluster":"","branch":"","fromDate":"","toDate":"","status":""},"timestamp":"2026-07-28T12:20:43.038Z"}
28/7/2026, 5:50:43 pm | {"api":"/api/cash-closing-dashboard","event":"CASH_CLOSING_DASHBOARD_DATA_FETCHED","totalRecords":56,"timestamp":"2026-07-28T12:20:43.044Z"}
28/7/2026, 5:50:43 pm | {"api":"/api/cash-closing-dashboard","event":"CASH_CLOSING_CLUSTER_FETCHED","totalClusters":4,"timestamp":"2026-07-28T12:20:43.047Z"}
28/7/2026, 5:50:43 pm | {"api":"/api/cash-closing-dashboard","event":"CASH_CLOSING_BRANCH_FETCHED","totalBranches":56,"timestamp":"2026-07-28T12:20:43.050Z"}
28/7/2026, 5:50:43 pm | {"api":"/api/cash-closing-dashboard","event":"CASH_CLOSING_DASHBOARD_SUCCESS","totalRecords":56,"filters":{"cluster":"","branch":"","fromDate":"","toDate":"","status":""},"timestamp":"2026-07-28T12:20:43.051Z"}
28/7/2026, 5:50:43 pm | {"api":"/api/cash-closing-dashboard","event":"CASH_CLOSING_DASHBOARD_API_STARTED","filters":{"cluster":"","branch":"","fromDate":"","toDate":"","status":""},"timestamp":"2026-07-28T12:20:43.145Z"}
28/7/2026, 5:50:43 pm | {"api":"/api/cash-closing-dashboard","event":"CASH_CLOSING_DASHBOARD_DB_CONNECTED","timestamp":"2026-07-28T12:20:43.146Z"}
28/7/2026, 5:50:43 pm | {"api":"/api/cash-closing-dashboard","event":"CASH_CLOSING_DASHBOARD_QUERY_STARTED","filters":{"cluster":"","branch":"","fromDate":"","toDate":"","status":""},"timestamp":"2026-07-28T12:20:43.146Z"}
28/7/2026, 5:50:43 pm | {"api":"/api/cash-closing-dashboard","event":"CASH_CLOSING_DASHBOARD_DATA_FETCHED","totalRecords":56,"timestamp":"2026-07-28T12:20:43.153Z"}
28/7/2026, 5:50:43 pm | {"api":"/api/cash-closing-dashboard","event":"CASH_CLOSING_CLUSTER_FETCHED","totalClusters":4,"timestamp":"2026-07-28T12:20:43.156Z"}
28/7/2026, 5:50:43 pm | {"api":"/api/cash-closing-dashboard","event":"CASH_CLOSING_BRANCH_FETCHED","totalBranches":56,"timestamp":"2026-07-28T12:20:43.160Z"}
28/7/2026, 5:50:43 pm | {"api":"/api/cash-closing-dashboard","event":"CASH_CLOSING_DASHBOARD_SUCCESS","totalRecords":56,"filters":{"cluster":"","branch":"","fromDate":"","toDate":"","status":""},"timestamp":"2026-07-28T12:20:43.161Z"}
28/7/2026, 5:50:43 pm | {"api":"/api/cash-closing-dashboard","event":"CASH_CLOSING_DASHBOARD_API_STARTED","filters":{"cluster":"","branch":"","fromDate":"","toDate":"","status":""},"timestamp":"2026-07-28T12:20:43.427Z"}
28/7/2026, 5:50:43 pm | {"api":"/api/cash-closing-dashboard","event":"CASH_CLOSING_DASHBOARD_DB_CONNECTED","timestamp":"2026-07-28T12:20:43.428Z"}
28/7/2026, 5:50:43 pm | {"api":"/api/cash-closing-dashboard","event":"CASH_CLOSING_DASHBOARD_QUERY_STARTED","filters":{"cluster":"","branch":"","fromDate":"","toDate":"","status":""},"timestamp":"2026-07-28T12:20:43.428Z"}
28/7/2026, 5:50:43 pm | {"api":"/api/cash-closing-dashboard","event":"CASH_CLOSING_DASHBOARD_DATA_FETCHED","totalRecords":56,"timestamp":"2026-07-28T12:20:43.434Z"}
28/7/2026, 5:50:43 pm | {"api":"/api/cash-closing-dashboard","event":"CASH_CLOSING_CLUSTER_FETCHED","totalClusters":4,"timestamp":"2026-07-28T12:20:43.438Z"}
28/7/2026, 5:50:43 pm | {"api":"/api/cash-closing-dashboard","event":"CASH_CLOSING_BRANCH_FETCHED","totalBranches":56,"timestamp":"2026-07-28T12:20:43.441Z"}
28/7/2026, 5:50:43 pm | {"api":"/api/cash-closing-dashboard","event":"CASH_CLOSING_DASHBOARD_SUCCESS","totalRecords":56,"filters":{"cluster":"","branch":"","fromDate":"","toDate":"","status":""},"timestamp":"2026-07-28T12:20:43.441Z"}
28/7/2026, 5:51:02 pm | {"api":"/login","event":"LOGIN_API_STARTED","mpin":"2222","deviceId":"17bb83ca3721b672","timestamp":"2026-07-28T12:21:02.234Z"}
28/7/2026, 5:51:02 pm | {"event":"LOGIN_REQUEST","mpin":"2222","deviceId":"17bb83ca3721b672","timestamp":"2026-07-28T12:21:02.235Z"}
28/7/2026, 5:51:02 pm | {"api":"/login","event":"LOGIN_DB_QUERY_STARTED","mpin":"2222","timestamp":"2026-07-28T12:21:02.236Z"}
28/7/2026, 5:51:02 pm | {"api":"/login","event":"LOGIN_USER_FOUND","empNo":"784","branch":"Devarapalli","designation":"Branch Manager","timestamp":"2026-07-28T12:21:02.243Z"}
28/7/2026, 5:51:02 pm | {"api":"/login","event":"LOGIN_DEVICE_CHECK","empNo":"784","savedDevice":"17bb83ca3721b672","currentDevice":"17bb83ca3721b672","timestamp":"2026-07-28T12:21:02.244Z"}
28/7/2026, 5:51:02 pm | {"api":"/login","event":"LOGIN_SUCCESS","empNo":"784","branch":"Devarapalli","designation":"Branch Manager","loginTime":"2026-07-28T12:21:02.250Z"}
28/7/2026, 5:51:02 pm | {"api":"/employee/:empNo","event":"EMPLOYEE_API_STARTED","empNo":"784","timestamp":"2026-07-28T12:21:02.750Z"}
28/7/2026, 5:51:02 pm | {"api":"/employee/:empNo","event":"EMPLOYEE_DB_QUERY_STARTED","empNo":"784","timestamp":"2026-07-28T12:21:02.751Z"}
28/7/2026, 5:51:02 pm | {"api":"/employee/:empNo","event":"EMPLOYEE_FETCH_SUCCESS","empNo":"784","employeeName":"KVVN Dinesh","branch":"Devarapalli","designation":"Branch Manager","timestamp":"2026-07-28T12:21:02.754Z"}
28/7/2026, 5:51:02 pm | {"api":"/last-submission/:empNo","event":"LAST_SUBMISSION_API_STARTED","empNo":"784","timestamp":"2026-07-28T12:21:02.875Z"}
28/7/2026, 5:51:02 pm | {"api":"/last-submission/:empNo","event":"LAST_SUBMISSION_DB_QUERY_STARTED","empNo":"784","timestamp":"2026-07-28T12:21:02.876Z"}
28/7/2026, 5:51:02 pm | {"api":"/last-submission/:empNo","event":"LAST_SUBMISSION_FETCH_SUCCESS","empNo":"784","amount":1150000,"actionAt":"2026-07-27 17:49:31","timestamp":"2026-07-28T12:21:02.881Z"}
28/7/2026, 5:51:03 pm | {"api":"/today-cash/:empNo","event":"TODAY_CASH_API_STARTED","empNo":"784","timestamp":"2026-07-28T12:21:03.228Z"}
28/7/2026, 5:51:03 pm | {"api":"/today-cash/:empNo","event":"TODAY_CASH_DB_QUERY_STARTED","empNo":"784","timestamp":"2026-07-28T12:21:03.230Z"}
28/7/2026, 5:51:03 pm | {"api":"/today-cash/:empNo","event":"TODAY_CASH_NOT_FOUND","empNo":"784","timestamp":"2026-07-28T12:21:03.236Z"}
28/7/2026, 5:51:23 pm | {"api":"/save-cash-closing","event":"SAVE_CASH_API_STARTED","empNo":"784","amount":"1200000","timestamp":"2026-07-28T12:21:23.513Z"}
28/7/2026, 5:51:23 pm | {"api":"/save-cash-closing","event":"PREVIOUS_DAY_RECORD_FOUND","empNo":"784","oldDate":"2026-07-27T00:00:00.000Z","amount":1150000,"timestamp":"2026-07-28T12:21:23.519Z"}
28/7/2026, 5:51:23 pm | {"api":"/save-cash-closing","event":"PREVIOUS_DAY_MOVED_TO_HISTORY","empNo":"784","timestamp":"2026-07-28T12:21:23.525Z"}
28/7/2026, 5:51:23 pm | {"api":"/save-cash-closing","event":"PREVIOUS_DAY_DELETED","empNo":"784","timestamp":"2026-07-28T12:21:23.531Z"}
28/7/2026, 5:51:23 pm | {"api":"/save-cash-closing","event":"SAVE_CASH_NEW_ENTRY","empNo":"784","amount":"1200000","branch":"Devarapalli","timestamp":"2026-07-28T12:21:23.534Z"}
28/7/2026, 5:51:23 pm | {"api":"/save-cash-closing","event":"SAVE_CASH_HISTORY_INSERTED","empNo":"784","actionType":"ADDED","version":1,"timestamp":"2026-07-28T12:21:23.546Z"}
28/7/2026, 5:51:23 pm | {"api":"/save-cash-closing","event":"SAVE_CASH_SUCCESS","type":"INSERT","empNo":"784","amount":"1200000","timestamp":"2026-07-28T12:21:23.547Z"}
28/7/2026, 5:51:27 pm | {"api":"/api/cash-closing-dashboard","event":"CASH_CLOSING_DASHBOARD_API_STARTED","filters":{"cluster":"","branch":"","fromDate":"","toDate":"","status":""},"timestamp":"2026-07-28T12:21:27.306Z"}
28/7/2026, 5:51:27 pm | {"api":"/api/cash-closing-dashboard","event":"CASH_CLOSING_DASHBOARD_DB_CONNECTED","timestamp":"2026-07-28T12:21:27.307Z"}
28/7/2026, 5:51:27 pm | {"api":"/api/cash-closing-dashboard","event":"CASH_CLOSING_DASHBOARD_QUERY_STARTED","filters":{"cluster":"","branch":"","fromDate":"","toDate":"","status":""},"timestamp":"2026-07-28T12:21:27.308Z"}
28/7/2026, 5:51:27 pm | {"api":"/api/cash-closing-dashboard","event":"CASH_CLOSING_DASHBOARD_DATA_FETCHED","totalRecords":56,"timestamp":"2026-07-28T12:21:27.341Z"}
28/7/2026, 5:51:27 pm | {"api":"/api/cash-closing-dashboard","event":"CASH_CLOSING_CLUSTER_FETCHED","totalClusters":4,"timestamp":"2026-07-28T12:21:27.345Z"}
28/7/2026, 5:51:27 pm | {"api":"/api/cash-closing-dashboard","event":"CASH_CLOSING_BRANCH_FETCHED","totalBranches":56,"timestamp":"2026-07-28T12:21:27.349Z"}
28/7/2026, 5:51:27 pm | {"api":"/api/cash-closing-dashboard","event":"CASH_CLOSING_DASHBOARD_SUCCESS","totalRecords":56,"filters":{"cluster":"","branch":"","fromDate":"","toDate":"","status":""},"timestamp":"2026-07-28T12:21:27.350Z"}
28/7/2026, 5:51:29 pm | {"api":"/api/cash-closing-dashboard","event":"CASH_CLOSING_DASHBOARD_API_STARTED","filters":{"cluster":"","branch":"","fromDate":"","toDate":"","status":""},"timestamp":"2026-07-28T12:21:29.991Z"}
28/7/2026, 5:51:29 pm | {"api":"/api/cash-closing-dashboard","event":"CASH_CLOSING_DASHBOARD_DB_CONNECTED","timestamp":"2026-07-28T12:21:29.993Z"}
28/7/2026, 5:51:29 pm | {"api":"/api/cash-closing-dashboard","event":"CASH_CLOSING_DASHBOARD_QUERY_STARTED","filters":{"cluster":"","branch":"","fromDate":"","toDate":"","status":""},"timestamp":"2026-07-28T12:21:29.993Z"}
28/7/2026, 5:51:30 pm | {"api":"/api/cash-closing-dashboard","event":"CASH_CLOSING_DASHBOARD_DATA_FETCHED","totalRecords":56,"timestamp":"2026-07-28T12:21:30.001Z"}
28/7/2026, 5:51:30 pm | {"api":"/api/cash-closing-dashboard","event":"CASH_CLOSING_CLUSTER_FETCHED","totalClusters":4,"timestamp":"2026-07-28T12:21:30.004Z"}
28/7/2026, 5:51:30 pm | {"api":"/api/cash-closing-dashboard","event":"CASH_CLOSING_BRANCH_FETCHED","totalBranches":56,"timestamp":"2026-07-28T12:21:30.008Z"}
28/7/2026, 5:51:30 pm | {"api":"/api/cash-closing-dashboard","event":"CASH_CLOSING_DASHBOARD_SUCCESS","totalRecords":56,"filters":{"cluster":"","branch":"","fromDate":"","toDate":"","status":""},"timestamp":"2026-07-28T12:21:30.008Z"}
28/7/2026, 5:51:30 pm | {"api":"/api/cash-closing-dashboard","event":"CASH_CLOSING_DASHBOARD_API_STARTED","filters":{"cluster":"","branch":"","fromDate":"","toDate":"","status":""},"timestamp":"2026-07-28T12:21:30.281Z"}
28/7/2026, 5:51:30 pm | {"api":"/api/cash-closing-dashboard","event":"CASH_CLOSING_DASHBOARD_DB_CONNECTED","timestamp":"2026-07-28T12:21:30.282Z"}
28/7/2026, 5:51:30 pm | {"api":"/api/cash-closing-dashboard","event":"CASH_CLOSING_DASHBOARD_QUERY_STARTED","filters":{"cluster":"","branch":"","fromDate":"","toDate":"","status":""},"timestamp":"2026-07-28T12:21:30.282Z"}
28/7/2026, 5:51:30 pm | {"api":"/api/cash-closing-dashboard","event":"CASH_CLOSING_DASHBOARD_DATA_FETCHED","totalRecords":56,"timestamp":"2026-07-28T12:21:30.288Z"}
28/7/2026, 5:51:30 pm | {"api":"/api/cash-closing-dashboard","event":"CASH_CLOSING_CLUSTER_FETCHED","totalClusters":4,"timestamp":"2026-07-28T12:21:30.291Z"}
28/7/2026, 5:51:30 pm | {"api":"/api/cash-closing-dashboard","event":"CASH_CLOSING_BRANCH_FETCHED","totalBranches":56,"timestamp":"2026-07-28T12:21:30.294Z"}
28/7/2026, 5:51:30 pm | {"api":"/api/cash-closing-dashboard","event":"CASH_CLOSING_DASHBOARD_SUCCESS","totalRecords":56,"filters":{"cluster":"","branch":"","fromDate":"","toDate":"","status":""},"timestamp":"2026-07-28T12:21:30.295Z"}
28/7/2026, 5:51:42 pm | {"api":"/api/cash-closing-dashboard","event":"CASH_CLOSING_DASHBOARD_API_STARTED","filters":{"cluster":"","branch":"","fromDate":"","toDate":"","status":""},"timestamp":"2026-07-28T12:21:42.784Z"}
28/7/2026, 5:51:42 pm | {"api":"/api/cash-closing-dashboard","event":"CASH_CLOSING_DASHBOARD_DB_CONNECTED","timestamp":"2026-07-28T12:21:42.785Z"}
28/7/2026, 5:51:42 pm | {"api":"/api/cash-closing-dashboard","event":"CASH_CLOSING_DASHBOARD_QUERY_STARTED","filters":{"cluster":"","branch":"","fromDate":"","toDate":"","status":""},"timestamp":"2026-07-28T12:21:42.786Z"}
28/7/2026, 5:51:42 pm | {"api":"/api/cash-closing-dashboard","event":"CASH_CLOSING_DASHBOARD_DATA_FETCHED","totalRecords":56,"timestamp":"2026-07-28T12:21:42.791Z"}
28/7/2026, 5:51:42 pm | {"api":"/api/cash-closing-dashboard","event":"CASH_CLOSING_CLUSTER_FETCHED","totalClusters":4,"timestamp":"2026-07-28T12:21:42.794Z"}
28/7/2026, 5:51:42 pm | {"api":"/api/cash-closing-dashboard","event":"CASH_CLOSING_BRANCH_FETCHED","totalBranches":56,"timestamp":"2026-07-28T12:21:42.797Z"}
28/7/2026, 5:51:42 pm | {"api":"/api/cash-closing-dashboard","event":"CASH_CLOSING_DASHBOARD_SUCCESS","totalRecords":56,"filters":{"cluster":"","branch":"","fromDate":"","toDate":"","status":""},"timestamp":"2026-07-28T12:21:42.798Z"}
28/7/2026, 5:51:42 pm | {"api":"/api/cash-closing-dashboard","event":"CASH_CLOSING_DASHBOARD_API_STARTED","filters":{"cluster":"","branch":"","fromDate":"","toDate":"","status":""},"timestamp":"2026-07-28T12:21:42.871Z"}
28/7/2026, 5:51:42 pm | {"api":"/api/cash-closing-dashboard","event":"CASH_CLOSING_DASHBOARD_DB_CONNECTED","timestamp":"2026-07-28T12:21:42.872Z"}
28/7/2026, 5:51:42 pm | {"api":"/api/cash-closing-dashboard","event":"CASH_CLOSING_DASHBOARD_QUERY_STARTED","filters":{"cluster":"","branch":"","fromDate":"","toDate":"","status":""},"timestamp":"2026-07-28T12:21:42.873Z"}
28/7/2026, 5:51:42 pm | {"api":"/api/cash-closing-dashboard","event":"CASH_CLOSING_DASHBOARD_DATA_FETCHED","totalRecords":56,"timestamp":"2026-07-28T12:21:42.880Z"}
28/7/2026, 5:51:42 pm | {"api":"/api/cash-closing-dashboard","event":"CASH_CLOSING_CLUSTER_FETCHED","totalClusters":4,"timestamp":"2026-07-28T12:21:42.883Z"}
28/7/2026, 5:51:42 pm | {"api":"/api/cash-closing-dashboard","event":"CASH_CLOSING_BRANCH_FETCHED","totalBranches":56,"timestamp":"2026-07-28T12:21:42.887Z"}
28/7/2026, 5:51:42 pm | {"api":"/api/cash-closing-dashboard","event":"CASH_CLOSING_DASHBOARD_SUCCESS","totalRecords":56,"filters":{"cluster":"","branch":"","fromDate":"","toDate":"","status":""},"timestamp":"2026-07-28T12:21:42.887Z"}
28/7/2026, 5:51:43 pm | {"api":"/api/cash-closing-dashboard","event":"CASH_CLOSING_DASHBOARD_API_STARTED","filters":{"cluster":"","branch":"","fromDate":"","toDate":"","status":""},"timestamp":"2026-07-28T12:21:43.015Z"}
28/7/2026, 5:51:43 pm | {"api":"/api/cash-closing-dashboard","event":"CASH_CLOSING_DASHBOARD_DB_CONNECTED","timestamp":"2026-07-28T12:21:43.016Z"}
28/7/2026, 5:51:43 pm | {"api":"/api/cash-closing-dashboard","event":"CASH_CLOSING_DASHBOARD_QUERY_STARTED","filters":{"cluster":"","branch":"","fromDate":"","toDate":"","status":""},"timestamp":"2026-07-28T12:21:43.017Z"}
28/7/2026, 5:51:43 pm | {"api":"/api/cash-closing-dashboard","event":"CASH_CLOSING_DASHBOARD_DATA_FETCHED","totalRecords":56,"timestamp":"2026-07-28T12:21:43.023Z"}
28/7/2026, 5:51:43 pm | {"api":"/api/cash-closing-dashboard","event":"CASH_CLOSING_CLUSTER_FETCHED","totalClusters":4,"timestamp":"2026-07-28T12:21:43.027Z"}
28/7/2026, 5:51:43 pm | {"api":"/api/cash-closing-dashboard","event":"CASH_CLOSING_BRANCH_FETCHED","totalBranches":56,"timestamp":"2026-07-28T12:21:43.030Z"}
28/7/2026, 5:51:43 pm | {"api":"/api/cash-closing-dashboard","event":"CASH_CLOSING_DASHBOARD_SUCCESS","totalRecords":56,"filters":{"cluster":"","branch":"","fromDate":"","toDate":"","status":""},"timestamp":"2026-07-28T12:21:43.031Z"}
28/7/2026, 5:51:44 pm | {"api":"/login","event":"LOGIN_API_STARTED","mpin":"2580","deviceId":"81b65917c9367902","timestamp":"2026-07-28T12:21:44.049Z"}
28/7/2026, 5:51:44 pm | {"event":"LOGIN_REQUEST","mpin":"2580","deviceId":"81b65917c9367902","timestamp":"2026-07-28T12:21:44.050Z"}
28/7/2026, 5:51:44 pm | {"api":"/login","event":"LOGIN_DB_QUERY_STARTED","mpin":"2580","timestamp":"2026-07-28T12:21:44.050Z"}
28/7/2026, 5:51:44 pm | {"api":"/login","event":"LOGIN_USER_FOUND","empNo":"974","branch":"Gopalapatnam","designation":"Branch Manager","timestamp":"2026-07-28T12:21:44.058Z"}
28/7/2026, 5:51:44 pm | {"api":"/login","event":"LOGIN_DEVICE_CHECK","empNo":"974","savedDevice":"81b65917c9367902","currentDevice":"81b65917c9367902","timestamp":"2026-07-28T12:21:44.059Z"}
28/7/2026, 5:51:44 pm | {"api":"/login","event":"LOGIN_SUCCESS","empNo":"974","branch":"Gopalapatnam","designation":"Branch Manager","loginTime":"2026-07-28T12:21:44.065Z"}
28/7/2026, 5:51:44 pm | {"api":"/employee/:empNo","event":"EMPLOYEE_API_STARTED","empNo":"974","timestamp":"2026-07-28T12:21:44.269Z"}
28/7/2026, 5:51:44 pm | {"api":"/employee/:empNo","event":"EMPLOYEE_DB_QUERY_STARTED","empNo":"974","timestamp":"2026-07-28T12:21:44.270Z"}
28/7/2026, 5:51:44 pm | {"api":"/employee/:empNo","event":"EMPLOYEE_FETCH_SUCCESS","empNo":"974","employeeName":"T Sreenivas","branch":"Gopalapatnam","designation":"Branch Manager","timestamp":"2026-07-28T12:21:44.275Z"}
28/7/2026, 5:51:44 pm | {"api":"/last-submission/:empNo","event":"LAST_SUBMISSION_API_STARTED","empNo":"974","timestamp":"2026-07-28T12:21:44.349Z"}
28/7/2026, 5:51:44 pm | {"api":"/last-submission/:empNo","event":"LAST_SUBMISSION_DB_QUERY_STARTED","empNo":"974","timestamp":"2026-07-28T12:21:44.350Z"}
28/7/2026, 5:51:44 pm | {"api":"/last-submission/:empNo","event":"LAST_SUBMISSION_FETCH_SUCCESS","empNo":"974","amount":528970,"actionAt":"2026-07-27 17:44:17","timestamp":"2026-07-28T12:21:44.355Z"}
28/7/2026, 5:51:44 pm | {"api":"/today-cash/:empNo","event":"TODAY_CASH_API_STARTED","empNo":"974","timestamp":"2026-07-28T12:21:44.530Z"}
28/7/2026, 5:51:44 pm | {"api":"/today-cash/:empNo","event":"TODAY_CASH_DB_QUERY_STARTED","empNo":"974","timestamp":"2026-07-28T12:21:44.531Z"}
28/7/2026, 5:51:44 pm | {"api":"/today-cash/:empNo","event":"TODAY_CASH_NOT_FOUND","empNo":"974","timestamp":"2026-07-28T12:21:44.536Z"}
28/7/2026, 5:51:51 pm | {"api":"/save-cash-closing","event":"SAVE_CASH_API_STARTED","empNo":"974","amount":"834970","timestamp":"2026-07-28T12:21:51.614Z"}
28/7/2026, 5:51:51 pm | {"api":"/save-cash-closing","event":"PREVIOUS_DAY_RECORD_FOUND","empNo":"974","oldDate":"2026-07-27T00:00:00.000Z","amount":528970,"timestamp":"2026-07-28T12:21:51.622Z"}
28/7/2026, 5:51:51 pm | {"api":"/save-cash-closing","event":"PREVIOUS_DAY_MOVED_TO_HISTORY","empNo":"974","timestamp":"2026-07-28T12:21:51.630Z"}
28/7/2026, 5:51:51 pm | {"api":"/save-cash-closing","event":"PREVIOUS_DAY_DELETED","empNo":"974","timestamp":"2026-07-28T12:21:51.641Z"}
28/7/2026, 5:51:51 pm | {"api":"/save-cash-closing","event":"SAVE_CASH_NEW_ENTRY","empNo":"974","amount":"834970","branch":"Gopalapatnam","timestamp":"2026-07-28T12:21:51.644Z"}
28/7/2026, 5:51:51 pm | {"api":"/save-cash-closing","event":"SAVE_CASH_HISTORY_INSERTED","empNo":"974","actionType":"ADDED","version":1,"timestamp":"2026-07-28T12:21:51.678Z"}
28/7/2026, 5:51:51 pm | {"api":"/save-cash-closing","event":"SAVE_CASH_SUCCESS","type":"INSERT","empNo":"974","amount":"834970","timestamp":"2026-07-28T12:21:51.679Z"}
28/7/2026, 5:51:51 pm | {"api":"/api/cash-closing-dashboard","event":"CASH_CLOSING_DASHBOARD_API_STARTED","filters":{"cluster":"","branch":"","fromDate":"","toDate":"","status":""},"timestamp":"2026-07-28T12:21:51.980Z"}
28/7/2026, 5:51:51 pm | {"api":"/api/cash-closing-dashboard","event":"CASH_CLOSING_DASHBOARD_DB_CONNECTED","timestamp":"2026-07-28T12:21:51.981Z"}
28/7/2026, 5:51:51 pm | {"api":"/api/cash-closing-dashboard","event":"CASH_CLOSING_DASHBOARD_QUERY_STARTED","filters":{"cluster":"","branch":"","fromDate":"","toDate":"","status":""},"timestamp":"2026-07-28T12:21:51.982Z"}
28/7/2026, 5:51:52 pm | {"api":"/api/cash-closing-dashboard","event":"CASH_CLOSING_DASHBOARD_DATA_FETCHED","totalRecords":56,"timestamp":"2026-07-28T12:21:52.013Z"}
28/7/2026, 5:51:52 pm | {"api":"/api/cash-closing-dashboard","event":"CASH_CLOSING_CLUSTER_FETCHED","totalClusters":4,"timestamp":"2026-07-28T12:21:52.019Z"}
28/7/2026, 5:51:52 pm | {"api":"/api/cash-closing-dashboard","event":"CASH_CLOSING_BRANCH_FETCHED","totalBranches":56,"timestamp":"2026-07-28T12:21:52.022Z"}
28/7/2026, 5:51:52 pm | {"api":"/api/cash-closing-dashboard","event":"CASH_CLOSING_DASHBOARD_SUCCESS","totalRecords":56,"filters":{"cluster":"","branch":"","fromDate":"","toDate":"","status":""},"timestamp":"2026-07-28T12:21:52.023Z"}
28/7/2026, 5:51:52 pm | {"api":"/api/cash-closing-dashboard","event":"CASH_CLOSING_DASHBOARD_API_STARTED","filters":{"cluster":"","branch":"","fromDate":"","toDate":"","status":""},"timestamp":"2026-07-28T12:21:52.055Z"}
28/7/2026, 5:51:52 pm | {"api":"/api/cash-closing-dashboard","event":"CASH_CLOSING_DASHBOARD_DB_CONNECTED","timestamp":"2026-07-28T12:21:52.056Z"}
28/7/2026, 5:51:52 pm | {"api":"/api/cash-closing-dashboard","event":"CASH_CLOSING_DASHBOARD_QUERY_STARTED","filters":{"cluster":"","branch":"","fromDate":"","toDate":"","status":""},"timestamp":"2026-07-28T12:21:52.059Z"}
28/7/2026, 5:51:52 pm | {"api":"/api/cash-closing-dashboard","event":"CASH_CLOSING_DASHBOARD_DATA_FETCHED","totalRecords":56,"timestamp":"2026-07-28T12:21:52.067Z"}
28/7/2026, 5:51:52 pm | {"api":"/api/cash-closing-dashboard","event":"CASH_CLOSING_CLUSTER_FETCHED","totalClusters":4,"timestamp":"2026-07-28T12:21:52.071Z"}
28/7/2026, 5:51:52 pm | {"api":"/api/cash-closing-dashboard","event":"CASH_CLOSING_BRANCH_FETCHED","totalBranches":56,"timestamp":"2026-07-28T12:21:52.074Z"}
28/7/2026, 5:51:52 pm | {"api":"/api/cash-closing-dashboard","event":"CASH_CLOSING_DASHBOARD_SUCCESS","totalRecords":56,"filters":{"cluster":"","branch":"","fromDate":"","toDate":"","status":""},"timestamp":"2026-07-28T12:21:52.075Z"}
28/7/2026, 5:51:52 pm | {"api":"/api/cash-closing-dashboard","event":"CASH_CLOSING_DASHBOARD_API_STARTED","filters":{"cluster":"","branch":"","fromDate":"","toDate":"","status":""},"timestamp":"2026-07-28T12:21:52.207Z"}
28/7/2026, 5:51:52 pm | {"api":"/api/cash-closing-dashboard","event":"CASH_CLOSING_DASHBOARD_DB_CONNECTED","timestamp":"2026-07-28T12:21:52.208Z"}
28/7/2026, 5:51:52 pm | {"api":"/api/cash-closing-dashboard","event":"CASH_CLOSING_DASHBOARD_QUERY_STARTED","filters":{"cluster":"","branch":"","fromDate":"","toDate":"","status":""},"timestamp":"2026-07-28T12:21:52.209Z"}
28/7/2026, 5:51:52 pm | {"api":"/api/cash-closing-dashboard","event":"CASH_CLOSING_DASHBOARD_DATA_FETCHED","totalRecords":56,"timestamp":"2026-07-28T12:21:52.218Z"}
28/7/2026, 5:51:52 pm | {"api":"/api/cash-closing-dashboard","event":"CASH_CLOSING_CLUSTER_FETCHED","totalClusters":4,"timestamp":"2026-07-28T12:21:52.222Z"}
28/7/2026, 5:51:52 pm | {"api":"/api/cash-closing-dashboard","event":"CASH_CLOSING_BRANCH_FETCHED","totalBranches":56,"timestamp":"2026-07-28T12:21:52.225Z"}
28/7/2026, 5:51:52 pm | {"api":"/api/cash-closing-dashboard","event":"CASH_CLOSING_DASHBOARD_SUCCESS","totalRecords":56,"filters":{"cluster":"","branch":"","fromDate":"","toDate":"","status":""},"timestamp":"2026-07-28T12:21:52.226Z"}
28/7/2026, 5:51:52 pm | {"api":"/api/cash-closing-dashboard","event":"CASH_CLOSING_DASHBOARD_API_STARTED","filters":{"cluster":"","branch":"","fromDate":"","toDate":"","status":""},"timestamp":"2026-07-28T12:21:52.360Z"}
28/7/2026, 5:51:52 pm | {"api":"/api/cash-closing-dashboard","event":"CASH_CLOSING_DASHBOARD_DB_CONNECTED","timestamp":"2026-07-28T12:21:52.361Z"}
28/7/2026, 5:51:52 pm | {"api":"/api/cash-closing-dashboard","event":"CASH_CLOSING_DASHBOARD_QUERY_STARTED","filters":{"cluster":"","branch":"","fromDate":"","toDate":"","status":""},"timestamp":"2026-07-28T12:21:52.362Z"}
28/7/2026, 5:51:52 pm | {"api":"/api/cash-closing-dashboard","event":"CASH_CLOSING_DASHBOARD_DATA_FETCHED","totalRecords":56,"timestamp":"2026-07-28T12:21:52.368Z"}
28/7/2026, 5:51:52 pm | {"api":"/api/cash-closing-dashboard","event":"CASH_CLOSING_CLUSTER_FETCHED","totalClusters":4,"timestamp":"2026-07-28T12:21:52.371Z"}
28/7/2026, 5:51:52 pm | {"api":"/api/cash-closing-dashboard","event":"CASH_CLOSING_BRANCH_FETCHED","totalBranches":56,"timestamp":"2026-07-28T12:21:52.376Z"}
28/7/2026, 5:51:52 pm | {"api":"/api/cash-closing-dashboard","event":"CASH_CLOSING_DASHBOARD_SUCCESS","totalRecords":56,"filters":{"cluster":"","branch":"","fromDate":"","toDate":"","status":""},"timestamp":"2026-07-28T12:21:52.376Z"}
28/7/2026, 5:51:52 pm | {"api":"/api/cash-closing-dashboard","event":"CASH_CLOSING_DASHBOARD_API_STARTED","filters":{"cluster":"","branch":"","fromDate":"","toDate":"","status":""},"timestamp":"2026-07-28T12:21:52.464Z"}
28/7/2026, 5:51:52 pm | {"api":"/api/cash-closing-dashboard","event":"CASH_CLOSING_DASHBOARD_DB_CONNECTED","timestamp":"2026-07-28T12:21:52.465Z"}
28/7/2026, 5:51:52 pm | {"api":"/api/cash-closing-dashboard","event":"CASH_CLOSING_DASHBOARD_QUERY_STARTED","filters":{"cluster":"","branch":"","fromDate":"","toDate":"","status":""},"timestamp":"2026-07-28T12:21:52.466Z"}
28/7/2026, 5:51:52 pm | {"api":"/api/cash-closing-dashboard","event":"CASH_CLOSING_DASHBOARD_DATA_FETCHED","totalRecords":56,"timestamp":"2026-07-28T12:21:52.472Z"}
28/7/2026, 5:51:52 pm | {"api":"/api/cash-closing-dashboard","event":"CASH_CLOSING_CLUSTER_FETCHED","totalClusters":4,"timestamp":"2026-07-28T12:21:52.475Z"}
28/7/2026, 5:51:52 pm | {"api":"/api/cash-closing-dashboard","event":"CASH_CLOSING_BRANCH_FETCHED","totalBranches":56,"timestamp":"2026-07-28T12:21:52.478Z"}
28/7/2026, 5:51:52 pm | {"api":"/api/cash-closing-dashboard","event":"CASH_CLOSING_DASHBOARD_SUCCESS","totalRecords":56,"filters":{"cluster":"","branch":"","fromDate":"","toDate":"","status":""},"timestamp":"2026-07-28T12:21:52.479Z"}
28/7/2026, 5:51:52 pm | {"api":"/api/cash-closing-dashboard","event":"CASH_CLOSING_DASHBOARD_API_STARTED","filters":{"cluster":"","branch":"","fromDate":"","toDate":"","status":""},"timestamp":"2026-07-28T12:21:52.616Z"}
28/7/2026, 5:51:52 pm | {"api":"/api/cash-closing-dashboard","event":"CASH_CLOSING_DASHBOARD_DB_CONNECTED","timestamp":"2026-07-28T12:21:52.617Z"}
28/7/2026, 5:51:52 pm | {"api":"/api/cash-closing-dashboard","event":"CASH_CLOSING_DASHBOARD_QUERY_STARTED","filters":{"cluster":"","branch":"","fromDate":"","toDate":"","status":""},"timestamp":"2026-07-28T12:21:52.618Z"}
28/7/2026, 5:51:52 pm | {"api":"/api/cash-closing-dashboard","event":"CASH_CLOSING_DASHBOARD_DATA_FETCHED","totalRecords":56,"timestamp":"2026-07-28T12:21:52.627Z"}
28/7/2026, 5:51:52 pm | {"api":"/api/cash-closing-dashboard","event":"CASH_CLOSING_CLUSTER_FETCHED","totalClusters":4,"timestamp":"2026-07-28T12:21:52.630Z"}
28/7/2026, 5:51:52 pm | {"api":"/api/cash-closing-dashboard","event":"CASH_CLOSING_BRANCH_FETCHED","totalBranches":56,"timestamp":"2026-07-28T12:21:52.637Z"}
28/7/2026, 5:51:52 pm | {"api":"/api/cash-closing-dashboard","event":"CASH_CLOSING_DASHBOARD_SUCCESS","totalRecords":56,"filters":{"cluster":"","branch":"","fromDate":"","toDate":"","status":""},"timestamp":"2026-07-28T12:21:52.637Z"}
28/7/2026, 5:52:13 pm | {"api":"/api/cash-closing-dashboard","event":"CASH_CLOSING_DASHBOARD_API_STARTED","filters":{"cluster":"","branch":"","fromDate":"","toDate":"","status":""},"timestamp":"2026-07-28T12:22:13.989Z"}
28/7/2026, 5:52:13 pm | {"api":"/api/cash-closing-dashboard","event":"CASH_CLOSING_DASHBOARD_DB_CONNECTED","timestamp":"2026-07-28T12:22:13.991Z"}
28/7/2026, 5:52:13 pm | {"api":"/api/cash-closing-dashboard","event":"CASH_CLOSING_DASHBOARD_QUERY_STARTED","filters":{"cluster":"","branch":"","fromDate":"","toDate":"","status":""},"timestamp":"2026-07-28T12:22:13.991Z"}
28/7/2026, 5:52:14 pm | {"api":"/api/cash-closing-dashboard","event":"CASH_CLOSING_DASHBOARD_DATA_FETCHED","totalRecords":56,"timestamp":"2026-07-28T12:22:14.000Z"}
28/7/2026, 5:52:14 pm | {"api":"/api/cash-closing-dashboard","event":"CASH_CLOSING_CLUSTER_FETCHED","totalClusters":4,"timestamp":"2026-07-28T12:22:14.003Z"}
28/7/2026, 5:52:14 pm | {"api":"/api/cash-closing-dashboard","event":"CASH_CLOSING_BRANCH_FETCHED","totalBranches":56,"timestamp":"2026-07-28T12:22:14.006Z"}
28/7/2026, 5:52:14 pm | {"api":"/api/cash-closing-dashboard","event":"CASH_CLOSING_DASHBOARD_SUCCESS","totalRecords":56,"filters":{"cluster":"","branch":"","fromDate":"","toDate":"","status":""},"timestamp":"2026-07-28T12:22:14.007Z"}
28/7/2026, 5:52:14 pm | {"api":"/api/cash-closing-dashboard","event":"CASH_CLOSING_DASHBOARD_API_STARTED","filters":{"cluster":"","branch":"","fromDate":"","toDate":"","status":""},"timestamp":"2026-07-28T12:22:14.088Z"}
28/7/2026, 5:52:14 pm | {"api":"/api/cash-closing-dashboard","event":"CASH_CLOSING_DASHBOARD_DB_CONNECTED","timestamp":"2026-07-28T12:22:14.089Z"}
28/7/2026, 5:52:14 pm | {"api":"/api/cash-closing-dashboard","event":"CASH_CLOSING_DASHBOARD_QUERY_STARTED","filters":{"cluster":"","branch":"","fromDate":"","toDate":"","status":""},"timestamp":"2026-07-28T12:22:14.089Z"}
28/7/2026, 5:52:14 pm | {"api":"/api/cash-closing-dashboard","event":"CASH_CLOSING_DASHBOARD_DATA_FETCHED","totalRecords":56,"timestamp":"2026-07-28T12:22:14.095Z"}
28/7/2026, 5:52:14 pm | {"api":"/api/cash-closing-dashboard","event":"CASH_CLOSING_CLUSTER_FETCHED","totalClusters":4,"timestamp":"2026-07-28T12:22:14.098Z"}
28/7/2026, 5:52:14 pm | {"api":"/api/cash-closing-dashboard","event":"CASH_CLOSING_BRANCH_FETCHED","totalBranches":56,"timestamp":"2026-07-28T12:22:14.101Z"}
28/7/2026, 5:52:14 pm | {"api":"/api/cash-closing-dashboard","event":"CASH_CLOSING_DASHBOARD_SUCCESS","totalRecords":56,"filters":{"cluster":"","branch":"","fromDate":"","toDate":"","status":""},"timestamp":"2026-07-28T12:22:14.102Z"}
28/7/2026, 5:52:14 pm | {"api":"/api/cash-closing-dashboard","event":"CASH_CLOSING_DASHBOARD_API_STARTED","filters":{"cluster":"","branch":"","fromDate":"","toDate":"","status":""},"timestamp":"2026-07-28T12:22:14.224Z"}
28/7/2026, 5:52:14 pm | {"api":"/api/cash-closing-dashboard","event":"CASH_CLOSING_DASHBOARD_DB_CONNECTED","timestamp":"2026-07-28T12:22:14.225Z"}
28/7/2026, 5:52:14 pm | {"api":"/api/cash-closing-dashboard","event":"CASH_CLOSING_DASHBOARD_QUERY_STARTED","filters":{"cluster":"","branch":"","fromDate":"","toDate":"","status":""},"timestamp":"2026-07-28T12:22:14.226Z"}
28/7/2026, 5:52:14 pm | {"api":"/api/cash-closing-dashboard","event":"CASH_CLOSING_DASHBOARD_DATA_FETCHED","totalRecords":56,"timestamp":"2026-07-28T12:22:14.232Z"}
28/7/2026, 5:52:14 pm | {"api":"/api/cash-closing-dashboard","event":"CASH_CLOSING_CLUSTER_FETCHED","totalClusters":4,"timestamp":"2026-07-28T12:22:14.236Z"}
28/7/2026, 5:52:14 pm | {"api":"/api/cash-closing-dashboard","event":"CASH_CLOSING_BRANCH_FETCHED","totalBranches":56,"timestamp":"2026-07-28T12:22:14.239Z"}
28/7/2026, 5:52:14 pm | {"api":"/api/cash-closing-dashboard","event":"CASH_CLOSING_DASHBOARD_SUCCESS","totalRecords":56,"filters":{"cluster":"","branch":"","fromDate":"","toDate":"","status":""},"timestamp":"2026-07-28T12:22:14.240Z"}
28/7/2026, 5:52:14 pm | {"api":"/api/cash-closing-dashboard","event":"CASH_CLOSING_DASHBOARD_API_STARTED","filters":{"cluster":"","branch":"","fromDate":"","toDate":"","status":""},"timestamp":"2026-07-28T12:22:14.352Z"}
28/7/2026, 5:52:14 pm | {"api":"/api/cash-closing-dashboard","event":"CASH_CLOSING_DASHBOARD_DB_CONNECTED","timestamp":"2026-07-28T12:22:14.353Z"}
28/7/2026, 5:52:14 pm | {"api":"/api/cash-closing-dashboard","event":"CASH_CLOSING_DASHBOARD_QUERY_STARTED","filters":{"cluster":"","branch":"","fromDate":"","toDate":"","status":""},"timestamp":"2026-07-28T12:22:14.353Z"}
28/7/2026, 5:52:14 pm | {"api":"/api/cash-closing-dashboard","event":"CASH_CLOSING_DASHBOARD_DATA_FETCHED","totalRecords":56,"timestamp":"2026-07-28T12:22:14.359Z"}
28/7/2026, 5:52:14 pm | {"api":"/api/cash-closing-dashboard","event":"CASH_CLOSING_CLUSTER_FETCHED","totalClusters":4,"timestamp":"2026-07-28T12:22:14.363Z"}
28/7/2026, 5:52:14 pm | {"api":"/api/cash-closing-dashboard","event":"CASH_CLOSING_BRANCH_FETCHED","totalBranches":56,"timestamp":"2026-07-28T12:22:14.366Z"}
28/7/2026, 5:52:14 pm | {"api":"/api/cash-closing-dashboard","event":"CASH_CLOSING_DASHBOARD_SUCCESS","totalRecords":56,"filters":{"cluster":"","branch":"","fromDate":"","toDate":"","status":""},"timestamp":"2026-07-28T12:22:14.367Z"}
28/7/2026, 5:52:14 pm | {"api":"/api/cash-closing-dashboard","event":"CASH_CLOSING_DASHBOARD_API_STARTED","filters":{"cluster":"","branch":"","fromDate":"","toDate":"","status":""},"timestamp":"2026-07-28T12:22:14.472Z"}
28/7/2026, 5:52:14 pm | {"api":"/api/cash-closing-dashboard","event":"CASH_CLOSING_DASHBOARD_DB_CONNECTED","timestamp":"2026-07-28T12:22:14.473Z"}
28/7/2026, 5:52:14 pm | {"api":"/api/cash-closing-dashboard","event":"CASH_CLOSING_DASHBOARD_QUERY_STARTED","filters":{"cluster":"","branch":"","fromDate":"","toDate":"","status":""},"timestamp":"2026-07-28T12:22:14.474Z"}
28/7/2026, 5:52:14 pm | {"api":"/api/cash-closing-dashboard","event":"CASH_CLOSING_DASHBOARD_DATA_FETCHED","totalRecords":56,"timestamp":"2026-07-28T12:22:14.482Z"}
28/7/2026, 5:52:14 pm | {"api":"/api/cash-closing-dashboard","event":"CASH_CLOSING_CLUSTER_FETCHED","totalClusters":4,"timestamp":"2026-07-28T12:22:14.485Z"}
28/7/2026, 5:52:14 pm | {"api":"/api/cash-closing-dashboard","event":"CASH_CLOSING_BRANCH_FETCHED","totalBranches":56,"timestamp":"2026-07-28T12:22:14.488Z"}
28/7/2026, 5:52:14 pm | {"api":"/api/cash-closing-dashboard","event":"CASH_CLOSING_DASHBOARD_SUCCESS","totalRecords":56,"filters":{"cluster":"","branch":"","fromDate":"","toDate":"","status":""},"timestamp":"2026-07-28T12:22:14.489Z"}
28/7/2026, 5:52:14 pm | {"api":"/api/cash-closing-dashboard","event":"CASH_CLOSING_DASHBOARD_API_STARTED","filters":{"cluster":"","branch":"","fromDate":"","toDate":"","status":""},"timestamp":"2026-07-28T12:22:14.606Z"}
28/7/2026, 5:52:14 pm | {"api":"/api/cash-closing-dashboard","event":"CASH_CLOSING_DASHBOARD_DB_CONNECTED","timestamp":"2026-07-28T12:22:14.608Z"}
28/7/2026, 5:52:14 pm | {"api":"/api/cash-closing-dashboard","event":"CASH_CLOSING_DASHBOARD_QUERY_STARTED","filters":{"cluster":"","branch":"","fromDate":"","toDate":"","status":""},"timestamp":"2026-07-28T12:22:14.608Z"}
28/7/2026, 5:52:14 pm | {"api":"/api/cash-closing-dashboard","event":"CASH_CLOSING_DASHBOARD_DATA_FETCHED","totalRecords":56,"timestamp":"2026-07-28T12:22:14.616Z"}
28/7/2026, 5:52:14 pm | {"api":"/api/cash-closing-dashboard","event":"CASH_CLOSING_CLUSTER_FETCHED","totalClusters":4,"timestamp":"2026-07-28T12:22:14.619Z"}
28/7/2026, 5:52:14 pm | {"api":"/api/cash-closing-dashboard","event":"CASH_CLOSING_BRANCH_FETCHED","totalBranches":56,"timestamp":"2026-07-28T12:22:14.623Z"}
28/7/2026, 5:52:14 pm | {"api":"/api/cash-closing-dashboard","event":"CASH_CLOSING_DASHBOARD_SUCCESS","totalRecords":56,"filters":{"cluster":"","branch":"","fromDate":"","toDate":"","status":""},"timestamp":"2026-07-28T12:22:14.623Z"}
28/7/2026, 5:52:26 pm | {"api":"/login","event":"LOGIN_API_STARTED","mpin":"0517","deviceId":"cadc6a198c0ad99c","timestamp":"2026-07-28T12:22:26.637Z"}
28/7/2026, 5:52:26 pm | {"event":"LOGIN_REQUEST","mpin":"0517","deviceId":"cadc6a198c0ad99c","timestamp":"2026-07-28T12:22:26.639Z"}
28/7/2026, 5:52:26 pm | {"api":"/login","event":"LOGIN_DB_QUERY_STARTED","mpin":"0517","timestamp":"2026-07-28T12:22:26.640Z"}
28/7/2026, 5:52:26 pm | {"api":"/login","event":"LOGIN_USER_FOUND","empNo":"517","branch":"Kothapet","designation":"Branch Manager","timestamp":"2026-07-28T12:22:26.648Z"}
28/7/2026, 5:52:26 pm | {"api":"/login","event":"LOGIN_DEVICE_CHECK","empNo":"517","savedDevice":"cadc6a198c0ad99c","currentDevice":"cadc6a198c0ad99c","timestamp":"2026-07-28T12:22:26.649Z"}
28/7/2026, 5:52:26 pm | {"api":"/login","event":"LOGIN_SUCCESS","empNo":"517","branch":"Kothapet","designation":"Branch Manager","loginTime":"2026-07-28T12:22:26.657Z"}
28/7/2026, 5:52:26 pm | {"api":"/employee/:empNo","event":"EMPLOYEE_API_STARTED","empNo":"517","timestamp":"2026-07-28T12:22:26.816Z"}
28/7/2026, 5:52:26 pm | {"api":"/employee/:empNo","event":"EMPLOYEE_DB_QUERY_STARTED","empNo":"517","timestamp":"2026-07-28T12:22:26.816Z"}
28/7/2026, 5:52:26 pm | {"api":"/employee/:empNo","event":"EMPLOYEE_FETCH_SUCCESS","empNo":"517","employeeName":"Ch Durga Lakshmi Vani","branch":"Kothapet","designation":"Branch Manager","timestamp":"2026-07-28T12:22:26.820Z"}
28/7/2026, 5:52:26 pm | {"api":"/last-submission/:empNo","event":"LAST_SUBMISSION_API_STARTED","empNo":"517","timestamp":"2026-07-28T12:22:26.876Z"}
28/7/2026, 5:52:26 pm | {"api":"/last-submission/:empNo","event":"LAST_SUBMISSION_DB_QUERY_STARTED","empNo":"517","timestamp":"2026-07-28T12:22:26.877Z"}
28/7/2026, 5:52:26 pm | {"api":"/last-submission/:empNo","event":"LAST_SUBMISSION_FETCH_SUCCESS","empNo":"517","amount":800000,"actionAt":"2026-07-27 17:42:21","timestamp":"2026-07-28T12:22:26.882Z"}
28/7/2026, 5:52:27 pm | {"api":"/today-cash/:empNo","event":"TODAY_CASH_API_STARTED","empNo":"517","timestamp":"2026-07-28T12:22:27.011Z"}
28/7/2026, 5:52:27 pm | {"api":"/today-cash/:empNo","event":"TODAY_CASH_DB_QUERY_STARTED","empNo":"517","timestamp":"2026-07-28T12:22:27.012Z"}
28/7/2026, 5:52:27 pm | {"api":"/today-cash/:empNo","event":"TODAY_CASH_NOT_FOUND","empNo":"517","timestamp":"2026-07-28T12:22:27.016Z"}
28/7/2026, 5:52:28 pm | {"api":"/api/cash-closing-dashboard","event":"CASH_CLOSING_DASHBOARD_API_STARTED","filters":{"cluster":"","branch":"","fromDate":"","toDate":"","status":""},"timestamp":"2026-07-28T12:22:28.341Z"}
28/7/2026, 5:52:28 pm | {"api":"/api/cash-closing-dashboard","event":"CASH_CLOSING_DASHBOARD_DB_CONNECTED","timestamp":"2026-07-28T12:22:28.341Z"}
28/7/2026, 5:52:28 pm | {"api":"/api/cash-closing-dashboard","event":"CASH_CLOSING_DASHBOARD_QUERY_STARTED","filters":{"cluster":"","branch":"","fromDate":"","toDate":"","status":""},"timestamp":"2026-07-28T12:22:28.342Z"}
28/7/2026, 5:52:28 pm | {"api":"/api/cash-closing-dashboard","event":"CASH_CLOSING_DASHBOARD_DATA_FETCHED","totalRecords":56,"timestamp":"2026-07-28T12:22:28.369Z"}
28/7/2026, 5:52:28 pm | {"api":"/api/cash-closing-dashboard","event":"CASH_CLOSING_CLUSTER_FETCHED","totalClusters":4,"timestamp":"2026-07-28T12:22:28.373Z"}
28/7/2026, 5:52:28 pm | {"api":"/api/cash-closing-dashboard","event":"CASH_CLOSING_BRANCH_FETCHED","totalBranches":56,"timestamp":"2026-07-28T12:22:28.377Z"}
28/7/2026, 5:52:28 pm | {"api":"/api/cash-closing-dashboard","event":"CASH_CLOSING_DASHBOARD_SUCCESS","totalRecords":56,"filters":{"cluster":"","branch":"","fromDate":"","toDate":"","status":""},"timestamp":"2026-07-28T12:22:28.377Z"}
28/7/2026, 5:52:28 pm | {"api":"/api/cash-closing-dashboard","event":"CASH_CLOSING_DASHBOARD_API_STARTED","filters":{"cluster":"","branch":"","fromDate":"","toDate":"","status":""},"timestamp":"2026-07-28T12:22:28.488Z"}
28/7/2026, 5:52:28 pm | {"api":"/api/cash-closing-dashboard","event":"CASH_CLOSING_DASHBOARD_DB_CONNECTED","timestamp":"2026-07-28T12:22:28.489Z"}
28/7/2026, 5:52:28 pm | {"api":"/api/cash-closing-dashboard","event":"CASH_CLOSING_DASHBOARD_QUERY_STARTED","filters":{"cluster":"","branch":"","fromDate":"","toDate":"","status":""},"timestamp":"2026-07-28T12:22:28.490Z"}
28/7/2026, 5:52:28 pm | {"api":"/api/cash-closing-dashboard","event":"CASH_CLOSING_DASHBOARD_DATA_FETCHED","totalRecords":56,"timestamp":"2026-07-28T12:22:28.497Z"}
28/7/2026, 5:52:28 pm | {"api":"/api/cash-closing-dashboard","event":"CASH_CLOSING_CLUSTER_FETCHED","totalClusters":4,"timestamp":"2026-07-28T12:22:28.501Z"}
28/7/2026, 5:52:28 pm | {"api":"/api/cash-closing-dashboard","event":"CASH_CLOSING_BRANCH_FETCHED","totalBranches":56,"timestamp":"2026-07-28T12:22:28.505Z"}
28/7/2026, 5:52:28 pm | {"api":"/api/cash-closing-dashboard","event":"CASH_CLOSING_DASHBOARD_SUCCESS","totalRecords":56,"filters":{"cluster":"","branch":"","fromDate":"","toDate":"","status":""},"timestamp":"2026-07-28T12:22:28.505Z"}
28/7/2026, 5:52:28 pm | {"api":"/api/cash-closing-dashboard","event":"CASH_CLOSING_DASHBOARD_API_STARTED","filters":{"cluster":"","branch":"","fromDate":"","toDate":"","status":""},"timestamp":"2026-07-28T12:22:28.656Z"}
28/7/2026, 5:52:28 pm | {"api":"/api/cash-closing-dashboard","event":"CASH_CLOSING_DASHBOARD_DB_CONNECTED","timestamp":"2026-07-28T12:22:28.657Z"}
28/7/2026, 5:52:28 pm | {"api":"/api/cash-closing-dashboard","event":"CASH_CLOSING_DASHBOARD_QUERY_STARTED","filters":{"cluster":"","branch":"","fromDate":"","toDate":"","status":""},"timestamp":"2026-07-28T12:22:28.657Z"}
28/7/2026, 5:52:28 pm | {"api":"/api/cash-closing-dashboard","event":"CASH_CLOSING_DASHBOARD_DATA_FETCHED","totalRecords":56,"timestamp":"2026-07-28T12:22:28.665Z"}
28/7/2026, 5:52:28 pm | {"api":"/api/cash-closing-dashboard","event":"CASH_CLOSING_CLUSTER_FETCHED","totalClusters":4,"timestamp":"2026-07-28T12:22:28.668Z"}
28/7/2026, 5:52:28 pm | {"api":"/api/cash-closing-dashboard","event":"CASH_CLOSING_BRANCH_FETCHED","totalBranches":56,"timestamp":"2026-07-28T12:22:28.671Z"}
28/7/2026, 5:52:28 pm | {"api":"/api/cash-closing-dashboard","event":"CASH_CLOSING_DASHBOARD_SUCCESS","totalRecords":56,"filters":{"cluster":"","branch":"","fromDate":"","toDate":"","status":""},"timestamp":"2026-07-28T12:22:28.672Z"}
28/7/2026, 5:52:28 pm | {"api":"/api/cash-closing-dashboard","event":"CASH_CLOSING_DASHBOARD_API_STARTED","filters":{"cluster":"","branch":"","fromDate":"","toDate":"","status":""},"timestamp":"2026-07-28T12:22:28.798Z"}
28/7/2026, 5:52:28 pm | {"api":"/api/cash-closing-dashboard","event":"CASH_CLOSING_DASHBOARD_DB_CONNECTED","timestamp":"2026-07-28T12:22:28.800Z"}
28/7/2026, 5:52:28 pm | {"api":"/api/cash-closing-dashboard","event":"CASH_CLOSING_DASHBOARD_QUERY_STARTED","filters":{"cluster":"","branch":"","fromDate":"","toDate":"","status":""},"timestamp":"2026-07-28T12:22:28.800Z"}
28/7/2026, 5:52:28 pm | {"api":"/api/cash-closing-dashboard","event":"CASH_CLOSING_DASHBOARD_DATA_FETCHED","totalRecords":56,"timestamp":"2026-07-28T12:22:28.807Z"}
28/7/2026, 5:52:28 pm | {"api":"/api/cash-closing-dashboard","event":"CASH_CLOSING_CLUSTER_FETCHED","totalClusters":4,"timestamp":"2026-07-28T12:22:28.810Z"}
28/7/2026, 5:52:28 pm | {"api":"/api/cash-closing-dashboard","event":"CASH_CLOSING_BRANCH_FETCHED","totalBranches":56,"timestamp":"2026-07-28T12:22:28.813Z"}
28/7/2026, 5:52:28 pm | {"api":"/api/cash-closing-dashboard","event":"CASH_CLOSING_DASHBOARD_SUCCESS","totalRecords":56,"filters":{"cluster":"","branch":"","fromDate":"","toDate":"","status":""},"timestamp":"2026-07-28T12:22:28.814Z"}
28/7/2026, 5:52:28 pm | {"api":"/api/cash-closing-dashboard","event":"CASH_CLOSING_DASHBOARD_API_STARTED","filters":{"cluster":"","branch":"","fromDate":"","toDate":"","status":""},"timestamp":"2026-07-28T12:22:28.943Z"}
28/7/2026, 5:52:28 pm | {"api":"/api/cash-closing-dashboard","event":"CASH_CLOSING_DASHBOARD_DB_CONNECTED","timestamp":"2026-07-28T12:22:28.944Z"}
28/7/2026, 5:52:28 pm | {"api":"/api/cash-closing-dashboard","event":"CASH_CLOSING_DASHBOARD_QUERY_STARTED","filters":{"cluster":"","branch":"","fromDate":"","toDate":"","status":""},"timestamp":"2026-07-28T12:22:28.944Z"}
28/7/2026, 5:52:28 pm | {"api":"/api/cash-closing-dashboard","event":"CASH_CLOSING_DASHBOARD_DATA_FETCHED","totalRecords":56,"timestamp":"2026-07-28T12:22:28.951Z"}
28/7/2026, 5:52:28 pm | {"api":"/api/cash-closing-dashboard","event":"CASH_CLOSING_CLUSTER_FETCHED","totalClusters":4,"timestamp":"2026-07-28T12:22:28.954Z"}
28/7/2026, 5:52:28 pm | {"api":"/api/cash-closing-dashboard","event":"CASH_CLOSING_BRANCH_FETCHED","totalBranches":56,"timestamp":"2026-07-28T12:22:28.957Z"}
28/7/2026, 5:52:28 pm | {"api":"/api/cash-closing-dashboard","event":"CASH_CLOSING_DASHBOARD_SUCCESS","totalRecords":56,"filters":{"cluster":"","branch":"","fromDate":"","toDate":"","status":""},"timestamp":"2026-07-28T12:22:28.958Z"}
28/7/2026, 5:52:29 pm | {"api":"/api/cash-closing-dashboard","event":"CASH_CLOSING_DASHBOARD_API_STARTED","filters":{"cluster":"","branch":"","fromDate":"","toDate":"","status":""},"timestamp":"2026-07-28T12:22:29.097Z"}
28/7/2026, 5:52:29 pm | {"api":"/api/cash-closing-dashboard","event":"CASH_CLOSING_DASHBOARD_DB_CONNECTED","timestamp":"2026-07-28T12:22:29.098Z"}
28/7/2026, 5:52:29 pm | {"api":"/api/cash-closing-dashboard","event":"CASH_CLOSING_DASHBOARD_QUERY_STARTED","filters":{"cluster":"","branch":"","fromDate":"","toDate":"","status":""},"timestamp":"2026-07-28T12:22:29.098Z"}
28/7/2026, 5:52:29 pm | {"api":"/api/cash-closing-dashboard","event":"CASH_CLOSING_DASHBOARD_DATA_FETCHED","totalRecords":56,"timestamp":"2026-07-28T12:22:29.103Z"}
28/7/2026, 5:52:29 pm | {"api":"/api/cash-closing-dashboard","event":"CASH_CLOSING_CLUSTER_FETCHED","totalClusters":4,"timestamp":"2026-07-28T12:22:29.106Z"}
28/7/2026, 5:52:29 pm | {"api":"/api/cash-closing-dashboard","event":"CASH_CLOSING_BRANCH_FETCHED","totalBranches":56,"timestamp":"2026-07-28T12:22:29.110Z"}
28/7/2026, 5:52:29 pm | {"api":"/api/cash-closing-dashboard","event":"CASH_CLOSING_DASHBOARD_SUCCESS","totalRecords":56,"filters":{"cluster":"","branch":"","fromDate":"","toDate":"","status":""},"timestamp":"2026-07-28T12:22:29.110Z"}
28/7/2026, 5:52:29 pm | {"api":"/api/cash-closing-dashboard","event":"CASH_CLOSING_DASHBOARD_API_STARTED","filters":{"cluster":"","branch":"","fromDate":"","toDate":"","status":""},"timestamp":"2026-07-28T12:22:29.225Z"}
28/7/2026, 5:52:29 pm | {"api":"/api/cash-closing-dashboard","event":"CASH_CLOSING_DASHBOARD_DB_CONNECTED","timestamp":"2026-07-28T12:22:29.226Z"}
28/7/2026, 5:52:29 pm | {"api":"/api/cash-closing-dashboard","event":"CASH_CLOSING_DASHBOARD_QUERY_STARTED","filters":{"cluster":"","branch":"","fromDate":"","toDate":"","status":""},"timestamp":"2026-07-28T12:22:29.226Z"}
28/7/2026, 5:52:29 pm | {"api":"/api/cash-closing-dashboard","event":"CASH_CLOSING_DASHBOARD_DATA_FETCHED","totalRecords":56,"timestamp":"2026-07-28T12:22:29.232Z"}
28/7/2026, 5:52:29 pm | {"api":"/api/cash-closing-dashboard","event":"CASH_CLOSING_CLUSTER_FETCHED","totalClusters":4,"timestamp":"2026-07-28T12:22:29.235Z"}
28/7/2026, 5:52:29 pm | {"api":"/api/cash-closing-dashboard","event":"CASH_CLOSING_BRANCH_FETCHED","totalBranches":56,"timestamp":"2026-07-28T12:22:29.238Z"}
28/7/2026, 5:52:29 pm | {"api":"/api/cash-closing-dashboard","event":"CASH_CLOSING_DASHBOARD_SUCCESS","totalRecords":56,"filters":{"cluster":"","branch":"","fromDate":"","toDate":"","status":""},"timestamp":"2026-07-28T12:22:29.239Z"}
28/7/2026, 5:52:29 pm | {"api":"/api/cash-closing-dashboard","event":"CASH_CLOSING_DASHBOARD_API_STARTED","filters":{"cluster":"","branch":"","fromDate":"","toDate":"","status":""},"timestamp":"2026-07-28T12:22:29.377Z"}
28/7/2026, 5:52:29 pm | {"api":"/api/cash-closing-dashboard","event":"CASH_CLOSING_DASHBOARD_DB_CONNECTED","timestamp":"2026-07-28T12:22:29.378Z"}
28/7/2026, 5:52:29 pm | {"api":"/api/cash-closing-dashboard","event":"CASH_CLOSING_DASHBOARD_QUERY_STARTED","filters":{"cluster":"","branch":"","fromDate":"","toDate":"","status":""},"timestamp":"2026-07-28T12:22:29.379Z"}
28/7/2026, 5:52:29 pm | {"api":"/api/cash-closing-dashboard","event":"CASH_CLOSING_DASHBOARD_DATA_FETCHED","totalRecords":56,"timestamp":"2026-07-28T12:22:29.385Z"}
28/7/2026, 5:52:29 pm | {"api":"/api/cash-closing-dashboard","event":"CASH_CLOSING_CLUSTER_FETCHED","totalClusters":4,"timestamp":"2026-07-28T12:22:29.388Z"}
28/7/2026, 5:52:29 pm | {"api":"/api/cash-closing-dashboard","event":"CASH_CLOSING_BRANCH_FETCHED","totalBranches":56,"timestamp":"2026-07-28T12:22:29.391Z"}
28/7/2026, 5:52:29 pm | {"api":"/api/cash-closing-dashboard","event":"CASH_CLOSING_DASHBOARD_SUCCESS","totalRecords":56,"filters":{"cluster":"","branch":"","fromDate":"","toDate":"","status":""},"timestamp":"2026-07-28T12:22:29.392Z"}
28/7/2026, 5:52:46 pm | {"api":"/api/cash-closing-dashboard","event":"CASH_CLOSING_DASHBOARD_API_STARTED","filters":{"cluster":"","branch":"","fromDate":"","toDate":"","status":""},"timestamp":"2026-07-28T12:22:46.674Z"}
28/7/2026, 5:52:46 pm | {"api":"/api/cash-closing-dashboard","event":"CASH_CLOSING_DASHBOARD_DB_CONNECTED","timestamp":"2026-07-28T12:22:46.675Z"}
28/7/2026, 5:52:46 pm | {"api":"/api/cash-closing-dashboard","event":"CASH_CLOSING_DASHBOARD_QUERY_STARTED","filters":{"cluster":"","branch":"","fromDate":"","toDate":"","status":""},"timestamp":"2026-07-28T12:22:46.676Z"}
28/7/2026, 5:52:46 pm | {"api":"/api/cash-closing-dashboard","event":"CASH_CLOSING_DASHBOARD_DATA_FETCHED","totalRecords":56,"timestamp":"2026-07-28T12:22:46.682Z"}
28/7/2026, 5:52:46 pm | {"api":"/api/cash-closing-dashboard","event":"CASH_CLOSING_CLUSTER_FETCHED","totalClusters":4,"timestamp":"2026-07-28T12:22:46.686Z"}
28/7/2026, 5:52:46 pm | {"api":"/api/cash-closing-dashboard","event":"CASH_CLOSING_BRANCH_FETCHED","totalBranches":56,"timestamp":"2026-07-28T12:22:46.689Z"}
28/7/2026, 5:52:46 pm | {"api":"/api/cash-closing-dashboard","event":"CASH_CLOSING_DASHBOARD_SUCCESS","totalRecords":56,"filters":{"cluster":"","branch":"","fromDate":"","toDate":"","status":""},"timestamp":"2026-07-28T12:22:46.690Z"}
28/7/2026, 5:52:46 pm | {"api":"/api/cash-closing-dashboard","event":"CASH_CLOSING_DASHBOARD_API_STARTED","filters":{"cluster":"","branch":"","fromDate":"","toDate":"","status":""},"timestamp":"2026-07-28T12:22:46.816Z"}
28/7/2026, 5:52:46 pm | {"api":"/api/cash-closing-dashboard","event":"CASH_CLOSING_DASHBOARD_DB_CONNECTED","timestamp":"2026-07-28T12:22:46.817Z"}
28/7/2026, 5:52:46 pm | {"api":"/api/cash-closing-dashboard","event":"CASH_CLOSING_DASHBOARD_QUERY_STARTED","filters":{"cluster":"","branch":"","fromDate":"","toDate":"","status":""},"timestamp":"2026-07-28T12:22:46.818Z"}
28/7/2026, 5:52:46 pm | {"api":"/api/cash-closing-dashboard","event":"CASH_CLOSING_DASHBOARD_DATA_FETCHED","totalRecords":56,"timestamp":"2026-07-28T12:22:46.824Z"}
28/7/2026, 5:52:46 pm | {"api":"/api/cash-closing-dashboard","event":"CASH_CLOSING_CLUSTER_FETCHED","totalClusters":4,"timestamp":"2026-07-28T12:22:46.828Z"}
28/7/2026, 5:52:46 pm | {"api":"/api/cash-closing-dashboard","event":"CASH_CLOSING_BRANCH_FETCHED","totalBranches":56,"timestamp":"2026-07-28T12:22:46.831Z"}
28/7/2026, 5:52:46 pm | {"api":"/api/cash-closing-dashboard","event":"CASH_CLOSING_DASHBOARD_SUCCESS","totalRecords":56,"filters":{"cluster":"","branch":"","fromDate":"","toDate":"","status":""},"timestamp":"2026-07-28T12:22:46.832Z"}
28/7/2026, 5:52:46 pm | {"api":"/api/cash-closing-dashboard","event":"CASH_CLOSING_DASHBOARD_API_STARTED","filters":{"cluster":"","branch":"","fromDate":"","toDate":"","status":""},"timestamp":"2026-07-28T12:22:46.976Z"}
28/7/2026, 5:52:46 pm | {"api":"/api/cash-closing-dashboard","event":"CASH_CLOSING_DASHBOARD_DB_CONNECTED","timestamp":"2026-07-28T12:22:46.977Z"}
28/7/2026, 5:52:46 pm | {"api":"/api/cash-closing-dashboard","event":"CASH_CLOSING_DASHBOARD_QUERY_STARTED","filters":{"cluster":"","branch":"","fromDate":"","toDate":"","status":""},"timestamp":"2026-07-28T12:22:46.978Z"}
28/7/2026, 5:52:46 pm | {"api":"/api/cash-closing-dashboard","event":"CASH_CLOSING_DASHBOARD_DATA_FETCHED","totalRecords":56,"timestamp":"2026-07-28T12:22:46.984Z"}
28/7/2026, 5:52:46 pm | {"api":"/api/cash-closing-dashboard","event":"CASH_CLOSING_CLUSTER_FETCHED","totalClusters":4,"timestamp":"2026-07-28T12:22:46.987Z"}
28/7/2026, 5:52:46 pm | {"api":"/api/cash-closing-dashboard","event":"CASH_CLOSING_BRANCH_FETCHED","totalBranches":56,"timestamp":"2026-07-28T12:22:46.991Z"}
28/7/2026, 5:52:46 pm | {"api":"/api/cash-closing-dashboard","event":"CASH_CLOSING_DASHBOARD_SUCCESS","totalRecords":56,"filters":{"cluster":"","branch":"","fromDate":"","toDate":"","status":""},"timestamp":"2026-07-28T12:22:46.991Z"}
28/7/2026, 5:52:47 pm | {"api":"/api/cash-closing-dashboard","event":"CASH_CLOSING_DASHBOARD_API_STARTED","filters":{"cluster":"","branch":"","fromDate":"","toDate":"","status":""},"timestamp":"2026-07-28T12:22:47.110Z"}
28/7/2026, 5:52:47 pm | {"api":"/api/cash-closing-dashboard","event":"CASH_CLOSING_DASHBOARD_DB_CONNECTED","timestamp":"2026-07-28T12:22:47.111Z"}
28/7/2026, 5:52:47 pm | {"api":"/api/cash-closing-dashboard","event":"CASH_CLOSING_DASHBOARD_QUERY_STARTED","filters":{"cluster":"","branch":"","fromDate":"","toDate":"","status":""},"timestamp":"2026-07-28T12:22:47.112Z"}
28/7/2026, 5:52:47 pm | {"api":"/api/cash-closing-dashboard","event":"CASH_CLOSING_DASHBOARD_DATA_FETCHED","totalRecords":56,"timestamp":"2026-07-28T12:22:47.119Z"}
28/7/2026, 5:52:47 pm | {"api":"/api/cash-closing-dashboard","event":"CASH_CLOSING_CLUSTER_FETCHED","totalClusters":4,"timestamp":"2026-07-28T12:22:47.122Z"}
28/7/2026, 5:52:47 pm | {"api":"/api/cash-closing-dashboard","event":"CASH_CLOSING_BRANCH_FETCHED","totalBranches":56,"timestamp":"2026-07-28T12:22:47.126Z"}
28/7/2026, 5:52:47 pm | {"api":"/api/cash-closing-dashboard","event":"CASH_CLOSING_DASHBOARD_SUCCESS","totalRecords":56,"filters":{"cluster":"","branch":"","fromDate":"","toDate":"","status":""},"timestamp":"2026-07-28T12:22:47.127Z"}
28/7/2026, 5:52:47 pm | {"api":"/api/cash-closing-dashboard","event":"CASH_CLOSING_DASHBOARD_API_STARTED","filters":{"cluster":"","branch":"","fromDate":"","toDate":"","status":""},"timestamp":"2026-07-28T12:22:47.248Z"}
28/7/2026, 5:52:47 pm | {"api":"/api/cash-closing-dashboard","event":"CASH_CLOSING_DASHBOARD_DB_CONNECTED","timestamp":"2026-07-28T12:22:47.249Z"}
28/7/2026, 5:52:47 pm | {"api":"/api/cash-closing-dashboard","event":"CASH_CLOSING_DASHBOARD_QUERY_STARTED","filters":{"cluster":"","branch":"","fromDate":"","toDate":"","status":""},"timestamp":"2026-07-28T12:22:47.249Z"}
28/7/2026, 5:52:47 pm | {"api":"/api/cash-closing-dashboard","event":"CASH_CLOSING_DASHBOARD_DATA_FETCHED","totalRecords":56,"timestamp":"2026-07-28T12:22:47.256Z"}
28/7/2026, 5:52:47 pm | {"api":"/api/cash-closing-dashboard","event":"CASH_CLOSING_CLUSTER_FETCHED","totalClusters":4,"timestamp":"2026-07-28T12:22:47.260Z"}
28/7/2026, 5:52:47 pm | {"api":"/api/cash-closing-dashboard","event":"CASH_CLOSING_BRANCH_FETCHED","totalBranches":56,"timestamp":"2026-07-28T12:22:47.263Z"}
28/7/2026, 5:52:47 pm | {"api":"/api/cash-closing-dashboard","event":"CASH_CLOSING_DASHBOARD_SUCCESS","totalRecords":56,"filters":{"cluster":"","branch":"","fromDate":"","toDate":"","status":""},"timestamp":"2026-07-28T12:22:47.263Z"}
28/7/2026, 5:52:49 pm | {"api":"/save-cash-closing","event":"SAVE_CASH_API_STARTED","empNo":"517","amount":"786697","timestamp":"2026-07-28T12:22:49.967Z"}
28/7/2026, 5:52:49 pm | {"api":"/save-cash-closing","event":"PREVIOUS_DAY_RECORD_FOUND","empNo":"517","oldDate":"2026-07-27T00:00:00.000Z","amount":800000,"timestamp":"2026-07-28T12:22:49.975Z"}
28/7/2026, 5:52:49 pm | {"api":"/save-cash-closing","event":"PREVIOUS_DAY_MOVED_TO_HISTORY","empNo":"517","timestamp":"2026-07-28T12:22:49.983Z"}
28/7/2026, 5:52:49 pm | {"api":"/save-cash-closing","event":"PREVIOUS_DAY_DELETED","empNo":"517","timestamp":"2026-07-28T12:22:49.989Z"}
28/7/2026, 5:52:49 pm | {"api":"/save-cash-closing","event":"SAVE_CASH_NEW_ENTRY","empNo":"517","amount":"786697","branch":"Kothapet","timestamp":"2026-07-28T12:22:49.991Z"}
28/7/2026, 5:52:50 pm | {"api":"/save-cash-closing","event":"SAVE_CASH_HISTORY_INSERTED","empNo":"517","actionType":"ADDED","version":1,"timestamp":"2026-07-28T12:22:50.007Z"}
28/7/2026, 5:52:50 pm | {"api":"/save-cash-closing","event":"SAVE_CASH_SUCCESS","type":"INSERT","empNo":"517","amount":"786697","timestamp":"2026-07-28T12:22:50.008Z"}
28/7/2026, 5:52:54 pm | {"api":"/login","event":"LOGIN_API_STARTED","mpin":"2026","deviceId":"4405d0fdd72975ca","timestamp":"2026-07-28T12:22:54.985Z"}
28/7/2026, 5:52:54 pm | {"event":"LOGIN_REQUEST","mpin":"2026","deviceId":"4405d0fdd72975ca","timestamp":"2026-07-28T12:22:54.986Z"}
28/7/2026, 5:52:54 pm | {"api":"/login","event":"LOGIN_DB_QUERY_STARTED","mpin":"2026","timestamp":"2026-07-28T12:22:54.987Z"}
28/7/2026, 5:52:54 pm | {"api":"/login","event":"LOGIN_USER_FOUND","empNo":"282","branch":"Jangareddygudem","designation":"Branch Manager","timestamp":"2026-07-28T12:22:54.992Z"}
28/7/2026, 5:52:54 pm | {"api":"/login","event":"LOGIN_DEVICE_CHECK","empNo":"282","savedDevice":"4405d0fdd72975ca","currentDevice":"4405d0fdd72975ca","timestamp":"2026-07-28T12:22:54.992Z"}
28/7/2026, 5:52:54 pm | {"api":"/login","event":"LOGIN_SUCCESS","empNo":"282","branch":"Jangareddygudem","designation":"Branch Manager","loginTime":"2026-07-28T12:22:54.998Z"}
28/7/2026, 5:52:55 pm | {"api":"/employee/:empNo","event":"EMPLOYEE_API_STARTED","empNo":"282","timestamp":"2026-07-28T12:22:55.325Z"}
28/7/2026, 5:52:55 pm | {"api":"/employee/:empNo","event":"EMPLOYEE_DB_QUERY_STARTED","empNo":"282","timestamp":"2026-07-28T12:22:55.325Z"}
28/7/2026, 5:52:55 pm | {"api":"/employee/:empNo","event":"EMPLOYEE_FETCH_SUCCESS","empNo":"282","employeeName":"S. Yesu Babu","branch":"Jangareddygudem","designation":"Branch Manager","timestamp":"2026-07-28T12:22:55.329Z"}
28/7/2026, 5:52:55 pm | {"api":"/last-submission/:empNo","event":"LAST_SUBMISSION_API_STARTED","empNo":"282","timestamp":"2026-07-28T12:22:55.429Z"}
28/7/2026, 5:52:55 pm | {"api":"/last-submission/:empNo","event":"LAST_SUBMISSION_DB_QUERY_STARTED","empNo":"282","timestamp":"2026-07-28T12:22:55.430Z"}
28/7/2026, 5:52:55 pm | {"api":"/last-submission/:empNo","event":"LAST_SUBMISSION_FETCH_SUCCESS","empNo":"282","amount":2800000,"actionAt":"2026-07-27 17:49:33","timestamp":"2026-07-28T12:22:55.435Z"}
28/7/2026, 5:52:55 pm | {"api":"/today-cash/:empNo","event":"TODAY_CASH_API_STARTED","empNo":"282","timestamp":"2026-07-28T12:22:55.544Z"}
28/7/2026, 5:52:55 pm | {"api":"/today-cash/:empNo","event":"TODAY_CASH_DB_QUERY_STARTED","empNo":"282","timestamp":"2026-07-28T12:22:55.545Z"}
28/7/2026, 5:52:55 pm | {"api":"/today-cash/:empNo","event":"TODAY_CASH_NOT_FOUND","empNo":"282","timestamp":"2026-07-28T12:22:55.550Z"}
28/7/2026, 5:53:03 pm | {"api":"/api/cash-closing-dashboard","event":"CASH_CLOSING_DASHBOARD_API_STARTED","filters":{"cluster":"","branch":"","fromDate":"","toDate":"","status":""},"timestamp":"2026-07-28T12:23:03.893Z"}
28/7/2026, 5:53:03 pm | {"api":"/api/cash-closing-dashboard","event":"CASH_CLOSING_DASHBOARD_DB_CONNECTED","timestamp":"2026-07-28T12:23:03.894Z"}
28/7/2026, 5:53:03 pm | {"api":"/api/cash-closing-dashboard","event":"CASH_CLOSING_DASHBOARD_QUERY_STARTED","filters":{"cluster":"","branch":"","fromDate":"","toDate":"","status":""},"timestamp":"2026-07-28T12:23:03.895Z"}
28/7/2026, 5:53:03 pm | {"api":"/api/cash-closing-dashboard","event":"CASH_CLOSING_DASHBOARD_DATA_FETCHED","totalRecords":56,"timestamp":"2026-07-28T12:23:03.932Z"}
28/7/2026, 5:53:03 pm | {"api":"/api/cash-closing-dashboard","event":"CASH_CLOSING_CLUSTER_FETCHED","totalClusters":4,"timestamp":"2026-07-28T12:23:03.935Z"}
28/7/2026, 5:53:03 pm | {"api":"/api/cash-closing-dashboard","event":"CASH_CLOSING_BRANCH_FETCHED","totalBranches":56,"timestamp":"2026-07-28T12:23:03.939Z"}
28/7/2026, 5:53:03 pm | {"api":"/api/cash-closing-dashboard","event":"CASH_CLOSING_DASHBOARD_SUCCESS","totalRecords":56,"filters":{"cluster":"","branch":"","fromDate":"","toDate":"","status":""},"timestamp":"2026-07-28T12:23:03.939Z"}
28/7/2026, 5:53:04 pm | {"api":"/api/cash-closing-dashboard","event":"CASH_CLOSING_DASHBOARD_API_STARTED","filters":{"cluster":"","branch":"","fromDate":"","toDate":"","status":""},"timestamp":"2026-07-28T12:23:04.812Z"}
28/7/2026, 5:53:04 pm | {"api":"/api/cash-closing-dashboard","event":"CASH_CLOSING_DASHBOARD_DB_CONNECTED","timestamp":"2026-07-28T12:23:04.813Z"}
28/7/2026, 5:53:04 pm | {"api":"/api/cash-closing-dashboard","event":"CASH_CLOSING_DASHBOARD_QUERY_STARTED","filters":{"cluster":"","branch":"","fromDate":"","toDate":"","status":""},"timestamp":"2026-07-28T12:23:04.814Z"}
28/7/2026, 5:53:04 pm | {"api":"/api/cash-closing-dashboard","event":"CASH_CLOSING_DASHBOARD_DATA_FETCHED","totalRecords":56,"timestamp":"2026-07-28T12:23:04.821Z"}
28/7/2026, 5:53:04 pm | {"api":"/api/cash-closing-dashboard","event":"CASH_CLOSING_CLUSTER_FETCHED","totalClusters":4,"timestamp":"2026-07-28T12:23:04.826Z"}
28/7/2026, 5:53:04 pm | {"api":"/api/cash-closing-dashboard","event":"CASH_CLOSING_BRANCH_FETCHED","totalBranches":56,"timestamp":"2026-07-28T12:23:04.830Z"}
28/7/2026, 5:53:04 pm | {"api":"/api/cash-closing-dashboard","event":"CASH_CLOSING_DASHBOARD_SUCCESS","totalRecords":56,"filters":{"cluster":"","branch":"","fromDate":"","toDate":"","status":""},"timestamp":"2026-07-28T12:23:04.830Z"}
28/7/2026, 5:53:08 pm | {"api":"/login","event":"LOGIN_API_STARTED","mpin":"2002","deviceId":"8440bf7c24e32ebc","timestamp":"2026-07-28T12:23:08.644Z"}
28/7/2026, 5:53:08 pm | {"event":"LOGIN_REQUEST","mpin":"2002","deviceId":"8440bf7c24e32ebc","timestamp":"2026-07-28T12:23:08.645Z"}
28/7/2026, 5:53:08 pm | {"api":"/login","event":"LOGIN_DB_QUERY_STARTED","mpin":"2002","timestamp":"2026-07-28T12:23:08.646Z"}
28/7/2026, 5:53:08 pm | {"api":"/login","event":"LOGIN_USER_FOUND","empNo":"458","branch":"Nizampatnam","designation":"Branch Manager","timestamp":"2026-07-28T12:23:08.653Z"}
28/7/2026, 5:53:08 pm | {"api":"/login","event":"LOGIN_DEVICE_CHECK","empNo":"458","savedDevice":"8440bf7c24e32ebc","currentDevice":"8440bf7c24e32ebc","timestamp":"2026-07-28T12:23:08.654Z"}
28/7/2026, 5:53:08 pm | {"api":"/login","event":"LOGIN_SUCCESS","empNo":"458","branch":"Nizampatnam","designation":"Branch Manager","loginTime":"2026-07-28T12:23:08.661Z"}
28/7/2026, 5:53:08 pm | {"api":"/employee/:empNo","event":"EMPLOYEE_API_STARTED","empNo":"458","timestamp":"2026-07-28T12:23:08.826Z"}
28/7/2026, 5:53:08 pm | {"api":"/employee/:empNo","event":"EMPLOYEE_DB_QUERY_STARTED","empNo":"458","timestamp":"2026-07-28T12:23:08.827Z"}
28/7/2026, 5:53:08 pm | {"api":"/employee/:empNo","event":"EMPLOYEE_FETCH_SUCCESS","empNo":"458","employeeName":"V Murali Mohan","branch":"Nizampatnam","designation":"Branch Manager","timestamp":"2026-07-28T12:23:08.830Z"}
28/7/2026, 5:53:08 pm | {"api":"/last-submission/:empNo","event":"LAST_SUBMISSION_API_STARTED","empNo":"458","timestamp":"2026-07-28T12:23:08.880Z"}
28/7/2026, 5:53:08 pm | {"api":"/last-submission/:empNo","event":"LAST_SUBMISSION_DB_QUERY_STARTED","empNo":"458","timestamp":"2026-07-28T12:23:08.881Z"}
28/7/2026, 5:53:08 pm | {"api":"/last-submission/:empNo","event":"LAST_SUBMISSION_FETCH_SUCCESS","empNo":"458","amount":2347000,"actionAt":"2026-07-27 17:50:03","timestamp":"2026-07-28T12:23:08.887Z"}
28/7/2026, 5:53:08 pm | {"api":"/today-cash/:empNo","event":"TODAY_CASH_API_STARTED","empNo":"458","timestamp":"2026-07-28T12:23:08.998Z"}
28/7/2026, 5:53:09 pm | {"api":"/today-cash/:empNo","event":"TODAY_CASH_DB_QUERY_STARTED","empNo":"458","timestamp":"2026-07-28T12:23:09.000Z"}
28/7/2026, 5:53:09 pm | {"api":"/today-cash/:empNo","event":"TODAY_CASH_NOT_FOUND","empNo":"458","timestamp":"2026-07-28T12:23:09.005Z"}
28/7/2026, 5:53:12 pm | {"api":"/api/cash-closing-dashboard","event":"CASH_CLOSING_DASHBOARD_API_STARTED","filters":{"cluster":"","branch":"","fromDate":"","toDate":"","status":""},"timestamp":"2026-07-28T12:23:12.578Z"}
28/7/2026, 5:53:12 pm | {"api":"/api/cash-closing-dashboard","event":"CASH_CLOSING_DASHBOARD_DB_CONNECTED","timestamp":"2026-07-28T12:23:12.579Z"}
28/7/2026, 5:53:12 pm | {"api":"/api/cash-closing-dashboard","event":"CASH_CLOSING_DASHBOARD_QUERY_STARTED","filters":{"cluster":"","branch":"","fromDate":"","toDate":"","status":""},"timestamp":"2026-07-28T12:23:12.579Z"}
28/7/2026, 5:53:12 pm | {"api":"/api/cash-closing-dashboard","event":"CASH_CLOSING_DASHBOARD_DATA_FETCHED","totalRecords":56,"timestamp":"2026-07-28T12:23:12.619Z"}
28/7/2026, 5:53:12 pm | {"api":"/api/cash-closing-dashboard","event":"CASH_CLOSING_CLUSTER_FETCHED","totalClusters":4,"timestamp":"2026-07-28T12:23:12.622Z"}
28/7/2026, 5:53:12 pm | {"api":"/api/cash-closing-dashboard","event":"CASH_CLOSING_BRANCH_FETCHED","totalBranches":56,"timestamp":"2026-07-28T12:23:12.626Z"}
28/7/2026, 5:53:12 pm | {"api":"/api/cash-closing-dashboard","event":"CASH_CLOSING_DASHBOARD_SUCCESS","totalRecords":56,"filters":{"cluster":"","branch":"","fromDate":"","toDate":"","status":""},"timestamp":"2026-07-28T12:23:12.626Z"}
28/7/2026, 5:53:12 pm | {"api":"/api/cash-closing-dashboard","event":"CASH_CLOSING_DASHBOARD_API_STARTED","filters":{"cluster":"","branch":"","fromDate":"","toDate":"","status":""},"timestamp":"2026-07-28T12:23:12.719Z"}
28/7/2026, 5:53:12 pm | {"api":"/api/cash-closing-dashboard","event":"CASH_CLOSING_DASHBOARD_DB_CONNECTED","timestamp":"2026-07-28T12:23:12.720Z"}
28/7/2026, 5:53:12 pm | {"api":"/api/cash-closing-dashboard","event":"CASH_CLOSING_DASHBOARD_QUERY_STARTED","filters":{"cluster":"","branch":"","fromDate":"","toDate":"","status":""},"timestamp":"2026-07-28T12:23:12.720Z"}
28/7/2026, 5:53:12 pm | {"api":"/api/cash-closing-dashboard","event":"CASH_CLOSING_DASHBOARD_DATA_FETCHED","totalRecords":56,"timestamp":"2026-07-28T12:23:12.726Z"}
28/7/2026, 5:53:12 pm | {"api":"/api/cash-closing-dashboard","event":"CASH_CLOSING_CLUSTER_FETCHED","totalClusters":4,"timestamp":"2026-07-28T12:23:12.729Z"}
28/7/2026, 5:53:12 pm | {"api":"/api/cash-closing-dashboard","event":"CASH_CLOSING_BRANCH_FETCHED","totalBranches":56,"timestamp":"2026-07-28T12:23:12.732Z"}
28/7/2026, 5:53:12 pm | {"api":"/api/cash-closing-dashboard","event":"CASH_CLOSING_DASHBOARD_SUCCESS","totalRecords":56,"filters":{"cluster":"","branch":"","fromDate":"","toDate":"","status":""},"timestamp":"2026-07-28T12:23:12.733Z"}
28/7/2026, 5:53:12 pm | {"api":"/api/cash-closing-dashboard","event":"CASH_CLOSING_DASHBOARD_API_STARTED","filters":{"cluster":"","branch":"","fromDate":"","toDate":"","status":""},"timestamp":"2026-07-28T12:23:12.863Z"}
28/7/2026, 5:53:12 pm | {"api":"/api/cash-closing-dashboard","event":"CASH_CLOSING_DASHBOARD_DB_CONNECTED","timestamp":"2026-07-28T12:23:12.864Z"}
28/7/2026, 5:53:12 pm | {"api":"/api/cash-closing-dashboard","event":"CASH_CLOSING_DASHBOARD_QUERY_STARTED","filters":{"cluster":"","branch":"","fromDate":"","toDate":"","status":""},"timestamp":"2026-07-28T12:23:12.865Z"}
28/7/2026, 5:53:12 pm | {"api":"/api/cash-closing-dashboard","event":"CASH_CLOSING_DASHBOARD_DATA_FETCHED","totalRecords":56,"timestamp":"2026-07-28T12:23:12.870Z"}
28/7/2026, 5:53:12 pm | {"api":"/api/cash-closing-dashboard","event":"CASH_CLOSING_CLUSTER_FETCHED","totalClusters":4,"timestamp":"2026-07-28T12:23:12.873Z"}
28/7/2026, 5:53:12 pm | {"api":"/api/cash-closing-dashboard","event":"CASH_CLOSING_BRANCH_FETCHED","totalBranches":56,"timestamp":"2026-07-28T12:23:12.876Z"}
28/7/2026, 5:53:12 pm | {"api":"/api/cash-closing-dashboard","event":"CASH_CLOSING_DASHBOARD_SUCCESS","totalRecords":56,"filters":{"cluster":"","branch":"","fromDate":"","toDate":"","status":""},"timestamp":"2026-07-28T12:23:12.877Z"}
28/7/2026, 5:53:13 pm | {"api":"/api/cash-closing-dashboard","event":"CASH_CLOSING_DASHBOARD_API_STARTED","filters":{"cluster":"","branch":"","fromDate":"","toDate":"","status":""},"timestamp":"2026-07-28T12:23:13.000Z"}
28/7/2026, 5:53:13 pm | {"api":"/api/cash-closing-dashboard","event":"CASH_CLOSING_DASHBOARD_DB_CONNECTED","timestamp":"2026-07-28T12:23:13.000Z"}
28/7/2026, 5:53:13 pm | {"api":"/api/cash-closing-dashboard","event":"CASH_CLOSING_DASHBOARD_QUERY_STARTED","filters":{"cluster":"","branch":"","fromDate":"","toDate":"","status":""},"timestamp":"2026-07-28T12:23:13.001Z"}
28/7/2026, 5:53:13 pm | {"api":"/api/cash-closing-dashboard","event":"CASH_CLOSING_DASHBOARD_DATA_FETCHED","totalRecords":56,"timestamp":"2026-07-28T12:23:13.006Z"}
28/7/2026, 5:53:13 pm | {"api":"/api/cash-closing-dashboard","event":"CASH_CLOSING_CLUSTER_FETCHED","totalClusters":4,"timestamp":"2026-07-28T12:23:13.010Z"}
28/7/2026, 5:53:13 pm | {"api":"/api/cash-closing-dashboard","event":"CASH_CLOSING_BRANCH_FETCHED","totalBranches":56,"timestamp":"2026-07-28T12:23:13.014Z"}
28/7/2026, 5:53:13 pm | {"api":"/api/cash-closing-dashboard","event":"CASH_CLOSING_DASHBOARD_SUCCESS","totalRecords":56,"filters":{"cluster":"","branch":"","fromDate":"","toDate":"","status":""},"timestamp":"2026-07-28T12:23:13.015Z"}
28/7/2026, 5:53:13 pm | {"api":"/api/cash-closing-dashboard","event":"CASH_CLOSING_DASHBOARD_API_STARTED","filters":{"cluster":"","branch":"","fromDate":"","toDate":"","status":""},"timestamp":"2026-07-28T12:23:13.152Z"}
28/7/2026, 5:53:13 pm | {"api":"/api/cash-closing-dashboard","event":"CASH_CLOSING_DASHBOARD_DB_CONNECTED","timestamp":"2026-07-28T12:23:13.152Z"}
28/7/2026, 5:53:13 pm | {"api":"/api/cash-closing-dashboard","event":"CASH_CLOSING_DASHBOARD_QUERY_STARTED","filters":{"cluster":"","branch":"","fromDate":"","toDate":"","status":""},"timestamp":"2026-07-28T12:23:13.153Z"}
28/7/2026, 5:53:13 pm | {"api":"/api/cash-closing-dashboard","event":"CASH_CLOSING_DASHBOARD_DATA_FETCHED","totalRecords":56,"timestamp":"2026-07-28T12:23:13.158Z"}
28/7/2026, 5:53:13 pm | {"api":"/api/cash-closing-dashboard","event":"CASH_CLOSING_CLUSTER_FETCHED","totalClusters":4,"timestamp":"2026-07-28T12:23:13.162Z"}
28/7/2026, 5:53:13 pm | {"api":"/api/cash-closing-dashboard","event":"CASH_CLOSING_BRANCH_FETCHED","totalBranches":56,"timestamp":"2026-07-28T12:23:13.165Z"}
28/7/2026, 5:53:13 pm | {"api":"/api/cash-closing-dashboard","event":"CASH_CLOSING_DASHBOARD_SUCCESS","totalRecords":56,"filters":{"cluster":"","branch":"","fromDate":"","toDate":"","status":""},"timestamp":"2026-07-28T12:23:13.166Z"}
28/7/2026, 5:53:13 pm | {"api":"/api/cash-closing-dashboard","event":"CASH_CLOSING_DASHBOARD_API_STARTED","filters":{"cluster":"","branch":"","fromDate":"","toDate":"","status":""},"timestamp":"2026-07-28T12:23:13.271Z"}
28/7/2026, 5:53:13 pm | {"api":"/api/cash-closing-dashboard","event":"CASH_CLOSING_DASHBOARD_DB_CONNECTED","timestamp":"2026-07-28T12:23:13.272Z"}
28/7/2026, 5:53:13 pm | {"api":"/api/cash-closing-dashboard","event":"CASH_CLOSING_DASHBOARD_QUERY_STARTED","filters":{"cluster":"","branch":"","fromDate":"","toDate":"","status":""},"timestamp":"2026-07-28T12:23:13.273Z"}
28/7/2026, 5:53:13 pm | {"api":"/api/cash-closing-dashboard","event":"CASH_CLOSING_DASHBOARD_DATA_FETCHED","totalRecords":56,"timestamp":"2026-07-28T12:23:13.278Z"}
28/7/2026, 5:53:13 pm | {"api":"/api/cash-closing-dashboard","event":"CASH_CLOSING_CLUSTER_FETCHED","totalClusters":4,"timestamp":"2026-07-28T12:23:13.281Z"}
28/7/2026, 5:53:13 pm | {"api":"/api/cash-closing-dashboard","event":"CASH_CLOSING_BRANCH_FETCHED","totalBranches":56,"timestamp":"2026-07-28T12:23:13.284Z"}
28/7/2026, 5:53:13 pm | {"api":"/api/cash-closing-dashboard","event":"CASH_CLOSING_DASHBOARD_SUCCESS","totalRecords":56,"filters":{"cluster":"","branch":"","fromDate":"","toDate":"","status":""},"timestamp":"2026-07-28T12:23:13.285Z"}
28/7/2026, 5:53:13 pm | {"api":"/api/cash-closing-dashboard","event":"CASH_CLOSING_DASHBOARD_API_STARTED","filters":{"cluster":"","branch":"","fromDate":"","toDate":"","status":""},"timestamp":"2026-07-28T12:23:13.391Z"}
28/7/2026, 5:53:13 pm | {"api":"/api/cash-closing-dashboard","event":"CASH_CLOSING_DASHBOARD_DB_CONNECTED","timestamp":"2026-07-28T12:23:13.392Z"}
28/7/2026, 5:53:13 pm | {"api":"/api/cash-closing-dashboard","event":"CASH_CLOSING_DASHBOARD_QUERY_STARTED","filters":{"cluster":"","branch":"","fromDate":"","toDate":"","status":""},"timestamp":"2026-07-28T12:23:13.393Z"}
28/7/2026, 5:53:13 pm | {"api":"/api/cash-closing-dashboard","event":"CASH_CLOSING_DASHBOARD_DATA_FETCHED","totalRecords":56,"timestamp":"2026-07-28T12:23:13.398Z"}
28/7/2026, 5:53:13 pm | {"api":"/api/cash-closing-dashboard","event":"CASH_CLOSING_CLUSTER_FETCHED","totalClusters":4,"timestamp":"2026-07-28T12:23:13.401Z"}
28/7/2026, 5:53:13 pm | {"api":"/api/cash-closing-dashboard","event":"CASH_CLOSING_BRANCH_FETCHED","totalBranches":56,"timestamp":"2026-07-28T12:23:13.406Z"}
28/7/2026, 5:53:13 pm | {"api":"/api/cash-closing-dashboard","event":"CASH_CLOSING_DASHBOARD_SUCCESS","totalRecords":56,"filters":{"cluster":"","branch":"","fromDate":"","toDate":"","status":""},"timestamp":"2026-07-28T12:23:13.406Z"}
28/7/2026, 5:53:13 pm | {"api":"/api/cash-closing-dashboard","event":"CASH_CLOSING_DASHBOARD_API_STARTED","filters":{"cluster":"","branch":"","fromDate":"","toDate":"","status":""},"timestamp":"2026-07-28T12:23:13.519Z"}
28/7/2026, 5:53:13 pm | {"api":"/api/cash-closing-dashboard","event":"CASH_CLOSING_DASHBOARD_DB_CONNECTED","timestamp":"2026-07-28T12:23:13.520Z"}
28/7/2026, 5:53:13 pm | {"api":"/api/cash-closing-dashboard","event":"CASH_CLOSING_DASHBOARD_QUERY_STARTED","filters":{"cluster":"","branch":"","fromDate":"","toDate":"","status":""},"timestamp":"2026-07-28T12:23:13.521Z"}
28/7/2026, 5:53:13 pm | {"api":"/api/cash-closing-dashboard","event":"CASH_CLOSING_DASHBOARD_DATA_FETCHED","totalRecords":56,"timestamp":"2026-07-28T12:23:13.526Z"}
28/7/2026, 5:53:13 pm | {"api":"/api/cash-closing-dashboard","event":"CASH_CLOSING_CLUSTER_FETCHED","totalClusters":4,"timestamp":"2026-07-28T12:23:13.530Z"}
28/7/2026, 5:53:13 pm | {"api":"/api/cash-closing-dashboard","event":"CASH_CLOSING_BRANCH_FETCHED","totalBranches":56,"timestamp":"2026-07-28T12:23:13.533Z"}
28/7/2026, 5:53:13 pm | {"api":"/api/cash-closing-dashboard","event":"CASH_CLOSING_DASHBOARD_SUCCESS","totalRecords":56,"filters":{"cluster":"","branch":"","fromDate":"","toDate":"","status":""},"timestamp":"2026-07-28T12:23:13.533Z"}
28/7/2026, 5:53:13 pm | {"api":"/api/cash-closing-dashboard","event":"CASH_CLOSING_DASHBOARD_API_STARTED","filters":{"cluster":"","branch":"","fromDate":"","toDate":"","status":""},"timestamp":"2026-07-28T12:23:13.680Z"}
28/7/2026, 5:53:13 pm | {"api":"/api/cash-closing-dashboard","event":"CASH_CLOSING_DASHBOARD_DB_CONNECTED","timestamp":"2026-07-28T12:23:13.681Z"}
28/7/2026, 5:53:13 pm | {"api":"/api/cash-closing-dashboard","event":"CASH_CLOSING_DASHBOARD_QUERY_STARTED","filters":{"cluster":"","branch":"","fromDate":"","toDate":"","status":""},"timestamp":"2026-07-28T12:23:13.681Z"}
28/7/2026, 5:53:13 pm | {"api":"/api/cash-closing-dashboard","event":"CASH_CLOSING_DASHBOARD_DATA_FETCHED","totalRecords":56,"timestamp":"2026-07-28T12:23:13.689Z"}
28/7/2026, 5:53:13 pm | {"api":"/api/cash-closing-dashboard","event":"CASH_CLOSING_CLUSTER_FETCHED","totalClusters":4,"timestamp":"2026-07-28T12:23:13.695Z"}
28/7/2026, 5:53:13 pm | {"api":"/api/cash-closing-dashboard","event":"CASH_CLOSING_BRANCH_FETCHED","totalBranches":56,"timestamp":"2026-07-28T12:23:13.698Z"}
28/7/2026, 5:53:13 pm | {"api":"/api/cash-closing-dashboard","event":"CASH_CLOSING_DASHBOARD_SUCCESS","totalRecords":56,"filters":{"cluster":"","branch":"","fromDate":"","toDate":"","status":""},"timestamp":"2026-07-28T12:23:13.698Z"}
28/7/2026, 5:53:13 pm | {"api":"/api/cash-closing-dashboard","event":"CASH_CLOSING_DASHBOARD_API_STARTED","filters":{"cluster":"","branch":"","fromDate":"","toDate":"","status":""},"timestamp":"2026-07-28T12:23:13.815Z"}
28/7/2026, 5:53:13 pm | {"api":"/api/cash-closing-dashboard","event":"CASH_CLOSING_DASHBOARD_DB_CONNECTED","timestamp":"2026-07-28T12:23:13.816Z"}
28/7/2026, 5:53:13 pm | {"api":"/api/cash-closing-dashboard","event":"CASH_CLOSING_DASHBOARD_QUERY_STARTED","filters":{"cluster":"","branch":"","fromDate":"","toDate":"","status":""},"timestamp":"2026-07-28T12:23:13.817Z"}
28/7/2026, 5:53:13 pm | {"api":"/api/cash-closing-dashboard","event":"CASH_CLOSING_DASHBOARD_DATA_FETCHED","totalRecords":56,"timestamp":"2026-07-28T12:23:13.823Z"}
28/7/2026, 5:53:13 pm | {"api":"/api/cash-closing-dashboard","event":"CASH_CLOSING_CLUSTER_FETCHED","totalClusters":4,"timestamp":"2026-07-28T12:23:13.826Z"}
28/7/2026, 5:53:13 pm | {"api":"/api/cash-closing-dashboard","event":"CASH_CLOSING_BRANCH_FETCHED","totalBranches":56,"timestamp":"2026-07-28T12:23:13.830Z"}
28/7/2026, 5:53:13 pm | {"api":"/api/cash-closing-dashboard","event":"CASH_CLOSING_DASHBOARD_SUCCESS","totalRecords":56,"filters":{"cluster":"","branch":"","fromDate":"","toDate":"","status":""},"timestamp":"2026-07-28T12:23:13.830Z"}
28/7/2026, 5:53:27 pm | {"api":"/save-cash-closing","event":"SAVE_CASH_API_STARTED","empNo":"458","amount":"2877000","timestamp":"2026-07-28T12:23:27.215Z"}
28/7/2026, 5:53:27 pm | {"api":"/save-cash-closing","event":"PREVIOUS_DAY_RECORD_FOUND","empNo":"458","oldDate":"2026-07-27T00:00:00.000Z","amount":2347000,"timestamp":"2026-07-28T12:23:27.221Z"}
28/7/2026, 5:53:27 pm | {"api":"/save-cash-closing","event":"PREVIOUS_DAY_MOVED_TO_HISTORY","empNo":"458","timestamp":"2026-07-28T12:23:27.227Z"}
28/7/2026, 5:53:27 pm | {"api":"/save-cash-closing","event":"PREVIOUS_DAY_DELETED","empNo":"458","timestamp":"2026-07-28T12:23:27.234Z"}
28/7/2026, 5:53:27 pm | {"api":"/save-cash-closing","event":"SAVE_CASH_NEW_ENTRY","empNo":"458","amount":"2877000","branch":"Nizampatnam","timestamp":"2026-07-28T12:23:27.237Z"}
28/7/2026, 5:53:27 pm | {"api":"/save-cash-closing","event":"SAVE_CASH_HISTORY_INSERTED","empNo":"458","actionType":"ADDED","version":1,"timestamp":"2026-07-28T12:23:27.248Z"}
28/7/2026, 5:53:27 pm | {"api":"/save-cash-closing","event":"SAVE_CASH_SUCCESS","type":"INSERT","empNo":"458","amount":"2877000","timestamp":"2026-07-28T12:23:27.249Z"}
28/7/2026, 5:53:27 pm | {"api":"/save-cash-closing","event":"SAVE_CASH_API_STARTED","empNo":"282","amount":"3200000","timestamp":"2026-07-28T12:23:27.453Z"}
28/7/2026, 5:53:27 pm | {"api":"/save-cash-closing","event":"PREVIOUS_DAY_RECORD_FOUND","empNo":"282","oldDate":"2026-07-27T00:00:00.000Z","amount":2800000,"timestamp":"2026-07-28T12:23:27.459Z"}
28/7/2026, 5:53:27 pm | {"api":"/save-cash-closing","event":"PREVIOUS_DAY_MOVED_TO_HISTORY","empNo":"282","timestamp":"2026-07-28T12:23:27.466Z"}
28/7/2026, 5:53:27 pm | {"api":"/save-cash-closing","event":"PREVIOUS_DAY_DELETED","empNo":"282","timestamp":"2026-07-28T12:23:27.473Z"}
28/7/2026, 5:53:27 pm | {"api":"/save-cash-closing","event":"SAVE_CASH_NEW_ENTRY","empNo":"282","amount":"3200000","branch":"Jangareddygudem","timestamp":"2026-07-28T12:23:27.476Z"}
28/7/2026, 5:53:27 pm | {"api":"/save-cash-closing","event":"SAVE_CASH_HISTORY_INSERTED","empNo":"282","actionType":"ADDED","version":1,"timestamp":"2026-07-28T12:23:27.487Z"}
28/7/2026, 5:53:27 pm | {"api":"/save-cash-closing","event":"SAVE_CASH_SUCCESS","type":"INSERT","empNo":"282","amount":"3200000","timestamp":"2026-07-28T12:23:27.488Z"}
28/7/2026, 5:53:30 pm | {"api":"/api/cash-closing-dashboard","event":"CASH_CLOSING_DASHBOARD_API_STARTED","filters":{"cluster":"","branch":"","fromDate":"","toDate":"","status":""},"timestamp":"2026-07-28T12:23:30.304Z"}
28/7/2026, 5:53:30 pm | {"api":"/api/cash-closing-dashboard","event":"CASH_CLOSING_DASHBOARD_DB_CONNECTED","timestamp":"2026-07-28T12:23:30.305Z"}
28/7/2026, 5:53:30 pm | {"api":"/api/cash-closing-dashboard","event":"CASH_CLOSING_DASHBOARD_QUERY_STARTED","filters":{"cluster":"","branch":"","fromDate":"","toDate":"","status":""},"timestamp":"2026-07-28T12:23:30.306Z"}
28/7/2026, 5:53:30 pm | {"api":"/api/cash-closing-dashboard","event":"CASH_CLOSING_DASHBOARD_DATA_FETCHED","totalRecords":56,"timestamp":"2026-07-28T12:23:30.338Z"}
28/7/2026, 5:53:30 pm | {"api":"/api/cash-closing-dashboard","event":"CASH_CLOSING_CLUSTER_FETCHED","totalClusters":4,"timestamp":"2026-07-28T12:23:30.342Z"}
28/7/2026, 5:53:30 pm | {"api":"/api/cash-closing-dashboard","event":"CASH_CLOSING_BRANCH_FETCHED","totalBranches":56,"timestamp":"2026-07-28T12:23:30.346Z"}
28/7/2026, 5:53:30 pm | {"api":"/api/cash-closing-dashboard","event":"CASH_CLOSING_DASHBOARD_SUCCESS","totalRecords":56,"filters":{"cluster":"","branch":"","fromDate":"","toDate":"","status":""},"timestamp":"2026-07-28T12:23:30.347Z"}
28/7/2026, 5:53:30 pm | {"api":"/api/cash-closing-dashboard","event":"CASH_CLOSING_DASHBOARD_API_STARTED","filters":{"cluster":"","branch":"","fromDate":"","toDate":"","status":""},"timestamp":"2026-07-28T12:23:30.403Z"}
28/7/2026, 5:53:30 pm | {"api":"/api/cash-closing-dashboard","event":"CASH_CLOSING_DASHBOARD_DB_CONNECTED","timestamp":"2026-07-28T12:23:30.404Z"}
28/7/2026, 5:53:30 pm | {"api":"/api/cash-closing-dashboard","event":"CASH_CLOSING_DASHBOARD_QUERY_STARTED","filters":{"cluster":"","branch":"","fromDate":"","toDate":"","status":""},"timestamp":"2026-07-28T12:23:30.405Z"}
28/7/2026, 5:53:30 pm | {"api":"/api/cash-closing-dashboard","event":"CASH_CLOSING_DASHBOARD_DATA_FETCHED","totalRecords":56,"timestamp":"2026-07-28T12:23:30.411Z"}
28/7/2026, 5:53:30 pm | {"api":"/api/cash-closing-dashboard","event":"CASH_CLOSING_CLUSTER_FETCHED","totalClusters":4,"timestamp":"2026-07-28T12:23:30.414Z"}
28/7/2026, 5:53:30 pm | {"api":"/api/cash-closing-dashboard","event":"CASH_CLOSING_BRANCH_FETCHED","totalBranches":56,"timestamp":"2026-07-28T12:23:30.417Z"}
28/7/2026, 5:53:30 pm | {"api":"/api/cash-closing-dashboard","event":"CASH_CLOSING_DASHBOARD_SUCCESS","totalRecords":56,"filters":{"cluster":"","branch":"","fromDate":"","toDate":"","status":""},"timestamp":"2026-07-28T12:23:30.418Z"}
28/7/2026, 5:53:31 pm | {"api":"/save-cash-closing","event":"SAVE_CASH_API_STARTED","empNo":"282","amount":"3200000","timestamp":"2026-07-28T12:23:31.224Z"}
28/7/2026, 5:53:31 pm | {"api":"/save-cash-closing","event":"SAVE_CASH_UPDATE_STARTED","empNo":"282","oldAmount":3200000,"newAmount":"3200000","currentVersion":1,"nextVersion":2,"timestamp":"2026-07-28T12:23:31.233Z"}
28/7/2026, 5:53:31 pm | {"api":"/save-cash-closing","event":"SAVE_CASH_HISTORY_UPDATED","empNo":"282","version":2,"timestamp":"2026-07-28T12:23:31.246Z"}
28/7/2026, 5:53:31 pm | {"api":"/save-cash-closing","event":"SAVE_CASH_SUCCESS","type":"UPDATE","empNo":"282","amount":"3200000","version":2,"timestamp":"2026-07-28T12:23:31.247Z"}
28/7/2026, 5:53:33 pm | {"api":"/save-cash-closing","event":"SAVE_CASH_API_STARTED","empNo":"282","amount":"3200000","timestamp":"2026-07-28T12:23:33.661Z"}
28/7/2026, 5:53:33 pm | {"api":"/save-cash-closing","event":"SAVE_CASH_UPDATE_STARTED","empNo":"282","oldAmount":3200000,"newAmount":"3200000","currentVersion":2,"nextVersion":3,"timestamp":"2026-07-28T12:23:33.668Z"}
28/7/2026, 5:53:33 pm | {"api":"/save-cash-closing","event":"SAVE_CASH_HISTORY_UPDATED","empNo":"282","version":3,"timestamp":"2026-07-28T12:23:33.680Z"}
28/7/2026, 5:53:33 pm | {"api":"/save-cash-closing","event":"SAVE_CASH_SUCCESS","type":"UPDATE","empNo":"282","amount":"3200000","version":3,"timestamp":"2026-07-28T12:23:33.681Z"}
28/7/2026, 5:53:33 pm | {"api":"/save-cash-closing","event":"SAVE_CASH_API_STARTED","empNo":"458","amount":"2877000","timestamp":"2026-07-28T12:23:33.753Z"}
28/7/2026, 5:53:33 pm | {"api":"/save-cash-closing","event":"SAVE_CASH_UPDATE_STARTED","empNo":"458","oldAmount":2877000,"newAmount":"2877000","currentVersion":1,"nextVersion":2,"timestamp":"2026-07-28T12:23:33.761Z"}
28/7/2026, 5:53:33 pm | {"api":"/save-cash-closing","event":"SAVE_CASH_HISTORY_UPDATED","empNo":"458","version":2,"timestamp":"2026-07-28T12:23:33.775Z"}
28/7/2026, 5:53:33 pm | {"api":"/save-cash-closing","event":"SAVE_CASH_SUCCESS","type":"UPDATE","empNo":"458","amount":"2877000","version":2,"timestamp":"2026-07-28T12:23:33.776Z"}
28/7/2026, 5:53:35 pm | {"api":"/login","event":"LOGIN_API_STARTED","mpin":"0027","deviceId":"9ab88ee8173e3ca2","timestamp":"2026-07-28T12:23:35.251Z"}
28/7/2026, 5:53:35 pm | {"event":"LOGIN_REQUEST","mpin":"0027","deviceId":"9ab88ee8173e3ca2","timestamp":"2026-07-28T12:23:35.252Z"}
28/7/2026, 5:53:35 pm | {"api":"/login","event":"LOGIN_DB_QUERY_STARTED","mpin":"0027","timestamp":"2026-07-28T12:23:35.252Z"}
28/7/2026, 5:53:35 pm | {"api":"/login","event":"LOGIN_USER_FOUND","empNo":"187","branch":"Gorantla","designation":"Branch Manager","timestamp":"2026-07-28T12:23:35.261Z"}
28/7/2026, 5:53:35 pm | {"api":"/login","event":"LOGIN_DEVICE_CHECK","empNo":"187","savedDevice":"9ab88ee8173e3ca2","currentDevice":"9ab88ee8173e3ca2","timestamp":"2026-07-28T12:23:35.262Z"}
28/7/2026, 5:53:35 pm | {"api":"/login","event":"LOGIN_SUCCESS","empNo":"187","branch":"Gorantla","designation":"Branch Manager","loginTime":"2026-07-28T12:23:35.268Z"}
28/7/2026, 5:53:35 pm | {"api":"/api/cash-closing-dashboard","event":"CASH_CLOSING_DASHBOARD_API_STARTED","filters":{"cluster":"","branch":"","fromDate":"","toDate":"","status":""},"timestamp":"2026-07-28T12:23:35.397Z"}
28/7/2026, 5:53:35 pm | {"api":"/api/cash-closing-dashboard","event":"CASH_CLOSING_DASHBOARD_DB_CONNECTED","timestamp":"2026-07-28T12:23:35.398Z"}
28/7/2026, 5:53:35 pm | {"api":"/api/cash-closing-dashboard","event":"CASH_CLOSING_DASHBOARD_QUERY_STARTED","filters":{"cluster":"","branch":"","fromDate":"","toDate":"","status":""},"timestamp":"2026-07-28T12:23:35.398Z"}
28/7/2026, 5:53:35 pm | {"api":"/api/cash-closing-dashboard","event":"CASH_CLOSING_DASHBOARD_DATA_FETCHED","totalRecords":56,"timestamp":"2026-07-28T12:23:35.432Z"}
28/7/2026, 5:53:35 pm | {"api":"/api/cash-closing-dashboard","event":"CASH_CLOSING_CLUSTER_FETCHED","totalClusters":4,"timestamp":"2026-07-28T12:23:35.436Z"}
28/7/2026, 5:53:35 pm | {"api":"/api/cash-closing-dashboard","event":"CASH_CLOSING_BRANCH_FETCHED","totalBranches":56,"timestamp":"2026-07-28T12:23:35.439Z"}
28/7/2026, 5:53:35 pm | {"api":"/api/cash-closing-dashboard","event":"CASH_CLOSING_DASHBOARD_SUCCESS","totalRecords":56,"filters":{"cluster":"","branch":"","fromDate":"","toDate":"","status":""},"timestamp":"2026-07-28T12:23:35.440Z"}
28/7/2026, 5:53:35 pm | {"api":"/employee/:empNo","event":"EMPLOYEE_API_STARTED","empNo":"187","timestamp":"2026-07-28T12:23:35.496Z"}
28/7/2026, 5:53:35 pm | {"api":"/employee/:empNo","event":"EMPLOYEE_DB_QUERY_STARTED","empNo":"187","timestamp":"2026-07-28T12:23:35.497Z"}
28/7/2026, 5:53:35 pm | {"api":"/employee/:empNo","event":"EMPLOYEE_FETCH_SUCCESS","empNo":"187","employeeName":"P. Lakshmi Prasanthi","branch":"Gorantla","designation":"Branch Manager","timestamp":"2026-07-28T12:23:35.501Z"}
28/7/2026, 5:53:35 pm | {"api":"/last-submission/:empNo","event":"LAST_SUBMISSION_API_STARTED","empNo":"187","timestamp":"2026-07-28T12:23:35.599Z"}
28/7/2026, 5:53:35 pm | {"api":"/last-submission/:empNo","event":"LAST_SUBMISSION_DB_QUERY_STARTED","empNo":"187","timestamp":"2026-07-28T12:23:35.600Z"}
28/7/2026, 5:53:35 pm | {"api":"/last-submission/:empNo","event":"LAST_SUBMISSION_FETCH_SUCCESS","empNo":"187","amount":1190000,"actionAt":"2026-07-27 17:51:49","timestamp":"2026-07-28T12:23:35.606Z"}
28/7/2026, 5:53:35 pm | {"api":"/today-cash/:empNo","event":"TODAY_CASH_API_STARTED","empNo":"187","timestamp":"2026-07-28T12:23:35.716Z"}
28/7/2026, 5:53:35 pm | {"api":"/today-cash/:empNo","event":"TODAY_CASH_DB_QUERY_STARTED","empNo":"187","timestamp":"2026-07-28T12:23:35.717Z"}
28/7/2026, 5:53:35 pm | {"api":"/today-cash/:empNo","event":"TODAY_CASH_NOT_FOUND","empNo":"187","timestamp":"2026-07-28T12:23:35.723Z"}
28/7/2026, 5:53:36 pm | {"api":"/api/cash-closing-dashboard","event":"CASH_CLOSING_DASHBOARD_API_STARTED","filters":{"cluster":"","branch":"","fromDate":"","toDate":"","status":""},"timestamp":"2026-07-28T12:23:36.464Z"}
28/7/2026, 5:53:36 pm | {"api":"/api/cash-closing-dashboard","event":"CASH_CLOSING_DASHBOARD_DB_CONNECTED","timestamp":"2026-07-28T12:23:36.465Z"}
28/7/2026, 5:53:36 pm | {"api":"/api/cash-closing-dashboard","event":"CASH_CLOSING_DASHBOARD_QUERY_STARTED","filters":{"cluster":"","branch":"","fromDate":"","toDate":"","status":""},"timestamp":"2026-07-28T12:23:36.466Z"}
28/7/2026, 5:53:36 pm | {"api":"/api/cash-closing-dashboard","event":"CASH_CLOSING_DASHBOARD_DATA_FETCHED","totalRecords":56,"timestamp":"2026-07-28T12:23:36.495Z"}
28/7/2026, 5:53:36 pm | {"api":"/api/cash-closing-dashboard","event":"CASH_CLOSING_CLUSTER_FETCHED","totalClusters":4,"timestamp":"2026-07-28T12:23:36.499Z"}
28/7/2026, 5:53:36 pm | {"api":"/api/cash-closing-dashboard","event":"CASH_CLOSING_BRANCH_FETCHED","totalBranches":56,"timestamp":"2026-07-28T12:23:36.502Z"}
28/7/2026, 5:53:36 pm | {"api":"/api/cash-closing-dashboard","event":"CASH_CLOSING_DASHBOARD_SUCCESS","totalRecords":56,"filters":{"cluster":"","branch":"","fromDate":"","toDate":"","status":""},"timestamp":"2026-07-28T12:23:36.503Z"}
28/7/2026, 5:53:36 pm | {"api":"/api/cash-closing-dashboard","event":"CASH_CLOSING_DASHBOARD_API_STARTED","filters":{"cluster":"","branch":"","fromDate":"","toDate":"","status":""},"timestamp":"2026-07-28T12:23:36.596Z"}
28/7/2026, 5:53:36 pm | {"api":"/api/cash-closing-dashboard","event":"CASH_CLOSING_DASHBOARD_DB_CONNECTED","timestamp":"2026-07-28T12:23:36.597Z"}
28/7/2026, 5:53:36 pm | {"api":"/api/cash-closing-dashboard","event":"CASH_CLOSING_DASHBOARD_QUERY_STARTED","filters":{"cluster":"","branch":"","fromDate":"","toDate":"","status":""},"timestamp":"2026-07-28T12:23:36.598Z"}
28/7/2026, 5:53:36 pm | {"api":"/api/cash-closing-dashboard","event":"CASH_CLOSING_DASHBOARD_DATA_FETCHED","totalRecords":56,"timestamp":"2026-07-28T12:23:36.603Z"}
28/7/2026, 5:53:36 pm | {"api":"/api/cash-closing-dashboard","event":"CASH_CLOSING_CLUSTER_FETCHED","totalClusters":4,"timestamp":"2026-07-28T12:23:36.607Z"}
28/7/2026, 5:53:36 pm | {"api":"/api/cash-closing-dashboard","event":"CASH_CLOSING_BRANCH_FETCHED","totalBranches":56,"timestamp":"2026-07-28T12:23:36.610Z"}
28/7/2026, 5:53:36 pm | {"api":"/api/cash-closing-dashboard","event":"CASH_CLOSING_DASHBOARD_SUCCESS","totalRecords":56,"filters":{"cluster":"","branch":"","fromDate":"","toDate":"","status":""},"timestamp":"2026-07-28T12:23:36.610Z"}
28/7/2026, 5:53:36 pm | {"api":"/api/cash-closing-dashboard","event":"CASH_CLOSING_DASHBOARD_API_STARTED","filters":{"cluster":"","branch":"","fromDate":"","toDate":"","status":""},"timestamp":"2026-07-28T12:23:36.882Z"}
28/7/2026, 5:53:36 pm | {"api":"/api/cash-closing-dashboard","event":"CASH_CLOSING_DASHBOARD_DB_CONNECTED","timestamp":"2026-07-28T12:23:36.883Z"}
28/7/2026, 5:53:36 pm | {"api":"/api/cash-closing-dashboard","event":"CASH_CLOSING_DASHBOARD_QUERY_STARTED","filters":{"cluster":"","branch":"","fromDate":"","toDate":"","status":""},"timestamp":"2026-07-28T12:23:36.884Z"}
28/7/2026, 5:53:36 pm | {"api":"/api/cash-closing-dashboard","event":"CASH_CLOSING_DASHBOARD_DATA_FETCHED","totalRecords":56,"timestamp":"2026-07-28T12:23:36.892Z"}
28/7/2026, 5:53:36 pm | {"api":"/api/cash-closing-dashboard","event":"CASH_CLOSING_CLUSTER_FETCHED","totalClusters":4,"timestamp":"2026-07-28T12:23:36.895Z"}
28/7/2026, 5:53:36 pm | {"api":"/api/cash-closing-dashboard","event":"CASH_CLOSING_BRANCH_FETCHED","totalBranches":56,"timestamp":"2026-07-28T12:23:36.898Z"}
28/7/2026, 5:53:36 pm | {"api":"/api/cash-closing-dashboard","event":"CASH_CLOSING_DASHBOARD_SUCCESS","totalRecords":56,"filters":{"cluster":"","branch":"","fromDate":"","toDate":"","status":""},"timestamp":"2026-07-28T12:23:36.899Z"}
28/7/2026, 5:53:42 pm | {"api":"/save-cash-closing","event":"SAVE_CASH_API_STARTED","empNo":"187","amount":"850000","timestamp":"2026-07-28T12:23:42.847Z"}
28/7/2026, 5:53:42 pm | {"api":"/save-cash-closing","event":"PREVIOUS_DAY_RECORD_FOUND","empNo":"187","oldDate":"2026-07-27T00:00:00.000Z","amount":1190000,"timestamp":"2026-07-28T12:23:42.853Z"}
28/7/2026, 5:53:42 pm | {"api":"/save-cash-closing","event":"PREVIOUS_DAY_MOVED_TO_HISTORY","empNo":"187","timestamp":"2026-07-28T12:23:42.860Z"}
28/7/2026, 5:53:42 pm | {"api":"/save-cash-closing","event":"PREVIOUS_DAY_DELETED","empNo":"187","timestamp":"2026-07-28T12:23:42.867Z"}
28/7/2026, 5:53:42 pm | {"api":"/save-cash-closing","event":"SAVE_CASH_NEW_ENTRY","empNo":"187","amount":"850000","branch":"Gorantla","timestamp":"2026-07-28T12:23:42.869Z"}
28/7/2026, 5:53:42 pm | {"api":"/save-cash-closing","event":"SAVE_CASH_HISTORY_INSERTED","empNo":"187","actionType":"ADDED","version":1,"timestamp":"2026-07-28T12:23:42.881Z"}
28/7/2026, 5:53:42 pm | {"api":"/save-cash-closing","event":"SAVE_CASH_SUCCESS","type":"INSERT","empNo":"187","amount":"850000","timestamp":"2026-07-28T12:23:42.882Z"}
28/7/2026, 5:53:44 pm | {"api":"/save-cash-closing","event":"SAVE_CASH_API_STARTED","empNo":"282","amount":"3200000","timestamp":"2026-07-28T12:23:44.398Z"}
28/7/2026, 5:53:44 pm | {"api":"/save-cash-closing","event":"SAVE_CASH_UPDATE_STARTED","empNo":"282","oldAmount":3200000,"newAmount":"3200000","currentVersion":3,"nextVersion":4,"timestamp":"2026-07-28T12:23:44.406Z"}
28/7/2026, 5:53:44 pm | {"api":"/save-cash-closing","event":"SAVE_CASH_HISTORY_UPDATED","empNo":"282","version":4,"timestamp":"2026-07-28T12:23:44.419Z"}
28/7/2026, 5:53:44 pm | {"api":"/save-cash-closing","event":"SAVE_CASH_SUCCESS","type":"UPDATE","empNo":"282","amount":"3200000","version":4,"timestamp":"2026-07-28T12:23:44.420Z"}
28/7/2026, 5:54:19 pm | {"api":"/login","event":"LOGIN_API_STARTED","mpin":"6735","deviceId":"a8480bb3ac923379","timestamp":"2026-07-28T12:24:19.437Z"}
28/7/2026, 5:54:19 pm | {"event":"LOGIN_REQUEST","mpin":"6735","deviceId":"a8480bb3ac923379","timestamp":"2026-07-28T12:24:19.438Z"}
28/7/2026, 5:54:19 pm | {"api":"/login","event":"LOGIN_DB_QUERY_STARTED","mpin":"6735","timestamp":"2026-07-28T12:24:19.439Z"}
28/7/2026, 5:54:19 pm | {"api":"/login","event":"LOGIN_USER_FOUND","empNo":"917","branch":"Kankipadu","designation":"Branch Manager","timestamp":"2026-07-28T12:24:19.453Z"}
28/7/2026, 5:54:19 pm | {"api":"/login","event":"LOGIN_DEVICE_CHECK","empNo":"917","savedDevice":"a8480bb3ac923379","currentDevice":"a8480bb3ac923379","timestamp":"2026-07-28T12:24:19.454Z"}
28/7/2026, 5:54:19 pm | {"api":"/login","event":"LOGIN_SUCCESS","empNo":"917","branch":"Kankipadu","designation":"Branch Manager","loginTime":"2026-07-28T12:24:19.462Z"}
28/7/2026, 5:54:19 pm | {"api":"/employee/:empNo","event":"EMPLOYEE_API_STARTED","empNo":"917","timestamp":"2026-07-28T12:24:19.585Z"}
28/7/2026, 5:54:19 pm | {"api":"/employee/:empNo","event":"EMPLOYEE_DB_QUERY_STARTED","empNo":"917","timestamp":"2026-07-28T12:24:19.586Z"}
28/7/2026, 5:54:19 pm | {"api":"/employee/:empNo","event":"EMPLOYEE_FETCH_SUCCESS","empNo":"917","employeeName":"Vundavalli Rambabu","branch":"Kankipadu","designation":"Branch Manager","timestamp":"2026-07-28T12:24:19.590Z"}
28/7/2026, 5:54:19 pm | {"api":"/last-submission/:empNo","event":"LAST_SUBMISSION_API_STARTED","empNo":"917","timestamp":"2026-07-28T12:24:19.649Z"}
28/7/2026, 5:54:19 pm | {"api":"/last-submission/:empNo","event":"LAST_SUBMISSION_DB_QUERY_STARTED","empNo":"917","timestamp":"2026-07-28T12:24:19.651Z"}
28/7/2026, 5:54:19 pm | {"api":"/last-submission/:empNo","event":"LAST_SUBMISSION_FETCH_SUCCESS","empNo":"917","amount":620000,"actionAt":"2026-07-27 17:49:58","timestamp":"2026-07-28T12:24:19.656Z"}
28/7/2026, 5:54:19 pm | {"api":"/today-cash/:empNo","event":"TODAY_CASH_API_STARTED","empNo":"917","timestamp":"2026-07-28T12:24:19.810Z"}
28/7/2026, 5:54:19 pm | {"api":"/today-cash/:empNo","event":"TODAY_CASH_DB_QUERY_STARTED","empNo":"917","timestamp":"2026-07-28T12:24:19.811Z"}
28/7/2026, 5:54:19 pm | {"api":"/today-cash/:empNo","event":"TODAY_CASH_NOT_FOUND","empNo":"917","timestamp":"2026-07-28T12:24:19.815Z"}
28/7/2026, 5:54:29 pm | {"api":"/api/cash-closing-dashboard","event":"CASH_CLOSING_DASHBOARD_API_STARTED","filters":{"cluster":"","branch":"","fromDate":"","toDate":"","status":""},"timestamp":"2026-07-28T12:24:29.393Z"}
28/7/2026, 5:54:29 pm | {"api":"/api/cash-closing-dashboard","event":"CASH_CLOSING_DASHBOARD_DB_CONNECTED","timestamp":"2026-07-28T12:24:29.394Z"}
28/7/2026, 5:54:29 pm | {"api":"/api/cash-closing-dashboard","event":"CASH_CLOSING_DASHBOARD_QUERY_STARTED","filters":{"cluster":"","branch":"","fromDate":"","toDate":"","status":""},"timestamp":"2026-07-28T12:24:29.395Z"}
28/7/2026, 5:54:29 pm | {"api":"/api/cash-closing-dashboard","event":"CASH_CLOSING_DASHBOARD_DATA_FETCHED","totalRecords":56,"timestamp":"2026-07-28T12:24:29.401Z"}
28/7/2026, 5:54:29 pm | {"api":"/api/cash-closing-dashboard","event":"CASH_CLOSING_CLUSTER_FETCHED","totalClusters":4,"timestamp":"2026-07-28T12:24:29.404Z"}
28/7/2026, 5:54:29 pm | {"api":"/api/cash-closing-dashboard","event":"CASH_CLOSING_BRANCH_FETCHED","totalBranches":56,"timestamp":"2026-07-28T12:24:29.408Z"}
28/7/2026, 5:54:29 pm | {"api":"/api/cash-closing-dashboard","event":"CASH_CLOSING_DASHBOARD_SUCCESS","totalRecords":56,"filters":{"cluster":"","branch":"","fromDate":"","toDate":"","status":""},"timestamp":"2026-07-28T12:24:29.408Z"}
28/7/2026, 5:54:29 pm | {"api":"/api/cash-closing-dashboard","event":"CASH_CLOSING_DASHBOARD_API_STARTED","filters":{"cluster":"","branch":"","fromDate":"","toDate":"","status":""},"timestamp":"2026-07-28T12:24:29.485Z"}
28/7/2026, 5:54:29 pm | {"api":"/api/cash-closing-dashboard","event":"CASH_CLOSING_DASHBOARD_DB_CONNECTED","timestamp":"2026-07-28T12:24:29.486Z"}
28/7/2026, 5:54:29 pm | {"api":"/api/cash-closing-dashboard","event":"CASH_CLOSING_DASHBOARD_QUERY_STARTED","filters":{"cluster":"","branch":"","fromDate":"","toDate":"","status":""},"timestamp":"2026-07-28T12:24:29.487Z"}
28/7/2026, 5:54:29 pm | {"api":"/api/cash-closing-dashboard","event":"CASH_CLOSING_DASHBOARD_DATA_FETCHED","totalRecords":56,"timestamp":"2026-07-28T12:24:29.495Z"}
28/7/2026, 5:54:29 pm | {"api":"/api/cash-closing-dashboard","event":"CASH_CLOSING_CLUSTER_FETCHED","totalClusters":4,"timestamp":"2026-07-28T12:24:29.498Z"}
28/7/2026, 5:54:29 pm | {"api":"/api/cash-closing-dashboard","event":"CASH_CLOSING_BRANCH_FETCHED","totalBranches":56,"timestamp":"2026-07-28T12:24:29.501Z"}
28/7/2026, 5:54:29 pm | {"api":"/api/cash-closing-dashboard","event":"CASH_CLOSING_DASHBOARD_SUCCESS","totalRecords":56,"filters":{"cluster":"","branch":"","fromDate":"","toDate":"","status":""},"timestamp":"2026-07-28T12:24:29.501Z"}
28/7/2026, 5:54:29 pm | {"api":"/api/cash-closing-dashboard","event":"CASH_CLOSING_DASHBOARD_API_STARTED","filters":{"cluster":"","branch":"","fromDate":"","toDate":"","status":""},"timestamp":"2026-07-28T12:24:29.606Z"}
28/7/2026, 5:54:29 pm | {"api":"/api/cash-closing-dashboard","event":"CASH_CLOSING_DASHBOARD_DB_CONNECTED","timestamp":"2026-07-28T12:24:29.607Z"}
28/7/2026, 5:54:29 pm | {"api":"/api/cash-closing-dashboard","event":"CASH_CLOSING_DASHBOARD_QUERY_STARTED","filters":{"cluster":"","branch":"","fromDate":"","toDate":"","status":""},"timestamp":"2026-07-28T12:24:29.608Z"}
28/7/2026, 5:54:29 pm | {"api":"/api/cash-closing-dashboard","event":"CASH_CLOSING_DASHBOARD_DATA_FETCHED","totalRecords":56,"timestamp":"2026-07-28T12:24:29.613Z"}
28/7/2026, 5:54:29 pm | {"api":"/api/cash-closing-dashboard","event":"CASH_CLOSING_CLUSTER_FETCHED","totalClusters":4,"timestamp":"2026-07-28T12:24:29.616Z"}
28/7/2026, 5:54:29 pm | {"api":"/api/cash-closing-dashboard","event":"CASH_CLOSING_BRANCH_FETCHED","totalBranches":56,"timestamp":"2026-07-28T12:24:29.619Z"}
28/7/2026, 5:54:29 pm | {"api":"/api/cash-closing-dashboard","event":"CASH_CLOSING_DASHBOARD_SUCCESS","totalRecords":56,"filters":{"cluster":"","branch":"","fromDate":"","toDate":"","status":""},"timestamp":"2026-07-28T12:24:29.620Z"}
28/7/2026, 5:54:29 pm | {"api":"/api/cash-closing-dashboard","event":"CASH_CLOSING_DASHBOARD_API_STARTED","filters":{"cluster":"","branch":"","fromDate":"","toDate":"","status":""},"timestamp":"2026-07-28T12:24:29.742Z"}
28/7/2026, 5:54:29 pm | {"api":"/api/cash-closing-dashboard","event":"CASH_CLOSING_DASHBOARD_DB_CONNECTED","timestamp":"2026-07-28T12:24:29.743Z"}
28/7/2026, 5:54:29 pm | {"api":"/api/cash-closing-dashboard","event":"CASH_CLOSING_DASHBOARD_QUERY_STARTED","filters":{"cluster":"","branch":"","fromDate":"","toDate":"","status":""},"timestamp":"2026-07-28T12:24:29.743Z"}
28/7/2026, 5:54:29 pm | {"api":"/api/cash-closing-dashboard","event":"CASH_CLOSING_DASHBOARD_DATA_FETCHED","totalRecords":56,"timestamp":"2026-07-28T12:24:29.749Z"}
28/7/2026, 5:54:29 pm | {"api":"/api/cash-closing-dashboard","event":"CASH_CLOSING_CLUSTER_FETCHED","totalClusters":4,"timestamp":"2026-07-28T12:24:29.752Z"}
28/7/2026, 5:54:29 pm | {"api":"/api/cash-closing-dashboard","event":"CASH_CLOSING_BRANCH_FETCHED","totalBranches":56,"timestamp":"2026-07-28T12:24:29.755Z"}
28/7/2026, 5:54:29 pm | {"api":"/api/cash-closing-dashboard","event":"CASH_CLOSING_DASHBOARD_SUCCESS","totalRecords":56,"filters":{"cluster":"","branch":"","fromDate":"","toDate":"","status":""},"timestamp":"2026-07-28T12:24:29.756Z"}
28/7/2026, 5:54:29 pm | {"api":"/api/cash-closing-dashboard","event":"CASH_CLOSING_DASHBOARD_API_STARTED","filters":{"cluster":"","branch":"","fromDate":"","toDate":"","status":""},"timestamp":"2026-07-28T12:24:29.878Z"}
28/7/2026, 5:54:29 pm | {"api":"/api/cash-closing-dashboard","event":"CASH_CLOSING_DASHBOARD_DB_CONNECTED","timestamp":"2026-07-28T12:24:29.879Z"}
28/7/2026, 5:54:29 pm | {"api":"/api/cash-closing-dashboard","event":"CASH_CLOSING_DASHBOARD_QUERY_STARTED","filters":{"cluster":"","branch":"","fromDate":"","toDate":"","status":""},"timestamp":"2026-07-28T12:24:29.879Z"}
28/7/2026, 5:54:29 pm | {"api":"/api/cash-closing-dashboard","event":"CASH_CLOSING_DASHBOARD_DATA_FETCHED","totalRecords":56,"timestamp":"2026-07-28T12:24:29.885Z"}
28/7/2026, 5:54:29 pm | {"api":"/api/cash-closing-dashboard","event":"CASH_CLOSING_CLUSTER_FETCHED","totalClusters":4,"timestamp":"2026-07-28T12:24:29.888Z"}
28/7/2026, 5:54:29 pm | {"api":"/api/cash-closing-dashboard","event":"CASH_CLOSING_BRANCH_FETCHED","totalBranches":56,"timestamp":"2026-07-28T12:24:29.892Z"}
28/7/2026, 5:54:29 pm | {"api":"/api/cash-closing-dashboard","event":"CASH_CLOSING_DASHBOARD_SUCCESS","totalRecords":56,"filters":{"cluster":"","branch":"","fromDate":"","toDate":"","status":""},"timestamp":"2026-07-28T12:24:29.892Z"}
28/7/2026, 5:54:29 pm | {"api":"/api/cash-closing-dashboard","event":"CASH_CLOSING_DASHBOARD_API_STARTED","filters":{"cluster":"","branch":"","fromDate":"","toDate":"","status":""},"timestamp":"2026-07-28T12:24:29.997Z"}
28/7/2026, 5:54:29 pm | {"api":"/api/cash-closing-dashboard","event":"CASH_CLOSING_DASHBOARD_DB_CONNECTED","timestamp":"2026-07-28T12:24:29.998Z"}
28/7/2026, 5:54:29 pm | {"api":"/api/cash-closing-dashboard","event":"CASH_CLOSING_DASHBOARD_QUERY_STARTED","filters":{"cluster":"","branch":"","fromDate":"","toDate":"","status":""},"timestamp":"2026-07-28T12:24:29.999Z"}
28/7/2026, 5:54:30 pm | {"api":"/api/cash-closing-dashboard","event":"CASH_CLOSING_DASHBOARD_DATA_FETCHED","totalRecords":56,"timestamp":"2026-07-28T12:24:30.005Z"}
28/7/2026, 5:54:30 pm | {"api":"/api/cash-closing-dashboard","event":"CASH_CLOSING_CLUSTER_FETCHED","totalClusters":4,"timestamp":"2026-07-28T12:24:30.008Z"}
28/7/2026, 5:54:30 pm | {"api":"/api/cash-closing-dashboard","event":"CASH_CLOSING_BRANCH_FETCHED","totalBranches":56,"timestamp":"2026-07-28T12:24:30.012Z"}
28/7/2026, 5:54:30 pm | {"api":"/api/cash-closing-dashboard","event":"CASH_CLOSING_DASHBOARD_SUCCESS","totalRecords":56,"filters":{"cluster":"","branch":"","fromDate":"","toDate":"","status":""},"timestamp":"2026-07-28T12:24:30.013Z"}
28/7/2026, 5:54:50 pm | {"api":"/save-cash-closing","event":"SAVE_CASH_API_STARTED","empNo":"917","amount":"390000","timestamp":"2026-07-28T12:24:50.339Z"}
28/7/2026, 5:54:50 pm | {"api":"/save-cash-closing","event":"PREVIOUS_DAY_RECORD_FOUND","empNo":"917","oldDate":"2026-07-27T00:00:00.000Z","amount":620000,"timestamp":"2026-07-28T12:24:50.346Z"}
28/7/2026, 5:54:50 pm | {"api":"/save-cash-closing","event":"PREVIOUS_DAY_MOVED_TO_HISTORY","empNo":"917","timestamp":"2026-07-28T12:24:50.352Z"}
28/7/2026, 5:54:50 pm | {"api":"/save-cash-closing","event":"PREVIOUS_DAY_DELETED","empNo":"917","timestamp":"2026-07-28T12:24:50.359Z"}
28/7/2026, 5:54:50 pm | {"api":"/save-cash-closing","event":"SAVE_CASH_NEW_ENTRY","empNo":"917","amount":"390000","branch":"Kankipadu","timestamp":"2026-07-28T12:24:50.362Z"}
28/7/2026, 5:54:50 pm | {"api":"/save-cash-closing","event":"SAVE_CASH_HISTORY_INSERTED","empNo":"917","actionType":"ADDED","version":1,"timestamp":"2026-07-28T12:24:50.374Z"}
28/7/2026, 5:54:50 pm | {"api":"/save-cash-closing","event":"SAVE_CASH_SUCCESS","type":"INSERT","empNo":"917","amount":"390000","timestamp":"2026-07-28T12:24:50.375Z"}
28/7/2026, 5:55:03 pm | {"api":"/save-cash-closing","event":"SAVE_CASH_API_STARTED","empNo":"917","amount":"390000","timestamp":"2026-07-28T12:25:03.461Z"}
28/7/2026, 5:55:03 pm | {"api":"/save-cash-closing","event":"SAVE_CASH_UPDATE_STARTED","empNo":"917","oldAmount":390000,"newAmount":"390000","currentVersion":1,"nextVersion":2,"timestamp":"2026-07-28T12:25:03.469Z"}
28/7/2026, 5:55:03 pm | {"api":"/save-cash-closing","event":"SAVE_CASH_HISTORY_UPDATED","empNo":"917","version":2,"timestamp":"2026-07-28T12:25:03.481Z"}
28/7/2026, 5:55:03 pm | {"api":"/save-cash-closing","event":"SAVE_CASH_SUCCESS","type":"UPDATE","empNo":"917","amount":"390000","version":2,"timestamp":"2026-07-28T12:25:03.482Z"}
28/7/2026, 5:55:13 pm | {"api":"/login","event":"LOGIN_API_STARTED","mpin":"6735","deviceId":"a8480bb3ac923379","timestamp":"2026-07-28T12:25:13.346Z"}
28/7/2026, 5:55:13 pm | {"event":"LOGIN_REQUEST","mpin":"6735","deviceId":"a8480bb3ac923379","timestamp":"2026-07-28T12:25:13.347Z"}
28/7/2026, 5:55:13 pm | {"api":"/login","event":"LOGIN_DB_QUERY_STARTED","mpin":"6735","timestamp":"2026-07-28T12:25:13.347Z"}
28/7/2026, 5:55:13 pm | {"api":"/login","event":"LOGIN_USER_FOUND","empNo":"917","branch":"Kankipadu","designation":"Branch Manager","timestamp":"2026-07-28T12:25:13.357Z"}
28/7/2026, 5:55:13 pm | {"api":"/login","event":"LOGIN_DEVICE_CHECK","empNo":"917","savedDevice":"a8480bb3ac923379","currentDevice":"a8480bb3ac923379","timestamp":"2026-07-28T12:25:13.358Z"}
28/7/2026, 5:55:13 pm | {"api":"/login","event":"LOGIN_SUCCESS","empNo":"917","branch":"Kankipadu","designation":"Branch Manager","loginTime":"2026-07-28T12:25:13.367Z"}
28/7/2026, 5:55:13 pm | {"api":"/employee/:empNo","event":"EMPLOYEE_API_STARTED","empNo":"917","timestamp":"2026-07-28T12:25:13.530Z"}
28/7/2026, 5:55:13 pm | {"api":"/employee/:empNo","event":"EMPLOYEE_DB_QUERY_STARTED","empNo":"917","timestamp":"2026-07-28T12:25:13.532Z"}
28/7/2026, 5:55:13 pm | {"api":"/employee/:empNo","event":"EMPLOYEE_FETCH_SUCCESS","empNo":"917","employeeName":"Vundavalli Rambabu","branch":"Kankipadu","designation":"Branch Manager","timestamp":"2026-07-28T12:25:13.536Z"}
28/7/2026, 5:55:13 pm | {"api":"/last-submission/:empNo","event":"LAST_SUBMISSION_API_STARTED","empNo":"917","timestamp":"2026-07-28T12:25:13.590Z"}
28/7/2026, 5:55:13 pm | {"api":"/last-submission/:empNo","event":"LAST_SUBMISSION_DB_QUERY_STARTED","empNo":"917","timestamp":"2026-07-28T12:25:13.591Z"}
28/7/2026, 5:55:13 pm | {"api":"/last-submission/:empNo","event":"LAST_SUBMISSION_FETCH_SUCCESS","empNo":"917","amount":620000,"actionAt":"2026-07-27 17:49:58","timestamp":"2026-07-28T12:25:13.597Z"}
28/7/2026, 5:55:13 pm | {"api":"/today-cash/:empNo","event":"TODAY_CASH_API_STARTED","empNo":"917","timestamp":"2026-07-28T12:25:13.672Z"}
28/7/2026, 5:55:13 pm | {"api":"/today-cash/:empNo","event":"TODAY_CASH_DB_QUERY_STARTED","empNo":"917","timestamp":"2026-07-28T12:25:13.673Z"}
28/7/2026, 5:55:13 pm | {"api":"/today-cash/:empNo","event":"TODAY_CASH_FETCH_SUCCESS","empNo":"917","amount":390000,"actionAt":"2026-07-28 17:55:04","timestamp":"2026-07-28T12:25:13.677Z"}
28/7/2026, 5:55:14 pm | {"api":"/api/cash-closing-dashboard","event":"CASH_CLOSING_DASHBOARD_API_STARTED","filters":{"cluster":"","branch":"","fromDate":"","toDate":"","status":""},"timestamp":"2026-07-28T12:25:14.810Z"}
28/7/2026, 5:55:14 pm | {"api":"/api/cash-closing-dashboard","event":"CASH_CLOSING_DASHBOARD_DB_CONNECTED","timestamp":"2026-07-28T12:25:14.811Z"}
28/7/2026, 5:55:14 pm | {"api":"/api/cash-closing-dashboard","event":"CASH_CLOSING_DASHBOARD_QUERY_STARTED","filters":{"cluster":"","branch":"","fromDate":"","toDate":"","status":""},"timestamp":"2026-07-28T12:25:14.812Z"}
28/7/2026, 5:55:14 pm | {"api":"/api/cash-closing-dashboard","event":"CASH_CLOSING_DASHBOARD_DATA_FETCHED","totalRecords":56,"timestamp":"2026-07-28T12:25:14.820Z"}
28/7/2026, 5:55:14 pm | {"api":"/api/cash-closing-dashboard","event":"CASH_CLOSING_CLUSTER_FETCHED","totalClusters":4,"timestamp":"2026-07-28T12:25:14.823Z"}
28/7/2026, 5:55:14 pm | {"api":"/api/cash-closing-dashboard","event":"CASH_CLOSING_BRANCH_FETCHED","totalBranches":56,"timestamp":"2026-07-28T12:25:14.826Z"}
28/7/2026, 5:55:14 pm | {"api":"/api/cash-closing-dashboard","event":"CASH_CLOSING_DASHBOARD_SUCCESS","totalRecords":56,"filters":{"cluster":"","branch":"","fromDate":"","toDate":"","status":""},"timestamp":"2026-07-28T12:25:14.827Z"}
28/7/2026, 5:55:14 pm | {"api":"/api/cash-closing-dashboard","event":"CASH_CLOSING_DASHBOARD_API_STARTED","filters":{"cluster":"","branch":"","fromDate":"","toDate":"","status":""},"timestamp":"2026-07-28T12:25:14.945Z"}
28/7/2026, 5:55:14 pm | {"api":"/api/cash-closing-dashboard","event":"CASH_CLOSING_DASHBOARD_DB_CONNECTED","timestamp":"2026-07-28T12:25:14.946Z"}
28/7/2026, 5:55:14 pm | {"api":"/api/cash-closing-dashboard","event":"CASH_CLOSING_DASHBOARD_QUERY_STARTED","filters":{"cluster":"","branch":"","fromDate":"","toDate":"","status":""},"timestamp":"2026-07-28T12:25:14.947Z"}
28/7/2026, 5:55:14 pm | {"api":"/api/cash-closing-dashboard","event":"CASH_CLOSING_DASHBOARD_DATA_FETCHED","totalRecords":56,"timestamp":"2026-07-28T12:25:14.953Z"}
28/7/2026, 5:55:14 pm | {"api":"/api/cash-closing-dashboard","event":"CASH_CLOSING_CLUSTER_FETCHED","totalClusters":4,"timestamp":"2026-07-28T12:25:14.957Z"}
28/7/2026, 5:55:14 pm | {"api":"/api/cash-closing-dashboard","event":"CASH_CLOSING_BRANCH_FETCHED","totalBranches":56,"timestamp":"2026-07-28T12:25:14.961Z"}
28/7/2026, 5:55:14 pm | {"api":"/api/cash-closing-dashboard","event":"CASH_CLOSING_DASHBOARD_SUCCESS","totalRecords":56,"filters":{"cluster":"","branch":"","fromDate":"","toDate":"","status":""},"timestamp":"2026-07-28T12:25:14.961Z"}
28/7/2026, 5:55:15 pm | {"api":"/api/cash-closing-dashboard","event":"CASH_CLOSING_DASHBOARD_API_STARTED","filters":{"cluster":"","branch":"","fromDate":"","toDate":"","status":""},"timestamp":"2026-07-28T12:25:15.113Z"}
28/7/2026, 5:55:15 pm | {"api":"/api/cash-closing-dashboard","event":"CASH_CLOSING_DASHBOARD_DB_CONNECTED","timestamp":"2026-07-28T12:25:15.114Z"}
28/7/2026, 5:55:15 pm | {"api":"/api/cash-closing-dashboard","event":"CASH_CLOSING_DASHBOARD_QUERY_STARTED","filters":{"cluster":"","branch":"","fromDate":"","toDate":"","status":""},"timestamp":"2026-07-28T12:25:15.115Z"}
28/7/2026, 5:55:15 pm | {"api":"/api/cash-closing-dashboard","event":"CASH_CLOSING_DASHBOARD_DATA_FETCHED","totalRecords":56,"timestamp":"2026-07-28T12:25:15.121Z"}
28/7/2026, 5:55:15 pm | {"api":"/api/cash-closing-dashboard","event":"CASH_CLOSING_CLUSTER_FETCHED","totalClusters":4,"timestamp":"2026-07-28T12:25:15.125Z"}
28/7/2026, 5:55:15 pm | {"api":"/api/cash-closing-dashboard","event":"CASH_CLOSING_BRANCH_FETCHED","totalBranches":56,"timestamp":"2026-07-28T12:25:15.130Z"}
28/7/2026, 5:55:15 pm | {"api":"/api/cash-closing-dashboard","event":"CASH_CLOSING_DASHBOARD_SUCCESS","totalRecords":56,"filters":{"cluster":"","branch":"","fromDate":"","toDate":"","status":""},"timestamp":"2026-07-28T12:25:15.131Z"}
28/7/2026, 5:55:26 pm | {"api":"/api/cash-closing-dashboard","event":"CASH_CLOSING_DASHBOARD_API_STARTED","filters":{"cluster":"","branch":"","fromDate":"","toDate":"","status":""},"timestamp":"2026-07-28T12:25:26.769Z"}
28/7/2026, 5:55:26 pm | {"api":"/api/cash-closing-dashboard","event":"CASH_CLOSING_DASHBOARD_DB_CONNECTED","timestamp":"2026-07-28T12:25:26.769Z"}
28/7/2026, 5:55:26 pm | {"api":"/api/cash-closing-dashboard","event":"CASH_CLOSING_DASHBOARD_QUERY_STARTED","filters":{"cluster":"","branch":"","fromDate":"","toDate":"","status":""},"timestamp":"2026-07-28T12:25:26.770Z"}
28/7/2026, 5:55:26 pm | {"api":"/api/cash-closing-dashboard","event":"CASH_CLOSING_DASHBOARD_DATA_FETCHED","totalRecords":56,"timestamp":"2026-07-28T12:25:26.775Z"}
28/7/2026, 5:55:26 pm | {"api":"/api/cash-closing-dashboard","event":"CASH_CLOSING_CLUSTER_FETCHED","totalClusters":4,"timestamp":"2026-07-28T12:25:26.778Z"}
28/7/2026, 5:55:26 pm | {"api":"/api/cash-closing-dashboard","event":"CASH_CLOSING_BRANCH_FETCHED","totalBranches":56,"timestamp":"2026-07-28T12:25:26.781Z"}
28/7/2026, 5:55:26 pm | {"api":"/api/cash-closing-dashboard","event":"CASH_CLOSING_DASHBOARD_SUCCESS","totalRecords":56,"filters":{"cluster":"","branch":"","fromDate":"","toDate":"","status":""},"timestamp":"2026-07-28T12:25:26.782Z"}
28/7/2026, 5:55:26 pm | {"api":"/api/cash-closing-dashboard","event":"CASH_CLOSING_DASHBOARD_API_STARTED","filters":{"cluster":"","branch":"","fromDate":"","toDate":"","status":""},"timestamp":"2026-07-28T12:25:26.857Z"}
28/7/2026, 5:55:26 pm | {"api":"/api/cash-closing-dashboard","event":"CASH_CLOSING_DASHBOARD_DB_CONNECTED","timestamp":"2026-07-28T12:25:26.858Z"}
28/7/2026, 5:55:26 pm | {"api":"/api/cash-closing-dashboard","event":"CASH_CLOSING_DASHBOARD_QUERY_STARTED","filters":{"cluster":"","branch":"","fromDate":"","toDate":"","status":""},"timestamp":"2026-07-28T12:25:26.859Z"}
28/7/2026, 5:55:26 pm | {"api":"/api/cash-closing-dashboard","event":"CASH_CLOSING_DASHBOARD_DATA_FETCHED","totalRecords":56,"timestamp":"2026-07-28T12:25:26.865Z"}
28/7/2026, 5:55:26 pm | {"api":"/api/cash-closing-dashboard","event":"CASH_CLOSING_CLUSTER_FETCHED","totalClusters":4,"timestamp":"2026-07-28T12:25:26.868Z"}
28/7/2026, 5:55:26 pm | {"api":"/api/cash-closing-dashboard","event":"CASH_CLOSING_BRANCH_FETCHED","totalBranches":56,"timestamp":"2026-07-28T12:25:26.871Z"}
28/7/2026, 5:55:26 pm | {"api":"/api/cash-closing-dashboard","event":"CASH_CLOSING_DASHBOARD_SUCCESS","totalRecords":56,"filters":{"cluster":"","branch":"","fromDate":"","toDate":"","status":""},"timestamp":"2026-07-28T12:25:26.872Z"}
28/7/2026, 5:55:26 pm | {"api":"/api/cash-closing-dashboard","event":"CASH_CLOSING_DASHBOARD_API_STARTED","filters":{"cluster":"","branch":"","fromDate":"","toDate":"","status":""},"timestamp":"2026-07-28T12:25:26.890Z"}
28/7/2026, 5:55:26 pm | {"api":"/api/cash-closing-dashboard","event":"CASH_CLOSING_DASHBOARD_DB_CONNECTED","timestamp":"2026-07-28T12:25:26.891Z"}
28/7/2026, 5:55:26 pm | {"api":"/api/cash-closing-dashboard","event":"CASH_CLOSING_DASHBOARD_QUERY_STARTED","filters":{"cluster":"","branch":"","fromDate":"","toDate":"","status":""},"timestamp":"2026-07-28T12:25:26.892Z"}
28/7/2026, 5:55:26 pm | {"api":"/api/cash-closing-dashboard","event":"CASH_CLOSING_DASHBOARD_DATA_FETCHED","totalRecords":56,"timestamp":"2026-07-28T12:25:26.897Z"}
28/7/2026, 5:55:26 pm | {"api":"/api/cash-closing-dashboard","event":"CASH_CLOSING_CLUSTER_FETCHED","totalClusters":4,"timestamp":"2026-07-28T12:25:26.901Z"}
28/7/2026, 5:55:26 pm | {"api":"/api/cash-closing-dashboard","event":"CASH_CLOSING_BRANCH_FETCHED","totalBranches":56,"timestamp":"2026-07-28T12:25:26.905Z"}
28/7/2026, 5:55:26 pm | {"api":"/api/cash-closing-dashboard","event":"CASH_CLOSING_DASHBOARD_SUCCESS","totalRecords":56,"filters":{"cluster":"","branch":"","fromDate":"","toDate":"","status":""},"timestamp":"2026-07-28T12:25:26.906Z"}
28/7/2026, 5:55:27 pm | {"api":"/api/cash-closing-dashboard","event":"CASH_CLOSING_DASHBOARD_API_STARTED","filters":{"cluster":"","branch":"","fromDate":"","toDate":"","status":""},"timestamp":"2026-07-28T12:25:27.145Z"}
28/7/2026, 5:55:27 pm | {"api":"/api/cash-closing-dashboard","event":"CASH_CLOSING_DASHBOARD_DB_CONNECTED","timestamp":"2026-07-28T12:25:27.147Z"}
28/7/2026, 5:55:27 pm | {"api":"/api/cash-closing-dashboard","event":"CASH_CLOSING_DASHBOARD_QUERY_STARTED","filters":{"cluster":"","branch":"","fromDate":"","toDate":"","status":""},"timestamp":"2026-07-28T12:25:27.147Z"}
28/7/2026, 5:55:27 pm | {"api":"/api/cash-closing-dashboard","event":"CASH_CLOSING_DASHBOARD_DATA_FETCHED","totalRecords":56,"timestamp":"2026-07-28T12:25:27.154Z"}
28/7/2026, 5:55:27 pm | {"api":"/api/cash-closing-dashboard","event":"CASH_CLOSING_CLUSTER_FETCHED","totalClusters":4,"timestamp":"2026-07-28T12:25:27.157Z"}
28/7/2026, 5:55:27 pm | {"api":"/api/cash-closing-dashboard","event":"CASH_CLOSING_BRANCH_FETCHED","totalBranches":56,"timestamp":"2026-07-28T12:25:27.161Z"}
28/7/2026, 5:55:27 pm | {"api":"/api/cash-closing-dashboard","event":"CASH_CLOSING_DASHBOARD_SUCCESS","totalRecords":56,"filters":{"cluster":"","branch":"","fromDate":"","toDate":"","status":""},"timestamp":"2026-07-28T12:25:27.162Z"}
28/7/2026, 5:55:27 pm | {"api":"/api/cash-closing-dashboard","event":"CASH_CLOSING_DASHBOARD_API_STARTED","filters":{"cluster":"","branch":"","fromDate":"","toDate":"","status":""},"timestamp":"2026-07-28T12:25:27.346Z"}
28/7/2026, 5:55:27 pm | {"api":"/api/cash-closing-dashboard","event":"CASH_CLOSING_DASHBOARD_DB_CONNECTED","timestamp":"2026-07-28T12:25:27.347Z"}
28/7/2026, 5:55:27 pm | {"api":"/api/cash-closing-dashboard","event":"CASH_CLOSING_DASHBOARD_QUERY_STARTED","filters":{"cluster":"","branch":"","fromDate":"","toDate":"","status":""},"timestamp":"2026-07-28T12:25:27.348Z"}
28/7/2026, 5:55:27 pm | {"api":"/api/cash-closing-dashboard","event":"CASH_CLOSING_DASHBOARD_DATA_FETCHED","totalRecords":56,"timestamp":"2026-07-28T12:25:27.355Z"}
28/7/2026, 5:55:27 pm | {"api":"/api/cash-closing-dashboard","event":"CASH_CLOSING_CLUSTER_FETCHED","totalClusters":4,"timestamp":"2026-07-28T12:25:27.359Z"}
28/7/2026, 5:55:27 pm | {"api":"/api/cash-closing-dashboard","event":"CASH_CLOSING_BRANCH_FETCHED","totalBranches":56,"timestamp":"2026-07-28T12:25:27.363Z"}
28/7/2026, 5:55:27 pm | {"api":"/api/cash-closing-dashboard","event":"CASH_CLOSING_DASHBOARD_SUCCESS","totalRecords":56,"filters":{"cluster":"","branch":"","fromDate":"","toDate":"","status":""},"timestamp":"2026-07-28T12:25:27.363Z"}
28/7/2026, 5:55:27 pm | {"api":"/api/cash-closing-dashboard","event":"CASH_CLOSING_DASHBOARD_API_STARTED","filters":{"cluster":"","branch":"","fromDate":"","toDate":"","status":""},"timestamp":"2026-07-28T12:25:27.666Z"}
28/7/2026, 5:55:27 pm | {"api":"/api/cash-closing-dashboard","event":"CASH_CLOSING_DASHBOARD_DB_CONNECTED","timestamp":"2026-07-28T12:25:27.667Z"}
28/7/2026, 5:55:27 pm | {"api":"/api/cash-closing-dashboard","event":"CASH_CLOSING_DASHBOARD_QUERY_STARTED","filters":{"cluster":"","branch":"","fromDate":"","toDate":"","status":""},"timestamp":"2026-07-28T12:25:27.668Z"}
28/7/2026, 5:55:27 pm | {"api":"/api/cash-closing-dashboard","event":"CASH_CLOSING_DASHBOARD_DATA_FETCHED","totalRecords":56,"timestamp":"2026-07-28T12:25:27.675Z"}
28/7/2026, 5:55:27 pm | {"api":"/api/cash-closing-dashboard","event":"CASH_CLOSING_CLUSTER_FETCHED","totalClusters":4,"timestamp":"2026-07-28T12:25:27.678Z"}
28/7/2026, 5:55:27 pm | {"api":"/api/cash-closing-dashboard","event":"CASH_CLOSING_BRANCH_FETCHED","totalBranches":56,"timestamp":"2026-07-28T12:25:27.681Z"}
28/7/2026, 5:55:27 pm | {"api":"/api/cash-closing-dashboard","event":"CASH_CLOSING_DASHBOARD_SUCCESS","totalRecords":56,"filters":{"cluster":"","branch":"","fromDate":"","toDate":"","status":""},"timestamp":"2026-07-28T12:25:27.682Z"}
28/7/2026, 5:55:27 pm | {"api":"/api/cash-closing-dashboard","event":"CASH_CLOSING_DASHBOARD_API_STARTED","filters":{"cluster":"","branch":"","fromDate":"","toDate":"","status":""},"timestamp":"2026-07-28T12:25:27.828Z"}
28/7/2026, 5:55:27 pm | {"api":"/api/cash-closing-dashboard","event":"CASH_CLOSING_DASHBOARD_DB_CONNECTED","timestamp":"2026-07-28T12:25:27.829Z"}
28/7/2026, 5:55:27 pm | {"api":"/api/cash-closing-dashboard","event":"CASH_CLOSING_DASHBOARD_QUERY_STARTED","filters":{"cluster":"","branch":"","fromDate":"","toDate":"","status":""},"timestamp":"2026-07-28T12:25:27.830Z"}
28/7/2026, 5:55:27 pm | {"api":"/api/cash-closing-dashboard","event":"CASH_CLOSING_DASHBOARD_DATA_FETCHED","totalRecords":56,"timestamp":"2026-07-28T12:25:27.836Z"}
28/7/2026, 5:55:27 pm | {"api":"/api/cash-closing-dashboard","event":"CASH_CLOSING_CLUSTER_FETCHED","totalClusters":4,"timestamp":"2026-07-28T12:25:27.841Z"}
28/7/2026, 5:55:27 pm | {"api":"/api/cash-closing-dashboard","event":"CASH_CLOSING_BRANCH_FETCHED","totalBranches":56,"timestamp":"2026-07-28T12:25:27.845Z"}
28/7/2026, 5:55:27 pm | {"api":"/api/cash-closing-dashboard","event":"CASH_CLOSING_DASHBOARD_SUCCESS","totalRecords":56,"filters":{"cluster":"","branch":"","fromDate":"","toDate":"","status":""},"timestamp":"2026-07-28T12:25:27.846Z"}
28/7/2026, 5:55:28 pm | {"api":"/api/cash-closing-dashboard","event":"CASH_CLOSING_DASHBOARD_API_STARTED","filters":{"cluster":"","branch":"","fromDate":"","toDate":"","status":""},"timestamp":"2026-07-28T12:25:28.137Z"}
28/7/2026, 5:55:28 pm | {"api":"/api/cash-closing-dashboard","event":"CASH_CLOSING_DASHBOARD_DB_CONNECTED","timestamp":"2026-07-28T12:25:28.138Z"}
28/7/2026, 5:55:28 pm | {"api":"/api/cash-closing-dashboard","event":"CASH_CLOSING_DASHBOARD_QUERY_STARTED","filters":{"cluster":"","branch":"","fromDate":"","toDate":"","status":""},"timestamp":"2026-07-28T12:25:28.139Z"}
28/7/2026, 5:55:28 pm | {"api":"/api/cash-closing-dashboard","event":"CASH_CLOSING_DASHBOARD_DATA_FETCHED","totalRecords":56,"timestamp":"2026-07-28T12:25:28.146Z"}
28/7/2026, 5:55:28 pm | {"api":"/api/cash-closing-dashboard","event":"CASH_CLOSING_CLUSTER_FETCHED","totalClusters":4,"timestamp":"2026-07-28T12:25:28.149Z"}
28/7/2026, 5:55:28 pm | {"api":"/api/cash-closing-dashboard","event":"CASH_CLOSING_BRANCH_FETCHED","totalBranches":56,"timestamp":"2026-07-28T12:25:28.153Z"}
28/7/2026, 5:55:28 pm | {"api":"/api/cash-closing-dashboard","event":"CASH_CLOSING_DASHBOARD_SUCCESS","totalRecords":56,"filters":{"cluster":"","branch":"","fromDate":"","toDate":"","status":""},"timestamp":"2026-07-28T12:25:28.153Z"}
28/7/2026, 5:55:28 pm | {"api":"/api/cash-closing-dashboard","event":"CASH_CLOSING_DASHBOARD_API_STARTED","filters":{"cluster":"","branch":"","fromDate":"","toDate":"","status":""},"timestamp":"2026-07-28T12:25:28.329Z"}
28/7/2026, 5:55:28 pm | {"api":"/api/cash-closing-dashboard","event":"CASH_CLOSING_DASHBOARD_DB_CONNECTED","timestamp":"2026-07-28T12:25:28.330Z"}
28/7/2026, 5:55:28 pm | {"api":"/api/cash-closing-dashboard","event":"CASH_CLOSING_DASHBOARD_QUERY_STARTED","filters":{"cluster":"","branch":"","fromDate":"","toDate":"","status":""},"timestamp":"2026-07-28T12:25:28.331Z"}
28/7/2026, 5:55:28 pm | {"api":"/api/cash-closing-dashboard","event":"CASH_CLOSING_DASHBOARD_DATA_FETCHED","totalRecords":56,"timestamp":"2026-07-28T12:25:28.339Z"}
28/7/2026, 5:55:28 pm | {"api":"/api/cash-closing-dashboard","event":"CASH_CLOSING_CLUSTER_FETCHED","totalClusters":4,"timestamp":"2026-07-28T12:25:28.342Z"}
28/7/2026, 5:55:28 pm | {"api":"/api/cash-closing-dashboard","event":"CASH_CLOSING_BRANCH_FETCHED","totalBranches":56,"timestamp":"2026-07-28T12:25:28.346Z"}
28/7/2026, 5:55:28 pm | {"api":"/api/cash-closing-dashboard","event":"CASH_CLOSING_DASHBOARD_SUCCESS","totalRecords":56,"filters":{"cluster":"","branch":"","fromDate":"","toDate":"","status":""},"timestamp":"2026-07-28T12:25:28.346Z"}
28/7/2026, 5:55:28 pm | {"api":"/api/cash-closing-dashboard","event":"CASH_CLOSING_DASHBOARD_API_STARTED","filters":{"cluster":"","branch":"","fromDate":"","toDate":"","status":""},"timestamp":"2026-07-28T12:25:28.497Z"}
28/7/2026, 5:55:28 pm | {"api":"/api/cash-closing-dashboard","event":"CASH_CLOSING_DASHBOARD_DB_CONNECTED","timestamp":"2026-07-28T12:25:28.499Z"}
28/7/2026, 5:55:28 pm | {"api":"/api/cash-closing-dashboard","event":"CASH_CLOSING_DASHBOARD_QUERY_STARTED","filters":{"cluster":"","branch":"","fromDate":"","toDate":"","status":""},"timestamp":"2026-07-28T12:25:28.499Z"}
28/7/2026, 5:55:28 pm | {"api":"/api/cash-closing-dashboard","event":"CASH_CLOSING_DASHBOARD_DATA_FETCHED","totalRecords":56,"timestamp":"2026-07-28T12:25:28.507Z"}
28/7/2026, 5:55:28 pm | {"api":"/api/cash-closing-dashboard","event":"CASH_CLOSING_CLUSTER_FETCHED","totalClusters":4,"timestamp":"2026-07-28T12:25:28.511Z"}
28/7/2026, 5:55:28 pm | {"api":"/api/cash-closing-dashboard","event":"CASH_CLOSING_BRANCH_FETCHED","totalBranches":56,"timestamp":"2026-07-28T12:25:28.514Z"}
28/7/2026, 5:55:28 pm | {"api":"/api/cash-closing-dashboard","event":"CASH_CLOSING_DASHBOARD_SUCCESS","totalRecords":56,"filters":{"cluster":"","branch":"","fromDate":"","toDate":"","status":""},"timestamp":"2026-07-28T12:25:28.514Z"}
28/7/2026, 5:55:46 pm | {"api":"/login","event":"LOGIN_API_STARTED","mpin":"1237","deviceId":"15c44e0621dd621c","timestamp":"2026-07-28T12:25:46.548Z"}
28/7/2026, 5:55:46 pm | {"event":"LOGIN_REQUEST","mpin":"1237","deviceId":"15c44e0621dd621c","timestamp":"2026-07-28T12:25:46.549Z"}
28/7/2026, 5:55:46 pm | {"api":"/login","event":"LOGIN_DB_QUERY_STARTED","mpin":"1237","timestamp":"2026-07-28T12:25:46.549Z"}
28/7/2026, 5:55:46 pm | {"api":"/login","event":"LOGIN_USER_FOUND","empNo":"487","branch":"Amalapuram","designation":"Branch Manager","timestamp":"2026-07-28T12:25:46.558Z"}
28/7/2026, 5:55:46 pm | {"api":"/login","event":"LOGIN_DEVICE_CHECK","empNo":"487","savedDevice":"15c44e0621dd621c","currentDevice":"15c44e0621dd621c","timestamp":"2026-07-28T12:25:46.559Z"}
28/7/2026, 5:55:46 pm | {"api":"/login","event":"LOGIN_SUCCESS","empNo":"487","branch":"Amalapuram","designation":"Branch Manager","loginTime":"2026-07-28T12:25:46.566Z"}
28/7/2026, 5:55:46 pm | {"api":"/employee/:empNo","event":"EMPLOYEE_API_STARTED","empNo":"487","timestamp":"2026-07-28T12:25:46.767Z"}
28/7/2026, 5:55:46 pm | {"api":"/employee/:empNo","event":"EMPLOYEE_DB_QUERY_STARTED","empNo":"487","timestamp":"2026-07-28T12:25:46.769Z"}
28/7/2026, 5:55:46 pm | {"api":"/employee/:empNo","event":"EMPLOYEE_FETCH_SUCCESS","empNo":"487","employeeName":"Ch Sivaji","branch":"Amalapuram","designation":"Branch Manager","timestamp":"2026-07-28T12:25:46.773Z"}
28/7/2026, 5:55:46 pm | {"api":"/last-submission/:empNo","event":"LAST_SUBMISSION_API_STARTED","empNo":"487","timestamp":"2026-07-28T12:25:46.841Z"}
28/7/2026, 5:55:46 pm | {"api":"/last-submission/:empNo","event":"LAST_SUBMISSION_DB_QUERY_STARTED","empNo":"487","timestamp":"2026-07-28T12:25:46.841Z"}
28/7/2026, 5:55:46 pm | {"api":"/last-submission/:empNo","event":"LAST_SUBMISSION_FETCH_SUCCESS","empNo":"487","amount":700000,"actionAt":"2026-07-27 17:55:39","timestamp":"2026-07-28T12:25:46.846Z"}
28/7/2026, 5:55:47 pm | {"api":"/today-cash/:empNo","event":"TODAY_CASH_API_STARTED","empNo":"487","timestamp":"2026-07-28T12:25:47.013Z"}
28/7/2026, 5:55:47 pm | {"api":"/today-cash/:empNo","event":"TODAY_CASH_DB_QUERY_STARTED","empNo":"487","timestamp":"2026-07-28T12:25:47.014Z"}
28/7/2026, 5:55:47 pm | {"api":"/today-cash/:empNo","event":"TODAY_CASH_NOT_FOUND","empNo":"487","timestamp":"2026-07-28T12:25:47.019Z"}
28/7/2026, 5:55:53 pm | {"api":"/save-cash-closing","event":"SAVE_CASH_API_STARTED","empNo":"487","amount":"600000","timestamp":"2026-07-28T12:25:53.708Z"}
28/7/2026, 5:55:53 pm | {"api":"/save-cash-closing","event":"PREVIOUS_DAY_RECORD_FOUND","empNo":"487","oldDate":"2026-07-27T00:00:00.000Z","amount":700000,"timestamp":"2026-07-28T12:25:53.715Z"}
28/7/2026, 5:55:53 pm | {"api":"/save-cash-closing","event":"PREVIOUS_DAY_MOVED_TO_HISTORY","empNo":"487","timestamp":"2026-07-28T12:25:53.723Z"}
28/7/2026, 5:55:53 pm | {"api":"/save-cash-closing","event":"PREVIOUS_DAY_DELETED","empNo":"487","timestamp":"2026-07-28T12:25:53.729Z"}
28/7/2026, 5:55:53 pm | {"api":"/save-cash-closing","event":"SAVE_CASH_NEW_ENTRY","empNo":"487","amount":"600000","branch":"Amalapuram","timestamp":"2026-07-28T12:25:53.732Z"}
28/7/2026, 5:55:53 pm | {"api":"/save-cash-closing","event":"SAVE_CASH_HISTORY_INSERTED","empNo":"487","actionType":"ADDED","version":1,"timestamp":"2026-07-28T12:25:53.745Z"}
28/7/2026, 5:55:53 pm | {"api":"/save-cash-closing","event":"SAVE_CASH_SUCCESS","type":"INSERT","empNo":"487","amount":"600000","timestamp":"2026-07-28T12:25:53.745Z"}
28/7/2026, 5:55:58 pm | {"api":"/api/cash-closing-dashboard","event":"CASH_CLOSING_DASHBOARD_API_STARTED","filters":{"cluster":"","branch":"","fromDate":"","toDate":"","status":""},"timestamp":"2026-07-28T12:25:58.612Z"}
28/7/2026, 5:55:58 pm | {"api":"/api/cash-closing-dashboard","event":"CASH_CLOSING_DASHBOARD_DB_CONNECTED","timestamp":"2026-07-28T12:25:58.613Z"}
28/7/2026, 5:55:58 pm | {"api":"/api/cash-closing-dashboard","event":"CASH_CLOSING_DASHBOARD_QUERY_STARTED","filters":{"cluster":"","branch":"","fromDate":"","toDate":"","status":""},"timestamp":"2026-07-28T12:25:58.613Z"}
28/7/2026, 5:55:58 pm | {"api":"/api/cash-closing-dashboard","event":"CASH_CLOSING_DASHBOARD_DATA_FETCHED","totalRecords":56,"timestamp":"2026-07-28T12:25:58.619Z"}
28/7/2026, 5:55:58 pm | {"api":"/api/cash-closing-dashboard","event":"CASH_CLOSING_CLUSTER_FETCHED","totalClusters":4,"timestamp":"2026-07-28T12:25:58.623Z"}
28/7/2026, 5:55:58 pm | {"api":"/api/cash-closing-dashboard","event":"CASH_CLOSING_BRANCH_FETCHED","totalBranches":56,"timestamp":"2026-07-28T12:25:58.626Z"}
28/7/2026, 5:55:58 pm | {"api":"/api/cash-closing-dashboard","event":"CASH_CLOSING_DASHBOARD_SUCCESS","totalRecords":56,"filters":{"cluster":"","branch":"","fromDate":"","toDate":"","status":""},"timestamp":"2026-07-28T12:25:58.627Z"}
28/7/2026, 5:55:59 pm | {"api":"/api/cash-closing-dashboard","event":"CASH_CLOSING_DASHBOARD_API_STARTED","filters":{"cluster":"","branch":"","fromDate":"","toDate":"","status":""},"timestamp":"2026-07-28T12:25:59.556Z"}
28/7/2026, 5:55:59 pm | {"api":"/api/cash-closing-dashboard","event":"CASH_CLOSING_DASHBOARD_DB_CONNECTED","timestamp":"2026-07-28T12:25:59.557Z"}
28/7/2026, 5:55:59 pm | {"api":"/api/cash-closing-dashboard","event":"CASH_CLOSING_DASHBOARD_QUERY_STARTED","filters":{"cluster":"","branch":"","fromDate":"","toDate":"","status":""},"timestamp":"2026-07-28T12:25:59.558Z"}
28/7/2026, 5:55:59 pm | {"api":"/api/cash-closing-dashboard","event":"CASH_CLOSING_DASHBOARD_DATA_FETCHED","totalRecords":56,"timestamp":"2026-07-28T12:25:59.565Z"}
28/7/2026, 5:55:59 pm | {"api":"/api/cash-closing-dashboard","event":"CASH_CLOSING_CLUSTER_FETCHED","totalClusters":4,"timestamp":"2026-07-28T12:25:59.568Z"}
28/7/2026, 5:55:59 pm | {"api":"/api/cash-closing-dashboard","event":"CASH_CLOSING_BRANCH_FETCHED","totalBranches":56,"timestamp":"2026-07-28T12:25:59.572Z"}
28/7/2026, 5:55:59 pm | {"api":"/api/cash-closing-dashboard","event":"CASH_CLOSING_DASHBOARD_SUCCESS","totalRecords":56,"filters":{"cluster":"","branch":"","fromDate":"","toDate":"","status":""},"timestamp":"2026-07-28T12:25:59.572Z"}
28/7/2026, 5:55:59 pm | {"api":"/api/cash-closing-dashboard","event":"CASH_CLOSING_DASHBOARD_API_STARTED","filters":{"cluster":"","branch":"","fromDate":"","toDate":"","status":""},"timestamp":"2026-07-28T12:25:59.634Z"}
28/7/2026, 5:55:59 pm | {"api":"/api/cash-closing-dashboard","event":"CASH_CLOSING_DASHBOARD_DB_CONNECTED","timestamp":"2026-07-28T12:25:59.634Z"}
28/7/2026, 5:55:59 pm | {"api":"/api/cash-closing-dashboard","event":"CASH_CLOSING_DASHBOARD_QUERY_STARTED","filters":{"cluster":"","branch":"","fromDate":"","toDate":"","status":""},"timestamp":"2026-07-28T12:25:59.635Z"}
28/7/2026, 5:55:59 pm | {"api":"/api/cash-closing-dashboard","event":"CASH_CLOSING_DASHBOARD_DATA_FETCHED","totalRecords":56,"timestamp":"2026-07-28T12:25:59.641Z"}
28/7/2026, 5:55:59 pm | {"api":"/api/cash-closing-dashboard","event":"CASH_CLOSING_CLUSTER_FETCHED","totalClusters":4,"timestamp":"2026-07-28T12:25:59.645Z"}
28/7/2026, 5:55:59 pm | {"api":"/api/cash-closing-dashboard","event":"CASH_CLOSING_BRANCH_FETCHED","totalBranches":56,"timestamp":"2026-07-28T12:25:59.648Z"}
28/7/2026, 5:55:59 pm | {"api":"/api/cash-closing-dashboard","event":"CASH_CLOSING_DASHBOARD_SUCCESS","totalRecords":56,"filters":{"cluster":"","branch":"","fromDate":"","toDate":"","status":""},"timestamp":"2026-07-28T12:25:59.649Z"}
28/7/2026, 5:55:59 pm | {"api":"/api/cash-closing-dashboard","event":"CASH_CLOSING_DASHBOARD_API_STARTED","filters":{"cluster":"","branch":"","fromDate":"","toDate":"","status":""},"timestamp":"2026-07-28T12:25:59.784Z"}
28/7/2026, 5:55:59 pm | {"api":"/api/cash-closing-dashboard","event":"CASH_CLOSING_DASHBOARD_DB_CONNECTED","timestamp":"2026-07-28T12:25:59.786Z"}
28/7/2026, 5:55:59 pm | {"api":"/api/cash-closing-dashboard","event":"CASH_CLOSING_DASHBOARD_QUERY_STARTED","filters":{"cluster":"","branch":"","fromDate":"","toDate":"","status":""},"timestamp":"2026-07-28T12:25:59.786Z"}
28/7/2026, 5:55:59 pm | {"api":"/api/cash-closing-dashboard","event":"CASH_CLOSING_DASHBOARD_DATA_FETCHED","totalRecords":56,"timestamp":"2026-07-28T12:25:59.793Z"}
28/7/2026, 5:55:59 pm | {"api":"/api/cash-closing-dashboard","event":"CASH_CLOSING_CLUSTER_FETCHED","totalClusters":4,"timestamp":"2026-07-28T12:25:59.797Z"}
28/7/2026, 5:55:59 pm | {"api":"/api/cash-closing-dashboard","event":"CASH_CLOSING_BRANCH_FETCHED","totalBranches":56,"timestamp":"2026-07-28T12:25:59.802Z"}
28/7/2026, 5:55:59 pm | {"api":"/api/cash-closing-dashboard","event":"CASH_CLOSING_DASHBOARD_SUCCESS","totalRecords":56,"filters":{"cluster":"","branch":"","fromDate":"","toDate":"","status":""},"timestamp":"2026-07-28T12:25:59.803Z"}
28/7/2026, 5:55:59 pm | {"api":"/api/cash-closing-dashboard","event":"CASH_CLOSING_DASHBOARD_API_STARTED","filters":{"cluster":"","branch":"","fromDate":"","toDate":"","status":""},"timestamp":"2026-07-28T12:25:59.922Z"}
28/7/2026, 5:55:59 pm | {"api":"/api/cash-closing-dashboard","event":"CASH_CLOSING_DASHBOARD_DB_CONNECTED","timestamp":"2026-07-28T12:25:59.923Z"}
28/7/2026, 5:55:59 pm | {"api":"/api/cash-closing-dashboard","event":"CASH_CLOSING_DASHBOARD_QUERY_STARTED","filters":{"cluster":"","branch":"","fromDate":"","toDate":"","status":""},"timestamp":"2026-07-28T12:25:59.924Z"}
28/7/2026, 5:55:59 pm | {"api":"/api/cash-closing-dashboard","event":"CASH_CLOSING_DASHBOARD_DATA_FETCHED","totalRecords":56,"timestamp":"2026-07-28T12:25:59.930Z"}
28/7/2026, 5:55:59 pm | {"api":"/api/cash-closing-dashboard","event":"CASH_CLOSING_CLUSTER_FETCHED","totalClusters":4,"timestamp":"2026-07-28T12:25:59.934Z"}
28/7/2026, 5:55:59 pm | {"api":"/api/cash-closing-dashboard","event":"CASH_CLOSING_BRANCH_FETCHED","totalBranches":56,"timestamp":"2026-07-28T12:25:59.938Z"}
28/7/2026, 5:55:59 pm | {"api":"/api/cash-closing-dashboard","event":"CASH_CLOSING_DASHBOARD_SUCCESS","totalRecords":56,"filters":{"cluster":"","branch":"","fromDate":"","toDate":"","status":""},"timestamp":"2026-07-28T12:25:59.939Z"}
28/7/2026, 5:56:00 pm | {"api":"/api/cash-closing-dashboard","event":"CASH_CLOSING_DASHBOARD_API_STARTED","filters":{"cluster":"","branch":"","fromDate":"","toDate":"","status":""},"timestamp":"2026-07-28T12:26:00.112Z"}
28/7/2026, 5:56:00 pm | {"api":"/api/cash-closing-dashboard","event":"CASH_CLOSING_DASHBOARD_DB_CONNECTED","timestamp":"2026-07-28T12:26:00.113Z"}
28/7/2026, 5:56:00 pm | {"api":"/api/cash-closing-dashboard","event":"CASH_CLOSING_DASHBOARD_QUERY_STARTED","filters":{"cluster":"","branch":"","fromDate":"","toDate":"","status":""},"timestamp":"2026-07-28T12:26:00.114Z"}
28/7/2026, 5:56:00 pm | {"api":"/api/cash-closing-dashboard","event":"CASH_CLOSING_DASHBOARD_DATA_FETCHED","totalRecords":56,"timestamp":"2026-07-28T12:26:00.121Z"}
28/7/2026, 5:56:00 pm | {"api":"/api/cash-closing-dashboard","event":"CASH_CLOSING_CLUSTER_FETCHED","totalClusters":4,"timestamp":"2026-07-28T12:26:00.124Z"}
28/7/2026, 5:56:00 pm | {"api":"/api/cash-closing-dashboard","event":"CASH_CLOSING_BRANCH_FETCHED","totalBranches":56,"timestamp":"2026-07-28T12:26:00.127Z"}
28/7/2026, 5:56:00 pm | {"api":"/api/cash-closing-dashboard","event":"CASH_CLOSING_DASHBOARD_SUCCESS","totalRecords":56,"filters":{"cluster":"","branch":"","fromDate":"","toDate":"","status":""},"timestamp":"2026-07-28T12:26:00.128Z"}
28/7/2026, 5:56:08 pm | {"api":"/login","event":"LOGIN_API_STARTED","mpin":"1689","deviceId":"f2b383b692d384f6","timestamp":"2026-07-28T12:26:08.613Z"}
28/7/2026, 5:56:08 pm | {"event":"LOGIN_REQUEST","mpin":"1689","deviceId":"f2b383b692d384f6","timestamp":"2026-07-28T12:26:08.614Z"}
28/7/2026, 5:56:08 pm | {"api":"/login","event":"LOGIN_DB_QUERY_STARTED","mpin":"1689","timestamp":"2026-07-28T12:26:08.615Z"}
28/7/2026, 5:56:08 pm | {"api":"/login","event":"LOGIN_USER_FOUND","empNo":"307","branch":"Kolluru","designation":"Branch Manager","timestamp":"2026-07-28T12:26:08.624Z"}
28/7/2026, 5:56:08 pm | {"api":"/login","event":"LOGIN_DEVICE_CHECK","empNo":"307","savedDevice":"f2b383b692d384f6","currentDevice":"f2b383b692d384f6","timestamp":"2026-07-28T12:26:08.625Z"}
28/7/2026, 5:56:08 pm | {"api":"/login","event":"LOGIN_SUCCESS","empNo":"307","branch":"Kolluru","designation":"Branch Manager","loginTime":"2026-07-28T12:26:08.631Z"}
28/7/2026, 5:56:08 pm | {"api":"/employee/:empNo","event":"EMPLOYEE_API_STARTED","empNo":"307","timestamp":"2026-07-28T12:26:08.807Z"}
28/7/2026, 5:56:08 pm | {"api":"/employee/:empNo","event":"EMPLOYEE_DB_QUERY_STARTED","empNo":"307","timestamp":"2026-07-28T12:26:08.808Z"}
28/7/2026, 5:56:08 pm | {"api":"/employee/:empNo","event":"EMPLOYEE_FETCH_SUCCESS","empNo":"307","employeeName":"P.L. Manikanta","branch":"Kolluru","designation":"Branch Manager","timestamp":"2026-07-28T12:26:08.813Z"}
28/7/2026, 5:56:08 pm | {"api":"/last-submission/:empNo","event":"LAST_SUBMISSION_API_STARTED","empNo":"307","timestamp":"2026-07-28T12:26:08.868Z"}
28/7/2026, 5:56:08 pm | {"api":"/last-submission/:empNo","event":"LAST_SUBMISSION_DB_QUERY_STARTED","empNo":"307","timestamp":"2026-07-28T12:26:08.869Z"}
28/7/2026, 5:56:08 pm | {"api":"/last-submission/:empNo","event":"LAST_SUBMISSION_FETCH_SUCCESS","empNo":"307","amount":1211568,"actionAt":"2026-07-27 17:57:48","timestamp":"2026-07-28T12:26:08.874Z"}
28/7/2026, 5:56:08 pm | {"api":"/today-cash/:empNo","event":"TODAY_CASH_API_STARTED","empNo":"307","timestamp":"2026-07-28T12:26:08.971Z"}
28/7/2026, 5:56:08 pm | {"api":"/today-cash/:empNo","event":"TODAY_CASH_DB_QUERY_STARTED","empNo":"307","timestamp":"2026-07-28T12:26:08.972Z"}
28/7/2026, 5:56:08 pm | {"api":"/today-cash/:empNo","event":"TODAY_CASH_NOT_FOUND","empNo":"307","timestamp":"2026-07-28T12:26:08.977Z"}
28/7/2026, 5:56:11 pm | {"api":"/api/cash-closing-dashboard","event":"CASH_CLOSING_DASHBOARD_API_STARTED","filters":{"cluster":"","branch":"","fromDate":"","toDate":"","status":""},"timestamp":"2026-07-28T12:26:11.076Z"}
28/7/2026, 5:56:11 pm | {"api":"/api/cash-closing-dashboard","event":"CASH_CLOSING_DASHBOARD_DB_CONNECTED","timestamp":"2026-07-28T12:26:11.077Z"}
28/7/2026, 5:56:11 pm | {"api":"/api/cash-closing-dashboard","event":"CASH_CLOSING_DASHBOARD_QUERY_STARTED","filters":{"cluster":"","branch":"","fromDate":"","toDate":"","status":""},"timestamp":"2026-07-28T12:26:11.078Z"}
28/7/2026, 5:56:11 pm | {"api":"/api/cash-closing-dashboard","event":"CASH_CLOSING_DASHBOARD_DATA_FETCHED","totalRecords":56,"timestamp":"2026-07-28T12:26:11.084Z"}
28/7/2026, 5:56:11 pm | {"api":"/api/cash-closing-dashboard","event":"CASH_CLOSING_CLUSTER_FETCHED","totalClusters":4,"timestamp":"2026-07-28T12:26:11.089Z"}
28/7/2026, 5:56:11 pm | {"api":"/api/cash-closing-dashboard","event":"CASH_CLOSING_BRANCH_FETCHED","totalBranches":56,"timestamp":"2026-07-28T12:26:11.093Z"}
28/7/2026, 5:56:11 pm | {"api":"/api/cash-closing-dashboard","event":"CASH_CLOSING_DASHBOARD_SUCCESS","totalRecords":56,"filters":{"cluster":"","branch":"","fromDate":"","toDate":"","status":""},"timestamp":"2026-07-28T12:26:11.094Z"}
28/7/2026, 5:56:11 pm | {"api":"/api/cash-closing-dashboard","event":"CASH_CLOSING_DASHBOARD_API_STARTED","filters":{"cluster":"","branch":"","fromDate":"","toDate":"","status":""},"timestamp":"2026-07-28T12:26:11.194Z"}
28/7/2026, 5:56:11 pm | {"api":"/api/cash-closing-dashboard","event":"CASH_CLOSING_DASHBOARD_DB_CONNECTED","timestamp":"2026-07-28T12:26:11.195Z"}
28/7/2026, 5:56:11 pm | {"api":"/api/cash-closing-dashboard","event":"CASH_CLOSING_DASHBOARD_QUERY_STARTED","filters":{"cluster":"","branch":"","fromDate":"","toDate":"","status":""},"timestamp":"2026-07-28T12:26:11.196Z"}
28/7/2026, 5:56:11 pm | {"api":"/api/cash-closing-dashboard","event":"CASH_CLOSING_DASHBOARD_DATA_FETCHED","totalRecords":56,"timestamp":"2026-07-28T12:26:11.202Z"}
28/7/2026, 5:56:11 pm | {"api":"/api/cash-closing-dashboard","event":"CASH_CLOSING_CLUSTER_FETCHED","totalClusters":4,"timestamp":"2026-07-28T12:26:11.207Z"}
28/7/2026, 5:56:11 pm | {"api":"/api/cash-closing-dashboard","event":"CASH_CLOSING_BRANCH_FETCHED","totalBranches":56,"timestamp":"2026-07-28T12:26:11.211Z"}
28/7/2026, 5:56:11 pm | {"api":"/api/cash-closing-dashboard","event":"CASH_CLOSING_DASHBOARD_SUCCESS","totalRecords":56,"filters":{"cluster":"","branch":"","fromDate":"","toDate":"","status":""},"timestamp":"2026-07-28T12:26:11.211Z"}
28/7/2026, 5:56:11 pm | {"api":"/api/cash-closing-dashboard","event":"CASH_CLOSING_DASHBOARD_API_STARTED","filters":{"cluster":"","branch":"","fromDate":"","toDate":"","status":""},"timestamp":"2026-07-28T12:26:11.602Z"}
28/7/2026, 5:56:11 pm | {"api":"/api/cash-closing-dashboard","event":"CASH_CLOSING_DASHBOARD_DB_CONNECTED","timestamp":"2026-07-28T12:26:11.603Z"}
28/7/2026, 5:56:11 pm | {"api":"/api/cash-closing-dashboard","event":"CASH_CLOSING_DASHBOARD_QUERY_STARTED","filters":{"cluster":"","branch":"","fromDate":"","toDate":"","status":""},"timestamp":"2026-07-28T12:26:11.604Z"}
28/7/2026, 5:56:11 pm | {"api":"/api/cash-closing-dashboard","event":"CASH_CLOSING_DASHBOARD_DATA_FETCHED","totalRecords":56,"timestamp":"2026-07-28T12:26:11.611Z"}
28/7/2026, 5:56:11 pm | {"api":"/api/cash-closing-dashboard","event":"CASH_CLOSING_CLUSTER_FETCHED","totalClusters":4,"timestamp":"2026-07-28T12:26:11.614Z"}
28/7/2026, 5:56:11 pm | {"api":"/api/cash-closing-dashboard","event":"CASH_CLOSING_BRANCH_FETCHED","totalBranches":56,"timestamp":"2026-07-28T12:26:11.617Z"}
28/7/2026, 5:56:11 pm | {"api":"/api/cash-closing-dashboard","event":"CASH_CLOSING_DASHBOARD_SUCCESS","totalRecords":56,"filters":{"cluster":"","branch":"","fromDate":"","toDate":"","status":""},"timestamp":"2026-07-28T12:26:11.617Z"}
28/7/2026, 5:56:11 pm | {"api":"/api/cash-closing-dashboard","event":"CASH_CLOSING_DASHBOARD_API_STARTED","filters":{"cluster":"","branch":"","fromDate":"","toDate":"","status":""},"timestamp":"2026-07-28T12:26:11.738Z"}
28/7/2026, 5:56:11 pm | {"api":"/api/cash-closing-dashboard","event":"CASH_CLOSING_DASHBOARD_DB_CONNECTED","timestamp":"2026-07-28T12:26:11.739Z"}
28/7/2026, 5:56:11 pm | {"api":"/api/cash-closing-dashboard","event":"CASH_CLOSING_DASHBOARD_QUERY_STARTED","filters":{"cluster":"","branch":"","fromDate":"","toDate":"","status":""},"timestamp":"2026-07-28T12:26:11.740Z"}
28/7/2026, 5:56:11 pm | {"api":"/api/cash-closing-dashboard","event":"CASH_CLOSING_DASHBOARD_DATA_FETCHED","totalRecords":56,"timestamp":"2026-07-28T12:26:11.746Z"}
28/7/2026, 5:56:11 pm | {"api":"/api/cash-closing-dashboard","event":"CASH_CLOSING_CLUSTER_FETCHED","totalClusters":4,"timestamp":"2026-07-28T12:26:11.749Z"}
28/7/2026, 5:56:11 pm | {"api":"/api/cash-closing-dashboard","event":"CASH_CLOSING_BRANCH_FETCHED","totalBranches":56,"timestamp":"2026-07-28T12:26:11.752Z"}
28/7/2026, 5:56:11 pm | {"api":"/api/cash-closing-dashboard","event":"CASH_CLOSING_DASHBOARD_SUCCESS","totalRecords":56,"filters":{"cluster":"","branch":"","fromDate":"","toDate":"","status":""},"timestamp":"2026-07-28T12:26:11.753Z"}
28/7/2026, 5:56:11 pm | {"api":"/api/cash-closing-dashboard","event":"CASH_CLOSING_DASHBOARD_API_STARTED","filters":{"cluster":"","branch":"","fromDate":"","toDate":"","status":""},"timestamp":"2026-07-28T12:26:11.904Z"}
28/7/2026, 5:56:11 pm | {"api":"/api/cash-closing-dashboard","event":"CASH_CLOSING_DASHBOARD_DB_CONNECTED","timestamp":"2026-07-28T12:26:11.905Z"}
28/7/2026, 5:56:11 pm | {"api":"/api/cash-closing-dashboard","event":"CASH_CLOSING_DASHBOARD_QUERY_STARTED","filters":{"cluster":"","branch":"","fromDate":"","toDate":"","status":""},"timestamp":"2026-07-28T12:26:11.906Z"}
28/7/2026, 5:56:11 pm | {"api":"/api/cash-closing-dashboard","event":"CASH_CLOSING_DASHBOARD_DATA_FETCHED","totalRecords":56,"timestamp":"2026-07-28T12:26:11.914Z"}
28/7/2026, 5:56:11 pm | {"api":"/api/cash-closing-dashboard","event":"CASH_CLOSING_CLUSTER_FETCHED","totalClusters":4,"timestamp":"2026-07-28T12:26:11.917Z"}
28/7/2026, 5:56:11 pm | {"api":"/api/cash-closing-dashboard","event":"CASH_CLOSING_BRANCH_FETCHED","totalBranches":56,"timestamp":"2026-07-28T12:26:11.920Z"}
28/7/2026, 5:56:11 pm | {"api":"/api/cash-closing-dashboard","event":"CASH_CLOSING_DASHBOARD_SUCCESS","totalRecords":56,"filters":{"cluster":"","branch":"","fromDate":"","toDate":"","status":""},"timestamp":"2026-07-28T12:26:11.921Z"}
28/7/2026, 5:56:14 pm | {"api":"/save-cash-closing","event":"SAVE_CASH_API_STARTED","empNo":"307","amount":"1976746","timestamp":"2026-07-28T12:26:14.844Z"}
28/7/2026, 5:56:14 pm | {"api":"/save-cash-closing","event":"PREVIOUS_DAY_RECORD_FOUND","empNo":"307","oldDate":"2026-07-27T00:00:00.000Z","amount":1211568,"timestamp":"2026-07-28T12:26:14.851Z"}
28/7/2026, 5:56:14 pm | {"api":"/save-cash-closing","event":"PREVIOUS_DAY_MOVED_TO_HISTORY","empNo":"307","timestamp":"2026-07-28T12:26:14.857Z"}
28/7/2026, 5:56:14 pm | {"api":"/save-cash-closing","event":"PREVIOUS_DAY_DELETED","empNo":"307","timestamp":"2026-07-28T12:26:14.871Z"}
28/7/2026, 5:56:14 pm | {"api":"/save-cash-closing","event":"SAVE_CASH_NEW_ENTRY","empNo":"307","amount":"1976746","branch":"Kolluru","timestamp":"2026-07-28T12:26:14.874Z"}
28/7/2026, 5:56:14 pm | {"api":"/save-cash-closing","event":"SAVE_CASH_HISTORY_INSERTED","empNo":"307","actionType":"ADDED","version":1,"timestamp":"2026-07-28T12:26:14.886Z"}
28/7/2026, 5:56:14 pm | {"api":"/save-cash-closing","event":"SAVE_CASH_SUCCESS","type":"INSERT","empNo":"307","amount":"1976746","timestamp":"2026-07-28T12:26:14.887Z"}
28/7/2026, 5:56:19 pm | {"api":"/login","event":"LOGIN_API_STARTED","mpin":"2604","deviceId":"00d675f8d00433da","timestamp":"2026-07-28T12:26:19.856Z"}
28/7/2026, 5:56:19 pm | {"event":"LOGIN_REQUEST","mpin":"2604","deviceId":"00d675f8d00433da","timestamp":"2026-07-28T12:26:19.857Z"}
28/7/2026, 5:56:19 pm | {"api":"/login","event":"LOGIN_DB_QUERY_STARTED","mpin":"2604","timestamp":"2026-07-28T12:26:19.858Z"}
28/7/2026, 5:56:19 pm | {"api":"/login","event":"LOGIN_USER_FOUND","empNo":"743","branch":"Chintalapudi","designation":"Branch Manager","timestamp":"2026-07-28T12:26:19.865Z"}
28/7/2026, 5:56:19 pm | {"api":"/login","event":"LOGIN_DEVICE_CHECK","empNo":"743","savedDevice":"00d675f8d00433da","currentDevice":"00d675f8d00433da","timestamp":"2026-07-28T12:26:19.866Z"}
28/7/2026, 5:56:19 pm | {"api":"/login","event":"LOGIN_SUCCESS","empNo":"743","branch":"Chintalapudi","designation":"Branch Manager","loginTime":"2026-07-28T12:26:19.873Z"}
28/7/2026, 5:56:20 pm | {"api":"/employee/:empNo","event":"EMPLOYEE_API_STARTED","empNo":"743","timestamp":"2026-07-28T12:26:20.333Z"}
28/7/2026, 5:56:20 pm | {"api":"/employee/:empNo","event":"EMPLOYEE_DB_QUERY_STARTED","empNo":"743","timestamp":"2026-07-28T12:26:20.335Z"}
28/7/2026, 5:56:20 pm | {"api":"/employee/:empNo","event":"EMPLOYEE_FETCH_SUCCESS","empNo":"743","employeeName":"Kethavath Chandra Kumar Naik","branch":"Chintalapudi","designation":"Branch Manager","timestamp":"2026-07-28T12:26:20.339Z"}
28/7/2026, 5:56:20 pm | {"api":"/last-submission/:empNo","event":"LAST_SUBMISSION_API_STARTED","empNo":"743","timestamp":"2026-07-28T12:26:20.453Z"}
28/7/2026, 5:56:20 pm | {"api":"/last-submission/:empNo","event":"LAST_SUBMISSION_DB_QUERY_STARTED","empNo":"743","timestamp":"2026-07-28T12:26:20.454Z"}
28/7/2026, 5:56:20 pm | {"api":"/last-submission/:empNo","event":"LAST_SUBMISSION_FETCH_SUCCESS","empNo":"743","amount":4400000,"actionAt":"2026-07-27 18:00:53","timestamp":"2026-07-28T12:26:20.459Z"}
28/7/2026, 5:56:20 pm | {"api":"/today-cash/:empNo","event":"TODAY_CASH_API_STARTED","empNo":"743","timestamp":"2026-07-28T12:26:20.618Z"}
28/7/2026, 5:56:20 pm | {"api":"/today-cash/:empNo","event":"TODAY_CASH_DB_QUERY_STARTED","empNo":"743","timestamp":"2026-07-28T12:26:20.619Z"}
28/7/2026, 5:56:20 pm | {"api":"/today-cash/:empNo","event":"TODAY_CASH_NOT_FOUND","empNo":"743","timestamp":"2026-07-28T12:26:20.623Z"}
28/7/2026, 5:56:20 pm | {"api":"/login","event":"LOGIN_API_STARTED","mpin":"2255","deviceId":"8b44da9a73e42658","timestamp":"2026-07-28T12:26:20.916Z"}
28/7/2026, 5:56:20 pm | {"event":"LOGIN_REQUEST","mpin":"2255","deviceId":"8b44da9a73e42658","timestamp":"2026-07-28T12:26:20.917Z"}
28/7/2026, 5:56:20 pm | {"api":"/login","event":"LOGIN_DB_QUERY_STARTED","mpin":"2255","timestamp":"2026-07-28T12:26:20.918Z"}
28/7/2026, 5:56:20 pm | {"api":"/login","event":"LOGIN_USER_FOUND","empNo":"774","branch":"Seetharampuram","designation":"Branch Manager","timestamp":"2026-07-28T12:26:20.929Z"}
28/7/2026, 5:56:20 pm | {"api":"/login","event":"LOGIN_DEVICE_CHECK","empNo":"774","savedDevice":"8b44da9a73e42658","currentDevice":"8b44da9a73e42658","timestamp":"2026-07-28T12:26:20.930Z"}
28/7/2026, 5:56:20 pm | {"api":"/login","event":"LOGIN_SUCCESS","empNo":"774","branch":"Seetharampuram","designation":"Branch Manager","loginTime":"2026-07-28T12:26:20.937Z"}
28/7/2026, 5:56:21 pm | {"api":"/employee/:empNo","event":"EMPLOYEE_API_STARTED","empNo":"774","timestamp":"2026-07-28T12:26:21.116Z"}
28/7/2026, 5:56:21 pm | {"api":"/employee/:empNo","event":"EMPLOYEE_DB_QUERY_STARTED","empNo":"774","timestamp":"2026-07-28T12:26:21.117Z"}
28/7/2026, 5:56:21 pm | {"api":"/employee/:empNo","event":"EMPLOYEE_FETCH_SUCCESS","empNo":"774","employeeName":"S Bhavani","branch":"Seetharampuram","designation":"Branch Manager","timestamp":"2026-07-28T12:26:21.120Z"}
28/7/2026, 5:56:21 pm | {"api":"/last-submission/:empNo","event":"LAST_SUBMISSION_API_STARTED","empNo":"774","timestamp":"2026-07-28T12:26:21.191Z"}
28/7/2026, 5:56:21 pm | {"api":"/last-submission/:empNo","event":"LAST_SUBMISSION_DB_QUERY_STARTED","empNo":"774","timestamp":"2026-07-28T12:26:21.192Z"}
28/7/2026, 5:56:21 pm | {"api":"/last-submission/:empNo","event":"LAST_SUBMISSION_FETCH_SUCCESS","empNo":"774","amount":973000,"actionAt":"2026-07-27 17:30:26","timestamp":"2026-07-28T12:26:21.197Z"}
28/7/2026, 5:56:21 pm | {"api":"/today-cash/:empNo","event":"TODAY_CASH_API_STARTED","empNo":"774","timestamp":"2026-07-28T12:26:21.332Z"}
28/7/2026, 5:56:21 pm | {"api":"/today-cash/:empNo","event":"TODAY_CASH_DB_QUERY_STARTED","empNo":"774","timestamp":"2026-07-28T12:26:21.333Z"}
28/7/2026, 5:56:21 pm | {"api":"/today-cash/:empNo","event":"TODAY_CASH_NOT_FOUND","empNo":"774","timestamp":"2026-07-28T12:26:21.338Z"}
28/7/2026, 5:56:28 pm | {"api":"/api/cash-closing-dashboard","event":"CASH_CLOSING_DASHBOARD_API_STARTED","filters":{"cluster":"","branch":"","fromDate":"","toDate":"","status":""},"timestamp":"2026-07-28T12:26:28.032Z"}
28/7/2026, 5:56:28 pm | {"api":"/api/cash-closing-dashboard","event":"CASH_CLOSING_DASHBOARD_DB_CONNECTED","timestamp":"2026-07-28T12:26:28.033Z"}
28/7/2026, 5:56:28 pm | {"api":"/api/cash-closing-dashboard","event":"CASH_CLOSING_DASHBOARD_QUERY_STARTED","filters":{"cluster":"","branch":"","fromDate":"","toDate":"","status":""},"timestamp":"2026-07-28T12:26:28.034Z"}
28/7/2026, 5:56:28 pm | {"api":"/api/cash-closing-dashboard","event":"CASH_CLOSING_DASHBOARD_DATA_FETCHED","totalRecords":56,"timestamp":"2026-07-28T12:26:28.038Z"}
28/7/2026, 5:56:28 pm | {"api":"/api/cash-closing-dashboard","event":"CASH_CLOSING_CLUSTER_FETCHED","totalClusters":4,"timestamp":"2026-07-28T12:26:28.041Z"}
28/7/2026, 5:56:28 pm | {"api":"/api/cash-closing-dashboard","event":"CASH_CLOSING_BRANCH_FETCHED","totalBranches":56,"timestamp":"2026-07-28T12:26:28.044Z"}
28/7/2026, 5:56:28 pm | {"api":"/api/cash-closing-dashboard","event":"CASH_CLOSING_DASHBOARD_SUCCESS","totalRecords":56,"filters":{"cluster":"","branch":"","fromDate":"","toDate":"","status":""},"timestamp":"2026-07-28T12:26:28.045Z"}
28/7/2026, 5:56:28 pm | {"api":"/api/cash-closing-dashboard","event":"CASH_CLOSING_DASHBOARD_API_STARTED","filters":{"cluster":"","branch":"","fromDate":"","toDate":"","status":""},"timestamp":"2026-07-28T12:26:28.183Z"}
28/7/2026, 5:56:28 pm | {"api":"/api/cash-closing-dashboard","event":"CASH_CLOSING_DASHBOARD_DB_CONNECTED","timestamp":"2026-07-28T12:26:28.184Z"}
28/7/2026, 5:56:28 pm | {"api":"/api/cash-closing-dashboard","event":"CASH_CLOSING_DASHBOARD_QUERY_STARTED","filters":{"cluster":"","branch":"","fromDate":"","toDate":"","status":""},"timestamp":"2026-07-28T12:26:28.184Z"}
28/7/2026, 5:56:28 pm | {"api":"/api/cash-closing-dashboard","event":"CASH_CLOSING_DASHBOARD_DATA_FETCHED","totalRecords":56,"timestamp":"2026-07-28T12:26:28.189Z"}
28/7/2026, 5:56:28 pm | {"api":"/api/cash-closing-dashboard","event":"CASH_CLOSING_CLUSTER_FETCHED","totalClusters":4,"timestamp":"2026-07-28T12:26:28.192Z"}
28/7/2026, 5:56:28 pm | {"api":"/api/cash-closing-dashboard","event":"CASH_CLOSING_BRANCH_FETCHED","totalBranches":56,"timestamp":"2026-07-28T12:26:28.195Z"}
28/7/2026, 5:56:28 pm | {"api":"/api/cash-closing-dashboard","event":"CASH_CLOSING_DASHBOARD_SUCCESS","totalRecords":56,"filters":{"cluster":"","branch":"","fromDate":"","toDate":"","status":""},"timestamp":"2026-07-28T12:26:28.196Z"}
28/7/2026, 5:56:28 pm | {"api":"/api/cash-closing-dashboard","event":"CASH_CLOSING_DASHBOARD_API_STARTED","filters":{"cluster":"","branch":"","fromDate":"","toDate":"","status":""},"timestamp":"2026-07-28T12:26:28.349Z"}
28/7/2026, 5:56:28 pm | {"api":"/api/cash-closing-dashboard","event":"CASH_CLOSING_DASHBOARD_DB_CONNECTED","timestamp":"2026-07-28T12:26:28.350Z"}
28/7/2026, 5:56:28 pm | {"api":"/api/cash-closing-dashboard","event":"CASH_CLOSING_DASHBOARD_QUERY_STARTED","filters":{"cluster":"","branch":"","fromDate":"","toDate":"","status":""},"timestamp":"2026-07-28T12:26:28.351Z"}
28/7/2026, 5:56:28 pm | {"api":"/api/cash-closing-dashboard","event":"CASH_CLOSING_DASHBOARD_API_STARTED","filters":{"cluster":"","branch":"","fromDate":"","toDate":"","status":""},"timestamp":"2026-07-28T12:26:28.357Z"}
28/7/2026, 5:56:28 pm | {"api":"/api/cash-closing-dashboard","event":"CASH_CLOSING_DASHBOARD_DB_CONNECTED","timestamp":"2026-07-28T12:26:28.358Z"}
28/7/2026, 5:56:28 pm | {"api":"/api/cash-closing-dashboard","event":"CASH_CLOSING_DASHBOARD_QUERY_STARTED","filters":{"cluster":"","branch":"","fromDate":"","toDate":"","status":""},"timestamp":"2026-07-28T12:26:28.359Z"}
28/7/2026, 5:56:28 pm | {"api":"/api/cash-closing-dashboard","event":"CASH_CLOSING_DASHBOARD_DATA_FETCHED","totalRecords":56,"timestamp":"2026-07-28T12:26:28.361Z"}
28/7/2026, 5:56:28 pm | {"api":"/api/cash-closing-dashboard","event":"CASH_CLOSING_DASHBOARD_DATA_FETCHED","totalRecords":56,"timestamp":"2026-07-28T12:26:28.366Z"}
28/7/2026, 5:56:28 pm | {"api":"/api/cash-closing-dashboard","event":"CASH_CLOSING_CLUSTER_FETCHED","totalClusters":4,"timestamp":"2026-07-28T12:26:28.368Z"}
28/7/2026, 5:56:28 pm | {"api":"/api/cash-closing-dashboard","event":"CASH_CLOSING_CLUSTER_FETCHED","totalClusters":4,"timestamp":"2026-07-28T12:26:28.370Z"}
28/7/2026, 5:56:28 pm | {"api":"/api/cash-closing-dashboard","event":"CASH_CLOSING_BRANCH_FETCHED","totalBranches":56,"timestamp":"2026-07-28T12:26:28.374Z"}
28/7/2026, 5:56:28 pm | {"api":"/api/cash-closing-dashboard","event":"CASH_CLOSING_DASHBOARD_SUCCESS","totalRecords":56,"filters":{"cluster":"","branch":"","fromDate":"","toDate":"","status":""},"timestamp":"2026-07-28T12:26:28.374Z"}
28/7/2026, 5:56:28 pm | {"api":"/api/cash-closing-dashboard","event":"CASH_CLOSING_BRANCH_FETCHED","totalBranches":56,"timestamp":"2026-07-28T12:26:28.377Z"}
28/7/2026, 5:56:28 pm | {"api":"/api/cash-closing-dashboard","event":"CASH_CLOSING_DASHBOARD_SUCCESS","totalRecords":56,"filters":{"cluster":"","branch":"","fromDate":"","toDate":"","status":""},"timestamp":"2026-07-28T12:26:28.378Z"}
28/7/2026, 5:56:28 pm | {"api":"/save-cash-closing","event":"SAVE_CASH_API_STARTED","empNo":"774","amount":"600000","timestamp":"2026-07-28T12:26:28.379Z"}
28/7/2026, 5:56:28 pm | {"api":"/save-cash-closing","event":"PREVIOUS_DAY_RECORD_FOUND","empNo":"774","oldDate":"2026-07-27T00:00:00.000Z","amount":973000,"timestamp":"2026-07-28T12:26:28.384Z"}
28/7/2026, 5:56:28 pm | {"api":"/save-cash-closing","event":"PREVIOUS_DAY_MOVED_TO_HISTORY","empNo":"774","timestamp":"2026-07-28T12:26:28.391Z"}
28/7/2026, 5:56:28 pm | {"api":"/save-cash-closing","event":"PREVIOUS_DAY_DELETED","empNo":"774","timestamp":"2026-07-28T12:26:28.398Z"}
28/7/2026, 5:56:28 pm | {"api":"/save-cash-closing","event":"SAVE_CASH_NEW_ENTRY","empNo":"774","amount":"600000","branch":"Seetharampuram","timestamp":"2026-07-28T12:26:28.400Z"}
28/7/2026, 5:56:28 pm | {"api":"/save-cash-closing","event":"SAVE_CASH_HISTORY_INSERTED","empNo":"774","actionType":"ADDED","version":1,"timestamp":"2026-07-28T12:26:28.414Z"}
28/7/2026, 5:56:28 pm | {"api":"/save-cash-closing","event":"SAVE_CASH_SUCCESS","type":"INSERT","empNo":"774","amount":"600000","timestamp":"2026-07-28T12:26:28.414Z"}
28/7/2026, 5:56:28 pm | {"api":"/api/cash-closing-dashboard","event":"CASH_CLOSING_DASHBOARD_API_STARTED","filters":{"cluster":"","branch":"","fromDate":"","toDate":"","status":""},"timestamp":"2026-07-28T12:26:28.494Z"}
28/7/2026, 5:56:28 pm | {"api":"/api/cash-closing-dashboard","event":"CASH_CLOSING_DASHBOARD_DB_CONNECTED","timestamp":"2026-07-28T12:26:28.495Z"}
28/7/2026, 5:56:28 pm | {"api":"/api/cash-closing-dashboard","event":"CASH_CLOSING_DASHBOARD_QUERY_STARTED","filters":{"cluster":"","branch":"","fromDate":"","toDate":"","status":""},"timestamp":"2026-07-28T12:26:28.496Z"}
28/7/2026, 5:56:28 pm | {"api":"/api/cash-closing-dashboard","event":"CASH_CLOSING_DASHBOARD_DATA_FETCHED","totalRecords":56,"timestamp":"2026-07-28T12:26:28.501Z"}
28/7/2026, 5:56:28 pm | {"api":"/api/cash-closing-dashboard","event":"CASH_CLOSING_CLUSTER_FETCHED","totalClusters":4,"timestamp":"2026-07-28T12:26:28.505Z"}
28/7/2026, 5:56:28 pm | {"api":"/api/cash-closing-dashboard","event":"CASH_CLOSING_BRANCH_FETCHED","totalBranches":56,"timestamp":"2026-07-28T12:26:28.508Z"}
28/7/2026, 5:56:28 pm | {"api":"/api/cash-closing-dashboard","event":"CASH_CLOSING_DASHBOARD_SUCCESS","totalRecords":56,"filters":{"cluster":"","branch":"","fromDate":"","toDate":"","status":""},"timestamp":"2026-07-28T12:26:28.509Z"}
28/7/2026, 5:56:28 pm | {"api":"/api/cash-closing-dashboard","event":"CASH_CLOSING_DASHBOARD_API_STARTED","filters":{"cluster":"","branch":"","fromDate":"","toDate":"","status":""},"timestamp":"2026-07-28T12:26:28.599Z"}
28/7/2026, 5:56:28 pm | {"api":"/api/cash-closing-dashboard","event":"CASH_CLOSING_DASHBOARD_DB_CONNECTED","timestamp":"2026-07-28T12:26:28.600Z"}
28/7/2026, 5:56:28 pm | {"api":"/api/cash-closing-dashboard","event":"CASH_CLOSING_DASHBOARD_QUERY_STARTED","filters":{"cluster":"","branch":"","fromDate":"","toDate":"","status":""},"timestamp":"2026-07-28T12:26:28.601Z"}
28/7/2026, 5:56:28 pm | {"api":"/api/cash-closing-dashboard","event":"CASH_CLOSING_DASHBOARD_DATA_FETCHED","totalRecords":56,"timestamp":"2026-07-28T12:26:28.606Z"}
28/7/2026, 5:56:28 pm | {"api":"/api/cash-closing-dashboard","event":"CASH_CLOSING_CLUSTER_FETCHED","totalClusters":4,"timestamp":"2026-07-28T12:26:28.609Z"}
28/7/2026, 5:56:28 pm | {"api":"/api/cash-closing-dashboard","event":"CASH_CLOSING_BRANCH_FETCHED","totalBranches":56,"timestamp":"2026-07-28T12:26:28.613Z"}
28/7/2026, 5:56:28 pm | {"api":"/api/cash-closing-dashboard","event":"CASH_CLOSING_DASHBOARD_SUCCESS","totalRecords":56,"filters":{"cluster":"","branch":"","fromDate":"","toDate":"","status":""},"timestamp":"2026-07-28T12:26:28.614Z"}
28/7/2026, 5:56:33 pm | {"api":"/api/cash-closing-dashboard","event":"CASH_CLOSING_DASHBOARD_API_STARTED","filters":{"cluster":"","branch":"","fromDate":"","toDate":"","status":""},"timestamp":"2026-07-28T12:26:33.871Z"}
28/7/2026, 5:56:33 pm | {"api":"/api/cash-closing-dashboard","event":"CASH_CLOSING_DASHBOARD_DB_CONNECTED","timestamp":"2026-07-28T12:26:33.872Z"}
28/7/2026, 5:56:33 pm | {"api":"/api/cash-closing-dashboard","event":"CASH_CLOSING_DASHBOARD_QUERY_STARTED","filters":{"cluster":"","branch":"","fromDate":"","toDate":"","status":""},"timestamp":"2026-07-28T12:26:33.873Z"}
28/7/2026, 5:56:33 pm | {"api":"/api/cash-closing-dashboard","event":"CASH_CLOSING_DASHBOARD_DATA_FETCHED","totalRecords":56,"timestamp":"2026-07-28T12:26:33.881Z"}
28/7/2026, 5:56:33 pm | {"api":"/api/cash-closing-dashboard","event":"CASH_CLOSING_CLUSTER_FETCHED","totalClusters":4,"timestamp":"2026-07-28T12:26:33.884Z"}
28/7/2026, 5:56:33 pm | {"api":"/api/cash-closing-dashboard","event":"CASH_CLOSING_BRANCH_FETCHED","totalBranches":56,"timestamp":"2026-07-28T12:26:33.887Z"}
28/7/2026, 5:56:33 pm | {"api":"/api/cash-closing-dashboard","event":"CASH_CLOSING_DASHBOARD_SUCCESS","totalRecords":56,"filters":{"cluster":"","branch":"","fromDate":"","toDate":"","status":""},"timestamp":"2026-07-28T12:26:33.888Z"}
28/7/2026, 5:56:34 pm | {"api":"/api/cash-closing-dashboard","event":"CASH_CLOSING_DASHBOARD_API_STARTED","filters":{"cluster":"","branch":"","fromDate":"","toDate":"","status":""},"timestamp":"2026-07-28T12:26:34.020Z"}
28/7/2026, 5:56:34 pm | {"api":"/api/cash-closing-dashboard","event":"CASH_CLOSING_DASHBOARD_DB_CONNECTED","timestamp":"2026-07-28T12:26:34.021Z"}
28/7/2026, 5:56:34 pm | {"api":"/api/cash-closing-dashboard","event":"CASH_CLOSING_DASHBOARD_QUERY_STARTED","filters":{"cluster":"","branch":"","fromDate":"","toDate":"","status":""},"timestamp":"2026-07-28T12:26:34.022Z"}
28/7/2026, 5:56:34 pm | {"api":"/api/cash-closing-dashboard","event":"CASH_CLOSING_DASHBOARD_DATA_FETCHED","totalRecords":56,"timestamp":"2026-07-28T12:26:34.029Z"}
28/7/2026, 5:56:34 pm | {"api":"/api/cash-closing-dashboard","event":"CASH_CLOSING_CLUSTER_FETCHED","totalClusters":4,"timestamp":"2026-07-28T12:26:34.032Z"}
28/7/2026, 5:56:34 pm | {"api":"/api/cash-closing-dashboard","event":"CASH_CLOSING_BRANCH_FETCHED","totalBranches":56,"timestamp":"2026-07-28T12:26:34.035Z"}
28/7/2026, 5:56:34 pm | {"api":"/api/cash-closing-dashboard","event":"CASH_CLOSING_DASHBOARD_SUCCESS","totalRecords":56,"filters":{"cluster":"","branch":"","fromDate":"","toDate":"","status":""},"timestamp":"2026-07-28T12:26:34.036Z"}
28/7/2026, 5:56:34 pm | {"api":"/api/cash-closing-dashboard","event":"CASH_CLOSING_DASHBOARD_API_STARTED","filters":{"cluster":"","branch":"","fromDate":"","toDate":"","status":""},"timestamp":"2026-07-28T12:26:34.190Z"}
28/7/2026, 5:56:34 pm | {"api":"/api/cash-closing-dashboard","event":"CASH_CLOSING_DASHBOARD_DB_CONNECTED","timestamp":"2026-07-28T12:26:34.190Z"}
28/7/2026, 5:56:34 pm | {"api":"/api/cash-closing-dashboard","event":"CASH_CLOSING_DASHBOARD_QUERY_STARTED","filters":{"cluster":"","branch":"","fromDate":"","toDate":"","status":""},"timestamp":"2026-07-28T12:26:34.191Z"}
28/7/2026, 5:56:34 pm | {"api":"/api/cash-closing-dashboard","event":"CASH_CLOSING_DASHBOARD_DATA_FETCHED","totalRecords":56,"timestamp":"2026-07-28T12:26:34.197Z"}
28/7/2026, 5:56:34 pm | {"api":"/api/cash-closing-dashboard","event":"CASH_CLOSING_CLUSTER_FETCHED","totalClusters":4,"timestamp":"2026-07-28T12:26:34.200Z"}
28/7/2026, 5:56:34 pm | {"api":"/api/cash-closing-dashboard","event":"CASH_CLOSING_BRANCH_FETCHED","totalBranches":56,"timestamp":"2026-07-28T12:26:34.204Z"}
28/7/2026, 5:56:34 pm | {"api":"/api/cash-closing-dashboard","event":"CASH_CLOSING_DASHBOARD_SUCCESS","totalRecords":56,"filters":{"cluster":"","branch":"","fromDate":"","toDate":"","status":""},"timestamp":"2026-07-28T12:26:34.204Z"}
28/7/2026, 5:56:34 pm | {"api":"/api/cash-closing-dashboard","event":"CASH_CLOSING_DASHBOARD_API_STARTED","filters":{"cluster":"","branch":"","fromDate":"","toDate":"","status":""},"timestamp":"2026-07-28T12:26:34.348Z"}
28/7/2026, 5:56:34 pm | {"api":"/api/cash-closing-dashboard","event":"CASH_CLOSING_DASHBOARD_DB_CONNECTED","timestamp":"2026-07-28T12:26:34.349Z"}
28/7/2026, 5:56:34 pm | {"api":"/api/cash-closing-dashboard","event":"CASH_CLOSING_DASHBOARD_QUERY_STARTED","filters":{"cluster":"","branch":"","fromDate":"","toDate":"","status":""},"timestamp":"2026-07-28T12:26:34.350Z"}
28/7/2026, 5:56:34 pm | {"api":"/api/cash-closing-dashboard","event":"CASH_CLOSING_DASHBOARD_DATA_FETCHED","totalRecords":56,"timestamp":"2026-07-28T12:26:34.358Z"}
28/7/2026, 5:56:34 pm | {"api":"/api/cash-closing-dashboard","event":"CASH_CLOSING_CLUSTER_FETCHED","totalClusters":4,"timestamp":"2026-07-28T12:26:34.361Z"}
28/7/2026, 5:56:34 pm | {"api":"/api/cash-closing-dashboard","event":"CASH_CLOSING_BRANCH_FETCHED","totalBranches":56,"timestamp":"2026-07-28T12:26:34.364Z"}
28/7/2026, 5:56:34 pm | {"api":"/api/cash-closing-dashboard","event":"CASH_CLOSING_DASHBOARD_SUCCESS","totalRecords":56,"filters":{"cluster":"","branch":"","fromDate":"","toDate":"","status":""},"timestamp":"2026-07-28T12:26:34.364Z"}
28/7/2026, 5:56:38 pm | {"api":"/login","event":"LOGIN_API_STARTED","mpin":"0577","deviceId":"bc0b57a8682b129c","timestamp":"2026-07-28T12:26:38.847Z"}
28/7/2026, 5:56:38 pm | {"event":"LOGIN_REQUEST","mpin":"0577","deviceId":"bc0b57a8682b129c","timestamp":"2026-07-28T12:26:38.849Z"}
28/7/2026, 5:56:38 pm | {"api":"/login","event":"LOGIN_DB_QUERY_STARTED","mpin":"0577","timestamp":"2026-07-28T12:26:38.849Z"}
28/7/2026, 5:56:38 pm | {"api":"/login","event":"LOGIN_USER_FOUND","empNo":"219","branch":"Nidadavolu","designation":"Branch Manager","timestamp":"2026-07-28T12:26:38.862Z"}
28/7/2026, 5:56:38 pm | {"api":"/login","event":"LOGIN_DEVICE_CHECK","empNo":"219","savedDevice":"bc0b57a8682b129c","currentDevice":"bc0b57a8682b129c","timestamp":"2026-07-28T12:26:38.863Z"}
28/7/2026, 5:56:38 pm | {"api":"/login","event":"LOGIN_SUCCESS","empNo":"219","branch":"Nidadavolu","designation":"Branch Manager","loginTime":"2026-07-28T12:26:38.869Z"}
28/7/2026, 5:56:39 pm | {"api":"/employee/:empNo","event":"EMPLOYEE_API_STARTED","empNo":"219","timestamp":"2026-07-28T12:26:39.123Z"}
28/7/2026, 5:56:39 pm | {"api":"/employee/:empNo","event":"EMPLOYEE_DB_QUERY_STARTED","empNo":"219","timestamp":"2026-07-28T12:26:39.124Z"}
28/7/2026, 5:56:39 pm | {"api":"/employee/:empNo","event":"EMPLOYEE_FETCH_SUCCESS","empNo":"219","employeeName":"K. Sreenivas","branch":"Nidadavolu","designation":"Branch Manager","timestamp":"2026-07-28T12:26:39.128Z"}
28/7/2026, 5:56:39 pm | {"api":"/last-submission/:empNo","event":"LAST_SUBMISSION_API_STARTED","empNo":"219","timestamp":"2026-07-28T12:26:39.214Z"}
28/7/2026, 5:56:39 pm | {"api":"/last-submission/:empNo","event":"LAST_SUBMISSION_DB_QUERY_STARTED","empNo":"219","timestamp":"2026-07-28T12:26:39.215Z"}
28/7/2026, 5:56:39 pm | {"api":"/last-submission/:empNo","event":"LAST_SUBMISSION_FETCH_SUCCESS","empNo":"219","amount":3074041,"actionAt":"2026-07-27 17:50:26","timestamp":"2026-07-28T12:26:39.220Z"}
28/7/2026, 5:56:39 pm | {"api":"/today-cash/:empNo","event":"TODAY_CASH_API_STARTED","empNo":"219","timestamp":"2026-07-28T12:26:39.327Z"}
28/7/2026, 5:56:39 pm | {"api":"/today-cash/:empNo","event":"TODAY_CASH_DB_QUERY_STARTED","empNo":"219","timestamp":"2026-07-28T12:26:39.328Z"}
28/7/2026, 5:56:39 pm | {"api":"/today-cash/:empNo","event":"TODAY_CASH_NOT_FOUND","empNo":"219","timestamp":"2026-07-28T12:26:39.334Z"}
28/7/2026, 5:56:39 pm | {"api":"/save-cash-closing","event":"SAVE_CASH_API_STARTED","empNo":"743","amount":"2763305","timestamp":"2026-07-28T12:26:39.567Z"}
28/7/2026, 5:56:39 pm | {"api":"/save-cash-closing","event":"PREVIOUS_DAY_RECORD_FOUND","empNo":"743","oldDate":"2026-07-27T00:00:00.000Z","amount":4400000,"timestamp":"2026-07-28T12:26:39.573Z"}
28/7/2026, 5:56:39 pm | {"api":"/save-cash-closing","event":"PREVIOUS_DAY_MOVED_TO_HISTORY","empNo":"743","timestamp":"2026-07-28T12:26:39.580Z"}
28/7/2026, 5:56:39 pm | {"api":"/save-cash-closing","event":"PREVIOUS_DAY_DELETED","empNo":"743","timestamp":"2026-07-28T12:26:39.586Z"}
28/7/2026, 5:56:39 pm | {"api":"/save-cash-closing","event":"SAVE_CASH_NEW_ENTRY","empNo":"743","amount":"2763305","branch":"Chintalapudi","timestamp":"2026-07-28T12:26:39.589Z"}
28/7/2026, 5:56:39 pm | {"api":"/save-cash-closing","event":"SAVE_CASH_HISTORY_INSERTED","empNo":"743","actionType":"ADDED","version":1,"timestamp":"2026-07-28T12:26:39.602Z"}
28/7/2026, 5:56:39 pm | {"api":"/save-cash-closing","event":"SAVE_CASH_SUCCESS","type":"INSERT","empNo":"743","amount":"2763305","timestamp":"2026-07-28T12:26:39.602Z"}
28/7/2026, 5:56:44 pm | {"api":"/api/cash-closing-dashboard","event":"CASH_CLOSING_DASHBOARD_API_STARTED","filters":{"cluster":"","branch":"","fromDate":"","toDate":"","status":""},"timestamp":"2026-07-28T12:26:44.660Z"}
28/7/2026, 5:56:44 pm | {"api":"/api/cash-closing-dashboard","event":"CASH_CLOSING_DASHBOARD_DB_CONNECTED","timestamp":"2026-07-28T12:26:44.661Z"}
28/7/2026, 5:56:44 pm | {"api":"/api/cash-closing-dashboard","event":"CASH_CLOSING_DASHBOARD_QUERY_STARTED","filters":{"cluster":"","branch":"","fromDate":"","toDate":"","status":""},"timestamp":"2026-07-28T12:26:44.662Z"}
28/7/2026, 5:56:44 pm | {"api":"/api/cash-closing-dashboard","event":"CASH_CLOSING_DASHBOARD_DATA_FETCHED","totalRecords":56,"timestamp":"2026-07-28T12:26:44.667Z"}
28/7/2026, 5:56:44 pm | {"api":"/api/cash-closing-dashboard","event":"CASH_CLOSING_CLUSTER_FETCHED","totalClusters":4,"timestamp":"2026-07-28T12:26:44.671Z"}
28/7/2026, 5:56:44 pm | {"api":"/api/cash-closing-dashboard","event":"CASH_CLOSING_BRANCH_FETCHED","totalBranches":56,"timestamp":"2026-07-28T12:26:44.675Z"}
28/7/2026, 5:56:44 pm | {"api":"/api/cash-closing-dashboard","event":"CASH_CLOSING_DASHBOARD_SUCCESS","totalRecords":56,"filters":{"cluster":"","branch":"","fromDate":"","toDate":"","status":""},"timestamp":"2026-07-28T12:26:44.676Z"}
28/7/2026, 5:56:44 pm | {"api":"/api/cash-closing-dashboard","event":"CASH_CLOSING_DASHBOARD_API_STARTED","filters":{"cluster":"","branch":"","fromDate":"","toDate":"","status":""},"timestamp":"2026-07-28T12:26:44.748Z"}
28/7/2026, 5:56:44 pm | {"api":"/api/cash-closing-dashboard","event":"CASH_CLOSING_DASHBOARD_DB_CONNECTED","timestamp":"2026-07-28T12:26:44.749Z"}
28/7/2026, 5:56:44 pm | {"api":"/api/cash-closing-dashboard","event":"CASH_CLOSING_DASHBOARD_QUERY_STARTED","filters":{"cluster":"","branch":"","fromDate":"","toDate":"","status":""},"timestamp":"2026-07-28T12:26:44.749Z"}
28/7/2026, 5:56:44 pm | {"api":"/api/cash-closing-dashboard","event":"CASH_CLOSING_DASHBOARD_DATA_FETCHED","totalRecords":56,"timestamp":"2026-07-28T12:26:44.756Z"}
28/7/2026, 5:56:44 pm | {"api":"/api/cash-closing-dashboard","event":"CASH_CLOSING_CLUSTER_FETCHED","totalClusters":4,"timestamp":"2026-07-28T12:26:44.760Z"}
28/7/2026, 5:56:44 pm | {"api":"/api/cash-closing-dashboard","event":"CASH_CLOSING_BRANCH_FETCHED","totalBranches":56,"timestamp":"2026-07-28T12:26:44.763Z"}
28/7/2026, 5:56:44 pm | {"api":"/api/cash-closing-dashboard","event":"CASH_CLOSING_DASHBOARD_SUCCESS","totalRecords":56,"filters":{"cluster":"","branch":"","fromDate":"","toDate":"","status":""},"timestamp":"2026-07-28T12:26:44.764Z"}
28/7/2026, 5:56:45 pm | {"api":"/save-cash-closing","event":"SAVE_CASH_API_STARTED","empNo":"219","amount":"3194321","timestamp":"2026-07-28T12:26:45.123Z"}
28/7/2026, 5:56:45 pm | {"api":"/save-cash-closing","event":"PREVIOUS_DAY_RECORD_FOUND","empNo":"219","oldDate":"2026-07-27T00:00:00.000Z","amount":3074041,"timestamp":"2026-07-28T12:26:45.128Z"}
28/7/2026, 5:56:45 pm | {"api":"/save-cash-closing","event":"PREVIOUS_DAY_MOVED_TO_HISTORY","empNo":"219","timestamp":"2026-07-28T12:26:45.135Z"}
28/7/2026, 5:56:45 pm | {"api":"/save-cash-closing","event":"PREVIOUS_DAY_DELETED","empNo":"219","timestamp":"2026-07-28T12:26:45.141Z"}
28/7/2026, 5:56:45 pm | {"api":"/save-cash-closing","event":"SAVE_CASH_NEW_ENTRY","empNo":"219","amount":"3194321","branch":"Nidadavolu","timestamp":"2026-07-28T12:26:45.144Z"}
28/7/2026, 5:56:45 pm | {"api":"/save-cash-closing","event":"SAVE_CASH_HISTORY_INSERTED","empNo":"219","actionType":"ADDED","version":1,"timestamp":"2026-07-28T12:26:45.158Z"}
28/7/2026, 5:56:45 pm | {"api":"/save-cash-closing","event":"SAVE_CASH_SUCCESS","type":"INSERT","empNo":"219","amount":"3194321","timestamp":"2026-07-28T12:26:45.158Z"}
28/7/2026, 5:56:47 pm | {"api":"/login","event":"LOGIN_API_STARTED","mpin":"2604","deviceId":"00d675f8d00433da","timestamp":"2026-07-28T12:26:47.981Z"}
28/7/2026, 5:56:47 pm | {"event":"LOGIN_REQUEST","mpin":"2604","deviceId":"00d675f8d00433da","timestamp":"2026-07-28T12:26:47.982Z"}
28/7/2026, 5:56:47 pm | {"api":"/login","event":"LOGIN_DB_QUERY_STARTED","mpin":"2604","timestamp":"2026-07-28T12:26:47.983Z"}
28/7/2026, 5:56:47 pm | {"api":"/login","event":"LOGIN_USER_FOUND","empNo":"743","branch":"Chintalapudi","designation":"Branch Manager","timestamp":"2026-07-28T12:26:47.991Z"}
28/7/2026, 5:56:47 pm | {"api":"/login","event":"LOGIN_DEVICE_CHECK","empNo":"743","savedDevice":"00d675f8d00433da","currentDevice":"00d675f8d00433da","timestamp":"2026-07-28T12:26:47.992Z"}
28/7/2026, 5:56:47 pm | {"api":"/login","event":"LOGIN_SUCCESS","empNo":"743","branch":"Chintalapudi","designation":"Branch Manager","loginTime":"2026-07-28T12:26:47.998Z"}
28/7/2026, 5:56:48 pm | {"api":"/employee/:empNo","event":"EMPLOYEE_API_STARTED","empNo":"743","timestamp":"2026-07-28T12:26:48.321Z"}
28/7/2026, 5:56:48 pm | {"api":"/employee/:empNo","event":"EMPLOYEE_DB_QUERY_STARTED","empNo":"743","timestamp":"2026-07-28T12:26:48.322Z"}
28/7/2026, 5:56:48 pm | {"api":"/employee/:empNo","event":"EMPLOYEE_FETCH_SUCCESS","empNo":"743","employeeName":"Kethavath Chandra Kumar Naik","branch":"Chintalapudi","designation":"Branch Manager","timestamp":"2026-07-28T12:26:48.326Z"}
28/7/2026, 5:56:48 pm | {"api":"/last-submission/:empNo","event":"LAST_SUBMISSION_API_STARTED","empNo":"743","timestamp":"2026-07-28T12:26:48.438Z"}
28/7/2026, 5:56:48 pm | {"api":"/last-submission/:empNo","event":"LAST_SUBMISSION_DB_QUERY_STARTED","empNo":"743","timestamp":"2026-07-28T12:26:48.439Z"}
28/7/2026, 5:56:48 pm | {"api":"/last-submission/:empNo","event":"LAST_SUBMISSION_FETCH_SUCCESS","empNo":"743","amount":4400000,"actionAt":"2026-07-27 18:00:53","timestamp":"2026-07-28T12:26:48.444Z"}
28/7/2026, 5:56:48 pm | {"api":"/today-cash/:empNo","event":"TODAY_CASH_API_STARTED","empNo":"743","timestamp":"2026-07-28T12:26:48.602Z"}
28/7/2026, 5:56:48 pm | {"api":"/today-cash/:empNo","event":"TODAY_CASH_DB_QUERY_STARTED","empNo":"743","timestamp":"2026-07-28T12:26:48.603Z"}
28/7/2026, 5:56:48 pm | {"api":"/today-cash/:empNo","event":"TODAY_CASH_FETCH_SUCCESS","empNo":"743","amount":2763305,"actionAt":"2026-07-28 17:56:41","timestamp":"2026-07-28T12:26:48.607Z"}
28/7/2026, 5:56:48 pm | {"api":"/api/cash-closing-dashboard","event":"CASH_CLOSING_DASHBOARD_API_STARTED","filters":{"cluster":"","branch":"","fromDate":"","toDate":"","status":""},"timestamp":"2026-07-28T12:26:48.969Z"}
28/7/2026, 5:56:48 pm | {"api":"/api/cash-closing-dashboard","event":"CASH_CLOSING_DASHBOARD_DB_CONNECTED","timestamp":"2026-07-28T12:26:48.970Z"}
28/7/2026, 5:56:48 pm | {"api":"/api/cash-closing-dashboard","event":"CASH_CLOSING_DASHBOARD_QUERY_STARTED","filters":{"cluster":"","branch":"","fromDate":"","toDate":"","status":""},"timestamp":"2026-07-28T12:26:48.971Z"}
28/7/2026, 5:56:48 pm | {"api":"/api/cash-closing-dashboard","event":"CASH_CLOSING_DASHBOARD_DATA_FETCHED","totalRecords":56,"timestamp":"2026-07-28T12:26:48.979Z"}
28/7/2026, 5:56:48 pm | {"api":"/api/cash-closing-dashboard","event":"CASH_CLOSING_CLUSTER_FETCHED","totalClusters":4,"timestamp":"2026-07-28T12:26:48.984Z"}
28/7/2026, 5:56:48 pm | {"api":"/api/cash-closing-dashboard","event":"CASH_CLOSING_BRANCH_FETCHED","totalBranches":56,"timestamp":"2026-07-28T12:26:48.987Z"}
28/7/2026, 5:56:48 pm | {"api":"/api/cash-closing-dashboard","event":"CASH_CLOSING_DASHBOARD_SUCCESS","totalRecords":56,"filters":{"cluster":"","branch":"","fromDate":"","toDate":"","status":""},"timestamp":"2026-07-28T12:26:48.988Z"}
28/7/2026, 5:56:49 pm | {"api":"/api/cash-closing-dashboard","event":"CASH_CLOSING_DASHBOARD_API_STARTED","filters":{"cluster":"","branch":"","fromDate":"","toDate":"","status":""},"timestamp":"2026-07-28T12:26:49.051Z"}
28/7/2026, 5:56:49 pm | {"api":"/api/cash-closing-dashboard","event":"CASH_CLOSING_DASHBOARD_DB_CONNECTED","timestamp":"2026-07-28T12:26:49.052Z"}
28/7/2026, 5:56:49 pm | {"api":"/api/cash-closing-dashboard","event":"CASH_CLOSING_DASHBOARD_QUERY_STARTED","filters":{"cluster":"","branch":"","fromDate":"","toDate":"","status":""},"timestamp":"2026-07-28T12:26:49.053Z"}
28/7/2026, 5:56:49 pm | {"api":"/api/cash-closing-dashboard","event":"CASH_CLOSING_DASHBOARD_DATA_FETCHED","totalRecords":56,"timestamp":"2026-07-28T12:26:49.058Z"}
28/7/2026, 5:56:49 pm | {"api":"/api/cash-closing-dashboard","event":"CASH_CLOSING_CLUSTER_FETCHED","totalClusters":4,"timestamp":"2026-07-28T12:26:49.062Z"}
28/7/2026, 5:56:49 pm | {"api":"/api/cash-closing-dashboard","event":"CASH_CLOSING_BRANCH_FETCHED","totalBranches":56,"timestamp":"2026-07-28T12:26:49.065Z"}
28/7/2026, 5:56:49 pm | {"api":"/api/cash-closing-dashboard","event":"CASH_CLOSING_DASHBOARD_SUCCESS","totalRecords":56,"filters":{"cluster":"","branch":"","fromDate":"","toDate":"","status":""},"timestamp":"2026-07-28T12:26:49.066Z"}
28/7/2026, 5:56:49 pm | {"api":"/api/cash-closing-dashboard","event":"CASH_CLOSING_DASHBOARD_API_STARTED","filters":{"cluster":"","branch":"","fromDate":"","toDate":"","status":""},"timestamp":"2026-07-28T12:26:49.220Z"}
28/7/2026, 5:56:49 pm | {"api":"/api/cash-closing-dashboard","event":"CASH_CLOSING_DASHBOARD_DB_CONNECTED","timestamp":"2026-07-28T12:26:49.221Z"}
28/7/2026, 5:56:49 pm | {"api":"/api/cash-closing-dashboard","event":"CASH_CLOSING_DASHBOARD_QUERY_STARTED","filters":{"cluster":"","branch":"","fromDate":"","toDate":"","status":""},"timestamp":"2026-07-28T12:26:49.221Z"}
28/7/2026, 5:56:49 pm | {"api":"/api/cash-closing-dashboard","event":"CASH_CLOSING_DASHBOARD_DATA_FETCHED","totalRecords":56,"timestamp":"2026-07-28T12:26:49.228Z"}
28/7/2026, 5:56:49 pm | {"api":"/api/cash-closing-dashboard","event":"CASH_CLOSING_CLUSTER_FETCHED","totalClusters":4,"timestamp":"2026-07-28T12:26:49.232Z"}
28/7/2026, 5:56:49 pm | {"api":"/api/cash-closing-dashboard","event":"CASH_CLOSING_BRANCH_FETCHED","totalBranches":56,"timestamp":"2026-07-28T12:26:49.235Z"}
28/7/2026, 5:56:49 pm | {"api":"/api/cash-closing-dashboard","event":"CASH_CLOSING_DASHBOARD_SUCCESS","totalRecords":56,"filters":{"cluster":"","branch":"","fromDate":"","toDate":"","status":""},"timestamp":"2026-07-28T12:26:49.236Z"}
28/7/2026, 5:56:49 pm | {"api":"/api/cash-closing-dashboard","event":"CASH_CLOSING_DASHBOARD_API_STARTED","filters":{"cluster":"","branch":"","fromDate":"","toDate":"","status":""},"timestamp":"2026-07-28T12:26:49.484Z"}
28/7/2026, 5:56:49 pm | {"api":"/api/cash-closing-dashboard","event":"CASH_CLOSING_DASHBOARD_DB_CONNECTED","timestamp":"2026-07-28T12:26:49.485Z"}
28/7/2026, 5:56:49 pm | {"api":"/api/cash-closing-dashboard","event":"CASH_CLOSING_DASHBOARD_QUERY_STARTED","filters":{"cluster":"","branch":"","fromDate":"","toDate":"","status":""},"timestamp":"2026-07-28T12:26:49.485Z"}
28/7/2026, 5:56:49 pm | {"api":"/api/cash-closing-dashboard","event":"CASH_CLOSING_DASHBOARD_DATA_FETCHED","totalRecords":56,"timestamp":"2026-07-28T12:26:49.492Z"}
28/7/2026, 5:56:49 pm | {"api":"/api/cash-closing-dashboard","event":"CASH_CLOSING_CLUSTER_FETCHED","totalClusters":4,"timestamp":"2026-07-28T12:26:49.495Z"}
28/7/2026, 5:56:49 pm | {"api":"/api/cash-closing-dashboard","event":"CASH_CLOSING_BRANCH_FETCHED","totalBranches":56,"timestamp":"2026-07-28T12:26:49.499Z"}
28/7/2026, 5:56:49 pm | {"api":"/api/cash-closing-dashboard","event":"CASH_CLOSING_DASHBOARD_SUCCESS","totalRecords":56,"filters":{"cluster":"","branch":"","fromDate":"","toDate":"","status":""},"timestamp":"2026-07-28T12:26:49.499Z"}
28/7/2026, 5:56:49 pm | {"api":"/api/cash-closing-dashboard","event":"CASH_CLOSING_DASHBOARD_API_STARTED","filters":{"cluster":"","branch":"","fromDate":"","toDate":"","status":""},"timestamp":"2026-07-28T12:26:49.629Z"}
28/7/2026, 5:56:49 pm | {"api":"/api/cash-closing-dashboard","event":"CASH_CLOSING_DASHBOARD_DB_CONNECTED","timestamp":"2026-07-28T12:26:49.629Z"}
28/7/2026, 5:56:49 pm | {"api":"/api/cash-closing-dashboard","event":"CASH_CLOSING_DASHBOARD_QUERY_STARTED","filters":{"cluster":"","branch":"","fromDate":"","toDate":"","status":""},"timestamp":"2026-07-28T12:26:49.630Z"}
28/7/2026, 5:56:49 pm | {"api":"/api/cash-closing-dashboard","event":"CASH_CLOSING_DASHBOARD_DATA_FETCHED","totalRecords":56,"timestamp":"2026-07-28T12:26:49.636Z"}
28/7/2026, 5:56:49 pm | {"api":"/api/cash-closing-dashboard","event":"CASH_CLOSING_CLUSTER_FETCHED","totalClusters":4,"timestamp":"2026-07-28T12:26:49.639Z"}
28/7/2026, 5:56:49 pm | {"api":"/api/cash-closing-dashboard","event":"CASH_CLOSING_BRANCH_FETCHED","totalBranches":56,"timestamp":"2026-07-28T12:26:49.642Z"}
28/7/2026, 5:56:49 pm | {"api":"/api/cash-closing-dashboard","event":"CASH_CLOSING_DASHBOARD_SUCCESS","totalRecords":56,"filters":{"cluster":"","branch":"","fromDate":"","toDate":"","status":""},"timestamp":"2026-07-28T12:26:49.643Z"}
28/7/2026, 5:56:56 pm | {"api":"/api/cash-closing-dashboard","event":"CASH_CLOSING_DASHBOARD_API_STARTED","filters":{"cluster":"","branch":"","fromDate":"","toDate":"","status":""},"timestamp":"2026-07-28T12:26:56.733Z"}
28/7/2026, 5:56:56 pm | {"api":"/api/cash-closing-dashboard","event":"CASH_CLOSING_DASHBOARD_DB_CONNECTED","timestamp":"2026-07-28T12:26:56.734Z"}
28/7/2026, 5:56:56 pm | {"api":"/api/cash-closing-dashboard","event":"CASH_CLOSING_DASHBOARD_QUERY_STARTED","filters":{"cluster":"","branch":"","fromDate":"","toDate":"","status":""},"timestamp":"2026-07-28T12:26:56.735Z"}
28/7/2026, 5:56:56 pm | {"api":"/api/cash-closing-dashboard","event":"CASH_CLOSING_DASHBOARD_DATA_FETCHED","totalRecords":56,"timestamp":"2026-07-28T12:26:56.741Z"}
28/7/2026, 5:56:56 pm | {"api":"/api/cash-closing-dashboard","event":"CASH_CLOSING_CLUSTER_FETCHED","totalClusters":4,"timestamp":"2026-07-28T12:26:56.744Z"}
28/7/2026, 5:56:56 pm | {"api":"/api/cash-closing-dashboard","event":"CASH_CLOSING_BRANCH_FETCHED","totalBranches":56,"timestamp":"2026-07-28T12:26:56.748Z"}
28/7/2026, 5:56:56 pm | {"api":"/api/cash-closing-dashboard","event":"CASH_CLOSING_DASHBOARD_SUCCESS","totalRecords":56,"filters":{"cluster":"","branch":"","fromDate":"","toDate":"","status":""},"timestamp":"2026-07-28T12:26:56.749Z"}
28/7/2026, 5:56:56 pm | {"api":"/api/cash-closing-dashboard","event":"CASH_CLOSING_DASHBOARD_API_STARTED","filters":{"cluster":"","branch":"","fromDate":"","toDate":"","status":""},"timestamp":"2026-07-28T12:26:56.892Z"}
28/7/2026, 5:56:56 pm | {"api":"/api/cash-closing-dashboard","event":"CASH_CLOSING_DASHBOARD_DB_CONNECTED","timestamp":"2026-07-28T12:26:56.893Z"}
28/7/2026, 5:56:56 pm | {"api":"/api/cash-closing-dashboard","event":"CASH_CLOSING_DASHBOARD_QUERY_STARTED","filters":{"cluster":"","branch":"","fromDate":"","toDate":"","status":""},"timestamp":"2026-07-28T12:26:56.894Z"}
28/7/2026, 5:56:56 pm | {"api":"/api/cash-closing-dashboard","event":"CASH_CLOSING_DASHBOARD_DATA_FETCHED","totalRecords":56,"timestamp":"2026-07-28T12:26:56.901Z"}
28/7/2026, 5:56:56 pm | {"api":"/api/cash-closing-dashboard","event":"CASH_CLOSING_CLUSTER_FETCHED","totalClusters":4,"timestamp":"2026-07-28T12:26:56.904Z"}
28/7/2026, 5:56:56 pm | {"api":"/api/cash-closing-dashboard","event":"CASH_CLOSING_BRANCH_FETCHED","totalBranches":56,"timestamp":"2026-07-28T12:26:56.908Z"}
28/7/2026, 5:56:56 pm | {"api":"/api/cash-closing-dashboard","event":"CASH_CLOSING_DASHBOARD_SUCCESS","totalRecords":56,"filters":{"cluster":"","branch":"","fromDate":"","toDate":"","status":""},"timestamp":"2026-07-28T12:26:56.909Z"}
28/7/2026, 5:56:58 pm | {"api":"/login","event":"LOGIN_API_STARTED","mpin":"3861","deviceId":"84fb22925116cbf6","timestamp":"2026-07-28T12:26:58.982Z"}
28/7/2026, 5:56:58 pm | {"event":"LOGIN_REQUEST","mpin":"3861","deviceId":"84fb22925116cbf6","timestamp":"2026-07-28T12:26:58.983Z"}
28/7/2026, 5:56:58 pm | {"api":"/login","event":"LOGIN_DB_QUERY_STARTED","mpin":"3861","timestamp":"2026-07-28T12:26:58.984Z"}
28/7/2026, 5:56:58 pm | {"api":"/login","event":"LOGIN_USER_FOUND","empNo":"339","branch":"Tanuku","designation":"Branch Manager","timestamp":"2026-07-28T12:26:58.990Z"}
28/7/2026, 5:56:58 pm | {"api":"/login","event":"LOGIN_DEVICE_CHECK","empNo":"339","savedDevice":"84fb22925116cbf6","currentDevice":"84fb22925116cbf6","timestamp":"2026-07-28T12:26:58.991Z"}
28/7/2026, 5:56:58 pm | {"api":"/login","event":"LOGIN_SUCCESS","empNo":"339","branch":"Tanuku","designation":"Branch Manager","loginTime":"2026-07-28T12:26:58.998Z"}
28/7/2026, 5:56:59 pm | {"api":"/employee/:empNo","event":"EMPLOYEE_API_STARTED","empNo":"339","timestamp":"2026-07-28T12:26:59.186Z"}
28/7/2026, 5:56:59 pm | {"api":"/employee/:empNo","event":"EMPLOYEE_DB_QUERY_STARTED","empNo":"339","timestamp":"2026-07-28T12:26:59.188Z"}
28/7/2026, 5:56:59 pm | {"api":"/employee/:empNo","event":"EMPLOYEE_FETCH_SUCCESS","empNo":"339","employeeName":"D. Surendra Kumar","branch":"Tanuku","designation":"Branch Manager","timestamp":"2026-07-28T12:26:59.192Z"}
28/7/2026, 5:56:59 pm | {"api":"/last-submission/:empNo","event":"LAST_SUBMISSION_API_STARTED","empNo":"339","timestamp":"2026-07-28T12:26:59.260Z"}
28/7/2026, 5:56:59 pm | {"api":"/last-submission/:empNo","event":"LAST_SUBMISSION_DB_QUERY_STARTED","empNo":"339","timestamp":"2026-07-28T12:26:59.261Z"}
28/7/2026, 5:56:59 pm | {"api":"/last-submission/:empNo","event":"LAST_SUBMISSION_FETCH_SUCCESS","empNo":"339","amount":2460000,"actionAt":"2026-07-27 18:14:58","timestamp":"2026-07-28T12:26:59.266Z"}
28/7/2026, 5:56:59 pm | {"api":"/today-cash/:empNo","event":"TODAY_CASH_API_STARTED","empNo":"339","timestamp":"2026-07-28T12:26:59.405Z"}
28/7/2026, 5:56:59 pm | {"api":"/today-cash/:empNo","event":"TODAY_CASH_DB_QUERY_STARTED","empNo":"339","timestamp":"2026-07-28T12:26:59.406Z"}
28/7/2026, 5:56:59 pm | {"api":"/today-cash/:empNo","event":"TODAY_CASH_NOT_FOUND","empNo":"339","timestamp":"2026-07-28T12:26:59.410Z"}
28/7/2026, 5:57:00 pm | {"api":"/api/cash-closing-dashboard","event":"CASH_CLOSING_DASHBOARD_API_STARTED","filters":{"cluster":"","branch":"","fromDate":"","toDate":"","status":""},"timestamp":"2026-07-28T12:27:00.341Z"}
28/7/2026, 5:57:00 pm | {"api":"/api/cash-closing-dashboard","event":"CASH_CLOSING_DASHBOARD_DB_CONNECTED","timestamp":"2026-07-28T12:27:00.342Z"}
28/7/2026, 5:57:00 pm | {"api":"/api/cash-closing-dashboard","event":"CASH_CLOSING_DASHBOARD_QUERY_STARTED","filters":{"cluster":"","branch":"","fromDate":"","toDate":"","status":""},"timestamp":"2026-07-28T12:27:00.343Z"}
28/7/2026, 5:57:00 pm | {"api":"/api/cash-closing-dashboard","event":"CASH_CLOSING_DASHBOARD_DATA_FETCHED","totalRecords":56,"timestamp":"2026-07-28T12:27:00.350Z"}
28/7/2026, 5:57:00 pm | {"api":"/api/cash-closing-dashboard","event":"CASH_CLOSING_CLUSTER_FETCHED","totalClusters":4,"timestamp":"2026-07-28T12:27:00.354Z"}
28/7/2026, 5:57:00 pm | {"api":"/api/cash-closing-dashboard","event":"CASH_CLOSING_BRANCH_FETCHED","totalBranches":56,"timestamp":"2026-07-28T12:27:00.357Z"}
28/7/2026, 5:57:00 pm | {"api":"/api/cash-closing-dashboard","event":"CASH_CLOSING_DASHBOARD_SUCCESS","totalRecords":56,"filters":{"cluster":"","branch":"","fromDate":"","toDate":"","status":""},"timestamp":"2026-07-28T12:27:00.358Z"}
28/7/2026, 5:57:00 pm | {"api":"/api/cash-closing-dashboard","event":"CASH_CLOSING_DASHBOARD_API_STARTED","filters":{"cluster":"","branch":"","fromDate":"","toDate":"","status":""},"timestamp":"2026-07-28T12:27:00.837Z"}
28/7/2026, 5:57:00 pm | {"api":"/api/cash-closing-dashboard","event":"CASH_CLOSING_DASHBOARD_DB_CONNECTED","timestamp":"2026-07-28T12:27:00.838Z"}
28/7/2026, 5:57:00 pm | {"api":"/api/cash-closing-dashboard","event":"CASH_CLOSING_DASHBOARD_QUERY_STARTED","filters":{"cluster":"","branch":"","fromDate":"","toDate":"","status":""},"timestamp":"2026-07-28T12:27:00.839Z"}
28/7/2026, 5:57:00 pm | {"api":"/api/cash-closing-dashboard","event":"CASH_CLOSING_DASHBOARD_DATA_FETCHED","totalRecords":56,"timestamp":"2026-07-28T12:27:00.846Z"}
28/7/2026, 5:57:00 pm | {"api":"/api/cash-closing-dashboard","event":"CASH_CLOSING_CLUSTER_FETCHED","totalClusters":4,"timestamp":"2026-07-28T12:27:00.849Z"}
28/7/2026, 5:57:00 pm | {"api":"/api/cash-closing-dashboard","event":"CASH_CLOSING_BRANCH_FETCHED","totalBranches":56,"timestamp":"2026-07-28T12:27:00.852Z"}
28/7/2026, 5:57:00 pm | {"api":"/api/cash-closing-dashboard","event":"CASH_CLOSING_DASHBOARD_SUCCESS","totalRecords":56,"filters":{"cluster":"","branch":"","fromDate":"","toDate":"","status":""},"timestamp":"2026-07-28T12:27:00.853Z"}
28/7/2026, 5:57:00 pm | {"api":"/api/cash-closing-dashboard","event":"CASH_CLOSING_DASHBOARD_API_STARTED","filters":{"cluster":"","branch":"","fromDate":"","toDate":"","status":""},"timestamp":"2026-07-28T12:27:00.988Z"}
28/7/2026, 5:57:00 pm | {"api":"/api/cash-closing-dashboard","event":"CASH_CLOSING_DASHBOARD_DB_CONNECTED","timestamp":"2026-07-28T12:27:00.989Z"}
28/7/2026, 5:57:00 pm | {"api":"/api/cash-closing-dashboard","event":"CASH_CLOSING_DASHBOARD_QUERY_STARTED","filters":{"cluster":"","branch":"","fromDate":"","toDate":"","status":""},"timestamp":"2026-07-28T12:27:00.990Z"}
28/7/2026, 5:57:00 pm | {"api":"/api/cash-closing-dashboard","event":"CASH_CLOSING_DASHBOARD_DATA_FETCHED","totalRecords":56,"timestamp":"2026-07-28T12:27:00.998Z"}
28/7/2026, 5:57:01 pm | {"api":"/api/cash-closing-dashboard","event":"CASH_CLOSING_CLUSTER_FETCHED","totalClusters":4,"timestamp":"2026-07-28T12:27:01.001Z"}
28/7/2026, 5:57:01 pm | {"api":"/api/cash-closing-dashboard","event":"CASH_CLOSING_BRANCH_FETCHED","totalBranches":56,"timestamp":"2026-07-28T12:27:01.005Z"}
28/7/2026, 5:57:01 pm | {"api":"/api/cash-closing-dashboard","event":"CASH_CLOSING_DASHBOARD_SUCCESS","totalRecords":56,"filters":{"cluster":"","branch":"","fromDate":"","toDate":"","status":""},"timestamp":"2026-07-28T12:27:01.005Z"}
28/7/2026, 5:57:03 pm | {"api":"/api/cash-closing-dashboard","event":"CASH_CLOSING_DASHBOARD_API_STARTED","filters":{"cluster":"","branch":"","fromDate":"","toDate":"","status":""},"timestamp":"2026-07-28T12:27:03.920Z"}
28/7/2026, 5:57:03 pm | {"api":"/api/cash-closing-dashboard","event":"CASH_CLOSING_DASHBOARD_DB_CONNECTED","timestamp":"2026-07-28T12:27:03.922Z"}
28/7/2026, 5:57:03 pm | {"api":"/api/cash-closing-dashboard","event":"CASH_CLOSING_DASHBOARD_QUERY_STARTED","filters":{"cluster":"","branch":"","fromDate":"","toDate":"","status":""},"timestamp":"2026-07-28T12:27:03.922Z"}
28/7/2026, 5:57:03 pm | {"api":"/api/cash-closing-dashboard","event":"CASH_CLOSING_DASHBOARD_DATA_FETCHED","totalRecords":56,"timestamp":"2026-07-28T12:27:03.928Z"}
28/7/2026, 5:57:03 pm | {"api":"/api/cash-closing-dashboard","event":"CASH_CLOSING_CLUSTER_FETCHED","totalClusters":4,"timestamp":"2026-07-28T12:27:03.932Z"}
28/7/2026, 5:57:03 pm | {"api":"/api/cash-closing-dashboard","event":"CASH_CLOSING_BRANCH_FETCHED","totalBranches":56,"timestamp":"2026-07-28T12:27:03.936Z"}
28/7/2026, 5:57:03 pm | {"api":"/api/cash-closing-dashboard","event":"CASH_CLOSING_DASHBOARD_SUCCESS","totalRecords":56,"filters":{"cluster":"","branch":"","fromDate":"","toDate":"","status":""},"timestamp":"2026-07-28T12:27:03.936Z"}
28/7/2026, 5:57:04 pm | {"api":"/api/cash-closing-dashboard","event":"CASH_CLOSING_DASHBOARD_API_STARTED","filters":{"cluster":"","branch":"","fromDate":"","toDate":"","status":""},"timestamp":"2026-07-28T12:27:04.037Z"}
28/7/2026, 5:57:04 pm | {"api":"/api/cash-closing-dashboard","event":"CASH_CLOSING_DASHBOARD_DB_CONNECTED","timestamp":"2026-07-28T12:27:04.038Z"}
28/7/2026, 5:57:04 pm | {"api":"/api/cash-closing-dashboard","event":"CASH_CLOSING_DASHBOARD_QUERY_STARTED","filters":{"cluster":"","branch":"","fromDate":"","toDate":"","status":""},"timestamp":"2026-07-28T12:27:04.039Z"}
28/7/2026, 5:57:04 pm | {"api":"/api/cash-closing-dashboard","event":"CASH_CLOSING_DASHBOARD_DATA_FETCHED","totalRecords":56,"timestamp":"2026-07-28T12:27:04.046Z"}
28/7/2026, 5:57:04 pm | {"api":"/api/cash-closing-dashboard","event":"CASH_CLOSING_CLUSTER_FETCHED","totalClusters":4,"timestamp":"2026-07-28T12:27:04.050Z"}
28/7/2026, 5:57:04 pm | {"api":"/api/cash-closing-dashboard","event":"CASH_CLOSING_BRANCH_FETCHED","totalBranches":56,"timestamp":"2026-07-28T12:27:04.053Z"}
28/7/2026, 5:57:04 pm | {"api":"/api/cash-closing-dashboard","event":"CASH_CLOSING_DASHBOARD_SUCCESS","totalRecords":56,"filters":{"cluster":"","branch":"","fromDate":"","toDate":"","status":""},"timestamp":"2026-07-28T12:27:04.054Z"}
28/7/2026, 5:57:04 pm | {"api":"/login","event":"LOGIN_API_STARTED","mpin":"1030","deviceId":"cc05aabaa078fe2f","timestamp":"2026-07-28T12:27:04.571Z"}
28/7/2026, 5:57:04 pm | {"event":"LOGIN_REQUEST","mpin":"1030","deviceId":"cc05aabaa078fe2f","timestamp":"2026-07-28T12:27:04.572Z"}
28/7/2026, 5:57:04 pm | {"api":"/login","event":"LOGIN_DB_QUERY_STARTED","mpin":"1030","timestamp":"2026-07-28T12:27:04.573Z"}
28/7/2026, 5:57:04 pm | {"api":"/login","event":"LOGIN_USER_FOUND","empNo":"121","branch":"Narasaraopet","designation":"Branch Manager","timestamp":"2026-07-28T12:27:04.580Z"}
28/7/2026, 5:57:04 pm | {"api":"/login","event":"LOGIN_DEVICE_CHECK","empNo":"121","savedDevice":"cc05aabaa078fe2f","currentDevice":"cc05aabaa078fe2f","timestamp":"2026-07-28T12:27:04.581Z"}
28/7/2026, 5:57:04 pm | {"api":"/login","event":"LOGIN_SUCCESS","empNo":"121","branch":"Narasaraopet","designation":"Branch Manager","loginTime":"2026-07-28T12:27:04.587Z"}
28/7/2026, 5:57:04 pm | {"api":"/employee/:empNo","event":"EMPLOYEE_API_STARTED","empNo":"121","timestamp":"2026-07-28T12:27:04.852Z"}
28/7/2026, 5:57:04 pm | {"api":"/employee/:empNo","event":"EMPLOYEE_DB_QUERY_STARTED","empNo":"121","timestamp":"2026-07-28T12:27:04.853Z"}
28/7/2026, 5:57:04 pm | {"api":"/employee/:empNo","event":"EMPLOYEE_FETCH_SUCCESS","empNo":"121","employeeName":"B. Chandra Sekhar K","branch":"Narasaraopet","designation":"Branch Manager","timestamp":"2026-07-28T12:27:04.858Z"}
28/7/2026, 5:57:04 pm | {"api":"/last-submission/:empNo","event":"LAST_SUBMISSION_API_STARTED","empNo":"121","timestamp":"2026-07-28T12:27:04.932Z"}
28/7/2026, 5:57:04 pm | {"api":"/last-submission/:empNo","event":"LAST_SUBMISSION_DB_QUERY_STARTED","empNo":"121","timestamp":"2026-07-28T12:27:04.933Z"}
28/7/2026, 5:57:04 pm | {"api":"/last-submission/:empNo","event":"LAST_SUBMISSION_FETCH_SUCCESS","empNo":"121","amount":1176812,"actionAt":"2026-07-27 17:51:09","timestamp":"2026-07-28T12:27:04.937Z"}
28/7/2026, 5:57:05 pm | {"api":"/today-cash/:empNo","event":"TODAY_CASH_API_STARTED","empNo":"121","timestamp":"2026-07-28T12:27:05.122Z"}
28/7/2026, 5:57:05 pm | {"api":"/today-cash/:empNo","event":"TODAY_CASH_DB_QUERY_STARTED","empNo":"121","timestamp":"2026-07-28T12:27:05.122Z"}
28/7/2026, 5:57:05 pm | {"api":"/today-cash/:empNo","event":"TODAY_CASH_NOT_FOUND","empNo":"121","timestamp":"2026-07-28T12:27:05.127Z"}
28/7/2026, 5:57:06 pm | {"api":"/save-cash-closing","event":"SAVE_CASH_API_STARTED","empNo":"339","amount":"1800000","timestamp":"2026-07-28T12:27:06.830Z"}
28/7/2026, 5:57:06 pm | {"api":"/save-cash-closing","event":"PREVIOUS_DAY_RECORD_FOUND","empNo":"339","oldDate":"2026-07-27T00:00:00.000Z","amount":2460000,"timestamp":"2026-07-28T12:27:06.840Z"}
28/7/2026, 5:57:06 pm | {"api":"/save-cash-closing","event":"PREVIOUS_DAY_MOVED_TO_HISTORY","empNo":"339","timestamp":"2026-07-28T12:27:06.847Z"}
28/7/2026, 5:57:06 pm | {"api":"/save-cash-closing","event":"PREVIOUS_DAY_DELETED","empNo":"339","timestamp":"2026-07-28T12:27:06.841Z"}
28/7/2026, 5:57:06 pm | {"api":"/save-cash-closing","event":"SAVE_CASH_NEW_ENTRY","empNo":"339","amount":"1800000","branch":"Tanuku","timestamp":"2026-07-28T12:27:06.843Z"}
28/7/2026, 5:57:06 pm | {"api":"/save-cash-closing","event":"SAVE_CASH_HISTORY_INSERTED","empNo":"339","actionType":"ADDED","version":1,"timestamp":"2026-07-28T12:27:06.854Z"}
28/7/2026, 5:57:06 pm | {"api":"/save-cash-closing","event":"SAVE_CASH_SUCCESS","type":"INSERT","empNo":"339","amount":"1800000","timestamp":"2026-07-28T12:27:06.855Z"}
28/7/2026, 5:57:06 pm | {"api":"/api/cash-closing-dashboard","event":"CASH_CLOSING_DASHBOARD_API_STARTED","filters":{"cluster":"","branch":"","fromDate":"","toDate":"","status":""},"timestamp":"2026-07-28T12:27:06.859Z"}
28/7/2026, 5:57:06 pm | {"api":"/api/cash-closing-dashboard","event":"CASH_CLOSING_DASHBOARD_DB_CONNECTED","timestamp":"2026-07-28T12:27:06.860Z"}
28/7/2026, 5:57:06 pm | {"api":"/api/cash-closing-dashboard","event":"CASH_CLOSING_DASHBOARD_QUERY_STARTED","filters":{"cluster":"","branch":"","fromDate":"","toDate":"","status":""},"timestamp":"2026-07-28T12:27:06.861Z"}
28/7/2026, 5:57:06 pm | {"api":"/api/cash-closing-dashboard","event":"CASH_CLOSING_DASHBOARD_DATA_FETCHED","totalRecords":56,"timestamp":"2026-07-28T12:27:06.866Z"}
28/7/2026, 5:57:06 pm | {"api":"/api/cash-closing-dashboard","event":"CASH_CLOSING_CLUSTER_FETCHED","totalClusters":4,"timestamp":"2026-07-28T12:27:06.869Z"}
28/7/2026, 5:57:06 pm | {"api":"/api/cash-closing-dashboard","event":"CASH_CLOSING_BRANCH_FETCHED","totalBranches":56,"timestamp":"2026-07-28T12:27:06.873Z"}
28/7/2026, 5:57:06 pm | {"api":"/api/cash-closing-dashboard","event":"CASH_CLOSING_DASHBOARD_SUCCESS","totalRecords":56,"filters":{"cluster":"","branch":"","fromDate":"","toDate":"","status":""},"timestamp":"2026-07-28T12:27:06.873Z"}
28/7/2026, 5:57:12 pm | {"api":"/save-cash-closing","event":"SAVE_CASH_API_STARTED","empNo":"121","amount":"1366812","timestamp":"2026-07-28T12:27:12.793Z"}
28/7/2026, 5:57:12 pm | {"api":"/save-cash-closing","event":"PREVIOUS_DAY_RECORD_FOUND","empNo":"121","oldDate":"2026-07-27T00:00:00.000Z","amount":1176812,"timestamp":"2026-07-28T12:27:12.804Z"}
28/7/2026, 5:57:12 pm | {"api":"/save-cash-closing","event":"PREVIOUS_DAY_MOVED_TO_HISTORY","empNo":"121","timestamp":"2026-07-28T12:27:12.811Z"}
28/7/2026, 5:57:12 pm | {"api":"/save-cash-closing","event":"PREVIOUS_DAY_DELETED","empNo":"121","timestamp":"2026-07-28T12:27:12.818Z"}
28/7/2026, 5:57:12 pm | {"api":"/save-cash-closing","event":"SAVE_CASH_NEW_ENTRY","empNo":"121","amount":"1366812","branch":"Narasaraopet","timestamp":"2026-07-28T12:27:12.821Z"}
28/7/2026, 5:57:12 pm | {"api":"/save-cash-closing","event":"SAVE_CASH_HISTORY_INSERTED","empNo":"121","actionType":"ADDED","version":1,"timestamp":"2026-07-28T12:27:12.834Z"}
28/7/2026, 5:57:12 pm | {"api":"/save-cash-closing","event":"SAVE_CASH_SUCCESS","type":"INSERT","empNo":"121","amount":"1366812","timestamp":"2026-07-28T12:27:12.835Z"}
28/7/2026, 5:57:18 pm | {"api":"/api/cash-closing-dashboard","event":"CASH_CLOSING_DASHBOARD_API_STARTED","filters":{"cluster":"","branch":"","fromDate":"","toDate":"","status":""},"timestamp":"2026-07-28T12:27:18.272Z"}
28/7/2026, 5:57:18 pm | {"api":"/api/cash-closing-dashboard","event":"CASH_CLOSING_DASHBOARD_DB_CONNECTED","timestamp":"2026-07-28T12:27:18.273Z"}
28/7/2026, 5:57:18 pm | {"api":"/api/cash-closing-dashboard","event":"CASH_CLOSING_DASHBOARD_QUERY_STARTED","filters":{"cluster":"","branch":"","fromDate":"","toDate":"","status":""},"timestamp":"2026-07-28T12:27:18.274Z"}
28/7/2026, 5:57:18 pm | {"api":"/api/cash-closing-dashboard","event":"CASH_CLOSING_DASHBOARD_DATA_FETCHED","totalRecords":56,"timestamp":"2026-07-28T12:27:18.279Z"}
28/7/2026, 5:57:18 pm | {"api":"/api/cash-closing-dashboard","event":"CASH_CLOSING_CLUSTER_FETCHED","totalClusters":4,"timestamp":"2026-07-28T12:27:18.283Z"}
28/7/2026, 5:57:18 pm | {"api":"/api/cash-closing-dashboard","event":"CASH_CLOSING_BRANCH_FETCHED","totalBranches":56,"timestamp":"2026-07-28T12:27:18.286Z"}
28/7/2026, 5:57:18 pm | {"api":"/api/cash-closing-dashboard","event":"CASH_CLOSING_DASHBOARD_SUCCESS","totalRecords":56,"filters":{"cluster":"","branch":"","fromDate":"","toDate":"","status":""},"timestamp":"2026-07-28T12:27:18.287Z"}
28/7/2026, 5:57:18 pm | {"api":"/api/cash-closing-dashboard","event":"CASH_CLOSING_DASHBOARD_API_STARTED","filters":{"cluster":"","branch":"","fromDate":"","toDate":"","status":""},"timestamp":"2026-07-28T12:27:18.314Z"}
28/7/2026, 5:57:18 pm | {"api":"/api/cash-closing-dashboard","event":"CASH_CLOSING_DASHBOARD_DB_CONNECTED","timestamp":"2026-07-28T12:27:18.315Z"}
28/7/2026, 5:57:18 pm | {"api":"/api/cash-closing-dashboard","event":"CASH_CLOSING_DASHBOARD_QUERY_STARTED","filters":{"cluster":"","branch":"","fromDate":"","toDate":"","status":""},"timestamp":"2026-07-28T12:27:18.316Z"}
28/7/2026, 5:57:18 pm | {"api":"/api/cash-closing-dashboard","event":"CASH_CLOSING_DASHBOARD_DATA_FETCHED","totalRecords":56,"timestamp":"2026-07-28T12:27:18.322Z"}
28/7/2026, 5:57:18 pm | {"api":"/api/cash-closing-dashboard","event":"CASH_CLOSING_CLUSTER_FETCHED","totalClusters":4,"timestamp":"2026-07-28T12:27:18.328Z"}
28/7/2026, 5:57:18 pm | {"api":"/api/cash-closing-dashboard","event":"CASH_CLOSING_BRANCH_FETCHED","totalBranches":56,"timestamp":"2026-07-28T12:27:18.333Z"}
28/7/2026, 5:57:18 pm | {"api":"/api/cash-closing-dashboard","event":"CASH_CLOSING_DASHBOARD_SUCCESS","totalRecords":56,"filters":{"cluster":"","branch":"","fromDate":"","toDate":"","status":""},"timestamp":"2026-07-28T12:27:18.333Z"}
28/7/2026, 5:57:18 pm | {"api":"/api/cash-closing-dashboard","event":"CASH_CLOSING_DASHBOARD_API_STARTED","filters":{"cluster":"","branch":"","fromDate":"","toDate":"","status":""},"timestamp":"2026-07-28T12:27:18.404Z"}
28/7/2026, 5:57:18 pm | {"api":"/api/cash-closing-dashboard","event":"CASH_CLOSING_DASHBOARD_DB_CONNECTED","timestamp":"2026-07-28T12:27:18.405Z"}
28/7/2026, 5:57:18 pm | {"api":"/api/cash-closing-dashboard","event":"CASH_CLOSING_DASHBOARD_QUERY_STARTED","filters":{"cluster":"","branch":"","fromDate":"","toDate":"","status":""},"timestamp":"2026-07-28T12:27:18.406Z"}
28/7/2026, 5:57:18 pm | {"api":"/api/cash-closing-dashboard","event":"CASH_CLOSING_DASHBOARD_DATA_FETCHED","totalRecords":56,"timestamp":"2026-07-28T12:27:18.413Z"}
28/7/2026, 5:57:18 pm | {"api":"/api/cash-closing-dashboard","event":"CASH_CLOSING_CLUSTER_FETCHED","totalClusters":4,"timestamp":"2026-07-28T12:27:18.416Z"}
28/7/2026, 5:57:18 pm | {"api":"/api/cash-closing-dashboard","event":"CASH_CLOSING_BRANCH_FETCHED","totalBranches":56,"timestamp":"2026-07-28T12:27:18.420Z"}
28/7/2026, 5:57:18 pm | {"api":"/api/cash-closing-dashboard","event":"CASH_CLOSING_DASHBOARD_SUCCESS","totalRecords":56,"filters":{"cluster":"","branch":"","fromDate":"","toDate":"","status":""},"timestamp":"2026-07-28T12:27:18.420Z"}
28/7/2026, 5:57:18 pm | {"api":"/api/cash-closing-dashboard","event":"CASH_CLOSING_DASHBOARD_API_STARTED","filters":{"cluster":"","branch":"","fromDate":"","toDate":"","status":""},"timestamp":"2026-07-28T12:27:18.532Z"}
28/7/2026, 5:57:18 pm | {"api":"/api/cash-closing-dashboard","event":"CASH_CLOSING_DASHBOARD_DB_CONNECTED","timestamp":"2026-07-28T12:27:18.533Z"}
28/7/2026, 5:57:18 pm | {"api":"/api/cash-closing-dashboard","event":"CASH_CLOSING_DASHBOARD_QUERY_STARTED","filters":{"cluster":"","branch":"","fromDate":"","toDate":"","status":""},"timestamp":"2026-07-28T12:27:18.533Z"}
28/7/2026, 5:57:18 pm | {"api":"/api/cash-closing-dashboard","event":"CASH_CLOSING_DASHBOARD_DATA_FETCHED","totalRecords":56,"timestamp":"2026-07-28T12:27:18.540Z"}
28/7/2026, 5:57:18 pm | {"api":"/api/cash-closing-dashboard","event":"CASH_CLOSING_CLUSTER_FETCHED","totalClusters":4,"timestamp":"2026-07-28T12:27:18.544Z"}
28/7/2026, 5:57:18 pm | {"api":"/api/cash-closing-dashboard","event":"CASH_CLOSING_BRANCH_FETCHED","totalBranches":56,"timestamp":"2026-07-28T12:27:18.547Z"}
28/7/2026, 5:57:18 pm | {"api":"/api/cash-closing-dashboard","event":"CASH_CLOSING_DASHBOARD_SUCCESS","totalRecords":56,"filters":{"cluster":"","branch":"","fromDate":"","toDate":"","status":""},"timestamp":"2026-07-28T12:27:18.548Z"}
28/7/2026, 5:57:29 pm | {"api":"/api/cash-closing-dashboard","event":"CASH_CLOSING_DASHBOARD_API_STARTED","filters":{"cluster":"","branch":"","fromDate":"","toDate":"","status":""},"timestamp":"2026-07-28T12:27:29.216Z"}
28/7/2026, 5:57:29 pm | {"api":"/api/cash-closing-dashboard","event":"CASH_CLOSING_DASHBOARD_DB_CONNECTED","timestamp":"2026-07-28T12:27:29.217Z"}
28/7/2026, 5:57:29 pm | {"api":"/api/cash-closing-dashboard","event":"CASH_CLOSING_DASHBOARD_QUERY_STARTED","filters":{"cluster":"","branch":"","fromDate":"","toDate":"","status":""},"timestamp":"2026-07-28T12:27:29.218Z"}
28/7/2026, 5:57:29 pm | {"api":"/api/cash-closing-dashboard","event":"CASH_CLOSING_DASHBOARD_DATA_FETCHED","totalRecords":56,"timestamp":"2026-07-28T12:27:29.223Z"}
28/7/2026, 5:57:29 pm | {"api":"/api/cash-closing-dashboard","event":"CASH_CLOSING_CLUSTER_FETCHED","totalClusters":4,"timestamp":"2026-07-28T12:27:29.226Z"}
28/7/2026, 5:57:29 pm | {"api":"/api/cash-closing-dashboard","event":"CASH_CLOSING_BRANCH_FETCHED","totalBranches":56,"timestamp":"2026-07-28T12:27:29.230Z"}
28/7/2026, 5:57:29 pm | {"api":"/api/cash-closing-dashboard","event":"CASH_CLOSING_DASHBOARD_SUCCESS","totalRecords":56,"filters":{"cluster":"","branch":"","fromDate":"","toDate":"","status":""},"timestamp":"2026-07-28T12:27:29.231Z"}
28/7/2026, 5:57:29 pm | {"api":"/api/cash-closing-dashboard","event":"CASH_CLOSING_DASHBOARD_API_STARTED","filters":{"cluster":"","branch":"","fromDate":"","toDate":"","status":""},"timestamp":"2026-07-28T12:27:29.306Z"}
28/7/2026, 5:57:29 pm | {"api":"/api/cash-closing-dashboard","event":"CASH_CLOSING_DASHBOARD_DB_CONNECTED","timestamp":"2026-07-28T12:27:29.307Z"}
28/7/2026, 5:57:29 pm | {"api":"/api/cash-closing-dashboard","event":"CASH_CLOSING_DASHBOARD_QUERY_STARTED","filters":{"cluster":"","branch":"","fromDate":"","toDate":"","status":""},"timestamp":"2026-07-28T12:27:29.308Z"}
28/7/2026, 5:57:29 pm | {"api":"/api/cash-closing-dashboard","event":"CASH_CLOSING_DASHBOARD_DATA_FETCHED","totalRecords":56,"timestamp":"2026-07-28T12:27:29.314Z"}
28/7/2026, 5:57:29 pm | {"api":"/api/cash-closing-dashboard","event":"CASH_CLOSING_CLUSTER_FETCHED","totalClusters":4,"timestamp":"2026-07-28T12:27:29.318Z"}
28/7/2026, 5:57:29 pm | {"api":"/api/cash-closing-dashboard","event":"CASH_CLOSING_BRANCH_FETCHED","totalBranches":56,"timestamp":"2026-07-28T12:27:29.322Z"}
28/7/2026, 5:57:29 pm | {"api":"/api/cash-closing-dashboard","event":"CASH_CLOSING_DASHBOARD_SUCCESS","totalRecords":56,"filters":{"cluster":"","branch":"","fromDate":"","toDate":"","status":""},"timestamp":"2026-07-28T12:27:29.323Z"}
28/7/2026, 5:57:29 pm | {"api":"/api/cash-closing-dashboard","event":"CASH_CLOSING_DASHBOARD_API_STARTED","filters":{"cluster":"","branch":"","fromDate":"","toDate":"","status":""},"timestamp":"2026-07-28T12:27:29.447Z"}
28/7/2026, 5:57:29 pm | {"api":"/api/cash-closing-dashboard","event":"CASH_CLOSING_DASHBOARD_DB_CONNECTED","timestamp":"2026-07-28T12:27:29.448Z"}
28/7/2026, 5:57:29 pm | {"api":"/api/cash-closing-dashboard","event":"CASH_CLOSING_DASHBOARD_QUERY_STARTED","filters":{"cluster":"","branch":"","fromDate":"","toDate":"","status":""},"timestamp":"2026-07-28T12:27:29.449Z"}
28/7/2026, 5:57:29 pm | {"api":"/api/cash-closing-dashboard","event":"CASH_CLOSING_DASHBOARD_DATA_FETCHED","totalRecords":56,"timestamp":"2026-07-28T12:27:29.456Z"}
28/7/2026, 5:57:29 pm | {"api":"/api/cash-closing-dashboard","event":"CASH_CLOSING_CLUSTER_FETCHED","totalClusters":4,"timestamp":"2026-07-28T12:27:29.460Z"}
28/7/2026, 5:57:29 pm | {"api":"/api/cash-closing-dashboard","event":"CASH_CLOSING_BRANCH_FETCHED","totalBranches":56,"timestamp":"2026-07-28T12:27:29.463Z"}
28/7/2026, 5:57:29 pm | {"api":"/api/cash-closing-dashboard","event":"CASH_CLOSING_DASHBOARD_SUCCESS","totalRecords":56,"filters":{"cluster":"","branch":"","fromDate":"","toDate":"","status":""},"timestamp":"2026-07-28T12:27:29.464Z"}
28/7/2026, 5:57:35 pm | {"api":"/api/cash-closing-dashboard","event":"CASH_CLOSING_DASHBOARD_API_STARTED","filters":{"cluster":"","branch":"","fromDate":"","toDate":"","status":""},"timestamp":"2026-07-28T12:27:35.257Z"}
28/7/2026, 5:57:35 pm | {"api":"/api/cash-closing-dashboard","event":"CASH_CLOSING_DASHBOARD_DB_CONNECTED","timestamp":"2026-07-28T12:27:35.258Z"}
28/7/2026, 5:57:35 pm | {"api":"/api/cash-closing-dashboard","event":"CASH_CLOSING_DASHBOARD_QUERY_STARTED","filters":{"cluster":"","branch":"","fromDate":"","toDate":"","status":""},"timestamp":"2026-07-28T12:27:35.258Z"}
28/7/2026, 5:57:35 pm | {"api":"/api/cash-closing-dashboard","event":"CASH_CLOSING_DASHBOARD_DATA_FETCHED","totalRecords":56,"timestamp":"2026-07-28T12:27:35.265Z"}
28/7/2026, 5:57:35 pm | {"api":"/api/cash-closing-dashboard","event":"CASH_CLOSING_CLUSTER_FETCHED","totalClusters":4,"timestamp":"2026-07-28T12:27:35.268Z"}
28/7/2026, 5:57:35 pm | {"api":"/api/cash-closing-dashboard","event":"CASH_CLOSING_BRANCH_FETCHED","totalBranches":56,"timestamp":"2026-07-28T12:27:35.272Z"}
28/7/2026, 5:57:35 pm | {"api":"/api/cash-closing-dashboard","event":"CASH_CLOSING_DASHBOARD_SUCCESS","totalRecords":56,"filters":{"cluster":"","branch":"","fromDate":"","toDate":"","status":""},"timestamp":"2026-07-28T12:27:35.273Z"}
28/7/2026, 5:57:35 pm | {"api":"/api/cash-closing-dashboard","event":"CASH_CLOSING_DASHBOARD_API_STARTED","filters":{"cluster":"","branch":"","fromDate":"","toDate":"","status":""},"timestamp":"2026-07-28T12:27:35.581Z"}
28/7/2026, 5:57:35 pm | {"api":"/api/cash-closing-dashboard","event":"CASH_CLOSING_DASHBOARD_DB_CONNECTED","timestamp":"2026-07-28T12:27:35.582Z"}
28/7/2026, 5:57:35 pm | {"api":"/api/cash-closing-dashboard","event":"CASH_CLOSING_DASHBOARD_QUERY_STARTED","filters":{"cluster":"","branch":"","fromDate":"","toDate":"","status":""},"timestamp":"2026-07-28T12:27:35.583Z"}
28/7/2026, 5:57:35 pm | {"api":"/api/cash-closing-dashboard","event":"CASH_CLOSING_DASHBOARD_DATA_FETCHED","totalRecords":56,"timestamp":"2026-07-28T12:27:35.589Z"}
28/7/2026, 5:57:35 pm | {"api":"/api/cash-closing-dashboard","event":"CASH_CLOSING_CLUSTER_FETCHED","totalClusters":4,"timestamp":"2026-07-28T12:27:35.592Z"}
28/7/2026, 5:57:35 pm | {"api":"/api/cash-closing-dashboard","event":"CASH_CLOSING_BRANCH_FETCHED","totalBranches":56,"timestamp":"2026-07-28T12:27:35.595Z"}
28/7/2026, 5:57:35 pm | {"api":"/api/cash-closing-dashboard","event":"CASH_CLOSING_DASHBOARD_SUCCESS","totalRecords":56,"filters":{"cluster":"","branch":"","fromDate":"","toDate":"","status":""},"timestamp":"2026-07-28T12:27:35.596Z"}
28/7/2026, 5:57:35 pm | {"api":"/api/cash-closing-dashboard","event":"CASH_CLOSING_DASHBOARD_API_STARTED","filters":{"cluster":"","branch":"","fromDate":"","toDate":"","status":""},"timestamp":"2026-07-28T12:27:35.731Z"}
28/7/2026, 5:57:35 pm | {"api":"/api/cash-closing-dashboard","event":"CASH_CLOSING_DASHBOARD_DB_CONNECTED","timestamp":"2026-07-28T12:27:35.732Z"}
28/7/2026, 5:57:35 pm | {"api":"/api/cash-closing-dashboard","event":"CASH_CLOSING_DASHBOARD_QUERY_STARTED","filters":{"cluster":"","branch":"","fromDate":"","toDate":"","status":""},"timestamp":"2026-07-28T12:27:35.733Z"}
28/7/2026, 5:57:35 pm | {"api":"/api/cash-closing-dashboard","event":"CASH_CLOSING_DASHBOARD_DATA_FETCHED","totalRecords":56,"timestamp":"2026-07-28T12:27:35.740Z"}
28/7/2026, 5:57:35 pm | {"api":"/api/cash-closing-dashboard","event":"CASH_CLOSING_CLUSTER_FETCHED","totalClusters":4,"timestamp":"2026-07-28T12:27:35.743Z"}
28/7/2026, 5:57:35 pm | {"api":"/api/cash-closing-dashboard","event":"CASH_CLOSING_BRANCH_FETCHED","totalBranches":56,"timestamp":"2026-07-28T12:27:35.746Z"}
28/7/2026, 5:57:35 pm | {"api":"/api/cash-closing-dashboard","event":"CASH_CLOSING_DASHBOARD_SUCCESS","totalRecords":56,"filters":{"cluster":"","branch":"","fromDate":"","toDate":"","status":""},"timestamp":"2026-07-28T12:27:35.747Z"}
28/7/2026, 5:57:35 pm | {"api":"/api/cash-closing-dashboard","event":"CASH_CLOSING_DASHBOARD_API_STARTED","filters":{"cluster":"","branch":"","fromDate":"","toDate":"","status":""},"timestamp":"2026-07-28T12:27:35.899Z"}
28/7/2026, 5:57:35 pm | {"api":"/api/cash-closing-dashboard","event":"CASH_CLOSING_DASHBOARD_DB_CONNECTED","timestamp":"2026-07-28T12:27:35.901Z"}
28/7/2026, 5:57:35 pm | {"api":"/api/cash-closing-dashboard","event":"CASH_CLOSING_DASHBOARD_QUERY_STARTED","filters":{"cluster":"","branch":"","fromDate":"","toDate":"","status":""},"timestamp":"2026-07-28T12:27:35.901Z"}
28/7/2026, 5:57:35 pm | {"api":"/api/cash-closing-dashboard","event":"CASH_CLOSING_DASHBOARD_DATA_FETCHED","totalRecords":56,"timestamp":"2026-07-28T12:27:35.909Z"}
28/7/2026, 5:57:35 pm | {"api":"/api/cash-closing-dashboard","event":"CASH_CLOSING_CLUSTER_FETCHED","totalClusters":4,"timestamp":"2026-07-28T12:27:35.913Z"}
28/7/2026, 5:57:35 pm | {"api":"/api/cash-closing-dashboard","event":"CASH_CLOSING_BRANCH_FETCHED","totalBranches":56,"timestamp":"2026-07-28T12:27:35.916Z"}
28/7/2026, 5:57:35 pm | {"api":"/api/cash-closing-dashboard","event":"CASH_CLOSING_DASHBOARD_SUCCESS","totalRecords":56,"filters":{"cluster":"","branch":"","fromDate":"","toDate":"","status":""},"timestamp":"2026-07-28T12:27:35.917Z"}
28/7/2026, 5:57:46 pm | {"api":"/login","event":"LOGIN_API_STARTED","mpin":"1435","deviceId":"ba25439295ea5d5f","timestamp":"2026-07-28T12:27:46.193Z"}
28/7/2026, 5:57:46 pm | {"event":"LOGIN_REQUEST","mpin":"1435","deviceId":"ba25439295ea5d5f","timestamp":"2026-07-28T12:27:46.194Z"}
28/7/2026, 5:57:46 pm | {"api":"/login","event":"LOGIN_DB_QUERY_STARTED","mpin":"1435","timestamp":"2026-07-28T12:27:46.195Z"}
28/7/2026, 5:57:46 pm | {"api":"/login","event":"LOGIN_USER_FOUND","empNo":"860","branch":"Duvvada","designation":"Branch Manager","timestamp":"2026-07-28T12:27:46.207Z"}
28/7/2026, 5:57:46 pm | {"api":"/login","event":"LOGIN_DEVICE_CHECK","empNo":"860","savedDevice":"ba25439295ea5d5f","currentDevice":"ba25439295ea5d5f","timestamp":"2026-07-28T12:27:46.208Z"}
28/7/2026, 5:57:46 pm | {"api":"/login","event":"LOGIN_SUCCESS","empNo":"860","branch":"Duvvada","designation":"Branch Manager","loginTime":"2026-07-28T12:27:46.217Z"}
28/7/2026, 5:57:46 pm | {"api":"/employee/:empNo","event":"EMPLOYEE_API_STARTED","empNo":"860","timestamp":"2026-07-28T12:27:46.518Z"}
28/7/2026, 5:57:46 pm | {"api":"/employee/:empNo","event":"EMPLOYEE_DB_QUERY_STARTED","empNo":"860","timestamp":"2026-07-28T12:27:46.519Z"}
28/7/2026, 5:57:46 pm | {"api":"/employee/:empNo","event":"EMPLOYEE_FETCH_SUCCESS","empNo":"860","employeeName":"B Prasada Rao","branch":"Duvvada","designation":"Branch Manager","timestamp":"2026-07-28T12:27:46.523Z"}
28/7/2026, 5:57:46 pm | {"api":"/last-submission/:empNo","event":"LAST_SUBMISSION_API_STARTED","empNo":"860","timestamp":"2026-07-28T12:27:46.610Z"}
28/7/2026, 5:57:46 pm | {"api":"/last-submission/:empNo","event":"LAST_SUBMISSION_DB_QUERY_STARTED","empNo":"860","timestamp":"2026-07-28T12:27:46.612Z"}
28/7/2026, 5:57:46 pm | {"api":"/last-submission/:empNo","event":"LAST_SUBMISSION_FETCH_SUCCESS","empNo":"860","amount":800130,"actionAt":"2026-07-27 17:51:13","timestamp":"2026-07-28T12:27:46.617Z"}
28/7/2026, 5:57:46 pm | {"api":"/today-cash/:empNo","event":"TODAY_CASH_API_STARTED","empNo":"860","timestamp":"2026-07-28T12:27:46.820Z"}
28/7/2026, 5:57:46 pm | {"api":"/today-cash/:empNo","event":"TODAY_CASH_DB_QUERY_STARTED","empNo":"860","timestamp":"2026-07-28T12:27:46.822Z"}
28/7/2026, 5:57:46 pm | {"api":"/today-cash/:empNo","event":"TODAY_CASH_NOT_FOUND","empNo":"860","timestamp":"2026-07-28T12:27:46.827Z"}
28/7/2026, 5:57:47 pm | {"api":"/api/cash-closing-dashboard","event":"CASH_CLOSING_DASHBOARD_API_STARTED","filters":{"cluster":"","branch":"","fromDate":"","toDate":"","status":""},"timestamp":"2026-07-28T12:27:47.547Z"}
28/7/2026, 5:57:47 pm | {"api":"/api/cash-closing-dashboard","event":"CASH_CLOSING_DASHBOARD_DB_CONNECTED","timestamp":"2026-07-28T12:27:47.548Z"}
28/7/2026, 5:57:47 pm | {"api":"/api/cash-closing-dashboard","event":"CASH_CLOSING_DASHBOARD_QUERY_STARTED","filters":{"cluster":"","branch":"","fromDate":"","toDate":"","status":""},"timestamp":"2026-07-28T12:27:47.549Z"}
28/7/2026, 5:57:47 pm | {"api":"/api/cash-closing-dashboard","event":"CASH_CLOSING_DASHBOARD_DATA_FETCHED","totalRecords":56,"timestamp":"2026-07-28T12:27:47.555Z"}
28/7/2026, 5:57:47 pm | {"api":"/api/cash-closing-dashboard","event":"CASH_CLOSING_CLUSTER_FETCHED","totalClusters":4,"timestamp":"2026-07-28T12:27:47.559Z"}
28/7/2026, 5:57:47 pm | {"api":"/api/cash-closing-dashboard","event":"CASH_CLOSING_BRANCH_FETCHED","totalBranches":56,"timestamp":"2026-07-28T12:27:47.562Z"}
28/7/2026, 5:57:47 pm | {"api":"/api/cash-closing-dashboard","event":"CASH_CLOSING_DASHBOARD_SUCCESS","totalRecords":56,"filters":{"cluster":"","branch":"","fromDate":"","toDate":"","status":""},"timestamp":"2026-07-28T12:27:47.562Z"}
28/7/2026, 5:57:47 pm | {"api":"/api/cash-closing-dashboard","event":"CASH_CLOSING_DASHBOARD_API_STARTED","filters":{"cluster":"","branch":"","fromDate":"","toDate":"","status":""},"timestamp":"2026-07-28T12:27:47.682Z"}
28/7/2026, 5:57:47 pm | {"api":"/api/cash-closing-dashboard","event":"CASH_CLOSING_DASHBOARD_DB_CONNECTED","timestamp":"2026-07-28T12:27:47.683Z"}
28/7/2026, 5:57:47 pm | {"api":"/api/cash-closing-dashboard","event":"CASH_CLOSING_DASHBOARD_QUERY_STARTED","filters":{"cluster":"","branch":"","fromDate":"","toDate":"","status":""},"timestamp":"2026-07-28T12:27:47.683Z"}
28/7/2026, 5:57:47 pm | {"api":"/api/cash-closing-dashboard","event":"CASH_CLOSING_DASHBOARD_DATA_FETCHED","totalRecords":56,"timestamp":"2026-07-28T12:27:47.690Z"}
28/7/2026, 5:57:47 pm | {"api":"/api/cash-closing-dashboard","event":"CASH_CLOSING_CLUSTER_FETCHED","totalClusters":4,"timestamp":"2026-07-28T12:27:47.693Z"}
28/7/2026, 5:57:47 pm | {"api":"/api/cash-closing-dashboard","event":"CASH_CLOSING_BRANCH_FETCHED","totalBranches":56,"timestamp":"2026-07-28T12:27:47.696Z"}
28/7/2026, 5:57:47 pm | {"api":"/api/cash-closing-dashboard","event":"CASH_CLOSING_DASHBOARD_SUCCESS","totalRecords":56,"filters":{"cluster":"","branch":"","fromDate":"","toDate":"","status":""},"timestamp":"2026-07-28T12:27:47.697Z"}
28/7/2026, 5:57:47 pm | {"api":"/api/cash-closing-dashboard","event":"CASH_CLOSING_DASHBOARD_API_STARTED","filters":{"cluster":"","branch":"","fromDate":"","toDate":"","status":""},"timestamp":"2026-07-28T12:27:47.811Z"}
28/7/2026, 5:57:47 pm | {"api":"/api/cash-closing-dashboard","event":"CASH_CLOSING_DASHBOARD_DB_CONNECTED","timestamp":"2026-07-28T12:27:47.812Z"}
28/7/2026, 5:57:47 pm | {"api":"/api/cash-closing-dashboard","event":"CASH_CLOSING_DASHBOARD_QUERY_STARTED","filters":{"cluster":"","branch":"","fromDate":"","toDate":"","status":""},"timestamp":"2026-07-28T12:27:47.813Z"}
28/7/2026, 5:57:47 pm | {"api":"/api/cash-closing-dashboard","event":"CASH_CLOSING_DASHBOARD_DATA_FETCHED","totalRecords":56,"timestamp":"2026-07-28T12:27:47.818Z"}
28/7/2026, 5:57:47 pm | {"api":"/api/cash-closing-dashboard","event":"CASH_CLOSING_CLUSTER_FETCHED","totalClusters":4,"timestamp":"2026-07-28T12:27:47.822Z"}
28/7/2026, 5:57:47 pm | {"api":"/api/cash-closing-dashboard","event":"CASH_CLOSING_BRANCH_FETCHED","totalBranches":56,"timestamp":"2026-07-28T12:27:47.825Z"}
28/7/2026, 5:57:47 pm | {"api":"/api/cash-closing-dashboard","event":"CASH_CLOSING_DASHBOARD_SUCCESS","totalRecords":56,"filters":{"cluster":"","branch":"","fromDate":"","toDate":"","status":""},"timestamp":"2026-07-28T12:27:47.826Z"}
28/7/2026, 5:57:47 pm | {"api":"/api/cash-closing-dashboard","event":"CASH_CLOSING_DASHBOARD_API_STARTED","filters":{"cluster":"","branch":"","fromDate":"","toDate":"","status":""},"timestamp":"2026-07-28T12:27:47.837Z"}
28/7/2026, 5:57:47 pm | {"api":"/api/cash-closing-dashboard","event":"CASH_CLOSING_DASHBOARD_DB_CONNECTED","timestamp":"2026-07-28T12:27:47.838Z"}
28/7/2026, 5:57:47 pm | {"api":"/api/cash-closing-dashboard","event":"CASH_CLOSING_DASHBOARD_QUERY_STARTED","filters":{"cluster":"","branch":"","fromDate":"","toDate":"","status":""},"timestamp":"2026-07-28T12:27:47.839Z"}
28/7/2026, 5:57:47 pm | {"api":"/api/cash-closing-dashboard","event":"CASH_CLOSING_DASHBOARD_DATA_FETCHED","totalRecords":56,"timestamp":"2026-07-28T12:27:47.843Z"}
28/7/2026, 5:57:47 pm | {"api":"/api/cash-closing-dashboard","event":"CASH_CLOSING_CLUSTER_FETCHED","totalClusters":4,"timestamp":"2026-07-28T12:27:47.846Z"}
28/7/2026, 5:57:47 pm | {"api":"/api/cash-closing-dashboard","event":"CASH_CLOSING_BRANCH_FETCHED","totalBranches":56,"timestamp":"2026-07-28T12:27:47.850Z"}
28/7/2026, 5:57:47 pm | {"api":"/api/cash-closing-dashboard","event":"CASH_CLOSING_DASHBOARD_SUCCESS","totalRecords":56,"filters":{"cluster":"","branch":"","fromDate":"","toDate":"","status":""},"timestamp":"2026-07-28T12:27:47.850Z"}
28/7/2026, 5:57:47 pm | {"api":"/api/cash-closing-dashboard","event":"CASH_CLOSING_DASHBOARD_API_STARTED","filters":{"cluster":"","branch":"","fromDate":"","toDate":"","status":""},"timestamp":"2026-07-28T12:27:47.943Z"}
28/7/2026, 5:57:47 pm | {"api":"/api/cash-closing-dashboard","event":"CASH_CLOSING_DASHBOARD_DB_CONNECTED","timestamp":"2026-07-28T12:27:47.944Z"}
28/7/2026, 5:57:47 pm | {"api":"/api/cash-closing-dashboard","event":"CASH_CLOSING_DASHBOARD_QUERY_STARTED","filters":{"cluster":"","branch":"","fromDate":"","toDate":"","status":""},"timestamp":"2026-07-28T12:27:47.945Z"}
28/7/2026, 5:57:47 pm | {"api":"/api/cash-closing-dashboard","event":"CASH_CLOSING_DASHBOARD_DATA_FETCHED","totalRecords":56,"timestamp":"2026-07-28T12:27:47.950Z"}
28/7/2026, 5:57:47 pm | {"api":"/api/cash-closing-dashboard","event":"CASH_CLOSING_CLUSTER_FETCHED","totalClusters":4,"timestamp":"2026-07-28T12:27:47.954Z"}
28/7/2026, 5:57:47 pm | {"api":"/api/cash-closing-dashboard","event":"CASH_CLOSING_BRANCH_FETCHED","totalBranches":56,"timestamp":"2026-07-28T12:27:47.958Z"}
28/7/2026, 5:57:47 pm | {"api":"/api/cash-closing-dashboard","event":"CASH_CLOSING_DASHBOARD_SUCCESS","totalRecords":56,"filters":{"cluster":"","branch":"","fromDate":"","toDate":"","status":""},"timestamp":"2026-07-28T12:27:47.958Z"}
28/7/2026, 5:57:48 pm | {"api":"/api/cash-closing-dashboard","event":"CASH_CLOSING_DASHBOARD_API_STARTED","filters":{"cluster":"","branch":"","fromDate":"","toDate":"","status":""},"timestamp":"2026-07-28T12:27:48.096Z"}
28/7/2026, 5:57:48 pm | {"api":"/api/cash-closing-dashboard","event":"CASH_CLOSING_DASHBOARD_DB_CONNECTED","timestamp":"2026-07-28T12:27:48.096Z"}
28/7/2026, 5:57:48 pm | {"api":"/api/cash-closing-dashboard","event":"CASH_CLOSING_DASHBOARD_QUERY_STARTED","filters":{"cluster":"","branch":"","fromDate":"","toDate":"","status":""},"timestamp":"2026-07-28T12:27:48.097Z"}
28/7/2026, 5:57:48 pm | {"api":"/api/cash-closing-dashboard","event":"CASH_CLOSING_DASHBOARD_DATA_FETCHED","totalRecords":56,"timestamp":"2026-07-28T12:27:48.103Z"}
28/7/2026, 5:57:48 pm | {"api":"/api/cash-closing-dashboard","event":"CASH_CLOSING_CLUSTER_FETCHED","totalClusters":4,"timestamp":"2026-07-28T12:27:48.106Z"}
28/7/2026, 5:57:48 pm | {"api":"/api/cash-closing-dashboard","event":"CASH_CLOSING_BRANCH_FETCHED","totalBranches":56,"timestamp":"2026-07-28T12:27:48.109Z"}
28/7/2026, 5:57:48 pm | {"api":"/api/cash-closing-dashboard","event":"CASH_CLOSING_DASHBOARD_SUCCESS","totalRecords":56,"filters":{"cluster":"","branch":"","fromDate":"","toDate":"","status":""},"timestamp":"2026-07-28T12:27:48.110Z"}
28/7/2026, 5:57:48 pm | {"api":"/api/cash-closing-dashboard","event":"CASH_CLOSING_DASHBOARD_API_STARTED","filters":{"cluster":"","branch":"","fromDate":"","toDate":"","status":""},"timestamp":"2026-07-28T12:27:48.231Z"}
28/7/2026, 5:57:48 pm | {"api":"/api/cash-closing-dashboard","event":"CASH_CLOSING_DASHBOARD_DB_CONNECTED","timestamp":"2026-07-28T12:27:48.232Z"}
28/7/2026, 5:57:48 pm | {"api":"/api/cash-closing-dashboard","event":"CASH_CLOSING_DASHBOARD_QUERY_STARTED","filters":{"cluster":"","branch":"","fromDate":"","toDate":"","status":""},"timestamp":"2026-07-28T12:27:48.233Z"}
28/7/2026, 5:57:48 pm | {"api":"/api/cash-closing-dashboard","event":"CASH_CLOSING_DASHBOARD_DATA_FETCHED","totalRecords":56,"timestamp":"2026-07-28T12:27:48.238Z"}
28/7/2026, 5:57:48 pm | {"api":"/api/cash-closing-dashboard","event":"CASH_CLOSING_CLUSTER_FETCHED","totalClusters":4,"timestamp":"2026-07-28T12:27:48.244Z"}
28/7/2026, 5:57:48 pm | {"api":"/api/cash-closing-dashboard","event":"CASH_CLOSING_BRANCH_FETCHED","totalBranches":56,"timestamp":"2026-07-28T12:27:48.248Z"}
28/7/2026, 5:57:48 pm | {"api":"/api/cash-closing-dashboard","event":"CASH_CLOSING_DASHBOARD_SUCCESS","totalRecords":56,"filters":{"cluster":"","branch":"","fromDate":"","toDate":"","status":""},"timestamp":"2026-07-28T12:27:48.248Z"}
28/7/2026, 5:57:48 pm | {"api":"/api/cash-closing-dashboard","event":"CASH_CLOSING_DASHBOARD_API_STARTED","filters":{"cluster":"","branch":"","fromDate":"","toDate":"","status":""},"timestamp":"2026-07-28T12:27:48.360Z"}
28/7/2026, 5:57:48 pm | {"api":"/api/cash-closing-dashboard","event":"CASH_CLOSING_DASHBOARD_DB_CONNECTED","timestamp":"2026-07-28T12:27:48.360Z"}
28/7/2026, 5:57:48 pm | {"api":"/api/cash-closing-dashboard","event":"CASH_CLOSING_DASHBOARD_QUERY_STARTED","filters":{"cluster":"","branch":"","fromDate":"","toDate":"","status":""},"timestamp":"2026-07-28T12:27:48.361Z"}
28/7/2026, 5:57:48 pm | {"api":"/api/cash-closing-dashboard","event":"CASH_CLOSING_DASHBOARD_DATA_FETCHED","totalRecords":56,"timestamp":"2026-07-28T12:27:48.366Z"}
28/7/2026, 5:57:48 pm | {"api":"/api/cash-closing-dashboard","event":"CASH_CLOSING_CLUSTER_FETCHED","totalClusters":4,"timestamp":"2026-07-28T12:27:48.369Z"}
28/7/2026, 5:57:48 pm | {"api":"/api/cash-closing-dashboard","event":"CASH_CLOSING_BRANCH_FETCHED","totalBranches":56,"timestamp":"2026-07-28T12:27:48.373Z"}
28/7/2026, 5:57:48 pm | {"api":"/api/cash-closing-dashboard","event":"CASH_CLOSING_DASHBOARD_SUCCESS","totalRecords":56,"filters":{"cluster":"","branch":"","fromDate":"","toDate":"","status":""},"timestamp":"2026-07-28T12:27:48.374Z"}
28/7/2026, 5:57:48 pm | {"api":"/api/cash-closing-dashboard","event":"CASH_CLOSING_DASHBOARD_API_STARTED","filters":{"cluster":"","branch":"","fromDate":"","toDate":"","status":""},"timestamp":"2026-07-28T12:27:48.768Z"}
28/7/2026, 5:57:48 pm | {"api":"/api/cash-closing-dashboard","event":"CASH_CLOSING_DASHBOARD_DB_CONNECTED","timestamp":"2026-07-28T12:27:48.769Z"}
28/7/2026, 5:57:48 pm | {"api":"/api/cash-closing-dashboard","event":"CASH_CLOSING_DASHBOARD_QUERY_STARTED","filters":{"cluster":"","branch":"","fromDate":"","toDate":"","status":""},"timestamp":"2026-07-28T12:27:48.769Z"}
28/7/2026, 5:57:48 pm | {"api":"/api/cash-closing-dashboard","event":"CASH_CLOSING_DASHBOARD_DATA_FETCHED","totalRecords":56,"timestamp":"2026-07-28T12:27:48.775Z"}
28/7/2026, 5:57:48 pm | {"api":"/api/cash-closing-dashboard","event":"CASH_CLOSING_CLUSTER_FETCHED","totalClusters":4,"timestamp":"2026-07-28T12:27:48.778Z"}
28/7/2026, 5:57:48 pm | {"api":"/api/cash-closing-dashboard","event":"CASH_CLOSING_BRANCH_FETCHED","totalBranches":56,"timestamp":"2026-07-28T12:27:48.783Z"}
28/7/2026, 5:57:48 pm | {"api":"/api/cash-closing-dashboard","event":"CASH_CLOSING_DASHBOARD_SUCCESS","totalRecords":56,"filters":{"cluster":"","branch":"","fromDate":"","toDate":"","status":""},"timestamp":"2026-07-28T12:27:48.783Z"}
28/7/2026, 5:57:48 pm | {"api":"/api/cash-closing-dashboard","event":"CASH_CLOSING_DASHBOARD_API_STARTED","filters":{"cluster":"","branch":"","fromDate":"","toDate":"","status":""},"timestamp":"2026-07-28T12:27:48.912Z"}
28/7/2026, 5:57:48 pm | {"api":"/api/cash-closing-dashboard","event":"CASH_CLOSING_DASHBOARD_DB_CONNECTED","timestamp":"2026-07-28T12:27:48.912Z"}
28/7/2026, 5:57:48 pm | {"api":"/api/cash-closing-dashboard","event":"CASH_CLOSING_DASHBOARD_QUERY_STARTED","filters":{"cluster":"","branch":"","fromDate":"","toDate":"","status":""},"timestamp":"2026-07-28T12:27:48.913Z"}
28/7/2026, 5:57:48 pm | {"api":"/api/cash-closing-dashboard","event":"CASH_CLOSING_DASHBOARD_DATA_FETCHED","totalRecords":56,"timestamp":"2026-07-28T12:27:48.919Z"}
28/7/2026, 5:57:48 pm | {"api":"/api/cash-closing-dashboard","event":"CASH_CLOSING_CLUSTER_FETCHED","totalClusters":4,"timestamp":"2026-07-28T12:27:48.923Z"}
28/7/2026, 5:57:48 pm | {"api":"/api/cash-closing-dashboard","event":"CASH_CLOSING_BRANCH_FETCHED","totalBranches":56,"timestamp":"2026-07-28T12:27:48.926Z"}
28/7/2026, 5:57:48 pm | {"api":"/api/cash-closing-dashboard","event":"CASH_CLOSING_DASHBOARD_SUCCESS","totalRecords":56,"filters":{"cluster":"","branch":"","fromDate":"","toDate":"","status":""},"timestamp":"2026-07-28T12:27:48.927Z"}
28/7/2026, 5:57:49 pm | {"api":"/api/cash-closing-dashboard","event":"CASH_CLOSING_DASHBOARD_API_STARTED","filters":{"cluster":"","branch":"","fromDate":"","toDate":"","status":""},"timestamp":"2026-07-28T12:27:49.160Z"}
28/7/2026, 5:57:49 pm | {"api":"/api/cash-closing-dashboard","event":"CASH_CLOSING_DASHBOARD_DB_CONNECTED","timestamp":"2026-07-28T12:27:49.161Z"}
28/7/2026, 5:57:49 pm | {"api":"/api/cash-closing-dashboard","event":"CASH_CLOSING_DASHBOARD_QUERY_STARTED","filters":{"cluster":"","branch":"","fromDate":"","toDate":"","status":""},"timestamp":"2026-07-28T12:27:49.161Z"}
28/7/2026, 5:57:49 pm | {"api":"/api/cash-closing-dashboard","event":"CASH_CLOSING_DASHBOARD_DATA_FETCHED","totalRecords":56,"timestamp":"2026-07-28T12:27:49.167Z"}
28/7/2026, 5:57:49 pm | {"api":"/api/cash-closing-dashboard","event":"CASH_CLOSING_CLUSTER_FETCHED","totalClusters":4,"timestamp":"2026-07-28T12:27:49.170Z"}
28/7/2026, 5:57:49 pm | {"api":"/api/cash-closing-dashboard","event":"CASH_CLOSING_BRANCH_FETCHED","totalBranches":56,"timestamp":"2026-07-28T12:27:49.173Z"}
28/7/2026, 5:57:49 pm | {"api":"/api/cash-closing-dashboard","event":"CASH_CLOSING_DASHBOARD_SUCCESS","totalRecords":56,"filters":{"cluster":"","branch":"","fromDate":"","toDate":"","status":""},"timestamp":"2026-07-28T12:27:49.174Z"}
28/7/2026, 5:57:49 pm | {"api":"/api/cash-closing-dashboard","event":"CASH_CLOSING_DASHBOARD_API_STARTED","filters":{"cluster":"","branch":"","fromDate":"","toDate":"","status":""},"timestamp":"2026-07-28T12:27:49.312Z"}
28/7/2026, 5:57:49 pm | {"api":"/api/cash-closing-dashboard","event":"CASH_CLOSING_DASHBOARD_DB_CONNECTED","timestamp":"2026-07-28T12:27:49.312Z"}
28/7/2026, 5:57:49 pm | {"api":"/api/cash-closing-dashboard","event":"CASH_CLOSING_DASHBOARD_QUERY_STARTED","filters":{"cluster":"","branch":"","fromDate":"","toDate":"","status":""},"timestamp":"2026-07-28T12:27:49.313Z"}
28/7/2026, 5:57:49 pm | {"api":"/api/cash-closing-dashboard","event":"CASH_CLOSING_DASHBOARD_DATA_FETCHED","totalRecords":56,"timestamp":"2026-07-28T12:27:49.320Z"}
28/7/2026, 5:57:49 pm | {"api":"/api/cash-closing-dashboard","event":"CASH_CLOSING_CLUSTER_FETCHED","totalClusters":4,"timestamp":"2026-07-28T12:27:49.323Z"}
28/7/2026, 5:57:49 pm | {"api":"/api/cash-closing-dashboard","event":"CASH_CLOSING_BRANCH_FETCHED","totalBranches":56,"timestamp":"2026-07-28T12:27:49.326Z"}
28/7/2026, 5:57:49 pm | {"api":"/api/cash-closing-dashboard","event":"CASH_CLOSING_DASHBOARD_SUCCESS","totalRecords":56,"filters":{"cluster":"","branch":"","fromDate":"","toDate":"","status":""},"timestamp":"2026-07-28T12:27:49.327Z"}
28/7/2026, 5:57:49 pm | {"api":"/api/cash-closing-dashboard","event":"CASH_CLOSING_DASHBOARD_API_STARTED","filters":{"cluster":"","branch":"","fromDate":"","toDate":"","status":""},"timestamp":"2026-07-28T12:27:49.448Z"}
28/7/2026, 5:57:49 pm | {"api":"/api/cash-closing-dashboard","event":"CASH_CLOSING_DASHBOARD_DB_CONNECTED","timestamp":"2026-07-28T12:27:49.448Z"}
28/7/2026, 5:57:49 pm | {"api":"/api/cash-closing-dashboard","event":"CASH_CLOSING_DASHBOARD_QUERY_STARTED","filters":{"cluster":"","branch":"","fromDate":"","toDate":"","status":""},"timestamp":"2026-07-28T12:27:49.449Z"}
28/7/2026, 5:57:49 pm | {"api":"/api/cash-closing-dashboard","event":"CASH_CLOSING_DASHBOARD_DATA_FETCHED","totalRecords":56,"timestamp":"2026-07-28T12:27:49.455Z"}
28/7/2026, 5:57:49 pm | {"api":"/api/cash-closing-dashboard","event":"CASH_CLOSING_CLUSTER_FETCHED","totalClusters":4,"timestamp":"2026-07-28T12:27:49.458Z"}
28/7/2026, 5:57:49 pm | {"api":"/api/cash-closing-dashboard","event":"CASH_CLOSING_BRANCH_FETCHED","totalBranches":56,"timestamp":"2026-07-28T12:27:49.464Z"}
28/7/2026, 5:57:49 pm | {"api":"/api/cash-closing-dashboard","event":"CASH_CLOSING_DASHBOARD_SUCCESS","totalRecords":56,"filters":{"cluster":"","branch":"","fromDate":"","toDate":"","status":""},"timestamp":"2026-07-28T12:27:49.465Z"}
28/7/2026, 5:57:49 pm | {"api":"/api/cash-closing-dashboard","event":"CASH_CLOSING_DASHBOARD_API_STARTED","filters":{"cluster":"","branch":"","fromDate":"","toDate":"","status":""},"timestamp":"2026-07-28T12:27:49.600Z"}
28/7/2026, 5:57:49 pm | {"api":"/api/cash-closing-dashboard","event":"CASH_CLOSING_DASHBOARD_DB_CONNECTED","timestamp":"2026-07-28T12:27:49.601Z"}
28/7/2026, 5:57:49 pm | {"api":"/api/cash-closing-dashboard","event":"CASH_CLOSING_DASHBOARD_QUERY_STARTED","filters":{"cluster":"","branch":"","fromDate":"","toDate":"","status":""},"timestamp":"2026-07-28T12:27:49.601Z"}
28/7/2026, 5:57:49 pm | {"api":"/api/cash-closing-dashboard","event":"CASH_CLOSING_DASHBOARD_DATA_FETCHED","totalRecords":56,"timestamp":"2026-07-28T12:27:49.607Z"}
28/7/2026, 5:57:49 pm | {"api":"/api/cash-closing-dashboard","event":"CASH_CLOSING_CLUSTER_FETCHED","totalClusters":4,"timestamp":"2026-07-28T12:27:49.610Z"}
28/7/2026, 5:57:49 pm | {"api":"/api/cash-closing-dashboard","event":"CASH_CLOSING_BRANCH_FETCHED","totalBranches":56,"timestamp":"2026-07-28T12:27:49.613Z"}
28/7/2026, 5:57:49 pm | {"api":"/api/cash-closing-dashboard","event":"CASH_CLOSING_DASHBOARD_SUCCESS","totalRecords":56,"filters":{"cluster":"","branch":"","fromDate":"","toDate":"","status":""},"timestamp":"2026-07-28T12:27:49.613Z"}
28/7/2026, 5:57:51 pm | {"api":"/api/cash-closing-dashboard","event":"CASH_CLOSING_DASHBOARD_API_STARTED","filters":{"cluster":"","branch":"","fromDate":"","toDate":"","status":""},"timestamp":"2026-07-28T12:27:51.123Z"}
28/7/2026, 5:57:51 pm | {"api":"/api/cash-closing-dashboard","event":"CASH_CLOSING_DASHBOARD_DB_CONNECTED","timestamp":"2026-07-28T12:27:51.124Z"}
28/7/2026, 5:57:51 pm | {"api":"/api/cash-closing-dashboard","event":"CASH_CLOSING_DASHBOARD_QUERY_STARTED","filters":{"cluster":"","branch":"","fromDate":"","toDate":"","status":""},"timestamp":"2026-07-28T12:27:51.124Z"}
28/7/2026, 5:57:51 pm | {"api":"/api/cash-closing-dashboard","event":"CASH_CLOSING_DASHBOARD_DATA_FETCHED","totalRecords":56,"timestamp":"2026-07-28T12:27:51.131Z"}
28/7/2026, 5:57:51 pm | {"api":"/api/cash-closing-dashboard","event":"CASH_CLOSING_CLUSTER_FETCHED","totalClusters":4,"timestamp":"2026-07-28T12:27:51.134Z"}
28/7/2026, 5:57:51 pm | {"api":"/api/cash-closing-dashboard","event":"CASH_CLOSING_BRANCH_FETCHED","totalBranches":56,"timestamp":"2026-07-28T12:27:51.137Z"}
28/7/2026, 5:57:51 pm | {"api":"/api/cash-closing-dashboard","event":"CASH_CLOSING_DASHBOARD_SUCCESS","totalRecords":56,"filters":{"cluster":"","branch":"","fromDate":"","toDate":"","status":""},"timestamp":"2026-07-28T12:27:51.138Z"}
28/7/2026, 5:57:51 pm | {"api":"/api/cash-closing-dashboard","event":"CASH_CLOSING_DASHBOARD_API_STARTED","filters":{"cluster":"","branch":"","fromDate":"","toDate":"","status":""},"timestamp":"2026-07-28T12:27:51.371Z"}
28/7/2026, 5:57:51 pm | {"api":"/api/cash-closing-dashboard","event":"CASH_CLOSING_DASHBOARD_DB_CONNECTED","timestamp":"2026-07-28T12:27:51.371Z"}
28/7/2026, 5:57:51 pm | {"api":"/api/cash-closing-dashboard","event":"CASH_CLOSING_DASHBOARD_QUERY_STARTED","filters":{"cluster":"","branch":"","fromDate":"","toDate":"","status":""},"timestamp":"2026-07-28T12:27:51.372Z"}
28/7/2026, 5:57:51 pm | {"api":"/api/cash-closing-dashboard","event":"CASH_CLOSING_DASHBOARD_DATA_FETCHED","totalRecords":56,"timestamp":"2026-07-28T12:27:51.377Z"}
28/7/2026, 5:57:51 pm | {"api":"/api/cash-closing-dashboard","event":"CASH_CLOSING_CLUSTER_FETCHED","totalClusters":4,"timestamp":"2026-07-28T12:27:51.381Z"}
28/7/2026, 5:57:51 pm | {"api":"/api/cash-closing-dashboard","event":"CASH_CLOSING_BRANCH_FETCHED","totalBranches":56,"timestamp":"2026-07-28T12:27:51.384Z"}
28/7/2026, 5:57:51 pm | {"api":"/api/cash-closing-dashboard","event":"CASH_CLOSING_DASHBOARD_SUCCESS","totalRecords":56,"filters":{"cluster":"","branch":"","fromDate":"","toDate":"","status":""},"timestamp":"2026-07-28T12:27:51.384Z"}
28/7/2026, 5:57:51 pm | {"api":"/api/cash-closing-dashboard","event":"CASH_CLOSING_DASHBOARD_API_STARTED","filters":{"cluster":"","branch":"","fromDate":"","toDate":"","status":""},"timestamp":"2026-07-28T12:27:51.523Z"}
28/7/2026, 5:57:51 pm | {"api":"/api/cash-closing-dashboard","event":"CASH_CLOSING_DASHBOARD_DB_CONNECTED","timestamp":"2026-07-28T12:27:51.524Z"}
28/7/2026, 5:57:51 pm | {"api":"/api/cash-closing-dashboard","event":"CASH_CLOSING_DASHBOARD_QUERY_STARTED","filters":{"cluster":"","branch":"","fromDate":"","toDate":"","status":""},"timestamp":"2026-07-28T12:27:51.525Z"}
28/7/2026, 5:57:51 pm | {"api":"/api/cash-closing-dashboard","event":"CASH_CLOSING_DASHBOARD_DATA_FETCHED","totalRecords":56,"timestamp":"2026-07-28T12:27:51.530Z"}
28/7/2026, 5:57:51 pm | {"api":"/api/cash-closing-dashboard","event":"CASH_CLOSING_CLUSTER_FETCHED","totalClusters":4,"timestamp":"2026-07-28T12:27:51.533Z"}
28/7/2026, 5:57:51 pm | {"api":"/api/cash-closing-dashboard","event":"CASH_CLOSING_BRANCH_FETCHED","totalBranches":56,"timestamp":"2026-07-28T12:27:51.537Z"}
28/7/2026, 5:57:51 pm | {"api":"/api/cash-closing-dashboard","event":"CASH_CLOSING_DASHBOARD_SUCCESS","totalRecords":56,"filters":{"cluster":"","branch":"","fromDate":"","toDate":"","status":""},"timestamp":"2026-07-28T12:27:51.537Z"}
28/7/2026, 5:57:54 pm | {"api":"/login","event":"LOGIN_API_STARTED","mpin":"7019","deviceId":"19f9c9be512579c7","timestamp":"2026-07-28T12:27:54.123Z"}
28/7/2026, 5:57:54 pm | {"event":"LOGIN_REQUEST","mpin":"7019","deviceId":"19f9c9be512579c7","timestamp":"2026-07-28T12:27:54.124Z"}
28/7/2026, 5:57:54 pm | {"api":"/login","event":"LOGIN_DB_QUERY_STARTED","mpin":"7019","timestamp":"2026-07-28T12:27:54.125Z"}
28/7/2026, 5:57:54 pm | {"api":"/login","event":"LOGIN_USER_FOUND","empNo":"823","branch":"Tadepalligudem","designation":"Branch Manager","timestamp":"2026-07-28T12:27:54.133Z"}
28/7/2026, 5:57:54 pm | {"api":"/login","event":"LOGIN_DEVICE_CHECK","empNo":"823","savedDevice":"19f9c9be512579c7","currentDevice":"19f9c9be512579c7","timestamp":"2026-07-28T12:27:54.134Z"}
28/7/2026, 5:57:54 pm | {"api":"/login","event":"LOGIN_SUCCESS","empNo":"823","branch":"Tadepalligudem","designation":"Branch Manager","loginTime":"2026-07-28T12:27:54.141Z"}
28/7/2026, 5:57:55 pm | {"api":"/employee/:empNo","event":"EMPLOYEE_API_STARTED","empNo":"823","timestamp":"2026-07-28T12:27:55.688Z"}
28/7/2026, 5:57:55 pm | {"api":"/employee/:empNo","event":"EMPLOYEE_DB_QUERY_STARTED","empNo":"823","timestamp":"2026-07-28T12:27:55.688Z"}
28/7/2026, 5:57:55 pm | {"api":"/employee/:empNo","event":"EMPLOYEE_FETCH_SUCCESS","empNo":"823","employeeName":"Buravilli Prasad","branch":"Tadepalligudem","designation":"Branch Manager","timestamp":"2026-07-28T12:27:55.692Z"}
28/7/2026, 5:57:56 pm | {"api":"/last-submission/:empNo","event":"LAST_SUBMISSION_API_STARTED","empNo":"823","timestamp":"2026-07-28T12:27:56.229Z"}
28/7/2026, 5:57:56 pm | {"api":"/last-submission/:empNo","event":"LAST_SUBMISSION_DB_QUERY_STARTED","empNo":"823","timestamp":"2026-07-28T12:27:56.230Z"}
28/7/2026, 5:57:56 pm | {"api":"/last-submission/:empNo","event":"LAST_SUBMISSION_FETCH_SUCCESS","empNo":"823","amount":2039000,"actionAt":"2026-07-27 17:45:04","timestamp":"2026-07-28T12:27:56.241Z"}
28/7/2026, 5:57:56 pm | {"api":"/login","event":"LOGIN_API_STARTED","mpin":"1234","deviceId":"f90cb5af3276f2dc","timestamp":"2026-07-28T12:27:56.618Z"}
28/7/2026, 5:57:56 pm | {"event":"LOGIN_REQUEST","mpin":"1234","deviceId":"f90cb5af3276f2dc","timestamp":"2026-07-28T12:27:56.619Z"}
28/7/2026, 5:57:56 pm | {"api":"/login","event":"LOGIN_DB_QUERY_STARTED","mpin":"1234","timestamp":"2026-07-28T12:27:56.620Z"}
28/7/2026, 5:57:56 pm | {"api":"/login","event":"LOGIN_USER_FOUND","empNo":"194","branch":"Repalle","designation":"Branch Manager","timestamp":"2026-07-28T12:27:56.625Z"}
28/7/2026, 5:57:56 pm | {"api":"/login","event":"LOGIN_DEVICE_CHECK","empNo":"194","savedDevice":"f90cb5af3276f2dc","currentDevice":"f90cb5af3276f2dc","timestamp":"2026-07-28T12:27:56.626Z"}
28/7/2026, 5:57:56 pm | {"api":"/login","event":"LOGIN_SUCCESS","empNo":"194","branch":"Repalle","designation":"Branch Manager","loginTime":"2026-07-28T12:27:56.632Z"}
28/7/2026, 5:57:56 pm | {"api":"/employee/:empNo","event":"EMPLOYEE_API_STARTED","empNo":"194","timestamp":"2026-07-28T12:27:56.812Z"}
28/7/2026, 5:57:56 pm | {"api":"/employee/:empNo","event":"EMPLOYEE_DB_QUERY_STARTED","empNo":"194","timestamp":"2026-07-28T12:27:56.813Z"}
28/7/2026, 5:57:56 pm | {"api":"/employee/:empNo","event":"EMPLOYEE_FETCH_SUCCESS","empNo":"194","employeeName":"M. Pavan Kumar","branch":"Repalle","designation":"Branch Manager","timestamp":"2026-07-28T12:27:56.817Z"}
28/7/2026, 5:57:56 pm | {"api":"/last-submission/:empNo","event":"LAST_SUBMISSION_API_STARTED","empNo":"194","timestamp":"2026-07-28T12:27:56.939Z"}
28/7/2026, 5:57:56 pm | {"api":"/last-submission/:empNo","event":"LAST_SUBMISSION_DB_QUERY_STARTED","empNo":"194","timestamp":"2026-07-28T12:27:56.940Z"}
28/7/2026, 5:57:56 pm | {"api":"/last-submission/:empNo","event":"LAST_SUBMISSION_FETCH_SUCCESS","empNo":"194","amount":600000,"actionAt":"2026-07-27 17:43:54","timestamp":"2026-07-28T12:27:56.945Z"}
28/7/2026, 5:57:56 pm | {"api":"/today-cash/:empNo","event":"TODAY_CASH_API_STARTED","empNo":"823","timestamp":"2026-07-28T12:27:56.995Z"}
28/7/2026, 5:57:56 pm | {"api":"/today-cash/:empNo","event":"TODAY_CASH_DB_QUERY_STARTED","empNo":"823","timestamp":"2026-07-28T12:27:56.996Z"}
28/7/2026, 5:57:57 pm | {"api":"/today-cash/:empNo","event":"TODAY_CASH_NOT_FOUND","empNo":"823","timestamp":"2026-07-28T12:27:57.001Z"}
28/7/2026, 5:57:57 pm | {"api":"/today-cash/:empNo","event":"TODAY_CASH_API_STARTED","empNo":"194","timestamp":"2026-07-28T12:27:57.079Z"}
28/7/2026, 5:57:57 pm | {"api":"/today-cash/:empNo","event":"TODAY_CASH_DB_QUERY_STARTED","empNo":"194","timestamp":"2026-07-28T12:27:57.080Z"}
28/7/2026, 5:57:57 pm | {"api":"/today-cash/:empNo","event":"TODAY_CASH_NOT_FOUND","empNo":"194","timestamp":"2026-07-28T12:27:57.085Z"}
28/7/2026, 5:57:57 pm | {"api":"/save-cash-closing","event":"SAVE_CASH_API_STARTED","empNo":"860","amount":"689780","timestamp":"2026-07-28T12:27:57.513Z"}
28/7/2026, 5:57:57 pm | {"api":"/save-cash-closing","event":"PREVIOUS_DAY_RECORD_FOUND","empNo":"860","oldDate":"2026-07-27T00:00:00.000Z","amount":800130,"timestamp":"2026-07-28T12:27:57.521Z"}
28/7/2026, 5:57:57 pm | {"api":"/save-cash-closing","event":"PREVIOUS_DAY_MOVED_TO_HISTORY","empNo":"860","timestamp":"2026-07-28T12:27:57.527Z"}
28/7/2026, 5:57:57 pm | {"api":"/save-cash-closing","event":"PREVIOUS_DAY_DELETED","empNo":"860","timestamp":"2026-07-28T12:27:57.534Z"}
28/7/2026, 5:57:57 pm | {"api":"/save-cash-closing","event":"SAVE_CASH_NEW_ENTRY","empNo":"860","amount":"689780","branch":"Duvvada","timestamp":"2026-07-28T12:27:57.537Z"}
28/7/2026, 5:57:57 pm | {"api":"/save-cash-closing","event":"SAVE_CASH_HISTORY_INSERTED","empNo":"860","actionType":"ADDED","version":1,"timestamp":"2026-07-28T12:27:57.549Z"}
28/7/2026, 5:57:57 pm | {"api":"/save-cash-closing","event":"SAVE_CASH_SUCCESS","type":"INSERT","empNo":"860","amount":"689780","timestamp":"2026-07-28T12:27:57.550Z"}
28/7/2026, 5:58:00 pm | {"api":"/save-cash-closing","event":"SAVE_CASH_API_STARTED","empNo":"860","amount":"689780","timestamp":"2026-07-28T12:28:00.945Z"}
28/7/2026, 5:58:00 pm | {"api":"/save-cash-closing","event":"SAVE_CASH_UPDATE_STARTED","empNo":"860","oldAmount":689780,"newAmount":"689780","currentVersion":1,"nextVersion":2,"timestamp":"2026-07-28T12:28:00.953Z"}
28/7/2026, 5:58:00 pm | {"api":"/save-cash-closing","event":"SAVE_CASH_HISTORY_UPDATED","empNo":"860","version":2,"timestamp":"2026-07-28T12:28:00.969Z"}
28/7/2026, 5:58:00 pm | {"api":"/save-cash-closing","event":"SAVE_CASH_SUCCESS","type":"UPDATE","empNo":"860","amount":"689780","version":2,"timestamp":"2026-07-28T12:28:00.970Z"}
28/7/2026, 5:58:04 pm | {"api":"/api/cash-closing-dashboard","event":"CASH_CLOSING_DASHBOARD_API_STARTED","filters":{"cluster":"","branch":"","fromDate":"","toDate":"","status":""},"timestamp":"2026-07-28T12:28:04.554Z"}
28/7/2026, 5:58:04 pm | {"api":"/api/cash-closing-dashboard","event":"CASH_CLOSING_DASHBOARD_DB_CONNECTED","timestamp":"2026-07-28T12:28:04.555Z"}
28/7/2026, 5:58:04 pm | {"api":"/api/cash-closing-dashboard","event":"CASH_CLOSING_DASHBOARD_QUERY_STARTED","filters":{"cluster":"","branch":"","fromDate":"","toDate":"","status":""},"timestamp":"2026-07-28T12:28:04.556Z"}
28/7/2026, 5:58:04 pm | {"api":"/api/cash-closing-dashboard","event":"CASH_CLOSING_DASHBOARD_DATA_FETCHED","totalRecords":56,"timestamp":"2026-07-28T12:28:04.561Z"}
28/7/2026, 5:58:04 pm | {"api":"/api/cash-closing-dashboard","event":"CASH_CLOSING_CLUSTER_FETCHED","totalClusters":4,"timestamp":"2026-07-28T12:28:04.564Z"}
28/7/2026, 5:58:04 pm | {"api":"/api/cash-closing-dashboard","event":"CASH_CLOSING_BRANCH_FETCHED","totalBranches":56,"timestamp":"2026-07-28T12:28:04.567Z"}
28/7/2026, 5:58:04 pm | {"api":"/api/cash-closing-dashboard","event":"CASH_CLOSING_DASHBOARD_SUCCESS","totalRecords":56,"filters":{"cluster":"","branch":"","fromDate":"","toDate":"","status":""},"timestamp":"2026-07-28T12:28:04.568Z"}
28/7/2026, 5:58:04 pm | {"api":"/api/cash-closing-dashboard","event":"CASH_CLOSING_DASHBOARD_API_STARTED","filters":{"cluster":"","branch":"","fromDate":"","toDate":"","status":""},"timestamp":"2026-07-28T12:28:04.638Z"}
28/7/2026, 5:58:04 pm | {"api":"/api/cash-closing-dashboard","event":"CASH_CLOSING_DASHBOARD_DB_CONNECTED","timestamp":"2026-07-28T12:28:04.639Z"}
28/7/2026, 5:58:04 pm | {"api":"/api/cash-closing-dashboard","event":"CASH_CLOSING_DASHBOARD_QUERY_STARTED","filters":{"cluster":"","branch":"","fromDate":"","toDate":"","status":""},"timestamp":"2026-07-28T12:28:04.640Z"}
28/7/2026, 5:58:04 pm | {"api":"/api/cash-closing-dashboard","event":"CASH_CLOSING_DASHBOARD_DATA_FETCHED","totalRecords":56,"timestamp":"2026-07-28T12:28:04.645Z"}
28/7/2026, 5:58:04 pm | {"api":"/api/cash-closing-dashboard","event":"CASH_CLOSING_CLUSTER_FETCHED","totalClusters":4,"timestamp":"2026-07-28T12:28:04.649Z"}
28/7/2026, 5:58:04 pm | {"api":"/api/cash-closing-dashboard","event":"CASH_CLOSING_BRANCH_FETCHED","totalBranches":56,"timestamp":"2026-07-28T12:28:04.652Z"}
28/7/2026, 5:58:04 pm | {"api":"/api/cash-closing-dashboard","event":"CASH_CLOSING_DASHBOARD_SUCCESS","totalRecords":56,"filters":{"cluster":"","branch":"","fromDate":"","toDate":"","status":""},"timestamp":"2026-07-28T12:28:04.653Z"}
28/7/2026, 5:58:04 pm | {"api":"/api/cash-closing-dashboard","event":"CASH_CLOSING_DASHBOARD_API_STARTED","filters":{"cluster":"","branch":"","fromDate":"","toDate":"","status":""},"timestamp":"2026-07-28T12:28:04.787Z"}
28/7/2026, 5:58:04 pm | {"api":"/api/cash-closing-dashboard","event":"CASH_CLOSING_DASHBOARD_DB_CONNECTED","timestamp":"2026-07-28T12:28:04.788Z"}
28/7/2026, 5:58:04 pm | {"api":"/api/cash-closing-dashboard","event":"CASH_CLOSING_DASHBOARD_QUERY_STARTED","filters":{"cluster":"","branch":"","fromDate":"","toDate":"","status":""},"timestamp":"2026-07-28T12:28:04.789Z"}
28/7/2026, 5:58:04 pm | {"api":"/api/cash-closing-dashboard","event":"CASH_CLOSING_DASHBOARD_DATA_FETCHED","totalRecords":56,"timestamp":"2026-07-28T12:28:04.796Z"}
28/7/2026, 5:58:04 pm | {"api":"/api/cash-closing-dashboard","event":"CASH_CLOSING_CLUSTER_FETCHED","totalClusters":4,"timestamp":"2026-07-28T12:28:04.799Z"}
28/7/2026, 5:58:04 pm | {"api":"/api/cash-closing-dashboard","event":"CASH_CLOSING_BRANCH_FETCHED","totalBranches":56,"timestamp":"2026-07-28T12:28:04.802Z"}
28/7/2026, 5:58:04 pm | {"api":"/api/cash-closing-dashboard","event":"CASH_CLOSING_DASHBOARD_SUCCESS","totalRecords":56,"filters":{"cluster":"","branch":"","fromDate":"","toDate":"","status":""},"timestamp":"2026-07-28T12:28:04.803Z"}
28/7/2026, 5:58:07 pm | {"api":"/save-cash-closing","event":"SAVE_CASH_API_STARTED","empNo":"823","amount":"1846000","timestamp":"2026-07-28T12:28:07.676Z"}
28/7/2026, 5:58:07 pm | {"api":"/save-cash-closing","event":"PREVIOUS_DAY_RECORD_FOUND","empNo":"823","oldDate":"2026-07-27T00:00:00.000Z","amount":2039000,"timestamp":"2026-07-28T12:28:07.683Z"}
28/7/2026, 5:58:07 pm | {"api":"/save-cash-closing","event":"PREVIOUS_DAY_MOVED_TO_HISTORY","empNo":"823","timestamp":"2026-07-28T12:28:07.691Z"}
28/7/2026, 5:58:07 pm | {"api":"/save-cash-closing","event":"PREVIOUS_DAY_DELETED","empNo":"823","timestamp":"2026-07-28T12:28:07.697Z"}
28/7/2026, 5:58:07 pm | {"api":"/save-cash-closing","event":"SAVE_CASH_NEW_ENTRY","empNo":"823","amount":"1846000","branch":"Tadepalligudem","timestamp":"2026-07-28T12:28:07.701Z"}
28/7/2026, 5:58:07 pm | {"api":"/save-cash-closing","event":"SAVE_CASH_HISTORY_INSERTED","empNo":"823","actionType":"ADDED","version":1,"timestamp":"2026-07-28T12:28:07.714Z"}
28/7/2026, 5:58:07 pm | {"api":"/save-cash-closing","event":"SAVE_CASH_SUCCESS","type":"INSERT","empNo":"823","amount":"1846000","timestamp":"2026-07-28T12:28:07.715Z"}
28/7/2026, 5:58:09 pm | {"api":"/login","event":"LOGIN_API_STARTED","mpin":"2025","deviceId":"50bc40e897b06c67","timestamp":"2026-07-28T12:28:09.133Z"}
28/7/2026, 5:58:09 pm | {"event":"LOGIN_REQUEST","mpin":"2025","deviceId":"50bc40e897b06c67","timestamp":"2026-07-28T12:28:09.134Z"}
28/7/2026, 5:58:09 pm | {"api":"/login","event":"LOGIN_DB_QUERY_STARTED","mpin":"2025","timestamp":"2026-07-28T12:28:09.135Z"}
28/7/2026, 5:58:09 pm | {"api":"/login","event":"LOGIN_USER_FOUND","empNo":"640","branch":"Akividu","designation":"Branch Manager","timestamp":"2026-07-28T12:28:09.145Z"}
28/7/2026, 5:58:09 pm | {"api":"/login","event":"LOGIN_DEVICE_CHECK","empNo":"640","savedDevice":"50bc40e897b06c67","currentDevice":"50bc40e897b06c67","timestamp":"2026-07-28T12:28:09.146Z"}
28/7/2026, 5:58:09 pm | {"api":"/login","event":"LOGIN_SUCCESS","empNo":"640","branch":"Akividu","designation":"Branch Manager","loginTime":"2026-07-28T12:28:09.176Z"}
28/7/2026, 5:58:09 pm | {"api":"/employee/:empNo","event":"EMPLOYEE_API_STARTED","empNo":"640","timestamp":"2026-07-28T12:28:09.405Z"}
28/7/2026, 5:58:09 pm | {"api":"/employee/:empNo","event":"EMPLOYEE_DB_QUERY_STARTED","empNo":"640","timestamp":"2026-07-28T12:28:09.407Z"}
28/7/2026, 5:58:09 pm | {"api":"/employee/:empNo","event":"EMPLOYEE_FETCH_SUCCESS","empNo":"640","employeeName":"Ch.Satish Babu","branch":"Akividu","designation":"Branch Manager","timestamp":"2026-07-28T12:28:09.410Z"}
28/7/2026, 5:58:09 pm | {"api":"/last-submission/:empNo","event":"LAST_SUBMISSION_API_STARTED","empNo":"640","timestamp":"2026-07-28T12:28:09.493Z"}
28/7/2026, 5:58:09 pm | {"api":"/last-submission/:empNo","event":"LAST_SUBMISSION_DB_QUERY_STARTED","empNo":"640","timestamp":"2026-07-28T12:28:09.494Z"}
28/7/2026, 5:58:09 pm | {"api":"/last-submission/:empNo","event":"LAST_SUBMISSION_FETCH_SUCCESS","empNo":"640","amount":1015000,"actionAt":"2026-07-27 17:51:58","timestamp":"2026-07-28T12:28:09.499Z"}
28/7/2026, 5:58:09 pm | {"api":"/today-cash/:empNo","event":"TODAY_CASH_API_STARTED","empNo":"640","timestamp":"2026-07-28T12:28:09.720Z"}
28/7/2026, 5:58:09 pm | {"api":"/today-cash/:empNo","event":"TODAY_CASH_DB_QUERY_STARTED","empNo":"640","timestamp":"2026-07-28T12:28:09.721Z"}
28/7/2026, 5:58:09 pm | {"api":"/today-cash/:empNo","event":"TODAY_CASH_NOT_FOUND","empNo":"640","timestamp":"2026-07-28T12:28:09.725Z"}
28/7/2026, 5:58:11 pm | {"api":"/login","event":"LOGIN_API_STARTED","mpin":"3495","deviceId":"521554679bb8a1a3","timestamp":"2026-07-28T12:28:11.266Z"}
28/7/2026, 5:58:11 pm | {"event":"LOGIN_REQUEST","mpin":"3495","deviceId":"521554679bb8a1a3","timestamp":"2026-07-28T12:28:11.267Z"}
28/7/2026, 5:58:11 pm | {"api":"/login","event":"LOGIN_DB_QUERY_STARTED","mpin":"3495","timestamp":"2026-07-28T12:28:11.268Z"}
28/7/2026, 5:58:11 pm | {"api":"/login","event":"LOGIN_USER_FOUND","empNo":"741","branch":"Undavalli","designation":"Branch Manager","timestamp":"2026-07-28T12:28:11.278Z"}
28/7/2026, 5:58:11 pm | {"api":"/login","event":"LOGIN_DEVICE_CHECK","empNo":"741","savedDevice":"521554679bb8a1a3","currentDevice":"521554679bb8a1a3","timestamp":"2026-07-28T12:28:11.278Z"}
28/7/2026, 5:58:11 pm | {"api":"/login","event":"LOGIN_SUCCESS","empNo":"741","branch":"Undavalli","designation":"Branch Manager","loginTime":"2026-07-28T12:28:11.285Z"}
28/7/2026, 5:58:11 pm | {"api":"/employee/:empNo","event":"EMPLOYEE_API_STARTED","empNo":"741","timestamp":"2026-07-28T12:28:11.765Z"}
28/7/2026, 5:58:11 pm | {"api":"/employee/:empNo","event":"EMPLOYEE_DB_QUERY_STARTED","empNo":"741","timestamp":"2026-07-28T12:28:11.766Z"}
28/7/2026, 5:58:11 pm | {"api":"/employee/:empNo","event":"EMPLOYEE_FETCH_SUCCESS","empNo":"741","employeeName":"Y Mutyala Naidu","branch":"Undavalli","designation":"Branch Manager","timestamp":"2026-07-28T12:28:11.770Z"}
28/7/2026, 5:58:11 pm | {"api":"/last-submission/:empNo","event":"LAST_SUBMISSION_API_STARTED","empNo":"741","timestamp":"2026-07-28T12:28:11.925Z"}
28/7/2026, 5:58:11 pm | {"api":"/last-submission/:empNo","event":"LAST_SUBMISSION_DB_QUERY_STARTED","empNo":"741","timestamp":"2026-07-28T12:28:11.926Z"}
28/7/2026, 5:58:11 pm | {"api":"/last-submission/:empNo","event":"LAST_SUBMISSION_FETCH_SUCCESS","empNo":"741","amount":872000,"actionAt":"2026-07-27 17:51:30","timestamp":"2026-07-28T12:28:11.931Z"}
28/7/2026, 5:58:12 pm | {"api":"/save-cash-closing","event":"SAVE_CASH_API_STARTED","empNo":"194","amount":"950000","timestamp":"2026-07-28T12:28:12.125Z"}
28/7/2026, 5:58:12 pm | {"api":"/save-cash-closing","event":"PREVIOUS_DAY_RECORD_FOUND","empNo":"194","oldDate":"2026-07-27T00:00:00.000Z","amount":600000,"timestamp":"2026-07-28T12:28:12.131Z"}
28/7/2026, 5:58:12 pm | {"api":"/save-cash-closing","event":"PREVIOUS_DAY_MOVED_TO_HISTORY","empNo":"194","timestamp":"2026-07-28T12:28:12.138Z"}
28/7/2026, 5:58:12 pm | {"api":"/save-cash-closing","event":"PREVIOUS_DAY_DELETED","empNo":"194","timestamp":"2026-07-28T12:28:12.144Z"}
28/7/2026, 5:58:12 pm | {"api":"/save-cash-closing","event":"SAVE_CASH_NEW_ENTRY","empNo":"194","amount":"950000","branch":"Repalle","timestamp":"2026-07-28T12:28:12.147Z"}
28/7/2026, 5:58:12 pm | {"api":"/save-cash-closing","event":"SAVE_CASH_HISTORY_INSERTED","empNo":"194","actionType":"ADDED","version":1,"timestamp":"2026-07-28T12:28:12.159Z"}
28/7/2026, 5:58:12 pm | {"api":"/save-cash-closing","event":"SAVE_CASH_SUCCESS","type":"INSERT","empNo":"194","amount":"950000","timestamp":"2026-07-28T12:28:12.159Z"}
28/7/2026, 5:58:12 pm | {"api":"/today-cash/:empNo","event":"TODAY_CASH_API_STARTED","empNo":"741","timestamp":"2026-07-28T12:28:12.214Z"}
28/7/2026, 5:58:12 pm | {"api":"/today-cash/:empNo","event":"TODAY_CASH_DB_QUERY_STARTED","empNo":"741","timestamp":"2026-07-28T12:28:12.215Z"}
28/7/2026, 5:58:12 pm | {"api":"/today-cash/:empNo","event":"TODAY_CASH_NOT_FOUND","empNo":"741","timestamp":"2026-07-28T12:28:12.219Z"}
28/7/2026, 5:58:16 pm | {"api":"/api/cash-closing-dashboard","event":"CASH_CLOSING_DASHBOARD_API_STARTED","filters":{"cluster":"","branch":"","fromDate":"","toDate":"","status":""},"timestamp":"2026-07-28T12:28:16.220Z"}
28/7/2026, 5:58:16 pm | {"api":"/api/cash-closing-dashboard","event":"CASH_CLOSING_DASHBOARD_DB_CONNECTED","timestamp":"2026-07-28T12:28:16.221Z"}
28/7/2026, 5:58:16 pm | {"api":"/api/cash-closing-dashboard","event":"CASH_CLOSING_DASHBOARD_QUERY_STARTED","filters":{"cluster":"","branch":"","fromDate":"","toDate":"","status":""},"timestamp":"2026-07-28T12:28:16.222Z"}
28/7/2026, 5:58:16 pm | {"api":"/api/cash-closing-dashboard","event":"CASH_CLOSING_DASHBOARD_DATA_FETCHED","totalRecords":56,"timestamp":"2026-07-28T12:28:16.228Z"}
28/7/2026, 5:58:16 pm | {"api":"/api/cash-closing-dashboard","event":"CASH_CLOSING_CLUSTER_FETCHED","totalClusters":4,"timestamp":"2026-07-28T12:28:16.231Z"}
28/7/2026, 5:58:16 pm | {"api":"/api/cash-closing-dashboard","event":"CASH_CLOSING_BRANCH_FETCHED","totalBranches":56,"timestamp":"2026-07-28T12:28:16.234Z"}
28/7/2026, 5:58:16 pm | {"api":"/api/cash-closing-dashboard","event":"CASH_CLOSING_DASHBOARD_SUCCESS","totalRecords":56,"filters":{"cluster":"","branch":"","fromDate":"","toDate":"","status":""},"timestamp":"2026-07-28T12:28:16.234Z"}
28/7/2026, 5:58:16 pm | {"api":"/api/cash-closing-dashboard","event":"CASH_CLOSING_DASHBOARD_API_STARTED","filters":{"cluster":"","branch":"","fromDate":"","toDate":"","status":""},"timestamp":"2026-07-28T12:28:16.311Z"}
28/7/2026, 5:58:16 pm | {"api":"/api/cash-closing-dashboard","event":"CASH_CLOSING_DASHBOARD_DB_CONNECTED","timestamp":"2026-07-28T12:28:16.312Z"}
28/7/2026, 5:58:16 pm | {"api":"/api/cash-closing-dashboard","event":"CASH_CLOSING_DASHBOARD_QUERY_STARTED","filters":{"cluster":"","branch":"","fromDate":"","toDate":"","status":""},"timestamp":"2026-07-28T12:28:16.313Z"}
28/7/2026, 5:58:16 pm | {"api":"/api/cash-closing-dashboard","event":"CASH_CLOSING_DASHBOARD_DATA_FETCHED","totalRecords":56,"timestamp":"2026-07-28T12:28:16.320Z"}
28/7/2026, 5:58:16 pm | {"api":"/api/cash-closing-dashboard","event":"CASH_CLOSING_CLUSTER_FETCHED","totalClusters":4,"timestamp":"2026-07-28T12:28:16.323Z"}
28/7/2026, 5:58:16 pm | {"api":"/api/cash-closing-dashboard","event":"CASH_CLOSING_BRANCH_FETCHED","totalBranches":56,"timestamp":"2026-07-28T12:28:16.326Z"}
28/7/2026, 5:58:16 pm | {"api":"/api/cash-closing-dashboard","event":"CASH_CLOSING_DASHBOARD_SUCCESS","totalRecords":56,"filters":{"cluster":"","branch":"","fromDate":"","toDate":"","status":""},"timestamp":"2026-07-28T12:28:16.326Z"}
28/7/2026, 5:58:16 pm | {"api":"/api/cash-closing-dashboard","event":"CASH_CLOSING_DASHBOARD_API_STARTED","filters":{"cluster":"","branch":"","fromDate":"","toDate":"","status":""},"timestamp":"2026-07-28T12:28:16.471Z"}
28/7/2026, 5:58:16 pm | {"api":"/api/cash-closing-dashboard","event":"CASH_CLOSING_DASHBOARD_DB_CONNECTED","timestamp":"2026-07-28T12:28:16.472Z"}
28/7/2026, 5:58:16 pm | {"api":"/api/cash-closing-dashboard","event":"CASH_CLOSING_DASHBOARD_QUERY_STARTED","filters":{"cluster":"","branch":"","fromDate":"","toDate":"","status":""},"timestamp":"2026-07-28T12:28:16.473Z"}
28/7/2026, 5:58:16 pm | {"api":"/api/cash-closing-dashboard","event":"CASH_CLOSING_DASHBOARD_DATA_FETCHED","totalRecords":56,"timestamp":"2026-07-28T12:28:16.480Z"}
28/7/2026, 5:58:16 pm | {"api":"/api/cash-closing-dashboard","event":"CASH_CLOSING_CLUSTER_FETCHED","totalClusters":4,"timestamp":"2026-07-28T12:28:16.483Z"}
28/7/2026, 5:58:16 pm | {"api":"/api/cash-closing-dashboard","event":"CASH_CLOSING_BRANCH_FETCHED","totalBranches":56,"timestamp":"2026-07-28T12:28:16.486Z"}
28/7/2026, 5:58:16 pm | {"api":"/api/cash-closing-dashboard","event":"CASH_CLOSING_DASHBOARD_SUCCESS","totalRecords":56,"filters":{"cluster":"","branch":"","fromDate":"","toDate":"","status":""},"timestamp":"2026-07-28T12:28:16.487Z"}
28/7/2026, 5:58:16 pm | {"api":"/api/cash-closing-dashboard","event":"CASH_CLOSING_DASHBOARD_API_STARTED","filters":{"cluster":"","branch":"","fromDate":"","toDate":"","status":""},"timestamp":"2026-07-28T12:28:16.615Z"}
28/7/2026, 5:58:16 pm | {"api":"/api/cash-closing-dashboard","event":"CASH_CLOSING_DASHBOARD_DB_CONNECTED","timestamp":"2026-07-28T12:28:16.616Z"}
28/7/2026, 5:58:16 pm | {"api":"/api/cash-closing-dashboard","event":"CASH_CLOSING_DASHBOARD_QUERY_STARTED","filters":{"cluster":"","branch":"","fromDate":"","toDate":"","status":""},"timestamp":"2026-07-28T12:28:16.617Z"}
28/7/2026, 5:58:16 pm | {"api":"/api/cash-closing-dashboard","event":"CASH_CLOSING_DASHBOARD_DATA_FETCHED","totalRecords":56,"timestamp":"2026-07-28T12:28:16.623Z"}
28/7/2026, 5:58:16 pm | {"api":"/api/cash-closing-dashboard","event":"CASH_CLOSING_CLUSTER_FETCHED","totalClusters":4,"timestamp":"2026-07-28T12:28:16.627Z"}
28/7/2026, 5:58:16 pm | {"api":"/api/cash-closing-dashboard","event":"CASH_CLOSING_BRANCH_FETCHED","totalBranches":56,"timestamp":"2026-07-28T12:28:16.633Z"}
28/7/2026, 5:58:16 pm | {"api":"/api/cash-closing-dashboard","event":"CASH_CLOSING_DASHBOARD_SUCCESS","totalRecords":56,"filters":{"cluster":"","branch":"","fromDate":"","toDate":"","status":""},"timestamp":"2026-07-28T12:28:16.633Z"}
28/7/2026, 5:58:16 pm | {"api":"/api/cash-closing-dashboard","event":"CASH_CLOSING_DASHBOARD_API_STARTED","filters":{"cluster":"","branch":"","fromDate":"","toDate":"","status":""},"timestamp":"2026-07-28T12:28:16.751Z"}
28/7/2026, 5:58:16 pm | {"api":"/api/cash-closing-dashboard","event":"CASH_CLOSING_DASHBOARD_DB_CONNECTED","timestamp":"2026-07-28T12:28:16.752Z"}
28/7/2026, 5:58:16 pm | {"api":"/api/cash-closing-dashboard","event":"CASH_CLOSING_DASHBOARD_QUERY_STARTED","filters":{"cluster":"","branch":"","fromDate":"","toDate":"","status":""},"timestamp":"2026-07-28T12:28:16.753Z"}
28/7/2026, 5:58:16 pm | {"api":"/api/cash-closing-dashboard","event":"CASH_CLOSING_DASHBOARD_DATA_FETCHED","totalRecords":56,"timestamp":"2026-07-28T12:28:16.759Z"}
28/7/2026, 5:58:16 pm | {"api":"/api/cash-closing-dashboard","event":"CASH_CLOSING_CLUSTER_FETCHED","totalClusters":4,"timestamp":"2026-07-28T12:28:16.763Z"}
28/7/2026, 5:58:16 pm | {"api":"/api/cash-closing-dashboard","event":"CASH_CLOSING_BRANCH_FETCHED","totalBranches":56,"timestamp":"2026-07-28T12:28:16.766Z"}
28/7/2026, 5:58:16 pm | {"api":"/api/cash-closing-dashboard","event":"CASH_CLOSING_DASHBOARD_SUCCESS","totalRecords":56,"filters":{"cluster":"","branch":"","fromDate":"","toDate":"","status":""},"timestamp":"2026-07-28T12:28:16.767Z"}
28/7/2026, 5:58:21 pm | {"api":"/save-cash-closing","event":"SAVE_CASH_API_STARTED","empNo":"640","amount":"294000","timestamp":"2026-07-28T12:28:21.026Z"}
28/7/2026, 5:58:21 pm | {"api":"/save-cash-closing","event":"PREVIOUS_DAY_RECORD_FOUND","empNo":"640","oldDate":"2026-07-27T00:00:00.000Z","amount":1015000,"timestamp":"2026-07-28T12:28:21.034Z"}
28/7/2026, 5:58:21 pm | {"api":"/save-cash-closing","event":"PREVIOUS_DAY_MOVED_TO_HISTORY","empNo":"640","timestamp":"2026-07-28T12:28:21.041Z"}
28/7/2026, 5:58:21 pm | {"api":"/save-cash-closing","event":"PREVIOUS_DAY_DELETED","empNo":"640","timestamp":"2026-07-28T12:28:21.047Z"}
28/7/2026, 5:58:21 pm | {"api":"/save-cash-closing","event":"SAVE_CASH_NEW_ENTRY","empNo":"640","amount":"294000","branch":"Akividu","timestamp":"2026-07-28T12:28:21.050Z"}
28/7/2026, 5:58:21 pm | {"api":"/save-cash-closing","event":"SAVE_CASH_HISTORY_INSERTED","empNo":"640","actionType":"ADDED","version":1,"timestamp":"2026-07-28T12:28:21.063Z"}
28/7/2026, 5:58:21 pm | {"api":"/save-cash-closing","event":"SAVE_CASH_SUCCESS","type":"INSERT","empNo":"640","amount":"294000","timestamp":"2026-07-28T12:28:21.063Z"}
28/7/2026, 5:58:30 pm | {"api":"/save-cash-closing","event":"SAVE_CASH_API_STARTED","empNo":"741","amount":"705000","timestamp":"2026-07-28T12:28:30.358Z"}
28/7/2026, 5:58:30 pm | {"api":"/save-cash-closing","event":"PREVIOUS_DAY_RECORD_FOUND","empNo":"741","oldDate":"2026-07-27T00:00:00.000Z","amount":872000,"timestamp":"2026-07-28T12:28:30.364Z"}
28/7/2026, 5:58:30 pm | {"api":"/save-cash-closing","event":"PREVIOUS_DAY_MOVED_TO_HISTORY","empNo":"741","timestamp":"2026-07-28T12:28:30.372Z"}
28/7/2026, 5:58:30 pm | {"api":"/save-cash-closing","event":"PREVIOUS_DAY_DELETED","empNo":"741","timestamp":"2026-07-28T12:28:30.378Z"}
28/7/2026, 5:58:30 pm | {"api":"/save-cash-closing","event":"SAVE_CASH_NEW_ENTRY","empNo":"741","amount":"705000","branch":"Undavalli","timestamp":"2026-07-28T12:28:30.381Z"}
28/7/2026, 5:58:30 pm | {"api":"/save-cash-closing","event":"SAVE_CASH_HISTORY_INSERTED","empNo":"741","actionType":"ADDED","version":1,"timestamp":"2026-07-28T12:28:30.393Z"}
28/7/2026, 5:58:30 pm | {"api":"/save-cash-closing","event":"SAVE_CASH_SUCCESS","type":"INSERT","empNo":"741","amount":"705000","timestamp":"2026-07-28T12:28:30.393Z"}
28/7/2026, 5:58:32 pm | {"api":"/api/cash-closing-dashboard","event":"CASH_CLOSING_DASHBOARD_API_STARTED","filters":{"cluster":"","branch":"","fromDate":"","toDate":"","status":""},"timestamp":"2026-07-28T12:28:32.610Z"}
28/7/2026, 5:58:32 pm | {"api":"/api/cash-closing-dashboard","event":"CASH_CLOSING_DASHBOARD_DB_CONNECTED","timestamp":"2026-07-28T12:28:32.611Z"}
28/7/2026, 5:58:32 pm | {"api":"/api/cash-closing-dashboard","event":"CASH_CLOSING_DASHBOARD_QUERY_STARTED","filters":{"cluster":"","branch":"","fromDate":"","toDate":"","status":""},"timestamp":"2026-07-28T12:28:32.611Z"}
28/7/2026, 5:58:32 pm | {"api":"/api/cash-closing-dashboard","event":"CASH_CLOSING_DASHBOARD_DATA_FETCHED","totalRecords":56,"timestamp":"2026-07-28T12:28:32.618Z"}
28/7/2026, 5:58:32 pm | {"api":"/api/cash-closing-dashboard","event":"CASH_CLOSING_CLUSTER_FETCHED","totalClusters":4,"timestamp":"2026-07-28T12:28:32.620Z"}
28/7/2026, 5:58:32 pm | {"api":"/api/cash-closing-dashboard","event":"CASH_CLOSING_BRANCH_FETCHED","totalBranches":56,"timestamp":"2026-07-28T12:28:32.624Z"}
28/7/2026, 5:58:32 pm | {"api":"/api/cash-closing-dashboard","event":"CASH_CLOSING_DASHBOARD_SUCCESS","totalRecords":56,"filters":{"cluster":"","branch":"","fromDate":"","toDate":"","status":""},"timestamp":"2026-07-28T12:28:32.624Z"}
28/7/2026, 5:58:32 pm | {"api":"/api/cash-closing-dashboard","event":"CASH_CLOSING_DASHBOARD_API_STARTED","filters":{"cluster":"","branch":"","fromDate":"","toDate":"","status":""},"timestamp":"2026-07-28T12:28:32.695Z"}
28/7/2026, 5:58:32 pm | {"api":"/api/cash-closing-dashboard","event":"CASH_CLOSING_DASHBOARD_DB_CONNECTED","timestamp":"2026-07-28T12:28:32.696Z"}
28/7/2026, 5:58:32 pm | {"api":"/api/cash-closing-dashboard","event":"CASH_CLOSING_DASHBOARD_QUERY_STARTED","filters":{"cluster":"","branch":"","fromDate":"","toDate":"","status":""},"timestamp":"2026-07-28T12:28:32.697Z"}
28/7/2026, 5:58:32 pm | {"api":"/api/cash-closing-dashboard","event":"CASH_CLOSING_DASHBOARD_DATA_FETCHED","totalRecords":56,"timestamp":"2026-07-28T12:28:32.704Z"}
28/7/2026, 5:58:32 pm | {"api":"/api/cash-closing-dashboard","event":"CASH_CLOSING_CLUSTER_FETCHED","totalClusters":4,"timestamp":"2026-07-28T12:28:32.708Z"}
28/7/2026, 5:58:32 pm | {"api":"/api/cash-closing-dashboard","event":"CASH_CLOSING_BRANCH_FETCHED","totalBranches":56,"timestamp":"2026-07-28T12:28:32.711Z"}
28/7/2026, 5:58:32 pm | {"api":"/api/cash-closing-dashboard","event":"CASH_CLOSING_DASHBOARD_SUCCESS","totalRecords":56,"filters":{"cluster":"","branch":"","fromDate":"","toDate":"","status":""},"timestamp":"2026-07-28T12:28:32.712Z"}
28/7/2026, 5:58:32 pm | {"api":"/api/cash-closing-dashboard","event":"CASH_CLOSING_DASHBOARD_API_STARTED","filters":{"cluster":"","branch":"","fromDate":"","toDate":"","status":""},"timestamp":"2026-07-28T12:28:32.835Z"}
28/7/2026, 5:58:32 pm | {"api":"/api/cash-closing-dashboard","event":"CASH_CLOSING_DASHBOARD_DB_CONNECTED","timestamp":"2026-07-28T12:28:32.836Z"}
28/7/2026, 5:58:32 pm | {"api":"/api/cash-closing-dashboard","event":"CASH_CLOSING_DASHBOARD_QUERY_STARTED","filters":{"cluster":"","branch":"","fromDate":"","toDate":"","status":""},"timestamp":"2026-07-28T12:28:32.836Z"}
28/7/2026, 5:58:32 pm | {"api":"/api/cash-closing-dashboard","event":"CASH_CLOSING_DASHBOARD_DATA_FETCHED","totalRecords":56,"timestamp":"2026-07-28T12:28:32.842Z"}
28/7/2026, 5:58:32 pm | {"api":"/api/cash-closing-dashboard","event":"CASH_CLOSING_CLUSTER_FETCHED","totalClusters":4,"timestamp":"2026-07-28T12:28:32.845Z"}
28/7/2026, 5:58:32 pm | {"api":"/api/cash-closing-dashboard","event":"CASH_CLOSING_BRANCH_FETCHED","totalBranches":56,"timestamp":"2026-07-28T12:28:32.849Z"}
28/7/2026, 5:58:32 pm | {"api":"/api/cash-closing-dashboard","event":"CASH_CLOSING_DASHBOARD_SUCCESS","totalRecords":56,"filters":{"cluster":"","branch":"","fromDate":"","toDate":"","status":""},"timestamp":"2026-07-28T12:28:32.849Z"}
28/7/2026, 5:58:33 pm | {"api":"/api/cash-closing-dashboard","event":"CASH_CLOSING_DASHBOARD_API_STARTED","filters":{"cluster":"","branch":"","fromDate":"","toDate":"","status":""},"timestamp":"2026-07-28T12:28:33.100Z"}
28/7/2026, 5:58:33 pm | {"api":"/api/cash-closing-dashboard","event":"CASH_CLOSING_DASHBOARD_DB_CONNECTED","timestamp":"2026-07-28T12:28:33.101Z"}
28/7/2026, 5:58:33 pm | {"api":"/api/cash-closing-dashboard","event":"CASH_CLOSING_DASHBOARD_QUERY_STARTED","filters":{"cluster":"","branch":"","fromDate":"","toDate":"","status":""},"timestamp":"2026-07-28T12:28:33.101Z"}
28/7/2026, 5:58:33 pm | {"api":"/api/cash-closing-dashboard","event":"CASH_CLOSING_DASHBOARD_DATA_FETCHED","totalRecords":56,"timestamp":"2026-07-28T12:28:33.108Z"}
28/7/2026, 5:58:33 pm | {"api":"/api/cash-closing-dashboard","event":"CASH_CLOSING_CLUSTER_FETCHED","totalClusters":4,"timestamp":"2026-07-28T12:28:33.112Z"}
28/7/2026, 5:58:33 pm | {"api":"/api/cash-closing-dashboard","event":"CASH_CLOSING_BRANCH_FETCHED","totalBranches":56,"timestamp":"2026-07-28T12:28:33.116Z"}
28/7/2026, 5:58:33 pm | {"api":"/api/cash-closing-dashboard","event":"CASH_CLOSING_DASHBOARD_SUCCESS","totalRecords":56,"filters":{"cluster":"","branch":"","fromDate":"","toDate":"","status":""},"timestamp":"2026-07-28T12:28:33.117Z"}
28/7/2026, 5:58:33 pm | {"api":"/api/cash-closing-dashboard","event":"CASH_CLOSING_DASHBOARD_API_STARTED","filters":{"cluster":"","branch":"","fromDate":"","toDate":"","status":""},"timestamp":"2026-07-28T12:28:33.290Z"}
28/7/2026, 5:58:33 pm | {"api":"/api/cash-closing-dashboard","event":"CASH_CLOSING_DASHBOARD_DB_CONNECTED","timestamp":"2026-07-28T12:28:33.291Z"}
28/7/2026, 5:58:33 pm | {"api":"/api/cash-closing-dashboard","event":"CASH_CLOSING_DASHBOARD_QUERY_STARTED","filters":{"cluster":"","branch":"","fromDate":"","toDate":"","status":""},"timestamp":"2026-07-28T12:28:33.292Z"}
28/7/2026, 5:58:33 pm | {"api":"/api/cash-closing-dashboard","event":"CASH_CLOSING_DASHBOARD_DATA_FETCHED","totalRecords":56,"timestamp":"2026-07-28T12:28:33.298Z"}
28/7/2026, 5:58:33 pm | {"api":"/api/cash-closing-dashboard","event":"CASH_CLOSING_CLUSTER_FETCHED","totalClusters":4,"timestamp":"2026-07-28T12:28:33.302Z"}
28/7/2026, 5:58:33 pm | {"api":"/api/cash-closing-dashboard","event":"CASH_CLOSING_BRANCH_FETCHED","totalBranches":56,"timestamp":"2026-07-28T12:28:33.305Z"}
28/7/2026, 5:58:33 pm | {"api":"/api/cash-closing-dashboard","event":"CASH_CLOSING_DASHBOARD_SUCCESS","totalRecords":56,"filters":{"cluster":"","branch":"","fromDate":"","toDate":"","status":""},"timestamp":"2026-07-28T12:28:33.305Z"}
28/7/2026, 5:58:33 pm | {"api":"/api/cash-closing-dashboard","event":"CASH_CLOSING_DASHBOARD_API_STARTED","filters":{"cluster":"","branch":"","fromDate":"","toDate":"","status":""},"timestamp":"2026-07-28T12:28:33.460Z"}
28/7/2026, 5:58:33 pm | {"api":"/api/cash-closing-dashboard","event":"CASH_CLOSING_DASHBOARD_DB_CONNECTED","timestamp":"2026-07-28T12:28:33.461Z"}
28/7/2026, 5:58:33 pm | {"api":"/api/cash-closing-dashboard","event":"CASH_CLOSING_DASHBOARD_QUERY_STARTED","filters":{"cluster":"","branch":"","fromDate":"","toDate":"","status":""},"timestamp":"2026-07-28T12:28:33.462Z"}
28/7/2026, 5:58:33 pm | {"api":"/api/cash-closing-dashboard","event":"CASH_CLOSING_DASHBOARD_DATA_FETCHED","totalRecords":56,"timestamp":"2026-07-28T12:28:33.468Z"}
28/7/2026, 5:58:33 pm | {"api":"/api/cash-closing-dashboard","event":"CASH_CLOSING_CLUSTER_FETCHED","totalClusters":4,"timestamp":"2026-07-28T12:28:33.471Z"}
28/7/2026, 5:58:33 pm | {"api":"/api/cash-closing-dashboard","event":"CASH_CLOSING_BRANCH_FETCHED","totalBranches":56,"timestamp":"2026-07-28T12:28:33.475Z"}
28/7/2026, 5:58:33 pm | {"api":"/api/cash-closing-dashboard","event":"CASH_CLOSING_DASHBOARD_SUCCESS","totalRecords":56,"filters":{"cluster":"","branch":"","fromDate":"","toDate":"","status":""},"timestamp":"2026-07-28T12:28:33.475Z"}
28/7/2026, 5:58:33 pm | {"api":"/login","event":"LOGIN_API_STARTED","mpin":"9623","deviceId":"1229a487866198ab","timestamp":"2026-07-28T12:28:33.980Z"}
28/7/2026, 5:58:33 pm | {"event":"LOGIN_REQUEST","mpin":"9623","deviceId":"1229a487866198ab","timestamp":"2026-07-28T12:28:33.981Z"}
28/7/2026, 5:58:33 pm | {"api":"/login","event":"LOGIN_DB_QUERY_STARTED","mpin":"9623","timestamp":"2026-07-28T12:28:33.982Z"}
28/7/2026, 5:58:33 pm | {"api":"/login","event":"LOGIN_USER_FOUND","empNo":"623","branch":"Thulluru","designation":"Branch Manager","timestamp":"2026-07-28T12:28:33.987Z"}
28/7/2026, 5:58:33 pm | {"api":"/login","event":"LOGIN_DEVICE_CHECK","empNo":"623","savedDevice":"1229a487866198ab","currentDevice":"1229a487866198ab","timestamp":"2026-07-28T12:28:33.988Z"}
28/7/2026, 5:58:33 pm | {"api":"/login","event":"LOGIN_SUCCESS","empNo":"623","branch":"Thulluru","designation":"Branch Manager","loginTime":"2026-07-28T12:28:33.994Z"}
28/7/2026, 5:58:34 pm | {"api":"/employee/:empNo","event":"EMPLOYEE_API_STARTED","empNo":"623","timestamp":"2026-07-28T12:28:34.336Z"}
28/7/2026, 5:58:34 pm | {"api":"/employee/:empNo","event":"EMPLOYEE_DB_QUERY_STARTED","empNo":"623","timestamp":"2026-07-28T12:28:34.337Z"}
28/7/2026, 5:58:34 pm | {"api":"/employee/:empNo","event":"EMPLOYEE_FETCH_SUCCESS","empNo":"623","employeeName":"Sk Mastanvali","branch":"Thulluru","designation":"Branch Manager","timestamp":"2026-07-28T12:28:34.342Z"}
28/7/2026, 5:58:34 pm | {"api":"/last-submission/:empNo","event":"LAST_SUBMISSION_API_STARTED","empNo":"623","timestamp":"2026-07-28T12:28:34.417Z"}
28/7/2026, 5:58:34 pm | {"api":"/last-submission/:empNo","event":"LAST_SUBMISSION_DB_QUERY_STARTED","empNo":"623","timestamp":"2026-07-28T12:28:34.418Z"}
28/7/2026, 5:58:34 pm | {"api":"/last-submission/:empNo","event":"LAST_SUBMISSION_FETCH_SUCCESS","empNo":"623","amount":499492,"actionAt":"2026-07-27 17:52:17","timestamp":"2026-07-28T12:28:34.423Z"}
28/7/2026, 5:58:34 pm | {"api":"/today-cash/:empNo","event":"TODAY_CASH_API_STARTED","empNo":"623","timestamp":"2026-07-28T12:28:34.722Z"}
28/7/2026, 5:58:34 pm | {"api":"/today-cash/:empNo","event":"TODAY_CASH_DB_QUERY_STARTED","empNo":"623","timestamp":"2026-07-28T12:28:34.723Z"}
28/7/2026, 5:58:34 pm | {"api":"/today-cash/:empNo","event":"TODAY_CASH_NOT_FOUND","empNo":"623","timestamp":"2026-07-28T12:28:34.728Z"}
28/7/2026, 5:58:39 pm | {"api":"/save-cash-closing","event":"SAVE_CASH_API_STARTED","empNo":"623","amount":"345584","timestamp":"2026-07-28T12:28:39.832Z"}
28/7/2026, 5:58:39 pm | {"api":"/save-cash-closing","event":"PREVIOUS_DAY_RECORD_FOUND","empNo":"623","oldDate":"2026-07-27T00:00:00.000Z","amount":499492,"timestamp":"2026-07-28T12:28:39.838Z"}
28/7/2026, 5:58:39 pm | {"api":"/save-cash-closing","event":"PREVIOUS_DAY_MOVED_TO_HISTORY","empNo":"623","timestamp":"2026-07-28T12:28:39.845Z"}
28/7/2026, 5:58:39 pm | {"api":"/save-cash-closing","event":"PREVIOUS_DAY_DELETED","empNo":"623","timestamp":"2026-07-28T12:28:39.851Z"}
28/7/2026, 5:58:39 pm | {"api":"/save-cash-closing","event":"SAVE_CASH_NEW_ENTRY","empNo":"623","amount":"345584","branch":"Thulluru","timestamp":"2026-07-28T12:28:39.854Z"}
28/7/2026, 5:58:39 pm | {"api":"/save-cash-closing","event":"SAVE_CASH_HISTORY_INSERTED","empNo":"623","actionType":"ADDED","version":1,"timestamp":"2026-07-28T12:28:39.865Z"}
28/7/2026, 5:58:39 pm | {"api":"/save-cash-closing","event":"SAVE_CASH_SUCCESS","type":"INSERT","empNo":"623","amount":"345584","timestamp":"2026-07-28T12:28:39.866Z"}
28/7/2026, 5:58:42 pm | {"api":"/save-cash-closing","event":"SAVE_CASH_API_STARTED","empNo":"623","amount":"345584","timestamp":"2026-07-28T12:28:42.397Z"}
28/7/2026, 5:58:42 pm | {"api":"/save-cash-closing","event":"SAVE_CASH_UPDATE_STARTED","empNo":"623","oldAmount":345584,"newAmount":"345584","currentVersion":1,"nextVersion":2,"timestamp":"2026-07-28T12:28:42.404Z"}
28/7/2026, 5:58:42 pm | {"api":"/save-cash-closing","event":"SAVE_CASH_HISTORY_UPDATED","empNo":"623","version":2,"timestamp":"2026-07-28T12:28:42.420Z"}
28/7/2026, 5:58:42 pm | {"api":"/save-cash-closing","event":"SAVE_CASH_SUCCESS","type":"UPDATE","empNo":"623","amount":"345584","version":2,"timestamp":"2026-07-28T12:28:42.421Z"}
28/7/2026, 5:58:46 pm | {"api":"/save-cash-closing","event":"SAVE_CASH_API_STARTED","empNo":"623","amount":"345584","timestamp":"2026-07-28T12:28:46.965Z"}
28/7/2026, 5:58:46 pm | {"api":"/save-cash-closing","event":"SAVE_CASH_UPDATE_STARTED","empNo":"623","oldAmount":345584,"newAmount":"345584","currentVersion":2,"nextVersion":3,"timestamp":"2026-07-28T12:28:46.972Z"}
28/7/2026, 5:58:46 pm | {"api":"/save-cash-closing","event":"SAVE_CASH_HISTORY_UPDATED","empNo":"623","version":3,"timestamp":"2026-07-28T12:28:46.984Z"}
28/7/2026, 5:58:46 pm | {"api":"/save-cash-closing","event":"SAVE_CASH_SUCCESS","type":"UPDATE","empNo":"623","amount":"345584","version":3,"timestamp":"2026-07-28T12:28:46.985Z"}
28/7/2026, 5:58:54 pm | {"api":"/login","event":"LOGIN_API_STARTED","mpin":"1978","deviceId":"0cc594f412a16de2","timestamp":"2026-07-28T12:28:54.692Z"}
28/7/2026, 5:58:54 pm | {"event":"LOGIN_REQUEST","mpin":"1978","deviceId":"0cc594f412a16de2","timestamp":"2026-07-28T12:28:54.693Z"}
28/7/2026, 5:58:54 pm | {"api":"/login","event":"LOGIN_DB_QUERY_STARTED","mpin":"1978","timestamp":"2026-07-28T12:28:54.694Z"}
28/7/2026, 5:58:54 pm | {"api":"/login","event":"LOGIN_USER_FOUND","empNo":"403","branch":"Kanuru","designation":"Branch Manager","timestamp":"2026-07-28T12:28:54.700Z"}
28/7/2026, 5:58:54 pm | {"api":"/login","event":"LOGIN_DEVICE_CHECK","empNo":"403","savedDevice":"0cc594f412a16de2","currentDevice":"0cc594f412a16de2","timestamp":"2026-07-28T12:28:54.700Z"}
28/7/2026, 5:58:54 pm | {"api":"/login","event":"LOGIN_SUCCESS","empNo":"403","branch":"Kanuru","designation":"Branch Manager","loginTime":"2026-07-28T12:28:54.709Z"}
28/7/2026, 5:58:54 pm | {"api":"/employee/:empNo","event":"EMPLOYEE_API_STARTED","empNo":"403","timestamp":"2026-07-28T12:28:54.867Z"}
28/7/2026, 5:58:54 pm | {"api":"/employee/:empNo","event":"EMPLOYEE_DB_QUERY_STARTED","empNo":"403","timestamp":"2026-07-28T12:28:54.868Z"}
28/7/2026, 5:58:54 pm | {"api":"/employee/:empNo","event":"EMPLOYEE_FETCH_SUCCESS","empNo":"403","employeeName":"G.A.G.Prasad","branch":"Kanuru","designation":"Branch Manager","timestamp":"2026-07-28T12:28:54.872Z"}
28/7/2026, 5:58:54 pm | {"api":"/last-submission/:empNo","event":"LAST_SUBMISSION_API_STARTED","empNo":"403","timestamp":"2026-07-28T12:28:54.927Z"}
28/7/2026, 5:58:54 pm | {"api":"/last-submission/:empNo","event":"LAST_SUBMISSION_DB_QUERY_STARTED","empNo":"403","timestamp":"2026-07-28T12:28:54.930Z"}
28/7/2026, 5:58:54 pm | {"api":"/last-submission/:empNo","event":"LAST_SUBMISSION_FETCH_SUCCESS","empNo":"403","amount":3186256,"actionAt":"2026-07-27 17:41:10","timestamp":"2026-07-28T12:28:54.935Z"}
28/7/2026, 5:58:55 pm | {"api":"/today-cash/:empNo","event":"TODAY_CASH_API_STARTED","empNo":"403","timestamp":"2026-07-28T12:28:55.057Z"}
28/7/2026, 5:58:55 pm | {"api":"/today-cash/:empNo","event":"TODAY_CASH_DB_QUERY_STARTED","empNo":"403","timestamp":"2026-07-28T12:28:55.058Z"}
28/7/2026, 5:58:55 pm | {"api":"/today-cash/:empNo","event":"TODAY_CASH_NOT_FOUND","empNo":"403","timestamp":"2026-07-28T12:28:55.063Z"}
28/7/2026, 5:59:22 pm | {"api":"/api/cash-closing-dashboard","event":"CASH_CLOSING_DASHBOARD_API_STARTED","filters":{"cluster":"","branch":"","fromDate":"","toDate":"","status":""},"timestamp":"2026-07-28T12:29:22.256Z"}
28/7/2026, 5:59:22 pm | {"api":"/api/cash-closing-dashboard","event":"CASH_CLOSING_DASHBOARD_DB_CONNECTED","timestamp":"2026-07-28T12:29:22.257Z"}
28/7/2026, 5:59:22 pm | {"api":"/api/cash-closing-dashboard","event":"CASH_CLOSING_DASHBOARD_QUERY_STARTED","filters":{"cluster":"","branch":"","fromDate":"","toDate":"","status":""},"timestamp":"2026-07-28T12:29:22.257Z"}
28/7/2026, 5:59:22 pm | {"api":"/api/cash-closing-dashboard","event":"CASH_CLOSING_DASHBOARD_DATA_FETCHED","totalRecords":56,"timestamp":"2026-07-28T12:29:22.264Z"}
28/7/2026, 5:59:22 pm | {"api":"/api/cash-closing-dashboard","event":"CASH_CLOSING_CLUSTER_FETCHED","totalClusters":4,"timestamp":"2026-07-28T12:29:22.267Z"}
28/7/2026, 5:59:22 pm | {"api":"/api/cash-closing-dashboard","event":"CASH_CLOSING_BRANCH_FETCHED","totalBranches":56,"timestamp":"2026-07-28T12:29:22.270Z"}
28/7/2026, 5:59:22 pm | {"api":"/api/cash-closing-dashboard","event":"CASH_CLOSING_DASHBOARD_SUCCESS","totalRecords":56,"filters":{"cluster":"","branch":"","fromDate":"","toDate":"","status":""},"timestamp":"2026-07-28T12:29:22.271Z"}
28/7/2026, 5:59:22 pm | {"api":"/api/cash-closing-dashboard","event":"CASH_CLOSING_DASHBOARD_API_STARTED","filters":{"cluster":"","branch":"","fromDate":"","toDate":"","status":""},"timestamp":"2026-07-28T12:29:22.400Z"}
28/7/2026, 5:59:22 pm | {"api":"/api/cash-closing-dashboard","event":"CASH_CLOSING_DASHBOARD_DB_CONNECTED","timestamp":"2026-07-28T12:29:22.401Z"}
28/7/2026, 5:59:22 pm | {"api":"/api/cash-closing-dashboard","event":"CASH_CLOSING_DASHBOARD_QUERY_STARTED","filters":{"cluster":"","branch":"","fromDate":"","toDate":"","status":""},"timestamp":"2026-07-28T12:29:22.402Z"}
28/7/2026, 5:59:22 pm | {"api":"/api/cash-closing-dashboard","event":"CASH_CLOSING_DASHBOARD_DATA_FETCHED","totalRecords":56,"timestamp":"2026-07-28T12:29:22.408Z"}
28/7/2026, 5:59:22 pm | {"api":"/api/cash-closing-dashboard","event":"CASH_CLOSING_CLUSTER_FETCHED","totalClusters":4,"timestamp":"2026-07-28T12:29:22.412Z"}
28/7/2026, 5:59:22 pm | {"api":"/api/cash-closing-dashboard","event":"CASH_CLOSING_BRANCH_FETCHED","totalBranches":56,"timestamp":"2026-07-28T12:29:22.417Z"}
28/7/2026, 5:59:22 pm | {"api":"/api/cash-closing-dashboard","event":"CASH_CLOSING_DASHBOARD_SUCCESS","totalRecords":56,"filters":{"cluster":"","branch":"","fromDate":"","toDate":"","status":""},"timestamp":"2026-07-28T12:29:22.417Z"}
28/7/2026, 5:59:22 pm | {"api":"/api/cash-closing-dashboard","event":"CASH_CLOSING_DASHBOARD_API_STARTED","filters":{"cluster":"","branch":"","fromDate":"","toDate":"","status":""},"timestamp":"2026-07-28T12:29:22.543Z"}
28/7/2026, 5:59:22 pm | {"api":"/api/cash-closing-dashboard","event":"CASH_CLOSING_DASHBOARD_DB_CONNECTED","timestamp":"2026-07-28T12:29:22.544Z"}
28/7/2026, 5:59:22 pm | {"api":"/api/cash-closing-dashboard","event":"CASH_CLOSING_DASHBOARD_QUERY_STARTED","filters":{"cluster":"","branch":"","fromDate":"","toDate":"","status":""},"timestamp":"2026-07-28T12:29:22.545Z"}
28/7/2026, 5:59:22 pm | {"api":"/api/cash-closing-dashboard","event":"CASH_CLOSING_DASHBOARD_DATA_FETCHED","totalRecords":56,"timestamp":"2026-07-28T12:29:22.553Z"}
28/7/2026, 5:59:22 pm | {"api":"/api/cash-closing-dashboard","event":"CASH_CLOSING_CLUSTER_FETCHED","totalClusters":4,"timestamp":"2026-07-28T12:29:22.556Z"}
28/7/2026, 5:59:22 pm | {"api":"/api/cash-closing-dashboard","event":"CASH_CLOSING_BRANCH_FETCHED","totalBranches":56,"timestamp":"2026-07-28T12:29:22.559Z"}
28/7/2026, 5:59:22 pm | {"api":"/api/cash-closing-dashboard","event":"CASH_CLOSING_DASHBOARD_SUCCESS","totalRecords":56,"filters":{"cluster":"","branch":"","fromDate":"","toDate":"","status":""},"timestamp":"2026-07-28T12:29:22.560Z"}
28/7/2026, 5:59:22 pm | {"api":"/api/cash-closing-dashboard","event":"CASH_CLOSING_DASHBOARD_API_STARTED","filters":{"cluster":"","branch":"","fromDate":"","toDate":"","status":""},"timestamp":"2026-07-28T12:29:22.682Z"}
28/7/2026, 5:59:22 pm | {"api":"/api/cash-closing-dashboard","event":"CASH_CLOSING_DASHBOARD_DB_CONNECTED","timestamp":"2026-07-28T12:29:22.683Z"}
28/7/2026, 5:59:22 pm | {"api":"/api/cash-closing-dashboard","event":"CASH_CLOSING_DASHBOARD_QUERY_STARTED","filters":{"cluster":"","branch":"","fromDate":"","toDate":"","status":""},"timestamp":"2026-07-28T12:29:22.684Z"}
28/7/2026, 5:59:22 pm | {"api":"/api/cash-closing-dashboard","event":"CASH_CLOSING_DASHBOARD_DATA_FETCHED","totalRecords":56,"timestamp":"2026-07-28T12:29:22.692Z"}
28/7/2026, 5:59:22 pm | {"api":"/api/cash-closing-dashboard","event":"CASH_CLOSING_CLUSTER_FETCHED","totalClusters":4,"timestamp":"2026-07-28T12:29:22.696Z"}
28/7/2026, 5:59:22 pm | {"api":"/api/cash-closing-dashboard","event":"CASH_CLOSING_BRANCH_FETCHED","totalBranches":56,"timestamp":"2026-07-28T12:29:22.700Z"}
28/7/2026, 5:59:22 pm | {"api":"/api/cash-closing-dashboard","event":"CASH_CLOSING_DASHBOARD_SUCCESS","totalRecords":56,"filters":{"cluster":"","branch":"","fromDate":"","toDate":"","status":""},"timestamp":"2026-07-28T12:29:22.700Z"}
28/7/2026, 5:59:39 pm | {"api":"/api/cash-closing-dashboard","event":"CASH_CLOSING_DASHBOARD_API_STARTED","filters":{"cluster":"","branch":"","fromDate":"","toDate":"","status":""},"timestamp":"2026-07-28T12:29:39.160Z"}
28/7/2026, 5:59:39 pm | {"api":"/api/cash-closing-dashboard","event":"CASH_CLOSING_DASHBOARD_DB_CONNECTED","timestamp":"2026-07-28T12:29:39.161Z"}
28/7/2026, 5:59:39 pm | {"api":"/api/cash-closing-dashboard","event":"CASH_CLOSING_DASHBOARD_QUERY_STARTED","filters":{"cluster":"","branch":"","fromDate":"","toDate":"","status":""},"timestamp":"2026-07-28T12:29:39.161Z"}
28/7/2026, 5:59:39 pm | {"api":"/api/cash-closing-dashboard","event":"CASH_CLOSING_DASHBOARD_DATA_FETCHED","totalRecords":56,"timestamp":"2026-07-28T12:29:39.168Z"}
28/7/2026, 5:59:39 pm | {"api":"/api/cash-closing-dashboard","event":"CASH_CLOSING_CLUSTER_FETCHED","totalClusters":4,"timestamp":"2026-07-28T12:29:39.172Z"}
28/7/2026, 5:59:39 pm | {"api":"/api/cash-closing-dashboard","event":"CASH_CLOSING_BRANCH_FETCHED","totalBranches":56,"timestamp":"2026-07-28T12:29:39.175Z"}
28/7/2026, 5:59:39 pm | {"api":"/api/cash-closing-dashboard","event":"CASH_CLOSING_DASHBOARD_SUCCESS","totalRecords":56,"filters":{"cluster":"","branch":"","fromDate":"","toDate":"","status":""},"timestamp":"2026-07-28T12:29:39.176Z"}
28/7/2026, 5:59:42 pm | {"api":"/save-cash-closing","event":"SAVE_CASH_API_STARTED","empNo":"403","amount":"3924780","timestamp":"2026-07-28T12:29:42.628Z"}
28/7/2026, 5:59:42 pm | {"api":"/save-cash-closing","event":"PREVIOUS_DAY_RECORD_FOUND","empNo":"403","oldDate":"2026-07-27T00:00:00.000Z","amount":3186256,"timestamp":"2026-07-28T12:29:42.636Z"}
28/7/2026, 5:59:42 pm | {"api":"/save-cash-closing","event":"PREVIOUS_DAY_MOVED_TO_HISTORY","empNo":"403","timestamp":"2026-07-28T12:29:42.643Z"}
28/7/2026, 5:59:42 pm | {"api":"/save-cash-closing","event":"PREVIOUS_DAY_DELETED","empNo":"403","timestamp":"2026-07-28T12:29:42.650Z"}
28/7/2026, 5:59:42 pm | {"api":"/save-cash-closing","event":"SAVE_CASH_NEW_ENTRY","empNo":"403","amount":"3924780","branch":"Kanuru","timestamp":"2026-07-28T12:29:42.652Z"}
28/7/2026, 5:59:42 pm | {"api":"/save-cash-closing","event":"SAVE_CASH_HISTORY_INSERTED","empNo":"403","actionType":"ADDED","version":1,"timestamp":"2026-07-28T12:29:42.665Z"}
28/7/2026, 5:59:42 pm | {"api":"/save-cash-closing","event":"SAVE_CASH_SUCCESS","type":"INSERT","empNo":"403","amount":"3924780","timestamp":"2026-07-28T12:29:42.666Z"}
28/7/2026, 5:59:48 pm | {"api":"/api/cash-closing-dashboard","event":"CASH_CLOSING_DASHBOARD_API_STARTED","filters":{"cluster":"","branch":"","fromDate":"","toDate":"","status":""},"timestamp":"2026-07-28T12:29:48.079Z"}
28/7/2026, 5:59:48 pm | {"api":"/api/cash-closing-dashboard","event":"CASH_CLOSING_DASHBOARD_DB_CONNECTED","timestamp":"2026-07-28T12:29:48.080Z"}
28/7/2026, 5:59:48 pm | {"api":"/api/cash-closing-dashboard","event":"CASH_CLOSING_DASHBOARD_QUERY_STARTED","filters":{"cluster":"","branch":"","fromDate":"","toDate":"","status":""},"timestamp":"2026-07-28T12:29:48.081Z"}
28/7/2026, 5:59:48 pm | {"api":"/api/cash-closing-dashboard","event":"CASH_CLOSING_DASHBOARD_DATA_FETCHED","totalRecords":56,"timestamp":"2026-07-28T12:29:48.087Z"}
28/7/2026, 5:59:48 pm | {"api":"/api/cash-closing-dashboard","event":"CASH_CLOSING_CLUSTER_FETCHED","totalClusters":4,"timestamp":"2026-07-28T12:29:48.090Z"}
28/7/2026, 5:59:48 pm | {"api":"/api/cash-closing-dashboard","event":"CASH_CLOSING_BRANCH_FETCHED","totalBranches":56,"timestamp":"2026-07-28T12:29:48.093Z"}
28/7/2026, 5:59:48 pm | {"api":"/api/cash-closing-dashboard","event":"CASH_CLOSING_DASHBOARD_SUCCESS","totalRecords":56,"filters":{"cluster":"","branch":"","fromDate":"","toDate":"","status":""},"timestamp":"2026-07-28T12:29:48.094Z"}
28/7/2026, 5:59:48 pm | {"api":"/api/cash-closing-dashboard","event":"CASH_CLOSING_DASHBOARD_API_STARTED","filters":{"cluster":"","branch":"","fromDate":"","toDate":"","status":""},"timestamp":"2026-07-28T12:29:48.187Z"}
28/7/2026, 5:59:48 pm | {"api":"/api/cash-closing-dashboard","event":"CASH_CLOSING_DASHBOARD_DB_CONNECTED","timestamp":"2026-07-28T12:29:48.188Z"}
28/7/2026, 5:59:48 pm | {"api":"/api/cash-closing-dashboard","event":"CASH_CLOSING_DASHBOARD_QUERY_STARTED","filters":{"cluster":"","branch":"","fromDate":"","toDate":"","status":""},"timestamp":"2026-07-28T12:29:48.188Z"}
28/7/2026, 5:59:48 pm | {"api":"/api/cash-closing-dashboard","event":"CASH_CLOSING_DASHBOARD_DATA_FETCHED","totalRecords":56,"timestamp":"2026-07-28T12:29:48.195Z"}
28/7/2026, 5:59:48 pm | {"api":"/api/cash-closing-dashboard","event":"CASH_CLOSING_CLUSTER_FETCHED","totalClusters":4,"timestamp":"2026-07-28T12:29:48.198Z"}
28/7/2026, 5:59:48 pm | {"api":"/api/cash-closing-dashboard","event":"CASH_CLOSING_BRANCH_FETCHED","totalBranches":56,"timestamp":"2026-07-28T12:29:48.202Z"}
28/7/2026, 5:59:48 pm | {"api":"/api/cash-closing-dashboard","event":"CASH_CLOSING_DASHBOARD_SUCCESS","totalRecords":56,"filters":{"cluster":"","branch":"","fromDate":"","toDate":"","status":""},"timestamp":"2026-07-28T12:29:48.203Z"}
28/7/2026, 5:59:48 pm | {"api":"/api/cash-closing-dashboard","event":"CASH_CLOSING_DASHBOARD_API_STARTED","filters":{"cluster":"","branch":"","fromDate":"","toDate":"","status":""},"timestamp":"2026-07-28T12:29:48.324Z"}
28/7/2026, 5:59:48 pm | {"api":"/api/cash-closing-dashboard","event":"CASH_CLOSING_DASHBOARD_DB_CONNECTED","timestamp":"2026-07-28T12:29:48.325Z"}
28/7/2026, 5:59:48 pm | {"api":"/api/cash-closing-dashboard","event":"CASH_CLOSING_DASHBOARD_QUERY_STARTED","filters":{"cluster":"","branch":"","fromDate":"","toDate":"","status":""},"timestamp":"2026-07-28T12:29:48.326Z"}
28/7/2026, 5:59:48 pm | {"api":"/api/cash-closing-dashboard","event":"CASH_CLOSING_DASHBOARD_DATA_FETCHED","totalRecords":56,"timestamp":"2026-07-28T12:29:48.332Z"}
28/7/2026, 5:59:48 pm | {"api":"/api/cash-closing-dashboard","event":"CASH_CLOSING_CLUSTER_FETCHED","totalClusters":4,"timestamp":"2026-07-28T12:29:48.337Z"}
28/7/2026, 5:59:48 pm | {"api":"/api/cash-closing-dashboard","event":"CASH_CLOSING_BRANCH_FETCHED","totalBranches":56,"timestamp":"2026-07-28T12:29:48.340Z"}
28/7/2026, 5:59:48 pm | {"api":"/api/cash-closing-dashboard","event":"CASH_CLOSING_DASHBOARD_SUCCESS","totalRecords":56,"filters":{"cluster":"","branch":"","fromDate":"","toDate":"","status":""},"timestamp":"2026-07-28T12:29:48.341Z"}
28/7/2026, 5:59:48 pm | {"api":"/api/cash-closing-dashboard","event":"CASH_CLOSING_DASHBOARD_API_STARTED","filters":{"cluster":"","branch":"","fromDate":"","toDate":"","status":""},"timestamp":"2026-07-28T12:29:48.436Z"}
28/7/2026, 5:59:48 pm | {"api":"/api/cash-closing-dashboard","event":"CASH_CLOSING_DASHBOARD_DB_CONNECTED","timestamp":"2026-07-28T12:29:48.437Z"}
28/7/2026, 5:59:48 pm | {"api":"/api/cash-closing-dashboard","event":"CASH_CLOSING_DASHBOARD_QUERY_STARTED","filters":{"cluster":"","branch":"","fromDate":"","toDate":"","status":""},"timestamp":"2026-07-28T12:29:48.438Z"}
28/7/2026, 5:59:48 pm | {"api":"/api/cash-closing-dashboard","event":"CASH_CLOSING_DASHBOARD_DATA_FETCHED","totalRecords":56,"timestamp":"2026-07-28T12:29:48.443Z"}
28/7/2026, 5:59:48 pm | {"api":"/api/cash-closing-dashboard","event":"CASH_CLOSING_CLUSTER_FETCHED","totalClusters":4,"timestamp":"2026-07-28T12:29:48.448Z"}
28/7/2026, 5:59:48 pm | {"api":"/api/cash-closing-dashboard","event":"CASH_CLOSING_BRANCH_FETCHED","totalBranches":56,"timestamp":"2026-07-28T12:29:48.451Z"}
28/7/2026, 5:59:48 pm | {"api":"/api/cash-closing-dashboard","event":"CASH_CLOSING_DASHBOARD_SUCCESS","totalRecords":56,"filters":{"cluster":"","branch":"","fromDate":"","toDate":"","status":""},"timestamp":"2026-07-28T12:29:48.452Z"}
28/7/2026, 5:59:50 pm | {"api":"/api/cash-closing-dashboard","event":"CASH_CLOSING_DASHBOARD_API_STARTED","filters":{"cluster":"","branch":"","fromDate":"","toDate":"","status":""},"timestamp":"2026-07-28T12:29:50.844Z"}
28/7/2026, 5:59:50 pm | {"api":"/api/cash-closing-dashboard","event":"CASH_CLOSING_DASHBOARD_DB_CONNECTED","timestamp":"2026-07-28T12:29:50.845Z"}
28/7/2026, 5:59:50 pm | {"api":"/api/cash-closing-dashboard","event":"CASH_CLOSING_DASHBOARD_QUERY_STARTED","filters":{"cluster":"","branch":"","fromDate":"","toDate":"","status":""},"timestamp":"2026-07-28T12:29:50.846Z"}
28/7/2026, 5:59:50 pm | {"api":"/api/cash-closing-dashboard","event":"CASH_CLOSING_DASHBOARD_DATA_FETCHED","totalRecords":56,"timestamp":"2026-07-28T12:29:50.852Z"}
28/7/2026, 5:59:50 pm | {"api":"/api/cash-closing-dashboard","event":"CASH_CLOSING_CLUSTER_FETCHED","totalClusters":4,"timestamp":"2026-07-28T12:29:50.856Z"}
28/7/2026, 5:59:50 pm | {"api":"/api/cash-closing-dashboard","event":"CASH_CLOSING_BRANCH_FETCHED","totalBranches":56,"timestamp":"2026-07-28T12:29:50.860Z"}
28/7/2026, 5:59:50 pm | {"api":"/api/cash-closing-dashboard","event":"CASH_CLOSING_DASHBOARD_SUCCESS","totalRecords":56,"filters":{"cluster":"","branch":"","fromDate":"","toDate":"","status":""},"timestamp":"2026-07-28T12:29:50.860Z"}
28/7/2026, 5:59:51 pm | {"api":"/api/cash-closing-dashboard","event":"CASH_CLOSING_DASHBOARD_API_STARTED","filters":{"cluster":"","branch":"","fromDate":"","toDate":"","status":""},"timestamp":"2026-07-28T12:29:51.004Z"}
28/7/2026, 5:59:51 pm | {"api":"/api/cash-closing-dashboard","event":"CASH_CLOSING_DASHBOARD_DB_CONNECTED","timestamp":"2026-07-28T12:29:51.005Z"}
28/7/2026, 5:59:51 pm | {"api":"/api/cash-closing-dashboard","event":"CASH_CLOSING_DASHBOARD_QUERY_STARTED","filters":{"cluster":"","branch":"","fromDate":"","toDate":"","status":""},"timestamp":"2026-07-28T12:29:51.006Z"}
28/7/2026, 5:59:51 pm | {"api":"/api/cash-closing-dashboard","event":"CASH_CLOSING_DASHBOARD_DATA_FETCHED","totalRecords":56,"timestamp":"2026-07-28T12:29:51.012Z"}
28/7/2026, 5:59:51 pm | {"api":"/api/cash-closing-dashboard","event":"CASH_CLOSING_CLUSTER_FETCHED","totalClusters":4,"timestamp":"2026-07-28T12:29:51.016Z"}
28/7/2026, 5:59:51 pm | {"api":"/api/cash-closing-dashboard","event":"CASH_CLOSING_BRANCH_FETCHED","totalBranches":56,"timestamp":"2026-07-28T12:29:51.019Z"}
28/7/2026, 5:59:51 pm | {"api":"/api/cash-closing-dashboard","event":"CASH_CLOSING_DASHBOARD_SUCCESS","totalRecords":56,"filters":{"cluster":"","branch":"","fromDate":"","toDate":"","status":""},"timestamp":"2026-07-28T12:29:51.020Z"}
28/7/2026, 5:59:51 pm | {"api":"/api/cash-closing-dashboard","event":"CASH_CLOSING_DASHBOARD_API_STARTED","filters":{"cluster":"","branch":"","fromDate":"","toDate":"","status":""},"timestamp":"2026-07-28T12:29:51.132Z"}
28/7/2026, 5:59:51 pm | {"api":"/api/cash-closing-dashboard","event":"CASH_CLOSING_DASHBOARD_DB_CONNECTED","timestamp":"2026-07-28T12:29:51.133Z"}
28/7/2026, 5:59:51 pm | {"api":"/api/cash-closing-dashboard","event":"CASH_CLOSING_DASHBOARD_QUERY_STARTED","filters":{"cluster":"","branch":"","fromDate":"","toDate":"","status":""},"timestamp":"2026-07-28T12:29:51.134Z"}
28/7/2026, 5:59:51 pm | {"api":"/api/cash-closing-dashboard","event":"CASH_CLOSING_DASHBOARD_DATA_FETCHED","totalRecords":56,"timestamp":"2026-07-28T12:29:51.139Z"}
28/7/2026, 5:59:51 pm | {"api":"/api/cash-closing-dashboard","event":"CASH_CLOSING_CLUSTER_FETCHED","totalClusters":4,"timestamp":"2026-07-28T12:29:51.143Z"}
28/7/2026, 5:59:51 pm | {"api":"/api/cash-closing-dashboard","event":"CASH_CLOSING_BRANCH_FETCHED","totalBranches":56,"timestamp":"2026-07-28T12:29:51.147Z"}
28/7/2026, 5:59:51 pm | {"api":"/api/cash-closing-dashboard","event":"CASH_CLOSING_DASHBOARD_SUCCESS","totalRecords":56,"filters":{"cluster":"","branch":"","fromDate":"","toDate":"","status":""},"timestamp":"2026-07-28T12:29:51.148Z"}
28/7/2026, 5:59:56 pm | {"api":"/api/cash-closing-dashboard","event":"CASH_CLOSING_DASHBOARD_API_STARTED","filters":{"cluster":"","branch":"","fromDate":"","toDate":"","status":""},"timestamp":"2026-07-28T12:29:56.556Z"}
28/7/2026, 5:59:56 pm | {"api":"/api/cash-closing-dashboard","event":"CASH_CLOSING_DASHBOARD_DB_CONNECTED","timestamp":"2026-07-28T12:29:56.558Z"}
28/7/2026, 5:59:56 pm | {"api":"/api/cash-closing-dashboard","event":"CASH_CLOSING_DASHBOARD_QUERY_STARTED","filters":{"cluster":"","branch":"","fromDate":"","toDate":"","status":""},"timestamp":"2026-07-28T12:29:56.558Z"}
28/7/2026, 5:59:56 pm | {"api":"/api/cash-closing-dashboard","event":"CASH_CLOSING_DASHBOARD_DATA_FETCHED","totalRecords":56,"timestamp":"2026-07-28T12:29:56.565Z"}
28/7/2026, 5:59:56 pm | {"api":"/api/cash-closing-dashboard","event":"CASH_CLOSING_CLUSTER_FETCHED","totalClusters":4,"timestamp":"2026-07-28T12:29:56.568Z"}
28/7/2026, 5:59:56 pm | {"api":"/api/cash-closing-dashboard","event":"CASH_CLOSING_BRANCH_FETCHED","totalBranches":56,"timestamp":"2026-07-28T12:29:56.572Z"}
28/7/2026, 5:59:56 pm | {"api":"/api/cash-closing-dashboard","event":"CASH_CLOSING_DASHBOARD_SUCCESS","totalRecords":56,"filters":{"cluster":"","branch":"","fromDate":"","toDate":"","status":""},"timestamp":"2026-07-28T12:29:56.572Z"}
28/7/2026, 5:59:56 pm | {"api":"/api/cash-closing-dashboard","event":"CASH_CLOSING_DASHBOARD_API_STARTED","filters":{"cluster":"","branch":"","fromDate":"","toDate":"","status":""},"timestamp":"2026-07-28T12:29:56.670Z"}
28/7/2026, 5:59:56 pm | {"api":"/api/cash-closing-dashboard","event":"CASH_CLOSING_DASHBOARD_DB_CONNECTED","timestamp":"2026-07-28T12:29:56.671Z"}
28/7/2026, 5:59:56 pm | {"api":"/api/cash-closing-dashboard","event":"CASH_CLOSING_DASHBOARD_QUERY_STARTED","filters":{"cluster":"","branch":"","fromDate":"","toDate":"","status":""},"timestamp":"2026-07-28T12:29:56.672Z"}
28/7/2026, 5:59:56 pm | {"api":"/api/cash-closing-dashboard","event":"CASH_CLOSING_DASHBOARD_DATA_FETCHED","totalRecords":56,"timestamp":"2026-07-28T12:29:56.680Z"}
28/7/2026, 5:59:56 pm | {"api":"/api/cash-closing-dashboard","event":"CASH_CLOSING_CLUSTER_FETCHED","totalClusters":4,"timestamp":"2026-07-28T12:29:56.684Z"}
28/7/2026, 5:59:56 pm | {"api":"/api/cash-closing-dashboard","event":"CASH_CLOSING_BRANCH_FETCHED","totalBranches":56,"timestamp":"2026-07-28T12:29:56.688Z"}
28/7/2026, 5:59:56 pm | {"api":"/api/cash-closing-dashboard","event":"CASH_CLOSING_DASHBOARD_SUCCESS","totalRecords":56,"filters":{"cluster":"","branch":"","fromDate":"","toDate":"","status":""},"timestamp":"2026-07-28T12:29:56.688Z"}
28/7/2026, 6:00:02 pm | {"api":"/api/cash-closing-dashboard","event":"CASH_CLOSING_DASHBOARD_API_STARTED","filters":{"cluster":"","branch":"","fromDate":"","toDate":"","status":""},"timestamp":"2026-07-28T12:30:02.512Z"}
28/7/2026, 6:00:02 pm | {"api":"/api/cash-closing-dashboard","event":"CASH_CLOSING_DASHBOARD_DB_CONNECTED","timestamp":"2026-07-28T12:30:02.513Z"}
28/7/2026, 6:00:02 pm | {"api":"/api/cash-closing-dashboard","event":"CASH_CLOSING_DASHBOARD_QUERY_STARTED","filters":{"cluster":"","branch":"","fromDate":"","toDate":"","status":""},"timestamp":"2026-07-28T12:30:02.514Z"}
28/7/2026, 6:00:02 pm | {"api":"/api/cash-closing-dashboard","event":"CASH_CLOSING_DASHBOARD_DATA_FETCHED","totalRecords":56,"timestamp":"2026-07-28T12:30:02.521Z"}
28/7/2026, 6:00:02 pm | {"api":"/api/cash-closing-dashboard","event":"CASH_CLOSING_CLUSTER_FETCHED","totalClusters":4,"timestamp":"2026-07-28T12:30:02.525Z"}
28/7/2026, 6:00:02 pm | {"api":"/api/cash-closing-dashboard","event":"CASH_CLOSING_BRANCH_FETCHED","totalBranches":56,"timestamp":"2026-07-28T12:30:02.530Z"}
28/7/2026, 6:00:02 pm | {"api":"/api/cash-closing-dashboard","event":"CASH_CLOSING_DASHBOARD_SUCCESS","totalRecords":56,"filters":{"cluster":"","branch":"","fromDate":"","toDate":"","status":""},"timestamp":"2026-07-28T12:30:02.531Z"}
28/7/2026, 6:00:02 pm | {"api":"/api/cash-closing-dashboard","event":"CASH_CLOSING_DASHBOARD_API_STARTED","filters":{"cluster":"","branch":"","fromDate":"","toDate":"","status":""},"timestamp":"2026-07-28T12:30:02.759Z"}
28/7/2026, 6:00:02 pm | {"api":"/api/cash-closing-dashboard","event":"CASH_CLOSING_DASHBOARD_DB_CONNECTED","timestamp":"2026-07-28T12:30:02.760Z"}
28/7/2026, 6:00:02 pm | {"api":"/api/cash-closing-dashboard","event":"CASH_CLOSING_DASHBOARD_QUERY_STARTED","filters":{"cluster":"","branch":"","fromDate":"","toDate":"","status":""},"timestamp":"2026-07-28T12:30:02.761Z"}
28/7/2026, 6:00:02 pm | {"api":"/api/cash-closing-dashboard","event":"CASH_CLOSING_DASHBOARD_DATA_FETCHED","totalRecords":56,"timestamp":"2026-07-28T12:30:02.768Z"}
28/7/2026, 6:00:02 pm | {"api":"/api/cash-closing-dashboard","event":"CASH_CLOSING_CLUSTER_FETCHED","totalClusters":4,"timestamp":"2026-07-28T12:30:02.771Z"}
28/7/2026, 6:00:02 pm | {"api":"/api/cash-closing-dashboard","event":"CASH_CLOSING_BRANCH_FETCHED","totalBranches":56,"timestamp":"2026-07-28T12:30:02.774Z"}
28/7/2026, 6:00:02 pm | {"api":"/api/cash-closing-dashboard","event":"CASH_CLOSING_DASHBOARD_SUCCESS","totalRecords":56,"filters":{"cluster":"","branch":"","fromDate":"","toDate":"","status":""},"timestamp":"2026-07-28T12:30:02.775Z"}
28/7/2026, 6:00:03 pm | {"api":"/api/cash-closing-dashboard","event":"CASH_CLOSING_DASHBOARD_API_STARTED","filters":{"cluster":"","branch":"","fromDate":"","toDate":"","status":""},"timestamp":"2026-07-28T12:30:03.090Z"}
28/7/2026, 6:00:03 pm | {"api":"/api/cash-closing-dashboard","event":"CASH_CLOSING_DASHBOARD_DB_CONNECTED","timestamp":"2026-07-28T12:30:03.091Z"}
28/7/2026, 6:00:03 pm | {"api":"/api/cash-closing-dashboard","event":"CASH_CLOSING_DASHBOARD_QUERY_STARTED","filters":{"cluster":"","branch":"","fromDate":"","toDate":"","status":""},"timestamp":"2026-07-28T12:30:03.091Z"}
28/7/2026, 6:00:03 pm | {"api":"/api/cash-closing-dashboard","event":"CASH_CLOSING_DASHBOARD_DATA_FETCHED","totalRecords":56,"timestamp":"2026-07-28T12:30:03.099Z"}
28/7/2026, 6:00:03 pm | {"api":"/api/cash-closing-dashboard","event":"CASH_CLOSING_CLUSTER_FETCHED","totalClusters":4,"timestamp":"2026-07-28T12:30:03.102Z"}
28/7/2026, 6:00:03 pm | {"api":"/api/cash-closing-dashboard","event":"CASH_CLOSING_BRANCH_FETCHED","totalBranches":56,"timestamp":"2026-07-28T12:30:03.105Z"}
28/7/2026, 6:00:03 pm | {"api":"/api/cash-closing-dashboard","event":"CASH_CLOSING_DASHBOARD_SUCCESS","totalRecords":56,"filters":{"cluster":"","branch":"","fromDate":"","toDate":"","status":""},"timestamp":"2026-07-28T12:30:03.106Z"}
28/7/2026, 6:00:03 pm | {"api":"/api/cash-closing-dashboard","event":"CASH_CLOSING_DASHBOARD_API_STARTED","filters":{"cluster":"","branch":"","fromDate":"","toDate":"","status":""},"timestamp":"2026-07-28T12:30:03.215Z"}
28/7/2026, 6:00:03 pm | {"api":"/api/cash-closing-dashboard","event":"CASH_CLOSING_DASHBOARD_DB_CONNECTED","timestamp":"2026-07-28T12:30:03.216Z"}
28/7/2026, 6:00:03 pm | {"api":"/api/cash-closing-dashboard","event":"CASH_CLOSING_DASHBOARD_QUERY_STARTED","filters":{"cluster":"","branch":"","fromDate":"","toDate":"","status":""},"timestamp":"2026-07-28T12:30:03.217Z"}
28/7/2026, 6:00:03 pm | {"api":"/api/cash-closing-dashboard","event":"CASH_CLOSING_DASHBOARD_DATA_FETCHED","totalRecords":56,"timestamp":"2026-07-28T12:30:03.223Z"}
28/7/2026, 6:00:03 pm | {"api":"/api/cash-closing-dashboard","event":"CASH_CLOSING_CLUSTER_FETCHED","totalClusters":4,"timestamp":"2026-07-28T12:30:03.227Z"}
28/7/2026, 6:00:03 pm | {"api":"/api/cash-closing-dashboard","event":"CASH_CLOSING_BRANCH_FETCHED","totalBranches":56,"timestamp":"2026-07-28T12:30:03.231Z"}
28/7/2026, 6:00:03 pm | {"api":"/api/cash-closing-dashboard","event":"CASH_CLOSING_DASHBOARD_SUCCESS","totalRecords":56,"filters":{"cluster":"","branch":"","fromDate":"","toDate":"","status":""},"timestamp":"2026-07-28T12:30:03.232Z"}
28/7/2026, 6:00:03 pm | {"api":"/api/cash-closing-dashboard","event":"CASH_CLOSING_DASHBOARD_API_STARTED","filters":{"cluster":"","branch":"","fromDate":"","toDate":"","status":""},"timestamp":"2026-07-28T12:30:03.369Z"}
28/7/2026, 6:00:03 pm | {"api":"/api/cash-closing-dashboard","event":"CASH_CLOSING_DASHBOARD_DB_CONNECTED","timestamp":"2026-07-28T12:30:03.370Z"}
28/7/2026, 6:00:03 pm | {"api":"/api/cash-closing-dashboard","event":"CASH_CLOSING_DASHBOARD_QUERY_STARTED","filters":{"cluster":"","branch":"","fromDate":"","toDate":"","status":""},"timestamp":"2026-07-28T12:30:03.371Z"}
28/7/2026, 6:00:03 pm | {"api":"/api/cash-closing-dashboard","event":"CASH_CLOSING_DASHBOARD_DATA_FETCHED","totalRecords":56,"timestamp":"2026-07-28T12:30:03.376Z"}
28/7/2026, 6:00:03 pm | {"api":"/api/cash-closing-dashboard","event":"CASH_CLOSING_CLUSTER_FETCHED","totalClusters":4,"timestamp":"2026-07-28T12:30:03.380Z"}
28/7/2026, 6:00:03 pm | {"api":"/api/cash-closing-dashboard","event":"CASH_CLOSING_BRANCH_FETCHED","totalBranches":56,"timestamp":"2026-07-28T12:30:03.383Z"}
28/7/2026, 6:00:03 pm | {"api":"/api/cash-closing-dashboard","event":"CASH_CLOSING_DASHBOARD_SUCCESS","totalRecords":56,"filters":{"cluster":"","branch":"","fromDate":"","toDate":"","status":""},"timestamp":"2026-07-28T12:30:03.383Z"}
28/7/2026, 6:00:03 pm | {"api":"/api/cash-closing-dashboard","event":"CASH_CLOSING_DASHBOARD_API_STARTED","filters":{"cluster":"","branch":"","fromDate":"","toDate":"","status":""},"timestamp":"2026-07-28T12:30:03.506Z"}
28/7/2026, 6:00:03 pm | {"api":"/api/cash-closing-dashboard","event":"CASH_CLOSING_DASHBOARD_DB_CONNECTED","timestamp":"2026-07-28T12:30:03.506Z"}
28/7/2026, 6:00:03 pm | {"api":"/api/cash-closing-dashboard","event":"CASH_CLOSING_DASHBOARD_QUERY_STARTED","filters":{"cluster":"","branch":"","fromDate":"","toDate":"","status":""},"timestamp":"2026-07-28T12:30:03.507Z"}
28/7/2026, 6:00:03 pm | {"api":"/api/cash-closing-dashboard","event":"CASH_CLOSING_DASHBOARD_DATA_FETCHED","totalRecords":56,"timestamp":"2026-07-28T12:30:03.513Z"}
28/7/2026, 6:00:03 pm | {"api":"/api/cash-closing-dashboard","event":"CASH_CLOSING_CLUSTER_FETCHED","totalClusters":4,"timestamp":"2026-07-28T12:30:03.517Z"}
28/7/2026, 6:00:03 pm | {"api":"/api/cash-closing-dashboard","event":"CASH_CLOSING_BRANCH_FETCHED","totalBranches":56,"timestamp":"2026-07-28T12:30:03.520Z"}
28/7/2026, 6:00:03 pm | {"api":"/api/cash-closing-dashboard","event":"CASH_CLOSING_DASHBOARD_SUCCESS","totalRecords":56,"filters":{"cluster":"","branch":"","fromDate":"","toDate":"","status":""},"timestamp":"2026-07-28T12:30:03.521Z"}
28/7/2026, 6:00:06 pm | {"api":"/api/cash-closing-dashboard","event":"CASH_CLOSING_DASHBOARD_API_STARTED","filters":{"cluster":"","branch":"","fromDate":"","toDate":"","status":""},"timestamp":"2026-07-28T12:30:06.606Z"}
28/7/2026, 6:00:06 pm | {"api":"/api/cash-closing-dashboard","event":"CASH_CLOSING_DASHBOARD_DB_CONNECTED","timestamp":"2026-07-28T12:30:06.607Z"}
28/7/2026, 6:00:06 pm | {"api":"/api/cash-closing-dashboard","event":"CASH_CLOSING_DASHBOARD_QUERY_STARTED","filters":{"cluster":"","branch":"","fromDate":"","toDate":"","status":""},"timestamp":"2026-07-28T12:30:06.608Z"}
28/7/2026, 6:00:06 pm | {"api":"/api/cash-closing-dashboard","event":"CASH_CLOSING_DASHBOARD_DATA_FETCHED","totalRecords":56,"timestamp":"2026-07-28T12:30:06.616Z"}
28/7/2026, 6:00:06 pm | {"api":"/api/cash-closing-dashboard","event":"CASH_CLOSING_CLUSTER_FETCHED","totalClusters":4,"timestamp":"2026-07-28T12:30:06.619Z"}
28/7/2026, 6:00:06 pm | {"api":"/api/cash-closing-dashboard","event":"CASH_CLOSING_BRANCH_FETCHED","totalBranches":56,"timestamp":"2026-07-28T12:30:06.622Z"}
28/7/2026, 6:00:06 pm | {"api":"/api/cash-closing-dashboard","event":"CASH_CLOSING_DASHBOARD_SUCCESS","totalRecords":56,"filters":{"cluster":"","branch":"","fromDate":"","toDate":"","status":""},"timestamp":"2026-07-28T12:30:06.622Z"}
28/7/2026, 6:00:06 pm | {"api":"/api/cash-closing-dashboard","event":"CASH_CLOSING_DASHBOARD_API_STARTED","filters":{"cluster":"","branch":"","fromDate":"","toDate":"","status":""},"timestamp":"2026-07-28T12:30:06.767Z"}
28/7/2026, 6:00:06 pm | {"api":"/api/cash-closing-dashboard","event":"CASH_CLOSING_DASHBOARD_DB_CONNECTED","timestamp":"2026-07-28T12:30:06.768Z"}
28/7/2026, 6:00:06 pm | {"api":"/api/cash-closing-dashboard","event":"CASH_CLOSING_DASHBOARD_QUERY_STARTED","filters":{"cluster":"","branch":"","fromDate":"","toDate":"","status":""},"timestamp":"2026-07-28T12:30:06.769Z"}
28/7/2026, 6:00:06 pm | {"api":"/api/cash-closing-dashboard","event":"CASH_CLOSING_DASHBOARD_DATA_FETCHED","totalRecords":56,"timestamp":"2026-07-28T12:30:06.777Z"}
28/7/2026, 6:00:06 pm | {"api":"/api/cash-closing-dashboard","event":"CASH_CLOSING_CLUSTER_FETCHED","totalClusters":4,"timestamp":"2026-07-28T12:30:06.780Z"}
28/7/2026, 6:00:06 pm | {"api":"/api/cash-closing-dashboard","event":"CASH_CLOSING_BRANCH_FETCHED","totalBranches":56,"timestamp":"2026-07-28T12:30:06.784Z"}
28/7/2026, 6:00:06 pm | {"api":"/api/cash-closing-dashboard","event":"CASH_CLOSING_DASHBOARD_SUCCESS","totalRecords":56,"filters":{"cluster":"","branch":"","fromDate":"","toDate":"","status":""},"timestamp":"2026-07-28T12:30:06.785Z"}
28/7/2026, 6:00:26 pm | {"api":"/api/cash-closing-dashboard","event":"CASH_CLOSING_DASHBOARD_API_STARTED","filters":{"cluster":"","branch":"","fromDate":"","toDate":"","status":""},"timestamp":"2026-07-28T12:30:26.866Z"}
28/7/2026, 6:00:26 pm | {"api":"/api/cash-closing-dashboard","event":"CASH_CLOSING_DASHBOARD_DB_CONNECTED","timestamp":"2026-07-28T12:30:26.867Z"}
28/7/2026, 6:00:26 pm | {"api":"/api/cash-closing-dashboard","event":"CASH_CLOSING_DASHBOARD_QUERY_STARTED","filters":{"cluster":"","branch":"","fromDate":"","toDate":"","status":""},"timestamp":"2026-07-28T12:30:26.867Z"}
28/7/2026, 6:00:26 pm | {"api":"/api/cash-closing-dashboard","event":"CASH_CLOSING_DASHBOARD_DATA_FETCHED","totalRecords":56,"timestamp":"2026-07-28T12:30:26.874Z"}
28/7/2026, 6:00:26 pm | {"api":"/api/cash-closing-dashboard","event":"CASH_CLOSING_CLUSTER_FETCHED","totalClusters":4,"timestamp":"2026-07-28T12:30:26.878Z"}
28/7/2026, 6:00:26 pm | {"api":"/api/cash-closing-dashboard","event":"CASH_CLOSING_BRANCH_FETCHED","totalBranches":56,"timestamp":"2026-07-28T12:30:26.881Z"}
28/7/2026, 6:00:26 pm | {"api":"/api/cash-closing-dashboard","event":"CASH_CLOSING_DASHBOARD_SUCCESS","totalRecords":56,"filters":{"cluster":"","branch":"","fromDate":"","toDate":"","status":""},"timestamp":"2026-07-28T12:30:26.882Z"}
28/7/2026, 6:00:27 pm | {"api":"/api/cash-closing-dashboard","event":"CASH_CLOSING_DASHBOARD_API_STARTED","filters":{"cluster":"","branch":"","fromDate":"","toDate":"","status":""},"timestamp":"2026-07-28T12:30:27.006Z"}
28/7/2026, 6:00:27 pm | {"api":"/api/cash-closing-dashboard","event":"CASH_CLOSING_DASHBOARD_DB_CONNECTED","timestamp":"2026-07-28T12:30:27.007Z"}
28/7/2026, 6:00:27 pm | {"api":"/api/cash-closing-dashboard","event":"CASH_CLOSING_DASHBOARD_QUERY_STARTED","filters":{"cluster":"","branch":"","fromDate":"","toDate":"","status":""},"timestamp":"2026-07-28T12:30:27.008Z"}
28/7/2026, 6:00:27 pm | {"api":"/api/cash-closing-dashboard","event":"CASH_CLOSING_DASHBOARD_DATA_FETCHED","totalRecords":56,"timestamp":"2026-07-28T12:30:27.016Z"}
28/7/2026, 6:00:27 pm | {"api":"/api/cash-closing-dashboard","event":"CASH_CLOSING_CLUSTER_FETCHED","totalClusters":4,"timestamp":"2026-07-28T12:30:27.019Z"}
28/7/2026, 6:00:27 pm | {"api":"/api/cash-closing-dashboard","event":"CASH_CLOSING_BRANCH_FETCHED","totalBranches":56,"timestamp":"2026-07-28T12:30:27.022Z"}
28/7/2026, 6:00:27 pm | {"api":"/api/cash-closing-dashboard","event":"CASH_CLOSING_DASHBOARD_SUCCESS","totalRecords":56,"filters":{"cluster":"","branch":"","fromDate":"","toDate":"","status":""},"timestamp":"2026-07-28T12:30:27.023Z"}
28/7/2026, 6:00:27 pm | {"api":"/api/cash-closing-dashboard","event":"CASH_CLOSING_DASHBOARD_API_STARTED","filters":{"cluster":"","branch":"","fromDate":"","toDate":"","status":""},"timestamp":"2026-07-28T12:30:27.166Z"}
28/7/2026, 6:00:27 pm | {"api":"/api/cash-closing-dashboard","event":"CASH_CLOSING_DASHBOARD_DB_CONNECTED","timestamp":"2026-07-28T12:30:27.167Z"}
28/7/2026, 6:00:27 pm | {"api":"/api/cash-closing-dashboard","event":"CASH_CLOSING_DASHBOARD_QUERY_STARTED","filters":{"cluster":"","branch":"","fromDate":"","toDate":"","status":""},"timestamp":"2026-07-28T12:30:27.168Z"}
28/7/2026, 6:00:27 pm | {"api":"/api/cash-closing-dashboard","event":"CASH_CLOSING_DASHBOARD_DATA_FETCHED","totalRecords":56,"timestamp":"2026-07-28T12:30:27.177Z"}
28/7/2026, 6:00:27 pm | {"api":"/api/cash-closing-dashboard","event":"CASH_CLOSING_CLUSTER_FETCHED","totalClusters":4,"timestamp":"2026-07-28T12:30:27.180Z"}
28/7/2026, 6:00:27 pm | {"api":"/api/cash-closing-dashboard","event":"CASH_CLOSING_BRANCH_FETCHED","totalBranches":56,"timestamp":"2026-07-28T12:30:27.184Z"}
28/7/2026, 6:00:27 pm | {"api":"/api/cash-closing-dashboard","event":"CASH_CLOSING_DASHBOARD_SUCCESS","totalRecords":56,"filters":{"cluster":"","branch":"","fromDate":"","toDate":"","status":""},"timestamp":"2026-07-28T12:30:27.185Z"}
28/7/2026, 6:00:27 pm | {"api":"/api/cash-closing-dashboard","event":"CASH_CLOSING_DASHBOARD_API_STARTED","filters":{"cluster":"","branch":"","fromDate":"","toDate":"","status":""},"timestamp":"2026-07-28T12:30:27.318Z"}
28/7/2026, 6:00:27 pm | {"api":"/api/cash-closing-dashboard","event":"CASH_CLOSING_DASHBOARD_DB_CONNECTED","timestamp":"2026-07-28T12:30:27.319Z"}
28/7/2026, 6:00:27 pm | {"api":"/api/cash-closing-dashboard","event":"CASH_CLOSING_DASHBOARD_QUERY_STARTED","filters":{"cluster":"","branch":"","fromDate":"","toDate":"","status":""},"timestamp":"2026-07-28T12:30:27.320Z"}
28/7/2026, 6:00:27 pm | {"api":"/api/cash-closing-dashboard","event":"CASH_CLOSING_DASHBOARD_DATA_FETCHED","totalRecords":56,"timestamp":"2026-07-28T12:30:27.328Z"}
28/7/2026, 6:00:27 pm | {"api":"/api/cash-closing-dashboard","event":"CASH_CLOSING_CLUSTER_FETCHED","totalClusters":4,"timestamp":"2026-07-28T12:30:27.333Z"}
28/7/2026, 6:00:27 pm | {"api":"/api/cash-closing-dashboard","event":"CASH_CLOSING_BRANCH_FETCHED","totalBranches":56,"timestamp":"2026-07-28T12:30:27.336Z"}
28/7/2026, 6:00:27 pm | {"api":"/api/cash-closing-dashboard","event":"CASH_CLOSING_DASHBOARD_SUCCESS","totalRecords":56,"filters":{"cluster":"","branch":"","fromDate":"","toDate":"","status":""},"timestamp":"2026-07-28T12:30:27.336Z"}
28/7/2026, 6:00:28 pm | {"api":"/api/cash-closing-dashboard","event":"CASH_CLOSING_DASHBOARD_API_STARTED","filters":{"cluster":"","branch":"","fromDate":"","toDate":"","status":""},"timestamp":"2026-07-28T12:30:28.315Z"}
28/7/2026, 6:00:28 pm | {"api":"/api/cash-closing-dashboard","event":"CASH_CLOSING_DASHBOARD_DB_CONNECTED","timestamp":"2026-07-28T12:30:28.316Z"}
28/7/2026, 6:00:28 pm | {"api":"/api/cash-closing-dashboard","event":"CASH_CLOSING_DASHBOARD_QUERY_STARTED","filters":{"cluster":"","branch":"","fromDate":"","toDate":"","status":""},"timestamp":"2026-07-28T12:30:28.317Z"}
28/7/2026, 6:00:28 pm | {"api":"/api/cash-closing-dashboard","event":"CASH_CLOSING_DASHBOARD_DATA_FETCHED","totalRecords":56,"timestamp":"2026-07-28T12:30:28.324Z"}
28/7/2026, 6:00:28 pm | {"api":"/api/cash-closing-dashboard","event":"CASH_CLOSING_CLUSTER_FETCHED","totalClusters":4,"timestamp":"2026-07-28T12:30:28.327Z"}
28/7/2026, 6:00:28 pm | {"api":"/api/cash-closing-dashboard","event":"CASH_CLOSING_BRANCH_FETCHED","totalBranches":56,"timestamp":"2026-07-28T12:30:28.330Z"}
28/7/2026, 6:00:28 pm | {"api":"/api/cash-closing-dashboard","event":"CASH_CLOSING_DASHBOARD_SUCCESS","totalRecords":56,"filters":{"cluster":"","branch":"","fromDate":"","toDate":"","status":""},"timestamp":"2026-07-28T12:30:28.331Z"}
28/7/2026, 6:00:32 pm | {"api":"/login","event":"LOGIN_API_STARTED","mpin":"5532","deviceId":"f4ef783cd33635e6","timestamp":"2026-07-28T12:30:32.137Z"}
28/7/2026, 6:00:32 pm | {"event":"LOGIN_REQUEST","mpin":"5532","deviceId":"f4ef783cd33635e6","timestamp":"2026-07-28T12:30:32.138Z"}
28/7/2026, 6:00:32 pm | {"api":"/login","event":"LOGIN_DB_QUERY_STARTED","mpin":"5532","timestamp":"2026-07-28T12:30:32.139Z"}
28/7/2026, 6:00:32 pm | {"api":"/login","event":"LOGIN_USER_FOUND","empNo":"522","branch":"Prajasakthi Nagar","designation":"Branch Manager","timestamp":"2026-07-28T12:30:32.149Z"}
28/7/2026, 6:00:32 pm | {"api":"/login","event":"LOGIN_DEVICE_CHECK","empNo":"522","savedDevice":"f4ef783cd33635e6","currentDevice":"f4ef783cd33635e6","timestamp":"2026-07-28T12:30:32.150Z"}
28/7/2026, 6:00:32 pm | {"api":"/login","event":"LOGIN_SUCCESS","empNo":"522","branch":"Prajasakthi Nagar","designation":"Branch Manager","loginTime":"2026-07-28T12:30:32.156Z"}
28/7/2026, 6:00:32 pm | {"api":"/employee/:empNo","event":"EMPLOYEE_API_STARTED","empNo":"522","timestamp":"2026-07-28T12:30:32.324Z"}
28/7/2026, 6:00:32 pm | {"api":"/employee/:empNo","event":"EMPLOYEE_DB_QUERY_STARTED","empNo":"522","timestamp":"2026-07-28T12:30:32.325Z"}
28/7/2026, 6:00:32 pm | {"api":"/employee/:empNo","event":"EMPLOYEE_FETCH_SUCCESS","empNo":"522","employeeName":"Sasanka Madala","branch":"Prajasakthi Nagar","designation":"Branch Manager","timestamp":"2026-07-28T12:30:32.330Z"}
28/7/2026, 6:00:32 pm | {"api":"/last-submission/:empNo","event":"LAST_SUBMISSION_API_STARTED","empNo":"522","timestamp":"2026-07-28T12:30:32.383Z"}
28/7/2026, 6:00:32 pm | {"api":"/last-submission/:empNo","event":"LAST_SUBMISSION_DB_QUERY_STARTED","empNo":"522","timestamp":"2026-07-28T12:30:32.384Z"}
28/7/2026, 6:00:32 pm | {"api":"/last-submission/:empNo","event":"LAST_SUBMISSION_FETCH_SUCCESS","empNo":"522","amount":1700000,"actionAt":"2026-07-27 17:46:03","timestamp":"2026-07-28T12:30:32.389Z"}
28/7/2026, 6:00:32 pm | {"api":"/today-cash/:empNo","event":"TODAY_CASH_API_STARTED","empNo":"522","timestamp":"2026-07-28T12:30:32.517Z"}
28/7/2026, 6:00:32 pm | {"api":"/today-cash/:empNo","event":"TODAY_CASH_DB_QUERY_STARTED","empNo":"522","timestamp":"2026-07-28T12:30:32.518Z"}
28/7/2026, 6:00:32 pm | {"api":"/today-cash/:empNo","event":"TODAY_CASH_NOT_FOUND","empNo":"522","timestamp":"2026-07-28T12:30:32.522Z"}
28/7/2026, 6:00:41 pm | {"api":"/save-cash-closing","event":"SAVE_CASH_API_STARTED","empNo":"522","amount":"300000","timestamp":"2026-07-28T12:30:41.215Z"}
28/7/2026, 6:00:41 pm | {"api":"/save-cash-closing","event":"PREVIOUS_DAY_RECORD_FOUND","empNo":"522","oldDate":"2026-07-27T00:00:00.000Z","amount":1700000,"timestamp":"2026-07-28T12:30:41.221Z"}
28/7/2026, 6:00:41 pm | {"api":"/save-cash-closing","event":"PREVIOUS_DAY_MOVED_TO_HISTORY","empNo":"522","timestamp":"2026-07-28T12:30:41.228Z"}
28/7/2026, 6:00:41 pm | {"api":"/save-cash-closing","event":"PREVIOUS_DAY_DELETED","empNo":"522","timestamp":"2026-07-28T12:30:41.234Z"}
28/7/2026, 6:00:41 pm | {"api":"/save-cash-closing","event":"SAVE_CASH_NEW_ENTRY","empNo":"522","amount":"300000","branch":"Prajasakthi Nagar","timestamp":"2026-07-28T12:30:41.237Z"}
28/7/2026, 6:00:41 pm | {"api":"/save-cash-closing","event":"SAVE_CASH_HISTORY_INSERTED","empNo":"522","actionType":"ADDED","version":1,"timestamp":"2026-07-28T12:30:41.250Z"}
28/7/2026, 6:00:41 pm | {"api":"/save-cash-closing","event":"SAVE_CASH_SUCCESS","type":"INSERT","empNo":"522","amount":"300000","timestamp":"2026-07-28T12:30:41.251Z"}
28/7/2026, 6:00:45 pm | {"api":"/api/cash-closing-dashboard","event":"CASH_CLOSING_DASHBOARD_API_STARTED","filters":{"cluster":"","branch":"","fromDate":"","toDate":"","status":""},"timestamp":"2026-07-28T12:30:45.733Z"}
28/7/2026, 6:00:45 pm | {"api":"/api/cash-closing-dashboard","event":"CASH_CLOSING_DASHBOARD_DB_CONNECTED","timestamp":"2026-07-28T12:30:45.734Z"}
28/7/2026, 6:00:45 pm | {"api":"/api/cash-closing-dashboard","event":"CASH_CLOSING_DASHBOARD_QUERY_STARTED","filters":{"cluster":"","branch":"","fromDate":"","toDate":"","status":""},"timestamp":"2026-07-28T12:30:45.735Z"}
28/7/2026, 6:00:45 pm | {"api":"/api/cash-closing-dashboard","event":"CASH_CLOSING_DASHBOARD_DATA_FETCHED","totalRecords":56,"timestamp":"2026-07-28T12:30:45.743Z"}
28/7/2026, 6:00:45 pm | {"api":"/api/cash-closing-dashboard","event":"CASH_CLOSING_CLUSTER_FETCHED","totalClusters":4,"timestamp":"2026-07-28T12:30:45.745Z"}
28/7/2026, 6:00:45 pm | {"api":"/api/cash-closing-dashboard","event":"CASH_CLOSING_BRANCH_FETCHED","totalBranches":56,"timestamp":"2026-07-28T12:30:45.749Z"}
28/7/2026, 6:00:45 pm | {"api":"/api/cash-closing-dashboard","event":"CASH_CLOSING_DASHBOARD_SUCCESS","totalRecords":56,"filters":{"cluster":"","branch":"","fromDate":"","toDate":"","status":""},"timestamp":"2026-07-28T12:30:45.750Z"}
28/7/2026, 6:00:45 pm | {"api":"/api/cash-closing-dashboard","event":"CASH_CLOSING_DASHBOARD_API_STARTED","filters":{"cluster":"","branch":"","fromDate":"","toDate":"","status":""},"timestamp":"2026-07-28T12:30:45.854Z"}
28/7/2026, 6:00:45 pm | {"api":"/api/cash-closing-dashboard","event":"CASH_CLOSING_DASHBOARD_DB_CONNECTED","timestamp":"2026-07-28T12:30:45.855Z"}
28/7/2026, 6:00:45 pm | {"api":"/api/cash-closing-dashboard","event":"CASH_CLOSING_DASHBOARD_QUERY_STARTED","filters":{"cluster":"","branch":"","fromDate":"","toDate":"","status":""},"timestamp":"2026-07-28T12:30:45.855Z"}
28/7/2026, 6:00:45 pm | {"api":"/api/cash-closing-dashboard","event":"CASH_CLOSING_DASHBOARD_DATA_FETCHED","totalRecords":56,"timestamp":"2026-07-28T12:30:45.862Z"}
28/7/2026, 6:00:45 pm | {"api":"/api/cash-closing-dashboard","event":"CASH_CLOSING_CLUSTER_FETCHED","totalClusters":4,"timestamp":"2026-07-28T12:30:45.865Z"}
28/7/2026, 6:00:45 pm | {"api":"/api/cash-closing-dashboard","event":"CASH_CLOSING_BRANCH_FETCHED","totalBranches":56,"timestamp":"2026-07-28T12:30:45.869Z"}
28/7/2026, 6:00:45 pm | {"api":"/api/cash-closing-dashboard","event":"CASH_CLOSING_DASHBOARD_SUCCESS","totalRecords":56,"filters":{"cluster":"","branch":"","fromDate":"","toDate":"","status":""},"timestamp":"2026-07-28T12:30:45.870Z"}
28/7/2026, 6:00:45 pm | {"api":"/api/cash-closing-dashboard","event":"CASH_CLOSING_DASHBOARD_API_STARTED","filters":{"cluster":"","branch":"","fromDate":"","toDate":"","status":""},"timestamp":"2026-07-28T12:30:45.997Z"}
28/7/2026, 6:00:45 pm | {"api":"/api/cash-closing-dashboard","event":"CASH_CLOSING_DASHBOARD_DB_CONNECTED","timestamp":"2026-07-28T12:30:45.998Z"}
28/7/2026, 6:00:45 pm | {"api":"/api/cash-closing-dashboard","event":"CASH_CLOSING_DASHBOARD_QUERY_STARTED","filters":{"cluster":"","branch":"","fromDate":"","toDate":"","status":""},"timestamp":"2026-07-28T12:30:45.999Z"}
28/7/2026, 6:00:46 pm | {"api":"/api/cash-closing-dashboard","event":"CASH_CLOSING_DASHBOARD_DATA_FETCHED","totalRecords":56,"timestamp":"2026-07-28T12:30:46.007Z"}
28/7/2026, 6:00:46 pm | {"api":"/api/cash-closing-dashboard","event":"CASH_CLOSING_CLUSTER_FETCHED","totalClusters":4,"timestamp":"2026-07-28T12:30:46.011Z"}
28/7/2026, 6:00:46 pm | {"api":"/api/cash-closing-dashboard","event":"CASH_CLOSING_BRANCH_FETCHED","totalBranches":56,"timestamp":"2026-07-28T12:30:46.014Z"}
28/7/2026, 6:00:46 pm | {"api":"/api/cash-closing-dashboard","event":"CASH_CLOSING_DASHBOARD_SUCCESS","totalRecords":56,"filters":{"cluster":"","branch":"","fromDate":"","toDate":"","status":""},"timestamp":"2026-07-28T12:30:46.014Z"}
28/7/2026, 6:00:47 pm | {"api":"/api/cash-closing-dashboard","event":"CASH_CLOSING_DASHBOARD_API_STARTED","filters":{"cluster":"","branch":"","fromDate":"","toDate":"","status":""},"timestamp":"2026-07-28T12:30:47.302Z"}
28/7/2026, 6:00:47 pm | {"api":"/api/cash-closing-dashboard","event":"CASH_CLOSING_DASHBOARD_DB_CONNECTED","timestamp":"2026-07-28T12:30:47.303Z"}
28/7/2026, 6:00:47 pm | {"api":"/api/cash-closing-dashboard","event":"CASH_CLOSING_DASHBOARD_QUERY_STARTED","filters":{"cluster":"","branch":"","fromDate":"","toDate":"","status":""},"timestamp":"2026-07-28T12:30:47.304Z"}
28/7/2026, 6:00:47 pm | {"api":"/api/cash-closing-dashboard","event":"CASH_CLOSING_DASHBOARD_DATA_FETCHED","totalRecords":56,"timestamp":"2026-07-28T12:30:47.310Z"}
28/7/2026, 6:00:47 pm | {"api":"/api/cash-closing-dashboard","event":"CASH_CLOSING_CLUSTER_FETCHED","totalClusters":4,"timestamp":"2026-07-28T12:30:47.313Z"}
28/7/2026, 6:00:47 pm | {"api":"/api/cash-closing-dashboard","event":"CASH_CLOSING_BRANCH_FETCHED","totalBranches":56,"timestamp":"2026-07-28T12:30:47.316Z"}
28/7/2026, 6:00:47 pm | {"api":"/api/cash-closing-dashboard","event":"CASH_CLOSING_DASHBOARD_SUCCESS","totalRecords":56,"filters":{"cluster":"","branch":"","fromDate":"","toDate":"","status":""},"timestamp":"2026-07-28T12:30:47.317Z"}
28/7/2026, 6:00:47 pm | {"api":"/api/cash-closing-dashboard","event":"CASH_CLOSING_DASHBOARD_API_STARTED","filters":{"cluster":"","branch":"","fromDate":"","toDate":"","status":""},"timestamp":"2026-07-28T12:30:47.384Z"}
28/7/2026, 6:00:47 pm | {"api":"/api/cash-closing-dashboard","event":"CASH_CLOSING_DASHBOARD_DB_CONNECTED","timestamp":"2026-07-28T12:30:47.384Z"}
28/7/2026, 6:00:47 pm | {"api":"/api/cash-closing-dashboard","event":"CASH_CLOSING_DASHBOARD_QUERY_STARTED","filters":{"cluster":"","branch":"","fromDate":"","toDate":"","status":""},"timestamp":"2026-07-28T12:30:47.385Z"}
28/7/2026, 6:00:47 pm | {"api":"/api/cash-closing-dashboard","event":"CASH_CLOSING_DASHBOARD_DATA_FETCHED","totalRecords":56,"timestamp":"2026-07-28T12:30:47.391Z"}
28/7/2026, 6:00:47 pm | {"api":"/api/cash-closing-dashboard","event":"CASH_CLOSING_CLUSTER_FETCHED","totalClusters":4,"timestamp":"2026-07-28T12:30:47.394Z"}
28/7/2026, 6:00:47 pm | {"api":"/api/cash-closing-dashboard","event":"CASH_CLOSING_BRANCH_FETCHED","totalBranches":56,"timestamp":"2026-07-28T12:30:47.398Z"}
28/7/2026, 6:00:47 pm | {"api":"/api/cash-closing-dashboard","event":"CASH_CLOSING_DASHBOARD_SUCCESS","totalRecords":56,"filters":{"cluster":"","branch":"","fromDate":"","toDate":"","status":""},"timestamp":"2026-07-28T12:30:47.399Z"}
28/7/2026, 6:00:47 pm | {"api":"/api/cash-closing-dashboard","event":"CASH_CLOSING_DASHBOARD_API_STARTED","filters":{"cluster":"","branch":"","fromDate":"","toDate":"","status":""},"timestamp":"2026-07-28T12:30:47.687Z"}
28/7/2026, 6:00:47 pm | {"api":"/api/cash-closing-dashboard","event":"CASH_CLOSING_DASHBOARD_DB_CONNECTED","timestamp":"2026-07-28T12:30:47.687Z"}
28/7/2026, 6:00:47 pm | {"api":"/api/cash-closing-dashboard","event":"CASH_CLOSING_DASHBOARD_QUERY_STARTED","filters":{"cluster":"","branch":"","fromDate":"","toDate":"","status":""},"timestamp":"2026-07-28T12:30:47.688Z"}
28/7/2026, 6:00:47 pm | {"api":"/api/cash-closing-dashboard","event":"CASH_CLOSING_DASHBOARD_DATA_FETCHED","totalRecords":56,"timestamp":"2026-07-28T12:30:47.695Z"}
28/7/2026, 6:00:47 pm | {"api":"/api/cash-closing-dashboard","event":"CASH_CLOSING_CLUSTER_FETCHED","totalClusters":4,"timestamp":"2026-07-28T12:30:47.699Z"}
28/7/2026, 6:00:47 pm | {"api":"/api/cash-closing-dashboard","event":"CASH_CLOSING_BRANCH_FETCHED","totalBranches":56,"timestamp":"2026-07-28T12:30:47.702Z"}
28/7/2026, 6:00:47 pm | {"api":"/api/cash-closing-dashboard","event":"CASH_CLOSING_DASHBOARD_SUCCESS","totalRecords":56,"filters":{"cluster":"","branch":"","fromDate":"","toDate":"","status":""},"timestamp":"2026-07-28T12:30:47.703Z"}
28/7/2026, 6:00:47 pm | {"api":"/api/cash-closing-dashboard","event":"CASH_CLOSING_DASHBOARD_API_STARTED","filters":{"cluster":"","branch":"","fromDate":"","toDate":"","status":""},"timestamp":"2026-07-28T12:30:47.944Z"}
28/7/2026, 6:00:47 pm | {"api":"/api/cash-closing-dashboard","event":"CASH_CLOSING_DASHBOARD_DB_CONNECTED","timestamp":"2026-07-28T12:30:47.945Z"}
28/7/2026, 6:00:47 pm | {"api":"/api/cash-closing-dashboard","event":"CASH_CLOSING_DASHBOARD_QUERY_STARTED","filters":{"cluster":"","branch":"","fromDate":"","toDate":"","status":""},"timestamp":"2026-07-28T12:30:47.945Z"}
28/7/2026, 6:00:47 pm | {"api":"/api/cash-closing-dashboard","event":"CASH_CLOSING_DASHBOARD_DATA_FETCHED","totalRecords":56,"timestamp":"2026-07-28T12:30:47.952Z"}
28/7/2026, 6:00:47 pm | {"api":"/api/cash-closing-dashboard","event":"CASH_CLOSING_CLUSTER_FETCHED","totalClusters":4,"timestamp":"2026-07-28T12:30:47.955Z"}
28/7/2026, 6:00:47 pm | {"api":"/api/cash-closing-dashboard","event":"CASH_CLOSING_BRANCH_FETCHED","totalBranches":56,"timestamp":"2026-07-28T12:30:47.959Z"}
28/7/2026, 6:00:47 pm | {"api":"/api/cash-closing-dashboard","event":"CASH_CLOSING_DASHBOARD_SUCCESS","totalRecords":56,"filters":{"cluster":"","branch":"","fromDate":"","toDate":"","status":""},"timestamp":"2026-07-28T12:30:47.959Z"}
28/7/2026, 6:00:53 pm | {"api":"/login","event":"LOGIN_API_STARTED","mpin":"9848","deviceId":"53f7f8e21c740acd","timestamp":"2026-07-28T12:30:53.032Z"}
28/7/2026, 6:00:53 pm | {"event":"LOGIN_REQUEST","mpin":"9848","deviceId":"53f7f8e21c740acd","timestamp":"2026-07-28T12:30:53.033Z"}
28/7/2026, 6:00:53 pm | {"api":"/login","event":"LOGIN_DB_QUERY_STARTED","mpin":"9848","timestamp":"2026-07-28T12:30:53.034Z"}
28/7/2026, 6:00:53 pm | {"api":"/login","event":"LOGIN_USER_FOUND","empNo":"459","branch":"Anakapalli","designation":"Branch Manager","timestamp":"2026-07-28T12:30:53.044Z"}
28/7/2026, 6:00:53 pm | {"api":"/login","event":"LOGIN_DEVICE_CHECK","empNo":"459","savedDevice":"53f7f8e21c740acd","currentDevice":"53f7f8e21c740acd","timestamp":"2026-07-28T12:30:53.045Z"}
28/7/2026, 6:00:53 pm | {"api":"/login","event":"LOGIN_SUCCESS","empNo":"459","branch":"Anakapalli","designation":"Branch Manager","loginTime":"2026-07-28T12:30:53.052Z"}
28/7/2026, 6:00:53 pm | {"api":"/employee/:empNo","event":"EMPLOYEE_API_STARTED","empNo":"459","timestamp":"2026-07-28T12:30:53.319Z"}
28/7/2026, 6:00:53 pm | {"api":"/employee/:empNo","event":"EMPLOYEE_DB_QUERY_STARTED","empNo":"459","timestamp":"2026-07-28T12:30:53.320Z"}
28/7/2026, 6:00:53 pm | {"api":"/employee/:empNo","event":"EMPLOYEE_FETCH_SUCCESS","empNo":"459","employeeName":"U Tulasi Rao","branch":"Anakapalli","designation":"Branch Manager","timestamp":"2026-07-28T12:30:53.325Z"}
28/7/2026, 6:00:53 pm | {"api":"/last-submission/:empNo","event":"LAST_SUBMISSION_API_STARTED","empNo":"459","timestamp":"2026-07-28T12:30:53.434Z"}
28/7/2026, 6:00:53 pm | {"api":"/last-submission/:empNo","event":"LAST_SUBMISSION_DB_QUERY_STARTED","empNo":"459","timestamp":"2026-07-28T12:30:53.435Z"}
28/7/2026, 6:00:53 pm | {"api":"/last-submission/:empNo","event":"LAST_SUBMISSION_FETCH_SUCCESS","empNo":"459","amount":900000,"actionAt":"2026-07-27 17:46:22","timestamp":"2026-07-28T12:30:53.440Z"}
28/7/2026, 6:00:53 pm | {"api":"/today-cash/:empNo","event":"TODAY_CASH_API_STARTED","empNo":"459","timestamp":"2026-07-28T12:30:53.559Z"}
28/7/2026, 6:00:53 pm | {"api":"/today-cash/:empNo","event":"TODAY_CASH_DB_QUERY_STARTED","empNo":"459","timestamp":"2026-07-28T12:30:53.560Z"}
28/7/2026, 6:00:53 pm | {"api":"/today-cash/:empNo","event":"TODAY_CASH_NOT_FOUND","empNo":"459","timestamp":"2026-07-28T12:30:53.565Z"}
28/7/2026, 6:00:56 pm | {"api":"/api/cash-closing-dashboard","event":"CASH_CLOSING_DASHBOARD_API_STARTED","filters":{"cluster":"","branch":"","fromDate":"","toDate":"","status":""},"timestamp":"2026-07-28T12:30:56.396Z"}
28/7/2026, 6:00:56 pm | {"api":"/api/cash-closing-dashboard","event":"CASH_CLOSING_DASHBOARD_DB_CONNECTED","timestamp":"2026-07-28T12:30:56.397Z"}
28/7/2026, 6:00:56 pm | {"api":"/api/cash-closing-dashboard","event":"CASH_CLOSING_DASHBOARD_QUERY_STARTED","filters":{"cluster":"","branch":"","fromDate":"","toDate":"","status":""},"timestamp":"2026-07-28T12:30:56.398Z"}
28/7/2026, 6:00:56 pm | {"api":"/api/cash-closing-dashboard","event":"CASH_CLOSING_DASHBOARD_DATA_FETCHED","totalRecords":56,"timestamp":"2026-07-28T12:30:56.403Z"}
28/7/2026, 6:00:56 pm | {"api":"/api/cash-closing-dashboard","event":"CASH_CLOSING_CLUSTER_FETCHED","totalClusters":4,"timestamp":"2026-07-28T12:30:56.407Z"}
28/7/2026, 6:00:56 pm | {"api":"/api/cash-closing-dashboard","event":"CASH_CLOSING_BRANCH_FETCHED","totalBranches":56,"timestamp":"2026-07-28T12:30:56.410Z"}
28/7/2026, 6:00:56 pm | {"api":"/api/cash-closing-dashboard","event":"CASH_CLOSING_DASHBOARD_SUCCESS","totalRecords":56,"filters":{"cluster":"","branch":"","fromDate":"","toDate":"","status":""},"timestamp":"2026-07-28T12:30:56.410Z"}
28/7/2026, 6:00:56 pm | {"api":"/api/cash-closing-dashboard","event":"CASH_CLOSING_DASHBOARD_API_STARTED","filters":{"cluster":"","branch":"","fromDate":"","toDate":"","status":""},"timestamp":"2026-07-28T12:30:56.532Z"}
28/7/2026, 6:00:56 pm | {"api":"/api/cash-closing-dashboard","event":"CASH_CLOSING_DASHBOARD_DB_CONNECTED","timestamp":"2026-07-28T12:30:56.534Z"}
28/7/2026, 6:00:56 pm | {"api":"/api/cash-closing-dashboard","event":"CASH_CLOSING_DASHBOARD_QUERY_STARTED","filters":{"cluster":"","branch":"","fromDate":"","toDate":"","status":""},"timestamp":"2026-07-28T12:30:56.534Z"}
28/7/2026, 6:00:56 pm | {"api":"/api/cash-closing-dashboard","event":"CASH_CLOSING_DASHBOARD_DATA_FETCHED","totalRecords":56,"timestamp":"2026-07-28T12:30:56.542Z"}
28/7/2026, 6:00:56 pm | {"api":"/api/cash-closing-dashboard","event":"CASH_CLOSING_CLUSTER_FETCHED","totalClusters":4,"timestamp":"2026-07-28T12:30:56.547Z"}
28/7/2026, 6:00:56 pm | {"api":"/api/cash-closing-dashboard","event":"CASH_CLOSING_BRANCH_FETCHED","totalBranches":56,"timestamp":"2026-07-28T12:30:56.551Z"}
28/7/2026, 6:00:56 pm | {"api":"/api/cash-closing-dashboard","event":"CASH_CLOSING_DASHBOARD_SUCCESS","totalRecords":56,"filters":{"cluster":"","branch":"","fromDate":"","toDate":"","status":""},"timestamp":"2026-07-28T12:30:56.551Z"}
28/7/2026, 6:00:56 pm | {"api":"/api/cash-closing-dashboard","event":"CASH_CLOSING_DASHBOARD_API_STARTED","filters":{"cluster":"","branch":"","fromDate":"","toDate":"","status":""},"timestamp":"2026-07-28T12:30:56.823Z"}
28/7/2026, 6:00:56 pm | {"api":"/api/cash-closing-dashboard","event":"CASH_CLOSING_DASHBOARD_DB_CONNECTED","timestamp":"2026-07-28T12:30:56.824Z"}
28/7/2026, 6:00:56 pm | {"api":"/api/cash-closing-dashboard","event":"CASH_CLOSING_DASHBOARD_QUERY_STARTED","filters":{"cluster":"","branch":"","fromDate":"","toDate":"","status":""},"timestamp":"2026-07-28T12:30:56.825Z"}
28/7/2026, 6:00:56 pm | {"api":"/api/cash-closing-dashboard","event":"CASH_CLOSING_DASHBOARD_DATA_FETCHED","totalRecords":56,"timestamp":"2026-07-28T12:30:56.831Z"}
28/7/2026, 6:00:56 pm | {"api":"/api/cash-closing-dashboard","event":"CASH_CLOSING_CLUSTER_FETCHED","totalClusters":4,"timestamp":"2026-07-28T12:30:56.835Z"}
28/7/2026, 6:00:56 pm | {"api":"/api/cash-closing-dashboard","event":"CASH_CLOSING_BRANCH_FETCHED","totalBranches":56,"timestamp":"2026-07-28T12:30:56.838Z"}
28/7/2026, 6:00:56 pm | {"api":"/api/cash-closing-dashboard","event":"CASH_CLOSING_DASHBOARD_SUCCESS","totalRecords":56,"filters":{"cluster":"","branch":"","fromDate":"","toDate":"","status":""},"timestamp":"2026-07-28T12:30:56.839Z"}
28/7/2026, 6:00:56 pm | {"api":"/api/cash-closing-dashboard","event":"CASH_CLOSING_DASHBOARD_API_STARTED","filters":{"cluster":"","branch":"","fromDate":"","toDate":"","status":""},"timestamp":"2026-07-28T12:30:56.965Z"}
28/7/2026, 6:00:56 pm | {"api":"/api/cash-closing-dashboard","event":"CASH_CLOSING_DASHBOARD_DB_CONNECTED","timestamp":"2026-07-28T12:30:56.967Z"}
28/7/2026, 6:00:56 pm | {"api":"/api/cash-closing-dashboard","event":"CASH_CLOSING_DASHBOARD_QUERY_STARTED","filters":{"cluster":"","branch":"","fromDate":"","toDate":"","status":""},"timestamp":"2026-07-28T12:30:56.967Z"}
28/7/2026, 6:00:56 pm | {"api":"/api/cash-closing-dashboard","event":"CASH_CLOSING_DASHBOARD_DATA_FETCHED","totalRecords":56,"timestamp":"2026-07-28T12:30:56.975Z"}
28/7/2026, 6:00:56 pm | {"api":"/api/cash-closing-dashboard","event":"CASH_CLOSING_CLUSTER_FETCHED","totalClusters":4,"timestamp":"2026-07-28T12:30:56.978Z"}
28/7/2026, 6:00:56 pm | {"api":"/api/cash-closing-dashboard","event":"CASH_CLOSING_BRANCH_FETCHED","totalBranches":56,"timestamp":"2026-07-28T12:30:56.981Z"}
28/7/2026, 6:00:56 pm | {"api":"/api/cash-closing-dashboard","event":"CASH_CLOSING_DASHBOARD_SUCCESS","totalRecords":56,"filters":{"cluster":"","branch":"","fromDate":"","toDate":"","status":""},"timestamp":"2026-07-28T12:30:56.982Z"}
28/7/2026, 6:00:57 pm | {"api":"/api/cash-closing-dashboard","event":"CASH_CLOSING_DASHBOARD_API_STARTED","filters":{"cluster":"","branch":"","fromDate":"","toDate":"","status":""},"timestamp":"2026-07-28T12:30:57.103Z"}
28/7/2026, 6:00:57 pm | {"api":"/api/cash-closing-dashboard","event":"CASH_CLOSING_DASHBOARD_DB_CONNECTED","timestamp":"2026-07-28T12:30:57.104Z"}
28/7/2026, 6:00:57 pm | {"api":"/api/cash-closing-dashboard","event":"CASH_CLOSING_DASHBOARD_QUERY_STARTED","filters":{"cluster":"","branch":"","fromDate":"","toDate":"","status":""},"timestamp":"2026-07-28T12:30:57.105Z"}
28/7/2026, 6:00:57 pm | {"api":"/api/cash-closing-dashboard","event":"CASH_CLOSING_DASHBOARD_DATA_FETCHED","totalRecords":56,"timestamp":"2026-07-28T12:30:57.112Z"}
28/7/2026, 6:00:57 pm | {"api":"/api/cash-closing-dashboard","event":"CASH_CLOSING_CLUSTER_FETCHED","totalClusters":4,"timestamp":"2026-07-28T12:30:57.116Z"}
28/7/2026, 6:00:57 pm | {"api":"/api/cash-closing-dashboard","event":"CASH_CLOSING_BRANCH_FETCHED","totalBranches":56,"timestamp":"2026-07-28T12:30:57.121Z"}
28/7/2026, 6:00:57 pm | {"api":"/api/cash-closing-dashboard","event":"CASH_CLOSING_DASHBOARD_SUCCESS","totalRecords":56,"filters":{"cluster":"","branch":"","fromDate":"","toDate":"","status":""},"timestamp":"2026-07-28T12:30:57.122Z"}
28/7/2026, 6:00:57 pm | {"api":"/api/cash-closing-dashboard","event":"CASH_CLOSING_DASHBOARD_API_STARTED","filters":{"cluster":"","branch":"","fromDate":"","toDate":"","status":""},"timestamp":"2026-07-28T12:30:57.377Z"}
28/7/2026, 6:00:57 pm | {"api":"/api/cash-closing-dashboard","event":"CASH_CLOSING_DASHBOARD_DB_CONNECTED","timestamp":"2026-07-28T12:30:57.377Z"}
28/7/2026, 6:00:57 pm | {"api":"/api/cash-closing-dashboard","event":"CASH_CLOSING_DASHBOARD_QUERY_STARTED","filters":{"cluster":"","branch":"","fromDate":"","toDate":"","status":""},"timestamp":"2026-07-28T12:30:57.378Z"}
28/7/2026, 6:00:57 pm | {"api":"/api/cash-closing-dashboard","event":"CASH_CLOSING_DASHBOARD_DATA_FETCHED","totalRecords":56,"timestamp":"2026-07-28T12:30:57.384Z"}
28/7/2026, 6:00:57 pm | {"api":"/api/cash-closing-dashboard","event":"CASH_CLOSING_CLUSTER_FETCHED","totalClusters":4,"timestamp":"2026-07-28T12:30:57.388Z"}
28/7/2026, 6:00:57 pm | {"api":"/api/cash-closing-dashboard","event":"CASH_CLOSING_BRANCH_FETCHED","totalBranches":56,"timestamp":"2026-07-28T12:30:57.392Z"}
28/7/2026, 6:00:57 pm | {"api":"/api/cash-closing-dashboard","event":"CASH_CLOSING_DASHBOARD_SUCCESS","totalRecords":56,"filters":{"cluster":"","branch":"","fromDate":"","toDate":"","status":""},"timestamp":"2026-07-28T12:30:57.392Z"}
28/7/2026, 6:00:57 pm | {"api":"/api/cash-closing-dashboard","event":"CASH_CLOSING_DASHBOARD_API_STARTED","filters":{"cluster":"","branch":"","fromDate":"","toDate":"","status":""},"timestamp":"2026-07-28T12:30:57.605Z"}
28/7/2026, 6:00:57 pm | {"api":"/api/cash-closing-dashboard","event":"CASH_CLOSING_DASHBOARD_DB_CONNECTED","timestamp":"2026-07-28T12:30:57.606Z"}
28/7/2026, 6:00:57 pm | {"api":"/api/cash-closing-dashboard","event":"CASH_CLOSING_DASHBOARD_QUERY_STARTED","filters":{"cluster":"","branch":"","fromDate":"","toDate":"","status":""},"timestamp":"2026-07-28T12:30:57.607Z"}
28/7/2026, 6:00:57 pm | {"api":"/api/cash-closing-dashboard","event":"CASH_CLOSING_DASHBOARD_DATA_FETCHED","totalRecords":56,"timestamp":"2026-07-28T12:30:57.615Z"}
28/7/2026, 6:00:57 pm | {"api":"/api/cash-closing-dashboard","event":"CASH_CLOSING_CLUSTER_FETCHED","totalClusters":4,"timestamp":"2026-07-28T12:30:57.618Z"}
28/7/2026, 6:00:57 pm | {"api":"/api/cash-closing-dashboard","event":"CASH_CLOSING_BRANCH_FETCHED","totalBranches":56,"timestamp":"2026-07-28T12:30:57.621Z"}
28/7/2026, 6:00:57 pm | {"api":"/api/cash-closing-dashboard","event":"CASH_CLOSING_DASHBOARD_SUCCESS","totalRecords":56,"filters":{"cluster":"","branch":"","fromDate":"","toDate":"","status":""},"timestamp":"2026-07-28T12:30:57.622Z"}
28/7/2026, 6:01:01 pm | {"api":"/api/cash-closing-dashboard","event":"CASH_CLOSING_DASHBOARD_API_STARTED","filters":{"cluster":"","branch":"","fromDate":"","toDate":"","status":""},"timestamp":"2026-07-28T12:31:01.238Z"}
28/7/2026, 6:01:01 pm | {"api":"/api/cash-closing-dashboard","event":"CASH_CLOSING_DASHBOARD_DB_CONNECTED","timestamp":"2026-07-28T12:31:01.239Z"}
28/7/2026, 6:01:01 pm | {"api":"/api/cash-closing-dashboard","event":"CASH_CLOSING_DASHBOARD_QUERY_STARTED","filters":{"cluster":"","branch":"","fromDate":"","toDate":"","status":""},"timestamp":"2026-07-28T12:31:01.239Z"}
28/7/2026, 6:01:01 pm | {"api":"/api/cash-closing-dashboard","event":"CASH_CLOSING_DASHBOARD_DATA_FETCHED","totalRecords":56,"timestamp":"2026-07-28T12:31:01.245Z"}
28/7/2026, 6:01:01 pm | {"api":"/api/cash-closing-dashboard","event":"CASH_CLOSING_CLUSTER_FETCHED","totalClusters":4,"timestamp":"2026-07-28T12:31:01.248Z"}
28/7/2026, 6:01:01 pm | {"api":"/api/cash-closing-dashboard","event":"CASH_CLOSING_BRANCH_FETCHED","totalBranches":56,"timestamp":"2026-07-28T12:31:01.251Z"}
28/7/2026, 6:01:01 pm | {"api":"/api/cash-closing-dashboard","event":"CASH_CLOSING_DASHBOARD_SUCCESS","totalRecords":56,"filters":{"cluster":"","branch":"","fromDate":"","toDate":"","status":""},"timestamp":"2026-07-28T12:31:01.252Z"}
28/7/2026, 6:01:01 pm | {"api":"/api/cash-closing-dashboard","event":"CASH_CLOSING_DASHBOARD_API_STARTED","filters":{"cluster":"","branch":"","fromDate":"","toDate":"","status":""},"timestamp":"2026-07-28T12:31:01.334Z"}
28/7/2026, 6:01:01 pm | {"api":"/api/cash-closing-dashboard","event":"CASH_CLOSING_DASHBOARD_DB_CONNECTED","timestamp":"2026-07-28T12:31:01.335Z"}
28/7/2026, 6:01:01 pm | {"api":"/api/cash-closing-dashboard","event":"CASH_CLOSING_DASHBOARD_QUERY_STARTED","filters":{"cluster":"","branch":"","fromDate":"","toDate":"","status":""},"timestamp":"2026-07-28T12:31:01.336Z"}
28/7/2026, 6:01:01 pm | {"api":"/api/cash-closing-dashboard","event":"CASH_CLOSING_DASHBOARD_DATA_FETCHED","totalRecords":56,"timestamp":"2026-07-28T12:31:01.342Z"}
28/7/2026, 6:01:01 pm | {"api":"/api/cash-closing-dashboard","event":"CASH_CLOSING_CLUSTER_FETCHED","totalClusters":4,"timestamp":"2026-07-28T12:31:01.346Z"}
28/7/2026, 6:01:01 pm | {"api":"/api/cash-closing-dashboard","event":"CASH_CLOSING_BRANCH_FETCHED","totalBranches":56,"timestamp":"2026-07-28T12:31:01.349Z"}
28/7/2026, 6:01:01 pm | {"api":"/api/cash-closing-dashboard","event":"CASH_CLOSING_DASHBOARD_SUCCESS","totalRecords":56,"filters":{"cluster":"","branch":"","fromDate":"","toDate":"","status":""},"timestamp":"2026-07-28T12:31:01.349Z"}
28/7/2026, 6:01:01 pm | {"api":"/api/cash-closing-dashboard","event":"CASH_CLOSING_DASHBOARD_API_STARTED","filters":{"cluster":"","branch":"","fromDate":"","toDate":"","status":""},"timestamp":"2026-07-28T12:31:01.477Z"}
28/7/2026, 6:01:01 pm | {"api":"/api/cash-closing-dashboard","event":"CASH_CLOSING_DASHBOARD_DB_CONNECTED","timestamp":"2026-07-28T12:31:01.479Z"}
28/7/2026, 6:01:01 pm | {"api":"/api/cash-closing-dashboard","event":"CASH_CLOSING_DASHBOARD_QUERY_STARTED","filters":{"cluster":"","branch":"","fromDate":"","toDate":"","status":""},"timestamp":"2026-07-28T12:31:01.479Z"}
28/7/2026, 6:01:01 pm | {"api":"/api/cash-closing-dashboard","event":"CASH_CLOSING_DASHBOARD_DATA_FETCHED","totalRecords":56,"timestamp":"2026-07-28T12:31:01.488Z"}
28/7/2026, 6:01:01 pm | {"api":"/api/cash-closing-dashboard","event":"CASH_CLOSING_CLUSTER_FETCHED","totalClusters":4,"timestamp":"2026-07-28T12:31:01.490Z"}
28/7/2026, 6:01:01 pm | {"api":"/api/cash-closing-dashboard","event":"CASH_CLOSING_BRANCH_FETCHED","totalBranches":56,"timestamp":"2026-07-28T12:31:01.494Z"}
28/7/2026, 6:01:01 pm | {"api":"/api/cash-closing-dashboard","event":"CASH_CLOSING_DASHBOARD_SUCCESS","totalRecords":56,"filters":{"cluster":"","branch":"","fromDate":"","toDate":"","status":""},"timestamp":"2026-07-28T12:31:01.494Z"}
28/7/2026, 6:01:01 pm | {"api":"/api/cash-closing-dashboard","event":"CASH_CLOSING_DASHBOARD_API_STARTED","filters":{"cluster":"","branch":"","fromDate":"","toDate":"","status":""},"timestamp":"2026-07-28T12:31:01.614Z"}
28/7/2026, 6:01:01 pm | {"api":"/api/cash-closing-dashboard","event":"CASH_CLOSING_DASHBOARD_DB_CONNECTED","timestamp":"2026-07-28T12:31:01.615Z"}
28/7/2026, 6:01:01 pm | {"api":"/api/cash-closing-dashboard","event":"CASH_CLOSING_DASHBOARD_QUERY_STARTED","filters":{"cluster":"","branch":"","fromDate":"","toDate":"","status":""},"timestamp":"2026-07-28T12:31:01.616Z"}
28/7/2026, 6:01:01 pm | {"api":"/api/cash-closing-dashboard","event":"CASH_CLOSING_DASHBOARD_DATA_FETCHED","totalRecords":56,"timestamp":"2026-07-28T12:31:01.623Z"}
28/7/2026, 6:01:01 pm | {"api":"/api/cash-closing-dashboard","event":"CASH_CLOSING_CLUSTER_FETCHED","totalClusters":4,"timestamp":"2026-07-28T12:31:01.626Z"}
28/7/2026, 6:01:01 pm | {"api":"/api/cash-closing-dashboard","event":"CASH_CLOSING_BRANCH_FETCHED","totalBranches":56,"timestamp":"2026-07-28T12:31:01.629Z"}
28/7/2026, 6:01:01 pm | {"api":"/api/cash-closing-dashboard","event":"CASH_CLOSING_DASHBOARD_SUCCESS","totalRecords":56,"filters":{"cluster":"","branch":"","fromDate":"","toDate":"","status":""},"timestamp":"2026-07-28T12:31:01.629Z"}
28/7/2026, 6:01:01 pm | {"api":"/api/cash-closing-dashboard","event":"CASH_CLOSING_DASHBOARD_API_STARTED","filters":{"cluster":"","branch":"","fromDate":"","toDate":"","status":""},"timestamp":"2026-07-28T12:31:01.781Z"}
28/7/2026, 6:01:01 pm | {"api":"/api/cash-closing-dashboard","event":"CASH_CLOSING_DASHBOARD_DB_CONNECTED","timestamp":"2026-07-28T12:31:01.782Z"}
28/7/2026, 6:01:01 pm | {"api":"/api/cash-closing-dashboard","event":"CASH_CLOSING_DASHBOARD_QUERY_STARTED","filters":{"cluster":"","branch":"","fromDate":"","toDate":"","status":""},"timestamp":"2026-07-28T12:31:01.783Z"}
28/7/2026, 6:01:01 pm | {"api":"/api/cash-closing-dashboard","event":"CASH_CLOSING_DASHBOARD_DATA_FETCHED","totalRecords":56,"timestamp":"2026-07-28T12:31:01.790Z"}
28/7/2026, 6:01:01 pm | {"api":"/api/cash-closing-dashboard","event":"CASH_CLOSING_CLUSTER_FETCHED","totalClusters":4,"timestamp":"2026-07-28T12:31:01.793Z"}
28/7/2026, 6:01:01 pm | {"api":"/api/cash-closing-dashboard","event":"CASH_CLOSING_BRANCH_FETCHED","totalBranches":56,"timestamp":"2026-07-28T12:31:01.796Z"}
28/7/2026, 6:01:01 pm | {"api":"/api/cash-closing-dashboard","event":"CASH_CLOSING_DASHBOARD_SUCCESS","totalRecords":56,"filters":{"cluster":"","branch":"","fromDate":"","toDate":"","status":""},"timestamp":"2026-07-28T12:31:01.797Z"}
28/7/2026, 6:01:01 pm | {"api":"/api/cash-closing-dashboard","event":"CASH_CLOSING_DASHBOARD_API_STARTED","filters":{"cluster":"","branch":"","fromDate":"","toDate":"","status":""},"timestamp":"2026-07-28T12:31:01.917Z"}
28/7/2026, 6:01:01 pm | {"api":"/api/cash-closing-dashboard","event":"CASH_CLOSING_DASHBOARD_DB_CONNECTED","timestamp":"2026-07-28T12:31:01.918Z"}
28/7/2026, 6:01:01 pm | {"api":"/api/cash-closing-dashboard","event":"CASH_CLOSING_DASHBOARD_QUERY_STARTED","filters":{"cluster":"","branch":"","fromDate":"","toDate":"","status":""},"timestamp":"2026-07-28T12:31:01.919Z"}
28/7/2026, 6:01:01 pm | {"api":"/api/cash-closing-dashboard","event":"CASH_CLOSING_DASHBOARD_DATA_FETCHED","totalRecords":56,"timestamp":"2026-07-28T12:31:01.928Z"}
28/7/2026, 6:01:01 pm | {"api":"/api/cash-closing-dashboard","event":"CASH_CLOSING_CLUSTER_FETCHED","totalClusters":4,"timestamp":"2026-07-28T12:31:01.932Z"}
28/7/2026, 6:01:01 pm | {"api":"/api/cash-closing-dashboard","event":"CASH_CLOSING_BRANCH_FETCHED","totalBranches":56,"timestamp":"2026-07-28T12:31:01.935Z"}
28/7/2026, 6:01:01 pm | {"api":"/api/cash-closing-dashboard","event":"CASH_CLOSING_DASHBOARD_SUCCESS","totalRecords":56,"filters":{"cluster":"","branch":"","fromDate":"","toDate":"","status":""},"timestamp":"2026-07-28T12:31:01.936Z"}
28/7/2026, 6:01:02 pm | {"api":"/api/cash-closing-dashboard","event":"CASH_CLOSING_DASHBOARD_API_STARTED","filters":{"cluster":"","branch":"","fromDate":"","toDate":"","status":""},"timestamp":"2026-07-28T12:31:02.053Z"}
28/7/2026, 6:01:02 pm | {"api":"/api/cash-closing-dashboard","event":"CASH_CLOSING_DASHBOARD_DB_CONNECTED","timestamp":"2026-07-28T12:31:02.054Z"}
28/7/2026, 6:01:02 pm | {"api":"/api/cash-closing-dashboard","event":"CASH_CLOSING_DASHBOARD_QUERY_STARTED","filters":{"cluster":"","branch":"","fromDate":"","toDate":"","status":""},"timestamp":"2026-07-28T12:31:02.055Z"}
28/7/2026, 6:01:02 pm | {"api":"/api/cash-closing-dashboard","event":"CASH_CLOSING_DASHBOARD_DATA_FETCHED","totalRecords":56,"timestamp":"2026-07-28T12:31:02.060Z"}
28/7/2026, 6:01:02 pm | {"api":"/api/cash-closing-dashboard","event":"CASH_CLOSING_CLUSTER_FETCHED","totalClusters":4,"timestamp":"2026-07-28T12:31:02.064Z"}
28/7/2026, 6:01:02 pm | {"api":"/api/cash-closing-dashboard","event":"CASH_CLOSING_BRANCH_FETCHED","totalBranches":56,"timestamp":"2026-07-28T12:31:02.067Z"}
28/7/2026, 6:01:02 pm | {"api":"/api/cash-closing-dashboard","event":"CASH_CLOSING_DASHBOARD_SUCCESS","totalRecords":56,"filters":{"cluster":"","branch":"","fromDate":"","toDate":"","status":""},"timestamp":"2026-07-28T12:31:02.068Z"}
28/7/2026, 6:01:02 pm | {"api":"/api/cash-closing-dashboard","event":"CASH_CLOSING_DASHBOARD_API_STARTED","filters":{"cluster":"","branch":"","fromDate":"","toDate":"","status":""},"timestamp":"2026-07-28T12:31:02.230Z"}
28/7/2026, 6:01:02 pm | {"api":"/api/cash-closing-dashboard","event":"CASH_CLOSING_DASHBOARD_DB_CONNECTED","timestamp":"2026-07-28T12:31:02.231Z"}
28/7/2026, 6:01:02 pm | {"api":"/api/cash-closing-dashboard","event":"CASH_CLOSING_DASHBOARD_QUERY_STARTED","filters":{"cluster":"","branch":"","fromDate":"","toDate":"","status":""},"timestamp":"2026-07-28T12:31:02.232Z"}
28/7/2026, 6:01:02 pm | {"api":"/api/cash-closing-dashboard","event":"CASH_CLOSING_DASHBOARD_DATA_FETCHED","totalRecords":56,"timestamp":"2026-07-28T12:31:02.238Z"}
28/7/2026, 6:01:02 pm | {"api":"/api/cash-closing-dashboard","event":"CASH_CLOSING_CLUSTER_FETCHED","totalClusters":4,"timestamp":"2026-07-28T12:31:02.241Z"}
28/7/2026, 6:01:02 pm | {"api":"/api/cash-closing-dashboard","event":"CASH_CLOSING_BRANCH_FETCHED","totalBranches":56,"timestamp":"2026-07-28T12:31:02.245Z"}
28/7/2026, 6:01:02 pm | {"api":"/api/cash-closing-dashboard","event":"CASH_CLOSING_DASHBOARD_SUCCESS","totalRecords":56,"filters":{"cluster":"","branch":"","fromDate":"","toDate":"","status":""},"timestamp":"2026-07-28T12:31:02.245Z"}
28/7/2026, 6:01:02 pm | {"api":"/api/cash-closing-dashboard","event":"CASH_CLOSING_DASHBOARD_API_STARTED","filters":{"cluster":"","branch":"","fromDate":"","toDate":"","status":""},"timestamp":"2026-07-28T12:31:02.367Z"}
28/7/2026, 6:01:02 pm | {"api":"/api/cash-closing-dashboard","event":"CASH_CLOSING_DASHBOARD_DB_CONNECTED","timestamp":"2026-07-28T12:31:02.368Z"}
28/7/2026, 6:01:02 pm | {"api":"/api/cash-closing-dashboard","event":"CASH_CLOSING_DASHBOARD_QUERY_STARTED","filters":{"cluster":"","branch":"","fromDate":"","toDate":"","status":""},"timestamp":"2026-07-28T12:31:02.368Z"}
28/7/2026, 6:01:02 pm | {"api":"/api/cash-closing-dashboard","event":"CASH_CLOSING_DASHBOARD_DATA_FETCHED","totalRecords":56,"timestamp":"2026-07-28T12:31:02.374Z"}
28/7/2026, 6:01:02 pm | {"api":"/api/cash-closing-dashboard","event":"CASH_CLOSING_CLUSTER_FETCHED","totalClusters":4,"timestamp":"2026-07-28T12:31:02.378Z"}
28/7/2026, 6:01:02 pm | {"api":"/api/cash-closing-dashboard","event":"CASH_CLOSING_BRANCH_FETCHED","totalBranches":56,"timestamp":"2026-07-28T12:31:02.382Z"}
28/7/2026, 6:01:02 pm | {"api":"/api/cash-closing-dashboard","event":"CASH_CLOSING_DASHBOARD_SUCCESS","totalRecords":56,"filters":{"cluster":"","branch":"","fromDate":"","toDate":"","status":""},"timestamp":"2026-07-28T12:31:02.382Z"}
28/7/2026, 6:01:02 pm | {"api":"/save-cash-closing","event":"SAVE_CASH_API_STARTED","empNo":"459","amount":"900000","timestamp":"2026-07-28T12:31:02.402Z"}
28/7/2026, 6:01:02 pm | {"api":"/save-cash-closing","event":"PREVIOUS_DAY_RECORD_FOUND","empNo":"459","oldDate":"2026-07-27T00:00:00.000Z","amount":900000,"timestamp":"2026-07-28T12:31:02.407Z"}
28/7/2026, 6:01:02 pm | {"api":"/save-cash-closing","event":"PREVIOUS_DAY_MOVED_TO_HISTORY","empNo":"459","timestamp":"2026-07-28T12:31:02.414Z"}
28/7/2026, 6:01:02 pm | {"api":"/save-cash-closing","event":"PREVIOUS_DAY_DELETED","empNo":"459","timestamp":"2026-07-28T12:31:02.424Z"}
28/7/2026, 6:01:02 pm | {"api":"/save-cash-closing","event":"SAVE_CASH_NEW_ENTRY","empNo":"459","amount":"900000","branch":"Anakapalli","timestamp":"2026-07-28T12:31:02.426Z"}
28/7/2026, 6:01:02 pm | {"api":"/save-cash-closing","event":"SAVE_CASH_HISTORY_INSERTED","empNo":"459","actionType":"ADDED","version":1,"timestamp":"2026-07-28T12:31:02.438Z"}
28/7/2026, 6:01:02 pm | {"api":"/save-cash-closing","event":"SAVE_CASH_SUCCESS","type":"INSERT","empNo":"459","amount":"900000","timestamp":"2026-07-28T12:31:02.439Z"}
28/7/2026, 6:01:02 pm | {"api":"/api/cash-closing-dashboard","event":"CASH_CLOSING_DASHBOARD_API_STARTED","filters":{"cluster":"","branch":"","fromDate":"","toDate":"","status":""},"timestamp":"2026-07-28T12:31:02.560Z"}
28/7/2026, 6:01:02 pm | {"api":"/api/cash-closing-dashboard","event":"CASH_CLOSING_DASHBOARD_DB_CONNECTED","timestamp":"2026-07-28T12:31:02.561Z"}
28/7/2026, 6:01:02 pm | {"api":"/api/cash-closing-dashboard","event":"CASH_CLOSING_DASHBOARD_QUERY_STARTED","filters":{"cluster":"","branch":"","fromDate":"","toDate":"","status":""},"timestamp":"2026-07-28T12:31:02.561Z"}
28/7/2026, 6:01:02 pm | {"api":"/api/cash-closing-dashboard","event":"CASH_CLOSING_DASHBOARD_DATA_FETCHED","totalRecords":56,"timestamp":"2026-07-28T12:31:02.567Z"}
28/7/2026, 6:01:02 pm | {"api":"/api/cash-closing-dashboard","event":"CASH_CLOSING_CLUSTER_FETCHED","totalClusters":4,"timestamp":"2026-07-28T12:31:02.570Z"}
28/7/2026, 6:01:02 pm | {"api":"/api/cash-closing-dashboard","event":"CASH_CLOSING_BRANCH_FETCHED","totalBranches":56,"timestamp":"2026-07-28T12:31:02.573Z"}
28/7/2026, 6:01:02 pm | {"api":"/api/cash-closing-dashboard","event":"CASH_CLOSING_DASHBOARD_SUCCESS","totalRecords":56,"filters":{"cluster":"","branch":"","fromDate":"","toDate":"","status":""},"timestamp":"2026-07-28T12:31:02.574Z"}
28/7/2026, 6:01:05 pm | {"api":"/save-cash-closing","event":"SAVE_CASH_API_STARTED","empNo":"459","amount":"900000","timestamp":"2026-07-28T12:31:05.017Z"}
28/7/2026, 6:01:05 pm | {"api":"/save-cash-closing","event":"SAVE_CASH_UPDATE_STARTED","empNo":"459","oldAmount":900000,"newAmount":"900000","currentVersion":1,"nextVersion":2,"timestamp":"2026-07-28T12:31:05.024Z"}
28/7/2026, 6:01:05 pm | {"api":"/save-cash-closing","event":"SAVE_CASH_HISTORY_UPDATED","empNo":"459","version":2,"timestamp":"2026-07-28T12:31:05.041Z"}
28/7/2026, 6:01:05 pm | {"api":"/save-cash-closing","event":"SAVE_CASH_SUCCESS","type":"UPDATE","empNo":"459","amount":"900000","version":2,"timestamp":"2026-07-28T12:31:05.042Z"}
28/7/2026, 6:01:11 pm | {"api":"/login","event":"LOGIN_API_STARTED","mpin":"1289","deviceId":"c40c71be0ffdfb7b","timestamp":"2026-07-28T12:31:11.069Z"}
28/7/2026, 6:01:11 pm | {"event":"LOGIN_REQUEST","mpin":"1289","deviceId":"c40c71be0ffdfb7b","timestamp":"2026-07-28T12:31:11.070Z"}
28/7/2026, 6:01:11 pm | {"api":"/login","event":"LOGIN_DB_QUERY_STARTED","mpin":"1289","timestamp":"2026-07-28T12:31:11.071Z"}
28/7/2026, 6:01:11 pm | {"api":"/login","event":"LOGIN_USER_FOUND","empNo":"279","branch":"Vinukonda","designation":"Branch Manager","timestamp":"2026-07-28T12:31:11.080Z"}
28/7/2026, 6:01:11 pm | {"api":"/login","event":"LOGIN_DEVICE_CHECK","empNo":"279","savedDevice":"c40c71be0ffdfb7b","currentDevice":"c40c71be0ffdfb7b","timestamp":"2026-07-28T12:31:11.080Z"}
28/7/2026, 6:01:11 pm | {"api":"/login","event":"LOGIN_SUCCESS","empNo":"279","branch":"Vinukonda","designation":"Branch Manager","loginTime":"2026-07-28T12:31:11.091Z"}
28/7/2026, 6:01:11 pm | {"api":"/employee/:empNo","event":"EMPLOYEE_API_STARTED","empNo":"279","timestamp":"2026-07-28T12:31:11.240Z"}
28/7/2026, 6:01:11 pm | {"api":"/employee/:empNo","event":"EMPLOYEE_DB_QUERY_STARTED","empNo":"279","timestamp":"2026-07-28T12:31:11.241Z"}
28/7/2026, 6:01:11 pm | {"api":"/employee/:empNo","event":"EMPLOYEE_FETCH_SUCCESS","empNo":"279","employeeName":"U. Rubendra Babu","branch":"Vinukonda","designation":"Branch Manager","timestamp":"2026-07-28T12:31:11.246Z"}
28/7/2026, 6:01:11 pm | {"api":"/last-submission/:empNo","event":"LAST_SUBMISSION_API_STARTED","empNo":"279","timestamp":"2026-07-28T12:31:11.323Z"}
28/7/2026, 6:01:11 pm | {"api":"/last-submission/:empNo","event":"LAST_SUBMISSION_DB_QUERY_STARTED","empNo":"279","timestamp":"2026-07-28T12:31:11.324Z"}
28/7/2026, 6:01:11 pm | {"api":"/last-submission/:empNo","event":"LAST_SUBMISSION_FETCH_SUCCESS","empNo":"279","amount":1292427,"actionAt":"2026-07-27 17:53:24","timestamp":"2026-07-28T12:31:11.329Z"}
28/7/2026, 6:01:11 pm | {"api":"/today-cash/:empNo","event":"TODAY_CASH_API_STARTED","empNo":"279","timestamp":"2026-07-28T12:31:11.480Z"}
28/7/2026, 6:01:11 pm | {"api":"/today-cash/:empNo","event":"TODAY_CASH_DB_QUERY_STARTED","empNo":"279","timestamp":"2026-07-28T12:31:11.481Z"}
28/7/2026, 6:01:11 pm | {"api":"/today-cash/:empNo","event":"TODAY_CASH_NOT_FOUND","empNo":"279","timestamp":"2026-07-28T12:31:11.487Z"}
28/7/2026, 6:01:11 pm | {"api":"/api/cash-closing-dashboard","event":"CASH_CLOSING_DASHBOARD_API_STARTED","filters":{"cluster":"","branch":"","fromDate":"","toDate":"","status":""},"timestamp":"2026-07-28T12:31:11.803Z"}
28/7/2026, 6:01:11 pm | {"api":"/api/cash-closing-dashboard","event":"CASH_CLOSING_DASHBOARD_DB_CONNECTED","timestamp":"2026-07-28T12:31:11.804Z"}
28/7/2026, 6:01:11 pm | {"api":"/api/cash-closing-dashboard","event":"CASH_CLOSING_DASHBOARD_QUERY_STARTED","filters":{"cluster":"","branch":"","fromDate":"","toDate":"","status":""},"timestamp":"2026-07-28T12:31:11.805Z"}
28/7/2026, 6:01:11 pm | {"api":"/api/cash-closing-dashboard","event":"CASH_CLOSING_DASHBOARD_DATA_FETCHED","totalRecords":56,"timestamp":"2026-07-28T12:31:11.812Z"}
28/7/2026, 6:01:11 pm | {"api":"/api/cash-closing-dashboard","event":"CASH_CLOSING_CLUSTER_FETCHED","totalClusters":4,"timestamp":"2026-07-28T12:31:11.815Z"}
28/7/2026, 6:01:11 pm | {"api":"/api/cash-closing-dashboard","event":"CASH_CLOSING_BRANCH_FETCHED","totalBranches":56,"timestamp":"2026-07-28T12:31:11.818Z"}
28/7/2026, 6:01:11 pm | {"api":"/api/cash-closing-dashboard","event":"CASH_CLOSING_DASHBOARD_SUCCESS","totalRecords":56,"filters":{"cluster":"","branch":"","fromDate":"","toDate":"","status":""},"timestamp":"2026-07-28T12:31:11.819Z"}
28/7/2026, 6:01:11 pm | {"api":"/api/cash-closing-dashboard","event":"CASH_CLOSING_DASHBOARD_API_STARTED","filters":{"cluster":"","branch":"","fromDate":"","toDate":"","status":""},"timestamp":"2026-07-28T12:31:11.844Z"}
28/7/2026, 6:01:11 pm | {"api":"/api/cash-closing-dashboard","event":"CASH_CLOSING_DASHBOARD_DB_CONNECTED","timestamp":"2026-07-28T12:31:11.845Z"}
28/7/2026, 6:01:11 pm | {"api":"/api/cash-closing-dashboard","event":"CASH_CLOSING_DASHBOARD_QUERY_STARTED","filters":{"cluster":"","branch":"","fromDate":"","toDate":"","status":""},"timestamp":"2026-07-28T12:31:11.846Z"}
28/7/2026, 6:01:11 pm | {"api":"/api/cash-closing-dashboard","event":"CASH_CLOSING_DASHBOARD_DATA_FETCHED","totalRecords":56,"timestamp":"2026-07-28T12:31:11.852Z"}
28/7/2026, 6:01:11 pm | {"api":"/api/cash-closing-dashboard","event":"CASH_CLOSING_CLUSTER_FETCHED","totalClusters":4,"timestamp":"2026-07-28T12:31:11.855Z"}
28/7/2026, 6:01:11 pm | {"api":"/api/cash-closing-dashboard","event":"CASH_CLOSING_BRANCH_FETCHED","totalBranches":56,"timestamp":"2026-07-28T12:31:11.858Z"}
28/7/2026, 6:01:11 pm | {"api":"/api/cash-closing-dashboard","event":"CASH_CLOSING_DASHBOARD_SUCCESS","totalRecords":56,"filters":{"cluster":"","branch":"","fromDate":"","toDate":"","status":""},"timestamp":"2026-07-28T12:31:11.858Z"}
28/7/2026, 6:01:11 pm | {"api":"/api/cash-closing-dashboard","event":"CASH_CLOSING_DASHBOARD_API_STARTED","filters":{"cluster":"","branch":"","fromDate":"","toDate":"","status":""},"timestamp":"2026-07-28T12:31:11.975Z"}
28/7/2026, 6:01:11 pm | {"api":"/api/cash-closing-dashboard","event":"CASH_CLOSING_DASHBOARD_DB_CONNECTED","timestamp":"2026-07-28T12:31:11.976Z"}
28/7/2026, 6:01:11 pm | {"api":"/api/cash-closing-dashboard","event":"CASH_CLOSING_DASHBOARD_QUERY_STARTED","filters":{"cluster":"","branch":"","fromDate":"","toDate":"","status":""},"timestamp":"2026-07-28T12:31:11.977Z"}
28/7/2026, 6:01:11 pm | {"api":"/api/cash-closing-dashboard","event":"CASH_CLOSING_DASHBOARD_DATA_FETCHED","totalRecords":56,"timestamp":"2026-07-28T12:31:11.983Z"}
28/7/2026, 6:01:11 pm | {"api":"/api/cash-closing-dashboard","event":"CASH_CLOSING_CLUSTER_FETCHED","totalClusters":4,"timestamp":"2026-07-28T12:31:11.986Z"}
28/7/2026, 6:01:11 pm | {"api":"/api/cash-closing-dashboard","event":"CASH_CLOSING_BRANCH_FETCHED","totalBranches":56,"timestamp":"2026-07-28T12:31:11.989Z"}
28/7/2026, 6:01:11 pm | {"api":"/api/cash-closing-dashboard","event":"CASH_CLOSING_DASHBOARD_SUCCESS","totalRecords":56,"filters":{"cluster":"","branch":"","fromDate":"","toDate":"","status":""},"timestamp":"2026-07-28T12:31:11.990Z"}
28/7/2026, 6:01:12 pm | {"api":"/api/cash-closing-dashboard","event":"CASH_CLOSING_DASHBOARD_API_STARTED","filters":{"cluster":"","branch":"","fromDate":"","toDate":"","status":""},"timestamp":"2026-07-28T12:31:12.109Z"}
28/7/2026, 6:01:12 pm | {"api":"/api/cash-closing-dashboard","event":"CASH_CLOSING_DASHBOARD_DB_CONNECTED","timestamp":"2026-07-28T12:31:12.110Z"}
28/7/2026, 6:01:12 pm | {"api":"/api/cash-closing-dashboard","event":"CASH_CLOSING_DASHBOARD_QUERY_STARTED","filters":{"cluster":"","branch":"","fromDate":"","toDate":"","status":""},"timestamp":"2026-07-28T12:31:12.111Z"}
28/7/2026, 6:01:12 pm | {"api":"/api/cash-closing-dashboard","event":"CASH_CLOSING_DASHBOARD_DATA_FETCHED","totalRecords":56,"timestamp":"2026-07-28T12:31:12.118Z"}
28/7/2026, 6:01:12 pm | {"api":"/api/cash-closing-dashboard","event":"CASH_CLOSING_CLUSTER_FETCHED","totalClusters":4,"timestamp":"2026-07-28T12:31:12.121Z"}
28/7/2026, 6:01:12 pm | {"api":"/api/cash-closing-dashboard","event":"CASH_CLOSING_BRANCH_FETCHED","totalBranches":56,"timestamp":"2026-07-28T12:31:12.124Z"}
28/7/2026, 6:01:12 pm | {"api":"/api/cash-closing-dashboard","event":"CASH_CLOSING_DASHBOARD_SUCCESS","totalRecords":56,"filters":{"cluster":"","branch":"","fromDate":"","toDate":"","status":""},"timestamp":"2026-07-28T12:31:12.125Z"}
28/7/2026, 6:01:52 pm | {"api":"/api/cash-closing-dashboard","event":"CASH_CLOSING_DASHBOARD_API_STARTED","filters":{"cluster":"","branch":"","fromDate":"","toDate":"","status":""},"timestamp":"2026-07-28T12:31:52.372Z"}
28/7/2026, 6:01:52 pm | {"api":"/api/cash-closing-dashboard","event":"CASH_CLOSING_DASHBOARD_DB_CONNECTED","timestamp":"2026-07-28T12:31:52.373Z"}
28/7/2026, 6:01:52 pm | {"api":"/api/cash-closing-dashboard","event":"CASH_CLOSING_DASHBOARD_QUERY_STARTED","filters":{"cluster":"","branch":"","fromDate":"","toDate":"","status":""},"timestamp":"2026-07-28T12:31:52.374Z"}
28/7/2026, 6:01:52 pm | {"api":"/api/cash-closing-dashboard","event":"CASH_CLOSING_DASHBOARD_DATA_FETCHED","totalRecords":56,"timestamp":"2026-07-28T12:31:52.385Z"}
28/7/2026, 6:01:52 pm | {"api":"/api/cash-closing-dashboard","event":"CASH_CLOSING_CLUSTER_FETCHED","totalClusters":4,"timestamp":"2026-07-28T12:31:52.388Z"}
28/7/2026, 6:01:52 pm | {"api":"/api/cash-closing-dashboard","event":"CASH_CLOSING_BRANCH_FETCHED","totalBranches":56,"timestamp":"2026-07-28T12:31:52.392Z"}
28/7/2026, 6:01:52 pm | {"api":"/api/cash-closing-dashboard","event":"CASH_CLOSING_DASHBOARD_SUCCESS","totalRecords":56,"filters":{"cluster":"","branch":"","fromDate":"","toDate":"","status":""},"timestamp":"2026-07-28T12:31:52.393Z"}
28/7/2026, 6:01:52 pm | {"api":"/api/cash-closing-dashboard","event":"CASH_CLOSING_DASHBOARD_API_STARTED","filters":{"cluster":"","branch":"","fromDate":"","toDate":"","status":""},"timestamp":"2026-07-28T12:31:52.606Z"}
28/7/2026, 6:01:52 pm | {"api":"/api/cash-closing-dashboard","event":"CASH_CLOSING_DASHBOARD_DB_CONNECTED","timestamp":"2026-07-28T12:31:52.607Z"}
28/7/2026, 6:01:52 pm | {"api":"/api/cash-closing-dashboard","event":"CASH_CLOSING_DASHBOARD_QUERY_STARTED","filters":{"cluster":"","branch":"","fromDate":"","toDate":"","status":""},"timestamp":"2026-07-28T12:31:52.607Z"}
28/7/2026, 6:01:52 pm | {"api":"/api/cash-closing-dashboard","event":"CASH_CLOSING_DASHBOARD_DATA_FETCHED","totalRecords":56,"timestamp":"2026-07-28T12:31:52.614Z"}
28/7/2026, 6:01:52 pm | {"api":"/api/cash-closing-dashboard","event":"CASH_CLOSING_CLUSTER_FETCHED","totalClusters":4,"timestamp":"2026-07-28T12:31:52.617Z"}
28/7/2026, 6:01:52 pm | {"api":"/api/cash-closing-dashboard","event":"CASH_CLOSING_BRANCH_FETCHED","totalBranches":56,"timestamp":"2026-07-28T12:31:52.620Z"}
28/7/2026, 6:01:52 pm | {"api":"/api/cash-closing-dashboard","event":"CASH_CLOSING_DASHBOARD_SUCCESS","totalRecords":56,"filters":{"cluster":"","branch":"","fromDate":"","toDate":"","status":""},"timestamp":"2026-07-28T12:31:52.621Z"}
28/7/2026, 6:01:52 pm | {"api":"/api/cash-closing-dashboard","event":"CASH_CLOSING_DASHBOARD_API_STARTED","filters":{"cluster":"","branch":"","fromDate":"","toDate":"","status":""},"timestamp":"2026-07-28T12:31:52.724Z"}
28/7/2026, 6:01:52 pm | {"api":"/api/cash-closing-dashboard","event":"CASH_CLOSING_DASHBOARD_DB_CONNECTED","timestamp":"2026-07-28T12:31:52.725Z"}
28/7/2026, 6:01:52 pm | {"api":"/api/cash-closing-dashboard","event":"CASH_CLOSING_DASHBOARD_QUERY_STARTED","filters":{"cluster":"","branch":"","fromDate":"","toDate":"","status":""},"timestamp":"2026-07-28T12:31:52.726Z"}
28/7/2026, 6:01:52 pm | {"api":"/api/cash-closing-dashboard","event":"CASH_CLOSING_DASHBOARD_DATA_FETCHED","totalRecords":56,"timestamp":"2026-07-28T12:31:52.733Z"}
28/7/2026, 6:01:52 pm | {"api":"/api/cash-closing-dashboard","event":"CASH_CLOSING_CLUSTER_FETCHED","totalClusters":4,"timestamp":"2026-07-28T12:31:52.736Z"}
28/7/2026, 6:01:52 pm | {"api":"/api/cash-closing-dashboard","event":"CASH_CLOSING_BRANCH_FETCHED","totalBranches":56,"timestamp":"2026-07-28T12:31:52.740Z"}
28/7/2026, 6:01:52 pm | {"api":"/api/cash-closing-dashboard","event":"CASH_CLOSING_DASHBOARD_SUCCESS","totalRecords":56,"filters":{"cluster":"","branch":"","fromDate":"","toDate":"","status":""},"timestamp":"2026-07-28T12:31:52.741Z"}
28/7/2026, 6:01:58 pm | {"api":"/api/cash-closing-dashboard","event":"CASH_CLOSING_DASHBOARD_API_STARTED","filters":{"cluster":"","branch":"","fromDate":"","toDate":"","status":""},"timestamp":"2026-07-28T12:31:58.164Z"}
28/7/2026, 6:01:58 pm | {"api":"/api/cash-closing-dashboard","event":"CASH_CLOSING_DASHBOARD_DB_CONNECTED","timestamp":"2026-07-28T12:31:58.165Z"}
28/7/2026, 6:01:58 pm | {"api":"/api/cash-closing-dashboard","event":"CASH_CLOSING_DASHBOARD_QUERY_STARTED","filters":{"cluster":"","branch":"","fromDate":"","toDate":"","status":""},"timestamp":"2026-07-28T12:31:58.166Z"}
28/7/2026, 6:01:58 pm | {"api":"/api/cash-closing-dashboard","event":"CASH_CLOSING_DASHBOARD_DATA_FETCHED","totalRecords":56,"timestamp":"2026-07-28T12:31:58.174Z"}
28/7/2026, 6:01:58 pm | {"api":"/api/cash-closing-dashboard","event":"CASH_CLOSING_CLUSTER_FETCHED","totalClusters":4,"timestamp":"2026-07-28T12:31:58.178Z"}
28/7/2026, 6:01:58 pm | {"api":"/api/cash-closing-dashboard","event":"CASH_CLOSING_BRANCH_FETCHED","totalBranches":56,"timestamp":"2026-07-28T12:31:58.182Z"}
28/7/2026, 6:01:58 pm | {"api":"/api/cash-closing-dashboard","event":"CASH_CLOSING_DASHBOARD_SUCCESS","totalRecords":56,"filters":{"cluster":"","branch":"","fromDate":"","toDate":"","status":""},"timestamp":"2026-07-28T12:31:58.183Z"}
28/7/2026, 6:01:58 pm | {"api":"/api/cash-closing-dashboard","event":"CASH_CLOSING_DASHBOARD_API_STARTED","filters":{"cluster":"","branch":"","fromDate":"","toDate":"","status":""},"timestamp":"2026-07-28T12:31:58.303Z"}
28/7/2026, 6:01:58 pm | {"api":"/api/cash-closing-dashboard","event":"CASH_CLOSING_DASHBOARD_DB_CONNECTED","timestamp":"2026-07-28T12:31:58.304Z"}
28/7/2026, 6:01:58 pm | {"api":"/api/cash-closing-dashboard","event":"CASH_CLOSING_DASHBOARD_QUERY_STARTED","filters":{"cluster":"","branch":"","fromDate":"","toDate":"","status":""},"timestamp":"2026-07-28T12:31:58.305Z"}
28/7/2026, 6:01:58 pm | {"api":"/api/cash-closing-dashboard","event":"CASH_CLOSING_DASHBOARD_DATA_FETCHED","totalRecords":56,"timestamp":"2026-07-28T12:31:58.311Z"}
28/7/2026, 6:01:58 pm | {"api":"/api/cash-closing-dashboard","event":"CASH_CLOSING_CLUSTER_FETCHED","totalClusters":4,"timestamp":"2026-07-28T12:31:58.314Z"}
28/7/2026, 6:01:58 pm | {"api":"/api/cash-closing-dashboard","event":"CASH_CLOSING_BRANCH_FETCHED","totalBranches":56,"timestamp":"2026-07-28T12:31:58.317Z"}
28/7/2026, 6:01:58 pm | {"api":"/api/cash-closing-dashboard","event":"CASH_CLOSING_DASHBOARD_SUCCESS","totalRecords":56,"filters":{"cluster":"","branch":"","fromDate":"","toDate":"","status":""},"timestamp":"2026-07-28T12:31:58.318Z"}
28/7/2026, 6:01:58 pm | {"api":"/api/cash-closing-dashboard","event":"CASH_CLOSING_DASHBOARD_API_STARTED","filters":{"cluster":"","branch":"","fromDate":"","toDate":"","status":""},"timestamp":"2026-07-28T12:31:58.454Z"}
28/7/2026, 6:01:58 pm | {"api":"/api/cash-closing-dashboard","event":"CASH_CLOSING_DASHBOARD_DB_CONNECTED","timestamp":"2026-07-28T12:31:58.455Z"}
28/7/2026, 6:01:58 pm | {"api":"/api/cash-closing-dashboard","event":"CASH_CLOSING_DASHBOARD_QUERY_STARTED","filters":{"cluster":"","branch":"","fromDate":"","toDate":"","status":""},"timestamp":"2026-07-28T12:31:58.456Z"}
28/7/2026, 6:01:58 pm | {"api":"/api/cash-closing-dashboard","event":"CASH_CLOSING_DASHBOARD_DATA_FETCHED","totalRecords":56,"timestamp":"2026-07-28T12:31:58.462Z"}
28/7/2026, 6:01:58 pm | {"api":"/api/cash-closing-dashboard","event":"CASH_CLOSING_CLUSTER_FETCHED","totalClusters":4,"timestamp":"2026-07-28T12:31:58.466Z"}
28/7/2026, 6:01:58 pm | {"api":"/api/cash-closing-dashboard","event":"CASH_CLOSING_BRANCH_FETCHED","totalBranches":56,"timestamp":"2026-07-28T12:31:58.469Z"}
28/7/2026, 6:01:58 pm | {"api":"/api/cash-closing-dashboard","event":"CASH_CLOSING_DASHBOARD_SUCCESS","totalRecords":56,"filters":{"cluster":"","branch":"","fromDate":"","toDate":"","status":""},"timestamp":"2026-07-28T12:31:58.470Z"}
28/7/2026, 6:01:58 pm | {"api":"/api/cash-closing-dashboard","event":"CASH_CLOSING_DASHBOARD_API_STARTED","filters":{"cluster":"","branch":"","fromDate":"","toDate":"","status":""},"timestamp":"2026-07-28T12:31:58.614Z"}
28/7/2026, 6:01:58 pm | {"api":"/api/cash-closing-dashboard","event":"CASH_CLOSING_DASHBOARD_DB_CONNECTED","timestamp":"2026-07-28T12:31:58.615Z"}
28/7/2026, 6:01:58 pm | {"api":"/api/cash-closing-dashboard","event":"CASH_CLOSING_DASHBOARD_QUERY_STARTED","filters":{"cluster":"","branch":"","fromDate":"","toDate":"","status":""},"timestamp":"2026-07-28T12:31:58.616Z"}
28/7/2026, 6:01:58 pm | {"api":"/api/cash-closing-dashboard","event":"CASH_CLOSING_DASHBOARD_DATA_FETCHED","totalRecords":56,"timestamp":"2026-07-28T12:31:58.622Z"}
28/7/2026, 6:01:58 pm | {"api":"/api/cash-closing-dashboard","event":"CASH_CLOSING_CLUSTER_FETCHED","totalClusters":4,"timestamp":"2026-07-28T12:31:58.625Z"}
28/7/2026, 6:01:58 pm | {"api":"/api/cash-closing-dashboard","event":"CASH_CLOSING_BRANCH_FETCHED","totalBranches":56,"timestamp":"2026-07-28T12:31:58.628Z"}
28/7/2026, 6:01:58 pm | {"api":"/api/cash-closing-dashboard","event":"CASH_CLOSING_DASHBOARD_SUCCESS","totalRecords":56,"filters":{"cluster":"","branch":"","fromDate":"","toDate":"","status":""},"timestamp":"2026-07-28T12:31:58.629Z"}
28/7/2026, 6:01:58 pm | {"api":"/api/cash-closing-dashboard","event":"CASH_CLOSING_DASHBOARD_API_STARTED","filters":{"cluster":"","branch":"","fromDate":"","toDate":"","status":""},"timestamp":"2026-07-28T12:31:58.894Z"}
28/7/2026, 6:01:58 pm | {"api":"/api/cash-closing-dashboard","event":"CASH_CLOSING_DASHBOARD_DB_CONNECTED","timestamp":"2026-07-28T12:31:58.895Z"}
28/7/2026, 6:01:58 pm | {"api":"/api/cash-closing-dashboard","event":"CASH_CLOSING_DASHBOARD_QUERY_STARTED","filters":{"cluster":"","branch":"","fromDate":"","toDate":"","status":""},"timestamp":"2026-07-28T12:31:58.896Z"}
28/7/2026, 6:01:58 pm | {"api":"/api/cash-closing-dashboard","event":"CASH_CLOSING_DASHBOARD_DATA_FETCHED","totalRecords":56,"timestamp":"2026-07-28T12:31:58.905Z"}
28/7/2026, 6:01:58 pm | {"api":"/api/cash-closing-dashboard","event":"CASH_CLOSING_CLUSTER_FETCHED","totalClusters":4,"timestamp":"2026-07-28T12:31:58.909Z"}
28/7/2026, 6:01:58 pm | {"api":"/api/cash-closing-dashboard","event":"CASH_CLOSING_BRANCH_FETCHED","totalBranches":56,"timestamp":"2026-07-28T12:31:58.912Z"}
28/7/2026, 6:01:58 pm | {"api":"/api/cash-closing-dashboard","event":"CASH_CLOSING_DASHBOARD_SUCCESS","totalRecords":56,"filters":{"cluster":"","branch":"","fromDate":"","toDate":"","status":""},"timestamp":"2026-07-28T12:31:58.912Z"}
28/7/2026, 6:01:59 pm | {"api":"/api/cash-closing-dashboard","event":"CASH_CLOSING_DASHBOARD_API_STARTED","filters":{"cluster":"","branch":"","fromDate":"","toDate":"","status":""},"timestamp":"2026-07-28T12:31:59.166Z"}
28/7/2026, 6:01:59 pm | {"api":"/api/cash-closing-dashboard","event":"CASH_CLOSING_DASHBOARD_DB_CONNECTED","timestamp":"2026-07-28T12:31:59.167Z"}
28/7/2026, 6:01:59 pm | {"api":"/api/cash-closing-dashboard","event":"CASH_CLOSING_DASHBOARD_QUERY_STARTED","filters":{"cluster":"","branch":"","fromDate":"","toDate":"","status":""},"timestamp":"2026-07-28T12:31:59.168Z"}
28/7/2026, 6:01:59 pm | {"api":"/api/cash-closing-dashboard","event":"CASH_CLOSING_DASHBOARD_DATA_FETCHED","totalRecords":56,"timestamp":"2026-07-28T12:31:59.175Z"}
28/7/2026, 6:01:59 pm | {"api":"/api/cash-closing-dashboard","event":"CASH_CLOSING_CLUSTER_FETCHED","totalClusters":4,"timestamp":"2026-07-28T12:31:59.180Z"}
28/7/2026, 6:01:59 pm | {"api":"/api/cash-closing-dashboard","event":"CASH_CLOSING_BRANCH_FETCHED","totalBranches":56,"timestamp":"2026-07-28T12:31:59.183Z"}
28/7/2026, 6:01:59 pm | {"api":"/api/cash-closing-dashboard","event":"CASH_CLOSING_DASHBOARD_SUCCESS","totalRecords":56,"filters":{"cluster":"","branch":"","fromDate":"","toDate":"","status":""},"timestamp":"2026-07-28T12:31:59.184Z"}
28/7/2026, 6:01:59 pm | {"api":"/api/cash-closing-dashboard","event":"CASH_CLOSING_DASHBOARD_API_STARTED","filters":{"cluster":"","branch":"","fromDate":"","toDate":"","status":""},"timestamp":"2026-07-28T12:31:59.350Z"}
28/7/2026, 6:01:59 pm | {"api":"/api/cash-closing-dashboard","event":"CASH_CLOSING_DASHBOARD_DB_CONNECTED","timestamp":"2026-07-28T12:31:59.351Z"}
28/7/2026, 6:01:59 pm | {"api":"/api/cash-closing-dashboard","event":"CASH_CLOSING_DASHBOARD_QUERY_STARTED","filters":{"cluster":"","branch":"","fromDate":"","toDate":"","status":""},"timestamp":"2026-07-28T12:31:59.352Z"}
28/7/2026, 6:01:59 pm | {"api":"/api/cash-closing-dashboard","event":"CASH_CLOSING_DASHBOARD_DATA_FETCHED","totalRecords":56,"timestamp":"2026-07-28T12:31:59.359Z"}
28/7/2026, 6:01:59 pm | {"api":"/api/cash-closing-dashboard","event":"CASH_CLOSING_CLUSTER_FETCHED","totalClusters":4,"timestamp":"2026-07-28T12:31:59.363Z"}
28/7/2026, 6:01:59 pm | {"api":"/api/cash-closing-dashboard","event":"CASH_CLOSING_BRANCH_FETCHED","totalBranches":56,"timestamp":"2026-07-28T12:31:59.366Z"}
28/7/2026, 6:01:59 pm | {"api":"/api/cash-closing-dashboard","event":"CASH_CLOSING_DASHBOARD_SUCCESS","totalRecords":56,"filters":{"cluster":"","branch":"","fromDate":"","toDate":"","status":""},"timestamp":"2026-07-28T12:31:59.367Z"}
28/7/2026, 6:01:59 pm | {"api":"/api/cash-closing-dashboard","event":"CASH_CLOSING_DASHBOARD_API_STARTED","filters":{"cluster":"","branch":"","fromDate":"","toDate":"","status":""},"timestamp":"2026-07-28T12:31:59.488Z"}
28/7/2026, 6:01:59 pm | {"api":"/api/cash-closing-dashboard","event":"CASH_CLOSING_DASHBOARD_DB_CONNECTED","timestamp":"2026-07-28T12:31:59.489Z"}
28/7/2026, 6:01:59 pm | {"api":"/api/cash-closing-dashboard","event":"CASH_CLOSING_DASHBOARD_QUERY_STARTED","filters":{"cluster":"","branch":"","fromDate":"","toDate":"","status":""},"timestamp":"2026-07-28T12:31:59.490Z"}
28/7/2026, 6:01:59 pm | {"api":"/api/cash-closing-dashboard","event":"CASH_CLOSING_DASHBOARD_DATA_FETCHED","totalRecords":56,"timestamp":"2026-07-28T12:31:59.496Z"}
28/7/2026, 6:01:59 pm | {"api":"/api/cash-closing-dashboard","event":"CASH_CLOSING_CLUSTER_FETCHED","totalClusters":4,"timestamp":"2026-07-28T12:31:59.499Z"}
28/7/2026, 6:01:59 pm | {"api":"/api/cash-closing-dashboard","event":"CASH_CLOSING_BRANCH_FETCHED","totalBranches":56,"timestamp":"2026-07-28T12:31:59.502Z"}
28/7/2026, 6:01:59 pm | {"api":"/api/cash-closing-dashboard","event":"CASH_CLOSING_DASHBOARD_SUCCESS","totalRecords":56,"filters":{"cluster":"","branch":"","fromDate":"","toDate":"","status":""},"timestamp":"2026-07-28T12:31:59.503Z"}
28/7/2026, 6:02:06 pm | {"api":"/save-cash-closing","event":"SAVE_CASH_API_STARTED","empNo":"279","amount":"1921064","timestamp":"2026-07-28T12:32:06.328Z"}
28/7/2026, 6:02:06 pm | {"api":"/save-cash-closing","event":"PREVIOUS_DAY_RECORD_FOUND","empNo":"279","oldDate":"2026-07-27T00:00:00.000Z","amount":1292427,"timestamp":"2026-07-28T12:32:06.334Z"}
28/7/2026, 6:02:06 pm | {"api":"/save-cash-closing","event":"PREVIOUS_DAY_MOVED_TO_HISTORY","empNo":"279","timestamp":"2026-07-28T12:32:06.341Z"}
28/7/2026, 6:02:06 pm | {"api":"/save-cash-closing","event":"PREVIOUS_DAY_DELETED","empNo":"279","timestamp":"2026-07-28T12:32:06.347Z"}
28/7/2026, 6:02:06 pm | {"api":"/save-cash-closing","event":"SAVE_CASH_NEW_ENTRY","empNo":"279","amount":"1921064","branch":"Vinukonda","timestamp":"2026-07-28T12:32:06.350Z"}
28/7/2026, 6:02:06 pm | {"api":"/save-cash-closing","event":"SAVE_CASH_HISTORY_INSERTED","empNo":"279","actionType":"ADDED","version":1,"timestamp":"2026-07-28T12:32:06.362Z"}
28/7/2026, 6:02:06 pm | {"api":"/save-cash-closing","event":"SAVE_CASH_SUCCESS","type":"INSERT","empNo":"279","amount":"1921064","timestamp":"2026-07-28T12:32:06.363Z"}
28/7/2026, 6:02:24 pm | {"api":"/api/cash-closing-dashboard","event":"CASH_CLOSING_DASHBOARD_API_STARTED","filters":{"cluster":"","branch":"","fromDate":"","toDate":"","status":""},"timestamp":"2026-07-28T12:32:24.234Z"}
28/7/2026, 6:02:24 pm | {"api":"/api/cash-closing-dashboard","event":"CASH_CLOSING_DASHBOARD_DB_CONNECTED","timestamp":"2026-07-28T12:32:24.235Z"}
28/7/2026, 6:02:24 pm | {"api":"/api/cash-closing-dashboard","event":"CASH_CLOSING_DASHBOARD_QUERY_STARTED","filters":{"cluster":"","branch":"","fromDate":"","toDate":"","status":""},"timestamp":"2026-07-28T12:32:24.236Z"}
28/7/2026, 6:02:24 pm | {"api":"/api/cash-closing-dashboard","event":"CASH_CLOSING_DASHBOARD_DATA_FETCHED","totalRecords":56,"timestamp":"2026-07-28T12:32:24.242Z"}
28/7/2026, 6:02:24 pm | {"api":"/api/cash-closing-dashboard","event":"CASH_CLOSING_CLUSTER_FETCHED","totalClusters":4,"timestamp":"2026-07-28T12:32:24.248Z"}
28/7/2026, 6:02:24 pm | {"api":"/api/cash-closing-dashboard","event":"CASH_CLOSING_BRANCH_FETCHED","totalBranches":56,"timestamp":"2026-07-28T12:32:24.251Z"}
28/7/2026, 6:02:24 pm | {"api":"/api/cash-closing-dashboard","event":"CASH_CLOSING_DASHBOARD_SUCCESS","totalRecords":56,"filters":{"cluster":"","branch":"","fromDate":"","toDate":"","status":""},"timestamp":"2026-07-28T12:32:24.252Z"}
28/7/2026, 6:02:24 pm | {"api":"/api/cash-closing-dashboard","event":"CASH_CLOSING_DASHBOARD_API_STARTED","filters":{"cluster":"","branch":"","fromDate":"","toDate":"","status":""},"timestamp":"2026-07-28T12:32:24.692Z"}
28/7/2026, 6:02:24 pm | {"api":"/api/cash-closing-dashboard","event":"CASH_CLOSING_DASHBOARD_DB_CONNECTED","timestamp":"2026-07-28T12:32:24.693Z"}
28/7/2026, 6:02:24 pm | {"api":"/api/cash-closing-dashboard","event":"CASH_CLOSING_DASHBOARD_QUERY_STARTED","filters":{"cluster":"","branch":"","fromDate":"","toDate":"","status":""},"timestamp":"2026-07-28T12:32:24.694Z"}
28/7/2026, 6:02:24 pm | {"api":"/api/cash-closing-dashboard","event":"CASH_CLOSING_DASHBOARD_DATA_FETCHED","totalRecords":56,"timestamp":"2026-07-28T12:32:24.700Z"}
28/7/2026, 6:02:24 pm | {"api":"/api/cash-closing-dashboard","event":"CASH_CLOSING_CLUSTER_FETCHED","totalClusters":4,"timestamp":"2026-07-28T12:32:24.703Z"}
28/7/2026, 6:02:24 pm | {"api":"/api/cash-closing-dashboard","event":"CASH_CLOSING_BRANCH_FETCHED","totalBranches":56,"timestamp":"2026-07-28T12:32:24.706Z"}
28/7/2026, 6:02:24 pm | {"api":"/api/cash-closing-dashboard","event":"CASH_CLOSING_DASHBOARD_SUCCESS","totalRecords":56,"filters":{"cluster":"","branch":"","fromDate":"","toDate":"","status":""},"timestamp":"2026-07-28T12:32:24.706Z"}
28/7/2026, 6:02:24 pm | {"api":"/api/cash-closing-dashboard","event":"CASH_CLOSING_DASHBOARD_API_STARTED","filters":{"cluster":"","branch":"","fromDate":"","toDate":"","status":""},"timestamp":"2026-07-28T12:32:24.867Z"}
28/7/2026, 6:02:24 pm | {"api":"/api/cash-closing-dashboard","event":"CASH_CLOSING_DASHBOARD_DB_CONNECTED","timestamp":"2026-07-28T12:32:24.868Z"}
28/7/2026, 6:02:24 pm | {"api":"/api/cash-closing-dashboard","event":"CASH_CLOSING_DASHBOARD_QUERY_STARTED","filters":{"cluster":"","branch":"","fromDate":"","toDate":"","status":""},"timestamp":"2026-07-28T12:32:24.869Z"}
28/7/2026, 6:02:24 pm | {"api":"/api/cash-closing-dashboard","event":"CASH_CLOSING_DASHBOARD_DATA_FETCHED","totalRecords":56,"timestamp":"2026-07-28T12:32:24.876Z"}
28/7/2026, 6:02:24 pm | {"api":"/api/cash-closing-dashboard","event":"CASH_CLOSING_CLUSTER_FETCHED","totalClusters":4,"timestamp":"2026-07-28T12:32:24.880Z"}
28/7/2026, 6:02:24 pm | {"api":"/api/cash-closing-dashboard","event":"CASH_CLOSING_BRANCH_FETCHED","totalBranches":56,"timestamp":"2026-07-28T12:32:24.885Z"}
28/7/2026, 6:02:24 pm | {"api":"/api/cash-closing-dashboard","event":"CASH_CLOSING_DASHBOARD_SUCCESS","totalRecords":56,"filters":{"cluster":"","branch":"","fromDate":"","toDate":"","status":""},"timestamp":"2026-07-28T12:32:24.886Z"}
28/7/2026, 6:02:25 pm | {"api":"/api/cash-closing-dashboard","event":"CASH_CLOSING_DASHBOARD_API_STARTED","filters":{"cluster":"","branch":"","fromDate":"","toDate":"","status":""},"timestamp":"2026-07-28T12:32:25.107Z"}
28/7/2026, 6:02:25 pm | {"api":"/api/cash-closing-dashboard","event":"CASH_CLOSING_DASHBOARD_DB_CONNECTED","timestamp":"2026-07-28T12:32:25.108Z"}
28/7/2026, 6:02:25 pm | {"api":"/api/cash-closing-dashboard","event":"CASH_CLOSING_DASHBOARD_QUERY_STARTED","filters":{"cluster":"","branch":"","fromDate":"","toDate":"","status":""},"timestamp":"2026-07-28T12:32:25.109Z"}
28/7/2026, 6:02:25 pm | {"api":"/api/cash-closing-dashboard","event":"CASH_CLOSING_DASHBOARD_DATA_FETCHED","totalRecords":56,"timestamp":"2026-07-28T12:32:25.116Z"}
28/7/2026, 6:02:25 pm | {"api":"/api/cash-closing-dashboard","event":"CASH_CLOSING_CLUSTER_FETCHED","totalClusters":4,"timestamp":"2026-07-28T12:32:25.119Z"}
28/7/2026, 6:02:25 pm | {"api":"/api/cash-closing-dashboard","event":"CASH_CLOSING_BRANCH_FETCHED","totalBranches":56,"timestamp":"2026-07-28T12:32:25.123Z"}
28/7/2026, 6:02:25 pm | {"api":"/api/cash-closing-dashboard","event":"CASH_CLOSING_DASHBOARD_SUCCESS","totalRecords":56,"filters":{"cluster":"","branch":"","fromDate":"","toDate":"","status":""},"timestamp":"2026-07-28T12:32:25.123Z"}
28/7/2026, 6:02:25 pm | {"api":"/api/cash-closing-dashboard","event":"CASH_CLOSING_DASHBOARD_API_STARTED","filters":{"cluster":"","branch":"","fromDate":"","toDate":"","status":""},"timestamp":"2026-07-28T12:32:25.266Z"}
28/7/2026, 6:02:25 pm | {"api":"/api/cash-closing-dashboard","event":"CASH_CLOSING_DASHBOARD_DB_CONNECTED","timestamp":"2026-07-28T12:32:25.267Z"}
28/7/2026, 6:02:25 pm | {"api":"/api/cash-closing-dashboard","event":"CASH_CLOSING_DASHBOARD_QUERY_STARTED","filters":{"cluster":"","branch":"","fromDate":"","toDate":"","status":""},"timestamp":"2026-07-28T12:32:25.268Z"}
28/7/2026, 6:02:25 pm | {"api":"/api/cash-closing-dashboard","event":"CASH_CLOSING_DASHBOARD_DATA_FETCHED","totalRecords":56,"timestamp":"2026-07-28T12:32:25.275Z"}
28/7/2026, 6:02:25 pm | {"api":"/api/cash-closing-dashboard","event":"CASH_CLOSING_CLUSTER_FETCHED","totalClusters":4,"timestamp":"2026-07-28T12:32:25.279Z"}
28/7/2026, 6:02:25 pm | {"api":"/api/cash-closing-dashboard","event":"CASH_CLOSING_BRANCH_FETCHED","totalBranches":56,"timestamp":"2026-07-28T12:32:25.283Z"}
28/7/2026, 6:02:25 pm | {"api":"/api/cash-closing-dashboard","event":"CASH_CLOSING_DASHBOARD_SUCCESS","totalRecords":56,"filters":{"cluster":"","branch":"","fromDate":"","toDate":"","status":""},"timestamp":"2026-07-28T12:32:25.284Z"}
28/7/2026, 6:02:25 pm | {"api":"/api/cash-closing-dashboard","event":"CASH_CLOSING_DASHBOARD_API_STARTED","filters":{"cluster":"","branch":"","fromDate":"","toDate":"","status":""},"timestamp":"2026-07-28T12:32:25.402Z"}
28/7/2026, 6:02:25 pm | {"api":"/api/cash-closing-dashboard","event":"CASH_CLOSING_DASHBOARD_DB_CONNECTED","timestamp":"2026-07-28T12:32:25.404Z"}
28/7/2026, 6:02:25 pm | {"api":"/api/cash-closing-dashboard","event":"CASH_CLOSING_DASHBOARD_QUERY_STARTED","filters":{"cluster":"","branch":"","fromDate":"","toDate":"","status":""},"timestamp":"2026-07-28T12:32:25.404Z"}
28/7/2026, 6:02:25 pm | {"api":"/api/cash-closing-dashboard","event":"CASH_CLOSING_DASHBOARD_DATA_FETCHED","totalRecords":56,"timestamp":"2026-07-28T12:32:25.412Z"}
28/7/2026, 6:02:25 pm | {"api":"/api/cash-closing-dashboard","event":"CASH_CLOSING_CLUSTER_FETCHED","totalClusters":4,"timestamp":"2026-07-28T12:32:25.416Z"}
28/7/2026, 6:02:25 pm | {"api":"/api/cash-closing-dashboard","event":"CASH_CLOSING_BRANCH_FETCHED","totalBranches":56,"timestamp":"2026-07-28T12:32:25.420Z"}
28/7/2026, 6:02:25 pm | {"api":"/api/cash-closing-dashboard","event":"CASH_CLOSING_DASHBOARD_SUCCESS","totalRecords":56,"filters":{"cluster":"","branch":"","fromDate":"","toDate":"","status":""},"timestamp":"2026-07-28T12:32:25.420Z"}
28/7/2026, 6:02:25 pm | {"api":"/api/cash-closing-dashboard","event":"CASH_CLOSING_DASHBOARD_API_STARTED","filters":{"cluster":"","branch":"","fromDate":"","toDate":"","status":""},"timestamp":"2026-07-28T12:32:25.522Z"}
28/7/2026, 6:02:25 pm | {"api":"/api/cash-closing-dashboard","event":"CASH_CLOSING_DASHBOARD_DB_CONNECTED","timestamp":"2026-07-28T12:32:25.523Z"}
28/7/2026, 6:02:25 pm | {"api":"/api/cash-closing-dashboard","event":"CASH_CLOSING_DASHBOARD_QUERY_STARTED","filters":{"cluster":"","branch":"","fromDate":"","toDate":"","status":""},"timestamp":"2026-07-28T12:32:25.524Z"}
28/7/2026, 6:02:25 pm | {"api":"/api/cash-closing-dashboard","event":"CASH_CLOSING_DASHBOARD_DATA_FETCHED","totalRecords":56,"timestamp":"2026-07-28T12:32:25.532Z"}
28/7/2026, 6:02:25 pm | {"api":"/api/cash-closing-dashboard","event":"CASH_CLOSING_CLUSTER_FETCHED","totalClusters":4,"timestamp":"2026-07-28T12:32:25.536Z"}
28/7/2026, 6:02:25 pm | {"api":"/api/cash-closing-dashboard","event":"CASH_CLOSING_BRANCH_FETCHED","totalBranches":56,"timestamp":"2026-07-28T12:32:25.539Z"}
28/7/2026, 6:02:25 pm | {"api":"/api/cash-closing-dashboard","event":"CASH_CLOSING_DASHBOARD_SUCCESS","totalRecords":56,"filters":{"cluster":"","branch":"","fromDate":"","toDate":"","status":""},"timestamp":"2026-07-28T12:32:25.540Z"}
28/7/2026, 6:02:25 pm | {"api":"/api/cash-closing-dashboard","event":"CASH_CLOSING_DASHBOARD_API_STARTED","filters":{"cluster":"","branch":"","fromDate":"","toDate":"","status":""},"timestamp":"2026-07-28T12:32:25.667Z"}
28/7/2026, 6:02:25 pm | {"api":"/api/cash-closing-dashboard","event":"CASH_CLOSING_DASHBOARD_DB_CONNECTED","timestamp":"2026-07-28T12:32:25.668Z"}
28/7/2026, 6:02:25 pm | {"api":"/api/cash-closing-dashboard","event":"CASH_CLOSING_DASHBOARD_QUERY_STARTED","filters":{"cluster":"","branch":"","fromDate":"","toDate":"","status":""},"timestamp":"2026-07-28T12:32:25.669Z"}
28/7/2026, 6:02:25 pm | {"api":"/api/cash-closing-dashboard","event":"CASH_CLOSING_DASHBOARD_DATA_FETCHED","totalRecords":56,"timestamp":"2026-07-28T12:32:25.677Z"}
28/7/2026, 6:02:25 pm | {"api":"/api/cash-closing-dashboard","event":"CASH_CLOSING_CLUSTER_FETCHED","totalClusters":4,"timestamp":"2026-07-28T12:32:25.681Z"}
28/7/2026, 6:02:25 pm | {"api":"/api/cash-closing-dashboard","event":"CASH_CLOSING_BRANCH_FETCHED","totalBranches":56,"timestamp":"2026-07-28T12:32:25.684Z"}
28/7/2026, 6:02:25 pm | {"api":"/api/cash-closing-dashboard","event":"CASH_CLOSING_DASHBOARD_SUCCESS","totalRecords":56,"filters":{"cluster":"","branch":"","fromDate":"","toDate":"","status":""},"timestamp":"2026-07-28T12:32:25.685Z"}
28/7/2026, 6:02:27 pm | {"api":"/api/cash-closing-dashboard","event":"CASH_CLOSING_DASHBOARD_API_STARTED","filters":{"cluster":"","branch":"","fromDate":"","toDate":"","status":""},"timestamp":"2026-07-28T12:32:27.915Z"}
28/7/2026, 6:02:27 pm | {"api":"/api/cash-closing-dashboard","event":"CASH_CLOSING_DASHBOARD_DB_CONNECTED","timestamp":"2026-07-28T12:32:27.916Z"}
28/7/2026, 6:02:27 pm | {"api":"/api/cash-closing-dashboard","event":"CASH_CLOSING_DASHBOARD_QUERY_STARTED","filters":{"cluster":"","branch":"","fromDate":"","toDate":"","status":""},"timestamp":"2026-07-28T12:32:27.917Z"}
28/7/2026, 6:02:27 pm | {"api":"/api/cash-closing-dashboard","event":"CASH_CLOSING_DASHBOARD_DATA_FETCHED","totalRecords":56,"timestamp":"2026-07-28T12:32:27.924Z"}
28/7/2026, 6:02:27 pm | {"api":"/api/cash-closing-dashboard","event":"CASH_CLOSING_CLUSTER_FETCHED","totalClusters":4,"timestamp":"2026-07-28T12:32:27.927Z"}
28/7/2026, 6:02:27 pm | {"api":"/api/cash-closing-dashboard","event":"CASH_CLOSING_BRANCH_FETCHED","totalBranches":56,"timestamp":"2026-07-28T12:32:27.930Z"}
28/7/2026, 6:02:27 pm | {"api":"/api/cash-closing-dashboard","event":"CASH_CLOSING_DASHBOARD_SUCCESS","totalRecords":56,"filters":{"cluster":"","branch":"","fromDate":"","toDate":"","status":""},"timestamp":"2026-07-28T12:32:27.930Z"}
28/7/2026, 6:02:28 pm | {"api":"/api/cash-closing-dashboard","event":"CASH_CLOSING_DASHBOARD_API_STARTED","filters":{"cluster":"","branch":"","fromDate":"","toDate":"","status":""},"timestamp":"2026-07-28T12:32:28.058Z"}
28/7/2026, 6:02:28 pm | {"api":"/api/cash-closing-dashboard","event":"CASH_CLOSING_DASHBOARD_DB_CONNECTED","timestamp":"2026-07-28T12:32:28.059Z"}
28/7/2026, 6:02:28 pm | {"api":"/api/cash-closing-dashboard","event":"CASH_CLOSING_DASHBOARD_QUERY_STARTED","filters":{"cluster":"","branch":"","fromDate":"","toDate":"","status":""},"timestamp":"2026-07-28T12:32:28.060Z"}
28/7/2026, 6:02:28 pm | {"api":"/api/cash-closing-dashboard","event":"CASH_CLOSING_DASHBOARD_DATA_FETCHED","totalRecords":56,"timestamp":"2026-07-28T12:32:28.067Z"}
28/7/2026, 6:02:28 pm | {"api":"/api/cash-closing-dashboard","event":"CASH_CLOSING_CLUSTER_FETCHED","totalClusters":4,"timestamp":"2026-07-28T12:32:28.070Z"}
28/7/2026, 6:02:28 pm | {"api":"/api/cash-closing-dashboard","event":"CASH_CLOSING_BRANCH_FETCHED","totalBranches":56,"timestamp":"2026-07-28T12:32:28.074Z"}
28/7/2026, 6:02:28 pm | {"api":"/api/cash-closing-dashboard","event":"CASH_CLOSING_DASHBOARD_SUCCESS","totalRecords":56,"filters":{"cluster":"","branch":"","fromDate":"","toDate":"","status":""},"timestamp":"2026-07-28T12:32:28.074Z"}
28/7/2026, 6:02:28 pm | {"api":"/api/cash-closing-dashboard","event":"CASH_CLOSING_DASHBOARD_API_STARTED","filters":{"cluster":"","branch":"","fromDate":"","toDate":"","status":""},"timestamp":"2026-07-28T12:32:28.202Z"}
28/7/2026, 6:02:28 pm | {"api":"/api/cash-closing-dashboard","event":"CASH_CLOSING_DASHBOARD_DB_CONNECTED","timestamp":"2026-07-28T12:32:28.203Z"}
28/7/2026, 6:02:28 pm | {"api":"/api/cash-closing-dashboard","event":"CASH_CLOSING_DASHBOARD_QUERY_STARTED","filters":{"cluster":"","branch":"","fromDate":"","toDate":"","status":""},"timestamp":"2026-07-28T12:32:28.204Z"}
28/7/2026, 6:02:28 pm | {"api":"/api/cash-closing-dashboard","event":"CASH_CLOSING_DASHBOARD_DATA_FETCHED","totalRecords":56,"timestamp":"2026-07-28T12:32:28.211Z"}
28/7/2026, 6:02:28 pm | {"api":"/api/cash-closing-dashboard","event":"CASH_CLOSING_CLUSTER_FETCHED","totalClusters":4,"timestamp":"2026-07-28T12:32:28.215Z"}
28/7/2026, 6:02:28 pm | {"api":"/api/cash-closing-dashboard","event":"CASH_CLOSING_BRANCH_FETCHED","totalBranches":56,"timestamp":"2026-07-28T12:32:28.218Z"}
28/7/2026, 6:02:28 pm | {"api":"/api/cash-closing-dashboard","event":"CASH_CLOSING_DASHBOARD_SUCCESS","totalRecords":56,"filters":{"cluster":"","branch":"","fromDate":"","toDate":"","status":""},"timestamp":"2026-07-28T12:32:28.219Z"}
28/7/2026, 6:02:28 pm | {"api":"/api/cash-closing-dashboard","event":"CASH_CLOSING_DASHBOARD_API_STARTED","filters":{"cluster":"","branch":"","fromDate":"","toDate":"","status":""},"timestamp":"2026-07-28T12:32:28.378Z"}
28/7/2026, 6:02:28 pm | {"api":"/api/cash-closing-dashboard","event":"CASH_CLOSING_DASHBOARD_DB_CONNECTED","timestamp":"2026-07-28T12:32:28.380Z"}
28/7/2026, 6:02:28 pm | {"api":"/api/cash-closing-dashboard","event":"CASH_CLOSING_DASHBOARD_QUERY_STARTED","filters":{"cluster":"","branch":"","fromDate":"","toDate":"","status":""},"timestamp":"2026-07-28T12:32:28.380Z"}
28/7/2026, 6:02:28 pm | {"api":"/api/cash-closing-dashboard","event":"CASH_CLOSING_DASHBOARD_DATA_FETCHED","totalRecords":56,"timestamp":"2026-07-28T12:32:28.388Z"}
28/7/2026, 6:02:28 pm | {"api":"/api/cash-closing-dashboard","event":"CASH_CLOSING_CLUSTER_FETCHED","totalClusters":4,"timestamp":"2026-07-28T12:32:28.392Z"}
28/7/2026, 6:02:28 pm | {"api":"/api/cash-closing-dashboard","event":"CASH_CLOSING_BRANCH_FETCHED","totalBranches":56,"timestamp":"2026-07-28T12:32:28.395Z"}
28/7/2026, 6:02:28 pm | {"api":"/api/cash-closing-dashboard","event":"CASH_CLOSING_DASHBOARD_SUCCESS","totalRecords":56,"filters":{"cluster":"","branch":"","fromDate":"","toDate":"","status":""},"timestamp":"2026-07-28T12:32:28.396Z"}
28/7/2026, 6:02:28 pm | {"api":"/api/cash-closing-dashboard","event":"CASH_CLOSING_DASHBOARD_API_STARTED","filters":{"cluster":"","branch":"","fromDate":"","toDate":"","status":""},"timestamp":"2026-07-28T12:32:28.666Z"}
28/7/2026, 6:02:28 pm | {"api":"/api/cash-closing-dashboard","event":"CASH_CLOSING_DASHBOARD_DB_CONNECTED","timestamp":"2026-07-28T12:32:28.667Z"}
28/7/2026, 6:02:28 pm | {"api":"/api/cash-closing-dashboard","event":"CASH_CLOSING_DASHBOARD_QUERY_STARTED","filters":{"cluster":"","branch":"","fromDate":"","toDate":"","status":""},"timestamp":"2026-07-28T12:32:28.668Z"}
28/7/2026, 6:02:28 pm | {"api":"/api/cash-closing-dashboard","event":"CASH_CLOSING_DASHBOARD_DATA_FETCHED","totalRecords":56,"timestamp":"2026-07-28T12:32:28.675Z"}
28/7/2026, 6:02:28 pm | {"api":"/api/cash-closing-dashboard","event":"CASH_CLOSING_CLUSTER_FETCHED","totalClusters":4,"timestamp":"2026-07-28T12:32:28.678Z"}
28/7/2026, 6:02:28 pm | {"api":"/api/cash-closing-dashboard","event":"CASH_CLOSING_BRANCH_FETCHED","totalBranches":56,"timestamp":"2026-07-28T12:32:28.682Z"}
28/7/2026, 6:02:28 pm | {"api":"/api/cash-closing-dashboard","event":"CASH_CLOSING_DASHBOARD_SUCCESS","totalRecords":56,"filters":{"cluster":"","branch":"","fromDate":"","toDate":"","status":""},"timestamp":"2026-07-28T12:32:28.682Z"}
28/7/2026, 6:02:28 pm | {"api":"/api/cash-closing-dashboard","event":"CASH_CLOSING_DASHBOARD_API_STARTED","filters":{"cluster":"","branch":"","fromDate":"","toDate":"","status":""},"timestamp":"2026-07-28T12:32:28.851Z"}
28/7/2026, 6:02:28 pm | {"api":"/api/cash-closing-dashboard","event":"CASH_CLOSING_DASHBOARD_DB_CONNECTED","timestamp":"2026-07-28T12:32:28.852Z"}
28/7/2026, 6:02:28 pm | {"api":"/api/cash-closing-dashboard","event":"CASH_CLOSING_DASHBOARD_QUERY_STARTED","filters":{"cluster":"","branch":"","fromDate":"","toDate":"","status":""},"timestamp":"2026-07-28T12:32:28.853Z"}
28/7/2026, 6:02:28 pm | {"api":"/api/cash-closing-dashboard","event":"CASH_CLOSING_DASHBOARD_DATA_FETCHED","totalRecords":56,"timestamp":"2026-07-28T12:32:28.860Z"}
28/7/2026, 6:02:28 pm | {"api":"/api/cash-closing-dashboard","event":"CASH_CLOSING_CLUSTER_FETCHED","totalClusters":4,"timestamp":"2026-07-28T12:32:28.864Z"}
28/7/2026, 6:02:28 pm | {"api":"/api/cash-closing-dashboard","event":"CASH_CLOSING_BRANCH_FETCHED","totalBranches":56,"timestamp":"2026-07-28T12:32:28.868Z"}
28/7/2026, 6:02:28 pm | {"api":"/api/cash-closing-dashboard","event":"CASH_CLOSING_DASHBOARD_SUCCESS","totalRecords":56,"filters":{"cluster":"","branch":"","fromDate":"","toDate":"","status":""},"timestamp":"2026-07-28T12:32:28.868Z"}
28/7/2026, 6:02:35 pm | {"api":"/api/cash-closing-dashboard","event":"CASH_CLOSING_DASHBOARD_API_STARTED","filters":{"cluster":"","branch":"","fromDate":"","toDate":"","status":""},"timestamp":"2026-07-28T12:32:35.077Z"}
28/7/2026, 6:02:35 pm | {"api":"/api/cash-closing-dashboard","event":"CASH_CLOSING_DASHBOARD_DB_CONNECTED","timestamp":"2026-07-28T12:32:35.078Z"}
28/7/2026, 6:02:35 pm | {"api":"/api/cash-closing-dashboard","event":"CASH_CLOSING_DASHBOARD_QUERY_STARTED","filters":{"cluster":"","branch":"","fromDate":"","toDate":"","status":""},"timestamp":"2026-07-28T12:32:35.078Z"}
28/7/2026, 6:02:35 pm | {"api":"/api/cash-closing-dashboard","event":"CASH_CLOSING_DASHBOARD_DATA_FETCHED","totalRecords":56,"timestamp":"2026-07-28T12:32:35.086Z"}
28/7/2026, 6:02:35 pm | {"api":"/api/cash-closing-dashboard","event":"CASH_CLOSING_CLUSTER_FETCHED","totalClusters":4,"timestamp":"2026-07-28T12:32:35.089Z"}
28/7/2026, 6:02:35 pm | {"api":"/api/cash-closing-dashboard","event":"CASH_CLOSING_BRANCH_FETCHED","totalBranches":56,"timestamp":"2026-07-28T12:32:35.093Z"}
28/7/2026, 6:02:35 pm | {"api":"/api/cash-closing-dashboard","event":"CASH_CLOSING_DASHBOARD_SUCCESS","totalRecords":56,"filters":{"cluster":"","branch":"","fromDate":"","toDate":"","status":""},"timestamp":"2026-07-28T12:32:35.094Z"}
28/7/2026, 6:02:35 pm | {"api":"/api/cash-closing-dashboard","event":"CASH_CLOSING_DASHBOARD_API_STARTED","filters":{"cluster":"","branch":"","fromDate":"","toDate":"","status":""},"timestamp":"2026-07-28T12:32:35.158Z"}
28/7/2026, 6:02:35 pm | {"api":"/api/cash-closing-dashboard","event":"CASH_CLOSING_DASHBOARD_DB_CONNECTED","timestamp":"2026-07-28T12:32:35.159Z"}
28/7/2026, 6:02:35 pm | {"api":"/api/cash-closing-dashboard","event":"CASH_CLOSING_DASHBOARD_QUERY_STARTED","filters":{"cluster":"","branch":"","fromDate":"","toDate":"","status":""},"timestamp":"2026-07-28T12:32:35.159Z"}
28/7/2026, 6:02:35 pm | {"api":"/api/cash-closing-dashboard","event":"CASH_CLOSING_DASHBOARD_DATA_FETCHED","totalRecords":56,"timestamp":"2026-07-28T12:32:35.165Z"}
28/7/2026, 6:02:35 pm | {"api":"/api/cash-closing-dashboard","event":"CASH_CLOSING_CLUSTER_FETCHED","totalClusters":4,"timestamp":"2026-07-28T12:32:35.169Z"}
28/7/2026, 6:02:35 pm | {"api":"/api/cash-closing-dashboard","event":"CASH_CLOSING_BRANCH_FETCHED","totalBranches":56,"timestamp":"2026-07-28T12:32:35.172Z"}
28/7/2026, 6:02:35 pm | {"api":"/api/cash-closing-dashboard","event":"CASH_CLOSING_DASHBOARD_SUCCESS","totalRecords":56,"filters":{"cluster":"","branch":"","fromDate":"","toDate":"","status":""},"timestamp":"2026-07-28T12:32:35.172Z"}
28/7/2026, 6:02:35 pm | {"api":"/api/cash-closing-dashboard","event":"CASH_CLOSING_DASHBOARD_API_STARTED","filters":{"cluster":"","branch":"","fromDate":"","toDate":"","status":""},"timestamp":"2026-07-28T12:32:35.284Z"}
28/7/2026, 6:02:35 pm | {"api":"/api/cash-closing-dashboard","event":"CASH_CLOSING_DASHBOARD_DB_CONNECTED","timestamp":"2026-07-28T12:32:35.285Z"}
28/7/2026, 6:02:35 pm | {"api":"/api/cash-closing-dashboard","event":"CASH_CLOSING_DASHBOARD_QUERY_STARTED","filters":{"cluster":"","branch":"","fromDate":"","toDate":"","status":""},"timestamp":"2026-07-28T12:32:35.286Z"}
28/7/2026, 6:02:35 pm | {"api":"/api/cash-closing-dashboard","event":"CASH_CLOSING_DASHBOARD_DATA_FETCHED","totalRecords":56,"timestamp":"2026-07-28T12:32:35.293Z"}
28/7/2026, 6:02:35 pm | {"api":"/api/cash-closing-dashboard","event":"CASH_CLOSING_CLUSTER_FETCHED","totalClusters":4,"timestamp":"2026-07-28T12:32:35.296Z"}
28/7/2026, 6:02:35 pm | {"api":"/api/cash-closing-dashboard","event":"CASH_CLOSING_BRANCH_FETCHED","totalBranches":56,"timestamp":"2026-07-28T12:32:35.299Z"}
28/7/2026, 6:02:35 pm | {"api":"/api/cash-closing-dashboard","event":"CASH_CLOSING_DASHBOARD_SUCCESS","totalRecords":56,"filters":{"cluster":"","branch":"","fromDate":"","toDate":"","status":""},"timestamp":"2026-07-28T12:32:35.300Z"}
28/7/2026, 6:02:45 pm | {"api":"/login","event":"LOGIN_API_STARTED","mpin":"9885","deviceId":"3fc36ee18c84527a","timestamp":"2026-07-28T12:32:45.146Z"}
28/7/2026, 6:02:45 pm | {"event":"LOGIN_REQUEST","mpin":"9885","deviceId":"3fc36ee18c84527a","timestamp":"2026-07-28T12:32:45.147Z"}
28/7/2026, 6:02:45 pm | {"api":"/login","event":"LOGIN_DB_QUERY_STARTED","mpin":"9885","timestamp":"2026-07-28T12:32:45.148Z"}
28/7/2026, 6:02:45 pm | {"api":"/login","event":"LOGIN_USER_FOUND","empNo":"419","branch":"Tadepalli","designation":"Branch Manager","timestamp":"2026-07-28T12:32:45.159Z"}
28/7/2026, 6:02:45 pm | {"api":"/login","event":"LOGIN_DEVICE_CHECK","empNo":"419","savedDevice":"3fc36ee18c84527a","currentDevice":"3fc36ee18c84527a","timestamp":"2026-07-28T12:32:45.160Z"}
28/7/2026, 6:02:45 pm | {"api":"/login","event":"LOGIN_SUCCESS","empNo":"419","branch":"Tadepalli","designation":"Branch Manager","loginTime":"2026-07-28T12:32:45.170Z"}
28/7/2026, 6:02:45 pm | {"api":"/employee/:empNo","event":"EMPLOYEE_API_STARTED","empNo":"419","timestamp":"2026-07-28T12:32:45.464Z"}
28/7/2026, 6:02:45 pm | {"api":"/employee/:empNo","event":"EMPLOYEE_DB_QUERY_STARTED","empNo":"419","timestamp":"2026-07-28T12:32:45.465Z"}
28/7/2026, 6:02:45 pm | {"api":"/employee/:empNo","event":"EMPLOYEE_FETCH_SUCCESS","empNo":"419","employeeName":"K.Anjaneyulu","branch":"Tadepalli","designation":"Branch Manager","timestamp":"2026-07-28T12:32:45.469Z"}
28/7/2026, 6:02:45 pm | {"api":"/last-submission/:empNo","event":"LAST_SUBMISSION_API_STARTED","empNo":"419","timestamp":"2026-07-28T12:32:45.544Z"}
28/7/2026, 6:02:45 pm | {"api":"/last-submission/:empNo","event":"LAST_SUBMISSION_DB_QUERY_STARTED","empNo":"419","timestamp":"2026-07-28T12:32:45.545Z"}
28/7/2026, 6:02:45 pm | {"api":"/last-submission/:empNo","event":"LAST_SUBMISSION_FETCH_SUCCESS","empNo":"419","amount":441000,"actionAt":"2026-07-27 17:49:15","timestamp":"2026-07-28T12:32:45.550Z"}
28/7/2026, 6:02:45 pm | {"api":"/today-cash/:empNo","event":"TODAY_CASH_API_STARTED","empNo":"419","timestamp":"2026-07-28T12:32:45.704Z"}
28/7/2026, 6:02:45 pm | {"api":"/today-cash/:empNo","event":"TODAY_CASH_DB_QUERY_STARTED","empNo":"419","timestamp":"2026-07-28T12:32:45.705Z"}
28/7/2026, 6:02:45 pm | {"api":"/today-cash/:empNo","event":"TODAY_CASH_NOT_FOUND","empNo":"419","timestamp":"2026-07-28T12:32:45.710Z"}
28/7/2026, 6:02:52 pm | {"api":"/save-cash-closing","event":"SAVE_CASH_API_STARTED","empNo":"419","amount":"218000","timestamp":"2026-07-28T12:32:52.399Z"}
28/7/2026, 6:02:52 pm | {"api":"/save-cash-closing","event":"PREVIOUS_DAY_RECORD_FOUND","empNo":"419","oldDate":"2026-07-27T00:00:00.000Z","amount":441000,"timestamp":"2026-07-28T12:32:52.405Z"}
28/7/2026, 6:02:52 pm | {"api":"/save-cash-closing","event":"PREVIOUS_DAY_MOVED_TO_HISTORY","empNo":"419","timestamp":"2026-07-28T12:32:52.412Z"}
28/7/2026, 6:02:52 pm | {"api":"/save-cash-closing","event":"PREVIOUS_DAY_DELETED","empNo":"419","timestamp":"2026-07-28T12:32:52.418Z"}
28/7/2026, 6:02:52 pm | {"api":"/save-cash-closing","event":"SAVE_CASH_NEW_ENTRY","empNo":"419","amount":"218000","branch":"Tadepalli","timestamp":"2026-07-28T12:32:52.421Z"}
28/7/2026, 6:02:52 pm | {"api":"/save-cash-closing","event":"SAVE_CASH_HISTORY_INSERTED","empNo":"419","actionType":"ADDED","version":1,"timestamp":"2026-07-28T12:32:52.433Z"}
28/7/2026, 6:02:52 pm | {"api":"/save-cash-closing","event":"SAVE_CASH_SUCCESS","type":"INSERT","empNo":"419","amount":"218000","timestamp":"2026-07-28T12:32:52.434Z"}
28/7/2026, 6:02:54 pm | {"api":"/save-cash-closing","event":"SAVE_CASH_API_STARTED","empNo":"419","amount":"218000","timestamp":"2026-07-28T12:32:54.223Z"}
28/7/2026, 6:02:54 pm | {"api":"/save-cash-closing","event":"SAVE_CASH_UPDATE_STARTED","empNo":"419","oldAmount":218000,"newAmount":"218000","currentVersion":1,"nextVersion":2,"timestamp":"2026-07-28T12:32:54.231Z"}
28/7/2026, 6:02:54 pm | {"api":"/save-cash-closing","event":"SAVE_CASH_HISTORY_UPDATED","empNo":"419","version":2,"timestamp":"2026-07-28T12:32:54.242Z"}
28/7/2026, 6:02:54 pm | {"api":"/save-cash-closing","event":"SAVE_CASH_SUCCESS","type":"UPDATE","empNo":"419","amount":"218000","version":2,"timestamp":"2026-07-28T12:32:54.243Z"}
28/7/2026, 6:02:56 pm | {"api":"/save-cash-closing","event":"SAVE_CASH_API_STARTED","empNo":"419","amount":"218000","timestamp":"2026-07-28T12:32:56.184Z"}
28/7/2026, 6:02:56 pm | {"api":"/save-cash-closing","event":"SAVE_CASH_UPDATE_STARTED","empNo":"419","oldAmount":218000,"newAmount":"218000","currentVersion":2,"nextVersion":3,"timestamp":"2026-07-28T12:32:56.194Z"}
28/7/2026, 6:02:56 pm | {"api":"/save-cash-closing","event":"SAVE_CASH_HISTORY_UPDATED","empNo":"419","version":3,"timestamp":"2026-07-28T12:32:56.206Z"}
28/7/2026, 6:02:56 pm | {"api":"/save-cash-closing","event":"SAVE_CASH_SUCCESS","type":"UPDATE","empNo":"419","amount":"218000","version":3,"timestamp":"2026-07-28T12:32:56.206Z"}
28/7/2026, 6:02:58 pm | {"api":"/api/cash-closing-dashboard","event":"CASH_CLOSING_DASHBOARD_API_STARTED","filters":{"cluster":"","branch":"","fromDate":"","toDate":"","status":""},"timestamp":"2026-07-28T12:32:58.367Z"}
28/7/2026, 6:02:58 pm | {"api":"/api/cash-closing-dashboard","event":"CASH_CLOSING_DASHBOARD_DB_CONNECTED","timestamp":"2026-07-28T12:32:58.368Z"}
28/7/2026, 6:02:58 pm | {"api":"/api/cash-closing-dashboard","event":"CASH_CLOSING_DASHBOARD_QUERY_STARTED","filters":{"cluster":"","branch":"","fromDate":"","toDate":"","status":""},"timestamp":"2026-07-28T12:32:58.369Z"}
28/7/2026, 6:02:58 pm | {"api":"/api/cash-closing-dashboard","event":"CASH_CLOSING_DASHBOARD_DATA_FETCHED","totalRecords":56,"timestamp":"2026-07-28T12:32:58.374Z"}
28/7/2026, 6:02:58 pm | {"api":"/api/cash-closing-dashboard","event":"CASH_CLOSING_CLUSTER_FETCHED","totalClusters":4,"timestamp":"2026-07-28T12:32:58.377Z"}
28/7/2026, 6:02:58 pm | {"api":"/api/cash-closing-dashboard","event":"CASH_CLOSING_BRANCH_FETCHED","totalBranches":56,"timestamp":"2026-07-28T12:32:58.381Z"}
28/7/2026, 6:02:58 pm | {"api":"/api/cash-closing-dashboard","event":"CASH_CLOSING_DASHBOARD_SUCCESS","totalRecords":56,"filters":{"cluster":"","branch":"","fromDate":"","toDate":"","status":""},"timestamp":"2026-07-28T12:32:58.381Z"}
28/7/2026, 6:02:58 pm | {"api":"/save-cash-closing","event":"SAVE_CASH_API_STARTED","empNo":"419","amount":"218000","timestamp":"2026-07-28T12:32:58.423Z"}
28/7/2026, 6:02:58 pm | {"api":"/save-cash-closing","event":"SAVE_CASH_UPDATE_STARTED","empNo":"419","oldAmount":218000,"newAmount":"218000","currentVersion":3,"nextVersion":4,"timestamp":"2026-07-28T12:32:58.431Z"}
28/7/2026, 6:02:58 pm | {"api":"/save-cash-closing","event":"SAVE_CASH_HISTORY_UPDATED","empNo":"419","version":4,"timestamp":"2026-07-28T12:32:58.445Z"}
28/7/2026, 6:02:58 pm | {"api":"/save-cash-closing","event":"SAVE_CASH_SUCCESS","type":"UPDATE","empNo":"419","amount":"218000","version":4,"timestamp":"2026-07-28T12:32:58.446Z"}
28/7/2026, 6:02:58 pm | {"api":"/api/cash-closing-dashboard","event":"CASH_CLOSING_DASHBOARD_API_STARTED","filters":{"cluster":"","branch":"","fromDate":"","toDate":"","status":""},"timestamp":"2026-07-28T12:32:58.481Z"}
28/7/2026, 6:02:58 pm | {"api":"/api/cash-closing-dashboard","event":"CASH_CLOSING_DASHBOARD_DB_CONNECTED","timestamp":"2026-07-28T12:32:58.482Z"}
28/7/2026, 6:02:58 pm | {"api":"/api/cash-closing-dashboard","event":"CASH_CLOSING_DASHBOARD_QUERY_STARTED","filters":{"cluster":"","branch":"","fromDate":"","toDate":"","status":""},"timestamp":"2026-07-28T12:32:58.483Z"}
28/7/2026, 6:02:58 pm | {"api":"/api/cash-closing-dashboard","event":"CASH_CLOSING_DASHBOARD_DATA_FETCHED","totalRecords":56,"timestamp":"2026-07-28T12:32:58.514Z"}
28/7/2026, 6:02:58 pm | {"api":"/api/cash-closing-dashboard","event":"CASH_CLOSING_CLUSTER_FETCHED","totalClusters":4,"timestamp":"2026-07-28T12:32:58.518Z"}
28/7/2026, 6:02:58 pm | {"api":"/api/cash-closing-dashboard","event":"CASH_CLOSING_BRANCH_FETCHED","totalBranches":56,"timestamp":"2026-07-28T12:32:58.523Z"}
28/7/2026, 6:02:58 pm | {"api":"/api/cash-closing-dashboard","event":"CASH_CLOSING_DASHBOARD_SUCCESS","totalRecords":56,"filters":{"cluster":"","branch":"","fromDate":"","toDate":"","status":""},"timestamp":"2026-07-28T12:32:58.524Z"}
28/7/2026, 6:02:58 pm | {"api":"/api/cash-closing-dashboard","event":"CASH_CLOSING_DASHBOARD_API_STARTED","filters":{"cluster":"","branch":"","fromDate":"","toDate":"","status":""},"timestamp":"2026-07-28T12:32:58.609Z"}
28/7/2026, 6:02:58 pm | {"api":"/api/cash-closing-dashboard","event":"CASH_CLOSING_DASHBOARD_DB_CONNECTED","timestamp":"2026-07-28T12:32:58.610Z"}
28/7/2026, 6:02:58 pm | {"api":"/api/cash-closing-dashboard","event":"CASH_CLOSING_DASHBOARD_QUERY_STARTED","filters":{"cluster":"","branch":"","fromDate":"","toDate":"","status":""},"timestamp":"2026-07-28T12:32:58.611Z"}
28/7/2026, 6:02:58 pm | {"api":"/api/cash-closing-dashboard","event":"CASH_CLOSING_DASHBOARD_DATA_FETCHED","totalRecords":56,"timestamp":"2026-07-28T12:32:58.618Z"}
28/7/2026, 6:02:58 pm | {"api":"/api/cash-closing-dashboard","event":"CASH_CLOSING_CLUSTER_FETCHED","totalClusters":4,"timestamp":"2026-07-28T12:32:58.621Z"}
28/7/2026, 6:02:58 pm | {"api":"/api/cash-closing-dashboard","event":"CASH_CLOSING_BRANCH_FETCHED","totalBranches":56,"timestamp":"2026-07-28T12:32:58.624Z"}
28/7/2026, 6:02:58 pm | {"api":"/api/cash-closing-dashboard","event":"CASH_CLOSING_DASHBOARD_SUCCESS","totalRecords":56,"filters":{"cluster":"","branch":"","fromDate":"","toDate":"","status":""},"timestamp":"2026-07-28T12:32:58.625Z"}
28/7/2026, 6:02:59 pm | {"api":"/api/cash-closing-dashboard","event":"CASH_CLOSING_DASHBOARD_API_STARTED","filters":{"cluster":"","branch":"","fromDate":"","toDate":"","status":""},"timestamp":"2026-07-28T12:32:59.026Z"}
28/7/2026, 6:02:59 pm | {"api":"/api/cash-closing-dashboard","event":"CASH_CLOSING_DASHBOARD_DB_CONNECTED","timestamp":"2026-07-28T12:32:59.026Z"}
28/7/2026, 6:02:59 pm | {"api":"/api/cash-closing-dashboard","event":"CASH_CLOSING_DASHBOARD_QUERY_STARTED","filters":{"cluster":"","branch":"","fromDate":"","toDate":"","status":""},"timestamp":"2026-07-28T12:32:59.027Z"}
28/7/2026, 6:02:59 pm | {"api":"/api/cash-closing-dashboard","event":"CASH_CLOSING_DASHBOARD_DATA_FETCHED","totalRecords":56,"timestamp":"2026-07-28T12:32:59.032Z"}
28/7/2026, 6:02:59 pm | {"api":"/api/cash-closing-dashboard","event":"CASH_CLOSING_CLUSTER_FETCHED","totalClusters":4,"timestamp":"2026-07-28T12:32:59.036Z"}
28/7/2026, 6:02:59 pm | {"api":"/api/cash-closing-dashboard","event":"CASH_CLOSING_BRANCH_FETCHED","totalBranches":56,"timestamp":"2026-07-28T12:32:59.039Z"}
28/7/2026, 6:02:59 pm | {"api":"/api/cash-closing-dashboard","event":"CASH_CLOSING_DASHBOARD_SUCCESS","totalRecords":56,"filters":{"cluster":"","branch":"","fromDate":"","toDate":"","status":""},"timestamp":"2026-07-28T12:32:59.040Z"}
28/7/2026, 6:03:02 pm | {"api":"/api/cash-closing-dashboard","event":"CASH_CLOSING_DASHBOARD_API_STARTED","filters":{"cluster":"","branch":"","fromDate":"","toDate":"","status":""},"timestamp":"2026-07-28T12:33:02.059Z"}
28/7/2026, 6:03:02 pm | {"api":"/api/cash-closing-dashboard","event":"CASH_CLOSING_DASHBOARD_DB_CONNECTED","timestamp":"2026-07-28T12:33:02.060Z"}
28/7/2026, 6:03:02 pm | {"api":"/api/cash-closing-dashboard","event":"CASH_CLOSING_DASHBOARD_QUERY_STARTED","filters":{"cluster":"","branch":"","fromDate":"","toDate":"","status":""},"timestamp":"2026-07-28T12:33:02.061Z"}
28/7/2026, 6:03:02 pm | {"api":"/api/cash-closing-dashboard","event":"CASH_CLOSING_DASHBOARD_DATA_FETCHED","totalRecords":56,"timestamp":"2026-07-28T12:33:02.068Z"}
28/7/2026, 6:03:02 pm | {"api":"/api/cash-closing-dashboard","event":"CASH_CLOSING_CLUSTER_FETCHED","totalClusters":4,"timestamp":"2026-07-28T12:33:02.071Z"}
28/7/2026, 6:03:02 pm | {"api":"/api/cash-closing-dashboard","event":"CASH_CLOSING_BRANCH_FETCHED","totalBranches":56,"timestamp":"2026-07-28T12:33:02.074Z"}
28/7/2026, 6:03:02 pm | {"api":"/api/cash-closing-dashboard","event":"CASH_CLOSING_DASHBOARD_SUCCESS","totalRecords":56,"filters":{"cluster":"","branch":"","fromDate":"","toDate":"","status":""},"timestamp":"2026-07-28T12:33:02.075Z"}
28/7/2026, 6:03:02 pm | {"api":"/api/cash-closing-dashboard","event":"CASH_CLOSING_DASHBOARD_API_STARTED","filters":{"cluster":"","branch":"","fromDate":"","toDate":"","status":""},"timestamp":"2026-07-28T12:33:02.201Z"}
28/7/2026, 6:03:02 pm | {"api":"/api/cash-closing-dashboard","event":"CASH_CLOSING_DASHBOARD_DB_CONNECTED","timestamp":"2026-07-28T12:33:02.202Z"}
28/7/2026, 6:03:02 pm | {"api":"/api/cash-closing-dashboard","event":"CASH_CLOSING_DASHBOARD_QUERY_STARTED","filters":{"cluster":"","branch":"","fromDate":"","toDate":"","status":""},"timestamp":"2026-07-28T12:33:02.203Z"}
28/7/2026, 6:03:02 pm | {"api":"/api/cash-closing-dashboard","event":"CASH_CLOSING_DASHBOARD_DATA_FETCHED","totalRecords":56,"timestamp":"2026-07-28T12:33:02.210Z"}
28/7/2026, 6:03:02 pm | {"api":"/api/cash-closing-dashboard","event":"CASH_CLOSING_CLUSTER_FETCHED","totalClusters":4,"timestamp":"2026-07-28T12:33:02.213Z"}
28/7/2026, 6:03:02 pm | {"api":"/api/cash-closing-dashboard","event":"CASH_CLOSING_BRANCH_FETCHED","totalBranches":56,"timestamp":"2026-07-28T12:33:02.216Z"}
28/7/2026, 6:03:02 pm | {"api":"/api/cash-closing-dashboard","event":"CASH_CLOSING_DASHBOARD_SUCCESS","totalRecords":56,"filters":{"cluster":"","branch":"","fromDate":"","toDate":"","status":""},"timestamp":"2026-07-28T12:33:02.217Z"}
28/7/2026, 6:03:02 pm | {"api":"/api/cash-closing-dashboard","event":"CASH_CLOSING_DASHBOARD_API_STARTED","filters":{"cluster":"","branch":"","fromDate":"","toDate":"","status":""},"timestamp":"2026-07-28T12:33:02.457Z"}
28/7/2026, 6:03:02 pm | {"api":"/api/cash-closing-dashboard","event":"CASH_CLOSING_DASHBOARD_DB_CONNECTED","timestamp":"2026-07-28T12:33:02.459Z"}
28/7/2026, 6:03:02 pm | {"api":"/api/cash-closing-dashboard","event":"CASH_CLOSING_DASHBOARD_QUERY_STARTED","filters":{"cluster":"","branch":"","fromDate":"","toDate":"","status":""},"timestamp":"2026-07-28T12:33:02.459Z"}
28/7/2026, 6:03:02 pm | {"api":"/api/cash-closing-dashboard","event":"CASH_CLOSING_DASHBOARD_DATA_FETCHED","totalRecords":56,"timestamp":"2026-07-28T12:33:02.466Z"}
28/7/2026, 6:03:02 pm | {"api":"/api/cash-closing-dashboard","event":"CASH_CLOSING_CLUSTER_FETCHED","totalClusters":4,"timestamp":"2026-07-28T12:33:02.471Z"}
28/7/2026, 6:03:02 pm | {"api":"/api/cash-closing-dashboard","event":"CASH_CLOSING_BRANCH_FETCHED","totalBranches":56,"timestamp":"2026-07-28T12:33:02.474Z"}
28/7/2026, 6:03:02 pm | {"api":"/api/cash-closing-dashboard","event":"CASH_CLOSING_DASHBOARD_SUCCESS","totalRecords":56,"filters":{"cluster":"","branch":"","fromDate":"","toDate":"","status":""},"timestamp":"2026-07-28T12:33:02.474Z"}
28/7/2026, 6:03:56 pm | {"api":"/api/cash-closing-dashboard","event":"CASH_CLOSING_DASHBOARD_API_STARTED","filters":{"cluster":"","branch":"","fromDate":"","toDate":"","status":""},"timestamp":"2026-07-28T12:33:56.902Z"}
28/7/2026, 6:03:56 pm | {"api":"/api/cash-closing-dashboard","event":"CASH_CLOSING_DASHBOARD_DB_CONNECTED","timestamp":"2026-07-28T12:33:56.903Z"}
28/7/2026, 6:03:56 pm | {"api":"/api/cash-closing-dashboard","event":"CASH_CLOSING_DASHBOARD_QUERY_STARTED","filters":{"cluster":"","branch":"","fromDate":"","toDate":"","status":""},"timestamp":"2026-07-28T12:33:56.904Z"}
28/7/2026, 6:03:56 pm | {"api":"/api/cash-closing-dashboard","event":"CASH_CLOSING_DASHBOARD_DATA_FETCHED","totalRecords":56,"timestamp":"2026-07-28T12:33:56.916Z"}
28/7/2026, 6:03:56 pm | {"api":"/api/cash-closing-dashboard","event":"CASH_CLOSING_CLUSTER_FETCHED","totalClusters":4,"timestamp":"2026-07-28T12:33:56.919Z"}
28/7/2026, 6:03:56 pm | {"api":"/api/cash-closing-dashboard","event":"CASH_CLOSING_BRANCH_FETCHED","totalBranches":56,"timestamp":"2026-07-28T12:33:56.923Z"}
28/7/2026, 6:03:56 pm | {"api":"/api/cash-closing-dashboard","event":"CASH_CLOSING_DASHBOARD_SUCCESS","totalRecords":56,"filters":{"cluster":"","branch":"","fromDate":"","toDate":"","status":""},"timestamp":"2026-07-28T12:33:56.924Z"}
28/7/2026, 6:03:56 pm | {"api":"/api/cash-closing-dashboard","event":"CASH_CLOSING_DASHBOARD_API_STARTED","filters":{"cluster":"","branch":"","fromDate":"","toDate":"","status":""},"timestamp":"2026-07-28T12:33:56.936Z"}
28/7/2026, 6:03:56 pm | {"api":"/api/cash-closing-dashboard","event":"CASH_CLOSING_DASHBOARD_DB_CONNECTED","timestamp":"2026-07-28T12:33:56.937Z"}
28/7/2026, 6:03:56 pm | {"api":"/api/cash-closing-dashboard","event":"CASH_CLOSING_DASHBOARD_QUERY_STARTED","filters":{"cluster":"","branch":"","fromDate":"","toDate":"","status":""},"timestamp":"2026-07-28T12:33:56.937Z"}
28/7/2026, 6:03:56 pm | {"api":"/api/cash-closing-dashboard","event":"CASH_CLOSING_DASHBOARD_DATA_FETCHED","totalRecords":56,"timestamp":"2026-07-28T12:33:56.943Z"}
28/7/2026, 6:03:56 pm | {"api":"/api/cash-closing-dashboard","event":"CASH_CLOSING_CLUSTER_FETCHED","totalClusters":4,"timestamp":"2026-07-28T12:33:56.946Z"}
28/7/2026, 6:03:56 pm | {"api":"/api/cash-closing-dashboard","event":"CASH_CLOSING_BRANCH_FETCHED","totalBranches":56,"timestamp":"2026-07-28T12:33:56.949Z"}
28/7/2026, 6:03:56 pm | {"api":"/api/cash-closing-dashboard","event":"CASH_CLOSING_DASHBOARD_SUCCESS","totalRecords":56,"filters":{"cluster":"","branch":"","fromDate":"","toDate":"","status":""},"timestamp":"2026-07-28T12:33:56.950Z"}
28/7/2026, 6:03:57 pm | {"api":"/api/cash-closing-dashboard","event":"CASH_CLOSING_DASHBOARD_API_STARTED","filters":{"cluster":"","branch":"","fromDate":"","toDate":"","status":""},"timestamp":"2026-07-28T12:33:57.060Z"}
28/7/2026, 6:03:57 pm | {"api":"/api/cash-closing-dashboard","event":"CASH_CLOSING_DASHBOARD_DB_CONNECTED","timestamp":"2026-07-28T12:33:57.060Z"}
28/7/2026, 6:03:57 pm | {"api":"/api/cash-closing-dashboard","event":"CASH_CLOSING_DASHBOARD_QUERY_STARTED","filters":{"cluster":"","branch":"","fromDate":"","toDate":"","status":""},"timestamp":"2026-07-28T12:33:57.061Z"}
28/7/2026, 6:03:57 pm | {"api":"/api/cash-closing-dashboard","event":"CASH_CLOSING_DASHBOARD_DATA_FETCHED","totalRecords":56,"timestamp":"2026-07-28T12:33:57.067Z"}
28/7/2026, 6:03:57 pm | {"api":"/api/cash-closing-dashboard","event":"CASH_CLOSING_CLUSTER_FETCHED","totalClusters":4,"timestamp":"2026-07-28T12:33:57.070Z"}
28/7/2026, 6:03:57 pm | {"api":"/api/cash-closing-dashboard","event":"CASH_CLOSING_BRANCH_FETCHED","totalBranches":56,"timestamp":"2026-07-28T12:33:57.073Z"}
28/7/2026, 6:03:57 pm | {"api":"/api/cash-closing-dashboard","event":"CASH_CLOSING_DASHBOARD_SUCCESS","totalRecords":56,"filters":{"cluster":"","branch":"","fromDate":"","toDate":"","status":""},"timestamp":"2026-07-28T12:33:57.074Z"}
28/7/2026, 6:03:57 pm | {"api":"/api/cash-closing-dashboard","event":"CASH_CLOSING_DASHBOARD_API_STARTED","filters":{"cluster":"","branch":"","fromDate":"","toDate":"","status":""},"timestamp":"2026-07-28T12:33:57.139Z"}
28/7/2026, 6:03:57 pm | {"api":"/api/cash-closing-dashboard","event":"CASH_CLOSING_DASHBOARD_DB_CONNECTED","timestamp":"2026-07-28T12:33:57.140Z"}
28/7/2026, 6:03:57 pm | {"api":"/api/cash-closing-dashboard","event":"CASH_CLOSING_DASHBOARD_QUERY_STARTED","filters":{"cluster":"","branch":"","fromDate":"","toDate":"","status":""},"timestamp":"2026-07-28T12:33:57.140Z"}
28/7/2026, 6:03:57 pm | {"api":"/api/cash-closing-dashboard","event":"CASH_CLOSING_DASHBOARD_DATA_FETCHED","totalRecords":56,"timestamp":"2026-07-28T12:33:57.146Z"}
28/7/2026, 6:03:57 pm | {"api":"/api/cash-closing-dashboard","event":"CASH_CLOSING_CLUSTER_FETCHED","totalClusters":4,"timestamp":"2026-07-28T12:33:57.149Z"}
28/7/2026, 6:03:57 pm | {"api":"/api/cash-closing-dashboard","event":"CASH_CLOSING_BRANCH_FETCHED","totalBranches":56,"timestamp":"2026-07-28T12:33:57.152Z"}
28/7/2026, 6:03:57 pm | {"api":"/api/cash-closing-dashboard","event":"CASH_CLOSING_DASHBOARD_SUCCESS","totalRecords":56,"filters":{"cluster":"","branch":"","fromDate":"","toDate":"","status":""},"timestamp":"2026-07-28T12:33:57.153Z"}
28/7/2026, 6:03:57 pm | {"api":"/api/cash-closing-dashboard","event":"CASH_CLOSING_DASHBOARD_API_STARTED","filters":{"cluster":"","branch":"","fromDate":"","toDate":"","status":""},"timestamp":"2026-07-28T12:33:57.434Z"}
28/7/2026, 6:03:57 pm | {"api":"/api/cash-closing-dashboard","event":"CASH_CLOSING_DASHBOARD_DB_CONNECTED","timestamp":"2026-07-28T12:33:57.435Z"}
28/7/2026, 6:03:57 pm | {"api":"/api/cash-closing-dashboard","event":"CASH_CLOSING_DASHBOARD_QUERY_STARTED","filters":{"cluster":"","branch":"","fromDate":"","toDate":"","status":""},"timestamp":"2026-07-28T12:33:57.436Z"}
28/7/2026, 6:03:57 pm | {"api":"/api/cash-closing-dashboard","event":"CASH_CLOSING_DASHBOARD_DATA_FETCHED","totalRecords":56,"timestamp":"2026-07-28T12:33:57.442Z"}
28/7/2026, 6:03:57 pm | {"api":"/api/cash-closing-dashboard","event":"CASH_CLOSING_CLUSTER_FETCHED","totalClusters":4,"timestamp":"2026-07-28T12:33:57.445Z"}
28/7/2026, 6:03:57 pm | {"api":"/api/cash-closing-dashboard","event":"CASH_CLOSING_BRANCH_FETCHED","totalBranches":56,"timestamp":"2026-07-28T12:33:57.448Z"}
28/7/2026, 6:03:57 pm | {"api":"/api/cash-closing-dashboard","event":"CASH_CLOSING_DASHBOARD_SUCCESS","totalRecords":56,"filters":{"cluster":"","branch":"","fromDate":"","toDate":"","status":""},"timestamp":"2026-07-28T12:33:57.449Z"}
28/7/2026, 6:03:57 pm | {"api":"/api/cash-closing-dashboard","event":"CASH_CLOSING_DASHBOARD_API_STARTED","filters":{"cluster":"","branch":"","fromDate":"","toDate":"","status":""},"timestamp":"2026-07-28T12:33:57.587Z"}
28/7/2026, 6:03:57 pm | {"api":"/api/cash-closing-dashboard","event":"CASH_CLOSING_DASHBOARD_DB_CONNECTED","timestamp":"2026-07-28T12:33:57.588Z"}
28/7/2026, 6:03:57 pm | {"api":"/api/cash-closing-dashboard","event":"CASH_CLOSING_DASHBOARD_QUERY_STARTED","filters":{"cluster":"","branch":"","fromDate":"","toDate":"","status":""},"timestamp":"2026-07-28T12:33:57.588Z"}
28/7/2026, 6:03:57 pm | {"api":"/api/cash-closing-dashboard","event":"CASH_CLOSING_DASHBOARD_DATA_FETCHED","totalRecords":56,"timestamp":"2026-07-28T12:33:57.594Z"}
28/7/2026, 6:03:57 pm | {"api":"/api/cash-closing-dashboard","event":"CASH_CLOSING_CLUSTER_FETCHED","totalClusters":4,"timestamp":"2026-07-28T12:33:57.597Z"}
28/7/2026, 6:03:57 pm | {"api":"/api/cash-closing-dashboard","event":"CASH_CLOSING_BRANCH_FETCHED","totalBranches":56,"timestamp":"2026-07-28T12:33:57.601Z"}
28/7/2026, 6:03:57 pm | {"api":"/api/cash-closing-dashboard","event":"CASH_CLOSING_DASHBOARD_SUCCESS","totalRecords":56,"filters":{"cluster":"","branch":"","fromDate":"","toDate":"","status":""},"timestamp":"2026-07-28T12:33:57.601Z"}
28/7/2026, 6:03:57 pm | {"api":"/api/cash-closing-dashboard","event":"CASH_CLOSING_DASHBOARD_API_STARTED","filters":{"cluster":"","branch":"","fromDate":"","toDate":"","status":""},"timestamp":"2026-07-28T12:33:57.723Z"}
28/7/2026, 6:03:57 pm | {"api":"/api/cash-closing-dashboard","event":"CASH_CLOSING_DASHBOARD_DB_CONNECTED","timestamp":"2026-07-28T12:33:57.724Z"}
28/7/2026, 6:03:57 pm | {"api":"/api/cash-closing-dashboard","event":"CASH_CLOSING_DASHBOARD_QUERY_STARTED","filters":{"cluster":"","branch":"","fromDate":"","toDate":"","status":""},"timestamp":"2026-07-28T12:33:57.724Z"}
28/7/2026, 6:03:57 pm | {"api":"/api/cash-closing-dashboard","event":"CASH_CLOSING_DASHBOARD_DATA_FETCHED","totalRecords":56,"timestamp":"2026-07-28T12:33:57.731Z"}
28/7/2026, 6:03:57 pm | {"api":"/api/cash-closing-dashboard","event":"CASH_CLOSING_CLUSTER_FETCHED","totalClusters":4,"timestamp":"2026-07-28T12:33:57.735Z"}
28/7/2026, 6:03:57 pm | {"api":"/api/cash-closing-dashboard","event":"CASH_CLOSING_BRANCH_FETCHED","totalBranches":56,"timestamp":"2026-07-28T12:33:57.738Z"}
28/7/2026, 6:03:57 pm | {"api":"/api/cash-closing-dashboard","event":"CASH_CLOSING_DASHBOARD_SUCCESS","totalRecords":56,"filters":{"cluster":"","branch":"","fromDate":"","toDate":"","status":""},"timestamp":"2026-07-28T12:33:57.739Z"}
28/7/2026, 6:03:57 pm | {"api":"/api/cash-closing-dashboard","event":"CASH_CLOSING_DASHBOARD_API_STARTED","filters":{"cluster":"","branch":"","fromDate":"","toDate":"","status":""},"timestamp":"2026-07-28T12:33:57.859Z"}
28/7/2026, 6:03:57 pm | {"api":"/api/cash-closing-dashboard","event":"CASH_CLOSING_DASHBOARD_DB_CONNECTED","timestamp":"2026-07-28T12:33:57.860Z"}
28/7/2026, 6:03:57 pm | {"api":"/api/cash-closing-dashboard","event":"CASH_CLOSING_DASHBOARD_QUERY_STARTED","filters":{"cluster":"","branch":"","fromDate":"","toDate":"","status":""},"timestamp":"2026-07-28T12:33:57.861Z"}
28/7/2026, 6:03:57 pm | {"api":"/api/cash-closing-dashboard","event":"CASH_CLOSING_DASHBOARD_DATA_FETCHED","totalRecords":56,"timestamp":"2026-07-28T12:33:57.870Z"}
28/7/2026, 6:03:57 pm | {"api":"/api/cash-closing-dashboard","event":"CASH_CLOSING_CLUSTER_FETCHED","totalClusters":4,"timestamp":"2026-07-28T12:33:57.874Z"}
28/7/2026, 6:03:57 pm | {"api":"/api/cash-closing-dashboard","event":"CASH_CLOSING_BRANCH_FETCHED","totalBranches":56,"timestamp":"2026-07-28T12:33:57.877Z"}
28/7/2026, 6:03:57 pm | {"api":"/api/cash-closing-dashboard","event":"CASH_CLOSING_DASHBOARD_SUCCESS","totalRecords":56,"filters":{"cluster":"","branch":"","fromDate":"","toDate":"","status":""},"timestamp":"2026-07-28T12:33:57.878Z"}
28/7/2026, 6:03:57 pm | {"api":"/api/cash-closing-dashboard","event":"CASH_CLOSING_DASHBOARD_API_STARTED","filters":{"cluster":"","branch":"","fromDate":"","toDate":"","status":""},"timestamp":"2026-07-28T12:33:57.995Z"}
28/7/2026, 6:03:57 pm | {"api":"/api/cash-closing-dashboard","event":"CASH_CLOSING_DASHBOARD_DB_CONNECTED","timestamp":"2026-07-28T12:33:57.996Z"}
28/7/2026, 6:03:57 pm | {"api":"/api/cash-closing-dashboard","event":"CASH_CLOSING_DASHBOARD_QUERY_STARTED","filters":{"cluster":"","branch":"","fromDate":"","toDate":"","status":""},"timestamp":"2026-07-28T12:33:57.997Z"}
28/7/2026, 6:03:58 pm | {"api":"/api/cash-closing-dashboard","event":"CASH_CLOSING_DASHBOARD_DATA_FETCHED","totalRecords":56,"timestamp":"2026-07-28T12:33:58.004Z"}
28/7/2026, 6:03:58 pm | {"api":"/api/cash-closing-dashboard","event":"CASH_CLOSING_CLUSTER_FETCHED","totalClusters":4,"timestamp":"2026-07-28T12:33:58.007Z"}
28/7/2026, 6:03:58 pm | {"api":"/api/cash-closing-dashboard","event":"CASH_CLOSING_BRANCH_FETCHED","totalBranches":56,"timestamp":"2026-07-28T12:33:58.010Z"}
28/7/2026, 6:03:58 pm | {"api":"/api/cash-closing-dashboard","event":"CASH_CLOSING_DASHBOARD_SUCCESS","totalRecords":56,"filters":{"cluster":"","branch":"","fromDate":"","toDate":"","status":""},"timestamp":"2026-07-28T12:33:58.011Z"}
28/7/2026, 6:03:58 pm | {"api":"/api/cash-closing-dashboard","event":"CASH_CLOSING_DASHBOARD_API_STARTED","filters":{"cluster":"","branch":"","fromDate":"","toDate":"","status":""},"timestamp":"2026-07-28T12:33:58.115Z"}
28/7/2026, 6:03:58 pm | {"api":"/api/cash-closing-dashboard","event":"CASH_CLOSING_DASHBOARD_DB_CONNECTED","timestamp":"2026-07-28T12:33:58.116Z"}
28/7/2026, 6:03:58 pm | {"api":"/api/cash-closing-dashboard","event":"CASH_CLOSING_DASHBOARD_QUERY_STARTED","filters":{"cluster":"","branch":"","fromDate":"","toDate":"","status":""},"timestamp":"2026-07-28T12:33:58.117Z"}
28/7/2026, 6:03:58 pm | {"api":"/api/cash-closing-dashboard","event":"CASH_CLOSING_DASHBOARD_DATA_FETCHED","totalRecords":56,"timestamp":"2026-07-28T12:33:58.123Z"}
28/7/2026, 6:03:58 pm | {"api":"/api/cash-closing-dashboard","event":"CASH_CLOSING_CLUSTER_FETCHED","totalClusters":4,"timestamp":"2026-07-28T12:33:58.126Z"}
28/7/2026, 6:03:58 pm | {"api":"/api/cash-closing-dashboard","event":"CASH_CLOSING_BRANCH_FETCHED","totalBranches":56,"timestamp":"2026-07-28T12:33:58.130Z"}
28/7/2026, 6:03:58 pm | {"api":"/api/cash-closing-dashboard","event":"CASH_CLOSING_DASHBOARD_SUCCESS","totalRecords":56,"filters":{"cluster":"","branch":"","fromDate":"","toDate":"","status":""},"timestamp":"2026-07-28T12:33:58.131Z"}
28/7/2026, 6:04:31 pm | {"api":"/api/cash-closing-dashboard","event":"CASH_CLOSING_DASHBOARD_API_STARTED","filters":{"cluster":"","branch":"","fromDate":"","toDate":"","status":""},"timestamp":"2026-07-28T12:34:31.416Z"}
28/7/2026, 6:04:31 pm | {"api":"/api/cash-closing-dashboard","event":"CASH_CLOSING_DASHBOARD_DB_CONNECTED","timestamp":"2026-07-28T12:34:31.417Z"}
28/7/2026, 6:04:31 pm | {"api":"/api/cash-closing-dashboard","event":"CASH_CLOSING_DASHBOARD_QUERY_STARTED","filters":{"cluster":"","branch":"","fromDate":"","toDate":"","status":""},"timestamp":"2026-07-28T12:34:31.418Z"}
28/7/2026, 6:04:31 pm | {"api":"/api/cash-closing-dashboard","event":"CASH_CLOSING_DASHBOARD_DATA_FETCHED","totalRecords":56,"timestamp":"2026-07-28T12:34:31.429Z"}
28/7/2026, 6:04:31 pm | {"api":"/api/cash-closing-dashboard","event":"CASH_CLOSING_CLUSTER_FETCHED","totalClusters":4,"timestamp":"2026-07-28T12:34:31.433Z"}
28/7/2026, 6:04:31 pm | {"api":"/api/cash-closing-dashboard","event":"CASH_CLOSING_BRANCH_FETCHED","totalBranches":56,"timestamp":"2026-07-28T12:34:31.436Z"}
28/7/2026, 6:04:31 pm | {"api":"/api/cash-closing-dashboard","event":"CASH_CLOSING_DASHBOARD_SUCCESS","totalRecords":56,"filters":{"cluster":"","branch":"","fromDate":"","toDate":"","status":""},"timestamp":"2026-07-28T12:34:31.436Z"}
28/7/2026, 6:04:37 pm | {"api":"/api/cash-closing-dashboard","event":"CASH_CLOSING_DASHBOARD_API_STARTED","filters":{"cluster":"","branch":"","fromDate":"","toDate":"","status":""},"timestamp":"2026-07-28T12:34:37.903Z"}
28/7/2026, 6:04:37 pm | {"api":"/api/cash-closing-dashboard","event":"CASH_CLOSING_DASHBOARD_DB_CONNECTED","timestamp":"2026-07-28T12:34:37.904Z"}
28/7/2026, 6:04:37 pm | {"api":"/api/cash-closing-dashboard","event":"CASH_CLOSING_DASHBOARD_QUERY_STARTED","filters":{"cluster":"","branch":"","fromDate":"","toDate":"","status":""},"timestamp":"2026-07-28T12:34:37.905Z"}
28/7/2026, 6:04:37 pm | {"api":"/api/cash-closing-dashboard","event":"CASH_CLOSING_DASHBOARD_DATA_FETCHED","totalRecords":56,"timestamp":"2026-07-28T12:34:37.910Z"}
28/7/2026, 6:04:37 pm | {"api":"/api/cash-closing-dashboard","event":"CASH_CLOSING_CLUSTER_FETCHED","totalClusters":4,"timestamp":"2026-07-28T12:34:37.913Z"}
28/7/2026, 6:04:37 pm | {"api":"/api/cash-closing-dashboard","event":"CASH_CLOSING_BRANCH_FETCHED","totalBranches":56,"timestamp":"2026-07-28T12:34:37.917Z"}
28/7/2026, 6:04:37 pm | {"api":"/api/cash-closing-dashboard","event":"CASH_CLOSING_DASHBOARD_SUCCESS","totalRecords":56,"filters":{"cluster":"","branch":"","fromDate":"","toDate":"","status":""},"timestamp":"2026-07-28T12:34:37.917Z"}
28/7/2026, 6:04:38 pm | {"api":"/api/cash-closing-dashboard","event":"CASH_CLOSING_DASHBOARD_API_STARTED","filters":{"cluster":"","branch":"","fromDate":"","toDate":"","status":""},"timestamp":"2026-07-28T12:34:38.032Z"}
28/7/2026, 6:04:38 pm | {"api":"/api/cash-closing-dashboard","event":"CASH_CLOSING_DASHBOARD_DB_CONNECTED","timestamp":"2026-07-28T12:34:38.033Z"}
28/7/2026, 6:04:38 pm | {"api":"/api/cash-closing-dashboard","event":"CASH_CLOSING_DASHBOARD_QUERY_STARTED","filters":{"cluster":"","branch":"","fromDate":"","toDate":"","status":""},"timestamp":"2026-07-28T12:34:38.033Z"}
28/7/2026, 6:04:38 pm | {"api":"/api/cash-closing-dashboard","event":"CASH_CLOSING_DASHBOARD_DATA_FETCHED","totalRecords":56,"timestamp":"2026-07-28T12:34:38.040Z"}
28/7/2026, 6:04:38 pm | {"api":"/api/cash-closing-dashboard","event":"CASH_CLOSING_CLUSTER_FETCHED","totalClusters":4,"timestamp":"2026-07-28T12:34:38.043Z"}
28/7/2026, 6:04:38 pm | {"api":"/api/cash-closing-dashboard","event":"CASH_CLOSING_BRANCH_FETCHED","totalBranches":56,"timestamp":"2026-07-28T12:34:38.046Z"}
28/7/2026, 6:04:38 pm | {"api":"/api/cash-closing-dashboard","event":"CASH_CLOSING_DASHBOARD_SUCCESS","totalRecords":56,"filters":{"cluster":"","branch":"","fromDate":"","toDate":"","status":""},"timestamp":"2026-07-28T12:34:38.047Z"}
28/7/2026, 6:04:38 pm | {"api":"/api/cash-closing-dashboard","event":"CASH_CLOSING_DASHBOARD_API_STARTED","filters":{"cluster":"","branch":"","fromDate":"","toDate":"","status":""},"timestamp":"2026-07-28T12:34:38.184Z"}
28/7/2026, 6:04:38 pm | {"api":"/api/cash-closing-dashboard","event":"CASH_CLOSING_DASHBOARD_DB_CONNECTED","timestamp":"2026-07-28T12:34:38.185Z"}
28/7/2026, 6:04:38 pm | {"api":"/api/cash-closing-dashboard","event":"CASH_CLOSING_DASHBOARD_QUERY_STARTED","filters":{"cluster":"","branch":"","fromDate":"","toDate":"","status":""},"timestamp":"2026-07-28T12:34:38.185Z"}
28/7/2026, 6:04:38 pm | {"api":"/api/cash-closing-dashboard","event":"CASH_CLOSING_DASHBOARD_DATA_FETCHED","totalRecords":56,"timestamp":"2026-07-28T12:34:38.192Z"}
28/7/2026, 6:04:38 pm | {"api":"/api/cash-closing-dashboard","event":"CASH_CLOSING_CLUSTER_FETCHED","totalClusters":4,"timestamp":"2026-07-28T12:34:38.195Z"}
28/7/2026, 6:04:38 pm | {"api":"/api/cash-closing-dashboard","event":"CASH_CLOSING_BRANCH_FETCHED","totalBranches":56,"timestamp":"2026-07-28T12:34:38.198Z"}
28/7/2026, 6:04:38 pm | {"api":"/api/cash-closing-dashboard","event":"CASH_CLOSING_DASHBOARD_SUCCESS","totalRecords":56,"filters":{"cluster":"","branch":"","fromDate":"","toDate":"","status":""},"timestamp":"2026-07-28T12:34:38.199Z"}
28/7/2026, 6:04:38 pm | {"api":"/api/cash-closing-dashboard","event":"CASH_CLOSING_DASHBOARD_API_STARTED","filters":{"cluster":"","branch":"","fromDate":"","toDate":"","status":""},"timestamp":"2026-07-28T12:34:38.328Z"}
28/7/2026, 6:04:38 pm | {"api":"/api/cash-closing-dashboard","event":"CASH_CLOSING_DASHBOARD_DB_CONNECTED","timestamp":"2026-07-28T12:34:38.329Z"}
28/7/2026, 6:04:38 pm | {"api":"/api/cash-closing-dashboard","event":"CASH_CLOSING_DASHBOARD_QUERY_STARTED","filters":{"cluster":"","branch":"","fromDate":"","toDate":"","status":""},"timestamp":"2026-07-28T12:34:38.329Z"}
28/7/2026, 6:04:38 pm | {"api":"/api/cash-closing-dashboard","event":"CASH_CLOSING_DASHBOARD_DATA_FETCHED","totalRecords":56,"timestamp":"2026-07-28T12:34:38.336Z"}
28/7/2026, 6:04:38 pm | {"api":"/api/cash-closing-dashboard","event":"CASH_CLOSING_CLUSTER_FETCHED","totalClusters":4,"timestamp":"2026-07-28T12:34:38.340Z"}
28/7/2026, 6:04:38 pm | {"api":"/api/cash-closing-dashboard","event":"CASH_CLOSING_BRANCH_FETCHED","totalBranches":56,"timestamp":"2026-07-28T12:34:38.343Z"}
28/7/2026, 6:04:38 pm | {"api":"/api/cash-closing-dashboard","event":"CASH_CLOSING_DASHBOARD_SUCCESS","totalRecords":56,"filters":{"cluster":"","branch":"","fromDate":"","toDate":"","status":""},"timestamp":"2026-07-28T12:34:38.344Z"}
28/7/2026, 6:04:52 pm | {"api":"/api/cash-closing-dashboard","event":"CASH_CLOSING_DASHBOARD_API_STARTED","filters":{"cluster":"","branch":"","fromDate":"","toDate":"","status":""},"timestamp":"2026-07-28T12:34:52.185Z"}
28/7/2026, 6:04:52 pm | {"api":"/api/cash-closing-dashboard","event":"CASH_CLOSING_DASHBOARD_DB_CONNECTED","timestamp":"2026-07-28T12:34:52.186Z"}
28/7/2026, 6:04:52 pm | {"api":"/api/cash-closing-dashboard","event":"CASH_CLOSING_DASHBOARD_QUERY_STARTED","filters":{"cluster":"","branch":"","fromDate":"","toDate":"","status":""},"timestamp":"2026-07-28T12:34:52.187Z"}
28/7/2026, 6:04:52 pm | {"api":"/api/cash-closing-dashboard","event":"CASH_CLOSING_DASHBOARD_DATA_FETCHED","totalRecords":56,"timestamp":"2026-07-28T12:34:52.192Z"}
28/7/2026, 6:04:52 pm | {"api":"/api/cash-closing-dashboard","event":"CASH_CLOSING_CLUSTER_FETCHED","totalClusters":4,"timestamp":"2026-07-28T12:34:52.195Z"}
28/7/2026, 6:04:52 pm | {"api":"/api/cash-closing-dashboard","event":"CASH_CLOSING_BRANCH_FETCHED","totalBranches":56,"timestamp":"2026-07-28T12:34:52.199Z"}
28/7/2026, 6:04:52 pm | {"api":"/api/cash-closing-dashboard","event":"CASH_CLOSING_DASHBOARD_SUCCESS","totalRecords":56,"filters":{"cluster":"","branch":"","fromDate":"","toDate":"","status":""},"timestamp":"2026-07-28T12:34:52.200Z"}
28/7/2026, 6:04:52 pm | {"api":"/api/cash-closing-dashboard","event":"CASH_CLOSING_DASHBOARD_API_STARTED","filters":{"cluster":"","branch":"","fromDate":"","toDate":"","status":""},"timestamp":"2026-07-28T12:34:52.264Z"}
28/7/2026, 6:04:52 pm | {"api":"/api/cash-closing-dashboard","event":"CASH_CLOSING_DASHBOARD_DB_CONNECTED","timestamp":"2026-07-28T12:34:52.265Z"}
28/7/2026, 6:04:52 pm | {"api":"/api/cash-closing-dashboard","event":"CASH_CLOSING_DASHBOARD_QUERY_STARTED","filters":{"cluster":"","branch":"","fromDate":"","toDate":"","status":""},"timestamp":"2026-07-28T12:34:52.266Z"}
28/7/2026, 6:04:52 pm | {"api":"/api/cash-closing-dashboard","event":"CASH_CLOSING_DASHBOARD_DATA_FETCHED","totalRecords":56,"timestamp":"2026-07-28T12:34:52.271Z"}
28/7/2026, 6:04:52 pm | {"api":"/api/cash-closing-dashboard","event":"CASH_CLOSING_CLUSTER_FETCHED","totalClusters":4,"timestamp":"2026-07-28T12:34:52.275Z"}
28/7/2026, 6:04:52 pm | {"api":"/api/cash-closing-dashboard","event":"CASH_CLOSING_BRANCH_FETCHED","totalBranches":56,"timestamp":"2026-07-28T12:34:52.278Z"}
28/7/2026, 6:04:52 pm | {"api":"/api/cash-closing-dashboard","event":"CASH_CLOSING_DASHBOARD_SUCCESS","totalRecords":56,"filters":{"cluster":"","branch":"","fromDate":"","toDate":"","status":""},"timestamp":"2026-07-28T12:34:52.279Z"}
28/7/2026, 6:04:52 pm | {"api":"/api/cash-closing-dashboard","event":"CASH_CLOSING_DASHBOARD_API_STARTED","filters":{"cluster":"","branch":"","fromDate":"","toDate":"","status":""},"timestamp":"2026-07-28T12:34:52.423Z"}
28/7/2026, 6:04:52 pm | {"api":"/api/cash-closing-dashboard","event":"CASH_CLOSING_DASHBOARD_DB_CONNECTED","timestamp":"2026-07-28T12:34:52.424Z"}
28/7/2026, 6:04:52 pm | {"api":"/api/cash-closing-dashboard","event":"CASH_CLOSING_DASHBOARD_QUERY_STARTED","filters":{"cluster":"","branch":"","fromDate":"","toDate":"","status":""},"timestamp":"2026-07-28T12:34:52.425Z"}
28/7/2026, 6:04:52 pm | {"api":"/api/cash-closing-dashboard","event":"CASH_CLOSING_DASHBOARD_DATA_FETCHED","totalRecords":56,"timestamp":"2026-07-28T12:34:52.437Z"}
28/7/2026, 6:04:52 pm | {"api":"/api/cash-closing-dashboard","event":"CASH_CLOSING_CLUSTER_FETCHED","totalClusters":4,"timestamp":"2026-07-28T12:34:52.441Z"}
28/7/2026, 6:04:52 pm | {"api":"/api/cash-closing-dashboard","event":"CASH_CLOSING_BRANCH_FETCHED","totalBranches":56,"timestamp":"2026-07-28T12:34:52.445Z"}
28/7/2026, 6:04:52 pm | {"api":"/api/cash-closing-dashboard","event":"CASH_CLOSING_DASHBOARD_SUCCESS","totalRecords":56,"filters":{"cluster":"","branch":"","fromDate":"","toDate":"","status":""},"timestamp":"2026-07-28T12:34:52.446Z"}
28/7/2026, 6:04:59 pm | {"api":"/api/cash-closing-dashboard","event":"CASH_CLOSING_DASHBOARD_API_STARTED","filters":{"cluster":"","branch":"","fromDate":"","toDate":"","status":""},"timestamp":"2026-07-28T12:34:59.034Z"}
28/7/2026, 6:04:59 pm | {"api":"/api/cash-closing-dashboard","event":"CASH_CLOSING_DASHBOARD_DB_CONNECTED","timestamp":"2026-07-28T12:34:59.035Z"}
28/7/2026, 6:04:59 pm | {"api":"/api/cash-closing-dashboard","event":"CASH_CLOSING_DASHBOARD_QUERY_STARTED","filters":{"cluster":"","branch":"","fromDate":"","toDate":"","status":""},"timestamp":"2026-07-28T12:34:59.036Z"}
28/7/2026, 6:04:59 pm | {"api":"/api/cash-closing-dashboard","event":"CASH_CLOSING_DASHBOARD_DATA_FETCHED","totalRecords":56,"timestamp":"2026-07-28T12:34:59.042Z"}
28/7/2026, 6:04:59 pm | {"api":"/api/cash-closing-dashboard","event":"CASH_CLOSING_CLUSTER_FETCHED","totalClusters":4,"timestamp":"2026-07-28T12:34:59.047Z"}
28/7/2026, 6:04:59 pm | {"api":"/api/cash-closing-dashboard","event":"CASH_CLOSING_BRANCH_FETCHED","totalBranches":56,"timestamp":"2026-07-28T12:34:59.051Z"}
28/7/2026, 6:04:59 pm | {"api":"/api/cash-closing-dashboard","event":"CASH_CLOSING_DASHBOARD_SUCCESS","totalRecords":56,"filters":{"cluster":"","branch":"","fromDate":"","toDate":"","status":""},"timestamp":"2026-07-28T12:34:59.051Z"}
28/7/2026, 6:04:59 pm | {"api":"/api/cash-closing-dashboard","event":"CASH_CLOSING_DASHBOARD_API_STARTED","filters":{"cluster":"","branch":"","fromDate":"","toDate":"","status":""},"timestamp":"2026-07-28T12:34:59.132Z"}
28/7/2026, 6:04:59 pm | {"api":"/api/cash-closing-dashboard","event":"CASH_CLOSING_DASHBOARD_DB_CONNECTED","timestamp":"2026-07-28T12:34:59.134Z"}
28/7/2026, 6:04:59 pm | {"api":"/api/cash-closing-dashboard","event":"CASH_CLOSING_DASHBOARD_QUERY_STARTED","filters":{"cluster":"","branch":"","fromDate":"","toDate":"","status":""},"timestamp":"2026-07-28T12:34:59.135Z"}
28/7/2026, 6:04:59 pm | {"api":"/api/cash-closing-dashboard","event":"CASH_CLOSING_DASHBOARD_DATA_FETCHED","totalRecords":56,"timestamp":"2026-07-28T12:34:59.142Z"}
28/7/2026, 6:04:59 pm | {"api":"/api/cash-closing-dashboard","event":"CASH_CLOSING_CLUSTER_FETCHED","totalClusters":4,"timestamp":"2026-07-28T12:34:59.145Z"}
28/7/2026, 6:04:59 pm | {"api":"/api/cash-closing-dashboard","event":"CASH_CLOSING_BRANCH_FETCHED","totalBranches":56,"timestamp":"2026-07-28T12:34:59.149Z"}
28/7/2026, 6:04:59 pm | {"api":"/api/cash-closing-dashboard","event":"CASH_CLOSING_DASHBOARD_SUCCESS","totalRecords":56,"filters":{"cluster":"","branch":"","fromDate":"","toDate":"","status":""},"timestamp":"2026-07-28T12:34:59.149Z"}
28/7/2026, 6:04:59 pm | {"api":"/api/cash-closing-dashboard","event":"CASH_CLOSING_DASHBOARD_API_STARTED","filters":{"cluster":"","branch":"","fromDate":"","toDate":"","status":""},"timestamp":"2026-07-28T12:34:59.261Z"}
28/7/2026, 6:04:59 pm | {"api":"/api/cash-closing-dashboard","event":"CASH_CLOSING_DASHBOARD_DB_CONNECTED","timestamp":"2026-07-28T12:34:59.262Z"}
28/7/2026, 6:04:59 pm | {"api":"/api/cash-closing-dashboard","event":"CASH_CLOSING_DASHBOARD_QUERY_STARTED","filters":{"cluster":"","branch":"","fromDate":"","toDate":"","status":""},"timestamp":"2026-07-28T12:34:59.263Z"}
28/7/2026, 6:04:59 pm | {"api":"/api/cash-closing-dashboard","event":"CASH_CLOSING_DASHBOARD_DATA_FETCHED","totalRecords":56,"timestamp":"2026-07-28T12:34:59.271Z"}
28/7/2026, 6:04:59 pm | {"api":"/api/cash-closing-dashboard","event":"CASH_CLOSING_CLUSTER_FETCHED","totalClusters":4,"timestamp":"2026-07-28T12:34:59.274Z"}
28/7/2026, 6:04:59 pm | {"api":"/api/cash-closing-dashboard","event":"CASH_CLOSING_BRANCH_FETCHED","totalBranches":56,"timestamp":"2026-07-28T12:34:59.277Z"}
28/7/2026, 6:04:59 pm | {"api":"/api/cash-closing-dashboard","event":"CASH_CLOSING_DASHBOARD_SUCCESS","totalRecords":56,"filters":{"cluster":"","branch":"","fromDate":"","toDate":"","status":""},"timestamp":"2026-07-28T12:34:59.278Z"}
28/7/2026, 6:04:59 pm | {"api":"/api/cash-closing-dashboard","event":"CASH_CLOSING_DASHBOARD_API_STARTED","filters":{"cluster":"","branch":"","fromDate":"","toDate":"","status":""},"timestamp":"2026-07-28T12:34:59.397Z"}
28/7/2026, 6:04:59 pm | {"api":"/api/cash-closing-dashboard","event":"CASH_CLOSING_DASHBOARD_DB_CONNECTED","timestamp":"2026-07-28T12:34:59.398Z"}
28/7/2026, 6:04:59 pm | {"api":"/api/cash-closing-dashboard","event":"CASH_CLOSING_DASHBOARD_QUERY_STARTED","filters":{"cluster":"","branch":"","fromDate":"","toDate":"","status":""},"timestamp":"2026-07-28T12:34:59.399Z"}
28/7/2026, 6:04:59 pm | {"api":"/api/cash-closing-dashboard","event":"CASH_CLOSING_DASHBOARD_DATA_FETCHED","totalRecords":56,"timestamp":"2026-07-28T12:34:59.406Z"}
28/7/2026, 6:04:59 pm | {"api":"/api/cash-closing-dashboard","event":"CASH_CLOSING_CLUSTER_FETCHED","totalClusters":4,"timestamp":"2026-07-28T12:34:59.411Z"}
28/7/2026, 6:04:59 pm | {"api":"/api/cash-closing-dashboard","event":"CASH_CLOSING_BRANCH_FETCHED","totalBranches":56,"timestamp":"2026-07-28T12:34:59.414Z"}
28/7/2026, 6:04:59 pm | {"api":"/api/cash-closing-dashboard","event":"CASH_CLOSING_DASHBOARD_SUCCESS","totalRecords":56,"filters":{"cluster":"","branch":"","fromDate":"","toDate":"","status":""},"timestamp":"2026-07-28T12:34:59.415Z"}
28/7/2026, 6:05:15 pm | {"api":"/api/cash-closing-dashboard","event":"CASH_CLOSING_DASHBOARD_API_STARTED","filters":{"cluster":"","branch":"","fromDate":"","toDate":"","status":""},"timestamp":"2026-07-28T12:35:15.805Z"}
28/7/2026, 6:05:15 pm | {"api":"/api/cash-closing-dashboard","event":"CASH_CLOSING_DASHBOARD_DB_CONNECTED","timestamp":"2026-07-28T12:35:15.806Z"}
28/7/2026, 6:05:15 pm | {"api":"/api/cash-closing-dashboard","event":"CASH_CLOSING_DASHBOARD_QUERY_STARTED","filters":{"cluster":"","branch":"","fromDate":"","toDate":"","status":""},"timestamp":"2026-07-28T12:35:15.807Z"}
28/7/2026, 6:05:15 pm | {"api":"/api/cash-closing-dashboard","event":"CASH_CLOSING_DASHBOARD_DATA_FETCHED","totalRecords":56,"timestamp":"2026-07-28T12:35:15.812Z"}
28/7/2026, 6:05:15 pm | {"api":"/api/cash-closing-dashboard","event":"CASH_CLOSING_CLUSTER_FETCHED","totalClusters":4,"timestamp":"2026-07-28T12:35:15.816Z"}
28/7/2026, 6:05:15 pm | {"api":"/api/cash-closing-dashboard","event":"CASH_CLOSING_BRANCH_FETCHED","totalBranches":56,"timestamp":"2026-07-28T12:35:15.821Z"}
28/7/2026, 6:05:15 pm | {"api":"/api/cash-closing-dashboard","event":"CASH_CLOSING_DASHBOARD_SUCCESS","totalRecords":56,"filters":{"cluster":"","branch":"","fromDate":"","toDate":"","status":""},"timestamp":"2026-07-28T12:35:15.822Z"}
28/7/2026, 6:05:25 pm | {"api":"/api/cash-closing-dashboard","event":"CASH_CLOSING_DASHBOARD_API_STARTED","filters":{"cluster":"","branch":"","fromDate":"","toDate":"","status":""},"timestamp":"2026-07-28T12:35:25.361Z"}
28/7/2026, 6:05:25 pm | {"api":"/api/cash-closing-dashboard","event":"CASH_CLOSING_DASHBOARD_DB_CONNECTED","timestamp":"2026-07-28T12:35:25.362Z"}
28/7/2026, 6:05:25 pm | {"api":"/api/cash-closing-dashboard","event":"CASH_CLOSING_DASHBOARD_QUERY_STARTED","filters":{"cluster":"","branch":"","fromDate":"","toDate":"","status":""},"timestamp":"2026-07-28T12:35:25.362Z"}
28/7/2026, 6:05:25 pm | {"api":"/api/cash-closing-dashboard","event":"CASH_CLOSING_DASHBOARD_DATA_FETCHED","totalRecords":56,"timestamp":"2026-07-28T12:35:25.368Z"}
28/7/2026, 6:05:25 pm | {"api":"/api/cash-closing-dashboard","event":"CASH_CLOSING_CLUSTER_FETCHED","totalClusters":4,"timestamp":"2026-07-28T12:35:25.371Z"}
28/7/2026, 6:05:25 pm | {"api":"/api/cash-closing-dashboard","event":"CASH_CLOSING_BRANCH_FETCHED","totalBranches":56,"timestamp":"2026-07-28T12:35:25.374Z"}
28/7/2026, 6:05:25 pm | {"api":"/api/cash-closing-dashboard","event":"CASH_CLOSING_DASHBOARD_SUCCESS","totalRecords":56,"filters":{"cluster":"","branch":"","fromDate":"","toDate":"","status":""},"timestamp":"2026-07-28T12:35:25.375Z"}
28/7/2026, 6:05:25 pm | {"api":"/api/cash-closing-dashboard","event":"CASH_CLOSING_DASHBOARD_API_STARTED","filters":{"cluster":"","branch":"","fromDate":"","toDate":"","status":""},"timestamp":"2026-07-28T12:35:25.378Z"}
28/7/2026, 6:05:25 pm | {"api":"/api/cash-closing-dashboard","event":"CASH_CLOSING_DASHBOARD_DB_CONNECTED","timestamp":"2026-07-28T12:35:25.378Z"}
28/7/2026, 6:05:25 pm | {"api":"/api/cash-closing-dashboard","event":"CASH_CLOSING_DASHBOARD_QUERY_STARTED","filters":{"cluster":"","branch":"","fromDate":"","toDate":"","status":""},"timestamp":"2026-07-28T12:35:25.379Z"}
28/7/2026, 6:05:25 pm | {"api":"/api/cash-closing-dashboard","event":"CASH_CLOSING_DASHBOARD_DATA_FETCHED","totalRecords":56,"timestamp":"2026-07-28T12:35:25.384Z"}
28/7/2026, 6:05:25 pm | {"api":"/api/cash-closing-dashboard","event":"CASH_CLOSING_CLUSTER_FETCHED","totalClusters":4,"timestamp":"2026-07-28T12:35:25.387Z"}
28/7/2026, 6:05:25 pm | {"api":"/api/cash-closing-dashboard","event":"CASH_CLOSING_BRANCH_FETCHED","totalBranches":56,"timestamp":"2026-07-28T12:35:25.391Z"}
28/7/2026, 6:05:25 pm | {"api":"/api/cash-closing-dashboard","event":"CASH_CLOSING_DASHBOARD_SUCCESS","totalRecords":56,"filters":{"cluster":"","branch":"","fromDate":"","toDate":"","status":""},"timestamp":"2026-07-28T12:35:25.391Z"}
28/7/2026, 6:05:25 pm | {"api":"/api/cash-closing-dashboard","event":"CASH_CLOSING_DASHBOARD_API_STARTED","filters":{"cluster":"","branch":"","fromDate":"","toDate":"","status":""},"timestamp":"2026-07-28T12:35:25.439Z"}
28/7/2026, 6:05:25 pm | {"api":"/api/cash-closing-dashboard","event":"CASH_CLOSING_DASHBOARD_DB_CONNECTED","timestamp":"2026-07-28T12:35:25.439Z"}
28/7/2026, 6:05:25 pm | {"api":"/api/cash-closing-dashboard","event":"CASH_CLOSING_DASHBOARD_QUERY_STARTED","filters":{"cluster":"","branch":"","fromDate":"","toDate":"","status":""},"timestamp":"2026-07-28T12:35:25.440Z"}
28/7/2026, 6:05:25 pm | {"api":"/api/cash-closing-dashboard","event":"CASH_CLOSING_DASHBOARD_DATA_FETCHED","totalRecords":56,"timestamp":"2026-07-28T12:35:25.447Z"}
28/7/2026, 6:05:25 pm | {"api":"/api/cash-closing-dashboard","event":"CASH_CLOSING_CLUSTER_FETCHED","totalClusters":4,"timestamp":"2026-07-28T12:35:25.449Z"}
28/7/2026, 6:05:25 pm | {"api":"/api/cash-closing-dashboard","event":"CASH_CLOSING_BRANCH_FETCHED","totalBranches":56,"timestamp":"2026-07-28T12:35:25.453Z"}
28/7/2026, 6:05:25 pm | {"api":"/api/cash-closing-dashboard","event":"CASH_CLOSING_DASHBOARD_SUCCESS","totalRecords":56,"filters":{"cluster":"","branch":"","fromDate":"","toDate":"","status":""},"timestamp":"2026-07-28T12:35:25.453Z"}
28/7/2026, 6:05:25 pm | {"api":"/api/cash-closing-dashboard","event":"CASH_CLOSING_DASHBOARD_API_STARTED","filters":{"cluster":"","branch":"","fromDate":"","toDate":"","status":""},"timestamp":"2026-07-28T12:35:25.563Z"}
28/7/2026, 6:05:25 pm | {"api":"/api/cash-closing-dashboard","event":"CASH_CLOSING_DASHBOARD_DB_CONNECTED","timestamp":"2026-07-28T12:35:25.564Z"}
28/7/2026, 6:05:25 pm | {"api":"/api/cash-closing-dashboard","event":"CASH_CLOSING_DASHBOARD_QUERY_STARTED","filters":{"cluster":"","branch":"","fromDate":"","toDate":"","status":""},"timestamp":"2026-07-28T12:35:25.565Z"}
28/7/2026, 6:05:25 pm | {"api":"/api/cash-closing-dashboard","event":"CASH_CLOSING_DASHBOARD_DATA_FETCHED","totalRecords":56,"timestamp":"2026-07-28T12:35:25.573Z"}
28/7/2026, 6:05:25 pm | {"api":"/api/cash-closing-dashboard","event":"CASH_CLOSING_CLUSTER_FETCHED","totalClusters":4,"timestamp":"2026-07-28T12:35:25.576Z"}
28/7/2026, 6:05:25 pm | {"api":"/api/cash-closing-dashboard","event":"CASH_CLOSING_BRANCH_FETCHED","totalBranches":56,"timestamp":"2026-07-28T12:35:25.580Z"}
28/7/2026, 6:05:25 pm | {"api":"/api/cash-closing-dashboard","event":"CASH_CLOSING_DASHBOARD_SUCCESS","totalRecords":56,"filters":{"cluster":"","branch":"","fromDate":"","toDate":"","status":""},"timestamp":"2026-07-28T12:35:25.581Z"}
28/7/2026, 6:05:25 pm | {"api":"/api/cash-closing-dashboard","event":"CASH_CLOSING_DASHBOARD_API_STARTED","filters":{"cluster":"","branch":"","fromDate":"","toDate":"","status":""},"timestamp":"2026-07-28T12:35:25.675Z"}
28/7/2026, 6:05:25 pm | {"api":"/api/cash-closing-dashboard","event":"CASH_CLOSING_DASHBOARD_DB_CONNECTED","timestamp":"2026-07-28T12:35:25.676Z"}
28/7/2026, 6:05:25 pm | {"api":"/api/cash-closing-dashboard","event":"CASH_CLOSING_DASHBOARD_QUERY_STARTED","filters":{"cluster":"","branch":"","fromDate":"","toDate":"","status":""},"timestamp":"2026-07-28T12:35:25.677Z"}
28/7/2026, 6:05:25 pm | {"api":"/api/cash-closing-dashboard","event":"CASH_CLOSING_DASHBOARD_DATA_FETCHED","totalRecords":56,"timestamp":"2026-07-28T12:35:25.685Z"}
28/7/2026, 6:05:25 pm | {"api":"/api/cash-closing-dashboard","event":"CASH_CLOSING_CLUSTER_FETCHED","totalClusters":4,"timestamp":"2026-07-28T12:35:25.689Z"}
28/7/2026, 6:05:25 pm | {"api":"/api/cash-closing-dashboard","event":"CASH_CLOSING_BRANCH_FETCHED","totalBranches":56,"timestamp":"2026-07-28T12:35:25.692Z"}
28/7/2026, 6:05:25 pm | {"api":"/api/cash-closing-dashboard","event":"CASH_CLOSING_DASHBOARD_SUCCESS","totalRecords":56,"filters":{"cluster":"","branch":"","fromDate":"","toDate":"","status":""},"timestamp":"2026-07-28T12:35:25.693Z"}
28/7/2026, 6:05:34 pm | {"api":"/api/cash-closing-dashboard","event":"CASH_CLOSING_DASHBOARD_API_STARTED","filters":{"cluster":"","branch":"","fromDate":"","toDate":"","status":""},"timestamp":"2026-07-28T12:35:34.593Z"}
28/7/2026, 6:05:34 pm | {"api":"/api/cash-closing-dashboard","event":"CASH_CLOSING_DASHBOARD_DB_CONNECTED","timestamp":"2026-07-28T12:35:34.594Z"}
28/7/2026, 6:05:34 pm | {"api":"/api/cash-closing-dashboard","event":"CASH_CLOSING_DASHBOARD_QUERY_STARTED","filters":{"cluster":"","branch":"","fromDate":"","toDate":"","status":""},"timestamp":"2026-07-28T12:35:34.594Z"}
28/7/2026, 6:05:34 pm | {"api":"/api/cash-closing-dashboard","event":"CASH_CLOSING_DASHBOARD_DATA_FETCHED","totalRecords":56,"timestamp":"2026-07-28T12:35:34.600Z"}
28/7/2026, 6:05:34 pm | {"api":"/api/cash-closing-dashboard","event":"CASH_CLOSING_CLUSTER_FETCHED","totalClusters":4,"timestamp":"2026-07-28T12:35:34.604Z"}
28/7/2026, 6:05:34 pm | {"api":"/api/cash-closing-dashboard","event":"CASH_CLOSING_BRANCH_FETCHED","totalBranches":56,"timestamp":"2026-07-28T12:35:34.607Z"}
28/7/2026, 6:05:34 pm | {"api":"/api/cash-closing-dashboard","event":"CASH_CLOSING_DASHBOARD_SUCCESS","totalRecords":56,"filters":{"cluster":"","branch":"","fromDate":"","toDate":"","status":""},"timestamp":"2026-07-28T12:35:34.608Z"}
28/7/2026, 6:05:34 pm | {"api":"/api/cash-closing-dashboard","event":"CASH_CLOSING_DASHBOARD_API_STARTED","filters":{"cluster":"","branch":"","fromDate":"","toDate":"","status":""},"timestamp":"2026-07-28T12:35:34.723Z"}
28/7/2026, 6:05:34 pm | {"api":"/api/cash-closing-dashboard","event":"CASH_CLOSING_DASHBOARD_DB_CONNECTED","timestamp":"2026-07-28T12:35:34.724Z"}
28/7/2026, 6:05:34 pm | {"api":"/api/cash-closing-dashboard","event":"CASH_CLOSING_DASHBOARD_QUERY_STARTED","filters":{"cluster":"","branch":"","fromDate":"","toDate":"","status":""},"timestamp":"2026-07-28T12:35:34.725Z"}
28/7/2026, 6:05:34 pm | {"api":"/api/cash-closing-dashboard","event":"CASH_CLOSING_DASHBOARD_DATA_FETCHED","totalRecords":56,"timestamp":"2026-07-28T12:35:34.732Z"}
28/7/2026, 6:05:34 pm | {"api":"/api/cash-closing-dashboard","event":"CASH_CLOSING_CLUSTER_FETCHED","totalClusters":4,"timestamp":"2026-07-28T12:35:34.735Z"}
28/7/2026, 6:05:34 pm | {"api":"/api/cash-closing-dashboard","event":"CASH_CLOSING_BRANCH_FETCHED","totalBranches":56,"timestamp":"2026-07-28T12:35:34.739Z"}
28/7/2026, 6:05:34 pm | {"api":"/api/cash-closing-dashboard","event":"CASH_CLOSING_DASHBOARD_SUCCESS","totalRecords":56,"filters":{"cluster":"","branch":"","fromDate":"","toDate":"","status":""},"timestamp":"2026-07-28T12:35:34.739Z"}
28/7/2026, 6:05:34 pm | {"api":"/api/cash-closing-dashboard","event":"CASH_CLOSING_DASHBOARD_API_STARTED","filters":{"cluster":"","branch":"","fromDate":"","toDate":"","status":""},"timestamp":"2026-07-28T12:35:34.884Z"}
28/7/2026, 6:05:34 pm | {"api":"/api/cash-closing-dashboard","event":"CASH_CLOSING_DASHBOARD_DB_CONNECTED","timestamp":"2026-07-28T12:35:34.885Z"}
28/7/2026, 6:05:34 pm | {"api":"/api/cash-closing-dashboard","event":"CASH_CLOSING_DASHBOARD_QUERY_STARTED","filters":{"cluster":"","branch":"","fromDate":"","toDate":"","status":""},"timestamp":"2026-07-28T12:35:34.886Z"}
28/7/2026, 6:05:34 pm | {"api":"/api/cash-closing-dashboard","event":"CASH_CLOSING_DASHBOARD_DATA_FETCHED","totalRecords":56,"timestamp":"2026-07-28T12:35:34.891Z"}
28/7/2026, 6:05:34 pm | {"api":"/api/cash-closing-dashboard","event":"CASH_CLOSING_CLUSTER_FETCHED","totalClusters":4,"timestamp":"2026-07-28T12:35:34.895Z"}
28/7/2026, 6:05:34 pm | {"api":"/api/cash-closing-dashboard","event":"CASH_CLOSING_BRANCH_FETCHED","totalBranches":56,"timestamp":"2026-07-28T12:35:34.898Z"}
28/7/2026, 6:05:34 pm | {"api":"/api/cash-closing-dashboard","event":"CASH_CLOSING_DASHBOARD_SUCCESS","totalRecords":56,"filters":{"cluster":"","branch":"","fromDate":"","toDate":"","status":""},"timestamp":"2026-07-28T12:35:34.899Z"}
28/7/2026, 6:05:35 pm | {"api":"/api/cash-closing-dashboard","event":"CASH_CLOSING_DASHBOARD_API_STARTED","filters":{"cluster":"","branch":"","fromDate":"","toDate":"","status":""},"timestamp":"2026-07-28T12:35:35.020Z"}
28/7/2026, 6:05:35 pm | {"api":"/api/cash-closing-dashboard","event":"CASH_CLOSING_DASHBOARD_DB_CONNECTED","timestamp":"2026-07-28T12:35:35.021Z"}
28/7/2026, 6:05:35 pm | {"api":"/api/cash-closing-dashboard","event":"CASH_CLOSING_DASHBOARD_QUERY_STARTED","filters":{"cluster":"","branch":"","fromDate":"","toDate":"","status":""},"timestamp":"2026-07-28T12:35:35.022Z"}
28/7/2026, 6:05:35 pm | {"api":"/api/cash-closing-dashboard","event":"CASH_CLOSING_DASHBOARD_DATA_FETCHED","totalRecords":56,"timestamp":"2026-07-28T12:35:35.027Z"}
28/7/2026, 6:05:35 pm | {"api":"/api/cash-closing-dashboard","event":"CASH_CLOSING_CLUSTER_FETCHED","totalClusters":4,"timestamp":"2026-07-28T12:35:35.031Z"}
28/7/2026, 6:05:35 pm | {"api":"/api/cash-closing-dashboard","event":"CASH_CLOSING_BRANCH_FETCHED","totalBranches":56,"timestamp":"2026-07-28T12:35:35.034Z"}
28/7/2026, 6:05:35 pm | {"api":"/api/cash-closing-dashboard","event":"CASH_CLOSING_DASHBOARD_SUCCESS","totalRecords":56,"filters":{"cluster":"","branch":"","fromDate":"","toDate":"","status":""},"timestamp":"2026-07-28T12:35:35.035Z"}
28/7/2026, 6:05:35 pm | {"api":"/api/cash-closing-dashboard","event":"CASH_CLOSING_DASHBOARD_API_STARTED","filters":{"cluster":"","branch":"","fromDate":"","toDate":"","status":""},"timestamp":"2026-07-28T12:35:35.157Z"}
28/7/2026, 6:05:35 pm | {"api":"/api/cash-closing-dashboard","event":"CASH_CLOSING_DASHBOARD_DB_CONNECTED","timestamp":"2026-07-28T12:35:35.157Z"}
28/7/2026, 6:05:35 pm | {"api":"/api/cash-closing-dashboard","event":"CASH_CLOSING_DASHBOARD_QUERY_STARTED","filters":{"cluster":"","branch":"","fromDate":"","toDate":"","status":""},"timestamp":"2026-07-28T12:35:35.158Z"}
28/7/2026, 6:05:35 pm | {"api":"/api/cash-closing-dashboard","event":"CASH_CLOSING_DASHBOARD_DATA_FETCHED","totalRecords":56,"timestamp":"2026-07-28T12:35:35.164Z"}
28/7/2026, 6:05:35 pm | {"api":"/api/cash-closing-dashboard","event":"CASH_CLOSING_CLUSTER_FETCHED","totalClusters":4,"timestamp":"2026-07-28T12:35:35.168Z"}
28/7/2026, 6:05:35 pm | {"api":"/api/cash-closing-dashboard","event":"CASH_CLOSING_BRANCH_FETCHED","totalBranches":56,"timestamp":"2026-07-28T12:35:35.171Z"}
28/7/2026, 6:05:35 pm | {"api":"/api/cash-closing-dashboard","event":"CASH_CLOSING_DASHBOARD_SUCCESS","totalRecords":56,"filters":{"cluster":"","branch":"","fromDate":"","toDate":"","status":""},"timestamp":"2026-07-28T12:35:35.172Z"}
28/7/2026, 6:05:39 pm | {"api":"/api/cash-closing-dashboard","event":"CASH_CLOSING_DASHBOARD_API_STARTED","filters":{"cluster":"","branch":"","fromDate":"","toDate":"","status":""},"timestamp":"2026-07-28T12:35:39.421Z"}
28/7/2026, 6:05:39 pm | {"api":"/api/cash-closing-dashboard","event":"CASH_CLOSING_DASHBOARD_DB_CONNECTED","timestamp":"2026-07-28T12:35:39.422Z"}
28/7/2026, 6:05:39 pm | {"api":"/api/cash-closing-dashboard","event":"CASH_CLOSING_DASHBOARD_QUERY_STARTED","filters":{"cluster":"","branch":"","fromDate":"","toDate":"","status":""},"timestamp":"2026-07-28T12:35:39.423Z"}
28/7/2026, 6:05:39 pm | {"api":"/api/cash-closing-dashboard","event":"CASH_CLOSING_DASHBOARD_DATA_FETCHED","totalRecords":56,"timestamp":"2026-07-28T12:35:39.429Z"}
28/7/2026, 6:05:39 pm | {"api":"/api/cash-closing-dashboard","event":"CASH_CLOSING_CLUSTER_FETCHED","totalClusters":4,"timestamp":"2026-07-28T12:35:39.432Z"}
28/7/2026, 6:05:39 pm | {"api":"/api/cash-closing-dashboard","event":"CASH_CLOSING_BRANCH_FETCHED","totalBranches":56,"timestamp":"2026-07-28T12:35:39.435Z"}
28/7/2026, 6:05:39 pm | {"api":"/api/cash-closing-dashboard","event":"CASH_CLOSING_DASHBOARD_SUCCESS","totalRecords":56,"filters":{"cluster":"","branch":"","fromDate":"","toDate":"","status":""},"timestamp":"2026-07-28T12:35:39.436Z"}
28/7/2026, 6:05:47 pm | {"api":"/login","event":"LOGIN_API_STARTED","mpin":"3456","deviceId":"b374229bdeaa166f","timestamp":"2026-07-28T12:35:47.322Z"}
28/7/2026, 6:05:47 pm | {"event":"LOGIN_REQUEST","mpin":"3456","deviceId":"b374229bdeaa166f","timestamp":"2026-07-28T12:35:47.322Z"}
28/7/2026, 6:05:47 pm | {"api":"/login","event":"LOGIN_DB_QUERY_STARTED","mpin":"3456","timestamp":"2026-07-28T12:35:47.323Z"}
28/7/2026, 6:05:47 pm | {"api":"/login","event":"LOGIN_USER_FOUND","empNo":"129","branch":"Guntur","designation":"Branch Manager","timestamp":"2026-07-28T12:35:47.328Z"}
28/7/2026, 6:05:47 pm | {"api":"/login","event":"LOGIN_DEVICE_CHECK","empNo":"129","savedDevice":"b374229bdeaa166f","currentDevice":"b374229bdeaa166f","timestamp":"2026-07-28T12:35:47.328Z"}
28/7/2026, 6:05:47 pm | {"api":"/login","event":"LOGIN_SUCCESS","empNo":"129","branch":"Guntur","designation":"Branch Manager","loginTime":"2026-07-28T12:35:47.335Z"}
28/7/2026, 6:05:47 pm | {"api":"/employee/:empNo","event":"EMPLOYEE_API_STARTED","empNo":"129","timestamp":"2026-07-28T12:35:47.522Z"}
28/7/2026, 6:05:47 pm | {"api":"/employee/:empNo","event":"EMPLOYEE_DB_QUERY_STARTED","empNo":"129","timestamp":"2026-07-28T12:35:47.522Z"}
28/7/2026, 6:05:47 pm | {"api":"/employee/:empNo","event":"EMPLOYEE_FETCH_SUCCESS","empNo":"129","employeeName":"Sk. Gouse Basha","branch":"Guntur","designation":"Branch Manager","timestamp":"2026-07-28T12:35:47.526Z"}
28/7/2026, 6:05:47 pm | {"api":"/last-submission/:empNo","event":"LAST_SUBMISSION_API_STARTED","empNo":"129","timestamp":"2026-07-28T12:35:47.586Z"}
28/7/2026, 6:05:47 pm | {"api":"/last-submission/:empNo","event":"LAST_SUBMISSION_DB_QUERY_STARTED","empNo":"129","timestamp":"2026-07-28T12:35:47.587Z"}
28/7/2026, 6:05:47 pm | {"api":"/last-submission/:empNo","event":"LAST_SUBMISSION_FETCH_SUCCESS","empNo":"129","amount":1736509,"actionAt":"2026-07-21 17:50:49","timestamp":"2026-07-28T12:35:47.592Z"}
28/7/2026, 6:05:47 pm | {"api":"/today-cash/:empNo","event":"TODAY_CASH_API_STARTED","empNo":"129","timestamp":"2026-07-28T12:35:47.721Z"}
28/7/2026, 6:05:47 pm | {"api":"/today-cash/:empNo","event":"TODAY_CASH_DB_QUERY_STARTED","empNo":"129","timestamp":"2026-07-28T12:35:47.722Z"}
28/7/2026, 6:05:47 pm | {"api":"/today-cash/:empNo","event":"TODAY_CASH_NOT_FOUND","empNo":"129","timestamp":"2026-07-28T12:35:47.727Z"}
28/7/2026, 6:05:52 pm | {"api":"/login","event":"LOGIN_API_STARTED","mpin":"4104","deviceId":"e4d11680cf9c8959","timestamp":"2026-07-28T12:35:52.517Z"}
28/7/2026, 6:05:52 pm | {"event":"LOGIN_REQUEST","mpin":"4104","deviceId":"e4d11680cf9c8959","timestamp":"2026-07-28T12:35:52.518Z"}
28/7/2026, 6:05:52 pm | {"api":"/login","event":"LOGIN_DB_QUERY_STARTED","mpin":"4104","timestamp":"2026-07-28T12:35:52.519Z"}
28/7/2026, 6:05:52 pm | {"api":"/login","event":"LOGIN_USER_FOUND","empNo":"410","branch":"Takkellapadu","designation":"Branch Manager","timestamp":"2026-07-28T12:35:52.526Z"}
28/7/2026, 6:05:52 pm | {"api":"/login","event":"LOGIN_DEVICE_CHECK","empNo":"410","savedDevice":"e4d11680cf9c8959","currentDevice":"e4d11680cf9c8959","timestamp":"2026-07-28T12:35:52.526Z"}
28/7/2026, 6:05:52 pm | {"api":"/login","event":"LOGIN_SUCCESS","empNo":"410","branch":"Takkellapadu","designation":"Branch Manager","loginTime":"2026-07-28T12:35:52.533Z"}
28/7/2026, 6:05:52 pm | {"api":"/employee/:empNo","event":"EMPLOYEE_API_STARTED","empNo":"410","timestamp":"2026-07-28T12:35:52.828Z"}
28/7/2026, 6:05:52 pm | {"api":"/employee/:empNo","event":"EMPLOYEE_DB_QUERY_STARTED","empNo":"410","timestamp":"2026-07-28T12:35:52.829Z"}
28/7/2026, 6:05:52 pm | {"api":"/employee/:empNo","event":"EMPLOYEE_FETCH_SUCCESS","empNo":"410","employeeName":"J N V Veera Babu","branch":"Takkellapadu","designation":"Branch Manager","timestamp":"2026-07-28T12:35:52.833Z"}
28/7/2026, 6:05:52 pm | {"api":"/last-submission/:empNo","event":"LAST_SUBMISSION_API_STARTED","empNo":"410","timestamp":"2026-07-28T12:35:52.970Z"}
28/7/2026, 6:05:52 pm | {"api":"/last-submission/:empNo","event":"LAST_SUBMISSION_DB_QUERY_STARTED","empNo":"410","timestamp":"2026-07-28T12:35:52.971Z"}
28/7/2026, 6:05:52 pm | {"api":"/last-submission/:empNo","event":"LAST_SUBMISSION_FETCH_SUCCESS","empNo":"410","amount":1550000,"actionAt":"2026-07-27 17:49:08","timestamp":"2026-07-28T12:35:52.976Z"}
28/7/2026, 6:05:53 pm | {"api":"/today-cash/:empNo","event":"TODAY_CASH_API_STARTED","empNo":"410","timestamp":"2026-07-28T12:35:53.140Z"}
28/7/2026, 6:05:53 pm | {"api":"/today-cash/:empNo","event":"TODAY_CASH_DB_QUERY_STARTED","empNo":"410","timestamp":"2026-07-28T12:35:53.141Z"}
28/7/2026, 6:05:53 pm | {"api":"/today-cash/:empNo","event":"TODAY_CASH_NOT_FOUND","empNo":"410","timestamp":"2026-07-28T12:35:53.146Z"}
28/7/2026, 6:05:59 pm | {"api":"/save-cash-closing","event":"SAVE_CASH_API_STARTED","empNo":"410","amount":"1150000","timestamp":"2026-07-28T12:35:59.817Z"}
28/7/2026, 6:05:59 pm | {"api":"/save-cash-closing","event":"PREVIOUS_DAY_RECORD_FOUND","empNo":"410","oldDate":"2026-07-27T00:00:00.000Z","amount":1550000,"timestamp":"2026-07-28T12:35:59.823Z"}
28/7/2026, 6:05:59 pm | {"api":"/save-cash-closing","event":"PREVIOUS_DAY_MOVED_TO_HISTORY","empNo":"410","timestamp":"2026-07-28T12:35:59.831Z"}
28/7/2026, 6:05:59 pm | {"api":"/save-cash-closing","event":"PREVIOUS_DAY_DELETED","empNo":"410","timestamp":"2026-07-28T12:35:59.838Z"}
28/7/2026, 6:05:59 pm | {"api":"/save-cash-closing","event":"SAVE_CASH_NEW_ENTRY","empNo":"410","amount":"1150000","branch":"Takkellapadu","timestamp":"2026-07-28T12:35:59.841Z"}
28/7/2026, 6:05:59 pm | {"api":"/save-cash-closing","event":"SAVE_CASH_HISTORY_INSERTED","empNo":"410","actionType":"ADDED","version":1,"timestamp":"2026-07-28T12:35:59.854Z"}
28/7/2026, 6:05:59 pm | {"api":"/save-cash-closing","event":"SAVE_CASH_SUCCESS","type":"INSERT","empNo":"410","amount":"1150000","timestamp":"2026-07-28T12:35:59.855Z"}
28/7/2026, 6:06:04 pm | {"api":"/save-cash-closing","event":"SAVE_CASH_API_STARTED","empNo":"129","amount":"2499519","timestamp":"2026-07-28T12:36:04.688Z"}
28/7/2026, 6:06:04 pm | {"api":"/save-cash-closing","event":"PREVIOUS_DAY_RECORD_FOUND","empNo":"129","oldDate":"2026-07-21T00:00:00.000Z","amount":1736509,"timestamp":"2026-07-28T12:36:04.695Z"}
28/7/2026, 6:06:04 pm | {"api":"/save-cash-closing","event":"PREVIOUS_DAY_MOVED_TO_HISTORY","empNo":"129","timestamp":"2026-07-28T12:36:04.702Z"}
28/7/2026, 6:06:04 pm | {"api":"/save-cash-closing","event":"PREVIOUS_DAY_DELETED","empNo":"129","timestamp":"2026-07-28T12:36:04.708Z"}
28/7/2026, 6:06:04 pm | {"api":"/save-cash-closing","event":"SAVE_CASH_NEW_ENTRY","empNo":"129","amount":"2499519","branch":"Guntur","timestamp":"2026-07-28T12:36:04.711Z"}
28/7/2026, 6:06:04 pm | {"api":"/save-cash-closing","event":"SAVE_CASH_HISTORY_INSERTED","empNo":"129","actionType":"ADDED","version":1,"timestamp":"2026-07-28T12:36:04.722Z"}
28/7/2026, 6:06:04 pm | {"api":"/save-cash-closing","event":"SAVE_CASH_SUCCESS","type":"INSERT","empNo":"129","amount":"2499519","timestamp":"2026-07-28T12:36:04.723Z"}
28/7/2026, 6:06:13 pm | {"api":"/api/cash-closing-dashboard","event":"CASH_CLOSING_DASHBOARD_API_STARTED","filters":{"cluster":"","branch":"","fromDate":"","toDate":"","status":""},"timestamp":"2026-07-28T12:36:13.033Z"}
28/7/2026, 6:06:13 pm | {"api":"/api/cash-closing-dashboard","event":"CASH_CLOSING_DASHBOARD_DB_CONNECTED","timestamp":"2026-07-28T12:36:13.034Z"}
28/7/2026, 6:06:13 pm | {"api":"/api/cash-closing-dashboard","event":"CASH_CLOSING_DASHBOARD_QUERY_STARTED","filters":{"cluster":"","branch":"","fromDate":"","toDate":"","status":""},"timestamp":"2026-07-28T12:36:13.034Z"}
28/7/2026, 6:06:13 pm | {"api":"/api/cash-closing-dashboard","event":"CASH_CLOSING_DASHBOARD_DATA_FETCHED","totalRecords":56,"timestamp":"2026-07-28T12:36:13.040Z"}
28/7/2026, 6:06:13 pm | {"api":"/api/cash-closing-dashboard","event":"CASH_CLOSING_CLUSTER_FETCHED","totalClusters":4,"timestamp":"2026-07-28T12:36:13.043Z"}
28/7/2026, 6:06:13 pm | {"api":"/api/cash-closing-dashboard","event":"CASH_CLOSING_BRANCH_FETCHED","totalBranches":56,"timestamp":"2026-07-28T12:36:13.047Z"}
28/7/2026, 6:06:13 pm | {"api":"/api/cash-closing-dashboard","event":"CASH_CLOSING_DASHBOARD_SUCCESS","totalRecords":56,"filters":{"cluster":"","branch":"","fromDate":"","toDate":"","status":""},"timestamp":"2026-07-28T12:36:13.048Z"}
28/7/2026, 6:06:13 pm | {"api":"/api/cash-closing-dashboard","event":"CASH_CLOSING_DASHBOARD_API_STARTED","filters":{"cluster":"","branch":"","fromDate":"","toDate":"","status":""},"timestamp":"2026-07-28T12:36:13.123Z"}
28/7/2026, 6:06:13 pm | {"api":"/api/cash-closing-dashboard","event":"CASH_CLOSING_DASHBOARD_DB_CONNECTED","timestamp":"2026-07-28T12:36:13.124Z"}
28/7/2026, 6:06:13 pm | {"api":"/api/cash-closing-dashboard","event":"CASH_CLOSING_DASHBOARD_QUERY_STARTED","filters":{"cluster":"","branch":"","fromDate":"","toDate":"","status":""},"timestamp":"2026-07-28T12:36:13.125Z"}
28/7/2026, 6:06:13 pm | {"api":"/api/cash-closing-dashboard","event":"CASH_CLOSING_DASHBOARD_DATA_FETCHED","totalRecords":56,"timestamp":"2026-07-28T12:36:13.131Z"}
28/7/2026, 6:06:13 pm | {"api":"/api/cash-closing-dashboard","event":"CASH_CLOSING_CLUSTER_FETCHED","totalClusters":4,"timestamp":"2026-07-28T12:36:13.134Z"}
28/7/2026, 6:06:13 pm | {"api":"/api/cash-closing-dashboard","event":"CASH_CLOSING_BRANCH_FETCHED","totalBranches":56,"timestamp":"2026-07-28T12:36:13.138Z"}
28/7/2026, 6:06:13 pm | {"api":"/api/cash-closing-dashboard","event":"CASH_CLOSING_DASHBOARD_SUCCESS","totalRecords":56,"filters":{"cluster":"","branch":"","fromDate":"","toDate":"","status":""},"timestamp":"2026-07-28T12:36:13.139Z"}
28/7/2026, 6:06:13 pm | {"api":"/api/cash-closing-dashboard","event":"CASH_CLOSING_DASHBOARD_API_STARTED","filters":{"cluster":"","branch":"","fromDate":"","toDate":"","status":""},"timestamp":"2026-07-28T12:36:13.284Z"}
28/7/2026, 6:06:13 pm | {"api":"/api/cash-closing-dashboard","event":"CASH_CLOSING_DASHBOARD_DB_CONNECTED","timestamp":"2026-07-28T12:36:13.285Z"}
28/7/2026, 6:06:13 pm | {"api":"/api/cash-closing-dashboard","event":"CASH_CLOSING_DASHBOARD_QUERY_STARTED","filters":{"cluster":"","branch":"","fromDate":"","toDate":"","status":""},"timestamp":"2026-07-28T12:36:13.286Z"}
28/7/2026, 6:06:13 pm | {"api":"/api/cash-closing-dashboard","event":"CASH_CLOSING_DASHBOARD_DATA_FETCHED","totalRecords":56,"timestamp":"2026-07-28T12:36:13.293Z"}
28/7/2026, 6:06:13 pm | {"api":"/api/cash-closing-dashboard","event":"CASH_CLOSING_CLUSTER_FETCHED","totalClusters":4,"timestamp":"2026-07-28T12:36:13.296Z"}
28/7/2026, 6:06:13 pm | {"api":"/api/cash-closing-dashboard","event":"CASH_CLOSING_BRANCH_FETCHED","totalBranches":56,"timestamp":"2026-07-28T12:36:13.300Z"}
28/7/2026, 6:06:13 pm | {"api":"/api/cash-closing-dashboard","event":"CASH_CLOSING_DASHBOARD_SUCCESS","totalRecords":56,"filters":{"cluster":"","branch":"","fromDate":"","toDate":"","status":""},"timestamp":"2026-07-28T12:36:13.300Z"}
28/7/2026, 6:06:13 pm | {"api":"/api/cash-closing-dashboard","event":"CASH_CLOSING_DASHBOARD_API_STARTED","filters":{"cluster":"","branch":"","fromDate":"","toDate":"","status":""},"timestamp":"2026-07-28T12:36:13.500Z"}
28/7/2026, 6:06:13 pm | {"api":"/api/cash-closing-dashboard","event":"CASH_CLOSING_DASHBOARD_DB_CONNECTED","timestamp":"2026-07-28T12:36:13.500Z"}
28/7/2026, 6:06:13 pm | {"api":"/api/cash-closing-dashboard","event":"CASH_CLOSING_DASHBOARD_QUERY_STARTED","filters":{"cluster":"","branch":"","fromDate":"","toDate":"","status":""},"timestamp":"2026-07-28T12:36:13.501Z"}
28/7/2026, 6:06:13 pm | {"api":"/api/cash-closing-dashboard","event":"CASH_CLOSING_DASHBOARD_DATA_FETCHED","totalRecords":56,"timestamp":"2026-07-28T12:36:13.507Z"}
28/7/2026, 6:06:13 pm | {"api":"/api/cash-closing-dashboard","event":"CASH_CLOSING_CLUSTER_FETCHED","totalClusters":4,"timestamp":"2026-07-28T12:36:13.510Z"}
28/7/2026, 6:06:13 pm | {"api":"/api/cash-closing-dashboard","event":"CASH_CLOSING_BRANCH_FETCHED","totalBranches":56,"timestamp":"2026-07-28T12:36:13.514Z"}
28/7/2026, 6:06:13 pm | {"api":"/api/cash-closing-dashboard","event":"CASH_CLOSING_DASHBOARD_SUCCESS","totalRecords":56,"filters":{"cluster":"","branch":"","fromDate":"","toDate":"","status":""},"timestamp":"2026-07-28T12:36:13.515Z"}
28/7/2026, 6:06:20 pm | {"api":"/api/cash-closing-dashboard","event":"CASH_CLOSING_DASHBOARD_API_STARTED","filters":{"cluster":"","branch":"","fromDate":"","toDate":"","status":""},"timestamp":"2026-07-28T12:36:20.515Z"}
28/7/2026, 6:06:20 pm | {"api":"/api/cash-closing-dashboard","event":"CASH_CLOSING_DASHBOARD_DB_CONNECTED","timestamp":"2026-07-28T12:36:20.516Z"}
28/7/2026, 6:06:20 pm | {"api":"/api/cash-closing-dashboard","event":"CASH_CLOSING_DASHBOARD_QUERY_STARTED","filters":{"cluster":"","branch":"","fromDate":"","toDate":"","status":""},"timestamp":"2026-07-28T12:36:20.516Z"}
28/7/2026, 6:06:20 pm | {"api":"/api/cash-closing-dashboard","event":"CASH_CLOSING_DASHBOARD_DATA_FETCHED","totalRecords":56,"timestamp":"2026-07-28T12:36:20.522Z"}
28/7/2026, 6:06:20 pm | {"api":"/api/cash-closing-dashboard","event":"CASH_CLOSING_CLUSTER_FETCHED","totalClusters":4,"timestamp":"2026-07-28T12:36:20.525Z"}
28/7/2026, 6:06:20 pm | {"api":"/api/cash-closing-dashboard","event":"CASH_CLOSING_BRANCH_FETCHED","totalBranches":56,"timestamp":"2026-07-28T12:36:20.529Z"}
28/7/2026, 6:06:20 pm | {"api":"/api/cash-closing-dashboard","event":"CASH_CLOSING_DASHBOARD_SUCCESS","totalRecords":56,"filters":{"cluster":"","branch":"","fromDate":"","toDate":"","status":""},"timestamp":"2026-07-28T12:36:20.529Z"}
28/7/2026, 6:06:20 pm | {"api":"/api/cash-closing-dashboard","event":"CASH_CLOSING_DASHBOARD_API_STARTED","filters":{"cluster":"","branch":"","fromDate":"","toDate":"","status":""},"timestamp":"2026-07-28T12:36:20.610Z"}
28/7/2026, 6:06:20 pm | {"api":"/api/cash-closing-dashboard","event":"CASH_CLOSING_DASHBOARD_DB_CONNECTED","timestamp":"2026-07-28T12:36:20.611Z"}
28/7/2026, 6:06:20 pm | {"api":"/api/cash-closing-dashboard","event":"CASH_CLOSING_DASHBOARD_QUERY_STARTED","filters":{"cluster":"","branch":"","fromDate":"","toDate":"","status":""},"timestamp":"2026-07-28T12:36:20.612Z"}
28/7/2026, 6:06:20 pm | {"api":"/api/cash-closing-dashboard","event":"CASH_CLOSING_DASHBOARD_DATA_FETCHED","totalRecords":56,"timestamp":"2026-07-28T12:36:20.619Z"}
28/7/2026, 6:06:20 pm | {"api":"/api/cash-closing-dashboard","event":"CASH_CLOSING_CLUSTER_FETCHED","totalClusters":4,"timestamp":"2026-07-28T12:36:20.623Z"}
28/7/2026, 6:06:20 pm | {"api":"/api/cash-closing-dashboard","event":"CASH_CLOSING_BRANCH_FETCHED","totalBranches":56,"timestamp":"2026-07-28T12:36:20.627Z"}
28/7/2026, 6:06:20 pm | {"api":"/api/cash-closing-dashboard","event":"CASH_CLOSING_DASHBOARD_SUCCESS","totalRecords":56,"filters":{"cluster":"","branch":"","fromDate":"","toDate":"","status":""},"timestamp":"2026-07-28T12:36:20.627Z"}
28/7/2026, 6:06:20 pm | {"api":"/api/cash-closing-dashboard","event":"CASH_CLOSING_DASHBOARD_API_STARTED","filters":{"cluster":"","branch":"","fromDate":"","toDate":"","status":""},"timestamp":"2026-07-28T12:36:20.778Z"}
28/7/2026, 6:06:20 pm | {"api":"/api/cash-closing-dashboard","event":"CASH_CLOSING_DASHBOARD_DB_CONNECTED","timestamp":"2026-07-28T12:36:20.779Z"}
28/7/2026, 6:06:20 pm | {"api":"/api/cash-closing-dashboard","event":"CASH_CLOSING_DASHBOARD_QUERY_STARTED","filters":{"cluster":"","branch":"","fromDate":"","toDate":"","status":""},"timestamp":"2026-07-28T12:36:20.780Z"}
28/7/2026, 6:06:20 pm | {"api":"/api/cash-closing-dashboard","event":"CASH_CLOSING_DASHBOARD_DATA_FETCHED","totalRecords":56,"timestamp":"2026-07-28T12:36:20.788Z"}
28/7/2026, 6:06:20 pm | {"api":"/api/cash-closing-dashboard","event":"CASH_CLOSING_CLUSTER_FETCHED","totalClusters":4,"timestamp":"2026-07-28T12:36:20.791Z"}
28/7/2026, 6:06:20 pm | {"api":"/api/cash-closing-dashboard","event":"CASH_CLOSING_BRANCH_FETCHED","totalBranches":56,"timestamp":"2026-07-28T12:36:20.795Z"}
28/7/2026, 6:06:20 pm | {"api":"/api/cash-closing-dashboard","event":"CASH_CLOSING_DASHBOARD_SUCCESS","totalRecords":56,"filters":{"cluster":"","branch":"","fromDate":"","toDate":"","status":""},"timestamp":"2026-07-28T12:36:20.796Z"}
28/7/2026, 6:06:20 pm | {"api":"/api/cash-closing-dashboard","event":"CASH_CLOSING_DASHBOARD_API_STARTED","filters":{"cluster":"","branch":"","fromDate":"","toDate":"","status":""},"timestamp":"2026-07-28T12:36:20.922Z"}
28/7/2026, 6:06:20 pm | {"api":"/api/cash-closing-dashboard","event":"CASH_CLOSING_DASHBOARD_DB_CONNECTED","timestamp":"2026-07-28T12:36:20.923Z"}
28/7/2026, 6:06:20 pm | {"api":"/api/cash-closing-dashboard","event":"CASH_CLOSING_DASHBOARD_QUERY_STARTED","filters":{"cluster":"","branch":"","fromDate":"","toDate":"","status":""},"timestamp":"2026-07-28T12:36:20.924Z"}
28/7/2026, 6:06:20 pm | {"api":"/api/cash-closing-dashboard","event":"CASH_CLOSING_DASHBOARD_DATA_FETCHED","totalRecords":56,"timestamp":"2026-07-28T12:36:20.931Z"}
28/7/2026, 6:06:20 pm | {"api":"/api/cash-closing-dashboard","event":"CASH_CLOSING_CLUSTER_FETCHED","totalClusters":4,"timestamp":"2026-07-28T12:36:20.934Z"}
28/7/2026, 6:06:20 pm | {"api":"/api/cash-closing-dashboard","event":"CASH_CLOSING_BRANCH_FETCHED","totalBranches":56,"timestamp":"2026-07-28T12:36:20.937Z"}
28/7/2026, 6:06:20 pm | {"api":"/api/cash-closing-dashboard","event":"CASH_CLOSING_DASHBOARD_SUCCESS","totalRecords":56,"filters":{"cluster":"","branch":"","fromDate":"","toDate":"","status":""},"timestamp":"2026-07-28T12:36:20.938Z"}
28/7/2026, 6:06:21 pm | {"api":"/api/cash-closing-dashboard","event":"CASH_CLOSING_DASHBOARD_API_STARTED","filters":{"cluster":"","branch":"","fromDate":"","toDate":"","status":""},"timestamp":"2026-07-28T12:36:21.066Z"}
28/7/2026, 6:06:21 pm | {"api":"/api/cash-closing-dashboard","event":"CASH_CLOSING_DASHBOARD_DB_CONNECTED","timestamp":"2026-07-28T12:36:21.067Z"}
28/7/2026, 6:06:21 pm | {"api":"/api/cash-closing-dashboard","event":"CASH_CLOSING_DASHBOARD_QUERY_STARTED","filters":{"cluster":"","branch":"","fromDate":"","toDate":"","status":""},"timestamp":"2026-07-28T12:36:21.068Z"}
28/7/2026, 6:06:21 pm | {"api":"/api/cash-closing-dashboard","event":"CASH_CLOSING_DASHBOARD_DATA_FETCHED","totalRecords":56,"timestamp":"2026-07-28T12:36:21.075Z"}
28/7/2026, 6:06:21 pm | {"api":"/api/cash-closing-dashboard","event":"CASH_CLOSING_CLUSTER_FETCHED","totalClusters":4,"timestamp":"2026-07-28T12:36:21.078Z"}
28/7/2026, 6:06:21 pm | {"api":"/api/cash-closing-dashboard","event":"CASH_CLOSING_BRANCH_FETCHED","totalBranches":56,"timestamp":"2026-07-28T12:36:21.081Z"}
28/7/2026, 6:06:21 pm | {"api":"/api/cash-closing-dashboard","event":"CASH_CLOSING_DASHBOARD_SUCCESS","totalRecords":56,"filters":{"cluster":"","branch":"","fromDate":"","toDate":"","status":""},"timestamp":"2026-07-28T12:36:21.082Z"}
28/7/2026, 6:06:21 pm | {"api":"/api/cash-closing-dashboard","event":"CASH_CLOSING_DASHBOARD_API_STARTED","filters":{"cluster":"","branch":"","fromDate":"","toDate":"","status":""},"timestamp":"2026-07-28T12:36:21.210Z"}
28/7/2026, 6:06:21 pm | {"api":"/api/cash-closing-dashboard","event":"CASH_CLOSING_DASHBOARD_DB_CONNECTED","timestamp":"2026-07-28T12:36:21.211Z"}
28/7/2026, 6:06:21 pm | {"api":"/api/cash-closing-dashboard","event":"CASH_CLOSING_DASHBOARD_QUERY_STARTED","filters":{"cluster":"","branch":"","fromDate":"","toDate":"","status":""},"timestamp":"2026-07-28T12:36:21.212Z"}
28/7/2026, 6:06:21 pm | {"api":"/api/cash-closing-dashboard","event":"CASH_CLOSING_DASHBOARD_DATA_FETCHED","totalRecords":56,"timestamp":"2026-07-28T12:36:21.220Z"}
28/7/2026, 6:06:21 pm | {"api":"/api/cash-closing-dashboard","event":"CASH_CLOSING_CLUSTER_FETCHED","totalClusters":4,"timestamp":"2026-07-28T12:36:21.223Z"}
28/7/2026, 6:06:21 pm | {"api":"/api/cash-closing-dashboard","event":"CASH_CLOSING_BRANCH_FETCHED","totalBranches":56,"timestamp":"2026-07-28T12:36:21.227Z"}
28/7/2026, 6:06:21 pm | {"api":"/api/cash-closing-dashboard","event":"CASH_CLOSING_DASHBOARD_SUCCESS","totalRecords":56,"filters":{"cluster":"","branch":"","fromDate":"","toDate":"","status":""},"timestamp":"2026-07-28T12:36:21.228Z"}
28/7/2026, 6:06:21 pm | {"api":"/api/cash-closing-dashboard","event":"CASH_CLOSING_DASHBOARD_API_STARTED","filters":{"cluster":"","branch":"","fromDate":"","toDate":"","status":""},"timestamp":"2026-07-28T12:36:21.323Z"}
28/7/2026, 6:06:21 pm | {"api":"/api/cash-closing-dashboard","event":"CASH_CLOSING_DASHBOARD_DB_CONNECTED","timestamp":"2026-07-28T12:36:21.323Z"}
28/7/2026, 6:06:21 pm | {"api":"/api/cash-closing-dashboard","event":"CASH_CLOSING_DASHBOARD_QUERY_STARTED","filters":{"cluster":"","branch":"","fromDate":"","toDate":"","status":""},"timestamp":"2026-07-28T12:36:21.324Z"}
28/7/2026, 6:06:21 pm | {"api":"/api/cash-closing-dashboard","event":"CASH_CLOSING_DASHBOARD_DATA_FETCHED","totalRecords":56,"timestamp":"2026-07-28T12:36:21.329Z"}
28/7/2026, 6:06:21 pm | {"api":"/api/cash-closing-dashboard","event":"CASH_CLOSING_CLUSTER_FETCHED","totalClusters":4,"timestamp":"2026-07-28T12:36:21.333Z"}
28/7/2026, 6:06:21 pm | {"api":"/api/cash-closing-dashboard","event":"CASH_CLOSING_BRANCH_FETCHED","totalBranches":56,"timestamp":"2026-07-28T12:36:21.336Z"}
28/7/2026, 6:06:21 pm | {"api":"/api/cash-closing-dashboard","event":"CASH_CLOSING_DASHBOARD_SUCCESS","totalRecords":56,"filters":{"cluster":"","branch":"","fromDate":"","toDate":"","status":""},"timestamp":"2026-07-28T12:36:21.337Z"}
28/7/2026, 6:06:21 pm | {"api":"/api/cash-closing-dashboard","event":"CASH_CLOSING_DASHBOARD_API_STARTED","filters":{"cluster":"","branch":"","fromDate":"","toDate":"","status":""},"timestamp":"2026-07-28T12:36:21.466Z"}
28/7/2026, 6:06:21 pm | {"api":"/api/cash-closing-dashboard","event":"CASH_CLOSING_DASHBOARD_DB_CONNECTED","timestamp":"2026-07-28T12:36:21.467Z"}
28/7/2026, 6:06:21 pm | {"api":"/api/cash-closing-dashboard","event":"CASH_CLOSING_DASHBOARD_QUERY_STARTED","filters":{"cluster":"","branch":"","fromDate":"","toDate":"","status":""},"timestamp":"2026-07-28T12:36:21.468Z"}
28/7/2026, 6:06:21 pm | {"api":"/api/cash-closing-dashboard","event":"CASH_CLOSING_DASHBOARD_DATA_FETCHED","totalRecords":56,"timestamp":"2026-07-28T12:36:21.475Z"}
28/7/2026, 6:06:21 pm | {"api":"/api/cash-closing-dashboard","event":"CASH_CLOSING_CLUSTER_FETCHED","totalClusters":4,"timestamp":"2026-07-28T12:36:21.479Z"}
28/7/2026, 6:06:21 pm | {"api":"/api/cash-closing-dashboard","event":"CASH_CLOSING_BRANCH_FETCHED","totalBranches":56,"timestamp":"2026-07-28T12:36:21.482Z"}
28/7/2026, 6:06:21 pm | {"api":"/api/cash-closing-dashboard","event":"CASH_CLOSING_DASHBOARD_SUCCESS","totalRecords":56,"filters":{"cluster":"","branch":"","fromDate":"","toDate":"","status":""},"timestamp":"2026-07-28T12:36:21.483Z"}
28/7/2026, 6:06:21 pm | {"api":"/api/cash-closing-dashboard","event":"CASH_CLOSING_DASHBOARD_API_STARTED","filters":{"cluster":"","branch":"","fromDate":"","toDate":"","status":""},"timestamp":"2026-07-28T12:36:21.706Z"}
28/7/2026, 6:06:21 pm | {"api":"/api/cash-closing-dashboard","event":"CASH_CLOSING_DASHBOARD_DB_CONNECTED","timestamp":"2026-07-28T12:36:21.707Z"}
28/7/2026, 6:06:21 pm | {"api":"/api/cash-closing-dashboard","event":"CASH_CLOSING_DASHBOARD_QUERY_STARTED","filters":{"cluster":"","branch":"","fromDate":"","toDate":"","status":""},"timestamp":"2026-07-28T12:36:21.708Z"}
28/7/2026, 6:06:21 pm | {"api":"/api/cash-closing-dashboard","event":"CASH_CLOSING_DASHBOARD_DATA_FETCHED","totalRecords":56,"timestamp":"2026-07-28T12:36:21.715Z"}
28/7/2026, 6:06:21 pm | {"api":"/api/cash-closing-dashboard","event":"CASH_CLOSING_CLUSTER_FETCHED","totalClusters":4,"timestamp":"2026-07-28T12:36:21.719Z"}
28/7/2026, 6:06:21 pm | {"api":"/api/cash-closing-dashboard","event":"CASH_CLOSING_BRANCH_FETCHED","totalBranches":56,"timestamp":"2026-07-28T12:36:21.726Z"}
28/7/2026, 6:06:21 pm | {"api":"/api/cash-closing-dashboard","event":"CASH_CLOSING_DASHBOARD_SUCCESS","totalRecords":56,"filters":{"cluster":"","branch":"","fromDate":"","toDate":"","status":""},"timestamp":"2026-07-28T12:36:21.727Z"}
28/7/2026, 6:06:21 pm | {"api":"/api/cash-closing-dashboard","event":"CASH_CLOSING_DASHBOARD_API_STARTED","filters":{"cluster":"","branch":"","fromDate":"","toDate":"","status":""},"timestamp":"2026-07-28T12:36:21.978Z"}
28/7/2026, 6:06:21 pm | {"api":"/api/cash-closing-dashboard","event":"CASH_CLOSING_DASHBOARD_DB_CONNECTED","timestamp":"2026-07-28T12:36:21.979Z"}
28/7/2026, 6:06:21 pm | {"api":"/api/cash-closing-dashboard","event":"CASH_CLOSING_DASHBOARD_QUERY_STARTED","filters":{"cluster":"","branch":"","fromDate":"","toDate":"","status":""},"timestamp":"2026-07-28T12:36:21.980Z"}
28/7/2026, 6:06:21 pm | {"api":"/api/cash-closing-dashboard","event":"CASH_CLOSING_DASHBOARD_DATA_FETCHED","totalRecords":56,"timestamp":"2026-07-28T12:36:21.987Z"}
28/7/2026, 6:06:21 pm | {"api":"/api/cash-closing-dashboard","event":"CASH_CLOSING_CLUSTER_FETCHED","totalClusters":4,"timestamp":"2026-07-28T12:36:21.991Z"}
28/7/2026, 6:06:21 pm | {"api":"/api/cash-closing-dashboard","event":"CASH_CLOSING_BRANCH_FETCHED","totalBranches":56,"timestamp":"2026-07-28T12:36:21.994Z"}
28/7/2026, 6:06:21 pm | {"api":"/api/cash-closing-dashboard","event":"CASH_CLOSING_DASHBOARD_SUCCESS","totalRecords":56,"filters":{"cluster":"","branch":"","fromDate":"","toDate":"","status":""},"timestamp":"2026-07-28T12:36:21.995Z"}
28/7/2026, 6:06:22 pm | {"api":"/api/cash-closing-dashboard","event":"CASH_CLOSING_DASHBOARD_API_STARTED","filters":{"cluster":"","branch":"","fromDate":"","toDate":"","status":""},"timestamp":"2026-07-28T12:36:22.290Z"}
28/7/2026, 6:06:22 pm | {"api":"/api/cash-closing-dashboard","event":"CASH_CLOSING_DASHBOARD_DB_CONNECTED","timestamp":"2026-07-28T12:36:22.291Z"}
28/7/2026, 6:06:22 pm | {"api":"/api/cash-closing-dashboard","event":"CASH_CLOSING_DASHBOARD_QUERY_STARTED","filters":{"cluster":"","branch":"","fromDate":"","toDate":"","status":""},"timestamp":"2026-07-28T12:36:22.292Z"}
28/7/2026, 6:06:22 pm | {"api":"/api/cash-closing-dashboard","event":"CASH_CLOSING_DASHBOARD_DATA_FETCHED","totalRecords":56,"timestamp":"2026-07-28T12:36:22.299Z"}
28/7/2026, 6:06:22 pm | {"api":"/api/cash-closing-dashboard","event":"CASH_CLOSING_CLUSTER_FETCHED","totalClusters":4,"timestamp":"2026-07-28T12:36:22.302Z"}
28/7/2026, 6:06:22 pm | {"api":"/api/cash-closing-dashboard","event":"CASH_CLOSING_BRANCH_FETCHED","totalBranches":56,"timestamp":"2026-07-28T12:36:22.305Z"}
28/7/2026, 6:06:22 pm | {"api":"/api/cash-closing-dashboard","event":"CASH_CLOSING_DASHBOARD_SUCCESS","totalRecords":56,"filters":{"cluster":"","branch":"","fromDate":"","toDate":"","status":""},"timestamp":"2026-07-28T12:36:22.306Z"}
28/7/2026, 6:06:22 pm | {"api":"/api/cash-closing-dashboard","event":"CASH_CLOSING_DASHBOARD_API_STARTED","filters":{"cluster":"","branch":"","fromDate":"","toDate":"","status":""},"timestamp":"2026-07-28T12:36:22.442Z"}
28/7/2026, 6:06:22 pm | {"api":"/api/cash-closing-dashboard","event":"CASH_CLOSING_DASHBOARD_DB_CONNECTED","timestamp":"2026-07-28T12:36:22.443Z"}
28/7/2026, 6:06:22 pm | {"api":"/api/cash-closing-dashboard","event":"CASH_CLOSING_DASHBOARD_QUERY_STARTED","filters":{"cluster":"","branch":"","fromDate":"","toDate":"","status":""},"timestamp":"2026-07-28T12:36:22.444Z"}
28/7/2026, 6:06:22 pm | {"api":"/api/cash-closing-dashboard","event":"CASH_CLOSING_DASHBOARD_DATA_FETCHED","totalRecords":56,"timestamp":"2026-07-28T12:36:22.452Z"}
28/7/2026, 6:06:22 pm | {"api":"/api/cash-closing-dashboard","event":"CASH_CLOSING_CLUSTER_FETCHED","totalClusters":4,"timestamp":"2026-07-28T12:36:22.455Z"}
28/7/2026, 6:06:22 pm | {"api":"/api/cash-closing-dashboard","event":"CASH_CLOSING_BRANCH_FETCHED","totalBranches":56,"timestamp":"2026-07-28T12:36:22.459Z"}
28/7/2026, 6:06:22 pm | {"api":"/api/cash-closing-dashboard","event":"CASH_CLOSING_DASHBOARD_SUCCESS","totalRecords":56,"filters":{"cluster":"","branch":"","fromDate":"","toDate":"","status":""},"timestamp":"2026-07-28T12:36:22.459Z"}
28/7/2026, 6:06:22 pm | {"api":"/api/cash-closing-dashboard","event":"CASH_CLOSING_DASHBOARD_API_STARTED","filters":{"cluster":"","branch":"","fromDate":"","toDate":"","status":""},"timestamp":"2026-07-28T12:36:22.609Z"}
28/7/2026, 6:06:22 pm | {"api":"/api/cash-closing-dashboard","event":"CASH_CLOSING_DASHBOARD_DB_CONNECTED","timestamp":"2026-07-28T12:36:22.610Z"}
28/7/2026, 6:06:22 pm | {"api":"/api/cash-closing-dashboard","event":"CASH_CLOSING_DASHBOARD_QUERY_STARTED","filters":{"cluster":"","branch":"","fromDate":"","toDate":"","status":""},"timestamp":"2026-07-28T12:36:22.611Z"}
28/7/2026, 6:06:22 pm | {"api":"/api/cash-closing-dashboard","event":"CASH_CLOSING_DASHBOARD_DATA_FETCHED","totalRecords":56,"timestamp":"2026-07-28T12:36:22.619Z"}
28/7/2026, 6:06:22 pm | {"api":"/api/cash-closing-dashboard","event":"CASH_CLOSING_CLUSTER_FETCHED","totalClusters":4,"timestamp":"2026-07-28T12:36:22.622Z"}
28/7/2026, 6:06:22 pm | {"api":"/api/cash-closing-dashboard","event":"CASH_CLOSING_BRANCH_FETCHED","totalBranches":56,"timestamp":"2026-07-28T12:36:22.626Z"}
28/7/2026, 6:06:22 pm | {"api":"/api/cash-closing-dashboard","event":"CASH_CLOSING_DASHBOARD_SUCCESS","totalRecords":56,"filters":{"cluster":"","branch":"","fromDate":"","toDate":"","status":""},"timestamp":"2026-07-28T12:36:22.626Z"}
28/7/2026, 6:06:32 pm | {"api":"/api/cash-closing-dashboard","event":"CASH_CLOSING_DASHBOARD_API_STARTED","filters":{"cluster":"","branch":"","fromDate":"","toDate":"","status":""},"timestamp":"2026-07-28T12:36:32.345Z"}
28/7/2026, 6:06:32 pm | {"api":"/api/cash-closing-dashboard","event":"CASH_CLOSING_DASHBOARD_DB_CONNECTED","timestamp":"2026-07-28T12:36:32.346Z"}
28/7/2026, 6:06:32 pm | {"api":"/api/cash-closing-dashboard","event":"CASH_CLOSING_DASHBOARD_QUERY_STARTED","filters":{"cluster":"","branch":"","fromDate":"","toDate":"","status":""},"timestamp":"2026-07-28T12:36:32.347Z"}
28/7/2026, 6:06:32 pm | {"api":"/api/cash-closing-dashboard","event":"CASH_CLOSING_DASHBOARD_DATA_FETCHED","totalRecords":56,"timestamp":"2026-07-28T12:36:32.353Z"}
28/7/2026, 6:06:32 pm | {"api":"/api/cash-closing-dashboard","event":"CASH_CLOSING_CLUSTER_FETCHED","totalClusters":4,"timestamp":"2026-07-28T12:36:32.356Z"}
28/7/2026, 6:06:32 pm | {"api":"/api/cash-closing-dashboard","event":"CASH_CLOSING_BRANCH_FETCHED","totalBranches":56,"timestamp":"2026-07-28T12:36:32.360Z"}
28/7/2026, 6:06:32 pm | {"api":"/api/cash-closing-dashboard","event":"CASH_CLOSING_DASHBOARD_SUCCESS","totalRecords":56,"filters":{"cluster":"","branch":"","fromDate":"","toDate":"","status":""},"timestamp":"2026-07-28T12:36:32.361Z"}
28/7/2026, 6:06:32 pm | {"api":"/api/cash-closing-dashboard","event":"CASH_CLOSING_DASHBOARD_API_STARTED","filters":{"cluster":"","branch":"","fromDate":"","toDate":"","status":""},"timestamp":"2026-07-28T12:36:32.442Z"}
28/7/2026, 6:06:32 pm | {"api":"/api/cash-closing-dashboard","event":"CASH_CLOSING_DASHBOARD_DB_CONNECTED","timestamp":"2026-07-28T12:36:32.443Z"}
28/7/2026, 6:06:32 pm | {"api":"/api/cash-closing-dashboard","event":"CASH_CLOSING_DASHBOARD_QUERY_STARTED","filters":{"cluster":"","branch":"","fromDate":"","toDate":"","status":""},"timestamp":"2026-07-28T12:36:32.444Z"}
28/7/2026, 6:06:32 pm | {"api":"/api/cash-closing-dashboard","event":"CASH_CLOSING_DASHBOARD_DATA_FETCHED","totalRecords":56,"timestamp":"2026-07-28T12:36:32.452Z"}
28/7/2026, 6:06:32 pm | {"api":"/api/cash-closing-dashboard","event":"CASH_CLOSING_CLUSTER_FETCHED","totalClusters":4,"timestamp":"2026-07-28T12:36:32.455Z"}
28/7/2026, 6:06:32 pm | {"api":"/api/cash-closing-dashboard","event":"CASH_CLOSING_BRANCH_FETCHED","totalBranches":56,"timestamp":"2026-07-28T12:36:32.459Z"}
28/7/2026, 6:06:32 pm | {"api":"/api/cash-closing-dashboard","event":"CASH_CLOSING_DASHBOARD_SUCCESS","totalRecords":56,"filters":{"cluster":"","branch":"","fromDate":"","toDate":"","status":""},"timestamp":"2026-07-28T12:36:32.460Z"}
28/7/2026, 6:06:32 pm | {"api":"/api/cash-closing-dashboard","event":"CASH_CLOSING_DASHBOARD_API_STARTED","filters":{"cluster":"","branch":"","fromDate":"","toDate":"","status":""},"timestamp":"2026-07-28T12:36:32.594Z"}
28/7/2026, 6:06:32 pm | {"api":"/api/cash-closing-dashboard","event":"CASH_CLOSING_DASHBOARD_DB_CONNECTED","timestamp":"2026-07-28T12:36:32.595Z"}
28/7/2026, 6:06:32 pm | {"api":"/api/cash-closing-dashboard","event":"CASH_CLOSING_DASHBOARD_QUERY_STARTED","filters":{"cluster":"","branch":"","fromDate":"","toDate":"","status":""},"timestamp":"2026-07-28T12:36:32.596Z"}
28/7/2026, 6:06:32 pm | {"api":"/api/cash-closing-dashboard","event":"CASH_CLOSING_DASHBOARD_DATA_FETCHED","totalRecords":56,"timestamp":"2026-07-28T12:36:32.602Z"}
28/7/2026, 6:06:32 pm | {"api":"/api/cash-closing-dashboard","event":"CASH_CLOSING_CLUSTER_FETCHED","totalClusters":4,"timestamp":"2026-07-28T12:36:32.606Z"}
28/7/2026, 6:06:32 pm | {"api":"/api/cash-closing-dashboard","event":"CASH_CLOSING_BRANCH_FETCHED","totalBranches":56,"timestamp":"2026-07-28T12:36:32.608Z"}
28/7/2026, 6:06:32 pm | {"api":"/api/cash-closing-dashboard","event":"CASH_CLOSING_DASHBOARD_SUCCESS","totalRecords":56,"filters":{"cluster":"","branch":"","fromDate":"","toDate":"","status":""},"timestamp":"2026-07-28T12:36:32.609Z"}
28/7/2026, 6:06:32 pm | {"api":"/api/cash-closing-dashboard","event":"CASH_CLOSING_DASHBOARD_API_STARTED","filters":{"cluster":"","branch":"","fromDate":"","toDate":"","status":""},"timestamp":"2026-07-28T12:36:32.722Z"}
28/7/2026, 6:06:32 pm | {"api":"/api/cash-closing-dashboard","event":"CASH_CLOSING_DASHBOARD_DB_CONNECTED","timestamp":"2026-07-28T12:36:32.724Z"}
28/7/2026, 6:06:32 pm | {"api":"/api/cash-closing-dashboard","event":"CASH_CLOSING_DASHBOARD_QUERY_STARTED","filters":{"cluster":"","branch":"","fromDate":"","toDate":"","status":""},"timestamp":"2026-07-28T12:36:32.724Z"}
28/7/2026, 6:06:32 pm | {"api":"/api/cash-closing-dashboard","event":"CASH_CLOSING_DASHBOARD_DATA_FETCHED","totalRecords":56,"timestamp":"2026-07-28T12:36:32.734Z"}
28/7/2026, 6:06:32 pm | {"api":"/api/cash-closing-dashboard","event":"CASH_CLOSING_CLUSTER_FETCHED","totalClusters":4,"timestamp":"2026-07-28T12:36:32.738Z"}
28/7/2026, 6:06:32 pm | {"api":"/api/cash-closing-dashboard","event":"CASH_CLOSING_BRANCH_FETCHED","totalBranches":56,"timestamp":"2026-07-28T12:36:32.743Z"}
28/7/2026, 6:06:32 pm | {"api":"/api/cash-closing-dashboard","event":"CASH_CLOSING_DASHBOARD_SUCCESS","totalRecords":56,"filters":{"cluster":"","branch":"","fromDate":"","toDate":"","status":""},"timestamp":"2026-07-28T12:36:32.744Z"}
28/7/2026, 6:06:32 pm | {"api":"/api/cash-closing-dashboard","event":"CASH_CLOSING_DASHBOARD_API_STARTED","filters":{"cluster":"","branch":"","fromDate":"","toDate":"","status":""},"timestamp":"2026-07-28T12:36:32.866Z"}
28/7/2026, 6:06:32 pm | {"api":"/api/cash-closing-dashboard","event":"CASH_CLOSING_DASHBOARD_DB_CONNECTED","timestamp":"2026-07-28T12:36:32.867Z"}
28/7/2026, 6:06:32 pm | {"api":"/api/cash-closing-dashboard","event":"CASH_CLOSING_DASHBOARD_QUERY_STARTED","filters":{"cluster":"","branch":"","fromDate":"","toDate":"","status":""},"timestamp":"2026-07-28T12:36:32.868Z"}
28/7/2026, 6:06:32 pm | {"api":"/api/cash-closing-dashboard","event":"CASH_CLOSING_DASHBOARD_DATA_FETCHED","totalRecords":56,"timestamp":"2026-07-28T12:36:32.876Z"}
28/7/2026, 6:06:32 pm | {"api":"/api/cash-closing-dashboard","event":"CASH_CLOSING_CLUSTER_FETCHED","totalClusters":4,"timestamp":"2026-07-28T12:36:32.879Z"}
28/7/2026, 6:06:32 pm | {"api":"/api/cash-closing-dashboard","event":"CASH_CLOSING_BRANCH_FETCHED","totalBranches":56,"timestamp":"2026-07-28T12:36:32.882Z"}
28/7/2026, 6:06:32 pm | {"api":"/api/cash-closing-dashboard","event":"CASH_CLOSING_DASHBOARD_SUCCESS","totalRecords":56,"filters":{"cluster":"","branch":"","fromDate":"","toDate":"","status":""},"timestamp":"2026-07-28T12:36:32.883Z"}
28/7/2026, 6:06:33 pm | {"api":"/api/cash-closing-dashboard","event":"CASH_CLOSING_DASHBOARD_API_STARTED","filters":{"cluster":"","branch":"","fromDate":"","toDate":"","status":""},"timestamp":"2026-07-28T12:36:33.018Z"}
28/7/2026, 6:06:33 pm | {"api":"/api/cash-closing-dashboard","event":"CASH_CLOSING_DASHBOARD_DB_CONNECTED","timestamp":"2026-07-28T12:36:33.019Z"}
28/7/2026, 6:06:33 pm | {"api":"/api/cash-closing-dashboard","event":"CASH_CLOSING_DASHBOARD_QUERY_STARTED","filters":{"cluster":"","branch":"","fromDate":"","toDate":"","status":""},"timestamp":"2026-07-28T12:36:33.020Z"}
28/7/2026, 6:06:33 pm | {"api":"/api/cash-closing-dashboard","event":"CASH_CLOSING_DASHBOARD_DATA_FETCHED","totalRecords":56,"timestamp":"2026-07-28T12:36:33.027Z"}
28/7/2026, 6:06:33 pm | {"api":"/api/cash-closing-dashboard","event":"CASH_CLOSING_CLUSTER_FETCHED","totalClusters":4,"timestamp":"2026-07-28T12:36:33.030Z"}
28/7/2026, 6:06:33 pm | {"api":"/api/cash-closing-dashboard","event":"CASH_CLOSING_BRANCH_FETCHED","totalBranches":56,"timestamp":"2026-07-28T12:36:33.034Z"}
28/7/2026, 6:06:33 pm | {"api":"/api/cash-closing-dashboard","event":"CASH_CLOSING_DASHBOARD_SUCCESS","totalRecords":56,"filters":{"cluster":"","branch":"","fromDate":"","toDate":"","status":""},"timestamp":"2026-07-28T12:36:33.034Z"}
28/7/2026, 6:06:33 pm | {"api":"/api/cash-closing-dashboard","event":"CASH_CLOSING_DASHBOARD_API_STARTED","filters":{"cluster":"","branch":"","fromDate":"","toDate":"","status":""},"timestamp":"2026-07-28T12:36:33.138Z"}
28/7/2026, 6:06:33 pm | {"api":"/api/cash-closing-dashboard","event":"CASH_CLOSING_DASHBOARD_DB_CONNECTED","timestamp":"2026-07-28T12:36:33.140Z"}
28/7/2026, 6:06:33 pm | {"api":"/api/cash-closing-dashboard","event":"CASH_CLOSING_DASHBOARD_QUERY_STARTED","filters":{"cluster":"","branch":"","fromDate":"","toDate":"","status":""},"timestamp":"2026-07-28T12:36:33.140Z"}
28/7/2026, 6:06:33 pm | {"api":"/api/cash-closing-dashboard","event":"CASH_CLOSING_DASHBOARD_DATA_FETCHED","totalRecords":56,"timestamp":"2026-07-28T12:36:33.147Z"}
28/7/2026, 6:06:33 pm | {"api":"/api/cash-closing-dashboard","event":"CASH_CLOSING_CLUSTER_FETCHED","totalClusters":4,"timestamp":"2026-07-28T12:36:33.151Z"}
28/7/2026, 6:06:33 pm | {"api":"/api/cash-closing-dashboard","event":"CASH_CLOSING_BRANCH_FETCHED","totalBranches":56,"timestamp":"2026-07-28T12:36:33.154Z"}
28/7/2026, 6:06:33 pm | {"api":"/api/cash-closing-dashboard","event":"CASH_CLOSING_DASHBOARD_SUCCESS","totalRecords":56,"filters":{"cluster":"","branch":"","fromDate":"","toDate":"","status":""},"timestamp":"2026-07-28T12:36:33.155Z"}
28/7/2026, 6:06:33 pm | {"api":"/api/cash-closing-dashboard","event":"CASH_CLOSING_DASHBOARD_API_STARTED","filters":{"cluster":"","branch":"","fromDate":"","toDate":"","status":""},"timestamp":"2026-07-28T12:36:33.274Z"}
28/7/2026, 6:06:33 pm | {"api":"/api/cash-closing-dashboard","event":"CASH_CLOSING_DASHBOARD_DB_CONNECTED","timestamp":"2026-07-28T12:36:33.276Z"}
28/7/2026, 6:06:33 pm | {"api":"/api/cash-closing-dashboard","event":"CASH_CLOSING_DASHBOARD_QUERY_STARTED","filters":{"cluster":"","branch":"","fromDate":"","toDate":"","status":""},"timestamp":"2026-07-28T12:36:33.277Z"}
28/7/2026, 6:06:33 pm | {"api":"/api/cash-closing-dashboard","event":"CASH_CLOSING_DASHBOARD_DATA_FETCHED","totalRecords":56,"timestamp":"2026-07-28T12:36:33.285Z"}
28/7/2026, 6:06:33 pm | {"api":"/api/cash-closing-dashboard","event":"CASH_CLOSING_CLUSTER_FETCHED","totalClusters":4,"timestamp":"2026-07-28T12:36:33.288Z"}
28/7/2026, 6:06:33 pm | {"api":"/api/cash-closing-dashboard","event":"CASH_CLOSING_BRANCH_FETCHED","totalBranches":56,"timestamp":"2026-07-28T12:36:33.291Z"}
28/7/2026, 6:06:33 pm | {"api":"/api/cash-closing-dashboard","event":"CASH_CLOSING_DASHBOARD_SUCCESS","totalRecords":56,"filters":{"cluster":"","branch":"","fromDate":"","toDate":"","status":""},"timestamp":"2026-07-28T12:36:33.292Z"}
28/7/2026, 6:06:33 pm | {"api":"/api/cash-closing-dashboard","event":"CASH_CLOSING_DASHBOARD_API_STARTED","filters":{"cluster":"","branch":"","fromDate":"","toDate":"","status":""},"timestamp":"2026-07-28T12:36:33.410Z"}
28/7/2026, 6:06:33 pm | {"api":"/api/cash-closing-dashboard","event":"CASH_CLOSING_DASHBOARD_DB_CONNECTED","timestamp":"2026-07-28T12:36:33.411Z"}
28/7/2026, 6:06:33 pm | {"api":"/api/cash-closing-dashboard","event":"CASH_CLOSING_DASHBOARD_QUERY_STARTED","filters":{"cluster":"","branch":"","fromDate":"","toDate":"","status":""},"timestamp":"2026-07-28T12:36:33.412Z"}
28/7/2026, 6:06:33 pm | {"api":"/api/cash-closing-dashboard","event":"CASH_CLOSING_DASHBOARD_DATA_FETCHED","totalRecords":56,"timestamp":"2026-07-28T12:36:33.420Z"}
28/7/2026, 6:06:33 pm | {"api":"/api/cash-closing-dashboard","event":"CASH_CLOSING_CLUSTER_FETCHED","totalClusters":4,"timestamp":"2026-07-28T12:36:33.424Z"}
28/7/2026, 6:06:33 pm | {"api":"/api/cash-closing-dashboard","event":"CASH_CLOSING_BRANCH_FETCHED","totalBranches":56,"timestamp":"2026-07-28T12:36:33.428Z"}
28/7/2026, 6:06:33 pm | {"api":"/api/cash-closing-dashboard","event":"CASH_CLOSING_DASHBOARD_SUCCESS","totalRecords":56,"filters":{"cluster":"","branch":"","fromDate":"","toDate":"","status":""},"timestamp":"2026-07-28T12:36:33.428Z"}
28/7/2026, 6:06:33 pm | {"api":"/api/cash-closing-dashboard","event":"CASH_CLOSING_DASHBOARD_API_STARTED","filters":{"cluster":"","branch":"","fromDate":"","toDate":"","status":""},"timestamp":"2026-07-28T12:36:33.546Z"}
28/7/2026, 6:06:33 pm | {"api":"/api/cash-closing-dashboard","event":"CASH_CLOSING_DASHBOARD_DB_CONNECTED","timestamp":"2026-07-28T12:36:33.547Z"}
28/7/2026, 6:06:33 pm | {"api":"/api/cash-closing-dashboard","event":"CASH_CLOSING_DASHBOARD_QUERY_STARTED","filters":{"cluster":"","branch":"","fromDate":"","toDate":"","status":""},"timestamp":"2026-07-28T12:36:33.548Z"}
28/7/2026, 6:06:33 pm | {"api":"/api/cash-closing-dashboard","event":"CASH_CLOSING_DASHBOARD_DATA_FETCHED","totalRecords":56,"timestamp":"2026-07-28T12:36:33.555Z"}
28/7/2026, 6:06:33 pm | {"api":"/api/cash-closing-dashboard","event":"CASH_CLOSING_CLUSTER_FETCHED","totalClusters":4,"timestamp":"2026-07-28T12:36:33.558Z"}
28/7/2026, 6:06:33 pm | {"api":"/api/cash-closing-dashboard","event":"CASH_CLOSING_BRANCH_FETCHED","totalBranches":56,"timestamp":"2026-07-28T12:36:33.563Z"}
28/7/2026, 6:06:33 pm | {"api":"/api/cash-closing-dashboard","event":"CASH_CLOSING_DASHBOARD_SUCCESS","totalRecords":56,"filters":{"cluster":"","branch":"","fromDate":"","toDate":"","status":""},"timestamp":"2026-07-28T12:36:33.564Z"}
28/7/2026, 6:06:33 pm | {"api":"/api/cash-closing-dashboard","event":"CASH_CLOSING_DASHBOARD_API_STARTED","filters":{"cluster":"","branch":"","fromDate":"","toDate":"","status":""},"timestamp":"2026-07-28T12:36:33.682Z"}
28/7/2026, 6:06:33 pm | {"api":"/api/cash-closing-dashboard","event":"CASH_CLOSING_DASHBOARD_DB_CONNECTED","timestamp":"2026-07-28T12:36:33.683Z"}
28/7/2026, 6:06:33 pm | {"api":"/api/cash-closing-dashboard","event":"CASH_CLOSING_DASHBOARD_QUERY_STARTED","filters":{"cluster":"","branch":"","fromDate":"","toDate":"","status":""},"timestamp":"2026-07-28T12:36:33.684Z"}
28/7/2026, 6:06:33 pm | {"api":"/api/cash-closing-dashboard","event":"CASH_CLOSING_DASHBOARD_DATA_FETCHED","totalRecords":56,"timestamp":"2026-07-28T12:36:33.690Z"}
28/7/2026, 6:06:33 pm | {"api":"/api/cash-closing-dashboard","event":"CASH_CLOSING_CLUSTER_FETCHED","totalClusters":4,"timestamp":"2026-07-28T12:36:33.694Z"}
28/7/2026, 6:06:33 pm | {"api":"/api/cash-closing-dashboard","event":"CASH_CLOSING_BRANCH_FETCHED","totalBranches":56,"timestamp":"2026-07-28T12:36:33.697Z"}
28/7/2026, 6:06:33 pm | {"api":"/api/cash-closing-dashboard","event":"CASH_CLOSING_DASHBOARD_SUCCESS","totalRecords":56,"filters":{"cluster":"","branch":"","fromDate":"","toDate":"","status":""},"timestamp":"2026-07-28T12:36:33.697Z"}
28/7/2026, 6:06:33 pm | {"api":"/api/cash-closing-dashboard","event":"CASH_CLOSING_DASHBOARD_API_STARTED","filters":{"cluster":"","branch":"","fromDate":"","toDate":"","status":""},"timestamp":"2026-07-28T12:36:33.802Z"}
28/7/2026, 6:06:33 pm | {"api":"/api/cash-closing-dashboard","event":"CASH_CLOSING_DASHBOARD_DB_CONNECTED","timestamp":"2026-07-28T12:36:33.803Z"}
28/7/2026, 6:06:33 pm | {"api":"/api/cash-closing-dashboard","event":"CASH_CLOSING_DASHBOARD_QUERY_STARTED","filters":{"cluster":"","branch":"","fromDate":"","toDate":"","status":""},"timestamp":"2026-07-28T12:36:33.804Z"}
28/7/2026, 6:06:33 pm | {"api":"/api/cash-closing-dashboard","event":"CASH_CLOSING_DASHBOARD_DATA_FETCHED","totalRecords":56,"timestamp":"2026-07-28T12:36:33.811Z"}
28/7/2026, 6:06:33 pm | {"api":"/api/cash-closing-dashboard","event":"CASH_CLOSING_CLUSTER_FETCHED","totalClusters":4,"timestamp":"2026-07-28T12:36:33.814Z"}
28/7/2026, 6:06:33 pm | {"api":"/api/cash-closing-dashboard","event":"CASH_CLOSING_BRANCH_FETCHED","totalBranches":56,"timestamp":"2026-07-28T12:36:33.817Z"}
28/7/2026, 6:06:33 pm | {"api":"/api/cash-closing-dashboard","event":"CASH_CLOSING_DASHBOARD_SUCCESS","totalRecords":56,"filters":{"cluster":"","branch":"","fromDate":"","toDate":"","status":""},"timestamp":"2026-07-28T12:36:33.817Z"}
28/7/2026, 6:06:33 pm | {"api":"/api/cash-closing-dashboard","event":"CASH_CLOSING_DASHBOARD_API_STARTED","filters":{"cluster":"","branch":"","fromDate":"","toDate":"","status":""},"timestamp":"2026-07-28T12:36:33.905Z"}
28/7/2026, 6:06:33 pm | {"api":"/api/cash-closing-dashboard","event":"CASH_CLOSING_DASHBOARD_DB_CONNECTED","timestamp":"2026-07-28T12:36:33.907Z"}
28/7/2026, 6:06:33 pm | {"api":"/api/cash-closing-dashboard","event":"CASH_CLOSING_DASHBOARD_QUERY_STARTED","filters":{"cluster":"","branch":"","fromDate":"","toDate":"","status":""},"timestamp":"2026-07-28T12:36:33.907Z"}
28/7/2026, 6:06:33 pm | {"api":"/api/cash-closing-dashboard","event":"CASH_CLOSING_DASHBOARD_DATA_FETCHED","totalRecords":56,"timestamp":"2026-07-28T12:36:33.914Z"}
28/7/2026, 6:06:33 pm | {"api":"/api/cash-closing-dashboard","event":"CASH_CLOSING_CLUSTER_FETCHED","totalClusters":4,"timestamp":"2026-07-28T12:36:33.919Z"}
28/7/2026, 6:06:33 pm | {"api":"/api/cash-closing-dashboard","event":"CASH_CLOSING_BRANCH_FETCHED","totalBranches":56,"timestamp":"2026-07-28T12:36:33.923Z"}
28/7/2026, 6:06:33 pm | {"api":"/api/cash-closing-dashboard","event":"CASH_CLOSING_DASHBOARD_SUCCESS","totalRecords":56,"filters":{"cluster":"","branch":"","fromDate":"","toDate":"","status":""},"timestamp":"2026-07-28T12:36:33.924Z"}
28/7/2026, 6:06:36 pm | {"api":"/api/cash-closing-dashboard","event":"CASH_CLOSING_DASHBOARD_API_STARTED","filters":{"cluster":"","branch":"","fromDate":"","toDate":"","status":""},"timestamp":"2026-07-28T12:36:36.954Z"}
28/7/2026, 6:06:36 pm | {"api":"/api/cash-closing-dashboard","event":"CASH_CLOSING_DASHBOARD_DB_CONNECTED","timestamp":"2026-07-28T12:36:36.956Z"}
28/7/2026, 6:06:36 pm | {"api":"/api/cash-closing-dashboard","event":"CASH_CLOSING_DASHBOARD_QUERY_STARTED","filters":{"cluster":"","branch":"","fromDate":"","toDate":"","status":""},"timestamp":"2026-07-28T12:36:36.956Z"}
28/7/2026, 6:06:36 pm | {"api":"/api/cash-closing-dashboard","event":"CASH_CLOSING_DASHBOARD_DATA_FETCHED","totalRecords":56,"timestamp":"2026-07-28T12:36:36.963Z"}
28/7/2026, 6:06:36 pm | {"api":"/api/cash-closing-dashboard","event":"CASH_CLOSING_CLUSTER_FETCHED","totalClusters":4,"timestamp":"2026-07-28T12:36:36.966Z"}
28/7/2026, 6:06:36 pm | {"api":"/api/cash-closing-dashboard","event":"CASH_CLOSING_BRANCH_FETCHED","totalBranches":56,"timestamp":"2026-07-28T12:36:36.970Z"}
28/7/2026, 6:06:36 pm | {"api":"/api/cash-closing-dashboard","event":"CASH_CLOSING_DASHBOARD_SUCCESS","totalRecords":56,"filters":{"cluster":"","branch":"","fromDate":"","toDate":"","status":""},"timestamp":"2026-07-28T12:36:36.971Z"}
28/7/2026, 6:06:37 pm | {"api":"/api/cash-closing-dashboard","event":"CASH_CLOSING_DASHBOARD_API_STARTED","filters":{"cluster":"","branch":"","fromDate":"","toDate":"","status":""},"timestamp":"2026-07-28T12:36:37.146Z"}
28/7/2026, 6:06:37 pm | {"api":"/api/cash-closing-dashboard","event":"CASH_CLOSING_DASHBOARD_DB_CONNECTED","timestamp":"2026-07-28T12:36:37.147Z"}
28/7/2026, 6:06:37 pm | {"api":"/api/cash-closing-dashboard","event":"CASH_CLOSING_DASHBOARD_QUERY_STARTED","filters":{"cluster":"","branch":"","fromDate":"","toDate":"","status":""},"timestamp":"2026-07-28T12:36:37.148Z"}
28/7/2026, 6:06:37 pm | {"api":"/api/cash-closing-dashboard","event":"CASH_CLOSING_DASHBOARD_DATA_FETCHED","totalRecords":56,"timestamp":"2026-07-28T12:36:37.156Z"}
28/7/2026, 6:06:37 pm | {"api":"/api/cash-closing-dashboard","event":"CASH_CLOSING_CLUSTER_FETCHED","totalClusters":4,"timestamp":"2026-07-28T12:36:37.159Z"}
28/7/2026, 6:06:37 pm | {"api":"/api/cash-closing-dashboard","event":"CASH_CLOSING_BRANCH_FETCHED","totalBranches":56,"timestamp":"2026-07-28T12:36:37.164Z"}
28/7/2026, 6:06:37 pm | {"api":"/api/cash-closing-dashboard","event":"CASH_CLOSING_DASHBOARD_SUCCESS","totalRecords":56,"filters":{"cluster":"","branch":"","fromDate":"","toDate":"","status":""},"timestamp":"2026-07-28T12:36:37.164Z"}
28/7/2026, 6:06:37 pm | {"api":"/api/cash-closing-dashboard","event":"CASH_CLOSING_DASHBOARD_API_STARTED","filters":{"cluster":"","branch":"","fromDate":"","toDate":"","status":""},"timestamp":"2026-07-28T12:36:37.298Z"}
28/7/2026, 6:06:37 pm | {"api":"/api/cash-closing-dashboard","event":"CASH_CLOSING_DASHBOARD_DB_CONNECTED","timestamp":"2026-07-28T12:36:37.299Z"}
28/7/2026, 6:06:37 pm | {"api":"/api/cash-closing-dashboard","event":"CASH_CLOSING_DASHBOARD_QUERY_STARTED","filters":{"cluster":"","branch":"","fromDate":"","toDate":"","status":""},"timestamp":"2026-07-28T12:36:37.300Z"}
28/7/2026, 6:06:37 pm | {"api":"/api/cash-closing-dashboard","event":"CASH_CLOSING_DASHBOARD_DATA_FETCHED","totalRecords":56,"timestamp":"2026-07-28T12:36:37.308Z"}
28/7/2026, 6:06:37 pm | {"api":"/api/cash-closing-dashboard","event":"CASH_CLOSING_CLUSTER_FETCHED","totalClusters":4,"timestamp":"2026-07-28T12:36:37.311Z"}
28/7/2026, 6:06:37 pm | {"api":"/api/cash-closing-dashboard","event":"CASH_CLOSING_BRANCH_FETCHED","totalBranches":56,"timestamp":"2026-07-28T12:36:37.314Z"}
28/7/2026, 6:06:37 pm | {"api":"/api/cash-closing-dashboard","event":"CASH_CLOSING_DASHBOARD_SUCCESS","totalRecords":56,"filters":{"cluster":"","branch":"","fromDate":"","toDate":"","status":""},"timestamp":"2026-07-28T12:36:37.315Z"}
28/7/2026, 6:06:37 pm | {"api":"/api/cash-closing-dashboard","event":"CASH_CLOSING_DASHBOARD_API_STARTED","filters":{"cluster":"","branch":"","fromDate":"","toDate":"","status":""},"timestamp":"2026-07-28T12:36:37.463Z"}
28/7/2026, 6:06:37 pm | {"api":"/api/cash-closing-dashboard","event":"CASH_CLOSING_DASHBOARD_DB_CONNECTED","timestamp":"2026-07-28T12:36:37.464Z"}
28/7/2026, 6:06:37 pm | {"api":"/api/cash-closing-dashboard","event":"CASH_CLOSING_DASHBOARD_QUERY_STARTED","filters":{"cluster":"","branch":"","fromDate":"","toDate":"","status":""},"timestamp":"2026-07-28T12:36:37.465Z"}
28/7/2026, 6:06:37 pm | {"api":"/api/cash-closing-dashboard","event":"CASH_CLOSING_DASHBOARD_DATA_FETCHED","totalRecords":56,"timestamp":"2026-07-28T12:36:37.471Z"}
28/7/2026, 6:06:37 pm | {"api":"/api/cash-closing-dashboard","event":"CASH_CLOSING_CLUSTER_FETCHED","totalClusters":4,"timestamp":"2026-07-28T12:36:37.475Z"}
28/7/2026, 6:06:37 pm | {"api":"/api/cash-closing-dashboard","event":"CASH_CLOSING_BRANCH_FETCHED","totalBranches":56,"timestamp":"2026-07-28T12:36:37.478Z"}
28/7/2026, 6:06:37 pm | {"api":"/api/cash-closing-dashboard","event":"CASH_CLOSING_DASHBOARD_SUCCESS","totalRecords":56,"filters":{"cluster":"","branch":"","fromDate":"","toDate":"","status":""},"timestamp":"2026-07-28T12:36:37.479Z"}
28/7/2026, 6:06:37 pm | {"api":"/api/cash-closing-dashboard","event":"CASH_CLOSING_DASHBOARD_API_STARTED","filters":{"cluster":"","branch":"","fromDate":"","toDate":"","status":""},"timestamp":"2026-07-28T12:36:37.530Z"}
28/7/2026, 6:06:37 pm | {"api":"/api/cash-closing-dashboard","event":"CASH_CLOSING_DASHBOARD_DB_CONNECTED","timestamp":"2026-07-28T12:36:37.531Z"}
28/7/2026, 6:06:37 pm | {"api":"/api/cash-closing-dashboard","event":"CASH_CLOSING_DASHBOARD_QUERY_STARTED","filters":{"cluster":"","branch":"","fromDate":"","toDate":"","status":""},"timestamp":"2026-07-28T12:36:37.532Z"}
28/7/2026, 6:06:37 pm | {"api":"/api/cash-closing-dashboard","event":"CASH_CLOSING_DASHBOARD_DATA_FETCHED","totalRecords":56,"timestamp":"2026-07-28T12:36:37.539Z"}
28/7/2026, 6:06:37 pm | {"api":"/api/cash-closing-dashboard","event":"CASH_CLOSING_CLUSTER_FETCHED","totalClusters":4,"timestamp":"2026-07-28T12:36:37.543Z"}
28/7/2026, 6:06:37 pm | {"api":"/api/cash-closing-dashboard","event":"CASH_CLOSING_BRANCH_FETCHED","totalBranches":56,"timestamp":"2026-07-28T12:36:37.546Z"}
28/7/2026, 6:06:37 pm | {"api":"/api/cash-closing-dashboard","event":"CASH_CLOSING_DASHBOARD_SUCCESS","totalRecords":56,"filters":{"cluster":"","branch":"","fromDate":"","toDate":"","status":""},"timestamp":"2026-07-28T12:36:37.547Z"}
28/7/2026, 6:06:37 pm | {"api":"/api/cash-closing-dashboard","event":"CASH_CLOSING_DASHBOARD_API_STARTED","filters":{"cluster":"","branch":"","fromDate":"","toDate":"","status":""},"timestamp":"2026-07-28T12:36:37.666Z"}
28/7/2026, 6:06:37 pm | {"api":"/api/cash-closing-dashboard","event":"CASH_CLOSING_DASHBOARD_DB_CONNECTED","timestamp":"2026-07-28T12:36:37.667Z"}
28/7/2026, 6:06:37 pm | {"api":"/api/cash-closing-dashboard","event":"CASH_CLOSING_DASHBOARD_QUERY_STARTED","filters":{"cluster":"","branch":"","fromDate":"","toDate":"","status":""},"timestamp":"2026-07-28T12:36:37.668Z"}
28/7/2026, 6:06:37 pm | {"api":"/api/cash-closing-dashboard","event":"CASH_CLOSING_DASHBOARD_DATA_FETCHED","totalRecords":56,"timestamp":"2026-07-28T12:36:37.674Z"}
28/7/2026, 6:06:37 pm | {"api":"/api/cash-closing-dashboard","event":"CASH_CLOSING_CLUSTER_FETCHED","totalClusters":4,"timestamp":"2026-07-28T12:36:37.678Z"}
28/7/2026, 6:06:37 pm | {"api":"/api/cash-closing-dashboard","event":"CASH_CLOSING_BRANCH_FETCHED","totalBranches":56,"timestamp":"2026-07-28T12:36:37.681Z"}
28/7/2026, 6:06:37 pm | {"api":"/api/cash-closing-dashboard","event":"CASH_CLOSING_DASHBOARD_SUCCESS","totalRecords":56,"filters":{"cluster":"","branch":"","fromDate":"","toDate":"","status":""},"timestamp":"2026-07-28T12:36:37.682Z"}
28/7/2026, 6:06:37 pm | {"api":"/api/cash-closing-dashboard","event":"CASH_CLOSING_DASHBOARD_API_STARTED","filters":{"cluster":"","branch":"","fromDate":"","toDate":"","status":""},"timestamp":"2026-07-28T12:36:37.794Z"}
28/7/2026, 6:06:37 pm | {"api":"/api/cash-closing-dashboard","event":"CASH_CLOSING_DASHBOARD_DB_CONNECTED","timestamp":"2026-07-28T12:36:37.796Z"}
28/7/2026, 6:06:37 pm | {"api":"/api/cash-closing-dashboard","event":"CASH_CLOSING_DASHBOARD_QUERY_STARTED","filters":{"cluster":"","branch":"","fromDate":"","toDate":"","status":""},"timestamp":"2026-07-28T12:36:37.796Z"}
28/7/2026, 6:06:37 pm | {"api":"/api/cash-closing-dashboard","event":"CASH_CLOSING_DASHBOARD_DATA_FETCHED","totalRecords":56,"timestamp":"2026-07-28T12:36:37.804Z"}
28/7/2026, 6:06:37 pm | {"api":"/api/cash-closing-dashboard","event":"CASH_CLOSING_CLUSTER_FETCHED","totalClusters":4,"timestamp":"2026-07-28T12:36:37.807Z"}
28/7/2026, 6:06:37 pm | {"api":"/api/cash-closing-dashboard","event":"CASH_CLOSING_BRANCH_FETCHED","totalBranches":56,"timestamp":"2026-07-28T12:36:37.811Z"}
28/7/2026, 6:06:37 pm | {"api":"/api/cash-closing-dashboard","event":"CASH_CLOSING_DASHBOARD_SUCCESS","totalRecords":56,"filters":{"cluster":"","branch":"","fromDate":"","toDate":"","status":""},"timestamp":"2026-07-28T12:36:37.811Z"}
28/7/2026, 6:06:37 pm | {"api":"/api/cash-closing-dashboard","event":"CASH_CLOSING_DASHBOARD_API_STARTED","filters":{"cluster":"","branch":"","fromDate":"","toDate":"","status":""},"timestamp":"2026-07-28T12:36:37.938Z"}
28/7/2026, 6:06:37 pm | {"api":"/api/cash-closing-dashboard","event":"CASH_CLOSING_DASHBOARD_DB_CONNECTED","timestamp":"2026-07-28T12:36:37.939Z"}
28/7/2026, 6:06:37 pm | {"api":"/api/cash-closing-dashboard","event":"CASH_CLOSING_DASHBOARD_QUERY_STARTED","filters":{"cluster":"","branch":"","fromDate":"","toDate":"","status":""},"timestamp":"2026-07-28T12:36:37.940Z"}
28/7/2026, 6:06:37 pm | {"api":"/api/cash-closing-dashboard","event":"CASH_CLOSING_DASHBOARD_DATA_FETCHED","totalRecords":56,"timestamp":"2026-07-28T12:36:37.947Z"}
28/7/2026, 6:06:37 pm | {"api":"/api/cash-closing-dashboard","event":"CASH_CLOSING_CLUSTER_FETCHED","totalClusters":4,"timestamp":"2026-07-28T12:36:37.950Z"}
28/7/2026, 6:06:37 pm | {"api":"/api/cash-closing-dashboard","event":"CASH_CLOSING_BRANCH_FETCHED","totalBranches":56,"timestamp":"2026-07-28T12:36:37.954Z"}
28/7/2026, 6:06:37 pm | {"api":"/api/cash-closing-dashboard","event":"CASH_CLOSING_DASHBOARD_SUCCESS","totalRecords":56,"filters":{"cluster":"","branch":"","fromDate":"","toDate":"","status":""},"timestamp":"2026-07-28T12:36:37.955Z"}
28/7/2026, 6:06:38 pm | {"api":"/api/cash-closing-dashboard","event":"CASH_CLOSING_DASHBOARD_API_STARTED","filters":{"cluster":"","branch":"","fromDate":"","toDate":"","status":""},"timestamp":"2026-07-28T12:36:38.050Z"}
28/7/2026, 6:06:38 pm | {"api":"/api/cash-closing-dashboard","event":"CASH_CLOSING_DASHBOARD_DB_CONNECTED","timestamp":"2026-07-28T12:36:38.051Z"}
28/7/2026, 6:06:38 pm | {"api":"/api/cash-closing-dashboard","event":"CASH_CLOSING_DASHBOARD_QUERY_STARTED","filters":{"cluster":"","branch":"","fromDate":"","toDate":"","status":""},"timestamp":"2026-07-28T12:36:38.052Z"}
28/7/2026, 6:06:38 pm | {"api":"/api/cash-closing-dashboard","event":"CASH_CLOSING_DASHBOARD_DATA_FETCHED","totalRecords":56,"timestamp":"2026-07-28T12:36:38.059Z"}
28/7/2026, 6:06:38 pm | {"api":"/api/cash-closing-dashboard","event":"CASH_CLOSING_CLUSTER_FETCHED","totalClusters":4,"timestamp":"2026-07-28T12:36:38.062Z"}
28/7/2026, 6:06:38 pm | {"api":"/api/cash-closing-dashboard","event":"CASH_CLOSING_BRANCH_FETCHED","totalBranches":56,"timestamp":"2026-07-28T12:36:38.065Z"}
28/7/2026, 6:06:38 pm | {"api":"/api/cash-closing-dashboard","event":"CASH_CLOSING_DASHBOARD_SUCCESS","totalRecords":56,"filters":{"cluster":"","branch":"","fromDate":"","toDate":"","status":""},"timestamp":"2026-07-28T12:36:38.066Z"}
28/7/2026, 6:06:38 pm | {"api":"/api/cash-closing-dashboard","event":"CASH_CLOSING_DASHBOARD_API_STARTED","filters":{"cluster":"","branch":"","fromDate":"","toDate":"","status":""},"timestamp":"2026-07-28T12:36:38.202Z"}
28/7/2026, 6:06:38 pm | {"api":"/api/cash-closing-dashboard","event":"CASH_CLOSING_DASHBOARD_DB_CONNECTED","timestamp":"2026-07-28T12:36:38.203Z"}
28/7/2026, 6:06:38 pm | {"api":"/api/cash-closing-dashboard","event":"CASH_CLOSING_DASHBOARD_QUERY_STARTED","filters":{"cluster":"","branch":"","fromDate":"","toDate":"","status":""},"timestamp":"2026-07-28T12:36:38.204Z"}
28/7/2026, 6:06:38 pm | {"api":"/api/cash-closing-dashboard","event":"CASH_CLOSING_DASHBOARD_DATA_FETCHED","totalRecords":56,"timestamp":"2026-07-28T12:36:38.211Z"}
28/7/2026, 6:06:38 pm | {"api":"/api/cash-closing-dashboard","event":"CASH_CLOSING_CLUSTER_FETCHED","totalClusters":4,"timestamp":"2026-07-28T12:36:38.215Z"}
28/7/2026, 6:06:38 pm | {"api":"/api/cash-closing-dashboard","event":"CASH_CLOSING_BRANCH_FETCHED","totalBranches":56,"timestamp":"2026-07-28T12:36:38.219Z"}
28/7/2026, 6:06:38 pm | {"api":"/api/cash-closing-dashboard","event":"CASH_CLOSING_DASHBOARD_SUCCESS","totalRecords":56,"filters":{"cluster":"","branch":"","fromDate":"","toDate":"","status":""},"timestamp":"2026-07-28T12:36:38.220Z"}
28/7/2026, 6:06:38 pm | {"api":"/api/cash-closing-dashboard","event":"CASH_CLOSING_DASHBOARD_API_STARTED","filters":{"cluster":"","branch":"","fromDate":"","toDate":"","status":""},"timestamp":"2026-07-28T12:36:38.330Z"}
28/7/2026, 6:06:38 pm | {"api":"/api/cash-closing-dashboard","event":"CASH_CLOSING_DASHBOARD_DB_CONNECTED","timestamp":"2026-07-28T12:36:38.332Z"}
28/7/2026, 6:06:38 pm | {"api":"/api/cash-closing-dashboard","event":"CASH_CLOSING_DASHBOARD_QUERY_STARTED","filters":{"cluster":"","branch":"","fromDate":"","toDate":"","status":""},"timestamp":"2026-07-28T12:36:38.332Z"}
28/7/2026, 6:06:38 pm | {"api":"/api/cash-closing-dashboard","event":"CASH_CLOSING_DASHBOARD_DATA_FETCHED","totalRecords":56,"timestamp":"2026-07-28T12:36:38.340Z"}
28/7/2026, 6:06:38 pm | {"api":"/api/cash-closing-dashboard","event":"CASH_CLOSING_CLUSTER_FETCHED","totalClusters":4,"timestamp":"2026-07-28T12:36:38.343Z"}
28/7/2026, 6:06:38 pm | {"api":"/api/cash-closing-dashboard","event":"CASH_CLOSING_BRANCH_FETCHED","totalBranches":56,"timestamp":"2026-07-28T12:36:38.346Z"}
28/7/2026, 6:06:38 pm | {"api":"/api/cash-closing-dashboard","event":"CASH_CLOSING_DASHBOARD_SUCCESS","totalRecords":56,"filters":{"cluster":"","branch":"","fromDate":"","toDate":"","status":""},"timestamp":"2026-07-28T12:36:38.347Z"}
28/7/2026, 6:06:38 pm | {"api":"/api/cash-closing-dashboard","event":"CASH_CLOSING_DASHBOARD_API_STARTED","filters":{"cluster":"","branch":"","fromDate":"","toDate":"","status":""},"timestamp":"2026-07-28T12:36:38.594Z"}
28/7/2026, 6:06:38 pm | {"api":"/api/cash-closing-dashboard","event":"CASH_CLOSING_DASHBOARD_DB_CONNECTED","timestamp":"2026-07-28T12:36:38.595Z"}
28/7/2026, 6:06:38 pm | {"api":"/api/cash-closing-dashboard","event":"CASH_CLOSING_DASHBOARD_QUERY_STARTED","filters":{"cluster":"","branch":"","fromDate":"","toDate":"","status":""},"timestamp":"2026-07-28T12:36:38.596Z"}
28/7/2026, 6:06:38 pm | {"api":"/api/cash-closing-dashboard","event":"CASH_CLOSING_DASHBOARD_DATA_FETCHED","totalRecords":56,"timestamp":"2026-07-28T12:36:38.602Z"}
28/7/2026, 6:06:38 pm | {"api":"/api/cash-closing-dashboard","event":"CASH_CLOSING_CLUSTER_FETCHED","totalClusters":4,"timestamp":"2026-07-28T12:36:38.606Z"}
28/7/2026, 6:06:38 pm | {"api":"/api/cash-closing-dashboard","event":"CASH_CLOSING_BRANCH_FETCHED","totalBranches":56,"timestamp":"2026-07-28T12:36:38.610Z"}
28/7/2026, 6:06:38 pm | {"api":"/api/cash-closing-dashboard","event":"CASH_CLOSING_DASHBOARD_SUCCESS","totalRecords":56,"filters":{"cluster":"","branch":"","fromDate":"","toDate":"","status":""},"timestamp":"2026-07-28T12:36:38.610Z"}
28/7/2026, 6:06:38 pm | {"api":"/api/cash-closing-dashboard","event":"CASH_CLOSING_DASHBOARD_API_STARTED","filters":{"cluster":"","branch":"","fromDate":"","toDate":"","status":""},"timestamp":"2026-07-28T12:36:38.754Z"}
28/7/2026, 6:06:38 pm | {"api":"/api/cash-closing-dashboard","event":"CASH_CLOSING_DASHBOARD_DB_CONNECTED","timestamp":"2026-07-28T12:36:38.755Z"}
28/7/2026, 6:06:38 pm | {"api":"/api/cash-closing-dashboard","event":"CASH_CLOSING_DASHBOARD_QUERY_STARTED","filters":{"cluster":"","branch":"","fromDate":"","toDate":"","status":""},"timestamp":"2026-07-28T12:36:38.756Z"}
28/7/2026, 6:06:38 pm | {"api":"/api/cash-closing-dashboard","event":"CASH_CLOSING_DASHBOARD_DATA_FETCHED","totalRecords":56,"timestamp":"2026-07-28T12:36:38.764Z"}
28/7/2026, 6:06:38 pm | {"api":"/api/cash-closing-dashboard","event":"CASH_CLOSING_CLUSTER_FETCHED","totalClusters":4,"timestamp":"2026-07-28T12:36:38.767Z"}
28/7/2026, 6:06:38 pm | {"api":"/api/cash-closing-dashboard","event":"CASH_CLOSING_BRANCH_FETCHED","totalBranches":56,"timestamp":"2026-07-28T12:36:38.770Z"}
28/7/2026, 6:06:38 pm | {"api":"/api/cash-closing-dashboard","event":"CASH_CLOSING_DASHBOARD_SUCCESS","totalRecords":56,"filters":{"cluster":"","branch":"","fromDate":"","toDate":"","status":""},"timestamp":"2026-07-28T12:36:38.770Z"}
28/7/2026, 6:06:38 pm | {"api":"/api/cash-closing-dashboard","event":"CASH_CLOSING_DASHBOARD_API_STARTED","filters":{"cluster":"","branch":"","fromDate":"","toDate":"","status":""},"timestamp":"2026-07-28T12:36:38.890Z"}
28/7/2026, 6:06:38 pm | {"api":"/api/cash-closing-dashboard","event":"CASH_CLOSING_DASHBOARD_DB_CONNECTED","timestamp":"2026-07-28T12:36:38.891Z"}
28/7/2026, 6:06:38 pm | {"api":"/api/cash-closing-dashboard","event":"CASH_CLOSING_DASHBOARD_QUERY_STARTED","filters":{"cluster":"","branch":"","fromDate":"","toDate":"","status":""},"timestamp":"2026-07-28T12:36:38.892Z"}
28/7/2026, 6:06:38 pm | {"api":"/api/cash-closing-dashboard","event":"CASH_CLOSING_DASHBOARD_DATA_FETCHED","totalRecords":56,"timestamp":"2026-07-28T12:36:38.898Z"}
28/7/2026, 6:06:38 pm | {"api":"/api/cash-closing-dashboard","event":"CASH_CLOSING_CLUSTER_FETCHED","totalClusters":4,"timestamp":"2026-07-28T12:36:38.902Z"}
28/7/2026, 6:06:38 pm | {"api":"/api/cash-closing-dashboard","event":"CASH_CLOSING_BRANCH_FETCHED","totalBranches":56,"timestamp":"2026-07-28T12:36:38.905Z"}
28/7/2026, 6:06:38 pm | {"api":"/api/cash-closing-dashboard","event":"CASH_CLOSING_DASHBOARD_SUCCESS","totalRecords":56,"filters":{"cluster":"","branch":"","fromDate":"","toDate":"","status":""},"timestamp":"2026-07-28T12:36:38.906Z"}
28/7/2026, 6:06:41 pm | {"api":"/api/cash-closing-dashboard","event":"CASH_CLOSING_DASHBOARD_API_STARTED","filters":{"cluster":"","branch":"","fromDate":"","toDate":"","status":""},"timestamp":"2026-07-28T12:36:41.210Z"}
28/7/2026, 6:06:41 pm | {"api":"/api/cash-closing-dashboard","event":"CASH_CLOSING_DASHBOARD_DB_CONNECTED","timestamp":"2026-07-28T12:36:41.212Z"}
28/7/2026, 6:06:41 pm | {"api":"/api/cash-closing-dashboard","event":"CASH_CLOSING_DASHBOARD_QUERY_STARTED","filters":{"cluster":"","branch":"","fromDate":"","toDate":"","status":""},"timestamp":"2026-07-28T12:36:41.212Z"}
28/7/2026, 6:06:41 pm | {"api":"/api/cash-closing-dashboard","event":"CASH_CLOSING_DASHBOARD_DATA_FETCHED","totalRecords":56,"timestamp":"2026-07-28T12:36:41.218Z"}
28/7/2026, 6:06:41 pm | {"api":"/api/cash-closing-dashboard","event":"CASH_CLOSING_CLUSTER_FETCHED","totalClusters":4,"timestamp":"2026-07-28T12:36:41.221Z"}
28/7/2026, 6:06:41 pm | {"api":"/api/cash-closing-dashboard","event":"CASH_CLOSING_BRANCH_FETCHED","totalBranches":56,"timestamp":"2026-07-28T12:36:41.224Z"}
28/7/2026, 6:06:41 pm | {"api":"/api/cash-closing-dashboard","event":"CASH_CLOSING_DASHBOARD_SUCCESS","totalRecords":56,"filters":{"cluster":"","branch":"","fromDate":"","toDate":"","status":""},"timestamp":"2026-07-28T12:36:41.225Z"}
28/7/2026, 6:06:41 pm | {"api":"/api/cash-closing-dashboard","event":"CASH_CLOSING_DASHBOARD_API_STARTED","filters":{"cluster":"","branch":"","fromDate":"","toDate":"","status":""},"timestamp":"2026-07-28T12:36:41.391Z"}
28/7/2026, 6:06:41 pm | {"api":"/api/cash-closing-dashboard","event":"CASH_CLOSING_DASHBOARD_DB_CONNECTED","timestamp":"2026-07-28T12:36:41.392Z"}
28/7/2026, 6:06:41 pm | {"api":"/api/cash-closing-dashboard","event":"CASH_CLOSING_DASHBOARD_QUERY_STARTED","filters":{"cluster":"","branch":"","fromDate":"","toDate":"","status":""},"timestamp":"2026-07-28T12:36:41.392Z"}
28/7/2026, 6:06:41 pm | {"api":"/api/cash-closing-dashboard","event":"CASH_CLOSING_DASHBOARD_DATA_FETCHED","totalRecords":56,"timestamp":"2026-07-28T12:36:41.400Z"}
28/7/2026, 6:06:41 pm | {"api":"/api/cash-closing-dashboard","event":"CASH_CLOSING_CLUSTER_FETCHED","totalClusters":4,"timestamp":"2026-07-28T12:36:41.403Z"}
28/7/2026, 6:06:41 pm | {"api":"/api/cash-closing-dashboard","event":"CASH_CLOSING_BRANCH_FETCHED","totalBranches":56,"timestamp":"2026-07-28T12:36:41.406Z"}
28/7/2026, 6:06:41 pm | {"api":"/api/cash-closing-dashboard","event":"CASH_CLOSING_DASHBOARD_SUCCESS","totalRecords":56,"filters":{"cluster":"","branch":"","fromDate":"","toDate":"","status":""},"timestamp":"2026-07-28T12:36:41.407Z"}
28/7/2026, 6:06:42 pm | {"api":"/api/cash-closing-dashboard","event":"CASH_CLOSING_DASHBOARD_API_STARTED","filters":{"cluster":"","branch":"","fromDate":"","toDate":"","status":""},"timestamp":"2026-07-28T12:36:42.599Z"}
28/7/2026, 6:06:42 pm | {"api":"/api/cash-closing-dashboard","event":"CASH_CLOSING_DASHBOARD_DB_CONNECTED","timestamp":"2026-07-28T12:36:42.600Z"}
28/7/2026, 6:06:42 pm | {"api":"/api/cash-closing-dashboard","event":"CASH_CLOSING_DASHBOARD_QUERY_STARTED","filters":{"cluster":"","branch":"","fromDate":"","toDate":"","status":""},"timestamp":"2026-07-28T12:36:42.600Z"}
28/7/2026, 6:06:42 pm | {"api":"/api/cash-closing-dashboard","event":"CASH_CLOSING_DASHBOARD_DATA_FETCHED","totalRecords":56,"timestamp":"2026-07-28T12:36:42.608Z"}
28/7/2026, 6:06:42 pm | {"api":"/api/cash-closing-dashboard","event":"CASH_CLOSING_CLUSTER_FETCHED","totalClusters":4,"timestamp":"2026-07-28T12:36:42.612Z"}
28/7/2026, 6:06:42 pm | {"api":"/api/cash-closing-dashboard","event":"CASH_CLOSING_BRANCH_FETCHED","totalBranches":56,"timestamp":"2026-07-28T12:36:42.615Z"}
28/7/2026, 6:06:42 pm | {"api":"/api/cash-closing-dashboard","event":"CASH_CLOSING_DASHBOARD_SUCCESS","totalRecords":56,"filters":{"cluster":"","branch":"","fromDate":"","toDate":"","status":""},"timestamp":"2026-07-28T12:36:42.616Z"}
28/7/2026, 6:06:42 pm | {"api":"/api/cash-closing-dashboard","event":"CASH_CLOSING_DASHBOARD_API_STARTED","filters":{"cluster":"","branch":"","fromDate":"","toDate":"","status":""},"timestamp":"2026-07-28T12:36:42.730Z"}
28/7/2026, 6:06:42 pm | {"api":"/api/cash-closing-dashboard","event":"CASH_CLOSING_DASHBOARD_DB_CONNECTED","timestamp":"2026-07-28T12:36:42.731Z"}
28/7/2026, 6:06:42 pm | {"api":"/api/cash-closing-dashboard","event":"CASH_CLOSING_DASHBOARD_QUERY_STARTED","filters":{"cluster":"","branch":"","fromDate":"","toDate":"","status":""},"timestamp":"2026-07-28T12:36:42.732Z"}
28/7/2026, 6:06:42 pm | {"api":"/api/cash-closing-dashboard","event":"CASH_CLOSING_DASHBOARD_DATA_FETCHED","totalRecords":56,"timestamp":"2026-07-28T12:36:42.739Z"}
28/7/2026, 6:06:42 pm | {"api":"/api/cash-closing-dashboard","event":"CASH_CLOSING_CLUSTER_FETCHED","totalClusters":4,"timestamp":"2026-07-28T12:36:42.742Z"}
28/7/2026, 6:06:42 pm | {"api":"/api/cash-closing-dashboard","event":"CASH_CLOSING_BRANCH_FETCHED","totalBranches":56,"timestamp":"2026-07-28T12:36:42.745Z"}
28/7/2026, 6:06:42 pm | {"api":"/api/cash-closing-dashboard","event":"CASH_CLOSING_DASHBOARD_SUCCESS","totalRecords":56,"filters":{"cluster":"","branch":"","fromDate":"","toDate":"","status":""},"timestamp":"2026-07-28T12:36:42.746Z"}
28/7/2026, 6:06:43 pm | {"api":"/login","event":"LOGIN_API_STARTED","mpin":"1985","deviceId":"edbb16289756a13f","timestamp":"2026-07-28T12:36:43.047Z"}
28/7/2026, 6:06:43 pm | {"event":"LOGIN_REQUEST","mpin":"1985","deviceId":"edbb16289756a13f","timestamp":"2026-07-28T12:36:43.048Z"}
28/7/2026, 6:06:43 pm | {"api":"/login","event":"LOGIN_DB_QUERY_STARTED","mpin":"1985","timestamp":"2026-07-28T12:36:43.048Z"}
28/7/2026, 6:06:43 pm | {"api":"/login","event":"LOGIN_USER_FOUND","empNo":"305","branch":"Gudivada","designation":"Branch Manager","timestamp":"2026-07-28T12:36:43.054Z"}
28/7/2026, 6:06:43 pm | {"api":"/login","event":"LOGIN_DEVICE_CHECK","empNo":"305","savedDevice":"edbb16289756a13f","currentDevice":"edbb16289756a13f","timestamp":"2026-07-28T12:36:43.055Z"}
28/7/2026, 6:06:43 pm | {"api":"/login","event":"LOGIN_SUCCESS","empNo":"305","branch":"Gudivada","designation":"Branch Manager","loginTime":"2026-07-28T12:36:43.061Z"}
28/7/2026, 6:06:43 pm | {"api":"/employee/:empNo","event":"EMPLOYEE_API_STARTED","empNo":"305","timestamp":"2026-07-28T12:36:43.315Z"}
28/7/2026, 6:06:43 pm | {"api":"/employee/:empNo","event":"EMPLOYEE_DB_QUERY_STARTED","empNo":"305","timestamp":"2026-07-28T12:36:43.316Z"}
28/7/2026, 6:06:43 pm | {"api":"/employee/:empNo","event":"EMPLOYEE_FETCH_SUCCESS","empNo":"305","employeeName":"Rashidunnisha Sk.","branch":"Gudivada","designation":"Branch Manager","timestamp":"2026-07-28T12:36:43.319Z"}
28/7/2026, 6:06:43 pm | {"api":"/last-submission/:empNo","event":"LAST_SUBMISSION_API_STARTED","empNo":"305","timestamp":"2026-07-28T12:36:43.402Z"}
28/7/2026, 6:06:43 pm | {"api":"/last-submission/:empNo","event":"LAST_SUBMISSION_DB_QUERY_STARTED","empNo":"305","timestamp":"2026-07-28T12:36:43.402Z"}
28/7/2026, 6:06:43 pm | {"api":"/last-submission/:empNo","event":"LAST_SUBMISSION_FETCH_SUCCESS","empNo":"305","amount":724151,"actionAt":"2026-07-27 18:14:56","timestamp":"2026-07-28T12:36:43.407Z"}
28/7/2026, 6:06:43 pm | {"api":"/today-cash/:empNo","event":"TODAY_CASH_API_STARTED","empNo":"305","timestamp":"2026-07-28T12:36:43.689Z"}
28/7/2026, 6:06:43 pm | {"api":"/today-cash/:empNo","event":"TODAY_CASH_DB_QUERY_STARTED","empNo":"305","timestamp":"2026-07-28T12:36:43.690Z"}
28/7/2026, 6:06:43 pm | {"api":"/today-cash/:empNo","event":"TODAY_CASH_NOT_FOUND","empNo":"305","timestamp":"2026-07-28T12:36:43.695Z"}
28/7/2026, 6:06:45 pm | {"api":"/api/cash-closing-dashboard","event":"CASH_CLOSING_DASHBOARD_API_STARTED","filters":{"cluster":"","branch":"","fromDate":"","toDate":"","status":""},"timestamp":"2026-07-28T12:36:45.176Z"}
28/7/2026, 6:06:45 pm | {"api":"/api/cash-closing-dashboard","event":"CASH_CLOSING_DASHBOARD_DB_CONNECTED","timestamp":"2026-07-28T12:36:45.176Z"}
28/7/2026, 6:06:45 pm | {"api":"/api/cash-closing-dashboard","event":"CASH_CLOSING_DASHBOARD_QUERY_STARTED","filters":{"cluster":"","branch":"","fromDate":"","toDate":"","status":""},"timestamp":"2026-07-28T12:36:45.177Z"}
28/7/2026, 6:06:45 pm | {"api":"/api/cash-closing-dashboard","event":"CASH_CLOSING_DASHBOARD_DATA_FETCHED","totalRecords":56,"timestamp":"2026-07-28T12:36:45.184Z"}
28/7/2026, 6:06:45 pm | {"api":"/api/cash-closing-dashboard","event":"CASH_CLOSING_CLUSTER_FETCHED","totalClusters":4,"timestamp":"2026-07-28T12:36:45.187Z"}
28/7/2026, 6:06:45 pm | {"api":"/api/cash-closing-dashboard","event":"CASH_CLOSING_BRANCH_FETCHED","totalBranches":56,"timestamp":"2026-07-28T12:36:45.191Z"}
28/7/2026, 6:06:45 pm | {"api":"/api/cash-closing-dashboard","event":"CASH_CLOSING_DASHBOARD_SUCCESS","totalRecords":56,"filters":{"cluster":"","branch":"","fromDate":"","toDate":"","status":""},"timestamp":"2026-07-28T12:36:45.191Z"}
28/7/2026, 6:06:45 pm | {"api":"/api/cash-closing-dashboard","event":"CASH_CLOSING_DASHBOARD_API_STARTED","filters":{"cluster":"","branch":"","fromDate":"","toDate":"","status":""},"timestamp":"2026-07-28T12:36:45.463Z"}
28/7/2026, 6:06:45 pm | {"api":"/api/cash-closing-dashboard","event":"CASH_CLOSING_DASHBOARD_DB_CONNECTED","timestamp":"2026-07-28T12:36:45.464Z"}
28/7/2026, 6:06:45 pm | {"api":"/api/cash-closing-dashboard","event":"CASH_CLOSING_DASHBOARD_QUERY_STARTED","filters":{"cluster":"","branch":"","fromDate":"","toDate":"","status":""},"timestamp":"2026-07-28T12:36:45.464Z"}
28/7/2026, 6:06:45 pm | {"api":"/api/cash-closing-dashboard","event":"CASH_CLOSING_DASHBOARD_DATA_FETCHED","totalRecords":56,"timestamp":"2026-07-28T12:36:45.472Z"}
28/7/2026, 6:06:45 pm | {"api":"/api/cash-closing-dashboard","event":"CASH_CLOSING_CLUSTER_FETCHED","totalClusters":4,"timestamp":"2026-07-28T12:36:45.475Z"}
28/7/2026, 6:06:45 pm | {"api":"/api/cash-closing-dashboard","event":"CASH_CLOSING_BRANCH_FETCHED","totalBranches":56,"timestamp":"2026-07-28T12:36:45.478Z"}
28/7/2026, 6:06:45 pm | {"api":"/api/cash-closing-dashboard","event":"CASH_CLOSING_DASHBOARD_SUCCESS","totalRecords":56,"filters":{"cluster":"","branch":"","fromDate":"","toDate":"","status":""},"timestamp":"2026-07-28T12:36:45.479Z"}
28/7/2026, 6:06:45 pm | {"api":"/api/cash-closing-dashboard","event":"CASH_CLOSING_DASHBOARD_API_STARTED","filters":{"cluster":"","branch":"","fromDate":"","toDate":"","status":""},"timestamp":"2026-07-28T12:36:45.664Z"}
28/7/2026, 6:06:45 pm | {"api":"/api/cash-closing-dashboard","event":"CASH_CLOSING_DASHBOARD_DB_CONNECTED","timestamp":"2026-07-28T12:36:45.665Z"}
28/7/2026, 6:06:45 pm | {"api":"/api/cash-closing-dashboard","event":"CASH_CLOSING_DASHBOARD_QUERY_STARTED","filters":{"cluster":"","branch":"","fromDate":"","toDate":"","status":""},"timestamp":"2026-07-28T12:36:45.666Z"}
28/7/2026, 6:06:45 pm | {"api":"/api/cash-closing-dashboard","event":"CASH_CLOSING_DASHBOARD_DATA_FETCHED","totalRecords":56,"timestamp":"2026-07-28T12:36:45.671Z"}
28/7/2026, 6:06:45 pm | {"api":"/api/cash-closing-dashboard","event":"CASH_CLOSING_CLUSTER_FETCHED","totalClusters":4,"timestamp":"2026-07-28T12:36:45.674Z"}
28/7/2026, 6:06:45 pm | {"api":"/api/cash-closing-dashboard","event":"CASH_CLOSING_BRANCH_FETCHED","totalBranches":56,"timestamp":"2026-07-28T12:36:45.677Z"}
28/7/2026, 6:06:45 pm | {"api":"/api/cash-closing-dashboard","event":"CASH_CLOSING_DASHBOARD_SUCCESS","totalRecords":56,"filters":{"cluster":"","branch":"","fromDate":"","toDate":"","status":""},"timestamp":"2026-07-28T12:36:45.678Z"}
28/7/2026, 6:06:48 pm | {"api":"/api/cash-closing-dashboard","event":"CASH_CLOSING_DASHBOARD_API_STARTED","filters":{"cluster":"","branch":"","fromDate":"","toDate":"","status":""},"timestamp":"2026-07-28T12:36:48.695Z"}
28/7/2026, 6:06:48 pm | {"api":"/api/cash-closing-dashboard","event":"CASH_CLOSING_DASHBOARD_DB_CONNECTED","timestamp":"2026-07-28T12:36:48.696Z"}
28/7/2026, 6:06:48 pm | {"api":"/api/cash-closing-dashboard","event":"CASH_CLOSING_DASHBOARD_QUERY_STARTED","filters":{"cluster":"","branch":"","fromDate":"","toDate":"","status":""},"timestamp":"2026-07-28T12:36:48.697Z"}
28/7/2026, 6:06:48 pm | {"api":"/api/cash-closing-dashboard","event":"CASH_CLOSING_DASHBOARD_DATA_FETCHED","totalRecords":56,"timestamp":"2026-07-28T12:36:48.704Z"}
28/7/2026, 6:06:48 pm | {"api":"/api/cash-closing-dashboard","event":"CASH_CLOSING_CLUSTER_FETCHED","totalClusters":4,"timestamp":"2026-07-28T12:36:48.708Z"}
28/7/2026, 6:06:48 pm | {"api":"/api/cash-closing-dashboard","event":"CASH_CLOSING_DASHBOARD_API_STARTED","filters":{"cluster":"","branch":"","fromDate":"","toDate":"","status":""},"timestamp":"2026-07-28T12:36:48.709Z"}
28/7/2026, 6:06:48 pm | {"api":"/api/cash-closing-dashboard","event":"CASH_CLOSING_DASHBOARD_DB_CONNECTED","timestamp":"2026-07-28T12:36:48.709Z"}
28/7/2026, 6:06:48 pm | {"api":"/api/cash-closing-dashboard","event":"CASH_CLOSING_DASHBOARD_QUERY_STARTED","filters":{"cluster":"","branch":"","fromDate":"","toDate":"","status":""},"timestamp":"2026-07-28T12:36:48.710Z"}
28/7/2026, 6:06:48 pm | {"api":"/api/cash-closing-dashboard","event":"CASH_CLOSING_BRANCH_FETCHED","totalBranches":56,"timestamp":"2026-07-28T12:36:48.715Z"}
28/7/2026, 6:06:48 pm | {"api":"/api/cash-closing-dashboard","event":"CASH_CLOSING_DASHBOARD_SUCCESS","totalRecords":56,"filters":{"cluster":"","branch":"","fromDate":"","toDate":"","status":""},"timestamp":"2026-07-28T12:36:48.716Z"}
28/7/2026, 6:06:48 pm | {"api":"/api/cash-closing-dashboard","event":"CASH_CLOSING_DASHBOARD_DATA_FETCHED","totalRecords":56,"timestamp":"2026-07-28T12:36:48.720Z"}
28/7/2026, 6:06:48 pm | {"api":"/api/cash-closing-dashboard","event":"CASH_CLOSING_CLUSTER_FETCHED","totalClusters":4,"timestamp":"2026-07-28T12:36:48.722Z"}
28/7/2026, 6:06:48 pm | {"api":"/api/cash-closing-dashboard","event":"CASH_CLOSING_BRANCH_FETCHED","totalBranches":56,"timestamp":"2026-07-28T12:36:48.726Z"}
28/7/2026, 6:06:48 pm | {"api":"/api/cash-closing-dashboard","event":"CASH_CLOSING_DASHBOARD_SUCCESS","totalRecords":56,"filters":{"cluster":"","branch":"","fromDate":"","toDate":"","status":""},"timestamp":"2026-07-28T12:36:48.726Z"}
28/7/2026, 6:06:48 pm | {"api":"/api/cash-closing-dashboard","event":"CASH_CLOSING_DASHBOARD_API_STARTED","filters":{"cluster":"","branch":"","fromDate":"","toDate":"","status":""},"timestamp":"2026-07-28T12:36:48.850Z"}
28/7/2026, 6:06:48 pm | {"api":"/api/cash-closing-dashboard","event":"CASH_CLOSING_DASHBOARD_DB_CONNECTED","timestamp":"2026-07-28T12:36:48.851Z"}
28/7/2026, 6:06:48 pm | {"api":"/api/cash-closing-dashboard","event":"CASH_CLOSING_DASHBOARD_QUERY_STARTED","filters":{"cluster":"","branch":"","fromDate":"","toDate":"","status":""},"timestamp":"2026-07-28T12:36:48.852Z"}
28/7/2026, 6:06:48 pm | {"api":"/api/cash-closing-dashboard","event":"CASH_CLOSING_DASHBOARD_DATA_FETCHED","totalRecords":56,"timestamp":"2026-07-28T12:36:48.859Z"}
28/7/2026, 6:06:48 pm | {"api":"/api/cash-closing-dashboard","event":"CASH_CLOSING_DASHBOARD_API_STARTED","filters":{"cluster":"","branch":"","fromDate":"","toDate":"","status":""},"timestamp":"2026-07-28T12:36:48.860Z"}
28/7/2026, 6:06:48 pm | {"api":"/api/cash-closing-dashboard","event":"CASH_CLOSING_DASHBOARD_DB_CONNECTED","timestamp":"2026-07-28T12:36:48.861Z"}
28/7/2026, 6:06:48 pm | {"api":"/api/cash-closing-dashboard","event":"CASH_CLOSING_DASHBOARD_QUERY_STARTED","filters":{"cluster":"","branch":"","fromDate":"","toDate":"","status":""},"timestamp":"2026-07-28T12:36:48.862Z"}
28/7/2026, 6:06:48 pm | {"api":"/api/cash-closing-dashboard","event":"CASH_CLOSING_CLUSTER_FETCHED","totalClusters":4,"timestamp":"2026-07-28T12:36:48.866Z"}
28/7/2026, 6:06:48 pm | {"api":"/api/cash-closing-dashboard","event":"CASH_CLOSING_DASHBOARD_DATA_FETCHED","totalRecords":56,"timestamp":"2026-07-28T12:36:48.868Z"}
28/7/2026, 6:06:48 pm | {"api":"/api/cash-closing-dashboard","event":"CASH_CLOSING_BRANCH_FETCHED","totalBranches":56,"timestamp":"2026-07-28T12:36:48.871Z"}
28/7/2026, 6:06:48 pm | {"api":"/api/cash-closing-dashboard","event":"CASH_CLOSING_DASHBOARD_SUCCESS","totalRecords":56,"filters":{"cluster":"","branch":"","fromDate":"","toDate":"","status":""},"timestamp":"2026-07-28T12:36:48.872Z"}
28/7/2026, 6:06:48 pm | {"api":"/api/cash-closing-dashboard","event":"CASH_CLOSING_CLUSTER_FETCHED","totalClusters":4,"timestamp":"2026-07-28T12:36:48.873Z"}
28/7/2026, 6:06:48 pm | {"api":"/api/cash-closing-dashboard","event":"CASH_CLOSING_BRANCH_FETCHED","totalBranches":56,"timestamp":"2026-07-28T12:36:48.876Z"}
28/7/2026, 6:06:48 pm | {"api":"/api/cash-closing-dashboard","event":"CASH_CLOSING_DASHBOARD_SUCCESS","totalRecords":56,"filters":{"cluster":"","branch":"","fromDate":"","toDate":"","status":""},"timestamp":"2026-07-28T12:36:48.877Z"}
28/7/2026, 6:06:49 pm | {"api":"/api/cash-closing-dashboard","event":"CASH_CLOSING_DASHBOARD_API_STARTED","filters":{"cluster":"","branch":"","fromDate":"","toDate":"","status":""},"timestamp":"2026-07-28T12:36:49.013Z"}
28/7/2026, 6:06:49 pm | {"api":"/api/cash-closing-dashboard","event":"CASH_CLOSING_DASHBOARD_DB_CONNECTED","timestamp":"2026-07-28T12:36:49.014Z"}
28/7/2026, 6:06:49 pm | {"api":"/api/cash-closing-dashboard","event":"CASH_CLOSING_DASHBOARD_QUERY_STARTED","filters":{"cluster":"","branch":"","fromDate":"","toDate":"","status":""},"timestamp":"2026-07-28T12:36:49.015Z"}
28/7/2026, 6:06:49 pm | {"api":"/api/cash-closing-dashboard","event":"CASH_CLOSING_DASHBOARD_DATA_FETCHED","totalRecords":56,"timestamp":"2026-07-28T12:36:49.022Z"}
28/7/2026, 6:06:49 pm | {"api":"/api/cash-closing-dashboard","event":"CASH_CLOSING_CLUSTER_FETCHED","totalClusters":4,"timestamp":"2026-07-28T12:36:49.025Z"}
28/7/2026, 6:06:49 pm | {"api":"/api/cash-closing-dashboard","event":"CASH_CLOSING_BRANCH_FETCHED","totalBranches":56,"timestamp":"2026-07-28T12:36:49.028Z"}
28/7/2026, 6:06:49 pm | {"api":"/api/cash-closing-dashboard","event":"CASH_CLOSING_DASHBOARD_SUCCESS","totalRecords":56,"filters":{"cluster":"","branch":"","fromDate":"","toDate":"","status":""},"timestamp":"2026-07-28T12:36:49.029Z"}
28/7/2026, 6:06:49 pm | {"api":"/api/cash-closing-dashboard","event":"CASH_CLOSING_DASHBOARD_API_STARTED","filters":{"cluster":"","branch":"","fromDate":"","toDate":"","status":""},"timestamp":"2026-07-28T12:36:49.130Z"}
28/7/2026, 6:06:49 pm | {"api":"/api/cash-closing-dashboard","event":"CASH_CLOSING_DASHBOARD_DB_CONNECTED","timestamp":"2026-07-28T12:36:49.131Z"}
28/7/2026, 6:06:49 pm | {"api":"/api/cash-closing-dashboard","event":"CASH_CLOSING_DASHBOARD_QUERY_STARTED","filters":{"cluster":"","branch":"","fromDate":"","toDate":"","status":""},"timestamp":"2026-07-28T12:36:49.132Z"}
28/7/2026, 6:06:49 pm | {"api":"/api/cash-closing-dashboard","event":"CASH_CLOSING_DASHBOARD_DATA_FETCHED","totalRecords":56,"timestamp":"2026-07-28T12:36:49.139Z"}
28/7/2026, 6:06:49 pm | {"api":"/api/cash-closing-dashboard","event":"CASH_CLOSING_CLUSTER_FETCHED","totalClusters":4,"timestamp":"2026-07-28T12:36:49.142Z"}
28/7/2026, 6:06:49 pm | {"api":"/api/cash-closing-dashboard","event":"CASH_CLOSING_BRANCH_FETCHED","totalBranches":56,"timestamp":"2026-07-28T12:36:49.145Z"}
28/7/2026, 6:06:49 pm | {"api":"/api/cash-closing-dashboard","event":"CASH_CLOSING_DASHBOARD_SUCCESS","totalRecords":56,"filters":{"cluster":"","branch":"","fromDate":"","toDate":"","status":""},"timestamp":"2026-07-28T12:36:49.146Z"}
28/7/2026, 6:06:49 pm | {"api":"/api/cash-closing-dashboard","event":"CASH_CLOSING_DASHBOARD_API_STARTED","filters":{"cluster":"","branch":"","fromDate":"","toDate":"","status":""},"timestamp":"2026-07-28T12:36:49.274Z"}
28/7/2026, 6:06:49 pm | {"api":"/api/cash-closing-dashboard","event":"CASH_CLOSING_DASHBOARD_DB_CONNECTED","timestamp":"2026-07-28T12:36:49.275Z"}
28/7/2026, 6:06:49 pm | {"api":"/api/cash-closing-dashboard","event":"CASH_CLOSING_DASHBOARD_QUERY_STARTED","filters":{"cluster":"","branch":"","fromDate":"","toDate":"","status":""},"timestamp":"2026-07-28T12:36:49.276Z"}
28/7/2026, 6:06:49 pm | {"api":"/api/cash-closing-dashboard","event":"CASH_CLOSING_DASHBOARD_DATA_FETCHED","totalRecords":56,"timestamp":"2026-07-28T12:36:49.283Z"}
28/7/2026, 6:06:49 pm | {"api":"/api/cash-closing-dashboard","event":"CASH_CLOSING_CLUSTER_FETCHED","totalClusters":4,"timestamp":"2026-07-28T12:36:49.286Z"}
28/7/2026, 6:06:49 pm | {"api":"/api/cash-closing-dashboard","event":"CASH_CLOSING_BRANCH_FETCHED","totalBranches":56,"timestamp":"2026-07-28T12:36:49.290Z"}
28/7/2026, 6:06:49 pm | {"api":"/api/cash-closing-dashboard","event":"CASH_CLOSING_DASHBOARD_SUCCESS","totalRecords":56,"filters":{"cluster":"","branch":"","fromDate":"","toDate":"","status":""},"timestamp":"2026-07-28T12:36:49.291Z"}
28/7/2026, 6:06:49 pm | {"api":"/api/cash-closing-dashboard","event":"CASH_CLOSING_DASHBOARD_API_STARTED","filters":{"cluster":"","branch":"","fromDate":"","toDate":"","status":""},"timestamp":"2026-07-28T12:36:49.434Z"}
28/7/2026, 6:06:49 pm | {"api":"/api/cash-closing-dashboard","event":"CASH_CLOSING_DASHBOARD_DB_CONNECTED","timestamp":"2026-07-28T12:36:49.435Z"}
28/7/2026, 6:06:49 pm | {"api":"/api/cash-closing-dashboard","event":"CASH_CLOSING_DASHBOARD_QUERY_STARTED","filters":{"cluster":"","branch":"","fromDate":"","toDate":"","status":""},"timestamp":"2026-07-28T12:36:49.436Z"}
28/7/2026, 6:06:49 pm | {"api":"/api/cash-closing-dashboard","event":"CASH_CLOSING_DASHBOARD_DATA_FETCHED","totalRecords":56,"timestamp":"2026-07-28T12:36:49.443Z"}
28/7/2026, 6:06:49 pm | {"api":"/api/cash-closing-dashboard","event":"CASH_CLOSING_CLUSTER_FETCHED","totalClusters":4,"timestamp":"2026-07-28T12:36:49.447Z"}
28/7/2026, 6:06:49 pm | {"api":"/api/cash-closing-dashboard","event":"CASH_CLOSING_BRANCH_FETCHED","totalBranches":56,"timestamp":"2026-07-28T12:36:49.453Z"}
28/7/2026, 6:06:49 pm | {"api":"/api/cash-closing-dashboard","event":"CASH_CLOSING_DASHBOARD_SUCCESS","totalRecords":56,"filters":{"cluster":"","branch":"","fromDate":"","toDate":"","status":""},"timestamp":"2026-07-28T12:36:49.453Z"}
28/7/2026, 6:06:49 pm | {"api":"/api/cash-closing-dashboard","event":"CASH_CLOSING_DASHBOARD_API_STARTED","filters":{"cluster":"","branch":"","fromDate":"","toDate":"","status":""},"timestamp":"2026-07-28T12:36:49.562Z"}
28/7/2026, 6:06:49 pm | {"api":"/api/cash-closing-dashboard","event":"CASH_CLOSING_DASHBOARD_DB_CONNECTED","timestamp":"2026-07-28T12:36:49.563Z"}
28/7/2026, 6:06:49 pm | {"api":"/api/cash-closing-dashboard","event":"CASH_CLOSING_DASHBOARD_QUERY_STARTED","filters":{"cluster":"","branch":"","fromDate":"","toDate":"","status":""},"timestamp":"2026-07-28T12:36:49.564Z"}
28/7/2026, 6:06:49 pm | {"api":"/api/cash-closing-dashboard","event":"CASH_CLOSING_DASHBOARD_DATA_FETCHED","totalRecords":56,"timestamp":"2026-07-28T12:36:49.572Z"}
28/7/2026, 6:06:49 pm | {"api":"/api/cash-closing-dashboard","event":"CASH_CLOSING_CLUSTER_FETCHED","totalClusters":4,"timestamp":"2026-07-28T12:36:49.579Z"}
28/7/2026, 6:06:49 pm | {"api":"/api/cash-closing-dashboard","event":"CASH_CLOSING_BRANCH_FETCHED","totalBranches":56,"timestamp":"2026-07-28T12:36:49.583Z"}
28/7/2026, 6:06:49 pm | {"api":"/api/cash-closing-dashboard","event":"CASH_CLOSING_DASHBOARD_SUCCESS","totalRecords":56,"filters":{"cluster":"","branch":"","fromDate":"","toDate":"","status":""},"timestamp":"2026-07-28T12:36:49.584Z"}
28/7/2026, 6:06:57 pm | {"api":"/api/cash-closing-dashboard","event":"CASH_CLOSING_DASHBOARD_API_STARTED","filters":{"cluster":"","branch":"","fromDate":"","toDate":"","status":""},"timestamp":"2026-07-28T12:36:57.995Z"}
28/7/2026, 6:06:57 pm | {"api":"/api/cash-closing-dashboard","event":"CASH_CLOSING_DASHBOARD_DB_CONNECTED","timestamp":"2026-07-28T12:36:57.996Z"}
28/7/2026, 6:06:57 pm | {"api":"/api/cash-closing-dashboard","event":"CASH_CLOSING_DASHBOARD_QUERY_STARTED","filters":{"cluster":"","branch":"","fromDate":"","toDate":"","status":""},"timestamp":"2026-07-28T12:36:57.996Z"}
28/7/2026, 6:06:58 pm | {"api":"/api/cash-closing-dashboard","event":"CASH_CLOSING_DASHBOARD_DATA_FETCHED","totalRecords":56,"timestamp":"2026-07-28T12:36:58.002Z"}
28/7/2026, 6:06:58 pm | {"api":"/api/cash-closing-dashboard","event":"CASH_CLOSING_CLUSTER_FETCHED","totalClusters":4,"timestamp":"2026-07-28T12:36:58.006Z"}
28/7/2026, 6:06:58 pm | {"api":"/api/cash-closing-dashboard","event":"CASH_CLOSING_BRANCH_FETCHED","totalBranches":56,"timestamp":"2026-07-28T12:36:58.011Z"}
28/7/2026, 6:06:58 pm | {"api":"/api/cash-closing-dashboard","event":"CASH_CLOSING_DASHBOARD_SUCCESS","totalRecords":56,"filters":{"cluster":"","branch":"","fromDate":"","toDate":"","status":""},"timestamp":"2026-07-28T12:36:58.011Z"}
28/7/2026, 6:06:58 pm | {"api":"/api/cash-closing-dashboard","event":"CASH_CLOSING_DASHBOARD_API_STARTED","filters":{"cluster":"","branch":"","fromDate":"","toDate":"","status":""},"timestamp":"2026-07-28T12:36:58.107Z"}
28/7/2026, 6:06:58 pm | {"api":"/api/cash-closing-dashboard","event":"CASH_CLOSING_DASHBOARD_DB_CONNECTED","timestamp":"2026-07-28T12:36:58.108Z"}
28/7/2026, 6:06:58 pm | {"api":"/api/cash-closing-dashboard","event":"CASH_CLOSING_DASHBOARD_QUERY_STARTED","filters":{"cluster":"","branch":"","fromDate":"","toDate":"","status":""},"timestamp":"2026-07-28T12:36:58.109Z"}
28/7/2026, 6:06:58 pm | {"api":"/api/cash-closing-dashboard","event":"CASH_CLOSING_DASHBOARD_DATA_FETCHED","totalRecords":56,"timestamp":"2026-07-28T12:36:58.117Z"}
28/7/2026, 6:06:58 pm | {"api":"/api/cash-closing-dashboard","event":"CASH_CLOSING_CLUSTER_FETCHED","totalClusters":4,"timestamp":"2026-07-28T12:36:58.121Z"}
28/7/2026, 6:06:58 pm | {"api":"/api/cash-closing-dashboard","event":"CASH_CLOSING_BRANCH_FETCHED","totalBranches":56,"timestamp":"2026-07-28T12:36:58.124Z"}
28/7/2026, 6:06:58 pm | {"api":"/api/cash-closing-dashboard","event":"CASH_CLOSING_DASHBOARD_SUCCESS","totalRecords":56,"filters":{"cluster":"","branch":"","fromDate":"","toDate":"","status":""},"timestamp":"2026-07-28T12:36:58.125Z"}
28/7/2026, 6:06:58 pm | {"api":"/api/cash-closing-dashboard","event":"CASH_CLOSING_DASHBOARD_API_STARTED","filters":{"cluster":"","branch":"","fromDate":"","toDate":"","status":""},"timestamp":"2026-07-28T12:36:58.283Z"}
28/7/2026, 6:06:58 pm | {"api":"/api/cash-closing-dashboard","event":"CASH_CLOSING_DASHBOARD_DB_CONNECTED","timestamp":"2026-07-28T12:36:58.284Z"}
28/7/2026, 6:06:58 pm | {"api":"/api/cash-closing-dashboard","event":"CASH_CLOSING_DASHBOARD_QUERY_STARTED","filters":{"cluster":"","branch":"","fromDate":"","toDate":"","status":""},"timestamp":"2026-07-28T12:36:58.285Z"}
28/7/2026, 6:06:58 pm | {"api":"/api/cash-closing-dashboard","event":"CASH_CLOSING_DASHBOARD_DATA_FETCHED","totalRecords":56,"timestamp":"2026-07-28T12:36:58.292Z"}
28/7/2026, 6:06:58 pm | {"api":"/api/cash-closing-dashboard","event":"CASH_CLOSING_CLUSTER_FETCHED","totalClusters":4,"timestamp":"2026-07-28T12:36:58.296Z"}
28/7/2026, 6:06:58 pm | {"api":"/api/cash-closing-dashboard","event":"CASH_CLOSING_BRANCH_FETCHED","totalBranches":56,"timestamp":"2026-07-28T12:36:58.300Z"}
28/7/2026, 6:06:58 pm | {"api":"/api/cash-closing-dashboard","event":"CASH_CLOSING_DASHBOARD_SUCCESS","totalRecords":56,"filters":{"cluster":"","branch":"","fromDate":"","toDate":"","status":""},"timestamp":"2026-07-28T12:36:58.300Z"}
28/7/2026, 6:07:00 pm | {"api":"/api/cash-closing-dashboard","event":"CASH_CLOSING_DASHBOARD_API_STARTED","filters":{"cluster":"","branch":"","fromDate":"","toDate":"","status":""},"timestamp":"2026-07-28T12:37:00.804Z"}
28/7/2026, 6:07:00 pm | {"api":"/api/cash-closing-dashboard","event":"CASH_CLOSING_DASHBOARD_DB_CONNECTED","timestamp":"2026-07-28T12:37:00.805Z"}
28/7/2026, 6:07:00 pm | {"api":"/api/cash-closing-dashboard","event":"CASH_CLOSING_DASHBOARD_QUERY_STARTED","filters":{"cluster":"","branch":"","fromDate":"","toDate":"","status":""},"timestamp":"2026-07-28T12:37:00.806Z"}
28/7/2026, 6:07:00 pm | {"api":"/api/cash-closing-dashboard","event":"CASH_CLOSING_DASHBOARD_DATA_FETCHED","totalRecords":56,"timestamp":"2026-07-28T12:37:00.812Z"}
28/7/2026, 6:07:00 pm | {"api":"/api/cash-closing-dashboard","event":"CASH_CLOSING_CLUSTER_FETCHED","totalClusters":4,"timestamp":"2026-07-28T12:37:00.816Z"}
28/7/2026, 6:07:00 pm | {"api":"/api/cash-closing-dashboard","event":"CASH_CLOSING_BRANCH_FETCHED","totalBranches":56,"timestamp":"2026-07-28T12:37:00.819Z"}
28/7/2026, 6:07:00 pm | {"api":"/api/cash-closing-dashboard","event":"CASH_CLOSING_DASHBOARD_SUCCESS","totalRecords":56,"filters":{"cluster":"","branch":"","fromDate":"","toDate":"","status":""},"timestamp":"2026-07-28T12:37:00.820Z"}
28/7/2026, 6:07:00 pm | {"api":"/api/cash-closing-dashboard","event":"CASH_CLOSING_DASHBOARD_API_STARTED","filters":{"cluster":"","branch":"","fromDate":"","toDate":"","status":""},"timestamp":"2026-07-28T12:37:00.874Z"}
28/7/2026, 6:07:00 pm | {"api":"/api/cash-closing-dashboard","event":"CASH_CLOSING_DASHBOARD_DB_CONNECTED","timestamp":"2026-07-28T12:37:00.875Z"}
28/7/2026, 6:07:00 pm | {"api":"/api/cash-closing-dashboard","event":"CASH_CLOSING_DASHBOARD_QUERY_STARTED","filters":{"cluster":"","branch":"","fromDate":"","toDate":"","status":""},"timestamp":"2026-07-28T12:37:00.876Z"}
28/7/2026, 6:07:00 pm | {"api":"/api/cash-closing-dashboard","event":"CASH_CLOSING_DASHBOARD_DATA_FETCHED","totalRecords":56,"timestamp":"2026-07-28T12:37:00.881Z"}
28/7/2026, 6:07:00 pm | {"api":"/api/cash-closing-dashboard","event":"CASH_CLOSING_CLUSTER_FETCHED","totalClusters":4,"timestamp":"2026-07-28T12:37:00.885Z"}
28/7/2026, 6:07:00 pm | {"api":"/api/cash-closing-dashboard","event":"CASH_CLOSING_BRANCH_FETCHED","totalBranches":56,"timestamp":"2026-07-28T12:37:00.888Z"}
28/7/2026, 6:07:00 pm | {"api":"/api/cash-closing-dashboard","event":"CASH_CLOSING_DASHBOARD_SUCCESS","totalRecords":56,"filters":{"cluster":"","branch":"","fromDate":"","toDate":"","status":""},"timestamp":"2026-07-28T12:37:00.889Z"}
28/7/2026, 6:07:01 pm | {"api":"/api/cash-closing-dashboard","event":"CASH_CLOSING_DASHBOARD_API_STARTED","filters":{"cluster":"","branch":"","fromDate":"","toDate":"","status":""},"timestamp":"2026-07-28T12:37:01.011Z"}
28/7/2026, 6:07:01 pm | {"api":"/api/cash-closing-dashboard","event":"CASH_CLOSING_DASHBOARD_DB_CONNECTED","timestamp":"2026-07-28T12:37:01.012Z"}
28/7/2026, 6:07:01 pm | {"api":"/api/cash-closing-dashboard","event":"CASH_CLOSING_DASHBOARD_QUERY_STARTED","filters":{"cluster":"","branch":"","fromDate":"","toDate":"","status":""},"timestamp":"2026-07-28T12:37:01.012Z"}
28/7/2026, 6:07:01 pm | {"api":"/api/cash-closing-dashboard","event":"CASH_CLOSING_DASHBOARD_DATA_FETCHED","totalRecords":56,"timestamp":"2026-07-28T12:37:01.018Z"}
28/7/2026, 6:07:01 pm | {"api":"/api/cash-closing-dashboard","event":"CASH_CLOSING_CLUSTER_FETCHED","totalClusters":4,"timestamp":"2026-07-28T12:37:01.021Z"}
28/7/2026, 6:07:01 pm | {"api":"/api/cash-closing-dashboard","event":"CASH_CLOSING_BRANCH_FETCHED","totalBranches":56,"timestamp":"2026-07-28T12:37:01.025Z"}
28/7/2026, 6:07:01 pm | {"api":"/api/cash-closing-dashboard","event":"CASH_CLOSING_DASHBOARD_SUCCESS","totalRecords":56,"filters":{"cluster":"","branch":"","fromDate":"","toDate":"","status":""},"timestamp":"2026-07-28T12:37:01.026Z"}
28/7/2026, 6:07:01 pm | {"api":"/api/cash-closing-dashboard","event":"CASH_CLOSING_DASHBOARD_API_STARTED","filters":{"cluster":"","branch":"","fromDate":"","toDate":"","status":""},"timestamp":"2026-07-28T12:37:01.155Z"}
28/7/2026, 6:07:01 pm | {"api":"/api/cash-closing-dashboard","event":"CASH_CLOSING_DASHBOARD_DB_CONNECTED","timestamp":"2026-07-28T12:37:01.156Z"}
28/7/2026, 6:07:01 pm | {"api":"/api/cash-closing-dashboard","event":"CASH_CLOSING_DASHBOARD_QUERY_STARTED","filters":{"cluster":"","branch":"","fromDate":"","toDate":"","status":""},"timestamp":"2026-07-28T12:37:01.157Z"}
28/7/2026, 6:07:01 pm | {"api":"/api/cash-closing-dashboard","event":"CASH_CLOSING_DASHBOARD_DATA_FETCHED","totalRecords":56,"timestamp":"2026-07-28T12:37:01.165Z"}
28/7/2026, 6:07:01 pm | {"api":"/api/cash-closing-dashboard","event":"CASH_CLOSING_CLUSTER_FETCHED","totalClusters":4,"timestamp":"2026-07-28T12:37:01.168Z"}
28/7/2026, 6:07:01 pm | {"api":"/api/cash-closing-dashboard","event":"CASH_CLOSING_BRANCH_FETCHED","totalBranches":56,"timestamp":"2026-07-28T12:37:01.171Z"}
28/7/2026, 6:07:01 pm | {"api":"/api/cash-closing-dashboard","event":"CASH_CLOSING_DASHBOARD_SUCCESS","totalRecords":56,"filters":{"cluster":"","branch":"","fromDate":"","toDate":"","status":""},"timestamp":"2026-07-28T12:37:01.172Z"}
28/7/2026, 6:07:01 pm | {"api":"/api/cash-closing-dashboard","event":"CASH_CLOSING_DASHBOARD_API_STARTED","filters":{"cluster":"","branch":"","fromDate":"","toDate":"","status":""},"timestamp":"2026-07-28T12:37:01.292Z"}
28/7/2026, 6:07:01 pm | {"api":"/api/cash-closing-dashboard","event":"CASH_CLOSING_DASHBOARD_DB_CONNECTED","timestamp":"2026-07-28T12:37:01.293Z"}
28/7/2026, 6:07:01 pm | {"api":"/api/cash-closing-dashboard","event":"CASH_CLOSING_DASHBOARD_QUERY_STARTED","filters":{"cluster":"","branch":"","fromDate":"","toDate":"","status":""},"timestamp":"2026-07-28T12:37:01.293Z"}
28/7/2026, 6:07:01 pm | {"api":"/api/cash-closing-dashboard","event":"CASH_CLOSING_DASHBOARD_DATA_FETCHED","totalRecords":56,"timestamp":"2026-07-28T12:37:01.299Z"}
28/7/2026, 6:07:01 pm | {"api":"/api/cash-closing-dashboard","event":"CASH_CLOSING_CLUSTER_FETCHED","totalClusters":4,"timestamp":"2026-07-28T12:37:01.303Z"}
28/7/2026, 6:07:01 pm | {"api":"/api/cash-closing-dashboard","event":"CASH_CLOSING_BRANCH_FETCHED","totalBranches":56,"timestamp":"2026-07-28T12:37:01.306Z"}
28/7/2026, 6:07:01 pm | {"api":"/api/cash-closing-dashboard","event":"CASH_CLOSING_DASHBOARD_SUCCESS","totalRecords":56,"filters":{"cluster":"","branch":"","fromDate":"","toDate":"","status":""},"timestamp":"2026-07-28T12:37:01.307Z"}
28/7/2026, 6:07:01 pm | {"api":"/api/cash-closing-dashboard","event":"CASH_CLOSING_DASHBOARD_API_STARTED","filters":{"cluster":"","branch":"","fromDate":"","toDate":"","status":""},"timestamp":"2026-07-28T12:37:01.411Z"}
28/7/2026, 6:07:01 pm | {"api":"/api/cash-closing-dashboard","event":"CASH_CLOSING_DASHBOARD_DB_CONNECTED","timestamp":"2026-07-28T12:37:01.412Z"}
28/7/2026, 6:07:01 pm | {"api":"/api/cash-closing-dashboard","event":"CASH_CLOSING_DASHBOARD_QUERY_STARTED","filters":{"cluster":"","branch":"","fromDate":"","toDate":"","status":""},"timestamp":"2026-07-28T12:37:01.413Z"}
28/7/2026, 6:07:01 pm | {"api":"/api/cash-closing-dashboard","event":"CASH_CLOSING_DASHBOARD_DATA_FETCHED","totalRecords":56,"timestamp":"2026-07-28T12:37:01.419Z"}
28/7/2026, 6:07:01 pm | {"api":"/api/cash-closing-dashboard","event":"CASH_CLOSING_CLUSTER_FETCHED","totalClusters":4,"timestamp":"2026-07-28T12:37:01.422Z"}
28/7/2026, 6:07:01 pm | {"api":"/api/cash-closing-dashboard","event":"CASH_CLOSING_BRANCH_FETCHED","totalBranches":56,"timestamp":"2026-07-28T12:37:01.426Z"}
28/7/2026, 6:07:01 pm | {"api":"/api/cash-closing-dashboard","event":"CASH_CLOSING_DASHBOARD_SUCCESS","totalRecords":56,"filters":{"cluster":"","branch":"","fromDate":"","toDate":"","status":""},"timestamp":"2026-07-28T12:37:01.426Z"}
28/7/2026, 6:07:01 pm | {"api":"/api/cash-closing-dashboard","event":"CASH_CLOSING_DASHBOARD_API_STARTED","filters":{"cluster":"","branch":"","fromDate":"","toDate":"","status":""},"timestamp":"2026-07-28T12:37:01.547Z"}
28/7/2026, 6:07:01 pm | {"api":"/api/cash-closing-dashboard","event":"CASH_CLOSING_DASHBOARD_DB_CONNECTED","timestamp":"2026-07-28T12:37:01.548Z"}
28/7/2026, 6:07:01 pm | {"api":"/api/cash-closing-dashboard","event":"CASH_CLOSING_DASHBOARD_QUERY_STARTED","filters":{"cluster":"","branch":"","fromDate":"","toDate":"","status":""},"timestamp":"2026-07-28T12:37:01.549Z"}
28/7/2026, 6:07:01 pm | {"api":"/api/cash-closing-dashboard","event":"CASH_CLOSING_DASHBOARD_DATA_FETCHED","totalRecords":56,"timestamp":"2026-07-28T12:37:01.554Z"}
28/7/2026, 6:07:01 pm | {"api":"/api/cash-closing-dashboard","event":"CASH_CLOSING_CLUSTER_FETCHED","totalClusters":4,"timestamp":"2026-07-28T12:37:01.558Z"}
28/7/2026, 6:07:01 pm | {"api":"/api/cash-closing-dashboard","event":"CASH_CLOSING_BRANCH_FETCHED","totalBranches":56,"timestamp":"2026-07-28T12:37:01.562Z"}
28/7/2026, 6:07:01 pm | {"api":"/api/cash-closing-dashboard","event":"CASH_CLOSING_DASHBOARD_SUCCESS","totalRecords":56,"filters":{"cluster":"","branch":"","fromDate":"","toDate":"","status":""},"timestamp":"2026-07-28T12:37:01.562Z"}
28/7/2026, 6:07:01 pm | {"api":"/api/cash-closing-dashboard","event":"CASH_CLOSING_DASHBOARD_API_STARTED","filters":{"cluster":"","branch":"","fromDate":"","toDate":"","status":""},"timestamp":"2026-07-28T12:37:01.827Z"}
28/7/2026, 6:07:01 pm | {"api":"/api/cash-closing-dashboard","event":"CASH_CLOSING_DASHBOARD_DB_CONNECTED","timestamp":"2026-07-28T12:37:01.828Z"}
28/7/2026, 6:07:01 pm | {"api":"/api/cash-closing-dashboard","event":"CASH_CLOSING_DASHBOARD_QUERY_STARTED","filters":{"cluster":"","branch":"","fromDate":"","toDate":"","status":""},"timestamp":"2026-07-28T12:37:01.829Z"}
28/7/2026, 6:07:01 pm | {"api":"/api/cash-closing-dashboard","event":"CASH_CLOSING_DASHBOARD_DATA_FETCHED","totalRecords":56,"timestamp":"2026-07-28T12:37:01.835Z"}
28/7/2026, 6:07:01 pm | {"api":"/api/cash-closing-dashboard","event":"CASH_CLOSING_CLUSTER_FETCHED","totalClusters":4,"timestamp":"2026-07-28T12:37:01.838Z"}
28/7/2026, 6:07:01 pm | {"api":"/api/cash-closing-dashboard","event":"CASH_CLOSING_BRANCH_FETCHED","totalBranches":56,"timestamp":"2026-07-28T12:37:01.841Z"}
28/7/2026, 6:07:01 pm | {"api":"/api/cash-closing-dashboard","event":"CASH_CLOSING_DASHBOARD_SUCCESS","totalRecords":56,"filters":{"cluster":"","branch":"","fromDate":"","toDate":"","status":""},"timestamp":"2026-07-28T12:37:01.842Z"}
28/7/2026, 6:07:01 pm | {"api":"/api/cash-closing-dashboard","event":"CASH_CLOSING_DASHBOARD_API_STARTED","filters":{"cluster":"","branch":"","fromDate":"","toDate":"","status":""},"timestamp":"2026-07-28T12:37:01.963Z"}
28/7/2026, 6:07:01 pm | {"api":"/api/cash-closing-dashboard","event":"CASH_CLOSING_DASHBOARD_DB_CONNECTED","timestamp":"2026-07-28T12:37:01.964Z"}
28/7/2026, 6:07:01 pm | {"api":"/api/cash-closing-dashboard","event":"CASH_CLOSING_DASHBOARD_QUERY_STARTED","filters":{"cluster":"","branch":"","fromDate":"","toDate":"","status":""},"timestamp":"2026-07-28T12:37:01.965Z"}
28/7/2026, 6:07:01 pm | {"api":"/api/cash-closing-dashboard","event":"CASH_CLOSING_DASHBOARD_DATA_FETCHED","totalRecords":56,"timestamp":"2026-07-28T12:37:01.971Z"}
28/7/2026, 6:07:01 pm | {"api":"/api/cash-closing-dashboard","event":"CASH_CLOSING_CLUSTER_FETCHED","totalClusters":4,"timestamp":"2026-07-28T12:37:01.974Z"}
28/7/2026, 6:07:01 pm | {"api":"/api/cash-closing-dashboard","event":"CASH_CLOSING_BRANCH_FETCHED","totalBranches":56,"timestamp":"2026-07-28T12:37:01.978Z"}
28/7/2026, 6:07:01 pm | {"api":"/api/cash-closing-dashboard","event":"CASH_CLOSING_DASHBOARD_SUCCESS","totalRecords":56,"filters":{"cluster":"","branch":"","fromDate":"","toDate":"","status":""},"timestamp":"2026-07-28T12:37:01.978Z"}
28/7/2026, 6:07:02 pm | {"api":"/api/cash-closing-dashboard","event":"CASH_CLOSING_DASHBOARD_API_STARTED","filters":{"cluster":"","branch":"","fromDate":"","toDate":"","status":""},"timestamp":"2026-07-28T12:37:02.123Z"}
28/7/2026, 6:07:02 pm | {"api":"/api/cash-closing-dashboard","event":"CASH_CLOSING_DASHBOARD_DB_CONNECTED","timestamp":"2026-07-28T12:37:02.124Z"}
28/7/2026, 6:07:02 pm | {"api":"/api/cash-closing-dashboard","event":"CASH_CLOSING_DASHBOARD_QUERY_STARTED","filters":{"cluster":"","branch":"","fromDate":"","toDate":"","status":""},"timestamp":"2026-07-28T12:37:02.125Z"}
28/7/2026, 6:07:02 pm | {"api":"/api/cash-closing-dashboard","event":"CASH_CLOSING_DASHBOARD_DATA_FETCHED","totalRecords":56,"timestamp":"2026-07-28T12:37:02.131Z"}
28/7/2026, 6:07:02 pm | {"api":"/api/cash-closing-dashboard","event":"CASH_CLOSING_CLUSTER_FETCHED","totalClusters":4,"timestamp":"2026-07-28T12:37:02.135Z"}
28/7/2026, 6:07:02 pm | {"api":"/api/cash-closing-dashboard","event":"CASH_CLOSING_BRANCH_FETCHED","totalBranches":56,"timestamp":"2026-07-28T12:37:02.138Z"}
28/7/2026, 6:07:02 pm | {"api":"/api/cash-closing-dashboard","event":"CASH_CLOSING_DASHBOARD_SUCCESS","totalRecords":56,"filters":{"cluster":"","branch":"","fromDate":"","toDate":"","status":""},"timestamp":"2026-07-28T12:37:02.138Z"}
28/7/2026, 6:07:02 pm | {"api":"/api/cash-closing-dashboard","event":"CASH_CLOSING_DASHBOARD_API_STARTED","filters":{"cluster":"","branch":"","fromDate":"","toDate":"","status":""},"timestamp":"2026-07-28T12:37:02.243Z"}
28/7/2026, 6:07:02 pm | {"api":"/api/cash-closing-dashboard","event":"CASH_CLOSING_DASHBOARD_DB_CONNECTED","timestamp":"2026-07-28T12:37:02.244Z"}
28/7/2026, 6:07:02 pm | {"api":"/api/cash-closing-dashboard","event":"CASH_CLOSING_DASHBOARD_QUERY_STARTED","filters":{"cluster":"","branch":"","fromDate":"","toDate":"","status":""},"timestamp":"2026-07-28T12:37:02.244Z"}
28/7/2026, 6:07:02 pm | {"api":"/api/cash-closing-dashboard","event":"CASH_CLOSING_DASHBOARD_DATA_FETCHED","totalRecords":56,"timestamp":"2026-07-28T12:37:02.250Z"}
28/7/2026, 6:07:02 pm | {"api":"/api/cash-closing-dashboard","event":"CASH_CLOSING_CLUSTER_FETCHED","totalClusters":4,"timestamp":"2026-07-28T12:37:02.253Z"}
28/7/2026, 6:07:02 pm | {"api":"/api/cash-closing-dashboard","event":"CASH_CLOSING_BRANCH_FETCHED","totalBranches":56,"timestamp":"2026-07-28T12:37:02.257Z"}
28/7/2026, 6:07:02 pm | {"api":"/api/cash-closing-dashboard","event":"CASH_CLOSING_DASHBOARD_SUCCESS","totalRecords":56,"filters":{"cluster":"","branch":"","fromDate":"","toDate":"","status":""},"timestamp":"2026-07-28T12:37:02.258Z"}
28/7/2026, 6:07:05 pm | {"api":"/api/cash-closing-dashboard","event":"CASH_CLOSING_DASHBOARD_API_STARTED","filters":{"cluster":"","branch":"","fromDate":"","toDate":"","status":""},"timestamp":"2026-07-28T12:37:05.445Z"}
28/7/2026, 6:07:05 pm | {"api":"/api/cash-closing-dashboard","event":"CASH_CLOSING_DASHBOARD_DB_CONNECTED","timestamp":"2026-07-28T12:37:05.446Z"}
28/7/2026, 6:07:05 pm | {"api":"/api/cash-closing-dashboard","event":"CASH_CLOSING_DASHBOARD_QUERY_STARTED","filters":{"cluster":"","branch":"","fromDate":"","toDate":"","status":""},"timestamp":"2026-07-28T12:37:05.446Z"}
28/7/2026, 6:07:05 pm | {"api":"/api/cash-closing-dashboard","event":"CASH_CLOSING_DASHBOARD_DATA_FETCHED","totalRecords":56,"timestamp":"2026-07-28T12:37:05.454Z"}
28/7/2026, 6:07:05 pm | {"api":"/api/cash-closing-dashboard","event":"CASH_CLOSING_CLUSTER_FETCHED","totalClusters":4,"timestamp":"2026-07-28T12:37:05.461Z"}
28/7/2026, 6:07:05 pm | {"api":"/api/cash-closing-dashboard","event":"CASH_CLOSING_BRANCH_FETCHED","totalBranches":56,"timestamp":"2026-07-28T12:37:05.465Z"}
28/7/2026, 6:07:05 pm | {"api":"/api/cash-closing-dashboard","event":"CASH_CLOSING_DASHBOARD_SUCCESS","totalRecords":56,"filters":{"cluster":"","branch":"","fromDate":"","toDate":"","status":""},"timestamp":"2026-07-28T12:37:05.466Z"}
28/7/2026, 6:07:05 pm | {"api":"/api/cash-closing-dashboard","event":"CASH_CLOSING_DASHBOARD_API_STARTED","filters":{"cluster":"","branch":"","fromDate":"","toDate":"","status":""},"timestamp":"2026-07-28T12:37:05.537Z"}
28/7/2026, 6:07:05 pm | {"api":"/api/cash-closing-dashboard","event":"CASH_CLOSING_DASHBOARD_DB_CONNECTED","timestamp":"2026-07-28T12:37:05.538Z"}
28/7/2026, 6:07:05 pm | {"api":"/api/cash-closing-dashboard","event":"CASH_CLOSING_DASHBOARD_QUERY_STARTED","filters":{"cluster":"","branch":"","fromDate":"","toDate":"","status":""},"timestamp":"2026-07-28T12:37:05.539Z"}
28/7/2026, 6:07:05 pm | {"api":"/api/cash-closing-dashboard","event":"CASH_CLOSING_DASHBOARD_DATA_FETCHED","totalRecords":56,"timestamp":"2026-07-28T12:37:05.545Z"}
28/7/2026, 6:07:05 pm | {"api":"/api/cash-closing-dashboard","event":"CASH_CLOSING_CLUSTER_FETCHED","totalClusters":4,"timestamp":"2026-07-28T12:37:05.549Z"}
28/7/2026, 6:07:05 pm | {"api":"/api/cash-closing-dashboard","event":"CASH_CLOSING_BRANCH_FETCHED","totalBranches":56,"timestamp":"2026-07-28T12:37:05.552Z"}
28/7/2026, 6:07:05 pm | {"api":"/api/cash-closing-dashboard","event":"CASH_CLOSING_DASHBOARD_SUCCESS","totalRecords":56,"filters":{"cluster":"","branch":"","fromDate":"","toDate":"","status":""},"timestamp":"2026-07-28T12:37:05.553Z"}
28/7/2026, 6:07:05 pm | {"api":"/api/cash-closing-dashboard","event":"CASH_CLOSING_DASHBOARD_API_STARTED","filters":{"cluster":"","branch":"","fromDate":"","toDate":"","status":""},"timestamp":"2026-07-28T12:37:05.663Z"}
28/7/2026, 6:07:05 pm | {"api":"/api/cash-closing-dashboard","event":"CASH_CLOSING_DASHBOARD_DB_CONNECTED","timestamp":"2026-07-28T12:37:05.664Z"}
28/7/2026, 6:07:05 pm | {"api":"/api/cash-closing-dashboard","event":"CASH_CLOSING_DASHBOARD_QUERY_STARTED","filters":{"cluster":"","branch":"","fromDate":"","toDate":"","status":""},"timestamp":"2026-07-28T12:37:05.665Z"}
28/7/2026, 6:07:05 pm | {"api":"/api/cash-closing-dashboard","event":"CASH_CLOSING_DASHBOARD_DATA_FETCHED","totalRecords":56,"timestamp":"2026-07-28T12:37:05.672Z"}
28/7/2026, 6:07:05 pm | {"api":"/api/cash-closing-dashboard","event":"CASH_CLOSING_CLUSTER_FETCHED","totalClusters":4,"timestamp":"2026-07-28T12:37:05.675Z"}
28/7/2026, 6:07:05 pm | {"api":"/api/cash-closing-dashboard","event":"CASH_CLOSING_BRANCH_FETCHED","totalBranches":56,"timestamp":"2026-07-28T12:37:05.679Z"}
28/7/2026, 6:07:05 pm | {"api":"/api/cash-closing-dashboard","event":"CASH_CLOSING_DASHBOARD_SUCCESS","totalRecords":56,"filters":{"cluster":"","branch":"","fromDate":"","toDate":"","status":""},"timestamp":"2026-07-28T12:37:05.679Z"}
28/7/2026, 6:07:07 pm | {"api":"/api/cash-closing-dashboard","event":"CASH_CLOSING_DASHBOARD_API_STARTED","filters":{"cluster":"","branch":"","fromDate":"","toDate":"","status":""},"timestamp":"2026-07-28T12:37:07.151Z"}
28/7/2026, 6:07:07 pm | {"api":"/api/cash-closing-dashboard","event":"CASH_CLOSING_DASHBOARD_DB_CONNECTED","timestamp":"2026-07-28T12:37:07.152Z"}
28/7/2026, 6:07:07 pm | {"api":"/api/cash-closing-dashboard","event":"CASH_CLOSING_DASHBOARD_QUERY_STARTED","filters":{"cluster":"","branch":"","fromDate":"","toDate":"","status":""},"timestamp":"2026-07-28T12:37:07.153Z"}
28/7/2026, 6:07:07 pm | {"api":"/api/cash-closing-dashboard","event":"CASH_CLOSING_DASHBOARD_DATA_FETCHED","totalRecords":56,"timestamp":"2026-07-28T12:37:07.159Z"}
28/7/2026, 6:07:07 pm | {"api":"/api/cash-closing-dashboard","event":"CASH_CLOSING_CLUSTER_FETCHED","totalClusters":4,"timestamp":"2026-07-28T12:37:07.161Z"}
28/7/2026, 6:07:07 pm | {"api":"/api/cash-closing-dashboard","event":"CASH_CLOSING_BRANCH_FETCHED","totalBranches":56,"timestamp":"2026-07-28T12:37:07.165Z"}
28/7/2026, 6:07:07 pm | {"api":"/api/cash-closing-dashboard","event":"CASH_CLOSING_DASHBOARD_SUCCESS","totalRecords":56,"filters":{"cluster":"","branch":"","fromDate":"","toDate":"","status":""},"timestamp":"2026-07-28T12:37:07.165Z"}
28/7/2026, 6:07:07 pm | {"api":"/api/cash-closing-dashboard","event":"CASH_CLOSING_DASHBOARD_API_STARTED","filters":{"cluster":"","branch":"","fromDate":"","toDate":"","status":""},"timestamp":"2026-07-28T12:37:07.328Z"}
28/7/2026, 6:07:07 pm | {"api":"/api/cash-closing-dashboard","event":"CASH_CLOSING_DASHBOARD_DB_CONNECTED","timestamp":"2026-07-28T12:37:07.329Z"}
28/7/2026, 6:07:07 pm | {"api":"/api/cash-closing-dashboard","event":"CASH_CLOSING_DASHBOARD_QUERY_STARTED","filters":{"cluster":"","branch":"","fromDate":"","toDate":"","status":""},"timestamp":"2026-07-28T12:37:07.329Z"}
28/7/2026, 6:07:07 pm | {"api":"/api/cash-closing-dashboard","event":"CASH_CLOSING_DASHBOARD_DATA_FETCHED","totalRecords":56,"timestamp":"2026-07-28T12:37:07.336Z"}
28/7/2026, 6:07:07 pm | {"api":"/api/cash-closing-dashboard","event":"CASH_CLOSING_CLUSTER_FETCHED","totalClusters":4,"timestamp":"2026-07-28T12:37:07.339Z"}
28/7/2026, 6:07:07 pm | {"api":"/api/cash-closing-dashboard","event":"CASH_CLOSING_BRANCH_FETCHED","totalBranches":56,"timestamp":"2026-07-28T12:37:07.343Z"}
28/7/2026, 6:07:07 pm | {"api":"/api/cash-closing-dashboard","event":"CASH_CLOSING_DASHBOARD_SUCCESS","totalRecords":56,"filters":{"cluster":"","branch":"","fromDate":"","toDate":"","status":""},"timestamp":"2026-07-28T12:37:07.343Z"}
28/7/2026, 6:07:07 pm | {"api":"/api/cash-closing-dashboard","event":"CASH_CLOSING_DASHBOARD_API_STARTED","filters":{"cluster":"","branch":"","fromDate":"","toDate":"","status":""},"timestamp":"2026-07-28T12:37:07.736Z"}
28/7/2026, 6:07:07 pm | {"api":"/api/cash-closing-dashboard","event":"CASH_CLOSING_DASHBOARD_DB_CONNECTED","timestamp":"2026-07-28T12:37:07.737Z"}
28/7/2026, 6:07:07 pm | {"api":"/api/cash-closing-dashboard","event":"CASH_CLOSING_DASHBOARD_QUERY_STARTED","filters":{"cluster":"","branch":"","fromDate":"","toDate":"","status":""},"timestamp":"2026-07-28T12:37:07.737Z"}
28/7/2026, 6:07:07 pm | {"api":"/api/cash-closing-dashboard","event":"CASH_CLOSING_DASHBOARD_DATA_FETCHED","totalRecords":56,"timestamp":"2026-07-28T12:37:07.744Z"}
28/7/2026, 6:07:07 pm | {"api":"/api/cash-closing-dashboard","event":"CASH_CLOSING_CLUSTER_FETCHED","totalClusters":4,"timestamp":"2026-07-28T12:37:07.747Z"}
28/7/2026, 6:07:07 pm | {"api":"/api/cash-closing-dashboard","event":"CASH_CLOSING_BRANCH_FETCHED","totalBranches":56,"timestamp":"2026-07-28T12:37:07.750Z"}
28/7/2026, 6:07:07 pm | {"api":"/api/cash-closing-dashboard","event":"CASH_CLOSING_DASHBOARD_SUCCESS","totalRecords":56,"filters":{"cluster":"","branch":"","fromDate":"","toDate":"","status":""},"timestamp":"2026-07-28T12:37:07.751Z"}
28/7/2026, 6:07:07 pm | {"api":"/api/cash-closing-dashboard","event":"CASH_CLOSING_DASHBOARD_API_STARTED","filters":{"cluster":"","branch":"","fromDate":"","toDate":"","status":""},"timestamp":"2026-07-28T12:37:07.895Z"}
28/7/2026, 6:07:07 pm | {"api":"/api/cash-closing-dashboard","event":"CASH_CLOSING_DASHBOARD_DB_CONNECTED","timestamp":"2026-07-28T12:37:07.896Z"}
28/7/2026, 6:07:07 pm | {"api":"/api/cash-closing-dashboard","event":"CASH_CLOSING_DASHBOARD_QUERY_STARTED","filters":{"cluster":"","branch":"","fromDate":"","toDate":"","status":""},"timestamp":"2026-07-28T12:37:07.897Z"}
28/7/2026, 6:07:07 pm | {"api":"/api/cash-closing-dashboard","event":"CASH_CLOSING_DASHBOARD_DATA_FETCHED","totalRecords":56,"timestamp":"2026-07-28T12:37:07.904Z"}
28/7/2026, 6:07:07 pm | {"api":"/api/cash-closing-dashboard","event":"CASH_CLOSING_CLUSTER_FETCHED","totalClusters":4,"timestamp":"2026-07-28T12:37:07.907Z"}
28/7/2026, 6:07:07 pm | {"api":"/api/cash-closing-dashboard","event":"CASH_CLOSING_BRANCH_FETCHED","totalBranches":56,"timestamp":"2026-07-28T12:37:07.910Z"}
28/7/2026, 6:07:07 pm | {"api":"/api/cash-closing-dashboard","event":"CASH_CLOSING_DASHBOARD_SUCCESS","totalRecords":56,"filters":{"cluster":"","branch":"","fromDate":"","toDate":"","status":""},"timestamp":"2026-07-28T12:37:07.910Z"}
28/7/2026, 6:07:09 pm | {"api":"/api/cash-closing-dashboard","event":"CASH_CLOSING_DASHBOARD_API_STARTED","filters":{"cluster":"","branch":"","fromDate":"","toDate":"","status":""},"timestamp":"2026-07-28T12:37:09.523Z"}
28/7/2026, 6:07:09 pm | {"api":"/api/cash-closing-dashboard","event":"CASH_CLOSING_DASHBOARD_DB_CONNECTED","timestamp":"2026-07-28T12:37:09.524Z"}
28/7/2026, 6:07:09 pm | {"api":"/api/cash-closing-dashboard","event":"CASH_CLOSING_DASHBOARD_QUERY_STARTED","filters":{"cluster":"","branch":"","fromDate":"","toDate":"","status":""},"timestamp":"2026-07-28T12:37:09.525Z"}
28/7/2026, 6:07:09 pm | {"api":"/api/cash-closing-dashboard","event":"CASH_CLOSING_DASHBOARD_DATA_FETCHED","totalRecords":56,"timestamp":"2026-07-28T12:37:09.531Z"}
28/7/2026, 6:07:09 pm | {"api":"/api/cash-closing-dashboard","event":"CASH_CLOSING_CLUSTER_FETCHED","totalClusters":4,"timestamp":"2026-07-28T12:37:09.535Z"}
28/7/2026, 6:07:09 pm | {"api":"/api/cash-closing-dashboard","event":"CASH_CLOSING_BRANCH_FETCHED","totalBranches":56,"timestamp":"2026-07-28T12:37:09.538Z"}
28/7/2026, 6:07:09 pm | {"api":"/api/cash-closing-dashboard","event":"CASH_CLOSING_DASHBOARD_SUCCESS","totalRecords":56,"filters":{"cluster":"","branch":"","fromDate":"","toDate":"","status":""},"timestamp":"2026-07-28T12:37:09.539Z"}
28/7/2026, 6:07:09 pm | {"api":"/api/cash-closing-dashboard","event":"CASH_CLOSING_DASHBOARD_API_STARTED","filters":{"cluster":"","branch":"","fromDate":"","toDate":"","status":""},"timestamp":"2026-07-28T12:37:09.702Z"}
28/7/2026, 6:07:09 pm | {"api":"/api/cash-closing-dashboard","event":"CASH_CLOSING_DASHBOARD_DB_CONNECTED","timestamp":"2026-07-28T12:37:09.703Z"}
28/7/2026, 6:07:09 pm | {"api":"/api/cash-closing-dashboard","event":"CASH_CLOSING_DASHBOARD_QUERY_STARTED","filters":{"cluster":"","branch":"","fromDate":"","toDate":"","status":""},"timestamp":"2026-07-28T12:37:09.704Z"}
28/7/2026, 6:07:09 pm | {"api":"/api/cash-closing-dashboard","event":"CASH_CLOSING_DASHBOARD_DATA_FETCHED","totalRecords":56,"timestamp":"2026-07-28T12:37:09.711Z"}
28/7/2026, 6:07:09 pm | {"api":"/api/cash-closing-dashboard","event":"CASH_CLOSING_CLUSTER_FETCHED","totalClusters":4,"timestamp":"2026-07-28T12:37:09.714Z"}
28/7/2026, 6:07:09 pm | {"api":"/api/cash-closing-dashboard","event":"CASH_CLOSING_BRANCH_FETCHED","totalBranches":56,"timestamp":"2026-07-28T12:37:09.717Z"}
28/7/2026, 6:07:09 pm | {"api":"/api/cash-closing-dashboard","event":"CASH_CLOSING_DASHBOARD_SUCCESS","totalRecords":56,"filters":{"cluster":"","branch":"","fromDate":"","toDate":"","status":""},"timestamp":"2026-07-28T12:37:09.718Z"}
28/7/2026, 6:07:10 pm | {"api":"/api/cash-closing-dashboard","event":"CASH_CLOSING_DASHBOARD_API_STARTED","filters":{"cluster":"","branch":"","fromDate":"","toDate":"","status":""},"timestamp":"2026-07-28T12:37:10.190Z"}
28/7/2026, 6:07:10 pm | {"api":"/api/cash-closing-dashboard","event":"CASH_CLOSING_DASHBOARD_DB_CONNECTED","timestamp":"2026-07-28T12:37:10.191Z"}
28/7/2026, 6:07:10 pm | {"api":"/api/cash-closing-dashboard","event":"CASH_CLOSING_DASHBOARD_QUERY_STARTED","filters":{"cluster":"","branch":"","fromDate":"","toDate":"","status":""},"timestamp":"2026-07-28T12:37:10.192Z"}
28/7/2026, 6:07:10 pm | {"api":"/api/cash-closing-dashboard","event":"CASH_CLOSING_DASHBOARD_DATA_FETCHED","totalRecords":56,"timestamp":"2026-07-28T12:37:10.199Z"}
28/7/2026, 6:07:10 pm | {"api":"/api/cash-closing-dashboard","event":"CASH_CLOSING_CLUSTER_FETCHED","totalClusters":4,"timestamp":"2026-07-28T12:37:10.203Z"}
28/7/2026, 6:07:10 pm | {"api":"/api/cash-closing-dashboard","event":"CASH_CLOSING_BRANCH_FETCHED","totalBranches":56,"timestamp":"2026-07-28T12:37:10.206Z"}
28/7/2026, 6:07:10 pm | {"api":"/api/cash-closing-dashboard","event":"CASH_CLOSING_DASHBOARD_SUCCESS","totalRecords":56,"filters":{"cluster":"","branch":"","fromDate":"","toDate":"","status":""},"timestamp":"2026-07-28T12:37:10.207Z"}
28/7/2026, 6:07:10 pm | {"api":"/api/cash-closing-dashboard","event":"CASH_CLOSING_DASHBOARD_API_STARTED","filters":{"cluster":"","branch":"","fromDate":"","toDate":"","status":""},"timestamp":"2026-07-28T12:37:10.350Z"}
28/7/2026, 6:07:10 pm | {"api":"/api/cash-closing-dashboard","event":"CASH_CLOSING_DASHBOARD_DB_CONNECTED","timestamp":"2026-07-28T12:37:10.351Z"}
28/7/2026, 6:07:10 pm | {"api":"/api/cash-closing-dashboard","event":"CASH_CLOSING_DASHBOARD_QUERY_STARTED","filters":{"cluster":"","branch":"","fromDate":"","toDate":"","status":""},"timestamp":"2026-07-28T12:37:10.352Z"}
28/7/2026, 6:07:10 pm | {"api":"/api/cash-closing-dashboard","event":"CASH_CLOSING_DASHBOARD_DATA_FETCHED","totalRecords":56,"timestamp":"2026-07-28T12:37:10.361Z"}
28/7/2026, 6:07:10 pm | {"api":"/api/cash-closing-dashboard","event":"CASH_CLOSING_CLUSTER_FETCHED","totalClusters":4,"timestamp":"2026-07-28T12:37:10.364Z"}
28/7/2026, 6:07:10 pm | {"api":"/api/cash-closing-dashboard","event":"CASH_CLOSING_BRANCH_FETCHED","totalBranches":56,"timestamp":"2026-07-28T12:37:10.367Z"}
28/7/2026, 6:07:10 pm | {"api":"/api/cash-closing-dashboard","event":"CASH_CLOSING_DASHBOARD_SUCCESS","totalRecords":56,"filters":{"cluster":"","branch":"","fromDate":"","toDate":"","status":""},"timestamp":"2026-07-28T12:37:10.367Z"}
28/7/2026, 6:07:10 pm | {"api":"/api/cash-closing-dashboard","event":"CASH_CLOSING_DASHBOARD_API_STARTED","filters":{"cluster":"","branch":"","fromDate":"","toDate":"","status":""},"timestamp":"2026-07-28T12:37:10.478Z"}
28/7/2026, 6:07:10 pm | {"api":"/api/cash-closing-dashboard","event":"CASH_CLOSING_DASHBOARD_DB_CONNECTED","timestamp":"2026-07-28T12:37:10.479Z"}
28/7/2026, 6:07:10 pm | {"api":"/api/cash-closing-dashboard","event":"CASH_CLOSING_DASHBOARD_QUERY_STARTED","filters":{"cluster":"","branch":"","fromDate":"","toDate":"","status":""},"timestamp":"2026-07-28T12:37:10.480Z"}
28/7/2026, 6:07:10 pm | {"api":"/api/cash-closing-dashboard","event":"CASH_CLOSING_DASHBOARD_DATA_FETCHED","totalRecords":56,"timestamp":"2026-07-28T12:37:10.487Z"}
28/7/2026, 6:07:10 pm | {"api":"/api/cash-closing-dashboard","event":"CASH_CLOSING_CLUSTER_FETCHED","totalClusters":4,"timestamp":"2026-07-28T12:37:10.490Z"}
28/7/2026, 6:07:10 pm | {"api":"/api/cash-closing-dashboard","event":"CASH_CLOSING_BRANCH_FETCHED","totalBranches":56,"timestamp":"2026-07-28T12:37:10.493Z"}
28/7/2026, 6:07:10 pm | {"api":"/api/cash-closing-dashboard","event":"CASH_CLOSING_DASHBOARD_SUCCESS","totalRecords":56,"filters":{"cluster":"","branch":"","fromDate":"","toDate":"","status":""},"timestamp":"2026-07-28T12:37:10.494Z"}
28/7/2026, 6:07:16 pm | {"api":"/save-cash-closing","event":"SAVE_CASH_API_STARTED","empNo":"305","amount":"1556101","timestamp":"2026-07-28T12:37:16.355Z"}
28/7/2026, 6:07:16 pm | {"api":"/save-cash-closing","event":"PREVIOUS_DAY_RECORD_FOUND","empNo":"305","oldDate":"2026-07-27T00:00:00.000Z","amount":724151,"timestamp":"2026-07-28T12:37:16.362Z"}
28/7/2026, 6:07:16 pm | {"api":"/save-cash-closing","event":"PREVIOUS_DAY_MOVED_TO_HISTORY","empNo":"305","timestamp":"2026-07-28T12:37:16.369Z"}
28/7/2026, 6:07:16 pm | {"api":"/save-cash-closing","event":"PREVIOUS_DAY_DELETED","empNo":"305","timestamp":"2026-07-28T12:37:16.375Z"}
28/7/2026, 6:07:16 pm | {"api":"/save-cash-closing","event":"SAVE_CASH_NEW_ENTRY","empNo":"305","amount":"1556101","branch":"Gudivada","timestamp":"2026-07-28T12:37:16.378Z"}
28/7/2026, 6:07:16 pm | {"api":"/save-cash-closing","event":"SAVE_CASH_HISTORY_INSERTED","empNo":"305","actionType":"ADDED","version":1,"timestamp":"2026-07-28T12:37:16.390Z"}
28/7/2026, 6:07:16 pm | {"api":"/save-cash-closing","event":"SAVE_CASH_SUCCESS","type":"INSERT","empNo":"305","amount":"1556101","timestamp":"2026-07-28T12:37:16.390Z"}
28/7/2026, 6:07:19 pm | {"api":"/api/cash-closing-dashboard","event":"CASH_CLOSING_DASHBOARD_API_STARTED","filters":{"cluster":"","branch":"","fromDate":"","toDate":"","status":""},"timestamp":"2026-07-28T12:37:19.172Z"}
28/7/2026, 6:07:19 pm | {"api":"/api/cash-closing-dashboard","event":"CASH_CLOSING_DASHBOARD_DB_CONNECTED","timestamp":"2026-07-28T12:37:19.173Z"}
28/7/2026, 6:07:19 pm | {"api":"/api/cash-closing-dashboard","event":"CASH_CLOSING_DASHBOARD_QUERY_STARTED","filters":{"cluster":"","branch":"","fromDate":"","toDate":"","status":""},"timestamp":"2026-07-28T12:37:19.174Z"}
28/7/2026, 6:07:19 pm | {"api":"/api/cash-closing-dashboard","event":"CASH_CLOSING_DASHBOARD_DATA_FETCHED","totalRecords":56,"timestamp":"2026-07-28T12:37:19.180Z"}
28/7/2026, 6:07:19 pm | {"api":"/api/cash-closing-dashboard","event":"CASH_CLOSING_CLUSTER_FETCHED","totalClusters":4,"timestamp":"2026-07-28T12:37:19.184Z"}
28/7/2026, 6:07:19 pm | {"api":"/api/cash-closing-dashboard","event":"CASH_CLOSING_BRANCH_FETCHED","totalBranches":56,"timestamp":"2026-07-28T12:37:19.187Z"}
28/7/2026, 6:07:19 pm | {"api":"/api/cash-closing-dashboard","event":"CASH_CLOSING_DASHBOARD_SUCCESS","totalRecords":56,"filters":{"cluster":"","branch":"","fromDate":"","toDate":"","status":""},"timestamp":"2026-07-28T12:37:19.187Z"}
28/7/2026, 6:07:19 pm | {"api":"/api/cash-closing-dashboard","event":"CASH_CLOSING_DASHBOARD_API_STARTED","filters":{"cluster":"","branch":"","fromDate":"","toDate":"","status":""},"timestamp":"2026-07-28T12:37:19.251Z"}
28/7/2026, 6:07:19 pm | {"api":"/api/cash-closing-dashboard","event":"CASH_CLOSING_DASHBOARD_DB_CONNECTED","timestamp":"2026-07-28T12:37:19.252Z"}
28/7/2026, 6:07:19 pm | {"api":"/api/cash-closing-dashboard","event":"CASH_CLOSING_DASHBOARD_QUERY_STARTED","filters":{"cluster":"","branch":"","fromDate":"","toDate":"","status":""},"timestamp":"2026-07-28T12:37:19.252Z"}
28/7/2026, 6:07:19 pm | {"api":"/api/cash-closing-dashboard","event":"CASH_CLOSING_DASHBOARD_DATA_FETCHED","totalRecords":56,"timestamp":"2026-07-28T12:37:19.260Z"}
28/7/2026, 6:07:19 pm | {"api":"/api/cash-closing-dashboard","event":"CASH_CLOSING_CLUSTER_FETCHED","totalClusters":4,"timestamp":"2026-07-28T12:37:19.263Z"}
28/7/2026, 6:07:19 pm | {"api":"/api/cash-closing-dashboard","event":"CASH_CLOSING_BRANCH_FETCHED","totalBranches":56,"timestamp":"2026-07-28T12:37:19.267Z"}
28/7/2026, 6:07:19 pm | {"api":"/api/cash-closing-dashboard","event":"CASH_CLOSING_DASHBOARD_SUCCESS","totalRecords":56,"filters":{"cluster":"","branch":"","fromDate":"","toDate":"","status":""},"timestamp":"2026-07-28T12:37:19.268Z"}
28/7/2026, 6:07:19 pm | {"api":"/api/cash-closing-dashboard","event":"CASH_CLOSING_DASHBOARD_API_STARTED","filters":{"cluster":"","branch":"","fromDate":"","toDate":"","status":""},"timestamp":"2026-07-28T12:37:19.397Z"}
28/7/2026, 6:07:19 pm | {"api":"/api/cash-closing-dashboard","event":"CASH_CLOSING_DASHBOARD_DB_CONNECTED","timestamp":"2026-07-28T12:37:19.398Z"}
28/7/2026, 6:07:19 pm | {"api":"/api/cash-closing-dashboard","event":"CASH_CLOSING_DASHBOARD_QUERY_STARTED","filters":{"cluster":"","branch":"","fromDate":"","toDate":"","status":""},"timestamp":"2026-07-28T12:37:19.399Z"}
28/7/2026, 6:07:19 pm | {"api":"/api/cash-closing-dashboard","event":"CASH_CLOSING_DASHBOARD_DATA_FETCHED","totalRecords":56,"timestamp":"2026-07-28T12:37:19.407Z"}
28/7/2026, 6:07:19 pm | {"api":"/api/cash-closing-dashboard","event":"CASH_CLOSING_CLUSTER_FETCHED","totalClusters":4,"timestamp":"2026-07-28T12:37:19.410Z"}
28/7/2026, 6:07:19 pm | {"api":"/api/cash-closing-dashboard","event":"CASH_CLOSING_BRANCH_FETCHED","totalBranches":56,"timestamp":"2026-07-28T12:37:19.413Z"}
28/7/2026, 6:07:19 pm | {"api":"/api/cash-closing-dashboard","event":"CASH_CLOSING_DASHBOARD_SUCCESS","totalRecords":56,"filters":{"cluster":"","branch":"","fromDate":"","toDate":"","status":""},"timestamp":"2026-07-28T12:37:19.414Z"}
28/7/2026, 6:07:19 pm | {"api":"/api/cash-closing-dashboard","event":"CASH_CLOSING_DASHBOARD_API_STARTED","filters":{"cluster":"","branch":"","fromDate":"","toDate":"","status":""},"timestamp":"2026-07-28T12:37:19.550Z"}
28/7/2026, 6:07:19 pm | {"api":"/api/cash-closing-dashboard","event":"CASH_CLOSING_DASHBOARD_DB_CONNECTED","timestamp":"2026-07-28T12:37:19.551Z"}
28/7/2026, 6:07:19 pm | {"api":"/api/cash-closing-dashboard","event":"CASH_CLOSING_DASHBOARD_QUERY_STARTED","filters":{"cluster":"","branch":"","fromDate":"","toDate":"","status":""},"timestamp":"2026-07-28T12:37:19.551Z"}
28/7/2026, 6:07:19 pm | {"api":"/api/cash-closing-dashboard","event":"CASH_CLOSING_DASHBOARD_DATA_FETCHED","totalRecords":56,"timestamp":"2026-07-28T12:37:19.559Z"}
28/7/2026, 6:07:19 pm | {"api":"/api/cash-closing-dashboard","event":"CASH_CLOSING_CLUSTER_FETCHED","totalClusters":4,"timestamp":"2026-07-28T12:37:19.562Z"}
28/7/2026, 6:07:19 pm | {"api":"/api/cash-closing-dashboard","event":"CASH_CLOSING_BRANCH_FETCHED","totalBranches":56,"timestamp":"2026-07-28T12:37:19.565Z"}
28/7/2026, 6:07:19 pm | {"api":"/api/cash-closing-dashboard","event":"CASH_CLOSING_DASHBOARD_SUCCESS","totalRecords":56,"filters":{"cluster":"","branch":"","fromDate":"","toDate":"","status":""},"timestamp":"2026-07-28T12:37:19.566Z"}
28/7/2026, 6:07:19 pm | {"api":"/api/cash-closing-dashboard","event":"CASH_CLOSING_DASHBOARD_API_STARTED","filters":{"cluster":"","branch":"","fromDate":"","toDate":"","status":""},"timestamp":"2026-07-28T12:37:19.670Z"}
28/7/2026, 6:07:19 pm | {"api":"/api/cash-closing-dashboard","event":"CASH_CLOSING_DASHBOARD_DB_CONNECTED","timestamp":"2026-07-28T12:37:19.671Z"}
28/7/2026, 6:07:19 pm | {"api":"/api/cash-closing-dashboard","event":"CASH_CLOSING_DASHBOARD_QUERY_STARTED","filters":{"cluster":"","branch":"","fromDate":"","toDate":"","status":""},"timestamp":"2026-07-28T12:37:19.672Z"}
28/7/2026, 6:07:19 pm | {"api":"/api/cash-closing-dashboard","event":"CASH_CLOSING_DASHBOARD_DATA_FETCHED","totalRecords":56,"timestamp":"2026-07-28T12:37:19.680Z"}
28/7/2026, 6:07:19 pm | {"api":"/api/cash-closing-dashboard","event":"CASH_CLOSING_CLUSTER_FETCHED","totalClusters":4,"timestamp":"2026-07-28T12:37:19.684Z"}
28/7/2026, 6:07:19 pm | {"api":"/api/cash-closing-dashboard","event":"CASH_CLOSING_BRANCH_FETCHED","totalBranches":56,"timestamp":"2026-07-28T12:37:19.687Z"}
28/7/2026, 6:07:19 pm | {"api":"/api/cash-closing-dashboard","event":"CASH_CLOSING_DASHBOARD_SUCCESS","totalRecords":56,"filters":{"cluster":"","branch":"","fromDate":"","toDate":"","status":""},"timestamp":"2026-07-28T12:37:19.688Z"}
28/7/2026, 6:07:22 pm | {"api":"/api/cash-closing-dashboard","event":"CASH_CLOSING_DASHBOARD_API_STARTED","filters":{"cluster":"","branch":"","fromDate":"","toDate":"","status":""},"timestamp":"2026-07-28T12:37:22.871Z"}
28/7/2026, 6:07:22 pm | {"api":"/api/cash-closing-dashboard","event":"CASH_CLOSING_DASHBOARD_DB_CONNECTED","timestamp":"2026-07-28T12:37:22.872Z"}
28/7/2026, 6:07:22 pm | {"api":"/api/cash-closing-dashboard","event":"CASH_CLOSING_DASHBOARD_QUERY_STARTED","filters":{"cluster":"","branch":"","fromDate":"","toDate":"","status":""},"timestamp":"2026-07-28T12:37:22.873Z"}
28/7/2026, 6:07:22 pm | {"api":"/api/cash-closing-dashboard","event":"CASH_CLOSING_DASHBOARD_DATA_FETCHED","totalRecords":56,"timestamp":"2026-07-28T12:37:22.880Z"}
28/7/2026, 6:07:22 pm | {"api":"/api/cash-closing-dashboard","event":"CASH_CLOSING_CLUSTER_FETCHED","totalClusters":4,"timestamp":"2026-07-28T12:37:22.883Z"}
28/7/2026, 6:07:22 pm | {"api":"/api/cash-closing-dashboard","event":"CASH_CLOSING_BRANCH_FETCHED","totalBranches":56,"timestamp":"2026-07-28T12:37:22.894Z"}
28/7/2026, 6:07:22 pm | {"api":"/api/cash-closing-dashboard","event":"CASH_CLOSING_DASHBOARD_SUCCESS","totalRecords":56,"filters":{"cluster":"","branch":"","fromDate":"","toDate":"","status":""},"timestamp":"2026-07-28T12:37:22.895Z"}
28/7/2026, 6:07:23 pm | {"api":"/api/cash-closing-dashboard","event":"CASH_CLOSING_DASHBOARD_API_STARTED","filters":{"cluster":"","branch":"","fromDate":"","toDate":"","status":""},"timestamp":"2026-07-28T12:37:23.084Z"}
28/7/2026, 6:07:23 pm | {"api":"/api/cash-closing-dashboard","event":"CASH_CLOSING_DASHBOARD_DB_CONNECTED","timestamp":"2026-07-28T12:37:23.085Z"}
28/7/2026, 6:07:23 pm | {"api":"/api/cash-closing-dashboard","event":"CASH_CLOSING_DASHBOARD_QUERY_STARTED","filters":{"cluster":"","branch":"","fromDate":"","toDate":"","status":""},"timestamp":"2026-07-28T12:37:23.086Z"}
28/7/2026, 6:07:23 pm | {"api":"/api/cash-closing-dashboard","event":"CASH_CLOSING_DASHBOARD_DATA_FETCHED","totalRecords":56,"timestamp":"2026-07-28T12:37:23.091Z"}
28/7/2026, 6:07:23 pm | {"api":"/api/cash-closing-dashboard","event":"CASH_CLOSING_CLUSTER_FETCHED","totalClusters":4,"timestamp":"2026-07-28T12:37:23.096Z"}
28/7/2026, 6:07:23 pm | {"api":"/api/cash-closing-dashboard","event":"CASH_CLOSING_BRANCH_FETCHED","totalBranches":56,"timestamp":"2026-07-28T12:37:23.100Z"}
28/7/2026, 6:07:23 pm | {"api":"/api/cash-closing-dashboard","event":"CASH_CLOSING_DASHBOARD_SUCCESS","totalRecords":56,"filters":{"cluster":"","branch":"","fromDate":"","toDate":"","status":""},"timestamp":"2026-07-28T12:37:23.100Z"}
28/7/2026, 6:07:23 pm | {"api":"/api/cash-closing-dashboard","event":"CASH_CLOSING_DASHBOARD_API_STARTED","filters":{"cluster":"","branch":"","fromDate":"","toDate":"","status":""},"timestamp":"2026-07-28T12:37:23.191Z"}
28/7/2026, 6:07:23 pm | {"api":"/api/cash-closing-dashboard","event":"CASH_CLOSING_DASHBOARD_DB_CONNECTED","timestamp":"2026-07-28T12:37:23.192Z"}
28/7/2026, 6:07:23 pm | {"api":"/api/cash-closing-dashboard","event":"CASH_CLOSING_DASHBOARD_QUERY_STARTED","filters":{"cluster":"","branch":"","fromDate":"","toDate":"","status":""},"timestamp":"2026-07-28T12:37:23.193Z"}
28/7/2026, 6:07:23 pm | {"api":"/api/cash-closing-dashboard","event":"CASH_CLOSING_DASHBOARD_DATA_FETCHED","totalRecords":56,"timestamp":"2026-07-28T12:37:23.199Z"}
28/7/2026, 6:07:23 pm | {"api":"/api/cash-closing-dashboard","event":"CASH_CLOSING_CLUSTER_FETCHED","totalClusters":4,"timestamp":"2026-07-28T12:37:23.203Z"}
28/7/2026, 6:07:23 pm | {"api":"/api/cash-closing-dashboard","event":"CASH_CLOSING_BRANCH_FETCHED","totalBranches":56,"timestamp":"2026-07-28T12:37:23.207Z"}
28/7/2026, 6:07:23 pm | {"api":"/api/cash-closing-dashboard","event":"CASH_CLOSING_DASHBOARD_SUCCESS","totalRecords":56,"filters":{"cluster":"","branch":"","fromDate":"","toDate":"","status":""},"timestamp":"2026-07-28T12:37:23.208Z"}
28/7/2026, 6:07:23 pm | {"api":"/api/cash-closing-dashboard","event":"CASH_CLOSING_DASHBOARD_API_STARTED","filters":{"cluster":"","branch":"","fromDate":"","toDate":"","status":""},"timestamp":"2026-07-28T12:37:23.326Z"}
28/7/2026, 6:07:23 pm | {"api":"/api/cash-closing-dashboard","event":"CASH_CLOSING_DASHBOARD_DB_CONNECTED","timestamp":"2026-07-28T12:37:23.327Z"}
28/7/2026, 6:07:23 pm | {"api":"/api/cash-closing-dashboard","event":"CASH_CLOSING_DASHBOARD_QUERY_STARTED","filters":{"cluster":"","branch":"","fromDate":"","toDate":"","status":""},"timestamp":"2026-07-28T12:37:23.328Z"}
28/7/2026, 6:07:23 pm | {"api":"/api/cash-closing-dashboard","event":"CASH_CLOSING_DASHBOARD_DATA_FETCHED","totalRecords":56,"timestamp":"2026-07-28T12:37:23.335Z"}
28/7/2026, 6:07:23 pm | {"api":"/api/cash-closing-dashboard","event":"CASH_CLOSING_CLUSTER_FETCHED","totalClusters":4,"timestamp":"2026-07-28T12:37:23.339Z"}
28/7/2026, 6:07:23 pm | {"api":"/api/cash-closing-dashboard","event":"CASH_CLOSING_BRANCH_FETCHED","totalBranches":56,"timestamp":"2026-07-28T12:37:23.343Z"}
28/7/2026, 6:07:23 pm | {"api":"/api/cash-closing-dashboard","event":"CASH_CLOSING_DASHBOARD_SUCCESS","totalRecords":56,"filters":{"cluster":"","branch":"","fromDate":"","toDate":"","status":""},"timestamp":"2026-07-28T12:37:23.344Z"}
28/7/2026, 6:07:23 pm | {"api":"/api/cash-closing-dashboard-export","event":"CASH_CLOSING_EXPORT_STARTED","filters":{"cluster":"","branch":"","fromDate":"","toDate":"","status":""},"timestamp":"2026-07-28T12:37:23.370Z"}
28/7/2026, 6:07:23 pm | {"api":"/api/cash-closing-dashboard-export","event":"CASH_CLOSING_EXPORT_DB_CONNECTED","timestamp":"2026-07-28T12:37:23.371Z"}
28/7/2026, 6:07:23 pm | {"api":"/api/cash-closing-dashboard-export","event":"CASH_CLOSING_EXPORT_QUERY_STARTED","filters":{"cluster":"","branch":"","fromDate":"","toDate":"","status":""},"timestamp":"2026-07-28T12:37:23.371Z"}
28/7/2026, 6:07:23 pm | {"api":"/api/cash-closing-dashboard-export","event":"CASH_CLOSING_EXPORT_DATA_FETCHED","totalRecords":56,"timestamp":"2026-07-28T12:37:23.384Z"}
28/7/2026, 6:07:23 pm | {"api":"/api/cash-closing-dashboard-export","event":"CASH_CLOSING_EXPORT_WORKBOOK_CREATED","timestamp":"2026-07-28T12:37:23.385Z"}
28/7/2026, 6:07:23 pm | {"api":"/api/cash-closing-dashboard-export","event":"CASH_CLOSING_EXPORT_FILE_GENERATED","totalRecords":56,"totalAmount":75229430,"timestamp":"2026-07-28T12:37:23.388Z"}
28/7/2026, 6:07:23 pm | {"api":"/api/cash-closing-dashboard-export","event":"CASH_CLOSING_EXPORT_SUCCESS","timestamp":"2026-07-28T12:37:23.413Z"}
28/7/2026, 6:07:27 pm | {"api":"/api/cash-closing-dashboard","event":"CASH_CLOSING_DASHBOARD_API_STARTED","filters":{"cluster":"","branch":"","fromDate":"","toDate":"","status":""},"timestamp":"2026-07-28T12:37:27.024Z"}
28/7/2026, 6:07:27 pm | {"api":"/api/cash-closing-dashboard","event":"CASH_CLOSING_DASHBOARD_DB_CONNECTED","timestamp":"2026-07-28T12:37:27.025Z"}
28/7/2026, 6:07:27 pm | {"api":"/api/cash-closing-dashboard","event":"CASH_CLOSING_DASHBOARD_QUERY_STARTED","filters":{"cluster":"","branch":"","fromDate":"","toDate":"","status":""},"timestamp":"2026-07-28T12:37:27.026Z"}
28/7/2026, 6:07:27 pm | {"api":"/api/cash-closing-dashboard","event":"CASH_CLOSING_DASHBOARD_DATA_FETCHED","totalRecords":56,"timestamp":"2026-07-28T12:37:27.031Z"}
28/7/2026, 6:07:27 pm | {"api":"/api/cash-closing-dashboard","event":"CASH_CLOSING_CLUSTER_FETCHED","totalClusters":4,"timestamp":"2026-07-28T12:37:27.035Z"}
28/7/2026, 6:07:27 pm | {"api":"/api/cash-closing-dashboard","event":"CASH_CLOSING_BRANCH_FETCHED","totalBranches":56,"timestamp":"2026-07-28T12:37:27.038Z"}
28/7/2026, 6:07:27 pm | {"api":"/api/cash-closing-dashboard","event":"CASH_CLOSING_DASHBOARD_SUCCESS","totalRecords":56,"filters":{"cluster":"","branch":"","fromDate":"","toDate":"","status":""},"timestamp":"2026-07-28T12:37:27.039Z"}
28/7/2026, 6:07:27 pm | {"api":"/api/cash-closing-dashboard","event":"CASH_CLOSING_DASHBOARD_API_STARTED","filters":{"cluster":"","branch":"","fromDate":"","toDate":"","status":""},"timestamp":"2026-07-28T12:37:27.173Z"}
28/7/2026, 6:07:27 pm | {"api":"/api/cash-closing-dashboard","event":"CASH_CLOSING_DASHBOARD_DB_CONNECTED","timestamp":"2026-07-28T12:37:27.174Z"}
28/7/2026, 6:07:27 pm | {"api":"/api/cash-closing-dashboard","event":"CASH_CLOSING_DASHBOARD_QUERY_STARTED","filters":{"cluster":"","branch":"","fromDate":"","toDate":"","status":""},"timestamp":"2026-07-28T12:37:27.175Z"}
28/7/2026, 6:07:27 pm | {"api":"/api/cash-closing-dashboard","event":"CASH_CLOSING_DASHBOARD_DATA_FETCHED","totalRecords":56,"timestamp":"2026-07-28T12:37:27.182Z"}
28/7/2026, 6:07:27 pm | {"api":"/api/cash-closing-dashboard","event":"CASH_CLOSING_CLUSTER_FETCHED","totalClusters":4,"timestamp":"2026-07-28T12:37:27.186Z"}
28/7/2026, 6:07:27 pm | {"api":"/api/cash-closing-dashboard","event":"CASH_CLOSING_BRANCH_FETCHED","totalBranches":56,"timestamp":"2026-07-28T12:37:27.189Z"}
28/7/2026, 6:07:27 pm | {"api":"/api/cash-closing-dashboard","event":"CASH_CLOSING_DASHBOARD_SUCCESS","totalRecords":56,"filters":{"cluster":"","branch":"","fromDate":"","toDate":"","status":""},"timestamp":"2026-07-28T12:37:27.190Z"}
28/7/2026, 6:07:27 pm | {"api":"/api/cash-closing-dashboard","event":"CASH_CLOSING_DASHBOARD_API_STARTED","filters":{"cluster":"","branch":"","fromDate":"","toDate":"","status":""},"timestamp":"2026-07-28T12:37:27.317Z"}
28/7/2026, 6:07:27 pm | {"api":"/api/cash-closing-dashboard","event":"CASH_CLOSING_DASHBOARD_DB_CONNECTED","timestamp":"2026-07-28T12:37:27.319Z"}
28/7/2026, 6:07:27 pm | {"api":"/api/cash-closing-dashboard","event":"CASH_CLOSING_DASHBOARD_QUERY_STARTED","filters":{"cluster":"","branch":"","fromDate":"","toDate":"","status":""},"timestamp":"2026-07-28T12:37:27.319Z"}
28/7/2026, 6:07:27 pm | {"api":"/api/cash-closing-dashboard","event":"CASH_CLOSING_DASHBOARD_DATA_FETCHED","totalRecords":56,"timestamp":"2026-07-28T12:37:27.326Z"}
28/7/2026, 6:07:27 pm | {"api":"/api/cash-closing-dashboard","event":"CASH_CLOSING_CLUSTER_FETCHED","totalClusters":4,"timestamp":"2026-07-28T12:37:27.330Z"}
28/7/2026, 6:07:27 pm | {"api":"/api/cash-closing-dashboard","event":"CASH_CLOSING_BRANCH_FETCHED","totalBranches":56,"timestamp":"2026-07-28T12:37:27.333Z"}
28/7/2026, 6:07:27 pm | {"api":"/api/cash-closing-dashboard","event":"CASH_CLOSING_DASHBOARD_SUCCESS","totalRecords":56,"filters":{"cluster":"","branch":"","fromDate":"","toDate":"","status":""},"timestamp":"2026-07-28T12:37:27.334Z"}
28/7/2026, 6:08:54 pm | {"api":"/api/cash-closing-dashboard","event":"CASH_CLOSING_DASHBOARD_API_STARTED","filters":{"cluster":"","branch":"","fromDate":"","toDate":"","status":""},"timestamp":"2026-07-28T12:38:54.137Z"}
28/7/2026, 6:08:54 pm | {"api":"/api/cash-closing-dashboard","event":"CASH_CLOSING_DASHBOARD_DB_CONNECTED","timestamp":"2026-07-28T12:38:54.138Z"}
28/7/2026, 6:08:54 pm | {"api":"/api/cash-closing-dashboard","event":"CASH_CLOSING_DASHBOARD_QUERY_STARTED","filters":{"cluster":"","branch":"","fromDate":"","toDate":"","status":""},"timestamp":"2026-07-28T12:38:54.138Z"}
28/7/2026, 6:08:54 pm | {"api":"/api/cash-closing-dashboard","event":"CASH_CLOSING_DASHBOARD_DATA_FETCHED","totalRecords":56,"timestamp":"2026-07-28T12:38:54.153Z"}
28/7/2026, 6:08:54 pm | {"api":"/api/cash-closing-dashboard","event":"CASH_CLOSING_CLUSTER_FETCHED","totalClusters":4,"timestamp":"2026-07-28T12:38:54.156Z"}
28/7/2026, 6:08:54 pm | {"api":"/api/cash-closing-dashboard","event":"CASH_CLOSING_BRANCH_FETCHED","totalBranches":56,"timestamp":"2026-07-28T12:38:54.159Z"}
28/7/2026, 6:08:54 pm | {"api":"/api/cash-closing-dashboard","event":"CASH_CLOSING_DASHBOARD_SUCCESS","totalRecords":56,"filters":{"cluster":"","branch":"","fromDate":"","toDate":"","status":""},"timestamp":"2026-07-28T12:38:54.160Z"}
28/7/2026, 6:13:38 pm | {"api":"/api/cash-closing-dashboard","event":"CASH_CLOSING_DASHBOARD_API_STARTED","filters":{"cluster":"","branch":"","fromDate":"","toDate":"","status":""},"timestamp":"2026-07-28T12:43:38.690Z"}
28/7/2026, 6:13:38 pm | {"api":"/api/cash-closing-dashboard","event":"CASH_CLOSING_DASHBOARD_DB_CONNECTED","timestamp":"2026-07-28T12:43:38.691Z"}
28/7/2026, 6:13:38 pm | {"api":"/api/cash-closing-dashboard","event":"CASH_CLOSING_DASHBOARD_QUERY_STARTED","filters":{"cluster":"","branch":"","fromDate":"","toDate":"","status":""},"timestamp":"2026-07-28T12:43:38.692Z"}
28/7/2026, 6:13:38 pm | {"api":"/api/cash-closing-dashboard","event":"CASH_CLOSING_DASHBOARD_DATA_FETCHED","totalRecords":56,"timestamp":"2026-07-28T12:43:38.703Z"}
28/7/2026, 6:13:38 pm | {"api":"/api/cash-closing-dashboard","event":"CASH_CLOSING_CLUSTER_FETCHED","totalClusters":4,"timestamp":"2026-07-28T12:43:38.706Z"}
28/7/2026, 6:13:38 pm | {"api":"/api/cash-closing-dashboard","event":"CASH_CLOSING_BRANCH_FETCHED","totalBranches":56,"timestamp":"2026-07-28T12:43:38.710Z"}
28/7/2026, 6:13:38 pm | {"api":"/api/cash-closing-dashboard","event":"CASH_CLOSING_DASHBOARD_SUCCESS","totalRecords":56,"filters":{"cluster":"","branch":"","fromDate":"","toDate":"","status":""},"timestamp":"2026-07-28T12:43:38.710Z"}
28/7/2026, 7:13:01 pm | {"api":"/save-cash-closing","event":"SAVE_CASH_API_STARTED","empNo":"305","amount":"1556107","timestamp":"2026-07-28T13:43:01.934Z"}
28/7/2026, 7:13:01 pm | {"api":"/save-cash-closing","event":"SAVE_CASH_UPDATE_STARTED","empNo":"305","oldAmount":1556101,"newAmount":"1556107","currentVersion":1,"nextVersion":2,"timestamp":"2026-07-28T13:43:01.947Z"}
28/7/2026, 7:13:01 pm | {"api":"/save-cash-closing","event":"SAVE_CASH_HISTORY_UPDATED","empNo":"305","version":2,"timestamp":"2026-07-28T13:43:01.959Z"}
28/7/2026, 7:13:01 pm | {"api":"/save-cash-closing","event":"SAVE_CASH_SUCCESS","type":"UPDATE","empNo":"305","amount":"1556107","version":2,"timestamp":"2026-07-28T13:43:01.960Z"}
